"Time (s)","X (m/s^2)","Y (m/s^2)","Z (m/s^2)"
-6.982083341E-4,5.607339478E-1,6.998995514E0,7.211553497E0
9.314791666E-3,5.415737915E-1,7.056326294E0,7.172933807E0
1.932779167E-2,5.001100159E-1,7.118896179E0,6.991511078E0
2.934179167E-2,2.941383362E-1,7.134912872E0,6.922654266E0
3.935479167E-2,-1.047821045E-3,7.141648865E0,6.934479675E0
4.936779167E-2,-2.538720703E-1,7.253316650E0,6.637646942E0
5.938179167E-2,-2.920426941E-1,7.546556854E0,6.374943237E0
6.939479167E-2,-3.227288818E-1,7.698041840E0,6.053262177E0
7.940779167E-2,-2.433938599E-1,8.024063873E0,5.678291931E0
8.942179167E-2,-2.803669739E-1,8.142767029E0,5.328020325E0
9.943479167E-2,-8.637039185E-2,8.422086182E0,4.970563660E0
1.094477917E-1,8.833131409E-1,9.429491272E0,6.052364044E0
1.194617917E-1,1.436412964E0,9.309291229E0,6.910978546E0
1.294747917E-1,9.972262573E-1,9.163195038E0,6.099665680E0
1.394877917E-1,3.811074829E-1,9.638756104E0,6.660998383E0
1.495017917E-1,8.798703003E-1,9.654922485E0,7.386389923E0
1.595147917E-1,2.049537964E0,9.538614349E0,7.778724060E0
1.695277917E-1,1.824555817E0,9.692943420E0,8.259075165E0
1.795417917E-1,9.624984741E-1,9.111402740E0,7.817493439E0
1.895547917E-1,-3.112028503E-1,8.325686646E0,6.969656525E0
1.995677917E-1,-1.231938171E-1,7.822283478E0,5.906118164E0
2.095817917E-1,1.196012878E0,8.142467651E0,5.852529602E0
2.195947917E-1,4.670587463E0,9.215735779E0,5.435496826E0
2.296077917E-1,8.109835510E0,1.039049286E1,5.541326752E0
2.396217917E-1,8.660091248E0,1.029349457E1,5.715714111E0
2.496347917E-1,6.673272858E0,1.012404694E1,5.547014923E0
2.596477917E-1,5.197791138E0,9.445208588E0,5.021457825E0
2.696617917E-1,4.021387482E0,8.494984589E0,3.967499542E0
2.796747917E-1,3.537593536E0,7.993078308E0,2.885848846E0
2.896877917E-1,3.929628296E0,7.877069550E0,2.187700653E0
2.997017917E-1,4.453089752E0,7.871830444E0,1.350491638E0
3.097147917E-1,4.439468079E0,7.171436920E0,3.415896606E-1
3.197277917E-1,4.357588348E0,6.751709747E0,-4.821473694E-1
3.297417917E-1,4.466561737E0,6.954388275E0,-1.010548553E0
3.397547917E-1,4.697082367E0,7.400161285E0,-2.210303650E0
3.497677917E-1,5.684129791E0,8.154442749E0,-4.097728729E0
3.597817917E-1,7.124883728E0,8.367749176E0,-5.469326477E0
3.697947917E-1,6.934329987E0,7.783364410E0,-6.798113251E0
3.798077917E-1,5.753585358E0,6.669979706E0,-7.820636902E0
3.898217917E-1,5.354066162E0,5.482798462E0,-7.309300232E0
3.998347917E-1,4.389472046E0,4.811743927E0,-6.342760162E0
4.098477917E-1,3.765120392E0,4.132905579E0,-5.300477600E0
4.198617917E-1,3.680246887E0,3.089425507E0,-4.136348419E0
4.298747917E-1,4.374652863E0,1.933828583E0,-2.500849457E0
4.398877917E-1,5.471122742E0,1.463955688E0,-2.965333557E-1
4.499017917E-1,7.574099579E0,2.334844666E0,-1.398092651E-1
4.599147917E-1,9.454638977E0,2.713407440E0,9.214837646E-1
4.699287917E-1,1.083716400E1,2.697690125E0,1.399439850E0
4.799417917E-1,1.106753494E1,1.706301727E0,5.384303284E-1
4.899547917E-1,1.025712021E1,1.192570038E0,-3.077600098E-1
4.999687917E-1,9.298663330E0,9.892927551E-1,-6.240522766E-1
5.099817917E-1,8.413404236E0,9.834548950E-1,-1.600920868E0
5.199947917E-1,7.852969666E0,1.345402222E0,-2.731070709E0
5.300087917E-1,7.523654480E0,1.474284210E0,-3.386557617E0
5.400217917E-1,7.376660156E0,1.313518524E0,-3.772155762E0
5.500347917E-1,7.598349152E0,1.621727600E0,-3.531156921E0
5.600487917E-1,7.760312347E0,2.055226135E0,-2.964136047E0
5.700617917E-1,8.044571228E0,2.057471466E0,-2.695594482E0
5.800747917E-1,8.427474976E0,1.679208069E0,-3.304228821E0
5.900887917E-1,8.464597778E0,1.637145538E0,-4.615502014E0
6.001017917E-1,8.599317627E0,1.920955353E0,-5.402864685E0
6.101147917E-1,8.811426544E0,2.395917664E0,-5.451064453E0
6.201287917E-1,8.961264954E0,3.022215271E0,-4.980592804E0
6.301417917E-1,8.587941284E0,3.176993408E0,-4.250411224E0
6.401547917E-1,8.151149597E0,3.042123871E0,-4.175267487E0
6.501687917E-1,8.100105743E0,3.028651886E0,-4.633464661E0
6.601817917E-1,8.469986572E0,3.171454926E0,-5.250331879E0
6.701947917E-1,8.837472382E0,3.443589020E0,-5.773493958E0
6.802087917E-1,9.142088928E0,3.912264404E0,-6.089786224E0
6.902217917E-1,9.286688232E0,4.123475189E0,-6.021977234E0
7.002347917E-1,9.285939789E0,4.180805969E0,-6.147566071E0
7.102487917E-1,8.903934174E0,4.068539429E0,-6.865473175E0
7.202617917E-1,8.535400543E0,3.896846466E0,-7.773035889E0
7.302747917E-1,8.350984039E0,3.728147278E0,-8.469537506E0
7.402887917E-1,8.751850433E0,3.835923157E0,-8.871900787E0
7.503017917E-1,9.689350891E0,4.062701569E0,-8.737330627E0
7.603147917E-1,1.035247192E1,4.396806793E0,-8.211174774E0
7.703277500E-1,1.044827271E1,4.433031464E0,-7.717351685E0
7.803407500E-1,1.011341904E1,4.052522736E0,-7.402406616E0
7.903537500E-1,1.000085312E1,3.766467590E0,-7.502847748E0
8.003677500E-1,1.003737717E1,3.570974121E0,-7.793094177E0
8.103807500E-1,1.012255005E1,3.464844818E0,-8.374036102E0
8.203937500E-1,1.022523651E1,3.457210693E0,-9.209149475E0
8.304077500E-1,1.021236328E1,3.599714355E0,-9.688602448E0
8.404207500E-1,1.025382706E1,3.631598053E0,-1.005833359E1
8.504337500E-1,1.036369858E1,3.429368591E0,-9.984686737E0
8.604477500E-1,1.047222290E1,3.403322754E0,-9.995464325E0
8.704607500E-1,1.072055649E1,3.262016602E0,-1.025262955E1
8.804737500E-1,1.064182022E1,3.136128387E0,-1.022358994E1
8.904877500E-1,1.003662872E1,2.800526276E0,-1.013242950E1
9.005007500E-1,9.269923096E0,2.430645447E0,-9.884544983E0
9.105137500E-1,8.400680695E0,2.107317810E0,-9.095386047E0
9.205277500E-1,7.665709076E0,1.709445190E0,-8.307274933E0
9.305407500E-1,7.039112091E0,1.493743744E0,-7.897427216E0
9.405537500E-1,6.689888306E0,1.457519073E0,-7.794141998E0
9.505677500E-1,6.746919708E0,1.706750793E0,-8.198151855E0
9.605807500E-1,6.960974579E0,2.112556915E0,-8.387358398E0
9.705937500E-1,6.880442047E0,2.245181122E0,-8.447832642E0
9.806077500E-1,6.305787048E0,1.935624847E0,-8.227341156E0
9.906207500E-1,5.604794769E0,1.549727325E0,-7.750582581E0
1.000633750E0,4.846172333E0,1.290616150E0,-7.780969391E0
1.010647750E0,4.255500641E0,1.296454010E0,-7.992180176E0
1.020660750E0,3.873195648E0,1.365759888E0,-8.089028778E0
1.030673750E0,3.498375092E0,1.389111328E0,-8.189469910E0
1.040687750E0,3.193309479E0,1.481618958E0,-7.817343750E0
1.050700750E0,2.860401764E0,1.472637634E0,-7.004533997E0
1.060714750E0,2.292632446E0,1.418899384E0,-6.133345642E0
1.070727750E0,1.796114960E0,1.397643585E0,-5.498815155E0
1.080740750E0,1.251098328E0,1.504221954E0,-5.228627014E0
1.090754750E0,6.354286194E-1,1.614692230E0,-4.802912292E0
1.100767750E0,3.052153015E-1,1.766626282E0,-4.120631104E0
1.110780750E0,-7.185058594E-3,2.061662750E0,-3.559448090E0
1.120794750E0,-3.788621521E-1,2.307301941E0,-3.032244415E0
1.130807750E0,-4.824467468E-1,2.568658447E0,-2.489173737E0
1.140820750E0,-4.746629333E-1,2.991229706E0,-2.119891663E0
1.150834750E0,-4.059558105E-1,3.539389801E0,-1.746418304E0
1.160847750E0,-3.661386108E-1,4.065994720E0,-1.420545959E0
1.170860750E0,-5.734574890E-1,4.143084412E0,-9.556127930E-1
1.180874750E0,-6.418652344E-1,4.077071686E0,-3.394940186E-1
1.190887750E0,-4.668791199E-1,4.011508026E0,1.425036621E-1
1.200900750E0,2.294728088E-1,4.480333099E0,5.876779175E-1
1.210914750E0,1.178798676E0,5.172344055E0,6.397695923E-1
1.220927750E0,1.908830566E0,5.532046051E0,9.610015869E-2
1.230940750E0,2.729274445E0,5.857918396E0,-3.866459656E-1
1.240954750E0,4.020339661E0,6.323899384E0,-8.955876160E-1
1.250967750E0,5.180576935E0,6.838229828E0,-1.406924286E0
1.260980750E0,5.416935425E0,6.813231812E0,-2.032323761E0
1.270994750E0,5.623206482E0,6.559808807E0,-2.113604736E0
1.281007750E0,6.203849030E0,6.210135956E0,-1.974843292E0
1.291020750E0,6.878047028E0,5.851032715E0,-2.559677124E0
1.301034750E0,7.808512115E0,5.630690918E0,-4.306095428E0
1.311047750E0,8.898395691E0,5.755381622E0,-6.950047302E0
1.321060750E0,1.029559021E1,6.356381836E0,-9.602980499E0
1.331074750E0,1.160117523E1,7.180717621E0,-1.129790588E1
1.341087750E0,1.236653366E1,7.662415924E0,-1.232716553E1
1.351100750E0,1.244706619E1,7.644602966E0,-1.311168411E1
1.361114750E0,1.208871140E1,7.134912872E0,-1.341824661E1
1.371127750E0,1.158740387E1,6.504873047E0,-1.372121658E1
1.381140750E0,1.116079102E1,6.046526184E0,-1.388737106E1
1.391154750E0,1.089045319E1,5.776637421E0,-1.395143784E1
1.401167750E0,1.048644333E1,5.555996246E0,-1.370475082E1
1.411180750E0,1.001148102E1,5.207670593E0,-1.314012497E1
1.421194750E0,9.374405823E0,4.879253540E0,-1.262025604E1
1.431207750E0,8.869056702E0,4.697980499E0,-1.251068390E1
1.441220750E0,8.420738983E0,4.507127380E0,-1.237132370E1
1.451234750E0,7.898175659E0,4.186344452E0,-1.199575470E1
1.461247750E0,7.181466064E0,3.895349579E0,-1.128084137E1
1.471260750E0,6.103108521E0,3.446433105E0,-1.040920395E1
1.481274750E0,4.905898132E0,2.964136047E0,-9.659712524E0
1.491287750E0,3.736230469E0,2.664758606E0,-9.059760132E0
1.501300750E0,2.781366119E0,2.522105255E0,-8.290060730E0
1.511314750E0,2.122735748E0,2.405048676E0,-7.198380890E0
1.521327750E0,1.644929352E0,2.299967194E0,-6.172264709E0
1.531340750E0,1.388811951E0,2.477048950E0,-5.362748108E0
1.541354750E0,1.405876465E0,2.858904877E0,-4.552782440E0
1.551367750E0,1.344354401E0,3.029999084E0,-3.660937042E0
1.561380750E0,1.152902527E0,3.010689240E0,-2.719245300E0
1.571394750E0,6.828799438E-1,2.866389313E0,-1.708397369E0
1.581407750E0,3.384461975E-1,2.666554871E0,-6.018983459E-1
1.591420750E0,-2.275268555E-2,2.571502533E0,-1.493893433E-1
1.601434750E0,-2.396516418E-1,2.775677948E0,1.568737793E-1
1.611447750E0,7.319778442E-2,3.272794189E0,1.141825562E0
1.621460750E0,8.800199890E-1,4.101770325E0,2.297123108E0
1.631474750E0,2.182311859E0,5.171146545E0,3.314407654E0
1.641487750E0,3.179687805E0,5.900280304E0,3.871549072E0
1.651500750E0,4.017645264E0,6.287375336E0,4.225562897E0
1.661514750E0,4.659809875E0,6.547234955E0,4.580325165E0
1.671527750E0,5.199138336E0,6.607709198E0,4.793930969E0
1.681540750E0,5.524112549E0,6.622229004E0,4.918022919E0
1.691554750E0,5.667813721E0,6.490951996E0,4.739144897E0
1.701567750E0,6.111341400E0,6.411018219E0,4.624483337E0
1.711580750E0,6.957980804E0,6.511159973E0,4.353247375E0
1.721594750E0,7.743696899E0,6.540498962E0,3.578757935E0
1.731607750E0,8.554560699E0,6.620732117E0,2.636916504E0
1.741621750E0,9.278754730E0,6.597680054E0,2.030826874E0
1.751634750E0,9.292975159E0,6.370901642E0,8.108638000E-1
1.761647750E0,9.062155151E0,5.891149292E0,-8.845106506E-1
1.771661750E0,8.922794952E0,5.583389282E0,-2.509980469E0
1.781674750E0,9.022188263E0,5.536237335E0,-4.457580414E0
1.791687750E0,9.117689667E0,5.254074097E0,-5.854026489E0
1.801701750E0,8.911568298E0,4.543801117E0,-6.504873047E0
1.811714750E0,8.475824432E0,3.750899963E0,-7.957153015E0
1.821727750E0,8.050259399E0,3.597469025E0,-1.069720505E1
1.831741750E0,8.112230530E0,4.260889435E0,-1.379067215E1
1.841754750E0,8.760382690E0,5.453908539E0,-1.624571686E1
1.851767750E0,9.362131348E0,6.539451141E0,-1.726479767E1
1.861781750E0,9.201215973E0,7.011269989E0,-1.725387039E1
1.871794750E0,8.475824432E0,6.699318695E0,-1.700987778E1
1.881807750E0,7.499853973E0,5.817801819E0,-1.655542282E1
1.891821750E0,6.786138153E0,5.109025726E0,-1.588766144E1
1.901834750E0,6.533912659E0,4.718188477E0,-1.524729309E1
1.911847750E0,6.620133362E0,4.634811859E0,-1.418809570E1
1.921861750E0,6.903643799E0,4.735103302E0,-1.232536926E1
1.931874750E0,7.240293732E0,4.792583771E0,-9.949509888E0
1.941887750E0,7.375163269E0,4.590204620E0,-7.891888733E0
1.951901750E0,7.254963226E0,4.209695892E0,-6.642436981E0
1.961914750E0,7.606432343E0,3.984713745E0,-6.322103119E0
1.971927750E0,8.171058197E0,4.011358337E0,-6.445147247E0
1.981941750E0,8.776998138E0,4.227508850E0,-6.563101959E0
1.991954750E0,9.542506256E0,4.670437775E0,-6.839577026E0
2.001967750E0,1.019320312E1,5.009632416E0,-6.975793762E0
2.011981750E0,1.004336472E1,4.586013336E0,-7.052883453E0
2.021994750E0,9.506131897E0,3.564687195E0,-6.854845276E0
2.032007750E0,9.642648010E0,3.624412994E0,-7.236551514E0
2.042021750E0,9.319919128E0,3.006198578E0,-7.384443970E0
2.052034750E0,8.700806580E0,2.204166412E0,-7.419770508E0
2.062047750E0,8.150999908E0,1.801952820E0,-7.654332733E0
2.072061750E0,7.472610626E0,1.439406738E0,-7.605534210E0
2.082074750E0,6.796466675E0,1.443598022E0,-6.872508545E0
2.092087750E0,5.574707336E0,1.317709808E0,-6.500981140E0
2.102101750E0,4.682113495E0,1.227746887E0,-6.639443207E0
2.112114750E0,3.763623505E0,1.421144714E0,-6.490652618E0
2.122127750E0,2.924468536E0,1.214274902E0,-6.291267242E0
2.132141750E0,1.980381775E0,6.206094360E-1,-6.683451691E0
2.142154750E0,1.331481171E0,6.242019653E-1,-7.529192963E0
2.152167750E0,9.142987061E-1,9.199868774E-1,-7.849526825E0
2.162181750E0,5.041516113E-1,1.110091553E0,-7.857610016E0
2.172194750E0,-1.802252197E-1,1.678908691E0,-7.341034241E0
2.182207750E0,-9.470805359E-1,2.306852875E0,-6.463109894E0
2.192221750E0,-1.295106812E0,3.439098358E0,-5.388494568E0
2.202234750E0,-1.495240631E0,4.362228699E0,-4.024680634E0
2.212247750E0,-1.923500061E0,4.791685638E0,-2.737657013E0
2.222261750E0,-2.676883392E0,4.832550659E0,-1.626367950E0
2.232274750E0,-3.675456848E0,4.811594238E0,-1.289718018E0
2.242287750E0,-4.286336517E0,5.109774170E0,-1.078656921E0
2.252301750E0,-3.305426331E0,6.180048523E0,-1.022074585E0
2.262314750E0,-1.557211761E0,7.279212799E0,-1.399290161E0
2.272327750E0,8.084687805E-1,8.418044586E0,-1.958676910E0
2.282341750E0,3.685785370E0,9.643097076E0,-2.737058258E0
2.292354750E0,6.173312531E0,9.939181366E0,-3.540287933E0
2.302367750E0,7.876171417E0,8.466543732E0,-4.154610443E0
2.312381750E0,8.918903046E0,5.905369720E0,-4.593348083E0
2.322394750E0,9.428892517E0,3.513044586E0,-5.116061096E0
2.332407750E0,1.025861710E1,2.472258911E0,-5.084626465E0
2.342421750E0,1.129730713E1,2.092049561E0,-5.789810028E0
2.352434750E0,1.309207489E1,2.467169495E0,-7.208410034E0
2.362448750E0,1.540192154E1,3.839365997E0,-8.430468750E0
2.372461750E0,1.791983551E1,5.219645691E0,-9.444160767E0
2.382474750E0,1.960218704E1,5.901926880E0,-1.023197250E1
2.392488750E0,2.026545776E1,6.226901093E0,-1.093775482E1
2.412514750E0,1.741553421E1,5.137017517E0,-1.208002945E1
2.422528750E0,1.570743622E1,4.572092285E0,-1.241817627E1
2.432541750E0,1.436412964E1,4.175716553E0,-1.263672180E1
2.442554750E0,1.342213852E1,3.972139893E0,-1.279853531E1
2.452568750E0,1.254017258E1,4.029171295E0,-1.261696289E1
2.462581750E0,1.187166275E1,3.938160553E0,-1.211101501E1
2.472594750E0,1.127425507E1,3.780538330E0,-1.117740646E1
2.482608750E0,1.075393707E1,3.758983154E0,-1.054212753E1
2.492621750E0,1.001761826E1,3.645668793E0,-1.034214340E1
2.502634750E0,8.896300049E0,3.365750885E0,-1.054781570E1
2.512648750E0,7.730374603E0,2.844385071E0,-1.086530548E1
2.522661750E0,6.641688538E0,2.306403809E0,-1.103654938E1
2.532674750E0,5.744753723E0,2.097887421E0,-1.186597458E1
2.542688750E0,5.316045227E0,2.301314392E0,-1.259421021E1
2.552701750E0,5.178481293E0,2.422711945E0,-1.243928238E1
2.562714750E0,4.573589172E0,1.851350098E0,-1.195698532E1
2.572728750E0,3.749552765E0,1.272204437E0,-1.099478622E1
2.582741750E0,3.449576569E0,1.118174744E0,-9.581874390E0
2.592754750E0,3.286715240E0,8.601113892E-1,-8.692573700E0
2.602768750E0,2.885100403E0,3.930825806E-1,-8.369395752E0
2.612781750E0,2.348017273E0,-1.856140137E-2,-8.338410187E0
2.622794750E0,1.762434998E0,-3.197351074E-1,-8.143665161E0
2.632808750E0,1.363813934E0,-2.568658447E-1,-8.458759918E0
2.642821750E0,1.025816803E0,5.014572144E-2,-9.058412933E0
2.652834750E0,9.319619751E-1,4.698728943E-1,-9.270821228E0
2.662848750E0,7.699987793E-1,8.659492493E-1,-9.432485046E0
2.672861750E0,3.953279114E-1,8.930429077E-1,-8.865015106E0
2.682874750E0,4.221221924E-2,7.758366394E-1,-7.731572113E0
2.692888750E0,-4.772076416E-1,7.565267944E-1,-6.552923126E0
2.702901750E0,-8.593629456E-1,8.098159790E-1,-4.796924744E0
2.712914750E0,-1.611698456E0,4.930746460E-1,-3.425326996E0
2.722928750E0,-2.639760590E0,1.360670471E-1,-3.150947571E0
2.732941750E0,-3.493585052E0,2.728825378E-1,-2.931952972E0
2.742954750E0,-3.944896545E0,5.355862427E-1,-2.275867310E0
2.752968750E0,-3.651356964E0,1.174906769E0,-1.379830627E0
2.762981750E0,-2.995420990E0,2.237996063E0,-3.394940186E-1
2.772995292E0,-2.362537079E0,3.287613373E0,3.109034729E-1
2.783009292E0,-1.836381226E0,4.068090363E0,6.170169067E-1
2.793022292E0,-1.407073975E0,4.397255859E0,8.776249695E-1
2.803035292E0,-9.982740784E-1,4.286037140E0,1.432970123E0
2.813049292E0,-5.809419250E-1,3.799249420E0,2.657723236E0
2.823062292E0,8.708889771E-1,3.999083862E0,3.883823547E0
2.833075292E0,3.399879913E0,5.091961212E0,4.677473145E0
2.843089292E0,5.780080261E0,6.156846771E0,3.601809998E0
2.853102292E0,7.903115387E0,7.232210541E0,1.575024719E0
2.863116292E0,9.166188812E0,7.405400391E0,-5.751040649E-1
2.873129292E0,9.561666412E0,6.412066040E0,-2.576591949E0
2.883142292E0,9.737550659E0,5.468278656E0,-4.330494690E0
2.893156292E0,9.537566528E0,4.828958130E0,-7.188651123E0
2.903169292E0,9.384434967E0,4.645739136E0,-1.119956039E1
2.913182292E0,9.377998352E0,5.044509888E0,-1.556657913E1
2.923196292E0,9.833201752E0,5.967939606E0,-1.859882355E1
2.933209292E0,1.028032196E1,7.008425903E0,-1.966071533E1
2.953236292E0,1.113160172E1,7.284002838E0,-1.799048859E1
2.963249292E0,1.004231689E1,6.759343872E0,-1.567375626E1
2.973262292E0,8.797355804E0,5.986051941E0,-1.418839508E1
2.983276292E0,7.316485291E0,5.263504486E0,-1.315374664E1
2.993289292E0,5.696553955E0,4.528682556E0,-1.270408173E1
3.003302292E0,4.480931854E0,4.004921722E0,-1.240425522E1
3.013316292E0,3.860023041E0,3.668720856E0,-1.104942261E1
3.023329292E0,3.714974670E0,3.384911041E0,-9.598190460E0
3.033342292E0,3.576961670E0,2.972817993E0,-9.308243408E0
3.043356292E0,3.451971588E0,2.864443359E0,-9.954299927E0
3.053369292E0,3.665278015E0,3.327580261E0,-1.058419006E1
3.063382292E0,4.425397339E0,4.374353485E0,-1.120764359E1
3.073396292E0,4.207899628E0,4.799020386E0,-1.186732178E1
3.083409292E0,2.981949005E0,4.180207214E0,-1.217942276E1
3.093422292E0,1.717977448E0,3.344944153E0,-1.241802658E1
3.103436292E0,9.255253601E-1,2.788551178E0,-1.208017914E1
3.113449292E0,6.084846497E-1,2.412084045E0,-1.104403381E1
3.123462292E0,6.138734436E-1,2.170187073E0,-9.805060272E0
3.133476292E0,8.674461365E-1,2.068099365E0,-8.430618439E0
3.143489292E0,1.165326691E0,2.105222168E0,-7.048093414E0
3.153502292E0,9.993218994E-1,2.196981354E0,-6.158044281E0
3.163516292E0,8.958869934E-1,2.517764282E0,-5.001549225E0
3.173529292E0,1.081051941E0,3.181184692E0,-3.263663177E0
3.183542292E0,1.203946381E0,3.695365448E0,-1.726060638E0
3.193556292E0,1.359023895E0,3.890559540E0,-2.957849121E-1
3.203569292E0,1.779349823E0,4.044439545E0,1.310524750E0
3.213582292E0,1.854194183E0,4.226610718E0,1.932481384E0
3.223596292E0,2.059267731E0,4.482428741E0,2.292183380E0
3.233609292E0,2.757864990E0,4.953798523E0,3.194506989E0
3.243622292E0,3.395089874E0,5.464386749E0,3.822750549E0
3.253636292E0,3.798800354E0,5.792803802E0,4.477788391E0
3.263649292E0,4.444856873E0,5.980363770E0,5.187013550E0
3.273662292E0,5.074896698E0,6.108197937E0,5.411396942E0
3.283676292E0,5.855523376E0,6.384373627E0,5.089416504E0
3.293689292E0,6.594536591E0,6.524631958E0,4.259242859E0
3.303702292E0,7.001839600E0,6.409221954E0,3.392545166E0
3.313716292E0,7.387437744E0,6.295308838E0,2.261347504E0
3.323729292E0,7.760312347E0,6.253845062E0,7.948471069E-1
3.333742292E0,7.800728302E0,6.481222229E0,-7.086264038E-1
3.343756292E0,7.700885925E0,6.719376984E0,-1.483115845E0
3.353769292E0,7.890541534E0,6.809639282E0,-2.029329987E0
3.363783292E0,8.190517731E0,6.695726166E0,-2.258503418E0
3.373796292E0,8.064479828E0,6.155499573E0,-1.932631073E0
3.383809292E0,7.905510406E0,5.204976196E0,-1.137035522E0
3.393823292E0,7.164551239E0,4.170477448E0,-3.608995056E-1
3.403836292E0,5.988746338E0,3.288511505E0,-1.899400177E0
3.413849292E0,5.248236237E0,3.254831543E0,-4.746180267E0
3.423863292E0,4.765340424E0,3.678899689E0,-8.384214935E0
3.433876292E0,4.219425659E0,3.854783936E0,-1.295840286E1
3.443889292E0,3.927682343E0,4.189936981E0,-1.765817963E1
3.453903292E0,4.477489014E0,4.927902374E0,-2.098531082E1
3.503969292E0,5.532495117E0,3.837719421E0,-1.891960648E1
3.513983292E0,5.094655609E0,2.985541534E0,-1.593616058E1
3.523996292E0,4.959636383E0,2.317331085E0,-1.436577621E1
3.534009292E0,4.986131287E0,1.939367065E0,-1.309342209E1
3.544023292E0,5.690566406E0,2.140848083E0,-1.232162704E1
3.554036292E0,6.425238647E0,2.717598724E0,-1.181163757E1
3.564049292E0,6.972949677E0,3.240910492E0,-1.127111160E1
3.574063292E0,7.093299408E0,3.350482635E0,-1.110705276E1
3.584076292E0,7.002588043E0,3.494183807E0,-1.098939743E1
3.594089292E0,7.075187073E0,3.427572327E0,-1.060454773E1
3.604103292E0,6.840624847E0,2.647843781E0,-1.023406815E1
3.614116292E0,6.028713226E0,1.560953979E0,-1.029169830E1
3.624129292E0,5.167404327E0,1.012494507E0,-1.029244675E1
3.634143292E0,4.772675171E0,5.809419250E-1,-9.810748444E0
3.644156292E0,4.690795441E0,3.538641357E-1,-8.913364563E0
3.654169292E0,4.537813568E0,3.694317627E-1,-8.141270142E0
3.664183292E0,3.918701019E0,2.264790344E-1,-8.075407104E0
3.674196292E0,3.370540924E0,1.781295776E-2,-7.633975067E0
3.684209292E0,2.474055176E0,1.023870850E-1,-7.029232635E0
3.694223292E0,1.745071106E0,4.933740234E-1,-6.598578186E0
3.704236292E0,1.313069458E0,1.171912994E0,-6.064339142E0
3.714249292E0,1.086141357E0,2.161355438E0,-6.268065491E0
3.724263292E0,8.722361755E-1,3.181933136E0,-7.122788086E0
3.734276292E0,8.553213501E-1,4.646337891E0,-7.662864990E0
3.744289292E0,8.349636841E-1,6.225703583E0,-7.822433167E0
3.754303292E0,6.981481934E-1,6.913373566E0,-7.526049500E0
3.764316292E0,8.732839966E-1,7.317982178E0,-6.103557587E0
3.774328875E0,8.906478882E-1,7.466922455E0,-4.174519043E0
3.784342875E0,7.442523193E-1,7.302564240E0,-2.541864166E0
3.794355875E0,1.066532135E0,7.244634705E0,-5.257067871E-1
3.804369875E0,1.970951385E0,7.477101288E0,1.566193085E0
3.814382875E0,2.983146515E0,7.575446777E0,2.847079468E0
3.824395875E0,4.812043304E0,8.077502747E0,3.071911926E0
3.834409875E0,7.245981903E0,8.823102264E0,2.428250427E0
3.844422875E0,7.600145416E0,8.030650177E0,4.155358887E-1
3.854435875E0,6.612648926E0,6.145171051E0,-2.329904938E0
3.864449875E0,5.749094696E0,4.287833405E0,-4.145030365E0
3.874462875E0,5.486840057E0,3.131338348E0,-5.293142853E0
3.884475875E0,5.721402283E0,2.579436035E0,-6.525230713E0
3.894489875E0,6.442602539E0,1.881587219E0,-7.636819153E0
3.904502875E0,8.014483795E0,1.627415771E0,-8.469687195E0
3.914515875E0,9.841883698E0,2.052382050E0,-9.351054382E0
3.924529875E0,1.119656662E1,2.939587097E0,-1.020757324E1
3.934542875E0,1.248613495E1,4.233047333E0,-1.113010483E1
3.944555875E0,1.302920563E1,5.015619965E0,-1.278431488E1
3.954569875E0,1.222283249E1,4.821024628E0,-1.475002716E1
3.964582875E0,1.089599167E1,4.106710052E0,-1.649614609E1
3.974595875E0,9.409133606E0,3.243604889E0,-1.706421478E1
3.984609875E0,8.210126953E0,2.305805054E0,-1.682980225E1
3.994622875E0,7.252867584E0,1.792522430E0,-1.622715546E1
4.004635875E0,6.631958771E0,1.368903351E0,-1.562989746E1
4.014649875E0,6.808292084E0,1.188678131E0,-1.469509140E1
4.024662875E0,7.485184479E0,1.527872772E0,-1.323876984E1
4.034675875E0,8.339907074E0,2.071841583E0,-1.220337296E1
4.044689875E0,9.005123749E0,2.628234558E0,-1.152034332E1
4.054702875E0,8.576115875E0,2.673141174E0,-1.145537842E1
4.064715875E0,7.237150269E0,2.199526062E0,-1.198662369E1
4.074729875E0,5.917644196E0,1.732347565E0,-1.217418365E1
4.084742875E0,4.886887665E0,1.307680664E0,-1.241069183E1
4.094755875E0,3.810775452E0,4.661306763E-1,-1.244856308E1
4.104769875E0,2.720891876E0,-4.095483398E-1,-1.203272781E1
4.114782875E0,2.233206024E0,-6.619235229E-1,-1.113878677E1
4.124795875E0,2.260149994E0,-5.569917297E-1,-1.023077499E1
4.134809875E0,2.753074951E0,-7.828720093E-2,-9.457932129E0
4.144822875E0,3.124901733E0,4.219725037E-1,-9.245074768E0
4.154835875E0,3.134182434E0,4.813989258E-1,-9.738299103E0
4.164849875E0,2.513722687E0,1.495390320E-1,-1.049722092E1
4.174862875E0,1.419947205E0,-3.604504395E-1,-1.106753494E1
4.184875875E0,1.341210938E-1,-7.144642639E-1,-1.131931137E1
4.194889875E0,-8.231382751E-1,-1.028062134E0,-1.120734421E1
4.204902875E0,-1.373693390E0,-1.113384705E0,-1.060544586E1
4.214915875E0,-1.758393402E0,-1.102158051E0,-1.006596771E1
4.224929875E0,-1.635498962E0,-8.634045410E-1,-9.376950531E0
4.234942875E0,-1.091979218E0,-3.980223083E-1,-8.296647034E0
4.244956875E0,-1.024020538E0,-1.803749084E-1,-7.880362701E0
4.254969875E0,-1.399140472E0,-3.597019958E-1,-7.704179077E0
4.264982875E0,-1.816322937E0,-5.201683044E-1,-7.126530304E0
4.274996875E0,-2.196681976E0,-5.119354248E-1,-6.510710907E0
4.285009875E0,-2.250270538E0,4.041595459E-3,-5.896837463E0
4.295022875E0,-1.794318695E0,9.969268799E-1,-5.770500183E0
4.305036875E0,-1.710193634E0,1.606908417E0,-5.717210999E0
4.315049875E0,-1.582808533E0,1.988015900E0,-4.972060547E0
4.325062875E0,-1.478475494E0,2.179467773E0,-3.760180664E0
4.335076875E0,-1.668879547E0,1.937121735E0,-3.073857880E0
4.345089875E0,-1.969753876E0,1.820364532E0,-2.165397034E0
4.355102875E0,-1.761536865E0,2.248025208E0,-1.190624084E0
4.365116875E0,-1.469194794E0,2.992876282E0,-9.901908875E-1
4.375129875E0,-1.121168518E0,3.833079071E0,-1.346150665E0
4.385142875E0,-1.005908203E-1,4.856800232E0,-1.532213745E0
4.395156875E0,9.677375793E-1,5.396278381E0,-1.755998383E0
4.405169875E0,1.528770905E0,5.331014099E0,-1.778152313E0
4.415182875E0,2.083068237E0,5.289700012E0,-1.530716858E0
4.425196875E0,3.237916718E0,5.925128632E0,-1.116827545E0
4.435209875E0,4.888384552E0,7.031777344E0,-1.036444702E0
4.445222875E0,5.643713837E0,7.461084595E0,-1.137334900E0
4.455236875E0,5.640270996E0,7.170389099E0,-1.008602600E0
4.465249875E0,5.729485474E0,6.500083008E0,-2.832110596E-1
4.475262875E0,5.639522552E0,5.695955200E0,-1.456471252E-1
4.485276875E0,5.480553131E0,4.907095642E0,-1.758393402E0
4.495289875E0,5.617518311E0,4.778513031E0,-3.795956268E0
4.505302875E0,5.878874817E0,5.103786621E0,-6.301745453E0
4.515316875E0,6.230194244E0,5.357209625E0,-8.912167053E0
4.525329875E0,6.582262115E0,5.457052002E0,-1.157902130E1
4.535342875E0,6.655310211E0,5.085674286E0,-1.443657898E1
4.545356875E0,6.180347900E0,4.139791260E0,-1.690943665E1
4.555369875E0,5.549260254E0,3.263363800E0,-1.872096954E1
4.565382875E0,4.966671753E0,2.747237091E0,-2.023896286E1
4.625462875E0,2.195334778E0,2.547103271E0,-1.826426926E1
4.635476875E0,1.747466125E0,2.444566498E0,-1.653162231E1
4.645489875E0,1.201401672E0,2.209704895E0,-1.476888794E1
4.655503875E0,6.134243774E-1,2.080673218E0,-1.311946793E1
4.665516875E0,-1.586700439E-2,2.090702362E0,-1.157677597E1
4.675529875E0,-5.134323120E-1,2.122136993E0,-1.016326538E1
4.685543875E0,-8.701405334E-1,2.154769135E0,-8.890462189E0
4.695556875E0,-1.416204987E0,2.071841583E0,-8.009993134E0
4.705569875E0,-1.491049347E0,2.061662750E0,-6.867718506E0
4.715583875E0,-1.055904236E0,2.195334778E0,-5.586083679E0
4.725596875E0,-6.689588928E-1,2.243534546E0,-4.495152283E0
4.735609875E0,-6.459068298E-1,2.241738281E0,-3.503913574E0
4.745623875E0,-4.221221924E-1,2.441872101E0,-2.282303925E0
4.755636875E0,4.176315308E-1,3.248694305E0,-1.099763031E0
4.765649875E0,1.572180634E0,4.124672699E0,-3.149450684E-1
4.775664542E0,2.011966095E0,4.209246826E0,3.631448364E-1
4.785677542E0,1.854194183E0,3.763473816E0,1.120869141E0
4.795690542E0,1.718276825E0,3.419040070E0,1.640738068E0
4.805704542E0,2.008523254E0,3.163371735E0,2.197580109E0
4.815717542E0,2.895728302E0,3.428320770E0,2.750230865E0
4.825730542E0,4.211192780E0,3.992796936E0,3.052901459E0
4.835744542E0,5.299579468E0,4.365372162E0,3.389701080E0
4.845757542E0,6.721472626E0,5.256169739E0,3.178789673E0
4.855770542E0,8.235873413E0,6.414910126E0,2.279459839E0
4.865784542E0,9.599238281E0,6.984625397E0,1.674717407E0
4.875797542E0,1.089688980E1,7.584727478E0,1.198407898E0
4.885810542E0,1.147109573E1,7.818840637E0,9.535171509E-2
4.895824542E0,1.203452408E1,7.860903168E0,-4.869374084E-1
4.905837542E0,1.211400879E1,7.539820862E0,-1.108444977E0
4.915850542E0,1.152947433E1,6.508615265E0,-2.229314117E0
4.925864542E0,1.031714539E1,5.100942535E0,-3.402723999E0
4.935877542E0,9.052425385E0,3.764821014E0,-5.068011017E0
4.945890542E0,7.770191803E0,2.883004761E0,-7.662116547E0
4.955904542E0,5.516927490E0,2.098486176E0,-1.287248154E1
4.965917542E0,2.613565063E0,1.648222504E0,-1.912842224E1
4.975930542E0,2.044747925E-1,1.854643250E0,-2.501612869E1
5.036010542E0,2.486030273E0,2.255509644E0,-1.593331650E1
5.046024542E0,2.433639221E0,1.303489380E0,-1.338202194E1
5.056037542E0,2.362387390E0,4.429289246E-1,-1.111528564E1
5.066050542E0,2.886447601E0,-4.246669006E-1,-8.890162811E0
5.076064542E0,4.397555237E0,-8.129594421E-1,-6.645580444E0
5.086077542E0,6.563700714E0,-1.343905334E0,-4.837789764E0
5.096090542E0,8.573720856E0,-1.838925934E0,-3.405568085E0
5.106104542E0,1.055994049E1,-1.434317322E0,-1.859433289E0
5.116117542E0,1.224244171E1,-4.320016479E-1,-5.161267090E-1
5.126131542E0,1.439301956E1,2.588117981E-1,7.289840698E-2
5.136144542E0,1.572465042E1,9.880952454E-1,3.212319946E-1
5.146157542E0,1.568752762E1,1.623523865E0,1.002914429E-2
5.156171542E0,1.481319580E1,1.932032318E0,1.339714050E-1
5.166184542E0,1.321242462E1,2.295177155E0,4.225712585E-1
5.176197542E0,1.087503525E1,2.420017548E0,-1.345701599E-1
5.186211542E0,8.207133179E0,2.266586609E0,-1.004860382E0
5.196224542E0,5.476062469E0,2.074236603E0,-1.491049347E0
5.206237542E0,4.015998688E0,1.590442657E0,-2.397564240E0
5.216251542E0,3.827390900E0,1.708696747E0,-2.484383698E0
5.226264542E0,3.724854126E0,2.285597076E0,-1.705104218E0
5.236277542E0,3.606450348E0,2.425556030E0,-1.388213196E0
5.246291542E0,3.401676178E0,2.162103882E0,-9.111552429E-1
5.256304542E0,2.460882568E0,1.522633667E0,-1.569935303E0
5.266317542E0,1.581461334E0,1.346749420E0,-4.038002930E0
5.276331542E0,6.472540283E-1,1.682052155E0,-6.600973206E0
5.286344542E0,-1.061742096E0,1.853146362E0,-1.012614258E1
5.296357542E0,-2.600991211E0,2.072889404E0,-1.261771133E1
5.306371542E0,-3.302282867E0,2.808010712E0,-1.259001892E1
5.316384542E0,-2.752176819E0,3.124901733E0,-1.032837204E1
5.326397542E0,-2.172731781E0,2.745889893E0,-8.417296143E0
5.336411542E0,-2.160906372E0,1.951940918E0,-8.316405945E0
5.346424542E0,-2.471061401E0,1.141077118E0,-8.524473267E0
5.356437542E0,-3.034639435E0,6.792874146E-1,-9.492959290E0
5.366451542E0,-3.683689728E0,6.265969849E-1,-1.053763687E1
5.376464542E0,-4.128714294E0,3.900888062E-1,-1.085108505E1
5.386477542E0,-3.798650665E0,-3.652404785E-2,-1.094014984E1
5.396491542E0,-2.915337524E0,-2.995271301E-1,-1.149998566E1
5.406504542E0,-4.653822327E-1,-4.760101318E-2,-1.162737076E1
5.416517542E0,2.136656799E0,-6.301895142E-2,-1.192989166E1
5.426531542E0,3.070864105E0,-8.505313110E-1,-1.298684372E1
5.436544542E0,2.917882233E0,-1.435514832E0,-1.335522766E1
5.446557542E0,2.697241058E0,-1.591939545E0,-1.338965607E1
5.456571542E0,2.814147949E0,-2.316582642E0,-1.410127625E1
5.466584542E0,3.666325836E0,-2.867886200E0,-1.457429260E1
5.476597542E0,5.876629486E0,-2.792742462E0,-1.458192673E1
5.486611542E0,8.418643341E0,-3.077001343E0,-1.474568619E1
5.496624542E0,1.017194733E1,-3.221900024E0,-1.551643341E1
5.506637542E0,1.086665268E1,-3.201542358E0,-1.754681122E1
5.516651542E0,1.044767395E1,-3.391347656E0,-1.962613724E1
5.526664542E0,9.676477661E0,-4.418661346E0,-2.120729919E1
5.586744542E0,1.538321045E1,-2.864443359E0,-1.819047272E1
5.596758542E0,1.404888519E1,-3.093616791E0,-1.662667465E1
5.606771542E0,1.195638657E1,-3.415746918E0,-1.567944443E1
5.616784542E0,9.591454468E0,-3.873195648E0,-1.523651550E1
5.626798542E0,7.369325409E0,-4.396806793E0,-1.494971191E1
5.636811542E0,5.362748108E0,-4.844525757E0,-1.481259705E1
5.646824542E0,3.783083038E0,-5.304968262E0,-1.458117828E1
5.656838542E0,2.988086243E0,-5.713618469E0,-1.400427795E1
5.666851542E0,2.717449036E0,-5.680836639E0,-1.308982956E1
5.676864542E0,2.811902618E0,-5.415588226E0,-1.232791397E1
5.686878542E0,3.084336090E0,-5.005890198E0,-1.188079376E1
5.696891542E0,3.177592163E0,-4.589306488E0,-1.141436371E1
5.706904542E0,2.742596741E0,-4.623285828E0,-1.086785019E1
5.716918542E0,1.949695587E0,-4.850213928E0,-9.833650818E0
5.726931542E0,1.059047699E0,-5.036875763E0,-8.744066620E0
5.736944542E0,2.378553772E-1,-5.123844910E0,-8.119565277E0
5.746958542E0,-4.128414917E-1,-5.076842651E0,-7.668403473E0
5.756971542E0,-1.222058716E0,-4.935237122E0,-7.893834686E0
5.766984542E0,-1.754950562E0,-4.686304779E0,-7.670199738E0
5.776998292E0,-2.212548981E0,-4.392465820E0,-7.375163269E0
5.787011292E0,-2.382295990E0,-4.171974335E0,-7.312892761E0
5.797024292E0,-2.375110931E0,-3.852388916E0,-6.632707214E0
5.807038292E0,-2.173180847E0,-3.389401703E0,-5.362448730E0
5.817051292E0,-1.844165039E0,-2.972368927E0,-3.801943817E0
5.827064292E0,-1.616638184E0,-2.418969727E0,-2.560126190E0
5.837078292E0,-1.189576263E0,-1.634301453E0,-1.522933044E0
5.847091292E0,-6.027964783E-1,-8.750802612E-1,-5.498066711E-1
5.857104292E0,-5.327421570E-1,-4.725672913E-1,-2.703378296E-1
5.867118292E0,-7.023394775E-1,-5.912704468E-2,-2.249821472E-1
5.877131292E0,-6.137237549E-1,6.692582703E-1,-1.841171265E-2
5.887144292E0,-3.698808289E-1,1.235530701E0,1.203497314E-1
5.897158292E0,-3.113525391E-1,1.722318420E0,3.161425781E-1
5.907171292E0,-4.695735168E-1,1.961221619E0,8.090675354E-1
5.917184292E0,-3.047662354E-1,2.142195282E0,1.664388885E0
5.927198292E0,4.111949158E-1,2.405647430E0,2.756817169E0
5.937211292E0,1.177900543E0,2.929557953E0,3.259322205E0
5.947224292E0,1.839973755E0,3.695215759E0,3.297343140E0
5.957238292E0,2.992726593E0,5.077441406E0,3.017574921E0
5.967251292E0,5.172493744E0,6.920708313E0,2.829416199E0
5.977264292E0,7.003186798E0,8.309220886E0,2.285297699E0
5.987278292E0,7.918084259E0,8.693022766E0,1.293460236E0
5.997291292E0,7.293433228E0,7.805967407E0,3.382965088E-2
6.007304292E0,5.510640564E0,5.913303223E0,-9.795629883E-1
6.017318292E0,3.739673309E0,3.989503784E0,-1.436712341E0
6.027331292E0,2.922672272E0,2.920426941E0,-2.325863342E0
6.037345292E0,3.309617615E0,3.086431732E0,-4.705315247E0
6.047358292E0,3.998934174E0,3.454216919E0,-8.529113617E0
6.057371292E0,5.070555725E0,3.701203308E0,-1.248089584E1
6.067385292E0,5.967939606E0,3.405268707E0,-1.656006317E1
6.077398292E0,6.512507172E0,2.626288605E0,-2.081631226E1
6.087411292E0,6.370302887E0,1.728904724E0,-2.416814209E1
6.167518292E0,4.942122803E0,1.930984497E-2,-1.804512497E1
6.177531292E0,3.772604828E0,7.783813477E-3,-1.619781647E1
6.187545292E0,2.735411682E0,-1.032852173E-1,-1.553604263E1
6.197558292E0,1.772913208E0,-3.390449524E-1,-1.512469803E1
6.207571292E0,1.119222565E0,-3.083587646E-1,-1.375923752E1
6.217585292E0,8.538244629E-1,-1.475930786E-1,-1.234093689E1
6.227598292E0,5.622308350E-1,2.544708252E-3,-1.063867676E1
6.237611292E0,2.412982178E-1,7.409591675E-2,-8.822952576E0
6.247625292E0,-1.149609375E-1,5.792953491E-2,-6.690337372E0
6.257638292E0,-5.674699402E-1,1.603166199E-1,-4.656666412E0
6.267651292E0,-8.755293274E-1,2.757266235E-1,-3.003953247E0
6.277665292E0,-1.091230774E0,5.343887329E-1,-1.657353516E0
6.287678292E0,-1.256038055E0,8.319699097E-1,-8.851094055E-1
6.297691292E0,-1.563498688E0,9.050180054E-1,-6.785389709E-1
6.307705292E0,-1.904788971E0,7.800279236E-1,-4.516108704E-1
6.317718292E0,-1.405577087E0,1.112785950E0,2.047741699E-1
6.327731292E0,-2.504292297E-1,1.775457916E0,1.061143341E0
6.337745292E0,8.181985474E-1,2.231559448E0,1.797162781E0
6.347758292E0,1.435514832E0,2.595602417E0,2.519410858E0
6.357771292E0,1.717977448E0,3.023113403E0,3.203188934E0
6.367785292E0,2.230960693E0,3.656147003E0,3.724405060E0
6.377798292E0,3.096161499E0,4.379742279E0,4.033811646E0
6.387811292E0,3.722908173E0,4.681664429E0,3.569926300E0
6.397825292E0,4.366270294E0,4.545447693E0,2.953208771E0
6.407838292E0,5.686674500E0,4.550088043E0,2.487676849E0
6.417851292E0,7.370822296E0,4.922214203E0,1.516047363E0
6.427865292E0,8.242759094E0,5.020260315E0,7.565267944E-1
6.437878292E0,8.720715179E0,5.124743042E0,3.484753418E-1
6.447891292E0,9.218280487E0,5.479205933E0,2.986289978E-1
6.457905292E0,9.939630432E0,5.941744080E0,-1.026864624E-1
6.467918292E0,1.073896820E1,6.040987701E0,-1.097966766E0
6.477931292E0,1.103056183E1,5.729485474E0,-2.387984161E0
6.487945292E0,1.108130630E1,4.903802490E0,-3.442391510E0
6.497958292E0,1.111229187E1,3.810326385E0,-3.562292175E0
6.507971292E0,1.064346680E1,2.643951874E0,-4.220174103E0
6.517985292E0,1.048524582E1,1.971400452E0,-5.186265106E0
6.527998292E0,1.084494781E1,1.883233795E0,-5.975124664E0
6.538011292E0,1.126332779E1,1.956431580E0,-6.426585846E0
6.548025292E0,1.150956573E1,2.062111816E0,-5.508844299E0
6.558038292E0,1.115210907E1,1.758692780E0,-4.188440094E0
6.568051292E0,9.619595947E0,7.017407227E-1,-5.464835815E0
6.578065292E0,7.438930664E0,-3.179388428E-1,-8.352780304E0
6.588078292E0,5.583838348E0,-8.165519714E-1,-1.103415436E1
6.598091292E0,3.890858917E0,-7.475454712E-1,-1.406280624E1
6.608105292E0,2.524200897E0,-6.982978821E-1,-1.667577255E1
6.618118292E0,1.965861969E0,-5.381309509E-1,-1.756896515E1
6.628131292E0,1.510059814E0,-8.750802612E-1,-1.835423218E1
6.638145292E0,1.067280579E0,-1.407073975E0,-2.022549088E1
6.708238292E0,4.640799408E0,-8.342152405E-1,-1.682126999E1
6.718251292E0,5.973478088E0,-7.321275330E-1,-1.378333740E1
6.728265292E0,7.339687042E0,-4.450245667E-1,-1.054676788E1
6.738278292E0,8.085885315E0,-6.077362061E-1,-7.751630402E0
6.748291292E0,6.800059204E0,-1.914219360E0,-7.155569916E0
6.758305292E0,5.433101807E0,-2.888992310E0,-9.269024963E0
6.768318292E0,5.126688995E0,-2.361189880E0,-1.062026505E1
6.778330667E0,4.910089417E0,-1.574725342E0,-1.135808075E1
6.788344667E0,4.780758362E0,-1.011147308E0,-1.221444992E1
6.798357667E0,4.606520691E0,-8.762777710E-1,-1.308967987E1
6.808370667E0,3.647315369E0,-1.700763245E0,-1.320434143E1
6.818384667E0,3.257525940E0,-2.157912598E0,-1.262025604E1
6.828397667E0,2.862048340E0,-2.027982788E0,-1.136526581E1
6.838410667E0,2.296674042E0,-2.232008514E0,-1.021086639E1
6.848424667E0,1.869612122E0,-2.403551788E0,-8.863218842E0
6.858437667E0,1.476978607E0,-2.475851440E0,-7.830516357E0
6.868451667E0,1.075812836E0,-2.465522919E0,-7.388784943E0
6.878464667E0,7.521858215E-1,-2.175575867E0,-7.280559998E0
6.888477667E0,5.092410278E-1,-1.983824615E0,-7.524702301E0
6.898491667E0,3.468287659E-1,-1.955982513E0,-7.504045258E0
6.908504667E0,8.936416626E-2,-2.060016174E0,-7.220534821E0
6.918517667E0,-9.295669556E-2,-1.887275391E0,-7.204967194E0
6.928531667E0,-2.148033142E-1,-1.738185425E0,-6.894812164E0
6.938544667E0,-3.935316467E-1,-1.428329773E0,-6.688092041E0
6.948557667E0,-2.561174011E-1,-1.115330658E0,-6.479575653E0
6.958571667E0,-1.799258423E-1,-7.731422424E-1,-5.776637421E0
6.968584667E0,-1.872605896E-1,-3.402424622E-1,-5.436993713E0
6.978597667E0,4.683760071E-1,3.811074829E-1,-6.000422058E0
6.988611667E0,1.213825836E0,1.407822418E0,-6.561156006E0
6.998624667E0,1.665436707E0,2.087409210E0,-6.692133636E0
7.008637667E0,2.230960693E0,2.521506500E0,-6.454577637E0
7.018651667E0,2.976410522E0,3.484304352E0,-6.496939545E0
7.028664667E0,3.754043427E0,4.248614960E0,-6.528523865E0
7.038677667E0,4.407883759E0,4.602778473E0,-6.439159698E0
7.048691667E0,4.828808441E0,4.066743164E0,-5.874384155E0
7.058704667E0,5.325325928E0,3.043620758E0,-5.111121368E0
7.068717667E0,6.035000153E0,2.255210266E0,-5.031187592E0
7.078731667E0,6.642586670E0,1.454974365E0,-5.766009521E0
7.088744667E0,7.045997772E0,1.026415558E0,-6.642436981E0
7.098757667E0,7.950417023E0,1.163231049E0,-7.040459290E0
7.108771667E0,8.987310791E0,1.149908752E0,-7.320377197E0
7.118784667E0,1.008318192E1,9.026229858E-2,-7.289391632E0
7.128797667E0,1.123039627E1,-7.566764832E-1,-7.776478729E0
7.138811667E0,1.236114487E1,-1.098116455E0,-9.052575073E0
7.148824667E0,1.335657486E1,-1.273252258E0,-1.034274216E1
7.158837667E0,1.432012115E1,-9.198371887E-1,-1.183543808E1
7.168851667E0,1.478101273E1,-1.489402771E-1,-1.306782532E1
7.178864667E0,1.444900314E1,-3.141966248E-1,-1.452115311E1
7.188877667E0,1.327110260E1,-1.154848480E0,-1.617715942E1
7.198891667E0,1.196656540E1,-2.156116333E0,-1.736119720E1
7.208904667E0,1.071756271E1,-3.567381592E0,-1.778616348E1
7.218917667E0,9.784702606E0,-4.270768890E0,-1.767015472E1
7.228931667E0,9.286987610E0,-4.332141266E0,-1.692724960E1
7.238944667E0,9.252110138E0,-3.924838257E0,-1.594214813E1
7.248957667E0,9.124275970E0,-3.364703064E0,-1.558154800E1
7.258971667E0,8.731343079E0,-2.912194061E0,-1.567749847E1
7.268984667E0,7.668104095E0,-2.724035339E0,-1.575638443E1
7.278997667E0,6.008654938E0,-2.985092468E0,-1.568528229E1
7.289011667E0,4.106859741E0,-3.275338898E0,-1.537557632E1
7.299024667E0,2.609074402E0,-3.542682953E0,-1.528217056E1
7.309037667E0,1.573228455E0,-3.785627747E0,-1.493519211E1
7.319051667E0,1.260079651E0,-3.798800354E0,-1.417761749E1
7.329064667E0,1.190624084E0,-4.032464447E0,-1.320928116E1
7.339077667E0,6.878196716E-1,-4.465663605E0,-1.262235168E1
7.349091667E0,2.884501648E-1,-4.717739410E0,-1.182989960E1
7.359104667E0,7.244934082E-2,-4.613556061E0,-1.074615326E1
7.369117667E0,-3.445834351E-1,-4.533472595E0,-1.012539413E1
7.379131667E0,-1.069076843E0,-4.536915436E0,-1.014769775E1
7.389144667E0,-1.548380127E0,-4.407285004E0,-1.026759842E1
7.399157667E0,-1.795665894E0,-4.045487366E0,-1.029439270E1
7.409171667E0,-1.886826324E0,-3.686833191E0,-1.002031265E1
7.419184667E0,-1.932930450E0,-3.493734741E0,-9.449998627E0
7.429197667E0,-2.250120850E0,-3.649710388E0,-8.929381256E0
7.439211667E0,-2.486329651E0,-3.711082764E0,-7.850125580E0
7.449224667E0,-2.585722961E0,-3.566633148E0,-6.431375885E0
7.459237667E0,-2.828518066E0,-3.405119019E0,-5.415288849E0
7.469251667E0,-3.052751770E0,-3.116818542E0,-4.620441742E0
7.479264667E0,-2.904110870E0,-2.693947906E0,-3.983516235E0
7.489277667E0,-2.532433777E0,-2.178419952E0,-3.418890381E0
7.499291667E0,-2.239642639E0,-1.579066315E0,-2.949167175E0
7.509304667E0,-2.114353180E0,-1.091979218E0,-2.671793976E0
7.519317667E0,-1.981728973E0,-6.014492798E-1,-2.244881744E0
7.529331667E0,-1.884281616E0,-1.856140137E-2,-1.584305420E0
7.539344667E0,-1.614392853E0,5.442681885E-1,-9.705816650E-1
7.549357667E0,-8.683442688E-1,1.191671906E0,-2.962339783E-1
7.559371667E0,-5.203179932E-1,1.641935577E0,-7.409591675E-2
7.569384667E0,-1.904040527E-1,1.724563751E0,-1.077758789E-1
7.579397667E0,4.421804810E-1,1.902543640E0,-3.637435913E-2
7.589411667E0,1.145418091E0,2.379601593E0,-3.944297791E-1
7.599424667E0,1.767225037E0,3.190315704E0,-9.665400696E-1
7.609437667E0,2.612217865E0,4.348906403E0,-1.553170166E0
7.619451667E0,3.536994781E0,5.453160095E0,-1.780247955E0
7.629464667E0,3.969445496E0,5.815257111E0,-1.422192535E0
7.639477667E0,4.192032623E0,5.602998505E0,-6.152206421E-1
7.649491667E0,4.185296631E0,5.159770203E0,2.020797729E-2
7.659504667E0,3.986659698E0,4.589156799E0,3.143463135E-2
7.669517667E0,3.760779419E0,4.517605591E0,-7.182064819E-1
7.679531667E0,3.798201599E0,4.742138672E0,-2.559976501E0
7.689544667E0,4.039948883E0,5.155429230E0,-5.193749542E0
7.699557667E0,4.274511108E0,5.184917908E0,-7.718249817E0
7.709571667E0,4.714595947E0,4.839735718E0,-9.949210510E0
7.719584667E0,5.486390991E0,4.081562347E0,-1.184082687E1
7.729597667E0,5.935157776E0,2.945574646E0,-1.412477737E1
7.739611667E0,5.748046875E0,1.600022736E0,-1.705179062E1
7.749624667E0,5.387596436E0,9.117539978E-1,-2.024584854E1
7.759637667E0,5.133275299E0,8.511300659E-1,-2.311238754E1
7.839745042E0,2.725681915E0,-5.725593567E-1,-1.783406387E1
7.849758042E0,1.878294067E0,-4.613406372E-1,-1.643701904E1
7.859772042E0,1.284329224E0,-3.644920349E-1,-1.460438004E1
7.869785042E0,8.126600647E-1,-2.393522644E-1,-1.274943741E1
7.879798042E0,7.484436035E-2,-3.586541748E-1,-1.174337952E1
7.889812042E0,-6.993457031E-1,-3.417393494E-1,-1.111857880E1
7.899825042E0,-1.130149841E0,-2.261796570E-1,-1.005878265E1
7.909838042E0,-1.387764130E0,-1.651066589E-1,-8.499475250E0
7.919852042E0,-1.482966156E0,-1.014889526E-1,-6.613397369E0
7.929865042E0,-1.283880157E0,2.323168945E-1,-4.939278717E0
7.939878042E0,-9.315129089E-1,7.966433716E-1,-4.062102814E0
7.949892042E0,-9.229806519E-1,1.260828094E0,-3.857777710E0
7.959905042E0,-8.357121277E-1,1.596430206E0,-3.252137146E0
7.969918042E0,-8.414002991E-1,1.791474609E0,-2.493963776E0
7.979932042E0,-8.996292114E-1,1.805245972E0,-1.685195618E0
7.989945042E0,-8.830137634E-1,1.721270599E0,-8.756790161E-1
7.999958042E0,-9.816586304E-1,1.594484253E0,-4.534071350E-1
8.009972042E0,-1.156195679E0,1.664089508E0,-2.269281006E-1
8.019985042E0,-1.347198486E0,1.661694489E0,-1.679507446E-1
8.029998042E0,-1.169068909E0,1.864223328E0,-3.921844482E-2
8.040012042E0,-7.102729797E-1,2.124981079E0,-5.987548828E-3
8.050025042E0,2.888992310E-1,2.731968842E0,-1.041833496E-1
8.060038042E0,1.777403870E0,3.495381317E0,3.742218018E-2
8.070052042E0,3.714974670E0,4.506678314E0,4.058061218E-1
8.080065042E0,5.373825073E0,5.283562775E0,6.150709534E-1
8.090078042E0,6.447841644E0,5.484894104E0,5.327421570E-1
8.100092042E0,6.971303101E0,5.295238495E0,3.427871704E-2
8.110105042E0,7.269632721E0,5.110821991E0,-4.423301697E-1
8.120118042E0,7.630981293E0,5.118456116E0,-9.051676941E-1
8.130132042E0,8.020321655E0,5.067112885E0,-1.182091827E0
8.140145042E0,8.724607086E0,4.957391052E0,-1.422791290E0
8.150158042E0,9.676028595E0,4.888384552E0,-1.622326355E0
8.160172042E0,1.063628174E1,4.919070740E0,-1.534608765E0
8.170185042E0,1.133023865E1,4.708159332E0,-1.716630249E0
8.180198042E0,1.166718796E1,4.367617493E0,-1.967957611E0
8.190212042E0,1.205024139E1,4.416416016E0,-1.778302002E0
8.200225042E0,1.243134888E1,4.567302246E0,-1.713337097E0
8.210238042E0,1.215023346E1,4.145928497E0,-2.075434113E0
8.220252042E0,1.128099106E1,3.450175323E0,-2.126777344E0
8.230265042E0,1.046309189E1,2.693947906E0,-1.989961853E0
8.240278042E0,9.984087982E0,1.908231812E0,-1.468296661E0
8.250292042E0,9.454638977E0,9.530680847E-1,-7.288343811E-1
8.260305042E0,8.436905365E0,-2.088157654E-1,-2.052082672E0
8.270318042E0,7.317832489E0,-9.626481628E-1,-4.988825684E0
8.280332042E0,6.478976898E0,-8.499325562E-1,-8.338559875E0
8.290345042E0,6.158942413E0,-1.332229614E-1,-1.136541550E1
8.300358042E0,6.424639893E0,6.165678406E-1,-1.297950897E1
8.310372042E0,6.763684845E0,7.023394775E-1,-1.293056076E1
8.320385042E0,6.215524750E0,4.025129700E-1,-1.422297318E1
8.330398042E0,5.395529938E0,8.352630615E-2,-1.685240524E1
8.340412042E0,3.828438721E0,-2.305206299E-1,-2.031410660E1
8.350425042E0,2.452799377E0,-3.920347595E-1,-2.384137161E1
8.400492042E0,5.351222076E0,1.177301788E0,-1.850616623E1
8.410505042E0,5.917943573E0,9.190887451E-1,-1.642324768E1
8.420518042E0,6.087840271E0,6.632707214E-1,-1.478235992E1
8.430532042E0,5.986800385E0,4.834945679E-1,-1.341645035E1
8.440545042E0,5.763464813E0,4.273612976E-1,-1.239228012E1
8.450558042E0,5.606441345E0,3.580554199E-1,-1.144190643E1
8.460572042E0,5.363795929E0,2.411485291E-1,-1.072025711E1
8.470585042E0,5.201383667E0,1.916015625E-1,-1.011252090E1
8.480598042E0,5.181624756E0,7.469467163E-2,-9.538165283E0
8.490612042E0,4.920118561E0,-1.287322998E-2,-9.421258392E0
8.500625042E0,4.662953339E0,7.170089722E-2,-9.777517548E0
8.510638042E0,4.890629883E0,4.617897034E-1,-9.740245056E0
8.520652042E0,5.154082031E0,5.364843750E-1,-9.454189911E0
8.530665042E0,5.155429230E0,2.469863892E-1,-8.951834564E0
8.540678042E0,4.984634399E0,2.499801636E-2,-8.095615082E0
8.550692042E0,5.245392151E0,-4.790039063E-2,-7.433541870E0
8.560705042E0,6.036646729E0,-3.592529297E-2,-6.522236938E0
8.570718042E0,6.562054138E0,-2.139051819E-1,-5.681285706E0
8.580732042E0,6.417754211E0,-6.749464417E-1,-4.980892181E0
8.590745042E0,5.735023956E0,-1.234333191E0,-4.978048096E0
8.600758042E0,5.036277008E0,-2.001637573E0,-6.195167084E0
8.610772042E0,5.335055695E0,-2.505639496E0,-6.789431305E0
8.620785042E0,6.037095795E0,-2.429298248E0,-6.670428772E0
8.630798042E0,5.643414459E0,-2.228715363E0,-7.451354828E0
8.640812042E0,5.522465973E0,-2.009271698E0,-8.203690338E0
8.650825042E0,4.925357666E0,-1.534010010E0,-8.507857819E0
8.660838042E0,4.224515076E0,-1.025816803E0,-9.049581299E0
8.670852042E0,3.631148987E0,-7.262896729E-1,-9.629475403E0
8.680865042E0,3.036884766E0,-5.402265930E-1,-9.647587738E0
8.690878042E0,2.808310089E0,-2.192939758E-1,-9.776320038E0
8.700892042E0,2.582878876E0,2.899470520E-1,-9.770332489E0
8.710905042E0,1.600322113E0,-2.080673218E-2,-1.039992325E1
8.720918042E0,8.421487427E-1,6.475534058E-1,-1.155611893E1
8.730932042E0,-3.353027344E-2,1.307231598E0,-1.165251846E1
8.740945042E0,-7.152127075E-1,1.652114410E0,-1.134430939E1
8.750958042E0,-1.220112762E0,1.650168457E0,-1.050725006E1
8.760972042E0,-1.593586121E0,1.459165649E0,-9.394913177E0
8.770985042E0,-1.453627167E0,1.514550476E0,-7.956703949E0
8.780998417E0,-9.830058289E-1,1.751807098E0,-6.424939270E0
8.791012417E0,-1.278341675E-1,2.492766266E0,-5.484894104E0
8.801025417E0,6.334826660E-1,3.462150421E0,-5.277575226E0
8.811038417E0,1.088237000E0,4.311484222E0,-5.245092773E0
8.821052417E0,1.230590973E0,4.954247589E0,-4.853806458E0
8.831065417E0,8.593629456E-1,5.280569000E0,-4.719984741E0
8.841078417E0,2.444416809E-1,5.047204285E0,-4.761598206E0
8.851092417E0,2.558180237E-1,4.689448242E0,-4.246219940E0
8.861105417E0,9.377998352E-1,4.500092010E0,-2.912493439E0
8.871118417E0,1.706451416E0,4.038901062E0,-2.231709137E0
8.881132417E0,2.845582581E0,3.385509796E0,-2.430196381E0
8.891145417E0,4.359534302E0,3.219954071E0,-3.135379944E0
8.901158417E0,5.766009521E0,3.269201660E0,-3.926484833E0
8.911172417E0,7.080575867E0,3.442840576E0,-4.879702606E0
8.921185417E0,8.679700470E0,3.670068054E0,-6.421346741E0
8.931198417E0,1.039767792E1,3.291056213E0,-8.107889557E0
8.941212417E0,1.156989029E1,2.549348602E0,-9.620943146E0
8.951225417E0,1.246652573E1,1.637893982E0,-1.089419540E1
8.961238417E0,1.336765182E1,6.634204102E-1,-1.204649918E1
8.971252417E0,1.406355469E1,3.526666260E-1,-1.272848099E1
8.981265417E0,1.471320374E1,2.559677124E-2,-1.339160202E1
8.991278417E0,1.511601608E1,-7.417076111E-1,-1.422566757E1
9.001292417E0,1.598944977E1,-1.256936188E0,-1.478400650E1
9.011305417E0,1.646336426E1,-1.062939606E0,-1.496243546E1
9.021318417E0,1.612446899E1,-1.057999878E0,-1.533875290E1
9.031331417E0,1.510718445E1,-1.320703583E0,-1.578243027E1
9.041345417E0,1.381611923E1,-1.232985992E0,-1.598451004E1
9.051358417E0,1.234348160E1,-1.112486572E0,-1.585547836E1
9.061372417E0,1.064705933E1,-1.158590698E0,-1.603720047E1
9.071385417E0,8.656199341E0,-1.537602539E0,-1.626367950E1
9.081398417E0,6.893165588E0,-2.087858276E0,-1.598136658E1
9.091411417E0,5.331163788E0,-2.636317749E0,-1.548948944E1
9.101425417E0,3.701802063E0,-3.400179291E0,-1.589185272E1
9.111438417E0,2.253414001E0,-4.139940948E0,-1.680734894E1
9.121451417E0,1.347946930E0,-4.420906677E0,-1.719504272E1
9.131465417E0,1.193019104E0,-4.381239166E0,-1.670002213E1
9.141478417E0,1.441203003E0,-4.224964142E0,-1.554128174E1
9.151491417E0,1.707199860E0,-4.174519043E0,-1.418585037E1
9.161505417E0,1.247805176E0,-4.408033447E0,-1.358125763E1
9.171518417E0,3.917353821E-1,-4.722080383E0,-1.345626755E1
9.181531417E0,-3.333567810E-1,-4.700076141E0,-1.301483551E1
9.191545417E0,-8.729846191E-1,-4.468507690E0,-1.241892471E1
9.201558417E0,-1.532513123E0,-4.506229248E0,-1.180445251E1
9.211571417E0,-2.568957825E0,-4.732109528E0,-1.125195145E1
9.221585417E0,-3.251987457E0,-4.870272217E0,-1.097607513E1
9.231598417E0,-3.273542633E0,-4.741839294E0,-9.995614014E0
9.241611417E0,-3.178490295E0,-4.536915436E0,-8.877738647E0
9.251625417E0,-3.088227997E0,-4.369563446E0,-8.008945312E0
9.261638417E0,-3.096760254E0,-4.121379547E0,-6.903494110E0
9.271651417E0,-3.118315430E0,-3.796704712E0,-5.561983795E0
9.281665417E0,-3.171005859E0,-3.275787964E0,-4.224215698E0
9.291678417E0,-3.274889832E0,-2.901266785E0,-3.133583679E0
9.301691417E0,-3.447929993E0,-2.593057709E0,-2.103575592E0
9.311705417E0,-3.059637451E0,-1.966011658E0,-1.326840820E0
9.321718417E0,-2.046394501E0,-1.097068634E0,-7.294331360E-1
9.331731417E0,-1.701661377E0,-4.309538269E-1,-8.626560974E-1
9.341745417E0,-1.704355774E0,3.891906738E-3,-1.040037231E0
9.351758417E0,-1.805096283E0,3.387455750E-1,-3.706292725E-1
9.361771417E0,-2.066752167E0,5.050497437E-1,3.124003601E-1
9.371785417E0,-2.349514160E0,7.547305298E-1,1.121617584E0
9.381798417E0,-2.324516144E0,1.241368561E0,1.885179749E0
9.391811417E0,-2.073488159E0,1.705702972E0,2.153272247E0
9.401825417E0,-1.762884064E0,2.071991272E0,2.388433228E0
9.411838417E0,-9.360035706E-1,2.829865265E0,2.751128998E0
9.421851417E0,3.240760803E-1,4.056414642E0,2.691552887E0
9.431865417E0,1.755848694E0,5.346881104E0,2.066752167E0
9.441878417E0,2.371518402E0,6.017336884E0,1.127605133E0
9.451891417E0,2.437231750E0,6.418053589E0,1.600172424E-1
9.461905417E0,2.476599884E0,6.789580994E0,-5.807922363E-1
9.471918417E0,2.723586273E0,7.134463806E0,-1.002016296E0
9.481931417E0,2.623743896E0,6.802903290E0,-2.254162445E0
9.491945417E0,2.190095673E0,5.532644806E0,-4.176614685E0
9.501958417E0,1.840871887E0,4.306245117E0,-6.734645233E0
9.511971417E0,1.879341888E0,3.287014618E0,-1.016880386E1
9.521985417E0,2.522853699E0,2.550097046E0,-1.357362350E1
9.531998417E0,3.782184906E0,2.248025208E0,-1.643642029E1
9.542011417E0,5.335355072E0,1.919757843E0,-1.904294998E1
9.552025417E0,5.912704468E0,1.116827545E0,-2.218252121E1
9.642145417E0,3.058140564E0,-1.269809418E0,-1.636861130E1
9.652158417E0,2.180066528E0,-1.274000702E0,-1.330972229E1
9.662171417E0,1.043629761E0,-1.321002960E0,-1.064631088E1
9.672185417E0,-8.981323242E-3,-1.256487122E0,-8.305478668E0
9.682198417E0,-6.313870239E-1,-9.383985901E-1,-6.253545685E0
9.692211417E0,-1.137185211E0,-7.288343811E-1,-4.869074707E0
9.702225417E0,-1.476379852E0,-3.749702454E-1,-4.042792969E0
9.712238417E0,-1.257684631E0,3.878434753E-1,-3.375480652E0
9.722251417E0,-5.288502502E-1,1.244512024E0,-2.840642853E0
9.732265417E0,-2.255809021E-1,1.760788422E0,-2.971770172E0
9.742278417E0,-2.245330811E-1,1.936223602E0,-3.133134613E0
9.752291417E0,8.232879639E-3,2.129920807E0,-2.560126190E0
9.762305417E0,3.983216858E-1,2.318229218E0,-1.826052704E0
9.772318417E0,7.559280396E-1,2.592009888E0,-8.659492493E-1
9.782331375E0,8.916957092E-1,2.819686432E0,4.574487305E-1
9.792345375E0,1.076860657E0,3.026107178E0,1.328038330E0
9.802358375E0,1.272653503E0,3.234174500E0,1.655856628E0
9.812371375E0,1.091380463E0,3.413202209E0,1.782942352E0
9.822385375E0,1.370849304E0,3.606001282E0,2.024240570E0
9.832398375E0,2.347418518E0,4.174219666E0,1.998045044E0
9.842411375E0,3.243006134E0,4.773722992E0,1.482217712E0
9.852425375E0,4.163591766E0,5.131029968E0,9.717791748E-1
9.862438375E0,5.083878021E0,5.696853333E0,7.054829407E-1
9.872451375E0,5.467380524E0,5.654940491E0,5.897735596E-1
9.882465375E0,5.353317719E0,4.980143738E0,5.110372925E-1
9.892478375E0,4.960085449E0,4.130809937E0,3.998185730E-1
9.902491375E0,4.545298004E0,3.323838043E0,3.790118408E-1
9.912505375E0,4.393064575E0,2.847977600E0,-1.122665405E-1
9.922518375E0,4.702920227E0,2.945275269E0,-1.054856415E0
9.932531375E0,5.685027924E0,3.830983429E0,-2.093845825E0
9.942545375E0,7.183861084E0,5.164111176E0,-2.760709076E0
9.952558375E0,8.281827850E0,6.081553345E0,-2.812052307E0
9.962571375E0,9.109007721E0,6.513554993E0,-2.446512451E0
9.972585375E0,9.989177399E0,6.383325806E0,-1.222657471E0
9.982598375E0,1.044423111E1,5.241649933E0,3.517684937E-1
9.992611375E0,1.065693878E1,3.607647858E0,1.813778229E0
1.000262537E1,1.096484848E1,2.029030609E0,4.128265228E0
1.001263837E1,1.055021072E1,3.266207886E-1,3.631747742E0
1.002265137E1,9.739945679E0,-6.756948853E-1,-1.159488831E0
1.003266537E1,9.560319214E0,-9.707313538E-1,-6.597979431E0
1.004267837E1,9.021589508E0,-8.875044250E-1,-1.388288040E1
1.005269137E1,8.023165741E0,-3.817062378E-1,-2.268787033E1
1.006270437E1,6.243815918E0,-5.665718079E-1,-3.009147446E1
1.013279837E1,1.097353043E1,1.736987915E0,-1.792252991E1
1.014281137E1,9.935738525E0,1.030307465E0,-1.362691269E1
1.015282437E1,9.314680023E0,7.589218140E-1,-9.942025452E0
1.016283837E1,9.152866516E0,8.063731384E-1,-7.013515320E0
1.017285137E1,8.837173004E0,8.475375366E-1,-3.889511719E0
1.018286437E1,9.150471497E0,1.100062408E0,-2.129322052E0
1.019287837E1,9.085955658E0,1.377734985E0,-8.999285889E-1
1.020289137E1,8.836574249E0,1.635498962E0,1.098864899E0
1.021290437E1,8.989107056E0,1.629062347E0,2.235002289E0
1.022291837E1,8.909023590E0,1.141077118E0,2.786754913E0
1.023293137E1,8.782087555E0,6.336323547E-1,3.054548035E0
1.024294437E1,8.353977814E0,2.918930054E-2,2.409539337E0
1.025295837E1,8.358169098E0,-6.884184265E-1,1.966909790E0
1.026297137E1,8.605305176E0,-3.197351074E-1,2.535577240E0
1.027298437E1,9.074878693E0,6.489006042E-1,2.973566437E0
1.028299837E1,8.791368256E0,7.758366394E-1,2.736908569E0
1.029301137E1,7.884404297E0,7.658074951E-1,2.682421875E0
1.030302437E1,6.775061188E0,4.119433594E-1,2.939287720E0
1.031303837E1,5.979465637E0,-1.495390320E-1,3.457210693E0
1.032305137E1,5.301525421E0,-3.007246399E-1,3.892655182E0
1.033306437E1,4.662953339E0,-3.570075989E-1,4.165687408E0
1.034307838E1,3.770808563E0,-6.658154297E-1,4.236041107E0
1.035309137E1,2.660267944E0,-1.021775208E0,4.160148926E0
1.036310437E1,1.807191925E0,-1.138831787E0,3.947441254E0
1.037311837E1,1.781894531E0,-6.251000977E-1,3.735032959E0
1.038313137E1,2.262844391E0,-2.890489197E-1,3.475472717E0
1.039314437E1,2.402054901E0,-2.827619934E-1,2.436483307E0
1.040315837E1,2.197131042E0,1.541793823E-2,6.162684631E-1
1.041317137E1,1.786534882E0,1.118174744E-1,-1.320254517E0
1.042318437E1,1.408271484E0,1.106199646E-1,-3.204835510E0
1.043319837E1,1.095122681E0,-1.661544800E-2,-4.505181427E0
1.044321137E1,1.500180359E0,-1.377136230E-1,-5.415288849E0
1.045322437E1,3.730691986E0,-3.067121887E-1,-6.601871338E0
1.046323837E1,6.388265533E0,-2.845582581E-1,-7.880961456E0
1.047325137E1,9.350605316E0,3.179388428E-1,-1.045710434E1
1.048326437E1,1.297067734E1,3.324586487E-1,-1.303728882E1
1.049327837E1,1.699520828E1,3.327580261E-1,-1.449405945E1
1.050329137E1,2.122391464E1,1.785337372E0,-1.493010269E1
1.051330437E1,2.539633804E1,3.707340546E0,-1.470212677E1
1.063346437E1,1.700299210E1,-1.236428833E0,-1.157677597E1
1.064347837E1,1.417118088E1,-2.124532013E0,-1.051697983E1
1.065349137E1,1.236339020E1,-2.677781525E0,-9.989177399E0
1.066350437E1,1.232566864E1,-3.002456360E0,-1.256921219E1
1.067351837E1,1.303669006E1,-2.856060791E0,-1.377540390E1
1.068353137E1,1.358035950E1,-2.521506500E0,-1.344923218E1
1.069354437E1,1.414857788E1,-2.560874634E0,-1.245110779E1
1.070355837E1,1.409019928E1,-2.738704834E0,-1.057071808E1
1.071357137E1,1.319446198E1,-3.469784546E0,-8.652008057E0
1.072358437E1,1.127635071E1,-4.491559753E0,-7.649991760E0
1.073359837E1,8.820258179E0,-5.219945068E0,-7.357949066E0
1.074361138E1,7.440277863E0,-5.434898071E0,-7.251670074E0
1.075362437E1,6.874604187E0,-5.133275299E0,-7.023245087E0
1.076363837E1,6.087540894E0,-5.021457825E0,-6.625671844E0
1.077365137E1,5.942642212E0,-4.496349792E0,-6.054759064E0
1.078366362E1,6.767127686E0,-3.548071747E0,-5.661826172E0
1.079367662E1,6.862030334E0,-3.231180725E0,-6.258635101E0
1.080369062E1,6.121819611E0,-3.734583893E0,-7.101681976E0
1.081370362E1,4.814588013E0,-4.249812469E0,-8.235873413E0
1.082371662E1,3.723207550E0,-4.911885681E0,-8.908125458E0
1.083373062E1,2.346370697E0,-5.649851074E0,-8.600515137E0
1.084374362E1,6.833290100E-1,-6.047424316E0,-9.579479370E0
1.085375662E1,-3.879931641E-1,-5.979914703E0,-1.059406952E1
1.086377062E1,-4.836442566E-1,-5.780978394E0,-1.023406815E1
1.087378362E1,-2.508782959E-1,-5.433700562E0,-9.239985352E0
1.088379662E1,4.475692749E-1,-4.959935760E0,-7.810158691E0
1.089381062E1,9.812095642E-1,-4.820425873E0,-6.569239197E0
1.090382362E1,8.178991699E-1,-4.574936371E0,-6.270759888E0
1.091383662E1,6.861730957E-1,-4.271816711E0,-5.492827606E0
1.092385062E1,7.009922791E-1,-3.555256805E0,-4.648732910E0
1.093386362E1,1.234931946E-1,-3.087778931E0,-4.565955048E0
1.094387662E1,-6.920109558E-1,-2.978805542E0,-3.976630554E0
1.095389062E1,-1.624421997E0,-3.028951263E0,-3.555855560E0
1.096390362E1,-2.633922729E0,-3.230282593E0,-3.282523956E0
1.097391662E1,-3.376678162E0,-3.306025085E0,-2.750081177E0
1.098393062E1,-3.866010590E0,-3.376977539E0,-1.992057495E0
1.099394362E1,-4.340673523E0,-3.484753418E0,-7.442523193E-1
1.100395662E1,-4.806654510E0,-3.598666534E0,9.636959839E-1
1.101397062E1,-5.175038452E0,-3.323838043E0,2.707868958E0
1.102398362E1,-5.068160706E0,-2.438429260E0,4.276007996E0
1.103399662E1,-3.993395691E0,-1.153501282E0,5.250780945E0
1.104401062E1,-2.372566223E0,4.483177185E-1,5.399571533E0
1.105402362E1,-6.731501770E-1,2.594255219E0,4.924459534E0
1.106403662E1,6.941065979E-1,4.601580963E0,3.913761292E0
1.107405062E1,8.405021667E-1,5.141208801E0,2.824177094E0
1.108406362E1,-9.984237671E-2,5.069956970E0,2.384691010E0
1.109407662E1,-1.346300354E0,4.918471985E0,2.707569580E0
1.110409062E1,-1.816921692E0,4.648583221E0,3.866609344E0
1.111410362E1,-1.935325470E0,4.067641296E0,5.538632355E0
1.112411662E1,-1.450932770E0,3.871249695E0,6.699169006E0
1.113413062E1,1.824705505E-1,4.821473694E0,6.625671844E0
1.114414362E1,2.131717072E0,6.507717133E0,5.150639191E0
1.115415662E1,3.289110260E0,8.122858429E0,2.999013519E0
1.116417062E1,4.136947174E0,8.754095764E0,1.169068909E0
1.117418362E1,4.043242035E0,8.033194885E0,-1.407073975E0
1.118419662E1,3.108885040E0,6.178551636E0,-5.490432587E0
1.119421062E1,2.604134674E0,4.319567413E0,-1.050635193E1
1.120422362E1,2.426154785E0,2.898422699E0,-1.639031616E1
1.121423663E1,3.261268158E0,2.270777893E0,-2.206037521E1
1.122425062E1,5.338049469E0,2.373913422E0,-2.646272049E1
1.132438362E1,2.190694427E0,-7.472460938E-1,-1.713935852E1
1.133439662E1,1.279389496E0,-1.459165649E0,-1.312111450E1
1.134440962E1,6.330335999E-1,-1.529070282E0,-9.124874725E0
1.135442362E1,1.922003174E-1,-1.433868256E0,-6.152655487E0
1.136443662E1,-4.602928162E-1,-1.058898010E0,-4.129762115E0
1.137444962E1,-1.264270935E0,-5.297483826E-1,-2.765349426E0
1.138446362E1,-2.133213959E0,-6.122268677E-2,-2.001936951E0
1.139447662E1,-2.924917603E0,3.092568970E-1,-1.123413849E0
1.140448962E1,-3.421584778E0,6.536906433E-1,-3.793112183E-1
1.141450362E1,-3.500770111E0,1.051263885E0,8.232879639E-3
1.142451662E1,-3.503015442E0,1.167272644E0,4.095483398E-1
1.143452962E1,-3.783083038E0,1.107995911E0,1.057700500E0
1.144454362E1,-3.807182922E0,1.082399139E0,2.057022400E0
1.145455662E1,-3.298690338E0,1.249451752E0,3.221450958E0
1.146456962E1,-2.340532837E0,1.927092590E0,4.209845581E0
1.147458362E1,-7.881111145E-1,3.126548309E0,4.873715057E0
1.148459662E1,5.593867493E-1,4.337380371E0,4.959935760E0
1.149460962E1,1.827848969E0,5.353617096E0,4.929399261E0
1.150462362E1,2.732567596E0,5.683381348E0,4.960384827E0
1.151463662E1,3.092718658E0,5.659880219E0,4.708009644E0
1.152464962E1,2.799777832E0,5.184019775E0,3.966302032E0
1.153466362E1,2.469115448E0,4.600533142E0,3.606749725E0
1.154467662E1,2.920576630E0,4.422702942E0,3.421584778E0
1.155468962E1,3.947740631E0,4.857548676E0,2.916984100E0
1.156470362E1,5.899980927E0,5.614225159E0,2.546205139E0
1.157471662E1,8.555458832E0,6.712491302E0,2.000889130E0
1.158472962E1,1.066621948E1,7.397317200E0,1.681004333E0
1.159474362E1,1.156150772E1,7.434440002E0,1.400487671E0
1.160475662E1,1.182316360E1,6.848708038E0,1.466500397E0
1.161476963E1,1.176478500E1,6.358327789E0,1.334325256E0
1.162478362E1,1.123099503E1,5.687422943E0,4.813989258E-1
1.163479662E1,1.006267456E1,5.069208527E0,-6.957531738E-1
1.164480962E1,9.332942047E0,4.654421082E0,-1.339863739E0
1.165482362E1,9.289232941E0,4.431384888E0,-4.445755005E-1
1.166483662E1,9.735604706E0,3.921844482E0,8.384065247E-1
1.167484962E1,1.017434235E1,3.129242706E0,2.442321167E0
1.168486362E1,1.038166122E1,2.045196991E0,4.297563171E0
1.169487662E1,9.178762665E0,4.742138672E-1,1.819915466E0
1.170488962E1,7.488327942E0,-7.441026306E-1,-4.403243408E0
1.171490362E1,4.658462677E0,-1.572180634E0,-1.262534546E1
1.172491662E1,1.241218872E0,-1.798809357E0,-2.316403015E1
1.173492962E1,-1.258433075E0,-1.007854156E0,-3.187845840E1
1.184507750E1,3.424728241E0,-1.317859497E0,-1.822879303E1
1.185509050E1,3.669020233E0,-1.063688049E0,-1.645348480E1
1.186510350E1,3.376378784E0,-1.271755371E0,-1.398302216E1
1.187511750E1,2.484234009E0,-1.817969513E0,-1.143487106E1
1.188513050E1,1.781744843E0,-2.082319794E0,-9.489217072E0
1.189514350E1,1.638193359E0,-2.224823456E0,-8.104147339E0
1.190515750E1,1.285227356E0,-2.315834198E0,-6.871460724E0
1.191517050E1,4.340972900E-2,-2.387834473E0,-7.517367554E0
1.192518350E1,-8.059240723E-1,-1.839973755E0,-8.924890594E0
1.193519750E1,-1.609752502E0,-1.085243225E0,-9.907297668E0
1.194521050E1,-2.381846924E0,-7.475454712E-1,-1.070918015E1
1.195522350E1,-2.403851166E0,-2.984793091E-1,-1.096679443E1
1.196523750E1,-1.749262390E0,3.323089600E-2,-1.050335815E1
1.197525050E1,-1.037642212E0,2.977308655E-1,-9.095984802E0
1.198526350E1,-2.504292297E-1,4.234693909E-1,-7.380552063E0
1.199527750E1,3.836521912E-1,5.182223511E-1,-5.626200256E0
1.200529050E1,1.354682922E-1,7.050338745E-1,-4.227808228E0
1.201530350E1,-1.284329224E-1,1.157243500E0,-3.819307709E0
1.202531750E1,-4.472698975E-1,1.695673828E0,-4.269571381E0
1.203533050E1,-1.375639343E-1,2.518213348E0,-4.716691589E0
1.204534350E1,6.114784241E-1,3.813170471E0,-5.782026215E0
1.205535750E1,4.605921936E-1,4.024680634E0,-7.303462372E0
1.206537050E1,4.767585754E-1,3.593128052E0,-7.336543579E0
1.207538350E1,1.784439240E0,3.114124146E0,-6.432423706E0
1.208539750E1,4.102369080E0,2.959346008E0,-6.300248566E0
1.209541050E1,6.428382111E0,3.118165741E0,-7.607629852E0
1.210542350E1,8.688083038E0,3.161126404E0,-9.174272003E0
1.211543750E1,1.132559830E1,3.180136871E0,-9.963580627E0
1.212545050E1,1.381267639E1,3.023712158E0,-1.054871384E1
1.213546350E1,1.644450348E1,2.834505615E0,-1.207284439E1
1.214547750E1,1.903277115E1,1.869013367E0,-1.366179016E1
1.215549050E1,2.051678513E1,6.144721985E-1,-1.506078094E1
1.221557050E1,1.835587875E1,1.003962250E0,-1.728006592E1
1.222558350E1,1.657548111E1,9.111552429E-1,-1.672397232E1
1.223559650E1,1.450334015E1,5.230123901E-1,-1.610366226E1
1.224561050E1,1.234078720E1,-5.688171387E-3,-1.550281174E1
1.225562350E1,1.029124924E1,-4.474195862E-1,-1.494402374E1
1.226563650E1,7.759414215E0,-7.810757446E-1,-1.471934097E1
1.227565050E1,5.291645966E0,-1.382375336E0,-1.398152527E1
1.228566350E1,3.567531281E0,-1.688189392E0,-1.248867966E1
1.229567650E1,2.204914856E0,-1.809437256E0,-1.157527908E1
1.230569050E1,1.078656921E0,-1.806293793E0,-1.074660233E1
1.231570350E1,3.239263916E-1,-2.093247070E0,-9.727072449E0
1.232571650E1,-1.736389160E-1,-2.428849182E0,-8.722361755E0
1.233573050E1,-1.426383820E0,-2.999761963E0,-8.736881561E0
1.234574350E1,-3.059487762E0,-3.432212677E0,-9.807006226E0
1.235575650E1,-3.481460266E0,-3.326233063E0,-1.000669098E1
1.236577050E1,-3.615281982E0,-3.361260223E0,-9.975256348E0
1.237578350E1,-3.849245453E0,-3.350033569E0,-1.018092865E1
1.238579650E1,-4.087400208E0,-3.237767029E0,-1.014664993E1
1.239581050E1,-4.512067108E0,-2.935395813E0,-9.585017853E0
1.240582350E1,-4.857698364E0,-2.525847473E0,-8.442443848E0
1.241583650E1,-5.019960938E0,-2.252366180E0,-7.025939484E0
1.242585050E1,-5.174439697E0,-2.076481934E0,-5.868695984E0
1.243586350E1,-5.694308624E0,-2.080972595E0,-5.227130127E0
1.244587650E1,-6.369404755E0,-1.974244537E0,-5.029391327E0
1.245589050E1,-6.865024109E0,-1.790277100E0,-4.483476562E0
1.246590350E1,-7.149282990E0,-1.393601990E0,-3.373085632E0
1.247591650E1,-7.339836731E0,-9.725276184E-1,-1.973196716E0
1.248593050E1,-7.325466614E0,-5.683680725E-1,-4.921765137E-1
1.249594350E1,-7.174430695E0,-1.875599670E-1,6.785389709E-1
1.250595650E1,-6.824907532E0,1.046324158E-1,1.491049347E0
1.251597050E1,-6.469845886E0,3.538641357E-1,2.193538513E0
1.252598350E1,-6.268215179E0,8.306227112E-1,2.181264038E0
1.253599650E1,-6.119424591E0,1.191971283E0,1.929188232E0
1.254600950E1,-5.783822479E0,1.797162781E0,2.283651123E0
1.255602350E1,-4.707560577E0,2.813848572E0,2.659968567E0
1.256603650E1,-3.696712646E0,3.709735565E0,2.996768188E0
1.257604950E1,-3.265309753E0,4.364024963E0,3.425177307E0
1.258606350E1,-2.843486938E0,4.819527740E0,4.209097137E0
1.259607650E1,-1.800306244E0,5.403164062E0,5.159620514E0
1.260608950E1,-2.514770508E-1,6.372847595E0,5.933660889E0
1.261610350E1,4.920268250E-1,6.639293518E0,5.771997070E0
1.262611650E1,6.348298645E-1,6.424041138E0,5.052892456E0
1.263612950E1,3.338058472E-1,6.682553558E0,4.118685150E0
1.264614350E1,1.800755310E-1,6.990014191E0,3.440295868E0
1.265615650E1,7.114704895E-1,7.620054016E0,2.967578888E0
1.266616950E1,1.087189178E0,7.565118256E0,1.723066864E0
1.267618350E1,9.834548950E-1,7.042854309E0,-4.228706360E-1
1.268619650E1,9.485774231E-1,6.377188568E0,-2.727478180E0
1.269620950E1,1.093476105E0,5.857768707E0,-5.379513245E0
1.270622350E1,1.376836853E0,5.310357056E0,-8.035739594E0
1.271623650E1,2.045047302E0,4.741539917E0,-1.038270905E1
1.272624950E1,2.799029388E0,4.000880127E0,-1.290092239E1
1.273626350E1,3.444337463E0,3.132386169E0,-1.563618439E1
1.274627650E1,3.927382965E0,2.361040192E0,-1.955084381E1
1.275628950E1,4.080364838E0,1.670376434E0,-2.371219025E1
1.285141667E1,-8.765771484E-1,1.264720001E0,-1.875629608E1
1.286643667E1,-2.532134399E0,1.338516541E0,-1.527648239E1
1.287644967E1,-3.240760803E0,1.313817902E0,-1.284448975E1
1.288646267E1,-3.545227661E0,1.490749969E0,-1.052072205E1
1.289647667E1,-3.533102875E0,1.595831451E0,-8.340655518E0
1.290648967E1,-3.491938477E0,1.635648651E0,-6.273454285E0
1.291650267E1,-3.709585876E0,1.507365417E0,-4.808450775E0
1.292651667E1,-4.170627136E0,1.280437317E0,-3.479664001E0
1.293652967E1,-4.728067932E0,1.049168243E0,-1.973945160E0
1.294654267E1,-5.369484100E0,7.212002563E-1,-3.466790771E-1
1.295655667E1,-5.924230499E0,6.999444580E-1,8.497828674E-1
1.296656967E1,-6.046825562E0,8.827143860E-1,1.634451141E0
1.297658267E1,-5.684279480E0,1.322649536E0,2.697989502E0
1.298659667E1,-4.835993500E0,1.930535431E0,3.587739258E0
1.299660967E1,-3.548670502E0,2.792443085E0,4.267625427E0
1.300662267E1,-2.130519562E0,3.747457123E0,4.717440033E0
1.301663667E1,-1.277443542E0,4.301904144E0,4.369114380E0
1.302664967E1,-8.759783936E-1,4.803511047E0,4.040996704E0
1.303666267E1,-6.801855469E-1,5.180726624E0,3.995641022E0
1.304667667E1,-3.137475586E-1,5.520220642E0,3.888463898E0
1.305668967E1,4.751119995E-1,6.203549652E0,4.344715118E0
1.306670267E1,1.900897064E0,7.250921631E0,4.866080933E0
1.307671667E1,3.504662018E0,8.120762787E0,5.190606079E0
1.308672967E1,5.248984680E0,8.289611664E0,5.367987213E0
1.309674267E1,6.133345642E0,8.113128662E0,4.604874115E0
1.310675667E1,6.076164551E0,7.664511566E0,3.069067841E0
1.311676967E1,5.887257385E0,7.470964050E0,2.445913696E0
1.312678267E1,5.836812286E0,7.213050385E0,1.932930450E0
1.313679567E1,6.643484802E0,7.238946533E0,1.132544861E0
1.314680967E1,8.373587036E0,7.738308105E0,3.351530457E-1
1.315682267E1,9.714797974E0,7.975415039E0,-9.274713135E-1
1.316683567E1,1.027687912E1,7.553891602E0,-1.882934418E0
1.317684967E1,1.046623535E1,7.151079254E0,-1.823507996E0
1.318686267E1,1.026610153E1,6.788982239E0,-7.797285461E-1
1.319687567E1,1.033271301E1,5.780679016E0,8.981323242E-3
1.320688967E1,1.053943314E1,4.969665527E0,1.008901978E0
1.321690267E1,1.066786606E1,4.190835114E0,1.720372467E0
1.322691567E1,1.090572144E1,3.553759918E0,2.084565125E0
1.323692967E1,1.159488831E1,3.132086792E0,3.082539825E0
1.324694267E1,1.206101898E1,2.806364136E0,4.894970856E0
1.325695567E1,1.119207596E1,1.555714874E0,4.401447144E0
1.326696967E1,9.202862549E0,6.960525513E-2,-9.587562561E-1
1.327698267E1,7.456144867E0,-8.210426331E-1,-7.111561432E0
1.328699567E1,4.577930145E0,-1.617835693E0,-1.429123123E1
1.329700967E1,1.076561279E0,-1.884880371E0,-2.289429108E1
1.330702267E1,-1.440753937E0,-5.255570984E-1,-3.024939606E1
1.337711567E1,-4.229604492E0,8.434959412E-1,-1.719070175E1
1.338712967E1,-6.195316772E0,-6.024971008E-1,-1.553619232E1
1.339714267E1,-6.666836243E0,-8.253836060E-1,-1.539488617E1
1.340715567E1,-5.359305267E0,-1.547781372E-1,-1.477203140E1
1.341716867E1,-3.340752869E0,6.283932495E-1,-1.328951431E1
1.342718267E1,-1.576820984E0,8.717871094E-1,-1.163739990E1
1.343719567E1,-5.254074097E-1,4.845423889E-1,-1.003333557E1
1.344720867E1,-3.564088440E-1,-2.291734314E-1,-8.766220551E0
1.345722267E1,-1.559756470E-1,-6.951544189E-1,-7.778424683E0
1.346723567E1,5.463638306E-2,-8.894503784E-1,-6.152505798E0
1.347724867E1,6.689588928E-1,-1.034049683E0,-4.613556061E0
1.348726267E1,7.978408813E-1,-1.344204712E0,-3.535497894E0
1.349727567E1,1.966909790E-1,-1.770218811E0,-3.845503235E0
1.350728867E1,3.489244080E-1,-1.513502655E0,-5.088069305E0
1.351730267E1,8.289761353E-1,-1.132844238E0,-5.220843201E0
1.352731567E1,1.010398865E0,-8.545729065E-1,-5.316494293E0
1.353732867E1,1.295256500E0,-2.781216431E-1,-5.740712128E0
1.354734267E1,1.572629700E0,5.783972168E-1,-5.975873108E0
1.355735567E1,7.577243042E-1,5.650749207E-1,-6.540798340E0
1.356736867E1,-3.903881836E-1,-1.216969299E-1,-7.412136383E0
1.357738267E1,-1.100062408E0,-8.047265625E-1,-7.179520111E0
1.358739567E1,-1.914668427E0,-1.038240967E0,-6.196065216E0
1.359740867E1,-2.588417358E0,-1.377884674E0,-6.636150055E0
1.360742267E1,-3.506458282E0,-1.390608215E0,-7.331603851E0
1.361743567E1,-4.527035980E0,-1.698667603E0,-8.930728455E0
1.362744867E1,-3.815116425E0,-1.646575928E0,-1.083836151E1
1.363746167E1,-1.812131653E0,4.131408691E-2,-1.229677872E1
1.364747567E1,2.041754150E-1,1.495989075E0,-1.447834213E1
1.365748867E1,2.192490692E0,2.913690948E0,-1.625829071E1
1.366750167E1,3.018173676E0,2.994822235E0,-1.639360931E1
1.367751567E1,2.808010712E0,3.181334381E0,-1.503862701E1
1.368752867E1,2.179467773E0,2.614014130E0,-1.384830231E1
1.369754167E1,1.533860321E0,1.322200470E0,-1.352856720E1
1.370755567E1,1.278940430E0,4.406835938E-1,-1.291858566E1
1.371756867E1,1.429676971E0,-1.330732727E-1,-1.323622513E1
1.372758167E1,2.225122833E0,-4.207749939E-1,-1.378378647E1
1.373759567E1,4.170178070E0,1.511856079E-2,-1.398676437E1
1.374760867E1,6.526128845E0,7.168592834E-1,-1.440918594E1
1.375762167E1,8.361312561E0,1.009800110E0,-1.528112274E1
1.376763567E1,9.924511871E0,1.259331207E0,-1.622999954E1
1.377764867E1,1.157453064E1,1.595232697E0,-1.772883270E1
1.378766125E1,1.272443939E1,1.920655975E0,-1.933424423E1
1.379767525E1,1.279733780E1,1.704505463E0,-2.013058823E1
1.381770125E1,1.283401154E1,1.110690308E0,-1.822520050E1
1.382771525E1,1.277263916E1,2.903961182E-1,-1.706047256E1
1.383772825E1,1.255214767E1,-3.376977539E-1,-1.647279465E1
1.384774125E1,1.221190521E1,-6.330335999E-1,-1.644345566E1
1.385775425E1,1.199246155E1,-5.159770203E-1,-1.668819672E1
1.386776825E1,1.164727936E1,-6.017486572E-2,-1.679402664E1
1.387778125E1,1.044093796E1,-4.004173279E-1,-1.697260529E1
1.388779425E1,9.311536560E0,-1.139131165E0,-1.634196671E1
1.389780825E1,8.298443298E0,-1.586700439E0,-1.479583191E1
1.390782125E1,7.637866974E0,-1.823358307E0,-1.338202194E1
1.391783425E1,7.140451355E0,-1.689985657E0,-1.235410950E1
1.392784825E1,6.446494446E0,-1.857187958E0,-1.186342987E1
1.393786125E1,5.042863312E0,-2.709515533E0,-1.109103607E1
1.394787425E1,3.339854736E0,-3.434907074E0,-9.969268799E0
1.395788825E1,1.562750244E0,-3.464695129E0,-9.379195862E0
1.396790125E1,1.185534668E-1,-3.251239014E0,-9.421857147E0
1.397791425E1,-1.329834595E0,-3.350931702E0,-9.528136139E0
1.398792825E1,-2.504142609E0,-3.508553925E0,-9.403595123E0
1.399794125E1,-3.212319946E0,-3.330424347E0,-8.455466766E0
1.400795425E1,-3.899241486E0,-3.174448700E0,-7.613467712E0
1.401796825E1,-5.326673126E0,-3.358416138E0,-7.925868073E0
1.402798125E1,-6.789281616E0,-3.263812866E0,-8.826844482E0
1.403799425E1,-7.736362152E0,-3.093018036E0,-8.902586975E0
1.404800825E1,-8.354127502E0,-2.929857330E0,-7.980354767E0
1.405802125E1,-8.838819580E0,-2.672392731E0,-6.725963287E0
1.406803425E1,-9.217981110E0,-2.348616028E0,-5.282664642E0
1.407804725E1,-9.345216522E0,-2.065404968E0,-3.665128326E0
1.408806125E1,-9.214538269E0,-1.755998383E0,-2.290686493E0
1.409807425E1,-8.988358612E0,-1.452579346E0,-8.725355530E-1
1.410808725E1,-8.743168488E0,-1.142873383E0,1.697470093E-1
1.411810125E1,-8.585845642E0,-5.173242188E-1,8.128097534E-1
1.412811425E1,-7.481442261E0,6.427633667E-1,1.237776031E0
1.413812725E1,-5.471422119E0,2.122136993E0,1.704655151E0
1.414814125E1,-4.439917145E0,2.823428650E0,1.564845886E0
1.415815425E1,-4.554129639E0,2.845432892E0,2.899470520E-1
1.416816725E1,-5.065915375E0,2.620450745E0,-1.965412903E-1
1.417818125E1,-5.242997131E0,2.043999481E0,7.304809570E-1
1.418819425E1,-5.315596161E0,1.903741150E0,1.903591461E0
1.419820725E1,-3.933520203E0,2.887645111E0,3.418591003E0
1.420822125E1,-1.465452576E0,4.364623718E0,4.682113495E0
1.421823425E1,4.608915710E-1,5.283712463E0,5.225184174E0
1.422824725E1,1.532064056E0,5.992039490E0,5.043013000E0
1.423826125E1,1.936373291E0,6.427034912E0,4.982389069E0
1.424827425E1,2.612966309E0,7.226821747E0,5.690416718E0
1.425828725E1,3.555256805E0,8.572972412E0,5.691763916E0
1.426830025E1,4.156706085E0,9.654922485E0,4.271517334E0
1.427831425E1,4.687951355E0,1.061712158E1,2.919379120E0
1.428832725E1,4.276606750E0,1.055739578E1,1.295555878E0
1.429834025E1,3.073857880E0,9.246571655E0,8.307723999E-2
1.430835425E1,1.750609589E0,7.187752991E0,-5.575904846E-1
1.431836725E1,3.959266663E-1,4.804858246E0,-2.472558289E0
1.432838025E1,-7.536827087E-1,2.643353119E0,-6.367458801E0
1.433839425E1,-7.858657837E-1,1.649120636E0,-1.125344833E1
1.434840725E1,-2.604583740E-2,1.674567719E0,-1.738275238E1
1.435842025E1,9.373507690E-1,1.868414612E0,-2.388567947E1
1.445855325E1,-1.845063171E0,1.026864624E0,-1.582943253E1
1.446856725E1,-2.816692657E0,8.614585876E-1,-1.235590576E1
1.447858025E1,-3.529959412E0,8.328680420E-1,-9.363777924E0
1.448859325E1,-3.763473816E0,9.134005737E-1,-6.542893982E0
1.449860725E1,-3.694167938E0,1.088686066E0,-4.089645538E0
1.450862025E1,-3.541934509E0,1.222507782E0,-1.974244537E0
1.451863325E1,-3.418740692E0,1.321302338E0,1.975891113E-2
1.452864725E1,-3.192710724E0,1.363963623E0,1.313518524E0
1.453866025E1,-2.979553986E0,1.981279907E0,1.454974365E0
1.454867325E1,-2.383493500E0,2.942431183E0,1.615590363E0
1.455868725E1,-1.278042297E0,3.825894012E0,2.321821747E0
1.456870025E1,-5.298980713E-1,4.343667297E0,2.936593323E0
1.457871325E1,-3.101550293E-1,4.312232666E0,3.234324188E0
1.458872725E1,-1.540296936E-1,4.236789551E0,3.538940735E0
1.459874025E1,4.939727783E-3,4.276606750E0,3.540587311E0
1.460875325E1,2.264790344E-1,4.298012238E0,3.055895233E0
1.461876625E1,1.032552795E0,4.518354034E0,2.867886200E0
1.462878025E1,1.465602264E0,4.943470001E0,3.320245514E0
1.463879325E1,1.986818390E0,5.259013824E0,3.667972412E0
1.464880625E1,3.045267334E0,6.069727936E0,3.763324127E0
1.465882025E1,4.911885681E0,7.417225800E0,4.135899353E0
1.466883325E1,6.668482819E0,8.266110535E0,3.860771484E0
1.467884625E1,7.155270538E0,8.211474152E0,3.208428040E0
1.468886025E1,7.298971710E0,7.642657013E0,3.183430023E0
1.469887325E1,6.388415222E0,6.656358032E0,3.108435974E0
1.470888625E1,4.807552643E0,5.659580841E0,3.344644775E0
1.471890025E1,4.279151459E0,5.147944794E0,3.750600586E0
1.472891325E1,5.336552582E0,5.277724915E0,3.514092407E0
1.473892625E1,7.234306183E0,5.897436218E0,3.080294495E0
1.474894025E1,9.651180267E0,6.897955627E0,3.160827026E0
1.475895325E1,1.222777222E1,7.760911102E0,3.588936768E0
1.476896625E1,1.487337067E1,8.381370850E0,4.509223022E0
1.477898025E1,1.743095215E1,8.657097473E0,4.646337891E0
1.478899312E1,1.940414886E1,7.756121063E0,3.244952087E0
1.479900612E1,2.058339661E1,6.171815643E0,2.233655090E0
1.481903312E1,1.794618073E1,6.370751953E-1,7.933502197E-3
1.482904612E1,1.535357208E1,-2.088007965E0,-1.501677246E0
1.483905912E1,1.326885727E1,-3.320095825E0,-5.969586182E0
1.484907312E1,1.135972733E1,-2.378404083E0,-1.285751266E1
1.485908612E1,8.133636017E0,-2.564167786E-1,-2.123409348E1
1.486909912E1,4.594096527E0,1.963766327E0,-2.938299774E1
1.494920612E1,7.789801025E-1,-1.348096619E0,-7.840545502E0
1.495921912E1,3.581003265E0,-1.219364319E0,-2.083068237E0
1.496923212E1,4.940176849E0,-1.298250275E0,1.766775970E0
1.497924612E1,5.801485748E0,-6.430627441E-1,3.639232178E0
1.498925912E1,6.330485687E0,-2.790197754E-1,4.062701569E0
1.499927212E1,6.326593781E0,1.675016785E-1,4.975653076E0
1.500928612E1,5.562582550E0,3.170407104E-1,5.766159210E0
1.501929912E1,4.611161041E0,5.918692017E-1,5.942193146E0
1.502931212E1,4.212539978E0,9.316625977E-1,5.047952728E0
1.503932612E1,3.766168213E0,9.596543884E-1,3.814218292E0
1.504933912E1,3.580404510E0,8.680448914E-1,3.209475861E0
1.505935212E1,3.520229645E0,6.843768311E-1,2.538121948E0
1.506936612E1,3.539090424E0,3.266207886E-1,1.915267181E0
1.507937912E1,3.807931366E0,2.888992310E-2,1.540746002E0
1.508939212E1,4.483476562E0,9.056167603E-2,8.080197144E-1
1.509940612E1,5.047653351E0,2.297721863E-1,-8.202941895E-2
1.510941912E1,5.346581726E0,2.906954956E-1,-9.303153992E-1
1.511943212E1,5.257966003E0,1.562750244E-1,-1.831890564E0
1.512944512E1,4.473746796E0,-2.478845215E-1,-2.650238800E0
1.513945912E1,3.480562134E0,-5.695655823E-1,-3.437900848E0
1.514947212E1,2.777324524E0,-9.315129089E-1,-4.048181763E0
1.515948512E1,2.629432068E0,-1.146615601E0,-4.530329132E0
1.516949912E1,3.097508698E0,-8.325686646E-1,-4.595892792E0
1.517951212E1,3.864064636E0,-1.468446350E-1,-4.187841339E0
1.518952512E1,4.842130737E0,6.436614990E-1,-3.619473267E0
1.519953912E1,6.602320404E0,1.459015961E0,-3.137924652E0
1.520955212E1,7.489226074E0,1.267414398E0,-3.400478668E0
1.521956512E1,7.472161560E0,9.717791748E-1,-4.341871033E0
1.522957912E1,7.048243103E0,8.652008057E-1,-5.464985504E0
1.523959212E1,6.662195892E0,7.171586609E-1,-6.195616150E0
1.524960512E1,6.494843903E0,9.231303406E-1,-6.902446289E0
1.525961912E1,6.433621216E0,8.921447754E-1,-7.642357635E0
1.526963212E1,6.331683197E0,5.926176453E-1,-7.672445068E0
1.527964512E1,6.051615601E0,4.881349182E-1,-6.797514496E0
1.528965812E1,7.003486176E0,9.292675781E-1,-6.309978333E0
1.529967212E1,8.745114441E0,1.933229828E0,-6.281687164E0
1.530968512E1,1.090287735E1,3.250789948E0,-6.087840271E0
1.531969812E1,1.235785172E1,4.081562347E0,-6.240822144E0
1.532971212E1,1.238928635E1,3.672612762E0,-6.344107361E0
1.533972512E1,1.112546448E1,2.154320068E0,-5.631139984E0
1.534973812E1,9.053622894E0,1.305585022E0,-5.557642822E0
1.535975212E1,8.062982941E0,1.416654053E0,-7.371570740E0
1.536976512E1,7.625293121E0,1.760788422E0,-8.898395691E0
1.537977812E1,7.526049500E0,2.408641205E0,-8.773555298E0
1.538979212E1,7.850275269E0,2.274220734E0,-7.343878326E0
1.539980512E1,8.350385284E0,2.456242218E0,-5.530549164E0
1.540981812E1,9.335786133E0,2.684667206E0,-4.280648346E0
1.541983212E1,1.055036041E1,2.944526825E0,-3.457809448E0
1.542984512E1,1.084105591E1,3.022664337E0,-1.826352081E0
1.543985812E1,1.029304550E1,2.890339508E0,-1.607806549E0
1.544987112E1,9.537117462E0,2.756966858E0,-3.009641418E0
1.545988512E1,8.528065796E0,2.433190155E0,-4.694387970E0
1.546989812E1,7.663014679E0,1.995200958E0,-6.229296112E0
1.547991112E1,7.111860809E0,9.319619751E-1,-7.057673492E0
1.548992512E1,8.509654083E0,-4.599934387E-1,-6.852001190E0
1.549993812E1,1.142184814E1,3.338058472E-2,-5.734125824E0
1.550995112E1,1.341046280E1,6.261479187E-1,-4.332889709E0
1.551996512E1,1.371612717E1,4.326004028E-2,-3.761677551E0
1.552997812E1,1.251337830E1,-9.990225220E-1,-4.940476227E0
1.553999112E1,1.187091431E1,-1.382375336E0,-6.142476654E0
1.555000512E1,1.178544205E1,-7.548802185E-1,-8.132288818E0
1.556001812E1,1.258283386E1,-1.334924011E0,-1.206700653E1
1.557003112E1,1.492037292E1,-2.222129059E0,-1.420366333E1
1.558004412E1,1.785157745E1,-9.852511597E-1,-1.308653641E1
1.559005812E1,2.157343781E1,4.285588074E-1,-1.223615479E1
1.570020412E1,1.861693588E1,-2.307601318E0,-1.175236084E1
1.571021812E1,1.598944977E1,-3.624712372E0,-1.116662888E1
1.572023112E1,1.363783997E1,-4.885690155E0,-1.075333832E1
1.573024412E1,1.220082825E1,-5.374872894E0,-1.050081345E1
1.574025712E1,1.144564865E1,-5.478906555E0,-9.574988708E0
1.575027112E1,1.060125458E1,-5.683381348E0,-8.694070587E0
1.576028412E1,9.744136963E0,-5.950276337E0,-8.132438507E0
1.577029712E1,8.944799194E0,-6.095773773E0,-8.256680145E0
1.578031112E1,8.791667633E0,-6.060147858E0,-9.306596832E0
1.579032417E1,9.042545929E0,-5.717210999E0,-1.023017624E1
1.580033717E1,9.300908661E0,-5.137915649E0,-1.051922516E1
1.581035117E1,9.021739197E0,-5.005890198E0,-1.065259781E1
1.582036417E1,7.969128113E0,-5.151088257E0,-1.006941055E1
1.583037717E1,6.478527832E0,-5.106930084E0,-8.243806915E0
1.584039117E1,4.621788940E0,-5.531596985E0,-6.592291260E0
1.585040417E1,2.685565338E0,-6.031257935E0,-5.663173370E0
1.586041717E1,9.701325989E-1,-6.403683472E0,-5.282514954E0
1.587043017E1,-8.906478882E-2,-6.240822144E0,-5.047653351E0
1.588044417E1,-3.423381042E-1,-5.521717529E0,-4.558021545E0
1.589045717E1,1.496887207E-3,-4.682861938E0,-4.089196472E0
1.590047017E1,4.123924255E-1,-3.523971863E0,-3.564986572E0
1.591048417E1,8.527766418E-1,-2.400558014E0,-3.215164032E0
1.592049717E1,6.116281128E-1,-2.101929016E0,-3.244353333E0
1.593051017E1,-1.676513672E-2,-2.133812714E0,-2.670746155E0
1.594052417E1,-6.541397095E-1,-2.094743958E0,-1.571132813E0
1.595053717E1,-1.262474670E0,-2.174078979E0,-3.580554199E-1
1.596055017E1,-1.850901031E0,-2.360740814E0,7.367678833E-1
1.597056417E1,-1.917063446E0,-2.388582916E0,1.169517975E0
1.598057717E1,-1.832938385E0,-2.179018707E0,1.583407288E0
1.599059017E1,-1.642534332E0,-1.723366241E0,2.336491241E0
1.600060417E1,-1.563348999E0,-1.308429108E0,2.765199738E0
1.601061717E1,-1.405577087E0,-6.959028625E-1,2.915337524E0
1.602063017E1,-3.185375977E-1,4.960684204E-1,3.242706757E0
1.603064317E1,2.957849121E-1,1.295855255E0,3.420686646E0
1.604065717E1,2.433938599E-1,1.390458527E0,3.726351013E0
1.605067017E1,1.080303497E0,1.691482544E0,5.339097290E0
1.606068317E1,2.069446564E0,2.138602753E0,6.851851501E0
1.607069717E1,2.403551788E0,2.157912598E0,7.537276154E0
1.608071017E1,2.920127563E0,1.889221344E0,7.355703735E0
1.609072317E1,4.585564270E0,1.837728424E0,7.385940857E0
1.610073717E1,7.955805817E0,3.267704773E0,7.228168945E0
1.611075017E1,1.165027313E1,5.250331879E0,5.795198822E0
1.612076317E1,1.412851959E1,5.251828766E0,2.727029114E0
1.613077617E1,1.512275208E1,4.121080170E0,-2.199076996E0
1.614079017E1,1.541120224E1,2.987487488E0,-9.180858307E0
1.615080317E1,1.601160370E1,2.076332245E0,-1.671978104E1
1.616081617E1,1.753363861E1,2.235151978E0,-2.208252914E1
1.617083017E1,1.919159088E1,3.102897491E0,-2.444656311E1
1.626095017E1,4.533622284E0,8.324189758E-1,-1.654404648E1
1.627096317E1,4.106111298E0,4.254153442E-1,-1.354084167E1
1.628097617E1,3.812422028E0,-3.544628906E-1,-1.084734283E1
1.629098917E1,3.579057312E0,-7.782316589E-1,-8.629854126E0
1.630100317E1,3.445684662E0,-7.605683899E-1,-6.835535431E0
1.631101617E1,3.266507263E0,-5.810916138E-1,-5.220394135E0
1.632102917E1,3.131937103E0,-4.291575623E-1,-3.919599152E0
1.633104317E1,2.707868958E0,-4.108955383E-1,-3.096011810E0
1.634105617E1,2.276615753E0,-4.948709106E-1,-2.007325745E0
1.635106917E1,2.087558899E0,-3.733236694E-1,-5.032534790E-1
1.636108317E1,1.487606506E0,-4.890330505E-1,4.218228149E-1
1.637109617E1,9.241781616E-1,-5.406756592E-1,1.338366852E0
1.638110917E1,1.146465912E0,-3.453318787E-1,2.465522919E0
1.639112217E1,1.783241730E0,-2.848576355E-1,3.808530121E0
1.640113617E1,2.148631897E0,-2.053729248E-1,5.154381409E0
1.641114917E1,2.558479614E0,-3.547622681E-2,6.069129181E0
1.642116217E1,2.936144257E0,1.336720276E-1,6.278394012E0
1.643117617E1,3.202889557E0,1.347198486E-1,6.008056183E0
1.644118917E1,3.508853302E0,8.547225952E-2,5.416636047E0
1.645120217E1,4.180506592E0,5.466632080E-1,4.949307861E0
1.646121617E1,4.821324005E0,1.177900543E0,4.276307373E0
1.647122917E1,4.685107269E0,1.018482056E0,4.042044525E0
1.648124217E1,4.630470886E0,5.155279541E-1,4.883893890E0
1.649125617E1,5.290149078E0,4.957690430E-1,5.685926056E0
1.650126917E1,6.310726776E0,4.912783813E-1,5.940097504E0
1.651128217E1,7.600145416E0,5.514532471E-1,5.940845947E0
1.652129517E1,8.899293823E0,8.000862122E-1,5.548362122E0
1.653130917E1,1.026116180E1,1.475930786E0,5.129832458E0
1.654132217E1,1.137245087E1,2.207908630E0,4.244423676E0
1.655133517E1,1.133577713E1,2.232008514E0,3.128643951E0
1.656134917E1,1.131047974E1,1.605860596E0,2.897374878E0
1.657136217E1,1.193108917E1,8.155041504E-1,3.432512054E0
1.658137517E1,1.270827301E1,2.290237427E-1,4.206702118E0
1.659138917E1,1.364816849E1,9.520202637E-2,4.567002869E0
1.660140217E1,1.421294403E1,-2.424957275E-1,3.866609344E0
1.661141517E1,1.451202209E1,-6.887178040E-1,2.412533112E0
1.662142917E1,1.572719513E1,-1.574425964E0,1.158590698E0
1.663144217E1,1.700089645E1,-3.054548035E0,-7.857160950E-1
1.664145517E1,1.742915588E1,-3.817062378E0,-5.075645142E0
1.665146817E1,1.734293518E1,-3.849395142E0,-9.262738037E0
1.666148217E1,1.644300659E1,-3.486399994E0,-1.438029602E1
1.667149517E1,1.470003113E1,-2.981200562E0,-1.923290497E1
1.668150817E1,1.342079132E1,-1.964215393E0,-2.313528992E1
1.677162817E1,6.936575317E0,-9.008267212E-1,-1.834300552E1
1.678164117E1,6.464606781E0,-1.067729645E0,-1.656949356E1
1.679165512E1,6.388265533E0,-1.092278595E0,-1.500794083E1
1.680166812E1,6.694229279E0,-1.073866882E0,-1.372735382E1
1.681168112E1,6.980134735E0,-1.138682098E0,-1.237207214E1
1.682169512E1,7.497908020E0,-1.249601440E0,-1.098311050E1
1.683170812E1,8.556057587E0,-1.683549042E0,-9.408534851E0
1.684172112E1,1.014305740E1,-1.906136169E0,-7.965385895E0
1.685173512E1,1.164757874E1,-1.698517914E0,-7.192692719E0
1.686174812E1,1.272443939E1,-1.244212646E0,-6.401288452E0
1.687176112E1,1.296962952E1,-9.027726746E-1,-5.532195740E0
1.688177412E1,1.236518646E1,-1.371448059E0,-4.851710815E0
1.689178812E1,1.169877228E1,-2.370171204E0,-4.281247101E0
1.690180112E1,1.059661423E1,-3.153791656E0,-3.615132294E0
1.691181412E1,9.349557495E0,-3.146007843E0,-4.526137848E0
1.692182812E1,8.944200439E0,-3.105741577E0,-6.503226471E0
1.693184112E1,8.657247162E0,-3.243904266E0,-7.738008728E0
1.694185412E1,8.308322754E0,-3.553610229E0,-7.672594757E0
1.695186812E1,8.006999359E0,-3.393742676E0,-6.566993866E0
1.696188112E1,7.574099579E0,-2.919678497E0,-5.264701996E0
1.697189412E1,6.665638733E0,-3.061583405E0,-4.312082977E0
1.698190712E1,4.815486145E0,-3.461401978E0,-4.243824921E0
1.699192112E1,3.137026520E0,-3.374732208E0,-5.554948425E0
1.700193412E1,2.242935791E0,-2.870879974E0,-7.377707977E0
1.701194713E1,1.656754761E0,-2.362537079E0,-8.337811432E0
1.702196112E1,8.722361755E-1,-1.897603912E0,-7.349566498E0
1.703197412E1,6.346801758E-2,-1.936223602E0,-5.938899994E0
1.704198712E1,-3.381468201E-1,-2.127974854E0,-5.101541290E0
1.705200112E1,-1.200653229E0,-2.470762024E0,-4.106560364E0
1.706201412E1,-1.681453400E0,-2.745291138E0,-2.476300507E0
1.707202712E1,-1.485660553E0,-2.654729462E0,-8.491841125E-1
1.708204012E1,-7.550299072E-1,-1.683848419E0,6.277944946E-1
1.709205412E1,5.965095520E-1,-4.122427368E-1,2.088906097E0
1.710206712E1,1.615590363E0,2.874023438E-1,3.238066406E0
1.711208012E1,2.472408600E0,4.077520752E-1,3.888912964E0
1.712209412E1,4.121229858E0,1.642085266E-1,3.728895721E0
1.713210712E1,5.977070618E0,-8.587641907E-1,1.294358368E0
1.714212012E1,9.068442078E0,-1.912722473E0,-2.650089111E0
1.715213412E1,1.255588989E1,-1.948348389E0,-7.334148560E0
1.716214712E1,1.675870010E1,-1.159638519E0,-1.233105743E1
1.717216012E1,2.128004791E1,-1.005010071E0,-1.548454971E1
1.718217412E1,2.525757660E1,-2.128124542E0,-1.665287018E1
1.726228012E1,1.683519104E1,-2.760260010E0,-1.615919678E1
1.727229312E1,1.458746521E1,-3.005450134E0,-1.510314285E1
1.728230712E1,1.245574814E1,-3.620371399E0,-1.348366058E1
1.729232012E1,1.035037628E1,-4.517006836E0,-1.162003601E1
1.730233312E1,7.976163483E0,-5.479205933E0,-1.056742493E1
1.731234612E1,5.677244110E0,-6.259233856E0,-9.995464325E0
1.732236012E1,3.870800629E0,-6.778953094E0,-9.701325989E0
1.733237312E1,2.534080353E0,-6.947951660E0,-9.601184235E0
1.734238612E1,1.453028412E0,-7.028184814E0,-1.023331970E1
1.735240012E1,7.857160950E-1,-7.006629639E0,-1.067789520E1
1.736241312E1,5.966592407E-1,-6.704258423E0,-1.048389862E1
1.737242612E1,5.387297058E-1,-6.343807983E0,-1.021296204E1
1.738244012E1,1.175056458E-1,-6.135141907E0,-1.040216858E1
1.739245312E1,-8.137078857E-1,-6.306385803E0,-1.036788986E1
1.740246612E1,-2.234702911E0,-6.678811340E0,-1.046608566E1
1.741247912E1,-3.459456024E0,-7.201224976E0,-1.038645126E1
1.742249312E1,-3.960763550E0,-7.225923615E0,-9.681267700E0
1.743250612E1,-3.687132568E0,-6.841972046E0,-8.764723663E0
1.744251912E1,-3.522624664E0,-6.412664795E0,-8.136330414E0
1.745253312E1,-3.307971039E0,-5.946534119E0,-7.555987244E0
1.746254612E1,-2.887495422E0,-5.413342896E0,-6.097120972E0
1.747255912E1,-2.513123932E0,-4.825365601E0,-4.205953674E0
1.748257312E1,-2.714155884E0,-4.523144073E0,-2.833008728E0
1.749258612E1,-3.448079681E0,-4.484075317E0,-1.936223602E0
1.750259912E1,-3.823648682E0,-4.083208923E0,-7.991880798E-1
1.751261212E1,-3.424578552E0,-3.018622742E0,2.523751831E-1
1.752262612E1,-3.104693756E0,-2.163151703E0,7.828720093E-1
1.753263912E1,-3.277284851E0,-1.899998932E0,1.184337158E0
1.754265212E1,-3.075354767E0,-1.569336548E0,1.766177216E0
1.755266612E1,-2.331850891E0,-1.101559296E0,2.538421326E0
1.756267912E1,-1.095721436E0,-2.318678284E-1,3.765419769E0
1.757269212E1,3.718267822E-1,8.675958252E-1,5.354964294E0
1.758270612E1,2.529140625E0,2.490820312E0,7.054829407E0
1.759271912E1,4.268972626E0,3.452869720E0,8.415499878E0
1.760273212E1,5.835614777E0,3.580703888E0,9.382339325E0
1.761274612E1,8.432115326E0,3.915258179E0,1.048045578E1
1.762275912E1,1.125225082E1,4.266427917E0,1.072175400E1
1.763277212E1,1.364248032E1,4.702022095E0,9.599986725E0
1.764278512E1,1.528097305E1,5.289101257E0,6.551725616E0
1.765279912E1,1.674432999E1,5.707331543E0,1.836979980E0
1.766281212E1,1.705358688E1,5.465434570E0,-3.284918976E0
1.767282512E1,1.534084854E1,4.685256958E0,-9.159901886E0
1.768283912E1,1.271770340E1,3.321143646E0,-1.553918610E1
1.769285212E1,1.026625122E1,1.736239471E0,-2.094848740E1
1.770286512E1,8.530011749E0,1.142574005E0,-2.509666122E1
1.778297213E1,2.702929230E0,-2.667453003E-1,-1.824645630E1
1.779298488E1,1.847458191E0,-9.568103027E-1,-1.545311508E1
1.780299787E1,8.098159790E-1,-1.617536316E0,-1.287637344E1
1.781301087E1,2.890489197E-1,-1.963766327E0,-1.022089554E1
1.782302487E1,-2.484832764E-2,-2.042203217E0,-7.458240509E0
1.783303787E1,-3.604504395E-1,-2.165397034E0,-5.198838959E0
1.784305087E1,-4.604425049E-1,-2.124232635E0,-3.456911316E0
1.785306487E1,1.122665405E-2,-1.494192810E0,-1.768123169E0
1.786307787E1,9.297166443E-1,-5.432203674E-1,-6.224057007E-1
1.787309087E1,1.384770355E0,-8.981323242E-2,8.517288208E-2
1.788310487E1,1.639241180E0,-3.936813354E-2,9.871971130E-1
1.789311787E1,1.684746552E0,-1.282832336E-1,1.901046753E0
1.790313087E1,1.827848969E0,-5.295986938E-1,3.013383636E0
1.791314387E1,2.730172577E0,-5.430706787E-1,4.739893341E0
1.792315787E1,4.056115265E0,-1.257385254E-1,6.375392303E0
1.793317087E1,4.857249298E0,6.960525513E-2,6.887627106E0
1.794318387E1,5.050347748E0,5.014572144E-2,6.421496429E0
1.795319787E1,4.891827393E0,1.354682922E-1,5.307063904E0
1.796321087E1,4.704267426E0,2.959346008E-1,4.106710052E0
1.797322387E1,5.404211884E0,5.043013000E-1,3.669169922E0
1.798323787E1,6.464307404E0,5.779481506E-1,3.404669952E0
1.799325087E1,7.782466278E0,6.477030945E-1,3.237467651E0
1.800326387E1,9.868079224E0,1.343007202E0,3.027005310E0
1.801327687E1,1.157707535E1,1.791474609E0,2.014959869E0
1.802329087E1,1.229303650E1,1.718725891E0,1.476978607E0
1.803330387E1,1.247415985E1,1.727108459E0,1.721869354E0
1.804331687E1,1.194515991E1,1.489851837E0,1.324146423E0
1.805333087E1,1.136556519E1,9.184899902E-1,4.951702881E-1
1.806334387E1,1.160671371E1,1.154100037E-1,-5.703140259E-2
1.807335687E1,1.249586472E1,-2.245330811E-3,-4.409829712E-1
1.808337087E1,1.357122849E1,1.381626892E-1,-7.321275330E-1
1.809338387E1,1.498818192E1,1.788780212E-1,-1.934427338E0
1.810339687E1,1.637774231E1,-4.445755005E-2,-4.552932129E0
1.811340987E1,1.673385178E1,-5.942642212E-1,-7.742798767E0
1.812342387E1,1.522319321E1,-1.722168732E0,-1.179487244E1
1.813343687E1,1.271441025E1,-3.056793365E0,-1.670526123E1
1.814344987E1,1.012090347E1,-3.804488525E0,-2.210632965E1
1.815346387E1,8.620274048E0,-3.521127777E0,-2.653397232E1
1.821354287E1,1.411370041E1,1.765428772E0,-1.580114136E1
1.822355687E1,1.436023773E1,1.660496979E0,-1.248987717E1
1.823356987E1,1.485465958E1,1.461261292E0,-9.433383179E0
1.824358287E1,1.412507675E1,5.553451538E-1,-7.142397308E0
1.825359687E1,1.278386581E1,-8.126600647E-1,-5.882766724E0
1.826360987E1,1.243104950E1,-8.803193665E-1,-4.805457001E0
1.827362288E1,1.300780014E1,-1.719923401E-1,-3.906576233E0
1.828363587E1,1.382734589E1,3.534150696E-1,-3.190914459E0
1.829364987E1,1.462892899E1,1.049916687E0,-2.456391907E0
1.830366287E1,1.529504379E1,1.809137878E0,-1.849553833E0
1.831367587E1,1.567660034E1,2.178719330E0,-1.188827820E0
1.832368987E1,1.581895432E1,2.413730621E0,-6.194119263E-1
1.833370287E1,1.549787201E1,2.524051208E0,-1.624122620E-1
1.834371587E1,1.497545837E1,2.466570740E0,6.782395935E-1
1.835372987E1,1.412148422E1,2.249971161E0,1.476080475E0
1.836374287E1,1.283116745E1,1.832040253E0,1.902843018E0
1.837375587E1,1.090003326E1,1.227746887E0,2.116748199E0
1.838376887E1,8.408763885E0,1.109193420E0,2.059417419E0
1.839378287E1,6.714886322E0,1.742825775E0,1.832040253E0
1.840379587E1,5.800886993E0,2.662812653E0,1.735191650E0
1.841380887E1,5.113217010E0,3.431763611E0,1.932331696E0
1.842382287E1,4.456831970E0,3.876788177E0,2.237247620E0
1.843383587E1,3.945195923E0,4.170477448E0,2.337239685E0
1.844384887E1,3.767665100E0,4.338278503E0,2.408790894E0
1.845386187E1,3.664529572E0,4.507875824E0,2.876867523E0
1.846387587E1,3.870201874E0,4.749323730E0,3.700754242E0
1.847388887E1,3.629352722E0,4.712949371E0,4.605921936E0
1.848390187E1,2.843037872E0,4.534819794E0,5.059927826E0
1.849391587E1,1.631157990E0,4.104913788E0,4.780009918E0
1.850392887E1,7.770341492E-1,3.987557831E0,4.444108429E0
1.851394187E1,-8.562194824E-2,4.419260101E0,4.443809052E0
1.852395587E1,5.046006775E-1,4.729265442E0,4.190535736E0
1.853396887E1,1.053060150E0,4.862189026E0,4.453838196E0
1.854398187E1,1.353784790E0,4.987777863E0,5.115312653E0
1.855399487E1,9.786648560E-1,4.800666962E0,5.214855652E0
1.856400887E1,4.737648010E-1,4.761747894E0,5.360053711E0
1.857402187E1,2.323168945E-1,4.585713959E0,5.326373749E0
1.858403487E1,-1.230441284E-1,4.534520416E0,5.422324219E0
1.859404887E1,-5.360353088E-1,4.634362793E0,5.465135193E0
1.860406187E1,-9.789642334E-1,4.460274811E0,5.287304993E0
1.861407487E1,-1.185983734E0,4.262236633E0,5.957611084E0
1.862408787E1,-1.074016571E0,4.221521301E0,7.735314331E0
1.863410187E1,-9.481283569E-1,3.867657166E0,9.050180054E0
1.864411488E1,-1.059646454E0,3.709735565E0,9.378896484E0
1.865412787E1,-1.091081085E0,3.757635956E0,9.369466095E0
1.866414187E1,-1.061143341E0,3.977378998E0,8.617879028E0
1.867415487E1,-5.282514954E-1,4.632117462E0,7.450007629E0
1.868416787E1,1.387614441E-1,5.031636658E0,6.690936127E0
1.869418187E1,8.680448914E-1,5.437143402E0,7.128925323E0
1.870419487E1,1.176403656E0,5.810167694E0,7.648195496E0
1.871420787E1,1.118025055E0,5.992638245E0,7.657176819E0
1.872422087E1,9.940827942E-1,5.992338867E0,7.691156158E0
1.873423487E1,6.348298645E-1,5.884263611E0,8.199499054E0
1.874424787E1,2.245330811E-2,5.522316284E0,8.703351288E0
1.875426088E1,-6.089337158E-1,4.989574127E0,8.607999573E0
1.876427487E1,-1.261277161E0,4.699926453E0,8.109536133E0
1.877428787E1,-1.250649261E0,4.714296570E0,7.097191315E0
1.878430087E1,-5.342390442E-1,5.145400085E0,5.822891235E0
1.879431454E1,5.893244934E-1,5.693859558E0,5.676046600E0
1.880432754E1,1.156495056E0,5.869893494E0,6.336323547E0
1.881434054E1,9.467811584E-1,5.848488007E0,6.550977173E0
1.882435354E1,4.215234375E-1,5.766608276E0,6.736740875E0
1.883436754E1,-6.047424316E-2,5.601052551E0,6.924300842E0
1.884438054E1,-2.028282166E-1,5.648054810E0,6.842121735E0
1.885439354E1,-4.340972900E-2,5.721402283E0,6.476581879E0
1.886440754E1,2.260299683E-1,5.815107422E0,6.224506073E0
1.887442054E1,5.782475281E-1,5.855822754E0,6.457571411E0
1.888443354E1,8.622070313E-1,5.870941315E0,6.937323761E0
1.889444654E1,9.940827942E-1,5.936504974E0,7.218439178E0
1.890446054E1,1.172362061E0,5.948031006E0,7.705825653E0
1.891447354E1,1.097218323E0,5.800737305E0,8.098758545E0
1.892448654E1,5.737568665E-1,5.787864075E0,7.974816284E0
1.893450054E1,4.245172119E-1,5.785019989E0,7.733368378E0
1.894451354E1,7.036866760E-1,5.888155518E0,7.377109222E0
1.895452654E1,8.934919739E-1,6.178102570E0,6.949897614E0
1.896453954E1,1.080153809E0,6.373745728E0,6.688840485E0
1.897455354E1,1.282682648E0,6.459217987E0,6.940317535E0
1.898456654E1,1.610500946E0,6.511459351E0,7.513475647E0
1.899457954E1,1.893712006E0,6.645879822E0,7.986791382E0
1.900459354E1,1.773811340E0,6.801705780E0,7.994275818E0
1.901460654E1,1.332079926E0,6.716832275E0,7.684120789E0
1.902461954E1,9.457333374E-1,6.638096008E0,7.311994629E0
1.903463354E1,7.411088562E-1,6.620432739E0,7.068301392E0
1.904464654E1,7.152127075E-1,6.558760986E0,6.822063446E0
1.905465954E1,9.279203796E-1,6.578220520E0,6.786287842E0
1.906467254E1,1.119072876E0,6.655010834E0,6.987768860E0
1.907468654E1,1.196611633E0,6.637197876E0,7.082521820E0
1.908469954E1,1.251397705E0,6.615043945E0,7.083120575E0
1.909471254E1,1.211430817E0,6.560706940E0,7.171287231E0
1.910472654E1,1.146765289E0,6.482868805E0,7.247329102E0
1.911473954E1,9.892927551E-1,6.402036896E0,7.326963501E0
1.912475254E1,7.159611511E-1,6.234385529E0,7.565118256E0
1.913476554E1,4.686753845E-1,6.030060425E0,7.677983551E0
1.914477954E1,3.608995056E-1,5.938750305E0,7.657326508E0
1.915479254E1,6.369255066E-1,6.131100311E0,7.507488098E0
1.916480554E1,9.779164124E-1,6.405030670E0,7.094796295E0
1.917481954E1,1.172362061E0,6.663842468E0,6.678961029E0
1.918483254E1,1.242566071E0,6.800807648E0,6.502028961E0
1.919484554E1,1.132694550E0,6.716832275E0,6.525380402E0
1.920485854E1,1.086440735E0,6.589896240E0,6.875202942E0
1.921487254E1,1.052760773E0,6.502328339E0,7.301217041E0
1.922488554E1,1.113085327E0,6.500083008E0,7.406747589E0
1.923489854E1,1.453178101E0,6.963219910E0,4.349205780E0
1.924491254E1,1.449435883E0,7.153623962E0,6.169570312E0
1.925492554E1,9.865983582E-1,6.555318146E0,7.023544464E0
1.926493854E1,6.827302551E-1,6.310128021E0,7.566315765E0
1.927495154E1,5.113366699E-1,6.168672180E0,8.622220001E0
1.928496554E1,5.828878784E-1,6.017785950E0,8.544381866E0
1.929497854E1,6.589297485E-1,6.191275177E0,8.044571228E0
1.930499154E1,8.102650452E-1,6.359375610E0,7.343429260E0
1.931500554E1,1.005459137E0,6.593039703E0,6.838229828E0