"Time (s)","X (rad/s)","Y (rad/s)","Z (rad/s)"
-6.982083341E-4,6.704326719E-2,-3.001365066E-2,7.141748071E-2
9.314791666E-3,3.652583435E-2,3.468704969E-2,6.978176534E-2
1.932779167E-2,1.568849757E-2,3.094180673E-2,6.577263772E-2
2.934179167E-2,3.529708460E-2,-2.106253803E-2,9.137493372E-2
3.935479167E-2,9.952940047E-2,-1.585479528E-1,1.468197107E-1
4.936779167E-2,1.705995947E-1,-3.446917236E-1,2.244396657E-1
5.938179167E-2,2.198148966E-1,-5.554039478E-1,3.127266169E-1
6.939479167E-2,2.441479266E-1,-7.812263966E-1,4.124667943E-1
7.940779167E-2,2.320142537E-1,-9.981418252E-1,4.796267450E-1
8.942179167E-2,1.623590142E-1,-1.059496045E0,6.110547781E-1
9.943479167E-2,9.183945134E-3,-1.285562277E0,7.005300522E-1
1.094477917E-1,1.754094288E-2,-1.338913083E0,7.067013979E-1
1.194617917E-1,7.123188674E-2,-1.399833560E0,7.488763332E-1
1.294747917E-1,8.654080331E-2,-1.667045832E0,7.852932215E-1
1.394877917E-1,2.196442038E-1,-1.862289190E0,9.940266609E-1
1.495017917E-1,4.189248383E-1,-2.141461849E0,1.091322899E0
1.595147917E-1,6.818378568E-1,-2.431520462E0,1.130185962E0
1.695277917E-1,1.018923521E0,-2.800120592E0,1.233389258E0
1.795417917E-1,1.395010233E0,-3.340804100E0,1.423578143E0
1.895547917E-1,1.755799532E0,-4.072360992E0,1.752855659E0
1.995677917E-1,2.056388140E0,-4.787300587E0,2.080067158E0
2.095817917E-1,2.255351782E0,-5.053054333E0,2.345665693E0
2.195947917E-1,2.160359621E0,-4.852250576E0,2.270002842E0
2.296077917E-1,1.927665234E0,-4.107659817E0,1.964702487E0
2.396217917E-1,1.736428022E0,-3.434359074E0,1.757649779E0
2.496347917E-1,1.689535022E0,-3.039578438E0,1.738207459E0
2.596477917E-1,1.800262451E0,-3.011721611E0,1.808550715E0
2.696617917E-1,1.983187079E0,-3.326282024E0,1.939778209E0
2.796747917E-1,2.209068775E0,-3.861474991E0,2.038049221E0
2.896877917E-1,2.452080488E0,-4.408229828E0,2.061954021E0
2.997017917E-1,2.649859667E0,-4.916086674E0,2.045845985E0
3.097147917E-1,2.779159546E0,-5.363837719E0,2.096517801E0
3.197277917E-1,2.877560854E0,-5.760133266E0,2.148293734E0
3.297417917E-1,3.007124901E0,-6.178442001E0,2.172132015E0
3.397547917E-1,3.031545162E0,-6.485888481E0,2.187894821E0
3.497677917E-1,2.808734179E0,-6.504452229E0,2.106415510E0
3.597817917E-1,2.435034275E0,-6.313326836E0,1.914414406E0
3.697947917E-1,1.955065250E0,-6.165457726E0,1.817148328E0
3.798077917E-1,1.382741451E0,-6.011389732E0,1.781057835E0
3.898217917E-1,9.664406776E-1,-5.901109695E0,1.802303195E0
3.998347917E-1,7.158949375E-1,-5.937699318E0,1.852129579E0
4.098477917E-1,6.067417860E-1,-5.963860989E0,1.947123766E0
4.198617917E-1,4.764517844E-1,-5.853149891E0,2.077014685E0
4.298747917E-1,3.407975435E-1,-5.251186848E0,2.247975349E0
4.398877917E-1,2.288843691E-1,-4.512448788E0,2.348210096E0
4.499017917E-1,1.429516226E-1,-3.684151411E0,2.188928127E0
4.599147917E-1,1.123772562E-1,-2.874625683E0,1.928848743E0
4.699287917E-1,1.220591739E-1,-1.963236094E0,1.624697089E0
4.799417917E-1,4.604250193E-2,-1.188950777E0,1.390688896E0
4.899547917E-1,-1.176408725E-3,-5.638427138E-1,1.246867895E0
4.999687917E-1,3.964444250E-2,-1.287856102E-1,1.166808605E0
5.099817917E-1,9.352498502E-2,5.030797422E-2,1.086365461E0
5.199947917E-1,1.080003530E-1,6.472663581E-2,1.001084208E0
5.300087917E-1,3.787693381E-2,1.517534107E-1,9.707190990E-1
5.400217917E-1,-9.541334957E-2,3.024970591E-1,9.577455521E-1
5.500347917E-1,-1.745606363E-1,4.348888993E-1,9.031491876E-1
5.600487917E-1,-1.088690534E-1,4.277846217E-1,8.077979088E-1
5.700617917E-1,7.104132324E-2,2.861276269E-1,7.046006918E-1
5.800747917E-1,1.681293547E-1,1.863242835E-1,6.470990777E-1
5.900887917E-1,9.687035531E-2,1.952434778E-1,6.312886477E-1
6.001017917E-1,-5.468058214E-2,2.854468226E-1,6.334577799E-1
6.101147917E-1,-1.537898481E-1,3.068889976E-1,5.933210254E-1
6.201287917E-1,-1.182573214E-1,1.846565306E-1,5.052812696E-1
6.301417917E-1,4.072887078E-2,-7.270026952E-3,4.547978938E-1
6.401547917E-1,2.173145264E-1,-1.854965389E-1,4.461016357E-1
6.501687917E-1,3.230774403E-1,-2.554071546E-1,4.616124332E-1
6.601817917E-1,3.317077160E-1,-1.754733026E-1,4.755351245E-1
6.701947917E-1,2.778303623E-1,-1.929541677E-2,4.743460119E-1
6.802087917E-1,2.098743021E-1,1.475389153E-1,4.456417561E-1
6.902217917E-1,2.089477777E-1,2.323661894E-1,4.084342122E-1
7.002347917E-1,2.598854899E-1,1.964342445E-1,3.665902913E-1
7.102487917E-1,3.134046495E-1,2.710887045E-2,3.660019934E-1
7.202617917E-1,3.351675868E-1,-2.148660570E-1,3.760712445E-1
7.302747917E-1,3.081468940E-1,-4.585823119E-1,4.091636837E-1
7.402887917E-1,2.349286079E-1,-5.995188355E-1,4.054475129E-1
7.503017917E-1,1.570473909E-1,-6.576932073E-1,3.465607464E-1
7.603147917E-1,1.266025454E-1,-6.716169715E-1,2.393026501E-1
7.703277500E-1,1.375268400E-1,-6.836072803E-1,1.497424096E-1
7.803407500E-1,1.776349247E-1,-6.734251976E-1,1.142859757E-1
7.903537500E-1,2.175796777E-1,-6.602247357E-1,8.018526435E-2
8.003677500E-1,2.527519166E-1,-6.158176661E-1,5.817782506E-2
8.103807500E-1,2.404955178E-1,-5.609147549E-1,2.733043022E-2
8.203937500E-1,1.819024682E-1,-5.215058923E-1,-2.417748608E-2
8.304077500E-1,1.091680825E-1,-5.252753496E-1,-9.165266901E-2
8.404207500E-1,1.938853599E-2,-5.939280391E-1,-1.891144365E-1
8.504337500E-1,-4.004096612E-2,-7.173573375E-1,-2.994406819E-1
8.604477500E-1,-1.335201859E-1,-8.099421263E-1,-4.306944907E-1
8.704607500E-1,-2.797751427E-1,-8.417719603E-1,-5.703578591E-1
8.804737500E-1,-4.312472045E-1,-8.062088490E-1,-6.884124279E-1
8.904877500E-1,-5.830817223E-1,-7.742416263E-1,-7.817962170E-1
9.005007500E-1,-6.830507517E-1,-7.920340300E-1,-8.377794027E-1
9.105137500E-1,-6.931973696E-1,-8.218025565E-1,-8.554545641E-1
9.205277500E-1,-6.395604014E-1,-8.590068817E-1,-8.391404748E-1
9.305407500E-1,-5.762737989E-1,-8.546521068E-1,-7.932605743E-1
9.405537500E-1,-5.482220054E-1,-7.881836891E-1,-7.485319972E-1
9.505677500E-1,-5.963783264E-1,-7.123094201E-1,-7.504073977E-1
9.605807500E-1,-6.797445416E-1,-6.318549514E-1,-8.047389984E-1
9.705937500E-1,-7.874166965E-1,-5.693183541E-1,-8.744786382E-1
9.806077500E-1,-8.522819877E-1,-5.191100240E-1,-9.138940573E-1
9.906207500E-1,-8.576067090E-1,-5.023121238E-1,-9.146986008E-1
1.000633750E0,-8.525950909E-1,-5.428456068E-1,-8.866652846E-1
1.010647750E0,-8.576678634E-1,-6.378032565E-1,-8.671783805E-1
1.020660750E0,-8.986130953E-1,-6.941357255E-1,-8.373754025E-1
1.030673750E0,-1.002700090E0,-7.025179863E-1,-8.086811900E-1
1.040687750E0,-1.116820216E0,-6.352833509E-1,-7.862934470E-1
1.050700750E0,-1.192807913E0,-5.357785821E-1,-7.582733035E-1
1.060714750E0,-1.214840651E0,-4.491581321E-1,-7.105916142E-1
1.070727750E0,-1.206351280E0,-3.737187684E-1,-6.623687148E-1
1.080740750E0,-1.220128775E0,-3.054708540E-1,-5.885621905E-1
1.090754750E0,-1.234823585E0,-2.235290855E-1,-4.937456846E-1
1.100767750E0,-1.226884007E0,-1.049476564E-1,-3.934659660E-1
1.110780750E0,-1.203642130E0,-1.511337794E-2,-2.831069827E-1
1.120794750E0,-1.128571630E0,-1.836726628E-2,-1.760830879E-1
1.130807750E0,-1.015406132E0,-9.992923588E-2,-7.675544173E-2
1.140820750E0,-8.914189339E-1,-2.390096933E-1,2.408976899E-3
1.150834750E0,-7.745016813E-1,-3.445206881E-1,6.227071211E-2
1.160847750E0,-6.952195764E-1,-3.668391407E-1,1.263152510E-1
1.170860750E0,-6.150160432E-1,-3.039459288E-1,2.374670655E-1
1.180874750E0,-5.117970705E-1,-1.723151356E-1,3.916457295E-1
1.190887750E0,-3.967698216E-1,-3.610057011E-2,5.611066818E-1
1.200900750E0,-2.372972667E-1,1.122711301E-1,6.937515140E-1
1.210914750E0,-5.881460756E-2,1.931646615E-1,7.771803737E-1
1.220927750E0,1.031622142E-1,1.732767671E-1,8.259056211E-1
1.230940750E0,2.429475486E-1,8.773443848E-2,8.314955831E-1
1.240954750E0,3.401422799E-1,4.412856326E-2,7.741391063E-1
1.250967750E0,3.765066862E-1,9.741175920E-2,7.010744810E-1
1.260980750E0,3.938796818E-1,1.629375070E-1,6.734763384E-1
1.270994750E0,5.022157431E-1,2.243934125E-1,7.071586847E-1
1.281007750E0,7.282096744E-1,2.770380378E-1,7.638128400E-1
1.291020750E0,9.801305532E-1,3.374153674E-1,8.425889015E-1
1.301034750E0,1.141118646E0,4.254347086E-1,9.014423490E-1
1.311047750E0,1.153043509E0,4.870453477E-1,9.172218442E-1
1.321060750E0,1.014035225E0,4.968230724E-1,8.147253990E-1
1.331074750E0,8.420671225E-1,4.862207770E-1,6.257749200E-1
1.341087750E0,6.465644836E-1,4.048337638E-1,3.914908171E-1
1.351100750E0,4.632018209E-1,3.003483713E-1,1.718947887E-1
1.361114750E0,3.054270744E-1,1.889543086E-1,1.275208592E-2
1.371127750E0,1.468896270E-1,1.028114334E-1,-8.951782435E-2
1.381140750E0,-1.274698414E-2,5.390848964E-2,-1.678353995E-1
1.391154750E0,-1.649333239E-1,-3.760664957E-3,-2.438787669E-1
1.401167750E0,-2.868048549E-1,-8.886304498E-2,-3.217855096E-1
1.411180750E0,-3.506307006E-1,-1.644313037E-1,-3.836235702E-1
1.421194750E0,-4.056316614E-1,-2.284675837E-1,-4.221555889E-1
1.431207750E0,-5.130758286E-1,-2.695132792E-1,-4.684588909E-1
1.441220750E0,-6.673182249E-1,-2.420952320E-1,-5.171404481E-1
1.451234750E0,-8.292088509E-1,-2.180998921E-1,-5.669096112E-1
1.461247750E0,-9.601057768E-1,-2.015853226E-1,-6.109915376E-1
1.471260750E0,-1.066659570E0,-1.876596659E-1,-6.201916933E-1
1.481274750E0,-1.169610262E0,-1.580238491E-1,-5.893045664E-1
1.491287750E0,-1.274278045E0,-1.467789263E-1,-5.226450562E-1
1.501300750E0,-1.340669394E0,-1.846115291E-1,-4.438469410E-1
1.511314750E0,-1.351226687E0,-2.684896588E-1,-3.689982593E-1
1.521327750E0,-1.336768389E0,-3.942085207E-1,-2.990627289E-1
1.531340750E0,-1.329802871E0,-5.249475837E-1,-2.593776286E-1
1.541354750E0,-1.362476945E0,-5.785489082E-1,-2.405889779E-1
1.551367750E0,-1.412359476E0,-5.215426087E-1,-2.199897021E-1
1.561380750E0,-1.454583049E0,-3.890005350E-1,-1.787699014E-1
1.571394750E0,-1.441141009E0,-2.481129169E-1,-9.702576697E-2
1.581407750E0,-1.358878732E0,-1.202017888E-1,2.192444168E-2
1.591420750E0,-1.271094561E0,-8.015823364E-2,1.870153993E-1
1.601434750E0,-1.190815926E0,-1.173357740E-1,3.651516736E-1
1.611447750E0,-1.058422685E0,-1.848367900E-1,5.331555605E-1
1.621460750E0,-8.761942387E-1,-2.524032295E-1,6.350674629E-1
1.631474750E0,-6.760294437E-1,-2.188010812E-1,6.558100581E-1
1.641487750E0,-5.205808282E-1,-8.426836878E-2,6.337884068E-1
1.651500750E0,-3.774473667E-1,1.069700345E-1,6.042595506E-1
1.661514750E0,-2.223266065E-1,2.887509763E-1,5.653071404E-1
1.671527750E0,-2.865380794E-2,4.344314933E-1,5.386270881E-1
1.681540750E0,1.967649162E-1,5.044539571E-1,5.249541998E-1
1.691554750E0,4.346086085E-1,5.083794594E-1,5.407131910E-1
1.701567750E0,7.001212835E-1,4.642130435E-1,5.410115123E-1
1.711580750E0,9.511002898E-1,4.541862309E-1,5.083545446E-1
1.721594750E0,1.139643788E0,4.921469390E-1,4.564800858E-1
1.731607750E0,1.294646144E0,5.936740637E-1,3.750046492E-1
1.741621750E0,1.481531382E0,7.702323794E-1,2.869098783E-1
1.751634750E0,1.627647519E0,9.448167086E-1,2.402337343E-1
1.761647750E0,1.730343342E0,1.089392185E0,2.369245887E-1
1.771661750E0,1.796684027E0,1.138561368E0,2.400929481E-1
1.781674750E0,1.794559956E0,1.050402284E0,2.001867741E-1
1.791687750E0,1.845478058E0,8.004013300E-1,1.296345741E-1
1.801701750E0,2.020523071E0,5.265652537E-1,1.114264354E-1
1.811714750E0,2.165264845E0,3.309259713E-1,1.548588723E-1
1.821727750E0,2.112213135E0,3.434902132E-1,2.441185117E-1
1.831741750E0,1.809685111E0,5.731066465E-1,3.006126583E-1
1.841754750E0,1.325991154E0,8.869560957E-1,2.582288980E-1
1.851767750E0,8.300887346E-1,1.159114718E0,1.206830218E-1
1.861781750E0,3.978914917E-1,1.257578373E0,-3.439961374E-2
1.871794750E0,6.013634056E-2,1.121452570E0,-1.525355875E-1
1.881807750E0,-1.472398341E-1,7.534230351E-1,-2.097462118E-1
1.891821750E0,-2.758167088E-1,2.981924415E-1,-2.124514580E-1
1.901834750E0,-4.342233837E-1,-5.331460014E-2,-1.837047189E-1
1.911847750E0,-6.196310520E-1,-2.695986927E-1,-1.620028764E-1
1.921861750E0,-7.492055297E-1,-3.479747772E-1,-1.511786282E-1
1.931874750E0,-7.821751833E-1,-3.243155181E-1,-1.582016498E-1
1.941887750E0,-7.214295864E-1,-2.325513810E-1,-1.405683756E-1
1.951901750E0,-6.087967753E-1,-1.525249928E-1,-8.907961845E-2
1.961914750E0,-4.987739027E-1,-1.191080660E-1,-6.091913208E-2
1.971927750E0,-4.129362404E-1,-1.457165033E-1,-5.755795538E-2
1.981941750E0,-3.369517922E-1,-2.127191424E-1,-1.076581776E-1
1.991954750E0,-2.926114798E-1,-3.252992034E-1,-2.418596745E-1
2.001967750E0,-2.537045777E-1,-4.725362957E-1,-4.322473109E-1
2.011981750E0,-1.777714938E-1,-6.137152314E-1,-4.994916022E-1
2.021994750E0,-8.520676941E-2,-7.345030904E-1,-5.258499980E-1
2.032007750E0,-1.538081747E-2,-8.548233509E-1,-5.764726996E-1
2.042021750E0,5.540363118E-2,-9.254010320E-1,-5.882347226E-1
2.052034750E0,1.198910102E-1,-9.994850755E-1,-5.715577602E-1
2.062047750E0,1.461340189E-1,-1.096430182E0,-5.519971848E-1
2.072061750E0,1.457625180E-1,-1.198178411E0,-5.350008607E-1
2.082074750E0,2.017558515E-1,-1.211018801E0,-4.849770665E-1
2.092087750E0,2.347726524E-1,-1.166329384E0,-3.661723733E-1
2.102101750E0,2.061943859E-1,-1.039965868E0,-2.319122404E-1
2.112114750E0,2.123710662E-1,-9.036892056E-1,-8.097252995E-2
2.122127750E0,3.181721568E-1,-8.103126287E-1,1.139789969E-1
2.132141750E0,3.880106211E-1,-7.826836705E-1,3.729170859E-1
2.142154750E0,3.294437528E-1,-7.630051374E-1,5.931764841E-1
2.152167750E0,1.922813356E-1,-8.055555224E-1,7.906892896E-1
2.162181750E0,9.388523176E-3,-9.218274951E-1,9.543648362E-1
2.172194750E0,-1.503433436E-1,-1.071142077E0,1.117525578E0
2.182207750E0,-2.977457941E-1,-1.281947732E0,1.272029400E0
2.192221750E0,-4.066094160E-1,-1.455016971E0,1.365499735E0
2.202234750E0,-4.923219085E-1,-1.448870540E0,1.469252229E0
2.212247750E0,-4.899703264E-1,-1.350555182E0,1.602632046E0
2.222261750E0,-4.207823277E-1,-1.171200991E0,1.792471647E0
2.232274750E0,-3.320990503E-1,-1.008728385E0,2.065916300E0
2.242287750E0,-1.819181591E-1,-9.520503283E-1,2.381244898E0
2.252301750E0,-1.623490592E-3,-9.357613921E-1,2.582173347E0
2.262314750E0,1.508775651E-1,-9.866417646E-1,2.670431376E0
2.272327750E0,2.543472350E-1,-1.034722805E0,2.601304770E0
2.282341750E0,2.335143089E-1,-9.618350267E-1,2.369965792E0
2.292354750E0,1.083667874E-1,-7.845662236E-1,2.059577703E0
2.302367750E0,-1.257563103E-2,-6.214426160E-1,1.826672912E0
2.312381750E0,-2.513749525E-2,-5.949833393E-1,1.768911362E0
2.322394750E0,1.419327855E-1,-7.530475259E-1,1.826783419E0
2.332407750E0,5.143068433E-1,-9.790289998E-1,1.905197740E0
2.342421750E0,8.556239605E-1,-1.136232138E0,1.986355782E0
2.352434750E0,1.013552666E0,-1.080581665E0,1.985048413E0
2.362448750E0,9.664091468E-1,-7.843890190E-1,1.819532990E0
2.372461750E0,8.305953741E-1,-4.918729663E-1,1.476891994E0
2.382474750E0,7.145474553E-1,-3.113834560E-1,1.035158157E0
2.392488750E0,5.915616155E-1,-1.942137033E-1,5.180313587E-1
2.402501750E0,4.303709567E-1,-1.021247916E-2,1.280852556E-1
2.412514750E0,2.363806963E-1,2.603846490E-1,-1.374260485E-1
2.422528750E0,8.538690209E-2,3.648517132E-1,-3.194445670E-1
2.432541750E0,2.958621830E-2,1.966549754E-1,-4.633980095E-1
2.442554750E0,3.684132919E-2,-2.165777832E-1,-5.880649686E-1
2.452568750E0,5.745552480E-2,-6.621611118E-1,-7.161672711E-1
2.462581750E0,5.284937099E-2,-9.299340844E-1,-8.094412684E-1
2.472594750E0,5.236361176E-2,-9.433361888E-1,-8.943601251E-1
2.482608750E0,2.800359577E-2,-7.599620223E-1,-9.798120260E-1
2.492621750E0,4.968052264E-3,-4.959165156E-1,-1.063536763E0
2.502634750E0,-1.746506989E-2,-2.812551558E-1,-1.109281301E0
2.512648750E0,-4.602187872E-2,-1.554783136E-1,-1.116021752E0
2.522661750E0,-6.039408222E-2,-1.541748643E-1,-1.086899996E0
2.532674750E0,-1.158954278E-1,-4.315521419E-1,-1.057470798E0
2.542688750E0,-2.115609646E-1,-8.397169709E-1,-1.075507641E0
2.552701750E0,-3.289339244E-1,-1.169575572E0,-1.118345857E0
2.562714750E0,-4.776634276E-1,-1.345655918E0,-1.105472803E0
2.572728750E0,-6.006356478E-1,-1.372118235E0,-1.049653172E0
2.582741750E0,-6.484665871E-1,-1.237952590E0,-1.008079410E0
2.592754750E0,-6.693218350E-1,-1.052445054E0,-9.717667699E-1
2.602768750E0,-6.897931099E-1,-8.639258742E-1,-9.124297500E-1
2.612781750E0,-7.092136741E-1,-7.258343101E-1,-8.292925358E-1
2.622794750E0,-6.887091398E-1,-6.225735545E-1,-7.262875438E-1
2.632808750E0,-7.283415198E-1,-5.717063546E-1,-6.434456706E-1
2.642821750E0,-8.230046034E-1,-5.716261268E-1,-5.928280354E-1
2.652834750E0,-9.758207798E-1,-5.681070089E-1,-5.850260258E-1
2.662848750E0,-1.198472023E0,-5.906633735E-1,-5.934189558E-1
2.672861750E0,-1.397794962E0,-5.750868320E-1,-5.925763249E-1
2.682874750E0,-1.551715255E0,-5.573450923E-1,-5.728536844E-1
2.692888750E0,-1.643780947E0,-5.361023545E-1,-5.428308249E-1
2.702901750E0,-1.604025602E0,-4.423978031E-1,-5.106973648E-1
2.712914750E0,-1.525084734E0,-2.555440068E-1,-4.013756514E-1
2.722928750E0,-1.520418644E0,-3.788055107E-2,-2.450327277E-1
2.732941750E0,-1.528854728E0,1.553488374E-1,-4.402691498E-2
2.742954750E0,-1.508000851E0,2.608118057E-1,1.529441476E-1
2.752968750E0,-1.411978245E0,2.770954370E-1,3.049621582E-1
2.762981750E0,-1.250311613E0,2.552334964E-1,4.221614003E-1
2.772995292E0,-1.100405216E0,2.406332493E-1,5.232427716E-1
2.783009292E0,-9.944903851E-1,2.636931241E-1,6.320958734E-1
2.793022292E0,-9.181021452E-1,2.535305023E-1,7.475503087E-1
2.803035292E0,-7.563194036E-1,1.628140509E-1,8.861907721E-1
2.813049292E0,-4.490651488E-1,-5.127746984E-2,1.078403592E0
2.823062292E0,3.788752854E-2,-3.284405172E-1,1.212285876E0
2.833075292E0,6.144448519E-1,-5.086489320E-1,1.203134656E0
2.843089292E0,1.037077785E0,-5.362235904E-1,1.069724798E0
2.853102292E0,1.254385829E0,-2.711658180E-1,8.302012086E-1
2.863116292E0,1.302647233E0,1.607306153E-1,6.148847938E-1
2.873129292E0,1.381200671E0,5.645657182E-1,4.705300331E-1
2.883142292E0,1.553610921E0,8.800160289E-1,3.962577879E-1
2.893156292E0,1.684833646E0,1.057626724E0,3.964013159E-1
2.903169292E0,1.649635792E0,1.061766982E0,4.277068377E-1
2.913182292E0,1.415681124E0,7.739655972E-1,4.168134630E-1
2.923196292E0,1.081676722E0,3.153853416E-1,3.068375289E-1
2.933209292E0,6.878517866E-1,-1.456693709E-1,1.194085330E-1
2.943222292E0,2.240232229E-1,-3.656481206E-1,-1.615248471E-1
2.953236292E0,-1.680026203E-1,-2.369106412E-1,-3.937176168E-1
2.963249292E0,-4.122061133E-1,3.553667292E-2,-5.484724641E-1
2.973262292E0,-5.273742080E-1,2.278371304E-1,-6.493654847E-1
2.983276292E0,-5.565736890E-1,3.353661299E-1,-6.722884178E-1
2.993289292E0,-5.702559352E-1,2.920735180E-1,-6.187247634E-1
3.003302292E0,-5.831645727E-1,1.352638751E-1,-5.348315835E-1
3.013316292E0,-4.925050139E-1,-4.121981096E-3,-4.452478588E-1
3.023329292E0,-3.293294907E-1,-7.519893348E-2,-3.487751484E-1
3.033342292E0,-2.226829380E-1,-8.366485685E-2,-2.551554441E-1
3.043356292E0,-2.283870876E-1,-9.467790276E-2,-1.766095310E-1
3.053369292E0,-2.874704003E-1,-1.632140875E-1,-1.790559143E-1
3.063382292E0,-4.010803103E-1,-2.650330365E-1,-3.125579953E-1
3.073396292E0,-5.500881672E-1,-3.691879213E-1,-4.388621151E-1
3.083409292E0,-7.293644547E-1,-4.580592811E-1,-4.696528614E-1
3.093422292E0,-9.357956648E-1,-5.234555602E-1,-4.148500562E-1
3.103436292E0,-1.136482716E0,-5.538735986E-1,-3.163458705E-1
3.113449292E0,-1.289281249E0,-5.275738239E-1,-2.028228045E-1
3.123462292E0,-1.405971169E0,-4.773028791E-1,-9.512881935E-2
3.133476292E0,-1.479004860E0,-3.996824026E-1,1.938606845E-3
3.143489292E0,-1.537550330E0,-2.852883339E-1,9.346129000E-2
3.153502292E0,-1.635790110E0,-1.779472232E-1,2.027014941E-1
3.163516292E0,-1.736677170E0,-7.384388149E-2,2.868316770E-1
3.173529292E0,-1.778198600E0,6.253739446E-2,3.374448121E-1
3.183542292E0,-1.768465757E0,1.188759953E-1,3.688381016E-1
3.193556292E0,-1.651190042E0,1.024855748E-1,3.924595416E-1
3.203569292E0,-1.425540566E0,8.920925856E-2,4.135353863E-1
3.213582292E0,-1.247953176E0,1.202870160E-1,4.726450443E-1
3.223596292E0,-1.102003813E0,2.040181309E-1,5.503183603E-1
3.233609292E0,-9.333424568E-1,3.148796856E-1,5.922719240E-1
3.243622292E0,-7.354066372E-1,3.658900261E-1,6.023510098E-1
3.253636292E0,-4.668955207E-1,3.427913487E-1,6.003278494E-1
3.263649292E0,-1.428721845E-1,3.201957047E-1,5.568608046E-1
3.273662292E0,1.906266809E-1,3.548735380E-1,5.063105822E-1
3.283676292E0,4.803829193E-1,4.800498784E-1,4.347711802E-1
3.293689292E0,7.069870234E-1,7.008962035E-1,3.617049456E-1
3.303702292E0,8.970223665E-1,9.488852620E-1,2.990854084E-1
3.313716292E0,1.044971347E0,1.148599744E0,2.325857133E-1
3.323729292E0,1.123956680E0,1.233288169E0,1.655718088E-1
3.333742292E0,1.179565907E0,1.131883502E0,8.707620203E-2
3.343756292E0,1.306303144E0,8.230336308E-1,-9.289698675E-3
3.353769292E0,1.429067135E0,4.184514582E-1,-1.481335908E-1
3.363783292E0,1.540622115E0,1.255941689E-1,-2.938797176E-1
3.373796292E0,1.639684558E0,3.375312081E-3,-3.925642073E-1
3.383809292E0,1.869909048E0,9.325809777E-2,-4.450901449E-1
3.393823292E0,2.229371786E0,3.551685512E-1,-3.896974623E-1
3.403836292E0,2.531938553E0,6.236820817E-1,-2.637170851E-1
3.413849292E0,2.755329132E0,8.556330204E-1,-1.491415054E-1
3.423863292E0,2.871434927E0,1.034237266E0,-5.843903497E-2
3.433876292E0,2.755475044E0,1.133385181E0,6.167086214E-2
3.443889292E0,2.432029724E0,1.050245523E0,1.507866085E-1
3.453903292E0,2.001657248E0,8.300940394E-1,1.438208371E-1
3.463916292E0,1.518892288E0,5.311613679E-1,2.507984266E-2
3.473929292E0,8.621000051E-1,2.952069044E-1,-8.532948792E-2
3.483943292E0,1.603215337E-1,1.933366954E-1,-2.276795357E-1
3.493956292E0,-3.899272382E-1,2.170731723E-1,-3.190270066E-1
3.503969292E0,-6.583194733E-1,3.075579703E-1,-3.177470267E-1
3.513983292E0,-7.138599157E-1,2.813149095E-1,-2.514542937E-1
3.523996292E0,-6.748449802E-1,2.845784128E-1,-1.572542638E-1
3.534009292E0,-6.327877641E-1,2.982774377E-1,-2.591514960E-2
3.544023292E0,-5.958042145E-1,3.285185993E-1,4.918695241E-2
3.554036292E0,-5.482342839E-1,2.756934762E-1,5.164611340E-2
3.564049292E0,-4.844536483E-1,1.500446349E-1,-1.027788222E-2
3.574063292E0,-4.182375968E-1,-1.012043580E-1,-9.821067005E-2
3.584076292E0,-3.415880203E-1,-4.141454697E-1,-1.867372543E-1
3.594089292E0,-2.691697478E-1,-6.639496684E-1,-2.641415000E-1
3.604103292E0,-2.088402957E-1,-7.919365764E-1,-2.634657919E-1
3.614116292E0,-2.013568133E-1,-8.563805223E-1,-1.594669670E-1
3.624129292E0,-2.081770748E-1,-9.226937294E-1,-1.650173962E-2
3.634143292E0,-1.614031792E-1,-1.047863126E0,1.417331696E-1
3.644156292E0,-4.559741914E-2,-1.200862527E0,2.690400183E-1
3.654169292E0,7.167620957E-2,-1.300447702E0,3.895440698E-1
3.664183292E0,8.998639882E-2,-1.310225248E0,5.094909668E-1
3.674196292E0,9.467489272E-2,-1.180636168E0,6.587086916E-1
3.684209292E0,1.067164838E-1,-1.000492334E0,8.435466886E-1
3.694223292E0,1.455006450E-1,-8.240963221E-1,1.029941320E0
3.704236292E0,2.430096716E-1,-6.868538857E-1,1.194264054E0
3.714249292E0,3.010362089E-1,-6.463365555E-1,1.311150193E0
3.724263292E0,1.992528141E-1,-6.413521767E-1,1.419768929E0
3.734276292E0,-1.203518361E-2,-6.566059589E-1,1.481938601E0
3.744289292E0,-3.098126948E-1,-7.209715247E-1,1.505288124E0
3.754303292E0,-5.791442990E-1,-9.014257193E-1,1.514759064E0
3.764316292E0,-7.067328095E-1,-1.144481778E0,1.511510134E0
3.774328875E0,-7.168701291E-1,-1.345538497E0,1.535615802E0
3.784342875E0,-6.816651821E-1,-1.459028006E0,1.614102364E0
3.794355875E0,-5.477508307E-1,-1.452844858E0,1.701565623E0
3.804369875E0,-2.683362365E-1,-1.363336205E0,1.721879601E0
3.814382875E0,1.137229800E-1,-1.277679920E0,1.683648348E0
3.824395875E0,5.112425089E-1,-1.200971246E0,1.483969688E0
3.834409875E0,8.398144841E-1,-9.146044850E-1,1.151213765E0
3.844422875E0,9.385514855E-1,-5.298564434E-1,9.449824095E-1
3.854435875E0,9.124003053E-1,-2.603802383E-1,9.049780369E-1
3.864449875E0,9.934161305E-1,-3.263654709E-1,9.789103866E-1
3.874462875E0,1.258744121E0,-7.003132105E-1,1.065082550E0
3.884475875E0,1.543499112E0,-1.155732155E0,1.131628156E0
3.894489875E0,1.719614029E0,-1.345501542E0,1.223959208E0
3.904502875E0,1.752695203E0,-1.234191656E0,1.239620566E0
3.914515875E0,1.708275318E0,-9.920469522E-1,1.131808400E0
3.924529875E0,1.655883431E0,-7.884145975E-1,9.125612378E-1
3.934542875E0,1.596839547E0,-5.602054000E-1,5.437714458E-1
3.944555875E0,1.389781833E0,-2.133386582E-1,1.408670694E-1
3.954569875E0,1.026054263E0,1.850920767E-1,-1.886466444E-1
3.964582875E0,5.868182182E-1,4.809718430E-1,-4.187281430E-1
3.974595875E0,2.525294423E-1,5.451034307E-1,-5.274591446E-1
3.984609875E0,7.177548856E-2,2.608278692E-1,-5.459831953E-1
3.994622875E0,3.653893620E-2,-2.624436021E-1,-5.028671622E-1
4.004635875E0,2.551335283E-2,-8.125994802E-1,-4.183070362E-1
4.014649875E0,1.142150257E-2,-1.168912053E0,-3.574463725E-1
4.024662875E0,9.089024737E-3,-1.249756098E0,-3.700236976E-1
4.034675875E0,-7.022034377E-3,-1.142120242E0,-4.838480055E-1
4.044689875E0,-9.167081676E-3,-9.099860787E-1,-6.815586090E-1
4.054702875E0,-6.867275387E-2,-6.579223871E-1,-8.573780656E-1
4.064715875E0,-1.633922309E-1,-5.125522017E-1,-9.604899883E-1
4.074729875E0,-2.566012740E-1,-4.675719142E-1,-1.006096363E0
4.084742875E0,-3.561509550E-1,-5.498713851E-1,-1.012940049E0
4.094755875E0,-4.327876568E-1,-7.113135457E-1,-9.389138222E-1
4.104769875E0,-4.541778862E-1,-9.753900766E-1,-8.041913509E-1
4.114782875E0,-4.206950366E-1,-1.186593175E0,-6.822185516E-1
4.124795875E0,-3.862424195E-1,-1.284501672E0,-6.013554335E-1
4.134809875E0,-3.530058861E-1,-1.206165075E0,-6.065807939E-1
4.144822875E0,-3.852395117E-1,-9.850896597E-1,-6.644788980E-1
4.154835875E0,-4.823119938E-1,-6.696917415E-1,-7.518132329E-1
4.164849875E0,-6.444766521E-1,-3.749212921E-1,-8.022916317E-1
4.174862875E0,-8.051371574E-1,-2.079413533E-1,-7.954875231E-1
4.184875875E0,-8.974228501E-1,-3.042883277E-1,-7.305448055E-1
4.194889875E0,-9.231734872E-1,-6.096367836E-1,-6.347980499E-1
4.204902875E0,-9.307479262E-1,-8.676367402E-1,-5.101541281E-1
4.214915875E0,-1.010596871E0,-9.767616391E-1,-3.562801778E-1
4.224929875E0,-1.107501984E0,-9.113616347E-1,-2.450587004E-1
4.234942875E0,-1.150585055E0,-7.035107017E-1,-1.916002631E-1
4.244956875E0,-1.235696316E0,-4.379644394E-1,-1.550713778E-1
4.254969875E0,-1.332789302E0,-1.586172432E-1,-8.560415357E-2
4.264982875E0,-1.381638765E0,3.797901794E-2,9.946255013E-3
4.274996875E0,-1.371293902E0,1.147068217E-1,1.252305061E-1
4.285009875E0,-1.338121295E0,9.839423746E-2,2.137019783E-1
4.295022875E0,-1.363944650E0,3.738867119E-2,2.334322780E-1
4.305036875E0,-1.428939700E0,-5.240760371E-2,2.646816075E-1
4.315049875E0,-1.444726348E0,-1.377342045E-1,2.745795250E-1
4.325062875E0,-1.389091611E0,-1.165772304E-1,3.126793504E-1
4.335076875E0,-1.350489140E0,1.851561293E-2,4.004755318E-1
4.345089875E0,-1.255979061E0,2.079547048E-1,5.402839184E-1
4.355102875E0,-1.081648231E0,3.947618604E-1,6.700381637E-1
4.365116875E0,-8.994042873E-1,4.325080812E-1,7.842856646E-1
4.375129875E0,-7.044827342E-1,2.820189595E-1,8.607277274E-1
4.385142875E0,-4.947620630E-1,2.033637650E-2,8.545510769E-1
4.395156875E0,-3.325183094E-1,-1.435801238E-1,8.239225745E-1
4.405169875E0,-2.379337102E-1,-1.567648649E-1,8.324513435E-1
4.415182875E0,-1.456027031E-1,-8.399691433E-2,8.573436737E-1
4.425196875E0,-1.477016718E-3,-4.563735425E-2,8.130453825E-1
4.435209875E0,1.268191785E-1,4.541106522E-2,6.616708040E-1
4.445222875E0,2.137966007E-1,1.553533524E-1,5.127815604E-1
4.455236875E0,3.399052620E-1,2.264981121E-1,4.152989686E-1
4.465249875E0,6.365697384E-1,2.658480108E-1,3.371489048E-1
4.475262875E0,1.015605450E0,2.854858935E-1,3.133122623E-1
4.485276875E0,1.332129478E0,3.163928390E-1,3.268478811E-1
4.495289875E0,1.569584608E0,3.866835237E-1,3.346616030E-1
4.505302875E0,1.685842872E0,4.514639378E-1,2.938699722E-1
4.515316875E0,1.720942855E0,4.736440778E-1,2.129663229E-1
4.525329875E0,1.688188791E0,3.840009272E-1,8.874239028E-2
4.535342875E0,1.574305892E0,2.207539231E-1,-4.154397547E-2
4.545356875E0,1.382506847E0,6.881827861E-2,-1.137245595E-1
4.555369875E0,1.116964936E0,-9.160681628E-3,-1.302747726E-1
4.565382875E0,7.962869406E-1,-7.227014005E-2,-1.308449507E-1
4.575396875E0,4.606413245E-1,-1.364445984E-1,-1.240680069E-1
4.585409875E0,1.077055708E-1,-1.573364884E-1,-1.258210093E-1
4.595422875E0,-2.407509387E-1,-1.325991750E-1,-1.470210999E-1
4.605436875E0,-5.568712950E-1,-1.420992911E-1,-1.706887782E-1
4.615449875E0,-8.163308501E-1,-1.925906837E-1,-1.772806346E-1
4.625462875E0,-1.027468681E0,-2.525984645E-1,-1.890321970E-1
4.635476875E0,-1.188091636E0,-2.633150220E-1,-1.865195036E-1
4.645489875E0,-1.330480576E0,-1.845159084E-1,-1.546883434E-1
4.655503875E0,-1.444415092E0,-5.347507074E-2,-9.385027736E-2
4.665516875E0,-1.522487402E0,6.050110608E-2,-1.018454228E-2
4.675529875E0,-1.560505271E0,1.120101064E-1,8.383782208E-2
4.685543875E0,-1.556126356E0,9.934734553E-2,1.962438524E-1
4.695556875E0,-1.564884901E0,6.549495272E-3,3.485415280E-1
4.705569875E0,-1.546477079E0,-8.010900766E-2,5.034984350E-1
4.715583875E0,-1.518915415E0,-9.568929672E-2,6.172489524E-1
4.725596875E0,-1.488448977E0,-5.158993229E-2,7.182074189E-1
4.735609875E0,-1.440083265E0,-1.638480835E-2,8.338035345E-1
4.745623875E0,-1.323718429E0,-4.130237177E-2,9.369438887E-1
4.755636875E0,-1.151155710E0,-1.242696941E-1,9.611719847E-1
4.765649875E0,-1.003307700E0,-1.322743297E-1,9.046375751E-1
4.775664542E0,-9.030140638E-1,3.793239128E-3,8.840833306E-1
4.785677542E0,-8.017069101E-1,2.065049559E-1,9.230803847E-1
4.795690542E0,-6.495072842E-1,3.232209086E-1,9.864742756E-1
4.805704542E0,-4.256973267E-1,3.503146172E-1,1.063558698E0
4.815717542E0,-1.723635793E-1,3.895022571E-1,1.089479804E0
4.825730542E0,9.953163564E-2,4.713290036E-1,1.070357442E0
4.835744542E0,4.064987898E-1,5.626365542E-1,1.017135143E0
4.845757542E0,6.791117787E-1,6.811834574E-1,8.754207492E-1
4.855770542E0,8.369312286E-1,8.592517376E-1,6.486813426E-1
4.865784542E0,9.286694527E-1,1.098510742E0,3.709037304E-1
4.875797542E0,9.824120402E-1,1.304437757E0,5.543633178E-2
4.885810542E0,1.065666080E0,1.247254252E0,-2.591214478E-1
4.895824542E0,1.275838494E0,1.013527274E0,-5.695131421E-1
4.905837542E0,1.530914545E0,7.070810199E-1,-8.198093176E-1
4.915850542E0,1.791898251E0,5.089548826E-1,-9.833367467E-1
4.925864542E0,2.063514948E0,4.445579946E-1,-1.032899499E0
4.935877542E0,2.387214184E0,5.601344109E-1,-1.037904739E0
4.945890542E0,2.686633110E0,8.004686832E-1,-1.005348563E0
4.955904542E0,2.723692179E0,9.934389591E-1,-8.709399700E-1
4.965917542E0,2.450794935E0,9.986906052E-1,-5.997173190E-1
4.975930542E0,1.903103232E0,5.831082463E-1,-2.939403653E-1
4.985944542E0,1.261140466E0,-9.078668058E-2,-1.052322313E-1
4.995957542E0,6.536023021E-1,-7.077654600E-1,-5.180708691E-2
5.005970542E0,9.780982882E-2,-9.559087157E-1,-6.662526727E-2
5.015984542E0,-3.930554986E-1,-8.457974195E-1,-1.211446971E-1
5.025997542E0,-7.534865141E-1,-5.391106606E-1,-1.730112284E-1
5.036010542E0,-9.803225994E-1,-2.781040668E-1,-2.095716298E-1
5.046024542E0,-1.055894852E0,-1.942956150E-1,-2.026676536E-1
5.056037542E0,-1.015357375E0,-3.553281724E-1,-1.479578018E-1
5.066050542E0,-8.619123697E-1,-6.735563874E-1,-6.829764694E-2
5.076064542E0,-5.976967216E-1,-1.089022517E0,-2.636457607E-2
5.086077542E0,-2.856229544E-1,-1.501664639E0,1.277762931E-3
5.096090542E0,2.010074072E-2,-1.758876443E0,-2.057613805E-2
5.106104542E0,3.246253729E-1,-1.730620623E0,-1.385093033E-1
5.116117542E0,5.786477923E-1,-1.394668460E0,-3.532466590E-1
5.126131542E0,7.605477571E-1,-8.378098011E-1,-6.703336835E-1
5.136144542E0,8.515399694E-1,-1.490116715E-1,-1.043416977E0
5.146157542E0,8.572678566E-1,4.874685705E-1,-1.437759519E0
5.156171542E0,9.190577269E-1,9.862418771E-1,-1.808203340E0
5.166184542E0,1.085231185E0,1.277747035E0,-2.135694027E0
5.176197542E0,1.284490466E0,1.294894099E0,-2.349291801E0
5.186211542E0,1.483037233E0,1.074569464E0,-2.439783573E0
5.196224542E0,1.719603896E0,7.158293128E-1,-2.345135450E0
5.206237542E0,1.868026972E0,3.241156936E-1,-2.234562874E0
5.216251542E0,1.999681473E0,1.133872271E-1,-2.172850132E0
5.226264542E0,2.121382952E0,1.173211709E-1,-2.165766954E0
5.236277542E0,2.217827082E0,3.065702021E-1,-2.212673664E0
5.246291542E0,2.429539204E0,7.587743402E-1,-2.255404472E0
5.256304542E0,2.619770765E0,1.266381025E0,-2.232284784E0
5.266317542E0,2.715940952E0,1.687603474E0,-2.199832201E0
5.276331542E0,2.692718506E0,1.958319664E0,-2.125763416E0
5.286344542E0,2.417580843E0,1.951449513E0,-1.962920070E0
5.296357542E0,2.027142048E0,1.649087429E0,-1.746332884E0
5.306371542E0,1.768956304E0,1.125328422E0,-1.576669455E0
5.316384542E0,1.884820223E0,6.230765581E-1,-1.513236165E0
5.326397542E0,2.086328745E0,3.988811374E-1,-1.448588967E0
5.336411542E0,2.121830702E0,6.545004249E-1,-1.351592422E0
5.346424542E0,2.033026934E0,1.229340196E0,-1.171827435E0
5.356437542E0,1.896710992E0,1.682787538E0,-9.471818805E-1
5.366451542E0,1.794913769E0,1.788604617E0,-6.811669469E-1
5.376464542E0,1.828683734E0,1.544208407E0,-3.818233311E-1
5.386477542E0,1.938898563E0,1.124318719E0,-8.917632699E-2
5.396491542E0,1.982931018E0,7.109270692E-1,1.535327137E-1
5.406504542E0,2.028663158E0,5.281020403E-1,2.159931958E-1
5.416517542E0,1.983750343E0,6.273401976E-1,1.804517210E-1
5.426531542E0,1.811252475E0,8.891310096E-1,1.871297359E-1
5.436544542E0,1.675518870E0,1.126093149E0,2.506072223E-1
5.446557542E0,1.613451362E0,1.178679109E0,3.556780815E-1
5.456571542E0,1.563122988E0,9.964561462E-1,5.229197741E-1
5.466584542E0,1.583787680E0,5.826436877E-1,6.585500836E-1
5.476597542E0,1.681138992E0,1.200049892E-1,6.622718573E-1
5.486611542E0,1.784295440E0,-1.474214941E-1,5.457483530E-1
5.496624542E0,1.774940014E0,-1.189999804E-1,3.935977221E-1
5.506637542E0,1.571331263E0,1.113745943E-1,2.218749672E-1
5.516651542E0,1.243382692E0,3.247273564E-1,1.490311176E-1
5.526664542E0,9.155661464E-1,2.783577442E-1,1.975227594E-1
5.536677542E0,6.710640192E-1,-9.589226544E-2,2.410760969E-1
5.546691542E0,5.209668875E-1,-6.232466102E-1,1.755459458E-1
5.556704542E0,3.426972330E-1,-1.117711902E0,-1.577714458E-2
5.566717542E0,3.407721967E-2,-1.379340291E0,-2.923548222E-1
5.576731542E0,-2.944351435E-1,-1.336078286E0,-6.244198680E-1
5.586744542E0,-5.513792038E-1,-1.092556238E0,-9.644234776E-1
5.596758542E0,-7.233381867E-1,-8.337307572E-1,-1.261899471E0
5.606771542E0,-8.496144414E-1,-6.257315874E-1,-1.467657804E0
5.616784542E0,-9.691999555E-1,-5.044238567E-1,-1.582204938E0
5.626798542E0,-1.066584110E0,-4.954291284E-1,-1.594726324E0
5.636811542E0,-1.156650305E0,-6.639952064E-1,-1.535877705E0
5.646824542E0,-1.226836920E0,-9.308001995E-1,-1.413183212E0
5.656838542E0,-1.283613443E0,-1.205555081E0,-1.276572347E0
5.666851542E0,-1.321151257E0,-1.392894983E0,-1.157807350E0
5.676864542E0,-1.387337446E0,-1.490382671E0,-1.079791427E0
5.686878542E0,-1.486314774E0,-1.504249811E0,-1.065429688E0
5.696891542E0,-1.627787828E0,-1.430008292E0,-1.077920794E0
5.706904542E0,-1.789457440E0,-1.287179232E0,-1.072986007E0
5.716918542E0,-1.900131822E0,-1.107542872E0,-1.029029965E0
5.726931542E0,-1.948244452E0,-9.551756978E-1,-9.426339269E-1
5.736944542E0,-1.945894480E0,-8.306079507E-1,-8.564457893E-1
5.746958542E0,-1.956614494E0,-6.549261212E-1,-7.408945560E-1
5.756971542E0,-2.049317122E0,-4.706282020E-1,-6.089056134E-1
5.766984542E0,-2.125222445E0,-2.969055474E-1,-4.691433907E-1
5.776998292E0,-2.190791607E0,-2.375210375E-1,-3.241646290E-1
5.787011292E0,-2.268290758E0,-2.653032243E-1,-1.848221570E-1
5.797024292E0,-2.340651035E0,-3.132350445E-1,-4.281735420E-2
5.807038292E0,-2.357661486E0,-3.427289724E-1,7.102445513E-2
5.817051292E0,-2.304301262E0,-3.165008426E-1,1.734464467E-1
5.827064292E0,-2.222987413E0,-2.378695011E-1,2.580096424E-1
5.837078292E0,-2.112216949E0,-1.033915728E-1,3.018742800E-1
5.847091292E0,-1.975761652E0,1.091828123E-1,3.097422123E-1
5.857104292E0,-1.889531255E0,3.304318488E-1,3.578729928E-1
5.867118292E0,-1.808084011E0,4.741005003E-1,4.325022697E-1
5.877131292E0,-1.687416434E0,4.807600081E-1,4.952277243E-1
5.887144292E0,-1.537875056E0,3.832091689E-1,5.468786955E-1
5.897158292E0,-1.385441542E0,2.403691858E-1,6.221215129E-1
5.907171292E0,-1.202015281E0,8.559855074E-2,7.363060117E-1
5.917184292E0,-9.554566741E-1,-5.826914310E-2,8.643659949E-1
5.927198292E0,-6.404954195E-1,-8.464805782E-2,9.665884376E-1
5.937211292E0,-3.551536798E-1,1.627775654E-2,1.044426560E0
5.947224292E0,-9.515994787E-2,1.372188628E-1,1.109568357E0
5.957238292E0,1.703771949E-1,1.263443679E-1,1.066120386E0
5.967251292E0,4.526495934E-1,1.254621148E-1,8.487618566E-1
5.977264292E0,6.492140293E-1,2.562752664E-1,5.269769430E-1
5.987278292E0,7.584574819E-1,5.560791492E-1,1.990760863E-1
5.997291292E0,8.224899769E-1,8.312864900E-1,4.381437786E-3
6.007304292E0,9.998438954E-1,9.000940919E-1,-6.243051961E-3
6.017318292E0,1.402749777E0,6.536158919E-1,1.466751248E-1
6.027331292E0,1.940325737E0,2.018041611E-1,3.461472392E-1
6.037345292E0,2.376452923E0,-1.953855306E-1,4.947487116E-1
6.047358292E0,2.620745420E0,-5.468268991E-1,5.439317822E-1
6.057371292E0,2.743575096E0,-7.478817105E-1,4.857097566E-1
6.067385292E0,2.613347054E0,-6.878344417E-1,3.879538774E-1
6.077398292E0,2.194640636E0,-4.216775894E-1,2.968146503E-1
6.087411292E0,1.655522823E0,-2.279834449E-1,2.576545477E-1
6.097425292E0,1.092225313E0,-3.078064024E-1,2.100816965E-1
6.107438292E0,5.454779863E-1,-5.521143675E-1,1.276761293E-1
6.117451292E0,3.566745669E-2,-7.299123406E-1,2.753061429E-2
6.127465292E0,-4.276790619E-1,-7.547563910E-1,-1.209482551E-1
6.137478292E0,-8.624041677E-1,-5.919017196E-1,-2.786742151E-1
6.147491292E0,-1.198678970E0,-2.525632083E-1,-3.989993930E-1
6.157505292E0,-1.442248464E0,8.526436239E-2,-4.520602226E-1
6.167518292E0,-1.575173259E0,2.626764774E-1,-4.663959742E-1
6.177531292E0,-1.558067203E0,2.203809321E-1,-4.298249185E-1
6.187545292E0,-1.563336968E0,-5.556238443E-2,-3.725897074E-1
6.197558292E0,-1.620809078E0,-4.183389843E-1,-2.607619762E-1
6.207571292E0,-1.677578330E0,-7.158662081E-1,-1.381266862E-1
6.217585292E0,-1.763014674E0,-9.186312556E-1,-3.109824657E-2
6.227598292E0,-1.828656077E0,-9.873703122E-1,7.450082898E-2
6.237611292E0,-1.897332311E0,-9.243716598E-1,1.719506979E-1
6.247625292E0,-1.902203202E0,-7.517747879E-1,2.805806100E-1
6.257638292E0,-1.852993608E0,-5.432727337E-1,3.893928230E-1
6.267651292E0,-1.758797884E0,-3.425439894E-1,4.965734780E-1
6.277665292E0,-1.642034531E0,-1.343934387E-1,6.122121811E-1
6.287678292E0,-1.531908274E0,2.102541365E-2,7.117593884E-1
6.297691292E0,-1.413430095E0,1.638911664E-2,8.306388855E-1
6.307705292E0,-1.286668897E0,-9.265230596E-2,9.849764705E-1
6.317718292E0,-1.133208752E0,-1.997334808E-1,1.090863824E0
6.327731292E0,-9.828885794E-1,-1.808758974E-1,1.131964087E0
6.337745292E0,-8.653899431E-1,1.619615033E-2,1.147799492E0
6.347758292E0,-7.622677088E-1,3.401103020E-1,1.180733800E0
6.357771292E0,-6.202953458E-1,6.650665402E-1,1.237824559E0
6.367785292E0,-4.027351439E-1,8.623027205E-1,1.275119662E0
6.377798292E0,-1.007758155E-1,9.323904514E-1,1.273036242E0
6.387811292E0,1.747403592E-1,8.702799082E-1,1.263231993E0
6.397825292E0,4.340547621E-1,7.786275148E-1,1.252482891E0
6.407838292E0,6.608112454E-1,7.379570007E-1,1.170378327E0
6.417851292E0,7.670431733E-1,8.629849553E-1,1.005163074E0
6.427865292E0,7.986153364E-1,1.095675111E0,8.558716774E-1
6.437878292E0,8.856490850E-1,1.211453915E0,7.045788169E-1
6.447891292E0,1.095536590E0,1.146953106E0,5.378285050E-1
6.457905292E0,1.314712405E0,1.020131469E0,3.327270150E-1
6.467918292E0,1.439182639E0,9.881339073E-1,1.181519032E-1
6.477931292E0,1.488194108E0,9.020629525E-1,-8.354153484E-2
6.487945292E0,1.570762634E0,7.558268905E-1,-2.811750174E-1
6.497958292E0,1.743041515E0,6.739144325E-1,-4.345155656E-1
6.507971292E0,1.876977324E0,6.476866007E-1,-5.183641315E-1
6.517985292E0,1.953021526E0,6.645255089E-1,-5.689255595E-1
6.527998292E0,1.976532459E0,6.151337028E-1,-6.553336382E-1
6.538011292E0,1.985418916E0,4.409222603E-1,-7.938182950E-1
6.548025292E0,2.196165085E0,2.486265749E-1,-1.005476952E0
6.558038292E0,2.585888863E0,2.652305961E-1,-1.210852504E0
6.568051292E0,2.784098864E0,5.736179352E-1,-1.300736904E0
6.578065292E0,2.795993567E0,9.782975316E-1,-1.270014644E0
6.588078292E0,2.741773844E0,1.205173373E0,-1.193650603E0
6.598091292E0,2.620576620E0,1.058179975E0,-1.088486910E0
6.608105292E0,2.435617447E0,6.368149519E-1,-9.898441434E-1
6.618118292E0,2.338676453E0,2.857165933E-1,-9.276577830E-1
6.628131292E0,2.192299843E0,1.879580170E-1,-8.328634501E-1
6.638145292E0,1.887723684E0,3.878493011E-1,-6.961542964E-1
6.648158292E0,1.434234023E0,6.677559018E-1,-5.511121750E-1
6.658171292E0,9.165410399E-1,7.332358360E-1,-4.293934703E-1
6.668185292E0,4.005657434E-1,5.628513098E-1,-3.157183826E-1
6.678198292E0,-6.659825891E-2,3.093271852E-1,-1.848498732E-1
6.688211292E0,-4.100982845E-1,1.027828977E-1,-7.968080044E-2
6.698225292E0,-6.254529357E-1,-1.946125738E-2,-5.304998904E-2
6.708238292E0,-7.515338063E-1,-6.160376221E-2,-9.485967457E-2
6.718251292E0,-7.511279583E-1,-2.894302458E-2,-2.111050636E-1
6.728265292E0,-5.781489015E-1,9.912257642E-2,-4.055883586E-1
6.738278292E0,-2.417538613E-1,3.024283051E-1,-5.457816720E-1
6.748291292E0,3.768741339E-2,4.742453992E-1,-4.215827882E-1
6.758305292E0,1.163502708E-1,4.041208923E-1,-2.856864929E-1
6.768318292E0,2.498391569E-1,-4.411352798E-3,-2.173419893E-1
6.778330667E0,4.407385588E-1,-6.326249242E-1,-1.914123893E-1
6.788344667E0,5.215519071E-1,-1.160118461E0,-2.316109538E-1
6.798357667E0,3.632911444E-1,-1.361404181E0,-2.427312434E-1
6.808370667E0,2.947987616E-2,-1.178351879E0,-1.369634718E-1
6.818384667E0,-3.105152249E-1,-8.799762130E-1,-2.643775940E-2
6.828397667E0,-5.577614307E-1,-5.546763539E-1,8.526116610E-2
6.838410667E0,-6.624577641E-1,-3.483300805E-1,2.130963504E-1
6.848424667E0,-5.949339271E-1,-3.085690439E-1,3.379798234E-1
6.858437667E0,-4.399510324E-1,-3.575461805E-1,4.824438095E-1
6.868451667E0,-2.988287508E-1,-3.719376624E-1,6.506763101E-1
6.878464667E0,-2.166236490E-1,-3.296192288E-1,8.186831474E-1
6.888477667E0,-1.738942713E-1,-3.337795734E-1,9.793958068E-1
6.898491667E0,-8.517291397E-2,-4.362966418E-1,1.144838333E0
6.908504667E0,5.113230273E-2,-6.248233914E-1,1.349355698E0
6.918517667E0,1.716880202E-1,-7.941405177E-1,1.554232597E0
6.928531667E0,2.805771232E-1,-8.683378696E-1,1.784864187E0
6.938544667E0,3.073461652E-1,-7.928196788E-1,2.016277075E0
6.948557667E0,3.098958433E-1,-6.625087857E-1,2.213535547E0
6.958571667E0,3.820818961E-1,-5.528951883E-1,2.387089014E0
6.968584667E0,4.756454527E-1,-5.138731003E-1,2.538575888E0
6.978597667E0,5.087149739E-1,-5.099838376E-1,2.599581242E0
6.988611667E0,4.751517773E-1,-5.157563090E-1,2.613225698E0
6.998624667E0,4.033678770E-1,-4.335610271E-1,2.632928371E0
7.008637667E0,3.652516305E-1,-3.751531541E-1,2.640357971E0
7.018651667E0,3.303618133E-1,-3.894767165E-1,2.584147930E0
7.028664667E0,2.639237046E-1,-3.772023022E-1,2.496705532E0
7.038677667E0,1.584630609E-1,-3.377744853E-1,2.384623289E0
7.048691667E0,1.424738020E-1,-3.188755810E-1,2.293231726E0
7.058704667E0,3.183987737E-1,-5.087832212E-1,2.198842525E0
7.068717667E0,5.894587636E-1,-8.109813333E-1,2.102249622E0
7.078731667E0,7.513371706E-1,-1.003839731E0,2.047652483E0
7.088744667E0,7.915570140E-1,-1.010027885E0,2.028290749E0
7.098757667E0,8.289256692E-1,-9.338783026E-1,1.930038333E0
7.108771667E0,9.105168581E-1,-8.816726804E-1,1.777222872E0
7.118784667E0,1.083472967E0,-8.384884596E-1,1.607149959E0
7.128797667E0,1.240715384E0,-7.725473642E-1,1.406870008E0
7.138811667E0,1.310105920E0,-6.622472405E-1,1.161308408E0
7.148824667E0,1.326786280E0,-5.565209389E-1,8.877809644E-1
7.158837667E0,1.269826055E0,-4.587245584E-1,5.240365267E-1
7.168851667E0,1.135728598E0,-2.805910110E-1,1.242103055E-1
7.178864667E0,8.912736177E-1,-9.502274543E-2,-2.444582731E-1
7.188877667E0,5.866582990E-1,-6.067629904E-2,-5.213128924E-1
7.198891667E0,2.990461886E-1,-1.728923172E-1,-6.946692467E-1
7.208904667E0,6.659527868E-2,-4.194045067E-1,-7.698237300E-1
7.218917667E0,-6.606130302E-2,-7.747482061E-1,-8.084560633E-1
7.228931667E0,-1.191850603E-1,-1.081201196E0,-8.584408164E-1
7.238944667E0,-1.598270237E-1,-1.188099384E0,-9.651837945E-1
7.248957667E0,-2.964564264E-1,-1.051611066E0,-1.118394494E0
7.258971667E0,-5.345680714E-1,-7.313014269E-1,-1.307586432E0
7.268984667E0,-8.185298443E-1,-4.059805870E-1,-1.471611857E0
7.278997667E0,-1.058403134E0,-1.946941614E-1,-1.562841058E0
7.289011667E0,-1.212827563E0,-2.238953263E-1,-1.574470043E0
7.299024667E0,-1.322255492E0,-4.690797627E-1,-1.529889464E0
7.309037667E0,-1.394313574E0,-8.179606795E-1,-1.459996462E0
7.319051667E0,-1.449945688E0,-1.080166698E0,-1.417106867E0
7.329064667E0,-1.526985288E0,-1.110841870E0,-1.360585570E0
7.339077667E0,-1.668631554E0,-9.763622284E-1,-1.259393215E0
7.349091667E0,-1.757544875E0,-7.973043323E-1,-1.159882545E0
7.359104667E0,-1.732676387E0,-6.880081892E-1,-1.088473558E0
7.369117667E0,-1.669279695E0,-6.342937946E-1,-1.002547741E0
7.379131667E0,-1.655914664E0,-6.057987809E-1,-8.879801631E-1
7.389144667E0,-1.702477336E0,-5.654748082E-1,-7.676236033E-1
7.399157667E0,-1.791581035E0,-5.487562418E-1,-6.577367783E-1
7.409171667E0,-1.893106222E0,-5.315456986E-1,-5.788910985E-1
7.419184667E0,-2.000945091E0,-4.846437573E-1,-4.965935349E-1
7.429197667E0,-2.146259785E0,-4.057375193E-1,-3.889338970E-1
7.439211667E0,-2.228145838E0,-2.959494889E-1,-2.800550759E-1
7.449224667E0,-2.236398935E0,-1.748011559E-1,-1.559641808E-1
7.459237667E0,-2.203401089E0,-7.743572444E-2,-1.458495855E-2
7.469251667E0,-2.137925386E0,-3.511923552E-2,1.284120530E-1
7.479264667E0,-2.050628901E0,-3.409098834E-2,2.544607818E-1
7.489277667E0,-1.936256051E0,-4.505202547E-2,3.386526406E-1
7.499291667E0,-1.840775013E0,-2.189344354E-2,4.067469835E-1
7.509304667E0,-1.775391340E0,3.691740707E-2,4.630540013E-1
7.519317667E0,-1.700464845E0,1.065886319E-1,5.186589360E-1
7.529331667E0,-1.590181828E0,1.613733619E-1,5.929544568E-1
7.539344667E0,-1.450889468E0,2.297939658E-1,6.589103341E-1
7.549357667E0,-1.250300646E0,3.062258065E-1,6.868820786E-1
7.559371667E0,-1.038255453E0,3.253600895E-1,7.302204967E-1
7.569384667E0,-8.093370199E-1,2.999092042E-1,7.783849239E-1
7.579397667E0,-5.554349422E-1,2.580507100E-1,8.183994889E-1
7.589411667E0,-3.334766924E-1,1.999342889E-1,8.393860459E-1
7.599424667E0,-1.835686713E-1,1.654604673E-1,8.417208195E-1
7.609437667E0,-8.268693835E-2,7.716841996E-2,7.849909067E-1
7.619451667E0,2.071934380E-2,-3.681966290E-2,6.736369729E-1
7.629464667E0,1.332822144E-1,-9.872708470E-2,5.666347146E-1
7.639477667E0,3.252806664E-1,-2.345124073E-2,4.827916920E-1
7.649491667E0,6.005542278E-1,1.132467985E-1,4.470794499E-1
7.659504667E0,9.585433006E-1,2.776187062E-1,4.502446055E-1
7.669517667E0,1.321569800E0,3.961027265E-1,4.626480341E-1
7.679531667E0,1.623234510E0,4.345105588E-1,4.316123724E-1
7.689544667E0,1.801336408E0,3.959753513E-1,3.664307892E-1
7.699557667E0,1.889479041E0,3.417778909E-1,2.894966006E-1
7.709571667E0,1.920272112E0,2.819319963E-1,1.874583364E-1
7.719584667E0,1.930783868E0,3.495635092E-1,6.284849346E-2
7.729597667E0,1.879484653E0,4.730448127E-1,-3.886699304E-2
7.739611667E0,1.741699815E0,5.655161738E-1,-5.363155901E-2
7.749624667E0,1.451339483E0,4.819141328E-1,-6.348911673E-2
7.759637667E0,1.049798727E0,2.694926560E-1,-7.536175102E-2
7.769651667E0,6.096025109E-1,-6.091282517E-2,-9.334688634E-2
7.779665042E0,1.901091188E-1,-4.062241316E-1,-1.290465742E-1
7.789678042E0,-1.538928747E-1,-6.242099404E-1,-2.152835727E-1
7.799692042E0,-4.522611797E-1,-6.295945644E-1,-3.103094101E-1
7.809705042E0,-7.604385614E-1,-4.475561976E-1,-3.774118423E-1
7.819718042E0,-1.073455691E0,-1.738817990E-1,-3.876799345E-1
7.829732042E0,-1.350715160E0,2.524621785E-2,-3.852857053E-1
7.839745042E0,-1.561717153E0,9.314484149E-2,-3.802848458E-1
7.849758042E0,-1.750516176E0,1.010199562E-1,-3.417581618E-1
7.859772042E0,-1.860253096E0,9.055639803E-2,-3.055447638E-1
7.869785042E0,-1.915611386E0,9.270454198E-2,-2.513456345E-1
7.879798042E0,-2.004180908E0,8.694732189E-2,-1.653679013E-1
7.889812042E0,-2.122076035E0,4.891030863E-2,-5.089534819E-2
7.899825042E0,-2.221131563E0,7.462998386E-3,6.950137019E-2
7.909838042E0,-2.239295959E0,-4.163937643E-2,1.898587644E-1
7.919852042E0,-2.173420668E0,-5.781009048E-2,3.132704496E-1
7.929865042E0,-2.056594372E0,2.799194772E-3,3.844096065E-1
7.939878042E0,-1.975600839E0,1.052613854E-1,4.130047858E-1
7.949892042E0,-1.948241591E0,1.926409155E-1,4.309003353E-1
7.959905042E0,-1.900331259E0,2.735370994E-1,4.446475506E-1
7.969918042E0,-1.819823503E0,3.150728345E-1,4.789630175E-1
7.979932042E0,-1.693473577E0,3.757188618E-1,5.278964639E-1
7.989945042E0,-1.548141718E0,4.926006496E-1,6.156420112E-1
7.999958042E0,-1.411865354E0,6.745957136E-1,7.278969288E-1
8.009972042E0,-1.271504402E0,8.367372751E-1,8.853902817E-1
8.019985042E0,-1.106714725E0,8.932977319E-1,1.061191916E0
8.029998042E0,-9.003723264E-1,8.594620824E-1,1.250771761E0
8.040012042E0,-7.097269893E-1,7.940340638E-1,1.442066073E0
8.050025042E0,-5.548439622E-1,7.297280431E-1,1.585963845E0
8.060038042E0,-3.977742493E-1,6.634962559E-1,1.640817285E0
8.070052042E0,-2.257915437E-1,6.652297974E-1,1.568660975E0
8.080065042E0,-8.056004345E-2,7.612458467E-1,1.425995469E0
8.090078042E0,2.494511195E-2,9.711098075E-1,1.252075672E0
8.100092042E0,8.603696525E-2,1.146211624E0,1.109036446E0
8.110105042E0,1.425409019E-1,1.282693386E0,1.011654973E0
8.120118042E0,2.121258378E-1,1.346987724E0,9.374861717E-1
8.130132042E0,3.449486792E-1,1.288275838E0,8.919458985E-1
8.140145042E0,5.373508930E-1,1.112209439E0,8.247905970E-1
8.150158042E0,7.393586636E-1,9.328395724E-1,7.228296399E-1
8.160172042E0,9.464170337E-1,8.735808134E-1,5.872792602E-1
8.170185042E0,1.077931643E0,9.076355100E-1,4.407067001E-1
8.180198042E0,1.182874918E0,9.183243513E-1,3.000944555E-1
8.190212042E0,1.362008572E0,8.149434328E-1,1.120770648E-1
8.200225042E0,1.556117773E0,6.684551835E-1,-1.283930689E-1
8.210238042E0,1.704597473E0,5.148942471E-1,-3.402923644E-1
8.220252042E0,1.846391082E0,4.012494683E-1,-4.996231496E-1
8.230265042E0,1.995333672E0,2.924619317E-1,-6.295407414E-1
8.240278042E0,2.262952089E0,3.116814494E-1,-7.758271098E-1
8.250292042E0,2.652359486E0,5.617382526E-1,-8.569843769E-1
8.260305042E0,2.923737526E0,9.588581920E-1,-8.351565599E-1
8.270318042E0,3.023572206E0,1.282424450E0,-7.279010415E-1
8.280332042E0,2.990713596E0,1.252764821E0,-6.314184666E-1
8.290345042E0,2.874542475E0,8.065225482E-1,-6.184758544E-1
8.300358042E0,2.788631678E0,2.700692713E-1,-7.411807179E-1
8.310372042E0,2.772102833E0,8.545127511E-2,-8.695476055E-1
8.320385042E0,2.608614683E0,2.985321283E-1,-9.643002152E-1
8.330398042E0,2.310067177E0,7.672644258E-1,-9.707678556E-1
8.340412042E0,1.859393716E0,1.127173901E0,-8.480613828E-1
8.350425042E0,1.297605038E0,1.134430766E0,-6.497300863E-1
8.360438042E0,7.806687355E-1,8.201882243E-1,-4.504140913E-1
8.370452042E0,3.526693285E-1,3.325454295E-1,-3.069664240E-1
8.380465042E0,8.606773801E-3,-9.809329361E-2,-2.307999879E-1
8.390478042E0,-2.275359035E-1,-3.552108109E-1,-2.043291479E-1
8.400492042E0,-3.757983446E-1,-3.955851495E-1,-2.155556977E-1
8.410505042E0,-4.716206491E-1,-3.046073020E-1,-2.298178524E-1
8.420518042E0,-5.027639270E-1,-1.827391684E-1,-2.354951799E-1
8.430532042E0,-4.794160128E-1,-1.231499910E-1,-2.308917493E-1
8.440545042E0,-4.247676730E-1,-1.357214451E-1,-2.204247266E-1
8.450558042E0,-3.531839252E-1,-1.832341403E-1,-1.981307268E-1
8.460572042E0,-2.885346413E-1,-2.586148977E-1,-1.608541906E-1
8.470585042E0,-2.130257934E-1,-3.814380765E-1,-1.238280386E-1
8.480598042E0,-1.172635853E-1,-5.165005326E-1,-8.419727534E-2
8.490612042E0,-6.509479880E-2,-6.243816614E-1,-3.214486316E-2
8.500625042E0,-7.226642221E-2,-7.318623662E-1,1.795345545E-2
8.510638042E0,-1.035309657E-1,-8.092349172E-1,2.099017054E-2
8.520652042E0,-1.575990021E-1,-8.330193758E-1,-7.063034922E-3
8.530665042E0,-2.250790447E-1,-8.002305031E-1,-2.180351689E-2
8.540678042E0,-2.655175328E-1,-7.321784496E-1,-2.143493667E-2
8.550692042E0,-2.850662172E-1,-6.605265737E-1,-6.927243620E-2
8.560705042E0,-2.190352678E-1,-5.477507114E-1,-1.887615472E-1
8.570718042E0,-1.027034223E-1,-4.047535062E-1,-3.372567892E-1
8.580732042E0,9.525439888E-2,-2.503791153E-1,-4.105262160E-1
8.590745042E0,2.397807240E-1,-9.166480601E-2,-3.661228418E-1
8.600758042E0,1.937882006E-1,1.353180110E-1,-2.323650569E-1
8.610772042E0,9.910658002E-2,4.769230485E-1,-1.474274099E-1
8.620785042E0,1.203186586E-1,6.665350795E-1,-1.116907150E-1
8.630798042E0,1.698073298E-1,5.592852235E-1,-7.840011269E-2
8.640812042E0,2.648164034E-1,2.823188603E-1,-7.970000058E-2
8.650825042E0,3.915276825E-1,-2.535738051E-2,-6.048751622E-2
8.660838042E0,4.329728484E-1,-2.274814546E-1,-5.324504897E-2
8.670852042E0,3.841224909E-1,-2.770699561E-1,-1.949049346E-2
8.680865042E0,2.888630629E-1,-1.838268340E-1,4.255822673E-2
8.690878042E0,1.221058816E-1,3.301195800E-2,9.400095046E-2
8.700892042E0,-7.146998495E-2,3.544509709E-1,2.046270519E-1
8.710905042E0,-3.631388843E-1,5.218142867E-1,3.515225053E-1
8.720918042E0,-6.438463926E-1,3.762096763E-1,5.053711534E-1
8.730932042E0,-8.282973170E-1,-4.611386731E-2,6.590144634E-1
8.740945042E0,-9.145744443E-1,-6.093945503E-1,8.369407654E-1
8.750958042E0,-9.171783328E-1,-1.131674290E0,1.067080259E0
8.760972042E0,-8.731147647E-1,-1.497653842E0,1.328351259E0
8.770985042E0,-7.806950808E-1,-1.629545093E0,1.585793853E0
8.780998417E0,-6.614317894E-1,-1.521609545E0,1.797366500E0
8.791012417E0,-5.757627487E-1,-1.237374187E0,1.928029418E0
8.801025417E0,-5.576695204E-1,-9.070969224E-1,1.981132269E0
8.811038417E0,-5.700776577E-1,-6.079646945E-1,1.976700544E0
8.821052417E0,-5.410593152E-1,-4.539969862E-1,1.945264816E0
8.831065417E0,-4.943762422E-1,-4.425773919E-1,1.955906391E0
8.841078417E0,-4.573327303E-1,-5.787860751E-1,2.046259165E0
8.851092417E0,-3.170691431E-1,-8.352324367E-1,2.154277802E0
8.861105417E0,2.894444577E-2,-1.101391673E0,2.237376451E0
8.871118417E0,4.516227841E-1,-1.326031804E0,2.323644876E0
8.881132417E0,8.475956917E-1,-1.412285805E0,2.369313478E0
8.891145417E0,1.160214067E0,-1.372194409E0,2.353797674E0
8.901158417E0,1.387233138E0,-1.146872044E0,2.283326864E0
8.911172417E0,1.532454252E0,-9.222682714E-1,2.151643276E0
8.921185417E0,1.595007062E0,-7.541666031E-1,1.936216712E0
8.931198417E0,1.597750425E0,-6.578927636E-1,1.673525572E0
8.941212417E0,1.586019397E0,-6.504793167E-1,1.412024379E0
8.951225417E0,1.585053205E0,-7.426197529E-1,1.159505129E0
8.961238417E0,1.581175208E0,-8.907226920E-1,9.082508683E-1
8.971252417E0,1.543507218E0,-9.489011765E-1,6.554667950E-1
8.981265417E0,1.422612309E0,-9.468364120E-1,4.105989933E-1
8.991278417E0,1.259568572E0,-9.608160257E-1,1.884915084E-1
9.001292417E0,1.127196193E0,-1.006890535E0,-9.037527442E-2
9.011305417E0,1.024517298E0,-1.028867722E0,-4.309863448E-1
9.021318417E0,8.895407915E-1,-9.995723963E-1,-7.643605471E-1
9.031331417E0,7.057861090E-1,-9.165747166E-1,-1.056031942E0
9.041345417E0,5.179712176E-1,-8.157977462E-1,-1.329890609E0
9.051358417E0,3.656373918E-1,-7.169441581E-1,-1.577941298E0
9.061372417E0,1.895997673E-1,-6.535859108E-1,-1.775870919E0
9.071385417E0,-2.768462524E-2,-6.086598635E-1,-1.890532732E0
9.081398417E0,-2.015331239E-1,-5.479504466E-1,-1.963054895E0
9.091411417E0,-2.790483832E-1,-5.444187522E-1,-1.974175692E0
9.101425417E0,-3.474186659E-1,-7.150046229E-1,-1.914921165E0
9.111438417E0,-4.639548063E-1,-1.045771480E0,-1.782428145E0
9.121451417E0,-6.336207986E-1,-1.384486675E0,-1.631315351E0
9.131465417E0,-8.216733336E-1,-1.607272387E0,-1.517407179E0
9.141478417E0,-9.821798801E-1,-1.651492000E0,-1.465623856E0
9.151491417E0,-1.133310318E0,-1.457031965E0,-1.468459129E0
9.161505417E0,-1.359448671E0,-1.104156733E0,-1.443277836E0
9.171518417E0,-1.602373004E0,-7.989606261E-1,-1.393871188E0
9.181531417E0,-1.764219403E0,-6.607127786E-1,-1.340241313E0
9.191545417E0,-1.863266945E0,-6.845639944E-1,-1.294638395E0
9.201558417E0,-1.919783831E0,-7.680304050E-1,-1.212317705E0
9.211571417E0,-1.983408332E0,-8.934075832E-1,-1.051917195E0
9.221585417E0,-2.057061195E0,-1.035803318E0,-8.726979494E-1
9.231598417E0,-2.095274925E0,-1.088404179E0,-7.115121484E-1
9.241611417E0,-2.148070574E0,-1.001202941E0,-5.596411228E-1
9.251625417E0,-2.249369621E0,-8.022236228E-1,-4.115574956E-1
9.261638417E0,-2.336452961E0,-5.943849683E-1,-2.706027925E-1
9.271651417E0,-2.345671892E0,-4.852040410E-1,-1.411671340E-1
9.281665417E0,-2.281291485E0,-4.640936852E-1,-2.682990581E-2
9.291678417E0,-2.172433853E0,-4.930837750E-1,9.755161405E-2
9.301691417E0,-2.020353079E0,-5.557420850E-1,2.410161048E-1
9.311705417E0,-1.824961662E0,-6.504544616E-1,3.314333856E-1
9.321718417E0,-1.641591549E0,-6.077368259E-1,3.452858329E-1
9.331731417E0,-1.603598356E0,-4.209638834E-1,3.623275757E-1
9.341745417E0,-1.619130731E0,-1.928681135E-1,3.923808038E-1
9.351758417E0,-1.563437104E0,-1.365293842E-2,4.401570857E-1
9.361771417E0,-1.397817492E0,7.147414610E-3,5.047030449E-1
9.371785417E0,-1.095538259E0,-1.280088127E-1,5.976702571E-1
9.381798417E0,-7.273811102E-1,-3.110849857E-1,6.982878447E-1
9.391811417E0,-4.114391804E-1,-4.087044597E-1,8.033007383E-1
9.401825417E0,-1.340603232E-1,-3.702220321E-1,9.357842207E-1
9.411838417E0,1.551042497E-1,-2.524325550E-1,1.007372737E0
9.421851417E0,4.346275032E-1,-1.054332703E-1,9.750962853E-1
9.431865417E0,6.734108925E-1,6.540440768E-2,8.340453506E-1
9.441878417E0,8.385630846E-1,2.389468998E-1,6.947430968E-1
9.451891417E0,9.613811970E-1,3.641816080E-1,5.792463422E-1
9.461905417E0,1.136024117E0,4.031894505E-1,4.571095109E-1
9.471918417E0,1.418987989E0,4.621932209E-1,3.219400942E-1
9.481931417E0,1.672405124E0,5.573322773E-1,2.410271615E-1
9.491945417E0,1.917808414E0,7.091899514E-1,2.667171955E-1
9.501958417E0,2.132432699E0,7.778941989E-1,3.669630885E-1
9.511971417E0,2.303723812E0,6.374476552E-1,4.743807316E-1
9.521985417E0,2.422491074E0,3.227320611E-1,5.364100337E-1
9.531998417E0,2.462493658E0,9.894509614E-2,4.847111702E-1
9.542011417E0,2.346751213E0,1.355310678E-1,3.269127607E-1
9.552025417E0,1.963609695E0,4.157561362E-1,1.733902693E-1
9.562038417E0,1.352526069E0,7.454730868E-1,6.849634647E-2
9.572051417E0,6.926986575E-1,8.996070027E-1,3.017315641E-2
9.582065417E0,-3.624527715E-3,7.839350104E-1,-2.918976918E-2
9.592078417E0,-6.680647135E-1,5.243452787E-1,-2.342154458E-2
9.602091417E0,-1.261134505E0,1.954959780E-1,-2.419279702E-2
9.612105417E0,-1.743697882E0,-8.161018789E-2,-4.477055371E-2
9.622118417E0,-2.114652157E0,-2.294225395E-1,-8.885492384E-2
9.632131417E0,-2.417729616E0,-2.342628241E-1,-1.319039166E-1
9.642145417E0,-2.655899286E0,-9.943575412E-2,-1.579980999E-1
9.652158417E0,-2.782959223E0,8.687774092E-2,-1.473879367E-1
9.662171417E0,-2.801495552E0,2.292572558E-1,-6.864652038E-2
9.672185417E0,-2.698943377E0,2.702058256E-1,5.036998540E-2
9.682198417E0,-2.483306885E0,2.258178592E-1,1.833424121E-1
9.692211417E0,-2.230421066E0,1.255979985E-1,3.544379771E-1
9.702225417E0,-2.000262976E0,8.180301636E-3,5.343398452E-1
9.712238417E0,-1.800060749E0,-5.585133657E-2,6.685587764E-1
9.722251417E0,-1.640263319E0,-1.787625626E-2,7.246193886E-1
9.732265417E0,-1.598822951E0,7.492007315E-2,7.621490955E-1
9.742278417E0,-1.602906466E0,1.279262900E-1,8.052350283E-1
9.752291417E0,-1.555087328E0,1.033806652E-1,8.311197162E-1
9.762305417E0,-1.466439962E0,2.700040489E-2,8.276664019E-1
9.772318417E0,-1.338915110E0,-4.343707114E-3,8.231204748E-1
9.782331375E0,-1.167166352E0,8.421092480E-2,8.578947186E-1
9.792345375E0,-1.024776578E0,3.182120025E-1,9.062594771E-1
9.802358375E0,-9.058458805E-1,6.025848985E-1,9.604797959E-1
9.812371375E0,-7.551023364E-1,8.053762317E-1,1.051957846E0
9.822385375E0,-5.019103289E-1,8.377701044E-1,1.130920768E0
9.832398375E0,-2.087707222E-1,7.739606500E-1,1.135917544E0
9.842411375E0,-5.833046511E-3,7.629050612E-1,1.101854920E0
9.852425375E0,1.031977981E-1,8.693231344E-1,1.017684579E0
9.862438375E0,1.566855162E-1,1.048148751E0,8.733868003E-1
9.872451375E0,2.333672643E-1,1.240648508E0,7.494639158E-1
9.882465375E0,3.714068830E-1,1.351088762E0,6.777287126E-1
9.892478375E0,5.729656816E-1,1.397275090E0,6.795056462E-1
9.902491375E0,8.339812756E-1,1.417405128E0,7.416486740E-1
9.912505375E0,1.070281863E0,1.410380840E0,8.160170913E-1
9.922518375E0,1.234937906E0,1.398019552E0,8.679127693E-1
9.932531375E0,1.312037587E0,1.341115713E0,8.163404465E-1
9.942545375E0,1.336052895E0,1.248812437E0,6.505996585E-1
9.952558375E0,1.319689631E0,1.149752855E0,4.394705296E-1
9.962571375E0,1.291585803E0,1.026966214E0,2.006528825E-1
9.972585375E0,1.393545985E0,8.644245863E-1,-3.477655724E-2
9.982598375E0,1.634553790E0,6.487245560E-1,-2.398516834E-1
9.992611375E0,2.077075481E0,4.944491684E-1,-4.245454371E-1
1.000262537E1,2.828168869E0,7.920909524E-1,-5.530213714E-1
1.001263837E1,3.469912052E0,1.388155818E0,-5.531697869E-1
1.002265137E1,3.827641249E0,1.979208469E0,-5.098603964E-1
1.003266537E1,4.114538670E0,2.402693510E0,-4.879974723E-1
1.004267837E1,4.125286102E0,2.507995844E0,-4.634122550E-1
1.005269137E1,3.732912302E0,2.358438015E0,-4.157632589E-1
1.006270437E1,3.047189474E0,1.864459157E0,-1.908385456E-1
1.007271837E1,2.093326569E0,7.791455984E-1,3.596383706E-2
1.008273137E1,8.780573010E-1,-4.558447301E-1,5.588907376E-2
1.009274437E1,-3.670258522E-1,-1.026020885E0,-5.820198730E-2
1.010275837E1,-1.476842880E0,-8.057137728E-1,-2.598160505E-1
1.011277137E1,-2.355952024E0,-2.649011612E-1,-5.747116208E-1
1.012278437E1,-2.886318445E0,2.227745056E-1,-8.509599566E-1
1.013279837E1,-3.061536789E0,3.726868927E-1,-1.035681129E0
1.014281137E1,-2.908690929E0,2.446623445E-1,-1.129989743E0
1.015282437E1,-2.575015306E0,-1.416779356E-3,-1.190102220E0
1.016283837E1,-2.198669910E0,-1.510763168E-1,-1.222122431E0
1.017285137E1,-1.764751792E0,-1.319338083E-1,-1.213220596E0
1.018286437E1,-1.404734731E0,-7.090854645E-2,-1.294271469E0
1.019287837E1,-1.079218388E0,7.847333699E-2,-1.366926074E0
1.020289137E1,-6.864523888E-1,2.723914087E-1,-1.441422939E0
1.021290437E1,-2.812684178E-1,4.632293880E-1,-1.503603935E0
1.022291837E1,1.187442318E-1,6.367934346E-1,-1.525635958E0
1.023293137E1,4.971728921E-1,7.854448557E-1,-1.465676665E0
1.024294437E1,7.237586379E-1,9.407156706E-1,-1.357085466E0
1.025295837E1,8.822693825E-1,1.102888584E0,-1.250839353E0
1.026297137E1,1.091556549E0,1.185292363E0,-1.264330626E0
1.027298437E1,1.322958350E0,1.232913256E0,-1.381849170E0
1.028299837E1,1.497838855E0,1.283552408E0,-1.529445291E0
1.029301137E1,1.623481631E0,1.378720403E0,-1.642553926E0
1.030302437E1,1.711709261E0,1.559213996E0,-1.684428930E0
1.031303837E1,1.797294736E0,1.864509821E0,-1.669982553E0
1.032305137E1,1.886797667E0,2.211081505E0,-1.637589693E0
1.033306437E1,1.995593309E0,2.611269951E0,-1.580610514E0
1.034307838E1,2.118057728E0,2.991459370E0,-1.450334430E0
1.035309137E1,2.270829678E0,3.321043491E0,-1.238051295E0
1.036310437E1,2.422838449E0,3.568788767E0,-9.849641919E-1
1.037311837E1,2.591470242E0,3.859038591E0,-7.697390914E-1
1.038313137E1,2.755898476E0,4.211545467E0,-5.512676835E-1
1.039314437E1,2.923435211E0,4.367326736E0,-3.172400594E-1
1.040315837E1,3.051664591E0,4.298545361E0,-9.520167112E-2
1.041317137E1,3.146676779E0,4.023498535E0,1.359206140E-1
1.042318437E1,3.209794998E0,3.636842489E0,3.639575243E-1
1.043319837E1,3.229271650E0,3.377602816E0,7.105354667E-1
1.044321137E1,3.175049067E0,3.356093645E0,1.129874587E0
1.045322437E1,3.039251566E0,3.521580219E0,1.514534235E0
1.046323837E1,2.949789286E0,3.545459032E0,1.840635657E0
1.047325137E1,2.953530073E0,2.885577440E0,2.046352625E0
1.048326437E1,3.094584703E0,1.657744527E0,2.106566191E0
1.049327837E1,3.270495176E0,3.318132460E-1,2.034584761E0
1.050329137E1,3.307345629E0,-4.984706044E-1,1.705369830E0
1.051330437E1,3.048457623E0,-5.621896982E-1,1.120811462E0
1.052331837E1,2.546697378E0,-3.834379092E-2,5.018257499E-1
1.053333137E1,2.019393444E0,6.712628007E-1,5.165189877E-2
1.054334437E1,1.710801721E0,9.170523286E-1,-1.896113157E-1
1.055335837E1,1.759957433E0,1.671781242E-1,-2.996838689E-1
1.056337137E1,2.087352276E0,-1.227751017E0,-4.176746905E-1
1.057338437E1,2.356376648E0,-2.394835234E0,-6.798729300E-1
1.058339837E1,2.369080067E0,-2.995339394E0,-9.617895484E-1
1.059341137E1,2.129250288E0,-2.976332903E0,-1.327132463E0
1.060342437E1,1.702506542E0,-2.600775003E0,-1.746755838E0
1.061343837E1,1.274536729E0,-2.051908731E0,-2.062546015E0
1.062345137E1,9.734117389E-1,-1.651626348E0,-2.224270344E0
1.063346437E1,8.785660267E-1,-1.606420398E0,-2.251069307E0
1.064347837E1,1.112038374E0,-1.910671115E0,-2.167030573E0
1.065349137E1,1.463345647E0,-2.774887800E0,-2.034146547E0
1.066350437E1,1.517253041E0,-3.622560263E0,-1.996149302E0
1.067351837E1,1.266486049E0,-4.201121807E0,-1.988515258E0
1.068353137E1,8.673881292E-1,-4.342476368E0,-2.027212143E0
1.069354437E1,4.359368086E-1,-4.236285210E0,-2.116485596E0
1.070355837E1,1.639593244E-1,-3.990643978E0,-2.232673407E0
1.071357137E1,6.462576240E-2,-3.684872627E0,-2.299520969E0
1.072358437E1,3.452111781E-2,-3.387251616E0,-2.248086929E0
1.073359837E1,4.622790031E-3,-3.162807941E0,-2.061871052E0
1.074361138E1,-1.234074682E-2,-2.982258081E0,-1.885146737E0
1.075362437E1,-1.269997936E-2,-2.844632864E0,-1.757674217E0
1.076363837E1,1.076699700E-2,-2.783408165E0,-1.636663675E0
1.077365137E1,8.756899089E-2,-2.755685568E0,-1.598978400E0
1.078366362E1,1.334091872E-1,-2.653288603E0,-1.693283081E0
1.079367662E1,1.361439191E-2,-2.377764225E0,-1.800470829E0
1.080369062E1,-2.422094047E-1,-1.949150681E0,-1.819999456E0
1.081370362E1,-6.215912104E-1,-1.514038444E0,-1.768436670E0
1.082371662E1,-9.299948812E-1,-1.222900629E0,-1.672311187E0
1.083373062E1,-1.042560339E0,-1.207507133E0,-1.505092621E0
1.084374362E1,-1.117771745E0,-1.644436598E0,-1.275570273E0
1.085375662E1,-1.199323893E0,-2.293575287E0,-1.035725117E0
1.086377062E1,-1.269668698E0,-2.865009308E0,-8.176112175E-1
1.087378362E1,-1.374940157E0,-3.190557718E0,-6.334310770E-1
1.088379662E1,-1.492384672E0,-3.126899481E0,-5.080316067E-1
1.089381062E1,-1.686855197E0,-2.679076195E0,-4.061399698E-1
1.090382362E1,-2.015870333E0,-2.033825159E0,-3.271175623E-1
1.091383662E1,-2.301401138E0,-1.337246299E0,-3.008896410E-1
1.092385062E1,-2.495150328E0,-7.654491067E-1,-3.580203056E-1
1.093386362E1,-2.640147924E0,-4.377058148E-1,-4.230562449E-1
1.094387662E1,-2.679730892E0,-2.749709487E-1,-4.703657031E-1
1.095389062E1,-2.658806801E0,-3.380229473E-1,-4.706304371E-1
1.096390362E1,-2.585134983E0,-5.777359605E-1,-4.038338363E-1
1.097391662E1,-2.511506557E0,-8.407532573E-1,-2.914857566E-1
1.098393062E1,-2.481805325E0,-9.860867858E-1,-1.175877154E-1
1.099394362E1,-2.464320183E0,-9.400827289E-1,1.255307794E-1
1.100395662E1,-2.392713308E0,-7.190190554E-1,4.105699956E-1
1.101397062E1,-2.227429628E0,-4.416850805E-1,7.225534320E-1
1.102398362E1,-1.954129815E0,-1.935977787E-1,9.833170772E-1
1.103399662E1,-1.593191504E0,9.774927050E-3,1.119737029E0
1.104401062E1,-1.230032563E0,1.649037898E-1,1.109469175E0
1.105402362E1,-9.524099231E-1,3.013669848E-1,9.429639578E-1
1.106403662E1,-8.273960352E-1,4.916924536E-1,6.999145150E-1
1.107405062E1,-8.101546764E-1,6.620611548E-1,5.109768510E-1
1.108406362E1,-7.755706310E-1,6.455317140E-1,4.637425244E-1
1.109407662E1,-6.116456985E-1,3.982180655E-1,5.208240747E-1
1.110409062E1,-2.423348278E-1,4.637425393E-2,6.475998759E-1
1.111410362E1,3.101320863E-1,-2.522784173E-1,8.414723277E-1
1.112411662E1,9.144536257E-1,-3.681714535E-1,1.061803699E0
1.113413062E1,1.443629026E0,-2.010804266E-1,1.150058627E0
1.114414362E1,1.817037225E0,1.639587879E-1,1.097896099E0
1.115415662E1,2.124585152E0,4.925374389E-1,9.572010636E-1
1.116417062E1,2.534173965E0,7.368169427E-1,7.644603848E-1
1.117418362E1,2.948141813E0,8.486827612E-1,6.630275249E-1
1.118419662E1,3.326941729E0,7.699112296E-1,6.865562797E-1
1.119421062E1,3.606082678E0,5.383141637E-1,8.203377128E-1
1.120422362E1,3.658801556E0,2.137880474E-1,1.031305552E0
1.121423663E1,3.459336042E0,-1.070161760E-1,1.209646821E0
1.122425062E1,3.074094534E0,-2.788486481E-1,1.240939260E0
1.123426362E1,2.566370249E0,-2.239874601E-1,1.133834839E0
1.124427662E1,1.913939714E0,-3.114264086E-2,9.122944474E-1
1.125429062E1,1.037779331E0,1.649601758E-1,5.873275995E-1
1.126430362E1,8.550069481E-2,4.036164284E-1,2.214675695E-1
1.127431662E1,-8.992472887E-1,5.874283314E-1,-1.994134784E-1
1.128433062E1,-1.738091826E0,5.974354148E-1,-5.467551351E-1
1.129434362E1,-2.399496794E0,3.069256544E-1,-8.026556373E-1
1.130435662E1,-2.934324026E0,-1.238861978E-1,-9.454900026E-1
1.131437062E1,-3.209081650E0,-5.077044964E-1,-8.636204004E-1
1.132438362E1,-3.291519403E0,-8.385460973E-1,-7.524821758E-1
1.133439662E1,-3.291596889E0,-1.072477698E0,-5.905386209E-1
1.134440962E1,-3.182555914E0,-9.947467446E-1,-4.301559031E-1
1.135442362E1,-3.077365160E0,-7.801482081E-1,-2.788288593E-1
1.136443662E1,-2.963268995E0,-4.927931130E-1,-1.372656077E-1
1.137444962E1,-2.853571415E0,-2.570679188E-1,-3.587738145E-3
1.138446362E1,-2.734779119E0,-1.550166458E-1,1.449839026E-1
1.139447662E1,-2.567116261E0,-1.811378449E-1,3.079140186E-1
1.140448962E1,-2.383957386E0,-3.002208173E-1,4.757392406E-1
1.141450362E1,-2.194674969E0,-4.637011290E-1,6.134092212E-1
1.142451662E1,-2.038259029E0,-5.790964365E-1,7.614583373E-1
1.143452962E1,-1.886967182E0,-6.101544499E-1,9.548988938E-1
1.144454362E1,-1.699378610E0,-5.784433484E-1,1.161309123E0
1.145455662E1,-1.434468508E0,-5.349318981E-1,1.337668777E0
1.146456962E1,-1.123368382E0,-4.927982986E-1,1.465738416E0
1.147458362E1,-8.164438009E-1,-3.981457651E-1,1.481863976E0
1.148459662E1,-5.812264681E-1,-2.552892864E-1,1.418833256E0
1.149460962E1,-4.178117514E-1,1.242606528E-2,1.303844929E0
1.150462362E1,-2.708433270E-1,3.957787752E-1,1.205662727E0
1.151463662E1,-1.466686577E-1,7.800611854E-1,1.141354561E0
1.152464962E1,2.059676312E-2,9.627542496E-1,1.171019197E0
1.153466362E1,2.996659875E-1,9.065915942E-1,1.279159665E0
1.154467662E1,6.311467290E-1,7.123254538E-1,1.397266507E0
1.155468962E1,9.298062921E-1,5.007823706E-1,1.476309061E0
1.156470362E1,1.184226871E0,3.569069803E-1,1.417948246E0
1.157471662E1,1.325314879E0,3.359317780E-1,1.165604591E0
1.158472962E1,1.383433223E0,5.190019608E-1,8.261147141E-1
1.159474362E1,1.403391957E0,7.334731817E-1,4.723356962E-1
1.160475662E1,1.567891240E0,9.096505642E-1,1.491472572E-1
1.161476963E1,1.781379819E0,1.023169160E0,-1.224003658E-1
1.162478362E1,1.975890398E0,1.117400527E0,-2.866342962E-1
1.163479662E1,2.082992077E0,1.055528045E0,-3.564170599E-1
1.164480962E1,2.210727215E0,7.827962637E-1,-4.351829886E-1
1.165482362E1,2.434849977E0,4.134623408E-1,-5.606762767E-1
1.166483662E1,2.705198050E0,8.626292646E-2,-7.338541746E-1
1.167484962E1,3.174413919E0,-7.778855413E-2,-9.481198192E-1
1.168486362E1,3.944953203E0,1.854774356E-1,-1.150160670E0
1.169487662E1,4.473032475E0,8.618916273E-1,-1.237270117E0
1.170488962E1,4.668785095E0,1.872854233E0,-1.226446509E0
1.171490362E1,4.499951363E0,2.631520271E0,-1.005216122E0
1.172491662E1,3.969261646E0,2.568511724E0,-6.362786293E-1
1.173492962E1,3.354501724E0,1.539016247E0,-2.705930471E-1
1.174494362E1,2.728268862E0,9.568172693E-2,-3.277222067E-2
1.175495662E1,1.904661536E0,-9.526534081E-1,2.716364898E-2
1.176496962E1,8.985725641E-1,-1.097844958E0,-2.867059037E-2
1.177498362E1,-5.173463002E-2,-5.952599645E-1,-1.446823627E-1
1.178499750E1,-6.789402366E-1,-3.360648453E-2,-3.253477216E-1
1.179501050E1,-9.367435575E-1,2.407953888E-1,-4.560568631E-1
1.180502350E1,-9.644268155E-1,2.702318430E-1,-4.148843884E-1
1.181503750E1,-9.088171124E-1,1.419700980E-1,-2.701580524E-1
1.182505050E1,-8.284927011E-1,-8.645003289E-2,-1.335610449E-1
1.183506350E1,-8.091765046E-1,-2.620030940E-1,-1.042926684E-2
1.184507750E1,-8.797298074E-1,-3.309483528E-1,8.276033401E-2
1.185509050E1,-9.264270663E-1,-2.856765687E-1,1.339137554E-1
1.186510350E1,-8.952145576E-1,-1.178439036E-1,2.242471129E-1
1.187511750E1,-7.853473425E-1,1.629958600E-1,3.946732283E-1
1.188513050E1,-6.666864753E-1,4.985573292E-1,6.033552885E-1
1.189514350E1,-5.121673346E-1,8.245253563E-1,8.076573014E-1
1.190515750E1,-2.685109377E-1,1.011482954E0,1.063657403E0
1.191517050E1,-7.123635709E-2,8.088064790E-1,1.335039020E0
1.192518350E1,7.406491041E-2,2.701467574E-1,1.554990530E0
1.193519750E1,1.720383316E-1,-4.610437453E-1,1.765111208E0
1.194521050E1,2.035139650E-1,-1.281461358E0,2.018481493E0
1.195522350E1,1.395115405E-1,-1.921641588E0,2.228807211E0
1.196523750E1,-2.951024286E-2,-2.266865015E0,2.379202604E0
1.197525050E1,-2.319479436E-1,-2.287056923E0,2.495172262E0
1.198526350E1,-3.995585442E-1,-2.065733910E0,2.558055639E0
1.199527750E1,-4.579069912E-1,-1.724622965E0,2.600948334E0
1.200529050E1,-3.968625367E-1,-1.385248661E0,2.693839073E0
1.201530350E1,-2.834896743E-1,-1.184851170E0,2.756507635E0
1.202531750E1,-1.666357666E-1,-1.097966075E0,2.851567984E0
1.203533050E1,3.783416934E-3,-1.128827453E0,2.904040813E0
1.204534350E1,9.231594950E-2,-1.198356390E0,2.904956579E0
1.205535750E1,6.140345708E-2,-1.243567348E0,2.971838951E0
1.206537050E1,1.098359749E-1,-1.295870304E0,3.085527658E0
1.207538350E1,3.286094368E-1,-1.320109725E0,3.187365055E0
1.208539750E1,5.618773103E-1,-1.264645696E0,3.196905613E0
1.209541050E1,6.623937488E-1,-1.200668573E0,3.126699448E0
1.210542350E1,6.509253979E-1,-1.172533035E0,2.972131491E0
1.211543750E1,6.524479389E-1,-1.060350418E0,2.753641844E0
1.212545050E1,6.506212354E-1,-8.859562278E-1,2.478666306E0
1.213546350E1,5.861498713E-1,-7.943178415E-1,2.127054691E0
1.214547750E1,5.166475177E-1,-8.884606361E-1,1.705801487E0
1.215549050E1,4.572068453E-1,-1.129271984E0,1.322195768E0
1.216550350E1,4.364408255E-1,-1.369297028E0,9.596053362E-1
1.217551750E1,3.786174655E-1,-1.579255700E0,6.045150757E-1
1.218553050E1,2.475590259E-1,-1.723454952E0,2.346642911E-1
1.219554350E1,4.892934486E-2,-1.775891185E0,-1.591391563E-1
1.220555750E1,-1.972860098E-1,-1.770497799E0,-5.753323436E-1
1.221557050E1,-4.438679218E-1,-1.716971159E0,-9.797806144E-1
1.222558350E1,-6.838775873E-1,-1.629652739E0,-1.342877388E0
1.223559650E1,-9.338648915E-1,-1.486585975E0,-1.629312873E0
1.224561050E1,-1.176197886E0,-1.350332856E0,-1.845049977E0
1.225562350E1,-1.396115184E0,-1.293130517E0,-2.008116245E0
1.226563650E1,-1.596001863E0,-1.396945834E0,-2.082676649E0
1.227565050E1,-1.696827769E0,-1.600499511E0,-2.089255333E0
1.228566350E1,-1.708549380E0,-1.734974027E0,-2.076937914E0
1.229567650E1,-1.748328209E0,-1.754635572E0,-2.044177055E0
1.230569050E1,-1.798500299E0,-1.642893553E0,-1.989648700E0
1.231570350E1,-1.826668739E0,-1.426697135E0,-1.926854968E0
1.232571650E1,-1.772625208E0,-1.135439754E0,-1.887482762E0
1.233573050E1,-1.732453585E0,-9.772512317E-1,-1.756522417E0
1.234574350E1,-1.742591739E0,-1.070063114E0,-1.585796714E0
1.235575650E1,-1.738733292E0,-1.167606473E0,-1.445748687E0
1.236577050E1,-1.796757102E0,-1.185295463E0,-1.301619530E0
1.237578350E1,-1.977841854E0,-1.060668945E0,-1.166255593E0
1.238579650E1,-2.231459618E0,-8.590988517E-1,-1.037899494E0
1.239581050E1,-2.445989370E0,-7.359581590E-1,-9.282274842E-1
1.240582350E1,-2.572253704E0,-7.000936270E-1,-8.472386599E-1
1.241583650E1,-2.627575397E0,-6.291642785E-1,-7.796694636E-1
1.242585050E1,-2.656526327E0,-4.866763651E-1,-7.072674036E-1
1.243586350E1,-2.704873562E0,-2.984284461E-1,-5.918460488E-1
1.244587650E1,-2.774881840E0,-1.692704558E-1,-4.545286894E-1
1.245589050E1,-2.814623833E0,-1.192828864E-1,-3.069569767E-1
1.246590350E1,-2.794681311E0,-1.165701896E-1,-1.652086377E-1
1.247591650E1,-2.703599930E0,-1.214837581E-1,-2.860902250E-2
1.248593050E1,-2.548863411E0,-8.209853619E-2,1.161963642E-1
1.249594350E1,-2.369885921E0,1.314565167E-2,2.581563294E-1
1.250595650E1,-2.184167624E0,1.789732277E-1,3.942196369E-1
1.251597050E1,-1.974926949E0,3.972693384E-1,5.343357325E-1
1.252598350E1,-1.823017240E0,6.137390733E-1,6.694059372E-1
1.253599650E1,-1.710733652E0,7.880370021E-1,8.184542656E-1
1.254600950E1,-1.562855244E0,8.163599968E-1,9.511835575E-1
1.255602350E1,-1.359531522E0,6.688168645E-1,9.824472666E-1
1.256603650E1,-1.142498016E0,4.242553115E-1,9.906730056E-1
1.257604950E1,-8.942730427E-1,1.498043835E-1,1.016074538E0
1.258606350E1,-5.502477288E-1,-1.778959930E-1,1.048827410E0
1.259607650E1,-7.881628722E-2,-4.579311013E-1,9.941178560E-1
1.260608950E1,4.090995789E-1,-5.315936208E-1,8.590663075E-1
1.261610350E1,7.451688051E-1,-2.996783853E-1,7.888059020E-1
1.262611650E1,9.228027463E-1,1.083794162E-1,7.815447450E-1
1.263612950E1,1.043774486E0,4.004541934E-1,8.337902427E-1
1.264614350E1,1.288133979E0,3.395783007E-1,8.393727541E-1
1.265615650E1,1.676683187E0,2.748449147E-2,7.585337162E-1
1.266616950E1,2.077208042E0,-3.289420605E-1,6.383026242E-1
1.267618350E1,2.415695667E0,-6.096260548E-1,5.794976354E-1
1.268619650E1,2.667380333E0,-6.980384588E-1,5.729174614E-1
1.269620950E1,2.814332008E0,-6.648257971E-1,6.059817672E-1
1.270622350E1,2.948850155E0,-6.135037541E-1,6.457228065E-1
1.271623650E1,3.076118469E0,-5.590170622E-1,6.631226540E-1
1.272624950E1,3.165344000E0,-4.359830320E-1,6.534596086E-1
1.273626350E1,3.150471449E0,-1.670302451E-1,6.456574202E-1
1.274627650E1,2.944145679E0,1.225336641E-1,6.318832636E-1
1.275628950E1,2.552612782E0,3.339751065E-1,6.251286268E-1
1.276630350E1,2.031515360E0,3.885403275E-1,5.970892906E-1
1.277631650E1,1.441796184E0,2.819345891E-1,4.973626435E-1
1.278632967E1,7.741935849E-1,4.297446087E-2,3.101504147E-1
1.279634367E1,2.159187198E-2,-2.520327270E-1,-3.426420689E-2
1.280635667E1,-7.414290309E-1,-4.173212647E-1,-3.252752721E-1
1.281636967E1,-1.369191408E0,-4.037778378E-1,-5.466363430E-1
1.282638367E1,-1.871616721E0,-2.805017233E-1,-6.735625863E-1
1.283639667E1,-2.284779549E0,-1.212419793E-1,-7.100340128E-1
1.284640967E1,-2.630142689E0,2.392293140E-2,-6.731330156E-1
1.285642267E1,-2.908648729E0,8.003493398E-2,-5.998744965E-1
1.286643667E1,-3.108796597E0,5.572666973E-2,-5.189753771E-1
1.287644967E1,-3.224374294E0,-1.918870024E-2,-4.290083945E-1
1.288646267E1,-3.293830872E0,-9.199819714E-2,-3.562186360E-1
1.289647667E1,-3.328134537E0,-7.078497112E-2,-2.946613431E-1
1.290648967E1,-3.328743219E0,6.836252660E-2,-2.356712520E-1
1.291650267E1,-3.329874277E0,2.295351326E-1,-1.630059332E-1
1.292651667E1,-3.288714886E0,3.384914696E-1,-5.529784784E-2
1.293652967E1,-3.162643433E0,3.805567622E-1,1.011333093E-1
1.294654267E1,-2.945725918E0,3.672689199E-1,3.258191347E-1
1.295655667E1,-2.697258472E0,2.891932428E-1,5.804836154E-1
1.296656967E1,-2.451404333E0,1.948164254E-1,8.475896120E-1
1.297658267E1,-2.155445099E0,1.183643639E-1,1.091362238E0
1.298659667E1,-1.848868370E0,6.100467220E-2,1.297105789E0
1.299660967E1,-1.532956839E0,4.724183679E-2,1.414330006E0
1.300662267E1,-1.260616183E0,1.469548345E-1,1.463852286E0
1.301663667E1,-1.095657587E0,3.183068931E-1,1.477321386E0
1.302664967E1,-9.752358794E-1,5.291845202E-1,1.501146078E0
1.303666267E1,-8.602885604E-1,6.829625368E-1,1.558849454E0
1.304667667E1,-7.123475671E-1,6.850957274E-1,1.617824316E0
1.305668967E1,-4.513157606E-1,5.533739328E-1,1.650000691E0
1.306670267E1,-1.051386595E-1,3.530203402E-1,1.588551164E0
1.307671667E1,2.587389052E-1,2.430166304E-1,1.456013083E0
1.308672967E1,6.132935286E-1,3.711673915E-1,1.244235277E0
1.309674267E1,8.143453598E-1,6.751918197E-1,1.064391971E0
1.310675667E1,8.949699402E-1,9.855744839E-1,9.573928714E-1
1.311676967E1,1.052598834E0,1.147309303E0,9.057276249E-1
1.312678267E1,1.279206157E0,1.075224638E0,8.651030064E-1
1.313679567E1,1.496417880E0,9.336388111E-1,7.580858469E-1
1.314680967E1,1.614916563E0,9.183852673E-1,5.522618294E-1
1.315682267E1,1.545572519E0,1.022760868E0,2.949414849E-1
1.316683567E1,1.401289701E0,1.109566689E0,5.252777785E-2
1.317684967E1,1.378814578E0,9.827982783E-1,-1.936634481E-1
1.318686267E1,1.602915645E0,6.442402005E-1,-3.874928355E-1
1.319687567E1,1.957042336E0,1.452251226E-1,-5.633047819E-1
1.320688967E1,2.363629341E0,-2.747111917E-1,-7.383048534E-1
1.321690267E1,2.687480927E0,-5.748255253E-1,-9.029335976E-1
1.322691567E1,2.912490368E0,-6.911776662E-1,-1.124339938E0
1.323692967E1,3.187719345E0,-6.351469755E-1,-1.439149499E0
1.324694267E1,3.770332098E0,-1.927743405E-1,-1.792474747E0
1.325695567E1,4.358331680E0,5.897715092E-1,-1.993763328E0
1.326696967E1,4.589782238E0,1.397272468E0,-2.072748184E0
1.327698267E1,4.660293102E0,2.213907957E0,-2.066931009E0
1.328699567E1,4.513216972E0,2.642654657E0,-1.863359332E0
1.329700967E1,4.149923801E0,2.425587654E0,-1.541445017E0
1.330702267E1,3.601430416E0,1.645650506E0,-1.244950056E0
1.331703567E1,2.842535496E0,5.162432790E-1,-1.051765800E0
1.332704967E1,1.824523926E0,-5.206427574E-1,-1.021585822E0
1.333706267E1,5.986136794E-1,-9.943089485E-1,-1.166653872E0
1.334707567E1,-5.508494973E-1,-8.171597123E-1,-1.360573292E0
1.335708967E1,-1.311063409E0,-3.543641567E-1,-1.512024641E0
1.336710267E1,-1.474687219E0,-2.821292263E-3,-1.445997238E0
1.337711567E1,-1.177175164E0,1.593652964E-1,-1.233605623E0
1.338712967E1,-8.992018700E-1,9.318360686E-2,-8.329224586E-1
1.339714267E1,-7.541223764E-1,4.871410877E-2,-4.305801392E-1
1.340715567E1,-6.954513192E-1,1.655004546E-2,-1.648811102E-1
1.341716867E1,-6.423587799E-1,3.090163134E-2,-4.276536778E-2
1.342718267E1,-5.787028670E-1,8.663520217E-2,5.394971929E-3
1.343719567E1,-4.692995548E-1,1.705642194E-1,7.946582139E-2
1.344720867E1,-3.525969088E-1,2.555174828E-1,2.185603380E-1
1.345722267E1,-2.173600793E-1,2.729146481E-1,3.718579113E-1
1.346723567E1,-1.753325574E-2,2.681731582E-1,5.197866559E-1
1.347724867E1,2.616253793E-1,2.421955019E-1,6.272090077E-1
1.348726267E1,6.135538816E-1,2.370532006E-1,8.025544286E-1
1.349727567E1,8.665594459E-1,1.791474372E-1,1.009302616E0
1.350728867E1,1.068795919E0,-3.132377565E-2,1.131424189E0
1.351730267E1,1.323757410E0,-2.256597728E-1,1.202430844E0
1.352731567E1,1.528279662E0,-3.269701600E-1,1.246230006E0
1.353732867E1,1.640325308E0,-3.170446754E-1,1.208860278E0
1.354734267E1,1.685274482E0,-1.750835776E-1,1.144438386E0
1.355735567E1,1.584771633E0,1.300537735E-1,1.178246260E0
1.356736867E1,1.339869738E0,5.694386363E-1,1.315798759E0
1.357738267E1,1.240908742E0,8.979572058E-1,1.551674724E0
1.358739567E1,1.424682021E0,9.270144105E-1,1.848182201E0
1.359740867E1,1.783464074E0,5.419522524E-1,2.126294851E0
1.360742267E1,2.243889570E0,-1.124140900E-2,2.439381361E0
1.361743567E1,2.564697504E0,-6.186832190E-1,2.804018021E0
1.362744867E1,2.686007500E0,-1.106269956E0,3.080083370E0
1.363746167E1,2.610591888E0,-1.163579226E0,3.213559389E0
1.364747567E1,2.195445061E0,-9.740114808E-1,3.180540562E0
1.365748867E1,1.580290914E0,-6.502676010E-1,3.015702009E0
1.366750167E1,9.343689084E-1,-3.179599643E-1,2.839325905E0
1.367751567E1,5.961377621E-1,-1.322522163E-1,2.758059740E0
1.368752867E1,4.705678225E-1,-1.900153905E-1,2.731539488E0
1.369754167E1,5.243315101E-1,-4.466648400E-1,2.766660690E0
1.370755567E1,6.857102513E-1,-7.531176805E-1,2.860005140E0
1.371756867E1,7.590377927E-1,-9.290791750E-1,2.983411789E0
1.372758167E1,7.441733479E-1,-1.013093114E0,3.080231905E0
1.373759567E1,7.096768022E-1,-1.042239428E0,3.063227177E0
1.374760867E1,6.486776471E-1,-1.025538683E0,2.929085016E0
1.375762167E1,5.350624919E-1,-9.930053949E-1,2.731356621E0
1.376763567E1,4.403549135E-1,-1.017536998E0,2.481869221E0
1.377764867E1,2.769832015E-1,-1.119300961E0,2.126818657E0
1.378766125E1,-3.567768726E-4,-1.150533199E0,1.751251698E0
1.379767525E1,-3.584428132E-1,-1.119227767E0,1.423948646E0
1.380768825E1,-6.156226397E-1,-1.150550842E0,1.089688420E0
1.381770125E1,-6.816293597E-1,-1.274952292E0,7.588654757E-1
1.382771525E1,-6.576198936E-1,-1.407208920E0,4.626556337E-1
1.383772825E1,-6.795179844E-1,-1.391233921E0,2.066041231E-1
1.384774125E1,-8.000068665E-1,-1.286026359E0,-2.747628838E-2
1.385775425E1,-9.643632174E-1,-1.225220442E0,-3.067917228E-1
1.386776825E1,-1.142009735E0,-1.245292068E0,-5.848920345E-1
1.387778125E1,-1.390021324E0,-1.355618358E0,-7.889959216E-1
1.388779425E1,-1.605426669E0,-1.517240047E0,-9.427120090E-1
1.389780825E1,-1.719615698E0,-1.726907372E0,-1.065285206E0
1.390782125E1,-1.778347731E0,-1.884895921E0,-1.200730085E0
1.391783425E1,-1.844612956E0,-1.913807869E0,-1.362143040E0
1.392784825E1,-1.999607325E0,-1.723151922E0,-1.527093410E0
1.393786125E1,-2.182661533E0,-1.355249047E0,-1.606836200E0
1.394787425E1,-2.292203903E0,-9.818844199E-1,-1.629101872E0
1.395788825E1,-2.282267809E0,-8.489733338E-1,-1.612816811E0
1.396790125E1,-2.206447840E0,-9.201372862E-1,-1.593803406E0
1.397791425E1,-2.196959019E0,-9.668082595E-1,-1.511229515E0
1.398792825E1,-2.240224838E0,-9.113093019E-1,-1.405599236E0
1.399794125E1,-2.235028267E0,-7.352549434E-1,-1.326102972E0
1.400795425E1,-2.251965761E0,-3.979085982E-1,-1.245232582E0
1.401796825E1,-2.361167908E0,-1.384269446E-1,-1.108476162E0
1.402798125E1,-2.543523788E0,-6.446829438E-2,-9.351136684E-1
1.403799425E1,-2.714418411E0,-1.322131455E-1,-7.467124462E-1
1.404800825E1,-2.849490166E0,-2.174396217E-1,-5.448051095E-1
1.405802125E1,-2.949650764E0,-2.529260814E-1,-3.191134632E-1
1.406803425E1,-2.985536814E0,-2.444655001E-1,-7.705529034E-2
1.407804725E1,-2.940820456E0,-1.888906509E-1,1.586995721E-1
1.408806125E1,-2.854148865E0,-5.216289312E-2,3.690043390E-1
1.409807425E1,-2.709857464E0,1.748427153E-1,5.586638451E-1
1.410808725E1,-2.555881262E0,4.444326162E-1,7.391044497E-1
1.411810125E1,-2.405073404E0,6.775864363E-1,9.211754203E-1
1.412811425E1,-2.212955713E0,7.516025901E-1,9.718090296E-1
1.413812725E1,-1.966670752E0,7.769125700E-1,8.745178580E-1
1.414814125E1,-1.858548045E0,9.449177980E-1,7.888938189E-1
1.415815425E1,-1.948525429E0,1.091023326E0,7.822576761E-1
1.416816725E1,-2.011535645E0,1.091981053E0,8.635861278E-1
1.417818125E1,-1.925643086E0,9.175435901E-1,1.020430923E0
1.418819425E1,-1.674942374E0,5.077469945E-1,1.230273128E0
1.419820725E1,-1.214878082E0,-4.977202415E-2,1.338949442E0
1.420822125E1,-6.823844314E-1,-5.231547356E-1,1.314973235E0
1.421823425E1,-2.751238942E-1,-6.428450942E-1,1.250294328E0
1.422824725E1,-6.380847842E-2,-4.421998560E-1,1.188935637E0
1.423826125E1,1.191648990E-1,-1.936105639E-1,1.148922086E0
1.424827425E1,5.015509129E-1,-6.990168244E-2,1.042510986E0
1.425828725E1,9.342188239E-1,-3.264382854E-2,8.390460014E-1
1.426830025E1,1.293350339E0,-6.592801958E-2,5.613089204E-1
1.427831425E1,1.578171372E0,-6.060789526E-2,2.477069497E-1
1.428832725E1,1.746171236E0,-4.210558534E-2,1.017907634E-2
1.429834025E1,1.970662355E0,-6.319918483E-2,-1.066202894E-1
1.430835425E1,2.409857273E0,-1.934559941E-1,-9.962656349E-2
1.431836725E1,2.976966381E0,-3.629195988E-1,4.330449179E-2
1.432838025E1,3.438673019E0,-4.529685378E-1,2.933928967E-1
1.433839425E1,3.674027920E0,-3.044810891E-1,5.376229286E-1
1.434840725E1,3.549827099E0,-3.236195073E-2,7.200071216E-1
1.435842025E1,3.052216053E0,2.463405579E-1,8.124064207E-1
1.436843425E1,2.318867683E0,4.277066290E-1,7.862746716E-1
1.437844725E1,1.537918925E0,4.366705418E-1,6.672140956E-1
1.438846025E1,7.948556542E-1,3.029803932E-1,5.132575631E-1
1.439847425E1,3.930091113E-2,1.599615365E-1,3.005621731E-1
1.440848725E1,-7.967801094E-1,1.433055997E-1,1.666118205E-1
1.441850025E1,-1.650943995E0,2.496165931E-1,8.402515948E-2
1.442851425E1,-2.329387903E0,4.105218649E-1,3.558465838E-2
1.443852725E1,-2.852071762E0,4.934085608E-1,4.773598630E-4
1.444854025E1,-3.200739384E0,5.571963191E-1,-9.532901458E-4
1.445855325E1,-3.388600111E0,5.966922641E-1,4.742822424E-2
1.446856725E1,-3.491336346E0,5.837128162E-1,1.493836194E-1
1.447858025E1,-3.497235298E0,5.290699601E-1,2.822731733E-1
1.448859325E1,-3.421984911E0,4.949668646E-1,4.359152019E-1
1.449860725E1,-3.290217400E0,5.349285603E-1,5.902008414E-1
1.450862025E1,-3.114114046E0,6.342000365E-1,7.517066598E-1
1.451863325E1,-2.840136290E0,7.593930960E-1,9.123693109E-1
1.452864725E1,-2.554375172E0,8.447626233E-1,1.063792109E0
1.453866025E1,-2.316867590E0,7.894492149E-1,1.183068275E0
1.454867325E1,-2.093066692E0,6.210381389E-1,1.216887474E0
1.455868725E1,-1.843695045E0,4.815100133E-1,1.168460608E0
1.456870025E1,-1.615380049E0,4.764840901E-1,1.105629086E0
1.457871325E1,-1.441603899E0,6.007354856E-1,1.090286613E0
1.458872725E1,-1.288238883E0,8.261326551E-1,1.112210512E0
1.459874025E1,-1.171451330E0,1.061923027E0,1.157213211E0
1.460875325E1,-1.094505668E0,1.175782800E0,1.223371625E0
1.461876625E1,-9.887418747E-1,1.136962414E0,1.232912183E0
1.462878025E1,-7.824701667E-1,1.048926592E0,1.282767057E0
1.463879325E1,-5.184603333E-1,8.240114450E-1,1.276882648E0
1.464880625E1,-2.272367030E-1,6.243342757E-1,1.223185301E0
1.465882025E1,4.394819960E-2,6.267340779E-1,1.028735399E0
1.466883325E1,1.522927731E-1,9.000250101E-1,7.905628085E-1
1.467884625E1,1.149759442E-1,1.423069239E0,6.180686951E-1
1.468886025E1,8.002381027E-2,1.950138688E0,5.068731904E-1
1.469887325E1,1.655445844E-1,2.106115580E0,5.295614600E-1
1.470888625E1,5.163377523E-1,1.730695844E0,6.791581511E-1
1.471890025E1,1.025112629E0,1.051070929E0,8.442089558E-1
1.472891325E1,1.458855033E0,4.226098955E-1,9.308165908E-1
1.473892625E1,1.747239113E0,5.810650438E-2,9.012668729E-1
1.474894025E1,1.940994143E0,4.244578630E-2,7.439075708E-1
1.475895325E1,2.150215149E0,2.555995286E-1,4.673807621E-1
1.476896625E1,2.479411364E0,6.660315394E-1,8.302563429E-2
1.477898025E1,2.786064386E0,1.235148430E0,-3.582471907E-1
1.478899312E1,2.939894915E0,1.740524292E0,-8.007423282E-1
1.479900612E1,3.144053698E0,1.934264064E0,-1.214526653E0
1.480901912E1,3.513868570E0,1.614077806E0,-1.492850184E0
1.481903312E1,4.149860859E0,8.718945980E-1,-1.687868834E0
1.482904612E1,4.993500233E0,2.011428624E-1,-1.674528003E0
1.483905912E1,5.501643658E0,2.156301290E-1,-1.584916949E0
1.484907312E1,5.474912643E0,1.013620257E0,-1.442774773E0
1.485908612E1,4.994865417E0,2.013354301E0,-1.211885929E0
1.486909912E1,4.148357391E0,2.811806440E0,-1.083230495E0
1.487911313E1,2.901581049E0,2.985702991E0,-1.061128616E0
1.488912612E1,1.398880720E0,2.318015575E0,-1.078463197E0
1.489913912E1,-1.176296324E-1,1.025704741E0,-1.074249029E0
1.490915312E1,-1.458296299E0,-2.018233836E-1,-9.823712707E-1
1.491916612E1,-2.597879887E0,-1.108022690E0,-8.048356175E-1
1.492917912E1,-3.528414488E0,-1.677124739E0,-6.862285137E-1
1.493919312E1,-3.907097340E0,-1.638610959E0,-5.567635894E-1
1.494920612E1,-3.431257010E0,-1.756922245E0,-2.611647248E-1
1.495921912E1,-2.581214190E0,-1.651991248E0,-2.189615518E-1
1.496923212E1,-1.845941424E0,-1.450094581E0,-1.332770139E-1
1.497924612E1,-1.345388293E0,-8.915167451E-1,-6.144575030E-2
1.498925912E1,-9.973354936E-1,-3.073547482E-1,-6.278984994E-2
1.499927212E1,-5.746126771E-1,9.087986499E-2,-1.001060158E-1
1.500928612E1,-4.460982233E-2,2.855428159E-1,-9.363107383E-2
1.501929912E1,5.128130913E-1,3.050850928E-1,-9.337878227E-2
1.502931212E1,9.424110651E-1,2.334870696E-1,-1.019381806E-1
1.503932612E1,1.244484067E0,1.870760918E-1,-1.052376181E-1
1.504933912E1,1.521283627E0,1.628546417E-1,-8.786422014E-2
1.505935212E1,1.773174286E0,1.197442263E-1,-7.298127562E-2
1.506936612E1,2.002897263E0,5.796421692E-2,-5.335857347E-2
1.507937912E1,2.211813688E0,7.161691040E-2,-4.066190869E-2
1.508939212E1,2.338074923E0,1.677660942E-1,-9.162282944E-2
1.509940612E1,2.387171984E0,3.877691329E-1,-1.850591600E-1
1.510941912E1,2.322026491E0,7.401407957E-1,-3.040486574E-1
1.511943212E1,2.170266628E0,1.212730765E0,-3.958992362E-1
1.512944512E1,1.989227176E0,1.603100419E0,-3.763345778E-1
1.513945912E1,1.845810294E0,1.768660069E0,-2.527717054E-1
1.514947212E1,1.792347908E0,1.620531082E0,-6.591289490E-2
1.515948512E1,1.829453945E0,1.190823913E0,1.347017884E-1
1.516949912E1,1.908702254E0,7.181988358E-1,2.431409061E-1
1.517951212E1,1.949849486E0,4.374680817E-1,2.719833255E-1
1.518952512E1,1.923223972E0,4.606226683E-1,2.053790241E-1
1.519953912E1,1.841120481E0,9.024454951E-1,3.355994448E-2
1.520955212E1,1.689077377E0,1.559714675E0,-7.570156455E-2
1.521956512E1,1.538428307E0,2.126280069E0,-1.176908240E-1
1.522957912E1,1.415014505E0,2.497922182E0,-1.024152040E-1
1.523959212E1,1.319566250E0,2.712724447E0,-8.315651119E-2
1.524960512E1,1.186910987E0,2.794233561E0,-5.557122082E-2
1.525961912E1,9.706926346E-1,2.818356514E0,-1.659945026E-2
1.526963212E1,7.743334770E-1,2.800109625E0,9.180451930E-2
1.527964512E1,7.200415730E-1,2.752978802E0,2.811535001E-1
1.528965812E1,7.041113377E-1,2.725569963E0,4.060464203E-1
1.529967212E1,6.250443459E-1,2.816250563E0,4.119261205E-1
1.530968512E1,4.675844312E-1,3.066414118E0,2.499981970E-1
1.531969812E1,1.794820577E-1,3.437000513E0,1.429192908E-2
1.532971212E1,-1.456011236E-1,3.855134249E0,-1.425325722E-1
1.533972512E1,-2.518800795E-1,4.227626801E0,-7.089717686E-2
1.534973812E1,-1.972930133E-1,4.224121571E0,1.981276274E-1
1.535975212E1,-1.940074861E-1,3.832304716E0,4.588667750E-1
1.536976512E1,-2.230639160E-1,3.102556467E0,6.468569040E-1
1.537977812E1,-1.812141985E-1,2.247461081E0,7.629933953E-1
1.538979212E1,-4.765081406E-2,1.519079566E0,8.728746176E-1
1.539980512E1,5.619866401E-2,1.142931104E0,1.022752523E0
1.540981812E1,2.236906439E-2,1.199918270E0,1.162289143E0
1.541983212E1,-4.170406982E-2,1.554184675E0,1.219595909E0
1.542984512E1,1.098292619E-1,1.993563294E0,1.292304516E0
1.543985812E1,3.052395284E-1,2.238146544E0,1.371573806E0
1.544987112E1,4.310158193E-1,2.323489904E0,1.454622626E0
1.545988512E1,4.752427340E-1,2.192010164E0,1.552262425E0
1.546989812E1,5.429570675E-1,1.743073106E0,1.655711055E0
1.547991112E1,7.424178720E-1,8.509718180E-1,1.869725227E0
1.548992512E1,1.088190675E0,-1.676500291E-1,2.014861107E0
1.549993812E1,1.502655864E0,-9.623227119E-1,1.946661592E0
1.550995112E1,1.936614275E0,-1.237190008E0,1.788875103E0
1.551996512E1,2.214953423E0,-1.060646534E0,1.723902464E0
1.552997812E1,2.232240200E0,-6.311891079E-1,1.786941051E0
1.553999112E1,2.144828320E0,1.270767767E-3,1.867112041E0
1.555000512E1,1.897957683E0,5.713725686E-1,1.937586188E0
1.556001812E1,1.520014524E0,5.711716413E-1,2.037107229E0
1.557003112E1,1.312125444E0,1.040963680E-1,2.064499855E0
1.558004412E1,1.307527423E0,-4.171504080E-1,1.893591881E0
1.559005812E1,1.311174035E0,-9.099305868E-1,1.477794647E0
1.560007112E1,1.274710298E0,-1.274003506E0,9.956222773E-1
1.561008412E1,1.211753130E0,-1.252115726E0,5.601599813E-1
1.562009812E1,1.175010324E0,-9.646378756E-1,2.109717131E-1
1.563011112E1,1.156119108E0,-7.168363333E-1,-1.716268063E-1
1.564012412E1,1.153528214E0,-5.070796013E-1,-6.649051309E-1
1.565013813E1,1.043973804E0,-3.683371544E-1,-1.229827404E0
1.566015112E1,7.659937739E-1,-4.373926222E-1,-1.657568693E0
1.567016412E1,4.508560896E-1,-6.336995363E-1,-2.061485291E0
1.568017812E1,2.028683424E-1,-7.565511465E-1,-2.425757408E0
1.569019112E1,2.767708525E-2,-7.951392531E-1,-2.716675282E0
1.570020412E1,-1.218397990E-1,-8.069553971E-1,-2.891382933E0
1.571021812E1,-2.181476951E-1,-8.237069845E-1,-2.892501593E0
1.572023112E1,-2.911134958E-1,-8.561869264E-1,-2.753824472E0
1.573024412E1,-3.631916940E-1,-8.838648796E-1,-2.580851555E0
1.574025712E1,-3.667524159E-1,-8.705172539E-1,-2.423191547E0
1.575027112E1,-3.224802911E-1,-8.469578624E-1,-2.283933640E0
1.576028412E1,-2.062240392E-1,-8.669914007E-1,-2.159161329E0
1.577029712E1,-8.967425674E-2,-9.442393184E-1,-2.045578480E0
1.578031112E1,-7.702746242E-2,-1.101056933E0,-2.001501560E0
1.579032417E1,-1.605902761E-1,-1.304872632E0,-2.041010141E0
1.580033717E1,-3.394470513E-1,-1.520298839E0,-2.160186291E0
1.581035117E1,-6.036768556E-1,-1.704923868E0,-2.284093857E0
1.582036417E1,-8.364513516E-1,-1.872766972E0,-2.355460167E0
1.583037717E1,-9.383782148E-1,-1.952384233E0,-2.342773914E0
1.584039117E1,-9.626607299E-1,-1.916329741E0,-2.189915180E0
1.585040417E1,-9.721812606E-1,-1.797364473E0,-1.917609930E0
1.586041717E1,-1.012060761E0,-1.625934958E0,-1.541567087E0
1.587043017E1,-1.102013826E0,-1.420320630E0,-1.160392761E0
1.588044417E1,-1.159562588E0,-1.274180889E0,-8.585339189E-1
1.589045717E1,-1.138831496E0,-1.302185893E0,-6.763308644E-1
1.590047017E1,-1.069385648E0,-1.457245111E0,-6.130608916E-1
1.591048417E1,-1.073107958E0,-1.542976737E0,-6.293977499E-1
1.592049717E1,-1.212799430E0,-1.469570994E0,-6.087991595E-1
1.593051017E1,-1.390781403E0,-1.302260041E0,-5.393207669E-1
1.594052417E1,-1.501213074E0,-1.127030730E0,-4.417037964E-1
1.595053717E1,-1.510941386E0,-9.778521657E-1,-3.011493385E-1
1.596055017E1,-1.450184822E0,-8.616697192E-1,-1.046127528E-1
1.597056417E1,-1.391134024E0,-7.857187390E-1,1.044363305E-1
1.598057717E1,-1.323591232E0,-6.954832673E-1,3.165429831E-1
1.599059017E1,-1.222964287E0,-6.055451035E-1,5.085965395E-1
1.600060417E1,-1.113468647E0,-5.546839237E-1,7.003126740E-1
1.601061717E1,-1.046047807E0,-5.140590072E-1,8.721842766E-1
1.602063017E1,-1.035614252E0,-3.499254882E-1,9.440806508E-1
1.603064317E1,-1.126492739E0,-5.422593281E-2,1.008594394E0
1.604065717E1,-1.173274398E0,1.399558187E-1,1.121069074E0
1.605067017E1,-9.619264007E-1,1.723816693E-1,1.195638895E0
1.606068317E1,-5.739607811E-1,1.196938530E-1,1.267236829E0
1.607069717E1,-1.389839947E-1,1.188530922E-1,1.411599874E0
1.608071017E1,2.659606338E-1,1.127437279E-1,1.622205377E0
1.609072317E1,7.272118926E-1,1.696925014E-1,1.782345772E0
1.610073717E1,1.263461709E0,2.370474488E-1,1.696643114E0
1.611075017E1,1.841827035E0,3.518107831E-1,1.388354778E0
1.612076317E1,2.343680620E0,5.894706249E-1,1.102442145E0
1.613077617E1,2.652058601E0,9.328144193E-1,9.502949715E-1
1.614079017E1,2.642745256E0,1.092420936E0,9.412314892E-1
1.615080317E1,2.391946316E0,7.541064620E-1,9.370673895E-1
1.616081617E1,2.094255209E0,5.872210860E-2,7.796928883E-1
1.617083017E1,1.844232798E0,-5.599382520E-1,5.268220305E-1
1.618084317E1,1.422555327E0,-8.442341685E-1,1.687530577E-1
1.619085617E1,7.378614545E-1,-6.456800699E-1,-1.947686970E-1
1.620087017E1,-8.198179305E-2,-1.717603952E-1,-5.256898403E-1
1.621088317E1,-8.043913841E-1,2.033242732E-1,-7.869979143E-1
1.622089617E1,-1.262528539E0,2.735653222E-1,-9.432324171E-1
1.623091017E1,-1.537987232E0,5.439116433E-2,-9.929696321E-1
1.624092317E1,-1.739403725E0,-4.351128936E-1,-9.380164146E-1
1.625093617E1,-1.910237074E0,-9.397494793E-1,-8.411444426E-1
1.626095017E1,-2.039768934E0,-1.272751689E0,-7.311509848E-1
1.627096317E1,-2.147224903E0,-1.329835176E0,-6.057959795E-1
1.628097617E1,-2.207170248E0,-1.238989830E0,-4.538935423E-1
1.629098917E1,-2.207787514E0,-1.140314341E0,-3.234953284E-1
1.630100317E1,-2.167158842E0,-1.105623722E0,-2.318862975E-1
1.631101617E1,-2.093684435E0,-1.072937727E0,-1.610459387E-1
1.632102917E1,-2.031519413E0,-1.037693501E0,-1.158990934E-1
1.633104317E1,-1.999420404E0,-1.042425871E0,-5.144873261E-2
1.634105617E1,-1.921168804E0,-1.094734192E0,1.732442901E-2
1.635106917E1,-1.754822731E0,-1.192036986E0,8.900873363E-2
1.636108317E1,-1.590782642E0,-1.279065251E0,2.117704302E-1
1.637109617E1,-1.446583390E0,-1.283601403E0,4.011640549E-1
1.638110917E1,-1.312433720E0,-1.166973233E0,5.847388506E-1
1.639112217E1,-1.131303310E0,-9.827097058E-1,7.500370145E-1
1.640113617E1,-8.949029446E-1,-7.681078315E-1,9.024406075E-1
1.641114917E1,-6.233931184E-1,-5.606914759E-1,1.021480918E0
1.642116217E1,-3.475950062E-1,-4.034264386E-1,1.114228606E0
1.643117617E1,-9.635717422E-2,-2.737310231E-1,1.185876966E0
1.644118917E1,7.471517473E-2,-1.557057649E-1,1.246995449E0
1.645120217E1,1.808847487E-1,-3.245307133E-2,1.239674211E0
1.646121617E1,2.254581004E-1,7.426336408E-2,1.195296288E0
1.647122917E1,2.886751592E-1,1.344220489E-1,1.222250938E0
1.648124217E1,4.537169933E-1,2.169630378E-1,1.296062350E0
1.649125617E1,6.677696705E-1,3.389970660E-1,1.352439880E0
1.650126917E1,9.215617180E-1,4.680595696E-1,1.383780718E0
1.651128217E1,1.181316137E0,6.071980000E-1,1.374339819E0
1.652129517E1,1.396265030E0,7.724002004E-1,1.315155745E0
1.653130917E1,1.563161850E0,9.697864652E-1,1.166233897E0
1.654132217E1,1.624660492E0,1.179321766E0,9.559491277E-1
1.655133517E1,1.644582629E0,1.262363315E0,7.803655863E-1
1.656134917E1,1.739602685E0,1.265863776E0,6.706129313E-1
1.657136217E1,1.945882916E0,1.289693475E0,6.076451540E-1
1.658137517E1,2.276926279E0,1.304618478E0,5.341370106E-1
1.659138917E1,2.645799637E0,1.424307108E0,4.241337776E-1
1.660140217E1,2.915921926E0,1.627284765E0,3.176527917E-1
1.661141517E1,3.073116064E0,1.883144736E0,2.199880183E-1
1.662142917E1,3.353561640E0,2.090090752E0,1.084422171E-1
1.663144217E1,3.761618137E0,2.085934639E0,9.910849854E-3
1.664145517E1,4.083461285E0,1.859046459E0,-1.377073675E-1
1.665146817E1,4.329102516E0,1.721657515E0,-2.571687698E-1
1.666148217E1,4.226704597E0,1.642299891E0,-3.583981693E-1
1.667149517E1,3.810973883E0,1.718747973E0,-3.625290096E-1
1.668150817E1,3.176795721E0,1.656621099E0,-4.404505193E-1
1.669152217E1,2.349333286E0,1.539330959E0,-4.640543759E-1
1.670153517E1,1.522551656E0,1.526843190E0,-3.895128667E-1
1.671154817E1,9.045440555E-1,1.486361861E0,-3.603496552E-1
1.672156217E1,4.676722288E-1,1.495877981E0,-3.947944343E-1
1.673157517E1,1.346029043E-1,1.437353492E0,-3.737203181E-1
1.674158817E1,-1.318272054E-1,1.173564911E0,-3.564534783E-1
1.675160217E1,-3.325451314E-1,7.444853783E-1,-3.727141917E-1
1.676161517E1,-4.234679639E-1,2.991738319E-1,-3.750227988E-1
1.677162817E1,-4.536801875E-1,-8.620528877E-2,-3.414746821E-1
1.678164117E1,-4.755958319E-1,-3.331229985E-1,-2.591989636E-1
1.679165512E1,-4.936286509E-1,-4.930585921E-1,-1.667046994E-1
1.680166812E1,-5.152641535E-1,-5.964211226E-1,-6.565581262E-2
1.681168112E1,-5.295879245E-1,-6.816049814E-1,4.083308205E-2
1.682169512E1,-4.966430366E-1,-7.820469737E-1,1.429424584E-1
1.683170812E1,-3.910737336E-1,-8.558367491E-1,2.362718731E-1
1.684172112E1,-2.642484605E-1,-8.781862259E-1,2.805542648E-1
1.685173512E1,-2.308247238E-1,-7.269248366E-1,2.460407317E-1
1.686174812E1,-2.875701189E-1,-3.590416312E-1,1.427443624E-1
1.687176112E1,-3.354670703E-1,6.087839603E-2,4.470487684E-2
1.688177412E1,-3.229228556E-1,3.592957258E-1,1.741754822E-2
1.689178812E1,-1.855061501E-1,4.834544063E-1,5.568211153E-2
1.690180112E1,1.103781536E-1,4.803254008E-1,1.840163618E-1
1.691181412E1,2.941559553E-1,4.133098722E-1,3.117165267E-1
1.692182812E1,2.544602156E-1,3.943921626E-1,3.887737393E-1
1.693184112E1,6.743601710E-2,3.903242052E-1,4.568846226E-1
1.694185412E1,-1.256812215E-1,4.227443933E-1,5.179057121E-1
1.695186812E1,-2.241582572E-1,4.434219897E-1,5.284107924E-1
1.696188112E1,-2.136780620E-1,4.758103490E-1,4.894823432E-1
1.697189412E1,-1.565530002E-1,5.052883625E-1,5.011680126E-1
1.698190712E1,-1.760938913E-1,4.703646898E-1,6.240133643E-1
1.699192112E1,-3.589928746E-1,3.527019918E-1,7.770604491E-1
1.700193412E1,-6.838365793E-1,5.498770997E-2,9.101817012E-1
1.701194713E1,-9.945148230E-1,-4.998952150E-1,9.672039747E-1
1.702196112E1,-1.061487198E0,-1.227954388E0,1.072569013E0
1.703197412E1,-9.958407879E-1,-2.010840178E0,1.184412718E0
1.704198712E1,-9.367660880E-1,-2.685827971E0,1.357758522E0
1.705200112E1,-9.311335087E-1,-3.102704048E0,1.666547060E0
1.706201412E1,-8.862969279E-1,-3.260267973E0,2.064788818E0
1.707202712E1,-8.136730790E-1,-3.172482252E0,2.465134859E0
1.708204012E1,-7.083690763E-1,-2.894142628E0,2.754533529E0
1.709205412E1,-5.527581573E-1,-2.474551678E0,2.914507627E0
1.710206712E1,-3.125921190E-1,-2.060916901E0,3.021561623E0
1.711208012E1,8.335867524E-2,-1.802306056E0,3.116227388E0
1.712209412E1,6.527515054E-1,-1.676205754E0,3.157135010E0
1.713210712E1,1.231778860E0,-1.880396605E0,3.200734138E0
1.714212012E1,1.791231632E0,-2.401836157E0,3.120141745E0
1.715213412E1,2.117168188E0,-3.019482136E0,2.945206404E0
1.716214712E1,1.977553010E0,-3.300646305E0,2.553092957E0
1.717216012E1,1.549511671E0,-3.128075600E0,2.055905819E0
1.718217412E1,9.703055620E-1,-2.531733990E0,1.486985207E0
1.719218712E1,5.601039529E-1,-1.710237503E0,8.864889145E-1
1.720220012E1,3.161399662E-1,-1.038180351E0,2.688399851E-1
1.721221312E1,1.000111103E-1,-6.253753304E-1,-2.840059102E-1
1.722222712E1,-1.392299235E-1,-4.316906035E-1,-7.467769384E-1
1.723224012E1,-4.151962698E-1,-4.592610002E-1,-1.148254633E0
1.724225312E1,-6.413635015E-1,-6.662018895E-1,-1.536659122E0
1.725226712E1,-8.295919895E-1,-9.459587336E-1,-1.876464367E0
1.726228012E1,-1.056208014E0,-1.171068668E0,-2.171651363E0
1.727229312E1,-1.320498586E0,-1.216742158E0,-2.405432701E0
1.728230712E1,-1.509140730E0,-1.110183001E0,-2.575892687E0
1.729232012E1,-1.599089503E0,-9.229087234E-1,-2.655276775E0
1.730233312E1,-1.620377064E0,-7.638348341E-1,-2.633363247E0
1.731234612E1,-1.588117838E0,-6.869980693E-1,-2.532787085E0
1.732236012E1,-1.517957211E0,-7.127879858E-1,-2.393767357E0
1.733237312E1,-1.423429132E0,-8.365517259E-1,-2.237808943E0
1.734238612E1,-1.409447074E0,-1.021975994E0,-2.067607880E0
1.735240012E1,-1.483414769E0,-1.123716712E0,-1.910449266E0
1.736241312E1,-1.565950990E0,-1.082709551E0,-1.798754454E0
1.737242612E1,-1.683013916E0,-9.034499526E-1,-1.730146170E0
1.738244012E1,-1.855416775E0,-6.381413937E-1,-1.675613999E0
1.739245312E1,-2.049671412E0,-3.095591962E-1,-1.565527081E0
1.740246612E1,-2.273619175E0,-5.416129902E-2,-1.376909137E0
1.741247912E1,-2.437248468E0,-2.053036727E-2,-1.123461366E0
1.742249312E1,-2.464561701E0,-2.454059422E-1,-8.818615079E-1
1.743250612E1,-2.408167362E0,-5.758627057E-1,-6.858589649E-1
1.744251912E1,-2.409056902E0,-8.507488966E-1,-4.938784838E-1
1.745253312E1,-2.518312454E0,-9.162589312E-1,-3.114663363E-1
1.746254612E1,-2.617154837E0,-7.879806757E-1,-1.530134380E-1
1.747255912E1,-2.656661749E0,-5.169470906E-1,-1.959439740E-2
1.748257312E1,-2.671648026E0,-1.985979825E-1,1.514563560E-1
1.749258612E1,-2.650061846E0,2.498050593E-2,3.816307187E-1
1.750259912E1,-2.520842791E0,1.122060716E-1,6.257542968E-1
1.751261212E1,-2.331916809E0,1.115115210E-1,7.814887762E-1
1.752262612E1,-2.170171022E0,8.949036896E-2,9.362339973E-1
1.753263912E1,-2.038347006E0,3.556348756E-2,1.139931917E0
1.754265212E1,-1.935231924E0,1.950302906E-2,1.368085265E0
1.755266612E1,-1.849225402E0,7.375242561E-2,1.580905318E0
1.756267912E1,-1.740293741E0,2.235059142E-1,1.759323239E0
1.757269212E1,-1.594162107E0,4.018655419E-1,1.889745116E0
1.758270612E1,-1.390148878E0,6.591998339E-1,1.885280490E0
1.759271912E1,-1.125298858E0,7.960543633E-1,1.866141677E0
1.760273212E1,-6.853363514E-1,6.707220078E-1,1.837432265E0
1.761274612E1,-7.779201027E-3,4.018724263E-1,1.724361181E0
1.762275912E1,7.668009400E-1,2.698005438E-1,1.531125426E0
1.763277212E1,1.513531327E0,3.056866229E-1,1.248858333E0
1.764278512E1,2.077002525E0,4.592685997E-1,8.885560632E-1
1.765279912E1,2.412430286E0,7.079939842E-1,4.335890710E-1
1.766281212E1,2.616091251E0,1.014801979E0,1.148264110E-2
1.767282512E1,2.653649092E0,1.128218532E0,-2.532443404E-1
1.768283912E1,2.568049192E0,9.379858971E-1,-3.324232399E-1
1.769285212E1,2.419264555E0,5.112428665E-1,-2.709681392E-1
1.770286512E1,2.168955564E0,8.326892555E-2,-1.581985205E-1
1.771287912E1,1.760598183E0,-2.233173847E-1,-4.162890371E-3
1.772289212E1,1.143085241E0,-3.385659456E-1,-1.145218313E-2
1.773290512E1,3.700867891E-1,-1.802005321E-1,-1.212404594E-1
1.774291812E1,-4.804605246E-1,1.475309879E-1,-2.628416717E-1
1.775293212E1,-1.193107843E0,3.724687696E-1,-3.804593682E-1
1.776294512E1,-1.718705177E0,3.828995526E-1,-4.295816422E-1
1.777295812E1,-1.952493191E0,1.625930071E-1,-3.561308682E-1
1.778297213E1,-2.011144400E0,-2.200876474E-1,-2.971696258E-1
1.779298488E1,-2.019387245E0,-5.799779296E-1,-1.865826398E-1
1.780299787E1,-2.029563904E0,-7.844582796E-1,-2.261651680E-2
1.781301087E1,-2.034780502E0,-8.228368759E-1,1.613887250E-1
1.782302487E1,-1.989203811E0,-7.415682673E-1,3.469311595E-1
1.783303787E1,-1.915878177E0,-6.233481765E-1,5.457012653E-1
1.784305087E1,-1.806742549E0,-5.263617635E-1,7.351570725E-1
1.785306487E1,-1.644616961E0,-4.569075704E-1,8.541247249E-1
1.786307787E1,-1.488189697E0,-4.247023165E-1,8.804139495E-1
1.787309087E1,-1.361930013E0,-4.531707168E-1,8.927171826E-1
1.788310487E1,-1.240651965E0,-5.199550390E-1,9.082787037E-1
1.789311787E1,-1.115042686E0,-5.934643745E-1,9.841513634E-1
1.790313087E1,-9.569795728E-1,-6.207902431E-1,1.087866545E0
1.791314387E1,-6.852353811E-1,-5.403777361E-1,1.156284213E0
1.792315787E1,-3.311852813E-1,-2.598859668E-1,1.162409902E0
1.793317087E1,-6.840751972E-3,1.654930264E-1,1.162083149E0
1.794318387E1,2.226349413E-1,6.342787743E-1,1.189183116E0
1.795319787E1,3.726694584E-1,9.685360789E-1,1.249565482E0
1.796321087E1,5.400503874E-1,9.784451127E-1,1.321115851E0
1.797322387E1,8.031722903E-1,7.681978941E-1,1.342767358E0
1.798323787E1,1.068074822E0,5.294967890E-1,1.345033765E0
1.799325087E1,1.285888433E0,4.268787801E-1,1.296281934E0
1.800326387E1,1.427855253E0,5.490822196E-1,1.120033264E0
1.801327687E1,1.420516968E0,8.624556065E-1,8.922041059E-1
1.802329087E1,1.408880115E0,1.244420528E0,6.573264003E-1
1.803330387E1,1.453757524E0,1.637404919E0,4.308650196E-1
1.804331687E1,1.515526295E0,1.866657734E0,2.962739468E-1
1.805333087E1,1.636580348E0,1.873451471E0,2.477367520E-1
1.806334387E1,1.903932095E0,1.599548936E0,2.147984505E-1
1.807335687E1,2.357646704E0,1.114718080E0,1.156739816E-1
1.808337087E1,2.915845394E0,7.578169703E-1,-5.130297318E-2
1.809338387E1,3.294846535E0,8.362851739E-1,-2.928500772E-1
1.810339687E1,3.370763540E0,1.377684355E0,-5.720428824E-1
1.811340987E1,3.268467665E0,2.155619144E0,-8.075741529E-1
1.812342387E1,3.027544498E0,2.927627802E0,-8.733455539E-1
1.813343687E1,2.644647121E0,3.390485764E0,-7.450736165E-1
1.814344987E1,2.218590975E0,3.220411062E0,-4.811707735E-1
1.815346387E1,1.770152926E0,2.493295908E0,-2.449765801E-1
1.816347688E1,1.274649262E0,1.580904365E0,-1.524562538E-1
1.817348987E1,6.717360020E-1,8.500400782E-1,-3.403167129E-1
1.818350387E1,-7.452019304E-2,7.105184793E-1,-7.113476396E-1
1.819351687E1,-7.983066440E-1,1.077032328E0,-1.093433738E0
1.820352987E1,-1.302037477E0,1.507938743E0,-1.475439429E0
1.821354287E1,-1.497250915E0,1.698410869E0,-1.817103863E0
1.822355687E1,-1.454738259E0,1.835742354E0,-2.228101254E0
1.823356987E1,-1.319751740E0,2.111412525E0,-2.601600647E0
1.824358287E1,-1.135513306E0,2.579907417E0,-2.771820068E0
1.825359687E1,-1.045952559E0,3.179112673E0,-2.757962465E0
1.826360987E1,-1.002730966E0,3.899558544E0,-2.716158152E0
1.827362288E1,-1.039290309E0,4.724763393E0,-2.698451757E0
1.828363587E1,-1.149310827E0,5.675529480E0,-2.706521988E0
1.829364987E1,-1.278381705E0,6.633663654E0,-2.742858171E0
1.830366287E1,-1.388751984E0,7.495384216E0,-2.808868408E0
1.831367587E1,-1.462413430E0,8.196948051E0,-2.885123968E0
1.832368987E1,-1.538085580E0,8.742427826E0,-2.970467091E0
1.833370287E1,-1.630674124E0,9.202536583E0,-3.043949604E0
1.834371587E1,-1.692230701E0,9.640809059E0,-3.100238085E0
1.835372987E1,-1.680669069E0,9.954728127E0,-3.090314865E0
1.836374287E1,-1.602544904E0,1.004980850E1,-2.983109236E0
1.837375587E1,-1.429238915E0,9.891440392E0,-2.710080862E0
1.838376887E1,-1.224653959E0,9.447216034E0,-2.344192266E0
1.839378287E1,-1.027671337E0,8.753036499E0,-2.009531736E0
1.840379587E1,-8.323543072E-1,7.929120064E0,-1.794697642E0
1.841380887E1,-6.228993535E-1,7.035443306E0,-1.686838269E0
1.842382287E1,-4.355657399E-1,6.159867287E0,-1.648175955E0
1.843383587E1,-3.127423525E-1,5.354824543E0,-1.658048272E0
1.844384887E1,-2.639286518E-1,4.665379524E0,-1.685921550E0
1.845386187E1,-2.365745306E-1,4.125299454E0,-1.704187632E0
1.846387587E1,-2.019522339E-1,3.763961077E0,-1.731372952E0
1.847388887E1,-1.450255662E-1,3.590895653E0,-1.694087625E0
1.848390187E1,-1.279724538E-1,3.545857430E0,-1.547828317E0
1.849391587E1,-1.691183001E-1,3.519495964E0,-1.308093548E0
1.850392887E1,-2.246367633E-1,3.442171335E0,-1.059796333E0
1.851394187E1,-2.043682486E-1,3.197932959E0,-8.498298526E-1
1.852395587E1,-1.426729262E-1,2.716631174E0,-8.047390580E-1
1.853396887E1,-3.626900166E-2,2.241905451E0,-8.457078338E-1
1.854398187E1,4.981082678E-2,1.915800810E0,-8.888520002E-1
1.855399487E1,7.039386779E-2,1.637916684E0,-8.668590784E-1
1.856400887E1,-2.254282590E-3,1.512362480E0,-7.841011286E-1
1.857402187E1,-1.586068720E-1,1.548362494E0,-6.537876129E-1
1.858403487E1,-3.563643992E-1,1.691146255E0,-5.003485084E-1
1.859404887E1,-5.498734117E-1,1.804018736E0,-3.524802625E-1
1.860406187E1,-6.965104342E-1,1.707541108E0,-2.238961011E-1
1.861407487E1,-6.779607534E-1,1.465996385E0,-1.221439019E-1
1.862408787E1,-4.207594693E-1,1.192254663E0,-3.990878910E-2
1.863410187E1,-3.134700656E-2,8.296601772E-1,3.411776945E-2
1.864411488E1,3.680252731E-1,4.309822619E-1,1.207398027E-1
1.865412787E1,7.072981596E-1,1.088015586E-1,2.275341749E-1
1.866414187E1,8.695257902E-1,-1.332316101E-1,3.286103010E-1
1.867415487E1,7.970422506E-1,-2.032802105E-1,3.851036727E-1
1.868416787E1,6.027320027E-1,-1.569249332E-1,3.923102617E-1
1.869418187E1,4.331874549E-1,1.556828339E-2,3.653835952E-1
1.870419487E1,3.321909606E-1,2.425439507E-1,3.404464126E-1
1.871420787E1,3.015329242E-1,3.044195771E-1,2.991304100E-1
1.872422087E1,3.790111244E-1,1.808600426E-1,2.391161025E-1
1.873423487E1,5.937348604E-1,-8.867689967E-2,1.850155741E-1
1.874424787E1,8.931812048E-1,-3.942326307E-1,1.670058668E-1
1.875426088E1,1.173196077E0,-6.925287247E-1,2.095554620E-1
1.876427487E1,1.350098968E0,-9.020779133E-1,3.157457709E-1
1.877428787E1,1.328283310E0,-9.600700736E-1,4.043358266E-1
1.878430087E1,1.092865586E0,-8.782075047E-1,4.284437001E-1
1.879431454E1,7.886292934E-1,-5.877383947E-1,3.741189241E-1
1.880432754E1,5.199006200E-1,-2.257412225E-1,3.390639126E-1
1.881434054E1,3.133977652E-1,5.872937292E-2,3.244192004E-1
1.882435354E1,2.441163212E-1,1.535874009E-1,3.324831724E-1
1.883436754E1,3.125941753E-1,1.316904183E-2,3.556790352E-1
1.884438054E1,4.306145012E-1,-2.321148366E-1,3.627919853E-1
1.885439354E1,5.020916462E-1,-4.841896594E-1,3.479624391E-1
1.886440754E1,5.006550550E-1,-6.595342159E-1,3.223218620E-1
1.887442054E1,4.291994870E-1,-6.463776827E-1,3.167081773E-1
1.888443354E1,3.296425045E-1,-4.861320555E-1,3.234159946E-1
1.889444654E1,2.282266617E-1,-3.186687827E-1,3.178081512E-1
1.890446054E1,1.947419792E-1,-1.451176107E-1,3.042175770E-1
1.891447354E1,2.488244027E-1,-7.491268218E-2,2.941700220E-1
1.892448654E1,3.289533854E-1,-1.229456142E-1,3.031945229E-1
1.893450054E1,3.690161109E-1,-1.308879703E-1,3.128535151E-1
1.894451354E1,3.444628716E-1,-1.160096452E-1,2.999521494E-1
1.895452654E1,2.550855875E-1,-7.504996657E-2,2.812090814E-1
1.896453954E1,1.399206221E-1,-2.776602656E-2,2.695696652E-1
1.897455354E1,5.814160779E-2,3.767503053E-2,2.689433098E-1
1.898456654E1,4.215243086E-2,1.350366622E-1,2.490233630E-1
1.899457954E1,9.621860087E-2,2.025350183E-1,2.000880539E-1
1.900459354E1,1.790863127E-1,1.926645637E-1,1.519603878E-1
1.901460654E1,2.496110797E-1,1.162523627E-1,1.402573884E-1
1.902461954E1,2.811722457E-1,4.709124193E-2,1.505117565E-1
1.903463354E1,2.674393952E-1,1.651815325E-2,1.773755848E-1
1.904464654E1,1.975402087E-1,2.264129370E-2,2.039773762E-1
1.905465954E1,1.306298822E-1,3.999764472E-2,2.155602574E-1
1.906467254E1,9.466262162E-2,6.245604530E-2,2.093372643E-1
1.907468654E1,6.477982551E-2,8.858005702E-2,1.925369650E-1
1.908469954E1,4.662130401E-2,8.715177327E-2,1.630048752E-1
1.909471254E1,5.052256957E-2,8.977392316E-2,1.394822299E-1
1.910472654E1,6.360577792E-2,6.823050976E-2,1.103884503E-1
1.911473954E1,1.009307802E-1,7.906444371E-3,7.939750701E-2
1.912475254E1,1.691752076E-1,-5.119355023E-2,8.241392672E-2
1.913476554E1,2.195659429E-1,-7.970855385E-2,1.262484938E-1
1.914477954E1,2.448337972E-1,-5.919326842E-2,1.867342591E-1
1.915479254E1,2.333877981E-1,5.044306628E-3,2.231069058E-1
1.916480554E1,1.693305075E-1,6.638166308E-2,2.316614687E-1
1.917481954E1,8.557647467E-2,9.636672586E-2,1.992931515E-1
1.918483254E1,1.619798318E-2,8.049257845E-2,1.504966170E-1
1.919484554E1,-2.594707347E-2,2.396484837E-2,1.100301668E-1
1.920485854E1,-2.668698691E-2,-8.939384483E-3,7.163136452E-2
1.921487254E1,-1.049256977E-2,-1.556835836E-3,5.488353968E-2
1.922488554E1,-8.586299419E-2,9.849458933E-2,4.304917157E-2
1.923489854E1,-4.883092642E-1,2.926840484E-1,3.257922083E-2
1.924491254E1,-4.893649518E-1,4.246437848E-1,2.215955779E-2
1.925492554E1,-4.136797786E-1,3.124770522E-1,-2.758841496E-3
1.926493854E1,-1.952650249E-1,8.697813749E-2,-2.347760461E-2
1.927495154E1,7.317602634E-2,-1.032898128E-1,-2.257079817E-2
1.928496554E1,2.380955368E-1,-2.135242373E-1,-1.943643764E-2
1.929497854E1,2.805420756E-1,-2.366271615E-1,-3.381037619E-3
1.930499154E1,2.044455111E-1,-2.244432867E-1,2.138183685E-3
1.931500554E1,1.090319008E-1,-1.929761767E-1,-7.503524888E-3