"Time (s)","X (m/s^2)","Y (m/s^2)","Z (m/s^2)"
4.992083333E-3,1.143172760E0,7.398664398E0,6.650669861E0
1.500508333E-2,1.037342834E0,7.355703735E0,6.177054749E0
2.501908333E-2,1.002165985E0,7.407046967E0,5.933660889E0
3.503208333E-2,1.036893768E0,7.488926697E0,5.792953491E0
4.504508333E-2,1.134490814E0,7.610024872E0,5.765710144E0
5.505808333E-2,1.207089844E0,7.690856781E0,5.793252869E0
6.507108333E-2,1.205592957E0,7.701185303E0,5.814808044E0
7.508508333E-2,1.179996185E0,7.703430634E0,5.770350494E0
8.509808333E-2,1.143023071E0,7.723937988E0,5.730533295E0
9.511108333E-2,1.100960541E0,7.696844330E0,5.759572906E0
1.051240833E-1,1.052611084E0,7.700736237E0,5.808820496E0
1.151370833E-1,1.099463654E0,7.679779816E0,5.992338867E0
1.251510833E-1,1.160087585E0,7.596702576E0,6.184539185E0
1.351640833E-1,1.144519958E0,7.535330200E0,6.292015686E0
1.451770833E-1,1.035247192E0,7.522157593E0,6.311026154E0
1.551900833E-1,9.933343506E-1,7.576195221E0,6.308780823E0
1.652030833E-1,1.101110229E0,7.628137207E0,6.364015961E0
1.752170833E-1,1.193767548E0,7.658673706E0,6.392007751E0
1.852300833E-1,1.207838287E0,7.683821411E0,6.372548218E0
1.952430833E-1,1.151106262E0,7.694299622E0,6.290818176E0
2.052560833E-1,1.070873108E0,7.679330750E0,6.180347900E0
2.152690833E-1,9.843530273E-1,7.670199738E0,6.107299805E0
2.252830833E-1,9.487271118E-1,7.656278687E0,6.034102020E0
2.352960833E-1,9.610015869E-1,7.686066742E0,5.971681824E0
2.453090833E-1,1.050066376E0,7.765551453E0,6.125112762E0
2.553220833E-1,1.188827820E0,7.869136047E0,6.389912109E0
2.653350833E-1,1.395997009E0,7.955356750E0,6.741830292E0
2.753490833E-1,1.527423706E0,7.943381653E0,7.178921356E0
2.853620833E-1,1.476828918E0,7.832462311E0,7.559430084E0
2.953750833E-1,1.056502991E0,7.589966583E0,7.399412842E0
3.053880833E-1,5.040019226E-1,6.896758118E0,6.456972656E0
3.154010833E-1,4.625381470E-2,6.370901642E0,5.021457825E0
3.254150833E-1,-3.742218018E-1,7.722141724E0,5.818101196E0
3.354280833E-1,-4.526586914E-1,7.879015503E0,5.790708160E0
3.454410833E-1,5.686674500E-1,7.241790619E0,4.470303955E0
3.554540833E-1,9.505233765E-1,7.800877991E0,5.194647675E0
3.654678333E-1,7.438032532E-1,8.496780853E0,6.530769196E0
3.754808333E-1,8.827143860E-1,8.125403137E0,5.987099762E0
3.854938333E-1,8.878038025E-1,8.156538391E0,6.775510254E0
3.955068333E-1,8.851094055E-1,8.218359833E0,7.563920746E0
4.055198333E-1,1.192719727E0,7.470964050E0,6.563101959E0
4.155338333E-1,9.292675781E-1,7.358996887E0,6.071673889E0
4.255468333E-1,1.302291870E-1,8.425229645E0,6.835535431E0
4.355598333E-1,1.109193420E-1,8.646020508E0,6.738686829E0
4.455728333E-1,2.668949890E-1,8.648714905E0,5.973927155E0
4.555858333E-1,2.697390747E-1,8.860674133E0,5.309458923E0
4.655998333E-1,4.314028931E-1,9.064250793E0,5.173391876E0
4.756128333E-1,6.276448059E-1,9.181606750E0,5.744753723E0
4.856258333E-1,6.852749634E-1,9.118288422E0,6.329138489E0
4.956388333E-1,3.959266663E-1,9.169781342E0,6.692133636E0
5.056518333E-1,2.272274780E-1,9.269024963E0,6.913373566E0
5.156658333E-1,1.050365753E0,8.473279724E0,6.287824402E0
5.256788333E-1,1.158441010E0,8.617429962E0,6.929689636E0
5.356918333E-1,1.321152649E0,8.796008606E0,7.812404022E0
5.457048333E-1,1.538500671E0,9.223369904E0,8.667725372E0
5.557178333E-1,1.746418304E0,9.697134705E0,9.237290955E0
5.657318333E-1,1.865869904E0,9.375453644E0,9.243577881E0
5.757448333E-1,1.957479401E0,8.621920624E0,8.272696838E0
5.857578333E-1,1.930086365E0,8.879235535E0,6.568041687E0
5.957708333E-1,2.043251038E0,1.008961853E1,4.600233765E0
6.057838333E-1,2.828967133E0,1.108444977E1,3.877985687E0
6.157978333E-1,3.564986572E0,1.180250656E1,4.970563660E0
6.258108333E-1,4.353696442E0,1.231713638E1,7.248376923E0
6.358238333E-1,4.357887726E0,1.243149857E1,9.291328583E0
6.458368333E-1,4.085753632E0,1.277368698E1,9.177714844E0
6.558498333E-1,3.445085907E0,1.191746750E1,8.513845367E0
6.658638333E-1,2.649041290E0,1.035786072E1,6.896458740E0
6.758768333E-1,2.056423645E0,1.038255936E1,5.253625031E0
6.858898333E-1,2.388582916E0,1.150447632E1,5.509293365E0
6.959028333E-1,2.580034790E0,1.274674301E1,7.958799591E0
7.059158333E-1,3.457659760E0,1.188513474E1,9.384135590E0
7.159298333E-1,3.886667633E0,1.055559952E1,8.334518280E0
7.259428333E-1,2.665956116E0,1.062445633E1,7.818391571E0
7.359558333E-1,2.465971985E0,1.002674927E1,7.363337860E0
7.459688333E-1,2.326013031E0,1.020907013E1,6.607110443E0
7.559818333E-1,1.976639557E0,1.021371048E1,5.290598145E0
7.659958333E-1,7.909552002E-1,9.968969421E0,3.539689178E0
7.760088333E-1,1.066831512E0,1.118144806E1,2.149080963E0
7.860218333E-1,1.422491913E0,1.201910614E1,1.512903900E0
7.960348333E-1,1.343456268E0,1.198213303E1,1.761387177E0
8.060478333E-1,2.847678223E0,1.195833252E1,2.751278687E0
8.160618333E-1,4.328548737E0,1.177137131E1,4.231400757E0
8.260748333E-1,4.498595123E0,1.162647263E1,5.996530151E0
8.360878333E-1,3.567082214E0,1.086171295E1,7.295079803E0
8.461008333E-1,2.146985321E0,9.532626801E0,7.193441162E0
8.561138333E-1,1.496737518E0,8.551267548E0,5.319488068E0
8.661278333E-1,2.248324585E-1,8.912466431E0,3.211122437E0
8.761408333E-1,4.917274475E-1,8.354576569E0,1.400787048E0
8.861538333E-1,1.143621826E0,7.599396973E0,1.007405090E-1
8.961668333E-1,7.470964050E-1,8.800349579E0,-6.409671021E-1
9.061808333E-1,2.306254120E0,8.753197632E0,-5.397775269E-1
9.161938333E-1,2.203717346E0,8.375383301E0,-1.347048798E0
9.262068333E-1,1.373094635E0,7.843090210E0,-1.800904999E0
9.362198333E-1,1.283281403E0,6.938221893E0,-1.222358093E0
9.462328333E-1,1.022823029E0,6.212980042E0,-2.065704346E-2
9.562468333E-1,9.285191345E-1,5.803132324E0,1.053209839E0
9.662598333E-1,1.366807709E0,5.774541779E0,1.779200134E0
9.762728333E-1,2.137554932E0,5.412145386E0,1.739832001E0
9.862858333E-1,1.846260681E0,4.808151398E0,7.054829407E-1
9.962988333E-1,1.282233582E0,4.093836823E0,7.334747314E-3
1.006312833E0,1.309476929E0,3.784130859E0,-2.537223816E-1
1.016325833E0,9.395960999E-1,4.182302856E0,-2.106120300E-1
1.026338833E0,2.197430420E-1,4.358336792E0,-1.010398865E-1
1.036351833E0,1.417552185E-1,3.961212616E0,-5.983058167E-1
1.046364833E0,-1.191522217E-1,3.619173889E0,-1.200952606E0
1.056378833E0,4.038601685E-1,3.536695404E0,-9.642947388E-1
1.066391833E0,-3.772155762E-2,3.247646484E0,2.095642090E-2
1.076404833E0,1.276844788E0,2.865042114E0,5.119354248E-1
1.086417833E0,1.284628601E0,2.883603516E0,6.044430542E-1
1.096430833E0,1.078806610E0,2.710862732E0,6.197113037E-2
1.106444833E0,9.087602234E-1,2.422113190E0,-6.014492798E-1
1.116457833E0,6.975494385E-1,2.226619720E0,-9.904902649E-1
1.126470833E0,8.473878479E-1,2.123484192E0,-1.342109070E0
1.136483833E0,9.193881226E-1,2.056872711E0,-1.291214905E0
1.146496833E0,5.294490051E-1,2.202819214E0,-1.084195404E0
1.156510833E0,9.467811584E-1,2.309547272E0,-9.238787842E-1
1.166523833E0,1.875899048E0,2.788700867E0,-5.941145325E-1
1.176536833E0,2.343526611E0,3.193608856E0,-4.098477173E-1
1.186549833E0,2.240391083E0,2.996169434E0,-4.418811035E-1
1.196562833E0,1.876198425E0,2.608176270E0,-5.822891235E-1
1.206576833E0,1.789678345E0,2.329755249E0,-5.822891235E-1
1.216589833E0,1.857936401E0,2.217937775E0,-8.303233337E-1
1.226602833E0,2.109563141E0,2.253563690E0,-1.555565186E0
1.236615833E0,2.784060516E0,2.389630737E0,-1.664688263E0
1.246628833E0,2.946023712E0,2.503992920E0,-1.241817627E0
1.256642833E0,2.815495148E0,2.539918213E0,-8.562194824E-1
1.266655833E0,3.304528198E0,2.775079193E0,-1.916015625E-1
1.276668833E0,3.853287048E0,2.877466278E0,1.133143616E-1
1.286681833E0,4.234544220E0,2.881807251E0,2.245330811E-1
1.296694833E0,4.228556671E0,2.812351685E0,5.819897461E-1
1.306708833E0,4.075874176E0,2.792742462E0,9.285191345E-1
1.316721833E0,3.688779144E0,2.808609467E0,1.166075134E0
1.326734833E0,3.757186890E0,2.550396423E0,1.063089294E0
1.336747833E0,4.693639526E0,2.710263977E0,8.381071472E-1
1.346760833E0,6.147715759E0,3.166964264E0,9.568103027E-1
1.356774833E0,7.593708801E0,3.356619873E0,1.145118713E0
1.366787625E0,8.384364624E0,3.448977814E0,1.324146423E0
1.376800625E0,7.221582642E0,3.747157745E0,9.686357117E-1
1.386813625E0,5.376070404E0,3.398682404E0,1.242416382E-1
1.396826625E0,5.034480743E0,2.689756622E0,4.637356567E-1
1.406840625E0,6.357279968E0,2.931354218E0,2.107317810E0
1.416853625E0,8.193212128E0,3.289559326E0,3.109334106E0
1.426866625E0,9.444011078E0,3.056344299E0,3.595972137E0
1.436879625E0,9.547895050E0,2.726430359E0,3.972289581E0
1.446892625E0,8.295449524E0,2.587070160E0,3.171305237E0
1.456906625E0,7.403753815E0,2.040257263E0,2.092798004E0
1.466919625E0,6.960226135E0,2.226769409E0,2.087409210E0
1.476932625E0,7.491022339E0,2.447859650E0,2.875220947E0
1.486945625E0,8.611143036E0,2.306553497E0,3.824397125E0
1.496959625E0,9.472451935E0,2.167492676E0,4.476590881E0
1.506972625E0,1.059496765E1,2.130669250E0,4.640500031E0
1.516985625E0,1.125868744E1,2.308200073E0,4.510719910E0
1.526998625E0,1.102771774E1,2.771187286E0,3.480412445E0
1.537011625E0,1.065544189E1,3.218606873E0,2.300715637E0
1.547025625E0,1.007240433E1,3.272494812E0,2.321522369E0
1.557038625E0,1.023152344E1,2.719844055E0,4.145329742E0
1.567051625E0,1.085452789E1,2.409090271E0,6.377038879E0
1.577064625E0,1.137424713E1,2.326761475E0,7.590864716E0
1.587077625E0,1.151046387E1,1.989213409E0,8.187374268E0
1.597091625E0,1.135269196E1,1.632804565E0,7.894583130E0
1.607104625E0,1.137739059E1,1.429527283E0,7.077731781E0
1.617117625E0,1.164443527E1,1.189725952E0,6.406826935E0
1.627130625E0,1.097143478E1,1.432970123E0,5.820945282E0
1.637143625E0,9.764644318E0,1.691332855E0,4.928501129E0
1.647157625E0,9.621541901E0,1.414708099E0,4.344266052E0
1.657170625E0,9.573641510E0,1.736239471E0,3.818110199E0
1.667183625E0,1.030756531E1,2.071093140E0,3.152145081E0
1.677196625E0,1.074645264E1,2.002386017E0,3.354973297E0
1.687209625E0,1.029693741E1,1.024170227E0,4.016148376E0
1.697223625E0,9.570797424E0,-3.670367432E-1,5.163362732E0
1.707236625E0,8.383466492E0,-1.460363159E0,7.050338745E0
1.717249625E0,6.309978333E0,-1.682501221E0,8.640332336E0
1.727262625E0,5.237308960E0,-1.690734100E0,8.928034058E0
1.737275625E0,5.173691254E0,-1.332079926E0,7.973319397E0
1.747289625E0,5.929170227E0,-8.623567200E-1,6.633305969E0
1.757302625E0,6.648873596E0,-3.634442139E-1,6.337521057E0
1.767315625E0,7.651488647E0,-3.802093506E-2,6.769522705E0
1.777328625E0,8.623267822E0,-2.469863892E-2,7.348818054E0
1.787341625E0,9.275910645E0,-2.242337036E-1,8.468789062E0
1.797355625E0,9.706116028E0,-6.863227844E-1,9.348359985E0
1.807368625E0,9.869276733E0,-1.156944122E0,9.684710541E0
1.817381625E0,9.510023804E0,-1.186582489E0,9.917177124E0
1.827394625E0,8.639284515E0,-9.116043091E-1,8.863667908E0
1.837407625E0,8.387358398E0,-1.088386688E0,7.062463531E0
1.847421625E0,7.632328491E0,-1.358125763E0,7.034920807E0
1.857434625E0,6.749763794E0,-2.046095123E0,7.636519775E0
1.867447625E0,6.454128571E0,-2.913541260E0,8.452922058E0
1.877460625E0,6.535110168E0,-3.589984589E0,1.001522324E1
1.887473625E0,6.676116943E0,-4.077670441E0,1.088701035E1
1.897487625E0,6.394552460E0,-4.124672699E0,1.040875488E1
1.907500625E0,5.741460571E0,-3.675756226E0,8.793014832E0
1.917513625E0,5.802533569E0,-3.071013794E0,6.202501831E0
1.927526625E0,6.455775146E0,-1.965562592E0,4.660708008E0
1.937539625E0,7.780819702E0,-8.684939575E-1,3.517684937E0
1.947553625E0,9.624835052E0,-2.927911377E-1,2.344275055E0
1.957566625E0,1.143112885E1,1.502874756E-1,3.745062103E0
1.967579625E0,1.278670990E1,1.736389160E-1,6.629264374E0
1.977592625E0,1.363634308E1,9.041198730E-2,9.261241150E0
1.987605625E0,1.486768250E1,-3.823049927E-1,1.219064941E1
1.997619625E0,1.558094925E1,-6.971003723E-1,1.320658676E1
2.007632625E0,1.571716599E1,-5.408253479E-1,1.173664352E1
2.017645625E0,1.571042999E1,-6.667135620E-1,9.823621674E0
2.027658625E0,1.607028168E1,-6.851252747E-1,8.357121277E0
2.037671625E0,1.744487320E1,-2.395019531E-1,8.387807465E0
2.047685625E0,1.946162933E1,4.662803650E-1,9.851613464E0
2.057698625E0,2.199915253E1,1.181942139E0,1.079854431E1
2.067711625E0,2.447201019E1,1.633253632E0,1.080722626E1
2.077724625E0,2.541115723E1,1.667232971E0,9.458081818E0
2.087737625E0,2.475567032E1,1.159788208E0,7.202572174E0
2.097751625E0,2.238789413E1,8.801696777E-2,5.132676544E0
2.107764625E0,1.935041061E1,-1.250948639E0,2.982248383E0
2.117777625E0,1.742780869E1,-2.543361053E0,1.582359467E0
2.127790625E0,1.667697006E1,-3.172353058E0,1.844763794E0
2.137804625E0,1.708591965E1,-3.269501038E0,2.757415924E0
2.147817625E0,1.820559128E1,-3.855382690E0,4.346062317E0
2.157830625E0,1.904444687E1,-4.408033447E0,5.998027039E0
2.167843625E0,1.931508408E1,-4.769980774E0,7.008126526E0
2.177856625E0,1.919623123E1,-5.596861267E0,7.770491180E0
2.187869625E0,1.814002762E1,-6.309080200E0,8.314010925E0
2.197883625E0,1.668205948E1,-7.002887421E0,8.054600372E0
2.207896625E0,1.568483322E1,-7.739804993E0,7.228019257E0
2.217909625E0,1.513996628E1,-7.980205078E0,6.228397980E0
2.227922625E0,1.551628372E1,-7.766150208E0,5.177583160E0
2.237936625E0,1.617401596E1,-7.456144867E0,4.746329956E0
2.247949625E0,1.662682434E1,-7.198530579E0,5.437293091E0
2.257962625E0,1.684043015E1,-7.296876068E0,6.652166748E0
2.267975625E0,1.663954788E1,-7.284152527E0,7.483537903E0
2.277988625E0,1.607342514E1,-7.517367554E0,8.452323303E0
2.288002625E0,1.532528091E1,-8.124055939E0,9.785900116E0
2.298015625E0,1.469853424E1,-8.046816559E0,1.041833496E1
2.308028625E0,1.410995819E1,-7.995623016E0,1.036699173E1
2.318041625E0,1.330508194E1,-8.022866364E0,9.629176025E0
2.328054625E0,1.254466324E1,-7.770341492E0,8.023165741E0
2.338068625E0,1.174697205E1,-7.519912262E0,6.552024994E0
2.348081625E0,1.099837875E1,-7.359445953E0,5.817053375E0
2.358094625E0,1.070079758E1,-7.091652832E0,5.860463104E0
2.368108375E0,1.090227859E1,-6.360124054E0,6.204447784E0
2.378121375E0,1.116947296E1,-5.904172211E0,6.535858612E0
2.388135375E0,1.152917496E1,-5.163063354E0,6.174510040E0
2.398148375E0,1.190594147E1,-4.296215973E0,4.805457001E0
2.408161375E0,1.186747147E1,-4.005670166E0,3.587140503E0
2.418174375E0,1.132963989E1,-3.686533813E0,2.991828461E0
2.428187375E0,1.062280975E1,-3.861070862E0,3.004252625E0
2.438201375E0,9.647138672E0,-4.225862274E0,3.737727356E0
2.448214375E0,9.127120056E0,-4.489015045E0,5.311105499E0
2.458227375E0,9.122030640E0,-4.405488739E0,6.594087524E0
2.468240375E0,9.191186829E0,-3.679049377E0,6.601422272E0
2.478253375E0,9.090146942E0,-3.186423798E0,5.901328125E0
2.488267375E0,8.869655457E0,-2.728376312E0,5.293142853E0
2.498280375E0,8.726253662E0,-2.168091431E0,4.806504822E0
2.508293375E0,8.561745758E0,-1.629810791E0,4.261338501E0
2.518306375E0,8.156688080E0,-1.610351257E0,4.079466705E0
2.528319375E0,7.965086517E0,-1.256337433E0,4.371958466E0
2.538333375E0,7.974816284E0,-5.776487732E-1,4.502786407E0
2.548346375E0,7.770191803E0,-4.381388855E-1,4.453688507E0
2.558359375E0,7.479047241E0,-3.778143311E-1,4.542453918E0
2.568372375E0,7.587721252E0,-1.107696533E-1,4.251309357E0
2.578385375E0,8.329129486E0,9.401948547E-1,3.111429749E0
2.588399375E0,8.617729340E0,1.578018494E0,2.007774811E0
2.598412375E0,8.136929169E0,1.594184875E0,1.434317322E0
2.608425375E0,7.365882568E0,1.434616699E0,1.672771454E0
2.618438375E0,6.655908966E0,1.130000153E0,2.506238251E0
2.628451375E0,6.278394012E0,9.054670715E-1,3.408262482E0
2.638465375E0,6.509663086E0,1.308728485E0,4.202660522E0
2.648478375E0,6.578070831E0,1.469194794E0,4.275109863E0
2.658491375E0,6.442901917E0,1.672771454E0,4.240681458E0
2.668504375E0,6.415658569E0,1.947001190E0,4.431534576E0
2.678517375E0,6.595285034E0,2.496957550E0,3.793112183E0
2.688531375E0,7.083120575E0,3.418740692E0,2.984643402E0
2.698544375E0,7.421417084E0,3.898792419E0,2.949765930E0
2.708557375E0,7.725584564E0,4.098177795E0,3.074606323E0
2.718570375E0,7.744445343E0,4.139192505E0,3.318598938E0
2.728583375E0,7.330556030E0,3.974834290E0,3.654051361E0
2.738597375E0,6.614295502E0,3.625610504E0,4.074077911E0
2.748610375E0,5.990542603E0,3.747157745E0,4.712949371E0
2.758623375E0,5.476511536E0,3.865112457E0,4.930447083E0
2.768636375E0,5.303321686E0,4.026476898E0,4.819677429E0
2.778650375E0,5.305267639E0,4.068539429E0,4.970563660E0
2.788663375E0,5.474565582E0,4.012705536E0,5.566025391E0
2.798676375E0,5.821394348E0,4.473447418E0,6.199058990E0
2.808689375E0,6.122717743E0,4.740342407E0,6.336323547E0
2.818702375E0,5.949378204E0,4.965923309E0,6.215375061E0
2.828716375E0,5.883066101E0,5.362299042E0,6.136339417E0
2.838729375E0,6.106102295E0,5.641618195E0,6.066584473E0
2.848742375E0,5.876030731E0,5.468578033E0,6.091133423E0
2.858755375E0,5.557493134E0,5.286556549E0,6.292764130E0
2.868768375E0,5.386398926E0,5.390440521E0,6.455625458E0
2.878782375E0,5.377866669E0,5.468727722E0,6.456074524E0
2.888795375E0,5.169350281E0,5.766608276E0,6.696773987E0
2.898808375E0,4.617897034E0,5.907465363E0,6.616241455E0
2.908821375E0,4.231999512E0,5.831273804E0,6.273005219E0
2.918834375E0,4.100123749E0,5.769751740E0,6.424939270E0
2.928848375E0,3.797153778E0,5.535788269E0,6.901997223E0
2.938861375E0,3.495381317E0,5.209317169E0,7.162305908E0
2.948874375E0,3.403622131E0,5.347479858E0,7.282356262E0
2.958887375E0,3.512745209E0,5.827681274E0,6.981332245E0
2.968900375E0,3.552263031E0,5.859564972E0,6.606212311E0
2.978914375E0,2.838247833E0,5.831423492E0,6.648274841E0
2.988927375E0,1.939067688E0,5.411696320E0,6.326593781E0
2.998940375E0,1.042881317E0,4.956193542E0,5.947432251E0
3.008953375E0,4.664300537E-1,4.857249298E0,5.342091064E0
3.018966375E0,1.472937012E-1,4.787045288E0,4.673431549E0
3.028980375E0,-3.233276367E-1,4.656217346E0,4.409081268E0
3.038993375E0,-4.653822327E-1,4.863985291E0,4.135001221E0
3.049006375E0,-4.020639038E-1,4.844525757E0,4.193679199E0
3.059019375E0,-5.746549988E-1,4.619094543E0,4.585115204E0
3.069032375E0,-6.453080750E-1,4.417314148E0,4.652026062E0
3.079046375E0,-9.117539978E-1,3.976929932E0,4.289030914E0
3.089059375E0,-1.551224213E0,3.740721130E0,3.860771484E0
3.099072375E0,-1.993255005E0,4.058210907E0,3.363804932E0
3.109085375E0,-2.407593384E0,4.344715118E0,2.878813477E0
3.119098375E0,-3.502266998E0,4.180656281E0,2.076931000E0
3.129112375E0,-4.841981049E0,3.417842560E0,5.963598633E-1
3.139125375E0,-6.039341125E0,2.769840088E0,-2.555186462E-1
3.149138375E0,-6.889573059E0,2.226170654E0,-1.010997620E0
3.159151375E0,-7.317533112E0,1.830693054E0,-1.616787872E0
3.169164375E0,-7.569010162E0,1.905387726E0,-1.989363098E0
3.179178375E0,-7.418423309E0,2.571203156E0,-2.197131042E0
3.189191375E0,-7.343129883E0,3.023861847E0,-2.399659882E0
3.199204375E0,-7.879614258E0,3.138224030E0,-3.304827576E0
3.209217375E0,-8.158184967E0,3.359613647E0,-4.504432983E0
3.219230375E0,-8.112230530E0,3.506158905E0,-5.331313477E0
3.229244375E0,-8.156388702E0,3.018772430E0,-5.819298706E0
3.239257375E0,-7.843389587E0,2.450853424E0,-5.437592468E0
3.249270375E0,-7.160809021E0,2.177821198E0,-4.469705200E0
3.259283375E0,-6.463708649E0,2.077978821E0,-3.575614471E0
3.269296375E0,-5.764362946E0,2.080373840E0,-3.022963715E0
3.279310375E0,-5.737568665E0,3.028801575E0,-2.373164978E0
3.289323375E0,-5.164560242E0,3.778442688E0,-2.058219910E0
3.299336375E0,-4.170477448E0,3.842808838E0,-2.788700867E0
3.309349375E0,-3.185675354E0,4.205504608E0,-3.513343964E0
3.319362375E0,-1.849404144E0,4.875960388E0,-3.232527924E0
3.329376375E0,-1.000669098E0,4.933740234E0,-2.686164093E0
3.339389375E0,-8.014334106E-1,4.297712860E0,-2.524350586E0
3.349402375E0,-1.152752838E0,3.292253723E0,-2.952160950E0
3.359415375E0,-1.684596863E0,2.456391907E0,-3.305276642E0
3.369428583E0,-2.910846863E0,2.347568207E0,-3.737877045E0
3.379441583E0,-3.934867401E0,3.125500488E0,-3.644920349E0
3.389454583E0,-3.870800629E0,4.482428741E0,-2.551144867E0
3.399467583E0,-2.714604950E0,5.612129517E0,-1.845362549E0
3.409480583E0,-8.901988220E-1,6.340365143E0,-1.270258484E0
3.419494583E0,6.491999817E-1,6.415957947E0,-1.345701599E-1
3.429507583E0,1.297651520E0,5.969286804E0,2.929408264E-1
3.439520583E0,1.462009735E0,4.526886292E0,-1.216969299E-1
3.449533583E0,1.264869690E0,3.294349365E0,2.439926147E-1
3.459546583E0,9.039701843E-1,2.064506836E0,2.058219910E-1
3.469560583E0,8.755293274E-1,2.074535980E0,-9.862989807E-1
3.479573583E0,5.598358154E-1,2.749033356E0,-2.281106415E0
3.489586583E0,1.598226471E0,2.905907135E0,-2.730771332E0
3.499599583E0,4.519102478E0,4.404440918E0,-2.280208282E0
3.509612583E0,7.654033356E0,6.598727875E0,-2.535427551E0
3.519626583E0,9.913734283E0,7.992180176E0,-2.238894196E0
3.529639583E0,1.184696411E1,8.561446381E0,-4.239184570E-1
3.539652583E0,1.312111450E1,8.255332947E0,1.738784180E0
3.549665583E0,1.349099533E1,7.231911163E0,3.127147064E0
3.559678583E0,1.369172791E1,6.760840759E0,3.483705597E0
3.569692583E0,1.399200348E1,7.798183594E0,2.945874023E0
3.579705583E0,1.412238235E1,8.264164581E0,1.222657471E0
3.589718583E0,1.473490860E1,8.879983978E0,3.293151855E-3
3.599731583E0,1.617446503E1,1.016116974E1,-1.263372803E-1
3.609744583E0,1.831396591E1,1.140059235E1,9.294172668E-1
3.619758583E0,2.062590820E1,1.280048126E1,3.312012634E0
3.629771583E0,2.275044022E1,1.405307648E1,5.422623596E0
3.639784583E0,2.380185379E1,1.459150681E1,5.912105713E0
3.649797583E0,2.440195587E1,1.480002319E1,5.782475281E0
3.659810583E0,2.502735535E1,1.526196259E1,5.194198608E0
3.669824583E0,2.524530212E1,1.579754883E1,5.028942261E0
3.679837583E0,2.536205933E1,1.619362518E1,5.173092499E0
3.689850583E0,2.563793564E1,1.652728134E1,5.354066162E0
3.699863583E0,2.589540024E1,1.655108185E1,5.193001099E0
3.709876583E0,2.602652756E1,1.624002869E1,4.335883484E0
3.719890583E0,2.573822708E1,1.553664139E1,3.727249146E0
3.729903583E0,2.523961395E1,1.474927872E1,4.070335693E0
3.739916583E0,2.461735794E1,1.394859375E1,5.152136078E0
3.749929583E0,2.323228821E1,1.280796570E1,6.741979980E0
3.759942583E0,2.098845428E1,1.124551483E1,7.961793365E0
3.769956583E0,1.875195511E1,9.965227203E0,8.338410187E0
3.779969583E0,1.694401474E1,8.548573151E0,7.969876556E0
3.789982583E0,1.546673676E1,7.320077820E0,7.065307617E0
3.799995583E0,1.446067886E1,7.060367889E0,5.965394897E0
3.810008583E0,1.361508728E1,6.889872437E0,4.497247925E0
3.820022583E0,1.228824646E1,6.572232971E0,3.353027344E0
3.830035583E0,1.079120956E1,6.029012604E0,2.737207947E0
3.840048583E0,9.595945129E0,5.327870636E0,2.243235168E0
3.850061583E0,8.932524719E0,4.664899292E0,2.089804230E0
3.860074583E0,8.627608795E0,4.303251343E0,2.060315552E0
3.870088583E0,8.356073456E0,3.949387207E0,1.825753326E0
3.880101583E0,7.855813751E0,3.549868011E0,1.583407288E0
3.890114583E0,7.491471405E0,3.352877655E0,1.347647552E0
3.900127583E0,6.744225311E0,3.167712708E0,1.313518524E0
3.910140583E0,5.673801270E0,2.778072968E0,1.721420288E0
3.920154583E0,5.004842377E0,2.959645386E0,1.743424530E0
3.930167583E0,4.578079834E0,3.166814575E0,1.220262451E0
3.940180583E0,3.958967285E0,3.135379944E0,9.304650879E-1
3.950193583E0,3.276985474E0,3.062032471E0,8.689430237E-1
3.960206583E0,2.274370422E0,2.688110046E0,1.325343933E0
3.970220583E0,1.611698456E0,2.623444519E0,1.927841034E0
3.980233583E0,1.238674164E0,2.270029449E0,1.963916016E0
3.990246583E0,1.147214355E0,2.185754700E0,2.218386841E0
4.000259583E0,1.358574829E0,2.341880035E0,1.717378693E0
4.010273583E0,1.476679230E0,3.220552826E0,5.095404053E-1
4.020286583E0,1.783541107E0,3.947441254E0,-7.438032532E-1
4.030299583E0,2.023043060E0,4.454137573E0,-1.213676147E0
4.040312583E0,2.092947693E0,4.866529999E0,-1.168919220E0
4.050325583E0,1.383123779E0,4.805457001E0,-1.341210938E0
4.060338583E0,5.963598633E-1,4.624183960E0,-1.020727386E0
4.070352583E0,3.242257690E-1,4.657115479E0,-7.361691284E-1
4.080365583E0,-2.688409424E-1,4.572691040E0,-9.425898743E-1
4.090378583E0,-3.159928894E-1,4.553680573E0,-1.743873596E0
4.100391583E0,-1.489103394E0,3.566184082E0,-2.249821472E0
4.110405583E0,-9.304650879E-1,4.107009430E0,-1.738634491E0
4.120418583E0,-8.575666809E-1,4.168082428E0,-1.551523590E0
4.130431583E0,-1.487157440E0,3.967798920E0,-1.510808258E0
4.140444583E0,-1.508862305E0,4.045187988E0,-1.204245758E0
4.150457583E0,-9.078620911E-1,4.285139008E0,-3.960763550E-1
4.160471583E0,-3.779640198E-1,4.583019562E0,-1.796264648E-1
4.170484583E0,-4.830455017E-1,4.436324615E0,-4.680766296E-1
4.180497583E0,-5.869294739E-1,4.390669556E0,-1.079854431E0
4.190510583E0,-4.852908325E-1,4.540957031E0,-1.844464417E0
4.200523583E0,-1.167422333E0,4.442162476E0,-2.846929779E0
4.210537583E0,-2.853665771E0,3.876638489E0,-4.644691315E0
4.220550583E0,-3.513643341E0,3.574267273E0,-5.712420959E0
4.230563583E0,-3.158132629E0,4.294569397E0,-4.527485046E0
4.240576583E0,-3.021317139E0,4.626878357E0,-3.013084259E0
4.250589583E0,-2.647544403E0,4.358935547E0,-2.448608093E0
4.260603583E0,-2.475851440E0,4.188290405E0,-2.359992371E0
4.270616583E0,-2.205962677E0,3.895648956E0,-2.979104919E0
4.280629583E0,-1.137334900E0,3.981869659E0,-4.102369080E0
4.290642583E0,-5.303471375E-1,4.667593689E0,-4.853507080E0
4.300655583E0,-5.786965942E-1,4.627477112E0,-4.887486420E0
4.310669583E0,-3.975732422E-1,4.732857971E0,-4.590503998E0
4.320682583E0,-4.384382629E-1,5.127437439E0,-4.137096863E0
4.330695583E0,-1.419049072E-1,4.967420197E0,-3.941154327E0
4.340708583E0,-1.490899658E-1,4.521796875E0,-3.907025299E0
4.350721583E0,-6.421646118E-1,4.193679199E0,-4.122277679E0
4.360735583E0,-1.373244324E0,3.984863434E0,-4.903054047E0
4.370749750E0,-1.741628265E0,4.028123474E0,-5.582940216E0
4.380762750E0,-1.256487122E0,4.299808502E0,-6.051465912E0
4.390775750E0,2.163002014E-1,4.875361633E0,-5.997128906E0
4.400788750E0,1.775457916E0,5.357059937E0,-5.071902924E0
4.410802750E0,2.345472565E0,5.532644806E0,-3.846101990E0
4.420815750E0,2.481240234E0,5.213658142E0,-3.201242981E0
4.430828750E0,2.190844116E0,5.016667786E0,-3.441792755E0
4.440841750E0,1.810634766E0,5.302273865E0,-4.683011627E0
4.450854750E0,1.793719940E0,5.017565918E0,-6.614295502E0
4.460868750E0,1.710043945E0,4.780608673E0,-7.550598450E0
4.470881750E0,1.650018768E0,4.916675720E0,-8.002508698E0
4.480894750E0,1.612446899E0,5.191354523E0,-8.123756561E0
4.490907750E0,1.745819550E0,5.337450714E0,-7.100185089E0
4.500920750E0,2.129621429E0,5.089266815E0,-5.472919006E0
4.510934750E0,2.880460052E0,4.744234314E0,-4.218976593E0
4.520947750E0,3.534599762E0,4.287683716E0,-3.266956329E0
4.530960750E0,4.634213104E0,4.348307648E0,-1.854942627E0
4.540973750E0,5.522915039E0,5.011428680E0,-1.349294128E0
4.550986750E0,5.701942749E0,5.108127594E0,-3.633244629E0
4.561000750E0,5.795348511E0,5.291945343E0,-6.804849243E0
4.571013750E0,6.181395721E0,5.588778076E0,-8.837921448E0
4.581026750E0,6.479425964E0,5.740562439E0,-9.801617432E0
4.591039750E0,6.127956848E0,5.763614502E0,-9.970765686E0
4.601052750E0,5.653293915E0,5.018164673E0,-8.568032684E0
4.611066750E0,6.100114746E0,4.870870972E0,-6.083199921E0
4.621079750E0,7.180268555E0,4.999004517E0,-4.516258392E0
4.631092750E0,8.289012909E0,4.929249573E0,-3.406466217E0
4.641105750E0,9.065148926E0,4.766837311E0,-2.615211639E0
4.651118750E0,8.978479156E0,4.568200378E0,-2.942431183E0
4.661132750E0,8.497080231E0,4.049978027E0,-4.127217407E0
4.671145750E0,7.755073242E0,3.270548859E0,-4.781506805E0
4.681158750E0,7.717351685E0,3.242856445E0,-4.700674896E0
4.691171750E0,8.284522247E0,3.405268707E0,-4.850213928E0
4.701184750E0,8.366551666E0,3.221151581E0,-4.944068756E0
4.711198750E0,8.396788788E0,3.110232239E0,-5.058730316E0
4.721211750E0,9.215735779E0,3.130889282E0,-4.651726685E0
4.731224750E0,9.839488678E0,3.347039795E0,-3.495531006E0
4.741237750E0,9.209598541E0,3.044069824E0,-3.076402588E0
4.751250750E0,8.600664825E0,2.616409149E0,-2.771187286E0
4.761264750E0,9.145531769E0,2.968477020E0,-2.238744507E0
4.771277750E0,1.042596909E1,3.348087616E0,-1.729503479E0
4.781290750E0,1.118069962E1,3.703298950E0,-1.788331146E0
4.791303750E0,1.143322449E1,3.665876770E0,-2.622097321E0
4.801317750E0,1.105600891E1,3.367247772E0,-3.276386719E0
4.811330750E0,1.022029678E1,3.196153564E0,-3.470383301E0
4.821343750E0,8.678353271E0,2.853067017E0,-4.278852081E0
4.831356750E0,7.436385956E0,1.843715973E0,-4.906197510E0
4.841369750E0,6.941365356E0,1.705702972E0,-4.913083191E0
4.851383750E0,7.530240784E0,1.617386627E0,-4.469854889E0
4.861396750E0,8.534801788E0,1.681902466E0,-3.350332947E0
4.871409750E0,9.563911743E0,1.728605347E0,-2.422562256E0
4.881422750E0,1.010009674E1,1.379531250E0,-2.096390533E0
4.891435750E0,1.042686722E1,1.053060150E0,-1.825453949E0
4.901449750E0,1.021146515E1,1.087937622E0,-1.554966431E0
4.911462750E0,9.444160767E0,5.899232483E-1,-1.778152313E0
4.921475750E0,9.435778198E0,3.354524231E-1,-1.076710968E0
4.931488750E0,1.027358597E1,8.165519714E-1,-1.799258423E-1
4.941501750E0,1.106169708E1,1.005159760E0,3.498225403E-1
4.951515750E0,1.104029160E1,7.430548096E-1,-2.917433167E-1
4.961528750E0,1.103654938E1,4.963677979E-1,-1.183738403E0
4.971541750E0,1.134939880E1,3.800596619E-1,-1.498384094E0
4.981554750E0,1.139954453E1,5.396278381E-1,-1.485959930E0
4.991567750E0,1.045650558E1,4.209246826E-1,-1.833537140E0
5.001581750E0,1.030052994E1,-2.827619934E-1,-1.218166809E0
5.011594750E0,1.147738266E1,1.347198486E-1,1.618135071E-1
5.021607750E0,1.195024933E1,3.784130859E-1,8.436456299E-1
5.031620750E0,1.117995117E1,3.742218018E-2,5.328918457E-1
5.041633750E0,1.044288391E1,-2.778222656E-1,-3.912863159E-1
5.051647750E0,9.851613464E0,-7.900570679E-1,-1.453178101E0
5.061660750E0,9.116492157E0,-1.293460236E0,-1.861229553E0
5.071673750E0,9.368418274E0,-1.312919769E0,-1.594933319E0
5.081686750E0,1.078911392E1,-1.093775482E0,-1.352736969E0
5.091699750E0,1.188004532E1,-8.283773804E-1,-8.256829834E-1
5.101713750E0,1.177900543E1,-7.321275330E-1,-5.066963196E-1
5.111726750E0,1.132470016E1,-1.395847321E0,-3.233276367E-1
5.121739750E0,1.052236862E1,-1.770667877E0,-2.269281006E-1
5.131752750E0,9.275611267E0,-2.284100189E0,-6.631210327E-1
5.141765750E0,8.886270905E0,-3.134481812E0,-3.954776001E-1
5.151779750E0,1.047865952E1,-2.811154175E0,6.474037170E-1
5.161792750E0,1.319386322E1,-1.860930176E0,2.332599335E0
5.171805750E0,1.468176910E1,-1.326541443E0,3.675007782E0
5.181818750E0,1.494372437E1,-9.506730652E-1,3.922892303E0
5.191831750E0,1.456950256E1,-1.215173035E0,2.851570129E0
5.201845750E0,1.361987732E1,-1.754950562E0,1.293460236E0
5.211858750E0,1.226968506E1,-1.909279633E0,2.424957275E-2
5.221871750E0,1.088835754E1,-2.245929565E0,-2.844085693E-1
5.231884750E0,1.039902512E1,-2.851869507E0,1.285826111E-1
5.241897750E0,1.107022934E1,-3.010838928E0,7.806266785E-1
5.251911750E0,1.169413193E1,-2.509232025E0,2.153421936E0
5.261924750E0,1.185519699E1,-2.135010223E0,3.282823334E0
5.271937750E0,1.148037643E1,-2.988834686E0,3.476221161E0
5.281950750E0,1.094613739E1,-3.955374756E0,3.894750824E0
5.291963750E0,1.084659439E1,-4.311484222E0,3.826792145E0
5.301977750E0,1.033435959E1,-4.268074493E0,2.861599274E0
5.311990750E0,9.620943146E0,-4.639601898E0,2.137405243E0
5.322003750E0,9.781708832E0,-5.103786621E0,2.101779327E0
5.332016750E0,1.052206924E1,-5.146447906E0,2.735411682E0
5.342029750E0,1.083372116E1,-4.772525482E0,3.334465942E0
5.352043750E0,1.069076843E1,-4.215833130E0,3.336860962E0
5.362056750E0,1.023481659E1,-4.458628235E0,2.952310638E0
5.372069458E0,9.493408356E0,-5.191204834E0,2.427352295E0
5.382082458E0,9.482032013E0,-5.775739288E0,2.229314117E0
5.392095458E0,1.007943970E1,-5.793701935E0,2.701881409E0
5.402109458E0,1.054362442E1,-5.768554230E0,3.430416412E0
5.412122458E0,1.052072205E1,-5.987848206E0,3.426823883E0
5.422135458E0,1.055485107E1,-6.170618134E0,3.448828125E0
5.432148458E0,9.996063080E0,-5.802533569E0,3.546125793E0
5.442161458E0,9.022936707E0,-6.311026154E0,2.152523804E0
5.452175458E0,9.288484497E0,-6.489904175E0,1.125359802E0
5.462188458E0,9.851014709E0,-5.734125824E0,1.834135895E0
5.472201458E0,1.126901596E1,-5.641767883E0,3.289709015E0
5.482214458E0,1.300450699E1,-5.078489227E0,5.336552582E0
5.492227458E0,1.384351227E1,-4.965324554E0,7.018604736E0
5.502241458E0,1.374546616E1,-4.723577271E0,7.657775574E0
5.512254458E0,1.352422623E1,-4.413272552E0,6.881190491E0
5.522267458E0,1.331256638E1,-4.340673523E0,5.785618744E0
5.532280458E0,1.364831818E1,-3.399281158E0,5.076094208E0
5.542294458E0,1.447654587E1,-1.982178040E0,4.578229523E0
5.552307458E0,1.560894104E1,-5.062472534E-1,4.667444000E0
5.562320458E0,1.666709061E1,1.383123779E-1,5.388045502E0
5.572333458E0,1.765952682E1,2.032772827E-1,7.671996002E0
5.582346458E0,1.838012833E1,-1.523831177E-1,1.125808868E1
5.592360458E0,1.831740875E1,-5.316943359E-1,1.422461975E1
5.602373458E0,1.769934402E1,-8.981323242E-1,1.514101410E1
5.612386458E0,1.671229660E1,-1.207838287E0,1.381821487E1
5.622399458E0,1.581730774E1,-1.337319031E0,1.094014984E1
5.632412458E0,1.496498016E1,-1.398841095E0,8.446934509E0
5.642426458E0,1.415366730E1,-1.645528107E0,6.948101349E0
5.652439458E0,1.379800690E1,-1.812880096E0,6.144871674E0
5.662452458E0,1.389919647E1,-1.581012268E0,6.173611908E0
5.672465458E0,1.419348450E1,-1.366059265E0,5.757776642E0
5.682478458E0,1.437071594E1,-1.320254517E0,4.768783264E0
5.692492458E0,1.353575226E1,-1.369202728E0,3.537144470E0
5.702505458E0,1.211116470E1,-1.719174957E0,2.580034790E0
5.712518458E0,1.075229050E1,-2.159858551E0,2.509232025E0
5.722531458E0,9.369615784E0,-2.753224640E0,2.491868134E0
5.732544458E0,8.406817932E0,-3.449127502E0,1.687740326E0
5.742558458E0,8.004454651E0,-3.546275482E0,2.339634705E-1
5.752571458E0,8.463100891E0,-3.205284576E0,-8.493338013E-1
5.762584458E0,9.360335083E0,-2.892435150E0,-1.201551361E0
5.772597458E0,9.794132996E0,-3.133883057E0,-9.699829102E-1
5.782610458E0,9.840386810E0,-3.934118958E0,-2.869532776E-1
5.792624458E0,9.876761169E0,-4.355941772E0,5.388793945E-1
5.802637458E0,1.075737991E1,-4.736749878E0,1.239272919E0
5.812650458E0,1.170505920E1,-4.600533142E0,1.908830566E0
5.822663458E0,1.198647400E1,-4.729415131E0,2.321971436E0
5.832676458E0,1.149324966E1,-5.314548340E0,2.231409760E0
5.842690458E0,1.114507370E1,-6.060596924E0,1.767075348E0
5.852703458E0,1.159818146E1,-6.647077332E0,1.947300568E0
5.862716458E0,1.241129059E1,-6.644083557E0,3.315754852E0
5.872729458E0,1.342618011E1,-6.699618073E0,4.391867065E0
5.882742458E0,1.453746918E1,-6.870412903E0,4.485272827E0
5.892756458E0,1.577853836E1,-7.065157928E0,4.136049042E0
5.902769458E0,1.737167542E1,-7.456144867E0,4.106111298E0
5.912782458E0,1.881332748E1,-7.262148285E0,4.568499756E0
5.922795458E0,1.969110214E1,-7.314838715E0,4.896018677E0
5.932808458E0,1.950683533E1,-7.920479279E0,4.970563660E0
5.942822458E0,1.811892151E1,-8.253237305E0,5.331313477E0
5.952835458E0,1.707214828E1,-9.004375305E0,5.256918182E0
5.962848458E0,1.632430344E1,-9.086704102E0,5.192701721E0
5.972861458E0,1.616428619E1,-7.912096710E0,5.511538696E0
5.982874458E0,1.677142365E1,-6.796466675E0,4.931943970E0
5.992888458E0,1.745370483E1,-5.334307251E0,3.480262756E0
6.002901458E0,1.818089264E1,-4.264481964E0,2.452500000E0
6.012914458E0,1.824510910E1,-3.948788452E0,2.295027466E0
6.022927458E0,1.749307297E1,-4.013903046E0,3.459755402E0
6.032940458E0,1.658640839E1,-4.306993561E0,4.758454742E0
6.042954458E0,1.560609695E1,-3.667523346E0,5.924380188E0
6.052967458E0,1.489447678E1,-2.873125305E0,6.669530640E0
6.062980458E0,1.437595505E1,-2.258503418E0,6.574927368E0
6.072993458E0,1.312365921E1,-1.823058929E0,5.612279205E0
6.083006458E0,1.291364594E1,-1.167871399E0,3.533701630E0
6.093020458E0,1.308908112E1,2.369572449E-1,2.373464355E0
6.103033458E0,1.295121780E1,1.497036896E0,1.940863953E0
6.113046458E0,1.373663452E1,2.029180298E0,1.213077393E0
6.123059458E0,1.434302353E1,2.812950439E0,9.509724426E-1
6.133072458E0,1.415890640E1,3.537892914E0,2.472857666E0
6.143086458E0,1.302920563E1,3.261268158E0,4.276756439E0
6.153099458E0,1.178379547E1,2.865940247E0,5.073549500E0
6.163112458E0,1.116872452E1,3.551364899E0,5.286107483E0
6.173125458E0,1.053763687E1,4.766388245E0,4.984484711E0
6.183138458E0,9.693093109E0,5.784570923E0,4.245621185E0
6.193152458E0,8.655750275E0,6.438860321E0,3.114273834E0
6.203165458E0,7.088659058E0,6.831344147E0,1.879491577E0
6.213178458E0,6.021378479E0,7.061715088E0,1.283131714E0
6.223191458E0,5.700445862E0,7.136858826E0,1.576820984E0
6.233205458E0,5.245392151E0,6.908882904E0,2.010319519E0
6.243218458E0,3.808081055E0,6.174060974E0,2.145638123E0
6.253231458E0,1.729802856E0,5.217250671E0,2.261796570E0
6.263244458E0,-1.185534668E-1,4.657863922E0,2.624492340E0
6.273257458E0,-1.645228729E0,4.651876373E0,2.697540436E0
6.283271458E0,-2.127675476E0,5.139262848E0,3.183579712E0
6.293284458E0,-2.020049286E0,6.044131165E0,5.012925568E0
6.303297458E0,-1.864522705E0,6.580016785E0,6.360573120E0
6.313310458E0,-8.279283142E-1,6.526877289E0,6.432124329E0
6.323323458E0,4.586462402E-1,6.627168732E0,5.732928314E0
6.333337458E0,1.124461670E0,6.708449707E0,4.664749603E0
6.343350458E0,5.348377991E-1,5.784121857E0,3.219505005E0
6.353363458E0,-5.056484985E-1,4.331692200E0,7.167095947E-1
6.363376458E0,-1.714983673E0,2.983894958E0,-1.757046204E0
6.373389500E0,-2.618504791E0,1.732646942E0,-3.029999084E0
6.383403500E0,-3.161276093E0,7.900570679E-1,-2.570754089E0
6.393416500E0,-3.551065521E0,2.412982178E-1,-9.877958679E-1
6.403429500E0,-2.685864716E0,-8.005352783E-1,1.989363098E0
6.413442500E0,-2.190544739E0,-1.980531464E0,5.511987762E0
6.423455500E0,-2.909799042E0,-3.225642242E0,7.511679382E0
6.433469500E0,-3.589236145E0,-4.127217407E0,7.591014404E0
6.443482500E0,-3.421734467E0,-4.304299164E0,6.225104828E0
6.453495500E0,-2.470762024E0,-4.017495575E0,4.023932190E0
6.463508500E0,-1.657952271E0,-3.398682404E0,1.518891449E0
6.473521500E0,-1.332379303E0,-3.100502472E0,-5.930667114E-1
6.483535500E0,-1.032103729E0,-2.766397247E0,-1.033600616E0
6.493548500E0,-5.032534790E-1,-2.121987305E0,1.523831177E-1
6.503561500E0,-1.098715210E-1,-1.767674103E0,2.597548370E0
6.513574500E0,-3.625460815E-1,-1.758243713E0,4.462669830E0
6.523587500E0,-8.698411560E-1,-1.755399628E0,4.313130798E0
6.533601500E0,-9.153465271E-1,-1.708846436E0,3.074456635E0
6.543614500E0,-2.926414490E-1,-1.049766998E0,1.255439301E0
6.553627500E0,5.050497437E-1,1.731898499E-1,-6.466552734E-2
6.563640500E0,1.020428009E0,9.005273438E-1,-1.239422607E-1
6.573653500E0,4.150868225E-1,9.463320923E-1,8.919950867E-1
6.583667500E0,-1.102307739E0,8.604107666E-1,1.928739166E0
6.593680500E0,-2.324965210E0,2.963836670E-2,1.751657410E0
6.603693500E0,-3.631747742E0,-6.899153137E-1,1.475631409E0
6.613706500E0,-3.800746307E0,-4.477189636E-1,1.048120422E0
6.623719500E0,-2.064506836E0,1.323248291E-1,-2.041754150E-1
6.633733500E0,6.694079590E-1,1.294058990E0,-1.225351868E0
6.643746500E0,3.392994232E0,2.726130981E0,-1.698068848E0
6.653759500E0,4.990172882E0,3.882476349E0,-1.589544525E0
6.663772500E0,5.098248138E0,3.983516235E0,-9.538165283E-1
6.673785500E0,4.240232391E0,3.342549133E0,-5.872288513E-1
6.683799500E0,3.569626923E0,3.131038971E0,-1.321302338E0
6.693812500E0,3.570674744E0,3.018922119E0,-2.330204315E0
6.703825500E0,4.099824371E0,3.032394104E0,-2.490970001E0
6.713838500E0,5.142256622E0,3.360960846E0,-2.139949951E0
6.723852500E0,6.473887482E0,3.624412994E0,-2.326761475E0
6.733865500E0,7.966733093E0,3.986060944E0,-2.734812927E0
6.743878500E0,1.022987686E1,5.184468842E0,-3.299139404E0
6.753891500E0,1.205967178E1,5.546715546E0,-3.019820251E0
6.763904500E0,1.295960037E1,5.046306152E0,-1.679806824E0
6.773918500E0,1.431667831E1,4.977748718E0,-1.293759613E0
6.783931500E0,1.582269653E1,5.030588837E0,-1.059347076E0
6.793944500E0,1.631427429E1,4.914280701E0,-4.939727783E-2
6.803957500E0,1.522768387E1,4.559368744E0,8.023315430E-2
6.813970500E0,1.440200089E1,4.108206940E0,-6.891668701E-1
6.823984500E0,1.466874619E1,3.838168488E0,-1.097966766E0
6.833997500E0,1.575922852E1,4.010310516E0,-2.335293732E0
6.844010500E0,1.686333252E1,4.179458771E0,-3.269201660E0
6.854023500E0,1.722408234E1,4.060156860E0,-2.254910889E0
6.864036500E0,1.697395248E1,4.349205780E0,-1.204994202E0
6.874050500E0,1.667472473E1,4.556225281E0,-8.158035278E-2
6.884063500E0,1.643776749E1,4.033811646E0,3.059637451E-1
6.894076500E0,1.595801514E1,3.494932251E0,-8.577163696E-1
6.904089500E0,1.681378555E1,3.621868286E0,-2.322719879E0
6.914102500E0,1.875420044E1,4.264631653E0,-2.812052307E0
6.924116500E0,1.997566040E1,4.601431274E0,-1.635798340E0
6.934129500E0,2.070449478E1,4.684658203E0,5.050497437E-1
6.944142500E0,2.068892715E1,4.546196136E0,2.112257538E0
6.954155500E0,2.013223480E1,3.939358063E0,2.723586273E0
6.964168500E0,1.989213409E1,3.647165680E0,3.204985199E0
6.974182500E0,2.045870590E1,3.884721680E0,3.139421539E0
6.984195500E0,2.124891266E1,4.361779633E0,2.431244202E0
6.994208500E0,2.196113159E1,4.861290894E0,1.737736359E0
7.004221500E0,2.301089859E1,5.617218933E0,1.225202179E0
7.014234500E0,2.344828903E1,6.007008362E0,1.226100311E0
7.024248500E0,2.238460098E1,5.584137726E0,1.862277374E0
7.034261500E0,2.070509354E1,4.846172333E0,2.481689301E0
7.044274500E0,1.918455551E1,4.339476013E0,3.102448425E0
7.054287500E0,1.822445206E1,3.888463898E0,4.077071686E0
7.064300500E0,1.777808029E1,3.279230804E0,5.224884796E0
7.074314500E0,1.758752655E1,2.918930054E0,6.069129181E0
7.084327500E0,1.720597000E1,2.774779816E0,6.088439026E0
7.094340500E0,1.667981415E1,2.524200897E0,5.937852173E0
7.104353500E0,1.633133881E1,2.456840973E0,5.570965118E0
7.114366500E0,1.629780853E1,2.722837830E0,5.429808655E0
7.124380500E0,1.589364899E1,2.987786865E0,5.682333527E0
7.134393500E0,1.556268723E1,3.058739319E0,5.459896088E0
7.144406500E0,1.545551010E1,2.836002502E0,5.451663208E0
7.154419500E0,1.513577499E1,2.398911438E0,5.970634003E0
7.164432500E0,1.438314011E1,2.255958710E0,6.951993256E0
7.174446500E0,1.309656555E1,2.236199799E0,7.226672058E0
7.184459500E0,1.125060425E1,1.573527832E0,7.115453339E0
7.194472500E0,9.414821777E0,7.794291687E-1,7.173981628E0
7.204485500E0,8.674461365E0,3.833528137E-1,7.392078094E0
7.214498500E0,8.996142426E0,3.481759644E-1,7.735613708E0
7.224512500E0,9.591304779E0,3.784130859E-1,8.114176483E0
7.234525500E0,9.964927826E0,3.826043701E-1,8.494385834E0
7.244538500E0,1.050829788E1,7.604187012E-1,8.817863159E0
7.254551500E0,1.057146652E1,1.063688049E0,8.993597717E0
7.264565500E0,9.345964966E0,9.806108093E-1,9.017098846E0
7.274578500E0,7.776778107E0,5.551954651E-1,8.352630615E0
7.284591500E0,6.340664520E0,4.556524658E-1,7.110214233E0
7.294604500E0,4.828059998E0,3.707789612E-1,6.505322113E0
7.304617500E0,3.475772095E0,2.121089172E-1,6.618486786E0
7.314631500E0,2.319576416E0,-1.004411316E-1,7.154372406E0
7.324644500E0,4.831951904E-1,-6.162684631E-1,7.475305023E0
7.334657500E0,-1.828896790E0,-1.146016846E0,7.010222168E0
7.344670500E0,-4.135599976E0,-1.720821533E0,6.215075684E0
7.354683500E0,-6.291267242E0,-1.928290100E0,4.705015869E0
7.364697500E0,-7.007976837E0,-1.440753937E0,3.242706757E0
7.374710625E0,-6.506669312E0,-4.926255798E-1,2.252066803E0
7.384723625E0,-5.613476715E0,3.486250305E-1,1.861229553E0
7.394736625E0,-5.141657867E0,5.649252319E-1,1.274898834E0
7.404749625E0,-5.723198547E0,2.122586060E-1,6.251000977E-1
7.414763625E0,-7.052733765E0,-1.887574768E-1,4.061054993E-1
7.424776625E0,-8.374485168E0,-2.540217590E-1,-8.681945801E-2
7.434789625E0,-1.012928604E1,-9.580078125E-2,-7.048841858E-1
7.444802625E0,-1.123907822E1,-3.336561584E-1,-1.594184875E0
7.454815625E0,-1.005578888E1,1.326242065E-1,-2.224524078E0
7.464829625E0,-7.292984161E0,1.247655487E0,-2.922821960E0
7.474842625E0,-4.856351166E0,2.050735474E0,-3.377576294E0
7.484855625E0,-3.383563843E0,2.710413666E0,-2.762655029E0
7.494868625E0,-2.235601044E0,3.198099518E0,-2.423610077E0
7.504881625E0,-1.549877014E0,3.509901123E0,-2.067650299E0
7.514895625E0,-1.309327240E0,3.571123810E0,-2.576891327E0
7.524908625E0,-1.320853271E0,3.503614197E0,-3.501368866E0
7.534921625E0,-8.773255920E-1,3.408412170E0,-3.658991089E0
7.544934625E0,3.293151855E-2,3.556753693E0,-3.101250916E0
7.554947625E0,1.539847870E0,4.152963867E0,-2.667752380E0
7.564961625E0,3.468886414E0,4.575385437E0,-2.180515594E0
7.574974625E0,5.636977844E0,4.853656769E0,-1.618883514E0
7.584987625E0,7.812104645E0,4.922363892E0,-1.734143829E0
7.595000625E0,1.052356613E1,5.695206757E0,-1.950893097E0
7.605013625E0,1.284463943E1,6.589147797E0,-1.353186035E0
7.615027625E0,1.355940308E1,6.890920258E0,-7.002438354E-1
7.625040625E0,1.359637619E1,7.155270538E0,-6.861730957E-1
7.635053625E0,1.381626892E1,7.732619934E0,-9.889933777E-1
7.645066625E0,1.443418396E1,8.368347931E0,-1.695673828E0
7.655079625E0,1.573018890E1,8.747808838E0,-2.510579224E0
7.665093625E0,1.741254044E1,8.989556122E0,-2.416275330E0
7.675106625E0,1.979678238E1,9.958940277E0,-1.515298920E0
7.685119625E0,2.262500107E1,1.129940277E1,-4.745132446E-1
7.695132625E0,2.488230698E1,1.227193039E1,1.099164276E0
7.705145625E0,2.592009888E1,1.270004013E1,2.293231201E0
7.715159625E0,2.578567841E1,1.273776169E1,2.490820312E0
7.725172625E0,2.480671417E1,1.218106934E1,2.441123657E0
7.735185625E0,2.376383286E1,1.144654678E1,3.000360718E0
7.745198625E0,2.303724380E1,1.085961731E1,4.129612427E0
7.755212625E0,2.219434662E1,1.023391846E1,5.327271881E0
7.765225625E0,2.107347748E1,9.417965240E0,6.228547668E0
7.775238625E0,1.974005035E1,8.771309967E0,6.303092651E0
7.785251625E0,1.834719681E1,8.170010376E0,6.006559296E0
7.795264625E0,1.678759003E1,7.335046692E0,5.847140808E0
7.805278625E0,1.550206329E1,6.614594879E0,5.301974487E0
7.815291625E0,1.456336533E1,6.134692841E0,4.845124512E0
7.825304625E0,1.362511642E1,5.627846832E0,5.181325378E0
7.835317625E0,1.193797485E1,4.608616333E0,5.753435669E0
7.845330625E0,9.926757202E0,3.510200500E0,6.003266144E0
7.855344625E0,8.348139954E0,3.027903442E0,6.006559296E0
7.865357625E0,7.325167236E0,3.001408539E0,6.014941864E0
7.875370625E0,6.516249390E0,2.954106903E0,5.530100098E0
7.885383625E0,5.977519684E0,3.027154999E0,4.450395355E0
7.895396625E0,5.762416992E0,3.590733032E0,3.426075439E0
7.905410625E0,5.395080872E0,4.013304291E0,3.023113403E0
7.915423625E0,4.562811584E0,3.352727966E0,1.010249176E0
7.925436625E0,3.934418335E0,3.088826752E0,-2.749781799E-1
7.935449625E0,3.820505219E0,3.595223694E0,3.162922668E-1
7.945462625E0,3.389701080E0,4.103716278E0,9.575587463E-1
7.955476625E0,2.154170380E0,3.790717163E0,8.165519714E-1
7.965489625E0,1.793270874E-1,3.070115662E0,2.634521484E-1
7.975502625E0,-1.559457092E0,2.533182220E0,-5.626799011E-1
7.985515625E0,-2.686164093E0,2.436034241E0,-6.637197876E-1
7.995528625E0,-3.543880463E0,2.581681366E0,-6.944059753E-1
8.005542625E0,-3.588188324E0,2.654430084E0,-1.440155182E0
8.015555625E0,-2.655328217E0,3.190615082E0,-1.960622864E0
8.025568625E0,-1.058598633E0,4.174219666E0,-2.366578674E0
8.035581625E0,3.185375977E-1,4.822671204E0,-2.455793152E0
8.045594625E0,7.192543030E-1,4.930746460E0,-2.326462097E0
8.055608625E0,3.366499329E-1,4.738097076E0,-2.436632996E0
8.065621625E0,-1.507365417E-1,4.734953613E0,-2.709216156E0
8.075634625E0,-7.792794800E-1,4.672234039E0,-2.630928955E0
8.085647625E0,-1.022523651E0,4.639751587E0,-2.257605286E0
8.095660625E0,-2.830613708E-1,5.002597046E0,-1.988764343E0
8.105674625E0,3.052153015E-1,5.233267365E0,-1.902094574E0
8.115687625E0,1.092727661E-2,4.934189301E0,-2.262994080E0
8.125700625E0,-6.403683472E-1,4.654870148E0,-2.737207947E0
8.135713625E0,-1.447190552E0,4.832999725E0,-3.178340607E0
8.145726625E0,-2.029180298E0,5.036875763E0,-4.452341309E0
8.155740625E0,-2.278412018E0,5.063819733E0,-5.532644806E0
8.165753625E0,-2.395917664E0,4.896767120E0,-5.789211273E0
8.175766625E0,-2.192790070E0,4.709207153E0,-5.400769043E0
8.185779625E0,-1.689237213E0,4.857398987E0,-4.365072784E0
8.195793625E0,-9.415420532E-1,4.872218170E0,-3.292403412E0
8.205806625E0,-1.556762695E-2,4.929848328E0,-2.625689850E0
8.215819625E0,9.125024414E-1,4.924160156E0,-2.500999146E0
8.225832625E0,1.850901031E0,4.964127045E0,-2.687361603E0
8.235845625E0,2.343376923E0,4.729714508E0,-3.292104034E0
8.245859625E0,2.825673981E0,4.403692474E0,-4.049079895E0
8.255872625E0,3.386557617E0,4.575834503E0,-4.032614136E0
8.265885625E0,4.095782776E0,4.825664978E0,-4.365222473E0
8.275898625E0,5.388344879E0,5.821544037E0,-4.952451324E0
8.285911625E0,7.386389923E0,7.108417969E0,-5.550607452E0
8.295925625E0,1.009231293E1,8.580456848E0,-6.222260742E0
8.305938625E0,1.243808487E1,9.485624542E0,-6.211782532E0
8.315951625E0,1.331900299E1,9.410031738E0,-5.685177612E0
8.325964625E0,1.342782669E1,8.810229034E0,-5.754483490E0
8.335977625E0,1.322649536E1,8.359516296E0,-6.054908752E0
8.345991625E0,1.324954742E1,8.159532166E0,-5.764362946E0
8.356004625E0,1.364517471E1,8.316705322E0,-5.153333588E0
8.366017625E0,1.404559204E1,8.576415253E0,-4.282444611E0
8.376030000E0,1.427401703E1,8.865913239E0,-3.535647583E0
8.386043000E0,1.413181274E1,8.826096039E0,-3.488495636E0
8.396057000E0,1.361493759E1,8.556506653E0,-3.669469299E0
8.406070000E0,1.294148804E1,8.264314270E0,-3.911815338E0
8.416083000E0,1.249212250E1,8.007747803E0,-3.887865143E0
8.426096000E0,1.245215561E1,7.984246674E0,-3.498824158E0
8.436109000E0,1.229917374E1,8.039631500E0,-2.802771606E0
8.446123000E0,1.182585800E1,7.987689514E0,-2.280058594E0
8.456136000E0,1.104987167E1,7.509883118E0,-2.191742249E0
8.466149000E0,1.023751099E1,7.103927307E0,-1.748513947E0
8.476162000E0,9.478589172E0,6.568490753E0,-1.049018555E0
8.486175000E0,8.740773468E0,6.003266144E0,-8.000862122E-1
8.496189000E0,8.224197693E0,5.789211273E0,-7.286846924E-1
8.506202000E0,8.170160065E0,5.710774384E0,-6.872209167E-1
8.516215000E0,7.951464844E0,5.536836090E0,-7.068301392E-1
8.526228000E0,7.670648804E0,5.286706238E0,-8.062234497E-1
8.536241000E0,8.054001617E0,5.428910522E0,-7.131170654E-1
8.546255000E0,8.638985138E0,5.771098938E0,-7.162605286E-1
8.556268000E0,9.102122040E0,5.773194580E0,-9.764195251E-1
8.566281000E0,9.486672363E0,5.516179047E0,-9.572593689E-1
8.576294000E0,1.000654129E1,5.407505035E0,-6.819818115E-1
8.586307000E0,1.043779449E1,5.154231720E0,4.538562012E-1
8.596321000E0,1.018018021E1,4.410578156E0,1.019380188E0
8.606334000E0,1.019889130E1,4.139940948E0,1.072070618E0
8.616347000E0,1.100092346E1,4.122577057E0,1.079405365E0
8.626360000E0,1.152842651E1,3.517235870E0,1.312021637E0
8.636374000E0,1.201551361E1,3.361409912E0,1.693278809E0
8.646387000E0,1.289044418E1,3.805985413E0,2.107916565E0
8.656400000E0,1.106049957E1,3.509302368E0,1.912123718E0
8.666413000E0,1.082444046E1,4.133953400E0,1.034947815E0
8.676426000E0,1.137304962E1,4.818479919E0,8.131091309E-1
8.686440000E0,1.109388016E1,4.602778473E0,1.002165985E0
8.696453000E0,1.097981735E1,4.782255249E0,1.610950012E0
8.706466000E0,1.015203873E1,4.259093170E0,1.291214905E0
8.716479000E0,8.801696777E0,4.406536560E0,2.481838989E-1
8.726492000E0,8.637637939E0,5.645061035E0,-1.110839996E0
8.736506000E0,6.353238373E0,7.258855133E0,-2.429148560E0
8.746519000E0,3.503464508E0,9.409133606E0,-4.391567688E0
8.756532000E0,2.528242493E0,1.142948227E1,-6.357878723E0
8.766545000E0,2.745291138E0,1.268716690E1,-7.554190979E0
8.776558000E0,3.305276642E0,1.282263519E1,-8.344248047E0
8.786572000E0,4.648283844E0,1.297891022E1,-8.218210144E0
8.796585000E0,6.105503540E0,1.272922943E1,-6.829098816E0
8.806598000E0,6.815028076E0,1.192914322E1,-3.937561798E0
8.816611000E0,6.159391479E0,1.099598373E1,-6.563850403E-1
8.826624000E0,4.989723816E0,1.131856293E1,1.443897400E0
8.836638000E0,4.522994385E0,1.119222565E1,2.722987518E0
8.846651000E0,3.360511780E0,1.073866882E1,3.332669678E0
8.856664000E0,1.073567505E0,1.045411057E1,2.674638062E0
8.866677000E0,-1.529968414E0,9.639354858E0,1.102607117E0
8.876690000E0,-4.051025848E0,8.537945251E0,2.254312134E-1
8.886704000E0,-5.755381622E0,7.340435486E0,1.480421448E-1
8.896717000E0,-6.496191101E0,6.919211426E0,-6.265969849E-1
8.906730000E0,-5.865253143E0,6.406976624E0,-3.173400879E-1
8.916743000E0,-4.224664764E0,6.994804230E0,8.893006897E-1
8.926756000E0,-1.166374512E0,8.297694855E0,9.650431824E-1
8.936770000E0,4.251159668E-1,8.420140228E0,9.430389404E-1
8.946783000E0,-1.064137115E0,7.715106354E0,4.915777588E-1
8.956796000E0,-2.991828461E0,7.241940308E0,-5.535488892E-1
8.966809000E0,-3.985611877E0,6.646179199E0,-1.520987091E0
8.976822000E0,-4.583019562E0,5.975873108E0,-1.789528656E0
8.986836000E0,-5.606291656E0,5.385650482E0,-1.880689087E0
8.996849000E0,-6.478527832E0,4.647984467E0,-2.347268829E0
9.006862000E0,-6.098168793E0,4.188589783E0,-3.756887512E0
9.016875000E0,-5.097649384E0,5.026846619E0,-5.524411926E0
9.026888000E0,-3.256777496E0,6.044729919E0,-6.952592010E0
9.036902000E0,-1.583407288E0,6.411766663E0,-7.599846039E0
9.046915000E0,-1.405726776E0,6.815477142E0,-7.755073242E0
9.056928000E0,-1.511556702E0,7.642507324E0,-7.902816010E0
9.066941000E0,-2.024539948E0,7.153174896E0,-8.044571228E0
9.076954000E0,-2.969075775E0,5.169200592E0,-7.447013855E0
9.086968000E0,-3.645968170E0,3.793860626E0,-5.040019226E0
9.096981000E0,-3.211870880E0,3.313509521E0,-3.564687195E0
9.106994000E0,-1.837728424E0,3.491339722E0,-4.122127991E0
9.117007000E0,-5.321434021E-1,3.733236694E0,-4.784201202E0
9.127020000E0,3.315605164E-1,3.496728516E0,-5.460345154E0
9.137034000E0,9.267228699E-1,3.417243805E0,-6.250102844E0
9.147047000E0,1.159788208E0,3.294199677E0,-6.483916626E0
9.157060000E0,1.679956512E0,2.941383362E0,-6.022126923E0
9.167073000E0,2.121538239E0,2.324815521E0,-5.147046661E0
9.177087000E0,1.670226746E0,1.964215393E0,-4.755311279E0
9.187100000E0,1.162931671E0,2.290087738E0,-5.374723206E0
9.197113000E0,1.236428833E0,2.145189056E0,-7.017856293E0
9.207126000E0,2.147883453E0,1.800605621E0,-8.384065247E0
9.217139000E0,3.644620972E0,2.196232910E0,-8.583450623E0
9.227153000E0,4.848417664E0,2.523602142E0,-7.545658722E0
9.237166000E0,5.815556488E0,2.195933533E0,-5.809269562E0
9.247179000E0,5.910608826E0,1.747466125E0,-4.700525208E0
9.257192000E0,6.436165924E0,1.702409821E0,-4.422403564E0
9.267205000E0,8.227191467E0,1.723515930E0,-5.062023468E0
9.277219000E0,1.002615051E1,2.036664734E0,-6.743327179E0
9.287232000E0,1.094658646E1,2.542612610E0,-6.880442047E0
9.297245000E0,1.100990479E1,2.661615143E0,-6.523284760E0
9.307258000E0,1.094523926E1,2.526895294E0,-6.550228729E0
9.317271000E0,1.009605515E1,2.234403534E0,-6.332731018E0
9.327285000E0,8.998687134E0,1.561253357E0,-5.569917297E0
9.337298000E0,7.848029938E0,8.514294434E-1,-3.813020782E0
9.347311000E0,6.527326355E0,5.535488892E-1,-2.311193848E0
9.357324000E0,4.798571320E0,-3.555107117E-1,-2.806064758E0
9.367337000E0,2.499202881E0,-1.528621216E0,-4.599185944E0
9.377350875E0,1.803749084E-1,-2.330354004E0,-5.645959167E0
9.387363875E0,-7.566764832E-1,-2.681972809E0,-5.183121643E0
9.397376875E0,5.011578369E-1,-2.340532837E0,-2.797233124E0
9.407389875E0,2.951113129E0,-2.241588593E0,-4.411326599E-1
9.417402875E0,5.658233643E0,-2.012714539E0,1.032852173E-1
9.427416875E0,8.347541199E0,-1.473236389E0,-8.870553589E-1
9.437429875E0,1.029394363E1,-8.919950867E-1,-2.811154175E0
9.447442875E0,1.131616791E1,-7.318281555E-1,-4.663552094E0
9.457455875E0,1.154848480E1,-6.800358582E-1,-6.727310486E0
9.467468875E0,1.186851929E1,-6.197113037E-1,-9.280700684E0
9.477482875E0,1.262863861E1,-5.295986938E-1,-1.012030472E1
9.487495875E0,1.412642395E1,-1.715432739E-1,-9.067394257E0
9.497508875E0,1.518083130E1,-7.529342651E-2,-7.620802460E0
9.507521875E0,1.544278656E1,-1.215771790E0,-5.660628662E0
9.517534875E0,1.582748657E1,-2.082768860E0,-4.261338501E0
9.527548875E0,1.755055344E1,-8.559201050E-1,-6.396199036E0
9.537561875E0,1.912527878E1,5.701643372E-1,-1.092847412E1
9.547574875E0,1.895897461E1,9.288185120E-1,-1.455632996E1
9.557587875E0,1.806742859E1,6.721023560E-1,-1.565923645E1
9.567600875E0,1.780188080E1,1.679507446E-1,-1.511347137E1
9.577614875E0,1.802207291E1,-1.751358032E-1,-1.365116226E1
9.587627875E0,1.810964081E1,-5.099894714E-1,-1.212014603E1
9.597640875E0,1.845392487E1,-5.807922363E-1,-1.172017776E1
9.607653875E0,1.893741943E1,-2.573149109E-1,-1.191896439E1
9.617666875E0,1.893113251E1,-5.987548828E-3,-1.222956848E1
9.627680875E0,1.774275375E1,6.286926270E-3,-1.278865585E1
9.637693875E0,1.566103271E1,-3.068618774E-1,-1.372421036E1
9.647706875E0,1.401879776E1,-7.680528259E-1,-1.521630753E1
9.657719875E0,1.322230408E1,-1.157542877E0,-1.557810516E1
9.667732875E0,1.338546478E1,-1.497635651E0,-1.457040070E1
9.677746875E0,1.397044830E1,-1.948049011E0,-1.292681854E1
9.687759875E0,1.383318375E1,-2.308948517E0,-1.128233826E1
9.697772875E0,1.325987595E1,-2.601739655E0,-1.040501266E1
9.707785875E0,1.247760269E1,-2.578388214E0,-9.690997467E0
9.717798875E0,1.107786346E1,-2.644400940E0,-1.001986359E1
9.727812875E0,9.415420532E0,-2.777623901E0,-1.192540100E1
9.737825875E0,8.975934448E0,-2.739602966E0,-1.518023254E1
9.747838875E0,1.024469604E1,-1.905836792E0,-1.762764313E1
9.757851875E0,1.185729263E1,-7.544311523E-1,-1.796040115E1
9.767865875E0,1.243045074E1,-2.737806702E-1,-1.699056793E1
9.777878875E0,1.176478500E1,-6.568341064E-1,-1.574126587E1
9.787891875E0,1.032927017E1,-1.404229889E0,-1.425380905E1
9.797904875E0,8.633895721E0,-2.301464081E0,-1.300106415E1
9.807917875E0,6.783892822E0,-2.588716736E0,-1.247685425E1
9.817931875E0,5.662424927E0,-2.758014679E0,-1.301947586E1
9.827944875E0,5.446723480E0,-2.505938873E0,-1.395443161E1
9.837957875E0,6.189029846E0,-2.138453064E0,-1.434946014E1
9.847970875E0,7.252717896E0,-1.691183167E0,-1.347916992E1
9.857983875E0,8.236921234E0,-1.282383270E0,-1.176703033E1
9.867997875E0,8.913963318E0,-1.001118164E0,-9.845925293E0
9.878010875E0,8.381670227E0,-9.412426758E-1,-8.507558441E0
9.888023875E0,7.188501434E0,-1.601968689E0,-7.970175934E0
9.898036875E0,5.988147583E0,-1.836979980E0,-7.677534485E0
9.908049875E0,5.419629822E0,-1.550326080E0,-8.260572052E0
9.918063875E0,5.673651581E0,-9.834548950E-1,-8.822353821E0
9.928076875E0,6.354286194E0,-6.282435608E-1,-8.652756500E0
9.938089875E0,6.929689636E0,-3.177891541E-1,-7.971672821E0
9.948102875E0,7.169191589E0,8.801696777E-2,-7.529492340E0
9.958115875E0,7.330705719E0,4.667294312E-1,-8.034542084E0
9.968129875E0,7.613018646E0,8.376580811E-1,-8.764124908E0
9.978142875E0,8.284821625E0,1.159039764E0,-8.331973572E0
9.988155875E0,8.870703278E0,1.341061249E0,-7.059469757E0
9.998168875E0,9.009165344E0,1.235680389E0,-5.605094147E0
1.000818188E1,8.382418671E0,9.147477722E-1,-4.669539642E0
1.001819587E1,7.403903503E0,3.802093506E-1,-4.352648621E0
1.002820888E1,6.502627716E0,5.381309509E-1,-4.346212006E0
1.003822188E1,6.448590088E0,1.051263885E0,-4.840633850E0
1.004823488E1,6.307134247E0,1.380579071E0,-5.363346863E0
1.005824788E1,6.753955078E0,1.651216278E0,-5.518723755E0
1.006826188E1,7.891439667E0,2.290985870E0,-4.944667511E0
1.007827488E1,9.072333984E0,2.959795074E0,-4.787943420E0
1.008828787E1,9.929301910E0,3.375780029E0,-4.520898743E0
1.009830087E1,9.877359924E0,3.174748077E0,-3.548670502E0
1.010831388E1,8.190517731E0,2.347119141E0,-3.262765045E0
1.011832788E1,6.553372192E0,1.656006317E0,-3.847149811E0
1.012834088E1,5.185965729E0,1.353036346E0,-3.780238953E0
1.013835388E1,4.463717651E0,1.556762695E0,-3.074157257E0
1.014836688E1,4.230502625E0,1.965861969E0,-1.758393402E0
1.015837988E1,4.013154602E0,2.183359680E0,-2.329156494E-1
1.016839388E1,3.741918640E0,2.411934357E0,1.078357544E0
1.017840688E1,3.271746368E0,2.456242218E0,2.283800812E0
1.018841988E1,2.518512726E0,2.066003723E0,3.267255707E0
1.019843288E1,1.875150604E0,1.753004608E0,4.452341309E0
1.020844588E1,1.551673279E0,1.892963562E0,5.874234467E0
1.021845988E1,5.909710693E-1,1.792073364E0,6.652017059E0
1.022847288E1,-9.451345825E-1,1.391057281E0,4.989274750E0
1.023848588E1,-2.033371582E0,1.010847931E0,3.064427490E0
1.024849888E1,-2.524350586E0,1.125958557E0,2.293380890E0
1.025851188E1,-2.544708252E0,1.691482544E0,2.655328217E0
1.026852588E1,-2.863096161E0,2.040856018E0,4.501738586E0
1.027853887E1,-4.308041382E0,2.033521271E0,5.590274963E0
1.028855187E1,-6.288722534E0,1.812730408E0,4.676125946E0
1.029856488E1,-7.963290253E0,1.620380402E0,3.055595856E0
1.030857788E1,-9.145082703E0,1.468446350E0,1.404678955E0
1.031859188E1,-8.891210632E0,1.803449707E0,-1.414558411E-1
1.032860488E1,-7.053931274E0,2.496658173E0,-6.168672180E-1
1.033861788E1,-5.047653351E0,3.135829010E0,-2.399510193E-1
1.034863088E1,-3.614383850E0,3.556005249E0,8.517288208E-1
1.035864387E1,-3.943549347E0,3.733685760E0,1.422791290E0
1.036865788E1,-5.899082794E0,2.940185852E0,-5.879772949E-1
1.037867113E1,-6.866371307E0,2.360291748E0,-3.399730225E0
1.038868413E1,-6.597380676E0,2.541265411E0,-4.775519257E0
1.039869713E1,-5.645061035E0,2.802771606E0,-5.680387573E0
1.040871013E1,-3.942202148E0,3.171604614E0,-5.991590424E0
1.041872413E1,-1.588197327E0,4.037853241E0,-7.085964661E0
1.042873713E1,9.048683167E-1,5.406008148E0,-9.155710602E0
1.043875013E1,1.758842468E0,5.856271820E0,-1.136331985E1
1.044876313E1,1.417552185E0,5.215304718E0,-1.329954346E1
1.045877613E1,1.387913818E0,4.840184784E0,-1.344189743E1
1.046879012E1,1.585502930E0,4.819976807E0,-1.215906509E1
1.047880313E1,1.349743195E0,4.171525269E0,-1.087114334E1
1.048881613E1,1.588496704E0,3.443738708E0,-9.526489563E0
1.049882913E1,3.793561249E0,4.231550446E0,-8.881031799E0
1.050884213E1,6.690936127E0,5.743107147E0,-9.275461578E0
1.051885613E1,9.292526093E0,6.877747650E0,-1.124027573E1
1.052886913E1,1.081111816E1,7.010371857E0,-1.372241409E1
1.053888212E1,1.206790466E1,6.649172974E0,-1.582329529E1
1.054889512E1,1.372615631E1,6.693181458E0,-1.702305038E1
1.055890913E1,1.600262238E1,7.328460388E0,-1.698922073E1
1.056892213E1,1.891616364E1,8.760083313E0,-1.625050690E1
1.057893513E1,2.120265884E1,9.857900391E0,-1.499761230E1
1.058894813E1,2.188898163E1,1.006162674E1,-1.326197159E1
1.059896113E1,2.101180573E1,9.741292877E0,-1.178529236E1
1.060897413E1,1.981848724E1,9.216184845E0,-1.086889801E1
1.061898813E1,1.912243469E1,8.811725922E0,-1.023182281E1
1.062900113E1,1.869447464E1,8.652307434E0,-1.015757721E1
1.063901413E1,1.854478592E1,8.585246887E0,-1.030232620E1
1.064902713E1,1.899924088E1,8.916358337E0,-1.011371841E1
1.065904112E1,1.967104385E1,9.278605042E0,-8.997190247E0
1.066905413E1,1.943438599E1,8.983418884E0,-7.333998871E0
1.067906713E1,1.791953613E1,8.090076599E0,-5.581293640E0
1.068908013E1,1.581311646E1,6.899302826E0,-3.680396576E0
1.069909313E1,1.357347382E1,5.875881042E0,-1.648372192E0
1.070910713E1,1.112112350E1,4.843328247E0,-7.948471069E-2
1.071912013E1,8.878038025E0,3.964206390E0,7.312294006E-1
1.072913312E1,7.189998322E0,3.589236145E0,1.287023621E0
1.073914612E1,6.276597748E0,3.513343964E0,1.881138153E0
1.074915913E1,5.734275513E0,3.387605438E0,2.667602692E0
1.075917313E1,4.947361908E0,3.303181000E0,3.049608307E0
1.076918613E1,3.749403076E0,3.348686371E0,3.088227997E0
1.077919913E1,2.298170929E0,3.028651886E0,2.810555420E0
1.078921213E1,9.873468018E-1,2.522853699E0,2.473007355E0
1.079922513E1,-2.911445618E-1,1.987417145E0,2.565065918E0
1.080923913E1,-1.199006653E0,1.677112427E0,2.753524017E0
1.081925213E1,-1.474882965E0,1.307231598E0,3.396586761E0
1.082926513E1,-1.650168457E0,1.563798065E0,3.798950043E0
1.083927813E1,-2.092049561E0,1.902393951E0,3.116219788E0
1.084929113E1,-2.976410522E0,2.086960144E0,9.702822876E-1
1.085930512E1,-3.999981995E0,2.141596527E0,-1.655706940E0
1.086931813E1,-4.767585754E0,2.273172913E0,-3.551215210E0
1.087933113E1,-5.063969421E0,2.623145142E0,-4.443659363E0
1.088934413E1,-4.932842102E0,2.996468811E0,-4.767286377E0
1.089935713E1,-4.585264893E0,3.232677612E0,-4.174668732E0
1.090937113E1,-4.502487030E0,3.377426605E0,-2.952011261E0
1.091938412E1,-4.772076416E0,3.260968781E0,-2.057022400E0
1.092939712E1,-5.628595276E0,2.921624451E0,-3.363804932E0
1.093941012E1,-6.015091553E0,2.478994904E0,-7.274123383E0
1.094942313E1,-5.453908539E0,2.555036774E0,-9.836345215E0
1.095943713E1,-4.277355194E0,2.822231140E0,-1.057490936E1
1.096945013E1,-2.710713043E0,3.193010101E0,-1.065574127E1
1.097946313E1,-1.045126648E0,3.327729950E0,-9.938582611E0
1.098947613E1,3.742218018E-3,3.171754303E0,-8.287965088E0
1.099948912E1,2.415975952E-1,3.020868073E0,-7.309599609E0
1.100950313E1,-8.232879639E-3,2.394570465E0,-7.574698334E0
1.101951613E1,-5.134323120E-1,1.991907806E0,-8.042774963E0
1.102952913E1,-9.205856323E-1,1.958976288E0,-8.543034668E0
1.103954213E1,-1.023571472E0,1.753154297E0,-9.810748444E0
1.104955513E1,-1.138981476E0,1.067430267E0,-1.054706726E1
1.105956913E1,-7.641609192E-1,1.782792664E-1,-1.056652679E1
1.106958213E1,1.957479401E0,7.475454712E-1,-1.101140167E1
1.107959513E1,4.924758911E0,1.713337097E0,-1.148531616E1
1.108960813E1,6.457272034E0,1.799557800E0,-1.204275696E1
1.109962113E1,7.055577850E0,1.594484253E0,-1.208077789E1
1.110963512E1,6.684200134E0,1.318907318E0,-1.157348282E1
1.111964812E1,5.845344543E0,1.269060974E0,-1.073986633E1
1.112966112E1,5.670508118E0,8.243357849E-1,-1.057835220E1
1.113967413E1,6.097420349E0,4.842430115E-1,-1.098730179E1
1.114968713E1,6.199508057E0,2.395019531E-1,-1.075588303E1
1.115970113E1,5.633085938E0,-8.707392883E-1,-1.036699173E1
1.116971413E1,5.612578583E0,-1.772015076E0,-9.884844360E0
1.117972713E1,6.025270386E0,-2.177372131E0,-9.006770325E0
1.118974012E1,6.404132538E0,-2.315983887E0,-7.924371185E0
1.119975312E1,6.884483643E0,-2.224224701E0,-7.016359406E0
1.120976713E1,7.434290314E0,-1.949246521E0,-6.249803467E0
1.121978013E1,8.213869171E0,-1.327888641E0,-4.762047272E0
1.122979313E1,9.375603333E0,-1.479223938E0,-3.101250916E0
1.123980613E1,1.040531204E1,-1.797611847E0,-2.020648041E0
1.124981913E1,1.124207199E1,-1.577270050E0,-1.897304535E0
1.125983313E1,1.139505386E1,-1.733694763E0,-2.334395599E0
1.126984613E1,1.014455429E1,-1.382225647E0,-2.979703674E0
1.127985913E1,8.731043701E0,-1.639989624E0,-4.686604156E0
1.128987213E1,8.904682617E0,-2.219284973E0,-5.981710968E0
1.129988513E1,1.078237793E1,-9.142987061E-1,-5.265001373E0
1.130989912E1,1.352512436E1,2.698887634E-1,-2.993924103E0
1.131991212E1,1.673145676E1,5.210664368E-1,-6.968009949E-1
1.132992513E1,1.897544037E1,1.685494995E-1,1.841620331E0
1.133993813E1,2.088621689E1,1.716929626E-1,4.515210571E0
1.134995113E1,2.293695236E1,1.023122406E0,5.226531372E0
1.135996513E1,2.459206055E1,2.510130157E0,3.221450958E0
1.136997813E1,2.564452194E1,3.870351563E0,1.025367737E0
1.137999108E1,2.638622955E1,4.906646576E0,8.672964478E-1
1.139000408E1,2.658292053E1,5.557792511E0,1.596579895E0
1.140001708E1,2.596814896E1,5.577551422E0,1.914668427E0
1.141003108E1,2.491972916E1,5.203778687E0,2.409988403E0
1.142004408E1,2.384825729E1,4.872517548E0,3.328029327E0
1.143005708E1,2.296314789E1,4.571343842E0,4.217030640E0
1.144007008E1,2.195229996E1,4.544399872E0,4.274810486E0
1.145008308E1,2.068578369E1,4.474794617E0,2.793640594E0
1.146009708E1,1.942510529E1,4.223018188E0,5.060975647E-1
1.147011008E1,1.806263855E1,4.129911804E0,-1.238075409E0
1.148012308E1,1.671109909E1,3.944597168E0,-1.852547607E0
1.149013608E1,1.557915298E1,3.739224243E0,-1.757495270E0
1.150014908E1,1.421698563E1,3.228037262E0,-1.380429382E0
1.151016308E1,1.276290939E1,2.694995728E0,-1.321002960E0
1.152017608E1,1.155222702E1,2.167193298E0,-1.794618073E0
1.153018908E1,1.080827408E1,1.767823792E0,-1.979184265E0
1.154020208E1,1.048554520E1,1.714983673E0,-1.454375610E0
1.155021508E1,9.943522339E0,1.553918610E0,-7.143145752E-1
1.156022908E1,9.068442078E0,1.109941864E0,-3.644920349E-1
1.157024208E1,7.789501648E0,7.893086243E-1,-4.969665527E-1
1.158025508E1,6.900350647E0,5.144801331E-1,-1.402583313E0
1.159026808E1,6.653214569E0,4.372407532E-1,-2.360740814E0
1.160028108E1,6.493646393E0,4.578977966E-1,-2.868634644E0
1.161029508E1,6.518045654E0,3.594026184E-1,-3.314108276E0
1.162030808E1,6.874903564E0,1.377136230E-2,-3.594624939E0
1.163032108E1,7.491621094E0,-4.583468628E-1,-3.746858368E0
1.164033408E1,8.522976379E0,-8.783734131E-1,-3.889362030E0
1.165034708E1,1.016146912E1,-9.343569946E-1,-3.816763000E0
1.166036108E1,1.276036469E1,-6.095324707E-1,-3.456911316E0
1.167037408E1,1.524893967E1,2.514770508E-2,-2.605930939E0
1.168038708E1,1.596549957E1,-6.728507996E-1,-1.721270599E0
1.169040008E1,1.474029739E1,-1.778451691E0,-2.007325745E-1
1.170041308E1,1.203916443E1,-3.051853638E0,1.766027527E0
1.171042708E1,9.635912018E0,-4.926405487E0,2.496059418E0
1.172044008E1,7.150181122E0,-6.128106537E0,2.074835358E0
1.173045308E1,4.660708008E0,-6.081403656E0,5.051994324E-1
1.174046608E1,3.493585052E0,-5.185666351E0,-2.216889954E0
1.175047908E1,3.421135712E0,-3.228486328E0,-4.690496063E0
1.176049308E1,4.037703552E0,-7.454498291E-2,-6.544091492E0
1.177050608E1,4.876409454E0,2.254910889E0,-7.842790833E0
1.178051908E1,5.129383392E0,3.676205292E0,-7.893535309E0
1.179053208E1,4.828958130E0,4.533322906E0,-7.166048126E0
1.180054508E1,4.751119995E0,4.438420258E0,-5.731880493E0
1.181055908E1,3.890709229E0,3.856879578E0,-4.045637054E0
1.182057208E1,3.652255096E0,4.862338715E0,-3.357817383E0
1.183058508E1,3.484004974E0,7.137158203E0,-4.155658264E0
1.184059808E1,2.947370911E0,7.575446777E0,-5.381608887E0
1.185061108E1,2.056273956E0,7.386689301E0,-6.304589539E0
1.186062508E1,1.401984558E0,6.907535706E0,-6.518045654E0
1.187063808E1,1.059347076E0,5.784720612E0,-5.370082855E0
1.188065108E1,1.241069183E0,5.044809265E0,-3.532055054E0
1.189066408E1,2.101929016E0,4.802014160E0,-2.106719055E0
1.190067708E1,2.748883667E0,5.188360748E0,-1.158890076E0
1.191069108E1,3.157833252E0,5.648204498E0,-3.183879089E-1
1.192070408E1,2.797831879E0,6.384074249E0,5.391787720E-1
1.193071708E1,1.841919708E0,7.766748962E0,7.801776123E-1
1.194073008E1,2.236199799E0,8.163873138E0,3.963757324E-1
1.195074308E1,2.836750946E0,7.647746429E0,-7.797285461E-1
1.196075708E1,3.417094116E0,6.754254456E0,-2.590812378E0
1.197077008E1,4.433480530E0,5.650300140E0,-3.281775513E0
1.198078308E1,5.717510376E0,4.058659973E0,-3.070265350E0
1.199079608E1,6.786437531E0,2.733615417E0,-1.707648926E0
1.200080908E1,7.441774750E0,1.632804565E0,2.631527710E-1
1.201082308E1,8.191565552E0,1.535207520E0,2.051483917E0
1.202083608E1,8.400531006E0,1.421294403E0,4.503385162E0
1.203084908E1,7.560777283E0,7.518864441E-1,7.961344299E0
1.204086208E1,6.524182892E0,-2.612068176E-1,9.391170959E0
1.205087508E1,6.382577362E0,-7.782316589E-1,7.876620483E0
1.206088908E1,7.132368164E0,-5.478607178E-1,5.543871460E0
1.207090208E1,8.429420929E0,5.822891235E-2,2.809806976E0
1.208091508E1,9.688901825E0,6.749464417E-1,6.571334839E-1
1.209092808E1,1.015787659E1,8.222401428E-1,-3.752696228E-1
1.210094108E1,1.047207321E1,9.210346985E-1,-5.551954651E-1
1.211095508E1,1.128473328E1,1.631457367E0,-3.628454590E-1
1.212096808E1,1.221564743E1,2.246079254E0,-3.632945251E-1
1.213098108E1,1.179996185E1,2.089804230E0,3.303630066E-1
1.214099408E1,1.085348007E1,1.456321564E0,2.450104980E0
1.215100708E1,1.013347733E1,3.625460815E-1,4.399052124E0
1.216102108E1,9.335636444E0,-2.019300842E-1,6.218368835E0
1.217103408E1,8.847800903E0,-4.212240601E-1,7.747588806E0
1.218104708E1,9.014703827E0,-5.700146484E-1,7.868836670E0
1.219106008E1,1.000714005E1,2.829116821E-2,6.939868469E0
1.220107308E1,1.177062286E1,1.113235016E0,5.317991180E0
1.221108708E1,1.312440765E1,2.046394501E0,3.294049988E0
1.222110008E1,1.422521851E1,2.711012421E0,1.152603149E0
1.223111308E1,1.456097031E1,2.401755524E0,1.666035461E-1
1.224112608E1,1.352153183E1,1.573228455E0,1.730850677E0
1.225113908E1,1.238704102E1,1.023721161E0,5.017565918E0
1.226115308E1,1.151525391E1,6.021977234E-1,7.417076111E0
1.227116608E1,1.099912720E1,4.465214539E-1,8.518785095E0
1.228117908E1,1.127245880E1,6.587800598E-1,7.598798218E0
1.229119208E1,1.268686752E1,1.829794922E0,5.215454407E0
1.230120508E1,1.461680420E1,3.000660095E0,3.603606262E0
1.231121908E1,1.578512466E1,3.745062103E0,2.792443085E0
1.232123208E1,1.668116135E1,4.162543945E0,2.317929840E0
1.233124508E1,1.757031235E1,4.318519592E0,2.081122284E0
1.234125808E1,1.723755432E1,3.856131134E0,2.684367828E0
1.235127108E1,1.665975586E1,2.987786865E0,3.830684052E0
1.236128508E1,1.658131897E1,2.311642914E0,4.098327484E0
1.237129808E1,1.642609177E1,2.070793762E0,3.934867401E0
1.238131046E1,1.649464920E1,2.256707153E0,3.640279999E0
1.239132346E1,1.717812790E1,2.798131256E0,3.666774902E0
1.240133646E1,1.792238022E1,3.392545166E0,3.598965912E0
1.241135046E1,1.725057724E1,3.040926361E0,3.509601746E0
1.242136346E1,1.640678192E1,2.025138702E0,3.586392059E0
1.243137646E1,1.572465042E1,1.427731018E0,3.682941284E0
1.244138946E1,1.540671158E1,8.559201050E-1,4.117787018E0
1.245140246E1,1.569845490E1,7.896080017E-1,4.366270294E0
1.246141646E1,1.585622681E1,1.088985443E0,3.820355530E0
1.247142946E1,1.572884171E1,1.604214020E0,3.047512665E0
1.248144246E1,1.545311508E1,2.078278198E0,2.241438904E0
1.249145546E1,1.568154007E1,2.129621429E0,1.837429047E0
1.250146846E1,1.620305557E1,1.739083557E0,1.509760437E0
1.251148246E1,1.681962341E1,9.824070740E-1,1.162632294E0
1.252149546E1,1.799228485E1,-1.950444031E-1,1.050665131E0
1.253150846E1,1.969903564E1,-3.950285339E-1,8.890013123E-1
1.254152146E1,2.096046249E1,-3.867956543E-1,7.933502197E-3
1.255153446E1,2.130444717E1,-7.122189331E-1,-6.023474121E-1
1.256154846E1,2.053115524E1,-7.673043823E-1,-8.907975769E-1
1.257156146E1,1.954964630E1,-1.599573669E0,-1.281784515E0
1.258157446E1,1.890598480E1,-2.705923004E0,-1.004411316E0
1.259158746E1,1.899370239E1,-3.101250916E0,-9.595046997E-1
1.260160046E1,1.967807922E1,-3.254532166E0,-1.482966156E0
1.261161446E1,1.944770828E1,-3.400778046E0,-2.796035614E0
1.262162746E1,1.910297516E1,-3.936214600E0,-4.098477173E0
1.263164046E1,1.837608673E1,-3.873195648E0,-4.628973999E0
1.264165346E1,1.741298950E1,-3.707789612E0,-4.682562561E0
1.265166646E1,1.673504929E1,-4.211043091E0,-4.660109253E0
1.266168046E1,1.561612610E1,-4.431684265E0,-5.409301300E0
1.267169346E1,1.479897537E1,-4.520599365E0,-6.707102509E0
1.268170646E1,1.380788635E1,-4.306245117E0,-7.744145966E0
1.269171946E1,1.329669937E1,-4.456083527E0,-7.349865875E0
1.270173246E1,1.277668076E1,-4.681814117E0,-6.098767548E0
1.271174646E1,1.125883713E1,-4.857997742E0,-5.056335297E0
1.272175946E1,9.900262299E0,-5.073699188E0,-4.755610657E0
1.273177246E1,9.003327484E0,-5.170098724E0,-5.536536713E0
1.274178546E1,8.710686035E0,-5.164260864E0,-6.384373627E0
1.275179846E1,8.805888062E0,-4.666246490E0,-6.586303711E0
1.276181246E1,8.882229309E0,-4.465214539E0,-7.036866760E0
1.277182546E1,8.825646973E0,-4.402494965E0,-7.784112854E0
1.278183846E1,8.427325287E0,-4.044140167E0,-8.149353333E0
1.279185146E1,8.247848511E0,-3.633693695E0,-8.146359558E0
1.280186546E1,7.793992310E0,-3.200494537E0,-8.036488037E0
1.281187846E1,7.347321167E0,-2.981350250E0,-7.440726929E0
1.282189146E1,6.837182007E0,-2.884052582E0,-6.665339355E0
1.283190446E1,6.057752838E0,-3.011138306E0,-5.817053375E0
1.284191746E1,5.201084290E0,-3.347039795E0,-5.241051178E0
1.285193046E1,4.838538208E0,-3.130290527E0,-4.385729828E0
1.286194446E1,4.156107330E0,-3.030597839E0,-4.122577057E0
1.287195746E1,2.913690948E0,-3.254981232E0,-4.572241974E0
1.288197046E1,2.094444580E0,-2.924169159E0,-4.823868713E0
1.289198346E1,1.685494995E0,-2.375410309E0,-5.248834991E0
1.290199746E1,1.300196228E0,-1.602268066E0,-5.472619629E0
1.291201046E1,1.473086700E0,-5.727090454E-1,-5.801485748E0
1.292202346E1,2.334096222E0,1.592687988E-1,-6.767576752E0
1.293203646E1,2.488125916E0,4.462220764E-1,-7.112908630E0
1.294204946E1,2.575095062E0,6.674620056E-1,-6.629114685E0
1.295206346E1,2.133663025E0,6.688092041E-1,-6.040838013E0
1.296207646E1,9.822573853E-1,2.911445618E-1,-5.360802155E0
1.297208946E1,-6.652166748E-1,-1.600172424E-1,-5.135071564E0
1.298210246E1,-2.028132477E0,-2.465373230E-1,-5.709127808E0
1.299211546E1,-2.668500824E0,2.778222656E-1,-5.760021973E0
1.300212946E1,-2.430495758E0,1.405128021E0,-5.321883087E0
1.301214246E1,-1.570384369E0,2.206860809E0,-4.555626526E0
1.302215546E1,-8.660989380E-1,2.388582916E0,-3.434458008E0
1.303216846E1,-1.018931122E0,2.452050934E0,-2.943628693E0
1.304218146E1,-1.082099762E0,2.846929779E0,-3.199446716E0
1.305219546E1,-9.812095642E-1,3.254681854E0,-3.309916992E0
1.306220846E1,-1.003662872E0,3.449277191E0,-3.358416138E0
1.307222146E1,-1.393452301E0,3.578458557E0,-2.977158966E0
1.308223446E1,-2.276765442E0,3.680246887E0,-2.744991760E0
1.309224746E1,-2.921923828E0,3.590283966E0,-3.204087067E0
1.310226046E1,-3.387605438E0,3.807332611E0,-2.683170319E0
1.311227446E1,-4.213438110E0,4.660857697E0,-1.522184601E0
1.312228746E1,-4.721032562E0,5.188510437E0,-1.214723969E0
1.313230046E1,-4.937632141E0,5.055287476E0,-6.719526672E-1
1.314231346E1,-4.582121429E0,5.076842651E0,6.249504089E-1
1.315232646E1,-3.541036377E0,5.303621063E0,2.420017548E0
1.316234046E1,-2.950963440E0,5.105732574E0,4.149820404E0
1.317235346E1,-3.290457458E0,4.353546753E0,5.571264496E0
1.318236646E1,-4.053720245E0,3.486998749E0,6.733447723E0
1.319237946E1,-5.293142853E0,2.604434052E0,7.410938873E0
1.320239246E1,-6.021827545E0,2.307002563E0,7.356003113E0
1.321240646E1,-5.909111938E0,3.057841187E0,7.150630188E0
1.322241946E1,-5.302273865E0,4.127067719E0,7.143744507E0
1.323243246E1,-3.962110748E0,4.687352600E0,7.522157593E0
1.324244546E1,-2.255210266E0,4.811594238E0,7.566914520E0
1.325245946E1,-1.118623810E0,4.323908386E0,7.140451355E0
1.326247246E1,-5.884263611E-1,3.459006958E0,6.864575043E0
1.327248546E1,-3.939807129E-1,2.648292847E0,7.163204041E0
1.328249846E1,2.279759216E-1,2.913990326E0,6.866520996E0
1.329251146E1,1.042132874E0,3.928430786E0,5.938600616E0
1.330252546E1,2.365680542E0,4.788542175E0,4.632865906E0
1.331253846E1,3.721860352E0,5.591622162E0,3.454516296E0
1.332255146E1,5.705086212E0,6.186335449E0,3.110381927E0
1.333256446E1,7.329807587E0,5.986800385E0,2.514770508E0
1.334257746E1,8.354426880E0,5.311554565E0,1.914967804E0
1.335259146E1,9.105115814E0,4.903503113E0,1.003812561E0
1.336260446E1,1.001207977E1,5.034630432E0,-7.331753540E-1
1.337261746E1,1.162153290E1,5.881569214E0,-3.453019409E0
1.338263038E1,1.414663193E1,7.597900085E0,-5.841302948E0
1.339264338E1,1.747271530E1,9.690249023E0,-7.814050598E0
1.340265738E1,2.053878937E1,1.119147720E1,-9.138496399E0
1.341267037E1,2.268802002E1,1.149803970E1,-9.229656830E0
1.342268337E1,2.396845734E1,1.063134201E1,-8.064779205E0
1.343269637E1,2.458951584E1,9.803413696E0,-6.784341888E0
1.344270938E1,2.496987488E1,1.009380981E1,-6.479425964E0
1.345272338E1,2.505594589E1,1.095107712E1,-7.443121948E0
1.346273638E1,2.432247116E1,1.132844238E1,-9.654772797E0
1.347274938E1,2.321552307E1,1.090856552E1,-1.198841995E1
1.348276238E1,2.242441818E1,1.033765274E1,-1.421009995E1
1.349277537E1,2.270942551E1,1.050365753E1,-1.538006699E1
1.350278938E1,2.358121262E1,1.076815750E1,-1.546883240E1
1.351280238E1,2.326013031E1,1.019260437E1,-1.469688766E1
1.352281538E1,2.159648987E1,9.331594849E0,-1.367556152E1
1.353282838E1,1.922586960E1,8.537196808E0,-1.332993027E1
1.354284138E1,1.661185547E1,7.503596191E0,-1.343650864E1
1.355285538E1,1.387824005E1,6.298152924E0,-1.307935135E1
1.356286838E1,1.140029297E1,5.017715607E0,-1.190983337E1
1.357288138E1,9.782008209E0,4.195475464E0,-9.753267975E0
1.358289438E1,8.447832642E0,3.787424011E0,-7.847131805E0
1.359290738E1,7.297325134E0,3.507206726E0,-7.000492401E0
1.360292138E1,6.215674438E0,3.364104309E0,-6.702761536E0
1.361293437E1,5.280718689E0,3.231180725E0,-6.405629425E0
1.362294737E1,4.025279388E0,2.978356476E0,-5.812113647E0
1.363296038E1,2.756068726E0,2.874173126E0,-5.726491699E0
1.364297338E1,2.016456757E0,2.698588257E0,-6.179000702E0
1.365298738E1,1.518741760E0,2.538720703E0,-5.752687225E0
1.366300038E1,1.323547668E0,2.695893860E0,-4.574786682E0
1.367301338E1,9.880952454E-1,2.899620209E0,-2.658920746E0
1.368302637E1,1.706451416E-1,2.844983826E0,-7.993377686E-1
1.369303937E1,-9.509724426E-1,2.817590790E0,2.540217590E-1
1.370305338E1,-2.009421387E0,2.800226898E0,5.993536377E-1
1.371306638E1,-2.940634918E0,2.784509583E0,6.518943787E-1
1.372307938E1,-3.753893738E0,2.786455536E0,9.668394470E-1
1.373309238E1,-4.258045349E0,2.855162659E0,1.411115570E0
1.374310538E1,-4.655618591E0,3.176095276E0,1.711989899E0
1.375311938E1,-5.090015259E0,3.536845093E0,2.024240570E0
1.376313238E1,-5.182522888E0,3.850442963E0,1.701062622E0
1.377314538E1,-5.824388123E0,3.704945526E0,1.188079376E0
1.378315838E1,-6.477480011E0,3.309467926E0,4.320016479E-1
1.379317138E1,-5.621709595E0,4.189487915E0,5.812413025E-1
1.380318537E1,-4.369563446E0,5.057981873E0,1.576222229E0
1.381319837E1,-4.003574524E0,5.284011841E0,1.662143555E0
1.382321138E1,-4.235741730E0,5.157225494E0,1.892364807E0
1.383322438E1,-4.989574127E0,4.561913452E0,2.538571014E0
1.384323738E1,-5.864804077E0,3.760180664E0,3.007396088E0
1.385325138E1,-6.822662201E0,2.871927795E0,3.798500977E0
1.386326438E1,-7.471263428E0,2.128872986E0,4.162693634E0
1.387327738E1,-7.494016113E0,1.683399353E0,4.204007721E0
1.388329037E1,-6.215524750E0,2.027234344E0,4.331542511E0
1.389330337E1,-3.255579987E0,3.335214386E0,3.638783112E0
1.390331738E1,5.942642212E-2,5.028942261E0,3.193908234E0
1.391333038E1,2.349963226E0,6.376290436E0,3.261417847E0
1.392334338E1,2.815944214E0,6.338868256E0,3.373834076E0
1.393335638E1,2.493215332E0,5.095404053E0,4.230652313E0
1.394336938E1,2.498454437E0,4.103416901E0,5.157225494E0
1.395338338E1,2.054028625E0,2.984194336E0,5.466482391E0
1.396339638E1,1.553469543E0,1.840572510E0,5.975723419E0
1.397340938E1,2.502346344E0,1.636995850E0,6.706054688E0
1.398342238E1,3.905977478E0,1.898352356E0,7.376360779E0
1.399343538E1,5.527854767E0,2.727328491E0,7.492369537E0
1.400344937E1,7.004533997E0,3.613785095E0,6.987319794E0
1.401346238E1,7.934849396E0,4.070186005E0,5.337001648E0
1.402347538E1,8.860225067E0,4.792733459E0,3.133583679E0
1.403348838E1,9.885293427E0,5.495072937E0,1.861079865E0
1.404350138E1,1.002929398E1,4.858895874E0,1.648821259E0
1.405351538E1,9.960886230E0,3.902684326E0,2.237397308E0
1.406352838E1,8.966653748E0,2.482737122E0,2.830164642E0
1.407354137E1,7.289840698E0,7.616162109E-1,4.084855499E0
1.408355437E1,7.641459503E0,7.454498291E-1,6.035000153E0
1.409356738E1,9.678573303E0,1.700014801E0,6.816375275E0
1.410358138E1,1.173230255E1,2.339485016E0,6.550378418E0
1.411359438E1,1.347527802E1,3.041375427E0,5.587730255E0
1.412360738E1,1.440993439E1,3.190315704E0,4.470453644E0
1.413362038E1,1.414992508E1,1.950294342E0,4.032763824E0
1.414363338E1,1.469434296E1,1.778152313E0,3.974235535E0
1.415364738E1,1.540641220E1,2.168989563E0,4.129013672E0
1.416366038E1,1.515733017E1,2.152074738E0,4.060755615E0
1.417367338E1,1.422162598E1,1.928739166E0,3.620970154E0
1.418368638E1,1.344414276E1,1.012943573E0,3.647165680E0
1.419369938E1,1.438942703E1,6.062393188E-1,4.085753632E0
1.420371338E1,1.620215744E1,8.457412720E-1,4.734654236E0
1.421372638E1,1.778586411E1,1.040037231E0,4.165388031E0
1.422373938E1,1.950638626E1,2.170336761E0,2.002086639E0
1.423375238E1,2.011891251E1,2.801125031E0,1.135089569E0
1.424376538E1,1.949336334E1,2.169588318E0,1.209484863E0
1.425377938E1,1.809721664E1,1.355431366E0,1.248703308E0
1.426379237E1,1.597732498E1,8.229885864E-1,8.990304565E-1
1.427380537E1,1.458941116E1,-1.272354126E-2,2.218386841E-1
1.428381838E1,1.454166046E1,-5.402265930E-1,-6.500981140E-1
1.429383138E1,1.618614075E1,1.010398865E-1,-2.705773315E0
1.430384538E1,1.877979721E1,1.759890289E0,-5.520819397E0
1.431385838E1,1.965338058E1,3.101699982E0,-8.264913025E0
1.432387138E1,1.910028076E1,3.904480591E0,-1.051054321E1
1.433388438E1,1.858325592E1,4.028722229E0,-1.171284302E1
1.434389737E1,1.774799286E1,2.985242157E0,-1.175715088E1
1.435391138E1,1.606070160E1,2.430346069E0,-1.184217407E1
1.436392438E1,1.463895813E1,1.974244537E0,-1.267728745E1
1.437393800E1,1.437745193E1,1.866318970E0,-1.277159134E1
1.438395100E1,1.561418015E1,2.440075836E0,-1.259585678E1
1.439396400E1,1.686273376E1,3.001408539E0,-1.179562088E1
1.440397800E1,1.739188339E1,3.012784882E0,-1.101634140E1
1.441399100E1,1.717917572E1,2.556234283E0,-1.077833633E1
1.442400400E1,1.662727341E1,2.224374390E0,-9.903705139E0
1.443401700E1,1.591864700E1,1.948647766E0,-9.175469513E0
1.444403000E1,1.450618423E1,1.622625732E0,-8.614136810E0
1.445404400E1,1.263926651E1,7.063810730E-1,-6.937024384E0
1.446405700E1,1.041414368E1,-2.163002014E-1,-3.804189148E0
1.447407000E1,8.281528473E0,-6.791377258E-1,-7.511380005E-1
1.448408300E1,6.799460449E0,-1.081800385E0,-1.700463867E-1
1.449409600E1,6.631809082E0,-9.163943481E-1,-1.036594391E0
1.450411000E1,7.780370636E0,1.392105103E-2,-1.042282562E0
1.451412300E1,9.622440033E0,8.722361755E-1,-4.794529724E-1
1.452413600E1,1.112830856E1,1.395997009E0,1.396595764E-1
1.453414900E1,1.168934189E1,1.436412964E0,1.128652954E0
1.454416200E1,1.174637329E1,1.303190002E0,1.664239197E0
1.455417600E1,1.196207474E1,1.347048798E0,1.861678619E0
1.456418900E1,1.239392670E1,1.464853821E0,2.466570740E0
1.457420200E1,1.256352402E1,1.366957397E0,3.220253448E0
1.458421500E1,1.216909424E1,8.981323242E-1,3.910617828E0
1.459422800E1,1.157033936E1,3.056643677E-1,4.270768890E0
1.460424200E1,1.069286407E1,-2.113604736E-1,4.466561737E0
1.461425500E1,8.853489075E0,4.882846069E-1,4.683909760E0
1.462426800E1,6.696923676E0,8.647517395E-1,1.808389435E0
1.463428100E1,5.033582611E0,1.004411316E-1,-3.399430847E0
1.464429400E1,3.581602020E0,-2.269281006E-1,-7.015161896E0
1.465430800E1,3.057990875E0,-1.610650635E-1,-8.675808563E0
1.466432100E1,3.778292999E0,-1.086740112E-1,-8.218659210E0
1.467433400E1,4.646337891E0,-3.038681030E-1,-6.327491913E0
1.468434700E1,4.939727783E0,-5.387297058E-1,-3.928730164E0
1.469436000E1,4.649780731E0,-1.129551086E0,-1.744023285E0
1.470437400E1,4.563260651E0,-1.996099091E0,3.954776001E-1
1.471438700E1,4.640949097E0,-2.441872101E0,2.684218140E0
1.472440000E1,4.352498932E0,-3.012036438E0,3.974534912E0
1.473441300E1,4.056863708E0,-3.144510956E0,3.734134827E0
1.474442600E1,3.811972961E0,-2.874023438E0,2.868035889E0
1.475444000E1,2.747985535E0,-1.625320129E0,2.193388824E0
1.476445300E1,1.819616089E0,2.395019531E-3,1.055155792E0
1.477446600E1,1.002615051E0,2.136058044E-1,-2.752775574E-1
1.478447900E1,-7.036866760E-1,1.739382935E-1,-1.948498077E0
1.479449200E1,-4.819976807E-1,9.235794067E-1,-3.859124908E0
1.480450600E1,1.321152649E0,1.980531464E0,-5.300926666E0
1.481451900E1,2.791994019E0,2.672692108E0,-5.929469604E0
1.482453200E1,3.688928833E0,3.512445831E0,-5.519172821E0
1.483454500E1,3.512894897E0,4.450994110E0,-4.830754395E0
1.484455800E1,2.122735748E0,5.037624207E0,-4.238136749E0
1.485457200E1,1.533111877E0,4.644242249E0,-4.159400482E0
1.486458500E1,1.627116394E0,4.127067719E0,-4.296665039E0
1.487459800E1,3.174448700E0,3.552263031E0,-4.171375580E0
1.488461100E1,6.022276611E0,3.421884155E0,-4.247417450E0
1.489462400E1,8.716673584E0,3.243754578E0,-4.482428741E0
1.490463800E1,1.087503525E1,1.649869080E0,-3.714076538E0
1.491465100E1,1.285646484E1,4.704716492E-1,-2.641706543E0
1.492466400E1,1.499506760E1,7.421566772E-1,-2.061363373E0
1.493467700E1,1.840976669E1,1.951940918E0,-1.817221069E0
1.494469000E1,2.168929688E1,3.085383911E0,-1.743274841E0
1.495470400E1,2.272723846E1,2.857707367E0,-1.568588104E0
1.496471700E1,2.238894196E1,1.728305969E0,-1.688638458E0
1.497473000E1,2.191727280E1,6.095324707E-1,-2.077230377E0
1.498474300E1,2.228625549E1,2.041754150E-1,-2.302811279E0
1.499475600E1,2.392295197E1,1.839674377E-1,-2.383044434E0
1.500477000E1,2.554033859E1,9.969268799E-2,-2.256707153E0
1.501478300E1,2.576352448E1,3.278182983E-2,-2.836750946E0
1.502479600E1,2.476075974E1,-2.727328491E-1,-4.179309082E0
1.503480900E1,2.358809830E1,-4.355941772E-1,-5.484594727E0
1.504482200E1,2.263024017E1,3.207829285E-1,-5.456602936E0
1.505483600E1,2.189092758E1,1.007554779E0,-4.745581512E0
1.506484900E1,2.071976303E1,7.958949280E-1,-4.646188202E0
1.507486200E1,1.868833740E1,-2.329156494E-1,-5.104535065E0
1.508487500E1,1.677905777E1,-1.303190002E0,-6.082750854E0
1.509488800E1,1.513906815E1,-2.172582092E0,-6.555617523E0
1.510490200E1,1.406520126E1,-2.550396423E0,-6.518045654E0
1.511491500E1,1.315644104E1,-2.822530518E0,-6.956932983E0
1.512492800E1,1.203751785E1,-2.885100403E0,-7.417824554E0
1.513494100E1,1.172107590E1,-1.768572235E0,-7.676636353E0
1.514495400E1,1.144160706E1,-6.399192810E-1,-1.024559418E1
1.515496800E1,1.059347076E1,-7.679031372E-2,-1.124746078E1
1.516498100E1,8.790320435E0,-7.078779602E-1,-1.039348663E1
1.517499400E1,6.477629700E0,-2.012265472E0,-9.109905853E0
1.518500700E1,4.304299164E0,-3.004701691E0,-7.842042389E0
1.519502000E1,3.076851654E0,-3.437751160E0,-6.931485901E0
1.520503400E1,2.800675964E0,-3.319497070E0,-7.064110107E0
1.521504700E1,2.797233124E0,-2.830763397E0,-7.413184204E0
1.522506000E1,2.332299957E0,-2.501597900E0,-7.484436035E0
1.523507300E1,1.748364258E0,-1.905387726E0,-7.321874084E0
1.524508600E1,1.194965057E0,-1.599873047E0,-7.376211090E0
1.525510000E1,8.972341919E-1,-1.113235016E0,-8.127049713E0
1.526511300E1,1.045426025E0,-6.301895142E-1,-8.522227936E0
1.527512600E1,1.636995850E0,-1.053808594E-1,-8.524922333E0
1.528513900E1,2.322719879E0,5.794450378E-1,-8.457113342E0
1.529515200E1,2.415077820E0,8.286767578E-1,-7.570806427E0
1.530516600E1,1.695224762E0,3.547622681E-1,-6.135441284E0
1.531517900E1,9.268725586E-1,-7.634124756E-3,-4.657265167E0
1.532519200E1,2.875520325E-1,-3.001258850E-1,-3.112477570E0
1.533520500E1,-3.372486877E-1,-5.071453857E-1,-2.083966370E0
1.534521800E1,-6.264472961E-1,-5.191204834E-1,-1.672771454E0
1.535523200E1,-4.360432434E-1,-3.070115662E-1,-1.700613556E0
1.536524500E1,2.860551453E-1,2.332150269E-1,-1.146914978E0
1.537525783E1,1.230890350E0,1.365759888E0,-3.469784546E-1
1.538527083E1,2.293380890E0,2.595303040E0,-9.939331055E-2
1.539528383E1,3.460952911E0,3.511398010E0,-5.505551147E-1
1.540529683E1,4.507576447E0,3.844605103E0,-1.379381561E0
1.541531083E1,5.237907715E0,3.338657227E0,-2.268682251E0
1.542532383E1,6.363267517E0,2.951562195E0,-2.042652283E0
1.543533683E1,8.343948669E0,2.571801910E0,-2.838098145E-1
1.544534983E1,1.076411591E1,2.443219299E0,2.171833649E0
1.545536383E1,1.198407898E1,2.284698944E0,3.920946350E0
1.546537683E1,1.201476517E1,2.233804779E0,4.198469238E0
1.547538983E1,1.161614410E1,2.401755524E0,3.672014008E0
1.548540283E1,1.046653473E1,2.023641815E0,2.114802246E0
1.549541583E1,8.550519104E0,1.376537476E0,7.722441101E-1
1.550542983E1,7.680378571E0,8.497828674E-1,4.860392761E-1
1.551544283E1,8.533753967E0,7.517367554E-1,7.110214233E-1
1.552545583E1,9.670190735E0,8.792715454E-1,4.019142151E-1
1.553546883E1,1.000175125E1,6.553372192E-1,-2.757266235E-1
1.554548183E1,9.424551544E0,-2.034269714E-1,-2.001188507E0
1.555549583E1,8.885372772E0,-8.696914673E-1,-4.621339874E0
1.556550883E1,8.652756500E0,-3.402424622E-1,-8.036338348E0
1.557552183E1,9.099277954E0,1.213376770E0,-1.163275955E1
1.558553483E1,1.004905289E1,3.077450409E0,-1.395233597E1
1.559554783E1,1.060065582E1,4.330045624E0,-1.589394836E1
1.560556183E1,1.090976303E1,4.740641785E0,-1.667981415E1
1.561557483E1,1.135598511E1,4.627626801E0,-1.557391388E1
1.562558783E1,1.266680923E1,4.533472595E0,-1.400442764E1
1.563560083E1,1.479433502E1,4.530029755E0,-1.257235565E1
1.564561383E1,1.658086990E1,4.702770538E0,-1.140897491E1
1.565562683E1,1.728770004E1,4.516258392E0,-1.116722763E1
1.566564083E1,1.680630112E1,3.689976654E0,-1.189965454E1
1.567565383E1,1.594514191E1,3.220403137E0,-1.292966263E1
1.568566683E1,1.559337341E1,3.422033844E0,-1.346749420E1
1.569567983E1,1.531091080E1,3.567680969E0,-1.270917114E1
1.570569283E1,1.432071991E1,3.080444183E0,-1.080962128E1
1.571570683E1,1.280811539E1,2.241139526E0,-8.706195374E0
1.572571983E1,1.107980942E1,1.478924561E0,-6.955885162E0
1.573573283E1,9.289532318E0,8.940907288E-1,-5.627248077E0
1.574574583E1,7.585625610E0,5.060975647E-1,-4.776567078E0
1.575575883E1,5.851481781E0,7.604187012E-2,-4.573140106E0
1.576577283E1,3.931125183E0,-5.584886169E-1,-4.035607910E0
1.577578583E1,2.074236603E0,-1.200503540E0,-2.880909119E0
1.578579883E1,7.319778442E-1,-1.683099976E0,-1.557361450E0
1.579581183E1,-1.164578247E-1,-1.867217102E0,-8.337661743E-1
1.580582483E1,-4.593946838E-1,-1.808688812E0,-1.177002411E0
1.581583883E1,-4.351451111E-1,-1.339564362E0,-1.772314453E0
1.582585183E1,-1.661544800E-2,-9.806108093E-1,-1.128952332E0
1.583586483E1,1.404080200E-1,-1.032552795E0,-4.523593140E-1
1.584587783E1,1.082249451E-1,-1.185983734E0,-9.196875000E-1
1.585589083E1,3.752696228E-1,-1.286724243E0,-1.071771240E0
1.586590483E1,9.391470337E-1,-1.238823853E0,-8.234376526E-1
1.587591783E1,1.740281067E0,-8.143066406E-1,-2.740800476E-1
1.588593083E1,3.174598389E0,-2.365081787E-2,7.292834473E-1
1.589594383E1,4.835544434E0,7.894583130E-1,1.495390320E0
1.590595683E1,5.361101532E0,8.632548523E-1,2.149080963E0
1.591597083E1,5.905519409E0,6.578819275E-1,3.354823608E0
1.592598383E1,7.158264313E0,8.729846191E-1,4.822222137E0
1.593599683E1,8.399034119E0,1.089135132E0,5.960155792E0
1.594600983E1,1.003483246E1,1.362317047E0,6.818321228E0
1.595602383E1,1.123339005E1,1.457818451E0,6.396797791E0
1.596603683E1,1.206326431E1,1.398691406E0,5.345533905E0
1.597604983E1,1.332035019E1,1.444196777E0,4.913532257E0
1.598606283E1,1.436487808E1,1.366658020E0,4.429588623E0
1.599607583E1,1.443089081E1,1.243164825E0,4.144132233E0
1.600608883E1,1.391596161E1,9.598040771E-1,3.549119568E0
1.601610283E1,1.396745453E1,1.086740112E0,3.577560425E0
1.602611583E1,1.467039276E1,1.424587555E0,3.685935059E0
1.603612883E1,1.544892380E1,1.548230438E0,1.795516205E0
1.604614183E1,1.518427414E1,7.355703735E-1,-8.545729065E-1
1.605615483E1,1.291903473E1,-1.064885559E0,-6.416556702E0
1.606616883E1,1.207314377E1,-4.513114929E-1,-1.279554153E1
1.607618183E1,1.299642380E1,1.723815308E0,-1.636337219E1
1.608619483E1,1.426114380E1,3.865711212E0,-1.812535812E1
1.609620783E1,1.442759766E1,4.881798248E0,-1.885733597E1
1.610622083E1,1.361014755E1,4.595144348E0,-1.837518860E1
1.611623483E1,1.250155289E1,3.537443848E0,-1.627924713E1
1.612624783E1,1.139789795E1,2.250569916E0,-1.365325790E1
1.613626083E1,1.005234604E1,1.197210388E0,-1.157976974E1
1.614627383E1,8.438102875E0,5.228627014E-1,-9.319020996E0
1.615628683E1,7.306007080E0,1.233435059E-1,-7.618257751E0
1.616630083E1,6.642886047E0,-3.457809448E-1,-6.510261841E0
1.617631383E1,6.384972382E0,-7.719447327E-1,-5.753136292E0
1.618632683E1,6.927743683E0,-8.226892090E-1,-4.807852020E0
1.619633983E1,7.949069824E0,-1.043779449E0,-4.273463287E0
1.620635283E1,9.175020447E0,-1.149908752E0,-4.353546753E0
1.621636683E1,1.035591476E1,-1.012045441E0,-4.267775116E0
1.622637983E1,1.126168121E1,-1.149759064E0,-4.256997528E0
1.623639283E1,1.201626205E1,-1.791324921E0,-4.047283630E0
1.624640583E1,1.347198486E1,-2.440824280E0,-2.981200562E0
1.625641883E1,1.593631027E1,-3.190166016E0,-5.137316895E-1
1.626643283E1,1.894565231E1,-3.066822510E0,2.856958923E0
1.627644583E1,2.093756012E1,-2.664908295E0,5.506149902E0
1.628645883E1,2.099174744E1,-3.115171967E0,7.023843842E0
1.629647183E1,1.924712540E1,-3.885919189E0,8.299042053E0
1.630648483E1,1.480690887E1,-4.649331665E0,9.067843323E0
1.631649883E1,9.299411774E0,-5.297633514E0,8.983867950E0
1.632651183E1,5.468428345E0,-5.623954926E0,1.006566833E1
1.633652483E1,3.537593536E0,-4.888234863E0,1.273776169E1
1.634653783E1,3.806733856E0,-3.559747467E0,1.480107101E1
1.635655083E1,4.551884308E0,-2.427352295E0,1.540850784E1
1.636656483E1,3.743116150E0,-2.081122284E0,1.433284470E1
1.637657850E1,1.874252472E0,-1.883533173E0,1.095002930E1
1.638659150E1,3.838018799E-1,-1.509910126E0,7.029382324E0
1.639660450E1,-4.587959290E-1,-8.005352783E-1,3.926335144E0
1.640661750E1,-6.554869080E-1,8.834628296E-1,2.203268280E0
1.641663150E1,-2.490820312E-1,2.074386292E0,2.404898987E0
1.642664450E1,1.046623535E0,2.597099304E0,2.090253296E0
1.643665750E1,3.503763885E0,3.634741516E0,3.607498169E-2
1.644667050E1,5.974376221E0,4.376299438E0,-2.225721588E0
1.645668350E1,7.356003113E0,4.535867615E0,-5.520819397E0
1.646669750E1,9.204958191E0,5.445525970E0,-9.587861938E0
1.647671050E1,1.173649384E1,6.424939270E0,-1.067789520E1
1.648672350E1,1.378707962E1,6.950196991E0,-9.364226990E0
1.649673650E1,1.500389923E1,6.634054413E0,-7.775131531E0
1.650674950E1,1.509745468E1,5.723647614E0,-6.425238647E0
1.651676350E1,1.417986282E1,4.784201202E0,-5.644162903E0
1.652677650E1,1.299283127E1,3.832031250E0,-7.033872986E0
1.653678950E1,1.297232391E1,3.404220886E0,-8.791967010E0
1.654680250E1,1.470272552E1,3.751049652E0,-9.316176910E0
1.655681550E1,1.718142105E1,4.533622284E0,-8.948990479E0
1.656682950E1,1.927915878E1,4.268673248E0,-8.520132294E0
1.657684250E1,2.104458755E1,2.996319122E0,-7.315287781E0
1.658685550E1,2.191622498E1,1.449136505E0,-4.566254425E0
1.659686850E1,2.212743576E1,-1.582209778E-1,-1.734892273E-1
1.660688150E1,2.219389755E1,-1.263672180E0,4.420158234E0
1.661689550E1,2.157224030E1,-1.219514008E0,7.626790009E0
1.662690850E1,2.073009155E1,-1.022673340E0,8.305778046E0
1.663692150E1,1.958422440E1,-9.141490173E-1,7.168443146E0
1.664693450E1,1.875749359E1,-5.516029358E-1,5.846242676E0
1.665694750E1,1.947719696E1,1.314266968E-1,3.612737274E0
1.666696150E1,2.088067841E1,1.232686615E0,2.113155670E0
1.667697450E1,2.209659988E1,2.245630188E0,2.446063385E0
1.668698750E1,2.212803452E1,2.492915955E0,2.993475037E0
1.669700050E1,2.059312637E1,1.759291534E0,3.269051971E0
1.670701350E1,1.797716629E1,5.715115356E-1,4.110751648E0
1.671702750E1,1.555984314E1,3.742218018E-3,4.278103638E0
1.672704050E1,1.437101532E1,-4.296066284E-2,2.997965698E0
1.673705350E1,1.352108276E1,-1.556762695E-2,1.773811340E0
1.674706650E1,1.268222717E1,-4.385879517E-2,9.425898743E-1
1.675707950E1,1.221025864E1,-2.844085693E-3,2.558180237E-1
1.676709350E1,1.212388824E1,3.742218018E-2,1.347198486E-2
1.677710650E1,1.229213837E1,3.830534363E-1,1.437011719E-1
1.678711950E1,1.203317688E1,6.884184265E-1,-2.086660767E-1
1.679713250E1,1.067774551E1,1.736389160E-1,-6.724017334E-1
1.680714550E1,8.931327209E0,-3.984713745E-1,-7.993377686E-1
1.681715950E1,7.434589691E0,-9.672885132E-1,-7.646099854E-1
1.682717250E1,6.576573944E0,-1.164129181E0,-7.881111145E-1
1.683718550E1,6.685098267E0,-1.169967041E0,-1.374142456E0
1.684719850E1,7.619155884E0,-8.050259399E-1,-2.698438568E0
1.685721150E1,8.598419495E0,-2.642005920E-1,-3.743864594E0
1.686722550E1,9.150321808E0,4.939727783E-3,-4.602778473E0
1.687723850E1,8.822653198E0,3.959266663E-1,-5.339246979E0
1.688725150E1,7.737409973E0,4.625381470E-1,-5.390739899E0
1.689726450E1,6.383026428E0,2.799179077E-2,-4.965623932E0
1.690727750E1,4.764442291E0,-7.394622803E-1,-4.348607025E0
1.691729150E1,3.121907959E0,-1.296753387E0,-3.851490784E0
1.692730450E1,2.101180573E0,-1.332828369E0,-4.290078735E0
1.693731750E1,1.650767212E0,-1.127156067E0,-4.767885132E0
1.694733050E1,9.177415466E-1,-9.003776550E-1,-4.489913177E0
1.695734350E1,-5.376818848E-1,-8.631051636E-1,-4.344565430E0
1.696735750E1,-1.814227295E0,-7.819738770E-1,-4.037254486E0
1.697737050E1,-3.101250916E0,-6.688092041E-1,-3.418591003E0
1.698738350E1,-3.776347046E0,-4.519102478E-1,-2.862497406E0
1.699739650E1,-3.877237244E0,-1.953437805E-1,-1.930086365E0
1.700740950E1,-3.927233276E0,-3.550616455E-1,-1.217268677E0
1.701742350E1,-4.146227875E0,-7.990383911E-1,-1.415905609E0
1.702743650E1,-3.690874786E0,-9.620494080E-1,-1.358125763E0
1.703744950E1,-2.878813477E0,-8.928932190E-1,-1.724414062E-1
1.704746250E1,-2.452949066E0,-8.764274597E-1,1.161584473E0
1.705747550E1,-2.823877716E0,-1.062939606E0,1.502276001E0
1.706748950E1,-2.877466278E0,-7.027885437E-1,1.458117828E0
1.707750250E1,-2.553390198E0,1.185534668E-1,1.327888641E0
1.708751550E1,-1.895957336E0,8.202941895E-1,1.745220795E0
1.709752850E1,-4.936734009E-1,1.356928253E0,1.992057495E0
1.710754150E1,1.533860321E0,1.869761810E0,1.535955963E0
1.711755450E1,3.792513428E0,2.158211975E0,1.810036011E0
1.712756850E1,6.353088684E0,2.451003113E0,1.295256500E0
1.713758150E1,9.397158508E0,2.882555695E0,4.311035156E-2
1.714759450E1,1.309297302E1,3.740421753E0,-1.071172485E0
1.715760750E1,1.662308212E1,5.018913116E0,-2.473456421E0
1.716762150E1,1.924368256E1,6.309080200E0,-3.866010590E0
1.717763450E1,2.102437958E1,7.169790344E0,-4.737498322E0
1.718764750E1,2.147524200E1,7.660170593E0,-5.131628723E0
1.719766050E1,2.136492142E1,7.842042389E0,-5.701942749E0
1.720767350E1,2.122705811E1,7.986042938E0,-6.901548157E0
1.721768750E1,2.099758530E1,8.021668854E0,-7.937394104E0
1.722770050E1,2.085343506E1,8.033643951E0,-7.901319122E0
1.723771350E1,2.085912323E1,7.875872040E0,-7.202721863E0
1.724772650E1,2.086780518E1,7.717950439E0,-7.363337860E0
1.725773950E1,2.034793625E1,7.404352570E0,-7.360493774E0
1.726775250E1,1.921030197E1,6.751859436E0,-6.391259308E0
1.727776650E1,1.738320145E1,5.787115631E0,-5.783074036E0
1.728777950E1,1.562540680E1,4.935237122E0,-6.030659180E0
1.729779250E1,1.441622131E1,4.358187103E0,-6.602619781E0
1.730780550E1,1.352497467E1,3.944597168E0,-6.917864227E0
1.731781850E1,1.255349487E1,3.693419495E0,-7.218289490E0
1.732783250E1,1.109911926E1,3.231779480E0,-7.130871277E0
1.733784550E1,9.305848389E0,2.630629578E0,-6.969955902E0
1.734785850E1,7.525750122E0,2.021396484E0,-6.836583252E0
1.735787150E1,6.011349335E0,1.451830902E0,-6.179898834E0
1.736788450E1,4.916226654E0,1.150956573E0,-5.740861816E0
1.737789833E1,4.010759583E0,1.044378204E0,-5.876330109E0
1.738791133E1,2.928210754E0,8.226892090E-1,-5.845793610E0
1.739792433E1,1.761536865E0,5.956114197E-1,-5.495522003E0
1.740793733E1,6.538403320E-1,2.677931213E-1,-5.206473083E0
1.741795033E1,9.445358276E-2,2.285746765E-1,-5.303920441E0
1.742796433E1,2.474354553E-1,3.776646423E-1,-4.959935760E0
1.743797733E1,5.303471375E-1,5.183720398E-1,-4.041296082E0
1.744799033E1,4.742138672E-1,5.462141418E-1,-3.050506439E0
1.745800333E1,2.089654541E-1,6.533912659E-1,-1.909579010E0
1.746801633E1,2.880010986E-1,7.511380005E-1,-9.831555176E-1
1.747803033E1,3.757186890E-1,9.571096802E-1,4.704716492E-1
1.748804333E1,2.285746765E-1,1.025218048E0,1.935924225E0
1.749805633E1,-1.252894592E-1,9.586065674E-1,2.991678772E0
1.750806933E1,-6.185137939E-1,8.505313110E-1,3.536845093E0
1.751808233E1,-5.156776428E-1,9.526190186E-1,3.568878479E0
1.752809633E1,2.622546387E-1,1.290017395E0,3.494932251E0
1.753810933E1,1.190025330E0,1.660646667E0,3.659290466E0
1.754812233E1,1.955084381E0,2.039508820E0,3.649111633E0
1.755813533E1,2.219284973E0,2.409239960E0,3.789369965E0
1.756814833E1,2.111958160E0,2.748284912E0,4.380490723E0
1.757816233E1,1.914369049E0,2.697989502E0,4.845872955E0
1.758817533E1,1.901346130E0,2.477498016E0,4.456831970E0
1.759818833E1,2.578687592E0,2.462978210E0,4.099225616E0
1.760820133E1,3.695066071E0,2.394720154E0,4.106710052E0
1.761821433E1,4.541256409E0,2.074835358E0,4.228257294E0
1.762822833E1,5.092260590E0,1.833088074E0,4.780758362E0
1.763824133E1,6.320007477E0,2.191442871E0,5.335355072E0
1.764825433E1,8.293952637E0,3.086731110E0,5.501210175E0
1.765826733E1,9.924811249E0,4.177662506E0,5.234315186E0
1.766828033E1,1.091320587E1,4.716092834E0,4.688400421E0
1.767829433E1,1.168589905E1,4.694238281E0,4.426594849E0
1.768830733E1,1.247835114E1,4.698878632E0,5.147046661E0
1.769832033E1,1.336854996E1,4.514013062E0,6.021827545E0
1.770833333E1,1.279539185E1,3.313509521E0,5.918093262E0
1.771834633E1,1.183783310E1,2.081571350E0,4.968318329E0
1.772836033E1,1.355431366E1,2.510279846E0,6.039341125E0
1.773837333E1,1.745520172E1,4.218826904E0,6.017486572E0
1.774838633E1,2.084490280E1,5.870941315E0,4.339176636E0
1.775839933E1,2.243265106E1,6.640790405E0,2.136058044E0
1.776841233E1,2.255823990E1,6.689738617E0,4.927752686E-1
1.777842633E1,2.167537582E1,6.106251984E0,4.799020386E-1
1.778843933E1,2.031216064E1,5.369184723E0,6.565347290E-1
1.779845233E1,1.774065811E1,4.089495850E0,-1.200503540E0
1.780846533E1,1.644240784E1,3.752696228E0,-3.492237854E0
1.781847833E1,1.719085144E1,4.582121429E0,-2.963237915E0
1.782849233E1,1.796893341E1,5.344486084E0,-2.844684448E0
1.783850533E1,1.845242798E1,6.039790192E0,-4.176015930E0
1.784851833E1,1.856050323E1,6.567293243E0,-5.766308899E0
1.785853133E1,1.747705627E1,6.321504364E0,-6.888375549E0
1.786854433E1,1.571896225E1,5.830675049E0,-7.194339294E0
1.787855833E1,1.415441574E1,5.282814331E0,-6.950945435E0
1.788857133E1,1.317545151E1,4.992268524E0,-6.196214905E0
1.789858433E1,1.235066666E1,4.715494080E0,-5.142106934E0
1.790859733E1,1.150717072E1,4.404590607E0,-4.043840790E0
1.791861033E1,1.092009155E1,3.987857208E0,-2.553240509E0
1.792862433E1,9.416767731E0,2.810256042E0,-6.683601379E-1
1.793863733E1,7.204069061E0,1.265618134E0,5.469625854E-1
1.794865033E1,5.942043457E0,4.945715332E-1,1.721569977E0
1.795866333E1,6.349496155E0,6.566844177E-1,2.685265961E0
1.796867633E1,7.453600159E0,1.208736420E0,3.714974670E0
1.797869033E1,8.046816559E0,1.421444092E0,4.076023865E0
1.798870333E1,8.137976990E0,1.342857513E0,3.428021393E0
1.799871633E1,8.270451508E0,1.361568604E0,2.821482697E0
1.800872933E1,8.418194275E0,1.382225647E0,2.876268768E0
1.801874233E1,8.748108215E0,1.384470978E0,3.310515747E0
1.802875633E1,9.431137848E0,1.692530365E0,3.878883820E0
1.803876933E1,1.006941055E1,2.101479950E0,3.934118958E0
1.804878233E1,9.710307312E0,2.102827148E0,2.921624451E0
1.805879533E1,9.568402405E0,2.185904388E0,2.076332245E0
1.806880833E1,1.010578491E1,2.517614594E0,2.249073029E0
1.807882233E1,1.097742233E1,3.129841461E0,2.637066193E0
1.808883533E1,1.144460083E1,3.877536621E0,2.801274719E0
1.809884833E1,1.146615601E1,4.273912354E0,2.827470245E0
1.810886133E1,1.127994324E1,4.093387756E0,3.273093567E0
1.811887433E1,1.120929016E1,4.074976044E0,4.288132782E0
1.812888733E1,1.162901733E1,4.119283905E0,5.309907990E0
1.813890133E1,1.220995926E1,4.229305115E0,5.873336334E0
1.814891433E1,1.258567795E1,4.433031464E0,5.760770416E0
1.815892733E1,1.236623428E1,4.583917694E0,4.998705139E0
1.816894033E1,1.190863586E1,4.780908051E0,4.134103088E0
1.817895333E1,1.088416626E1,4.804708557E0,3.356170807E0
1.818896733E1,9.007668457E0,4.931943970E0,2.633473663E0
1.819898033E1,8.218210144E0,5.663173370E0,2.643053741E0
1.820899333E1,8.258626099E0,6.001469879E0,2.966231689E0
1.821900633E1,7.897277527E0,6.002517700E0,3.346291351E0
1.822901933E1,7.989036713E0,6.422095184E0,3.911965027E0
1.823903333E1,6.970255280E0,5.575755157E0,4.746779022E0
1.824904633E1,5.340743866E0,4.846920776E0,5.111271057E0
1.825905933E1,3.641627197E0,4.900209961E0,4.085753632E0
1.826907233E1,1.767674103E0,5.181624756E0,2.831661530E0
1.827908533E1,9.833052063E-1,5.856122131E0,2.387984161E0
1.828909933E1,8.619076538E-1,6.714437256E0,2.395468597E0
1.829911233E1,6.210585022E-1,6.912176056E0,2.019300842E0
1.830912533E1,1.484912109E-1,6.781348114E0,1.637893982E0
1.831913833E1,-2.501298523E-1,6.858138428E0,1.715283051E0
1.832915133E1,-3.502716064E-1,7.361541595E0,2.215842133E0
1.833916533E1,-6.911128235E-1,7.484286346E0,2.532134399E0
1.834917833E1,-1.317560120E0,7.381899261E0,3.029250641E0
1.835919133E1,-1.917213135E0,7.021598511E0,3.880380707E0
1.836920433E1,-2.417173462E0,6.769672394E0,4.379891968E0
1.837921758E1,-2.582579498E0,6.766977997E0,4.296515350E0
1.838923158E1,-2.496807861E0,7.117848358E0,3.348836060E0
1.839924458E1,-1.971849518E0,8.005951538E0,2.247576141E0
1.840925758E1,-2.003733215E0,8.562344513E0,1.612297211E0
1.841927058E1,-2.244282990E0,8.597371674E0,1.920955353E0
1.842928358E1,-2.092648315E0,8.543783112E0,2.603236542E0
1.843929758E1,-1.999242554E0,8.618178406E0,3.306923218E0
1.844931058E1,-2.111509094E0,8.549920349E0,3.333867188E0
1.845932358E1,-2.307900696E0,8.518785095E0,2.466870117E0
1.846933658E1,-2.612068176E0,8.504714355E0,1.751956787E0
1.847934958E1,-3.261417847E0,8.411607971E0,1.508113861E0
1.848936358E1,-3.816313934E0,8.156688080E0,1.612297211E0
1.849937658E1,-3.995191956E0,7.846682739E0,1.968256989E0
1.850938958E1,-3.426674194E0,7.916287994E0,2.790646820E0
1.851940258E1,-1.809736633E0,8.529862061E0,4.059857483E0
1.852941558E1,-4.827461243E-1,9.059161377E0,4.839885406E0
1.853942958E1,-3.957769775E-1,9.239236908E0,4.765789490E0
1.854944258E1,-1.146166534E0,8.957373047E0,3.699706421E0
1.855945558E1,-2.115850067E0,8.582103424E0,2.556383972E0
1.856946858E1,-3.003055115E0,8.139174500E0,2.163451080E0
1.857948158E1,-3.486250305E0,8.029602356E0,1.876946869E0
1.858949558E1,-3.517235870E0,8.205935669E0,1.677411804E0
1.859950858E1,-2.720143433E0,8.393046570E0,2.209106140E0
1.860952158E1,-1.470841370E0,8.650660858E0,3.460503845E0
1.861953458E1,-3.665876770E-1,8.944799194E0,4.328249359E0
1.862954758E1,-1.437011719E-2,9.122779083E0,4.446952515E0
1.863956158E1,-3.658392334E-1,9.103469238E0,3.839665375E0
1.864957458E1,-8.783734131E-1,8.916058960E0,3.019520874E0
1.865958758E1,-1.056802368E0,8.848249969E0,2.764151917E0
1.866960058E1,-9.888436890E-1,8.788075104E0,3.333867188E0
1.867961358E1,-6.592291260E-1,8.680748291E0,4.302502899E0
1.868962758E1,-4.805007935E-1,8.748856659E0,4.816384277E0
1.869964058E1,-2.378553772E-1,8.956025848E0,4.669689331E0
1.870965358E1,4.071533203E-2,9.149124298E0,4.307143250E0
1.871966658E1,-1.841171265E-2,9.307195587E0,3.645818481E0
1.872967958E1,-7.379653931E-2,9.438771973E0,2.824326782E0
1.873969358E1,-3.305126953E-1,9.366622009E0,2.319127350E0
1.874970658E1,-4.593946838E-1,9.192384338E0,2.439776459E0
1.875971958E1,-2.656974792E-1,9.128317566E0,3.287014618E0
1.876973258E1,-4.415817261E-2,8.975635071E0,4.148473206E0
1.877974558E1,-1.004411316E-1,8.686885529E0,4.843178558E0
1.878975958E1,-1.854643250E-1,8.632847900E0,5.188061371E0
1.879977258E1,-2.213896179E-1,8.752898254E0,5.138215027E0
1.880978558E1,-5.207670593E-1,8.788075104E0,4.736300812E0
1.881979858E1,-8.565188599E-1,8.850345612E0,4.078269196E0
1.882981158E1,-6.101312256E-1,8.945847015E0,3.924688568E0
1.883982458E1,-3.492237854E-1,9.159153442E0,3.943100281E0
1.884983858E1,-1.595681763E-1,9.386680298E0,3.516637115E0
1.885985158E1,-5.553451538E-2,9.429042206E0,3.004552002E0
1.886986458E1,1.767823792E-1,9.549092560E0,3.049458618E0
1.887987758E1,5.399272156E-1,9.637259216E0,3.361260223E0
1.888989058E1,5.315446472E-1,9.486372986E0,3.438798981E0
1.889990458E1,2.387535095E-1,9.362580414E0,3.484454041E0
1.890991758E1,-2.065704346E-2,9.133856049E0,3.723806305E0
1.891993058E1,-2.627037048E-1,8.942404175E0,3.947441254E0
1.892994358E1,-4.715194702E-1,8.850944366E0,4.072730713E0
1.893995658E1,-5.760021973E-1,8.784781952E0,4.007616119E0
1.894997058E1,-3.365002441E-1,8.931476898E0,3.869752808E0
1.895998358E1,4.520599365E-2,9.110205231E0,3.696562958E0
1.896999658E1,6.436614990E-3,9.163494415E0,3.560046844E0
1.898000958E1,-3.113525391E-2,9.166039124E0,3.495231628E0
1.899002258E1,-1.212478638E-2,9.094787292E0,3.484603729E0
1.900003658E1,3.005749512E-1,9.162147217E0,3.747906189E0
1.901004958E1,2.773731995E-1,9.097781067E0,3.857029266E0
1.902006258E1,-1.752854919E-1,8.859925690E0,3.898043976E0
1.903007558E1,-6.322851562E-1,8.646619263E0,4.131259003E0
1.904008858E1,-7.878117371E-1,8.584797821E0,4.049828339E0
1.905010258E1,-6.944059753E-1,8.730744324E0,3.622317352E0
1.906011558E1,-4.610412598E-1,8.843759308E0,3.422482910E0
1.907012858E1,-3.356021118E-1,8.892108765E0,3.391197968E0
1.908014158E1,-3.852987671E-1,8.868008881E0,3.340902557E0
1.909015458E1,-9.834548950E-2,8.881480865E0,3.604803772E0
1.910016858E1,2.655477905E-1,8.972192230E0,4.035607910E0
1.911018158E1,2.871029663E-1,9.001680908E0,4.170477448E0
1.912019458E1,-2.709365845E-2,8.862320709E0,4.154311066E0
1.913020758E1,-3.920347595E-1,8.681047668E0,4.310436401E0
1.914022058E1,-5.954617310E-1,8.616980896E0,4.220922546E0
1.915023458E1,-5.044509888E-1,8.680299225E0,3.795956268E0
1.916024758E1,-1.242416382E-1,8.881780243E0,3.541784821E0
1.917026058E1,3.221301270E-1,9.035660248E0,3.619173889E0
1.918027358E1,6.021977234E-1,9.131610718E0,3.742816772E0
1.919028658E1,6.788383484E-1,9.162147217E0,3.945046234E0
1.920030058E1,5.786965942E-1,9.117539978E0,4.167633362E0
1.921031358E1,4.284091187E-1,8.998687134E0,4.260290680E0
1.922032658E1,2.155517578E-1,8.855285339E0,4.233197021E0
1.923033958E1,2.341131592E-1,8.857380981E0,4.336631927E0
1.924035258E1,5.399272156E-1,8.999884644E0,4.376149750E0
1.925036658E1,6.083349609E-1,9.100475464E0,4.038751373E0
1.926037958E1,5.066963196E-1,9.216484222E0,3.639830933E0
1.927039258E1,6.008505249E-1,9.276808777E0,3.473526764E0
1.928040558E1,6.557862854E-1,9.261690216E0,3.769611053E0
1.929041858E1,5.146298218E-1,9.031768341E0,4.145479431E0
1.930043258E1,2.392025757E-1,8.744066620E0,4.459975433E0
1.931044558E1,5.298980713E-2,8.593030701E0,4.707410889E0
1.932045858E1,1.556762695E-2,8.585546265E0,4.753814392E0
1.933047158E1,-2.350112915E-2,8.594677277E0,4.591402130E0
1.934048458E1,2.284249878E-1,8.805738373E0,4.405039673E0
1.935049858E1,5.843847656E-1,8.971892853E0,4.240831146E0
1.936051158E1,7.542814636E-1,9.136251068E0,4.144281921E0
1.937052458E1,7.364685059E-1,9.159901886E0,3.901486816E0
1.938053725E1,4.718188477E-1,8.957073669E0,3.691174164E0
1.939055025E1,3.411405945E-1,8.927285614E0,3.711980896E0
1.940056425E1,5.457650757E-1,9.263187103E0,5.315446472E-1
1.941057725E1,7.128176880E-1,9.334289246E0,3.312012634E0
1.942059025E1,7.271878052E-1,8.784332886E0,4.078568573E0
1.943060325E1,5.728587341E-1,8.688981171E0,4.880600739E0
1.944061625E1,4.656816101E-1,8.591833191E0,5.879323883E0
1.945062925E1,2.727328491E-1,8.450227661E0,5.399122467E0
1.946064325E1,5.014572144E-2,8.416996765E0,4.572541351E0