"Time (s)","X (rad/s)","Y (rad/s)","Z (rad/s)"
3.740083333E-3,1.989359707E-1,6.205924787E-3,-7.883092761E-2
1.375308333E-2,1.458837837E-1,4.003313556E-2,-4.885829985E-2
2.376708333E-2,6.890218705E-2,8.129135519E-2,-1.187764574E-2
3.378008333E-2,1.863159705E-4,1.101808175E-1,1.248333789E-2
4.379308333E-2,-5.103958771E-2,1.355868429E-1,1.336910389E-2
5.380608333E-2,-9.391864389E-2,1.578198671E-1,3.391613951E-3
6.381908333E-2,-1.290249676E-1,1.795661747E-1,-5.330504850E-3
7.383308333E-2,-1.540278345E-1,1.817750782E-1,-1.210403815E-2
8.384608333E-2,-1.577655822E-1,1.606093347E-1,-2.661720105E-2
9.385908333E-2,-1.413223892E-1,1.172481403E-1,-3.759743273E-2
1.038720833E-1,-1.144803837E-1,4.883152992E-2,-4.772703350E-2
1.138850833E-1,-7.425785810E-2,-5.235630088E-3,-5.589487776E-2
1.238990833E-1,-3.603909910E-2,-2.338746935E-2,-6.651104242E-2
1.339120833E-1,-1.174597535E-2,-2.222380228E-2,-7.262860239E-2
1.439250833E-1,-2.961538732E-3,-9.490963072E-3,-6.786234677E-2
1.539380833E-1,-1.566261053E-2,2.658508345E-2,-5.875457451E-2
1.639510833E-1,-4.454006627E-2,9.416253120E-2,-5.535744503E-2
1.739650833E-1,-7.904774696E-2,1.671814322E-1,-5.778760463E-2
1.839780833E-1,-1.067728549E-1,2.288024575E-1,-6.247317046E-2
1.939910833E-1,-1.281202137E-1,2.667092979E-1,-6.907758862E-2
2.040040833E-1,-1.408437341E-1,2.681689858E-1,-6.801951677E-2
2.140170833E-1,-1.332422346E-1,2.384437323E-1,-6.512466073E-2
2.240310833E-1,-1.136427075E-1,1.814254522E-1,-6.733188778E-2
2.340440833E-1,-9.919992834E-2,1.144264564E-1,-8.225646615E-2
2.440570833E-1,-9.408692271E-2,7.422444224E-2,-1.072808579E-1
2.540700833E-1,-7.015179843E-2,5.927416682E-2,-1.379372478E-1
2.640830833E-1,-1.654103771E-2,6.871480495E-2,-1.878608614E-1
2.740970833E-1,5.529807508E-2,1.407095641E-1,-2.563436329E-1
2.841100833E-1,1.440753490E-1,2.652211487E-1,-3.147025406E-1
2.941230833E-1,2.068656087E-1,3.629612327E-1,-3.182567954E-1
3.041360833E-1,1.611982584E-1,2.252531499E-1,-2.504497766E-1
3.141490833E-1,-1.360867079E-2,-3.911552578E-2,-1.663977653E-1
3.241630833E-1,-6.613259763E-2,1.501201689E-1,6.972960662E-3
3.341760833E-1,-8.261090517E-2,2.032638788E-1,1.565371901E-1
3.441890833E-1,-2.293963581E-1,-2.381183207E-1,1.272277832E-1
3.542020833E-1,-2.592738867E-1,-2.848927379E-1,6.597005576E-2
3.642158333E-1,-1.970139891E-1,-1.581092328E-1,3.963591531E-2
3.742288333E-1,-2.150105685E-1,-3.701964915E-1,6.030841544E-2
3.842418333E-1,-1.281201392E-1,-2.302375138E-1,8.011860400E-2
3.942548333E-1,2.007792145E-2,4.842901137E-3,9.409936517E-2
4.042678333E-1,7.804615051E-2,-1.302035898E-1,8.206107467E-2
4.142818333E-1,7.049110532E-2,-3.788834214E-1,1.508821994E-1
4.242948333E-1,9.629766643E-2,-3.323241770E-1,3.016405702E-1
4.343078333E-1,1.053718254E-1,-3.011927307E-1,3.664214909E-1
4.443208333E-1,8.120922744E-2,-4.286060631E-1,3.435989916E-1
4.543338333E-1,4.117183015E-2,-6.861554980E-1,2.840703428E-1
4.643478333E-1,1.825666055E-2,-9.533275366E-1,2.368160188E-1
4.743608333E-1,4.272578657E-2,-1.080806136E0,2.258787006E-1
4.843738333E-1,8.879288286E-2,-1.087660789E0,2.679238915E-1
4.943868333E-1,1.858257949E-1,-1.088281393E0,3.416900337E-1
5.043998333E-1,2.855553329E-1,-1.197255015E0,4.128766060E-1
5.144138333E-1,3.103673756E-1,-1.494200468E0,4.363944232E-1
5.244268333E-1,2.970750034E-1,-1.514241576E0,4.762164056E-1
5.344398333E-1,2.622674704E-1,-1.205621243E0,5.264172554E-1
5.444528333E-1,2.684268355E-1,-7.721590400E-1,5.409085751E-1
5.544658333E-1,3.693602681E-1,-4.212545753E-1,5.170748830E-1
5.644798333E-1,5.490680337E-1,-2.006601393E-1,5.283105373E-1
5.744928333E-1,7.098464370E-1,-9.968521446E-2,5.980904102E-1
5.845058333E-1,7.789131403E-1,-1.619818807E-1,6.021181345E-1
5.945188333E-1,7.119245529E-1,-8.111855388E-1,4.871492088E-1
6.045318333E-1,6.236634254E-1,-1.685800791E0,3.654422164E-1
6.145458333E-1,5.946000814E-1,-2.198723078E0,1.840308458E-1
6.245588333E-1,6.691528559E-1,-1.962809205E0,4.581572115E-2
6.345718333E-1,8.629989624E-1,-1.628849149E0,-6.715396047E-2
6.445848333E-1,1.016211152E0,-1.319289446E0,-2.544197142E-1
6.545978333E-1,1.074603796E0,-9.336616397E-1,-3.167035878E-1
6.646118333E-1,1.012945771E0,-7.637476921E-1,-1.683069319E-1
6.746248333E-1,8.702512980E-1,-8.206266165E-1,-8.464267105E-2
6.846378333E-1,8.000175953E-1,-7.755028605E-1,-9.150217474E-2
6.946508333E-1,1.016704798E0,-4.960680306E-1,-1.787790209E-1
7.046638333E-1,1.458351731E0,-4.964033365E-1,-4.367503822E-1
7.146778333E-1,1.828698277E0,-8.717554808E-1,-5.893542767E-1
7.246908333E-1,2.140911102E0,-1.216399431E0,-6.246885657E-1
7.347038333E-1,2.407650948E0,-1.427015781E0,-6.111949086E-1
7.447168333E-1,2.546988010E0,-1.430885434E0,-6.012357473E-1
7.547298333E-1,2.549452543E0,-1.385266900E0,-5.336092710E-1
7.647438333E-1,2.588596821E0,-1.548915386E0,-2.881787419E-1
7.747568333E-1,2.274149418E0,-1.513896346E0,-1.928085536E-1
7.847698333E-1,1.694207788E0,-1.224464774E0,-1.216755137E-1
7.947828333E-1,1.144252539E0,-1.010818958E0,-4.601215944E-2
8.047958333E-1,8.486741185E-1,-9.857761860E-1,-5.826989189E-2
8.148098333E-1,7.691510320E-1,-1.235156417E0,-2.186281681E-1
8.248228333E-1,9.515234828E-1,-1.311820626E0,-4.571030438E-1
8.348358333E-1,1.321457744E0,-1.236512303E0,-5.988594294E-1
8.448488333E-1,1.778997302E0,-1.195946574E0,-5.675203800E-1
8.548618333E-1,2.084946394E0,-1.225989938E0,-4.920144975E-1
8.648758333E-1,2.281337976E0,-1.439079404E0,-3.591426313E-1
8.748888333E-1,2.185019732E0,-1.632767320E0,-1.321960539E-1
8.849018333E-1,1.763005018E0,-1.467569113E0,-1.683272049E-2
8.949148333E-1,1.588949561E0,-1.445190907E0,4.795625806E-3
9.049288333E-1,1.362577915E0,-1.224753380E0,-1.297219694E-1
9.149418333E-1,1.030696392E0,-1.163133502E0,-1.859538555E-1
9.249548333E-1,7.169510722E-1,-1.261275411E0,-1.165236458E-1
9.349678333E-1,4.870157838E-1,-1.239728332E0,-5.958895758E-2
9.449808333E-1,3.013780117E-1,-1.014686704E0,1.351401675E-2
9.549948333E-1,1.758216321E-1,-7.390232682E-1,8.764869720E-2
9.650078333E-1,1.589616984E-1,-4.086504281E-1,7.325457782E-2
9.750208333E-1,2.119244784E-1,-1.562540531E-1,-8.674962446E-3
9.850338333E-1,2.685581744E-1,-1.834302694E-1,-2.495895606E-3
9.950468333E-1,3.331040144E-1,-3.055775762E-1,7.010213286E-2
1.005060833E0,3.469116986E-1,-3.748336136E-1,1.170696393E-1
1.015073833E0,2.815802395E-1,-3.568223119E-1,2.213433087E-1
1.025086833E0,1.791407019E-1,-5.797356740E-2,2.693006992E-1
1.035099833E0,4.194258712E-3,4.557712749E-2,3.244145811E-1
1.045112833E0,-1.709061861E-1,1.435741968E-2,4.387065470E-1
1.055126833E0,-2.763366997E-1,-5.242036283E-2,4.690130651E-1
1.065139833E0,-2.438253611E-1,-5.854616687E-2,5.281576514E-1
1.075152833E0,-1.900122315E-1,2.664950676E-2,5.353137851E-1
1.085165833E0,-1.314264238E-1,1.802475899E-1,5.641499162E-1
1.095178833E0,-1.098943427E-1,3.165868521E-1,6.205953956E-1
1.105192833E0,-1.264434904E-1,3.998945355E-1,7.010124326E-1
1.115205833E0,-1.504133046E-1,4.330573976E-1,7.868376374E-1
1.125218833E0,-1.806929111E-1,3.900659978E-1,8.392355442E-1
1.135231833E0,-2.106309980E-1,3.508082330E-1,8.849705458E-1
1.145244833E0,-2.349816114E-1,2.640195489E-1,9.400117397E-1
1.155258833E0,-3.024316728E-1,2.722767889E-1,9.634712934E-1
1.165271833E0,-4.201588631E-1,4.777364731E-1,9.504846334E-1
1.175284833E0,-5.293815136E-1,7.067239285E-1,9.172760844E-1
1.185297833E0,-6.101919413E-1,9.055321217E-1,9.425087571E-1
1.195310833E0,-6.667577028E-1,1.024009109E0,1.029433250E0
1.205324833E0,-6.660066843E-1,1.069633842E0,1.116608620E0
1.215337833E0,-6.211533546E-1,9.478556514E-1,1.187304378E0
1.225350833E0,-6.033663750E-1,7.030240297E-1,1.230039597E0
1.235363833E0,-6.537597179E-1,5.685991049E-1,1.224408746E0
1.245376833E0,-7.696828842E-1,6.120206118E-1,1.268579364E0
1.255390833E0,-8.888601065E-1,6.870273352E-1,1.360629320E0
1.265403833E0,-9.539743662E-1,7.884027362E-1,1.431875467E0
1.275416833E0,-1.014472246E0,9.062530398E-1,1.492062926E0
1.285429833E0,-1.064403534E0,1.020917058E0,1.545347452E0
1.295442833E0,-1.067604542E0,1.103033304E0,1.608993530E0
1.305456833E0,-1.029043555E0,1.117054105E0,1.675817847E0
1.315469833E0,-9.444273710E-1,1.004225254E0,1.767093420E0
1.325482833E0,-8.069784641E-1,7.265937924E-1,1.875497937E0
1.335495833E0,-7.192362547E-1,4.310291708E-1,1.946956396E0
1.345508833E0,-6.878160238E-1,3.071285486E-1,1.943773389E0
1.355522833E0,-7.350494266E-1,3.983826339E-1,1.871901870E0
1.365535625E0,-8.523318768E-1,7.049638629E-1,1.774893045E0
1.375548625E0,-1.045371771E0,9.745131135E-1,1.749041080E0
1.385561625E0,-1.242956042E0,8.954129815E-1,1.840469837E0
1.395574625E0,-1.280618072E0,5.773401856E-1,1.991070390E0
1.405588625E0,-1.119754314E0,3.086317778E-1,2.043067217E0
1.415601625E0,-9.325353503E-1,1.180272698E-1,1.957969189E0
1.425614625E0,-7.906956077E-1,9.733504057E-2,1.835673809E0
1.435627625E0,-7.320788503E-1,3.157832623E-1,1.762572169E0
1.445640625E0,-8.252956271E-1,5.058270097E-1,1.797436714E0
1.455654625E0,-1.014772654E0,6.023695469E-1,1.891643167E0
1.465667625E0,-1.186908245E0,6.183367968E-1,1.999344587E0
1.475680625E0,-1.193120241E0,5.104371905E-1,2.038232803E0
1.485693625E0,-1.071980715E0,3.543935418E-1,2.026356220E0
1.495707625E0,-9.093851447E-1,2.523177862E-1,2.011666775E0
1.505720625E0,-7.899873853E-1,2.400658876E-1,1.927541256E0
1.515733625E0,-7.722852826E-1,4.146005809E-1,1.809351444E0
1.525746625E0,-9.418433905E-1,6.383582950E-1,1.708715916E0
1.535759625E0,-1.262468934E0,8.292482495E-1,1.603371739E0
1.545773625E0,-1.564950824E0,8.331639171E-1,1.530511737E0
1.555786625E0,-1.632072091E0,7.758314610E-1,1.500253081E0
1.565799625E0,-1.498736382E0,7.552015781E-1,1.471792221E0
1.575812625E0,-1.294041634E0,7.476686239E-1,1.421256423E0
1.585825625E0,-1.053307056E0,7.517072558E-1,1.375971794E0
1.595839625E0,-8.847704530E-1,7.808145881E-1,1.335293293E0
1.605852625E0,-8.652982116E-1,9.063631892E-1,1.280520082E0
1.615865625E0,-9.741486311E-1,1.206222057E0,1.211008430E0
1.625878625E0,-1.146155596E0,1.569157839E0,1.179587603E0
1.635891625E0,-1.282398224E0,1.697596908E0,1.183194995E0
1.645905625E0,-1.334406257E0,1.658587456E0,1.169877887E0
1.655918625E0,-1.403306723E0,1.520772099E0,1.129404664E0
1.665931625E0,-1.581924915E0,1.392771959E0,9.755799174E-1
1.675944625E0,-1.813246250E0,1.364323616E0,7.708749771E-1
1.685957625E0,-2.053004503E0,1.379736066E0,6.130123734E-1
1.695971625E0,-2.232600212E0,1.421663761E0,5.055543184E-1
1.705984625E0,-2.240335464E0,1.551147223E0,4.967269897E-1
1.715997625E0,-2.064380884E0,1.626807094E0,6.233558059E-1
1.726010625E0,-1.772582173E0,1.555457830E0,7.808311582E-1
1.736023625E0,-1.519072294E0,1.228328347E0,9.055163264E-1
1.746037625E0,-1.397615075E0,7.490743995E-1,9.355400205E-1
1.756050625E0,-1.348198771E0,2.976009548E-1,9.501456618E-1
1.766063625E0,-1.359225035E0,-5.348526407E-3,9.381076097E-1
1.776076625E0,-1.410015464E0,-1.976484656E-1,9.011620879E-1
1.786089625E0,-1.443442464E0,-1.548812985E-1,8.551695943E-1
1.796103625E0,-1.530213833E0,1.474603266E-1,8.388625383E-1
1.806116625E0,-1.669149399E0,6.451052427E-1,8.479816914E-1
1.816129625E0,-1.744155645E0,1.193414211E0,8.662070036E-1
1.826142625E0,-1.839381456E0,1.502282619E0,8.842341900E-1
1.836155625E0,-1.988909125E0,1.463678718E0,8.083064556E-1
1.846169625E0,-1.952664018E0,1.079147577E0,6.947754025E-1
1.856182625E0,-1.763931155E0,4.643186927E-1,6.045426130E-1
1.866195625E0,-1.525252461E0,-9.985066950E-2,5.497387648E-1
1.876208625E0,-1.272308230E0,-2.990935147E-1,5.454081893E-1
1.886221625E0,-1.109449387E0,-9.933035076E-2,6.120325327E-1
1.896235625E0,-1.056104660E0,3.375329971E-1,7.589887381E-1
1.906248625E0,-1.088605404E0,7.495280504E-1,9.636318684E-1
1.916261625E0,-1.237595081E0,8.445110917E-1,1.092169404E0
1.926274625E0,-1.362476587E0,6.963658333E-1,1.142070889E0
1.936287625E0,-1.537972808E0,3.601354659E-1,1.092898250E0
1.946301625E0,-1.854332089E0,-1.255984604E-1,9.605737925E-1
1.956314625E0,-2.126900673E0,-4.915195107E-1,8.059522510E-1
1.966327625E0,-2.285465002E0,-5.812723041E-1,7.005078197E-1
1.976340625E0,-2.310791731E0,-5.429875255E-1,6.108871698E-1
1.986353625E0,-2.085455418E0,-2.521857917E-1,5.369351506E-1
1.996367625E0,-1.793673873E0,7.734192163E-2,4.470055699E-1
2.006380625E0,-1.571267128E0,1.713259369E-1,3.064745367E-1
2.016393625E0,-1.438041687E0,-8.497872390E-3,2.178396732E-1
2.026406625E0,-1.388969541E0,-3.788429201E-1,1.789686978E-1
2.036419625E0,-1.282280445E0,-7.909293771E-1,1.182430312E-1
2.046433625E0,-1.052661180E0,-1.074435115E0,2.405793779E-2
2.056446625E0,-8.071512580E-1,-1.138614774E0,-1.661444455E-1
2.066459625E0,-5.906250477E-1,-1.018381596E0,-5.028766394E-1
2.076472625E0,-4.866417944E-1,-8.521152139E-1,-9.116004705E-1
2.086485625E0,-5.486857295E-1,-6.729021072E-1,-1.324536681E0
2.096499625E0,-7.116078734E-1,-5.350198746E-1,-1.584758282E0
2.106512625E0,-9.728027582E-1,-5.759438872E-1,-1.691369295E0
2.116525625E0,-1.231856942E0,-8.591533303E-1,-1.750612378E0
2.126538625E0,-1.424754262E0,-1.167180419E0,-1.811187863E0
2.136552625E0,-1.584325910E0,-1.485556960E0,-1.901847959E0
2.146565625E0,-1.651446939E0,-1.683198929E0,-2.004824400E0
2.156578625E0,-1.656002879E0,-1.755363584E0,-2.131309509E0
2.166591625E0,-1.641785860E0,-1.713049054E0,-2.283908367E0
2.176604625E0,-1.600205779E0,-1.583821774E0,-2.441167831E0
2.186617625E0,-1.507678270E0,-1.409960747E0,-2.527551651E0
2.196631625E0,-1.398368359E0,-1.296997070E0,-2.534852028E0
2.206644625E0,-1.298246026E0,-1.276101947E0,-2.486969233E0
2.216657625E0,-1.261727214E0,-1.338400006E0,-2.431099415E0
2.226670625E0,-1.314262033E0,-1.485391259E0,-2.451785803E0
2.236684625E0,-1.465454221E0,-1.644409657E0,-2.541262627E0
2.246697625E0,-1.627919555E0,-1.673923850E0,-2.651157141E0
2.256710625E0,-1.727348208E0,-1.595380306E0,-2.764975786E0
2.266723625E0,-1.812511086E0,-1.499359727E0,-2.899072409E0
2.276736625E0,-1.794866800E0,-1.422525525E0,-2.980466366E0
2.286750625E0,-1.617054105E0,-1.317060590E0,-2.985421658E0
2.296763625E0,-1.373073816E0,-1.216908097E0,-2.982194662E0
2.306776625E0,-1.103776813E0,-1.104788303E0,-2.954086542E0
2.316789625E0,-8.960078359E-1,-9.414304495E-1,-2.898509026E0
2.326802625E0,-8.451579809E-1,-7.762119174E-1,-2.841768503E0
2.336816625E0,-8.844125271E-1,-6.861312985E-1,-2.779435635E0
2.346829625E0,-9.026018977E-1,-7.404030561E-1,-2.692600012E0
2.356842625E0,-8.828380704E-1,-8.226779103E-1,-2.625781775E0
2.366856375E0,-8.406360149E-1,-8.694123626E-1,-2.607414961E0
2.376869375E0,-7.176849246E-1,-8.750185966E-1,-2.569016933E0
2.386883375E0,-6.019135714E-1,-8.768612742E-1,-2.581964731E0
2.396896375E0,-5.888248086E-1,-8.930620551E-1,-2.642946482E0
2.406909375E0,-6.597852707E-1,-9.381453991E-1,-2.733999252E0
2.416922375E0,-7.869344354E-1,-9.836651683E-1,-2.832107544E0
2.426935375E0,-9.715862870E-1,-9.321907759E-1,-2.876691818E0
2.436949375E0,-1.135368824E0,-8.425660133E-1,-2.814885616E0
2.446962375E0,-1.153020024E0,-6.681143641E-1,-2.674848318E0
2.456975375E0,-1.048511863E0,-4.679846466E-1,-2.543244600E0
2.466988375E0,-9.382547140E-1,-2.908953428E-1,-2.472548008E0
2.477001375E0,-8.694320321E-1,-1.924420744E-1,-2.418656588E0
2.487015375E0,-7.833997011E-1,-1.763997227E-1,-2.360988140E0
2.497028375E0,-7.021882534E-1,-2.405084670E-1,-2.342684746E0
2.507041375E0,-6.670691371E-1,-3.443118334E-1,-2.342413902E0
2.517054375E0,-6.348338127E-1,-4.352895916E-1,-2.283145428E0
2.527067375E0,-5.878365040E-1,-4.644943476E-1,-2.230175972E0
2.537081375E0,-5.352555513E-1,-4.497472644E-1,-2.209012508E0
2.547094375E0,-4.683870673E-1,-4.568467140E-1,-2.173667431E0
2.557107375E0,-3.449289501E-1,-4.493715167E-1,-2.072648764E0
2.567120375E0,-2.380323410E-1,-3.877291679E-1,-1.965622902E0
2.577133375E0,-2.657095492E-1,-2.889519036E-1,-2.002511978E0
2.587147375E0,-3.896895349E-1,-2.168617249E-1,-2.084838867E0
2.597160375E0,-5.175244808E-1,-2.655526400E-1,-2.149504185E0
2.607173375E0,-6.231709719E-1,-3.799010515E-1,-2.180958986E0
2.617186375E0,-6.414011121E-1,-5.227104425E-1,-2.150800943E0
2.627199375E0,-5.790655613E-1,-6.307671666E-1,-2.073713064E0
2.637213375E0,-4.960967302E-1,-6.172905564E-1,-2.017224789E0
2.647226375E0,-4.379748106E-1,-6.006172895E-1,-1.951472640E0
2.657239375E0,-4.107935429E-1,-5.161643624E-1,-1.870366931E0
2.667252375E0,-3.798374832E-1,-3.449143469E-1,-1.768399358E0
2.677265375E0,-3.887322545E-1,-2.722530365E-1,-1.721561193E0
2.687279375E0,-4.435971081E-1,-2.984697223E-1,-1.783669114E0
2.697292375E0,-4.803498089E-1,-3.559041321E-1,-1.876031280E0
2.707305375E0,-4.960502088E-1,-4.489999712E-1,-1.974963903E0
2.717318375E0,-5.087659955E-1,-4.942122400E-1,-2.055753708E0
2.727331375E0,-5.302808881E-1,-4.730406404E-1,-2.082836151E0
2.737345375E0,-5.222198963E-1,-4.288101792E-1,-2.048342228E0
2.747358375E0,-4.747224152E-1,-3.503233790E-1,-2.014672279E0
2.757371375E0,-4.290192127E-1,-3.253383338E-1,-1.966065526E0
2.767384375E0,-4.329265952E-1,-2.973072529E-1,-1.918647647E0
2.777398375E0,-4.490387142E-1,-2.441165745E-1,-1.842945457E0
2.787411375E0,-4.215929806E-1,-1.732485294E-1,-1.763291955E0
2.797424375E0,-3.371143639E-1,-1.057992354E-1,-1.728748560E0
2.807437375E0,-2.181989104E-1,-1.115215719E-1,-1.731719375E0
2.817450375E0,-8.354248106E-2,-2.149025202E-1,-1.747582555E0
2.827464375E0,1.990401559E-2,-3.101718128E-1,-1.798260093E0
2.837477375E0,6.527838856E-2,-3.356312513E-1,-1.873511791E0
2.847490375E0,8.549576998E-2,-3.251682222E-1,-1.899746537E0
2.857503375E0,8.684565127E-2,-2.235265374E-1,-1.885172844E0
2.867516375E0,6.576939672E-2,-4.040678218E-2,-1.840609550E0
2.877530375E0,5.556838587E-2,1.267910898E-1,-1.802826166E0
2.887543375E0,1.269586831E-1,2.016525418E-1,-1.788340807E0
2.897556375E0,2.296316028E-1,1.610005796E-1,-1.791755557E0
2.907569375E0,2.810969353E-1,9.669961780E-2,-1.810107350E0
2.917582375E0,3.095786572E-1,1.040328741E-1,-1.847678661E0
2.927596375E0,3.571112752E-1,1.630013883E-1,-1.854744554E0
2.937609375E0,4.253717065E-1,2.606672943E-1,-1.808234930E0
2.947622375E0,4.987125099E-1,4.088722169E-1,-1.773231149E0
2.957635375E0,5.089187622E-1,6.074740291E-1,-1.785567760E0
2.967648375E0,4.931951761E-1,8.197285533E-1,-1.810702920E0
2.977662375E0,5.411652923E-1,9.850032330E-1,-1.810082555E0
2.987675375E0,6.384369731E-1,9.963855743E-1,-1.787716269E0
2.997688375E0,7.602227330E-1,9.325154424E-1,-1.729642868E0
3.007701375E0,8.239431381E-1,8.397911191E-1,-1.686443210E0
3.017714375E0,8.341187835E-1,7.944860458E-1,-1.642722607E0
3.027728375E0,8.449354768E-1,7.844579220E-1,-1.560248852E0
3.037741375E0,8.391094804E-1,7.942809463E-1,-1.516201615E0
3.047754375E0,8.810539842E-1,8.109225035E-1,-1.490489841E0
3.057767375E0,9.526653886E-1,9.369771481E-1,-1.461806059E0
3.067780375E0,9.900785089E-1,1.163842797E0,-1.437886953E0
3.077794375E0,1.005840540E0,1.409713268E0,-1.398743510E0
3.087807375E0,1.016495109E0,1.648357987E0,-1.326463461E0
3.097820375E0,1.052214146E0,1.830629349E0,-1.296576142E0
3.107833375E0,1.116838455E0,1.960726023E0,-1.313396931E0
3.117846375E0,1.219567060E0,1.975884914E0,-1.304678321E0
3.127860375E0,1.300666690E0,1.801280618E0,-1.244371295E0
3.137873375E0,1.393453836E0,1.621253252E0,-1.118146181E0
3.147886375E0,1.387629032E0,1.572963238E0,-9.411988258E-1
3.157899375E0,1.305937290E0,1.700846791E0,-7.034137249E-1
3.167912375E0,1.195247531E0,1.858188272E0,-4.455001652E-1
3.177926375E0,1.110924006E0,2.022503376E0,-2.560767233E-1
3.187939375E0,1.096576452E0,2.112505436E0,-1.064046696E-1
3.197952375E0,1.078906178E0,2.049939871E0,4.947944731E-2
3.207965375E0,1.040702343E0,1.833103299E0,1.710506231E-1
3.217978375E0,9.640975595E-1,1.554701447E0,2.619054019E-1
3.227992375E0,8.168170452E-1,1.311296582E0,4.016699493E-1
3.238005375E0,6.468439698E-1,1.214061379E0,5.777726173E-1
3.248018375E0,5.049015284E-1,1.212064266E0,7.489797473E-1
3.258031375E0,3.986806273E-1,1.238447547E0,9.059286714E-1
3.268044375E0,3.307878673E-1,1.248345494E0,1.047395706E0
3.278058375E0,3.175913393E-1,1.246195078E0,1.188037515E0
3.288071375E0,3.388177752E-1,1.288435817E0,1.283532381E0
3.298084375E0,2.502271831E-1,1.350186467E0,1.368865132E0
3.308097375E0,9.646502882E-2,1.404469848E0,1.420503020E0
3.318110375E0,-2.298638038E-2,1.502028465E0,1.381145239E0
3.328124375E0,-1.144414619E-1,1.655903459E0,1.312908411E0
3.338137375E0,-1.923618615E-1,1.833999395E0,1.285521507E0
3.348150375E0,-3.144305348E-1,1.958113909E0,1.337395668E0
3.358163375E0,-4.344204068E-1,2.035944939E0,1.447619796E0
3.368176583E0,-5.774529576E-1,1.970231652E0,1.650539875E0
3.378189583E0,-6.868235469E-1,1.812408328E0,1.917163134E0
3.388202583E0,-7.120415568E-1,1.672399879E0,2.160918474E0
3.398215583E0,-7.262282372E-1,1.521053076E0,2.283499718E0
3.408228583E0,-7.451409101E-1,1.403638005E0,2.260555267E0
3.418242583E0,-6.958506107E-1,1.373831630E0,2.157892227E0
3.428255583E0,-6.468378305E-1,1.301006198E0,2.042739153E0
3.438268583E0,-6.265478134E-1,1.185061574E0,2.005926132E0
3.448281583E0,-5.575951338E-1,1.172027469E0,2.094188929E0
3.458294583E0,-4.675403535E-1,1.255575061E0,2.330254793E0
3.468308583E0,-5.177068710E-1,1.314087749E0,2.581023693E0
3.478321583E0,-6.029335856E-1,1.150597692E0,2.854979992E0
3.488334583E0,-6.758895516E-1,8.111466169E-1,3.067317247E0
3.498347583E0,-7.352986932E-1,4.703738689E-1,3.041114092E0
3.508360583E0,-8.685118556E-1,4.126964137E-2,2.813901901E0
3.518374583E0,-9.850519300E-1,-3.674580753E-1,2.553639650E0
3.528387583E0,-9.606810808E-1,-6.501310468E-1,2.302480221E0
3.538400583E0,-7.793327570E-1,-7.693938017E-1,2.137077570E0
3.548413583E0,-5.348798633E-1,-6.952050924E-1,2.148091078E0
3.558426583E0,-3.640222251E-1,-4.133099616E-1,2.257321119E0
3.568440583E0,-3.785271347E-1,3.902583942E-2,2.355683088E0
3.578453583E0,-5.523269176E-1,3.552285731E-1,2.492928267E0
3.588466583E0,-7.477456331E-1,3.497504592E-1,2.578560114E0
3.598479583E0,-8.721820712E-1,-1.827111654E-2,2.525242805E0
3.608492583E0,-8.937470317E-1,-4.799716175E-1,2.340923309E0
3.618506583E0,-7.589392662E-1,-7.735617161E-1,2.065797806E0
3.628519583E0,-5.345268846E-1,-8.672621250E-1,1.721817851E0
3.638532583E0,-3.527816534E-1,-8.575832248E-1,1.443333268E0
3.648545583E0,-2.080849111E-1,-7.881959081E-1,1.228248954E0
3.658558583E0,-1.257690638E-1,-7.719967365E-1,9.908046722E-1
3.668572583E0,-6.310807914E-2,-7.612916231E-1,7.526296377E-1
3.678585583E0,-1.591477543E-2,-7.511286139E-1,5.142338872E-1
3.688598583E0,3.659636527E-2,-7.031549811E-1,2.420439273E-1
3.698611583E0,9.457898140E-2,-6.508069038E-1,-5.146474391E-2
3.708624583E0,1.111611575E-1,-7.142985463E-1,-3.845369816E-1
3.718638583E0,7.799140364E-2,-8.096269369E-1,-7.101211548E-1
3.728651583E0,5.998172332E-3,-8.261920810E-1,-1.011663437E0
3.738664583E0,-1.088850796E-1,-5.974656940E-1,-1.315713048E0
3.748677583E0,-1.498522162E-1,-2.253733426E-1,-1.553558707E0
3.758690583E0,-4.296370223E-2,6.896784902E-2,-1.690627575E0
3.768704583E0,1.767734438E-1,2.214189023E-1,-1.789035320E0
3.778717583E0,4.472337961E-1,2.292412966E-1,-1.844737291E0
3.788730583E0,7.210680246E-1,1.619661152E-1,-1.866489410E0
3.798743583E0,9.294860959E-1,8.677991480E-2,-1.918160558E0
3.808756583E0,1.018582940E0,3.164022416E-2,-1.987795115E0
3.818770583E0,1.014646888E0,-1.963304821E-4,-2.039381504E0
3.828783583E0,1.011437416E0,-8.496847004E-2,-2.066928387E0
3.838796583E0,1.033850431E0,-2.627689540E-1,-2.081491947E0
3.848809583E0,1.072626829E0,-3.936590552E-1,-2.108561754E0
3.858822583E0,1.096443772E0,-4.444027841E-1,-2.151886940E0
3.868836583E0,1.053517342E0,-3.259080946E-1,-2.177167416E0
3.878849583E0,9.051181078E-1,-2.635830548E-3,-2.144969463E0
3.888862583E0,6.947867274E-1,4.066632688E-1,-2.119187117E0
3.898875583E0,5.171301961E-1,7.329522967E-1,-2.054845095E0
3.908888583E0,5.033299327E-1,9.072822928E-1,-1.953556657E0
3.918902583E0,6.036965847E-1,8.677544594E-1,-1.911636114E0
3.928915583E0,7.155639529E-1,6.700384617E-1,-1.955292225E0
3.938928583E0,8.110678792E-1,4.431258440E-1,-2.027886152E0
3.948941583E0,8.579288721E-1,2.782836258E-1,-2.084406137E0
3.958954583E0,9.334368706E-1,2.861565053E-1,-2.050980806E0
3.968968583E0,9.513154626E-1,4.857164919E-1,-1.982427478E0
3.978981583E0,8.984214067E-1,8.584149480E-1,-1.847108841E0
3.988994583E0,8.544635773E-1,1.338705659E0,-1.653268218E0
3.999007583E0,8.529359698E-1,1.693654418E0,-1.474985838E0
4.009021583E0,8.363039494E-1,1.867574811E0,-1.382684350E0
4.019034583E0,8.071025610E-1,1.807640076E0,-1.392199278E0
4.029047583E0,8.055781722E-1,1.679284215E0,-1.451630950E0
4.039060583E0,8.064026833E-1,1.609390855E0,-1.547951698E0
4.049073583E0,7.845032215E-1,1.545774817E0,-1.584958911E0
4.059086583E0,7.760645747E-1,1.611624837E0,-1.581601977E0
4.069100583E0,7.620885372E-1,1.734632015E0,-1.542653561E0
4.079113583E0,7.652253509E-1,1.802272916E0,-1.505854845E0
4.089126583E0,7.438529730E-1,1.671032786E0,-1.418673038E0
4.099139583E0,8.327887654E-1,1.381079078E0,-1.255040646E0
4.109153583E0,8.670647144E-1,1.259414196E0,-1.201815248E0
4.119166583E0,8.445132971E-1,1.290217161E0,-1.139392138E0
4.129179583E0,8.439199328E-1,1.315619111E0,-1.020981073E0
4.139192583E0,8.673273325E-1,1.383977532E0,-9.082015157E-1
4.149205583E0,9.529626369E-1,1.539476275E0,-8.494409919E-1
4.159219583E0,1.015946269E0,1.742826343E0,-8.452135324E-1
4.169232583E0,1.067941785E0,1.941123128E0,-8.100878000E-1
4.179245583E0,1.088116646E0,2.100217104E0,-7.743180394E-1
4.189258583E0,1.095296979E0,2.149530649E0,-7.959674001E-1
4.199271583E0,1.145132661E0,2.023799896E0,-7.918331027E-1
4.209285583E0,1.060149431E0,1.777546406E0,-6.540155411E-1
4.219298583E0,8.239437938E-1,1.642569780E0,-4.737060070E-1
4.229311583E0,6.347900629E-1,1.751935720E0,-3.337036371E-1
4.239324583E0,6.094468832E-1,1.903908014E0,-1.927339882E-1
4.249337583E0,6.910072565E-1,1.962541223E0,-6.997823715E-2
4.259351583E0,8.295766711E-1,1.962776542E0,3.976400197E-2
4.269364583E0,9.386895299E-1,1.914148569E0,1.490923613E-1
4.279377583E0,9.241160750E-1,1.862502813E0,1.746057570E-1
4.289390583E0,8.245633841E-1,1.816393137E0,1.689305604E-1
4.299403583E0,7.116122842E-1,1.809834480E0,2.241540104E-1
4.309417583E0,6.281983852E-1,1.830610037E0,2.889961004E-1
4.319430583E0,6.079765558E-1,1.841162086E0,3.539539278E-1
4.329443583E0,6.075256467E-1,1.890647411E0,4.052429497E-1
4.339456583E0,6.162828803E-1,1.999738216E0,4.880326092E-1
4.349469583E0,6.558784842E-1,2.075494051E0,5.992219448E-1
4.359483583E0,7.148594856E-1,1.936144471E0,7.307230830E-1
4.369497750E0,7.264056206E-1,1.730356932E0,8.916155696E-1
4.379510750E0,6.405359507E-1,1.558022857E0,1.033080220E0
4.389523750E0,5.025993586E-1,1.462334394E0,1.071167946E0
4.399536750E0,4.136650264E-1,1.464495540E0,1.040168762E0
4.409550750E0,4.352403581E-1,1.508457422E0,1.009983897E0
4.419563750E0,5.547845364E-1,1.529662371E0,1.006870389E0
4.429576750E0,7.084270716E-1,1.527392507E0,1.030115008E0
4.439589750E0,7.938126922E-1,1.467460871E0,1.061056614E0
4.449602750E0,7.484074235E-1,1.322663546E0,1.113519549E0
4.459616750E0,6.154617667E-1,1.225307465E0,1.204982996E0
4.469629750E0,3.793477714E-1,1.211702466E0,1.326678038E0
4.479642750E0,1.019015312E-1,1.152052760E0,1.434773326E0
4.489655750E0,-4.952181503E-2,1.011209607E0,1.500780821E0
4.499668750E0,-1.086294744E-2,7.831578851E-1,1.530737877E0
4.509682750E0,1.248149946E-1,5.108677745E-1,1.524870753E0
4.519695750E0,3.214170933E-1,2.591895163E-1,1.569092989E0
4.529708750E0,6.238794327E-1,2.396930307E-1,1.600954294E0
4.539721750E0,9.770189524E-1,4.443319440E-1,1.623605490E0
4.549734750E0,1.133419156E0,5.698701739E-1,1.669460416E0
4.559748750E0,1.046376586E0,5.480126143E-1,1.692621946E0
4.569761750E0,8.007809520E-1,4.599865973E-1,1.677143335E0
4.579774750E0,4.205028117E-1,4.216413498E-1,1.621780753E0
4.589787750E0,2.818401530E-2,2.509971857E-1,1.591159225E0
4.599800750E0,-2.029936612E-1,7.975383103E-2,1.685329914E0
4.609814750E0,-2.526887655E-1,5.852150917E-2,1.800190926E0
4.619827750E0,-2.363256365E-1,1.272753626E-1,1.849403739E0
4.629840750E0,-1.645558476E-1,2.624150515E-1,1.824673176E0
4.639853750E0,-3.903519735E-2,4.009599388E-1,1.750268936E0
4.649866750E0,4.749809951E-2,4.874247909E-1,1.667115450E0
4.659880750E0,1.385270711E-2,4.500418901E-1,1.599773765E0
4.669893750E0,-1.128939819E-2,3.107526898E-1,1.633085370E0
4.679906750E0,-1.336769015E-2,2.012538016E-1,1.661301732E0
4.689919750E0,-5.202187598E-2,1.218284816E-1,1.649367929E0
4.699932750E0,-1.253345907E-1,7.981443405E-2,1.689146519E0
4.709946750E0,-2.631515563E-1,8.211460710E-2,1.751822114E0
4.719959750E0,-4.333024025E-1,2.110397071E-1,1.749866843E0
4.729972750E0,-5.689361691E-1,4.734449387E-1,1.681673646E0
4.739985750E0,-6.449251771E-1,5.709797740E-1,1.671671629E0
4.749998750E0,-5.890336633E-1,4.862188399E-1,1.730679274E0
4.760012750E0,-4.539843798E-1,3.320460916E-1,1.739874125E0
4.770025750E0,-2.955987155E-1,3.249016404E-1,1.682351470E0
4.780038750E0,-2.056804448E-1,4.610520005E-1,1.596317172E0
4.790051750E0,-2.302345335E-1,6.013047099E-1,1.492755175E0
4.800065750E0,-3.076241612E-1,7.217755318E-1,1.409843206E0
4.810078750E0,-4.245377481E-1,9.008361101E-1,1.336257935E0
4.820091750E0,-5.709182024E-1,8.571202755E-1,1.338724017E0
4.830104750E0,-6.658841372E-1,6.652182341E-1,1.438667893E0
4.840117750E0,-6.934571266E-1,3.104249239E-1,1.550594211E0
4.850131750E0,-6.877779365E-1,-6.859048270E-3,1.615655780E0
4.860144750E0,-6.587242484E-1,-1.352884620E-1,1.644007206E0
4.870157750E0,-6.589034796E-1,-1.025044173E-1,1.622953296E0
4.880170750E0,-7.426507473E-1,4.546538740E-2,1.600122571E0
4.890183750E0,-9.102405310E-1,3.363094628E-1,1.564759016E0
4.900197750E0,-1.118387699E0,6.599864364E-1,1.530500889E0
4.910210750E0,-1.162564158E0,5.892057419E-1,1.582242370E0
4.920223750E0,-1.062434793E0,4.145079851E-1,1.652594328E0
4.930236750E0,-8.884121776E-1,3.007033765E-1,1.636532307E0
4.940249750E0,-6.882348061E-1,2.568207383E-1,1.584788084E0
4.950263750E0,-5.820569992E-1,1.998844743E-1,1.567718625E0
4.960276750E0,-6.363016963E-1,2.334735990E-1,1.548153639E0
4.970289750E0,-8.122903109E-1,4.184405208E-1,1.496631384E0
4.980302750E0,-1.087172866E0,7.657075524E-1,1.417021990E0
4.990315750E0,-1.350918412E0,9.093507528E-1,1.438613057E0
5.000329750E0,-1.423496723E0,8.875133395E-1,1.511468649E0
5.010342750E0,-1.327183962E0,8.345257640E-1,1.446297288E0
5.020355750E0,-1.156902313E0,8.072861433E-1,1.332952142E0
5.030368750E0,-1.030813098E0,7.889713049E-1,1.296453476E0
5.040381750E0,-1.027449131E0,7.844988704E-1,1.299517512E0
5.050395750E0,-1.125311255E0,7.015563250E-1,1.339468837E0
5.060408750E0,-1.242356777E0,5.890950561E-1,1.461453319E0
5.070421750E0,-1.364724278E0,5.660171509E-1,1.575781703E0
5.080434750E0,-1.469388366E0,5.812473893E-1,1.586264014E0
5.090447750E0,-1.539083362E0,6.682456732E-1,1.514329433E0
5.100461750E0,-1.593306661E0,7.301759720E-1,1.427817941E0
5.110474750E0,-1.629082918E0,7.561950684E-1,1.383787394E0
5.120487750E0,-1.675583243E0,7.227282524E-1,1.370403886E0
5.130500750E0,-1.705068707E0,4.059058726E-1,1.458293319E0
5.140513750E0,-1.616870642E0,-1.112132818E-1,1.648545027E0
5.150527750E0,-1.469601631E0,-5.860373378E-1,1.757420063E0
5.160540750E0,-1.297713041E0,-7.030243874E-1,1.701932788E0
5.170553750E0,-1.178180218E0,-4.607851207E-1,1.605911255E0
5.180566750E0,-1.159828782E0,1.893689856E-2,1.508386731E0
5.190579750E0,-1.290848851E0,5.166992545E-1,1.436930656E0
5.200593750E0,-1.530833244E0,9.178929329E-1,1.374243617E0
5.210606750E0,-1.777309895E0,1.026710033E0,1.296479940E0
5.220619750E0,-1.874455690E0,8.020993471E-1,1.264152527E0
5.230632750E0,-1.788703322E0,3.138945103E-1,1.277480125E0
5.240645750E0,-1.742037296E0,-1.937768422E-2,1.245310664E0
5.250659750E0,-1.755367994E0,3.709970787E-2,1.212483287E0
5.260672750E0,-1.815835238E0,3.525498509E-1,1.167839170E0
5.270685750E0,-1.867047787E0,6.129457951E-1,1.189845443E0
5.280698750E0,-1.796339035E0,7.698214054E-1,1.236904740E0
5.290711750E0,-1.723028898E0,8.633981943E-1,1.234325409E0
5.300725750E0,-1.685695052E0,7.518384457E-1,1.208930373E0
5.310738750E0,-1.625155807E0,4.369599223E-1,1.236165166E0
5.320751750E0,-1.538218379E0,7.268131524E-2,1.262578130E0
5.330764750E0,-1.428997159E0,-1.350545585E-1,1.238303185E0
5.340777750E0,-1.339175224E0,-1.449885219E-1,1.202338457E0
5.350791750E0,-1.327005625E0,-8.531871252E-3,1.146539092E0
5.360804750E0,-1.366622448E0,1.415550113E-1,1.130164146E0
5.370817458E0,-1.439575195E0,2.067939341E-1,1.225235820E0
5.380830458E0,-1.520732641E0,2.303939760E-1,1.335437179E0
5.390843458E0,-1.565149903E0,2.797154486E-1,1.387929678E0
5.400857458E0,-1.544481874E0,3.588062227E-1,1.392972827E0
5.410870458E0,-1.523111343E0,3.908784091E-1,1.379494905E0
5.420883458E0,-1.515447021E0,4.756465554E-1,1.311577916E0
5.430896458E0,-1.447019339E0,5.749920607E-1,1.245376706E0
5.440909458E0,-1.394541979E0,3.400029540E-1,1.269795179E0
5.450923458E0,-1.360833764E0,-1.110158786E-1,1.276783943E0
5.460936458E0,-1.338981152E0,-5.047438741E-1,1.293258429E0
5.470949458E0,-1.390267491E0,-5.671835542E-1,1.312746644E0
5.480962458E0,-1.480594277E0,-2.335668951E-1,1.282132864E0
5.490975458E0,-1.554646373E0,3.544239402E-1,1.265984774E0
5.500989458E0,-1.591086149E0,9.428789616E-1,1.278159499E0
5.511002458E0,-1.575906992E0,1.220237374E0,1.261644721E0
5.521015458E0,-1.474909306E0,1.115450859E0,1.229604959E0
5.531028458E0,-1.342991829E0,7.826004028E-1,1.119753361E0
5.541042458E0,-1.300291777E0,3.133758307E-1,9.354385138E-1
5.551055458E0,-1.465329647E0,1.184630692E-1,7.381574512E-1
5.561068458E0,-1.795329332E0,1.492916495E-1,5.702807903E-1
5.571081458E0,-1.992250323E0,3.061209321E-1,4.238138795E-1
5.581094458E0,-1.839653134E0,4.892052412E-1,2.799648643E-1
5.591108458E0,-1.351274371E0,6.073968410E-1,1.225685626E-1
5.601121458E0,-6.974239945E-1,6.032897830E-1,-1.882718876E-2
5.611134458E0,-1.035633236E-1,5.256589055E-1,-1.121781692E-1
5.621147458E0,2.316140980E-1,4.136126935E-1,-1.978110522E-1
5.631160458E0,3.551197946E-1,3.389421701E-1,-2.605316937E-1
5.641174458E0,3.611694276E-1,3.173684776E-1,-2.592628896E-1
5.651187458E0,3.172816038E-1,3.747830391E-1,-2.495381087E-1
5.661200458E0,3.231819570E-1,5.425186753E-1,-2.928645611E-1
5.671213458E0,3.646740019E-1,7.010566592E-1,-4.036957324E-1
5.681226458E0,4.014979005E-1,7.994334102E-1,-5.983225107E-1
5.691240458E0,4.128110111E-1,7.313907146E-1,-7.897625566E-1
5.701253458E0,3.829134703E-1,6.204310656E-1,-9.293299913E-1
5.711266458E0,3.705542684E-1,6.031540632E-1,-9.986955523E-1
5.721279458E0,4.275597632E-1,5.774484277E-1,-9.599009752E-1
5.731292458E0,4.828642905E-1,4.430197477E-1,-8.418084383E-1
5.741306458E0,4.772775769E-1,1.966076493E-1,-7.055900693E-1
5.751319458E0,3.432745039E-1,5.151331425E-2,-6.362847686E-1
5.761332458E0,1.096103191E-1,4.764760286E-2,-6.471107602E-1
5.771345458E0,-1.151626036E-1,9.494907409E-2,-6.726529002E-1
5.781358458E0,-2.708244920E-1,1.243082806E-1,-6.573607922E-1
5.791372458E0,-3.254107833E-1,1.290074289E-1,-6.337713599E-1
5.801385458E0,-3.299330473E-1,1.198514700E-1,-6.557471156E-1
5.811398458E0,-2.759095132E-1,1.569277346E-1,-7.687914371E-1
5.821411458E0,-2.366003543E-1,2.884306610E-1,-8.764736056E-1
5.831424458E0,-2.654874027E-1,5.216016173E-1,-8.864378333E-1
5.841438458E0,-3.773462772E-1,7.160291672E-1,-8.421572447E-1
5.851451458E0,-5.133659244E-1,9.166597128E-1,-8.393963575E-1
5.861464458E0,-5.930491686E-1,1.312852383E0,-8.717188835E-1
5.871477458E0,-5.977110863E-1,1.748732448E0,-9.401224256E-1
5.881490458E0,-5.465383530E-1,2.007802725E0,-1.046302676E0
5.891504458E0,-4.571887851E-1,2.061760426E0,-1.152874589E0
5.901517458E0,-3.406281173E-1,2.037429333E0,-1.278046370E0
5.911530458E0,-2.262525707E-1,2.062119246E0,-1.468490601E0
5.921543458E0,-1.614303887E-1,2.206249952E0,-1.687225103E0
5.931556458E0,-1.378004253E-1,2.333603859E0,-1.873275161E0
5.941570458E0,-5.608879402E-2,2.396351337E0,-1.964101076E0
5.951583458E0,4.661681131E-2,2.343353987E0,-1.972271323E0
5.961596458E0,1.667549461E-1,2.182480097E0,-1.974674463E0
5.971609458E0,4.110911787E-1,1.925572872E0,-2.017023325E0
5.981622458E0,6.856522560E-1,1.673715472E0,-2.104142189E0
5.991636458E0,7.284780145E-1,1.554587841E0,-2.279370546E0
6.001649458E0,5.060138702E-1,1.717555046E0,-2.481509209E0
6.011662458E0,1.553738117E-1,2.042263508E0,-2.656448126E0
6.021675458E0,-2.091991715E-2,2.323127031E0,-2.733419657E0
6.031688458E0,6.836920977E-2,2.323359966E0,-2.752969503E0
6.041702458E0,4.404184818E-1,2.025933027E0,-2.811888218E0
6.051715458E0,1.015248179E0,1.403732181E0,-2.944068909E0
6.061728458E0,1.630601883E0,5.738469362E-1,-3.133154392E0
6.071741458E0,2.136590719E0,-3.185371161E-1,-3.217585564E0
6.081754458E0,2.322932959E0,-1.097697854E0,-3.306111574E0
6.091768458E0,2.260229349E0,-1.644451499E0,-3.449899912E0
6.101781458E0,1.976716995E0,-1.772608519E0,-3.522742510E0
6.111794458E0,1.432593942E0,-1.449184895E0,-3.546754837E0
6.121807458E0,7.835648060E-1,-9.336716533E-1,-3.587547302E0
6.131820458E0,3.552863896E-1,-4.084518254E-1,-3.628012657E0
6.141834458E0,2.728397548E-1,-1.317329407E-1,-3.582980156E0
6.151847458E0,4.415435493E-1,-1.694451720E-1,-3.468599081E0
6.161860458E0,6.986005306E-1,-4.104487896E-1,-3.439406872E0
6.171873458E0,9.358817935E-1,-7.177887559E-1,-3.477328300E0
6.181886458E0,1.114529729E0,-1.053175926E0,-3.524695158E0
6.191900458E0,1.253965974E0,-1.545389533E0,-3.573053360E0
6.201913458E0,1.359318733E0,-2.265403748E0,-3.605394125E0
6.211926458E0,1.375581861E0,-2.968441963E0,-3.658834219E0
6.221939458E0,1.285345674E0,-3.383246899E0,-3.745856047E0
6.231953458E0,1.099821568E0,-3.520641804E0,-3.826323509E0
6.241966458E0,8.270388246E-1,-3.442322731E0,-3.738673210E0
6.251979458E0,5.292412043E-1,-3.258630514E0,-3.439410686E0
6.261992458E0,3.449266553E-1,-3.125169277E0,-2.999855518E0
6.272005458E0,2.108916342E-1,-3.121002674E0,-2.502245188E0
6.282019458E0,1.314917654E-1,-3.200341463E0,-2.063757658E0
6.292032458E0,2.233548462E-1,-3.157393932E0,-1.716303587E0
6.302045458E0,3.851318359E-1,-2.969321966E0,-1.438926697E0
6.312058458E0,5.102772713E-1,-2.656979561E0,-1.285888433E0
6.322071458E0,5.672511458E-1,-2.376589060E0,-1.327301860E0
6.332085458E0,5.990954041E-1,-2.190645695E0,-1.501396894E0
6.342098458E0,5.664525628E-1,-2.083327055E0,-1.594163656E0
6.352111458E0,3.732300997E-1,-2.101400375E0,-1.583493114E0
6.362124458E0,1.407002099E-2,-2.236785650E0,-1.462494016E0
6.372137500E0,-4.120458663E-1,-2.410371065E0,-1.275351524E0
6.382151500E0,-7.534852028E-1,-2.554236412E0,-1.062622786E0
6.392164500E0,-9.502177238E-1,-2.774612665E0,-8.809655905E-1
6.402177500E0,-9.565623403E-1,-2.824735641E0,-7.670931816E-1
6.412190500E0,-7.163569331E-1,-2.699475288E0,-6.314314604E-1
6.422203500E0,-3.151246011E-1,-2.502986431E0,-3.871298432E-1
6.432217500E0,6.785872579E-2,-2.283605099E0,-5.751224607E-2
6.442230500E0,2.625115514E-1,-1.941427946E0,2.737099528E-1
6.452243500E0,2.350050658E-1,-1.563692093E0,5.276750922E-1
6.462256500E0,1.804677024E-2,-1.239246964E0,6.880711317E-1
6.472269500E0,-3.623301387E-1,-1.005632401E0,8.301318884E-1
6.482283500E0,-7.127274871E-1,-8.556149006E-1,9.303511381E-1
6.492296500E0,-9.004982114E-1,-7.833505869E-1,9.371246696E-1
6.502309500E0,-7.974983454E-1,-7.003215551E-1,8.987506032E-1
6.512322500E0,-4.977092147E-1,-6.095573306E-1,8.888479471E-1
6.522335500E0,-2.306281030E-1,-4.691399336E-1,9.291657805E-1
6.532349500E0,-1.026770622E-1,-2.412820011E-1,1.014142156E0
6.542362500E0,-1.863237619E-1,7.142522931E-2,1.044551253E0
6.552375500E0,-4.556729496E-1,4.721412361E-1,9.961865544E-1
6.562388500E0,-7.261417508E-1,8.733004928E-1,8.806922436E-1
6.572401500E0,-8.068131208E-1,1.155900002E0,8.088436127E-1
6.582415500E0,-6.590897441E-1,1.198716402E0,8.313275576E-1
6.592428500E0,-3.835801184E-1,9.482442141E-1,9.520071745E-1
6.602441500E0,-2.280825190E-2,5.554183722E-1,1.239705801E0
6.612454500E0,2.500490844E-1,3.405063152E-1,1.581991196E0
6.622467500E0,2.828328311E-1,4.308513999E-1,1.871326685E0
6.632481500E0,1.131636202E-1,8.179029822E-1,2.002266645E0
6.642494500E0,-2.073654681E-1,1.387503862E0,1.964583158E0
6.652507500E0,-5.178586245E-1,1.888891578E0,1.826791406E0
6.662520500E0,-5.844134688E-1,2.084551334E0,1.726543427E0
6.672533500E0,-4.080224633E-1,1.920414209E0,1.733242869E0
6.682547500E0,-1.821717620E-1,1.446181655E0,1.813289165E0
6.692560500E0,-5.542143248E-3,8.237170577E-1,1.931402206E0
6.702573500E0,1.177223399E-1,3.186941445E-1,2.078008175E0
6.712586500E0,9.084945172E-2,2.341462374E-1,2.243203402E0
6.722600500E0,-1.176175103E-1,4.632756710E-1,2.420285702E0
6.732613500E0,-4.558629394E-1,8.963139057E-1,2.589588881E0
6.742626500E0,-8.759346008E-1,1.227059603E0,2.588215828E0
6.752639500E0,-1.123447657E0,1.280266643E0,2.523045540E0
6.762652500E0,-1.075835466E0,1.042338014E0,2.457897663E0
6.772666500E0,-9.045715928E-1,5.563555956E-1,2.309385300E0
6.782679500E0,-7.216798663E-1,1.013032570E-1,2.078401804E0
6.792692500E0,-5.497677922E-1,-4.622414336E-2,1.883607864E0
6.802705500E0,-5.398058295E-1,6.030016392E-2,1.866151810E0
6.812718500E0,-6.464883685E-1,2.508423924E-1,1.946264982E0
6.822732500E0,-7.956193686E-1,5.434800386E-1,2.053747177E0
6.832745500E0,-1.129433751E0,8.535582423E-1,2.073113441E0
6.842758500E0,-1.493755579E0,9.948249459E-1,1.981745839E0
6.852771500E0,-1.682449102E0,1.019865155E0,1.852301598E0
6.862784500E0,-1.725703597E0,8.987388015E-1,1.687096357E0
6.872798500E0,-1.550767422E0,6.608865261E-1,1.522120953E0
6.882811500E0,-1.326967359E0,3.926326036E-1,1.411301017E0
6.892824500E0,-1.205288053E0,5.851534009E-2,1.392327547E0
6.902837500E0,-1.286413431E0,-2.173811495E-1,1.316345453E0
6.912850500E0,-1.530570149E0,-3.071198165E-1,1.119838834E0
6.922864500E0,-1.743545890E0,-2.246029973E-1,8.862161636E-1
6.932877500E0,-1.782056212E0,-8.020721376E-2,6.278799772E-1
6.942890500E0,-1.655754209E0,-7.924123853E-2,3.948219717E-1
6.952903500E0,-1.432488084E0,-2.964872718E-1,2.395154387E-1
6.962916500E0,-1.130416751E0,-5.935130715E-1,1.601564139E-1
6.972930500E0,-9.090145826E-1,-7.887067795E-1,7.652755827E-2
6.982943500E0,-8.711366653E-1,-8.095733523E-1,-6.420053542E-3
6.992956500E0,-9.761594534E-1,-6.952936649E-1,-1.159508079E-1
7.002969500E0,-1.200525284E0,-4.432534873E-1,-3.325166702E-1
7.012982500E0,-1.437144756E0,-1.952388734E-1,-6.300013661E-1
7.022996500E0,-1.556151867E0,-6.367732584E-2,-8.942042589E-1
7.033009500E0,-1.576510429E0,-1.257753223E-1,-1.096641660E0
7.043022500E0,-1.503662705E0,-3.220824003E-1,-1.263227463E0
7.053035500E0,-1.372719288E0,-5.389286876E-1,-1.399747491E0
7.063048500E0,-1.206178546E0,-6.270415187E-1,-1.471633673E0
7.073062500E0,-1.063610196E0,-5.709447265E-1,-1.528186679E0
7.083075500E0,-9.878228903E-1,-4.581985176E-1,-1.569511294E0
7.093088500E0,-9.178347588E-1,-3.980047107E-1,-1.593519926E0
7.103101500E0,-8.879486918E-1,-4.172784984E-1,-1.650156021E0
7.113114500E0,-8.408176899E-1,-5.030913949E-1,-1.770194054E0
7.123128500E0,-7.699077725E-1,-6.303119659E-1,-1.902572274E0
7.133141500E0,-7.296964526E-1,-7.196146846E-1,-2.032723427E0
7.143154500E0,-7.819455862E-1,-6.353101730E-1,-2.139457464E0
7.153167500E0,-8.302444220E-1,-4.217898846E-1,-2.201416969E0
7.163180500E0,-8.109114766E-1,-1.603224725E-1,-2.260966301E0
7.173194500E0,-7.542633414E-1,-1.059923768E-1,-2.355142832E0
7.183207500E0,-5.948274732E-1,-3.698429167E-1,-2.409319878E0
7.193220500E0,-3.214968741E-1,-9.040349126E-1,-2.394654274E0
7.203233500E0,-2.407511882E-2,-1.441293240E0,-2.345478296E0
7.213246500E0,1.953235418E-1,-1.735658646E0,-2.306560278E0
7.223260500E0,2.885354161E-1,-1.712587833E0,-2.254223347E0
7.233273500E0,2.724733651E-1,-1.403351665E0,-2.184787273E0
7.243286500E0,2.096337825E-1,-9.058104157E-1,-2.185619116E0
7.253299500E0,1.899029613E-1,-4.183869660E-1,-2.266860962E0
7.263313500E0,2.842063308E-1,-9.719478339E-2,-2.334931374E0
7.273326500E0,3.797879815E-1,1.048922688E-1,-2.376857281E0
7.283339500E0,3.957281113E-1,2.284039110E-1,-2.415188789E0
7.293352500E0,4.245198071E-1,2.765932977E-1,-2.442057610E0
7.303365500E0,4.799374342E-1,3.461255431E-1,-2.458027840E0
7.313379500E0,6.168164611E-1,4.483805597E-1,-2.477619648E0
7.323392500E0,7.955010533E-1,5.703681707E-1,-2.422649384E0
7.333405500E0,9.492940307E-1,6.965337992E-1,-2.279198885E0
7.343418500E0,1.087626338E0,8.364840150E-1,-1.999311328E0
7.353431500E0,1.158466220E0,8.516792059E-1,-1.630987167E0
7.363445500E0,1.192552209E0,7.923939228E-1,-1.289344072E0
7.373458625E0,1.170500636E0,7.645617723E-1,-1.054749966E0
7.383471625E0,1.147309184E0,8.076643348E-1,-9.467409253E-1
7.393484625E0,1.107421398E0,8.245874047E-1,-9.191439152E-1
7.403497625E0,1.075957179E0,8.116170168E-1,-8.812425733E-1
7.413511625E0,1.064617395E0,8.615904450E-1,-7.679863572E-1
7.423524625E0,1.059832335E0,8.704038858E-1,-5.820332766E-1
7.433537625E0,1.119031191E0,7.338774800E-1,-2.573263049E-1
7.443550625E0,1.195650339E0,4.620809555E-1,2.037771344E-1
7.453563625E0,1.228937507E0,3.228290379E-1,6.202363968E-1
7.463577625E0,1.073308349E0,4.641556144E-1,8.954104781E-1
7.473590625E0,7.943756580E-1,7.854133248E-1,1.071040392E0
7.483603625E0,6.006405354E-1,1.063961506E0,1.189477324E0
7.493616625E0,5.526815057E-1,1.099979401E0,1.238209963E0
7.503629625E0,6.127094626E-1,1.040067554E0,1.257366538E0
7.513643625E0,5.720821619E-1,1.022538662E0,1.321617723E0
7.523656625E0,4.179888964E-1,1.034513950E0,1.455121994E0
7.533669625E0,2.656675279E-1,1.007072806E0,1.623533845E0
7.543682625E0,1.902306676E-1,9.466195107E-1,1.796993852E0
7.553695625E0,1.711248904E-1,7.941538095E-1,1.928611279E0
7.563709625E0,2.352958471E-1,5.606431961E-1,1.994874477E0
7.573722625E0,3.295911849E-1,3.114410639E-1,1.996845961E0
7.583735625E0,3.570928574E-1,1.244314834E-1,1.987648487E0
7.593748625E0,2.465535700E-1,9.802038223E-2,1.872664094E0
7.603761625E0,1.406431049E-1,2.264821529E-1,1.701107740E0
7.613775625E0,9.018365294E-2,3.831370175E-1,1.601333737E0
7.623788625E0,1.243639588E-1,3.894438148E-1,1.560176253E0
7.633801625E0,2.131423056E-1,2.589182854E-1,1.536181688E0
7.643814625E0,2.319383621E-1,9.545081109E-2,1.520079136E0
7.653827625E0,1.264140606E-1,-4.498938844E-2,1.500997305E0
7.663841625E0,-3.945578635E-2,-1.269174963E-1,1.470181108E0
7.673854625E0,-1.817644686E-1,-2.051129639E-1,1.339847803E0
7.683867625E0,-2.577549517E-1,-3.725985885E-1,1.044889450E0
7.693880625E0,-2.079634219E-1,-4.917103350E-1,6.552109122E-1
7.703893625E0,-1.255794466E-1,-5.107358098E-1,2.375833541E-1
7.713907625E0,-1.149254739E-1,-4.693817496E-1,-1.242408976E-1
7.723920625E0,-1.531458348E-1,-4.357623160E-1,-4.000757635E-1
7.733933625E0,-1.690944284E-1,-4.013034105E-1,-6.025848985E-1
7.743946625E0,-1.570374221E-1,-2.652911544E-1,-7.732045054E-1
7.753960625E0,-1.319499165E-1,1.383582130E-2,-9.043329954E-1
7.763973625E0,-8.351356536E-2,3.856097758E-1,-9.820382595E-1
7.773986625E0,-1.202526689E-2,6.280956864E-1,-1.066858768E0
7.783999625E0,1.109423190E-1,6.510829329E-1,-1.181402922E0
7.794012625E0,3.099510074E-1,4.777180552E-1,-1.294132113E0
7.804026625E0,4.714260399E-1,2.215922326E-1,-1.433765411E0
7.814039625E0,5.304009318E-1,5.136324465E-2,-1.594686866E0
7.824052625E0,5.270199180E-1,1.094941050E-1,-1.734760642E0
7.834065625E0,5.652416348E-1,2.437815964E-1,-1.774026632E0
7.844078625E0,6.799031496E-1,2.918204665E-1,-1.722770333E0
7.854092625E0,8.498426676E-1,2.388880253E-1,-1.645401478E0
7.864105625E0,1.073814631E0,1.104673147E-1,-1.596702933E0
7.874118625E0,1.362831593E0,-1.948462576E-1,-1.577833414E0
7.884131625E0,1.686089039E0,-7.165843248E-1,-1.622895360E0
7.894144625E0,1.898232937E0,-1.067372680E0,-1.722109318E0
7.904158625E0,1.796154499E0,-7.279427052E-1,-1.740429759E0
7.914171625E0,1.367662549E0,-1.408778578E-1,-1.626884580E0
7.924184625E0,9.336493611E-1,3.790007532E-1,-1.489827037E0
7.934197625E0,7.793066502E-1,6.373614073E-1,-1.464172363E0
7.944210625E0,8.785642982E-1,5.693151951E-1,-1.547044277E0
7.954224625E0,1.076248288E0,2.855902612E-1,-1.631251097E0
7.964237625E0,1.247647762E0,-2.772815526E-2,-1.598371387E0
7.974250625E0,1.335222363E0,-3.266607821E-1,-1.479221106E0
7.984263625E0,1.387901068E0,-4.570156336E-1,-1.299035788E0
7.994276625E0,1.364176273E0,-3.710677028E-1,-1.032570839E0
8.004290625E0,1.273047447E0,-2.157879025E-1,-7.466241121E-1
8.014303625E0,1.200092316E0,-7.031672448E-2,-5.299338698E-1
8.024316625E0,1.116819620E0,6.390220672E-2,-4.440420866E-1
8.034329625E0,1.066033244E0,1.636445075E-1,-4.662182331E-1
8.044342625E0,1.071815014E0,1.969658881E-1,-4.994055033E-1
8.054356625E0,1.019518018E0,2.984879911E-1,-4.818744063E-1
8.064369625E0,8.691871166E-1,5.021915436E-1,-4.169564545E-1
8.074382625E0,7.500772476E-1,6.162632704E-1,-2.903106511E-1
8.084395625E0,7.681511641E-1,5.870137215E-1,-1.533104330E-1
8.094408625E0,8.502708077E-1,5.202852488E-1,-9.036634117E-2
8.104422625E0,9.177165031E-1,5.515046716E-1,-5.059679598E-2
8.114435625E0,9.082825184E-1,6.501153708E-1,4.340133816E-2
8.124448625E0,8.813267350E-1,7.523654103E-1,1.766262054E-1
8.134461625E0,8.584560156E-1,8.200645447E-1,3.266788423E-1
8.144474625E0,7.706871033E-1,7.962455750E-1,4.801901579E-1
8.154488625E0,6.184059978E-1,6.910827160E-1,5.966526270E-1
8.164501625E0,4.454767406E-1,5.594525337E-1,7.158977389E-1
8.174514625E0,2.979637086E-1,4.135227799E-1,8.250138164E-1
8.184527625E0,2.676616013E-1,2.369840294E-1,9.311224222E-1
8.194541625E0,3.403701782E-1,8.491245657E-2,1.029168010E0
8.204554625E0,4.540973604E-1,-7.361343596E-4,1.104196548E0
8.214567625E0,5.459082127E-1,-1.970423199E-2,1.164625645E0
8.224580625E0,6.244939566E-1,-2.713524736E-2,1.207121730E0
8.234593625E0,7.270752192E-1,-1.730876565E-1,1.284120202E0
8.244607625E0,8.220793605E-1,-4.188782871E-1,1.370824337E0
8.254620625E0,8.631657958E-1,-4.559401572E-1,1.498173237E0
8.264633625E0,7.422276735E-1,-2.781277001E-1,1.660626054E0
8.274646625E0,5.617089868E-1,-2.478756383E-2,1.761423707E0
8.284659625E0,3.880524039E-1,1.136876270E-1,1.747865677E0
8.294673625E0,2.436685860E-1,8.811862022E-2,1.545463920E0
8.304686625E0,1.987694949E-1,-5.952678621E-2,1.228230000E0
8.314699625E0,2.620413899E-1,-2.323140055E-1,9.521589875E-1
8.324712625E0,2.558071911E-1,-2.862337530E-1,7.912760377E-1
8.334725625E0,1.270423084E-1,-2.139899135E-1,7.416679859E-1
8.344739625E0,-2.096123621E-2,-5.705284327E-2,7.400373816E-1
8.354752625E0,-1.334560812E-1,7.433367521E-2,7.063369751E-1
8.364765625E0,-1.791085750E-1,2.101895958E-1,6.430857778E-1
8.374778000E0,-2.010428905E-1,3.821376562E-1,5.484199524E-1
8.384791000E0,-2.458230704E-1,5.311852694E-1,4.499800205E-1
8.394805000E0,-3.067503273E-1,6.216472983E-1,3.618400395E-1
8.404818000E0,-3.880246878E-1,6.215586066E-1,2.890446782E-1
8.414831000E0,-4.435409307E-1,4.870944917E-1,2.033068538E-1
8.424844000E0,-4.607390463E-1,2.704205215E-1,7.203347981E-2
8.434857000E0,-4.286276996E-1,6.750095636E-2,-7.493945956E-2
8.444871000E0,-3.795622885E-1,-9.116047621E-2,-2.018901855E-1
8.454884000E0,-3.442389071E-1,-2.215161026E-1,-2.857621610E-1
8.464897000E0,-3.003973663E-1,-2.665139735E-1,-3.205214143E-1
8.474910000E0,-2.823411524E-1,-1.335090399E-1,-2.925768793E-1
8.484923000E0,-2.951170802E-1,4.788693041E-2,-2.168781757E-1
8.494937000E0,-2.927972078E-1,1.622412056E-1,-1.565684974E-1
8.504950000E0,-2.272563875E-1,1.452391446E-1,-1.560289264E-1
8.514963000E0,-1.159868538E-1,-1.585174352E-2,-1.680759937E-1
8.524976000E0,2.104716189E-2,-2.682360411E-1,-1.707165092E-1
8.534989000E0,1.353167444E-1,-4.625141621E-1,-2.086167485E-1
8.545003000E0,1.901184767E-1,-5.539830923E-1,-3.073063195E-1
8.555016000E0,2.353997976E-1,-7.145933509E-1,-4.168631732E-1
8.565029000E0,3.121609092E-1,-9.223438501E-1,-5.582686067E-1
8.575042000E0,4.237268567E-1,-1.161062717E0,-7.072799206E-1
8.585055000E0,4.494401515E-1,-9.013490081E-1,-8.387947083E-1
8.595069000E0,3.362435400E-1,-3.393512070E-1,-8.327669501E-1
8.605082000E0,1.930298507E-1,3.047129512E-1,-8.008513451E-1
8.615095000E0,7.807636261E-2,8.310092688E-1,-8.618033528E-1
8.625108000E0,7.806353271E-2,1.142538190E0,-9.846360087E-1
8.635122000E0,2.138213664E-1,1.177377462E0,-1.203919411E0
8.645135000E0,5.220023990E-1,1.014167547E0,-1.512789130E0
8.655148000E0,8.985555172E-1,6.323514581E-1,-1.678647876E0
8.665161000E0,1.287245512E0,-1.213855147E-1,-1.932361364E0
8.675174000E0,1.737990499E0,-9.039407372E-1,-2.253831148E0
8.685188000E0,2.030535936E0,-1.215843439E0,-2.459543943E0
8.695201000E0,2.007364988E0,-6.045664549E-1,-2.503026485E0
8.705214000E0,1.794646263E0,4.989065826E-1,-2.336594105E0
8.715227000E0,1.529908061E0,1.595482826E0,-2.086812973E0
8.725240000E0,1.350565314E0,2.359541178E0,-1.992949843E0
8.735254000E0,1.405934095E0,2.654131174E0,-1.877018213E0
8.745267000E0,1.565361261E0,2.357859850E0,-1.776246071E0
8.755280000E0,1.659805417E0,1.785292268E0,-1.772244453E0
8.765293000E0,1.595806360E0,1.174535990E0,-1.817188144E0
8.775306000E0,1.329623342E0,7.175069451E-1,-1.874823451E0
8.785320000E0,8.666478992E-1,4.806488156E-1,-1.976743221E0
8.795333000E0,3.672676086E-1,4.484474659E-1,-2.145710468E0
8.805346000E0,1.105833650E-1,4.487560987E-1,-2.311290026E0
8.815359000E0,1.640953273E-1,4.228107929E-1,-2.369638443E0
8.825372000E0,3.294357359E-1,3.838244379E-1,-2.398282051E0
8.835386000E0,5.532541275E-1,5.331204534E-1,-2.447066069E0
8.845399000E0,7.114812136E-1,1.018113256E0,-2.437494040E0
8.855412000E0,6.277636886E-1,1.795720100E0,-2.304996967E0
8.865425000E0,3.791540861E-1,2.468898773E0,-2.067082405E0
8.875438000E0,2.579253912E-1,2.724566936E0,-1.747401953E0
8.885452000E0,3.074202240E-1,2.614051104E0,-1.408508301E0
8.895465000E0,3.179940283E-1,2.189482927E0,-1.089912176E0
8.905478000E0,4.258427024E-1,1.744071245E0,-8.016244769E-1
8.915491000E0,5.945885777E-1,1.451576471E0,-6.171107888E-1
8.925504000E0,6.634907722E-1,1.383544564E0,-7.062206864E-1
8.935518000E0,7.476389408E-1,1.406945825E0,-8.709174991E-1
8.945531000E0,8.979455829E-1,1.325892210E0,-8.803427219E-1
8.955544000E0,9.665099382E-1,1.202307463E0,-7.506685853E-1
8.965557000E0,9.218837619E-1,1.115575671E0,-5.595383048E-1
8.975570000E0,8.855901957E-1,1.082486749E0,-3.433807194E-1
8.985584000E0,9.855875373E-1,1.006162405E0,-2.144827135E-2
8.995597000E0,1.187597871E0,8.895090222E-1,4.253425300E-1
9.005610000E0,1.337314963E0,7.377518415E-1,8.511130214E-1
9.015623000E0,1.312451720E0,6.231261492E-1,1.174514771E0
9.025636000E0,1.069667578E0,6.498807073E-1,1.312166214E0
9.035650000E0,7.110049725E-1,8.220261335E-1,1.325168490E0
9.045663000E0,3.384450972E-1,8.863907456E-1,1.284654379E0
9.055676000E0,4.371705651E-2,7.473393679E-1,1.132765293E0
9.065689000E0,-1.826461703E-1,3.189414442E-1,9.881190658E-1
9.075702000E0,-1.746878475E-1,-4.212341011E-1,9.947186112E-1
9.085716000E0,1.616193354E-1,-1.029006600E0,1.171030879E0
9.095729000E0,5.022754669E-1,-1.189301729E0,1.424577117E0
9.105742000E0,5.909386873E-1,-9.897089005E-1,1.639791131E0
9.115755000E0,5.172953606E-1,-5.602818727E-1,1.814022303E0
9.125768000E0,3.085297942E-1,-8.839178830E-3,1.977087975E0
9.135782000E0,-1.198722329E-2,5.121816397E-1,2.118186712E0
9.145795000E0,-2.335024476E-1,7.027076483E-1,2.218307972E0
9.155808000E0,-2.153418213E-1,5.084816813E-1,2.245995522E0
9.165821000E0,4.503931478E-2,6.079884619E-2,2.235360622E0
9.175835000E0,3.858733475E-1,-3.741518259E-1,2.272306681E0
9.185848000E0,5.990644693E-1,-5.857369900E-1,2.364717245E0
9.195861000E0,5.429953933E-1,-5.992317796E-1,2.515515804E0
9.205874000E0,2.317639887E-1,-4.088299274E-1,2.620403290E0
9.215887000E0,-2.272696346E-1,-5.726389959E-2,2.620358229E0
9.225901000E0,-5.761855841E-1,8.589594811E-2,2.520822525E0
9.235914000E0,-5.636026263E-1,-1.763250232E-1,2.374472857E0
9.245927000E0,-2.242435515E-1,-8.833054304E-1,2.273649454E0
9.255940000E0,2.890415788E-1,-1.601555943E0,2.262732029E0
9.265953000E0,6.135194302E-1,-1.825947762E0,2.331876993E0
9.275967000E0,6.942179799E-1,-1.790231824E0,2.350444317E0
9.285980000E0,6.946229935E-1,-1.475579500E0,2.382366657E0
9.295993000E0,5.983454585E-1,-1.010164976E0,2.403182983E0
9.306006000E0,4.323354363E-1,-5.987262726E-1,2.341836691E0
9.316019000E0,2.559044659E-1,-3.686041534E-1,2.247344971E0
9.326033000E0,1.652791649E-1,-3.734128177E-1,2.130761862E0
9.336046000E0,2.309023887E-1,-4.582579434E-1,2.027957201E0
9.346059000E0,3.272715211E-1,-3.307200074E-1,1.964952707E0
9.356072000E0,3.843774199E-1,-1.999433339E-1,1.991902590E0
9.366085000E0,3.438732326E-1,-3.357456326E-1,2.110939026E0
9.376098875E0,2.316276431E-1,-6.525003910E-1,2.373285055E0
9.386111875E0,1.648336649E-1,-1.060158730E0,2.691209793E0
9.396124875E0,2.832931876E-1,-1.318066955E0,2.961171627E0
9.406137875E0,5.543750525E-1,-1.333780408E0,3.172724724E0
9.416150875E0,8.566659093E-1,-1.216784596E0,3.277035952E0
9.426164875E0,1.136074066E0,-1.111333847E0,3.254441023E0
9.436177875E0,1.335434318E0,-1.031557560E0,3.139688730E0
9.446190875E0,1.379446983E0,-7.933741212E-1,3.025642872E0
9.456203875E0,1.248133183E0,-4.971094728E-1,2.982789040E0
9.466216875E0,9.774485230E-1,-4.084623456E-1,2.940568447E0
9.476230875E0,7.261875272E-1,-5.629877448E-1,2.864449978E0
9.486243875E0,6.512033343E-1,-8.812724352E-1,2.652712107E0
9.496256875E0,7.534607053E-1,-1.393470049E0,2.338848829E0
9.506269875E0,1.022809148E0,-1.684112430E0,2.176698685E0
9.516282875E0,1.346866012E0,-1.387145519E0,2.185912371E0
9.526296875E0,1.366602421E0,-7.072964311E-1,2.064145088E0
9.536309875E0,1.055810452E0,-1.292940527E-1,1.777000666E0
9.546322875E0,6.738999486E-1,-1.484447066E-2,1.441352606E0
9.556335875E0,3.971367776E-1,-2.094629556E-1,1.179492831E0
9.566348875E0,1.953795403E-1,-4.811460078E-1,9.541144967E-1
9.576362875E0,1.268505454E-1,-7.176594734E-1,7.649474740E-1
9.586375875E0,2.281729579E-1,-9.430700541E-1,6.130248308E-1
9.596388875E0,3.570928276E-1,-1.043018222E0,4.907801449E-1
9.606401875E0,3.452579975E-1,-7.645787597E-1,3.869183958E-1
9.616414875E0,2.309910655E-1,-2.646507621E-1,2.714216411E-1
9.626428875E0,1.360307336E-1,1.393058151E-1,1.679133922E-1
9.636441875E0,-3.726363881E-3,3.479032218E-1,1.108700708E-1
9.646454875E0,-2.689216137E-1,2.803920507E-1,6.100051105E-2
9.656467875E0,-4.623153210E-1,-7.733199745E-2,-1.635819301E-2
9.666480875E0,-5.209484696E-1,-6.004502177E-1,-1.482522339E-1
9.676494875E0,-4.611708820E-1,-9.978979826E-1,-2.880964279E-1
9.686507875E0,-3.506494761E-1,-1.244879961E0,-4.107810855E-1
9.696520875E0,-2.502818406E-1,-1.343370557E0,-4.957391322E-1
9.706533875E0,-1.034250632E-1,-1.261465192E0,-5.317106843E-1
9.716546875E0,7.859986275E-2,-1.079530597E0,-4.777923226E-1
9.726560875E0,6.790784001E-2,-7.770634890E-1,-3.120675683E-1
9.736573875E0,-3.028587699E-1,-3.679348826E-1,-1.159409434E-1
9.746586875E0,-8.218004107E-1,-1.180499271E-1,-1.167369857E-1
9.756599875E0,-1.236076117E0,-1.656491458E-1,-3.356229961E-1
9.766613875E0,-1.425253749E0,-4.845962822E-1,-6.392728090E-1
9.776626875E0,-1.453164458E0,-9.689972997E-1,-9.178272486E-1
9.786639875E0,-1.462325215E0,-1.227099538E0,-1.048461080E0
9.796652875E0,-1.467644572E0,-1.219851255E0,-1.029775381E0
9.806665875E0,-1.454343081E0,-1.089739203E0,-8.905854821E-1
9.816679875E0,-1.531773210E0,-9.046613574E-1,-6.915168762E-1
9.826692875E0,-1.748352051E0,-7.386449575E-1,-5.197014213E-1
9.836705875E0,-2.019760847E0,-6.740691662E-1,-4.444663227E-1
9.846718875E0,-2.189418077E0,-7.488950491E-1,-4.784888327E-1
9.856731875E0,-2.256661177E0,-8.929488659E-1,-5.969595313E-1
9.866745875E0,-2.191885710E0,-9.828812480E-1,-7.729004025E-1
9.876758875E0,-2.098547697E0,-9.901612997E-1,-8.880312443E-1
9.886771875E0,-2.031318426E0,-8.666065335E-1,-8.774126768E-1
9.896784875E0,-1.970178366E0,-6.667019725E-1,-7.636312842E-1
9.906797875E0,-1.980084658E0,-5.247803330E-1,-6.445874572E-1
9.916811875E0,-2.013369083E0,-5.331487656E-1,-5.951495767E-1
9.926824875E0,-1.993290067E0,-6.694309115E-1,-6.078190804E-1
9.936837875E0,-1.915056586E0,-8.260423541E-1,-6.476311684E-1
9.946850875E0,-1.797708392E0,-9.179854989E-1,-6.783688068E-1
9.956863875E0,-1.788154006E0,-9.213852882E-1,-7.193932533E-1
9.966877875E0,-1.916224837E0,-8.279668689E-1,-7.684290409E-1
9.976890875E0,-2.090431452E0,-5.751338005E-1,-8.597498536E-1
9.986903875E0,-2.242720366E0,-2.318813056E-1,-9.795691967E-1
9.996916875E0,-2.295590878E0,1.554160714E-1,-1.107785225E0
1.000692988E1,-2.285131454E0,4.780261815E-1,-1.183177352E0
1.001694387E1,-2.193941355E0,6.801680326E-1,-1.173734426E0
1.002695687E1,-2.055465460E0,6.993333101E-1,-1.139475465E0
1.003696988E1,-1.915596247E0,5.656697750E-1,-1.153491139E0
1.004698288E1,-1.779612303E0,2.394876629E-1,-1.160675883E0
1.005699588E1,-1.637436509E0,-1.363565326E-1,-1.192235112E0
1.006700988E1,-1.513258815E0,-3.314807415E-1,-1.277956724E0
1.007702288E1,-1.511606097E0,-3.166474700E-1,-1.442536950E0
1.008703587E1,-1.588832974E0,-1.570672989E-1,-1.671305656E0
1.009704887E1,-1.619313598E0,2.127887756E-1,-1.856042981E0
1.010706188E1,-1.644112229E0,6.087858081E-1,-1.902708411E0
1.011707588E1,-1.733716488E0,9.325582981E-1,-1.871033549E0
1.012708888E1,-1.786185265E0,1.105219364E0,-1.805749655E0
1.013710188E1,-1.766042233E0,1.066149473E0,-1.789907575E0
1.014711488E1,-1.657415152E0,9.467022419E-1,-1.827460766E0
1.015712788E1,-1.520637870E0,8.854103684E-1,-1.878956676E0
1.016714188E1,-1.408278704E0,9.333926439E-1,-1.935731292E0
1.017715488E1,-1.296897054E0,1.068333387E0,-1.976441264E0
1.018716788E1,-1.156216264E0,1.218827009E0,-1.962557912E0
1.019718088E1,-9.239768386E-1,1.295782447E0,-1.935276985E0
1.020719388E1,-5.323511958E-1,1.292538524E0,-1.943726897E0
1.021720787E1,-5.622137338E-2,1.286653161E0,-1.914010286E0
1.022722088E1,2.459561825E-1,1.191658616E0,-1.821976542E0
1.023723388E1,3.672341406E-1,1.100173116E0,-1.695687532E0
1.024724688E1,3.437627554E-1,1.075818658E0,-1.588180065E0
1.025725988E1,3.161407113E-1,1.137444735E0,-1.554230809E0
1.026727388E1,4.916647077E-1,1.286201596E0,-1.531155109E0
1.027728687E1,7.826659083E-1,1.512547970E0,-1.422630429E0
1.028729987E1,1.031931996E0,1.720253110E0,-1.204932213E0
1.029731287E1,1.225523829E0,1.836612821E0,-9.010431767E-1
1.030732588E1,1.343739867E0,1.842632294E0,-5.417519212E-1
1.031733988E1,1.325093150E0,1.830006003E0,-2.377129346E-1
1.032735288E1,1.245694160E0,1.902776241E0,-6.157278642E-2
1.033736588E1,1.240752578E0,1.914832830E0,-1.756725088E-2
1.034737888E1,1.357849121E0,1.909699082E0,-7.898559421E-2
1.035739187E1,1.579706907E0,1.991343975E0,-7.939571887E-2
1.036740588E1,1.671993852E0,2.001448870E0,1.189818531E-1
1.037741913E1,1.614454389E0,1.956843138E0,3.975101411E-1
1.038743213E1,1.521277308E0,1.873700261E0,6.611569524E-1
1.039744513E1,1.474911332E0,1.623602748E0,8.556388617E-1
1.040745813E1,1.562433958E0,1.303361535E0,1.002627969E0
1.041747213E1,1.596765518E0,1.064455748E0,1.036059976E0
1.042748513E1,1.446717620E0,1.049462199E0,9.444219470E-1
1.043749813E1,1.177976131E0,1.086181402E0,8.884665370E-1
1.044751113E1,8.717265725E-1,9.551231265E-1,9.241233468E-1
1.045752413E1,6.277166009E-1,8.345674276E-1,9.879819751E-1
1.046753812E1,4.085807502E-1,8.621627092E-1,1.058861256E0
1.047755112E1,3.002380133E-1,8.527843952E-1,1.240553498E0
1.048756413E1,3.625139594E-1,7.474920750E-1,1.514621496E0
1.049757713E1,4.892998934E-1,6.840627789E-1,1.683632374E0
1.050759013E1,5.778788328E-1,7.350834608E-1,1.734668374E0
1.051760413E1,5.566491485E-1,7.351484895E-1,1.664543390E0
1.052761713E1,5.259770155E-1,4.536148906E-1,1.597461939E0
1.053763012E1,4.792515934E-1,-7.374265790E-2,1.535024166E0
1.054764312E1,4.240281284E-1,-6.917465329E-1,1.460267305E0
1.055765713E1,3.230693042E-1,-1.130672455E0,1.324388385E0
1.056767013E1,8.120735735E-2,-1.146208644E0,1.038250208E0
1.057768313E1,-2.561605573E-1,-7.531439662E-1,6.693519950E-1
1.058769613E1,-5.799359083E-1,-8.010370284E-2,3.361514509E-1
1.059770913E1,-7.839164734E-1,4.708252549E-1,1.139173284E-1
1.060772213E1,-8.108350039E-1,6.966068745E-1,-5.039865524E-2
1.061773613E1,-7.475892305E-1,6.367056966E-1,-2.110903263E-1
1.062774913E1,-6.891473532E-1,4.248403609E-1,-3.638042808E-1
1.063776213E1,-7.101317644E-1,2.118260860E-1,-5.037274957E-1
1.064777513E1,-8.274434209E-1,9.629154950E-2,-7.141982317E-1
1.065778912E1,-9.889723659E-1,1.694059670E-1,-1.016173720E0
1.066780212E1,-1.141559243E0,3.758763373E-1,-1.343958855E0
1.067781513E1,-1.285212874E0,7.047212720E-1,-1.594516993E0
1.068782813E1,-1.402923584E0,1.132857203E0,-1.751537204E0
1.069784113E1,-1.390914321E0,1.515498281E0,-1.844862461E0
1.070785513E1,-1.238534808E0,1.722256899E0,-1.852864981E0
1.071786813E1,-1.008158684E0,1.733140945E0,-1.818488836E0
1.072788112E1,-7.576224208E-1,1.640453339E0,-1.767654419E0
1.073789412E1,-5.178889632E-1,1.526739359E0,-1.737727165E0
1.074790712E1,-2.932909429E-1,1.504423738E0,-1.725302935E0
1.075792113E1,-1.156919226E-1,1.577645302E0,-1.722057104E0
1.076793413E1,4.814391583E-2,1.669941902E0,-1.711724877E0
1.077794713E1,1.651778519E-1,1.715770364E0,-1.675124288E0
1.078796013E1,2.817054987E-1,1.651791334E0,-1.613777041E0
1.079797313E1,4.440898895E-1,1.478209138E0,-1.513389111E0
1.080798713E1,6.534703970E-1,1.226318002E0,-1.398835421E0
1.081800013E1,9.372877479E-1,1.045543194E0,-1.266293049E0
1.082801313E1,1.200725555E0,1.111247897E0,-1.139734268E0
1.083802613E1,1.344028354E0,1.470454574E0,-9.755664468E-1
1.084803913E1,1.332565069E0,1.878925800E0,-7.790984511E-1
1.085805312E1,1.261037707E0,2.036806345E0,-5.688831210E-1
1.086806613E1,1.227660894E0,1.850450993E0,-3.938428760E-1
1.087807913E1,1.259386897E0,1.418452024E0,-2.866506577E-1
1.088809213E1,1.279432654E0,9.502828717E-1,-2.237555534E-1
1.089810513E1,1.288839459E0,6.988277435E-1,-1.704489142E-1
1.090811913E1,1.334156156E0,7.131236792E-1,-7.767210156E-2
1.091813212E1,1.485068440E0,9.765028358E-1,8.471707255E-2
1.092814512E1,1.605403781E0,1.262129784E0,3.577603102E-1
1.093815812E1,1.503106475E0,1.330986023E0,6.576950550E-1
1.094817113E1,1.330484867E0,1.188590288E0,8.929721117E-1
1.095818513E1,1.171060324E0,9.161198735E-1,1.041952491E0
1.096819813E1,1.016040325E0,5.566391945E-1,1.069341779E0
1.097821113E1,9.243685603E-1,1.925323606E-1,1.021447301E0
1.098822413E1,9.190896153E-1,2.079827711E-2,9.714514613E-1
1.099823712E1,9.493330121E-1,8.081417531E-3,9.629999399E-1
1.100825113E1,9.360567927E-1,9.819326550E-2,1.038486362E0
1.101826413E1,8.687669635E-1,3.397582471E-1,1.194487691E0
1.102827713E1,7.260487676E-1,7.083646059E-1,1.395066738E0
1.103829013E1,4.838273525E-1,9.511353970E-1,1.598022580E0
1.104830313E1,3.707975149E-1,8.071981668E-1,1.867778540E0
1.105831713E1,4.920664430E-1,2.981232405E-1,2.180579424E0
1.106833013E1,6.216850877E-1,-2.570820451E-1,2.289712667E0
1.107834313E1,6.749477983E-1,-6.004462838E-1,2.232938528E0
1.108835613E1,5.998080373E-1,-7.133865952E-1,2.139955044E0
1.109836913E1,3.934433758E-1,-5.557484627E-1,2.054930925E0
1.110838313E1,1.242494807E-1,-1.917111278E-1,2.049443245E0
1.111839612E1,-4.526246712E-2,1.460218728E-1,2.107121229E0
1.112840912E1,-1.755510718E-1,3.733187318E-1,2.161565542E0
1.113842213E1,-3.800126314E-1,5.240502357E-1,2.152365685E0
1.114843513E1,-6.014904976E-1,6.249632239E-1,2.129781008E0
1.115844913E1,-7.899876833E-1,6.113584638E-1,2.201465368E0
1.116846213E1,-9.598125815E-1,4.838077724E-1,2.289589643E0
1.117847513E1,-1.074547648E0,3.291100562E-1,2.359472752E0
1.118848813E1,-1.097679853E0,9.708762914E-2,2.401718140E0
1.119850112E1,-1.096757770E0,-1.219693497E-1,2.422921181E0
1.120851513E1,-1.165214777E0,-2.174095511E-1,2.440714598E0
1.121852813E1,-1.211785436E0,-1.529437453E-1,2.445264816E0
1.122854113E1,-1.127482176E0,-3.837112337E-2,2.444538116E0
1.123855413E1,-1.030014515E0,2.628315687E-1,2.450206757E0
1.124856713E1,-1.071391702E0,7.684736848E-1,2.406402588E0
1.125858113E1,-1.231448531E0,1.396728039E0,2.365584135E0
1.126859413E1,-1.444534183E0,1.926171541E0,2.384942770E0
1.127860713E1,-1.602290511E0,1.866334081E0,2.507400751E0
1.128862013E1,-1.672572374E0,1.223347306E0,2.586048603E0
1.129863313E1,-1.655356407E0,4.085380435E-1,2.498329163E0
1.130864712E1,-1.530076981E0,-3.112443686E-1,2.292877436E0
1.131866012E1,-1.397399902E0,-7.388180494E-1,2.047073126E0
1.132867313E1,-1.237336755E0,-8.060912490E-1,1.918369055E0
1.133868613E1,-9.766019583E-1,-4.217534363E-1,1.915262461E0
1.134869913E1,-7.643653750E-1,2.569141984E-1,1.921429276E0
1.135871313E1,-7.621698380E-1,7.696366310E-1,1.819020033E0
1.136872613E1,-8.944861293E-1,9.624541998E-1,1.585620046E0
1.137873908E1,-9.712693691E-1,9.275614619E-1,1.235763788E0
1.138875208E1,-9.508947134E-1,7.537650466E-1,8.241029382E-1
1.139876508E1,-8.923893571E-1,5.183868408E-1,4.500910044E-1
1.140877908E1,-7.814545035E-1,3.032465279E-1,1.607591361E-1
1.141879208E1,-5.833296776E-1,1.624292135E-1,-4.510588571E-2
1.142880508E1,-3.154900074E-1,1.651053876E-1,-2.082261443E-1
1.143881808E1,-6.103028357E-2,3.357503712E-1,-3.457752168E-1
1.144883108E1,5.606308207E-2,5.495152473E-1,-4.646654427E-1
1.145884508E1,1.538409572E-2,6.716549993E-1,-5.832256675E-1
1.146885808E1,-1.076907739E-1,6.864418983E-1,-6.961210370E-1
1.147887108E1,-2.099183500E-1,6.001762152E-1,-8.078300357E-1
1.148888408E1,-2.174898982E-1,3.966543674E-1,-9.462775588E-1
1.149889708E1,-1.499105841E-1,1.641734391E-1,-1.037068129E0
1.150891108E1,-9.191241860E-2,3.672085470E-3,-1.078626394E0
1.151892408E1,-1.174175143E-1,-9.152260423E-2,-1.066697121E0
1.152893708E1,-1.951683462E-1,-1.061027721E-1,-1.044682384E0
1.153895008E1,-2.339506298E-1,-5.528645590E-2,-1.060869336E0
1.154896308E1,-2.228936404E-1,5.652952567E-2,-1.072643280E0
1.155897708E1,-1.872629374E-1,2.269710302E-1,-1.049811959E0
1.156899008E1,-1.072250232E-1,3.582279384E-1,-9.705413580E-1
1.157900308E1,-2.892222628E-2,3.448503315E-1,-8.879119754E-1
1.158901608E1,2.012958191E-2,2.515200078E-1,-8.471869826E-1
1.159902908E1,6.225865707E-2,1.368024796E-1,-8.230390549E-1
1.160904308E1,8.777372539E-2,2.161610872E-3,-8.121817708E-1
1.161905608E1,1.027928889E-1,-1.244322807E-1,-8.172601461E-1
1.162906908E1,1.548934430E-1,-3.021732569E-1,-8.214386702E-1
1.163908208E1,2.499746829E-1,-5.745014548E-1,-8.712805510E-1
1.164909508E1,2.989002168E-1,-8.082534075E-1,-1.015338302E0
1.165910908E1,2.096952498E-1,-7.992508411E-1,-1.329305530E0
1.166912208E1,5.865125917E-3,-4.995943010E-1,-1.875729799E0
1.167913508E1,-2.308091968E-1,-1.386222690E-1,-2.517683744E0
1.168914808E1,-3.191582561E-1,3.283780813E-1,-2.986645699E0
1.169916108E1,-3.539186418E-1,1.253643870E0,-3.132717133E0
1.170917508E1,-4.193281233E-1,2.567591667E0,-2.958393812E0
1.171918808E1,-4.472926557E-1,3.916120052E0,-2.515630007E0
1.172920108E1,-3.631123304E-1,4.806020260E0,-1.944805741E0
1.173921408E1,-2.878066599E-1,5.176198006E0,-1.395841241E0
1.174922708E1,-2.935895920E-1,5.231231689E0,-9.928168654E-1
1.175924108E1,-3.943881094E-1,5.005351067E0,-8.659601212E-1
1.176925408E1,-5.860894918E-1,4.484531879E0,-9.531530738E-1
1.177926708E1,-8.091707826E-1,3.900964260E0,-1.126632690E0
1.178928008E1,-9.916764498E-1,3.243899822E0,-1.280137300E0
1.179929308E1,-1.017294168E0,2.645304918E0,-1.346199036E0
1.180930708E1,-8.756919503E-1,2.296121597E0,-1.203328252E0
1.181932008E1,-7.399322391E-1,2.156871080E0,-1.067222595E0
1.182933308E1,-7.619839311E-1,2.085494518E0,-1.018361330E0
1.183934608E1,-1.000967145E0,2.123155832E0,-9.742503762E-1
1.184935908E1,-1.398358822E0,2.145170212E0,-8.778581023E-1
1.185937308E1,-1.825341582E0,1.959298849E0,-7.882400751E-1
1.186938608E1,-2.091550112E0,1.662492871E0,-6.431195140E-1
1.187939908E1,-2.172103643E0,1.297448039E0,-4.908375442E-1
1.188941208E1,-2.142183304E0,9.454697371E-1,-3.997207582E-1
1.189942508E1,-2.076027393E0,6.022415161E-1,-3.265821040E-1
1.190943908E1,-1.943764806E0,3.303224444E-1,-2.385842651E-1
1.191945208E1,-1.779126883E0,1.703559756E-1,-7.996054739E-2
1.192946508E1,-1.642537355E0,-4.801650066E-3,1.215421483E-1
1.193947808E1,-1.554007411E0,-9.856888652E-2,2.699460089E-1
1.194949108E1,-1.632528901E0,-1.163218021E-1,3.959095478E-1
1.195950508E1,-1.897481441E0,-2.297141552E-1,4.810020626E-1
1.196951808E1,-2.287356138E0,-3.529066741E-1,5.013169050E-1
1.197953108E1,-2.623808622E0,-7.239997387E-1,4.084075093E-1
1.198954408E1,-2.696655273E0,-1.421382427E0,2.736691833E-1
1.199955708E1,-2.521579266E0,-2.231204271E0,1.648851484E-1
1.200957108E1,-2.293731928E0,-2.949596643E0,7.001373917E-2
1.201958408E1,-1.966759205E0,-3.423185825E0,5.946575850E-2
1.202959708E1,-1.478066921E0,-3.341705561E0,3.044611812E-1
1.203961008E1,-1.081959009E0,-2.758925676E0,8.237392306E-1
1.204962308E1,-9.377180338E-1,-2.033413172E0,1.387288570E0
1.205963708E1,-9.922771454E-1,-1.355219841E0,1.845079303E0
1.206965008E1,-1.213148952E0,-9.223900437E-1,2.089197397E0
1.207966308E1,-1.511224031E0,-7.866058946E-1,2.112489939E0
1.208967608E1,-1.779662013E0,-9.086990356E-1,2.018028975E0
1.209968908E1,-2.009136915E0,-1.134135604E0,1.867703915E0
1.210970308E1,-2.249836445E0,-1.370214701E0,1.629503250E0
1.211971608E1,-2.427928686E0,-1.799564719E0,1.238936305E0
1.212972908E1,-2.497707844E0,-2.247605085E0,9.334220290E-1
1.213974208E1,-2.657704115E0,-2.075044870E0,8.900604844E-1
1.214975508E1,-2.935514212E0,-1.379717827E0,1.105260372E0
1.215976908E1,-3.092698336E0,-6.137479544E-1,1.410955071E0
1.216978208E1,-2.978465796E0,-1.992592961E-1,1.684066176E0
1.217979508E1,-2.552476168E0,-4.706527293E-1,1.849577904E0
1.218980808E1,-1.968071222E0,-1.193242192E0,1.838547111E0
1.219982108E1,-1.484281898E0,-1.886761904E0,1.663580418E0
1.220983508E1,-1.222023606E0,-2.429773569E0,1.377477050E0
1.221984808E1,-1.290120363E0,-2.665745974E0,1.050715923E0
1.222986108E1,-1.677696824E0,-2.512923479E0,7.832191586E-1
1.223987408E1,-2.028586626E0,-2.065592766E0,7.209438086E-1
1.224988708E1,-2.142728806E0,-1.437159896E0,8.178623915E-1
1.225990108E1,-2.017126799E0,-8.810476661E-1,1.048115969E0
1.226991408E1,-1.651742578E0,-5.059008598E-1,1.370998859E0
1.227992708E1,-1.269107342E0,-3.728487492E-1,1.656249762E0
1.228994008E1,-9.884271622E-1,-5.510000587E-1,1.742527127E0
1.229995308E1,-7.312835455E-1,-9.581601024E-1,1.604987860E0
1.230996708E1,-5.101522207E-1,-1.391710997E0,1.395626664E0
1.231998008E1,-4.780515730E-1,-1.544929862E0,1.177298665E0
1.232999308E1,-6.346942186E-1,-1.437577724E0,9.250980616E-1
1.234000608E1,-7.556749582E-1,-1.235700488E0,7.709657550E-1
1.235001908E1,-7.238994241E-1,-1.009511948E0,6.895267963E-1
1.236003308E1,-5.916771889E-1,-9.516939521E-1,6.414732337E-1
1.237004608E1,-3.470486104E-1,-1.061410785E0,6.002043486E-1
1.238005846E1,-7.601684332E-2,-1.349573612E0,5.145384669E-1
1.239007146E1,1.205298454E-1,-1.402503490E0,3.068385422E-1
1.240008446E1,1.519538164E-1,-1.281449199E0,3.332950547E-2
1.241009846E1,9.063042700E-2,-1.068820715E0,-1.447433084E-1
1.242011146E1,4.786458239E-2,-9.362954497E-1,-2.201347351E-1
1.243012446E1,7.517084479E-2,-9.582757950E-1,-2.335355431E-1
1.244013746E1,2.131031454E-1,-1.068585038E0,-2.303285599E-1
1.245015046E1,4.379356205E-1,-1.189356327E0,-2.676287889E-1
1.246016446E1,6.237081885E-1,-1.288062692E0,-3.225402534E-1
1.247017746E1,6.852381229E-1,-1.237706542E0,-3.763312697E-1
1.248019046E1,6.368612647E-1,-1.139114261E0,-4.181783199E-1
1.249020346E1,5.953379273E-1,-1.094752908E0,-5.037733912E-1
1.250021646E1,6.471033692E-1,-1.363002658E0,-6.359777451E-1
1.251023046E1,8.286374807E-1,-1.923678637E0,-7.750309110E-1
1.252024346E1,1.064486980E0,-2.480798006E0,-8.944311142E-1
1.253025646E1,1.250218272E0,-2.817114353E0,-1.062493324E0
1.254026946E1,1.312942147E0,-2.970355272E0,-1.262228012E0
1.255028246E1,1.227232933E0,-2.750160456E0,-1.454312682E0
1.256029646E1,9.619879723E-1,-2.222372532E0,-1.580869794E0
1.257030946E1,7.017812729E-1,-1.710863471E0,-1.636382341E0
1.258032246E1,6.029838324E-1,-1.376602054E0,-1.651755333E0
1.259033546E1,6.773647070E-1,-1.282429695E0,-1.733845353E0
1.260034846E1,8.145941496E-1,-1.318555236E0,-1.910552979E0
1.261036246E1,8.865349889E-1,-1.471751809E0,-2.078905344E0
1.262037546E1,8.889557719E-1,-1.677539587E0,-2.238667965E0
1.263038846E1,8.903854489E-1,-1.895555973E0,-2.401396513E0
1.264040146E1,9.045377374E-1,-2.056499720E0,-2.547597170E0
1.265041446E1,8.559262156E-1,-1.919182301E0,-2.628703117E0
1.266042846E1,6.971197724E-1,-1.555594563E0,-2.620226145E0
1.267044146E1,3.811257482E-1,-1.060717583E0,-2.617330313E0
1.268045446E1,1.873503206E-3,-6.838907003E-1,-2.605854988E0
1.269046746E1,-2.092751414E-1,-4.963132739E-1,-2.659439325E0
1.270048046E1,-2.096072435E-1,-5.559944510E-1,-2.744133234E0
1.271049446E1,-2.887843363E-2,-8.344777822E-1,-2.778186560E0
1.272050746E1,1.694572866E-1,-1.197812557E0,-2.766597033E0
1.273052046E1,2.498001754E-1,-1.519913316E0,-2.696689129E0
1.274053346E1,2.292174101E-1,-1.739844322E0,-2.611242056E0
1.275054646E1,1.177767515E-1,-1.673228025E0,-2.548754454E0
1.276056046E1,-1.145435721E-1,-1.346952200E0,-2.471122980E0
1.277057346E1,-4.063207209E-1,-9.613417983E-1,-2.407973528E0
1.278058646E1,-6.324627995E-1,-7.342937589E-1,-2.352377415E0
1.279059946E1,-7.893710136E-1,-6.204072833E-1,-2.346898317E0
1.280061346E1,-9.221064448E-1,-6.089833975E-1,-2.368999481E0
1.281062646E1,-1.014719963E0,-6.266099811E-1,-2.413671732E0
1.282063946E1,-1.060314894E0,-6.854711771E-1,-2.475885868E0
1.283065246E1,-1.048498273E0,-7.602128983E-1,-2.512017727E0
1.284066546E1,-1.021988153E0,-7.900597453E-1,-2.476759911E0
1.285067846E1,-9.881667495E-1,-6.381235123E-1,-2.441656590E0
1.286069246E1,-9.473234415E-1,-4.290691316E-1,-2.359066725E0
1.287070546E1,-9.153774381E-1,-2.991171181E-1,-2.206454039E0
1.288071846E1,-8.649650812E-1,-2.548204958E-1,-2.043612003E0
1.289073146E1,-8.510099649E-1,-2.913438082E-1,-1.889250636E0
1.290074546E1,-8.283240795E-1,-3.541275561E-1,-1.748892426E0
1.291075846E1,-8.419144154E-1,-4.710410833E-1,-1.681533694E0
1.292077146E1,-9.159724116E-1,-6.244496107E-1,-1.712089419E0
1.293078446E1,-9.646894932E-1,-8.402577639E-1,-1.741038799E0
1.294079746E1,-9.811236262E-1,-9.660899639E-1,-1.793804765E0
1.295081146E1,-9.750397801E-1,-1.016053081E0,-1.814140797E0
1.296082446E1,-9.225260019E-1,-1.027079940E0,-1.760664940E0
1.297083746E1,-8.886525631E-1,-1.032411814E0,-1.584877133E0
1.298085046E1,-9.838076234E-1,-9.834840298E-1,-1.337073445E0
1.299086346E1,-1.124020576E0,-8.966314793E-1,-1.077124000E0
1.300087746E1,-1.271923780E0,-8.267932534E-1,-9.002380967E-1
1.301089046E1,-1.351001620E0,-7.611893415E-1,-8.055444360E-1
1.302090346E1,-1.309667587E0,-6.878168583E-1,-7.403134704E-1
1.303091646E1,-1.205288172E0,-6.052055955E-1,-6.439599991E-1
1.304092946E1,-1.171913624E0,-4.872541428E-1,-5.654438734E-1
1.305094346E1,-1.191212296E0,-3.115582168E-1,-5.233718157E-1
1.306095646E1,-1.244451046E0,-1.625802070E-1,-4.996939003E-1
1.307096946E1,-1.265060663E0,-5.121801421E-2,-4.654714763E-1
1.308098246E1,-1.292863846E0,4.067345988E-3,-3.777626753E-1
1.309099546E1,-1.378455758E0,-3.906270489E-2,-2.735782266E-1
1.310100846E1,-1.427930593E0,-6.529617310E-2,-1.443536580E-1
1.311102246E1,-1.410548210E0,-8.621691912E-2,-1.224917360E-2
1.312103546E1,-1.411169767E0,-1.988657117E-1,9.405037016E-2
1.313104846E1,-1.432720780E0,-3.044899702E-1,2.124316394E-1
1.314106146E1,-1.434267879E0,-3.546437025E-1,2.891543806E-1
1.315107446E1,-1.404737711E0,-2.992030680E-1,2.787238061E-1
1.316108846E1,-1.362495184E0,-1.040192246E-1,2.517175078E-1
1.317110146E1,-1.302014232E0,1.731068790E-1,3.050824404E-1
1.318111446E1,-1.179938197E0,5.052654147E-1,4.405425191E-1
1.319112746E1,-9.756975770E-1,7.442432046E-1,7.151833773E-1
1.320114046E1,-7.361789942E-1,7.792739272E-1,1.019383430E0
1.321115446E1,-4.814471602E-1,6.223126054E-1,1.250425816E0
1.322116746E1,-2.275610864E-1,3.437472582E-1,1.388735533E0
1.323118046E1,3.888300061E-2,1.127026305E-1,1.452623129E0
1.324119346E1,2.327486128E-1,3.485630453E-2,1.454985380E0
1.325120746E1,3.145445585E-1,1.081045121E-1,1.468147278E0
1.326122046E1,3.702991605E-1,2.204896361E-1,1.534438968E0
1.327123346E1,5.647386312E-1,2.635360360E-1,1.680342078E0
1.328124646E1,7.653420568E-1,2.931424081E-1,1.804502368E0
1.329125946E1,8.994171023E-1,3.916002512E-1,1.907027364E0
1.330127346E1,9.184011817E-1,5.219633579E-1,1.930360913E0
1.331128646E1,8.802505732E-1,5.652142167E-1,1.892742395E0
1.332129946E1,9.059780836E-1,5.751648545E-1,1.774124622E0
1.333131246E1,1.010377169E0,5.139623880E-1,1.693904757E0
1.334132546E1,1.158805013E0,5.359063148E-1,1.709815741E0
1.335133946E1,1.286794424E0,7.134517431E-1,1.846157789E0
1.336135246E1,1.331078768E0,9.514483213E-1,2.052662134E0
1.337136538E1,1.273141146E0,1.016559720E0,2.220830441E0
1.338137838E1,1.135574460E0,9.331964254E-1,2.232656717E0
1.339139138E1,9.093945026E-1,7.581337094E-1,2.016879320E0
1.340140538E1,6.112488508E-1,5.900868773E-1,1.635235429E0
1.341141838E1,3.476765454E-1,4.464001060E-1,1.220720887E0
1.342143137E1,2.639555633E-1,4.231909215E-1,9.052457809E-1
1.343144437E1,3.441331685E-1,5.238537788E-1,7.006191015E-1
1.344145738E1,4.752650857E-1,7.397400141E-1,5.091221333E-1
1.345147138E1,5.866341591E-1,9.228866696E-1,2.816239595E-1
1.346148438E1,6.122649908E-1,9.376480579E-1,5.524357036E-2
1.347149738E1,5.456637144E-1,7.572362423E-1,-1.270583123E-1
1.348151038E1,3.974949718E-1,3.225404322E-1,-3.054251373E-1
1.349152338E1,2.141536921E-1,-1.736058444E-1,-5.738638639E-1
1.350153738E1,1.874180045E-3,-5.432336926E-1,-9.615479112E-1
1.351155038E1,-1.971565038E-1,-6.817167401E-1,-1.322479129E0
1.352156338E1,-3.737813532E-1,-5.982303619E-1,-1.603860497E0
1.353157638E1,-5.742416978E-1,-4.158721268E-1,-1.798118830E0
1.354158938E1,-8.453357816E-1,-2.228083909E-1,-1.914693713E0
1.355160338E1,-1.117713094E0,-1.091432124E-1,-1.936745882E0
1.356161638E1,-1.289728522E0,-1.253608018E-1,-1.878000021E0
1.357162938E1,-1.288407803E0,-2.362021357E-1,-1.815465689E0
1.358164238E1,-1.188061476E0,-3.840589821E-1,-1.760996819E0
1.359165538E1,-1.112667441E0,-5.145815015E-1,-1.711452127E0
1.360166938E1,-1.118859291E0,-6.147358418E-1,-1.665029049E0
1.361168237E1,-1.189546704E0,-6.355643868E-1,-1.633773088E0
1.362169537E1,-1.255467892E0,-5.802055001E-1,-1.564749837E0
1.363170838E1,-1.343072772E0,-5.811182261E-1,-1.474513054E0
1.364172138E1,-1.455625176E0,-7.151303887E-1,-1.385981679E0
1.365173538E1,-1.525824308E0,-9.629033804E-1,-1.320340276E0
1.366174838E1,-1.561666965E0,-1.187114120E0,-1.307249546E0
1.367176138E1,-1.509937286E0,-1.299397111E0,-1.309315681E0
1.368177438E1,-1.365952373E0,-1.343288898E0,-1.270603418E0
1.369178737E1,-1.208018422E0,-1.305436611E0,-1.178040385E0
1.370180138E1,-1.072784901E0,-1.236515522E0,-1.048292279E0
1.371181438E1,-9.972696900E-1,-1.109212518E0,-8.909307122E-1
1.372182738E1,-1.004277825E0,-8.436006904E-1,-6.979026198E-1
1.373184038E1,-1.056507468E0,-4.991915524E-1,-5.055201054E-1
1.374185338E1,-1.149352789E0,-1.175904050E-1,-3.431903124E-1
1.375186738E1,-1.197960973E0,1.876125187E-1,-2.023283243E-1
1.376188038E1,-1.192363501E0,2.678974867E-1,-1.242942363E-1
1.377189338E1,-1.056170821E0,3.060869500E-2,7.409492508E-3
1.378190638E1,-8.948223591E-1,-4.335259497E-1,2.024969608E-1
1.379191938E1,-7.733180523E-1,-7.335788608E-1,3.076771498E-1
1.380193337E1,-7.166518569E-1,-7.130293846E-1,3.477228284E-1
1.381194637E1,-7.768158913E-1,-5.982154608E-1,3.810815811E-1
1.382195938E1,-8.462532759E-1,-4.709089100E-1,4.404327869E-1
1.383197238E1,-8.960113525E-1,-3.382393420E-1,5.573354363E-1
1.384198538E1,-8.977856040E-1,-2.780157030E-1,7.236184478E-1
1.385199938E1,-8.048496246E-1,-2.493490577E-1,9.882544279E-1
1.386201238E1,-6.588061452E-1,-3.337150812E-1,1.322628379E0
1.387202538E1,-4.249858856E-1,-5.522800684E-1,1.719208479E0
1.388203837E1,-1.264609993E-1,-7.979121804E-1,2.063026428E0
1.389205137E1,4.750669375E-2,-9.644597769E-1,2.214063406E0
1.390206538E1,9.026614577E-2,-9.110828042E-1,2.158536196E0
1.391207838E1,3.493383527E-2,-6.827336550E-1,1.978373766E0
1.392209138E1,-8.547060937E-2,-3.711821139E-1,1.844549417E0
1.393210438E1,-1.683560163E-1,-2.843562700E-2,1.817292452E0
1.394211738E1,-1.975860745E-1,2.475602627E-1,1.813033819E0
1.395213138E1,-1.394636482E-1,3.099253774E-1,1.922063589E0
1.396214438E1,4.992571846E-2,1.331194490E-1,2.142494678E0
1.397215738E1,3.542927504E-1,-1.228187382E-1,2.342854977E0
1.398217038E1,7.011753321E-1,-2.896878719E-1,2.494083881E0
1.399218338E1,9.960400462E-1,-2.601484954E-1,2.555425167E0
1.400219737E1,1.216627598E0,-7.108721137E-2,2.531797171E0
1.401221037E1,1.264875293E0,1.985353380E-1,2.457338095E0
1.402222338E1,1.061528563E0,5.732753873E-1,2.308731079E0
1.403223638E1,7.273143530E-1,9.821754694E-1,2.092284679E0
1.404224938E1,4.271407127E-1,1.260596991E0,1.921217203E0
1.405226338E1,2.188734561E-1,1.395859003E0,1.780849218E0
1.406227638E1,1.797164679E-1,1.212075830E0,1.786725283E0
1.407228937E1,4.725517333E-1,6.285065413E-1,2.028045654E0
1.408230237E1,9.584990144E-1,6.505887955E-2,2.222101688E0
1.409231537E1,1.361885071E0,-1.591134518E-1,2.256807089E0
1.410232938E1,1.543852806E0,9.293343872E-2,2.199922800E0
1.411234238E1,1.457064986E0,6.772565842E-1,2.051629543E0
1.412235538E1,1.293705821E0,1.218948603E0,1.916891217E0
1.413236838E1,1.302566171E0,1.368475080E0,1.915550232E0
1.414238138E1,1.408604622E0,1.278577924E0,1.838072419E0
1.415239538E1,1.504048705E0,1.239474058E0,1.687041521E0
1.416240838E1,1.517097712E0,1.257385612E0,1.533155560E0
1.417242138E1,1.468958139E0,1.191959023E0,1.446866512E0
1.418243438E1,1.528785825E0,9.972827435E-1,1.497459888E0
1.419244738E1,1.680463672E0,7.992137074E-1,1.522904515E0
1.420246137E1,1.969347358E0,7.514057159E-1,1.519670367E0
1.421247438E1,2.137806654E0,9.993213415E-1,1.485513449E0
1.422248738E1,1.987857819E0,1.404553175E0,1.302382469E0
1.423250038E1,1.769856334E0,1.850769639E0,1.067929506E0
1.424251338E1,1.650297761E0,2.103366852E0,8.631851673E-1
1.425252738E1,1.631100774E0,2.158887863E0,7.044199705E-1
1.426254037E1,1.697580457E0,1.959778905E0,6.812582016E-1
1.427255337E1,1.942651272E0,1.453259110E0,7.604299784E-1
1.428256637E1,2.297171116E0,8.923377395E-1,8.911815882E-1
1.429257938E1,2.513053179E0,6.504350901E-1,9.392314553E-1
1.430259338E1,2.445409536E0,9.035506845E-1,7.922343016E-1
1.431260638E1,2.082892895E0,1.436964512E0,6.164893508E-1
1.432261938E1,1.519337893E0,1.985844374E0,4.851813912E-1
1.433263238E1,1.023509383E0,2.222756863E0,3.401667178E-1
1.434264537E1,8.255460262E-1,2.002387047E0,2.356016934E-1
1.435265938E1,8.583812714E-1,1.321135759E0,1.955410540E-1
1.436267238E1,9.756023884E-1,3.564240336E-1,2.129035294E-1
1.437268600E1,1.070395112E0,-4.695518017E-1,2.467677295E-1
1.438269900E1,9.409394264E-1,-7.467690110E-1,1.885542274E-1
1.439271200E1,6.219910979E-1,-4.340825975E-1,7.410089672E-2
1.440272600E1,1.764668375E-1,1.540576220E-1,-4.046456516E-2
1.441273900E1,-2.408745438E-1,5.204687715E-1,-1.622536331E-1
1.442275200E1,-4.869690239E-1,5.667095184E-1,-3.134658039E-1
1.443276500E1,-6.042426825E-1,2.375074625E-1,-5.291694999E-1
1.444277800E1,-6.892827749E-1,-3.417335153E-1,-7.454722524E-1
1.445279200E1,-7.386347055E-1,-8.835307360E-1,-8.708949089E-1
1.446280500E1,-6.530804038E-1,-1.203973770E0,-8.417301178E-1
1.447281800E1,-4.534579813E-1,-1.171049118E0,-6.641407013E-1
1.448283100E1,-3.376445770E-1,-1.053577662E0,-3.841817379E-1
1.449284400E1,-3.291919827E-1,-1.052727818E0,-1.367471963E-1
1.450285800E1,-3.208996952E-1,-1.136489034E0,-3.707124852E-4
1.451287100E1,-3.151470125E-1,-1.196634769E0,2.693300601E-3
1.452288400E1,-3.253421187E-1,-1.246187925E0,-1.048741713E-1
1.453289700E1,-3.049607575E-1,-1.243410349E0,-2.094839215E-1
1.454291000E1,-2.886856496E-1,-1.278867960E0,-3.140441477E-1
1.455292400E1,-2.744144797E-1,-1.342097402E0,-4.341085255E-1
1.456293700E1,-2.437889576E-1,-1.332932115E0,-5.889015198E-1
1.457295000E1,-2.289582640E-1,-1.138852477E0,-7.313010693E-1
1.458296300E1,-1.837580353E-1,-8.575739264E-1,-8.198988438E-1
1.459297600E1,-6.662158668E-2,-5.929971933E-1,-8.630239367E-1
1.460299000E1,1.768339425E-1,-2.828862369E-1,-8.727993369E-1
1.461300300E1,6.456969380E-1,2.636200488E-1,-8.572757840E-1
1.462301600E1,8.933892846E-1,8.338459730E-1,-7.451998591E-1
1.463302900E1,7.130870223E-1,1.202015758E0,-5.558016896E-1
1.464304200E1,2.914372683E-1,1.336363673E0,-3.064115345E-1
1.465305600E1,-2.356822193E-1,1.286832929E0,-1.014650762E-1
1.466306900E1,-6.960950494E-1,1.142380714E0,-5.815782584E-3
1.467308200E1,-1.012135863E0,9.171398282E-1,-1.885836944E-2
1.468309500E1,-1.141373992E0,5.951812267E-1,-8.998180926E-2
1.469310800E1,-1.085183740E0,9.797859192E-2,-1.379578412E-1
1.470312200E1,-8.247068524E-1,-5.099598169E-1,-1.416894644E-1
1.471313500E1,-3.250127733E-1,-1.074440479E0,-1.037317067E-1
1.472314800E1,3.304428160E-1,-1.575437307E0,-1.267689653E-2
1.473316100E1,9.019746780E-1,-1.966039896E0,7.747302949E-2
1.474317400E1,1.323570132E0,-2.122270823E0,1.674465984E-1
1.475318800E1,1.566867828E0,-2.039159536E0,3.175795972E-1
1.476320100E1,1.628013492E0,-1.888783574E0,4.540860653E-1
1.477321400E1,1.618496060E0,-1.794806480E0,6.665005684E-1
1.478322700E1,1.552986264E0,-1.710970998E0,1.047130227E0
1.479324000E1,1.351460695E0,-1.567233682E0,1.389910817E0
1.480325400E1,9.993049502E-1,-1.173518181E0,1.607775450E0
1.481326700E1,5.704449415E-1,-6.433156729E-1,1.758082032E0
1.482328000E1,1.842982769E-1,-4.784643278E-2,1.860801220E0
1.483329300E1,-1.194593906E-1,3.734777272E-1,1.931458712E0
1.484330600E1,-2.950224280E-1,4.316475689E-1,2.065326929E0
1.485332000E1,-3.428967297E-1,3.745175526E-2,2.220443726E0
1.486333300E1,-1.928622276E-1,-7.795370817E-1,2.376175165E0
1.487334600E1,5.594480783E-2,-1.648360252E0,2.454033136E0
1.488335900E1,2.116473168E-1,-2.246612787E0,2.424385548E0
1.489337200E1,2.269004583E-1,-2.545402288E0,2.330205441E0
1.490338600E1,2.596501410E-1,-2.542543650E0,2.342653275E0
1.491339900E1,3.412961066E-1,-2.313460112E0,2.425069809E0
1.492341200E1,3.879027367E-1,-1.871960163E0,2.506794930E0
1.493342500E1,3.054279983E-1,-1.088899136E0,2.430842876E0
1.494343800E1,1.115059108E-1,-2.211172730E-1,2.178533554E0
1.495345200E1,2.191390470E-2,3.376919627E-1,1.902882457E0
1.496346500E1,9.279979765E-2,3.602153957E-1,1.641542435E0
1.497347800E1,2.636154890E-1,7.052815054E-3,1.410235763E0
1.498349100E1,4.666655362E-1,-5.291312337E-1,1.125834346E0
1.499350400E1,7.046284676E-1,-1.050930977E0,7.495614290E-1
1.500351800E1,9.225823879E-1,-1.264865875E0,3.116740584E-1
1.501353100E1,1.017365575E0,-1.143150806E0,-6.889168918E-2
1.502354400E1,9.139241576E-1,-7.906486988E-1,-3.265165687E-1
1.503355700E1,6.792126298E-1,-4.268775284E-1,-5.618348122E-1
1.504357000E1,4.887484312E-1,-1.110111773E-1,-8.527849317E-1
1.505358400E1,4.410156608E-1,5.047024414E-2,-1.211113930E0
1.506359700E1,5.191462040E-1,-6.880501658E-2,-1.568246484E0
1.507361000E1,6.400695443E-1,-3.698036671E-1,-1.818959475E0
1.508362300E1,7.157941461E-1,-7.690130472E-1,-1.971595645E0
1.509363600E1,7.868003845E-1,-1.163827658E0,-2.032248735E0
1.510365000E1,8.744548559E-1,-1.427352309E0,-2.050381184E0
1.511366300E1,8.524271846E-1,-1.458371520E0,-2.032167196E0
1.512367600E1,7.739437819E-1,-1.218747735E0,-1.978813052E0
1.513368900E1,5.807459354E-1,-6.036532521E-1,-1.982352972E0
1.514370200E1,8.422060311E-2,1.249806490E-2,-2.108110428E0
1.515371600E1,-3.629678786E-1,3.208732605E-1,-2.301387548E0
1.516372900E1,-5.460985899E-1,2.171530128E-1,-2.465276480E0
1.517374200E1,-5.238709450E-1,-1.344195157E-1,-2.493667364E0
1.518375500E1,-3.759003282E-1,-5.270874500E-1,-2.385705233E0
1.519376800E1,-2.161709070E-1,-7.000721693E-1,-2.168060064E0
1.520378200E1,-2.080884874E-1,-5.835838914E-1,-1.931840420E0
1.521379500E1,-3.165725768E-1,-2.467639446E-1,-1.710205078E0
1.522380800E1,-4.601143003E-1,1.093600765E-1,-1.495653987E0
1.523382100E1,-5.542621613E-1,3.681450486E-1,-1.310312748E0
1.524383400E1,-6.345794201E-1,5.335374475E-1,-1.129822612E0
1.525384800E1,-7.430355549E-1,4.946607649E-1,-9.840766191E-1
1.526386100E1,-7.990378141E-1,1.959491670E-1,-8.923312426E-1
1.527387400E1,-7.898384929E-1,-2.600353956E-1,-8.730898499E-1
1.528388700E1,-8.266484737E-1,-6.914627552E-1,-9.095783234E-1
1.529390000E1,-8.705693483E-1,-9.676496983E-1,-9.155542254E-1
1.530391400E1,-8.812406659E-1,-1.106466651E0,-8.130337000E-1
1.531392700E1,-8.759922981E-1,-1.118239284E0,-6.402667761E-1
1.532394000E1,-8.167260289E-1,-1.037638187E0,-4.179093838E-1
1.533395300E1,-7.376845479E-1,-8.822101951E-1,-1.677192003E-1
1.534396600E1,-6.888554692E-1,-6.439464688E-1,1.015988365E-1
1.535398000E1,-7.278738022E-1,-3.666675091E-1,3.593475521E-1
1.536399300E1,-7.317172885E-1,-6.122823432E-2,5.655369759E-1
1.537400583E1,-6.772623658E-1,2.329058051E-1,7.015897632E-1
1.538401883E1,-6.408314109E-1,5.847653151E-1,8.019645810E-1
1.539403183E1,-6.530281901E-1,8.550457358E-1,8.741769791E-1
1.540404483E1,-6.551153064E-1,7.752760649E-1,9.188597798E-1
1.541405883E1,-6.209055185E-1,1.867260337E-1,9.439238906E-1
1.542407183E1,-4.738212228E-1,-7.563490868E-1,9.209951758E-1
1.543408483E1,-2.445825338E-1,-1.573294520E0,8.453235626E-1
1.544409783E1,-8.805698715E-3,-1.791506290E0,7.271886468E-1
1.545411183E1,1.362512410E-1,-1.367652178E0,6.530627608E-1
1.546412483E1,1.805766374E-1,-6.007184386E-1,6.065509319E-1
1.547413783E1,1.986713558E-1,2.466158718E-1,5.611100197E-1
1.548415083E1,2.121932954E-1,8.340133429E-1,5.371005535E-1
1.549416383E1,3.020655215E-1,1.041502476E0,6.056692004E-1
1.550417783E1,5.248237848E-1,9.942167401E-1,6.876386404E-1
1.551419083E1,8.086955547E-1,9.607334137E-1,6.961223483E-1
1.552420383E1,1.046441555E0,9.961734414E-1,6.257153153E-1
1.553421683E1,1.288145900E0,1.061181068E0,5.616923571E-1
1.554422983E1,1.464972019E0,1.124919057E0,5.654410720E-1
1.555424383E1,1.535544991E0,1.235426545E0,6.477428675E-1
1.556425683E1,1.413180709E0,1.300995350E0,7.491802573E-1
1.557426983E1,1.146209598E0,1.176438212E0,7.447138429E-1
1.558428283E1,8.561018705E-1,9.492942691E-1,6.423499584E-1
1.559429583E1,5.938579440E-1,3.876323998E-1,4.875108600E-1
1.560430983E1,4.014759660E-1,-3.284513950E-1,3.458139002E-1
1.561432283E1,2.588513494E-1,-7.842927575E-1,2.829951942E-1
1.562433583E1,9.777990729E-2,-8.615247011E-1,2.365470082E-1
1.563434883E1,-8.289945126E-2,-5.625150800E-1,1.453217417E-1
1.564436183E1,-2.284369320E-1,-6.465652585E-2,2.059129067E-3
1.565437483E1,-3.326554298E-1,3.465256095E-1,-1.584002823E-1
1.566438883E1,-4.385906458E-1,5.298078060E-1,-2.640904784E-1
1.567440183E1,-5.827473998E-1,4.233759642E-1,-3.689221144E-1
1.568441483E1,-7.382219434E-1,4.995711148E-2,-5.509792566E-1
1.569442783E1,-8.742582798E-1,-4.183897972E-1,-8.096110821E-1
1.570444083E1,-9.451481700E-1,-7.742238045E-1,-1.009878755E0
1.571445483E1,-9.957897663E-1,-9.052461386E-1,-1.105302930E0
1.572446783E1,-1.063629389E0,-7.587563396E-1,-1.099235535E0
1.573448083E1,-1.131983995E0,-4.278104007E-1,-1.024336576E0
1.574449383E1,-1.199359536E0,-1.496715471E-2,-9.197878242E-1
1.575450683E1,-1.290581346E0,3.211091757E-1,-8.160945773E-1
1.576452083E1,-1.344217658E0,4.992693365E-1,-6.844638586E-1
1.577453383E1,-1.286142945E0,4.661363065E-1,-5.331555605E-1
1.578454683E1,-1.086361170E0,2.199579626E-1,-3.808331490E-1
1.579455983E1,-8.174981475E-1,-8.913501352E-2,-2.205096483E-1
1.580457283E1,-6.798886061E-1,-2.489997745E-1,-4.865879565E-2
1.581458683E1,-7.272157073E-1,-1.774693727E-1,1.337596923E-1
1.582459983E1,-7.670954466E-1,6.085583568E-2,2.889881432E-1
1.583461283E1,-7.631287575E-1,3.316328526E-1,4.663821161E-1
1.584462583E1,-8.179528713E-1,5.407429338E-1,6.656650901E-1
1.585463883E1,-8.733076453E-1,6.470599174E-1,8.588851690E-1
1.586465283E1,-8.710719347E-1,5.898571014E-1,1.007512212E0
1.587466583E1,-8.144350648E-1,4.243574739E-1,1.095507622E0
1.588467883E1,-7.215416431E-1,3.580405116E-1,1.112004519E0
1.589469183E1,-6.652184725E-1,4.551629126E-1,1.065487146E0
1.590470483E1,-6.503082514E-1,6.393642426E-1,1.095901489E0
1.591471883E1,-5.860670805E-1,8.333562016E-1,1.163066626E0
1.592473183E1,-4.077841640E-1,9.070013762E-1,1.195066094E0
1.593474483E1,-1.473668069E-1,8.042971492E-1,1.186713934E0
1.594475783E1,2.000598609E-1,5.604410768E-1,1.098716497E0
1.595477183E1,6.253195405E-1,2.242477983E-2,9.865168929E-1
1.596478483E1,1.046830535E0,-5.682086945E-1,8.670661449E-1
1.597479783E1,1.405641794E0,-8.599776626E-1,7.427540421E-1
1.598481083E1,1.610879898E0,-6.923577785E-1,6.351271868E-1
1.599482383E1,1.638003469E0,-1.115353256E-1,5.881101489E-1
1.600483683E1,1.605500817E0,3.897248507E-1,5.523673296E-1
1.601485083E1,1.753444910E0,6.468148232E-1,4.303018451E-1
1.602486383E1,2.060903549E0,7.929246426E-1,2.203818858E-1
1.603487683E1,2.301605701E0,9.323459864E-1,-4.265663773E-2
1.604488983E1,2.539014339E0,1.133732200E0,-1.110013351E-1
1.605490283E1,2.488319397E0,1.193386436E0,1.153157428E-1
1.606491683E1,2.105223656E0,1.109731197E0,2.931563258E-1
1.607492983E1,1.594287872E0,9.828950763E-1,3.061487973E-1
1.608494283E1,1.021570802E0,8.874458075E-1,1.063541919E-1
1.609495583E1,4.217366278E-1,7.694706321E-1,-1.533325315E-1
1.610496883E1,-1.576074213E-1,6.469290257E-1,-3.830560148E-1
1.611498283E1,-5.635752082E-1,5.518863797E-1,-5.241414905E-1
1.612499583E1,-7.854831219E-1,4.348244667E-1,-5.982841849E-1
1.613500883E1,-8.574790359E-1,1.498383582E-1,-6.330632567E-1
1.614502183E1,-7.630084157E-1,-2.526702285E-1,-6.093661785E-1
1.615503483E1,-6.121245027E-1,-6.761492491E-1,-5.504665971E-1
1.616504883E1,-4.718299508E-1,-9.750205874E-1,-4.385424554E-1
1.617506183E1,-3.895007074E-1,-1.101338744E0,-2.881721556E-1
1.618507483E1,-3.666177392E-1,-8.856822848E-1,-1.388947815E-1
1.619508783E1,-4.106407166E-1,-4.679863751E-1,2.362831496E-3
1.620510083E1,-4.766935110E-1,-8.730908483E-2,6.402938813E-2
1.621511483E1,-5.167036057E-1,1.424005330E-1,4.647455364E-2
1.622512783E1,-5.656530857E-1,2.484012693E-1,-1.831855625E-2
1.623514083E1,-6.508070827E-1,2.250301689E-1,-8.813492209E-2
1.624515383E1,-7.646983862E-1,2.067382336E-1,-1.757315695E-1
1.625516683E1,-8.596876860E-1,4.288458228E-1,-3.028051853E-1
1.626518083E1,-9.005421996E-1,1.096908808E0,-5.484250784E-1
1.627519383E1,-9.110518098E-1,1.974292397E0,-8.915301561E-1
1.628520683E1,-8.775654435E-1,2.748153687E0,-1.263799787E0
1.629521983E1,-6.650983691E-1,3.208344460E0,-1.648215413E0
1.630523283E1,-2.930047512E-1,3.192032099E0,-1.788114190E0
1.631524683E1,1.895352900E-1,2.494438887E0,-1.715098262E0
1.632525983E1,7.259185910E-1,1.492949486E0,-1.512364388E0
1.633527283E1,1.257835627E0,9.062291980E-1,-1.235299349E0
1.634528583E1,1.715287805E0,8.940398693E-1,-1.017354965E0
1.635529883E1,2.128048420E0,1.329363942E0,-8.339028358E-1
1.636531283E1,2.534480095E0,1.906644344E0,-5.801458955E-1
1.637532650E1,2.750081539E0,2.378540039E0,-2.658742666E-1
1.638533950E1,2.695267916E0,2.853729010E0,9.251688421E-2
1.639535250E1,2.439450264E0,3.272567749E0,4.676249623E-1
1.640536550E1,2.230921507E0,3.411182642E0,7.659736276E-1
1.641537950E1,2.354530811E0,3.279376745E0,1.053112268E0
1.642539250E1,2.587933064E0,3.091091394E0,1.326350689E0
1.643540550E1,2.694392443E0,2.878308058E0,1.492331982E0
1.644541850E1,2.756610632E0,2.693109274E0,1.656702995E0
1.645543150E1,2.600517035E0,2.385269880E0,1.813105941E0
1.646544550E1,2.093371391E0,1.890143871E0,1.801616788E0
1.647545850E1,1.594644427E0,1.417511106E0,1.621903181E0
1.648547150E1,1.255122542E0,1.142535925E0,1.372155309E0
1.649548450E1,1.012886286E0,1.046793699E0,1.117273808E0
1.650549750E1,9.277736545E-1,1.002301574E0,9.662361145E-1
1.651551150E1,1.032560229E0,8.704731464E-1,9.612466097E-1
1.652552450E1,1.023664474E0,6.506590247E-1,1.101356030E0
1.653553750E1,7.942124009E-1,5.866842866E-1,1.302044511E0
1.654555050E1,3.537074327E-1,8.609326482E-1,1.412192106E0
1.655556350E1,-1.861399114E-1,1.260976553E0,1.324263573E0
1.656557750E1,-5.761811733E-1,1.108096480E0,1.035717249E0
1.657559050E1,-6.897231936E-1,2.613995969E-1,5.644791126E-1
1.658560350E1,-5.729398727E-1,-8.185068965E-1,9.157069027E-2
1.659561650E1,-3.490861952E-1,-1.372490406E0,-2.008153647E-1
1.660562950E1,-1.070418730E-1,-1.123443604E0,-2.982500196E-1
1.661564350E1,1.153685674E-1,-2.660239637E-1,-2.368798852E-1
1.662565650E1,2.810486257E-1,5.877130628E-1,-1.330504268E-1
1.663566950E1,4.623908997E-1,1.042210221E0,-2.050579712E-2
1.664568250E1,6.833667159E-1,1.073090672E0,4.400022328E-2
1.665569550E1,8.582109213E-1,5.332064033E-1,-9.687749296E-2
1.666570950E1,1.060525179E0,-4.185360372E-1,-5.029040575E-1
1.667572250E1,1.227735400E0,-1.171697617E0,-1.045748949E0
1.668573550E1,1.237890601E0,-1.454703450E0,-1.533581734E0
1.669574850E1,1.190091372E0,-1.481907248E0,-1.852062225E0
1.670576150E1,1.249059916E0,-1.364810228E0,-1.951786757E0
1.671577550E1,1.338021874E0,-1.178813338E0,-1.905996323E0
1.672578850E1,1.319135308E0,-9.820579290E-1,-1.861604691E0
1.673580150E1,1.228711843E0,-7.680620551E-1,-1.816055298E0
1.674581450E1,1.117104530E0,-5.954282284E-1,-1.750694394E0
1.675582750E1,1.036442518E0,-6.246463656E-1,-1.731178761E0
1.676584150E1,1.047419190E0,-8.134956360E-1,-1.776907086E0
1.677585450E1,1.096398592E0,-1.008560300E0,-1.902152061E0
1.678586750E1,1.131990671E0,-1.205383062E0,-2.060693264E0
1.679588050E1,1.168977141E0,-1.403312802E0,-2.138668060E0
1.680589350E1,1.169813871E0,-1.450935960E0,-2.071919918E0
1.681590750E1,1.118210316E0,-1.305943847E0,-1.877985001E0
1.682592050E1,1.058251143E0,-1.046058774E0,-1.637999535E0
1.683593350E1,9.940646291E-1,-7.725416422E-1,-1.426445961E0
1.684594650E1,8.879131675E-1,-6.881058812E-1,-1.359287739E0
1.685595950E1,8.371451497E-1,-8.292440772E-1,-1.437053442E0
1.686597350E1,8.230977654E-1,-1.173283458E0,-1.618503571E0
1.687598650E1,7.777333856E-1,-1.575900316E0,-1.825746059E0
1.688599950E1,7.249519229E-1,-1.924505711E0,-1.975664496E0
1.689601250E1,6.435132027E-1,-2.075429201E0,-2.016936541E0
1.690602550E1,5.994501114E-1,-2.049361229E0,-1.932198882E0
1.691603950E1,5.686721802E-1,-1.893641829E0,-1.731279969E0
1.692605250E1,4.286684692E-1,-1.625309229E0,-1.511022687E0
1.693606550E1,2.209482044E-1,-1.383413076E0,-1.348614454E0
1.694607850E1,9.098275751E-2,-1.228726029E0,-1.240725756E0
1.695609150E1,-8.005456999E-3,-1.211482525E0,-1.130280972E0
1.696610550E1,-1.382457614E-1,-1.135485530E0,-9.990630746E-1
1.697611850E1,-2.282851636E-1,-1.005802274E0,-7.920432687E-1
1.698613150E1,-3.145540059E-1,-8.234782815E-1,-5.715875626E-1
1.699614450E1,-3.657373190E-1,-5.638390183E-1,-3.564947546E-1
1.700615750E1,-3.575190604E-1,-3.175315261E-1,-1.294600070E-1
1.701617150E1,-3.776678741E-1,-2.183213681E-1,1.085597873E-1
1.702618450E1,-4.143723547E-1,-1.779294610E-1,3.039495051E-1
1.703619750E1,-4.147363603E-1,-1.348003000E-1,4.500425756E-1
1.704621050E1,-3.104176819E-1,-1.358533204E-1,5.639308095E-1
1.705622350E1,-2.080183923E-1,-1.940181404E-1,7.213795781E-1
1.706623750E1,-1.165015250E-1,-1.997362077E-1,9.118281007E-1
1.707625050E1,-6.871917844E-2,-1.855597347E-1,1.113252521E0
1.708626350E1,4.219775647E-2,-8.501368016E-2,1.346780896E0
1.709627650E1,1.378429830E-1,4.737570882E-2,1.584287047E0
1.710628950E1,2.161798626E-1,1.010418683E-1,1.785732865E0
1.711630250E1,4.106367528E-1,6.165719777E-2,1.974500299E0
1.712631650E1,6.300280094E-1,-1.186401397E-1,2.102188826E0
1.713632950E1,7.922393680E-1,-2.960288227E-1,2.151404858E0
1.714634250E1,8.879898787E-1,-3.235355318E-1,2.067035675E0
1.715635550E1,8.819872737E-1,-2.349632382E-1,1.837154627E0
1.716636950E1,7.720175982E-1,-9.021856636E-2,1.513443351E0
1.717638250E1,6.291242838E-1,1.661067605E-1,1.165868282E0
1.718639550E1,5.191575289E-1,4.477493465E-1,8.940796256E-1
1.719640850E1,4.397673607E-1,6.779364347E-1,6.755867004E-1
1.720642150E1,3.185666203E-1,7.831294537E-1,4.661754072E-1
1.721643550E1,1.592437178E-1,7.228901982E-1,2.345451713E-1
1.722644850E1,6.417100877E-2,5.337040424E-1,-2.215772122E-2
1.723646150E1,2.895168774E-2,3.675363362E-1,-2.995754778E-1
1.724647450E1,-6.884065270E-2,1.790135652E-1,-6.173947453E-1
1.725648750E1,-1.658907235E-1,2.402202925E-3,-9.260300994E-1
1.726650050E1,-2.062301636E-1,-4.401456565E-2,-1.166566491E0
1.727651450E1,-2.035101205E-1,-5.743322894E-3,-1.286768317E0
1.728652750E1,-2.525128424E-1,1.122767925E-1,-1.326429486E0
1.729654050E1,-3.456555605E-1,2.482399642E-1,-1.342849731E0
1.730655350E1,-4.396526217E-1,3.716188669E-1,-1.362664461E0
1.731656650E1,-5.348170996E-1,3.859327734E-1,-1.430686355E0
1.732658050E1,-5.681063533E-1,2.427114248E-1,-1.498523712E0
1.733659350E1,-5.700283647E-1,-5.926904734E-3,-1.539930582E0
1.734660650E1,-5.885426402E-1,-2.202280164E-1,-1.528675556E0
1.735661950E1,-6.194154620E-1,-2.572769821E-1,-1.450319886E0
1.736663250E1,-6.843646169E-1,-1.197361574E-1,-1.351395965E0
1.737664633E1,-7.934253216E-1,6.027187407E-2,-1.253436685E0
1.738665933E1,-8.893747330E-1,1.736093611E-1,-1.143452883E0
1.739667233E1,-9.216149449E-1,1.649388671E-1,-1.015111923E0
1.740668533E1,-9.339730740E-1,4.373015836E-2,-8.595700860E-1
1.741669833E1,-9.791053534E-1,-1.628878117E-1,-7.231653333E-1
1.742671233E1,-1.020838737E0,-3.431148529E-1,-6.216027737E-1
1.743672533E1,-1.055633426E0,-4.535798132E-1,-5.563992262E-1
1.744673833E1,-1.073781252E0,-5.279377103E-1,-4.714678824E-1
1.745675133E1,-1.083739758E0,-5.310953856E-1,-3.476671278E-1
1.746676433E1,-1.119072199E0,-4.442523420E-1,-2.175479978E-1
1.747677833E1,-1.159569860E0,-1.427138448E-1,-6.499868631E-2
1.748679133E1,-1.182474136E0,2.250191718E-1,1.169298366E-1
1.749680433E1,-1.088321328E0,4.388099015E-1,3.115597665E-1
1.750681733E1,-8.951520324E-1,3.919108510E-1,5.126569271E-1
1.751683033E1,-7.065295577E-1,2.271583974E-1,6.792866588E-1
1.752684433E1,-5.858929157E-1,9.585842490E-2,7.886424065E-1
1.753685733E1,-5.045413375E-1,6.448732316E-2,8.596151471E-1
1.754687033E1,-4.703378677E-1,1.197732165E-1,9.052782655E-1
1.755688333E1,-4.806262255E-1,2.817869782E-1,9.703049064E-1
1.756689633E1,-4.762708843E-1,4.841613770E-1,1.082669735E0
1.757691033E1,-3.525341451E-1,5.595939159E-1,1.234256983E0
1.758692333E1,-2.289863825E-1,4.908124506E-1,1.392856002E0
1.759693633E1,-1.608556807E-1,4.664913416E-1,1.525336981E0
1.760694933E1,-1.327641159E-1,4.813818932E-1,1.600838423E0
1.761696233E1,-9.956234694E-2,5.004671812E-1,1.656405926E0
1.762697633E1,-7.971442305E-3,5.097320676E-1,1.735643148E0
1.763698933E1,1.417719424E-1,5.474135876E-1,1.780475020E0
1.764700233E1,2.729568779E-1,7.089252472E-1,1.739968061E0
1.765701533E1,3.601911068E-1,9.566065669E-1,1.665337443E0
1.766702833E1,3.749599159E-1,1.211157560E0,1.601877809E0
1.767704233E1,3.590495288E-1,1.436450601E0,1.559270382E0
1.768705533E1,3.381240070E-1,1.718912840E0,1.502215028E0
1.769706833E1,3.149593174E-1,2.008598566E0,1.418198705E0
1.770708133E1,3.890982568E-1,1.924494505E0,1.444224477E0
1.771709433E1,5.834045410E-1,1.350222230E0,1.576698899E0
1.772710833E1,1.013368726E0,8.106453419E-1,1.621209621E0
1.773712133E1,1.310518980E0,7.007985711E-1,1.411068797E0
1.774713433E1,1.342678070E0,1.048280358E0,1.045747757E0
1.775714733E1,1.137410164E0,1.595403910E0,6.477788091E-1
1.776716033E1,8.954390287E-1,2.014392614E0,2.761114836E-1
1.777717433E1,8.230301142E-1,2.233025789E0,-2.245227620E-2
1.778718733E1,9.372898340E-1,2.195780516E0,-2.085166872E-1
1.779720033E1,1.008270025E0,1.806156158E0,-1.943202317E-1
1.780721333E1,9.596359730E-1,1.254495740E0,-1.720966846E-1
1.781722633E1,9.751535654E-1,9.873788953E-1,-2.377052158E-1
1.782724033E1,9.998484850E-1,9.701743126E-1,-3.690741658E-1
1.783725333E1,8.996561766E-1,1.131873846E0,-5.568944216E-1
1.784726633E1,5.928267241E-1,1.544113517E0,-7.706788778E-1
1.785727933E1,1.592654139E-1,2.009385109E0,-9.079347849E-1
1.786729233E1,-2.356353104E-1,2.296351194E0,-9.804168940E-1
1.787730633E1,-4.602610171E-1,2.136011600E0,-1.052757740E0
1.788731933E1,-4.653567374E-1,1.524468064E0,-1.193832517E0
1.789733233E1,-3.539866209E-1,7.240831256E-1,-1.357819915E0
1.790734533E1,-2.864054441E-1,5.250314251E-2,-1.505140424E0
1.791735833E1,-2.478616834E-1,-3.673880994E-1,-1.619345784E0
1.792737233E1,-2.293172926E-1,-4.543871880E-1,-1.551875353E0
1.793738533E1,-3.037402928E-1,-2.914215326E-1,-1.265305638E0
1.794739833E1,-3.669645190E-1,-3.314176947E-2,-9.004738927E-1
1.795741133E1,-3.691144586E-1,1.731650233E-1,-6.382222176E-1
1.796742433E1,-2.397135943E-1,2.909582257E-1,-5.318049788E-1
1.797743833E1,-3.103655390E-2,2.459792197E-1,-5.024014115E-1
1.798745133E1,1.476969719E-1,7.577046007E-2,-4.967222214E-1
1.799746433E1,2.599487901E-1,-9.894037992E-2,-5.112054944E-1
1.800747733E1,3.199231923E-1,-1.690286547E-1,-5.249021053E-1
1.801749033E1,3.696759343E-1,-1.238339841E-1,-5.509760380E-1
1.802750433E1,4.587717056E-1,-2.529303357E-2,-6.325390935E-1
1.803751733E1,5.969398022E-1,4.456534609E-2,-7.709187865E-1
1.804753033E1,6.885451078E-1,3.623505356E-3,-8.648849726E-1
1.805754333E1,6.888643503E-1,2.713879570E-2,-9.358467460E-1
1.806755633E1,6.461946368E-1,2.574316561E-1,-1.021444321E0
1.807757033E1,5.948135257E-1,6.509298682E-1,-1.154001713E0
1.808758333E1,5.227641463E-1,1.071305752E0,-1.326351881E0
1.809759633E1,4.486104548E-1,1.426356077E0,-1.502562761E0
1.810760933E1,4.474487603E-1,1.669737220E0,-1.658504367E0
1.811762233E1,5.690195560E-1,1.823701382E0,-1.805248857E0
1.812763533E1,7.715918422E-1,1.919468045E0,-1.995495677E0
1.813764933E1,1.012367368E0,1.955958724E0,-2.246306658E0
1.814766233E1,1.219627023E0,1.979906201E0,-2.531705856E0
1.815767533E1,1.309505701E0,2.024531841E0,-2.780895710E0
1.816768833E1,1.253875136E0,2.178684473E0,-2.973781109E0
1.817770133E1,1.020219207E0,2.497140169E0,-3.057842493E0
1.818771533E1,6.726856828E-1,2.837014675E0,-2.976783752E0
1.819772833E1,3.306798339E-1,3.217087030E0,-2.955225229E0
1.820774133E1,6.421486288E-2,3.568584919E0,-3.003727198E0
1.821775433E1,-7.428898662E-2,3.773430586E0,-3.108498573E0
1.822776733E1,-1.203920320E-1,3.897853374E0,-3.304882288E0
1.823778133E1,-7.678871602E-2,4.078461170E0,-3.360809326E0
1.824779433E1,8.795389533E-2,4.189053059E0,-3.244601965E0
1.825780733E1,1.759754866E-1,4.094025612E0,-3.017752647E0
1.826782033E1,1.758298129E-1,3.839857578E0,-2.735041380E0
1.827783333E1,1.860617548E-1,3.496596575E0,-2.507438660E0
1.828784733E1,1.987293363E-1,3.166888237E0,-2.381067753E0
1.829786033E1,1.456524432E-1,2.888916254E0,-2.291276693E0
1.830787333E1,-1.168419421E-2,2.743244171E0,-2.200201035E0
1.831788633E1,-1.710020602E-1,2.638443470E0,-2.107170343E0
1.832789933E1,-2.671592236E-1,2.578358412E0,-2.075854540E0
1.833791333E1,-3.032453358E-1,2.463376522E0,-2.051833868E0
1.834792633E1,-2.860860527E-1,2.359954357E0,-1.926431656E0
1.835793933E1,-2.153858393E-1,2.387354851E0,-1.716309071E0
1.836795233E1,-9.886136651E-2,2.423173666E0,-1.455562711E0
1.837796558E1,4.272288829E-2,2.381214142E0,-1.187174678E0
1.838797958E1,2.003854811E-1,2.081091642E0,-1.001266003E0
1.839799258E1,2.487821579E-1,1.691108704E0,-9.361245036E-1
1.840800558E1,2.809491754E-1,1.217970729E0,-9.161515832E-1
1.841801858E1,3.357104063E-1,8.441640139E-1,-8.694193363E-1
1.842803158E1,3.703469336E-1,6.741307378E-1,-8.286790848E-1
1.843804558E1,4.534519911E-1,6.465552449E-1,-7.909673452E-1
1.844805858E1,5.210379362E-1,6.659270525E-1,-7.319450378E-1
1.845807158E1,4.599859118E-1,6.774582267E-1,-6.556167006E-1
1.846808458E1,2.894479930E-1,7.361513972E-1,-5.621924996E-1
1.847809758E1,7.192940265E-2,8.060964346E-1,-3.920218349E-1
1.848811158E1,-1.286074370E-1,8.499493599E-1,-1.345413029E-1
1.849812458E1,-2.191161811E-1,7.564683557E-1,1.065397486E-1
1.850813758E1,-1.570405513E-1,5.475204587E-1,2.498199344E-1
1.851815058E1,2.562570758E-2,3.857440054E-1,2.285261750E-1
1.852816358E1,2.972193956E-1,2.301730663E-1,7.043375075E-2
1.853817758E1,5.314379334E-1,1.197837368E-1,-6.653880328E-2
1.854819058E1,5.983951092E-1,5.619516969E-2,-1.173468605E-1
1.855820358E1,5.381357074E-1,-8.477568626E-2,-7.453920692E-2
1.856821658E1,4.927708805E-1,-2.658735812E-1,6.924672425E-2
1.857822958E1,4.287060201E-1,-4.554853737E-1,2.526519895E-1
1.858824358E1,3.152700067E-1,-6.162279248E-1,4.359791875E-1
1.859825658E1,1.873088777E-1,-6.352967620E-1,5.388629436E-1
1.860826958E1,1.161159202E-1,-4.447705448E-1,5.573136210E-1
1.861828258E1,6.528964639E-2,-1.493992656E-1,5.043667555E-1
1.862829558E1,1.388078183E-2,1.554916650E-1,4.237563610E-1
1.863830958E1,-3.027609922E-2,2.588681281E-1,3.482871950E-1
1.864832258E1,-4.999627545E-2,1.073438376E-1,2.932891846E-1
1.865833558E1,6.799812429E-3,-2.310609519E-1,2.371784300E-1
1.866834858E1,1.864862293E-1,-6.298158169E-1,2.013472021E-1
1.867836158E1,4.309218824E-1,-8.988804817E-1,1.753699630E-1
1.868837558E1,6.342355609E-1,-1.000090718E0,1.756519824E-1
1.869838858E1,7.043755651E-1,-9.206638336E-1,1.800904572E-1
1.870840158E1,6.482436061E-1,-6.962608099E-1,1.900586635E-1
1.871841458E1,4.916028380E-1,-4.250093997E-1,2.117141485E-1
1.872842758E1,2.599291205E-1,-1.915732175E-1,2.228227258E-1
1.873844158E1,-7.121742703E-3,7.408566773E-3,2.253532261E-1
1.874845458E1,-2.274698317E-1,1.289848089E-1,2.360633910E-1
1.875846758E1,-3.379109800E-1,2.334313691E-1,2.202309072E-1
1.876848058E1,-3.495460451E-1,2.875154018E-1,1.918725073E-1
1.877849358E1,-2.540129423E-1,2.825392783E-1,1.940816194E-1
1.878850758E1,-7.655186951E-2,1.651284844E-1,1.833011508E-1
1.879852058E1,1.340913922E-1,-3.684537858E-2,1.627769619E-1
1.880853358E1,3.363386095E-1,-3.082868755E-1,1.585677713E-1
1.881854658E1,4.587829411E-1,-5.725486875E-1,1.610586345E-1
1.882855958E1,5.254676938E-1,-6.962706447E-1,1.544944793E-1
1.883857258E1,5.527342558E-1,-7.009997368E-1,1.366175115E-1
1.884858658E1,4.833136797E-1,-6.110070348E-1,1.210598722E-1
1.885859958E1,3.445259631E-1,-4.820458889E-1,1.162522882E-1
1.886861258E1,1.854180545E-1,-2.855975628E-1,9.751801193E-2
1.887862558E1,2.070243098E-2,1.256657671E-2,7.615149766E-2
1.888863858E1,-1.278476268E-1,2.753009796E-1,6.491030008E-2
1.889865258E1,-2.282978296E-1,4.282867014E-1,6.502856314E-2
1.890866558E1,-2.530785501E-1,4.779112339E-1,7.286677510E-2
1.891867858E1,-1.975740939E-1,4.165380895E-1,8.591862768E-2
1.892869158E1,-8.358068019E-2,2.478153855E-1,9.679923952E-2
1.893870458E1,4.964558780E-2,2.179625444E-4,1.076478809E-1
1.894871858E1,1.436493099E-1,-2.155193985E-1,9.604794532E-2
1.895873158E1,1.928596646E-1,-3.567966223E-1,6.230333820E-2
1.896874458E1,1.986696124E-1,-4.165872335E-1,3.731889278E-2
1.897875758E1,1.498101950E-1,-3.546139300E-1,3.390656039E-2
1.898877058E1,5.085271969E-2,-2.019761652E-1,4.717629403E-2
1.899878458E1,-7.024991512E-2,7.543420047E-2,3.548558056E-2
1.900879758E1,-1.777092665E-1,3.186756074E-1,3.190868720E-2
1.901881058E1,-2.179726213E-1,4.174463153E-1,5.260781199E-2
1.902882358E1,-1.653988808E-1,3.925580084E-1,1.018358096E-1
1.903883658E1,-6.244872138E-2,2.367424071E-1,1.383112818E-1
1.904885058E1,3.801503405E-2,-3.178013489E-2,1.371365637E-1
1.905886358E1,1.210444346E-1,-2.676109672E-1,1.151481196E-1
1.906887658E1,1.565848589E-1,-4.103193581E-1,9.808205068E-2
1.907888958E1,1.201884300E-1,-4.352603555E-1,1.034939438E-1
1.908890258E1,3.996922448E-2,-2.964984775E-1,1.149135828E-1
1.909891658E1,-4.519927874E-2,-5.733816326E-2,1.147822589E-1
1.910892958E1,-1.219835356E-1,1.583376676E-1,1.136024743E-1
1.911894258E1,-1.529037505E-1,2.723782957E-1,1.332446039E-1
1.912895558E1,-1.033833325E-1,2.685617208E-1,1.695400327E-1
1.913896858E1,-1.681124046E-2,1.615712792E-1,2.065068036E-1
1.914898258E1,5.338515714E-2,-1.468524244E-2,2.193301916E-1
1.915899558E1,8.392873406E-2,-1.724464148E-1,2.014002651E-1
1.916900858E1,8.535778522E-2,-2.516789138E-1,1.716610193E-1
1.917902158E1,6.106381863E-2,-2.656906247E-1,1.285545826E-1
1.918903458E1,3.599202260E-2,-2.401831448E-1,9.938843548E-2
1.919904858E1,2.475116216E-2,-1.927900314E-1,9.248710424E-2
1.920906158E1,1.213816553E-2,-1.087372079E-1,9.717399627E-2
1.921907458E1,7.070200518E-3,-5.512582883E-2,1.246106178E-1
1.922908758E1,1.651004143E-2,2.383529767E-2,1.433257163E-1
1.923910058E1,5.298588425E-3,1.389674395E-1,1.416348666E-1
1.924911458E1,-1.839875057E-2,2.048764080E-1,1.274141222E-1
1.925912758E1,-5.304726958E-2,1.816877723E-1,1.081107706E-1
1.926914058E1,-7.753956318E-2,1.107861772E-1,6.879425794E-2
1.927915358E1,-7.053750008E-2,5.092133582E-2,2.555203624E-2
1.928916658E1,-4.432613775E-2,1.416438818E-2,1.234941557E-2
1.929918058E1,-7.355983835E-3,4.789039027E-3,3.321365267E-2
1.930919358E1,3.474646434E-2,1.565047540E-2,6.681795418E-2
1.931920658E1,8.010788262E-2,2.056770958E-2,1.021724194E-1
1.932921958E1,1.126836687E-1,1.561662555E-2,1.410188824E-1
1.933923258E1,1.151161641E-1,4.070131481E-2,1.502975971E-1
1.934924658E1,9.266811609E-2,7.444889098E-2,1.303537190E-1
1.935925958E1,9.621427953E-2,8.002760261E-2,9.173265845E-2
1.936927258E1,6.422864646E-2,7.152306288E-2,5.411870778E-2
1.937928525E1,5.115404725E-2,9.190090001E-3,4.660561308E-2
1.938929825E1,-1.592938602E-2,4.480720684E-2,5.593812838E-2
1.939931225E1,-4.454157948E-1,1.844876707E-1,8.113051951E-2
1.940932525E1,-4.294863641E-1,3.900493383E-1,9.053733200E-2
1.941933825E1,-3.783773184E-1,3.201408982E-1,4.394961894E-2
1.942935125E1,-1.419442743E-1,1.786133349E-1,-7.699136622E-4
1.943936425E1,1.757305264E-1,-2.236817032E-2,-3.641127422E-2
1.944937725E1,3.419471681E-1,-1.623865366E-1,-1.975959167E-2
1.945939125E1,3.540381789E-1,-1.845167279E-1,3.220322728E-2