"Time (s)","X (m/s^2)","Y (m/s^2)","Z (m/s^2)"
8.269500000E-3,1.024918671E0,7.167245636E0,6.871610413E0
1.828350000E-2,9.009764099E-1,7.100334778E0,6.953190765E0
2.829850000E-2,7.138655090E-1,7.064110107E0,6.902895355E0
3.831250000E-2,5.743556213E-1,7.038812714E0,6.781797180E0
4.832750000E-2,4.650828552E-1,7.016808472E0,6.677913208E0
5.834150000E-2,4.053570557E-1,6.979985046E0,6.626719666E0
6.835650000E-2,3.257226562E-1,6.979685669E0,6.634503479E0
7.837050000E-2,3.013233948E-1,6.972201233E0,6.697821808E0
8.838550000E-2,2.838098145E-1,7.016060028E0,6.639892273E0
9.839950000E-2,3.159928894E-1,7.124734039E0,6.463259583E0
1.084145000E-1,3.546125793E-1,7.217541046E0,6.360722809E0
1.184285000E-1,4.046086121E-1,7.261549530E0,6.322552185E0
1.284435000E-1,4.159849548E-1,7.217241669E0,6.401288452E0
1.384575000E-1,4.168830872E-1,7.133715363E0,6.451583862E0
1.484715000E-1,3.977229309E-1,7.090455322E0,6.465504913E0
1.584865000E-1,4.052073669E-1,7.069798279E0,6.632108459E0
1.685005000E-1,3.745211792E-1,7.004533997E0,6.625073090E0
1.785155000E-1,2.564167786E-1,7.050189056E0,6.518943787E0
1.885295000E-1,2.692900085E-1,7.081923065E0,6.457870789E0
1.985445000E-1,3.146456909E-1,7.093299408E0,6.349945221E0
2.085585000E-1,2.758763123E-1,7.075636139E0,6.183042297E0
2.185735000E-1,1.612147522E-1,6.993157654E0,6.077960815E0
2.285875000E-1,-3.682342529E-2,6.863227844E0,6.001619568E0
2.386025000E-1,-2.028282166E-1,6.759493561E0,5.904321899E0
2.486165000E-1,-2.897973633E-1,6.705455933E0,5.833668823E0
2.586315000E-1,-2.444416809E-1,6.688840485E0,5.798941040E0
2.686455000E-1,-2.118095398E-1,6.719526672E0,5.653892670E0
2.786605000E-1,-1.766326904E-1,6.738088074E0,5.488786011E0
2.886745000E-1,-1.754351807E-1,6.793323212E0,5.490133209E0
2.986895000E-1,-2.600093079E-1,6.728208618E0,5.513933716E0
3.087035000E-1,-3.701802063E-1,6.600075073E0,5.558990021E0
3.187185417E-1,-5.358856201E-1,6.428382111E0,5.688470764E0
3.287325417E-1,-6.875202942E-1,6.298452301E0,5.639223175E0
3.387465417E-1,-9.102571106E-1,6.237528992E0,5.510640564E0
3.487615417E-1,-1.142873383E0,6.197711792E0,5.270240479E0
3.587755417E-1,-1.316811676E0,6.053262177E0,4.939877472E0
3.687905417E-1,-1.152902527E0,5.890400848E0,4.871469727E0
3.788045417E-1,-6.849755859E-1,5.951174469E0,5.233716431E0
3.888195417E-1,-3.179388428E-1,6.058201904E0,5.582790527E0
3.988335417E-1,-3.742218018E-3,6.068979492E0,5.537734222E0
4.088485417E-1,2.011816406E-1,6.094426575E0,5.384752350E0
4.188625417E-1,5.002597046E-1,6.174060974E0,5.369184723E0
4.288775417E-1,7.077282715E-1,6.331982574E0,5.403463440E0
4.388915417E-1,6.926097107E-1,6.419999542E0,5.427413635E0
4.489065417E-1,5.263055420E-1,6.389912109E0,5.273833008E0
4.589205417E-1,2.954855347E-1,6.277346191E0,4.934338989E0
4.689355417E-1,3.116519165E-1,6.130351868E0,4.592300262E0
4.789495417E-1,4.679269409E-1,6.053411865E0,4.636757812E0
4.889645417E-1,1.022673340E0,6.089337158E0,5.072202301E0
4.989785417E-1,2.047442322E0,6.425538025E0,6.038143616E0
5.089935417E-1,2.630479889E0,6.714586945E0,6.777605896E0
5.190075417E-1,2.809058533E0,6.651418304E0,7.023245087E0
5.290225417E-1,2.609523468E0,6.401737518E0,6.969656525E0
5.390365417E-1,2.132764893E0,6.145470428E0,6.627168732E0
5.490515417E-1,1.574276276E0,5.857319641E0,5.864804077E0
5.590655417E-1,1.254541168E0,5.543272705E0,5.098547516E0
5.690805417E-1,1.472937012E0,5.461093597E0,4.826862488E0
5.790945417E-1,1.695374451E0,5.463189240E0,5.108876038E0
5.891095417E-1,1.691781921E0,5.301226044E0,5.391488342E0
5.991235417E-1,2.298919373E0,5.213358765E0,5.833668823E0
6.091385417E-1,3.578907623E0,5.688770142E0,6.903045044E0
6.191525417E-1,4.255949707E0,6.241271210E0,7.221582642E0
6.291665417E-1,4.103865967E0,6.188131714E0,6.675817566E0
6.391815417E-1,3.456013184E0,5.699697418E0,5.866151276E0
6.491955417E-1,2.903661804E0,5.389991455E0,5.208568726E0
6.592105417E-1,3.048261108E0,5.181624756E0,5.273833008E0
6.692245417E-1,3.819906464E0,5.152136078E0,5.811365204E0
6.792395417E-1,4.610113220E0,5.130730591E0,6.452182617E0
6.892535417E-1,5.237009583E0,4.996609497E0,6.743177490E0
6.992685417E-1,5.722300415E0,4.880451050E0,6.839277649E0
7.092825417E-1,6.299051056E0,4.773872681E0,7.258256378E0
7.192975417E-1,6.502178650E0,4.554578705E0,7.495513000E0
7.293115417E-1,6.239175568E0,4.373754730E0,7.667804718E0
7.393265417E-1,5.930667114E0,4.068838806E0,7.806117096E0
7.493405417E-1,5.995482330E0,3.910917206E0,7.474556580E0
7.593555417E-1,6.381679230E0,3.991300049E0,7.122937775E0
7.693695417E-1,6.991211700E0,4.080215149E0,7.208709412E0
7.793845417E-1,7.628436584E0,4.128265228E0,7.494465179E0
7.893985417E-1,8.015232239E0,4.043242035E0,7.847281494E0
7.994135417E-1,8.370892639E0,3.924239502E0,8.273894348E0
8.094275417E-1,8.754694519E0,3.809727631E0,8.610544281E0
8.194425417E-1,9.103469238E0,3.608695679E0,9.235943756E0
8.294565417E-1,9.388626251E0,3.356170807E0,1.026879593E1
8.394715417E-1,9.772727509E0,3.134781189E0,1.128637985E1
8.494855417E-1,1.025322830E1,2.985990601E0,1.171404053E1
8.595005417E-1,1.068777466E1,2.931354218E0,1.177271851E1
8.695145417E-1,1.099328934E1,2.882406006E0,1.172242310E1
8.795295417E-1,1.133892059E1,2.656076660E0,1.133622620E1
8.895435417E-1,1.186881866E1,2.613415375E0,1.075962524E1
8.995585417E-1,1.294597870E1,2.782264252E0,1.068478088E1
9.095725417E-1,1.416414551E1,3.071612549E0,1.067490143E1
9.195875417E-1,1.542452454E1,3.288212128E0,1.041698776E1
9.296015417E-1,1.660437103E1,3.494333496E0,1.037312897E1
9.396165417E-1,1.714609451E1,3.628753967E0,1.080782501E1
9.496305417E-1,1.737496857E1,3.568728790E0,1.143696671E1
9.596455417E-1,1.761881149E1,3.506607971E0,1.181463135E1
9.696595417E-1,1.765039581E1,3.376528473E0,1.199979630E1
9.796745417E-1,1.737661514E1,3.135829010E0,1.196626602E1
9.896885417E-1,1.743993347E1,3.008593597E0,1.188079376E1
9.997035417E-1,1.794303726E1,3.138673096E0,1.156420212E1
1.009717542E0,1.811952026E1,3.188519440E0,1.100646194E1
1.019732542E0,1.799213516E1,2.968477020E0,1.048404831E1
1.029746542E0,1.764904861E1,2.782713318E0,9.732161865E0
1.039761542E0,1.695224762E1,2.498753815E0,8.606053619E0
1.049775542E0,1.618404510E1,1.858385468E0,7.668403473E0
1.059790542E0,1.561926956E1,1.143172760E0,7.435487823E0
1.069804542E0,1.515718048E1,6.155200195E-1,7.733967133E0
1.079819542E0,1.469090012E1,1.610650635E-1,7.983049164E0
1.089833542E0,1.424707306E1,-1.478924561E-1,7.784262543E0
1.099848542E0,1.356883347E1,-4.677772522E-1,7.567363586E0
1.109862542E0,1.286829025E1,-8.535250854E-1,7.805668030E0
1.119877542E0,1.235321136E1,-1.096020813E0,8.360264740E0
1.129891542E0,1.190893524E1,-1.240320740E0,8.771609344E0
1.139906542E0,1.131676666E1,-1.440454559E0,8.507558441E0
1.149920542E0,1.038615189E1,-1.905387726E0,7.448361053E0
1.159935542E0,8.772357788E0,-2.796784058E0,5.700296173E0
1.169949542E0,6.705006866E0,-3.313359833E0,3.729344788E0
1.179964542E0,5.519172821E0,-3.598516846E0,2.074086914E0
1.189978542E0,5.069208527E0,-3.977378998E0,1.736838226E0
1.199993542E0,4.295766907E0,-4.792733459E0,2.374212799E0
1.210007542E0,3.077450409E0,-5.782774658E0,2.986289978E0
1.220022542E0,1.632954254E0,-6.561305695E0,3.602708130E0
1.230036542E0,-1.023870850E-1,-7.172933807E0,4.277953949E0
1.240051542E0,-1.879192200E0,-7.871381378E0,4.417314148E0
1.250065542E0,-3.568279724E0,-8.700656891E0,3.657494202E0
1.260080542E0,-5.138514404E0,-8.973689117E0,2.861000519E0
1.270094542E0,-6.773863678E0,-8.782386932E0,2.755320282E0
1.280109542E0,-8.007149048E0,-7.662116547E0,3.001408539E0
1.290123542E0,-8.377029877E0,-6.425388336E0,3.255579987E0
1.300138542E0,-8.360713806E0,-5.449118500E0,3.123554535E0
1.310152542E0,-8.386310577E0,-4.592300262E0,2.334694977E0
1.320167917E0,-7.945626984E0,-3.972439270E0,1.183439026E0
1.330182917E0,-6.953639832E0,-3.165467377E0,-2.254312134E-1
1.340196917E0,-5.209466858E0,-1.611997833E0,-1.725761261E0
1.350211917E0,-3.181933136E0,1.411564636E-1,-2.330354004E0
1.360225917E0,-1.923949127E0,1.296753387E0,-1.957030334E0
1.370240917E0,-1.411864014E0,1.743574219E0,-1.244661713E0
1.380254917E0,-8.065228271E-1,2.163301392E0,-8.643026733E-1
1.390269917E0,4.059558105E-1,2.706671448E0,-4.519102478E-1
1.400283917E0,2.224823456E0,3.383264465E0,3.658392334E-1
1.410298917E0,4.240382080E0,3.931574249E0,8.006849670E-1
1.420312917E0,6.596931610E0,4.307143250E0,5.219645691E-1
1.430327917E0,9.910291443E0,4.942721558E0,7.985893250E-1
1.440341917E0,1.357407257E1,6.114035797E0,1.413360901E0
1.450356917E0,1.703173233E1,7.232659607E0,8.629554749E-1
1.460370917E0,1.995605118E1,8.039930878E0,-4.068539429E-1
1.470385917E0,2.189751389E1,8.461903381E0,-1.498234406E0
1.480399917E0,2.232652176E1,8.088579712E0,-1.916614380E0
1.490414917E0,2.124217667E1,7.580386505E0,-1.162183228E0
1.500428917E0,1.993913635E1,7.200476532E0,2.836601257E-1
1.510443917E0,1.917273010E1,6.809339905E0,1.530118103E0
1.520457917E0,1.841919708E1,6.772516479E0,2.142644348E0
1.530472917E0,1.764291138E1,6.427783356E0,2.321971436E0
1.540486917E0,1.665825897E1,5.724246368E0,2.608026581E0
1.550501917E0,1.576581482E1,5.312153320E0,2.278262329E0
1.560515917E0,1.495510071E1,5.085075531E0,1.410965881E0
1.570530917E0,1.381237701E1,4.829107819E0,9.021739197E-1
1.580544917E0,1.224588455E1,4.768783264E0,7.753875732E-1
1.590559917E0,1.050275940E1,4.809348907E0,8.032296753E-1
1.600573917E0,8.860075378E0,4.707710266E0,1.043629761E0
1.610588917E0,7.340734863E0,4.441713409E0,1.713486786E0
1.620603917E0,5.848038940E0,3.983965302E0,2.834355927E0
1.630617917E0,4.611759796E0,3.508404236E0,3.992048492E0
1.640632917E0,3.661685486E0,3.113675079E0,4.781806183E0
1.650646917E0,2.600841522E0,2.920726318E0,5.390290833E0
1.660661917E0,1.677561493E0,3.279829559E0,5.872288513E0
1.670675917E0,1.297052765E0,3.835474091E0,6.270011444E0
1.680690917E0,1.335073700E0,4.330943756E0,7.099736023E0
1.690704917E0,1.688039703E0,4.852608948E0,7.998616791E0
1.700719917E0,1.951940918E0,5.142106934E0,8.757239227E0
1.710733917E0,2.102976837E0,4.948409729E0,9.587263184E0
1.720748917E0,2.365680542E0,4.476291504E0,1.040725800E1
1.730762917E0,2.697540436E0,3.981121216E0,1.122530685E1
1.740777917E0,3.173251190E0,3.745660858E0,1.211475723E1
1.750791917E0,3.841761017E0,3.640729065E0,1.305704773E1
1.760806917E0,4.702620850E0,3.584446106E0,1.380279694E1
1.770820917E0,5.563929749E0,3.593277740E0,1.401266052E1
1.780835917E0,6.188281403E0,3.431613922E0,1.365131195E1
1.790849917E0,6.513704681E0,3.152145081E0,1.286320084E1
1.800864917E0,6.730154572E0,2.838397522E0,1.170011948E1
1.810878917E0,7.224875793E0,2.727328491E0,1.044363235E1
1.820893917E0,8.289312286E0,3.172652435E0,9.151519318E0
1.830908917E0,9.343270569E0,3.823049927E0,7.930658112E0
1.840922917E0,9.711205444E0,3.964954834E0,6.842121735E0
1.850937917E0,9.527537384E0,3.607797546E0,5.880671082E0
1.860951917E0,9.156758423E0,3.169658661E0,5.200635223E0
1.870966917E0,9.225914612E0,2.869083710E0,4.389172668E0
1.880980917E0,9.883197784E0,3.038082275E0,3.212319946E0
1.890995917E0,1.103445374E1,3.515589294E0,1.890718231E0
1.901009917E0,1.183858154E1,3.935166779E0,6.782395935E-1
1.911024917E0,1.235261261E1,4.242926788E0,-1.984872437E-1
1.921038917E0,1.304612045E1,4.450095978E0,-8.593629456E-1
1.931053917E0,1.355176895E1,4.528532867E0,-1.378184052E0
1.941067917E0,1.360191467E1,4.370760956E0,-1.687440948E0
1.951082917E0,1.338890762E1,4.119732971E0,-2.016307068E0
1.961096917E0,1.326212128E1,4.040248260E0,-2.366878052E0
1.971111917E0,1.315703979E1,4.220024414E0,-2.175426178E0
1.981126917E0,1.252206024E1,4.412524109E0,-1.552421722E0
1.991140917E0,1.152049301E1,4.430935822E0,-1.335672455E0
2.001155917E0,1.040980270E1,4.170178070E0,-1.453477478E0
2.011169917E0,9.323511658E0,3.943699036E0,-1.221909027E0
2.021184917E0,8.358468475E0,3.880081329E0,-7.315287781E-1
2.031198917E0,7.455845490E0,3.628604279E0,-7.768844604E-2
2.041213917E0,6.465205536E0,3.212319946E0,5.920188904E-1
2.051227917E0,5.516328735E0,2.829266510E0,1.039737854E0
2.061242917E0,4.588108978E0,2.652933197E0,1.824855194E0
2.071256917E0,3.538940735E0,2.195783844E0,2.607577515E0
2.081271917E0,2.437231750E0,1.355581055E0,2.677332458E0
2.091285917E0,1.731449432E0,8.689430237E-1,2.559228058E0
2.101300917E0,1.538800049E0,8.455915833E-1,2.635569305E0
2.111314917E0,2.000589752E0,1.007405090E0,2.817141724E0
2.121329917E0,2.588716736E0,1.061742096E0,3.019969940E0
2.131344917E0,3.251089325E0,9.898915100E-1,3.089126129E0
2.141358917E0,4.220473480E0,1.148112488E0,2.915038147E0
2.151373917E0,5.599555664E0,1.613345032E0,2.612816620E0
2.161387917E0,6.888375549E0,2.008223877E0,2.488275604E0
2.171402917E0,6.652466125E0,1.685045929E0,2.477647705E0
2.181416917E0,5.326074371E0,4.453239441E-1,3.048560486E0
2.191431917E0,4.114493866E0,-4.486170959E-1,4.248614960E0
2.201445917E0,3.690126343E0,-9.683363342E-1,5.218148804E0
2.211460917E0,4.087699585E0,-1.085243225E0,5.942492523E0
2.221474917E0,4.817432098E0,-8.858578491E-1,6.155050507E0
2.231489917E0,5.898783417E0,-8.538244629E-1,5.493576050E0
2.241503917E0,8.069868622E0,-3.254232788E-1,4.675527191E0
2.251518917E0,1.097323105E1,1.024918671E0,4.435426483E0
2.261533917E0,1.344159805E1,2.105222168E0,4.824916534E0
2.271547917E0,1.485825211E1,2.570454712E0,4.979694672E0
2.281562917E0,1.516810776E1,2.542462921E0,5.289849701E0
2.291576917E0,1.514505569E1,2.392025757E0,5.814358978E0
2.301591917E0,1.553259979E1,2.186054077E0,5.911806335E0
2.311605917E0,1.619137985E1,2.238295441E0,5.916296997E0
2.321620667E0,1.693952408E1,2.668201447E0,5.810167694E0
2.331634667E0,1.775787231E1,3.031795349E0,5.618416443E0
2.341649667E0,1.837952957E1,3.398383026E0,5.271138611E0
2.351663667E0,1.878219223E1,3.905079346E0,4.867877197E0
2.361678667E0,1.881841690E1,4.142635345E0,4.676275635E0
2.371693667E0,1.880793869E1,4.107907562E0,4.708608398E0
2.381707667E0,1.922107956E1,4.234095154E0,4.691693573E0
2.391722667E0,1.958138031E1,4.597090302E0,4.767286377E0
2.401736667E0,1.963990860E1,4.662803650E0,4.937183075E0
2.411751667E0,1.926374084E1,4.333638153E0,5.506000214E0
2.421765667E0,1.845407455E1,3.806584167E0,6.200555878E0
2.431780667E0,1.707244766E1,3.101849670E0,6.264622650E0
2.441794667E0,1.571297470E1,2.380200348E0,5.860313416E0
2.451809667E0,1.481169891E1,1.751807098E0,5.539081421E0
2.461823667E0,1.435933960E1,1.316661987E0,5.650599518E0
2.471838667E0,1.437460785E1,1.455722809E0,5.603148193E0
2.481853667E0,1.423674454E1,1.677411804E0,5.230572968E0
2.491867667E0,1.373828110E1,1.728755035E0,4.813989258E0
2.501882667E0,1.317126022E1,1.751208344E0,4.381089478E0
2.511896667E0,1.224872864E1,1.610800323E0,3.968697052E0
2.521911667E0,1.079584991E1,1.193318481E0,3.574416962E0
2.531925667E0,9.124575348E0,6.387217712E-1,3.086880798E0
2.541940667E0,7.566914520E0,1.787283325E-1,2.591710510E0
2.551954667E0,6.234535217E0,-1.375639343E-1,2.166744232E0
2.561969667E0,5.033732300E0,-4.408332825E-1,1.808688812E0
2.571983667E0,3.883524170E0,-5.872288513E-1,1.644929352E0
2.581998667E0,2.884801025E0,-5.821394348E-1,1.563798065E0
2.592013667E0,2.064806213E0,-6.273454285E-1,1.542691956E0
2.602027667E0,1.203796692E0,-7.421566772E-1,1.467997284E0
2.612042667E0,5.005590820E-1,-7.927514648E-1,1.401086426E0
2.622056667E0,1.710942078E-1,-7.842192078E-1,1.446891174E0
2.632071667E0,1.856140137E-1,-6.647676086E-1,1.591640167E0
2.642085667E0,2.887495422E-1,-4.159849548E-1,1.840722198E0
2.652100667E0,2.026785278E-1,-1.889071655E-1,1.796564026E0
2.662114667E0,-7.244934082E-2,8.981323242E-4,1.487756195E0
2.672129667E0,-3.405418396E-1,1.769320679E-1,1.224753113E0
2.682144667E0,-3.170407104E-1,5.054988098E-1,8.170010376E-1
2.692158667E0,-3.891906738E-2,8.131091309E-1,6.969506836E-1
2.702173667E0,3.987707520E-1,1.035995636E0,1.265767822E0
2.712187667E0,9.701325989E-1,1.068627777E0,2.220482483E0
2.722202667E0,1.398691406E0,6.668632507E-1,3.337160339E0
2.732216667E0,1.731748810E0,3.442840576E-1,4.330345001E0
2.742231667E0,2.301164703E0,2.502795410E-1,4.864434357E0
2.752245667E0,3.213816833E0,4.593946838E-1,4.992268524E0
2.762260667E0,4.599036255E0,6.468049622E-1,5.426964569E0
2.772275667E0,5.769602051E0,1.002465363E0,6.327940979E0
2.782289667E0,6.267017670E0,9.328601074E-1,7.227570190E0
2.792304667E0,5.893394623E0,1.040336609E-1,7.666158142E0
2.802318667E0,4.887187042E0,-8.479866028E-1,8.008945312E0
2.812333667E0,5.073699188E0,-1.096918945E0,8.740324402E0
2.822347667E0,6.764283600E0,-7.674540710E-1,9.043294373E0
2.832362667E0,8.627010040E0,-2.579136658E-1,8.106093292E0
2.842376667E0,1.081381256E1,7.162605286E-1,6.221811676E0
2.852391667E0,1.298190399E1,2.199975128E0,3.822750549E0
2.862406667E0,1.399379974E1,3.059487762E0,1.678309937E0
2.872420667E0,1.394350433E1,2.952160950E0,5.530998230E-1
2.882435667E0,1.421878189E1,2.832260284E0,3.179388428E-1
2.892449667E0,1.534803360E1,3.227737885E0,3.936813354E-2
2.902464667E0,1.664583481E1,3.685485992E0,-4.613406372E-1
2.912478667E0,1.757315643E1,4.205953674E0,-1.034798126E0
2.922493667E0,1.797866318E1,4.729415131E0,-1.944905548E0
2.932508667E0,1.781610123E1,4.971611481E0,-2.999761963E0
2.942522667E0,1.703786957E1,4.972359924E0,-3.761078796E0
2.952537667E0,1.582254684E1,4.609514465E0,-3.861370239E0
2.962551667E0,1.475347000E1,4.201762390E0,-2.861150208E0
2.972566667E0,1.454704926E1,3.848347321E0,-1.324894867E0
2.982580667E0,1.480616043E1,3.675157471E0,-2.495310974E-1
2.992595667E0,1.489836868E1,3.624562683E0,3.370989990E-1
3.002609667E0,1.476454697E1,3.285667419E0,7.664062500E-1
3.012624667E0,1.475481720E1,3.232078857E0,7.958949280E-1
3.022639667E0,1.469389389E1,3.501219177E0,5.502557373E-1
3.032653667E0,1.471155716E1,3.744762726E0,4.504133606E-1
3.042668667E0,1.477038483E1,3.986959076E0,4.604425049E-1
3.052682667E0,1.459794342E1,4.039050751E0,6.743476868E-1
3.062697667E0,1.418659882E1,3.899989929E0,1.312770081E0
3.072711667E0,1.358754456E1,3.309617615E0,2.270777893E0
3.082726667E0,1.286649399E1,2.576292572E0,3.487447815E0
3.092741667E0,1.185774170E1,1.923799438E0,4.915178833E0
3.102755667E0,1.089165070E1,1.270557861E0,6.216871948E0
3.112770667E0,1.029768585E1,1.068777466E0,7.190746765E0
3.122784667E0,9.791887665E0,1.094074860E0,7.768096161E0
3.132799667E0,9.224417725E0,9.618997192E-1,7.974217529E0
3.142813667E0,8.652157745E0,8.189469910E-1,7.939489746E0
3.152828667E0,8.165819092E0,7.857160950E-1,7.835605774E0
3.162842667E0,7.610174561E0,7.575746155E-1,7.541018372E0
3.172857667E0,7.032974854E0,7.300318909E-1,7.141050110E0
3.182872667E0,6.387217712E0,7.580236816E-1,6.888076172E0
3.192886667E0,5.754333801E0,6.893165588E-1,6.879992981E0
3.202901667E0,4.918771362E0,2.339634705E-1,7.214397583E0
3.212915667E0,4.011058960E0,-1.501377869E-1,7.645800476E0
3.222930667E0,3.462898865E0,-5.349874878E-1,7.822882233E0
3.232944667E0,3.090922394E0,-8.089178467E-1,8.008795624E0
3.242959667E0,2.892435150E0,-7.705975342E-1,8.227490845E0
3.252974667E0,2.974314880E0,-6.667135620E-1,8.292605438E0
3.262988667E0,3.144361267E0,-6.198609924E-1,8.264763336E0
3.273003667E0,3.279979248E0,-4.596940613E-1,7.954159241E0
3.283017667E0,3.268004150E0,-2.544708252E-1,7.530989227E0
3.293032667E0,3.181633759E0,-2.068698120E-1,7.057673492E0
3.303046667E0,3.194956055E0,-3.037184143E-1,6.334377594E0
3.313061667E0,3.281326447E0,-2.505789185E-1,5.562432861E0
3.323076375E0,3.689677277E0,-9.295669556E-2,4.954696655E0
3.333090375E0,4.279450836E0,1.486408997E-1,4.325704651E0
3.343105375E0,5.072801056E0,5.492079163E-1,3.473975830E0
3.353119375E0,6.168372803E0,1.120719452E0,2.447859650E0
3.363134375E0,6.817572784E0,1.522034912E0,1.412163391E0
3.373148375E0,6.974596252E0,1.593735809E0,4.737648010E-1
3.383163375E0,7.107070770E0,1.585053864E0,-1.411564636E-1
3.393178375E0,7.715555420E0,1.706750793E0,-3.746708679E-1
3.403192375E0,8.687334595E0,2.015259247E0,-5.209167480E-1
3.413207375E0,9.736652527E0,2.593057709E0,-1.059347076E0
3.423221375E0,1.091170898E1,3.266058197E0,-1.934427338E0
3.433236375E0,1.194036987E1,3.999083862E0,-2.864443359E0
3.443250375E0,1.269510040E1,4.673730927E0,-3.730242920E0
3.453265375E0,1.306108932E1,5.031636658E0,-4.528532867E0
3.463280375E0,1.307725571E1,5.265300751E0,-5.009033661E0
3.473294375E0,1.288685165E1,5.443430328E0,-4.795427856E0
3.483309375E0,1.257894196E1,5.348228302E0,-3.831133118E0
3.493323375E0,1.240979370E1,5.097948761E0,-2.441722412E0
3.503338375E0,1.217298615E1,4.855602722E0,-9.099577332E-1
3.513352375E0,1.179113022E1,4.526287537E0,7.798782349E-2
3.523367375E0,1.125689117E1,4.212539978E0,4.674778748E-1
3.533382375E0,1.060215271E1,3.779640198E0,3.784130859E-1
3.543396375E0,1.019574783E1,3.166515198E0,3.719764709E-1
3.553411375E0,1.046249313E1,3.087479553E0,9.321116638E-1
3.563425375E0,1.151914581E1,3.504512329E0,1.703158264E0
3.573440375E0,1.300914734E1,3.643273773E0,2.407593384E0
3.583455375E0,1.422776321E1,3.678899689E0,3.047961731E0
3.593469375E0,1.474448868E1,3.651057587E0,3.541934509E0
3.603484375E0,1.499132538E1,3.534450073E0,3.921844482E0
3.613498375E0,1.518457352E1,3.357667694E0,4.652175751E0
3.623513375E0,1.522034912E1,3.418441315E0,5.039270782E0
3.633527375E0,1.426114380E1,3.120261383E0,4.752167816E0
3.643542375E0,1.295346313E1,2.747087402E0,4.342469788E0
3.653557375E0,1.193483139E1,2.395318909E0,3.545377350E0
3.663571375E0,1.123473724E1,2.524500275E0,2.362387390E0
3.673586375E0,1.094314362E1,3.171604614E0,1.232686615E0
3.683600375E0,1.071067703E1,3.492237854E0,3.351530457E-1
3.693615375E0,1.044722488E1,3.472478943E0,2.872526550E-1
3.703629375E0,1.016072067E1,3.427272949E0,5.730084229E-1
3.713644375E0,9.621691589E0,3.194956055E0,1.158890076E0
3.723659375E0,8.809330902E0,2.821931763E0,2.327210541E0
3.733673375E0,7.925868073E0,2.199675751E0,3.796704712E0
3.743688375E0,7.122937775E0,1.449435883E0,5.484445038E0
3.753702375E0,6.063441010E0,6.604266357E-1,7.480843506E0
3.763717375E0,4.901706848E0,1.579216003E-1,9.070088654E0
3.773731375E0,4.353097687E0,6.810836792E-2,9.611812134E0
3.783746375E0,3.971690826E0,4.026626587E-2,9.444759521E0
3.793761375E0,3.934717712E0,3.170407104E-1,8.820108490E0
3.803775375E0,3.905378723E0,5.093907166E-1,8.083789673E0
3.813790375E0,3.868255920E0,7.316784668E-1,7.566764832E0
3.823804375E0,4.068240051E0,1.065484314E0,7.216942291E0
3.833819375E0,4.326602783E0,1.491498413E0,7.331753540E0
3.843834375E0,5.237608337E0,2.313888245E0,7.738757172E0
3.853848375E0,6.640940094E0,2.963237915E0,8.343499603E0
3.863863375E0,9.098230133E0,3.716770935E0,9.100774841E0
3.873877375E0,1.247760269E1,4.874762878E0,9.221423950E0
3.883892375E0,1.503578293E1,5.484295349E0,8.227640533E0
3.893906375E0,1.625035721E1,5.707780609E0,6.356830902E0
3.903921375E0,1.679522415E1,5.974974976E0,4.573439484E0
3.913936375E0,1.672576859E1,5.807622986E0,3.513942719E0
3.923950375E0,1.649599640E1,5.830375671E0,3.140469360E0
3.933965375E0,1.646545990E1,6.164480896E0,3.027154999E0
3.943979375E0,1.625200378E1,6.112089844E0,2.831960907E0
3.953994375E0,1.557975174E1,5.870043182E0,2.313588867E0
3.964009375E0,1.445618820E1,5.513933716E0,1.388662262E0
3.974023375E0,1.335971832E1,5.218298492E0,5.002597046E-1
3.984038375E0,1.224064545E1,4.797074432E0,-1.422042847E-2
3.994052375E0,1.026205994E1,3.912863159E0,-7.417076111E-1
4.004067375E0,7.997419281E0,3.313958588E0,-1.798659668E0
4.014081375E0,6.261329498E0,2.891087952E0,-2.098486176E0
4.024096375E0,4.838238831E0,2.323468323E0,-2.007176056E0
4.034111375E0,3.171454926E0,1.625619507E0,-1.867217102E0
4.044125375E0,1.038091278E0,8.750802612E-1,-1.372346191E0
4.054140375E0,-1.021026764E0,2.615061951E-1,-8.906478882E-1
4.064154375E0,-2.812950439E0,-1.766326904E-1,-6.427633667E-1
4.074169375E0,-4.304448853E0,-5.173242188E-1,-3.641926575E-1
4.084184375E0,-5.527256012E0,-7.044351196E-1,4.670288086E-2
4.094198375E0,-6.523135071E0,-7.029382324E-1,5.565426636E-1
4.104213375E0,-7.285649414E0,-8.508306885E-1,9.877958679E-1
4.114227375E0,-7.488777008E0,-7.988887024E-1,1.348545685E0
4.124242375E0,-6.894063721E0,7.364685059E-2,1.033450928E0
4.134257375E0,-5.922733612E0,7.568261719E-1,3.525169373E-1
4.144271375E0,-5.276228027E0,8.039781189E-1,2.903961182E-1
4.154286375E0,-4.952750702E0,7.599696350E-1,8.211923218E-1
4.164300375E0,-4.337829437E0,3.718267822E-1,1.154100037E0
4.174315375E0,-2.885998535E0,3.001258850E-1,8.819659424E-1
4.184329375E0,-6.773414612E-1,7.747888184E-1,6.680607605E-1
4.194344375E0,1.792522430E0,1.436113586E0,6.252497864E-1
4.204359375E0,4.506977692E0,2.025438080E0,9.846524048E-1
4.214373375E0,8.299491119E0,2.958747253E0,1.875150604E0
4.224388375E0,1.363918716E1,4.331692200E0,2.554138641E0
4.234402375E0,2.030153275E1,5.831573181E0,2.857707367E0
4.244417375E0,2.655897034E1,7.472760315E0,3.043321381E0
4.254432375E0,3.046404968E1,8.799451447E0,3.850143585E0
4.264446375E0,3.104139908E1,9.260343018E0,5.430856476E0
4.274461375E0,2.926040268E1,8.432564392E0,6.773264923E0
4.284475375E0,2.600317612E1,7.325616302E0,7.190746765E0
4.294490375E0,2.168779999E1,7.033573608E0,6.147715759E0
4.304505375E0,1.898831360E1,5.942043457E0,5.093607788E0
4.314519375E0,1.694386505E1,4.967120819E0,4.302353210E0
4.324534125E0,1.497111740E1,4.234993286E0,3.173251190E0
4.334548125E0,1.301064423E1,3.417692871E0,2.397863617E0
4.344563125E0,1.102337677E1,2.678230591E0,2.076182556E0
4.354577125E0,8.921298065E0,1.911974030E0,1.820364532E0
4.364592125E0,6.957232361E0,9.824070740E-1,1.521286469E0
4.374607125E0,5.437442780E0,8.666976929E-2,1.202898560E0
4.384621125E0,4.197870483E0,-2.034269714E-1,1.166075134E0
4.394636125E0,3.249143372E0,-3.589535522E-1,1.590143280E0
4.404650125E0,2.771187286E0,-4.255650330E-1,2.041604462E0
4.414665125E0,2.509830780E0,-1.339714050E-1,2.116149445E0
4.424680125E0,2.225422211E0,1.609153748E-1,1.842967529E0
4.434694125E0,2.200573883E0,1.071771240E-1,1.480271759E0
4.444709125E0,2.200573883E0,4.340972900E-2,1.055305481E0
4.454723125E0,2.219584351E0,2.261796570E-1,3.240760803E-1
4.464738125E0,2.039359131E0,3.293151855E-2,-1.697470093E-1
4.474753125E0,1.584006042E0,-3.387455750E-1,-2.053729248E-1
4.484767125E0,1.226399689E0,1.077758789E-2,3.893403625E-1
4.494782125E0,1.648072815E0,5.800437927E-1,1.115330658E0
4.504796125E0,2.968626709E0,1.053359528E0,8.896000671E-1
4.514811125E0,5.233566742E0,1.928140411E0,-8.442443848E-2
4.524826125E0,8.405021667E0,3.565585327E0,-7.843688965E-1
4.534840125E0,1.133936966E1,5.331014099E0,-1.475032654E0
4.544855125E0,1.325508591E1,5.745801544E0,-3.294049988E0
4.554869125E0,1.409424088E1,5.543721771E0,-5.466033325E0
4.564884125E0,1.514715134E1,5.690117340E0,-6.428980865E0
4.574899125E0,1.761731461E1,6.823111267E0,-5.738616486E0
4.584913125E0,2.047172882E1,8.437504120E0,-3.925886078E0
4.594928125E0,2.184422470E1,9.831555176E0,-1.294508057E0
4.604942125E0,2.208402603E1,1.024679169E1,9.114546204E-1
4.614957125E0,2.200573883E1,1.004665787E1,2.000440063E0
4.624971125E0,2.161355438E1,9.929451599E0,1.907932434E0
4.634986125E0,2.177057785E1,1.017164795E1,1.055006104E0
4.645001125E0,2.216590576E1,1.043135788E1,1.297801208E-1
4.655015125E0,2.168121368E1,1.021056702E1,-6.727011108E-1
4.665030125E0,2.001308258E1,9.541009369E0,-6.432124329E-1
4.675044125E0,1.745250732E1,8.269253998E0,3.956272888E-1
4.685059125E0,1.493025238E1,6.664590912E0,1.546284485E0
4.695074125E0,1.222193436E1,5.252876587E0,2.083217926E0
4.705088125E0,8.605903931E0,4.377496948E0,1.584006042E0
4.715103125E0,5.524860992E0,4.389621735E0,6.607260132E-1
4.725117125E0,3.842509460E0,4.019441528E0,7.879614258E-1
4.735132125E0,1.786385193E0,3.323538666E0,1.744472351E0
4.745147125E0,-4.646337891E-1,2.574346619E0,2.716999969E0
4.755161125E0,-3.795656891E0,8.222401428E-1,4.683161316E0
4.765176125E0,-8.290958862E0,-4.965174866E-1,7.479496307E0
4.775190125E0,-1.211116470E1,-2.260449371E0,8.929081879E0
4.785205125E0,-1.310659470E1,-5.164410553E0,8.768914948E0
4.795220125E0,-8.829838257E0,-7.388485565E0,8.031248932E0
4.805234125E0,3.031196594E-1,-8.153843994E0,6.077960815E0
4.815249125E0,1.355326584E1,-5.292693787E0,4.497696991E0
4.825263125E0,2.981544846E1,3.581003265E0,4.287084961E0
4.835278125E0,4.006957489E1,1.304627014E1,3.056194611E0
4.845293125E0,3.789893875E1,1.340761871E1,1.252894592E-1
4.855307125E0,2.922986618E1,7.467820587E0,-3.857478333E0
4.865322125E0,2.289159668E1,2.501148834E0,-5.969436493E0
4.875336125E0,2.337209747E1,1.387764130E0,-2.477797394E0
4.885351125E0,2.794987793E1,3.298989716E0,3.581152954E0
4.895366125E0,3.065699844E1,4.997657318E0,5.948629761E0
4.905380125E0,2.999327866E1,5.153333588E0,4.922513580E0
4.915395125E0,2.692465988E1,4.172423401E0,1.842219086E0
4.925409125E0,2.422592194E1,3.365301819E0,-1.246158600E0
4.935424125E0,2.315220474E1,3.016227722E0,-3.202141113E0
4.945439125E0,2.306313995E1,3.226690063E0,-4.515659637E0
4.955453125E0,2.253997787E1,2.988535309E0,-4.970264282E0
4.965468125E0,2.093516510E1,1.638792114E0,-4.791236572E0
4.975482125E0,1.779304916E1,-4.225712585E-1,-4.300407257E0
4.985497125E0,1.419333481E1,-2.309846649E0,-3.135978699E0
4.995512125E0,1.100586319E1,-3.749702454E0,-1.816023560E0
5.005526125E0,8.434510345E0,-4.593348083E0,2.498304749E-1
5.015541125E0,6.146667938E0,-5.134173431E0,2.333946533E0
5.025555125E0,3.692371674E0,-5.586981812E0,3.490591278E0
5.035570125E0,1.400188293E0,-5.798342285E0,3.776047668E0
5.045585125E0,-5.849835205E-1,-5.702242126E0,3.692671051E0
5.055599125E0,-2.503843231E0,-5.355712738E0,3.909719696E0
5.065614125E0,-4.468208313E0,-4.892725525E0,4.487967224E0
5.075628125E0,-6.433471527E0,-4.778213654E0,5.033732300E0
5.085643125E0,-8.441545715E0,-4.911137238E0,4.869523773E0
5.095658125E0,-1.011012589E1,-4.923860779E0,4.410428467E0
5.105672125E0,-1.173364975E1,-5.041815491E0,4.041296082E0
5.115687125E0,-1.288520508E1,-4.758005676E0,3.908971252E0
5.125701125E0,-1.300660263E1,-4.130061493E0,4.281546478E0
5.135716125E0,-1.241518250E1,-3.488495636E0,4.760999451E0
5.145731125E0,-1.156255554E1,-2.837349701E0,5.249134369E0
5.155745125E0,-1.098954712E1,-2.328108673E0,5.085823975E0
5.165760125E0,-1.069226532E1,-2.160157928E0,4.039050751E0
5.175774125E0,-1.052251831E1,-2.299218750E0,3.618275757E0
5.185789125E0,-1.054287598E1,-2.361938324E0,3.686533813E0
5.195804125E0,-1.005563919E1,-2.275567932E0,3.601061554E0
5.205818125E0,-8.514743500E0,-2.159110107E0,3.748055878E0
5.215833125E0,-5.470523987E0,-1.392254791E0,3.377127228E0
5.225847125E0,-1.552421722E0,-7.469467163E-2,2.034868469E0
5.235862125E0,2.226919098E0,1.309626617E0,2.677931213E-1
5.245877125E0,5.622607727E0,2.436333618E0,-2.276466064E0
5.255891125E0,8.334368591E0,3.423081665E0,-5.435796204E0
5.265906125E0,1.031055908E1,3.742367706E0,-8.353977814E0
5.275920125E0,1.296274384E1,4.391118622E0,-1.060544586E1
5.285935125E0,1.628658188E1,5.190306702E0,-1.186627396E1
5.295950125E0,1.959799576E1,5.903124390E0,-1.266486328E1
5.305964125E0,2.249132904E1,6.691834259E0,-1.355401428E1
5.315979625E0,2.522569290E1,7.474855957E0,-1.460917007E1
5.325993625E0,2.724559250E1,8.346643066E0,-1.576641357E1
5.336008625E0,2.717359222E1,8.385711823E0,-1.699221451E1
5.346023625E0,2.514201691E1,7.354057159E0,-1.726060638E1
5.356037625E0,2.266197418E1,6.159690857E0,-1.592238922E1
5.366052625E0,2.094728989E1,5.452860718E0,-1.498458939E1
5.376066625E0,1.920251816E1,4.589007111E0,-1.417043243E1
5.386081625E0,1.701002747E1,3.660487976E0,-1.327259949E1
5.396096625E0,1.431892365E1,2.486778717E0,-1.273761200E1
5.406110625E0,1.128218857E1,1.426982574E0,-1.194575867E1
5.416125625E0,8.872200165E0,6.885681152E-1,-1.070394104E1
5.426140625E0,6.961423645E0,3.050656128E-1,-9.064699860E0
5.436154625E0,5.229824524E0,2.978805542E-1,-7.135811005E0
5.446169625E0,3.603456573E0,2.215393066E-1,-5.199737091E0
5.456183625E0,2.128274231E0,2.180964661E-1,-3.405119019E0
5.466198625E0,1.067280579E0,4.116439819E-1,-2.388732605E0
5.476213625E0,4.400848389E-1,9.256750488E-1,-1.985471191E0
5.486227625E0,6.110293579E-1,1.628164215E0,-1.904040527E0
5.496242625E0,1.022373962E0,2.468067627E0,-1.990560608E0
5.506256625E0,1.715133362E0,3.178490295E0,-1.429826660E0
5.516271625E0,2.765050049E0,3.626957703E0,2.439926147E-2
5.526286625E0,3.721111908E0,4.298910370E0,2.429597626E0
5.536300625E0,4.495002594E0,4.982389069E0,5.162913666E0
5.546315625E0,5.259762268E0,5.516628113E0,7.870034180E0
5.556329625E0,6.095025330E0,5.813460846E0,1.021161484E1
5.566344625E0,6.254593506E0,5.991590424E0,1.183648590E1
5.576359625E0,6.559060364E0,5.852230225E0,1.300046539E1
5.586373625E0,7.626490631E0,5.650300140E0,1.405666901E1
5.596388625E0,9.237889709E0,5.685327301E0,1.490196121E1
5.606402625E0,1.102951401E1,5.858816528E0,1.586475906E1
5.616417625E0,1.255663834E1,6.397695923E0,1.698802322E1
5.626432625E0,1.363724121E1,6.872508545E0,1.735146744E1
5.636446625E0,1.418510193E1,6.965914307E0,1.664793045E1
5.646461625E0,1.372301285E1,6.619235229E0,1.529190033E1
5.656475625E0,1.325104431E1,6.313121796E0,1.380474289E1
5.666490625E0,1.323966797E1,5.813011780E0,1.326541443E1
5.676505625E0,1.331795517E1,5.482349396E0,1.227222977E1
5.686519625E0,1.347153580E1,5.580096130E0,9.423204346E0
5.696534625E0,1.328008392E1,5.540428619E0,6.075565796E0
5.706548625E0,1.290391617E1,5.410648499E0,2.952759705E0
5.716563625E0,1.237925720E1,5.310057678E0,-3.742218018E-1
5.726578625E0,1.156809402E1,4.954846344E0,-3.132835236E0
5.736592625E0,1.058104660E1,4.256398773E0,-4.130211182E0
5.746607625E0,9.562714233E0,3.679049377E0,-4.499792633E0
5.756622625E0,9.317524109E0,3.654500427E0,-5.872737579E0
5.766636625E0,9.297166443E0,3.759581909E0,-7.895032196E0
5.776651625E0,8.760382690E0,3.655997314E0,-9.444011078E0
5.786665625E0,7.830965424E0,3.358715515E0,-1.056697586E1
5.796680625E0,6.672973480E0,3.104544067E0,-1.138547379E1
5.806695625E0,5.428760834E0,2.879561920E0,-1.157617722E1
5.816709625E0,4.484524384E0,2.597548370E0,-1.136616394E1
5.826724625E0,3.535497894E0,2.230212250E0,-1.100945572E1
5.836738625E0,2.330054626E0,1.809287567E0,-1.048255142E1
5.846753625E0,8.937913513E-1,1.125509491E0,-9.681716766E0
5.856768625E0,-5.328918457E-1,3.679348755E-1,-8.437204742E0
5.866782625E0,-1.472038879E0,-2.140548706E-1,-6.626270599E0
5.876797625E0,-1.943558350E0,-7.726931763E-1,-5.031636658E0
5.886811625E0,-2.258353729E0,-1.078207855E0,-3.746558990E0
5.896826625E0,-2.418071594E0,-1.434616699E0,-2.681374054E0
5.906841625E0,-2.584525452E0,-1.766925659E0,-2.167792053E0
5.916855625E0,-2.658321991E0,-2.134411469E0,-2.076332245E0
5.926870625E0,-2.303410034E0,-2.404150543E0,-2.060764618E0
5.936884625E0,-1.340013428E0,-2.153122559E0,-1.679657135E0
5.946899625E0,2.368075562E-1,-1.726360016E0,-1.619482269E0
5.956914625E0,1.719773712E0,-1.270707550E0,-1.329086151E0
5.966928625E0,3.266207886E0,-6.882687378E-1,-8.342152405E-1
5.976943625E0,5.328918457E0,1.222956848E-1,-1.088386688E0
5.986957625E0,7.615114288E0,7.851173401E-1,-1.085243225E0
5.996972625E0,1.010159363E1,1.337468719E0,-5.237608337E-1
6.006987625E0,1.275587402E1,1.377585297E0,3.577560425E-1
6.017001625E0,1.561418015E1,1.303339691E0,1.511706390E0
6.027016625E0,1.806458450E1,1.953886871E0,2.064357147E0
6.037031625E0,2.038041870E1,2.964734802E0,1.515448608E0
6.047045625E0,2.318289093E1,4.004622345E0,5.884263611E-1
6.057060625E0,2.624896500E1,5.182672577E0,-5.514532471E-1
6.067074625E0,2.912957474E1,6.006409607E0,-1.699116669E0
6.077089625E0,3.129347488E1,6.343209229E0,-2.315834198E0
6.087104625E0,3.183759338E1,6.727759552E0,-2.134561157E0
6.097118625E0,3.090997238E1,6.561605072E0,-1.974543915E0
6.107133625E0,2.943703537E1,6.121370544E0,-2.129920807E0
6.117147625E0,2.780063828E1,5.522915039E0,-2.232756958E0
6.127162625E0,2.617921005E1,5.000950470E0,-2.513872375E0
6.137177625E0,2.477168701E1,4.669389954E0,-3.085533600E0
6.147191625E0,2.345128281E1,4.205354919E0,-3.604504395E0
6.157206625E0,2.225302460E1,3.912414093E0,-3.877686310E0
6.167220625E0,2.062096848E1,3.407663727E0,-3.874093781E0
6.177235625E0,1.871827515E1,2.716550903E0,-4.202660522E0
6.187250625E0,1.700029770E1,2.283800812E0,-4.837340698E0
6.197264625E0,1.569156921E1,1.889820099E0,-5.306165771E0
6.207279625E0,1.452624252E1,1.450783081E0,-5.202880554E0
6.217293625E0,1.311198349E1,8.993298340E-1,-4.639751587E0
6.227308625E0,1.156420212E1,4.613406372E-1,-3.877536621E0
6.237323625E0,9.978699188E0,7.050338745E-2,-3.294199677E0
6.247337625E0,8.434959412E0,-3.174897766E-1,-2.991529083E0
6.257352625E0,7.159910889E0,-6.033952332E-1,-2.691103821E0
6.267367625E0,6.038742371E0,-8.367599487E-1,-2.206411743E0
6.277381625E0,4.800966339E0,-1.207838287E0,-1.417701874E0
6.287396625E0,3.600163422E0,-1.456171875E0,-8.087681580E-1
6.297410625E0,2.558329926E0,-1.635498962E0,-1.145118713E-1
6.307425625E0,1.499731293E0,-1.701362000E0,5.535488892E-1
6.317440750E0,4.266128540E-1,-1.763931885E0,9.675878906E-1
6.327454750E0,-7.216493225E-1,-1.707648926E0,1.026265869E0
6.337469750E0,-1.634002075E0,-1.430425415E0,6.351292419E-1
6.347483750E0,-2.057471466E0,-1.147813110E0,4.643344116E-1
6.357498750E0,-2.201022949E0,-7.673043823E-1,4.682263184E-1
6.367513750E0,-2.085762634E0,-4.171824646E-1,6.632707214E-1
6.377527750E0,-2.041005707E0,-4.195774841E-1,1.183888092E0
6.387542750E0,-2.506387939E0,-6.962022400E-1,1.731748810E0
6.397556750E0,-2.800376587E0,-9.575587463E-1,2.341430969E0
6.407571750E0,-2.583327942E0,-7.673043823E-1,2.994223480E0
6.417586750E0,-1.863025818E0,-6.721023560E-2,3.576213226E0
6.427600750E0,-1.148411865E0,6.361770630E-1,3.545227661E0
6.437615750E0,-9.351054382E-1,7.985893250E-1,3.311862946E0
6.447630750E0,-5.077441406E-1,7.453001404E-1,2.655477905E0
6.457644750E0,3.962260437E-1,5.017565918E-1,1.939516754E0
6.467659750E0,1.660047913E0,3.580554199E-1,2.112257538E0
6.477673750E0,3.341651001E0,7.006929016E-1,2.476001129E0
6.487688750E0,5.502707062E0,1.207089844E0,3.145409088E0
6.497703750E0,7.963589630E0,1.508413239E0,4.628824310E0
6.507717750E0,9.316176910E0,1.286873932E0,6.344556427E0
6.517732750E0,9.303603058E0,6.026467896E-1,7.788902893E0
6.527746750E0,8.854536896E0,-3.050656128E-1,8.861272888E0
6.537761750E0,8.507558441E0,-1.404529266E0,8.658594360E0
6.547776750E0,8.821156311E0,-1.897154846E0,6.622378693E0
6.557790750E0,1.026041336E1,-1.402433624E0,3.501967621E0
6.567805750E0,1.267758682E1,-4.718188477E-1,8.175997925E-1
6.577819750E0,1.554307800E1,9.792636108E-1,-1.762135620E0
6.587834750E0,1.736838226E1,2.032922516E0,-4.619693298E0
6.597849750E0,1.717378693E1,1.670675812E0,-6.899452515E0
6.607863750E0,1.632430344E1,1.145567780E0,-8.735384674E0
6.617878750E0,1.656500290E1,1.381776581E0,-1.142109970E1
6.627893750E0,1.738709335E1,1.986519012E0,-1.391536285E1
6.637907750E0,1.775742325E1,2.449206848E0,-1.541778854E1
6.647922750E0,1.723530899E1,2.511477356E0,-1.615964584E1
6.657936750E0,1.602028564E1,2.274819489E0,-1.601774094E1
6.667951750E0,1.484133728E1,1.773661652E0,-1.480017288E1
6.677966750E0,1.432341431E1,1.061143341E0,-1.314072372E1
6.687980750E0,1.401565430E1,5.411247253E-1,-1.160491745E1
6.697995750E0,1.345596817E1,2.525248718E-1,-1.109208389E1
6.708009750E0,1.312066544E1,2.213896179E-1,-1.142753632E1
6.718024750E0,1.310150528E1,3.790118408E-1,-1.174367889E1
6.728039750E0,1.330478256E1,7.479945374E-1,-1.204021225E1
6.738053750E0,1.403466476E1,1.320254517E0,-1.194306427E1
6.748068750E0,1.510254410E1,2.148182831E0,-1.181298477E1
6.758082750E0,1.576087509E1,2.666105804E0,-1.158680511E1
6.768097750E0,1.570698715E1,2.668650513E0,-1.090706863E1
6.778112750E0,1.545042068E1,2.713856506E0,-9.694889374E0
6.788126750E0,1.584979019E1,2.837349701E0,-7.898774414E0
6.798141750E0,1.625799133E1,2.903961182E0,-6.244414673E0
6.808156750E0,1.653641235E1,2.791694641E0,-4.496499481E0
6.818170750E0,1.654000488E1,2.339784393E0,-2.764750671E0
6.828185750E0,1.599633545E1,1.614392853E0,-1.116228790E0
6.838199750E0,1.502395752E1,9.433383179E-1,6.102809143E-1
6.848214750E0,1.409169617E1,6.661148071E-1,2.319576416E0
6.858229750E0,1.347033829E1,4.599934387E-1,3.897594910E0
6.868243750E0,1.261920822E1,2.881507874E-1,5.479205933E0
6.878258750E0,1.158261383E1,2.309696960E-1,6.884034576E0
6.888272750E0,1.085512665E1,-2.125579834E-2,7.806266785E0
6.898287750E0,1.035292099E1,2.829116821E-2,8.193212128E0
6.908302750E0,1.038809784E1,3.778143311E-1,8.525670776E0
6.918316750E0,1.054961197E1,5.746549988E-1,8.566386108E0
6.928331750E0,1.018137772E1,5.710624695E-1,8.416098633E0
6.938346750E0,9.359736328E0,5.047503662E-1,8.394842834E0
6.948360750E0,8.592282257E0,1.459465027E-1,8.566236420E0
6.958375750E0,7.486381989E0,-4.062551880E-1,8.804391174E0
6.968389750E0,6.355034637E0,-1.030606842E0,8.735384674E0
6.978404750E0,6.011948090E0,-1.475032654E0,8.445886688E0
6.988419750E0,6.163732452E0,-1.509011993E0,7.809110870E0
6.998433750E0,6.409671021E0,-1.279090118E0,6.198310547E0
7.008448750E0,6.361471252E0,-1.264121246E0,3.952979736E0
7.018462750E0,6.685247955E0,-1.150507507E0,1.743125153E0
7.028477750E0,7.069049835E0,-8.264314270E-1,-9.584568787E-1
7.038492750E0,7.308701477E0,-4.218228149E-1,-4.133204956E0
7.048506750E0,7.341034241E0,-3.216810608E-1,-7.025041351E0
7.058521750E0,7.190597076E0,-3.878434753E-1,-9.474098511E0
7.068535750E0,7.053631897E0,-2.222877502E-1,-1.191162964E1
7.078550750E0,7.055727539E0,1.927990723E-1,-1.360341156E1
7.088565750E0,7.372019806E0,4.721182251E-1,-1.418749695E1
7.098579750E0,7.353458405E0,4.709207153E-1,-1.436143524E1
7.108594750E0,7.070546722E0,4.508624268E-1,-1.419707703E1
7.118609750E0,6.601272583E0,2.748284912E-1,-1.414857788E1
7.128623750E0,5.946384430E0,1.511856079E-2,-1.454420517E1
7.138638750E0,5.294340363E0,-9.639953613E-2,-1.482951187E1
7.148652750E0,4.864733734E0,-1.851649475E-1,-1.468625977E1
7.158667750E0,4.574187927E0,-2.255809021E-1,-1.429647034E1
7.168682750E0,4.195924530E0,-2.463876343E-1,-1.393886398E1
7.178696750E0,4.158053284E0,-3.463796997E-1,-1.348740280E1
7.188711750E0,4.748874664E0,-2.035766602E-1,-1.296603699E1
7.198725750E0,5.341641998E0,1.764830017E-1,-1.253538254E1
7.208740750E0,5.737269287E0,2.284249878E-1,-1.177122162E1
7.218755750E0,5.576653290E0,-2.544708252E-3,-1.034004776E1
7.228769750E0,5.224286041E0,-2.263293457E-1,-8.746611328E0
7.238784750E0,5.256319427E0,-4.076023865E-1,-7.339237976E0
7.248799750E0,5.491630096E0,-4.330494690E-1,-6.226901093E0
7.258813750E0,5.896238708E0,-3.288661194E-1,-5.547014923E0
7.268828750E0,6.567143555E0,-2.619552612E-1,-4.984634399E0
7.278842750E0,7.453001404E0,-3.921844482E-2,-3.826492767E0
7.288857750E0,8.299191742E0,4.390370178E-1,-2.504891052E0
7.298872750E0,9.465117188E0,1.199156342E0,-1.540296936E0
7.308886750E0,1.117620895E1,2.229164429E0,-1.643582153E-1
7.318900875E0,1.206176743E1,2.695444794E0,1.818268890E0
7.328914875E0,1.226908630E1,2.584974518E0,3.779490509E0
7.338929875E0,1.228360611E1,2.542911987E0,5.152884521E0
7.348944875E0,1.245320343E1,2.797083435E0,5.641618195E0
7.358958875E0,1.285242325E1,3.237018585E0,5.385949860E0
7.368973875E0,1.333412155E1,3.610491943E0,4.742737427E0
7.378987875E0,1.390638153E1,3.993844757E0,3.401676178E0
7.389002875E0,1.493833557E1,4.920567627E0,1.523980865E0
7.399017875E0,1.690075470E1,6.110443268E0,-1.022373962E-1
7.409031875E0,1.899280426E1,6.910529480E0,-2.005828857E0
7.419046875E0,2.029629364E1,6.978039093E0,-4.404440918E0
7.429061875E0,2.083741837E1,6.444398804E0,-6.619833984E0
7.439075875E0,2.151700516E1,6.336922302E0,-9.158404999E0
7.449090875E0,2.218401810E1,6.467151489E0,-1.095796280E1
7.459104875E0,2.259850616E1,6.521338806E0,-1.213930618E1
7.469119875E0,2.233116211E1,6.357429657E0,-1.301214111E1
7.479134875E0,2.121927429E1,5.660029907E0,-1.258343262E1
7.489148875E0,1.940250229E1,4.620890808E0,-1.113279922E1
7.499163875E0,1.746867371E1,3.475323029E0,-9.290131073E0
7.509177875E0,1.552017563E1,2.411036224E0,-7.602540436E0
7.519192875E0,1.337229218E1,1.394350433E0,-6.117029572E0
7.529207875E0,1.114701965E1,5.445675659E-1,-4.697681122E0
7.539221875E0,9.156159668E0,-2.290237427E-2,-3.502716064E0
7.549236875E0,7.501799927E0,-3.481759644E-1,-2.316432953E0
7.559251875E0,6.185736694E0,-6.367758179E-1,-1.359922028E0
7.569265875E0,4.874762878E0,-9.777667236E-1,-5.722599792E-1
7.579280875E0,3.589535522E0,-1.209634552E0,-5.463638306E-2
7.589294875E0,2.256258087E0,-1.423240356E0,4.403842163E-1
7.599309875E0,7.297325134E-1,-1.798509979E0,1.156045990E0
7.609324875E0,-9.406439209E-1,-2.193239136E0,1.485061798E0
7.619338875E0,-2.595452728E0,-2.546654205E0,1.484762421E0
7.629353875E0,-4.014501801E0,-2.786006470E0,1.642534332E0
7.639367875E0,-5.204227753E0,-2.827320557E0,2.036964111E0
7.649382875E0,-6.262976074E0,-2.725532227E0,2.437980194E0
7.659397875E0,-7.226821747E0,-2.666255493E0,3.014581146E0
7.669411875E0,-8.380323029E0,-2.594105530E0,3.433559875E0
7.679426875E0,-8.803043976E0,-2.398162994E0,3.343746643E0
7.689440875E0,-8.382568359E0,-1.979932709E0,3.154091034E0
7.699455875E0,-7.783514099E0,-1.363215179E0,2.809058533E0
7.709470875E0,-7.353308716E0,-8.901988220E-1,2.658471680E0
7.719484875E0,-7.306605835E0,-3.132984924E-1,2.687660980E0
7.729499875E0,-7.026538239E0,1.203497314E-1,2.651286621E0
7.739514875E0,-6.284680939E0,1.128652954E-1,1.950593719E0
7.749528875E0,-4.609065399E0,3.939807129E-1,3.294648743E-1
7.759543875E0,-1.044827271E-1,1.701960754E0,-1.115779724E0
7.769557875E0,6.248905334E0,3.967349854E0,-3.091970215E0
7.779572875E0,1.120105728E1,5.781726837E0,-7.017107849E0
7.789587875E0,1.408630737E1,5.780080261E0,-1.177017380E1
7.799601875E0,1.693742844E1,5.561684418E0,-1.508622803E1
7.809616875E0,2.032802765E1,6.161636810E0,-1.504775803E1
7.819630875E0,2.351684647E1,7.031927032E0,-1.259929962E1
7.829645875E0,2.542313232E1,7.595954132E0,-9.623787231E0
7.839660875E0,2.542777267E1,7.256460114E0,-6.676865387E0
7.849674875E0,2.353645569E1,5.973777466E0,-4.427492981E0
7.859689875E0,2.038490936E1,4.615801392E0,-3.380121002E0
7.869703875E0,1.736943008E1,3.758983154E0,-2.877765656E0
7.879718875E0,1.519430328E1,3.253334656E0,-2.424657898E0
7.889733875E0,1.402179153E1,3.096161499E0,-2.210004272E0
7.899747875E0,1.356524094E1,3.213517456E0,-1.885479126E0
7.909762875E0,1.294208679E1,2.905757446E0,-1.616338806E0
7.919777875E0,1.293130920E1,2.430795135E0,-1.765877838E0
7.929791875E0,1.008318192E1,2.094893646E0,-1.166524200E0
7.939806875E0,8.191565552E0,7.011419678E-1,-1.493294678E0
7.949820875E0,6.798113251E0,2.595602417E-1,-2.233954468E0
7.959835875E0,5.600902863E0,2.195933533E-1,-2.691702576E0
7.969850875E0,5.214556274E0,1.384620667E-1,-3.118614807E0
7.979864875E0,4.860243073E0,2.409988403E-1,-3.110980682E0
7.989879875E0,4.168830872E0,-6.137237549E-3,-2.622696075E0
7.999893875E0,3.776047668E0,-3.929328918E-1,-1.396296387E0
8.009908875E0,3.668421478E0,4.370910645E-2,3.474275208E-1
8.019923875E0,3.266507263E0,9.139993286E-1,2.207309875E0
8.029937875E0,3.555107117E0,1.210832062E0,2.933599548E0
8.039952875E0,3.584595795E0,1.031205597E0,1.131347351E0
8.049967875E0,2.477048950E0,1.388362885E0,3.457809448E-1
8.059981875E0,1.945803680E0,1.470092926E0,-1.248852997E0
8.069996875E0,1.379082184E0,1.556014252E0,-2.872975616E0
8.080010875E0,2.467917938E0,2.092798004E0,-3.706592102E0
8.090025875E0,4.438869324E0,3.541784821E0,-3.293750610E0
8.100040875E0,6.384223938E0,4.707111511E0,-2.295476532E0
8.110054875E0,6.814728699E0,5.518424377E0,-1.934726715E0
8.120069875E0,6.549779663E0,5.663622437E0,-3.333867188E0
8.130083875E0,6.735243988E0,5.803282013E0,-5.468578033E0
8.140098875E0,6.577023010E0,6.358178101E0,-6.947502594E0
8.150113875E0,6.081253967E0,5.841003571E0,-7.909552002E0
8.160127875E0,5.279521179E0,4.206552429E0,-7.984246674E0
8.170142875E0,3.932173004E0,2.317031708E0,-6.137686615E0
8.180156875E0,4.469705200E0,3.315605164E0,-2.498753815E0
8.190171875E0,7.322622528E0,5.231620789E0,-1.005159760E0
8.200186875E0,8.966054993E0,5.045108643E0,-1.152603149E-2
8.210200875E0,9.281000061E0,4.467160492E0,-4.176315308E-2
8.220215875E0,1.016685791E1,4.050127716E0,-5.863307190E-1
8.230230875E0,1.211026657E1,4.550237732E0,-6.171665955E-1
8.240244875E0,1.444121933E1,5.569168854E0,1.090632019E0
8.250259875E0,1.612955841E1,6.466702423E0,3.473975830E0
8.260273875E0,1.643402527E1,7.017856293E0,4.465663605E0
8.270288875E0,1.605186996E1,6.713389435E0,3.100951538E0
8.280303875E0,1.631038239E1,6.789131927E0,4.520599365E-1
8.290317875E0,1.779170197E1,7.386539612E0,-1.345701599E0
8.300332875E0,1.890194321E1,7.306605835E0,-1.164578247E0
8.310346875E0,2.043086380E1,6.390660553E0,1.520088959E0
8.320362292E0,1.883757706E1,8.065827026E0,4.653373260E0
8.330377292E0,2.014316208E1,8.175997925E0,5.472320251E0
8.340391292E0,2.337778564E1,7.740254059E0,9.077722778E0
8.350406292E0,2.452485031E1,8.988657990E0,1.183783310E1
8.360420292E0,2.495310974E1,9.325906677E0,1.177601166E1
8.370435292E0,2.453008942E1,9.401948547E0,1.036669235E1
8.380450292E0,2.257889694E1,9.235794067E0,8.140222321E0
8.390464292E0,1.990725266E1,8.601862335E0,5.603447571E0
8.400479292E0,1.733829483E1,8.439300385E0,3.042572937E0
8.410494292E0,1.691811859E1,8.193212128E0,1.240470428E0
8.420508292E0,2.172177933E1,7.853119354E0,4.650828552E0
8.430523292E0,2.437276657E1,7.857610016E0,1.105301514E1
8.440537292E0,2.305206299E1,6.477480011E0,1.359832214E1
8.450552292E0,2.044912582E1,5.099445648E0,1.445843353E1
8.460567292E0,1.817834793E1,4.399950256E0,1.424303146E1
8.470581292E0,1.559487030E1,3.770359497E0,1.281006134E1
8.480596292E0,1.181148788E1,2.443368988E0,1.088955505E1
8.490610292E0,8.203840027E0,1.173709259E0,8.961863708E0
8.500625292E0,6.843618622E0,7.828720093E-2,8.260122986E0
8.510640292E0,9.144483948E0,-2.498304749E-1,8.255183258E0
8.520654292E0,1.499416946E1,2.132016449E0,8.154742126E0
8.530669292E0,1.836366257E1,3.926035767E0,7.788453827E0
8.540683292E0,1.973166779E1,3.706741791E0,8.346942444E0
8.550698292E0,2.025782364E1,4.259991302E0,8.763376465E0
8.560713292E0,1.896496216E1,4.002377014E0,5.981411591E0
8.570727292E0,1.768677017E1,2.906954956E0,2.379900970E0
8.580742292E0,1.632295624E1,2.178270264E0,-2.166744232E0
8.590757292E0,1.553200104E1,1.579964447E0,-5.731730804E0
8.600771292E0,1.596265549E1,1.093176727E0,-5.658533020E0
8.610786292E0,1.647234558E1,8.399034119E-1,-4.406536560E0
8.620800292E0,1.658431274E1,1.933978271E-1,-3.008294220E0
8.630815292E0,1.607911331E1,-5.077441406E-1,-1.269060974E0
8.640830292E0,1.482786530E1,-1.064436493E0,-3.603007507E-1
8.650844292E0,1.362167358E1,-1.412163391E0,-1.920506287E-1
8.660859292E0,1.216116074E1,-1.873653717E0,5.897735596E-2
8.670873292E0,9.737850037E0,-2.952011261E0,9.145980835E-1
8.680888292E0,7.197183380E0,-3.747906189E0,1.831890564E0
8.690903292E0,4.691992950E0,-4.298461304E0,2.092348938E0
8.700917292E0,2.173629913E0,-4.664899292E0,2.195933533E0
8.710932292E0,1.628613281E-1,-4.760400696E0,2.351609802E0
8.720946292E0,-1.439556427E0,-4.417912903E0,2.728825378E0
8.730961292E0,-2.763553162E0,-4.070186005E0,3.411405945E0
8.740976292E0,-4.537214813E0,-4.051624603E0,4.268373871E0
8.750990292E0,-6.754254456E0,-4.147425385E0,4.511767731E0
8.761005292E0,-8.487500153E0,-4.072880402E0,4.675377502E0
8.771020292E0,-9.460626526E0,-3.651806030E0,5.003794556E0
8.781034292E0,-9.801018677E0,-3.165317688E0,5.497617645E0
8.791049292E0,-9.948162689E0,-2.604134674E0,6.146069183E0
8.801063292E0,-1.003318588E1,-2.369572449E0,6.417305145E0
8.811078292E0,-1.027568161E1,-2.482138367E0,5.391787720E0
8.821093292E0,-1.039273819E1,-2.609224091E0,4.234394531E0
8.831107292E0,-9.860295410E0,-2.655926971E0,4.781656494E0
8.841122292E0,-8.965456238E0,-2.455044708E0,6.386020203E0
8.851136292E0,-8.178842010E0,-2.011966095E0,7.128925323E0
8.861151292E0,-6.969357147E0,-1.412612457E0,7.236850891E0
8.871166292E0,-5.575156403E0,-7.872129822E-1,7.044800262E0
8.881180292E0,-4.349804535E0,-2.444416809E-1,6.267466736E0
8.891195292E0,-3.774550781E0,6.870712280E-2,5.345833282E0
8.901209292E0,-3.290158081E0,5.239105225E-2,3.395688629E0
8.911224292E0,-1.775906982E0,6.141728210E-1,9.560618591E-1
8.921239292E0,6.634204102E-1,1.600771179E0,-1.039288788E0
8.931253292E0,3.814218292E0,2.956501923E0,-2.698887634E0
8.941268292E0,6.771468658E0,4.143084412E0,-4.703069916E0
8.951282292E0,8.433612213E0,4.679269409E0,-7.233557739E0
8.961297292E0,9.830207977E0,4.891677704E0,-1.012868729E1
8.971312292E0,1.225711121E1,5.285508728E0,-1.286230270E1
8.981326292E0,1.582075058E1,6.182892609E0,-1.505988281E1
8.991341292E0,1.939022781E1,7.196285248E0,-1.673789337E1
9.001355292E0,2.151565796E1,7.346273346E0,-1.780412613E1
9.011370292E0,2.195110245E1,6.909331970E0,-1.810065948E1
9.021385292E0,2.207399689E1,6.467151489E0,-1.888053772E1
9.031399292E0,2.203612564E1,5.710774384E0,-1.984752686E1
9.041414292E0,2.135144943E1,5.015470276E0,-2.112931137E1
9.051429292E0,1.981609222E1,4.590354309E0,-2.194750992E1
9.061443292E0,1.796653839E1,3.931424561E0,-2.171175018E1
9.071458292E0,1.554726929E1,3.269800415E0,-2.060824493E1
9.081472292E0,1.297801208E1,2.541864166E0,-1.930565369E1
9.091487292E0,1.020487885E1,1.597627716E0,-1.799692520E1
9.101502292E0,7.526947632E0,4.480183411E-1,-1.615365829E1
9.111516292E0,4.972359924E0,-7.655081177E-1,-1.374007736E1
9.121531292E0,2.789898376E0,-1.676214294E0,-1.115689911E1
9.131545292E0,1.305135956E0,-1.869612122E0,-9.056466980E0
9.141560292E0,6.418652344E-1,-1.727856903E0,-7.118447113E0
9.151575292E0,4.016148376E-1,-1.364113312E0,-5.570366364E0
9.161589292E0,-1.736389160E-2,-8.602610779E-1,-4.648433533E0
9.171604292E0,-1.222956848E-1,-5.288502502E-1,-4.301754456E0
9.181618292E0,4.035607910E-1,-2.320175171E-1,-4.420158234E0
9.191633292E0,1.006956024E0,9.819580078E-2,-4.386478271E0
9.201648292E0,1.669777679E0,8.125103760E-1,-3.951632538E0
9.211662292E0,2.937192078E0,1.862576752E0,-3.172652435E0
9.221677292E0,4.057761841E0,2.804867249E0,-1.951042786E0
9.231691292E0,5.010081482E0,3.493884430E0,-7.146139526E-1
9.241706292E0,6.511758728E0,3.998335419E0,1.302142181E0
9.251721292E0,8.666228485E0,4.791685638E0,3.806284790E0
9.261735292E0,1.030981064E1,5.550158386E0,5.366490326E0
9.271750292E0,1.129042145E1,5.823639679E0,6.691834259E0
9.281764292E0,1.227507385E1,6.085295563E0,7.695048065E0
9.291779292E0,1.334145630E1,6.637946320E0,7.901768188E0
9.301794292E0,1.452968536E1,7.400610352E0,8.033943329E0
9.311808292E0,1.612746277E1,8.254135437E0,7.719447327E0
9.321822875E0,1.734024078E1,8.923094330E0,7.499554596E0
9.331837875E0,1.770682846E1,9.120533752E0,7.705077209E0
9.341851875E0,1.774619659E1,8.735534363E0,7.753127289E0
9.351866875E0,1.753214172E1,8.263116760E0,7.714507599E0
9.361880875E0,1.695509171E1,7.882907410E0,6.843019867E0
9.371895875E0,1.625095596E1,7.337441711E0,5.363197174E0
9.381910875E0,1.541075317E1,6.804849243E0,3.694317627E0
9.391924875E0,1.481214798E1,6.355783081E0,1.664837952E0
9.401939875E0,1.425515625E1,5.966143341E0,-6.035449219E-1
9.411953875E0,1.349653381E1,5.496270447E0,-2.392774200E0
9.421968875E0,1.265707947E1,4.953648834E0,-3.943998413E0
9.431983875E0,1.146570694E1,4.307292938E0,-5.351671143E0
9.441997875E0,1.003617966E1,3.531605988E0,-6.508315887E0
9.452012875E0,8.785081329E0,2.637964325E0,-6.996899872E0
9.462026875E0,7.798632660E0,1.673220520E0,-7.378755798E0
9.472041875E0,6.658004608E0,6.665638733E-1,-7.903115387E0
9.482056875E0,5.515879669E0,-8.801696777E-2,-9.061556396E0
9.492070875E0,4.835394745E0,-3.360511780E-1,-1.078387482E1
9.502085875E0,4.499343567E0,-2.417472839E-1,-1.218481155E1
9.512099875E0,4.308789825E0,4.655319214E-2,-1.298145493E1
9.522114875E0,3.654650116E0,2.874023438E-2,-1.361643448E1
9.532129875E0,2.486479340E0,-4.246669006E-1,-1.391985352E1
9.542143875E0,1.051563263E0,-1.057850189E0,-1.389051453E1
9.552158875E0,-2.245330811E-1,-1.506766663E0,-1.362167358E1
9.562172875E0,-1.036594391E0,-1.643432465E0,-1.345581848E1
9.572187875E0,-1.395997009E0,-1.418450317E0,-1.306348434E1
9.582202875E0,-1.542242889E0,-1.123713226E0,-1.242221786E1
9.592216875E0,-1.736688538E0,-8.785231018E-1,-1.155626862E1
9.602231875E0,-2.078128510E0,-8.669970703E-1,-1.058568695E1
9.612245875E0,-2.726729736E0,-9.196875000E-1,-9.588460693E0
9.622260875E0,-3.144061890E0,-8.617579651E-1,-8.858728180E0
9.632275875E0,-3.056943054E0,-8.044271851E-1,-8.258177032E0
9.642289875E0,-3.101849670E0,-1.018032990E0,-6.943460999E0
9.652304875E0,-2.897225189E0,-1.165775757E0,-5.460345154E0
9.662318875E0,-2.524051208E0,-1.363664246E0,-3.816014557E0
9.672333875E0,-2.178869019E0,-1.539997559E0,-2.786605225E0
9.682348875E0,-1.367256775E0,-1.744771729E0,-2.038161621E0
9.692362875E0,-1.627116394E-1,-1.383273468E0,-1.890568542E0
9.702377875E0,1.760039978E0,-8.743318176E-1,-2.224374390E0
9.712391875E0,4.866380310E0,-1.963916016E-1,-2.473007355E0
9.722406875E0,7.959997101E0,6.397695923E-1,-2.724634094E0
9.732421875E0,1.041668839E1,1.308279419E0,-3.352129211E0
9.742435875E0,1.318817505E1,1.720671844E0,-4.498744812E0
9.752450875E0,1.619976242E1,2.701731720E0,-6.227499847E0
9.762464875E0,1.879326920E1,3.815864868E0,-7.143894196E0
9.772479875E0,2.068787933E1,4.718038788E0,-7.171436920E0
9.782494875E0,2.203388031E1,5.159770203E0,-7.319479065E0
9.792508875E0,2.293964676E1,5.089865570E0,-6.743327179E0
9.802523875E0,2.323183914E1,4.820874939E0,-5.947282562E0
9.812538875E0,2.270583298E1,4.817731476E0,-5.782026215E0
9.822552875E0,2.179512680E1,5.070106659E0,-6.779851227E0
9.832567875E0,2.072470276E1,5.206473083E0,-7.916138306E0
9.842581875E0,1.955757980E1,5.213358765E0,-8.510851593E0
9.852596875E0,1.812640594E1,5.179379425E0,-9.115893402E0
9.862611875E0,1.635439087E1,4.880301361E0,-9.275162201E0
9.872625875E0,1.447145645E1,4.195625153E0,-8.576265564E0
9.882640875E0,1.259705429E1,3.382965088E0,-7.013365631E0
9.892654875E0,1.081560883E1,2.710713043E0,-5.595514069E0
9.902669875E0,9.200168152E0,2.317031708E0,-4.928800507E0
9.912684875E0,7.801027679E0,1.946552124E0,-4.199666748E0
9.922698875E0,6.256389771E0,1.467099152E0,-3.417094116E0
9.932713875E0,4.700076141E0,9.604028320E-1,-2.878813477E0
9.942727875E0,3.487447815E0,5.258564758E-1,-2.082020416E0
9.952742875E0,2.621797943E0,1.715432739E-1,-1.269959106E0
9.962757875E0,1.929936676E0,-2.016307068E-1,-9.056167603E-1
9.972771875E0,1.232087860E0,-6.286926270E-1,2.350112915E-2
9.982786875E0,7.966433716E-1,-8.987310791E-1,1.323547668E0
9.992800875E0,6.494993591E-1,-1.207389221E0,2.467917938E0
1.000281587E1,3.565585327E-1,-1.645378418E0,3.965703278E0
1.001282987E1,-1.621128845E-1,-2.370919647E0,5.112767944E0
1.002284487E1,-1.057401123E0,-3.356021118E0,5.318739624E0
1.003285988E1,-1.350641327E0,-3.714076538E0,5.636678467E0
1.004287387E1,1.266366577E-1,-3.380121002E0,6.498586121E0
1.005288887E1,1.437909851E0,-3.043770447E0,6.891369324E0
1.006290387E1,1.585502930E0,-3.627556458E0,6.151907043E0
1.007291787E1,1.484163666E0,-4.427193604E0,4.511468353E0
1.008293287E1,2.048041077E0,-4.862937469E0,2.433489532E0
1.009294688E1,3.847000122E0,-4.628973999E0,7.173083496E-1
1.010296187E1,6.033203888E0,-4.309089203E0,-1.662442932E0
1.011297687E1,7.876321106E0,-4.143832855E0,-5.444328461E0
1.012299087E1,9.551188202E0,-4.089346161E0,-9.404044189E0
1.013300587E1,1.105181763E1,-4.144431610E0,-1.383273468E1
1.014301987E1,1.261037659E1,-3.798800354E0,-1.858804596E1
1.015303488E1,1.477756989E1,-3.018622742E0,-2.173794571E1
1.016304988E1,1.767674103E1,-1.819616089E0,-2.317570587E1
1.017306387E1,2.019151154E1,-4.920268250E-1,-2.423924423E1
1.018307887E1,2.213372269E1,-7.214996338E-1,-2.560216003E1
1.019309287E1,2.226050903E1,-2.610571289E-1,-2.540097839E1
1.020310787E1,2.203283249E1,-6.730004883E-1,-2.415616699E1
1.021312287E1,2.112556915E1,-1.323248291E0,-2.314591782E1
1.022313687E1,1.982552261E1,-1.829345856E0,-2.277364197E1
1.023315187E1,1.862187561E1,-2.239792328E0,-2.271481430E1
1.024316587E1,1.777134430E1,-2.249671783E0,-2.240166550E1
1.025318087E1,1.674657532E1,-2.136806488E0,-2.156969559E1
1.026319587E1,1.552855820E1,-2.195933533E0,-2.005364822E1
1.027320988E1,1.433314407E1,-2.455044708E0,-1.815394867E1
1.028322488E1,1.317365524E1,-2.878963165E0,-1.617551285E1
1.029323887E1,1.208945984E1,-3.275787964E0,-1.451232147E1
1.030325387E1,1.119417160E1,-3.411106567E0,-1.306737625E1
1.031326887E1,1.044647644E1,-3.388503571E0,-1.173649384E1
1.032328325E1,9.681716766E0,-3.473975830E0,-1.030487091E1
1.033329825E1,8.923842773E0,-3.491489410E0,-9.007818146E0
1.034331225E1,8.307274933E0,-3.497926025E0,-7.547305298E0
1.035332725E1,7.536677399E0,-3.674409027E0,-6.017187195E0
1.036334125E1,6.471043396E0,-3.852688293E0,-4.553830261E0
1.037335625E1,5.496420135E0,-3.895948334E0,-3.111429749E0
1.038337125E1,4.771777039E0,-3.768563232E0,-1.723815308E0
1.039338525E1,4.184697876E0,-3.572471008E0,-4.320016479E-1
1.040340025E1,3.524720306E0,-3.436104584E0,1.124761047E0
1.041341425E1,2.837649078E0,-3.246898041E0,2.566413116E0
1.042342925E1,2.297272797E0,-2.888393555E0,3.411705322E0
1.043344425E1,1.976489868E0,-2.356399841E0,4.002526703E0
1.044345825E1,1.921554108E0,-1.736838226E0,4.449946289E0
1.045347325E1,1.926194458E0,-1.291963348E0,4.769082642E0
1.046348725E1,2.069446564E0,-6.614744568E-1,5.186115417E0
1.047350225E1,2.320773926E0,-4.535568237E-2,5.322930908E0
1.048351725E1,2.283052368E0,2.811154175E-1,4.969515839E0
1.049353125E1,1.307830353E0,-8.442443848E-2,4.761298828E0
1.050354625E1,4.122427368E-1,-4.013154602E-1,5.155429230E0
1.051356025E1,1.481918335E-1,-3.061134338E-1,5.567222900E0
1.052357525E1,2.793191528E-1,-6.032455444E-2,5.459297333E0
1.053359025E1,8.803193665E-1,4.014651489E-1,5.700296173E0
1.054360425E1,2.878364410E0,1.439556427E0,6.219716034E0
1.055361925E1,5.629493408E0,2.874472504E0,6.461762695E0
1.056363325E1,8.732989655E0,4.003424835E0,6.195316772E0
1.057364825E1,1.161210251E1,4.667743378E0,5.129832458E0
1.058366325E1,1.322963882E1,4.668791199E0,2.805915070E0
1.059367725E1,1.372436005E1,3.761078796E0,9.120533752E-1
1.060369225E1,1.341749817E1,2.916834412E0,-4.285588074E-1
1.061370625E1,1.321032898E1,2.421664124E0,-1.160386963E0
1.062372125E1,1.329595093E1,1.978735199E0,-9.119036865E-1
1.063373625E1,1.271590714E1,1.470541992E0,-1.298549652E0
1.064375025E1,1.204754700E1,1.028211823E0,-2.738405457E0
1.065376525E1,1.172077652E1,4.421804810E-1,-4.079017639E0
1.066377925E1,1.131646729E1,2.174977112E-1,-7.047494659E0
1.067379425E1,1.124431732E1,5.188211060E-1,-1.072923843E1
1.068380925E1,1.110974716E1,6.798861694E-1,-1.308099792E1
1.069382325E1,1.035456757E1,3.770658875E-1,-1.431039139E1
1.070383825E1,9.013356628E0,-4.099974060E-1,-1.500389923E1
1.071385225E1,7.283553772E0,-1.668580170E0,-1.567510345E1
1.072386725E1,5.487588501E0,-2.246678009E0,-1.742511429E1
1.073388225E1,4.720733185E0,-1.992356873E0,-1.882470383E1
1.074389625E1,4.786296844E0,-1.488804016E0,-1.899310364E1
1.075391125E1,4.361929321E0,-1.411714325E0,-1.851978790E1
1.076392525E1,3.042872314E0,-1.912872162E0,-1.800306244E1
1.077394025E1,1.525178375E0,-2.500250702E0,-1.758453278E1
1.078395525E1,6.161187744E-1,-2.901117096E0,-1.690838882E1
1.079396925E1,4.400848389E-2,-3.249442749E0,-1.692275894E1
1.080398425E1,7.484436035E-4,-3.225791931E0,-1.779230072E1
1.081399825E1,2.862048340E-1,-2.992127838E0,-1.866244125E1
1.082401325E1,2.368075562E-1,-2.779869232E0,-1.871168884E1
1.083402725E1,4.117936707E-1,-2.684966583E0,-1.761177612E1
1.084404225E1,8.297245789E-1,-2.584675140E0,-1.590053467E1
1.085405725E1,1.091530151E0,-2.616259460E0,-1.391940445E1
1.086407125E1,1.036594391E0,-2.815794525E0,-1.197195419E1
1.087408625E1,1.196761322E0,-2.841091919E0,-1.033600616E1
1.088410025E1,2.114652557E0,-2.586022339E0,-9.270671539E0
1.089411525E1,3.187022552E0,-2.256707153E0,-8.649912415E0
1.090413025E1,3.858825531E0,-1.980232086E0,-8.208929443E0
1.091414425E1,4.486320648E0,-1.598376160E0,-7.604486389E0
1.092415925E1,5.611530762E0,-9.888436890E-1,-7.342980194E0
1.093417325E1,7.257807312E0,-3.649411011E-1,-7.500003662E0
1.094418825E1,8.733887787E0,2.037263489E-1,-7.257358246E0
1.095420325E1,9.562714233E0,2.784210205E-1,-6.604565735E0
1.096421725E1,9.870474243E0,2.050735474E-1,-6.574029236E0
1.097423225E1,1.069525909E1,6.038442993E-1,-6.608008575E0
1.098424625E1,1.230845444E1,1.341959381E0,-6.434669037E0
1.099426125E1,1.428254929E1,2.512824554E0,-6.954687653E0
1.100427525E1,1.590771973E1,3.484154663E0,-8.398884430E0
1.101429025E1,1.724204498E1,3.692970428E0,-9.659413147E0
1.102430525E1,1.823373276E1,3.731141052E0,-1.153621033E1
1.103431925E1,1.862591721E1,3.558400269E0,-1.364682129E1
1.104433425E1,1.882485352E1,3.053350525E0,-1.516840714E1
1.105434825E1,1.887035889E1,2.977458344E0,-1.709654755E1
1.106436325E1,1.866753067E1,2.891087952E0,-1.749277359E1
1.107437825E1,1.803539520E1,2.798131256E0,-1.677726151E1
1.108439225E1,1.675929886E1,2.461930389E0,-1.602163284E1
1.109440725E1,1.475661346E1,1.812880096E0,-1.486423965E1
1.110442125E1,1.237341934E1,9.509724426E-1,-1.336151459E1
1.111443625E1,9.929601288E0,1.410067749E-1,-1.104583008E1
1.112445125E1,7.888146515E0,-4.653822327E-1,-8.695268097E0
1.113446525E1,6.299350433E0,-8.731343079E-1,-6.306535492E0
1.114448025E1,4.935237122E0,-1.198108521E0,-4.102518768E0
1.115449425E1,3.421135712E0,-1.506317596E0,-2.164349213E0
1.116450925E1,1.951192474E0,-1.599124603E0,-5.333409119E-1
1.117452425E1,4.044589233E-1,-1.785936127E0,9.134005737E-1
1.118453825E1,-1.447489929E0,-1.937720490E0,2.124532013E0
1.119455325E1,-3.399131470E0,-2.105072479E0,3.092119904E0
1.120456725E1,-5.152435455E0,-2.188898163E0,3.712729340E0
1.121458225E1,-6.464457092E0,-2.236199799E0,5.014721832E0
1.122459625E1,-7.741601257E0,-2.048490143E0,6.733747101E0
1.123461125E1,-9.091943207E0,-1.710043945E0,8.386160889E0
1.124462625E1,-1.063628174E1,-1.034349060E0,9.492360535E0
1.125464025E1,-1.200443665E1,-4.432283020E-1,9.742789764E0
1.126465525E1,-1.271680527E1,1.651066589E-1,9.394763489E0
1.127466925E1,-1.160791122E1,9.876461792E-1,9.087901611E0
1.128468425E1,-7.752678223E0,1.851499786E0,8.438252563E0
1.129469925E1,-3.105142822E0,1.961071930E0,6.068231049E0
1.130471325E1,6.218069458E-1,1.263522491E0,1.814227295E-1
1.131472825E1,3.014281769E0,-2.082170105E-1,-8.511749725E0
1.132474237E1,6.059100037E0,-4.911286926E-1,-1.509955032E1
1.133475737E1,1.152258865E1,1.142723694E0,-1.690329941E1
1.134477237E1,1.790995605E1,3.041674805E0,-1.551793030E1
1.135478637E1,2.257171188E1,3.569926300E0,-1.279733780E1
1.136480137E1,2.427846268E1,3.027903442E0,-9.786498871E0
1.137481538E1,2.357193192E1,2.801274719E0,-6.877298584E0
1.138483038E1,2.095806747E1,2.166744232E0,-5.164111176E0
1.139484437E1,1.703607330E1,7.628137207E-1,-5.229974213E0
1.140485937E1,1.298953812E1,-4.144880676E-1,-5.954317932E0
1.141487437E1,8.693471832E0,-1.392703857E0,-7.088958435E0
1.142488837E1,5.074747009E0,-1.333876190E0,-9.068292389E0
1.143490337E1,4.325854340E0,4.318519592E-1,-9.296118622E0
1.144491737E1,3.957021332E0,1.921554108E0,-8.752748566E0
1.145493237E1,2.854713593E0,2.764900360E0,-9.057215424E0
1.146494737E1,1.357227631E0,3.067271576E0,-9.585616608E0
1.147496137E1,-1.908531189E-1,3.040926361E0,-1.063209045E1
1.148497637E1,-1.104702759E0,3.163222046E0,-1.157168655E1
1.149499038E1,-1.303190002E0,3.562741241E0,-1.239048386E1
1.150500538E1,-7.319778442E-1,4.020639038E0,-1.316497330E1
1.151501937E1,3.914360046E-1,4.906796265E0,-1.440170151E1
1.152503437E1,9.701325989E-1,5.642366638E0,-1.605381592E1
1.153504937E1,9.075627136E-1,6.074368286E0,-1.689192307E1
1.154506337E1,1.223705292E0,6.561156006E0,-1.702724167E1
1.155507837E1,2.600093079E0,7.121440887E0,-1.679687073E1
1.156509237E1,3.995790710E0,7.541617126E0,-1.623718460E1
1.157510737E1,5.458548889E0,7.993826752E0,-1.592628113E1
1.158512237E1,7.991731110E0,8.717122650E0,-1.713037720E1
1.159513637E1,1.062789917E1,9.405092010E0,-1.933319641E1
1.160515137E1,1.314955536E1,1.020143600E1,-2.060165863E1
1.161516538E1,1.516346741E1,1.074106384E1,-2.103036713E1
1.162518038E1,1.612746277E1,1.068597839E1,-2.105686203E1
1.163519437E1,1.675331131E1,1.025247986E1,-2.030931656E1
1.164520937E1,1.691497513E1,9.470356293E0,-1.919593185E1
1.165522437E1,1.634196671E1,8.149802399E0,-1.867381760E1
1.166523837E1,1.602612350E1,6.846313019E0,-1.859822479E1
1.167525337E1,1.611204483E1,6.117179260E0,-1.795441360E1
1.168526737E1,1.597822311E1,5.154082031E0,-1.634421204E1
1.169528237E1,1.509895157E1,3.819008331E0,-1.407418259E1
1.170529737E1,1.469314545E1,2.594853973E0,-1.167751648E1
1.171531137E1,1.502560410E1,2.506986694E0,-1.058374100E1
1.172532637E1,1.478879654E1,2.100432129E0,-9.890532532E0
1.173534037E1,1.410876068E1,1.427281952E0,-8.632698212E0
1.174535538E1,1.338636292E1,4.323010254E-1,-7.407046967E0
1.175536937E1,1.275452682E1,-2.182461548E-1,-7.017257538E0
1.176538437E1,1.232417175E1,-2.859054565E-1,-7.408693542E0
1.177539937E1,1.115959351E1,-5.216651917E-1,-6.919510803E0
1.178541337E1,9.547895050E0,-5.447172546E-1,-6.741530914E0
1.179542837E1,7.689958649E0,-6.520440674E-1,-6.518494720E0
1.180544237E1,5.773643646E0,-1.135838013E0,-5.288203125E0
1.181545737E1,3.743116150E0,-2.017654266E0,-3.798650665E0
1.182547237E1,1.058748322E0,-2.963537292E0,-1.859582977E0
1.183548637E1,-1.213227081E0,-3.200943604E0,-7.393125916E-1
1.184550137E1,-2.336640930E0,-3.051554260E0,3.053649902E-2
1.185551537E1,-2.711461487E0,-2.984643402E0,2.980302429E0
1.186553038E1,-3.097508698E0,-2.728975067E0,6.061345367E0
1.187554437E1,-3.385060730E0,-1.860780487E0,7.724985809E0
1.188555937E1,-3.887715454E0,-7.896080017E-1,8.658145294E0
1.189557437E1,-4.509073334E0,-3.993695068E-1,8.948092346E0
1.190558837E1,-5.029091949E0,-1.775308228E-1,8.439899139E0
1.191560337E1,-5.108277283E0,1.660047913E-1,6.756350098E0
1.192561738E1,-4.524940338E0,1.204395447E0,3.844754791E0
1.193563237E1,-4.831353149E0,1.755998383E0,7.958949280E-1
1.194564737E1,-5.525908813E0,2.049388275E0,-3.849993896E-1
1.195566137E1,-5.714516602E0,2.442470856E0,-7.488926697E-1
1.196567637E1,-6.081253967E0,2.421664124E0,-1.261576538E0
1.197569037E1,-6.120921478E0,2.021246796E0,-8.381071472E-1
1.198570538E1,-5.633385315E0,1.897005157E0,5.596861267E-1
1.199571937E1,-4.982538757E0,1.950294342E0,1.571731567E0
1.200573437E1,-5.141208801E0,1.694027252E0,2.129621429E0
1.201574937E1,-6.086493073E0,1.027014313E0,1.700164490E0
1.202576337E1,-6.214925995E0,7.952961731E-1,1.626218262E0
1.203577837E1,-5.723797302E0,8.062234497E-1,2.294129333E0
1.204579238E1,-5.060077515E0,9.843530273E-1,2.440375214E0
1.205580737E1,-4.584965515E0,9.966275024E-1,2.480491791E0
1.206582137E1,-4.310885468E0,1.171164551E0,2.270927582E0
1.207583637E1,-3.459456024E0,1.310674438E0,1.206491089E0
1.208585137E1,-1.415905609E0,2.189796295E0,2.318678284E-1
1.209586537E1,9.490264893E-1,3.645519104E0,-1.361867981E0
1.210588038E1,1.366807709E0,3.936513977E0,-3.558699646E0
1.211589437E1,1.195713501E0,3.951033783E0,-5.623206482E0
1.212590937E1,1.836381226E0,4.534969482E0,-8.456065521E0
1.213592337E1,2.531685333E0,5.098996582E0,-1.182076859E1
1.214593837E1,3.447181549E0,5.409450989E0,-1.500614456E1
1.215595337E1,5.140759735E0,5.780529327E0,-1.745340546E1
1.216596738E1,7.038962402E0,6.036946106E0,-1.956865677E1
1.217598237E1,8.415200500E0,6.047723694E0,-2.078667389E1
1.218599637E1,9.706116028E0,6.168522491E0,-2.139979889E1
1.219601137E1,1.084584595E1,6.535858612E0,-2.203822128E1
1.220602637E1,1.128757736E1,6.287375336E0,-2.199660782E1
1.221604037E1,1.084719315E1,5.385500793E0,-2.135863449E1
1.222605538E1,9.616901550E0,4.578678589E0,-2.096330658E1
1.223606937E1,8.496631165E0,4.134402466E0,-2.064791245E1
1.224608437E1,7.579937439E0,3.782035217E0,-2.028686325E1
1.225609837E1,6.414910126E0,3.402424622E0,-2.014001862E1
1.226611337E1,4.631967773E0,3.118465118E0,-1.987072861E1
1.227612837E1,2.687511292E0,2.683918762E0,-1.850526810E1
1.228614238E1,5.170248413E-1,2.278412018E0,-1.730386642E1
1.229615737E1,-1.551673279E0,1.950444031E0,-1.559367279E1
1.230617137E1,-2.729573822E0,1.482367401E0,-1.278970367E1
1.231618637E1,-3.186274109E0,1.172362061E0,-9.526639252E0
1.232620029E1,-2.878813477E0,1.327289886E0,-6.275699615E0
1.233621529E1,-2.188299408E0,1.854643250E0,-3.893104248E0
1.234623029E1,-1.890269165E0,2.249372406E0,-2.653531952E0
1.235624429E1,-1.397942963E0,2.537822571E0,-2.073787537E0
1.236625929E1,-1.197210388E0,2.660567322E0,-2.042203217E0
1.237627329E1,-3.186872864E-1,3.016826477E0,-1.571731567E0
1.238628829E1,1.613943787E0,3.976181488E0,-8.744815063E-1
1.239630229E1,2.967578888E0,4.584516449E0,-9.301657104E-1
1.240631729E1,4.411775665E0,5.328469391E0,-1.381028137E0
1.241633229E1,7.085365906E0,6.894213409E0,-1.850152588E0
1.242634629E1,1.018511993E1,8.754844208E0,-2.017654266E0
1.243636129E1,1.186298080E1,9.473649445E0,-1.551074524E0
1.244637529E1,1.268087997E1,9.278305664E0,-1.027014313E0
1.245639029E1,1.361403946E1,8.757239227E0,-2.589614868E-1
1.246640429E1,1.446606766E1,8.146658936E0,3.905378723E-1
1.247641929E1,1.538530609E1,7.664661255E0,3.873944092E-1
1.248643429E1,1.658760590E1,7.722291412E0,-5.902226257E-1
1.249644829E1,1.717139191E1,8.094866638E0,-2.631078644E0
1.250646329E1,1.704565338E1,8.265212402E0,-4.085903320E0
1.251647729E1,1.629825760E1,8.306227112E0,-5.277724915E0
1.252649229E1,1.495569946E1,8.074658661E0,-6.598877563E0
1.253650629E1,1.318787567E1,7.520960083E0,-7.371570740E0
1.254652129E1,1.136646332E1,6.706354065E0,-7.514224091E0
1.255653629E1,9.338480530E0,5.708229675E0,-7.854915619E0
1.256655029E1,7.216193848E0,4.819378052E0,-8.220904541E0
1.257656529E1,4.925657043E0,4.133504333E0,-8.277037811E0
1.258657929E1,2.620001678E0,3.772904205E0,-8.622968445E0
1.259659429E1,9.861492920E-1,3.339405670E0,-8.876990204E0
1.260660829E1,-4.369413757E-1,2.565514984E0,-8.926537170E0
1.261662329E1,-1.676064606E0,1.987866211E0,-9.648485870E0
1.262663829E1,-2.315385132E0,1.673220520E0,-1.074675201E1
1.263665229E1,-2.722239075E0,1.476080475E0,-1.140493332E1
1.264666729E1,-3.284769287E0,1.287772064E0,-1.176927567E1
1.265668129E1,-3.954925690E0,8.921447754E-1,-1.204305634E1
1.266669629E1,-3.900738373E0,5.426216125E-1,-1.165341660E1
1.267671029E1,-2.783611450E0,8.421487427E-1,-1.111259125E1
1.268672529E1,-2.615960083E0,8.933422852E-1,-1.081126785E1
1.269674029E1,-3.443439331E0,4.246669006E-1,-9.801318054E0
1.270675429E1,-4.569098511E0,-2.664459229E-2,-8.651558990E0
1.271676929E1,-5.371879120E0,-2.267784119E-1,-8.007747803E0
1.272678329E1,-5.684279480E0,-1.375639343E-1,-7.670798492E0
1.273679829E1,-6.186485138E0,1.460961914E-1,-7.555987244E0
1.274681229E1,-6.824009399E0,2.353106689E-1,-7.170538788E0
1.275682729E1,-7.096442871E0,2.490820312E-1,-5.971532135E0
1.276684229E1,-6.383325806E0,4.538562012E-1,-4.746629333E0
1.277685629E1,-5.181774445E0,5.547463989E-1,-3.810027008E0
1.278687129E1,-4.210743713E0,5.123844910E-1,-2.686762848E0
1.279688529E1,-3.076402588E0,4.779560852E-1,-1.390159149E0
1.280690029E1,-1.625918884E0,1.841171265E-1,-4.090992737E-1
1.281691429E1,-3.064128113E-1,-3.321592712E-1,-1.523831177E-1
1.282692929E1,1.591490479E0,3.173400879E-2,-2.203717346E0
1.283694429E1,3.769910431E0,9.827064514E-1,-4.484823761E0
1.284695829E1,6.463558960E0,2.140099640E0,-5.779481506E0
1.285697329E1,8.704848175E0,3.424428864E0,-7.344177704E0
1.286698729E1,9.384884033E0,3.958069153E0,-8.386609955E0
1.287700229E1,9.104067993E0,3.459006958E0,-9.271270294E0
1.288701629E1,9.420659637E0,3.238814850E0,-1.068298462E1
1.289703129E1,1.053688843E1,3.177143097E0,-1.129940277E1
1.290704529E1,1.193198730E1,3.207230530E0,-1.157857224E1
1.291706029E1,1.309851151E1,3.429069214E0,-1.300420761E1
1.292707529E1,1.451756058E1,4.046385498E0,-1.503608231E1
1.293708929E1,1.617177063E1,5.047503662E0,-1.632624939E1
1.294710429E1,1.714459763E1,5.812862091E0,-1.703502548E1
1.295711829E1,1.709175751E1,5.666616211E0,-1.728725098E1
1.296713329E1,1.667307816E1,5.001399536E0,-1.759171783E1
1.297714729E1,1.605351654E1,4.362228699E0,-1.840572510E1
1.298716229E1,1.542527298E1,3.586092682E0,-1.805934540E1
1.299717729E1,1.499192413E1,2.896776123E0,-1.680914520E1
1.300719129E1,1.485555771E1,2.956202545E0,-1.608405304E1
1.301720629E1,1.472727448E1,3.181035004E0,-1.541853699E1
1.302722029E1,1.431338516E1,3.176244965E0,-1.478355743E1
1.303723529E1,1.347662521E1,2.912343750E0,-1.416683990E1
1.304724929E1,1.209619583E1,2.400258636E0,-1.328502365E1
1.305726429E1,1.046129562E1,2.040556641E0,-1.250469635E1
1.306727929E1,8.816066895E0,2.078427887E0,-1.224214233E1
1.307729329E1,7.275021515E0,2.004331970E0,-1.165895508E1
1.308730829E1,5.792205048E0,1.778900757E0,-1.066157913E1
1.309732229E1,4.330943756E0,1.567839661E0,-9.760153656E0
1.310733729E1,2.952759705E0,1.445394287E0,-8.547375641E0
1.311735129E1,2.031575317E0,1.487905884E0,-7.395670624E0
1.312736629E1,1.188378754E0,1.430575104E0,-6.144572296E0
1.313738029E1,1.137634277E-1,1.422192535E0,-5.036277008E0
1.314739529E1,-3.778143311E-1,1.558259583E0,-4.307592316E0
1.315741029E1,-4.126918030E-1,1.567989349E0,-3.210673370E0
1.316742429E1,-5.367837524E-1,1.522334290E0,-1.983375549E0
1.317743929E1,-3.598516846E-1,1.832788696E0,-1.331630859E0
1.318745329E1,-5.001100159E-1,1.889221344E0,-8.557704163E-1
1.319746829E1,-1.050066376E0,1.605710907E0,5.448669434E-2
1.320748229E1,-1.626218262E0,1.520238647E0,8.478369141E-1
1.321749729E1,-1.986369324E0,1.587299194E0,1.644031219E0
1.322751229E1,-1.215322723E0,1.721270599E0,2.955903168E0
1.323752629E1,4.828958130E-1,2.377505951E0,3.845802612E0
1.324754129E1,2.010319519E0,3.052452393E0,4.113595734E0
1.325755529E1,3.507057037E0,3.375630341E0,4.247267761E0
1.326757029E1,4.612807617E0,3.562741241E0,4.115541687E0
1.327758429E1,5.471721497E0,3.537743225E0,3.613336029E0
1.328759929E1,6.166426849E0,3.363056488E0,3.037483521E0
1.329761329E1,5.183720398E0,2.563419342E0,1.523232422E0
1.330762829E1,3.644471283E0,1.874851227E0,1.133143616E-1
1.331764329E1,2.727328491E0,1.644031219E0,-1.033899994E0
1.332765717E1,1.669178925E0,1.354982300E0,-3.696413269E0
1.333767217E1,-2.369572449E-1,5.275030518E-1,-6.891818390E0
1.334768617E1,-1.874551849E0,-4.658312988E-1,-1.008378067E1
1.335770117E1,-2.542911987E0,-7.860154724E-1,-1.353949448E1
1.336771517E1,-1.622176666E0,-4.899311829E-1,-1.604333771E1
1.337773017E1,2.411485291E-1,2.326162720E-1,-1.790516602E1
1.338774517E1,1.720372467E0,9.599537659E-1,-1.959111008E1
1.339775917E1,2.432142334E0,1.282982025E0,-2.113410141E1
1.340777417E1,2.428699493E0,1.331181793E0,-2.278097672E1
1.341778817E1,2.465373230E0,1.332978058E0,-2.410018341E1
1.342780317E1,2.471510468E0,1.148711243E0,-2.463457214E1
1.343781717E1,2.248324585E0,8.545729065E-1,-2.498574188E1
1.344783217E1,2.113604736E0,2.896476746E-1,-2.466001923E1
1.345784617E1,2.449655914E0,1.916015625E-2,-2.379945877E1
1.346786117E1,3.113525391E0,3.215313721E-1,-2.279340088E1
1.347787517E1,3.616778870E0,6.460565186E-1,-2.086106918E1
1.348789017E1,4.000880127E0,9.764195251E-1,-1.912902100E1
1.349790517E1,3.868255920E0,1.338516541E0,-1.777059586E1
1.350791917E1,3.678600311E0,1.700463867E0,-1.646111893E1
1.351793417E1,3.633843384E0,1.801653442E0,-1.516945496E1
1.352794817E1,2.676134949E0,1.253942413E0,-1.445364349E1
1.353796317E1,1.490600281E0,7.312294006E-1,-1.411893951E1
1.354797717E1,1.278191986E0,8.360115051E-1,-1.382944153E1
1.355799217E1,1.938169556E0,1.289119263E0,-1.298744247E1
1.356800617E1,2.429298248E0,1.466201019E0,-1.169802383E1
1.357802117E1,2.296224976E0,1.246907043E0,-1.016311569E1
1.358803617E1,2.219584351E0,8.788224792E-1,-7.946674805E0
1.359805017E1,2.700534210E0,8.333171082E-1,-5.947581940E0
1.360806517E1,3.009491730E0,8.129594421E-1,-4.288282471E0
1.361807917E1,3.018772430E0,8.613088989E-1,-3.344644775E0
1.362809417E1,2.934497681E0,8.327183533E-1,-2.088157654E0
1.363810817E1,3.100053406E0,1.080902252E0,-5.876779175E-1
1.364812317E1,4.094585266E0,2.243235168E0,5.089416504E-2
1.365813717E1,5.466332703E0,3.645968170E0,8.217910767E-2
1.366815217E1,7.313042450E0,4.959636383E0,2.380050659E-1
1.367816717E1,8.269703064E0,5.894143066E0,2.052232361E-1
1.368818117E1,7.825426941E0,5.888754272E0,2.228865051E-1
1.369819617E1,7.107070770E0,5.104684753E0,6.456074524E-1
1.370821017E1,6.565796356E0,4.557871857E0,1.269959106E0
1.371822517E1,6.260880432E0,4.213138733E0,2.141596527E0
1.372823917E1,6.735992432E0,4.177512817E0,2.880909119E0
1.373825417E1,7.506889343E0,4.445156250E0,2.593806152E0
1.374826817E1,8.461304626E0,5.160668335E0,1.483115845E0
1.375828317E1,9.264833679E0,5.728437653E0,5.882766724E-1
1.376829817E1,8.954379272E0,5.709127808E0,-8.120613098E-1
1.377831217E1,7.364535370E0,4.942422180E0,-2.430196381E0
1.378832717E1,5.845194855E0,4.051774292E0,-3.566034393E0
1.379834117E1,4.307143250E0,3.224744110E0,-5.045557709E0
1.380835617E1,2.468965759E0,2.464624786E0,-7.260801086E0
1.381837017E1,1.891915741E0,2.371219025E0,-8.765023041E0
1.382838517E1,2.056124268E0,2.694846039E0,-9.876312103E0
1.383839917E1,1.700164490E0,2.893333282E0,-1.156495056E1
1.384841417E1,4.917274475E-1,2.605032806E0,-1.287083496E1
1.385842917E1,-8.773255920E-1,2.285297699E0,-1.382659744E1
1.386844317E1,-1.867666168E0,2.007924500E0,-1.430500259E1
1.387845817E1,-2.909050598E0,1.497485962E0,-1.475347000E1
1.388847217E1,-4.079766083E0,1.162482605E0,-1.536494843E1
1.389848717E1,-4.521198120E0,9.743238831E-1,-1.553259979E1
1.390850117E1,-4.540507965E0,1.083147583E0,-1.579934509E1
1.391851617E1,-4.502337341E0,1.127006378E0,-1.600456833E1
1.392853017E1,-4.935985565E0,7.496411133E-1,-1.604378677E1
1.393854517E1,-5.605992279E0,4.351451111E-1,-1.586775284E1
1.394855917E1,-6.332132263E0,1.923500061E-1,-1.532228714E1
1.395857417E1,-6.654861145E0,8.756790161E-2,-1.499506760E1
1.396858917E1,-6.380032654E0,2.621049500E-1,-1.473191483E1
1.397860317E1,-5.272036743E0,7.033872986E-1,-1.483340378E1
1.398861817E1,-4.038601685E0,9.168434143E-1,-1.414588348E1
1.399863217E1,-3.626957703E0,6.827302551E-1,-1.315299820E1
1.400864717E1,-3.509601746E0,3.360511780E-1,-1.222777222E1
1.401866117E1,-3.006647644E0,1.746867371E-1,-1.143097916E1
1.402867617E1,-2.181264038E0,3.832031250E-1,-1.099448685E1
1.403869017E1,-1.492246857E0,8.635542297E-1,-1.067430267E1
1.404870517E1,-6.876699829E-1,1.425485687E0,-1.013617172E1
1.405872017E1,1.175056458E-1,1.961371307E0,-9.996512146E0
1.406873417E1,5.816903687E-1,2.334994354E0,-1.051084259E1
1.407874917E1,6.313870239E-1,2.578388214E0,-1.083072739E1
1.408876317E1,5.471122742E-1,2.782413940E0,-1.093535980E1
1.409877817E1,7.583230591E-1,2.855162659E0,-1.077474380E1
1.410879217E1,2.060165863E0,3.248993683E0,-1.044393173E1
1.411880717E1,4.002975769E0,3.926634521E0,-1.016551071E1
1.412882117E1,5.084776154E0,4.386029205E0,-9.889484711E0
1.413883617E1,5.822891235E0,4.729265442E0,-9.385782166E0
1.414885017E1,6.913672943E0,5.227878571E0,-9.508377228E0
1.415886517E1,7.744145966E0,5.533093872E0,-1.001851639E1
1.416888017E1,7.681426392E0,5.550607452E0,-1.058448944E1
1.417889417E1,7.356901245E0,5.645510101E0,-1.109657455E1
1.418890917E1,7.215146027E0,5.711672516E0,-1.111423782E1
1.419892317E1,7.259304199E0,5.659431152E0,-1.051189041E1
1.420893817E1,7.341782684E0,5.350773010E0,-9.256451111E0
1.421895217E1,6.836433563E0,5.052293701E0,-8.661139069E0
1.422896717E1,6.324797516E0,5.232518921E0,-9.828561401E0
1.423898117E1,6.468498688E0,5.686375122E0,-1.125225082E1
1.424899617E1,6.646478577E0,6.010750580E0,-1.318548065E1
1.425901017E1,6.125561829E0,5.568420410E0,-1.470676712E1
1.426902517E1,5.589376831E0,5.137466583E0,-1.511332169E1
1.427904017E1,4.789739685E0,4.958438873E0,-1.490824814E1
1.428905417E1,4.067641296E0,4.646038513E0,-1.408361298E1
1.429906917E1,3.359613647E0,4.081113281E0,-1.215711914E1
1.430908317E1,2.174827423E0,3.213517456E0,-9.016949158E0
1.431909817E1,1.263372803E0,2.719844055E0,-5.804180145E0
1.432911237E1,4.116439819E-1,2.478396149E0,-3.567082214E0
1.433912737E1,-9.301657104E-1,2.167193298E0,-2.143542480E0
1.434914137E1,-2.640209656E0,1.892813873E0,-3.200344849E-1
1.435915637E1,-4.277504883E0,2.037413177E0,1.400487671E0
1.436917037E1,-5.434149628E0,2.249372406E0,3.203039246E0
1.437918537E1,-6.409521332E0,2.529589691E0,4.670288086E0
1.438919937E1,-7.344626770E0,2.739004211E0,5.437891846E0
1.439921438E1,-8.054001617E0,2.511177979E0,6.223009186E0
1.440922937E1,-8.567134552E0,2.262545013E0,7.088509369E0
1.441924337E1,-8.839867401E0,1.975292358E0,7.417824554E0
1.442925837E1,-9.203760681E0,1.513652344E0,7.391928406E0
1.443927237E1,-9.460327148E0,1.856140137E0,6.804849243E0
1.444928737E1,-7.914791107E0,3.141666870E0,4.155658264E0
1.445930137E1,-5.117707672E0,4.562661896E0,1.447489929E0
1.446931637E1,-1.955383759E0,5.900429993E0,-1.246907043E0
1.447933037E1,7.128176880E-1,6.766678619E0,-5.051844635E0
1.448934537E1,1.291214905E0,6.431824951E0,-1.020727386E1
1.449935937E1,1.326541443E0,5.123096466E0,-1.458626770E1
1.450937437E1,2.065554657E0,3.490740967E0,-1.750130585E1
1.451938938E1,4.831802216E0,3.160677338E0,-1.912423096E1
1.452940337E1,8.836723938E0,4.026177521E0,-1.978346008E1
1.453941837E1,1.252819748E1,5.295388184E0,-1.949950058E1
1.454943237E1,1.554173080E1,5.980812836E0,-1.807655960E1
1.455944737E1,1.830708023E1,6.540798340E0,-1.676633423E1
1.456946138E1,2.024599823E1,6.713090057E0,-1.551463715E1
1.457947638E1,2.053130493E1,6.384822693E0,-1.406295593E1
1.458949037E1,1.941043579E1,5.970783691E0,-1.248972748E1
1.459950537E1,1.758827499E1,5.531596985E0,-9.700727234E0
1.460951937E1,1.508697647E1,4.681065674E0,-6.371949463E0
1.461953437E1,1.107292374E1,4.035458221E0,-3.767964478E0
1.462954838E1,6.421646118E0,4.531227264E0,-1.477876740E0
1.463956337E1,1.934876404E0,5.749244385E0,1.524280243E0
1.464957837E1,-2.446362762E0,6.131998444E0,4.666545868E0
1.465959237E1,-6.375392303E0,6.136489105E0,6.543343048E0
1.466960737E1,-9.474248199E0,5.694009247E0,8.318950653E0
1.467962137E1,-1.121048767E1,4.945715332E0,8.851543121E0
1.468963638E1,-1.213930618E1,4.451443176E0,7.378905487E0
1.469965037E1,-1.229917374E1,4.399052124E0,6.299949188E0
1.470966537E1,-1.156450150E1,4.594395905E0,6.994804230E0
1.471967937E1,-9.266480255E0,5.510490875E0,7.076234894E0
1.472969437E1,-6.400839386E0,6.154900818E0,5.509742432E0
1.473970838E1,-4.742288361E0,5.503305817E0,3.201841736E-1
1.474972338E1,-1.376537476E0,5.695506134E0,-6.998546448E0
1.475973737E1,2.352807312E0,6.544241180E0,-1.454794739E1
1.476975237E1,1.689985657E0,6.197562103E0,-2.427337326E1
1.477976737E1,-2.808160400E-1,5.126389618E0,-3.167098984E1
1.478978137E1,-1.123563538E0,4.229903870E0,-3.305620926E1
1.479979637E1,-7.173083496E-1,3.353775787E0,-2.893138687E1
1.480981037E1,1.544787598E0,2.739153900E0,-2.473770767E1
1.481982537E1,4.884043579E0,2.410587158E0,-2.323782669E1
1.482983937E1,7.299869843E0,2.136806488E0,-2.397519333E1
1.483985437E1,7.790998535E0,1.663790131E0,-2.726954269E1
1.484986837E1,7.366331635E0,9.267228699E-1,-2.982023849E1
1.485988338E1,7.469018097E0,2.308200073E-1,-3.090503265E1
1.486989737E1,6.982380066E0,-2.514770508E-2,-3.086656265E1
1.487991237E1,5.972280579E0,-7.226971436E-1,-3.073109436E1
1.488992637E1,4.846172333E0,-1.671873322E0,-3.138104279E1
1.489994137E1,4.398303680E0,-2.092947693E0,-3.155737610E1
1.490995538E1,5.012027435E0,-1.920805664E0,-2.984673340E1
1.491997038E1,5.922733612E0,-2.096091156E0,-2.591875168E1
1.492998537E1,6.260730743E0,-2.574346619E0,-2.160487244E1
1.493999937E1,5.150938568E0,-3.572920074E0,-1.728156281E1
1.495001437E1,2.514920197E0,-5.381608887E0,-1.252325775E1
1.496002837E1,-7.985893250E-1,-7.091652832E0,-7.817792816E0
1.497004337E1,-3.579057312E0,-7.562872925E0,-3.262615356E0
1.498005737E1,-5.400469666E0,-7.071594543E0,-1.432521057E-1
1.499007237E1,-5.998925171E0,-6.242319031E0,1.810335388E0
1.500008637E1,-5.989794159E0,-5.318290558E0,3.607647858E0
1.501010137E1,-6.405928802E0,-4.910688171E0,6.077511749E0
1.502011537E1,-7.289391632E0,-4.647535400E0,9.343420258E0
1.503013038E1,-7.295828247E0,-3.773502960E0,1.169832321E1
1.504014437E1,-6.674170990E0,-2.514321442E0,1.313234116E1
1.505015937E1,-6.545887756E0,-1.549128571E0,1.260034744E1
1.506017337E1,-7.313641205E0,-8.777746582E-1,1.067684738E1
1.507018837E1,-8.537645874E0,-6.968009949E-1,9.720336456E0
1.508020337E1,-9.286538544E0,-7.601193237E-1,9.297615509E0
1.509021738E1,-9.140142975E0,-1.062340851E0,9.167536011E0
1.510023237E1,-8.052055664E0,-5.489085388E-1,8.950786743E0
1.511024637E1,-6.479875031E0,9.626481628E-1,6.821315002E0
1.512026137E1,-5.924679565E0,2.309098206E0,3.983216858E0
1.513027537E1,-6.297404480E0,2.692600708E0,2.712509308E0
1.514029037E1,-7.308252411E0,2.213746490E0,2.175875244E0
1.515030437E1,-7.863896942E0,1.377884674E0,2.064806213E0
1.516031937E1,-7.391329651E0,7.581733704E-1,1.333127747E0
1.517033337E1,-7.056625671E0,2.579136658E-1,-1.434616699E0
1.518034837E1,-6.882238312E0,-1.646575928E-2,-4.642445984E0
1.519036237E1,-5.852978668E0,7.140151978E-2,-7.608228607E0
1.520037738E1,-4.088747406E0,7.918533325E-1,-1.014859589E1
1.521039137E1,-1.669029236E0,2.269580383E0,-1.086859863E1
1.522040637E1,8.394543457E-1,3.561843109E0,-1.181448166E1
1.523042037E1,3.035537567E0,4.812043304E0,-1.510014908E1
1.524043537E1,4.405788116E0,5.342989197E0,-2.002161484E1
1.525045037E1,4.058510284E0,4.783752136E0,-2.487452316E1
1.526046438E1,3.713627472E0,4.128564606E0,-2.787353668E1
1.527047937E1,4.233646088E0,3.620970154E0,-2.783626419E1
1.528049337E1,4.892575836E0,3.452720032E0,-2.574496307E1
1.529050837E1,6.420897675E0,3.591631165E0,-2.416694458E1
1.530052237E1,7.628137207E0,3.898942108E0,-2.374332550E1
1.531053737E1,7.752528534E0,3.947441254E0,-2.396291885E1
1.532055137E1,7.000941467E0,4.133354645E0,-2.427397202E1
1.533056637E1,5.690865784E0,4.212689667E0,-2.373329636E1
1.534058037E1,4.146826630E0,4.002826080E0,-2.238115814E1
1.535059537E1,2.431992645E0,3.901187439E0,-2.094205078E1
1.536060937E1,9.894424438E-2,3.318898315E0,-1.942001587E1
1.537062438E1,-2.074086914E0,2.655178528E0,-1.795740738E1
1.538063837E1,-2.994672546E0,2.539319458E0,-1.631726807E1
1.539065337E1,-2.984793091E0,2.780467987E0,-1.377540390E1
1.540066737E1,-2.463127899E0,3.101400604E0,-9.984836426E0
1.541068237E1,-1.448687439E0,3.299738159E0,-6.004014587E0
1.542069638E1,-1.129700775E0,3.185974731E0,-2.980901184E0
1.543071138E1,-2.100581818E0,3.090323639E0,-3.867956543E-1
1.544072637E1,-3.187920685E0,2.960244141E0,1.445543976E0
1.545074037E1,-4.090843048E0,2.734214172E0,1.510059814E0
1.546075537E1,-4.672683105E0,2.516866150E0,8.164022827E-1
1.547076937E1,-4.348008270E0,2.637066193E0,1.388662262E0
1.548078437E1,-3.608995056E0,2.990032196E0,1.947599945E0
1.549079837E1,-3.195405121E0,3.390150146E0,1.716330872E0
1.550081337E1,-2.787203979E0,3.898642731E0,1.642833710E0
1.551082737E1,-1.621128845E0,5.056634674E0,2.474653931E0
1.552084237E1,-7.334747314E-1,6.010451202E0,3.186573486E0
1.553085637E1,-1.786983948E0,5.854475555E0,3.245550842E0
1.554087138E1,-3.281925201E0,5.161566467E0,3.807482300E0
1.555088537E1,-4.726571045E0,4.668192444E0,4.162094879E0
1.556090037E1,-5.116061096E0,4.169130249E0,4.013453979E0
1.557091437E1,-3.716621246E0,4.343816986E0,4.009412384E0
1.558092937E1,-2.341131592E0,4.920717316E0,2.894979858E0
1.559094338E1,-1.798210602E0,4.977000275E0,9.190887451E-1
1.560095838E1,-8.252339172E-1,5.199138336E0,-1.914818115E0
1.561097237E1,-5.433700562E-2,5.633984070E0,-5.440137177E0
1.562098737E1,-2.944377136E-1,5.391338654E0,-8.839717712E0
1.563100137E1,-9.871971130E-1,4.934338989E0,-1.241563156E1
1.564101637E1,-1.654210052E0,4.420457611E0,-1.662802185E1
1.565103038E1,-1.754351807E0,3.950884094E0,-1.994931519E1
1.566104537E1,-1.365610199E0,3.703598328E0,-2.138512939E1
1.567106037E1,-5.453160095E-1,3.687431946E0,-2.097872452E1
1.568107437E1,-1.520837402E-1,3.622916107E0,-1.935190750E1
1.569108937E1,-5.099894714E-1,3.348836060E0,-1.725881012E1
1.570110337E1,-1.653162231E0,3.291505280E0,-1.586790253E1
1.571111837E1,-3.217559052E0,3.584745483E0,-1.511107635E1
1.572113237E1,-4.146527252E0,3.838467865E0,-1.398466873E1
1.573114737E1,-4.241729279E0,3.939358063E0,-1.250813919E1
1.574116137E1,-3.967200165E0,4.036955109E0,-1.147932861E1
1.575117637E1,-3.861968994E0,4.159999237E0,-1.010638367E1
1.576119037E1,-3.538791046E0,4.200115814E0,-7.540718994E0
1.577120538E1,-3.053799591E0,4.296964417E0,-5.096302185E0
1.578121937E1,-2.362387390E0,4.358486481E0,-3.286715240E0
1.579123437E1,-6.659651184E-1,4.817881165E0,-2.131268005E0
1.580124837E1,1.872605896E0,6.014792175E0,-1.748364258E0
1.581126337E1,4.801116028E0,7.597900085E0,-2.476749573E0
1.582127738E1,6.741830292E0,8.229137421E0,-3.645968170E0
1.583129237E1,7.612419891E0,8.166567535E0,-4.262086945E0
1.584130637E1,7.790250092E0,7.911048889E0,-4.763544159E0
1.585132137E1,8.050409088E0,7.565866699E0,-4.810396729E0
1.586133537E1,8.409811707E0,7.433092804E0,-4.868326263E0
1.587135037E1,8.924441528E0,7.565717010E0,-5.008285217E0
1.588136437E1,1.007539810E1,7.908204803E0,-4.582121429E0
1.589137937E1,1.160701309E1,8.345146179E0,-4.093238068E0
1.590139337E1,1.238569382E1,8.725205841E0,-4.465513916E0
1.591140837E1,1.214439560E1,8.663085022E0,-5.556595001E0
1.592142237E1,1.131871262E1,8.078999634E0,-6.253545685E0
1.593143737E1,9.756411438E0,6.988517303E0,-6.977739716E0
1.594145238E1,7.620503082E0,5.663323059E0,-8.089477844E0
1.595146637E1,5.565875702E0,4.646637268E0,-9.097182312E0
1.596148137E1,3.795956268E0,4.327800293E0,-9.952653351E0
1.597149537E1,2.089055786E0,4.182901611E0,-1.068313431E1
1.598151037E1,3.076103210E-1,4.279151459E0,-1.168170776E1
1.599152438E1,-1.419498138E0,4.045337677E0,-1.184516785E1
1.600153937E1,-3.360960846E0,3.485801239E0,-1.148516647E1
1.601155337E1,-5.167853394E0,2.858904877E0,-1.099074463E1
1.602156837E1,-6.467001801E0,2.555635529E0,-1.055799454E1
1.603158237E1,-7.283404083E0,2.376607819E0,-1.016760635E1
1.604159737E1,-8.051905975E0,2.047592010E0,-9.701775055E0
1.605161137E1,-8.712781677E0,1.713337097E0,-8.559201050E0
1.606162637E1,-9.156758423E0,1.609303436E0,-7.283853149E0
1.607164037E1,-9.541608124E0,1.533560944E0,-6.262077942E0
1.608165537E1,-9.704619141E0,1.578766937E0,-5.101541290E0
1.609166937E1,-9.439071350E0,1.758094025E0,-3.952979736E0
1.610168437E1,-9.148675232E0,1.785187683E0,-3.400778046E0
1.611169837E1,-8.111482086E0,1.980531464E0,-3.288960571E0
1.612171337E1,-6.996001740E0,2.270628204E0,-3.050506439E0
1.613172737E1,-5.959557037E0,2.045196991E0,-2.105671234E0
1.614174237E1,-5.116809540E0,2.384990387E0,-1.628313904E0
1.615175637E1,-6.094276886E0,2.171534271E0,-3.481160889E0
1.616177138E1,-6.980134735E0,1.336570587E0,-4.290228424E0
1.617178537E1,-6.976991272E0,9.084608459E-1,-4.474046173E0
1.618180037E1,-6.379882965E0,6.715036011E-1,-5.214705963E0
1.619181437E1,-5.345833282E0,9.160949707E-1,-6.167774048E0
1.620182937E1,-2.846331024E0,1.557361450E0,-6.376140747E0
1.621184338E1,5.734574890E-1,2.236648865E0,-7.471712494E0
1.622185838E1,2.756517792E0,2.530338135E0,-1.012434631E1
1.623187237E1,3.999832306E0,2.266736298E0,-1.212703171E1
1.624188737E1,4.304598541E0,1.879641266E0,-1.421399185E1
1.625190137E1,4.339925079E0,1.699116669E0,-1.661963928E1
1.626191637E1,5.200186157E0,1.727108459E0,-1.760294449E1
1.627193038E1,7.036866760E0,2.398761749E0,-1.770847504E1
1.628194537E1,8.888516235E0,3.408112793E0,-1.793929504E1
1.629195937E1,1.004755600E1,3.809727631E0,-1.778316971E1
1.630197437E1,1.051922516E1,3.647315369E0,-1.807970306E1
1.631198837E1,9.975406036E0,2.985691223E0,-1.885314468E1
1.632200337E1,8.931327209E0,2.246528320E0,-1.937061859E1
1.633201725E1,8.150999908E0,1.892813873E0,-1.968855743E1
1.634203225E1,7.780520325E0,1.807940369E0,-2.001907013E1
1.635204625E1,7.576344910E0,2.157313843E0,-2.004586441E1
1.636206125E1,6.574478302E0,2.524500275E0,-2.024360321E1
1.637207525E1,5.166356506E0,2.531086578E0,-1.983375549E1
1.638209025E1,4.038751373E0,2.446063385E0,-1.872201736E1
1.639210525E1,2.967878265E0,2.311642914E0,-1.727482681E1
1.640211925E1,2.148482208E0,2.136357422E0,-1.503727982E1
1.641213425E1,1.723815308E0,1.868863678E0,-1.202614151E1
1.642214825E1,2.246228943E0,1.616338806E0,-8.969497833E0
1.643216325E1,3.275638275E0,1.836231537E0,-6.526278534E0
1.644217725E1,4.943020935E0,2.264640656E0,-4.670138397E0
1.645219225E1,6.733896790E0,2.520308990E0,-3.455713806E0
1.646220625E1,7.651189270E0,2.642005920E0,-2.310146027E0
1.647222125E1,8.074658661E0,2.678230591E0,-9.604028320E-1
1.648223525E1,8.383017426E0,2.333497467E0,6.182144165E-2
1.649225025E1,7.544461212E0,1.727856903E0,6.517446899E-1
1.650226425E1,6.104755096E0,1.378333740E0,1.290765839E0
1.651227925E1,5.216352539E0,1.633403320E0,1.530866547E0
1.652229325E1,4.602928162E0,2.447859650E0,1.507215729E0
1.653230825E1,3.295696564E0,2.701432343E0,1.723964996E0
1.654232225E1,8.062234497E-1,2.458487549E0,9.743238831E-1
1.655233725E1,-2.543510742E0,1.608405304E0,-1.599873047E0
1.656235125E1,-6.239924011E0,5.014572144E-1,-4.621190186E0
1.657236625E1,-9.428892517E0,-2.643502808E-1,-7.705825653E0
1.658238025E1,-1.142109970E1,-4.686753845E-1,-1.035232224E1
1.659239525E1,-1.175385773E1,7.319778442E-2,-1.263417709E1
1.660240925E1,-1.145612686E1,7.463479614E-1,-1.376881760E1
1.661242425E1,-1.155821457E1,1.081201630E0,-1.348845062E1
1.662243825E1,-1.215622101E1,7.683522034E-1,-1.311752197E1
1.663245325E1,-1.285062698E1,1.574725342E-1,-1.373902954E1
1.664246725E1,-1.367915405E1,-5.291496277E-1,-1.495510071E1
1.665248225E1,-1.410456940E1,-1.257984009E0,-1.636741379E1
1.666249625E1,-1.395443161E1,-1.590592346E0,-1.826232330E1
1.667251125E1,-1.288655228E1,-1.619182892E0,-2.079580490E1
1.668252525E1,-1.115674942E1,-1.415456543E0,-2.309891556E1
1.669254025E1,-9.404942322E0,-9.008267212E-1,-2.505564651E1
1.670255425E1,-7.815098419E0,-7.093748474E-1,-2.503184601E1
1.671256925E1,-6.231242065E0,-9.063652039E-1,-2.232981491E1
1.672258325E1,-4.441264343E0,-7.432044983E-1,-1.863310226E1
1.673259825E1,-2.930905151E0,-4.519102478E-1,-1.574231369E1
1.674261225E1,-1.734892273E0,-1.857637024E-1,-1.331346451E1
1.675262725E1,-4.378395081E-1,-2.743794250E-1,-1.145358215E1
1.676264125E1,7.523355103E-1,-4.589456177E-1,-9.982291718E0
1.677265625E1,1.619482269E0,-1.926493835E-1,-9.377249908E0
1.678267025E1,2.114353180E0,3.682342529E-1,-8.998836823E0
1.679268525E1,3.156486053E0,1.071920929E0,-7.691156158E0
1.680269925E1,5.021457825E0,1.902992706E0,-5.716612244E0
1.681271425E1,6.366860046E0,2.634371796E0,-3.457510071E0
1.682272825E1,7.302564240E0,3.601360931E0,-7.969427490E-1
1.683274325E1,8.043224030E0,4.414320374E0,1.757644958E0
1.684275725E1,7.659871216E0,4.592749329E0,2.739752655E0
1.685277225E1,5.666316833E0,4.073329468E0,4.620890808E-1
1.686278625E1,3.207080841E0,3.424728241E0,-3.961212616E0
1.687280125E1,1.343755646E0,3.723806305E0,-7.956703949E0
1.688281525E1,-2.606080627E-1,4.293371887E0,-1.140074203E1
1.689283025E1,-1.579066315E0,4.413422241E0,-1.492007355E1
1.690284425E1,-2.660267944E0,4.433480530E0,-1.869567215E1
1.691285925E1,-3.209775238E0,4.460574188E0,-2.073892319E1
1.692287325E1,-3.119962006E0,4.537065125E0,-2.090133545E1
1.693288825E1,-3.083138580E0,4.397854614E0,-1.990276199E1
1.694290225E1,-3.274740143E0,4.008065186E0,-1.836545883E1
1.695291725E1,-4.423451385E0,3.272345123E0,-1.636217468E1
1.696293125E1,-5.927224274E0,2.383942566E0,-1.437415878E1
1.697294625E1,-6.695127411E0,1.914369049E0,-1.203227875E1
1.698296025E1,-6.715036011E0,1.656904449E0,-9.109007721E0
1.699297425E1,-5.341641998E0,1.702858887E0,-4.971611481E0
1.700298925E1,-2.997666321E0,2.042801971E0,3.676354980E-1
1.701300325E1,-1.076411591E0,2.551144867E0,4.666246490E0
1.702301825E1,-1.957928467E-1,2.684068451E0,7.759414215E0
1.703303225E1,-1.481918335E-1,2.744093628E0,9.276659088E0
1.704304725E1,-9.557624817E-1,2.227966919E0,1.015892441E1
1.705306125E1,-2.372117157E0,1.332678680E0,1.104133942E1
1.706307625E1,-3.410358124E0,9.050180054E-1,1.217957245E1
1.707309025E1,-4.310586090E0,1.449286194E0,1.280661850E1
1.708310525E1,-5.409301300E0,1.966460724E0,1.167317551E1
1.709311925E1,-6.236331482E0,2.458038483E0,9.572144623E0
1.710313425E1,-6.576424255E0,2.874622192E0,5.581593018E0
1.711314825E1,-7.251819763E0,3.450474701E0,-1.455273743E0
1.712316325E1,-8.719667358E0,3.326382751E0,-8.786278839E0
1.713317725E1,-9.538015594E0,2.831511841E0,-1.391835663E1
1.714319225E1,-9.175768890E0,2.043251038E0,-1.655362656E1
1.715320625E1,-7.195387115E0,1.744622040E0,-1.722408234E1
1.716322125E1,-4.171824646E0,1.751657410E0,-1.603151230E1
1.717323525E1,-1.556613007E0,1.068777466E0,-1.437071594E1
1.718325025E1,-1.751358032E-1,7.409591675E-2,-1.456441315E1
1.719326425E1,3.116519165E-1,-1.546284485E-1,-1.629990417E1
1.720327925E1,2.709365845E-1,1.427431641E0,-1.843970444E1
1.721329325E1,-5.153782654E-1,2.636317749E0,-2.098830460E1
1.722330825E1,-2.279609528E0,2.398312683E0,-2.175216614E1
1.723332225E1,-3.990701294E0,2.433788910E0,-2.134291718E1
1.724333725E1,-4.631518707E0,3.035387878E0,-2.131986511E1
1.725335125E1,-5.035827942E0,3.870201874E0,-2.154110504E1
1.726336625E1,-5.649701385E0,4.295018463E0,-1.980561401E1
1.727338025E1,-6.236331482E0,5.165158997E0,-1.638567581E1
1.728339525E1,-6.496789856E0,5.818550262E0,-1.248568588E1
1.729340925E1,-6.972201233E0,6.442752228E0,-9.044192505E0
1.730342425E1,-8.295599213E0,6.793622589E0,-6.431375885E0
1.731343825E1,-9.100774841E0,7.063361664E0,-3.967798920E0
1.732345325E1,-9.031169586E0,7.867190094E0,-3.821553040E-1
1.733346742E1,-8.971593475E0,9.590556335E0,3.503165131E0
1.734348242E1,-7.813152466E0,1.043450134E1,4.781806183E0
1.735349642E1,-6.673871613E0,9.374705200E0,4.582570496E0
1.736351142E1,-6.315217438E0,6.506819000E0,1.910028076E0
1.737352542E1,-7.331005096E0,2.891836395E0,-6.982230377E0
1.738354042E1,-3.942950592E0,1.156644745E0,-1.563064590E1
1.739355442E1,2.315235443E0,2.673440552E-1,-2.088696533E1
1.740356942E1,7.729925537E0,-1.124162292E-1,-2.888124115E1
1.741358342E1,1.327304855E1,8.569679260E-1,-3.461536697E1
1.742359842E1,1.775532761E1,1.382075958E0,-3.643692902E1
1.743361242E1,2.093022537E1,1.495839386E0,-3.714675293E1
1.744362742E1,2.257380753E1,8.541238403E-1,-3.731769745E1
1.745364142E1,2.452095840E1,1.434916077E0,-3.695814514E1
1.746365542E1,2.680386108E1,2.686313782E0,-3.606210846E1
1.747367042E1,2.653651703E1,2.630779266E0,-3.297268295E1
1.748368442E1,2.390064835E1,8.514294434E-1,-2.790467194E1
1.749369942E1,1.946432373E1,-1.985321503E0,-2.050076843E1
1.750371342E1,1.405038208E1,-4.868176575E0,-1.204066132E1
1.751372842E1,8.042774963E0,-7.307953033E0,-5.181026001E0
1.752374242E1,3.295696564E0,-8.290659485E0,-7.674540710E-1
1.753375742E1,9.145980835E-2,-7.775131531E0,1.871857452E0
1.754377142E1,-2.329755249E0,-7.022646332E0,1.973945160E0
1.755378642E1,-4.607119446E0,-6.558012543E0,1.343605957E0
1.756380042E1,-8.371341705E0,-7.960146790E0,2.084116058E0
1.757381542E1,-1.379516281E1,-9.031618652E0,5.745651855E0
1.758382942E1,-1.647129776E1,-8.383616180E0,1.062715073E1
1.759384442E1,-1.808913345E1,-6.494394836E0,1.696811462E1
1.760385842E1,-2.052861053E1,-4.687801666E0,1.845167953E1
1.761387342E1,-2.270014481E1,-3.820056152E0,1.745684830E1
1.762388742E1,-2.300865326E1,-2.979104919E0,1.783376450E1
1.763390242E1,-2.175545929E1,-1.842967529E0,1.776131516E1
1.764391642E1,-1.925715454E1,-6.575825500E-1,1.644091095E1
1.765393142E1,-1.536030807E1,9.937834167E-1,1.426413757E1
1.766394542E1,-1.029484177E1,3.203937378E0,1.214738937E1
1.767396042E1,-7.651039581E0,3.776945801E0,1.055290512E1
1.768397442E1,-6.972201233E0,2.864443359E0,1.035097504E1
1.769398942E1,-6.719975739E0,2.351460114E0,9.619296570E0
1.770400342E1,-6.061195679E0,2.528392181E0,8.398135986E0
1.771401842E1,-5.091212769E0,3.246448975E0,8.562943268E0
1.772403242E1,-3.389551392E0,5.049299927E0,8.019124146E0
1.773404642E1,-2.661016388E0,6.035299530E0,5.280718689E0
1.774406142E1,-2.731220398E0,5.790708160E0,2.070344696E0
1.775407542E1,-2.980751495E0,4.963677979E0,-1.758393402E0
1.776409042E1,-4.047283630E0,4.020040283E0,-6.468199310E0
1.777410442E1,-4.323159943E0,3.715723114E0,-8.823850708E0
1.778411942E1,-3.302282867E0,4.202810211E0,-1.004590942E1
1.779413342E1,-4.170627136E0,4.042493591E0,-1.177780792E1
1.780414842E1,-5.762566681E0,3.480113068E0,-1.338082443E1
1.781416242E1,-5.148094482E0,3.172353058E0,-1.278985336E1
1.782417742E1,-3.720513153E0,2.901416473E0,-1.136631363E1
1.783419142E1,-2.656525726E0,2.523901520E0,-9.997260590E0
1.784420642E1,-1.006956024E0,2.029329987E0,-7.775879974E0
1.785422042E1,1.422042847E-1,2.140548706E0,-6.563700714E0
1.786423542E1,5.562432861E-1,2.436782684E0,-4.605921936E0
1.787424942E1,1.435065765E0,3.052602081E0,-3.002755737E-1
1.788426442E1,1.138532410E0,2.512225800E0,2.037263489E0
1.789427842E1,-1.519639893E0,6.718029785E-1,3.406017151E0
1.790429342E1,-2.781964874E0,-3.814068604E-1,4.602030029E0
1.791430742E1,-2.114203491E0,4.177812195E-1,3.137325897E0
1.792432242E1,-2.173180847E0,7.761360168E-1,1.950444031E-1
1.793433642E1,-1.122366028E0,1.320853271E0,-5.869294739E0
1.794435042E1,8.981323242E-4,1.829345856E0,-1.404364609E1
1.795436542E1,1.371448059E0,1.629511414E0,-2.238519974E1
1.796437942E1,3.033142548E0,2.232307892E0,-3.070534790E1
1.797439442E1,6.412964172E0,3.529360657E0,-3.593083145E1
1.798440842E1,8.925489349E0,3.660038910E0,-3.543491272E1
1.799442342E1,9.788893890E0,3.536994781E0,-3.238784912E1
1.800443742E1,1.061397812E1,3.335813141E0,-2.912882629E1
1.801445242E1,1.059631485E1,3.364703064E0,-2.579331253E1
1.802446642E1,9.823771362E0,3.665427704E0,-2.332763992E1
1.803448142E1,7.375911713E0,3.105442200E0,-2.162133820E1
1.804449542E1,4.058659973E0,2.299817505E0,-2.013163605E1
1.805451042E1,1.810784454E0,2.048789520E0,-1.839030716E1
1.806452442E1,1.766326904E-2,1.994003448E0,-1.622476044E1
1.807453942E1,-1.386416931E0,2.057770844E0,-1.377854736E1
1.808455342E1,-2.271226959E0,2.887345734E0,-1.225681183E1
1.809456842E1,-1.963017883E0,3.634442139E0,-1.094329330E1
1.810458242E1,-2.977308655E-1,3.952231293E0,-9.579778748E0
1.811459642E1,1.556313629E0,4.753964081E0,-7.569309540E0
1.812461142E1,5.210814056E0,6.854695587E0,-5.657784576E0
1.813462542E1,9.346563721E0,8.803043976E0,-5.391787720E0
1.814464042E1,1.132514923E1,8.889264679E0,-5.424719238E0
1.815465442E1,1.277084290E1,8.617879028E0,-4.628674622E0
1.816466942E1,1.374007736E1,7.501949615E0,-3.576662292E0
1.817468342E1,1.347452957E1,6.194418640E0,-2.342927856E0
1.818469842E1,1.227402603E1,5.010530548E0,-1.379980316E0
1.819471242E1,9.954599304E0,4.573738861E0,-6.604266357E-1
1.820472742E1,6.233786774E0,4.426594849E0,-1.377585297E0
1.821474142E1,1.299148407E0,3.815266113E0,-3.546125793E0
1.822475642E1,-3.681893463E0,2.426304474E0,-6.037844238E0
1.823477042E1,-8.460256805E0,3.574566650E-1,-8.347840576E0
1.824478542E1,-1.199800003E1,-9.018745422E-1,-8.438701630E0
1.825479942E1,-1.332349365E1,-9.500743103E-1,-7.807015228E0
1.826481442E1,-1.378124176E1,-7.909552002E-1,-8.458460541E0
1.827482842E1,-1.449390976E1,-1.939965820E-1,-9.110055542E0
1.828484242E1,-1.489447678E1,3.185375977E-1,-9.498198395E0
1.829485742E1,-1.524594589E1,6.405180359E-1,-1.072280182E1
1.830487142E1,-1.659119843E1,-8.622070312E-2,-1.153142029E1
1.831488642E1,-1.770578064E1,-7.454498291E-1,-1.127979355E1
1.832490042E1,-1.815155365E1,-9.696835327E-1,-1.085003723E1
1.833491554E1,-1.902483765E1,-1.527723083E0,-1.029544052E1
1.834492954E1,-1.879850830E1,-1.689237213E0,-8.537496185E0
1.835494454E1,-1.723950027E1,-1.597927094E0,-6.671027527E0
1.836495854E1,-1.519834488E1,-1.329984283E0,-5.094505920E0
1.837497354E1,-1.239617203E1,-9.677375793E-1,-3.479963379E0
1.838498754E1,-9.076824646E0,-2.884501648E-1,-2.464475098E0
1.839500254E1,-6.210435333E0,5.923182678E-1,-2.542313232E0
1.840501654E1,-3.933969269E0,1.572779388E0,-3.445235596E0
1.841503154E1,-1.769170990E0,2.371368713E0,-4.606071625E0
1.842504554E1,-1.511856079E0,2.409689026E0,-6.097719727E0
1.843505954E1,-1.668729858E0,2.198178864E0,-5.902375946E0
1.844507454E1,-5.634283447E-1,2.133064270E0,-4.867577820E0
1.845508854E1,1.187330933E0,1.944606171E0,-5.206922150E0
1.846510354E1,3.183430023E0,2.303110657E0,-6.486910400E0
1.847511754E1,6.125412140E0,3.602259064E0,-7.419770508E0
1.848513254E1,9.705666962E0,5.050048370E0,-9.098230133E0
1.849514654E1,1.231968109E1,5.844895477E0,-1.109687393E1
1.850516154E1,1.433089874E1,6.780300293E0,-1.333322342E1
1.851517554E1,1.443687836E1,6.850953369E0,-1.498863098E1
1.852519054E1,1.338007599E1,5.972280579E0,-1.430964294E1
1.853520454E1,1.249975662E1,5.228177948E0,-1.304177948E1
1.854521954E1,1.138547379E1,4.556973724E0,-1.268342468E1
1.855523354E1,1.039483383E1,4.316124573E0,-1.330478256E1
1.856524754E1,1.047806076E1,4.361779633E0,-1.301363800E1
1.857526254E1,1.072190369E1,4.182153168E0,-1.228600113E1
1.858527654E1,9.973909149E0,3.492686920E0,-1.147304169E1
1.859529154E1,9.296268311E0,2.982697449E0,-1.086770050E1
1.860530554E1,9.645791473E0,2.791095886E0,-1.102622086E1
1.861532054E1,9.308243408E0,2.383044434E0,-1.156480087E1
1.862533454E1,8.632099457E0,2.154619446E0,-1.059062668E1
1.863534954E1,6.679709473E0,2.243534546E0,-8.258925476E0
1.864536354E1,2.900518341E0,1.477577362E0,-8.231233063E0
1.865537854E1,-1.105451202E0,1.558259583E-1,-1.061442719E1
1.866539254E1,-4.885690155E0,-5.544470215E-1,-1.486139557E1
1.867540654E1,-8.416996765E0,-1.080153809E0,-1.915671341E1
1.868542154E1,-1.100556381E1,-1.233435059E0,-2.255285110E1
1.869543554E1,-1.180041092E1,-1.141526184E0,-2.351669678E1
1.870545054E1,-1.057850189E1,-1.127904510E0,-2.140458893E1
1.871546454E1,-8.840166779E0,-6.140231323E-1,-1.832174973E1
1.872547954E1,-7.944429474E0,-1.673519897E-1,-1.657368484E1
1.873549354E1,-8.211474152E0,-1.848655701E-1,-1.637325165E1
1.874550854E1,-9.496102753E0,-1.040186920E0,-1.700643494E1
1.875552254E1,-1.112935638E1,-1.891915741E0,-1.719339615E1
1.876553754E1,-1.190384583E1,-2.078577576E0,-1.674926971E1
1.877555154E1,-1.216595078E1,-1.816173248E0,-1.573991867E1
1.878556654E1,-1.224393860E1,-1.780846710E0,-1.430275726E1
1.879558054E1,-1.134176468E1,-1.460662537E0,-1.210113556E1
1.880559454E1,-9.777816925E0,-8.857081604E-1,-9.139843597E0
1.881560954E1,-8.396938477E0,-2.842588806E-1,-6.513255615E0
1.882562354E1,-6.962022400E0,5.867797852E-2,-4.108356628E0
1.883563854E1,-5.523813171E0,2.646496582E-1,-1.099463654E0
1.884565254E1,-3.180136871E0,1.302591248E0,2.227068787E0
1.885566754E1,-4.903802490E-1,2.937192078E0,4.230203247E0
1.886568154E1,1.860780487E0,4.102967834E0,4.942721558E0
1.887569654E1,3.463048553E0,5.225184174E0,4.748575287E0
1.888571054E1,3.270848236E0,5.344486084E0,5.391787720E0
1.889572554E1,2.064357147E0,5.012476501E0,5.359005890E0
1.890573954E1,1.564546509E0,5.197192383E0,4.724325714E0
1.891575354E1,2.029329987E0,5.498366089E0,4.271667023E0
1.892576854E1,3.098855896E0,5.914051666E0,3.009342041E0
1.893578254E1,4.891078949E0,6.653663635E0,4.421804810E-1
1.894579754E1,6.646179199E0,6.878047028E0,-3.442092133E0
1.895581154E1,7.767198029E0,6.667434998E0,-7.657476196E0
1.896582654E1,7.770491180E0,6.462810516E0,-1.124566452E1
1.897584054E1,6.435417480E0,5.824537811E0,-1.470227646E1
1.898585554E1,4.586163025E0,4.943170624E0,-1.711181580E1
1.899586954E1,3.923640747E0,4.388424225E0,-1.734293518E1
1.900588454E1,4.454137573E0,4.183350677E0,-1.713950821E1
1.901589854E1,4.728367310E0,4.028722229E0,-1.749756363E1
1.902591254E1,3.472628632E0,3.820355530E0,-1.835318436E1
1.903592754E1,2.050585785E0,3.630999298E0,-1.824900101E1
1.904594154E1,6.631210327E-1,3.241658936E0,-1.790232193E1
1.905595654E1,-1.138532410E0,2.614014130E0,-1.791519516E1
1.906597054E1,-2.569556580E0,2.117796021E0,-1.830827774E1
1.907598554E1,-3.802392883E0,1.513951721E0,-1.891122391E1
1.908599954E1,-4.967270508E0,1.154399414E0,-1.788465866E1
1.909601454E1,-4.886288910E0,1.237027588E0,-1.522918076E1
1.910602854E1,-4.461172943E0,1.118474121E0,-1.235470825E1
1.911604254E1,-3.978127441E0,8.120613098E-1,-9.152267761E0
1.912605754E1,-3.787424011E0,8.693920898E-1,-6.664890289E0
1.913607154E1,-3.903432770E0,9.002279663E-1,-4.496050415E0
1.914608654E1,-5.131479034E0,6.483018494E-1,-3.223696289E0
1.915610054E1,-7.018754425E0,3.718267822E-1,-2.337389374E0
1.916611554E1,-8.784033508E0,1.930984497E-2,-6.750961304E-1
1.917612954E1,-1.036684204E1,-2.850073242E-1,7.897576904E-1
1.918614454E1,-1.193767548E1,-4.650828552E-1,3.350033569E-1
1.919615854E1,-1.317470306E1,-4.073030090E-1,-2.027533722E0
1.920617254E1,-1.394380371E1,3.023712158E-1,-4.783303070E0
1.921618754E1,-1.500180359E1,6.173162842E-1,-7.460934906E0
1.922620154E1,-1.564920731E1,2.990780640E-1,-8.366252289E0
1.923621654E1,-1.555385559E1,5.177732849E-1,-8.795559540E0
1.924623054E1,-1.522124725E1,9.231303406E-1,-9.708660736E0
1.925624554E1,-1.442699890E1,9.833052063E-1,-1.019799316E1
1.926625954E1,-1.274868896E1,1.237326965E0,-1.019889130E1
1.927627454E1,-1.025487488E1,1.807790680E0,-1.045171555E1
1.928628854E1,-7.852221222E0,2.349663849E0,-1.153800659E1
1.929630254E1,-5.586981812E0,2.714604950E0,-1.258133698E1
1.930631754E1,-3.469934235E0,2.960693207E0,-1.348021774E1
1.931633154E1,-1.219663696E0,3.032094727E0,-1.309491898E1
1.932634654E1,1.116079102E0,3.284320221E0,-1.136960678E1
1.933636025E1,2.982996826E0,4.042343903E0,-9.890981598E0
1.934637525E1,4.154011688E0,5.109474792E0,-9.191037140E0
1.935638925E1,5.069058838E0,6.513105927E0,-1.009665390E1
1.936640425E1,5.241649933E0,7.296427002E0,-1.164383652E1
1.937641825E1,4.841981049E0,7.256460114E0,-1.246278351E1
1.938643225E1,4.381688232E0,6.815327454E0,-1.313114365E1
1.939644725E1,3.636837158E0,5.939498749E0,-1.310419968E1
1.940646125E1,2.327509918E0,4.884193268E0,-1.178843582E1
1.941647625E1,1.871558075E0,4.495601349E0,-9.688901825E0
1.942649025E1,1.479373627E0,4.848417664E0,-8.693172455E0
1.943650525E1,8.660989380E-1,5.056784363E0,-7.689509583E0
1.944651925E1,5.176235962E-1,5.638774109E0,-6.544540558E0
1.945653425E1,-8.891510010E-1,6.170169067E0,-6.152954865E0
1.946654825E1,-2.194286957E0,5.905369720E0,-3.954626312E0
1.947656225E1,-3.225342865E0,5.801934814E0,-8.806187439E-1
1.948657725E1,-4.740043030E0,5.272336121E0,7.629634094E-1
1.949659125E1,-6.168522491E0,4.464166718E0,2.666554871E0
1.950660625E1,-7.133266296E0,4.079317017E0,5.165458374E0
1.951662025E1,-7.619155884E0,4.031416626E0,6.903494110E0
1.952663525E1,-7.467970276E0,3.987408142E0,8.023764496E0
1.953664925E1,-7.195387115E0,3.740870819E0,8.375532990E0
1.954666325E1,-7.099286957E0,3.435356140E0,7.766449585E0
1.955667825E1,-6.479126587E0,3.239263916E0,8.344697113E0
1.956669225E1,-6.020630035E0,3.146307220E0,9.331445160E0
1.957670725E1,-6.219416656E0,2.878514099E0,1.027253815E1
1.958672125E1,-7.282056885E0,3.525019684E0,1.070873108E1
1.959673625E1,-7.925868073E0,5.462141418E0,6.902146912E0
1.960675025E1,-9.279203796E0,5.652994537E0,1.726360016E0
1.961676525E1,-9.676028595E0,4.957690430E0,-3.356919250E0
1.962677925E1,-1.012569351E1,3.804338837E0,-8.537795563E0
1.963679325E1,-1.081471069E1,1.667232971E0,-1.239901611E1
1.964680825E1,-9.145232391E0,7.273374939E-1,-1.477218109E1
1.965682225E1,-5.374274139E0,1.175954590E0,-1.600082611E1
1.966683725E1,-4.221221924E-1,2.907703400E0,-1.661514862E1
1.967685125E1,4.193529510E0,4.659959564E0,-1.689731186E1
1.968686625E1,7.635471954E0,5.619164886E0,-1.753872803E1
1.969688025E1,9.113049316E0,5.891748047E0,-1.831112183E1
1.970689425E1,9.025780792E0,5.390590210E0,-1.799363205E1
1.971690925E1,8.889713745E0,4.543801117E0,-1.646441208E1
1.972692325E1,8.873397675E0,3.695365448E0,-1.425321030E1
1.973693825E1,8.142018585E0,2.836750946E0,-1.205832458E1
1.974695225E1,6.897057495E0,2.071991272E0,-9.427096252E0
1.975696725E1,5.949228516E0,2.216291199E0,-6.715934143E0
1.976698125E1,5.747747498E0,2.749332733E0,-3.763024750E0
1.977699625E1,5.910309448E0,3.164868622E0,-1.472937012E0
1.978701025E1,6.535259857E0,3.741918640E0,-1.815724182E-1
1.979702425E1,7.431146851E0,4.727169800E0,-8.604107666E-1
1.980703925E1,5.396128693E0,5.698050842E0,-2.336491241E0
1.981705325E1,4.339775391E0,4.792434082E0,-4.297413483E0
1.982706825E1,3.454665985E0,4.154610443E0,-8.645122375E0
1.983708225E1,-8.988807678E-1,4.219874725E0,-1.059960800E1
1.984709725E1,-1.764530640E0,2.984493713E0,-1.049512527E1
1.985711125E1,-2.483036499E0,3.403173065E0,-1.055964111E1
1.986712525E1,-1.177152100E0,3.938908997E0,-1.049826874E1
1.987714025E1,1.668280792E0,4.681065674E0,-8.481063538E0
1.988715425E1,4.972509613E0,6.764433289E0,-5.740861816E0
1.989716925E1,6.963668976E0,9.368268585E0,-3.998036041E0
1.990718325E1,6.381978607E0,1.091185867E1,-3.139720917E0
1.991719825E1,4.195625153E0,1.028660889E1,-1.456022186E0
1.992721225E1,1.430724792E0,8.625962219E0,4.828958130E-1
1.993722625E1,-1.168170776E0,6.818620605E0,1.455124054E0
1.994724125E1,-2.404300232E0,5.922583923E0,1.080602875E0
1.995725525E1,-1.872306519E0,6.453080750E0,-4.906796265E-1
1.996727025E1,-2.019300842E-1,7.745044098E0,-1.451980591E0
1.997728425E1,2.481389923E0,9.804910583E0,-1.425036621E0
1.998729925E1,5.357958069E0,1.268626877E1,-1.229393463E0
1.999731325E1,6.027216339E0,1.456067093E1,-1.616787872E0
2.000732725E1,4.315974884E0,1.395248566E1,-2.150278473E0
2.001734225E1,1.986219635E0,1.229632965E1,-1.865121460E0
2.002735625E1,-3.290158081E-1,1.061891785E1,-1.105301514E0
2.003737125E1,-2.652933197E0,8.983119507E0,-5.703140259E-1
2.004738525E1,-3.791016541E0,8.309669952E0,4.445755005E-1
2.005740025E1,-1.925296326E0,9.465266876E0,1.833537140E0
2.006741425E1,1.023272095E0,1.164787811E1,1.805245972E0
2.007742825E1,2.984793091E0,1.378169083E1,1.955383759E0
2.008744325E1,3.666475525E0,1.454689957E1,8.454418945E-1
2.009745725E1,3.078348541E0,1.440200089E1,-9.318122864E-1
2.010747225E1,1.829794922E0,1.366388580E1,-2.077829132E0
2.011748625E1,2.248324585E-1,1.261157410E1,-2.660717010E0
2.012750025E1,-1.466799774E0,1.156075928E1,-1.357826385E0
2.013751525E1,-1.758393402E0,1.110450806E1,8.300239563E-1
2.014752925E1,-3.405418396E-1,1.194530960E1,2.362088013E0
2.015754425E1,1.131347351E0,1.285182449E1,2.972069550E0
2.016755825E1,1.377585297E0,1.327140198E1,2.698438568E0
2.017757325E1,9.743238831E-1,1.321062836E1,1.270108795E0
2.018758725E1,8.113128662E-1,1.296079788E1,3.555107117E-1
2.019760125E1,1.046324158E-1,1.267998184E1,2.046244812E-1
2.020761625E1,-1.657353516E0,1.203991287E1,5.132826233E-1
2.021763025E1,-2.695594482E0,1.123982666E1,1.287023621E0
2.022764525E1,-2.371518402E0,1.091634933E1,2.008972321E0
2.023765925E1,-9.560618591E-1,1.107816284E1,2.784958649E0
2.024767425E1,2.863545227E-1,1.122515717E1,3.379522247E0
2.025768825E1,5.788462830E-1,1.117291580E1,3.047512665E0
2.026770225E1,1.098715210E-1,1.077818665E1,1.825004883E0
2.027771725E1,-5.182223511E-1,1.057206528E1,6.454577637E-1
2.028773125E1,-2.354603577E-1,1.066906357E1,4.921765137E-1
2.029774625E1,5.137316895E-1,1.110630432E1,1.081950073E0
2.030776025E1,7.686515808E-1,1.136706207E1,1.915716248E0
2.031777425E1,9.159452820E-1,1.113190109E1,2.781665497E0
2.032778912E1,1.461710358E0,1.100212097E1,3.403472443E0
2.033780312E1,2.022893372E0,1.105735611E1,3.730242920E0
2.034781812E1,1.633702698E0,1.096140564E1,3.526217194E0
2.035783212E1,-9.909393311E-2,1.035801041E1,2.188000031E0
2.036784712E1,-1.815724182E0,9.766141205E0,1.409019928E0
2.037786112E1,-2.320624237E0,9.429191895E0,1.667083282E0
2.038787512E1,-1.591191101E0,9.786798248E0,2.492466888E0
2.039789012E1,-5.819897461E-1,1.023032593E1,2.922971649E0
2.040790412E1,-1.948947144E-1,1.027283752E1,3.119662628E0
2.041791912E1,1.945953369E-1,1.016491196E1,3.735482025E0
2.042793312E1,8.861572266E-1,1.021266266E1,4.036805420E0
2.043794712E1,9.569599915E-1,1.014620087E1,3.864364014E0
2.044796212E1,2.432441711E-1,9.696835327E0,3.790866852E0
2.045797612E1,-2.299218750E-1,9.227261810E0,3.979624329E0
2.046799112E1,-1.740879822E-1,9.138496399E0,4.173022156E0
2.047800512E1,-9.086105347E-2,9.255253601E0,4.120331726E0
2.048802012E1,-2.395019531E-3,9.342073059E0,4.149071960E0
2.049803412E1,1.865121460E-1,9.425749054E0,4.297862549E0
2.050804812E1,2.844085693E-1,9.367220764E0,4.267176361E0
2.051806312E1,-1.796264648E-3,9.082363129E0,3.796854401E0
2.052807712E1,-3.794609070E-1,9.000782776E0,3.159629517E0
2.053809212E1,-1.026864624E-1,9.238638153E0,2.688110046E0
2.054810612E1,5.144801331E-1,9.485624542E0,2.681823120E0
2.055812012E1,1.057251434E0,9.687854004E0,3.037633209E0
2.056813512E1,1.406026154E0,9.818232880E0,3.112327881E0
2.057814912E1,1.367406464E0,9.889185333E0,3.029550018E0
2.058816412E1,9.883946228E-1,9.746232605E0,2.797682190E0
2.059817812E1,6.483018494E-1,9.574240265E0,2.454296265E0
2.060819312E1,2.174977112E-1,9.314979401E0,2.673590240E0
2.061820712E1,-7.753875732E-2,9.023535461E0,3.494483185E0
2.062822112E1,3.113525391E-2,8.907826080E0,4.419709167E0
2.063823612E1,2.275268555E-1,8.929231567E0,4.863685913E0
2.064825012E1,5.390290833E-1,9.083560638E0,4.538112946E0
2.065826512E1,7.092251587E-1,9.325607300E0,3.904181213E0
2.066827912E1,9.713301086E-1,9.505084076E0,2.945874023E0
2.067829312E1,1.416953430E0,9.730365601E0,2.041305084E0
2.068830812E1,1.616638184E0,9.872420197E0,1.837728424E0
2.069832212E1,1.295256500E0,9.570797424E0,2.246678009E0
2.070833712E1,1.120869141E0,9.249116364E0,2.803520050E0
2.071835112E1,1.050665131E0,9.184750214E0,2.932701416E0
2.072836512E1,1.050066376E0,9.109307098E0,3.187321930E0
2.073838012E1,1.060843964E0,9.082812195E0,3.665727081E0
2.074839412E1,1.043480072E0,9.278155975E0,3.773502960E0
2.075840912E1,1.003363495E0,9.232650604E0,3.666325836E0
2.076842312E1,8.901988220E-1,9.138346710E0,3.408412170E0
2.077843712E1,1.228794708E0,9.360784149E0,3.219954071E0
2.078845212E1,1.942360840E0,9.682465210E0,3.173400879E0
2.079846612E1,2.498753815E0,1.001462448E1,3.073259125E0
2.080848112E1,2.545307007E0,1.020892044E1,2.974763947E0
2.081849512E1,2.125729523E0,1.000339783E1,3.156186676E0
2.082851012E1,1.635349274E0,9.749226379E0,3.566333771E0
2.083852412E1,1.233435059E0,9.477990417E0,3.913910980E0
2.084853812E1,9.436376953E-1,9.139693909E0,4.136198730E0
2.085855312E1,7.408094788E-1,8.960516510E0,4.110751648E0
2.086856712E1,5.911207581E-1,8.813372498E0,4.022734680E0
2.087858212E1,4.902305603E-1,8.675808563E0,3.964505768E0
2.088859612E1,6.578819275E-1,8.699758759E0,3.521277466E0
2.089861012E1,1.526675262E0,9.406588898E0,-6.706054688E-2
2.090862512E1,2.327210541E0,9.804760895E0,1.418300629E0
2.091863912E1,2.213746490E0,9.573192444E0,1.750459900E0
2.092865412E1,1.473984833E0,9.118887177E0,2.639311523E0
2.093866812E1,1.404080200E0,8.982820129E0,3.188369751E0
2.094868212E1,1.354084167E0,8.834628296E0,3.224295044E0
2.095869712E1,1.201251984E0,8.699010315E0,3.997886353E0
2.096871112E1,1.039139099E0,8.655450897E0,4.511019287E0
2.097872612E1,1.022673340E0,8.698411560E0,4.396657104E0
2.098874012E1,1.090332642E0,8.858428802E0,4.117038574E0