"Time (s)","X (rad/s)","Y (rad/s)","Z (rad/s)"
3.262499999E-3,-1.661658138E-1,-1.258610636E-1,-1.524056196E-1
1.327650000E-2,-1.655287892E-1,-9.200668335E-2,-1.615533084E-1
2.329150000E-2,-1.544254273E-1,-8.189998567E-2,-1.599041671E-1
3.330550000E-2,-1.463240832E-1,-8.991609514E-2,-1.564838588E-1
4.332050000E-2,-1.522811502E-1,-1.037886441E-1,-1.491355449E-1
5.333450000E-2,-1.628056914E-1,-1.129677594E-1,-1.386916786E-1
6.334850000E-2,-1.655518413E-1,-1.118183434E-1,-1.263288260E-1
7.336350000E-2,-1.610636115E-1,-1.058006659E-1,-1.123746634E-1
8.337750000E-2,-1.489609927E-1,-9.169695526E-2,-9.304429591E-2
9.339250000E-2,-1.489487439E-1,-8.746439964E-2,-7.899319381E-2
1.034065000E-1,-1.511687487E-1,-1.110114008E-1,-7.542537153E-2
1.134215000E-1,-1.529048532E-1,-1.431831867E-1,-8.748416603E-2
1.234355000E-1,-1.479308009E-1,-1.685471237E-1,-9.490727633E-2
1.334505000E-1,-1.434745342E-1,-1.677772105E-1,-9.450513870E-2
1.434645000E-1,-1.469309628E-1,-1.723422706E-1,-9.136825800E-2
1.534795000E-1,-1.439511478E-1,-1.513461769E-1,-8.359768987E-2
1.634935000E-1,-1.315201074E-1,-1.132543162E-1,-7.593756169E-2
1.735085000E-1,-1.111756787E-1,-1.361369938E-1,-7.082615793E-2
1.835225000E-1,-8.232221007E-2,-1.646366864E-1,-6.779360026E-2
1.935375000E-1,-6.427476555E-2,-1.805807650E-1,-7.238835096E-2
2.035515000E-1,-6.303638965E-2,-1.945413202E-1,-7.609680295E-2
2.135665000E-1,-7.599906623E-2,-1.899841130E-1,-7.203175873E-2
2.235805000E-1,-8.761309832E-2,-1.838925332E-1,-5.518514663E-2
2.335945000E-1,-9.172714502E-2,-1.944772750E-1,-2.418089285E-2
2.436095000E-1,-8.878801763E-2,-2.198603898E-1,6.913825404E-3
2.536235000E-1,-9.215904027E-2,-2.186590433E-1,3.426821902E-2
2.636385000E-1,-1.251254082E-1,-1.528528631E-1,6.205709651E-2
2.736525000E-1,-1.864193976E-1,-1.220014691E-1,8.591210097E-2
2.836675000E-1,-2.438276112E-1,-1.121240705E-1,1.088345125E-1
2.936815000E-1,-2.903162837E-1,-1.068957523E-1,1.176823303E-1
3.036965000E-1,-3.208751380E-1,-1.315397173E-1,1.354042888E-1
3.137105417E-1,-3.180854619E-1,-1.679757535E-1,1.786596179E-1
3.237255417E-1,-2.993135154E-1,-2.128042132E-1,2.259212732E-1
3.337395417E-1,-2.730752528E-1,-2.667262852E-1,2.952630818E-1
3.437545417E-1,-2.495765239E-1,-3.379125893E-1,3.819901049E-1
3.537685417E-1,-2.354489863E-1,-4.417905211E-1,4.815478325E-1
3.637835417E-1,-2.472262830E-1,-5.447416902E-1,5.854327679E-1
3.737975417E-1,-2.902390063E-1,-5.416292548E-1,6.810165644E-1
3.838125417E-1,-3.208039999E-1,-4.548907280E-1,7.562107444E-1
3.938265417E-1,-3.436829448E-1,-4.012264311E-1,8.047341108E-1
4.038415417E-1,-3.645392060E-1,-4.056080282E-1,8.445585370E-1
4.138555417E-1,-3.893438876E-1,-4.080948830E-1,8.729262352E-1
4.238705417E-1,-4.047534764E-1,-3.992590606E-1,8.882631063E-1
4.338845417E-1,-4.038077891E-1,-3.943857253E-1,8.939697146E-1
4.438995417E-1,-3.909830749E-1,-4.090343118E-1,9.083310962E-1
4.539135417E-1,-4.028860927E-1,-4.533338845E-1,9.608869553E-1
4.639275417E-1,-4.653908014E-1,-5.343804955E-1,1.035496354E0
4.739425417E-1,-5.513826609E-1,-6.414196491E-1,1.126853108E0
4.839565417E-1,-6.199975610E-1,-7.402454019E-1,1.195997953E0
4.939715417E-1,-6.538588405E-1,-7.213396430E-1,1.197032332E0
5.039855417E-1,-6.345913410E-1,-6.035047174E-1,1.144214392E0
5.140005417E-1,-5.761330724E-1,-4.634858370E-1,1.044945836E0
5.240145417E-1,-4.919110239E-1,-4.074747562E-1,9.665806293E-1
5.340295417E-1,-4.101988673E-1,-3.866011500E-1,9.436228275E-1
5.440435417E-1,-3.732522130E-1,-3.918847442E-1,9.648792744E-1
5.540585417E-1,-4.077486694E-1,-4.869689047E-1,1.045019865E0
5.640725417E-1,-4.994454682E-1,-6.170793772E-1,1.145694494E0
5.740875417E-1,-5.856735706E-1,-7.113872766E-1,1.225653529E0
5.841015417E-1,-6.306107044E-1,-7.781835794E-1,1.319412947E0
5.941165417E-1,-6.520907283E-1,-8.694019318E-1,1.399442554E0
6.041305417E-1,-6.260163188E-1,-8.065097332E-1,1.389718294E0
6.141455417E-1,-5.560473800E-1,-6.122063398E-1,1.287164211E0
6.241595417E-1,-5.163663030E-1,-4.515427649E-1,1.168425441E0
6.341745417E-1,-5.464293957E-1,-3.381586671E-1,1.158164024E0
6.441885417E-1,-6.648533344E-1,-3.308667839E-1,1.234614849E0
6.542035417E-1,-7.875238657E-1,-3.699524105E-1,1.340706348E0
6.642175417E-1,-8.831635714E-1,-4.045194685E-1,1.411596179E0
6.742325417E-1,-9.342536926E-1,-3.909221590E-1,1.431875348E0
6.842465417E-1,-9.848104715E-1,-3.155698478E-1,1.424522877E0
6.942615417E-1,-1.065887690E0,-2.375728041E-1,1.401139498E0
7.042755417E-1,-1.133723855E0,-1.106288359E-1,1.358316541E0
7.142905417E-1,-1.157483816E0,-2.690943889E-2,1.293705344E0
7.243045417E-1,-1.126440763E0,-7.399213314E-2,1.237865090E0
7.343195417E-1,-1.048652768E0,-1.563567817E-1,1.236241937E0
7.443335417E-1,-1.017236590E0,-2.116997838E-1,1.276563525E0
7.543485417E-1,-1.099166274E0,-2.295940965E-1,1.326163530E0
7.643625417E-1,-1.270259261E0,-1.554915160E-1,1.377413154E0
7.743775417E-1,-1.482242823E0,-2.997999545E-4,1.409225464E0
7.843915417E-1,-1.669246554E0,1.052274257E-1,1.415444970E0
7.944065417E-1,-1.766138792E0,1.144787148E-1,1.381033421E0
8.044205417E-1,-1.777791500E0,-1.948148757E-2,1.300081253E0
8.144355417E-1,-1.690356374E0,-3.276377320E-1,1.186704397E0
8.244495417E-1,-1.490634441E0,-7.339429855E-1,1.083564997E0
8.344645417E-1,-1.204386711E0,-1.074458241E0,1.018623829E0
8.444785417E-1,-9.254565835E-1,-1.296144962E0,9.816908836E-1
8.544935417E-1,-7.222781181E-1,-1.408131957E0,9.752228856E-1
8.645075417E-1,-6.206489801E-1,-1.337091088E0,1.016422153E0
8.745225417E-1,-6.037225127E-1,-1.120499849E0,1.101165533E0
8.845365417E-1,-5.974641442E-1,-1.020966768E0,1.173141479E0
8.945515417E-1,-5.144827366E-1,-1.138493180E0,1.165621996E0
9.045655417E-1,-3.325843215E-1,-1.376794338E0,1.056726575E0
9.145805417E-1,-1.370630413E-1,-1.721706629E0,8.432923555E-1
9.245945417E-1,7.562632207E-3,-2.097558498E0,5.781088471E-1
9.346095417E-1,1.110631973E-1,-2.382089615E0,3.320895135E-1
9.446235417E-1,1.585517377E-1,-2.443921804E0,1.764796078E-1
9.546385417E-1,1.593517512E-1,-2.328066111E0,6.471579522E-2
9.646525417E-1,1.972672641E-1,-2.245170355E0,-7.039768994E-2
9.746675417E-1,3.327270746E-1,-2.296862364E0,-2.096804678E-1
9.846815417E-1,5.162356496E-1,-2.413106680E0,-3.513658941E-1
9.946965417E-1,6.925427318E-1,-2.486166000E0,-5.589745045E-1
1.004710542E0,8.469834328E-1,-2.574149370E0,-8.526183367E-1
1.014725542E0,9.622149467E-1,-2.645942688E0,-1.151732326E0
1.024739542E0,9.988631010E-1,-2.616639137E0,-1.427590728E0
1.034754542E0,9.341722131E-1,-2.601527214E0,-1.679765701E0
1.044768542E0,7.945556641E-1,-2.692524910E0,-1.885554552E0
1.054783542E0,6.356147528E-1,-2.860362053E0,-2.051251650E0
1.064797542E0,5.113387108E-1,-2.999552250E0,-2.189330578E0
1.074812542E0,4.204389155E-1,-3.041388512E0,-2.304414988E0
1.084826542E0,2.982257009E-1,-2.977796078E0,-2.421411276E0
1.094841542E0,1.550137103E-1,-2.909625053E0,-2.519178152E0
1.104855542E0,5.060809851E-2,-2.820251942E0,-2.573610306E0
1.114870542E0,-9.595057927E-3,-2.595846176E0,-2.626507521E0
1.124884542E0,7.401746698E-3,-2.268706322E0,-2.700160742E0
1.134899542E0,9.013363719E-2,-1.934773207E0,-2.813456535E0
1.144913542E0,1.848622859E-1,-1.668889403E0,-2.949360609E0
1.154928542E0,3.241101801E-1,-1.701072335E0,-3.074595928E0
1.164942542E0,4.570299983E-1,-2.013599873E0,-3.141750097E0
1.174957542E0,4.443155527E-1,-2.487668991E0,-3.215435266E0
1.184971542E0,3.012291193E-1,-2.852921963E0,-3.363981009E0
1.194986542E0,1.194332018E-1,-2.882713318E0,-3.508399725E0
1.205000542E0,-5.291426927E-2,-2.678078413E0,-3.569009542E0
1.215015542E0,-1.817388386E-1,-2.363701344E0,-3.536841393E0
1.225029542E0,-2.530939877E-1,-1.897783041E0,-3.399770260E0
1.235044542E0,-3.379468322E-1,-1.274809122E0,-3.145195723E0
1.245058542E0,-5.285884142E-1,-5.403361320E-1,-2.755121708E0
1.255073542E0,-8.470002413E-1,1.699449271E-1,-2.324681520E0
1.265087542E0,-1.062696815E0,6.539617777E-1,-1.812505245E0
1.275102542E0,-1.022715092E0,7.248913646E-1,-1.330883265E0
1.285116542E0,-7.280516624E-1,4.896426201E-1,-9.126325250E-1
1.295131542E0,-3.656226397E-1,1.591528654E-1,-5.360378027E-1
1.305145542E0,-7.880304009E-2,-8.650924265E-2,-1.372497827E-1
1.315160917E0,6.285209209E-2,-2.022760510E-1,3.029672801E-1
1.325174917E0,1.923971623E-2,-1.215593591E-1,7.566503286E-1
1.335189917E0,-2.627557516E-1,6.329091638E-2,1.142069697E0
1.345203917E0,-6.647119522E-1,3.162587285E-1,1.385007739E0
1.355218917E0,-9.817836285E-1,4.628779888E-1,1.536136031E0
1.365232917E0,-1.086025357E0,3.772027493E-1,1.697734952E0
1.375247917E0,-1.055920720E0,1.226000413E-1,1.925565362E0
1.385261917E0,-9.789795876E-1,-1.952999085E-1,2.193433523E0
1.395276917E0,-8.434167504E-1,-4.777209461E-1,2.443457365E0
1.405290917E0,-7.277075052E-1,-5.358330011E-1,2.673386574E0
1.415305917E0,-7.181901336E-1,-4.624245465E-1,2.903029442E0
1.425319917E0,-7.645035982E-1,-3.578913212E-1,3.042844296E0
1.435334917E0,-7.548906207E-1,-1.468086690E-1,3.002590895E0
1.445348917E0,-7.384448051E-1,2.692651749E-2,2.738081217E0
1.455363917E0,-8.107829690E-1,9.104984254E-2,2.294836044E0
1.465377917E0,-9.783750772E-1,7.293541729E-2,1.720653653E0
1.475392917E0,-1.189274907E0,-6.853489578E-2,1.121400833E0
1.485407917E0,-1.394322515E0,-2.587397099E-1,6.767968535E-1
1.495421917E0,-1.482524276E0,-4.212894738E-1,4.056316316E-1
1.505436917E0,-1.423580885E0,-5.458866358E-1,1.905730814E-1
1.515450917E0,-1.305380702E0,-6.077486873E-1,-2.549529821E-2
1.525465917E0,-1.209655881E0,-6.247267723E-1,-2.331474274E-1
1.535479917E0,-1.108958840E0,-5.300894976E-1,-3.594688773E-1
1.545494917E0,-1.022292733E0,-3.440098464E-1,-4.434559345E-1
1.555508917E0,-1.040460587E0,-1.150920019E-1,-5.611357093E-1
1.565523917E0,-1.159578443E0,1.245448217E-1,-6.725324988E-1
1.575537917E0,-1.316842079E0,3.644831181E-1,-7.719989419E-1
1.585552917E0,-1.466586828E0,4.788601398E-1,-8.403964639E-1
1.595566917E0,-1.583519578E0,4.363425076E-1,-8.921981454E-1
1.605581917E0,-1.639167070E0,2.556534410E-1,-9.350332618E-1
1.615595917E0,-1.617081761E0,4.245169088E-2,-9.302273393E-1
1.625610917E0,-1.515438914E0,-1.439478844E-1,-8.770242929E-1
1.635624917E0,-1.368026853E0,-3.132319748E-1,-7.968698144E-1
1.645639917E0,-1.245295644E0,-4.152161181E-1,-6.453256011E-1
1.655653917E0,-1.231150508E0,-3.262074292E-1,-4.279613197E-1
1.665668917E0,-1.346988082E0,-1.063178256E-1,-2.120196372E-1
1.675682917E0,-1.503856540E0,1.928148121E-1,-2.236688323E-2
1.685697917E0,-1.622716427E0,4.973285496E-1,1.133142412E-1
1.695711917E0,-1.664039373E0,6.609795094E-1,1.817332357E-1
1.705726917E0,-1.596439719E0,6.432774663E-1,2.249109149E-1
1.715740917E0,-1.420120239E0,4.610594809E-1,2.660820484E-1
1.725755917E0,-1.169578552E0,1.824125201E-1,3.213992715E-1
1.735770917E0,-8.791520000E-1,-1.165305004E-1,3.880542219E-1
1.745784917E0,-5.908855200E-1,-2.803882658E-1,4.541034400E-1
1.755799917E0,-3.208087981E-1,-2.183331698E-1,5.120831132E-1
1.765813917E0,-6.899688393E-2,-7.273513824E-3,5.520980358E-1
1.775828917E0,1.591409445E-1,2.505186200E-1,5.750629902E-1
1.785842917E0,3.563629389E-1,4.819286764E-1,6.114013195E-1
1.795857917E0,5.280883312E-1,6.223651171E-1,6.603904366E-1
1.805871917E0,6.716794372E-1,6.859254837E-1,7.412280440E-1
1.815886917E0,7.899442911E-1,6.726728082E-1,7.695872784E-1
1.825900917E0,8.930795789E-1,6.366144419E-1,6.869438887E-1
1.835915917E0,9.776785970E-1,6.207949519E-1,5.645386577E-1
1.845929917E0,1.031396747E0,6.052092314E-1,5.017944574E-1
1.855944917E0,1.079758406E0,6.162658334E-1,5.338770151E-1
1.865958917E0,1.126424432E0,7.093389630E-1,6.668816805E-1
1.875973917E0,1.101941228E0,9.163163900E-1,8.358491063E-1
1.885987917E0,1.015362024E0,1.155749679E0,9.340317249E-1
1.896002917E0,9.285047054E-1,1.239958405E0,9.361066222E-1
1.906017917E0,8.717841506E-1,1.126267195E0,8.770136237E-1
1.916031917E0,8.252781630E-1,9.283468723E-1,7.656567097E-1
1.926046917E0,7.813418508E-1,6.991031170E-1,5.871672034E-1
1.936060917E0,7.359107137E-1,4.490426183E-1,3.881371915E-1
1.946075917E0,6.896570921E-1,1.819537878E-1,2.288730741E-1
1.956089917E0,6.236639619E-1,-8.248717338E-2,7.941888273E-2
1.966104917E0,5.498090386E-1,-3.450194597E-1,-8.235388249E-2
1.976118917E0,4.993051291E-1,-4.543320835E-1,-2.236945033E-1
1.986133917E0,4.011823833E-1,-3.976444304E-1,-3.208359778E-1
1.996147917E0,2.125027478E-1,-2.485870272E-1,-3.532471657E-1
2.006162917E0,4.426165484E-3,-1.260411739E-1,-3.422201276E-1
2.016176917E0,-1.600208282E-1,-8.635181189E-2,-3.365899324E-1
2.026191917E0,-2.626107633E-1,-1.457043737E-1,-3.366188109E-1
2.036205917E0,-2.783090472E-1,-3.174300492E-1,-3.292849958E-1
2.046220917E0,-2.348394245E-1,-6.020570993E-1,-3.164991438E-1
2.056235917E0,-1.654321253E-1,-8.778391480E-1,-2.857153714E-1
2.066249917E0,-1.477269530E-1,-8.661183715E-1,-1.715239733E-1
2.076264917E0,-2.212027758E-1,-6.348391175E-1,7.435822487E-2
2.086278917E0,-3.203501701E-1,-4.648944438E-1,4.103574157E-1
2.096293917E0,-4.223258197E-1,-3.212531209E-1,7.580773234E-1
2.106307917E0,-4.927603900E-1,-2.439270318E-1,1.031957746E0
2.116322917E0,-5.150063038E-1,-2.402670532E-1,1.224075794E0
2.126336917E0,-4.996058643E-1,-3.085511923E-1,1.338402390E0
2.136351917E0,-4.683121145E-1,-4.478329122E-1,1.368127227E0
2.146365917E0,-5.039175749E-1,-4.980842471E-1,1.266575933E0
2.156380917E0,-6.608533859E-1,-3.587889373E-1,1.038684487E0
2.166394917E0,-8.936984539E-1,-1.437446326E-1,8.225155473E-1
2.176409917E0,-1.033127427E0,-1.973977536E-1,7.712672949E-1
2.186424917E0,-9.402703047E-1,-4.651832581E-1,8.843241334E-1
2.196438917E0,-7.339088917E-1,-7.444220781E-1,1.102396011E0
2.206453917E0,-5.399048328E-1,-8.520324230E-1,1.374974489E0
2.216467917E0,-3.990188539E-1,-7.324135900E-1,1.631363630E0
2.226482917E0,-3.863547146E-1,-4.972329140E-1,1.892018437E0
2.236496917E0,-5.038802624E-1,-2.499629408E-1,2.103661537E0
2.246511917E0,-6.789079309E-1,4.852433689E-3,2.123614550E0
2.256525917E0,-7.888099551E-1,2.882385850E-1,1.975098491E0
2.266540917E0,-8.194370866E-1,4.163090885E-1,1.721561790E0
2.276554917E0,-7.179922462E-1,2.344780415E-1,1.475517154E0
2.286569917E0,-4.629096985E-1,-1.209915429E-1,1.301391602E0
2.296583917E0,-1.815520525E-1,-4.755384624E-1,1.194943547E0
2.306598917E0,3.041748703E-2,-6.770435572E-1,1.133587718E0
2.316613667E0,1.371655166E-1,-6.661118269E-1,1.075832963E0
2.326627667E0,1.495570093E-1,-4.659972489E-1,9.913102388E-1
2.336642667E0,7.361403853E-2,-1.306176484E-1,8.807376623E-1
2.346656667E0,-3.313129395E-2,1.451835781E-1,7.207040191E-1
2.356671667E0,-8.300670981E-2,2.050338537E-1,5.240823030E-1
2.366685667E0,-4.445316643E-2,4.424993694E-2,3.337647021E-1
2.376700667E0,5.612643808E-2,-2.166942954E-1,1.183879524E-1
2.386714667E0,1.629074812E-1,-4.192162454E-1,-1.632623821E-1
2.396729667E0,2.111014128E-1,-4.988917112E-1,-4.774799347E-1
2.406743667E0,2.115789205E-1,-4.115081429E-1,-7.693217397E-1
2.416758667E0,2.491982132E-1,-1.984291673E-1,-1.025272012E0
2.426773667E0,3.241852224E-1,-2.345150709E-2,-1.212489367E0
2.436787667E0,3.744215071E-1,1.129646599E-1,-1.311527491E0
2.446802667E0,3.798278570E-1,1.953592449E-1,-1.347803712E0
2.456816667E0,4.050898254E-1,2.644030154E-1,-1.326725602E0
2.466831667E0,4.857065678E-1,2.984588742E-1,-1.349765539E0
2.476845667E0,6.129886508E-1,2.166199386E-1,-1.454672456E0
2.486860667E0,7.428052425E-1,1.016447842E-1,-1.595774293E0
2.496874667E0,8.249690533E-1,1.053538267E-2,-1.757455111E0
2.506889667E0,8.689013124E-1,-4.207034037E-2,-1.941670775E0
2.516903667E0,8.806312084E-1,-2.893962339E-2,-2.077901602E0
2.526918667E0,8.381208777E-1,3.477545828E-2,-2.130506277E0
2.536933667E0,7.620205283E-1,1.161097214E-1,-2.118171215E0
2.546947667E0,6.551054716E-1,2.178977579E-1,-2.056565523E0
2.556962667E0,5.409680009E-1,2.858538926E-1,-1.960663080E0
2.566976667E0,4.624939859E-1,2.745870054E-1,-1.844087005E0
2.576991667E0,4.165179729E-1,2.021042705E-1,-1.721805096E0
2.587005667E0,4.026951790E-1,6.782927364E-2,-1.595838547E0
2.597020667E0,4.335694909E-1,-1.204322502E-1,-1.456297994E0
2.607034667E0,4.622642398E-1,-3.186779320E-1,-1.286861420E0
2.617049667E0,4.640085995E-1,-4.092488587E-1,-1.102467060E0
2.627064667E0,4.215031862E-1,-3.650339842E-1,-9.142559171E-1
2.637078667E0,3.244078159E-1,-1.264155656E-1,-7.231032252E-1
2.647093667E0,1.978053302E-1,2.100764364E-1,-5.219085217E-1
2.657107667E0,6.275190413E-2,4.633976519E-1,-3.134881854E-1
2.667122667E0,-1.861373894E-2,5.239395499E-1,-9.278439730E-2
2.677136667E0,-5.945890397E-2,4.036139548E-1,9.963271767E-2
2.687151667E0,-1.259131581E-1,1.537705809E-1,2.565056384E-1
2.697165667E0,-1.426910758E-1,-1.754917353E-1,3.931145966E-1
2.707180667E0,-1.191614419E-1,-4.419664443E-1,5.104187727E-1
2.717195667E0,-8.697261661E-2,-5.260693431E-1,6.744058132E-1
2.727209667E0,-6.840465218E-2,-3.774199188E-1,9.129579067E-1
2.737224667E0,-6.171611696E-2,-9.474748373E-2,1.194827199E0
2.747238667E0,-1.090941504E-1,1.876010895E-1,1.458767414E0
2.757253667E0,-2.019495219E-1,4.801325500E-1,1.634688973E0
2.767267667E0,-2.554842830E-1,6.751541495E-1,1.665771484E0
2.777282667E0,-2.022386193E-1,7.453436255E-1,1.603755236E0
2.787296667E0,-5.206044763E-2,5.951490402E-1,1.530879498E0
2.797311667E0,2.117392421E-1,2.033626139E-1,1.610456824E0
2.807326667E0,5.959888101E-1,-2.520861030E-1,1.834122896E0
2.817340667E0,1.037267447E0,-5.039502978E-1,2.051967382E0
2.827355667E0,1.370692968E0,-4.078613520E-1,2.222764730E0
2.837369667E0,1.530971766E0,-1.191147789E-1,2.301966190E0
2.847384667E0,1.493229866E0,1.949045658E-1,2.176592112E0
2.857398667E0,1.302323341E0,4.371451437E-1,1.916385174E0
2.867413667E0,1.099820971E0,5.323684812E-1,1.744858384E0
2.877427667E0,1.011213660E0,5.225999951E-1,1.706024766E0
2.887442667E0,9.824124575E-1,5.495085716E-1,1.680180669E0
2.897457667E0,9.478512406E-1,5.628392696E-1,1.592820168E0
2.907471667E0,8.854163885E-1,6.300810575E-1,1.423790932E0
2.917486667E0,7.321610451E-1,7.682576180E-1,1.176300526E0
2.927500667E0,4.775207043E-1,8.964266181E-1,8.873732090E-1
2.937515667E0,1.795585454E-1,8.696187139E-1,5.695976019E-1
2.947529667E0,-7.941129059E-2,5.491017103E-1,2.795397937E-1
2.957544667E0,-2.088060230E-1,6.021241844E-2,6.666561216E-2
2.967559667E0,-2.066050172E-1,-3.548636436E-1,-7.329152524E-2
2.977573667E0,-1.656639725E-1,-5.457241535E-1,-1.825037748E-1
2.987588667E0,-1.898238510E-1,-5.214287639E-1,-2.926778495E-1
2.997602667E0,-2.854843140E-1,-2.759686410E-1,-3.239915669E-1
3.007617667E0,-4.321689904E-1,7.119328529E-2,-3.304453790E-1
3.017631667E0,-5.857713223E-1,3.250772059E-1,-3.797519505E-1
3.027646667E0,-6.931822300E-1,3.572681844E-1,-4.792763591E-1
3.037660667E0,-7.919711471E-1,3.045786321E-1,-6.467953324E-1
3.047675667E0,-9.115505815E-1,1.961631924E-1,-8.541623354E-1
3.057690667E0,-1.032497764E0,5.087044463E-2,-1.075633645E0
3.067704667E0,-1.135968447E0,-5.594429746E-2,-1.267126799E0
3.077719667E0,-1.203868628E0,-1.147423685E-1,-1.415437698E0
3.087733667E0,-1.216815591E0,-1.176663861E-1,-1.502030015E0
3.097748667E0,-1.181330800E0,-3.307294101E-2,-1.483170271E0
3.107762667E0,-1.087670922E0,1.341578662E-1,-1.442013383E0
3.117777667E0,-9.380607009E-1,2.406632751E-1,-1.413540959E0
3.127792667E0,-7.350462675E-1,2.593173087E-1,-1.397179484E0
3.137806667E0,-5.225470662E-1,1.898194402E-1,-1.378401518E0
3.147821667E0,-3.108212054E-1,8.736950159E-2,-1.364507079E0
3.157835667E0,-1.355338991E-1,-2.143509220E-3,-1.358470321E0
3.167850667E0,-2.506780997E-2,-4.087919369E-2,-1.350879192E0
3.177864667E0,1.585565507E-2,-1.843167469E-2,-1.320655823E0
3.187879667E0,1.623613574E-2,4.247430339E-2,-1.276487947E0
3.197893667E0,3.931748495E-2,7.831832021E-2,-1.196810365E0
3.207908667E0,1.140873730E-1,1.279246062E-1,-1.051890135E0
3.217923667E0,2.082772553E-1,1.689040065E-1,-8.818490505E-1
3.227937667E0,3.152478933E-1,2.032513320E-1,-6.924518943E-1
3.237952667E0,4.358581901E-1,2.513477504E-1,-4.920738339E-1
3.247966667E0,5.685404539E-1,2.761227787E-1,-3.163414896E-1
3.257981667E0,7.311320305E-1,2.649830282E-1,-1.718333215E-1
3.267995667E0,9.212412238E-1,2.109901309E-1,-6.259961426E-2
3.278010667E0,1.108407736E0,1.177083701E-1,3.278923035E-2
3.288025667E0,1.258365393E0,9.747178853E-2,1.466585547E-1
3.298039667E0,1.360710382E0,1.433388740E-1,2.869789004E-1
3.308054667E0,1.415577888E0,2.021357864E-1,4.589999914E-1
3.318068375E0,1.451967359E0,2.738722861E-1,6.324535608E-1
3.328083375E0,1.472620606E0,3.847299218E-1,7.956674099E-1
3.338097375E0,1.490325928E0,4.636111557E-1,9.221268296E-1
3.348112375E0,1.485044479E0,4.975824654E-1,9.604390860E-1
3.358127375E0,1.424894333E0,5.438940525E-1,9.293490648E-1
3.368141375E0,1.322884679E0,5.555082560E-1,9.209375381E-1
3.378156375E0,1.222505689E0,5.080653429E-1,9.641728997E-1
3.388170375E0,1.175096393E0,4.127889872E-1,1.053238273E0
3.398185375E0,1.192349672E0,3.621303439E-1,1.159282923E0
3.408199375E0,1.220027804E0,3.639361262E-1,1.251067042E0
3.418214375E0,1.156915665E0,4.628616571E-1,1.299088120E0
3.428229375E0,9.633083344E-1,6.596339941E-1,1.276318550E0
3.438243375E0,6.561813951E-1,9.013999701E-1,1.182855964E0
3.448258375E0,3.048057258E-1,1.029382706E0,1.013348341E0
3.458272375E0,-1.939712837E-2,9.178396463E-1,7.789472938E-1
3.468287375E0,-2.593935728E-1,5.555301905E-1,5.067675710E-1
3.478301375E0,-3.984478414E-1,5.918382853E-2,2.529323697E-1
3.488316375E0,-4.110955894E-1,-4.798510373E-1,3.692444414E-2
3.498331375E0,-3.431104124E-1,-8.617302775E-1,-1.311641634E-1
3.508345375E0,-2.986974716E-1,-9.698314071E-1,-2.207299024E-1
3.518360375E0,-3.389335573E-1,-8.295491338E-1,-2.234561741E-1
3.528374375E0,-5.029213428E-1,-5.253503323E-1,-1.285607517E-1
3.538389375E0,-7.393823266E-1,-2.605280578E-1,3.946527466E-2
3.548403375E0,-8.995815516E-1,-1.354838312E-1,2.160306573E-1
3.558418375E0,-9.907154441E-1,-8.393356949E-2,2.908023596E-1
3.568433375E0,-1.089059472E0,6.528701633E-3,2.643966973E-1
3.578447375E0,-1.186195612E0,1.534028351E-1,1.547064036E-1
3.588462375E0,-1.196276069E0,1.745695472E-1,-2.263582312E-2
3.598476375E0,-1.110153675E0,-3.938668594E-2,-2.713353634E-1
3.608491375E0,-9.146059752E-1,-3.388226926E-1,-5.120693445E-1
3.618506375E0,-6.779835820E-1,-5.475268960E-1,-7.970100045E-1
3.628520375E0,-4.695685506E-1,-7.261546850E-1,-1.021813273E0
3.638535375E0,-3.269754350E-1,-7.914927006E-1,-1.112624049E0
3.648549375E0,-2.501877844E-1,-7.477015257E-1,-1.113346338E0
3.658564375E0,-2.722454071E-1,-6.303711534E-1,-1.054922462E0
3.668578375E0,-4.160148799E-1,-4.207055271E-1,-1.016268373E0
3.678593375E0,-6.480739713E-1,-2.448388934E-1,-1.022969127E0
3.688608375E0,-8.839699030E-1,-1.268362105E-1,-1.064500809E0
3.698622375E0,-1.071806669E0,-9.947756678E-2,-1.154247761E0
3.708637375E0,-1.239024758E0,-1.938836277E-1,-1.286670685E0
3.718651375E0,-1.344574809E0,-3.650183380E-1,-1.423492193E0
3.728666375E0,-1.389600396E0,-5.545895100E-1,-1.523945332E0
3.738680375E0,-1.352948904E0,-7.160636187E-1,-1.567649961E0
3.748695375E0,-1.216799259E0,-8.001682758E-1,-1.528780818E0
3.758710375E0,-9.636047482E-1,-7.723243833E-1,-1.349609494E0
3.768724375E0,-6.727454066E-1,-7.236061692E-1,-1.121586442E0
3.778739375E0,-3.737549484E-1,-7.015663981E-1,-8.737124205E-1
3.788753375E0,-1.493664086E-1,-6.770960689E-1,-6.483641267E-1
3.798768375E0,-5.475628003E-2,-5.474855900E-1,-4.525512159E-1
3.808783375E0,-2.615386620E-2,-4.163366556E-1,-2.645486891E-1
3.818797375E0,-1.392116770E-2,-3.336122036E-1,-1.194093302E-1
3.828812375E0,2.200857922E-2,-3.316940665E-1,4.825348407E-2
3.838826375E0,9.079430252E-2,-3.450540602E-1,2.013607472E-1
3.848841375E0,2.253712714E-1,-4.266201556E-1,3.453643024E-1
3.858855375E0,4.663412571E-1,-5.204491615E-1,4.688678682E-1
3.868870375E0,7.707486749E-1,-5.305197239E-1,4.010656476E-1
3.878885375E0,1.054945827E0,-5.243755579E-1,1.454991549E-1
3.888899375E0,1.244862318E0,-6.147779226E-1,-1.696199328E-1
3.898914375E0,1.289778948E0,-7.467093468E-1,-5.117927194E-1
3.908928375E0,1.270841837E0,-8.880617619E-1,-8.232280016E-1
3.918943375E0,1.255481601E0,-9.930832386E-1,-1.073485970E0
3.928958375E0,1.258051753E0,-1.029188991E0,-1.320239067E0
3.938972375E0,1.247153401E0,-9.039880037E-1,-1.540630102E0
3.948987375E0,1.169280052E0,-5.686443448E-1,-1.726776004E0
3.959001375E0,9.999270439E-1,-1.156355441E-1,-1.861153007E0
3.969016375E0,7.858434916E-1,3.076336086E-1,-2.000071287E0
3.979030375E0,5.799300075E-1,6.659877896E-1,-2.166675329E0
3.989045375E0,5.020058155E-1,7.822027802E-1,-2.289253712E0
3.999060375E0,4.309590459E-1,5.894793868E-1,-2.372806311E0
4.009074375E0,3.425710797E-1,3.143168092E-1,-2.429654837E0
4.019089375E0,2.731366158E-1,6.322517991E-2,-2.487733841E0
4.029103375E0,1.912430376E-1,-1.383896768E-1,-2.511864662E0
4.039118375E0,1.284142733E-1,-3.046244681E-1,-2.436269999E0
4.049133375E0,6.719587743E-2,-3.603582978E-1,-2.251532078E0
4.059147375E0,-2.660145611E-2,-3.211475015E-1,-1.981749296E0
4.069162375E0,-1.332954764E-1,-2.708988190E-1,-1.643086910E0
4.079176375E0,-2.013861090E-1,-2.823610604E-1,-1.269816637E0
4.089191375E0,-2.019004673E-1,-3.658972979E-1,-8.800383210E-1
4.099205375E0,-1.600371748E-1,-4.567409158E-1,-4.293633401E-1
4.109220375E0,-7.371436805E-2,-4.789311290E-1,1.236888617E-1
4.119235375E0,1.512495987E-2,-4.901273251E-1,6.423669457E-1
4.129249375E0,2.034494095E-2,-5.259678364E-1,1.075351477E0
4.139264375E0,-2.690432966E-2,-5.392415524E-1,1.467500329E0
4.149278375E0,-5.521123111E-2,-5.135675669E-1,1.869660854E0
4.159293375E0,-7.202962041E-2,-3.885262907E-1,2.307145834E0
4.169308375E0,-1.541871130E-1,-2.247542441E-1,2.702803373E0
4.179322375E0,-3.226035833E-1,-2.654715255E-2,3.004383087E0
4.189337375E0,-5.082274079E-1,1.286187172E-1,3.195564270E0
4.199351375E0,-6.491863728E-1,1.334166676E-1,3.348229170E0
4.209366375E0,-6.579261422E-1,6.991640478E-2,3.467307806E0
4.219381375E0,-5.607234240E-1,-3.877385706E-2,3.458501577E0
4.229395375E0,-4.941720963E-1,-1.851785555E-2,3.232208967E0
4.239410375E0,-5.202298164E-1,1.570318490E-1,2.656202555E0
4.249424375E0,-5.972867012E-1,2.749084234E-1,1.771133542E0
4.259439375E0,-5.761947632E-1,3.616134822E-1,8.099747300E-1
4.269453375E0,-3.859437406E-1,5.275933146E-1,-5.842132866E-2
4.279468375E0,-2.772434801E-2,6.708303690E-1,-7.501412034E-1
4.289483375E0,2.975184023E-1,5.740260482E-1,-1.150560379E0
4.299497375E0,5.228588581E-1,4.365554750E-1,-1.453093648E0
4.309512375E0,6.592003107E-1,5.074366331E-1,-1.688778520E0
4.319526125E0,6.658126712E-1,6.589404345E-1,-1.890491128E0
4.329541125E0,6.018557549E-1,8.072889447E-1,-2.061577320E0
4.339556125E0,5.424675345E-1,9.133791924E-1,-2.196794033E0
4.349570125E0,5.107733011E-1,9.369782805E-1,-2.284968138E0
4.359585125E0,4.928052723E-1,8.091446757E-1,-2.289857864E0
4.369599125E0,4.688331783E-1,5.484927893E-1,-2.197412252E0
4.379614125E0,4.550726414E-1,2.317843586E-1,-2.030392885E0
4.389629125E0,5.034130812E-1,-7.034402341E-2,-1.777136564E0
4.399643125E0,6.231754422E-1,-3.000986576E-1,-1.451141477E0
4.409658125E0,7.372062802E-1,-3.798305392E-1,-1.117370367E0
4.419672125E0,7.548627257E-1,-2.924500704E-1,-7.798235416E-1
4.429687125E0,6.726858616E-1,-2.786970325E-2,-4.425981343E-1
4.439702125E0,5.423400998E-1,3.486453295E-1,-1.166021824E-1
4.449716125E0,3.211292922E-1,7.230157852E-1,1.637130976E-1
4.459731125E0,3.701448068E-2,1.010086179E0,4.241921008E-1
4.469745125E0,-2.358204424E-1,1.175040722E0,7.310224771E-1
4.479760125E0,-3.736810982E-1,1.164036036E0,1.096830606E0
4.489774125E0,-2.681576610E-1,9.689480066E-1,1.472310066E0
4.499789125E0,-5.256251991E-2,6.680164337E-1,1.807666779E0
4.509804125E0,9.937340766E-2,3.573455513E-1,2.037612200E0
4.519818125E0,1.484019458E-1,1.597339362E-1,2.100306273E0
4.529833125E0,6.494974345E-2,3.513410389E-1,1.983273268E0
4.539847125E0,-2.642188370E-1,7.851715684E-1,1.781767964E0
4.549862125E0,-8.922611475E-1,1.123907924E0,1.564412117E0
4.559877125E0,-1.660965562E0,1.173632622E0,1.447396874E0
4.569891125E0,-2.347104788E0,1.046614289E0,1.257047892E0
4.579906125E0,-2.809255123E0,7.706514597E-1,7.917289734E-1
4.589920125E0,-2.971618414E0,3.045219183E-1,1.324139982E-1
4.599935125E0,-2.777611017E0,-3.539159000E-1,-4.914418757E-1
4.609950125E0,-2.324686527E0,-1.205926299E0,-9.962118864E-1
4.619964125E0,-1.864928603E0,-2.022402525E0,-1.402594566E0
4.629979125E0,-1.571893454E0,-2.685061455E0,-1.770841241E0
4.639993125E0,-1.459908843E0,-3.159442425E0,-2.190033197E0
4.650008125E0,-1.517268062E0,-3.526972055E0,-2.648175955E0
4.660023125E0,-1.676594853E0,-3.846060514E0,-3.046297073E0
4.670037125E0,-1.890119433E0,-3.931756973E0,-3.243952751E0
4.680052125E0,-2.138274670E0,-3.605006933E0,-3.211824894E0
4.690066125E0,-2.340402842E0,-3.086476088E0,-3.046477318E0
4.700081125E0,-2.428303957E0,-2.787739992E0,-2.779387236E0
4.710096125E0,-2.490966797E0,-2.927554846E0,-2.435662031E0
4.720110125E0,-2.504648685E0,-3.331108570E0,-2.150140285E0
4.730125125E0,-2.361781120E0,-3.802419424E0,-1.836398244E0
4.740139125E0,-2.212767601E0,-4.180902481E0,-1.395318866E0
4.750154125E0,-2.035593033E0,-4.297222614E0,-6.796535850E-1
4.760169125E0,-1.607329607E0,-4.269539833E0,4.850607514E-1
4.770183125E0,-1.001603484E0,-4.078477383E0,2.060051680E0
4.780198125E0,-4.131109118E-1,-3.859589338E0,3.960088015E0
4.790212125E0,8.573980629E-2,-3.420089245E0,5.790772915E0
4.800227125E0,3.675773442E-1,-2.847651482E0,7.107984543E0
4.810242125E0,3.620327711E-1,-2.140177250E0,7.565026760E0
4.820256125E0,2.692423761E-1,-1.280241370E0,6.639111042E0
4.830271125E0,1.847118288E-1,-6.709026694E-1,4.305376530E0
4.840285125E0,6.137471646E-2,-6.778985262E-1,1.992796779E0
4.850300125E0,-1.915204078E-1,-1.382855535E0,7.130838037E-1
4.860314125E0,-5.745828152E-1,-2.861833572E0,4.373244047E-1
4.870329125E0,-7.644409537E-1,-4.257326126E0,5.124444962E-1
4.880344125E0,-4.934632182E-1,-4.699643135E0,3.424144089E-1
4.890358125E0,-1.358483285E-1,-4.301458359E0,-1.278929859E-1
4.900373125E0,1.100170910E-1,-3.581274271E0,-6.922884583E-1
4.910388125E0,1.837741435E-1,-2.997148275E0,-1.112702966E0
4.920402125E0,5.329123512E-2,-2.678752184E0,-1.388255715E0
4.930417125E0,-2.358434051E-1,-2.408865929E0,-1.663504601E0
4.940431125E0,-6.473286748E-1,-2.209501505E0,-2.111812353E0
4.950446125E0,-1.127567053E0,-2.070545912E0,-2.709699154E0
4.960461125E0,-1.576170921E0,-1.920909762E0,-3.352342367E0
4.970475125E0,-1.956152558E0,-1.921341896E0,-3.866522789E0
4.980490125E0,-2.176931143E0,-2.056540966E0,-4.213176727E0
4.990504125E0,-2.279249430E0,-2.340300322E0,-4.399215221E0
5.000519125E0,-2.255136728E0,-2.647964001E0,-4.475172520E0
5.010534125E0,-2.110762596E0,-2.773997068E0,-4.483144760E0
5.020548125E0,-1.927422523E0,-2.747160196E0,-4.385822773E0
5.030563125E0,-1.798718214E0,-2.539170027E0,-4.199783802E0
5.040577125E0,-1.739014387E0,-2.276537180E0,-3.969755173E0
5.050592125E0,-1.633798718E0,-2.070155859E0,-3.726800680E0
5.060606125E0,-1.475016594E0,-1.848648071E0,-3.428049564E0
5.070621125E0,-1.323978066E0,-1.426952958E0,-3.032502413E0
5.080636125E0,-1.191899061E0,-9.198183417E-1,-2.530230045E0
5.090650125E0,-1.097486496E0,-4.426449835E-1,-1.967567563E0
5.100665125E0,-9.953634739E-1,-1.394574195E-1,-1.368399501E0
5.110679125E0,-8.301732540E-1,-1.042313725E-1,-7.379729748E-1
5.120694125E0,-5.526319146E-1,-2.729591429E-1,-1.470926702E-1
5.130709125E0,-1.774224490E-1,-5.608587265E-1,3.485253155E-1
5.140723125E0,2.829539478E-1,-8.725987673E-1,7.412238717E-1
5.150738125E0,7.123450637E-1,-1.029522657E0,1.089319229E0
5.160753125E0,9.456265569E-1,-9.722915292E-1,1.454598069E0
5.170767125E0,9.858554602E-1,-6.251453161E-1,1.891309023E0
5.180782125E0,9.943437576E-1,-1.220179498E-1,2.404638052E0
5.190796125E0,1.024103522E0,2.741738558E-1,2.944830418E0
5.200811125E0,1.182016969E0,4.610598683E-1,3.461486816E0
5.210826125E0,1.449473619E0,4.856673181E-1,3.847494125E0
5.220840125E0,1.694112897E0,5.183032751E-1,4.032624722E0
5.230855125E0,1.877558708E0,6.119545698E-1,4.050848961E0
5.240869125E0,1.942067146E0,7.863362432E-1,3.977644205E0
5.250884125E0,1.807122946E0,1.031326652E0,3.859658480E0
5.260899125E0,1.548429012E0,1.164143562E0,3.800369740E0
5.270913125E0,1.306839585E0,1.022469997E0,3.771196365E0
5.280928125E0,1.132195950E0,7.937269211E-1,3.658035517E0
5.290942125E0,1.070226312E0,5.013554692E-1,3.429157257E0
5.300957125E0,1.021248341E0,2.581500113E-1,3.091077328E0
5.310972125E0,8.610638380E-1,1.530157179E-1,2.611371040E0
5.320986625E0,5.198314190E-1,2.633384764E-1,1.957929373E0
5.331001625E0,-1.126907580E-2,4.897720814E-1,1.242428184E0
5.341015625E0,-6.017198563E-1,5.829190612E-1,6.316314340E-1
5.351030625E0,-1.008384228E0,5.424492359E-1,1.961134076E-1
5.361045625E0,-1.281563878E0,4.597266912E-1,-1.733623743E-1
5.371059625E0,-1.537681103E0,3.832564056E-1,-5.321998596E-1
5.381074625E0,-1.771686435E0,3.634784520E-1,-8.504779935E-1
5.391088625E0,-2.028568268E0,3.538360596E-1,-1.086279392E0
5.401103625E0,-2.282754421E0,3.089554012E-1,-1.183076501E0
5.411118625E0,-2.576127768E0,3.644151986E-1,-1.165261030E0
5.421132625E0,-2.905181885E0,5.812713504E-1,-1.088669300E0
5.431147625E0,-3.182346344E0,8.475478888E-1,-9.826101065E-1
5.441161625E0,-3.302617550E0,9.521225095E-1,-8.397618532E-1
5.451176625E0,-3.229780436E0,8.740978837E-1,-6.436692476E-1
5.461191625E0,-3.041132927E0,6.293496490E-1,-4.132474959E-1
5.471205625E0,-2.859318256E0,3.032883406E-1,-1.459910274E-1
5.481220625E0,-2.732157230E0,-5.625851452E-3,9.492410719E-2
5.491234625E0,-2.731491804E0,-2.522775531E-1,2.868187428E-1
5.501249625E0,-2.863901615E0,-4.243145883E-1,4.265524149E-1
5.511264625E0,-3.089021444E0,-4.539370239E-1,5.136837363E-1
5.521278625E0,-3.260478497E0,-4.073066711E-1,5.454451442E-1
5.531293625E0,-3.254842043E0,-4.306127131E-1,5.249270201E-1
5.541307625E0,-3.133569479E0,-3.966454268E-1,5.316302180E-1
5.551322625E0,-2.939881563E0,-1.225002408E-1,5.543507934E-1
5.561337625E0,-2.700215578E0,2.180291116E-1,6.293251514E-1
5.571351625E0,-2.453958750E0,5.267009139E-1,7.885223627E-1
5.581366625E0,-2.158798933E0,7.304191589E-1,9.399022460E-1
5.591380625E0,-1.794542432E0,7.275232077E-1,1.005390406E0
5.601395625E0,-1.373339057E0,5.603083968E-1,9.646492600E-1
5.611410625E0,-8.454467654E-1,3.155117035E-1,8.206527233E-1
5.621424625E0,-2.678649127E-1,9.229674190E-2,6.042532921E-1
5.631439625E0,2.568456829E-1,-4.808219522E-2,3.601080775E-1
5.641454625E0,7.012998462E-1,-8.848261088E-2,1.806150377E-1
5.651468625E0,9.793360829E-1,5.312816706E-3,8.411699533E-2
5.661483625E0,1.194920421E0,3.408372998E-1,6.168359891E-2
5.671497625E0,1.530438066E0,7.733487487E-1,8.692297339E-2
5.681512625E0,1.856957555E0,1.039934158E0,6.055581197E-2
5.691527625E0,2.095288038E0,1.081331968E0,-1.343533862E-2
5.701541625E0,2.259074211E0,9.678395391E-1,-1.141105518E-1
5.711556625E0,2.282638311E0,8.074607849E-1,-2.511488497E-1
5.721570625E0,2.106024265E0,6.093257666E-1,-3.827691972E-1
5.731585625E0,1.903041840E0,4.482007325E-1,-4.731649160E-1
5.741600625E0,1.883769631E0,2.885261178E-1,-4.611197114E-1
5.751614625E0,1.931552887E0,1.585288644E-1,-4.079454541E-1
5.761629625E0,1.846210003E0,1.657721251E-1,-4.001288116E-1
5.771643625E0,1.617234349E0,3.104090989E-1,-3.974403143E-1
5.781658625E0,1.307118893E0,5.108732581E-1,-3.768673837E-1
5.791673625E0,9.513322115E-1,6.089684367E-1,-3.496296704E-1
5.801687625E0,6.311294436E-1,5.134639740E-1,-3.116694987E-1
5.811702625E0,3.831195235E-1,2.332517356E-1,-2.965154350E-1
5.821716625E0,1.936380267E-1,-1.904867589E-1,-3.053707182E-1
5.831731625E0,4.719662294E-2,-7.419762611E-1,-3.068902493E-1
5.841746625E0,-5.753964186E-2,-1.346498132E0,-2.556712627E-1
5.851760625E0,-1.126248911E-1,-1.904887795E0,-1.094660610E-1
5.861775625E0,-1.210873500E-1,-2.217349291E0,1.484637558E-1
5.871789625E0,-1.466662735E-1,-2.144442320E0,4.853481352E-1
5.881804625E0,-2.169462889E-1,-1.800793767E0,8.649008274E-1
5.891819625E0,-2.917868197E-1,-1.296708465E0,1.262817979E0
5.901833625E0,-3.600108922E-1,-8.308198452E-1,1.653578281E0
5.911848625E0,-4.201228619E-1,-5.126270056E-1,2.035106421E0
5.921863625E0,-5.024129152E-1,-2.983322740E-1,2.395247936E0
5.931877625E0,-5.623469949E-1,-1.480203569E-1,2.706007719E0
5.941892625E0,-6.245414019E-1,-9.015253186E-2,2.933534861E0
5.951906625E0,-6.366410255E-1,-2.040373832E-1,3.096642971E0
5.961921625E0,-5.192598104E-1,-4.157277942E-1,3.234566450E0
5.971936625E0,-4.310267866E-1,-5.782128572E-1,3.332381010E0
5.981950625E0,-4.488198757E-1,-5.694159269E-1,3.400137424E0
5.991965625E0,-5.337833762E-1,-3.260222077E-1,3.432291031E0
6.001979625E0,-7.087458968E-1,1.482244581E-1,3.451729774E0
6.011994625E0,-8.063346744E-1,6.365106106E-1,3.443116903E0
6.022009625E0,-6.701015234E-1,8.136765957E-1,3.336029053E0
6.032023625E0,-3.794981837E-1,4.987245500E-1,3.121412516E0
6.042038625E0,-5.251074210E-2,-6.166740507E-2,2.815013885E0
6.052052625E0,1.715680659E-1,-4.613809586E-1,2.407904148E0
6.062067625E0,1.649913937E-1,-4.700420797E-1,1.944681764E0
6.072082625E0,-2.004358917E-2,-1.703349054E-1,1.423171282E0
6.082096625E0,-1.823219806E-1,1.774022877E-1,8.528134227E-1
6.092111625E0,-2.216796130E-1,3.888529241E-1,3.309685886E-1
6.102125625E0,-2.036612034E-1,4.778347313E-1,-1.084721535E-1
6.112140625E0,-1.681807637E-1,5.346710086E-1,-4.606481791E-1
6.122155625E0,-1.062121987E-1,5.241070390E-1,-7.517167926E-1
6.132169625E0,-5.600274727E-2,4.194559753E-1,-1.036814451E0
6.142184625E0,-2.757456899E-2,2.654373646E-1,-1.310624242E0
6.152199625E0,-2.272988483E-2,5.298027769E-2,-1.598645806E0
6.162213625E0,1.635493338E-2,-1.657307595E-1,-1.875768423E0
6.172228625E0,5.734587461E-2,-3.733783960E-1,-2.081332684E0
6.182242625E0,2.983968332E-2,-5.292060971E-1,-2.232138157E0
6.192257625E0,-1.055112258E-1,-5.811641812E-1,-2.356012106E0
6.202272625E0,-3.058494031E-1,-5.172715187E-1,-2.468167067E0
6.212286625E0,-4.829844832E-1,-4.410246611E-1,-2.556710005E0
6.222301625E0,-5.696384311E-1,-4.273717105E-1,-2.620836496E0
6.232315625E0,-5.793653131E-1,-4.884716868E-1,-2.654649734E0
6.242330625E0,-5.758537054E-1,-6.206817031E-1,-2.648366928E0
6.252345625E0,-5.874171257E-1,-7.444881797E-1,-2.615422249E0
6.262359625E0,-6.089386344E-1,-8.537355661E-1,-2.569073915E0
6.272374625E0,-5.961107612E-1,-9.083818793E-1,-2.479942560E0
6.282388625E0,-5.636590719E-1,-9.010222554E-1,-2.336434126E0
6.292403625E0,-5.445972085E-1,-7.955349684E-1,-2.156071424E0
6.302418625E0,-5.069854259E-1,-6.089342237E-1,-1.949809551E0
6.312432625E0,-4.112699926E-1,-5.147716403E-1,-1.724793673E0
6.322447750E0,-2.665221393E-1,-5.097241402E-1,-1.480714440E0
6.332462750E0,-1.602343917E-1,-5.667811632E-1,-1.225095391E0
6.342476750E0,-1.067757010E-1,-6.365746260E-1,-9.828576446E-1
6.352491750E0,-8.152028918E-2,-6.841890812E-1,-7.826156020E-1
6.362505750E0,-7.012382150E-2,-7.433142066E-1,-6.140804291E-1
6.372520750E0,-2.730081044E-2,-7.495638728E-1,-4.662175477E-1
6.382535750E0,-2.651391318E-3,-6.614278555E-1,-2.623365819E-1
6.392549750E0,-1.426382363E-2,-4.144159853E-1,2.741532773E-2
6.402564750E0,-1.691180468E-2,-7.853224874E-2,3.415759206E-1
6.412578750E0,9.089548886E-2,1.870460659E-1,6.169515848E-1
6.422593750E0,2.818736732E-1,2.638857067E-1,8.199390173E-1
6.432608750E0,5.146564841E-1,1.998528987E-1,1.037912369E0
6.442622750E0,7.245545983E-1,8.858522773E-2,1.279227257E0
6.452637750E0,8.496251106E-1,-1.038336083E-1,1.527401924E0
6.462651750E0,9.998976588E-1,-3.527472913E-1,1.747651935E0
6.472666750E0,1.106083274E0,-5.040449500E-1,1.892692447E0
6.482681750E0,1.034428835E0,-3.269492686E-1,1.953179002E0
6.492695750E0,8.150079250E-1,3.379729092E-1,1.921609402E0
6.502710750E0,6.389809847E-1,1.159081936E0,1.828669071E0
6.512724750E0,6.538280845E-1,1.724578977E0,1.774407506E0
6.522739750E0,9.944325089E-1,1.930024028E0,1.822694063E0
6.532754750E0,1.626363516E0,1.764074564E0,1.996191740E0
6.542768750E0,2.334737301E0,1.354397058E0,2.235120058E0
6.552783750E0,2.803531408E0,9.856469631E-1,2.403820515E0
6.562798750E0,2.990108252E0,8.426581621E-1,2.424265146E0
6.572812750E0,2.932973862E0,9.958312511E-1,2.233687639E0
6.582827750E0,2.656356096E0,1.316456676E0,1.871420145E0
6.592841750E0,2.346683979E0,1.491928220E0,1.551663518E0
6.602856750E0,2.205852985E0,1.458612323E0,1.420945764E0
6.612871750E0,2.094671965E0,1.241440773E0,1.334772110E0
6.622885750E0,1.882485867E0,9.566502571E-1,1.168224931E0
6.632900750E0,1.565975308E0,7.276735306E-1,9.242879748E-1
6.642914750E0,1.173637033E0,5.556256175E-1,6.622512937E-1
6.652929750E0,7.402179837E-1,4.441220164E-1,4.530967474E-1
6.662944750E0,3.695688546E-1,3.514668941E-1,3.293300867E-1
6.672958750E0,1.400029361E-1,2.637907267E-1,2.763053775E-1
6.682973750E0,9.019489586E-2,2.142844498E-1,2.590251863E-1
6.692988750E0,7.969167084E-2,2.581336498E-1,3.011579812E-1
6.703002750E0,-1.539383363E-2,3.802454472E-1,3.827066422E-1
6.713017750E0,-1.479098201E-1,4.956723154E-1,4.559638500E-1
6.723031750E0,-2.993901670E-1,4.705073237E-1,4.777996540E-1
6.733046750E0,-4.342220724E-1,2.700434625E-1,4.220403433E-1
6.743061750E0,-5.796340704E-1,1.607804373E-2,2.561989129E-1
6.753075750E0,-7.521748543E-1,-2.785512507E-1,2.713957988E-2
6.763090750E0,-9.384201169E-1,-5.601571202E-1,-1.801901758E-1
6.773104750E0,-1.154325128E0,-8.129438758E-1,-2.951937318E-1
6.783119750E0,-1.306507468E0,-9.763048291E-1,-4.008594155E-1
6.793134750E0,-1.427193642E0,-1.052561402E0,-5.264915824E-1
6.803148750E0,-1.514014244E0,-1.038314462E0,-6.680606604E-1
6.813163750E0,-1.574509978E0,-9.216455817E-1,-8.168753982E-1
6.823177750E0,-1.592173934E0,-7.897280455E-1,-9.471913576E-1
6.833192750E0,-1.575323701E0,-6.134590507E-1,-1.022005916E0
6.843207750E0,-1.524561167E0,-4.255144298E-1,-1.042089820E0
6.853221750E0,-1.406151772E0,-3.086539805E-1,-1.073593974E0
6.863236750E0,-1.190876961E0,-2.966101170E-1,-1.115345359E0
6.873251750E0,-8.967821598E-1,-3.753547072E-1,-1.121972203E0
6.883265750E0,-5.478681326E-1,-4.892794192E-1,-1.108048081E0
6.893280750E0,-2.140431106E-1,-6.197063923E-1,-1.094094515E0
6.903294750E0,7.345950603E-2,-6.585842371E-1,-1.117583036E0
6.913309750E0,2.839694321E-1,-5.699093342E-1,-1.213605165E0
6.923324750E0,4.135490060E-1,-3.874513209E-1,-1.338473797E0
6.933338750E0,5.013012886E-1,-1.391077191E-1,-1.431270838E0
6.943353750E0,6.152827144E-1,7.502692938E-2,-1.500792623E0
6.953367750E0,8.071878552E-1,2.223566324E-1,-1.525317192E0
6.963382750E0,1.043906450E0,3.421141803E-1,-1.437996149E0
6.973397750E0,1.333494782E0,4.583434463E-1,-1.303000808E0
6.983411750E0,1.693248153E0,5.458112955E-1,-1.165065885E0
6.993426750E0,2.037387133E0,6.327921152E-1,-1.064438105E0
7.003441750E0,2.278493166E0,6.907281280E-1,-9.661855698E-1
7.013455750E0,2.453355551E0,7.573417425E-1,-8.814933300E-1
7.023470750E0,2.563861132E0,8.664807677E-1,-8.198046684E-1
7.033484750E0,2.556166172E0,9.516402483E-1,-7.880259156E-1
7.043499750E0,2.478999376E0,8.993735909E-1,-7.632934451E-1
7.053514750E0,2.382205963E0,7.848864198E-1,-7.243764400E-1
7.063528750E0,2.224174023E0,5.769580007E-1,-6.758699417E-1
7.073543750E0,1.958215356E0,3.442832232E-1,-6.371539831E-1
7.083557750E0,1.651022673E0,2.267062366E-1,-6.381667852E-1
7.093572750E0,1.337801337E0,1.822506487E-1,-6.461346149E-1
7.103587750E0,1.047894955E0,2.060097754E-1,-6.364971399E-1
7.113601750E0,8.187472820E-1,2.725236714E-1,-5.880290866E-1
7.123616750E0,5.895780325E-1,3.297579288E-1,-4.831961393E-1
7.133630750E0,3.352775872E-1,3.417199254E-1,-3.436879814E-1
7.143645750E0,9.522849321E-2,3.002129793E-1,-1.892536730E-1
7.153660750E0,-1.088487282E-1,1.522977948E-1,-5.000580475E-2
7.163674750E0,-2.583897710E-1,-1.818937659E-1,6.481771171E-2
7.173689750E0,-3.956122398E-1,-6.205535531E-1,1.760324687E-1
7.183704750E0,-5.492297411E-1,-9.604653120E-1,2.601718605E-1
7.193718750E0,-7.673379183E-1,-1.169174194E0,3.006224632E-1
7.203733750E0,-1.032059073E0,-1.228896618E0,3.229578733E-1
7.213747750E0,-1.266795754E0,-1.153716326E0,3.890175819E-1
7.223762750E0,-1.438598633E0,-9.900069833E-1,5.311941504E-1
7.233777750E0,-1.541486025E0,-7.778003216E-1,7.107917666E-1
7.243791750E0,-1.586440206E0,-5.735457540E-1,8.922563195E-1
7.253806750E0,-1.624159217E0,-3.995167315E-1,1.062718391E0
7.263820750E0,-1.704351068E0,-2.882711589E-1,1.202286243E0
7.273835750E0,-1.762604475E0,-2.618285120E-1,1.288122058E0
7.283850750E0,-1.756312251E0,-3.498268127E-1,1.311867595E0
7.293864750E0,-1.700146437E0,-6.772440076E-1,1.275292039E0
7.303879750E0,-1.586208224E0,-1.183110595E0,1.104882717E0
7.313894750E0,-1.446775079E0,-1.520820618E0,9.081144929E-1
7.323907875E0,-1.298815966E0,-1.505594254E0,8.170831203E-1
7.333922875E0,-1.096601844E0,-1.244399309E0,8.249300122E-1
7.343936875E0,-8.220994473E-1,-9.615215063E-1,8.704125285E-1
7.353951875E0,-4.989395440E-1,-7.952843308E-1,8.779112101E-1
7.363966875E0,-1.402626038E-1,-7.147561908E-1,8.789412975E-1
7.373980875E0,1.819464415E-1,-6.166251302E-1,8.859677911E-1
7.383995875E0,3.852063417E-1,-5.374557376E-1,8.713926077E-1
7.394009875E0,5.078347325E-1,-4.158378243E-1,7.665113807E-1
7.404024875E0,5.971373916E-1,-2.644469440E-1,5.491545796E-1
7.414039875E0,6.093507409E-1,-1.767814457E-1,2.683375180E-1
7.424053875E0,6.029881835E-1,-1.592256129E-1,4.100368172E-2
7.434068875E0,5.383973718E-1,-3.301917613E-1,-2.029638588E-1
7.444082875E0,3.811765909E-1,-6.006301641E-1,-5.127842426E-1
7.454097875E0,1.497159302E-1,-8.463482261E-1,-8.960205913E-1
7.464112875E0,-1.925111860E-1,-1.092785120E0,-1.339503050E0
7.474126875E0,-5.655643940E-1,-1.283327699E0,-1.776018739E0
7.484141875E0,-8.765715361E-1,-1.378699541E0,-2.124257088E0
7.494156875E0,-1.106258273E0,-1.349117398E0,-2.371186256E0
7.504170875E0,-1.271647930E0,-1.182888746E0,-2.534943104E0
7.514185875E0,-1.393059015E0,-9.806449413E-1,-2.618848085E0
7.524199875E0,-1.438185930E0,-8.054414392E-1,-2.640037775E0
7.534214875E0,-1.426441789E0,-7.513158321E-1,-2.617255449E0
7.544229875E0,-1.349920630E0,-7.895089984E-1,-2.576908827E0
7.554243875E0,-1.245616674E0,-8.808363080E-1,-2.538183451E0
7.564258875E0,-1.133650780E0,-9.652745128E-1,-2.482803822E0
7.574272875E0,-1.023279548E0,-1.016794801E0,-2.400792360E0
7.584287875E0,-9.397186041E-1,-1.006974936E0,-2.294966698E0
7.594302875E0,-8.670930266E-1,-8.304749727E-1,-2.148043871E0
7.604316875E0,-8.405599594E-1,-4.640561938E-1,-1.947239041E0
7.614331875E0,-8.663558960E-1,-2.428989671E-2,-1.693304062E0
7.624345875E0,-8.813049793E-1,3.201231360E-1,-1.416806459E0
7.634360875E0,-8.208408952E-1,4.866085351E-1,-1.148917794E0
7.644375875E0,-6.974702477E-1,4.409523606E-1,-9.040992856E-1
7.654389875E0,-4.917084277E-1,2.396337539E-1,-6.614663005E-1
7.664404875E0,-2.117937058E-1,-5.391211435E-2,-3.562630415E-1
7.674419875E0,5.533443019E-2,-3.286635876E-1,-1.715907827E-3
7.684433875E0,2.858746946E-1,-4.623531997E-1,3.458409905E-1
7.694448875E0,4.312776029E-1,-4.321695268E-1,6.753234863E-1
7.704462875E0,5.368173718E-1,-2.615368068E-1,9.928934574E-1
7.714477875E0,6.620355844E-1,-7.229120284E-2,1.344673514E0
7.724492875E0,8.448315263E-1,1.010667384E-1,1.733851194E0
7.734506875E0,1.099472404E0,2.474377751E-1,2.158489943E0
7.744521875E0,1.248859763E0,4.117806256E-1,2.600734949E0
7.754535875E0,1.282223344E0,6.841654181E-1,2.916030169E0
7.764550875E0,1.264532804E0,1.185668707E0,2.933801413E0
7.774565875E0,1.131330371E0,1.673211575E0,2.681334734E0
7.784579875E0,7.577616572E-1,1.896946073E0,2.412276745E0
7.794594875E0,2.278080434E-1,1.643032432E0,2.146950960E0
7.804608875E0,-2.139275521E-1,1.009884477E0,1.755254269E0
7.814623875E0,-4.480326772E-1,3.647736013E-1,1.190138817E0
7.824638875E0,-5.686904192E-1,4.873466119E-2,4.987389147E-1
7.834652875E0,-6.542649865E-1,1.974776685E-1,-1.869637668E-1
7.844667875E0,-7.077977061E-1,6.994033456E-1,-7.229068279E-1
7.854682875E0,-7.597282529E-1,1.321017265E0,-1.052458525E0
7.864696875E0,-8.143965602E-1,1.860731363E0,-1.250021935E0
7.874711875E0,-8.425049186E-1,2.253133059E0,-1.419632912E0
7.884725875E0,-8.467449546E-1,2.484106302E0,-1.615677476E0
7.894740875E0,-7.962886095E-1,2.623907089E0,-1.879436255E0
7.904755875E0,-6.741017699E-1,2.733246803E0,-2.162879229E0
7.914769875E0,-5.564216375E-1,2.697820902E0,-2.529341459E0
7.924784875E0,-3.574680686E-1,2.703082800E0,-2.719495773E0
7.934798875E0,-2.053779215E-1,2.728120804E0,-2.732348680E0
7.944813875E0,-1.228249893E-1,2.510557890E0,-2.683108568E0
7.954828875E0,-1.158152148E-1,2.254970789E0,-2.553853035E0
7.964842875E0,-2.745411992E-1,2.168678522E0,-2.398487806E0
7.974857875E0,-5.805333853E-1,2.255569458E0,-2.262922287E0
7.984872875E0,-9.130852222E-1,2.416642666E0,-2.115583897E0
7.994886875E0,-1.141911268E0,2.452308655E0,-1.936131477E0
8.004901875E0,-1.192922235E0,2.487662554E0,-1.742014766E0
8.014915875E0,-1.061721802E0,2.640383720E0,-1.545865178E0
8.024930875E0,-7.517879605E-1,2.775480509E0,-1.334963083E0
8.034945875E0,-6.044757962E-1,2.874325752E0,-1.121266365E0
8.044959875E0,-5.611405969E-1,3.047423363E0,-8.200247288E-1
8.054974875E0,-5.843706727E-1,2.968741179E0,-5.180565715E-1
8.064988875E0,-6.157112718E-1,2.605308294E0,-1.483935416E-1
8.075003875E0,-6.478029490E-1,2.010400295E0,1.683416069E-1
8.085018875E0,-6.526485682E-1,1.486087322E0,3.039225936E-1
8.095032875E0,-5.494378805E-1,1.106819510E0,2.348338217E-1
8.105047875E0,-3.488379717E-1,8.219166994E-1,1.780741364E-1
8.115061875E0,-2.923803031E-1,7.414193153E-1,2.042415440E-1
8.125076875E0,-5.585200787E-1,6.878266335E-1,2.685534358E-1
8.135091875E0,-1.150618672E0,7.255539894E-1,3.276225030E-1
8.145105875E0,-1.993698955E0,9.524379969E-1,4.073380828E-1
8.155120875E0,-2.919188499E0,1.142336965E0,6.370772719E-1
8.165135875E0,-3.598010063E0,1.081808329E0,1.220410466E0
8.175149875E0,-3.877861500E0,1.057518363E0,1.788132548E0
8.185164875E0,-3.918469429E0,1.150579810E0,1.840575457E0
8.195178875E0,-3.821801901E0,1.221416354E0,1.616293669E0
8.205193875E0,-3.739204645E0,1.111672044E0,1.537420988E0
8.215208875E0,-3.707667589E0,7.121263146E-1,1.519324064E0
8.225222875E0,-3.624865770E0,-7.856459916E-2,1.430815578E0
8.235237875E0,-3.342379093E0,-1.009353876E0,1.213774562E0
8.245251875E0,-2.832243919E0,-1.739281893E0,8.982986212E-1
8.255266875E0,-2.355473757E0,-2.048376799E0,7.210785151E-1
8.265281875E0,-2.340579748E0,-1.673197627E0,8.428800702E-1
8.275295875E0,-2.835503817E0,-9.766311049E-1,1.057291746E0
8.285310875E0,-3.596067429E0,-4.056060910E-1,1.103631735E0
8.295325875E0,-4.302918911E0,-9.005624801E-2,9.751309752E-1
8.305339875E0,-4.637673378E0,-1.955491304E-1,5.672971606E-1
8.315354875E0,-4.443225861E0,-1.781060696E-1,4.395929575E-1
8.325369292E0,-4.185116291E0,-8.785669804E-1,3.102251291E-1
8.335384292E0,-3.540449858E0,-1.700518608E0,-1.505739093E-1
8.345399292E0,-2.606401205E0,-2.350141048E0,-6.302057505E-1
8.355413292E0,-1.794837475E0,-2.783914804E0,-1.032776117E0
8.365428292E0,-1.311136484E0,-2.816911936E0,-1.369084358E0
8.375442292E0,-1.115849018E0,-2.831177235E0,-1.561408877E0
8.385457292E0,-1.081048727E0,-3.108006716E0,-1.556238413E0
8.395472292E0,-1.216899753E0,-3.568185091E0,-1.393816471E0
8.405486292E0,-1.617081761E0,-4.269327164E0,-1.132417917E0
8.415501292E0,-1.977279544E0,-4.872751236E0,-1.297108889E0
8.425515292E0,-1.912947893E0,-4.468982697E0,-1.703358650E0
8.435530292E0,-1.648286343E0,-3.837851286E0,-1.994978070E0
8.445545292E0,-1.224440813E0,-3.420664310E0,-2.057638645E0
8.455559292E0,-6.540721059E-1,-3.414271593E0,-1.993414402E0
8.465574292E0,-7.284517586E-2,-3.916945219E0,-1.853652239E0
8.475588292E0,4.010316730E-1,-4.656458378E0,-1.501859665E0
8.485603292E0,6.963402629E-1,-5.499037266E0,-8.580996394E-1
8.495618292E0,9.177691340E-1,-6.211733818E0,-6.582263112E-2
8.505632292E0,1.086593032E0,-6.579512596E0,6.666265726E-1
8.515647292E0,1.121905088E0,-6.382206917E0,8.887785673E-1
8.525662292E0,9.498610497E-1,-5.628202438E0,6.907861233E-1
8.535676292E0,7.737378478E-1,-4.660135746E0,4.133611023E-1
8.545691292E0,8.951449990E-1,-3.638582945E0,4.010254890E-2
8.555705292E0,1.013494492E0,-3.129755497E0,-3.144905269E-1
8.565720292E0,1.039478183E0,-3.086187363E0,-5.447721481E-1
8.575735292E0,9.203366041E-1,-3.454864502E0,-7.037821412E-1
8.585749292E0,4.628401399E-1,-4.153643608E0,-8.183532357E-1
8.595764292E0,-5.042015016E-2,-4.734490871E0,-9.525226355E-1
8.605778292E0,-4.797512889E-1,-5.068235397E0,-1.134497523E0
8.615793292E0,-8.690170646E-1,-5.080314159E0,-1.335079312E0
8.625808292E0,-1.184161663E0,-4.724681377E0,-1.513018966E0
8.635822292E0,-1.493873477E0,-4.055639744E0,-1.658715725E0
8.645837292E0,-1.849260807E0,-3.271857262E0,-1.819091082E0
8.655851292E0,-2.195685625E0,-2.529667616E0,-2.038461685E0
8.665866292E0,-2.435035944E0,-1.941624522E0,-2.205096722E0
8.675881292E0,-2.510430813E0,-1.544040918E0,-2.313430071E0
8.685895292E0,-2.461603880E0,-1.424787283E0,-2.368150473E0
8.695910292E0,-2.292766094E0,-1.714962959E0,-2.360265255E0
8.705925292E0,-2.064239740E0,-2.225781202E0,-2.306200027E0
8.715939292E0,-1.823169947E0,-2.756631374E0,-2.222368479E0
8.725954292E0,-1.581151009E0,-3.146597624E0,-2.103343725E0
8.735968292E0,-1.385957241E0,-3.174684763E0,-1.906641722E0
8.745983292E0,-1.293378592E0,-2.897747517E0,-1.561263800E0
8.755998292E0,-1.317546964E0,-2.382747650E0,-1.116641760E0
8.766012292E0,-1.391939163E0,-1.728634953E0,-6.343036294E-1
8.776027292E0,-1.384491086E0,-1.135808706E0,-2.065389901E-1
8.786041292E0,-1.209059358E0,-8.124436736E-1,1.372524649E-1
8.796056292E0,-8.612025976E-1,-7.552164197E-1,4.288695753E-1
8.806071292E0,-5.319309831E-1,-8.893870115E-1,7.167703509E-1
8.816085292E0,-3.259180188E-1,-1.173830390E0,1.031571269E0
8.826100292E0,-1.619314849E-1,-1.482878208E0,1.355593801E0
8.836114292E0,8.949312568E-2,-1.594438195E0,1.668942928E0
8.846129292E0,3.793765903E-1,-1.503808498E0,1.965373993E0
8.856144292E0,6.284061670E-1,-1.212787867E0,2.233654261E0
8.866158292E0,8.394712806E-1,-7.078298926E-1,2.457969427E0
8.876173292E0,1.021026611E0,-1.932402253E-1,2.639782190E0
8.886187292E0,1.247009993E0,3.075544536E-1,2.818430901E0
8.896202292E0,1.451035500E0,6.940137148E-1,3.065927267E0
8.906217292E0,1.563894629E0,9.705771208E-1,3.303186178E0
8.916231292E0,1.616615295E0,1.161153555E0,3.465344191E0
8.926246292E0,1.650114179E0,1.277251959E0,3.505349874E0
8.936261292E0,1.676311374E0,1.301440120E0,3.424907446E0
8.946275292E0,1.728025436E0,1.181934237E0,3.341412067E0
8.956290292E0,1.777082801E0,8.651744127E-1,3.337625742E0
8.966304292E0,1.773442745E0,4.788914323E-1,3.349296093E0
8.976319292E0,1.642369390E0,1.936446726E-1,3.246283054E0
8.986334292E0,1.357771993E0,5.933586881E-2,2.929647446E0
8.996348292E0,9.940713048E-1,-6.126768887E-3,2.482706547E0
9.006363292E0,7.259309292E-1,-4.591492563E-2,2.074762106E0
9.016377292E0,5.077682137E-1,-8.180978894E-2,1.708082557E0
9.026392292E0,3.073253334E-1,-2.476354688E-2,1.381363511E0
9.036407292E0,9.554909542E-3,1.155229881E-1,1.056712270E0
9.046421292E0,-4.154620171E-1,2.519966364E-1,7.585548162E-1
9.056436292E0,-9.105952978E-1,3.953056037E-1,4.726605415E-1
9.066450292E0,-1.370342970E0,4.643584490E-1,2.263647467E-1
9.076465292E0,-1.754547119E0,3.883289099E-1,4.866420291E-3
9.086480292E0,-2.067118645E0,9.541261941E-2,-1.551682502E-1
9.096494292E0,-2.317940712E0,-2.826852798E-1,-2.336036861E-1
9.106509292E0,-2.486244440E0,-6.764698625E-1,-1.945345849E-1
9.116523292E0,-2.525882959E0,-9.601753950E-1,-2.194567397E-2
9.126538292E0,-2.538764954E0,-1.046110511E0,2.380571365E-1
9.136553292E0,-2.541833162E0,-9.303906560E-1,5.279425979E-1
9.146567292E0,-2.505826473E0,-6.768667698E-1,7.870162725E-1
9.156582292E0,-2.455915451E0,-3.835791349E-1,1.024447560E0
9.166597292E0,-2.406242371E0,-1.551009566E-1,1.261024356E0
9.176611292E0,-2.413662910E0,-3.408723511E-3,1.450388432E0
9.186626292E0,-2.461808443E0,-1.198516693E-2,1.585519671E0
9.196640292E0,-2.499614000E0,-1.931243241E-1,1.693371058E0
9.206655292E0,-2.504121304E0,-5.010789633E-1,1.730663419E0
9.216670292E0,-2.449474096E0,-8.235823512E-1,1.721937180E0
9.226684292E0,-2.398642302E0,-1.067384243E0,1.737077713E0
9.236699292E0,-2.382336855E0,-1.101786971E0,1.784043312E0
9.246713292E0,-2.263959885E0,-8.891324401E-1,1.775461197E0
9.256728292E0,-2.097614765E0,-5.900819302E-1,1.695106983E0
9.266743292E0,-1.885138988E0,-2.909975052E-1,1.629583359E0
9.276757292E0,-1.595785499E0,-3.364533652E-3,1.592808604E0
9.286772292E0,-1.286362052E0,1.642247289E-1,1.520107508E0
9.296786292E0,-9.559738636E-1,1.925431937E-1,1.395447850E0
9.306801292E0,-6.594654918E-1,1.566861272E-1,1.184827805E0
9.316816292E0,-4.253417253E-1,1.287952513E-1,8.912045956E-1
9.326829875E0,-1.859906465E-1,1.426511556E-1,5.755712390E-1
9.336844875E0,5.720724165E-2,1.828311533E-1,2.903903425E-1
9.346858875E0,3.705923259E-1,2.684091926E-1,3.658816218E-2
9.356873875E0,7.053716183E-1,3.602305651E-1,-1.836520135E-1
9.366888875E0,9.890443087E-1,4.942733347E-1,-3.647615910E-1
9.376902875E0,1.239779353E0,6.113134027E-1,-5.018783808E-1
9.386917875E0,1.452022314E0,6.833527088E-1,-6.355773211E-1
9.396931875E0,1.566212058E0,6.954666376E-1,-7.815454602E-1
9.406946875E0,1.610353470E0,6.711743474E-1,-9.217848778E-1
9.416961875E0,1.613279462E0,5.887036324E-1,-1.062148213E0
9.426975875E0,1.585507154E0,4.705367386E-1,-1.201374054E0
9.436990875E0,1.528039336E0,2.600384951E-1,-1.298382998E0
9.447004875E0,1.509087563E0,5.152761191E-2,-1.326734781E0
9.457019875E0,1.530932784E0,-7.630921155E-2,-1.316044450E0
9.467034875E0,1.588089466E0,-5.951504409E-2,-1.246175051E0
9.477048875E0,1.613779664E0,1.306807697E-1,-1.098081946E0
9.487063875E0,1.501255512E0,4.064420462E-1,-9.325822592E-1
9.497078875E0,1.292708993E0,6.234363317E-1,-8.018459678E-1
9.507092875E0,1.082398057E0,7.096463442E-1,-7.645116448E-1
9.517107875E0,8.714659214E-1,6.244958043E-1,-7.783504725E-1
9.527121875E0,6.855892539E-1,4.005452693E-1,-7.730217576E-1
9.537136875E0,5.539057255E-1,9.000161290E-2,-6.930537820E-1
9.547151875E0,4.997164905E-1,-2.766591907E-1,-5.432115793E-1
9.557165875E0,4.293031693E-1,-5.446253419E-1,-3.490937948E-1
9.567180875E0,3.088151217E-1,-6.392179132E-1,-1.477710456E-1
9.577194875E0,1.285151839E-1,-5.727621317E-1,4.142803699E-2
9.587209875E0,-7.579427212E-2,-4.127076864E-1,2.227717191E-1
9.597224875E0,-2.492383420E-1,-2.785035968E-1,4.002116919E-1
9.607238875E0,-3.778397143E-1,-2.515694499E-1,5.957524776E-1
9.617253875E0,-4.773385525E-1,-3.133136034E-1,8.176172972E-1
9.627267875E0,-6.070675254E-1,-4.403647482E-1,1.027811050E0
9.637282875E0,-6.749644279E-1,-5.485711694E-1,1.262523651E0
9.647297875E0,-6.675707102E-1,-6.810559630E-1,1.517587900E0
9.657311875E0,-5.616126657E-1,-7.458056211E-1,1.784706473E0
9.667326875E0,-4.140282869E-1,-7.766678929E-1,2.078430414E0
9.677340875E0,-2.386094630E-1,-7.159535289E-1,2.385123491E0
9.687355875E0,-6.671307236E-2,-5.792734027E-1,2.660724640E0
9.697370875E0,2.640098706E-2,-3.795264959E-1,2.894615650E0
9.707384875E0,3.384345397E-2,-6.135492027E-2,3.032726526E0
9.717399875E0,1.541351900E-2,3.594040275E-1,3.038460732E0
9.727413875E0,8.024845272E-3,6.435806155E-1,2.976464748E0
9.737428875E0,5.756285973E-3,7.340860367E-1,2.862361431E0
9.747443875E0,-5.142444745E-2,5.230246782E-1,2.647192478E0
9.757457875E0,-5.826912820E-2,-2.501814999E-2,2.315064192E0
9.767472875E0,7.015036047E-2,-6.979014874E-1,1.911798358E0
9.777486875E0,1.695649922E-1,-1.212128639E0,1.500414014E0
9.787501875E0,2.028811276E-1,-1.302901983E0,1.144752502E0
9.797516875E0,1.895532757E-1,-8.757343888E-1,8.561270237E-1
9.807530875E0,1.630737185E-1,-1.035286933E-1,6.286590099E-1
9.817545875E0,7.874031365E-2,6.615735888E-1,4.130777419E-1
9.827559875E0,-4.073467851E-2,1.152987003E0,1.846360415E-1
9.837574875E0,-1.417018175E-1,1.341410518E0,-6.545068324E-2
9.847589875E0,-2.156655192E-1,1.133448601E0,-3.598543406E-1
9.857603875E0,-2.537666261E-1,6.178439856E-1,-6.491813660E-1
9.867618875E0,-2.678550184E-1,-3.781266510E-2,-8.961408138E-1
9.877632875E0,-2.432997525E-1,-5.529387593E-1,-1.066574931E0
9.887647875E0,-1.970188022E-1,-8.009594679E-1,-1.149315000E0
9.897662875E0,-2.162590623E-1,-7.851783037E-1,-1.176455021E0
9.907676875E0,-2.845095098E-1,-5.854920745E-1,-1.166014671E0
9.917691875E0,-3.188982010E-1,-3.364285231E-1,-1.111022353E0
9.927705875E0,-3.177117705E-1,-1.478831321E-1,-1.009248137E0
9.937720875E0,-2.485355884E-1,-8.453291655E-2,-8.773161769E-1
9.947735875E0,-1.022734493E-1,-9.916326404E-2,-7.412843108E-1
9.957749875E0,3.730865195E-2,-2.033439875E-1,-6.127065420E-1
9.967764875E0,1.928734779E-1,-3.858362734E-1,-4.776163399E-1
9.977778875E0,3.957251310E-1,-5.425683856E-1,-3.378405869E-1
9.987793875E0,5.956539512E-1,-6.079540253E-1,-2.095691711E-1
9.997808875E0,8.276619911E-1,-5.845948458E-1,-7.755971700E-2
1.000782287E1,1.121244788E0,-4.984349310E-1,9.995621443E-2
1.001783787E1,1.369645000E0,-3.508494198E-1,3.735839128E-1
1.002785188E1,1.587706327E0,-2.605192661E-1,7.034515738E-1
1.003786687E1,1.870302320E0,-1.534732431E-1,9.406284094E-1
1.004788187E1,2.255051374E0,2.260156441E-3,1.029586554E0
1.005789587E1,2.686010599E0,1.501116753E-1,1.107094884E0
1.006791087E1,3.048964977E0,3.666687608E-1,1.261231780E0
1.007792487E1,3.245217562E0,7.063911557E-1,1.480884314E0
1.008793987E1,3.372850657E0,1.126092792E0,1.654237986E0
1.009795488E1,3.520712614E0,1.549033880E0,1.749968171E0
1.010796887E1,3.552935123E0,1.799669743E0,1.800224066E0
1.011798387E1,3.524536133E0,1.779939532E0,1.827708483E0
1.012799787E1,3.462820768E0,1.445547938E0,1.844760180E0
1.013801287E1,3.298563480E0,7.204781771E-1,1.812817454E0
1.014802787E1,3.030560017E0,-2.274465263E-1,1.698508143E0
1.015804187E1,2.710916042E0,-8.944513798E-1,1.462574720E0
1.016805687E1,2.266058445E0,-1.104205608E0,1.113083005E0
1.017807087E1,1.582391262E0,-8.857880235E-1,6.443005204E-1
1.018808587E1,7.832759619E-1,-3.574064970E-1,2.425698489E-1
1.019810087E1,1.410077214E-1,2.384363264E-1,-1.139166430E-1
1.020811487E1,-2.731678784E-1,5.931193233E-1,-4.124095738E-1
1.021812988E1,-5.692909360E-1,7.367787957E-1,-6.494265795E-1
1.022814387E1,-8.965058327E-1,7.563570142E-1,-8.248274326E-1
1.023815887E1,-1.247455478E0,6.400675178E-1,-9.929471016E-1
1.024817387E1,-1.573580623E0,3.370660841E-1,-1.183862805E0
1.025818787E1,-1.834997654E0,-1.057476699E-1,-1.364198446E0
1.026820287E1,-2.030344725E0,-5.736432076E-1,-1.520598769E0
1.027821687E1,-2.177831650E0,-9.416416287E-1,-1.618630409E0
1.028823187E1,-2.311187744E0,-1.154223919E0,-1.655648828E0
1.029824687E1,-2.438872576E0,-1.235872626E0,-1.661241055E0
1.030826087E1,-2.563733578E0,-1.262662768E0,-1.652391315E0
1.031827587E1,-2.655593157E0,-1.271476746E0,-1.626659274E0
1.032829025E1,-2.731753588E0,-1.267855644E0,-1.590271115E0
1.033830525E1,-2.785255432E0,-1.254202604E0,-1.559426904E0
1.034832025E1,-2.804988861E0,-1.233512044E0,-1.523116112E0
1.035833425E1,-2.791647673E0,-1.217826128E0,-1.459507346E0
1.036834925E1,-2.733365059E0,-1.251530766E0,-1.361213088E0
1.037836325E1,-2.621876240E0,-1.291923165E0,-1.256103992E0
1.038837825E1,-2.494006634E0,-1.329875350E0,-1.154381633E0
1.039839325E1,-2.315373421E0,-1.350346684E0,-1.040915847E0
1.040840725E1,-2.071195126E0,-1.325471759E0,-9.001209140E-1
1.041842225E1,-1.816380978E0,-1.263942003E0,-7.515379786E-1
1.042843625E1,-1.595198750E0,-1.137210488E0,-6.086503267E-1
1.043845125E1,-1.396963000E0,-9.424867034E-1,-4.982384443E-1
1.044846625E1,-1.230823040E0,-7.235250473E-1,-4.061332941E-1
1.045848025E1,-1.046384811E0,-5.082551837E-1,-3.584203422E-1
1.046849525E1,-8.319768310E-1,-3.500327766E-1,-3.423199356E-1
1.047850925E1,-6.312549710E-1,-2.191870213E-1,-3.699164093E-1
1.048852425E1,-4.476286471E-1,-2.040469497E-1,-3.317972720E-1
1.049853925E1,-2.029796988E-1,-2.817787826E-1,-1.999573261E-1
1.050855325E1,1.315735132E-1,-3.854292929E-1,-2.095774934E-2
1.051856825E1,4.394900501E-1,-4.239632189E-1,1.765257716E-1
1.052858225E1,6.608559489E-1,-2.970132530E-1,4.139793217E-1
1.053859725E1,8.481674194E-1,-6.668203976E-3,6.000033021E-1
1.054861225E1,1.030109763E0,3.726719320E-1,6.495665908E-1
1.055862625E1,1.226516962E0,7.005231380E-1,5.632239580E-1
1.056864125E1,1.478216052E0,9.800307155E-1,3.382179737E-1
1.057865525E1,1.663372874E0,1.028699875E0,4.073890299E-2
1.058867025E1,1.822793961E0,8.554224372E-1,-2.189579159E-1
1.059868525E1,2.005938768E0,4.345133901E-1,-4.068904221E-1
1.060869925E1,2.200375080E0,-1.295790076E-1,-5.630382299E-1
1.061871425E1,2.452340364E0,-5.174058080E-1,-7.298377752E-1
1.062872825E1,2.737220526E0,-5.599482059E-1,-8.492328525E-1
1.063874325E1,2.875626564E0,-3.428384066E-1,-9.038689137E-1
1.064875725E1,2.999046564E0,1.555865705E-1,-9.279966354E-1
1.065877225E1,3.014768362E0,7.391436100E-1,-9.322890639E-1
1.066878725E1,2.786304951E0,1.250885129E0,-9.652864337E-1
1.067880125E1,2.440104008E0,1.569005847E0,-1.053654552E0
1.068881625E1,2.155528545E0,1.543415546E0,-1.173891783E0
1.069883025E1,2.044316053E0,1.094338179E0,-1.294999003E0
1.070884525E1,2.114146709E0,5.191624761E-1,-1.322925687E0
1.071886025E1,2.042599201E0,1.296455562E-1,-1.220498323E0
1.072887425E1,1.734376669E0,1.550752297E-2,-1.093935251E0
1.073888925E1,1.337496281E0,1.471729726E-1,-1.037172914E0
1.074890325E1,9.863004684E-1,3.541144431E-1,-1.036919355E0
1.075891825E1,6.939867735E-1,5.116356611E-1,-9.954982996E-1
1.076893325E1,4.620113075E-1,5.136828423E-1,-8.651450872E-1
1.077894725E1,3.468029797E-1,3.800231218E-1,-6.973894238E-1
1.078896225E1,2.868935764E-1,2.212132514E-1,-4.894604683E-1
1.079897625E1,1.594217718E-1,5.308600143E-2,-2.800542116E-1
1.080899125E1,-6.239905208E-2,-8.941442519E-2,-1.139672399E-1
1.081900625E1,-3.503837287E-1,-2.688646019E-1,4.706964269E-2
1.082902025E1,-6.285926700E-1,-4.188354611E-1,1.996046007E-1
1.083903525E1,-8.523917198E-1,-5.131340027E-1,3.396684825E-1
1.084904925E1,-9.875061512E-1,-5.714744925E-1,4.698045254E-1
1.085906425E1,-1.021031141E0,-6.413019300E-1,6.226754785E-1
1.086907925E1,-9.649835825E-1,-6.992760301E-1,8.282046318E-1
1.087909325E1,-8.862748742E-1,-6.887337565E-1,1.022134185E0
1.088910825E1,-8.235156536E-1,-5.663652420E-1,1.176303864E0
1.089912225E1,-7.976846695E-1,-4.067864716E-1,1.305704951E0
1.090913725E1,-7.709313631E-1,-2.875908315E-1,1.429524302E0
1.091915225E1,-7.439925671E-1,-2.506644130E-1,1.497312784E0
1.092916625E1,-7.594916224E-1,-3.152617812E-1,1.490860224E0
1.093918125E1,-7.448221445E-1,-5.466880798E-1,1.400469065E0
1.094919525E1,-6.117237806E-1,-8.360970020E-1,1.300999641E0
1.095921025E1,-4.451955557E-1,-1.069922209E0,1.282612562E0
1.096922425E1,-3.180280328E-1,-1.209646106E0,1.311526775E0
1.097923925E1,-1.773648113E-1,-1.229849458E0,1.294687629E0
1.098925425E1,-5.576007441E-2,-1.067799568E0,1.187145472E0
1.099926825E1,-8.434169739E-2,-7.298653722E-1,9.927030206E-1
1.100928325E1,-2.033306658E-1,-3.648000360E-1,7.495223284E-1
1.101929725E1,-3.419265449E-1,-1.663684547E-1,4.470784664E-1
1.102931225E1,-4.912835360E-1,-3.540568650E-1,1.081728339E-1
1.103932725E1,-5.891757607E-1,-6.929035187E-1,-1.960333586E-1
1.104934125E1,-8.358063102E-1,-1.020495415E0,-5.024809241E-1
1.105935625E1,-1.188425303E0,-1.220856190E0,-8.083883524E-1
1.106937025E1,-1.523833394E0,-1.235485554E0,-1.116826057E0
1.107938525E1,-1.878203869E0,-1.104757667E0,-1.424103856E0
1.108940025E1,-2.217532396E0,-8.654336929E-1,-1.682606220E0
1.109941425E1,-2.548384428E0,-6.696414351E-1,-1.879277587E0
1.110942925E1,-2.752393961E0,-5.750302672E-1,-1.989348769E0
1.111944325E1,-2.844521761E0,-6.135485768E-1,-2.050887108E0
1.112945825E1,-2.855145693E0,-6.776473522E-1,-2.075635433E0
1.113947225E1,-2.816723824E0,-7.131717801E-1,-2.076739311E0
1.114948725E1,-2.727012634E0,-7.178394794E-1,-2.042605162E0
1.115950225E1,-2.608666420E0,-6.998369098E-1,-1.980181336E0
1.116951625E1,-2.469524145E0,-5.893202424E-1,-1.889401317E0
1.117953125E1,-2.324229240E0,-4.445582926E-1,-1.752220154E0
1.118954525E1,-2.155121326E0,-3.318663538E-1,-1.571641326E0
1.119956025E1,-2.013006926E0,-3.527030349E-1,-1.339049101E0
1.120957525E1,-1.826157212E0,-4.762119055E-1,-1.097247124E0
1.121958925E1,-1.516629815E0,-7.266533375E-1,-8.356751204E-1
1.122960425E1,-1.069361448E0,-1.022928119E0,-5.444030762E-1
1.123961825E1,-5.408780575E-1,-1.212948918E0,-2.040069401E-1
1.124963325E1,-5.170468614E-2,-1.125638247E0,2.159964591E-1
1.125964825E1,2.969300449E-1,-6.844736934E-1,7.018687725E-1
1.126966225E1,5.692180395E-1,-6.512784958E-2,1.190108418E0
1.127967725E1,8.947744370E-1,6.894184947E-1,1.511709690E0
1.128969125E1,1.242624998E0,1.658597946E0,1.665725112E0
1.129970625E1,1.507526517E0,2.468771696E0,1.744143844E0
1.130972025E1,1.466709495E0,2.516042233E0,1.875982642E0
1.131973525E1,1.231223464E0,1.492155433E0,1.979307890E0
1.132975038E1,1.009902000E0,-4.144210741E-2,1.827750921E0
1.133976437E1,8.111875653E-1,-1.282953858E0,1.317727208E0
1.134977937E1,5.557680130E-1,-1.638227463E0,5.948472619E-1
1.135979337E1,1.987673342E-1,-1.009405375E0,-8.430583030E-2
1.136980837E1,-1.044082493E-1,1.667911112E-1,-6.790818572E-1
1.137982337E1,-2.403498888E-1,1.445522308E0,-1.172384143E0
1.138983737E1,-2.522451580E-1,2.408366680E0,-1.477186084E0
1.139985237E1,-1.971443743E-1,2.859189272E0,-1.574294806E0
1.140986637E1,-7.313054800E-2,2.894760370E0,-1.455751061E0
1.141988137E1,-8.752709627E-2,2.623123169E0,-1.117772579E0
1.142989637E1,-9.658290446E-2,2.157035828E0,-8.495745659E-1
1.143991038E1,8.477621526E-2,1.650710225E0,-7.354440093E-1
1.144992538E1,2.810096443E-1,1.179285407E0,-6.788489223E-1
1.145993937E1,4.278399348E-1,8.724902868E-1,-5.729455948E-1
1.146995437E1,4.679476917E-1,7.386717796E-1,-3.538308144E-1
1.147996837E1,4.025917351E-1,8.041082621E-1,-6.127139553E-2
1.148998337E1,2.892777026E-1,9.209299088E-1,2.445023656E-1
1.149999837E1,2.077750564E-1,9.703916311E-1,5.256648660E-1
1.151001237E1,1.448038220E-1,9.191313386E-1,7.590470314E-1
1.152002737E1,5.870843679E-2,6.866515875E-1,9.531713128E-1
1.153004137E1,2.320397273E-2,2.126821876E-1,1.174911976E0
1.154005637E1,8.023612946E-2,-4.049831629E-1,1.443795085E0
1.155007137E1,1.612311155E-1,-9.261986613E-1,1.709071994E0
1.156008538E1,2.835615873E-1,-1.275585175E0,1.928212523E0
1.157010038E1,5.178925991E-1,-1.570871949E0,2.152633429E0
1.158011437E1,7.197192907E-1,-1.730732679E0,2.298868179E0
1.159012937E1,6.799519062E-1,-1.743652821E0,2.333682537E0
1.160014337E1,4.977837503E-1,-1.695461869E0,2.243197918E0
1.161015837E1,2.746768892E-1,-1.657914996E0,2.043588638E0
1.162017337E1,-2.346545924E-3,-1.718933105E0,1.804624438E0
1.163018737E1,-2.790383399E-1,-1.880243897E0,1.548668742E0
1.164020237E1,-4.532330632E-1,-2.135278940E0,1.294056892E0
1.165021637E1,-5.586920977E-1,-2.538825035E0,1.108898163E0
1.166023137E1,-7.186480165E-1,-2.947798729E0,9.898570776E-1
1.167024637E1,-9.321699142E-1,-3.334924221E0,8.559120297E-1
1.168026038E1,-1.130078435E0,-3.631222010E0,6.883113384E-1
1.169027538E1,-1.297537446E0,-3.769056797E0,5.514150262E-1
1.170028937E1,-1.423193932E0,-3.720353603E0,4.912079871E-1
1.171030437E1,-1.576337099E0,-3.447261810E0,3.594866991E-1
1.172031837E1,-1.850231171E0,-3.071905851E0,1.827894002E-1
1.173033337E1,-2.048178196E0,-2.785043955E0,1.491463929E-2
1.174034837E1,-2.079384565E0,-2.700753689E0,-1.472242624E-1
1.175036237E1,-2.042669296E0,-2.653267860E0,-2.869682908E-1
1.176037737E1,-2.179859638E0,-2.492589712E0,-4.931528866E-1
1.177039137E1,-2.420867682E0,-2.179078817E0,-7.087970972E-1
1.178040637E1,-2.666313648E0,-1.954169035E0,-9.323764443E-1
1.179042137E1,-2.888036251E0,-2.030166388E0,-1.158576012E0
1.180043538E1,-2.988317490E0,-2.312399149E0,-1.341228366E0
1.181045038E1,-2.996172428E0,-2.629613400E0,-1.442460418E0
1.182046437E1,-2.887275934E0,-2.860995054E0,-1.397747040E0
1.183047937E1,-2.728805065E0,-2.973950148E0,-1.212877870E0
1.184049337E1,-2.650561810E0,-3.063594818E0,-9.740146399E-1
1.185050837E1,-2.534226418E0,-2.955648422E0,-7.323881388E-1
1.186052337E1,-2.282644033E0,-2.570058346E0,-4.752350450E-1
1.187053737E1,-1.961341858E0,-2.071866751E0,-2.547378242E-1
1.188055237E1,-1.569016218E0,-1.565508962E0,-8.937956393E-2
1.189056637E1,-1.130732894E0,-1.117846012E0,6.537220627E-2
1.190058137E1,-7.017798424E-1,-6.976063251E-1,2.276370674E-1
1.191059537E1,-3.572776020E-1,-3.558199406E-1,3.681755662E-1
1.192061038E1,-1.649806499E-1,-5.696437508E-2,3.854877949E-1
1.193062538E1,-1.613843143E-1,-1.608245634E-2,3.513207734E-1
1.194063937E1,-1.172409207E-1,-3.019047379E-1,3.422693908E-1
1.195065437E1,6.292245537E-2,-7.674670815E-1,3.303959668E-1
1.196066837E1,2.102951109E-1,-1.104488373E0,3.643798232E-1
1.197068337E1,2.859384716E-1,-1.131840587E0,4.742583930E-1
1.198069837E1,3.774018884E-1,-8.410041928E-1,6.136065125E-1
1.199071237E1,4.850053191E-1,-4.000089467E-1,7.212229967E-1
1.200072737E1,6.436934471E-1,-5.363355391E-3,8.211823106E-1
1.201074137E1,7.824774384E-1,2.278358191E-1,1.008761644E0
1.202075637E1,8.871169686E-1,2.748327851E-1,1.216626287E0
1.203077037E1,1.069887638E0,1.327121109E-1,1.395610094E0
1.204078538E1,1.357124448E0,-1.797347516E-1,1.505555511E0
1.205080038E1,1.700627208E0,-5.252958536E-1,1.582836151E0
1.206081437E1,2.050673246E0,-6.562024951E-1,1.693891168E0
1.207082937E1,2.252173662E0,-5.437145829E-1,1.812260747E0
1.208084337E1,2.352613449E0,-2.087609470E-1,1.864674449E0
1.209085837E1,2.407738924E0,2.866946161E-1,1.714046001E0
1.210087238E1,2.342935085E0,8.566596508E-1,1.541548848E0
1.211088737E1,2.249472618E0,1.368499279E0,1.483734250E0
1.212090237E1,2.191946507E0,1.625309587E0,1.458793640E0
1.213091637E1,2.115593433E0,1.632208705E0,1.461045027E0
1.214093137E1,1.954927921E0,1.455745459E0,1.500510335E0
1.215094537E1,1.763247490E0,1.165340424E0,1.527742505E0
1.216096038E1,1.527769566E0,8.412765861E-1,1.466555476E0
1.217097538E1,1.262391925E0,5.779961944E-1,1.373659611E0
1.218098937E1,9.965143800E-1,4.460217953E-1,1.253911972E0
1.219100437E1,6.872654557E-1,3.594844937E-1,1.054357886E0
1.220101837E1,3.862263560E-1,2.651943564E-1,8.173232675E-1
1.221103337E1,1.676689535E-1,2.146440893E-1,6.064717770E-1
1.222104738E1,-2.348863147E-2,2.359781712E-1,4.732839167E-1
1.223106237E1,-2.602747977E-1,3.356794715E-1,3.918077052E-1
1.224107737E1,-5.432435274E-1,4.842575788E-1,3.216959834E-1
1.225109137E1,-8.363872766E-1,6.267409921E-1,2.459996194E-1
1.226110637E1,-1.166444540E0,5.760862231E-1,1.797141135E-1
1.227112037E1,-1.433739066E0,4.214020669E-1,1.626523137E-1
1.228113537E1,-1.656293273E0,1.673905551E-1,2.097536772E-1
1.229114937E1,-1.853989363E0,-2.010955960E-1,3.304380476E-1
1.230116437E1,-1.974694967E0,-5.018191934E-1,5.096892715E-1
1.231117937E1,-2.020226479E0,-5.941725969E-1,7.342685461E-1
1.232119337E1,-1.997227550E0,-4.718231857E-1,9.598910809E-1
1.233120829E1,-1.849113464E0,-2.586770952E-1,1.115554333E0
1.234122229E1,-1.629598618E0,-1.556757838E-1,1.236614585E0
1.235123729E1,-1.382531762E0,-8.704078197E-2,1.339979410E0
1.236125129E1,-1.214054346E0,-1.746024378E-2,1.480174780E0
1.237126629E1,-1.064431310E0,-5.357773975E-3,1.660782695E0
1.238128129E1,-8.527817726E-1,-3.544521332E-2,1.736406684E0
1.239129529E1,-6.333871484E-1,-1.296390891E-1,1.752243996E0
1.240131029E1,-4.692784250E-1,-2.770926356E-1,1.774624705E0
1.241132429E1,-3.950742483E-1,-3.167170286E-1,1.714190125E0
1.242133929E1,-4.013067782E-1,-1.978576034E-1,1.478665113E0
1.243135329E1,-3.885491788E-1,4.271526821E-3,1.185488582E0
1.244136829E1,-3.208323419E-1,1.398011595E-1,9.432387352E-1
1.245138329E1,-1.545730680E-1,1.599501073E-1,7.326788306E-1
1.246139729E1,1.100278720E-1,1.082900688E-1,5.354746580E-1
1.247141229E1,4.184871614E-1,4.803125560E-2,3.544827700E-1
1.248142629E1,7.385419607E-1,6.723162532E-2,1.209236458E-1
1.249144129E1,9.091339111E-1,1.421426237E-1,-1.727156937E-1
1.250145529E1,9.637799859E-1,2.441641539E-1,-4.917543828E-1
1.251147029E1,9.628851414E-1,4.037817717E-1,-8.113675117E-1
1.252148529E1,8.876058459E-1,5.419362783E-1,-1.113428831E0
1.253149929E1,7.735804915E-1,6.106523275E-1,-1.370008230E0
1.254151429E1,7.099081874E-1,6.227594018E-1,-1.570223212E0
1.255152829E1,7.025424242E-1,5.454941988E-1,-1.711471915E0
1.256154329E1,7.108301520E-1,4.047109783E-1,-1.791566849E0
1.257155729E1,7.483780980E-1,2.935479879E-1,-1.808514953E0
1.258157229E1,7.442728877E-1,2.866927385E-1,-1.742067099E0
1.259158729E1,7.060106993E-1,3.881775439E-1,-1.641690731E0
1.260160129E1,7.095520496E-1,5.565280318E-1,-1.508798957E0
1.261161629E1,7.157289386E-1,6.926022768E-1,-1.330148458E0
1.262163029E1,6.794204712E-1,7.201122046E-1,-1.143996000E0
1.263164529E1,6.073223352E-1,6.402698159E-1,-9.803199172E-1
1.264165929E1,5.509816408E-1,4.408786595E-1,-8.327133060E-1
1.265167429E1,4.949910641E-1,1.100932807E-1,-6.854553819E-1
1.266168929E1,4.320915043E-1,-2.642083764E-1,-5.190630555E-1
1.267170329E1,3.385746181E-1,-3.663491309E-1,-4.416732192E-1
1.268171829E1,1.524725854E-1,-2.210875750E-1,-4.116587043E-1
1.269173229E1,3.231172217E-3,-1.490768394E-3,-3.348198533E-1
1.270174729E1,-3.061352111E-2,1.290889829E-1,-1.836837828E-1
1.271176129E1,1.809809171E-2,1.472376287E-1,2.227922156E-2
1.272177629E1,6.123197824E-2,1.223104447E-1,2.468657196E-1
1.273179129E1,8.059422672E-2,6.550095230E-2,4.730386734E-1
1.274180529E1,1.033123359E-1,-1.190382764E-1,7.155016065E-1
1.275182029E1,1.873859316E-1,-3.073181510E-1,9.997032285E-1
1.276183429E1,3.008087873E-1,-4.202018082E-1,1.272627831E0
1.277184929E1,3.810325265E-1,-3.483856916E-1,1.492689967E0
1.278186329E1,4.504355490E-1,-1.840103716E-1,1.687930703E0
1.279187829E1,5.881215334E-1,-3.334549814E-2,1.866357207E0
1.280189329E1,8.174242377E-1,6.240125746E-2,1.996302009E0
1.281190729E1,1.178741217E0,1.903006285E-1,2.159522057E0
1.282192229E1,1.439092875E0,3.125381768E-1,2.279274225E0
1.283193629E1,1.483291268E0,4.580487609E-1,2.311460495E0
1.284195129E1,1.413624644E0,6.886954308E-1,2.248780489E0
1.285196529E1,1.255081892E0,9.817608595E-1,2.047652721E0
1.286198029E1,1.148161769E0,9.710155129E-1,1.797877669E0
1.287199529E1,1.151183605E0,7.372810841E-1,1.653307676E0
1.288200929E1,1.131063581E0,4.054193497E-1,1.595378160E0
1.289202429E1,1.094701529E0,1.753091961E-1,1.561521888E0
1.290203829E1,1.135652065E0,1.155204475E-1,1.499333858E0
1.291205329E1,1.156467080E0,2.283167690E-1,1.413842440E0
1.292206729E1,1.012327909E0,4.100007713E-1,1.291264892E0
1.293208229E1,7.759022713E-1,5.500234365E-1,1.043353796E0
1.294209629E1,5.187858343E-1,5.760878921E-1,6.870205402E-1
1.295211129E1,2.684060633E-1,5.477499962E-1,3.240641654E-1
1.296212629E1,8.554694802E-2,4.381335080E-1,8.553210646E-3
1.297214029E1,-1.095764711E-1,1.842144132E-1,-2.518746555E-1
1.298215529E1,-2.898070514E-1,-1.307582110E-1,-4.457168281E-1
1.299216929E1,-3.723155260E-1,-3.440198898E-1,-5.722566843E-1
1.300218429E1,-4.444480538E-1,-4.401643872E-1,-7.139602900E-1
1.301219829E1,-5.304532647E-1,-4.292888343E-1,-8.885083795E-1
1.302221329E1,-6.380851865E-1,-3.756949902E-1,-1.083255172E0
1.303222829E1,-7.431351542E-1,-3.528021872E-1,-1.277180791E0
1.304224229E1,-8.236595988E-1,-3.745471537E-1,-1.428249002E0
1.305225729E1,-9.017954469E-1,-3.100200891E-1,-1.526629925E0
1.306227129E1,-1.012994409E0,-2.408445030E-1,-1.596399069E0
1.307228629E1,-1.143057585E0,-2.338065654E-1,-1.655015588E0
1.308230029E1,-1.235214949E0,-2.212115377E-1,-1.679663897E0
1.309231529E1,-1.317238927E0,-2.248494178E-1,-1.663397312E0
1.310232929E1,-1.349095225E0,-2.615829408E-1,-1.593611836E0
1.311234429E1,-1.329706550E0,-3.561906517E-1,-1.509851456E0
1.312235929E1,-1.260411024E0,-4.668067694E-1,-1.420144081E0
1.313237329E1,-1.158779979E0,-5.621375442E-1,-1.296584249E0
1.314238829E1,-1.094672799E0,-6.089752316E-1,-1.164218664E0
1.315240229E1,-1.048159599E0,-5.514751673E-1,-1.048624158E0
1.316241729E1,-9.486951232E-1,-4.690786004E-1,-9.408941865E-1
1.317243129E1,-8.234037757E-1,-3.987458646E-1,-8.834764361E-1
1.318244629E1,-7.097604871E-1,-3.362348080E-1,-8.472753167E-1
1.319246129E1,-5.662933588E-1,-3.132602274E-1,-7.738466263E-1
1.320247529E1,-3.670757413E-1,-3.194755316E-1,-6.546615362E-1
1.321249029E1,-1.711549759E-1,-3.586607575E-1,-4.829912484E-1
1.322250429E1,7.585346699E-2,-3.730985522E-1,-2.842563093E-1
1.323251929E1,3.859807253E-1,-3.832811415E-1,-1.774339825E-1
1.324253329E1,6.841921210E-1,-3.810427487E-1,-1.537733674E-1
1.325254829E1,9.564412236E-1,-3.264740407E-1,-2.005776316E-1
1.326256229E1,1.214375734E0,-1.927335411E-1,-2.911118269E-1
1.327257729E1,1.469711900E0,-1.185929999E-1,-4.344862998E-1
1.328259229E1,1.762265444E0,-3.870702162E-2,-6.486194730E-1
1.329260629E1,1.971277833E0,1.521779746E-1,-7.990531921E-1
1.330262129E1,2.103784323E0,3.587483168E-1,-8.411108851E-1
1.331263529E1,2.304878235E0,5.411056280E-1,-8.451234698E-1
1.332265029E1,2.489959478E0,6.571270227E-1,-8.502896428E-1
1.333266417E1,2.640516281E0,5.788493156E-1,-7.694451809E-1
1.334267917E1,2.791119099E0,3.884904385E-1,-5.650328398E-1
1.335269417E1,2.813896656E0,1.195729673E-1,-2.974426746E-1
1.336270817E1,2.693998098E0,-4.288189858E-2,-6.242708862E-2
1.337272317E1,2.465614080E0,-5.761157721E-2,3.698551655E-2
1.338273717E1,2.166731834E0,1.550870761E-2,7.154149003E-3
1.339275217E1,1.818667650E0,1.712780744E-1,-9.415942430E-2
1.340276617E1,1.380280137E0,4.405689240E-1,-1.536339372E-1
1.341278117E1,8.786617517E-1,6.732574701E-1,-1.715816855E-1
1.342279517E1,4.487746358E-1,7.061734200E-1,-1.766351610E-1
1.343281017E1,1.164438352E-1,4.434387386E-1,-1.625917852E-1
1.344282517E1,-1.821373701E-1,3.805344924E-2,-9.586901963E-2
1.345283917E1,-4.626619816E-1,-2.351216376E-1,7.404373493E-3
1.346285417E1,-7.758124471E-1,-3.844231069E-1,6.785344332E-2
1.347286817E1,-1.037536263E0,-4.034732282E-1,1.002800912E-1
1.348288317E1,-1.253737092E0,-3.085166216E-1,9.563559294E-2
1.349289717E1,-1.464029908E0,-1.523936093E-1,8.323271573E-2
1.350291217E1,-1.653391480E0,-3.590656444E-2,8.471293747E-2
1.351292617E1,-1.727814078E0,-6.257598847E-2,5.102235079E-2
1.352294117E1,-1.720401287E0,-2.331989706E-1,6.320784986E-2
1.353295617E1,-1.725135565E0,-4.388740957E-1,1.860109866E-1
1.354297017E1,-1.793488264E0,-6.215528250E-1,3.353323340E-1
1.355298517E1,-1.891663313E0,-7.514663339E-1,4.093905687E-1
1.356299917E1,-1.986552119E0,-7.570359111E-1,4.261356592E-1
1.357301417E1,-2.090335131E0,-6.655973792E-1,4.428927898E-1
1.358302817E1,-2.144072056E0,-4.950506985E-1,5.127927661E-1
1.359304317E1,-2.107163668E0,-3.843971789E-1,5.569298267E-1
1.360305717E1,-1.952906489E0,-3.972881436E-1,5.790287256E-1
1.361307217E1,-1.778081179E0,-5.535230637E-1,5.913828611E-1
1.362308717E1,-1.582659364E0,-7.378137708E-1,6.343155503E-1
1.363310117E1,-1.342759132E0,-8.240807652E-1,6.883329749E-1
1.364311617E1,-1.084641695E0,-8.176184893E-1,6.652296185E-1
1.365313017E1,-9.374800324E-1,-6.802957654E-1,5.480441451E-1
1.366314517E1,-8.638680577E-1,-4.008062482E-1,3.212538660E-1
1.367315917E1,-7.962778211E-1,-1.447457075E-1,2.047620714E-3
1.368317417E1,-7.130314708E-1,-5.988365412E-2,-2.811610401E-1
1.369318817E1,-5.864292979E-1,-9.778443724E-2,-4.649798870E-1
1.370320317E1,-3.892713785E-1,-2.590553463E-1,-5.658802390E-1
1.371321817E1,-7.995612174E-2,-5.486668944E-1,-5.960562825E-1
1.372323217E1,3.178631365E-1,-8.199231029E-1,-6.119579673E-1
1.373324717E1,6.812019944E-1,-8.720818758E-1,-6.570250392E-1
1.374326117E1,9.201552272E-1,-7.397536635E-1,-7.806665301E-1
1.375327617E1,1.114585519E0,-4.935726523E-1,-1.007734895E0
1.376329017E1,1.254840374E0,-1.082984805E-1,-1.287671566E0
1.377330517E1,1.309051156E0,2.829502523E-1,-1.484786987E0
1.378331917E1,1.367053390E0,5.896758437E-1,-1.583554029E0
1.379333417E1,1.486634493E0,6.665053368E-1,-1.624756336E0
1.380334917E1,1.579585910E0,4.042260647E-1,-1.558717608E0
1.381336317E1,1.606806159E0,2.247819118E-2,-1.478429675E0
1.382337817E1,1.621299267E0,-1.523592770E-1,-1.455994487E0
1.383339217E1,1.531499863E0,-1.315386891E-1,-1.492568731E0
1.384340717E1,1.358391762E0,7.072093338E-2,-1.499092460E0
1.385342117E1,1.156908751E0,2.766890228E-1,-1.456259727E0
1.386343617E1,9.844530225E-1,4.055032134E-1,-1.390768051E0
1.387345017E1,8.479135633E-1,4.786035120E-1,-1.306078672E0
1.388346517E1,7.083934546E-1,3.956421614E-1,-1.162716985E0
1.389347917E1,5.913786888E-1,2.776092887E-1,-1.009478450E0
1.390349417E1,4.626731575E-1,1.950371414E-1,-8.645109534E-1
1.391350917E1,3.017092943E-1,1.904900670E-1,-7.643893957E-1
1.392352317E1,1.233151779E-1,2.830782235E-1,-6.549031138E-1
1.393353817E1,-3.519111499E-2,3.408304751E-1,-5.198155642E-1
1.394355217E1,-1.282143295E-1,3.275065422E-1,-3.319473267E-1
1.395356717E1,-1.927179545E-1,2.083069086E-1,-1.133878380E-1
1.396358117E1,-2.395646423E-1,4.944173247E-2,1.055679172E-1
1.397359617E1,-3.405085802E-1,-1.621887535E-1,2.729678452E-1
1.398361017E1,-4.502068758E-1,-3.056869209E-1,3.697085679E-1
1.399362517E1,-5.246348381E-1,-4.069480300E-1,4.617412686E-1
1.400363917E1,-5.603355765E-1,-4.680481255E-1,5.848723054E-1
1.401365417E1,-5.667697191E-1,-4.745161533E-1,7.192516923E-1
1.402366917E1,-5.680338144E-1,-4.089227617E-1,8.354502916E-1
1.403368317E1,-5.832122564E-1,-3.406465054E-1,9.279197454E-1
1.404369817E1,-5.511841774E-1,-3.354546130E-1,9.877219796E-1
1.405371217E1,-4.924579561E-1,-3.338351548E-1,1.018317699E0
1.406372717E1,-4.908752739E-1,-3.111324012E-1,1.033796668E0
1.407374117E1,-5.164666176E-1,-3.132094145E-1,1.060039401E0
1.408375617E1,-5.251895785E-1,-4.136933982E-1,1.097133756E0
1.409377017E1,-5.265864134E-1,-5.540497303E-1,1.162915945E0
1.410378517E1,-5.497523546E-1,-6.443462372E-1,1.213936687E0
1.411380017E1,-5.986282825E-1,-6.020365953E-1,1.161777377E0
1.412381417E1,-6.659082770E-1,-4.987699687E-1,1.067118764E0
1.413382917E1,-6.434157491E-1,-4.031646252E-1,9.730013013E-1
1.414384317E1,-5.871185064E-1,-3.733154833E-1,8.580678105E-1
1.415385817E1,-5.773891807E-1,-2.769039869E-1,7.200343013E-1
1.416387217E1,-6.016427875E-1,-2.519266009E-1,5.975463390E-1
1.417388717E1,-6.077118516E-1,-4.478638768E-1,4.899570346E-1
1.418390117E1,-6.041839719E-1,-7.794346213E-1,3.793468475E-1
1.419391617E1,-6.319698095E-1,-1.032662749E0,2.611333728E-1
1.420393017E1,-6.423325539E-1,-1.068701148E0,1.258496493E-1
1.421394517E1,-5.959011316E-1,-8.399682045E-1,2.124761045E-2
1.422396017E1,-6.233022213E-1,-6.044968963E-1,-7.161328197E-2
1.423397417E1,-6.638168693E-1,-4.883615673E-1,-2.065513879E-1
1.424398917E1,-8.000114560E-1,-4.369801283E-1,-4.126331210E-1
1.425400317E1,-1.085014224E0,-4.372176826E-1,-5.951808095E-1
1.426401817E1,-1.419572592E0,-4.992846251E-1,-7.628586292E-1
1.427403217E1,-1.744075060E0,-6.590849161E-1,-9.227034450E-1
1.428404717E1,-2.056114912E0,-8.773819804E-1,-1.065456033E0
1.429406117E1,-2.328534603E0,-1.054773569E0,-1.196205616E0
1.430407617E1,-2.486177683E0,-1.090066433E0,-1.246568799E0
1.431409017E1,-2.483350992E0,-1.006636739E0,-1.255263209E0
1.432410537E1,-2.390031576E0,-7.481939197E-1,-1.247621059E0
1.433412037E1,-2.316507339E0,-3.878415525E-1,-1.196025848E0
1.434413438E1,-2.187416792E0,-3.856910020E-2,-1.083499908E0
1.435414937E1,-1.962778330E0,1.590909958E-1,-9.262124896E-1
1.436416337E1,-1.654629230E0,2.148555964E-1,-7.448749542E-1
1.437417837E1,-1.288996577E0,2.615005970E-1,-5.536480546E-1
1.438419237E1,-8.879685998E-1,2.229312509E-1,-3.439018130E-1
1.439420737E1,-4.441562593E-1,1.120705158E-1,-1.117247641E-1
1.440422137E1,3.686884791E-2,3.810691461E-2,1.581700742E-1
1.441423637E1,5.011936426E-1,9.193818271E-2,4.587213695E-1
1.442425037E1,9.323379993E-1,2.283142954E-1,8.037137985E-1
1.443426537E1,1.409600139E0,3.994410336E-1,1.166264653E0
1.444428037E1,1.741544247E0,5.400505662E-1,1.448231936E0
1.445429438E1,1.920464993E0,7.189276218E-1,1.542994857E0
1.446430938E1,2.062878132E0,7.341710925E-1,1.450787783E0
1.447432337E1,2.206729889E0,6.756910086E-1,1.176890373E0
1.448433837E1,2.096856833E0,6.222653389E-1,9.583197236E-1
1.449435237E1,1.795400500E0,5.279862285E-1,8.691717386E-1
1.450436737E1,1.439849138E0,2.803909481E-1,9.217551351E-1
1.451438138E1,1.099118114E0,-6.731694937E-2,9.415816069E-1
1.452439637E1,7.040945888E-1,-2.821053267E-1,7.791931033E-1
1.453441037E1,2.002958506E-1,-2.559197843E-1,4.318517148E-1
1.454442537E1,-3.104490042E-1,2.460390888E-2,-2.545413747E-2
1.455443937E1,-7.676570415E-1,2.606159151E-1,-6.198934913E-1
1.456445437E1,-1.187826872E0,4.332170486E-1,-1.330799580E0
1.457446938E1,-1.590578556E0,6.397076249E-1,-2.069254398E0
1.458448337E1,-1.985601902E0,7.465064526E-1,-2.775147438E0
1.459449837E1,-2.274023771E0,7.828242183E-1,-3.440480232E0
1.460451237E1,-2.411613226E0,9.144559503E-1,-4.012831211E0
1.461452737E1,-2.469967842E0,1.156236649E0,-4.341073036E0
1.462454138E1,-2.477967024E0,1.360547423E0,-4.414564610E0
1.463455638E1,-2.284192801E0,1.397970080E0,-4.416001320E0
1.464457037E1,-1.736466169E0,1.310681581E0,-4.240426064E0
1.465458537E1,-1.020847797E0,1.174594283E0,-3.916876554E0
1.466459937E1,-1.974225938E-1,1.149937987E0,-3.398678780E0
1.467461437E1,6.620266438E-1,1.354867458E0,-2.740242481E0
1.468462838E1,1.351967454E0,1.710016727E0,-2.004291534E0
1.469464337E1,1.857302547E0,2.166263819E0,-1.225073576E0
1.470465837E1,2.501683235E0,2.567755461E0,-4.710402191E-1
1.471467237E1,3.296148539E0,2.925923109E0,1.184973717E-1
1.472468737E1,4.161328793E0,3.469574690E0,4.419375956E-1
1.473470137E1,4.796992779E0,3.990157843E0,6.904390454E-1
1.474471638E1,4.968527317E0,4.175681114E0,8.138200641E-1
1.475473037E1,5.028521538E0,3.972793579E0,5.903697014E-1
1.476474537E1,4.808286667E0,2.908434391E0,3.442214727E-1
1.477475937E1,4.097657681E0,1.167208552E0,2.763106227E-1
1.478477437E1,3.208899498E0,-6.862055063E-1,2.878334522E-1
1.479478838E1,2.651213646E0,-2.112300873E0,4.025376737E-1
1.480480338E1,2.496071339E0,-2.959072113E0,5.059490204E-1
1.481481737E1,2.430160046E0,-3.250399590E0,4.100808203E-1
1.482483237E1,2.248045444E0,-2.764691830E0,1.906403005E-1
1.483484637E1,1.644811034E0,-1.799319386E0,-6.439599395E-2
1.484486137E1,7.840713859E-1,-7.703191638E-1,-2.618055940E-1
1.485487637E1,-4.063928872E-2,-2.263912000E-2,-4.664918780E-1
1.486489037E1,-7.133638859E-1,2.391691804E-1,-7.031025887E-1
1.487490537E1,-1.196872950E0,-4.383828491E-2,-8.881017566E-1
1.488491937E1,-1.623778701E0,-8.643262386E-1,-1.004156590E0
1.489493437E1,-2.135677099E0,-1.929686308E0,-1.085372925E0
1.490494837E1,-2.784522295E0,-2.874808788E0,-1.253485322E0
1.491496337E1,-3.440268517E0,-3.349347591E0,-1.474313259E0
1.492497737E1,-4.070307732E0,-3.289817810E0,-1.748239398E0
1.493499237E1,-4.617252350E0,-2.897488117E0,-2.012416363E0
1.494500637E1,-4.967754841E0,-2.304764509E0,-2.140467644E0
1.495502137E1,-5.051216125E0,-1.782402396E0,-2.045529366E0
1.496503537E1,-4.855811596E0,-1.315792561E0,-1.793491006E0
1.497505038E1,-4.531748295E0,-8.887802362E-1,-1.457369804E0
1.498506537E1,-4.226839542E0,-4.256729782E-1,-1.113798022E0
1.499507937E1,-3.949173689E0,3.931307793E-2,-8.253726959E-1
1.500509437E1,-3.618464947E0,4.486082792E-1,-5.568773150E-1
1.501510837E1,-3.108021259E0,8.436655998E-1,-2.253970653E-1
1.502512337E1,-2.445748806E0,1.117449164E0,8.229958266E-2
1.503513737E1,-1.661226749E0,1.214549899E0,2.812510431E-1
1.504515237E1,-9.016016722E-1,1.148224592E0,3.968894184E-1
1.505516637E1,-2.917303443E-1,7.683987021E-1,4.897112548E-1
1.506518137E1,2.676861882E-1,1.384941041E-1,6.371250749E-1
1.507519537E1,8.148211241E-1,-5.264045000E-1,8.597722650E-1
1.508521037E1,1.287862420E0,-1.010902643E0,1.122916341E0
1.509522437E1,1.762819409E0,-1.272592545E0,1.351984859E0
1.510523937E1,2.067672968E0,-1.111259937E0,1.425715208E0
1.511525337E1,2.119361639E0,-8.273157477E-1,1.368996739E0
1.512526837E1,2.133556128E0,-4.856686890E-1,1.305517316E0
1.513528237E1,2.213920116E0,-1.921593100E-1,1.332430363E0
1.514529738E1,2.437093258E0,-3.275948111E-3,1.452588797E0
1.515531137E1,2.826082230E0,3.478461504E-2,1.599708557E0
1.516532637E1,3.193650246E0,-7.300963998E-2,1.749194026E0
1.517534137E1,3.388700008E0,-2.663074732E-1,1.955777049E0
1.518535537E1,3.411896229E0,-3.717032671E-1,2.161734581E0
1.519537037E1,3.218533754E0,-3.050169051E-1,2.287619352E0
1.520538437E1,3.030495882E0,-1.339864433E-1,2.285852909E0
1.521539937E1,2.906365633E0,1.807358116E-1,2.132739305E0
1.522541337E1,2.721269608E0,4.942419529E-1,1.888933539E0
1.523542837E1,2.390197992E0,5.664184093E-1,1.554608583E0
1.524544237E1,1.906106591E0,2.108062208E-1,1.301196218E0
1.525545737E1,1.364691019E0,-5.322481990E-1,1.153482914E0
1.526547137E1,8.927753568E-1,-1.354176521E0,1.030442357E0
1.527548637E1,5.736796856E-1,-1.781649828E0,9.554261565E-1
1.528550037E1,2.714956403E-1,-1.596650124E0,8.336837888E-1
1.529551537E1,-9.389084578E-2,-9.297473431E-1,6.324167252E-1
1.530552937E1,-5.055800080E-1,-1.511611491E-1,3.881131709E-1
1.531554438E1,-9.433032870E-1,4.411527514E-1,1.343959421E-1
1.532555837E1,-1.367884994E0,7.888792753E-1,-1.047870666E-1
1.533557337E1,-1.712745547E0,8.769542575E-1,-2.885086834E-1
1.534558837E1,-1.951650739E0,6.293628812E-1,-4.472000897E-1
1.535560237E1,-2.086475611E0,8.541834354E-2,-5.118038654E-1
1.536561737E1,-2.185251713E0,-6.572145224E-1,-4.377713799E-1
1.537563138E1,-2.301044226E0,-1.380298138E0,-3.035059869E-1
1.538564637E1,-2.445661545E0,-1.886568546E0,-1.841474473E-1
1.539566037E1,-2.576571703E0,-1.970086098E0,-9.130484611E-2
1.540567537E1,-2.680682898E0,-1.569525003E0,-4.236217216E-2
1.541568937E1,-2.681958675E0,-9.571866989E-1,-3.325948864E-2
1.542570437E1,-2.477638960E0,-4.814946353E-1,1.136616524E-2
1.543571837E1,-2.044150114E0,-2.265640795E-1,1.036292538E-1
1.544573337E1,-1.574173212E0,-7.946754247E-2,2.568936646E-1
1.545574737E1,-1.251511574E0,8.464708924E-3,4.711638987E-1
1.546576237E1,-9.470916390E-1,-4.015677143E-3,6.834226251E-1
1.547577637E1,-5.883015394E-1,-1.655249447E-1,8.268892765E-1
1.548579138E1,-2.823948264E-1,-4.244771600E-1,9.353454113E-1
1.549580537E1,-8.731787652E-2,-6.918227077E-1,1.006878376E0
1.550582037E1,8.312293887E-2,-8.628728390E-1,1.003232121E0
1.551583437E1,2.715040147E-1,-8.071004152E-1,8.646817207E-1
1.552584937E1,4.222311080E-1,-6.528394818E-1,7.672175169E-1
1.553586338E1,6.397029757E-1,-5.129976869E-1,7.764994502E-1
1.554587838E1,9.643919468E-1,-4.418055415E-1,9.083738327E-1
1.555589337E1,1.286127925E0,-4.797526598E-1,1.120755553E0
1.556590737E1,1.662679434E0,-5.181306601E-1,1.285858274E0
1.557592237E1,1.997045159E0,-4.841817617E-1,1.322311044E0
1.558593637E1,2.244251966E0,-3.609538078E-1,1.334104061E0
1.559595137E1,2.356598854E0,-1.755599827E-1,1.302677989E0
1.560596537E1,2.317992449E0,6.285163760E-2,1.190623879E0
1.561598037E1,2.197571754E0,1.877831817E-1,1.074782014E0
1.562599437E1,2.059549093E0,6.210036948E-2,9.950332046E-1
1.563600937E1,1.859121799E0,-3.942892551E-1,9.576908946E-1
1.564602337E1,1.577594757E0,-1.007519484E0,9.550274014E-1
1.565603838E1,1.235596418E0,-1.529532909E0,9.599103332E-1
1.566605237E1,8.440756202E-1,-1.700182796E0,9.225094318E-1
1.567606737E1,4.472363889E-1,-1.476686835E0,8.559336066E-1
1.568608137E1,9.742254019E-2,-9.374702573E-1,8.085869551E-1
1.569609637E1,-2.138629109E-1,-2.864395082E-1,7.898023725E-1
1.570611038E1,-5.043525696E-1,2.565498650E-1,8.295778036E-1
1.571612538E1,-7.307758331E-1,5.480147600E-1,9.008522630E-1
1.572613937E1,-8.776928186E-1,6.662932634E-1,9.986804724E-1
1.573615437E1,-1.002148151E0,6.685777307E-1,1.094173074E0
1.574616837E1,-1.053929090E0,3.974717259E-1,1.200574279E0
1.575618337E1,-9.199779630E-1,-6.311400980E-2,1.310395002E0
1.576619738E1,-6.526859403E-1,-4.705692828E-1,1.416547060E0
1.577621237E1,-3.944772780E-1,-6.019065380E-1,1.563953280E0
1.578622737E1,-1.768217087E-1,-4.895424545E-1,1.685752988E0
1.579624137E1,2.062185854E-2,-2.505279779E-1,1.693235874E0
1.580625637E1,1.694460064E-1,3.689392470E-3,1.516314745E0
1.581627037E1,1.813900173E-1,2.916314304E-1,1.231655359E0
1.582628538E1,1.302826852E-1,6.016851664E-1,9.485766888E-1
1.583629937E1,9.915352613E-2,7.132676244E-1,7.101814151E-1
1.584631437E1,1.640858948E-1,5.802373886E-1,5.195811391E-1
1.585632837E1,2.937291265E-1,3.032800853E-1,3.732177913E-1
1.586634337E1,3.868575096E-1,5.544046313E-2,2.651757002E-1
1.587635738E1,4.673941731E-1,-8.909460902E-2,1.219623387E-1
1.588637238E1,5.699177980E-1,-1.288838387E-1,-1.130436957E-1
1.589638637E1,6.637668014E-1,-1.197718643E-2,-4.326299429E-1
1.590640137E1,6.447963119E-1,2.043166310E-1,-7.725012898E-1
1.591641537E1,5.805560946E-1,5.050171018E-1,-1.116467118E0
1.592643037E1,5.255000591E-1,8.434107304E-1,-1.401419997E0
1.593644438E1,5.007744431E-1,9.969299436E-1,-1.579104424E0
1.594645937E1,5.472671986E-1,8.927863836E-1,-1.668056369E0
1.595647337E1,5.889603496E-1,6.041734815E-1,-1.717633009E0
1.596648837E1,5.909420252E-1,4.543970525E-1,-1.734476686E0
1.597650237E1,4.891813695E-1,3.476607203E-1,-1.742948651E0
1.598651737E1,3.454098105E-1,3.398643136E-1,-1.733024120E0
1.599653137E1,1.943164468E-1,4.802645743E-1,-1.666113615E0
1.600654637E1,6.822533906E-2,6.696293950E-1,-1.533810973E0
1.601656037E1,2.027411014E-3,7.675594687E-1,-1.365777493E0
1.602657537E1,-1.288549230E-2,6.960357428E-1,-1.196433663E0
1.603658937E1,-4.303988069E-3,4.686236382E-1,-1.011862278E0
1.604660438E1,5.624532700E-2,1.378953755E-1,-7.929364443E-1
1.605661837E1,1.614652127E-1,-1.566158831E-1,-5.601266026E-1
1.606663337E1,2.625434995E-1,-3.127952218E-1,-3.252932727E-1
1.607664737E1,3.705237508E-1,-3.676675260E-1,-9.815785289E-2
1.608666237E1,5.233317614E-1,-2.887916267E-1,9.107003361E-2
1.609667638E1,6.538870931E-1,-1.170286685E-1,2.890374362E-1
1.610669138E1,7.327777147E-1,8.714858443E-2,4.553023279E-1
1.611670637E1,8.113784790E-1,1.883484274E-1,5.397368073E-1
1.612672037E1,9.497510791E-1,1.762086749E-1,5.953551531E-1
1.613673537E1,1.244581580E0,2.066536546E-1,5.666255355E-1
1.614674937E1,1.435271859E0,1.871766448E-1,5.887120962E-1
1.615676437E1,1.578488111E0,2.005944401E-1,7.300335169E-1
1.616677837E1,1.747499585E0,2.319857925E-1,9.369521737E-1
1.617679337E1,1.887597799E0,3.196000755E-1,1.170833349E0
1.618680737E1,1.918166041E0,3.845945001E-1,1.403590918E0
1.619682237E1,1.996779323E0,3.287741244E-1,1.540636063E0
1.620683637E1,2.097737312E0,3.448199630E-1,1.501992583E0
1.621685138E1,1.992019773E0,4.997658730E-1,1.359398365E0
1.622686537E1,1.811940312E0,6.594963670E-1,1.192713857E0
1.623688037E1,1.694896221E0,6.514123678E-1,1.052580118E0
1.624689437E1,1.542819023E0,4.427142739E-1,9.762846231E-1
1.625690937E1,1.354225755E0,2.299844325E-1,9.342373013E-1
1.626692338E1,1.145058274E0,1.184210107E-1,8.496167660E-1
1.627693838E1,8.833819628E-1,1.121729687E-1,6.549322605E-1
1.628695237E1,6.485949159E-1,1.766219884E-1,3.995667696E-1
1.629696737E1,4.821465909E-1,2.217236906E-1,1.133837253E-1
1.630698137E1,3.284720778E-1,2.365698814E-1,-1.367676854E-1
1.631699637E1,1.583125889E-1,2.529914975E-1,-3.089943230E-1
1.632701025E1,-2.210043371E-2,2.440859973E-1,-4.226734340E-1
1.633702525E1,-2.603049874E-1,2.219026536E-1,-5.124462247E-1
1.634703925E1,-5.108178258E-1,1.845145375E-1,-6.456954479E-1
1.635705425E1,-7.835412025E-1,7.332995534E-2,-7.945440412E-1
1.636706825E1,-1.091369987E0,-7.336241007E-2,-8.948441148E-1
1.637708325E1,-1.380365014E0,-2.539574802E-1,-9.632860422E-1
1.638709725E1,-1.634837985E0,-4.620258808E-1,-9.841593504E-1
1.639711225E1,-1.829665303E0,-6.291102171E-1,-9.752070904E-1
1.640712625E1,-1.918611526E0,-6.965787411E-1,-8.909013271E-1
1.641714125E1,-1.870302558E0,-6.086781621E-1,-8.155754209E-1
1.642715525E1,-1.733729243E0,-4.631314874E-1,-7.977535725E-1
1.643717025E1,-1.551543951E0,-2.861183584E-1,-8.734161258E-1
1.644718425E1,-1.381643653E0,-1.272107363E-1,-1.057934999E0
1.645719925E1,-1.226780772E0,-2.587106079E-2,-1.291008830E0
1.646721325E1,-9.978205562E-1,-7.098447531E-2,-1.538147688E0
1.647722825E1,-6.526831388E-1,-2.893474400E-1,-1.813948154E0
1.648724225E1,-2.606279552E-1,-6.239401698E-1,-2.059897423E0
1.649725725E1,9.698583931E-2,-8.983299136E-1,-2.198049545E0
1.650727125E1,3.619234860E-1,-8.532033563E-1,-2.294661045E0
1.651728625E1,5.364993215E-1,-5.320495963E-1,-2.440976381E0
1.652730025E1,7.375887632E-1,-7.802834269E-3,-2.617311239E0
1.653731525E1,9.763590097E-1,6.890872717E-1,-2.736493826E0
1.654732925E1,1.146984339E0,1.255365610E0,-2.742351055E0
1.655734425E1,1.363677502E0,1.288997173E0,-2.588150978E0
1.656735825E1,1.586003780E0,7.465384603E-1,-2.310735226E0
1.657737325E1,1.695045590E0,1.127239615E-1,-1.949204803E0
1.658738725E1,1.606452703E0,-3.660112023E-1,-1.614682674E0
1.659740225E1,1.394561529E0,-6.495784521E-1,-1.374505281E0
1.660741625E1,1.209552765E0,-7.455304265E-1,-1.191620350E0
1.661743125E1,1.117871404E0,-6.450467110E-1,-1.004111171E0
1.662744525E1,1.048241973E0,-3.965793252E-1,-7.789597511E-1
1.663746025E1,9.519820809E-1,-6.341177225E-2,-4.898693860E-1
1.664747425E1,8.318161964E-1,2.819822133E-1,-1.499526203E-1
1.665748925E1,7.047839761E-1,4.892182350E-1,2.118759006E-1
1.666750325E1,5.091020465E-1,3.740330637E-1,5.397773981E-1
1.667751825E1,2.281750143E-1,-7.932146080E-3,7.891232967E-1
1.668753225E1,-2.051123083E-1,-5.296275616E-1,9.537629485E-1
1.669754725E1,-7.610508800E-1,-1.007439733E0,1.072838187E0
1.670756125E1,-1.265260935E0,-1.298711538E0,1.172226667E0
1.671757625E1,-1.590561628E0,-1.362642050E0,1.231889009E0
1.672759025E1,-1.812740326E0,-1.226880789E0,1.227683783E0
1.673760525E1,-1.937996030E0,-1.010289311E0,1.192673922E0
1.674761925E1,-1.998426080E0,-6.867946982E-1,1.143120050E0
1.675763425E1,-1.996300817E0,-2.572097480E-1,1.106636405E0
1.676764825E1,-1.964662552E0,1.537082791E-1,1.072347641E0
1.677766325E1,-1.885477185E0,2.828899324E-1,1.019295931E0
1.678767725E1,-1.697425127E0,8.928987384E-2,9.651042819E-1
1.679769225E1,-1.436364412E0,-2.612308562E-1,8.268742561E-1
1.680770625E1,-1.191997409E0,-5.085989237E-1,6.423565149E-1
1.681772125E1,-9.517784119E-1,-5.365933180E-1,4.257815778E-1
1.682773525E1,-5.899612904E-1,-3.889113069E-1,1.493491232E-1
1.683775025E1,-7.860164344E-2,-1.736152619E-1,-1.254126728E-1
1.684776425E1,4.090462327E-1,-6.193865463E-2,-2.774398923E-1
1.685777925E1,6.227558255E-1,-3.531902656E-2,-2.862568200E-1
1.686779325E1,6.902240515E-1,-1.604796052E-1,-2.579954565E-1
1.687780825E1,6.991834044E-1,-5.161554217E-1,-2.584878802E-1
1.688782225E1,6.419674754E-1,-9.887210727E-1,-2.573814094E-1
1.689783725E1,3.412058055E-1,-1.431189179E0,-2.363741249E-1
1.690785125E1,-1.833291501E-1,-1.649302602E0,-1.932148337E-1
1.691786625E1,-7.796314359E-1,-1.643232822E0,-2.130564451E-1
1.692788025E1,-1.359840393E0,-1.465968251E0,-2.669986188E-1
1.693789525E1,-1.886242867E0,-1.160904050E0,-3.466100693E-1
1.694790925E1,-2.295749664E0,-8.656772375E-1,-3.768975735E-1
1.695792425E1,-2.592949152E0,-7.169674039E-1,-3.076729476E-1
1.696793825E1,-2.794696331E0,-7.189747095E-1,-1.669822186E-1
1.697795325E1,-2.902423382E0,-8.459670544E-1,1.203573588E-2
1.698796725E1,-2.906703711E0,-1.027271628E0,1.541873664E-1
1.699798225E1,-2.691938400E0,-1.081667185E0,1.686070561E-1
1.700799625E1,-2.337667704E0,-9.419245720E-1,5.269189179E-2
1.701801125E1,-1.928078651E0,-5.270605683E-1,-9.409515560E-2
1.702802525E1,-1.530596256E0,1.589408144E-2,-2.327543497E-1
1.703804025E1,-1.090430140E0,4.588581920E-1,-3.144934177E-1
1.704805425E1,-5.449724793E-1,6.957197189E-1,-2.912666798E-1
1.705806925E1,1.261704564E-1,8.080183268E-1,-1.955263168E-1
1.706808325E1,8.631973863E-1,1.045736551E0,-7.064643502E-2
1.707809825E1,1.457455993E0,1.595325947E0,7.136476040E-2
1.708811225E1,1.860327125E0,2.388025522E0,2.412210554E-1
1.709812725E1,2.164717436E0,3.007081032E0,3.662386239E-1
1.710814125E1,2.346515179E0,2.904409647E0,3.969576359E-1
1.711815625E1,2.382857561E0,1.898803949E0,4.396097362E-1
1.712817025E1,2.255570650E0,4.465376139E-1,5.247765779E-1
1.713818525E1,1.954612017E0,-7.302765250E-1,6.870102882E-1
1.714819925E1,1.553053379E0,-1.399066210E0,8.269108534E-1
1.715821425E1,1.197301984E0,-1.568204641E0,8.316230774E-1
1.716822825E1,1.007287502E0,-1.306729078E0,7.161907554E-1
1.717824325E1,8.414610624E-1,-6.880686879E-1,6.029299498E-1
1.718825725E1,5.487383604E-1,6.761213392E-2,5.560772419E-1
1.719827225E1,1.807659119E-1,8.454759121E-1,4.540661573E-1
1.720828625E1,-3.344970047E-1,1.330762506E0,2.693717480E-1
1.721830125E1,-8.124686480E-1,1.439201593E0,1.518994421E-1
1.722831525E1,-1.165726423E0,1.151438713E0,1.722594947E-1
1.723833025E1,-1.358493209E0,5.245065689E-1,2.221684605E-1
1.724834425E1,-1.559662819E0,-4.005147219E-1,2.436838746E-1
1.725835925E1,-1.789655805E0,-1.112213850E0,3.280141950E-1
1.726837325E1,-1.942843199E0,-1.485104918E0,4.725961685E-1
1.727838725E1,-1.898527384E0,-1.616098523E0,6.175442934E-1
1.728840225E1,-1.631880045E0,-1.650398731E0,7.441164255E-1
1.729841625E1,-1.215685487E0,-1.636695147E0,9.652349949E-1
1.730843125E1,-7.199186683E-1,-1.578700423E0,1.265982628E0
1.731844525E1,-6.656297296E-2,-1.418369055E0,1.574555159E0
1.732846042E1,9.140619636E-1,-1.127373934E0,1.891071558E0
1.733847442E1,2.019189358E0,-8.686686158E-1,2.150728941E0
1.734848942E1,3.140297413E0,-5.217211843E-1,2.391854048E0
1.735850342E1,4.313372135E0,-1.455017328E-1,2.742672205E0
1.736851842E1,4.867160320E0,1.796075106E-1,3.384089708E0
1.737853242E1,4.553802967E0,4.764921963E-1,4.028977394E0
1.738854742E1,4.086358070E0,7.271578312E-1,4.393703461E0
1.739856142E1,3.264552832E0,7.105727196E-1,4.559381485E0
1.740857642E1,2.237582445E0,1.341696084E-1,4.404316425E0
1.741859042E1,1.451750755E0,-1.100790381E0,4.003962040E0
1.742860542E1,8.576762080E-1,-2.584737301E0,3.431838274E0
1.743861942E1,1.660879403E-1,-3.647065878E0,2.855744362E0
1.744863442E1,-7.522969842E-1,-4.085908413E0,2.234092951E0
1.745864842E1,-1.901971221E0,-4.124745369E0,1.302690387E0
1.746866342E1,-3.154722691E0,-3.767900467E0,2.464633435E-1
1.747867742E1,-4.457301617E0,-3.096251965E0,-7.783173323E-1
1.748869242E1,-5.537329674E0,-2.322838545E0,-1.637730837E0
1.749870642E1,-6.192271709E0,-1.417640209E0,-2.311816454E0
1.750872142E1,-6.473736763E0,-3.698663712E-1,-2.669426441E0
1.751873542E1,-6.542726040E0,6.027133465E-1,-2.815366983E0
1.752875042E1,-6.408854961E0,1.359045386E0,-2.881601095E0
1.753876442E1,-6.296396732E0,1.864229441E0,-2.917502880E0
1.754877942E1,-6.241598606E0,2.061727762E0,-3.005356550E0
1.755879342E1,-6.151364803E0,1.789281130E0,-3.009329319E0
1.756880842E1,-5.729462624E0,1.221827030E0,-2.607496977E0
1.757882242E1,-4.953321934E0,3.832129836E-1,-2.088253975E0
1.758883642E1,-3.733506441E0,-2.891561091E-1,-1.557516098E0
1.759885142E1,-2.544234753E0,-6.498003006E-1,-9.682395458E-1
1.760886542E1,-1.754943728E0,-6.607612371E-1,-2.328647077E-1
1.761888042E1,-1.094808698E0,-4.187704027E-1,5.619032383E-1
1.762889442E1,-4.114508331E-1,-1.846066564E-1,1.311860442E0
1.763890942E1,2.363215238E-1,-8.294341713E-2,1.905778646E0
1.764892342E1,8.361465931E-1,-3.601995111E-1,2.250286341E0
1.765893842E1,1.424624681E0,-8.979167938E-1,2.200057983E0
1.766895242E1,1.872559428E0,-1.357801676E0,1.995319486E0
1.767896742E1,2.195738077E0,-1.418374538E0,1.898120403E0
1.768898142E1,2.472704172E0,-1.273428321E0,1.939382076E0
1.769899642E1,2.665552139E0,-1.139880896E0,1.988772869E0
1.770901042E1,2.921391726E0,-1.032040834E0,1.970933199E0
1.771902542E1,3.251388073E0,-8.791268468E-1,1.746340632E0
1.772903942E1,3.452320337E0,-6.247872114E-1,1.428819537E0
1.773905442E1,3.459978104E0,-2.669031322E-1,1.161694884E0
1.774906842E1,3.374584913E0,1.109601408E-1,9.947061539E-1
1.775908342E1,3.140283108E0,2.358562648E-1,9.825136662E-1
1.776909742E1,3.003035784E0,-7.859807462E-2,1.107102871E0
1.777911242E1,3.024388313E0,-6.361784935E-1,1.167839766E0
1.778912642E1,3.033941984E0,-1.064938426E0,1.235059142E0
1.779914142E1,2.837658882E0,-1.318576574E0,1.457358718E0
1.780915542E1,2.619054556E0,-1.414508820E0,1.656274438E0
1.781917042E1,2.498019934E0,-1.393004537E0,1.743516326E0
1.782918442E1,2.368381500E0,-1.286759734E0,1.757139206E0
1.783919842E1,2.292573690E0,-1.070407510E0,1.703617930E0
1.784921342E1,2.175930500E0,-6.556662917E-1,1.599380732E0
1.785922742E1,1.898685455E0,-4.184764624E-2,1.496828318E0
1.786924242E1,1.811217666E0,7.883456945E-1,1.350401521E0
1.787925642E1,1.923281908E0,1.568265676E0,1.132875323E0
1.788927142E1,2.133627415E0,2.109511137E0,1.157810688E0
1.789928542E1,2.615420818E0,2.191513062E0,1.319717765E0
1.790930042E1,3.210054874E0,1.768321395E0,1.346911907E0
1.791931442E1,3.703584671E0,1.351320982E0,1.348710537E0
1.792932942E1,4.029019356E0,9.560754299E-1,1.319768429E0
1.793934342E1,4.027623653E0,6.442242861E-1,1.296471953E0
1.794935842E1,3.759867430E0,3.699725270E-1,1.333507299E0
1.795937242E1,3.089192867E0,1.282368600E-1,1.429893494E0
1.796938742E1,2.041557550E0,-2.405049503E-1,1.380672574E0
1.797940142E1,1.064594150E0,-6.463147998E-1,1.165835977E0
1.798941642E1,4.063000977E-1,-1.071533680E0,9.237875938E-1
1.799943042E1,-6.751646288E-3,-1.390479088E0,5.839019418E-1
1.800944542E1,-2.531073093E-1,-1.465466142E0,2.186395526E-1
1.801945942E1,-4.841314554E-1,-1.174382687E0,-1.790148765E-1
1.802947342E1,-7.784947753E-1,-4.996719360E-1,-4.639996290E-1
1.803948842E1,-1.112828612E0,2.984947562E-1,-5.446025729E-1
1.804950242E1,-1.313601255E0,7.635145187E-1,-5.481622815E-1
1.805951742E1,-1.360223055E0,8.736492395E-1,-4.877793491E-1
1.806953142E1,-1.303757787E0,7.362276316E-1,-3.213750720E-1
1.807954642E1,-1.233331323E0,4.897142351E-1,-7.845296711E-2
1.808956042E1,-1.136885762E0,7.877823710E-2,1.883140355E-1
1.809957542E1,-1.040097713E0,-3.911820650E-1,4.083148539E-1
1.810958942E1,-8.480290771E-1,-9.577867389E-1,5.809014440E-1
1.811960442E1,-5.044831634E-1,-1.586279154E0,5.515829325E-1
1.812961842E1,-2.880633771E-1,-1.883879066E0,2.259839177E-1
1.813963342E1,-3.972969055E-1,-1.581439853E0,-1.376936287E-1
1.814964742E1,-6.074658036E-1,-1.040417671E0,-5.375742912E-1
1.815966242E1,-7.265107036E-1,-6.189572215E-1,-9.839208722E-1
1.816967642E1,-6.773567200E-1,-3.749968410E-1,-1.401108861E0
1.817969142E1,-5.406175256E-1,-1.654995382E-1,-1.751691103E0
1.818970542E1,-3.327554464E-1,1.731164604E-1,-2.056770086E0
1.819971942E1,-1.611820906E-1,7.178425789E-1,-2.329307318E0
1.820973442E1,-5.298928171E-2,1.133416057E0,-2.519026518E0
1.821974842E1,8.366816491E-2,1.122906089E0,-2.554556370E0
1.822976342E1,1.159515753E-1,8.218407631E-1,-2.366963387E0
1.823977742E1,1.969620138E-1,3.995707631E-1,-1.998648405E0
1.824979242E1,3.856442273E-1,2.792065032E-2,-1.599831581E0
1.825980642E1,4.980850220E-1,-1.388515532E-1,-1.251701355E0
1.826982142E1,4.903450608E-1,-1.133721545E-1,-9.331580997E-1
1.827983542E1,4.339720607E-1,-1.152755134E-2,-6.927500367E-1
1.828985042E1,2.996687591E-1,1.226394325E-1,-5.343522429E-1
1.829986442E1,7.794035971E-2,2.829918265E-1,-3.335168660E-1
1.830987942E1,-9.974303842E-2,3.321931958E-1,-3.404685482E-2
1.831989342E1,-1.360573620E-1,1.275750846E-1,2.800716758E-1
1.832990854E1,-1.207381263E-1,-2.890512943E-1,6.877553463E-1
1.833992254E1,-1.540291309E-2,-7.217515707E-1,1.151409745E0
1.834993754E1,1.243645921E-1,-9.651491642E-1,1.583609104E0
1.835995154E1,2.307197750E-1,-9.512807727E-1,1.972854853E0
1.836996554E1,3.275387287E-1,-7.341904640E-1,2.290585041E0
1.837998054E1,4.514545500E-1,-4.695185721E-1,2.482515812E0
1.838999454E1,5.766657591E-1,-1.810538769E-1,2.546734571E0
1.840000954E1,6.493524909E-1,-4.956215248E-2,2.524974823E0
1.841002354E1,7.068012953E-1,-1.379509643E-2,2.400657177E0
1.842003854E1,7.065911889E-1,-8.536968380E-2,2.289706469E0
1.843005254E1,7.862308621E-1,-2.722510397E-1,2.302071095E0
1.844006754E1,1.010724425E0,-3.780400455E-1,2.361651182E0
1.845008154E1,1.230353832E0,-2.870768309E-1,2.462656736E0
1.846009654E1,1.317734838E0,-9.012968093E-2,2.547611237E0
1.847011054E1,1.398832083E0,4.267616570E-2,2.535983324E0
1.848012554E1,1.430805445E0,4.085882381E-2,2.307156086E0
1.849013954E1,1.392427325E0,-1.117365733E-1,1.954918742E0
1.850015354E1,1.309883118E0,-3.730928004E-1,1.439388633E0
1.851016854E1,1.039008498E0,-5.129004717E-1,8.781712055E-1
1.852018254E1,7.769406438E-1,-4.325441420E-1,4.369064271E-1
1.853019754E1,6.631948948E-1,-3.475402892E-1,8.459206671E-2
1.854021154E1,6.583019495E-1,-2.378588319E-1,-1.681874841E-1
1.855022654E1,6.032192111E-1,-1.822059453E-1,-3.425449431E-1
1.856024054E1,5.637983084E-1,-2.438479960E-1,-5.378882885E-1
1.857025554E1,5.720323324E-1,-3.722546101E-1,-8.106950521E-1
1.858026954E1,5.787234902E-1,-3.573355675E-1,-1.084981203E0
1.859028454E1,5.912116766E-1,-2.816522419E-1,-1.315453887E0
1.860029854E1,6.003327370E-1,-2.217851877E-1,-1.627296209E0
1.861031354E1,4.869433343E-1,-7.931658626E-2,-1.933384061E0
1.862032754E1,3.579374254E-1,1.282035857E-1,-2.257447720E0
1.863034154E1,4.083097875E-1,6.472692490E-1,-2.599399328E0
1.864035654E1,4.901135862E-1,1.435837150E0,-2.783634186E0
1.865037054E1,5.163756013E-1,2.154755116E0,-2.751220465E0
1.866038554E1,5.121105909E-1,2.279690504E0,-2.577090979E0
1.867039954E1,4.690932631E-1,1.634139776E0,-2.280318022E0
1.868041454E1,3.419856429E-1,3.483154178E-1,-1.906011820E0
1.869042854E1,6.669043750E-2,-1.026617289E0,-1.501393199E0
1.870044354E1,-2.772608697E-1,-1.866095424E0,-1.149733186E0
1.871045754E1,-5.785333514E-1,-1.930312037E0,-9.388385415E-1
1.872047254E1,-8.965528607E-1,-1.350165486E0,-8.538168073E-1
1.873048654E1,-1.246531844E0,-4.587939978E-1,-8.157056570E-1
1.874050054E1,-1.595327616E0,2.753683925E-1,-7.332869172E-1
1.875051554E1,-1.849842787E0,5.840612650E-1,-5.401010513E-1
1.876052954E1,-2.009564400E0,4.278977811E-1,-2.897796333E-1
1.877054454E1,-2.085620165E0,-9.797374904E-2,-2.178408764E-2
1.878055854E1,-2.161296844E0,-7.253782749E-1,2.864089012E-1
1.879057354E1,-2.257025480E0,-1.204346061E0,5.901832581E-1
1.880058754E1,-2.319994688E0,-1.347202063E0,8.308240771E-1
1.881060254E1,-2.367991686E0,-1.222392678E0,1.015872478E0
1.882061654E1,-2.408692122E0,-8.631464243E-1,1.157519102E0
1.883063154E1,-2.355937243E0,-3.388076723E-1,1.282354236E0
1.884064554E1,-2.035144567E0,1.636860818E-1,1.300329804E0
1.885065954E1,-1.550153971E0,5.212270617E-1,1.153335214E0
1.886067454E1,-1.083053827E0,7.746406794E-1,9.174020886E-1
1.887068854E1,-7.305634022E-1,8.735093474E-1,6.028564572E-1
1.888070354E1,-3.922522068E-1,8.553409576E-1,3.662361205E-1
1.889071754E1,7.230832707E-4,7.181472778E-1,2.941147685E-1
1.890073254E1,4.065544605E-1,4.100424647E-1,2.996128798E-1
1.891074654E1,8.948916197E-1,1.580134034E-3,3.038699925E-1
1.892076154E1,1.373301864E0,-3.150974214E-1,2.806291282E-1
1.893077554E1,1.742323756E0,-4.235752821E-1,1.759594679E-1
1.894079054E1,1.904195786E0,-3.018824160E-1,-1.029348467E-2
1.895080454E1,1.852793097E0,-1.250547469E-1,-2.363429517E-1
1.896081854E1,1.729888558E0,-5.083778501E-2,-4.940669239E-1
1.897083354E1,1.527323842E0,-1.605954468E-1,-7.229077220E-1
1.898084754E1,1.213307619E0,-4.525620639E-1,-8.435896635E-1
1.899086254E1,9.485877752E-1,-7.691346407E-1,-9.377153516E-1
1.900087654E1,7.223887444E-1,-9.378946424E-1,-1.078995228E0
1.901089154E1,4.279346764E-1,-7.369508147E-1,-1.297681451E0
1.902090554E1,-5.621008575E-3,-2.900435925E-1,-1.486724377E0
1.903092054E1,-4.225770831E-1,2.108768970E-1,-1.636995435E0
1.904093454E1,-7.141058445E-1,5.662184954E-1,-1.768576384E0
1.905094954E1,-9.479675293E-1,8.029167652E-1,-1.823320150E0
1.906096354E1,-1.164809704E0,8.324584365E-1,-1.805348635E0
1.907097754E1,-1.357608438E0,5.418039560E-1,-1.748917818E0
1.908099254E1,-1.468994617E0,-1.487145573E-1,-1.613751531E0
1.909100654E1,-1.448313832E0,-8.991566300E-1,-1.507349849E0
1.910102154E1,-1.443861842E0,-1.365105867E0,-1.420898080E0
1.911103554E1,-1.441718221E0,-1.388550997E0,-1.371738315E0
1.912105054E1,-1.457527995E0,-1.076839089E0,-1.356431007E0
1.913106454E1,-1.439098358E0,-5.734296441E-1,-1.383280754E0
1.914107954E1,-1.380280614E0,-2.340777777E-2,-1.378210068E0
1.915109354E1,-1.294343829E0,4.232984781E-1,-1.299164295E0
1.916110754E1,-1.062318921E0,6.738745570E-1,-1.147026658E0
1.917112254E1,-6.650689244E-1,7.696880102E-1,-9.611607194E-1
1.918113654E1,-2.080337405E-1,7.634940147E-1,-7.329810858E-1
1.919115154E1,1.826022118E-1,5.040746927E-1,-4.927555025E-1
1.920116554E1,5.167439580E-1,5.192640424E-2,-2.711794376E-1
1.921118054E1,6.450458169E-1,-3.610892594E-1,-5.923311226E-3
1.922119454E1,6.455433369E-1,-5.691098571E-1,3.425041735E-1
1.923120954E1,6.340931058E-1,-6.122417450E-1,6.877770424E-1
1.924122354E1,5.472495556E-1,-5.873851180E-1,1.004184008E0
1.925123754E1,4.138882160E-1,-5.457223654E-1,1.304770827E0
1.926125254E1,3.327414393E-1,-5.948515534E-1,1.556896210E0
1.927126654E1,3.256942332E-1,-7.597217560E-1,1.702244639E0
1.928128154E1,2.924265563E-1,-9.803233743E-1,1.758846402E0
1.929129554E1,1.822148114E-1,-1.149397492E0,1.775427818E0
1.930131054E1,-5.499241129E-2,-1.197354436E0,1.762268066E0
1.931132454E1,-3.413643539E-1,-1.143730998E0,1.725509644E0
1.932133954E1,-5.318881869E-1,-9.571583867E-1,1.636867642E0
1.933135325E1,-6.443648338E-1,-6.541742682E-1,1.473465204E0
1.934136725E1,-7.265214920E-1,-2.591896355E-1,1.281109691E0
1.935138225E1,-8.861590028E-1,1.388995349E-1,1.014075041E0
1.936139625E1,-1.179684401E0,4.683301449E-1,7.129215002E-1
1.937141125E1,-1.501465321E0,6.382671595E-1,4.329994619E-1
1.938142525E1,-1.786937237E0,5.398479104E-1,1.930505186E-1
1.939144025E1,-2.031328440E0,2.988963723E-1,1.806009933E-2
1.940145425E1,-2.199162006E0,8.956169710E-3,-3.887748346E-2
1.941146925E1,-2.217850208E0,-2.057970017E-1,-6.500801444E-2
1.942148325E1,-2.190501451E0,-3.528053463E-1,-1.383362859E-1
1.943149725E1,-2.213605881E0,-3.878288567E-1,-2.130473107E-1
1.944151225E1,-2.224173307E0,-2.267869711E-1,-3.418159187E-1
1.945152625E1,-2.348886728E0,5.571597070E-2,-4.708959758E-1
1.946154125E1,-2.396261454E0,2.453436852E-1,-5.759598017E-1
1.947155525E1,-2.182308674E0,3.071070611E-1,-6.815735698E-1
1.948157025E1,-1.904448390E0,3.206420243E-1,-6.903116703E-1
1.949158425E1,-1.634139061E0,3.509529233E-1,-5.852111578E-1
1.950159825E1,-1.236940503E0,2.785429060E-1,-4.196624756E-1
1.951161325E1,-6.875193715E-1,2.681361511E-2,-2.261951417E-1
1.952162725E1,-7.602006197E-2,-3.176151514E-1,-3.981807828E-2
1.953164225E1,5.183570385E-1,-5.259146690E-1,1.361372322E-1
1.954165625E1,9.235332608E-1,-5.883082747E-1,3.368106782E-1
1.955167125E1,1.310769439E0,-5.983137488E-1,5.045540929E-1
1.956168525E1,1.775435686E0,-6.294173598E-1,6.220706105E-1
1.957170025E1,2.298317432E0,-6.135298610E-1,7.064837813E-1
1.958171425E1,2.892408609E0,-4.184115231E-1,8.122491241E-1
1.959172825E1,3.268045664E0,-1.134247035E-1,7.525227666E-1
1.960174325E1,3.274559021E0,2.879061997E-1,6.962565780E-1
1.961175725E1,3.104955196E0,5.755422711E-1,6.919896603E-1
1.962177225E1,2.887449026E0,5.139313340E-1,7.139759064E-1
1.963178625E1,2.637217522E0,1.774908602E-1,9.312013388E-1
1.964180125E1,2.353752375E0,-2.049345374E-1,1.221344709E0
1.965181525E1,1.980234623E0,-3.211206496E-1,1.414898753E0
1.966182925E1,1.505422473E0,-1.000977308E-1,1.337289453E0
1.967184425E1,9.280232191E-1,4.508563578E-1,9.729598761E-1
1.968185825E1,2.490063459E-1,1.240295291E0,4.236266911E-1
1.969187325E1,-5.361817479E-1,2.015805006E0,-1.939249337E-1
1.970188725E1,-1.311963439E0,2.613802671E0,-7.588983178E-1
1.971190225E1,-1.980754375E0,3.018861055E0,-1.261273503E0
1.972191625E1,-2.482115030E0,3.295377016E0,-1.747321725E0
1.973193125E1,-2.872520924E0,3.521497965E0,-2.173611879E0
1.974194525E1,-3.116928101E0,3.674404860E0,-2.480492592E0
1.975195925E1,-3.209136248E0,3.724642277E0,-2.718701124E0
1.976197425E1,-3.076420307E0,3.747680902E0,-2.959012747E0
1.977198825E1,-2.818438768E0,3.930223227E0,-3.201188564E0
1.978200325E1,-2.611912012E0,4.542660713E0,-3.478205442E0
1.979201725E1,-2.560854435E0,5.836775780E0,-3.863118887E0
1.980203225E1,-2.793183804E0,7.622189522E0,-4.206180096E0
1.981204625E1,-3.089447737E0,9.749763489E0,-4.161611080E0
1.982206025E1,-3.572786093E0,1.162239838E1,-4.175279140E0
1.983207525E1,-4.096323967E0,1.281497097E1,-3.727587700E0
1.984208925E1,-4.363725185E0,1.335238647E1,-3.125223875E0
1.985210425E1,-4.300829411E0,1.293893147E1,-2.527384281E0
1.986211825E1,-3.954261780E0,1.136360168E1,-2.113016129E0
1.987213325E1,-3.316227674E0,9.173273087E0,-1.956837893E0
1.988214725E1,-2.573423147E0,7.138890266E0,-2.090991020E0
1.989216125E1,-1.995861053E0,5.804640293E0,-2.493630648E0
1.990217625E1,-1.797223091E0,5.088805199E0,-2.978282690E0
1.991219025E1,-1.812571526E0,4.889513493E0,-3.274486065E0
1.992220525E1,-1.852191687E0,5.130700588E0,-3.255321503E0
1.993221925E1,-1.831342697E0,5.551452637E0,-2.878714561E0
1.994223425E1,-1.837531090E0,6.014362812E0,-2.229712009E0
1.995224825E1,-1.907137275E0,6.358391762E0,-1.612562299E0
1.996226225E1,-1.947495937E0,6.321771145E0,-1.122385383E0
1.997227725E1,-1.882464051E0,6.071827412E0,-8.426889777E-1
1.998229125E1,-1.718408585E0,5.733013153E0,-9.533324242E-1
1.999230625E1,-1.515110731E0,5.183679581E0,-1.396335006E0
2.000232025E1,-1.352131605E0,4.460899830E0,-1.834495783E0
2.001233525E1,-1.293011308E0,3.857166529E0,-2.062510014E0
2.002234925E1,-1.255110502E0,3.481169939E0,-2.057263613E0
2.003236325E1,-1.267803311E0,3.202530622E0,-1.756574750E0
2.004237825E1,-1.224925876E0,2.874469042E0,-1.161762476E0
2.005239225E1,-1.180272698E0,2.922843695E0,-6.825080514E-1
2.006240725E1,-8.463159800E-1,2.576857328E0,-3.367727697E-1
2.007242125E1,-7.316887379E-1,2.672771454E0,-3.795332611E-1
2.008243625E1,-7.549410462E-1,2.968675137E0,-6.171159744E-1
2.009245025E1,-9.979956150E-1,3.295189619E0,-8.427378535E-1
2.010246425E1,-1.383987069E0,3.625050306E0,-1.028863549E0
2.011247925E1,-1.659242153E0,3.486264229E0,-1.070798516E0
2.012249325E1,-1.728012919E0,3.043005705E0,-8.805193901E-1
2.013250825E1,-1.534514308E0,2.520960093E0,-5.422007442E-1
2.014252225E1,-1.263474107E0,2.200162172E0,-2.830983400E-1
2.015253725E1,-1.065563202E0,2.153513908E0,-1.914580762E-1
2.016255125E1,-8.848373890E-1,2.156044483E0,-1.779111028E-1
2.017256525E1,-7.752090096E-1,1.988752127E0,-2.037990838E-1
2.018258025E1,-7.666120529E-1,1.733388424E0,-2.998097837E-1
2.019259425E1,-7.858662009E-1,1.518858433E0,-4.336370230E-1
2.020260925E1,-7.788447738E-1,1.215993404E0,-4.749836624E-1
2.021262325E1,-6.730851531E-1,8.342494965E-1,-3.505689204E-1
2.022263725E1,-5.139639378E-1,4.728454649E-1,-1.649282128E-1
2.023265225E1,-4.361529052E-1,3.998394608E-1,-2.328708395E-2
2.024266625E1,-4.743958712E-1,7.656176686E-1,6.995365024E-2
2.025268125E1,-5.937041044E-1,1.312120438E0,1.483260989E-1
2.026269525E1,-7.859368920E-1,1.774992228E0,2.463565171E-1
2.027271025E1,-9.991939068E-1,1.896756649E0,3.714410365E-1
2.028272425E1,-1.109354138E0,1.701307535E0,4.794279635E-1
2.029273825E1,-1.064723372E0,1.319973350E0,4.799558818E-1
2.030275325E1,-8.837622404E-1,8.175502419E-1,4.139078856E-1
2.031276725E1,-6.419766545E-1,3.598157167E-1,3.466470242E-1
2.032278225E1,-4.215012491E-1,1.171924099E-1,2.584740222E-1
2.033279612E1,-2.783232927E-1,8.687978238E-2,1.242139116E-1
2.034281012E1,-2.148934454E-1,3.146735430E-1,-2.313106880E-2
2.035282512E1,-2.934373617E-1,5.203421712E-1,-6.841187179E-2
2.036283912E1,-4.548595548E-1,5.633527637E-1,5.391590297E-2
2.037285413E1,-5.883058906E-1,4.932061732E-1,2.603288591E-1
2.038286812E1,-6.081933379E-1,3.698240221E-1,4.237223268E-1
2.039288312E1,-5.334560275E-1,2.331752330E-1,4.606502950E-1
2.040289712E1,-4.518043101E-1,1.719260961E-2,4.567186832E-1
2.041291112E1,-3.409797251E-1,-1.328855902E-1,4.424445927E-1
2.042292613E1,-2.554251254E-1,-1.289707422E-1,3.776522577E-1
2.043294012E1,-2.223724127E-1,-6.776092947E-2,2.792453468E-1
2.044295512E1,-1.924778968E-1,-7.362414151E-2,2.315635681E-1
2.045296912E1,-1.464096904E-1,-1.186983660E-1,2.721447945E-1
2.046298412E1,-1.000885293E-1,-1.100675911E-1,3.132477403E-1
2.047299813E1,-4.589831829E-2,-1.559120566E-1,3.476092219E-1
2.048301212E1,4.225124791E-2,-2.438501567E-1,3.553057313E-1
2.049302712E1,1.300146580E-1,-3.181435764E-1,3.336750269E-1
2.050304112E1,1.780480593E-1,-2.673921287E-1,3.164986074E-1
2.051305612E1,1.822449118E-1,-1.820696443E-1,3.322757185E-1
2.052307013E1,1.573512852E-1,-1.595755219E-1,3.982962668E-1
2.053308412E1,9.395240992E-2,-1.625080109E-1,4.506353438E-1
2.054309912E1,1.473828405E-2,-1.584280580E-1,4.616219401E-1
2.055311312E1,-3.056925908E-2,-8.771423995E-2,4.231964648E-1
2.056312812E1,-7.981110364E-2,2.551164851E-2,3.581540883E-1
2.057314213E1,-1.501142383E-1,1.674288511E-1,2.889606059E-1
2.058315612E1,-2.054627240E-1,2.601861954E-1,2.435366511E-1
2.059317112E1,-2.604735196E-1,2.362027168E-1,2.100175917E-1
2.060318512E1,-2.932602167E-1,1.496089697E-1,1.990269870E-1
2.061320012E1,-2.566739917E-1,4.387401417E-2,2.499386668E-1
2.062321413E1,-1.292002201E-1,-1.276955847E-2,3.159062266E-1
2.063322913E1,2.889951691E-2,8.540711366E-3,4.002649486E-1
2.064324312E1,1.610623598E-1,4.512109235E-2,4.615102112E-1
2.065325712E1,2.856914103E-1,-1.216766238E-2,4.810319245E-1
2.066327212E1,3.588902652E-1,-1.387024224E-1,4.577740133E-1
2.067328613E1,3.399081230E-1,-2.914540172E-1,3.886369169E-1
2.068330113E1,2.577032745E-1,-3.930552006E-1,2.823440433E-1
2.069331512E1,1.691339463E-1,-4.260680079E-1,2.062024474E-1
2.070332912E1,1.028340235E-1,-3.701573610E-1,1.951213032E-1
2.071334412E1,-1.600573538E-3,-2.229241133E-1,2.282279134E-1
2.072335813E1,-1.350933909E-1,-1.462123636E-2,2.856531441E-1
2.073337313E1,-2.048306465E-1,2.147162259E-1,3.471039534E-1
2.074338712E1,-2.004745156E-1,3.078690469E-1,3.734359443E-1
2.075340112E1,-1.666021943E-1,3.127750158E-1,3.736052513E-1
2.076341612E1,-1.037691757E-1,1.949565113E-1,3.802634180E-1
2.077343013E1,-5.993317813E-3,-1.852780581E-2,3.628521562E-1
2.078344513E1,7.076963782E-2,-1.824946404E-1,3.052240312E-1
2.079345912E1,7.837948203E-2,-2.046068907E-1,2.194474638E-1
2.080347312E1,1.993960515E-2,-1.438988000E-1,1.191632077E-1
2.081348812E1,-4.835229740E-2,-6.377878040E-2,6.419896334E-2
2.082350213E1,-6.563940644E-2,-1.684376597E-2,4.538186640E-2
2.083351713E1,-3.984848782E-2,1.713005453E-2,5.311988294E-2
2.084353112E1,4.211649299E-3,6.165943667E-2,8.440190554E-2
2.085354612E1,5.035194010E-2,8.918226510E-2,1.270804405E-1
2.086356012E1,1.181477606E-1,2.682355791E-2,1.754514277E-1
2.087357413E1,1.954856813E-1,-4.555996507E-2,2.253369689E-1
2.088358913E1,2.447174042E-1,-8.116216958E-2,2.799610794E-1
2.089360312E1,-1.594200432E-1,9.551489353E-2,2.986898720E-1
2.090361812E1,-3.086638451E-1,1.996223927E-1,2.552558482E-1
2.091363212E1,-4.194976687E-1,3.128452003E-1,1.416346878E-1
2.092364613E1,-3.367274106E-1,1.988294423E-1,9.646376222E-2
2.093366113E1,-1.954425573E-1,1.008032560E-1,3.413816541E-2
2.094367512E1,-1.078898162E-1,-6.200510263E-2,6.406588946E-4
2.095369012E1,3.912504762E-4,-1.953001469E-1,-1.619595662E-2
2.096370412E1,1.312589794E-1,-3.064096272E-1,5.528246984E-3
2.097371813E1,2.333520353E-1,-3.670902848E-1,3.885666281E-2
2.098373313E1,2.821275592E-1,-3.726280630E-1,9.012677521E-2
2.099374712E1,2.503988147E-1,-2.280109823E-1,1.366365850E-1