"Time (s)","X (rad/s)","Y (rad/s)","Z (rad/s)"
3.507083329E-4,-1.123004779E-1,-1.782734394E-1,2.277429774E-2
1.036470833E-2,-1.376674920E-1,-1.696816683E-1,3.141503036E-2
2.037770833E-2,-1.157803088E-1,-1.430899948E-1,3.926629573E-2
3.039170833E-2,-8.370687068E-2,-1.185839027E-1,5.037665740E-2
4.040570833E-2,-5.924413726E-2,-1.059613228E-1,7.631451637E-2
5.041970833E-2,-4.882027954E-2,-1.036288068E-1,1.202063188E-1
6.043270833E-2,-3.212359175E-2,-1.129615903E-1,1.725784391E-1
7.044670833E-2,-9.084191173E-3,-1.538654566E-1,2.232827842E-1
8.046070833E-2,1.979166642E-2,-2.265825421E-1,2.677834034E-1
9.047370833E-2,5.080342293E-2,-3.147301376E-1,3.051497340E-1
1.004877083E-1,8.279677480E-2,-4.082430303E-1,3.327642977E-1
1.105017083E-1,8.702041209E-2,-4.433674514E-1,3.753691316E-1
1.205157083E-1,9.635878727E-3,-3.916757703E-1,4.365294278E-1
1.305287083E-1,-1.109430417E-1,-3.252775669E-1,4.776981473E-1
1.405427083E-1,-2.124947011E-1,-2.881501615E-1,5.124001503E-1
1.505567083E-1,-2.790670693E-1,-2.985411584E-1,5.530451536E-1
1.605697083E-1,-2.862522602E-1,-3.735807836E-1,6.268426776E-1
1.705837083E-1,-2.620759308E-1,-4.518648088E-1,7.438287735E-1
1.805977083E-1,-2.541096210E-1,-5.289044976E-1,8.529651165E-1
1.906117083E-1,-2.410715520E-1,-5.862038732E-1,9.375873804E-1
2.006247083E-1,-2.126657516E-1,-6.393725276E-1,1.010201693E0
2.106387083E-1,-1.985393614E-1,-6.833126545E-1,1.077175379E0
2.206527083E-1,-1.549375504E-1,-7.642397285E-1,1.134487629E0
2.306657083E-1,-6.513219327E-2,-8.725658655E-1,1.212932944E0
2.406797083E-1,-2.721809782E-2,-8.989170194E-1,1.286411166E0
2.506937083E-1,-7.104012370E-2,-8.572131395E-1,1.321727157E0
2.607077083E-1,-1.271870285E-1,-8.085218072E-1,1.359325409E0
2.707207083E-1,-1.836065948E-1,-8.084223866E-1,1.452868462E0
2.807347083E-1,-2.395039350E-1,-8.571411967E-1,1.574775100E0
2.907487083E-1,-2.249910682E-1,-9.412224889E-1,1.742687941E0
3.007627083E-1,-9.824004769E-2,-1.071025491E0,2.012375832E0
3.107757083E-1,1.113959551E-1,-1.239465117E0,2.349845886E0
3.207897083E-1,3.710925281E-1,-1.493082523E0,2.717900991E0
3.308037083E-1,6.572726965E-1,-1.721700311E0,3.048504114E0
3.408167083E-1,9.498124123E-1,-1.919568419E0,3.357771397E0
3.508307083E-1,1.210274577E0,-2.067668438E0,3.587992907E0
3.608447083E-1,1.413659573E0,-2.228841305E0,3.757725000E0
3.708587083E-1,1.524182796E0,-2.421424150E0,3.893461704E0
3.808717083E-1,1.532916069E0,-2.634250641E0,3.971280336E0
3.908857083E-1,1.508528471E0,-2.885387659E0,4.037539005E0
4.008997083E-1,1.520994425E0,-3.155710936E0,4.154948235E0
4.109137083E-1,1.581419826E0,-3.429838657E0,4.377244473E0
4.209267083E-1,1.712522507E0,-3.601974726E0,4.690837860E0
4.309407083E-1,1.902098417E0,-3.664140224E0,5.031654835E0
4.409547083E-1,2.089058638E0,-3.692302704E0,5.221556187E0
4.509677083E-1,2.240894079E0,-3.628694534E0,5.006076336E0
4.609817083E-1,2.281177044E0,-3.644484997E0,4.533689976E0
4.709957083E-1,2.211239576E0,-3.774548769E0,4.041756630E0
4.810097083E-1,2.056647539E0,-3.938092470E0,3.685285807E0
4.910227083E-1,1.779151917E0,-4.193406105E0,3.449773788E0
5.010367083E-1,1.402334690E0,-4.304260254E0,3.280299425E0
5.110507083E-1,1.115302444E0,-4.098438740E0,3.229705572E0
5.210647083E-1,9.873949885E-1,-3.638468027E0,3.288208961E0
5.310778333E-1,8.841847181E-1,-3.139425278E0,3.346742392E0
5.410918333E-1,8.015702963E-1,-2.804207087E0,3.363283396E0
5.511058333E-1,8.178209662E-1,-2.628324986E0,3.368611097E0
5.611188333E-1,9.450609088E-1,-2.635320902E0,3.398178816E0
5.711328333E-1,1.152443051E0,-2.760221720E0,3.457808256E0
5.811468333E-1,1.373104572E0,-2.808908463E0,3.485671520E0
5.911608333E-1,1.508353353E0,-2.790279627E0,3.400052071E0
6.011738333E-1,1.544624209E0,-2.735305548E0,3.193615675E0
6.111878333E-1,1.447580576E0,-2.702202797E0,2.921712160E0
6.212018333E-1,1.201612592E0,-2.565896273E0,2.640066147E0
6.312158333E-1,8.838005066E-1,-2.406555176E0,2.371016026E0
6.412288333E-1,6.238781214E-1,-2.206066847E0,2.144253016E0
6.512428333E-1,4.236338437E-1,-1.872563362E0,1.931819320E0
6.612568333E-1,1.994327009E-1,-1.550643086E0,1.674913764E0
6.712708333E-1,-5.810466036E-2,-1.355043173E0,1.374787092E0
6.812838333E-1,-3.073695898E-1,-1.236589789E0,9.729435444E-1
6.912978333E-1,-5.464825034E-1,-1.215731144E0,4.925533533E-1
7.013118333E-1,-7.917529941E-1,-1.311900854E0,4.270282760E-2
7.113248333E-1,-1.009829283E0,-1.501106262E0,-3.306712508E-1
7.213388333E-1,-1.202870369E0,-1.741071105E0,-6.459360123E-1
7.313528333E-1,-1.388031363E0,-1.731654406E0,-9.117261171E-1
7.413668333E-1,-1.645353794E0,-1.345742345E0,-1.124609351E0
7.513798333E-1,-2.101711750E0,-8.417234421E-1,-1.348920345E0
7.613938333E-1,-2.630903482E0,-4.289321601E-1,-1.643327236E0
7.714078333E-1,-3.150714636E0,-1.103633046E-1,-1.995139122E0
7.814218333E-1,-3.527291775E0,9.396266937E-2,-2.350692987E0
7.914348333E-1,-3.718793392E0,1.244701743E-1,-2.685490608E0
8.014488333E-1,-3.788780689E0,-2.935108356E-2,-2.980215311E0
8.114628333E-1,-3.778369427E0,-3.052906990E-1,-3.222181320E0
8.214768333E-1,-3.745146275E0,-6.328791976E-1,-3.433915138E0
8.314898333E-1,-3.718889952E0,-8.678002954E-1,-3.612588406E0
8.415038333E-1,-3.716315746E0,-8.418081403E-1,-3.748516560E0
8.515178333E-1,-3.767324209E0,-5.750719309E-1,-3.843041897E0
8.615318333E-1,-3.908060789E0,-2.141957432E-1,-3.912396193E0
8.715448333E-1,-4.126841545E0,1.332898885E-1,-3.973446131E0
8.815588333E-1,-4.407464981E0,4.239653945E-1,-4.000163555E0
8.915728333E-1,-4.700097084E0,6.667563915E-1,-3.992377996E0
9.015868333E-1,-4.935224056E0,8.449008465E-1,-4.037551403E0
9.115998333E-1,-5.097384930E0,9.314082265E-1,-4.137979507E0
9.216138333E-1,-5.195908546E0,1.041923046E0,-4.212160587E0
9.316278333E-1,-5.291454315E0,1.260909796E0,-4.171038151E0
9.416418333E-1,-5.396121979E0,1.493186355E0,-3.967349291E0
9.516548333E-1,-5.512033939E0,1.652024984E0,-3.582125902E0
9.616688333E-1,-5.608719826E0,1.789029479E0,-3.034266233E0
9.716828333E-1,-5.667460918E0,1.856366873E0,-2.370478153E0
9.816968333E-1,-5.631505966E0,1.754999757E0,-1.554826617E0
9.917098333E-1,-5.395690918E0,1.365114450E0,-6.097331047E-1
1.001723833E0,-4.851293087E0,6.687500477E-1,4.305958748E-1
1.011737833E0,-3.932410717E0,-2.923741639E-1,1.536054969E0
1.021750833E0,-2.709458113E0,-1.459422827E0,2.579258204E0
1.031764833E0,-1.314105630E0,-2.754990339E0,3.519450903E0
1.041778833E0,1.651628911E-1,-3.845618725E0,4.350448608E0
1.051792833E0,1.568138957E0,-4.525670528E0,5.063763618E0
1.061805833E0,2.777628660E0,-4.618007183E0,5.474654675E0
1.071819833E0,3.667090893E0,-4.163477898E0,5.620479107E0
1.081833833E0,4.113853931E0,-3.447410583E0,5.677779675E0
1.091847833E0,4.092529297E0,-2.539633036E0,5.669913769E0
1.101860833E0,3.712787867E0,-1.695499301E0,5.669222355E0
1.111874833E0,3.216923237E0,-1.160415888E0,5.715877056E0
1.121888833E0,2.824753046E0,-9.669043422E-1,5.771412373E0
1.131902833E0,2.523859024E0,-1.188442826E0,5.848756313E0
1.141915833E0,2.316598415E0,-1.617082119E0,5.895608902E0
1.151929833E0,2.221159935E0,-2.032392502E0,5.864712238E0
1.161943833E0,2.223108768E0,-2.364699364E0,5.779495239E0
1.171957833E0,2.251805067E0,-2.562775850E0,5.594739914E0
1.181970833E0,2.219752312E0,-2.553840399E0,5.403883457E0
1.191984833E0,2.091093063E0,-2.350317955E0,5.228622437E0
1.201998833E0,1.936430454E0,-2.118315697E0,5.042644024E0
1.212012833E0,1.782371879E0,-1.887486935E0,4.789803028E0
1.222025833E0,1.663937926E0,-1.660432696E0,4.415760517E0
1.232039833E0,1.481549621E0,-1.429934502E0,3.953109741E0
1.242053833E0,1.124437571E0,-1.152552724E0,3.486791372E0
1.252067833E0,6.280724406E-1,-8.786981702E-1,3.057529449E0
1.262080833E0,1.522214413E-1,-6.651770473E-1,2.682492495E0
1.272094833E0,-2.353774458E-1,-5.531559587E-1,2.390851021E0
1.282108833E0,-6.416839361E-1,-4.339757562E-1,2.087851763E0
1.292122833E0,-1.144639611E0,-1.715689749E-1,1.659773588E0
1.302135833E0,-1.688184619E0,1.639757305E-1,1.119953513E0
1.312149833E0,-2.257189035E0,3.785088658E-1,5.002744794E-1
1.322163833E0,-2.792429209E0,2.781215608E-1,-2.749722004E-1
1.332177833E0,-3.324308395E0,-5.777060520E-3,-1.132135510E0
1.342190833E0,-3.955283880E0,-4.076531231E-1,-2.004379272E0
1.352204833E0,-4.727141380E0,-9.005278349E-1,-2.788999081E0
1.362218833E0,-5.525650501E0,-1.308192134E0,-3.385266066E0
1.372232833E0,-6.243577480E0,-1.417654157E0,-3.746628046E0
1.382246833E0,-6.851014137E0,-9.939354062E-1,-4.014028549E0
1.392259833E0,-7.426340580E0,-1.659216285E-1,-4.367306232E0
1.402273833E0,-8.015414238E0,7.591374516E-1,-4.772860050E0
1.412287833E0,-8.518251419E0,1.692880154E0,-5.079899311E0
1.422301833E0,-8.838456154E0,2.542194605E0,-5.235068798E0
1.432314833E0,-9.025513649E0,3.313564301E0,-5.160997868E0
1.442328833E0,-8.981991768E0,3.968784809E0,-4.872542381E0
1.452342833E0,-8.723815918E0,4.364555836E0,-4.487025261E0
1.462356833E0,-8.340222359E0,4.459566593E0,-4.119066238E0
1.472369833E0,-7.886896610E0,4.314423561E0,-3.733395576E0
1.482383833E0,-7.326487541E0,3.798765182E0,-3.295674801E0
1.492397833E0,-6.613702774E0,3.006723166E0,-2.755030155E0
1.502411833E0,-5.806231976E0,2.091397285E0,-2.049257278E0
1.512424833E0,-4.890467167E0,1.050348520E0,-1.106956601E0
1.522438833E0,-3.773163795E0,-1.256448328E-1,3.221471235E-2
1.532452417E0,-2.394773722E0,-1.276716709E0,1.301571131E0
1.542466417E0,-7.662594914E-1,-2.309592962E0,2.609010458E0
1.552479417E0,9.344109893E-1,-3.023129702E0,3.734308958E0
1.562493417E0,2.318567514E0,-3.400341511E0,4.690678596E0
1.572507417E0,3.342787266E0,-3.254918098E0,5.479308605E0
1.582521417E0,4.003050804E0,-2.541750193E0,5.921823502E0
1.592534417E0,4.265607357E0,-1.702443480E0,5.953876019E0
1.602548417E0,4.182636738E0,-1.141654134E0,5.658375263E0
1.612562417E0,3.835601568E0,-9.718608260E-1,5.368020535E0
1.622576417E0,3.368570089E0,-1.058220506E0,5.200411320E0
1.632589417E0,2.803589106E0,-1.190996051E0,5.200663567E0
1.642603417E0,2.241361141E0,-1.183155179E0,5.348377228E0
1.652617417E0,1.865247965E0,-1.095793843E0,5.552608490E0
1.662631417E0,1.821802735E0,-1.152028561E0,5.774031639E0
1.672645417E0,2.220426321E0,-1.523100853E0,5.862092495E0
1.682658417E0,2.884594202E0,-2.104296446E0,5.685811043E0
1.692672417E0,3.524646997E0,-2.501715899E0,5.385312080E0
1.702686417E0,3.939510822E0,-2.301389456E0,4.894611835E0
1.712700417E0,3.885212183E0,-1.527698159E0,4.329152584E0
1.722713417E0,3.296917677E0,-5.835135579E-1,3.816437006E0
1.732727417E0,2.455643654E0,1.311483532E-1,3.354973793E0
1.742741417E0,1.494875908E0,5.413159132E-1,2.927670479E0
1.752755417E0,5.390017629E-1,6.170006394E-1,2.544065237E0
1.762768417E0,-3.124949932E-1,4.491623640E-1,2.153548479E0
1.772782417E0,-1.126735210E0,4.977082834E-2,1.743090987E0
1.782796417E0,-1.944827437E0,-2.595782280E-1,1.204433441E0
1.792810417E0,-2.856503248E0,-3.077317178E-1,5.175266862E-1
1.802823417E0,-3.794208765E0,-2.992570102E-1,-2.617057264E-1
1.812837417E0,-4.581252575E0,-3.001356125E-1,-1.060333014E0
1.822851417E0,-5.198227406E0,-3.367666006E-1,-1.842779875E0
1.832865417E0,-5.776321411E0,-3.717258573E-1,-2.539305210E0
1.842879417E0,-6.344269753E0,-3.729533255E-1,-3.059341192E0
1.852892417E0,-6.846778870E0,-3.648094833E-1,-3.372485399E0
1.862906417E0,-7.258792877E0,-3.013306558E-1,-3.541681051E0
1.872920417E0,-7.564077377E0,-1.169633865E-1,-3.697768927E0
1.882934417E0,-7.857372284E0,3.004492819E-1,-3.930866241E0
1.892947417E0,-8.330777168E0,1.059116244E0,-4.205747604E0
1.902961417E0,-9.034928322E0,1.866031647E0,-4.305881977E0
1.912975417E0,-9.669425011E0,2.759767056E0,-4.130437851E0
1.922989417E0,-9.931349754E0,3.645693779E0,-3.763546705E0
1.933003417E0,-9.747795105E0,4.118939877E0,-3.219405890E0
1.943016417E0,-9.138103485E0,4.006557941E0,-2.532281876E0
1.953030417E0,-8.235868454E0,3.282435656E0,-1.808036208E0
1.963044417E0,-7.132529259E0,2.097699165E0,-1.061749339E0
1.973058417E0,-5.721926212E0,6.949150562E-1,-2.492151111E-1
1.983071417E0,-4.057157516E0,-6.793306470E-1,6.112573147E-1
1.993085417E0,-2.484203339E0,-1.806857824E0,1.455142617E0
2.003099417E0,-1.110735655E0,-2.609919071E0,2.306665659E0
2.013113417E0,2.334414124E-1,-2.989206314E0,3.180449486E0
2.023126417E0,1.579553962E0,-2.970292568E0,4.038381577E0
2.033140417E0,2.832404613E0,-2.664464712E0,4.755228996E0
2.043154417E0,3.884518385E0,-2.106497288E0,5.210244179E0
2.053168417E0,4.599820137E0,-1.411872864E0,5.532179356E0
2.063182417E0,4.961740971E0,-7.565536499E-1,5.721625805E0
2.073195417E0,5.017326832E0,-3.311194479E-1,5.696369648E0
2.083209417E0,4.787596703E0,-3.818550706E-1,5.540128231E0
2.093223417E0,4.479316711E0,-8.964300752E-1,5.459635735E0
2.103237417E0,4.200362206E0,-1.386023521E0,5.480051517E0
2.113250417E0,3.847403765E0,-1.564775825E0,5.504905224E0
2.123264417E0,3.299165964E0,-1.356468201E0,5.372211456E0
2.133278417E0,2.534244299E0,-8.717413545E-1,5.131802559E0
2.143292417E0,1.806165218E0,-3.339830637E-1,4.848249435E0
2.153306417E0,1.422158837E0,7.199447602E-2,4.615582943E0
2.163319417E0,1.416219711E0,9.078467637E-2,4.374343395E0
2.173333417E0,1.671432495E0,-9.656871855E-2,4.161963463E0
2.183347417E0,2.018016577E0,-2.957175076E-1,3.961556435E0
2.193361417E0,2.303646326E0,-3.735426366E-1,3.764014959E0
2.203374417E0,2.468760252E0,-2.732642293E-1,3.574600458E0
2.213388417E0,2.393825293E0,-8.705134690E-2,3.387975216E0
2.223402417E0,1.982441187E0,7.529746741E-3,3.154899597E0
2.233416417E0,1.270899892E0,-1.687309891E-1,2.782348156E0
2.243430417E0,3.556372225E-1,-4.759639204E-1,2.338947773E0
2.253443417E0,-7.503503561E-1,-7.717753649E-1,1.838863492E0
2.263457417E0,-2.103024006E0,-8.528830409E-1,1.259765744E0
2.273471417E0,-3.571282148E0,-5.639910102E-1,5.996786356E-1
2.283485417E0,-4.810895920E0,-8.624733239E-2,-1.071341187E-1
2.293498417E0,-5.727538586E0,3.370554745E-1,-8.100442886E-1
2.303512417E0,-6.377274036E0,6.957626939E-1,-1.461764455E0
2.313526417E0,-6.802126884E0,1.021624923E0,-2.057891130E0
2.323540417E0,-7.026833534E0,1.249426961E0,-2.592424631E0
2.333554417E0,-7.120048046E0,1.262284636E0,-3.091059923E0
2.343567417E0,-7.230758190E0,1.089219451E0,-3.617476702E0
2.353581417E0,-7.475310802E0,9.622293115E-1,-4.017818928E0
2.363595417E0,-7.804629326E0,1.024293065E0,-4.172686577E0
2.373609417E0,-8.097272873E0,1.133229852E0,-4.221415520E0
2.383622417E0,-8.326862335E0,1.276998758E0,-4.127133846E0
2.393636417E0,-8.572976112E0,1.447340608E0,-3.760885000E0
2.403650417E0,-8.750804901E0,1.620550036E0,-3.138161421E0
2.413664417E0,-8.747173309E0,1.781646013E0,-2.378785849E0
2.423678417E0,-8.486375809E0,1.762798071E0,-1.578252792E0
2.433691417E0,-7.672687531E0,1.465318322E0,-7.298096418E-1
2.443705417E0,-6.395566940E0,1.008569121E0,1.516790986E-1
2.453719417E0,-4.954893589E0,3.247138262E-1,9.786911607E-1
2.463733417E0,-3.433876514E0,-5.154531002E-1,1.695899129E0
2.473747417E0,-1.753201246E0,-1.276484251E0,2.242256880E0
2.483760417E0,5.310709774E-2,-1.852582932E0,2.694305897E0
2.493774417E0,1.758709311E0,-2.219202518E0,3.136647701E0
2.503788417E0,3.148579836E0,-2.271692276E0,3.488285303E0
2.513802417E0,4.214609146E0,-2.041520596E0,3.833450794E0
2.523815417E0,4.939640045E0,-1.572570920E0,4.214488983E0
2.533829083E0,5.364011765E0,-8.958517313E-1,4.501941204E0
2.543843083E0,5.511869431E0,-2.598984540E-1,4.589630604E0
2.553857083E0,5.494574547E0,1.467971206E-1,4.446729660E0
2.563871083E0,5.563203335E0,1.473539919E-1,4.138727665E0
2.573884083E0,5.802757263E0,-4.029323906E-2,4.033338070E0
2.583898083E0,5.728946686E0,2.704612166E-2,4.131053925E0
2.593912083E0,4.814505577E0,1.082773805E-1,4.192074776E0
2.603926083E0,3.131888866E0,3.574432731E-1,4.018709183E0
2.613940083E0,1.228689790E0,8.432637453E-1,3.645509481E0
2.623953083E0,-3.679974973E-1,1.537333608E0,3.116849184E0
2.633967083E0,-1.503614306E0,2.163439751E0,2.531169415E0
2.643981083E0,-2.219020605E0,2.336544991E0,1.912319422E0
2.653995083E0,-2.536072969E0,2.076330662E0,1.240156889E0
2.664008083E0,-2.606574059E0,1.398029923E0,5.819385052E-1
2.674022083E0,-2.600652695E0,4.109334350E-1,-1.170577202E-2
2.684036083E0,-2.596465111E0,-5.651015043E-1,-3.602815866E-1
2.694050083E0,-2.723703384E0,-1.235707402E0,-4.061146677E-1
2.704064083E0,-3.018119335E0,-1.447565913E0,-3.815867007E-1
2.714077083E0,-3.390430450E0,-1.330004692E0,-4.835543931E-1
2.724091083E0,-3.694850683E0,-1.145981073E0,-5.982553959E-1
2.734105083E0,-3.907584667E0,-7.326691151E-1,-5.715101361E-1
2.744119083E0,-4.044369698E0,-1.902596354E-1,-3.457358479E-1
2.754133083E0,-4.049146652E0,2.986010015E-1,5.214875564E-3
2.764146083E0,-3.862554789E0,5.919460654E-1,4.189033806E-1
2.774160083E0,-3.479777575E0,7.393747568E-1,8.270801902E-1
2.784174083E0,-2.842608690E0,6.391065121E-1,1.245335460E0
2.794188083E0,-1.855138421E0,2.508825958E-1,1.695703506E0
2.804202083E0,-6.535111070E-1,-1.733539104E-1,2.174345255E0
2.814215083E0,4.636081755E-1,-5.841218829E-1,2.665354967E0
2.824229083E0,1.148460746E0,-1.000671744E0,3.233213425E0
2.834243083E0,1.277997613E0,-1.281882167E0,3.959964991E0
2.844257083E0,8.246182799E-1,-1.289955258E0,4.799610615E0
2.854270083E0,-1.340544224E-2,-1.052290082E0,5.410075665E0
2.864284083E0,-7.904572487E-1,-1.003224730E0,5.557366848E0
2.874298083E0,-1.224939346E0,-1.458100080E0,5.297501087E0
2.884312083E0,-1.647998214E0,-2.324804783E0,4.944413185E0
2.894326083E0,-2.474094152E0,-3.267765045E0,4.616708755E0
2.904339083E0,-3.548177242E0,-3.924683809E0,4.394468784E0
2.914353083E0,-4.396427631E0,-4.295926571E0,4.214939594E0
2.924367083E0,-4.804852962E0,-4.456335068E0,4.042097092E0
2.934381083E0,-4.867280006E0,-4.590856075E0,3.878298521E0
2.944395083E0,-4.715536118E0,-4.544355869E0,3.633239746E0
2.954408083E0,-4.250116348E0,-4.240048885E0,3.321495295E0
2.964422083E0,-3.459894419E0,-3.547549963E0,2.885133743E0
2.974436083E0,-2.432950497E0,-2.541173220E0,2.399893522E0
2.984450083E0,-1.368242741E0,-1.258144975E0,1.952071190E0
2.994464083E0,-6.001579165E-1,1.483584642E-1,1.517359257E0
3.004477083E0,-2.524662614E-1,1.532412648E0,9.804521799E-1
3.014491083E0,-5.537113920E-2,2.741864681E0,3.795627952E-1
3.024505083E0,2.527992129E-1,3.595164299E0,-1.814792156E-1
3.034519083E0,6.579140425E-1,4.063774109E0,-7.002477050E-1
3.044533083E0,1.238031983E0,4.192216873E0,-1.186046839E0
3.054546083E0,2.054616928E0,3.942045689E0,-1.597091079E0
3.064560083E0,2.986000776E0,3.366945028E0,-2.037425041E0
3.074574083E0,3.864596605E0,2.612032890E0,-2.596308708E0
3.084588083E0,4.482469082E0,1.924380898E0,-3.195058107E0
3.094602083E0,4.574295998E0,1.507019520E0,-3.592905045E0
3.104615083E0,4.095301151E0,1.526269317E0,-3.550786495E0
3.114629083E0,3.318174839E0,1.899862409E0,-3.207330942E0
3.124643083E0,2.783157110E0,2.376230955E0,-2.758400679E0
3.134657083E0,2.774523735E0,2.672233343E0,-2.394337177E0
3.144671083E0,3.181076288E0,2.652107716E0,-2.338559151E0
3.154684083E0,3.790412188E0,2.492494106E0,-2.610982180E0
3.164698083E0,4.389398575E0,2.263103247E0,-3.132490873E0
3.174712083E0,4.615207672E0,2.231039762E0,-3.747133017E0
3.184726083E0,4.346688747E0,2.423837423E0,-4.249886990E0
3.194740083E0,4.215715885E0,2.602917671E0,-4.447521210E0
3.204753083E0,4.478839397E0,2.569064379E0,-4.274171352E0
3.214767083E0,4.886080265E0,2.332012892E0,-4.066600323E0
3.224781083E0,5.130030155E0,1.871114731E0,-4.123583317E0
3.234795083E0,5.255147934E0,1.304183960E0,-4.453038216E0
3.244809083E0,5.268717766E0,6.906877756E-1,-4.857810020E0
3.254822083E0,5.118622780E0,2.519336939E-1,-5.289568901E0
3.264836083E0,5.005739689E0,1.036902703E-2,-5.639434338E0
3.274850083E0,4.966014862E0,-3.119879067E-1,-5.585069656E0
3.284864083E0,4.972692966E0,-8.031249046E-1,-5.245113850E0
3.294878083E0,4.900429249E0,-1.217816710E0,-4.996152878E0
3.304891083E0,4.508131027E0,-1.327466965E0,-4.972927094E0
3.314905083E0,3.780417204E0,-1.135313034E0,-5.184201241E0
3.324919083E0,2.800729990E0,-8.686928749E-1,-5.569742203E0
3.334933083E0,1.868986249E0,-6.813737750E-1,-6.141636372E0
3.344947083E0,1.344968557E0,-5.090299249E-1,-6.583300591E0
3.354961083E0,1.177729249E0,-2.926525176E-1,-6.651828289E0
3.364974083E0,9.517615438E-1,1.420720220E-1,-6.415317535E0
3.374988083E0,4.483467937E-1,6.971426010E-1,-6.005595684E0
3.385002083E0,-1.928366572E-1,1.215786815E0,-5.442825317E0
3.395016083E0,-7.515299916E-1,1.661619067E0,-4.843673229E0
3.405030083E0,-8.898652196E-1,1.890514493E0,-4.279878139E0
3.415043083E0,-8.689679503E-1,1.711151958E0,-3.808152914E0
3.425057083E0,-8.947337866E-1,1.169920683E0,-3.612331152E0
3.435071083E0,-9.754466414E-1,3.291951716E-1,-3.623154879E0
3.445085083E0,-1.168150425E0,-5.567551255E-1,-3.616997719E0
3.455099083E0,-1.458237529E0,-1.247962356E0,-3.486243248E0
3.465112083E0,-1.547507763E0,-1.720230579E0,-3.100824594E0
3.475126083E0,-1.424797654E0,-2.161084890E0,-2.635290623E0
3.485140083E0,-1.231171966E0,-2.352156162E0,-2.116718769E0
3.495154083E0,-1.113830566E0,-1.974323273E0,-1.665566444E0
3.505168083E0,-9.997242093E-1,-1.195680022E0,-1.244347572E0
3.515181083E0,-7.881661654E-1,-3.636657894E-1,-7.823380232E-1
3.525195083E0,-4.594066739E-1,2.425349206E-1,-2.389983386E-1
3.535209458E0,-4.392673261E-3,5.771275759E-1,4.682859778E-1
3.545223458E0,6.741845012E-1,9.623905420E-1,1.312534094E0
3.555237458E0,1.600556850E0,1.390526891E0,2.163228512E0
3.565250458E0,2.752178907E0,1.656187296E0,2.948673010E0
3.575264458E0,4.235042095E0,1.475893855E0,3.758911610E0
3.585278458E0,5.666611195E0,6.514552832E-1,4.459391117E0
3.595292458E0,6.891643047E0,-4.448994398E-1,4.819406509E0
3.605306458E0,7.772885799E0,-1.437295079E0,4.570714951E0
3.615319458E0,8.152700424E0,-2.291750431E0,4.064981461E0
3.625333458E0,7.862321377E0,-2.681470394E0,3.769891024E0
3.635347458E0,7.080521584E0,-2.401022196E0,3.822717190E0
3.645361458E0,6.247755527E0,-1.591567278E0,4.157613754E0
3.655375458E0,5.774458408E0,-5.524354577E-1,4.607802391E0
3.665389458E0,5.651566982E0,3.131459057E-1,5.284071445E0
3.675402458E0,5.452567577E0,5.856584311E-1,6.034686089E0
3.685416458E0,5.471333504E0,5.639334321E-1,6.593107700E0
3.695430458E0,5.752123356E0,3.655245155E-2,6.599243641E0
3.705444458E0,5.981376648E0,-8.367007375E-1,6.277826309E0
3.715458458E0,5.764811039E0,-1.794071913E0,5.780760765E0
3.725471458E0,4.904595375E0,-2.349031687E0,5.366365433E0
3.735485458E0,3.586246490E0,-2.408529758E0,5.072585106E0
3.745499458E0,2.127376556E0,-1.857811332E0,4.753276825E0
3.755513458E0,6.085976958E-1,-8.157057166E-1,4.297242641E0
3.765527458E0,-9.879847169E-1,2.579034567E-1,3.714442253E0
3.775540458E0,-2.529713631E0,1.079333544E0,3.043216705E0
3.785554458E0,-3.881832600E0,1.675593138E0,2.391664028E0
3.795568458E0,-5.137987614E0,2.080388784E0,1.840465546E0
3.805582458E0,-6.368409157E0,2.105188131E0,1.317923188E0
3.815596458E0,-7.700479507E0,1.907155991E0,8.008749485E-1
3.825610458E0,-9.095148087E0,1.694845796E0,3.607636094E-1
3.835623458E0,-1.045868778E1,1.450879335E0,2.162228338E-4
3.845637458E0,-1.170405102E1,1.416636586E0,-2.872845232E-1
3.855651458E0,-1.257061100E1,1.611462355E0,-4.993762672E-1
3.865665458E0,-1.305815411E1,2.012236357E0,-6.223873496E-1
3.875679458E0,-1.300604725E1,2.617974758E0,-5.948781371E-1
3.885692458E0,-1.264365482E1,3.063368082E0,-4.835544825E-1
3.895706458E0,-1.195220661E1,2.894276142E0,-4.098441005E-1
3.905720458E0,-1.060166550E1,1.880502939E0,-5.217517614E-1
3.915734458E0,-8.046527863E0,5.930162072E-1,-7.082787752E-1
3.925748458E0,-4.161336422E0,-3.409059346E-1,-4.276649356E-1
3.935762458E0,-7.376200557E-1,-1.261289477E0,1.503623277E-1
3.945775458E0,1.149553657E0,-1.655528665E0,1.006382823E0
3.955789458E0,2.436626196E0,-1.207858205E0,2.308089733E0
3.965803458E0,3.115272760E0,-5.059568286E-1,3.859536886E0
3.975817458E0,3.240318060E0,4.914768636E-1,5.273235321E0
3.985831458E0,3.331887722E0,1.800031781E0,6.313040733E0
3.995844458E0,3.694740772E0,2.764347076E0,6.704717636E0
4.005858458E0,4.207830429E0,2.958957911E0,6.527419567E0
4.015872458E0,4.951620579E0,2.126696825E0,5.991650105E0
4.025886458E0,5.624817848E0,2.107058465E-1,5.374477386E0
4.035900458E0,5.555684566E0,-1.473447084E0,4.922708988E0
4.045914458E0,4.231025219E0,-2.511556864E0,3.992284536E0
4.055927458E0,1.223611236E0,-2.702765465E0,3.070178032E0
4.065941458E0,-2.859532595E0,-2.289420605E0,1.658599019E0
4.075955458E0,-6.299972534E0,-9.923663139E-1,1.224666461E-1
4.085969458E0,-8.825268745E0,6.632860303E-1,-1.163748741E0
4.095983458E0,-1.074833488E1,2.000533104E0,-2.164581776E0
4.105996458E0,-1.161510849E1,3.538604259E0,-2.462467670E0
4.116010458E0,-1.143293285E1,4.807666302E0,-2.364654303E0
4.126024458E0,-1.026181316E1,4.729794979E0,-2.212790489E0
4.136038458E0,-8.090325356E0,2.795030355E0,-2.016303062E0
4.146052458E0,-4.336205959E0,5.020137429E-1,-1.418825746E0
4.156066458E0,9.187500924E-2,-1.107173324E0,-4.865136743E-1
4.166079458E0,2.807061434E0,-2.167773724E0,2.109759450E-1
4.176093458E0,4.240638256E0,-2.079028606E0,1.186057210E0
4.186107458E0,4.825843811E0,-1.345800042E0,2.640629292E0
4.196121458E0,4.482190609E0,-2.092771381E-1,4.405374527E0
4.206135458E0,3.914673805E0,1.050073385E0,5.702814102E0
4.216148458E0,3.426882029E0,1.192492008E0,6.010125637E0
4.226162458E0,2.861967087E0,5.403431654E-1,5.457335949E0
4.236176458E0,1.921381235E0,-2.228429466E-1,4.261718750E0
4.246190458E0,7.678539306E-2,-7.852317095E-1,2.703677416E0
4.256204458E0,-2.741307020E0,-7.089319229E-1,1.118353367E0
4.266218458E0,-5.699007988E0,3.481581807E-1,-2.088395655E-1
4.276231458E0,-7.998951912E0,1.790996432E0,-1.015665054E0
4.286245458E0,-9.521636009E0,2.801367044E0,-1.555017471E0
4.296259458E0,-9.236941338E0,3.157717943E0,-1.711269140E0
4.306273458E0,-7.458481312E0,2.564858437E0,-1.661967397E0
4.316287458E0,-4.526116371E0,8.571973443E-1,-1.285196781E0
4.326300458E0,-7.757309675E-1,-6.740960479E-1,-3.451949060E-1
4.336314458E0,1.957733393E0,-1.506568909E0,5.397907495E-1
4.346328458E0,3.216213226E0,-1.346360087E0,1.439340591E0
4.356342458E0,3.722633600E0,-5.930623412E-1,2.563092470E0
4.366356458E0,3.571308851E0,1.470748633E-1,3.875872612E0
4.376370458E0,2.990837812E0,8.820482492E-1,4.943298340E0
4.386383458E0,2.286031961E0,8.323938847E-1,5.121696472E0
4.396397458E0,1.303187966E0,-2.833414376E-1,4.278568268E0
4.406411458E0,-7.057641745E-1,-1.492136955E0,2.987173796E0
4.416425458E0,-3.242984056E0,-1.414203763E0,1.722983241E0
4.426439458E0,-5.663084984E0,-2.942987978E-1,5.192282796E-1
4.436453458E0,-7.803885937E0,1.009286404E0,-2.900999784E-1
4.446466458E0,-8.829189301E0,2.026187897E0,-7.017165422E-1
4.456480458E0,-8.007388115E0,2.728861332E0,-7.846164107E-1
4.466494458E0,-5.747034550E0,2.240459442E0,-5.744950771E-1
4.476508458E0,-2.674058914E0,8.630306721E-1,4.134817515E-3
4.486522458E0,3.555824459E-1,-2.319783419E-1,7.321075201E-1
4.496535458E0,2.194518566E0,-7.362526655E-1,1.400919557E0
4.506549458E0,3.188177109E0,-6.464614868E-1,2.413363218E0
4.516563458E0,3.432237864E0,-7.711600065E-1,3.653055429E0
4.526577458E0,2.887805223E0,-1.303771377E0,4.573674202E0
4.536591333E0,1.585807800E0,-1.780699134E0,4.643412590E0
4.546605333E0,-2.595569491E-1,-2.216412067E0,3.921195269E0
4.556618333E0,-2.464550734E0,-1.941519380E0,2.965833426E0
4.566632333E0,-4.115420818E0,-4.866561294E-1,2.025366545E0
4.576646333E0,-5.262870789E0,1.457398415E0,1.210705757E0
4.586660333E0,-6.196826458E0,2.956241131E0,4.708418548E-1
4.596674333E0,-6.481151581E0,3.670680761E0,-6.500232965E-2
4.606688333E0,-5.651105404E0,3.584072828E0,-1.376008987E-1
4.616701333E0,-3.951700211E0,2.750148058E0,1.342263520E-1
4.626715333E0,-1.973839164E0,1.510179996E0,5.051652193E-1
4.636729333E0,-1.711486429E-1,2.120182961E-1,9.444414973E-1
4.646743333E0,1.234666109E0,-8.224283457E-1,1.759344220E0
4.656757333E0,2.075853825E0,-1.911384583E0,2.978937864E0
4.666771333E0,2.080729485E0,-3.257956505E0,4.080105782E0
4.676784333E0,1.505273104E0,-4.268692493E0,4.493781090E0
4.686798333E0,3.299229741E-1,-4.149251938E0,4.105738163E0
4.696812333E0,-1.397031307E0,-2.617427111E0,3.332366467E0
4.706826333E0,-3.220136881E0,-1.194338351E-1,2.470194340E0
4.716840333E0,-4.630033493E0,2.319934368E0,1.673406243E0
4.726854333E0,-5.447163582E0,3.927104712E0,9.864318967E-1
4.736867333E0,-5.609884262E0,4.502386093E0,4.723793566E-1
4.746881333E0,-5.180937767E0,3.970429659E0,2.096209824E-1
4.756895333E0,-4.102740288E0,2.467469454E0,2.700279653E-1
4.766909333E0,-2.454405785E0,4.487048388E-1,7.434732914E-1
4.776923333E0,-7.484197617E-1,-1.479036450E0,1.631882668E0
4.786936333E0,5.887547731E-1,-2.880251169E0,2.613435507E0
4.796950333E0,1.557909608E0,-3.470247030E0,3.432791710E0
4.806964333E0,1.816177845E0,-3.157609463E0,3.672966957E0
4.816978333E0,1.238383889E0,-2.066138744E0,3.342835426E0
4.826992333E0,-1.101191118E-1,-7.350084782E-1,2.882585764E0
4.837006333E0,-1.905617714E0,6.147000194E-2,2.477633715E0
4.847019333E0,-3.697460413E0,2.018073946E-1,2.126019955E0
4.857033333E0,-5.066219330E0,-6.149974465E-2,1.583752155E0
4.867047333E0,-5.763506413E0,-3.216146827E-1,1.303095222E0
4.877061333E0,-5.946621895E0,-6.247551441E-1,1.110468745E0
4.887075333E0,-5.245739937E0,-8.041392565E-1,1.211921334E0
4.897089333E0,-3.744794130E0,-2.217719853E-1,1.572866917E0
4.907102333E0,-2.122034311E0,1.291491270E0,2.360587120E0
4.917116333E0,-8.669720292E-1,3.478434324E0,3.118568659E0
4.927130333E0,-2.063708901E-1,4.804327488E0,3.534038067E0
4.937144333E0,2.692720890E-1,4.242122650E0,3.523882389E0
4.947158333E0,3.085291982E-1,1.255290985E0,3.330159187E0
4.957172333E0,-4.731948078E-1,-2.478096724E0,3.004192352E0
4.967185333E0,-1.862457871E0,-5.092762470E0,2.659041882E0
4.977199333E0,-3.568003893E0,-5.332698345E0,2.136637688E0
4.987213333E0,-5.303681850E0,-3.613545418E0,1.591662526E0
4.997227333E0,-6.876014233E0,-6.577222943E-1,8.509264588E-1
5.007241333E0,-7.744614601E0,2.320948601E0,2.651857911E-3
5.017255333E0,-6.983888149E0,4.096480846E0,-2.363175452E-1
5.027268333E0,-4.892926216E0,4.307980537E0,4.541375637E-1
5.037282333E0,-2.617613077E0,3.168813705E0,1.436279297E0
5.047296333E0,-7.079715133E-1,8.148374557E-1,2.049607992E0
5.057310333E0,7.297869921E-1,-2.103422403E0,2.667476892E0
5.067324333E0,1.410578847E0,-4.923258781E0,3.349275827E0
5.077338333E0,1.821703911E0,-6.722059727E0,3.794597149E0
5.087351333E0,2.305434465E0,-7.157034397E0,3.889144182E0
5.097365333E0,2.918008089E0,-7.211222649E0,4.024742603E0
5.107379333E0,3.477440596E0,-7.180635452E0,4.279981613E0
5.117393333E0,3.926709890E0,-6.850790024E0,4.466038227E0
5.127407333E0,4.224164486E0,-6.257057190E0,4.570414543E0
5.137421333E0,4.481263161E0,-5.540650368E0,4.467975140E0
5.147434333E0,4.777200699E0,-5.028476238E0,3.560986519E0
5.157448333E0,4.873863697E0,-4.415451527E0,2.097780466E0
5.167462333E0,4.568222046E0,-3.622962236E0,5.477653742E-1
5.177476333E0,3.938467741E0,-2.471553802E0,-8.094297647E-1
5.187490333E0,3.226830244E0,-1.200094819E0,-1.817899704E0
5.197504333E0,2.534315586E0,4.985342920E-2,-2.590900898E0
5.207517333E0,2.031475544E0,1.049523115E0,-3.102552176E0
5.217531333E0,1.829461455E0,1.731154561E0,-3.340726376E0
5.227545333E0,1.870247960E0,2.023101568E0,-3.424358130E0
5.237559333E0,2.150261164E0,1.957500815E0,-3.542096615E0
5.247573333E0,2.763446093E0,1.726758122E0,-3.759419680E0
5.257587333E0,3.491893053E0,1.598670006E0,-4.052864075E0
5.267600333E0,3.957277060E0,2.064687967E0,-4.341833591E0
5.277614333E0,4.101603031E0,2.954681635E0,-4.624735832E0
5.287628333E0,4.157201290E0,3.886193991E0,-4.923728943E0
5.297642333E0,4.276183128E0,4.686975479E0,-5.329707623E0
5.307656333E0,4.393036366E0,5.151654243E0,-5.718904495E0
5.317670333E0,4.459634781E0,5.474925518E0,-5.851416588E0
5.327683333E0,4.472679138E0,5.468105793E0,-5.748650551E0
5.337697333E0,4.631404877E0,4.916934490E0,-5.496750355E0
5.347711333E0,5.065966606E0,4.157301426E0,-5.461910725E0
5.357725333E0,5.499566555E0,3.062306404E0,-5.727670193E0
5.367739333E0,5.771371841E0,1.921321511E0,-6.145965099E0
5.377753333E0,5.770720959E0,1.002949476E0,-6.501015186E0
5.387766333E0,5.582626343E0,4.961618781E-1,-6.749707222E0
5.397780333E0,5.690611839E0,1.893620044E-1,-6.889130592E0
5.407794333E0,6.134757996E0,-1.043002307E-1,-7.012480736E0
5.417808333E0,6.574878693E0,-5.108752847E-1,-7.233238697E0
5.427822333E0,6.616002560E0,-1.111965179E0,-7.593264103E0
5.437836333E0,6.168995857E0,-1.821504235E0,-7.905910015E0
5.447849333E0,5.577405453E0,-2.991030931E0,-8.047788620E0
5.457863333E0,5.197229385E0,-3.800265312E0,-8.745959282E0
5.467877333E0,5.440283298E0,-4.290118217E0,-9.666667938E0
5.477891333E0,5.573551178E0,-3.723779678E0,-1.043225384E1
5.487905333E0,5.403121471E0,-2.645405054E0,-1.069396210E1
5.497919333E0,4.785280704E0,-1.710832119E0,-1.046749115E1
5.507932333E0,4.029207706E0,-1.194327712E0,-9.938111305E0
5.517946333E0,3.479808331E0,-1.227791667E0,-9.511655807E0
5.527960333E0,2.977056742E0,-1.568392396E0,-9.431830406E0
5.537973917E0,2.437978268E0,-1.766961217E0,-9.454385757E0
5.547987917E0,2.010382414E0,-1.548671246E0,-9.449694633E0
5.558001917E0,1.645461559E0,-1.190545678E0,-9.184837341E0
5.568015917E0,1.389900327E0,-7.486409545E-1,-8.423095703E0
5.578028917E0,1.488666773E0,-6.015309095E-1,-7.392383099E0
5.588042917E0,1.831214190E0,-8.727728128E-1,-6.245008945E0
5.598056917E0,2.065537930E0,-1.166948318E0,-5.190137386E0
5.608070917E0,2.075485945E0,-1.265448570E0,-4.272632599E0
5.618084917E0,2.048110723E0,-1.237042785E0,-3.585457563E0
5.628098917E0,1.930630088E0,-1.286902308E0,-3.081460953E0
5.638111917E0,1.671394110E0,-1.332782149E0,-2.598941803E0
5.648125917E0,1.373762488E0,-1.079579473E0,-1.949187756E0
5.658139917E0,1.101348400E0,-6.497856379E-1,-1.040642023E0
5.668153917E0,7.720671296E-1,-4.964182079E-1,-5.019587651E-2
5.678167917E0,3.120231032E-1,-6.495199800E-1,8.614174724E-1
5.688181917E0,-2.254723161E-1,-7.996740341E-1,1.606085420E0
5.698194917E0,-6.759232283E-1,-8.496720195E-1,2.192453623E0
5.708208917E0,-9.153315425E-1,-6.711171865E-1,2.610150576E0
5.718222917E0,-9.593690038E-1,-3.990837634E-1,2.921982765E0
5.728236917E0,-7.362943888E-1,-1.808409244E-1,3.183918715E0
5.738250917E0,-4.697341919E-1,-3.417407870E-1,3.180036306E0
5.748264917E0,-2.633493245E-1,-1.050323486E0,3.140286684E0
5.758277917E0,-1.903038286E-2,-1.870268822E0,3.277306318E0
5.768291917E0,2.238203771E-2,-2.411019802E0,3.280179977E0
5.778305917E0,-4.921630323E-1,-2.846163988E0,2.938336849E0
5.788319917E0,-1.527502894E0,-3.314152479E0,2.295518875E0
5.798333917E0,-2.195780516E0,-3.161482573E0,2.121388197E0
5.808347917E0,-2.295161247E0,-2.344825029E0,2.271934271E0
5.818360917E0,-1.319475055E0,-1.912450671E0,2.513274908E0
5.828374917E0,1.758576155E0,-1.936702251E0,2.884204626E0
5.838388917E0,6.793127537E0,-2.072990656E0,3.325252533E0
5.848402917E0,1.123093700E1,-2.143176794E0,3.751601696E0
5.858416917E0,1.416058636E1,-1.300252914E0,4.911949635E0
5.868430917E0,1.499649429E1,3.074696958E-1,6.319907665E0
5.878444917E0,1.409040165E1,1.286875606E0,6.748808384E0
5.888457917E0,1.242232418E1,1.094233513E0,6.418579578E0
5.898471917E0,1.119742203E1,4.954237938E-1,5.896798134E0
5.908485917E0,1.008649254E1,-5.878467560E-1,5.229042530E0
5.918499917E0,7.921331406E0,-1.242281914E0,4.262907028E0
5.928513917E0,4.423701763E0,-1.093044758E0,3.048886299E0
5.938527917E0,3.266384304E-1,-3.752025366E-1,1.655760884E0
5.948540917E0,-3.193141460E0,3.088831306E-1,-1.350756437E-1
5.958554917E0,-5.781616688E0,8.864476085E-1,-1.644206643E0
5.968568917E0,-7.499137402E0,1.707669377E0,-2.311970711E0
5.978582917E0,-8.907444954E0,2.156857491E0,-2.496202230E0
5.988596917E0,-9.555869102E0,1.642605066E0,-2.244792700E0
5.998610917E0,-8.718004227E0,1.455563158E-1,-1.414237857E0
6.008623917E0,-5.864503384E0,-1.742083430E0,-2.399073988E-1
6.018637917E0,-1.267072916E0,-3.099343061E0,6.962949634E-1
6.028651917E0,2.899013042E0,-3.646351576E0,1.401242137E0
6.038665917E0,5.194695473E0,-2.999129772E0,2.137351513E0
6.048679917E0,6.053761482E0,-1.712375432E-1,3.243393421E0
6.058693917E0,5.982830048E0,3.173693180E0,4.693932056E0
6.068707917E0,5.336144447E0,4.703249454E0,6.145003796E0
6.078720917E0,4.391992092E0,3.193603992E0,6.643191814E0
6.088734917E0,3.276012421E0,-6.079911590E-1,6.017148495E0
6.098748917E0,1.725069761E0,-4.188117027E0,4.903883934E0
6.108762917E0,-6.723783910E-2,-5.502328873E0,3.682060480E0
6.118776917E0,-2.595491409E0,-4.704471111E0,2.352549553E0
6.128790917E0,-5.978194714E0,-2.464751244E0,1.046624184E0
6.138803917E0,-8.679558754E0,8.425207436E-2,2.122328877E-1
6.148817917E0,-1.001603031E1,2.467284679E0,-1.341431737E-1
6.158831917E0,-9.552996635E0,3.620445251E0,-2.068161666E-1
6.168845917E0,-6.823171616E0,3.529903173E0,2.063224018E-1
6.178859917E0,-2.347041607E0,2.824840307E0,9.768933058E-1
6.188873917E0,1.853093266E0,2.295704603E0,1.662929654E0
6.198886917E0,4.412524223E0,2.339966536E0,2.350635052E0
6.208900917E0,5.768722534E0,3.004914045E0,3.234670162E0
6.218914917E0,5.841693878E0,3.430948019E0,4.756947041E0
6.228928917E0,4.589729309E0,2.869696856E0,6.152855873E0
6.238942917E0,3.444045782E0,-4.765198380E-2,6.423721790E0
6.248956917E0,2.068531752E0,-4.106897354E0,5.214729309E0
6.258970917E0,4.575743899E-2,-6.079182148E0,3.715560436E0
6.268983917E0,-3.328152418E0,-4.567175388E0,2.271975517E0
6.278997917E0,-7.789873600E0,-1.720022798E0,8.264842033E-1
6.289011917E0,-1.074257755E1,7.611750364E-1,-1.181505024E-1
6.299025917E0,-9.938930511E0,3.153166294E0,-3.649723530E-1
6.309039917E0,-6.938620567E0,3.584021091E0,-3.131898642E-1
6.319053917E0,-3.299438238E0,2.278491735E0,-8.430310339E-2
6.329066917E0,8.087227494E-2,1.647113800E0,1.228380948E-1
6.339080917E0,1.757822752E0,1.739235878E0,3.289681673E-1
6.349094917E0,2.653397560E0,2.751517534E0,8.422623873E-1
6.359108917E0,3.104227066E0,3.965343237E0,1.795169950E0
6.369122917E0,3.122982740E0,4.168497086E0,3.513052702E0
6.379136917E0,2.608055353E0,3.408569098E0,5.625604153E0
6.389149917E0,2.494013071E0,1.962195277E0,7.267912388E0
6.399163917E0,3.340259314E0,-1.112377882E0,7.586531162E0
6.409177917E0,4.307773113E0,-4.919541359E0,6.732239723E0
6.419191917E0,3.794849157E0,-7.328613281E0,5.547453403E0
6.429205917E0,1.284790635E0,-6.466219425E0,4.803229332E0
6.439219917E0,-2.456542253E0,-3.592874289E0,4.047622204E0
6.449233917E0,-5.879018307E0,-1.399120808E0,2.931712151E0
6.459246917E0,-7.517504692E0,-6.632430851E-2,2.032508850E0
6.469260917E0,-6.830929756E0,7.705436945E-1,1.620461822E0
6.479274917E0,-4.945858479E0,1.111028910E0,1.420492530E0
6.489288917E0,-2.820037603E0,6.327945590E-1,1.288827181E0
6.499302917E0,-6.564562321E-1,3.225448728E-1,1.371354580E0
6.509316917E0,9.748481512E-1,7.688704133E-1,1.551412702E0
6.519329917E0,2.148014545E0,1.321691990E0,2.154712439E0
6.529344417E0,2.701376438E0,1.381909966E0,3.497725725E0
6.539358417E0,2.337778330E0,3.123834729E-1,4.859981537E0
6.549372417E0,1.683568835E0,-1.329860449E0,5.418138504E0
6.559386417E0,1.040333152E0,-3.177348137E0,5.106346130E0
6.569400417E0,1.929935962E-1,-4.111502647E0,4.436072826E0
6.579414417E0,-1.208840609E0,-3.110593319E0,3.799495935E0
6.589427417E0,-2.881809711E0,-8.169072270E-1,3.068780899E0
6.599441417E0,-4.254615307E0,1.506384134E0,2.306813240E0
6.609455417E0,-4.353432655E0,3.301385403E0,1.713902831E0
6.619469417E0,-3.501108170E0,4.014521122E0,1.300432086E0
6.629483417E0,-2.130516768E0,3.880731583E0,1.067533016E0
6.639497417E0,-6.495174170E-1,3.155499220E0,1.189110160E0
6.649510417E0,8.487250805E-1,2.121710539E0,1.724128008E0
6.659524417E0,1.784083366E0,8.123008013E-1,3.049272299E0
6.669538417E0,2.028836012E0,-4.057379961E-1,4.392834187E0
6.679552417E0,2.334043741E0,-1.484296441E0,5.181344986E0
6.689566417E0,2.652025223E0,-2.320570469E0,5.334116936E0
6.699580417E0,2.398666859E0,-2.126904488E0,5.051696777E0
6.709594417E0,1.406125188E0,-8.437975049E-1,4.605333328E0
6.719607417E0,1.153887659E-1,7.388018370E-1,3.941285849E0
6.729621417E0,-1.158684850E0,1.408975363E0,3.047166348E0
6.739635417E0,-2.310235739E0,9.557389021E-1,2.174333096E0
6.749649417E0,-3.422123194E0,-5.703325272E-1,1.517578840E0
6.759663417E0,-4.392187595E0,-2.064473391E0,1.281179786E0
6.769677417E0,-5.132421970E0,-2.789690733E0,1.468373656E0
6.779690417E0,-5.350936413E0,-3.079320192E0,1.854895115E0
6.789704417E0,-4.507607460E0,-2.296080351E0,2.115077257E0
6.799718417E0,-2.525611401E0,-6.003761888E-1,2.015784025E0
6.809732417E0,9.494764358E-2,1.184770226E0,1.953292608E0
6.819746417E0,1.792255878E0,2.604950666E0,2.016990423E0
6.829760417E0,2.384952784E0,3.697705030E0,2.483301640E0
6.839774417E0,2.388444185E0,4.435211658E0,2.994739771E0
6.849787417E0,2.366359472E0,3.885123730E0,3.496089697E0
6.859801417E0,2.031099081E0,1.193167448E0,3.788662672E0
6.869815417E0,1.364276409E0,-2.306375742E0,3.791494370E0
6.879829417E0,3.215115368E-1,-4.856575966E0,3.621908188E0
6.889843417E0,-7.747187614E-1,-5.476997375E0,3.533963442E0
6.899857417E0,-2.020097494E0,-4.218704700E0,3.092908859E0
6.909870417E0,-3.376396656E0,-1.648844004E0,2.307826281E0
6.919884417E0,-4.090536594E0,1.390609980E0,1.623632669E0
6.929898417E0,-3.812818050E0,3.694788218E0,1.140971184E0
6.939912417E0,-2.683935881E0,4.719888210E0,8.917716146E-1
6.949926417E0,-1.150497913E0,4.502534389E0,1.003253698E0
6.959940417E0,1.562789679E-1,3.531915188E0,1.580172777E0
6.969953417E0,1.033592939E0,1.652918816E0,2.515054703E0
6.979967417E0,1.389574170E0,-9.470903277E-1,3.286210060E0
6.989981417E0,1.432897210E0,-3.051466227E0,3.601055384E0
6.999995417E0,1.073528886E0,-3.925773144E0,3.668594360E0
7.010009417E0,3.362008333E-1,-3.361298084E0,3.668031454E0
7.020023417E0,-4.079744816E-1,-1.804811358E0,3.566066265E0
7.030037417E0,-8.497915864E-1,3.855280876E-1,3.275123596E0
7.040050417E0,-9.958609343E-1,2.349817276E0,2.987478733E0
7.050064417E0,-9.074075222E-1,3.580619812E0,2.728818178E0
7.060078417E0,-6.762180328E-1,3.808573246E0,2.260402918E0
7.070092417E0,-4.737746418E-1,2.421827316E0,1.843304753E0
7.080106417E0,-5.634741783E-1,-5.688124299E-1,1.601667643E0
7.090120417E0,-1.241867304E0,-3.532178402E0,1.503401279E0
7.100134417E0,-2.485317230E0,-4.973422050E0,1.740785360E0
7.110147417E0,-3.837634325E0,-5.061495304E0,2.224243402E0
7.120161417E0,-4.838092804E0,-4.656356335E0,2.625327110E0
7.130175417E0,-5.029106140E0,-3.887035370E0,2.909049511E0
7.140189417E0,-4.258218765E0,-2.242113829E0,2.965176344E0
7.150203417E0,-2.859103918E0,-5.000690371E-2,2.756917715E0
7.160217417E0,-1.680271029E0,1.515038490E0,2.343521118E0
7.170230417E0,-9.327381253E-1,2.475701332E0,2.143416166E0
7.180244417E0,-5.675737858E-1,2.282434464E0,2.495814562E0
7.190258417E0,-2.841284871E-1,6.489564776E-1,3.071396112E0
7.200272417E0,1.463147402E-1,-1.586380601E0,3.474622250E0
7.210286417E0,6.491088867E-1,-3.191279888E0,3.694205046E0
7.220300417E0,1.073961139E0,-3.763499975E0,3.890107155E0
7.230314417E0,1.320304275E0,-3.618213415E0,3.981277466E0
7.240327417E0,1.465867877E0,-2.989501238E0,3.908179998E0
7.250341417E0,1.526157022E0,-2.104763508E0,3.700340748E0
7.260355417E0,1.614464402E0,-1.278155684E0,3.395967960E0
7.270369417E0,1.765536785E0,-5.634589195E-1,3.071985483E0
7.280383417E0,1.990660787E0,-1.657983288E-2,2.771810532E0
7.290397417E0,2.291342974E0,3.102715015E-1,2.379493237E0
7.300410417E0,2.686100483E0,3.740425706E-1,1.803172827E0
7.310424417E0,3.102429152E0,9.283754230E-2,1.192849278E0
7.320438417E0,3.667499781E0,-3.983868659E-1,7.570381165E-1
7.330452417E0,4.367941380E0,-9.092187285E-1,3.628537655E-1
7.340466417E0,4.892660618E0,-1.257242918E0,-2.134923264E-2
7.350480417E0,5.164554596E0,-1.439360619E0,-3.385058939E-1
7.360494417E0,5.208457470E0,-1.458290100E0,-5.569451451E-1
7.370507417E0,5.002308369E0,-1.396755099E0,-7.111467123E-1
7.380521417E0,4.543976307E0,-1.393441319E0,-8.828364611E-1
7.390535417E0,3.944110870E0,-1.431194305E0,-1.133998632E0
7.400549417E0,3.387816191E0,-1.385948420E0,-1.407227278E0
7.410563417E0,3.082317114E0,-1.296652317E0,-1.712165594E0
7.420577417E0,3.023186207E0,-1.282427788E0,-2.109070778E0
7.430590417E0,3.048218250E0,-1.313849330E0,-2.496059895E0
7.440604417E0,2.993895531E0,-1.332054973E0,-2.871959448E0
7.450618417E0,2.880069733E0,-1.237379313E0,-3.263153315E0
7.460632417E0,2.767440081E0,-1.054264426E0,-3.728073597E0
7.470646417E0,2.603279591E0,-8.824559450E-1,-4.242201805E0
7.480660417E0,2.361826658E0,-7.008740902E-1,-4.656166553E0
7.490674417E0,2.073935270E0,-5.577041507E-1,-4.962679386E0
7.500687417E0,1.822645903E0,-4.331608713E-1,-5.262406349E0
7.510701417E0,1.602838159E0,-1.542402953E-1,-5.583625317E0
7.520715417E0,1.374535680E0,4.121624231E-1,-5.903607845E0
7.530729833E0,1.282126188E0,1.284218788E0,-6.248571873E0
7.540743833E0,1.523372412E0,2.472878695E0,-6.367925167E0
7.550757833E0,1.842522979E0,3.666637659E0,-6.390593052E0
7.560771833E0,2.023001909E0,4.465196609E0,-6.315919876E0
7.570784833E0,2.218626499E0,4.950481892E0,-6.032529831E0
7.580798833E0,2.506865501E0,5.155900955E0,-5.567486286E0
7.590812833E0,2.795955181E0,4.988097191E0,-5.037806034E0
7.600826833E0,3.010948896E0,4.381904125E0,-4.542328358E0
7.610840833E0,3.269052505E0,3.368379593E0,-4.181745052E0
7.620854833E0,3.625356913E0,2.050288916E0,-4.126300812E0
7.630867833E0,3.976070642E0,6.048582792E-1,-4.372266769E0
7.640881833E0,4.251054287E0,-5.444488525E-1,-4.808351517E0
7.650895833E0,4.501513004E0,-1.273184419E0,-5.244007111E0
7.660909833E0,4.778854370E0,-1.489169836E0,-5.663126945E0
7.670923833E0,5.184867859E0,-1.223823905E0,-6.055489063E0
7.680937833E0,5.763854027E0,-7.096631527E-1,-6.476965427E0
7.690951833E0,6.681309223E0,-3.513497114E-1,-6.917697430E0
7.700964833E0,7.948283672E0,-3.858494759E-1,-7.294462681E0
7.710978833E0,9.345439911E0,-7.940194011E-1,-7.587820053E0
7.720992833E0,1.066917992E1,-1.384952545E0,-7.824067593E0
7.731006833E0,1.160938168E1,-2.011857748E0,-8.048547745E0
7.741020833E0,1.209325886E1,-2.499285460E0,-8.183627129E0
7.751034833E0,1.225270081E1,-2.778080225E0,-8.205446243E0
7.761048833E0,1.228053951E1,-2.833073616E0,-8.021924973E0
7.771061833E0,1.218092918E1,-2.721202850E0,-7.554841518E0
7.781075833E0,1.184408951E1,-2.617697477E0,-6.840585232E0
7.791089833E0,1.132418060E1,-2.620868683E0,-5.940196514E0
7.801103833E0,1.075318432E1,-2.718492985E0,-4.899346828E0
7.811117833E0,1.004740143E1,-2.896764994E0,-3.901945114E0
7.821131833E0,9.460760117E0,-3.535781384E0,-3.011624813E0
7.831144833E0,9.120203018E0,-4.775236607E0,-2.190615892E0
7.841158833E0,8.881628990E0,-6.284373283E0,-1.465627909E0
7.851172833E0,8.699398994E0,-7.531836510E0,-8.466005921E-1
7.861186833E0,8.547314644E0,-8.304440498E0,-3.608123064E-1
7.871200833E0,8.459132195E0,-8.527633667E0,-1.082216054E-1
7.881214833E0,8.642259598E0,-8.073592186E0,-1.402993053E-1
7.891228833E0,9.082851410E0,-7.093429565E0,-2.625527680E-1
7.901241833E0,9.585545540E0,-5.871785164E0,-3.483520746E-1
7.911255833E0,9.980466843E0,-4.786754608E0,-6.932585835E-1
7.921269833E0,1.002376175E1,-3.750313282E0,-9.454562664E-1
7.931283833E0,9.777606964E0,-2.642995834E0,-1.162100315E0
7.941297833E0,9.320552826E0,-1.617780328E0,-1.317089796E0
7.951311833E0,8.736124992E0,-3.484200835E-1,-1.225286126E0
7.961325833E0,8.002565384E0,1.015536427E0,-4.483558238E-1
7.971338833E0,6.329929352E0,2.519245148E0,5.857664347E-1
7.981352833E0,4.349041462E0,3.856159687E0,1.178872466E0
7.991366833E0,3.028656244E0,4.804045200E0,1.466299653E0
8.001380833E0,2.362902880E0,5.082826614E0,1.616408706E0
8.011394833E0,1.951305389E0,4.682243824E0,1.735126734E0
8.021408833E0,1.426391125E0,3.915449619E0,1.938971281E0
8.031421833E0,6.755435467E-1,2.961932898E0,2.197609186E0
8.041435833E0,-1.545891762E-1,1.898080826E0,2.461765051E0
8.051449833E0,-9.911791682E-1,7.892220020E-1,2.668639660E0
8.061463833E0,-1.825697899E0,-4.963215888E-1,2.769778490E0
8.071477833E0,-2.718830824E0,-1.826095462E0,2.787578821E0
8.081491833E0,-3.891665697E0,-2.923251867E0,2.729727268E0
8.091505833E0,-5.264116287E0,-3.513611317E0,2.614963293E0
8.101518833E0,-6.573576450E0,-3.788299799E0,2.472829819E0
8.111532833E0,-7.699687004E0,-4.153670788E0,2.222011805E0
8.121546833E0,-8.631999016E0,-4.421723366E0,1.921230555E0
8.131560833E0,-9.382687569E0,-4.525556564E0,1.617477298E0
8.141574833E0,-1.008667755E1,-4.621973991E0,1.287787080E0
8.151588833E0,-1.087686920E1,-4.671939373E0,1.109624863E0
8.161602833E0,-1.162369251E1,-4.711205482E0,1.111833692E0
8.171615833E0,-1.267615414E1,-4.914983273E0,9.922230840E-1
8.181629833E0,-1.390384865E1,-4.895088196E0,8.549658060E-1
8.191643833E0,-1.490699768E1,-4.390104771E0,6.596101522E-1
8.201657833E0,-1.568758297E1,-3.881613016E0,3.528717160E-1
8.211671833E0,-1.647534370E1,-3.315953493E0,1.370251477E-1
8.221685833E0,-1.673654747E1,-2.880512476E0,2.804899812E-1
8.231698833E0,-1.622900581E1,-2.875107050E0,7.923486829E-1
8.241712833E0,-1.436020279E1,-3.817215204E0,1.331719637E0
8.251726833E0,-1.044731331E1,-3.952389717E0,1.427447557E0
8.261740833E0,-3.480274439E0,-1.532867551E0,1.271944284E0
8.271754833E0,4.124433041E0,1.097465038E0,1.444368839E0
8.281768833E0,9.143993378E0,1.629431129E0,1.717182279E0
8.291782833E0,1.254113674E1,1.812794209E0,2.617390156E0
8.301795833E0,1.409013462E1,2.683360100E0,4.068800926E0
8.311809833E0,1.418961143E1,3.833885431E0,5.042636871E0
8.321823833E0,1.343892288E1,4.979238987E0,5.359421730E0
8.331837833E0,1.283944035E1,5.205024719E0,5.214744091E0
8.341851833E0,1.303641224E1,4.680665016E0,4.626440048E0
8.351865833E0,1.304278278E1,4.881922245E0,4.786382675E0
8.361879833E0,1.168328571E1,6.187600136E0,6.001482487E0
8.371892833E0,8.517317772E0,7.976176262E0,7.219051838E0
8.381906833E0,5.151844978E0,7.772241592E0,7.580517292E0
8.391920833E0,2.881444693E0,4.791324615E0,7.013009548E0
8.401934833E0,1.519264221E0,4.433439076E-1,5.424456596E0
8.411948833E0,-2.460411340E-1,-2.818835258E0,3.518850327E0
8.421962833E0,-3.312852859E0,-4.420272350E0,1.172935486E0
8.431975833E0,-6.847333908E0,-4.949867725E0,-7.957631946E-1
8.441989833E0,-9.866156578E0,-5.052983761E0,-1.939721942E0
8.452003833E0,-1.136548901E1,-4.482767105E0,-2.363090277E0
8.462017833E0,-1.227836323E1,-2.963020325E0,-2.883465290E0
8.472031833E0,-1.250997257E1,-1.141427755E0,-3.071099997E0
8.482045833E0,-1.187660122E1,1.072921515E0,-2.750993967E0
8.492059833E0,-1.079698944E1,2.748853922E0,-2.335706472E0
8.502072833E0,-8.749824524E0,3.748596668E0,-1.820932388E0
8.512086833E0,-5.058733940E0,4.825712681E0,-5.760207772E-1
8.522100833E0,-2.895669639E-1,5.752920151E0,1.773661971E0
8.532113583E0,3.027837992E0,4.847584724E0,4.276303768E0
8.542127583E0,4.999242783E0,3.393337727E0,6.990326405E0
8.552141583E0,6.159995079E0,1.461760402E0,8.964627266E0
8.562154583E0,7.128171444E0,-1.076394677E0,9.884567261E0
8.572168583E0,7.948964119E0,-3.234788895E0,1.036232471E1
8.582182583E0,8.567195892E0,-4.258097649E0,1.040132523E1
8.592196583E0,8.513235092E0,-3.784592152E0,1.002596474E1
8.602210583E0,6.787071705E0,-2.328766346E0,8.922247887E0
8.612224583E0,2.977784634E0,-6.365987062E-1,6.838195801E0
8.622238583E0,-1.148561001E0,5.760394335E-1,4.118057728E0
8.632251583E0,-4.367959023E0,1.068868041E0,1.200924516E0
8.642265583E0,-6.564596653E0,1.187116981E0,-1.592949867E0
8.652279583E0,-8.326915741E0,1.240863323E0,-3.776030540E0
8.662293583E0,-9.791736603E0,1.612347484E0,-4.892946720E0
8.672307583E0,-1.070945263E1,1.817760587E0,-4.979803562E0
8.682321583E0,-1.032153416E1,1.692900419E0,-3.944374800E0
8.692335583E0,-8.066958427E0,6.641993523E-1,-2.074302435E0
8.702348583E0,-3.581879854E0,3.029735386E-2,2.851588130E-1
8.712362583E0,1.172893643E0,-7.646584511E-2,2.728695154E0
8.722376583E0,3.597871065E0,-2.440370470E-1,4.792260170E0
8.732390583E0,4.458199024E0,3.967402875E-1,6.751658440E0
8.742404583E0,4.643970490E0,7.528114915E-1,8.208940506E0
8.752418583E0,4.855987072E0,-1.958272420E-2,8.796997070E0
8.762431583E0,5.628841877E0,-1.731143355E0,8.766098022E0
8.772445583E0,6.353582382E0,-4.257749081E0,8.333000183E0
8.782459583E0,5.369007587E0,-6.305356503E0,7.126619816E0
8.792473583E0,1.994132042E0,-6.294609070E0,5.370599747E0
8.802487583E0,-2.480740309E0,-3.579775333E0,3.536186934E0
8.812501583E0,-6.823263645E0,-8.983590603E-1,1.118479729E0
8.822515583E0,-1.001246834E1,6.211507320E-1,-1.276060939E0
8.832528583E0,-1.069919777E1,2.157823801E0,-2.432206631E0
8.842542583E0,-1.026613331E1,3.338654757E0,-2.684749603E0
8.852556583E0,-8.837213516E0,3.348494768E0,-2.254419565E0
8.862570583E0,-6.280741215E0,2.818134308E0,-1.082861066E0
8.872584583E0,-1.827252984E0,2.956593990E0,4.755419493E-1
8.882598583E0,2.323210001E0,3.081439257E0,1.634242654E0
8.892611583E0,4.237774849E0,3.391997814E0,2.875584841E0
8.902625583E0,4.605313301E0,4.571448326E0,4.714041710E0
8.912639583E0,4.221247673E0,5.356997490E0,6.401650429E0
8.922653583E0,3.974081278E0,4.904422760E0,7.674491405E0
8.932667583E0,4.591354847E0,2.574487686E0,8.291110039E0
8.942681583E0,5.613057613E0,-2.021517038E0,8.288947105E0
8.952695583E0,4.992090702E0,-7.053222179E0,7.012826920E0
8.962708583E0,1.715304852E0,-8.600325584E0,5.478797436E0
8.972722583E0,-2.624300003E0,-6.318341255E0,4.220949173E0
8.982736583E0,-6.775169849E0,-3.600930214E0,2.334434509E0
8.992750583E0,-9.479022026E0,-1.712962031E0,3.053922951E-1
9.002764583E0,-9.712613106E0,1.061826944E-1,-8.587862253E-1
9.012778583E0,-8.842060089E0,1.588276625E0,-1.250429153E0
9.022792583E0,-6.979004860E0,2.061913967E0,-1.081953764E0
9.032805583E0,-3.964342117E0,2.343226433E0,-3.502396941E-1
9.042819583E0,6.953528523E-2,2.858578682E0,7.459955812E-1
9.052833583E0,2.933921337E0,3.260627985E0,1.744342804E0
9.062847583E0,4.390913963E0,3.972570658E0,3.086763144E0
9.072861583E0,4.870322227E0,4.632764816E0,4.686439991E0
9.082875583E0,4.706896305E0,4.307281017E0,6.233291626E0
9.092888583E0,4.558142185E0,2.634899616E0,7.150841713E0
9.102902583E0,4.551940441E0,-7.416948676E-1,7.352243900E0
9.112916583E0,3.870113134E0,-5.055200577E0,6.725549221E0
9.122930583E0,1.841111302E0,-7.509679794E0,5.534790993E0
9.132944583E0,-1.177209735E0,-6.479203224E0,4.431218624E0
9.142958583E0,-4.499735832E0,-4.058071613E0,3.161462784E0
9.152972583E0,-6.874195099E0,-1.577684760E0,1.762365580E0
9.162985583E0,-8.046408653E0,9.426580071E-1,6.103358269E-1
9.172999583E0,-7.901111126E0,2.811727047E0,-1.573693603E-1
9.183013583E0,-6.265029430E0,3.935725689E0,-2.200810611E-1
9.193027583E0,-3.563245535E0,4.346695423E0,3.657262325E-1
9.203041583E0,-5.673911572E-1,4.313374519E0,1.103520274E0
9.213055583E0,2.002693176E0,3.702853680E0,1.868229389E0
9.223068583E0,3.681833267E0,3.308972359E0,3.333063364E0
9.233082583E0,4.048543453E0,3.029949427E0,5.006680489E0
9.243096583E0,3.652415276E0,2.255698204E0,6.247496605E0
9.253110583E0,3.252834320E0,4.496024549E-1,6.702055454E0
9.263124583E0,2.934537649E0,-2.471223354E0,6.518362522E0
9.273138583E0,1.842139244E0,-5.244520187E0,5.910097599E0
9.283152583E0,-8.104015887E-2,-5.676557064E0,4.955407619E0
9.293165583E0,-2.316640615E0,-4.031682968E0,3.978542566E0
9.303179583E0,-4.335490227E0,-1.813479185E0,2.799348593E0
9.313193583E0,-5.796785355E0,4.111066163E-1,1.460478544E0
9.323207583E0,-6.020592690E0,2.785629988E0,4.287467599E-1
9.333221583E0,-4.884829521E0,4.343717098E0,3.011284024E-2
9.343235583E0,-2.819374561E0,4.637665749E0,1.913765073E-1
9.353248583E0,-3.902746737E-1,3.946559906E0,1.049392939E0
9.363262583E0,1.368809223E0,2.348390579E0,2.411978960E0
9.373276583E0,2.221901417E0,6.585951447E-1,3.879840851E0
9.383290583E0,2.607322931E0,-7.984843254E-1,4.902937889E0
9.393304583E0,2.623509169E0,-2.463092327E0,5.117981911E0
9.403318583E0,2.002328157E0,-3.839534998E0,4.595396996E0
9.413332583E0,7.361295223E-1,-3.697288513E0,3.779189110E0
9.423345583E0,-1.179805517E0,-2.172078371E0,2.769781351E0
9.433359583E0,-2.930903673E0,-1.337529719E-1,1.938055992E0
9.443373583E0,-4.091749668E0,1.236641526E0,1.267035961E0
9.453387583E0,-4.450726032E0,1.757805586E0,7.856536508E-1
9.463401583E0,-3.839111328E0,1.975135446E0,7.683817744E-1
9.473415583E0,-2.450694323E0,1.709449410E0,1.085186362E0
9.483428583E0,-6.287347078E-1,9.580156207E-1,1.534289241E0
9.493442583E0,1.339662552E0,7.059791684E-2,2.039291382E0
9.503456583E0,3.052141190E0,-7.197222710E-1,2.545034885E0
9.513470583E0,4.116885185E0,-9.152901769E-1,3.200020313E0
9.523484583E0,4.231916904E0,-9.711527228E-1,3.632776737E0
9.533499167E0,3.709099770E0,-1.246496916E0,3.799707890E0
9.543513167E0,2.544286966E0,-2.323966503E0,3.689938307E0
9.553526167E0,7.718828321E-1,-3.666798115E0,3.378511190E0
9.563540167E0,-1.158328176E0,-4.257376671E0,3.175168514E0
9.573554167E0,-2.955431223E0,-3.870777607E0,2.974573374E0
9.583568167E0,-4.435210705E0,-3.012948036E0,2.640944481E0
9.593582167E0,-5.347742081E0,-1.967211127E0,2.267792225E0
9.603596167E0,-5.625334740E0,-6.625918150E-1,1.839926124E0
9.613609167E0,-5.154096603E0,6.764211059E-1,1.334930420E0
9.623623167E0,-4.101063728E0,1.907832265E0,9.169592261E-1
9.633637167E0,-2.266050100E0,2.853489161E0,7.950727344E-1
9.643651167E0,-3.184770346E-1,2.690663576E0,7.415297627E-1
9.653665167E0,1.317589879E0,1.629139066E0,1.191263676E0
9.663679167E0,2.524915218E0,-3.260010108E-2,2.048576593E0
9.673693167E0,3.114451885E0,-2.068363190E0,2.713021994E0
9.683706167E0,2.739787340E0,-3.466207504E0,2.900127172E0
9.693720167E0,1.004043221E0,-3.460342169E0,2.810384035E0
9.703734167E0,-1.729616046E0,-2.261552811E0,2.639756680E0
9.713748167E0,-4.170165062E0,-6.041924953E-1,2.300873995E0
9.723762167E0,-5.729001522E0,8.400160074E-1,1.719640851E0
9.733776167E0,-6.551772118E0,1.806448340E0,1.032389522E0
9.743789167E0,-6.777371883E0,2.327169418E0,4.720332623E-1
9.753803167E0,-6.475613594E0,2.504106522E0,8.932238072E-2
9.763817167E0,-5.618436337E0,2.282450438E0,-5.586443841E-2
9.773831167E0,-4.274045467E0,1.527900696E0,-1.561955176E-2
9.783845167E0,-3.000127316E0,3.089738190E-1,-1.893802434E-1
9.793859167E0,-1.459454298E0,-8.694946766E-1,-4.119925797E-1
9.803872167E0,-5.986129865E-2,-1.618063807E0,-6.427608728E-1
9.813886167E0,1.088283896E0,-1.975827575E0,-5.511239171E-1
9.823900167E0,2.097757816E0,-1.945648789E0,-2.119959891E-1
9.833914167E0,3.630178928E0,-1.652193308E0,3.625317216E-1
9.843928167E0,5.056698322E0,-1.416328907E0,6.479271054E-1
9.853942167E0,5.999235153E0,-1.627251506E0,6.704073548E-1
9.863956167E0,6.878775120E0,-1.947442412E0,5.725584030E-1
9.873969167E0,7.572747231E0,-2.153022051E0,3.020584285E-1
9.883983167E0,8.054116249E0,-2.213503838E0,-1.023776904E-1
9.893997167E0,8.310681343E0,-2.306972504E0,-5.796015263E-1
9.904011167E0,8.360162735E0,-2.396908283E0,-1.106262207E0
9.914025167E0,8.302108765E0,-2.342022896E0,-1.603197455E0
9.924039167E0,8.222068787E0,-2.105736494E0,-2.016067743E0
9.934052167E0,8.050785065E0,-1.822759151E0,-2.422139883E0
9.944066167E0,7.678084373E0,-1.632925987E0,-2.941108465E0
9.954080167E0,6.996753216E0,-1.412041783E0,-3.463252068E0
9.964094167E0,6.042873383E0,-1.087346554E0,-3.896495581E0
9.974108167E0,4.939797401E0,-8.125083447E-1,-4.452892303E0
9.984122167E0,3.873654127E0,-5.434598923E-1,-4.927307606E0
9.994135167E0,2.901799679E0,-1.954627931E-1,-5.223659515E0
1.000414917E1,2.082461119E0,2.340535372E-1,-5.425342083E0
1.001416317E1,1.596250415E0,7.050620914E-1,-5.569902897E0
1.002417717E1,1.492520928E0,1.312266111E0,-5.640270710E0
1.003419117E1,1.719846010E0,1.979891300E0,-5.699488163E0
1.004420517E1,2.240365028E0,2.524113894E0,-5.792344093E0
1.005421917E1,2.845478296E0,2.829488516E0,-5.820668697E0
1.006423217E1,3.293224335E0,3.060907602E0,-5.790287971E0
1.007424617E1,3.572145700E0,3.085557699E0,-5.704843044E0
1.008426017E1,3.715142250E0,2.934012175E0,-5.628385544E0
1.009427417E1,3.706969976E0,2.700622320E0,-5.663944721E0
1.010428817E1,3.521045446E0,2.306165457E0,-5.703242302E0
1.011430217E1,3.144369602E0,1.883139729E0,-5.626592636E0
1.012431517E1,2.704379797E0,1.656451464E0,-5.251173973E0
1.013432917E1,2.459139109E0,1.518323421E0,-4.576855659E0
1.014434317E1,2.441513777E0,1.289999962E0,-3.938090563E0
1.015435717E1,2.743011236E0,7.964491248E-1,-3.675931931E0
1.016437117E1,3.369511843E0,3.509766608E-2,-3.889955997E0
1.017438517E1,4.257090569E0,-7.616679668E-1,-4.543794155E0
1.018439817E1,5.306914806E0,-1.406639695E0,-5.558572292E0
1.019441217E1,6.219445229E0,-1.621055841E0,-6.626722336E0
1.020442617E1,6.866480350E0,-1.320435166E0,-7.500068188E0
1.021444017E1,7.238227844E0,-7.630766034E-1,-7.997585297E0
1.022445417E1,7.440823555E0,-4.260935783E-1,-8.110466003E0
1.023446817E1,7.816154480E0,-4.515467286E-1,-7.952911377E0
1.024448217E1,8.361331940E0,-7.800127864E-1,-7.706352711E0
1.025449517E1,8.915737152E0,-1.486123800E0,-7.613438129E0
1.026450917E1,9.501843452E0,-2.279642344E0,-7.731033802E0
1.027452317E1,1.023100090E1,-2.661261082E0,-8.018879890E0
1.028453717E1,1.077305984E1,-2.627695084E0,-8.325371742E0
1.029455117E1,1.089113998E1,-2.257806540E0,-8.422162056E0
1.030456517E1,1.062438297E1,-1.580607653E0,-8.111084938E0
1.031457817E1,1.016191959E1,-5.865625143E-1,-7.418108463E0
1.032459217E1,9.739431381E0,5.833954215E-1,-6.566119671E0
1.033460617E1,9.411576271E0,1.518089890E0,-5.835231781E0
1.034462017E1,9.337484360E0,1.644236445E0,-5.141128540E0
1.035463417E1,9.679177284E0,9.953469038E-1,-4.477487087E0
1.036464817E1,1.054288101E1,-1.996874809E-1,-3.859123468E0
1.037466117E1,1.168957233E1,-1.509881854E0,-3.169800520E0
1.038467517E1,1.274831104E1,-2.562173843E0,-2.327592850E0
1.039468917E1,1.361304474E1,-3.061519623E0,-1.496613741E0
1.040470317E1,1.423373795E1,-3.290237665E0,-1.010684848E0
1.041471717E1,1.450274658E1,-3.480838537E0,-7.325844169E-1
1.042473117E1,1.436651897E1,-3.597027063E0,-5.701556802E-1
1.043474517E1,1.391689396E1,-3.565721750E0,-6.906735301E-1
1.044475817E1,1.307784462E1,-3.471360445E0,-9.233762026E-1
1.045477217E1,1.163853168E1,-3.129365206E0,-8.003440499E-1
1.046478617E1,9.829735756E0,-2.260621548E0,-3.827718198E-1
1.047480017E1,8.398287773E0,-1.899186134E0,-4.798878357E-2
1.048481417E1,7.527141571E0,-2.630546331E0,1.257781684E-1
1.049482817E1,7.084090710E0,-4.479533672E0,2.291293293E-1
1.050484117E1,6.675624371E0,-7.536070347E0,4.026110768E-1
1.051485517E1,5.982085705E0,-1.049753761E1,6.112881303E-1
1.052486917E1,5.436298847E0,-1.220473289E1,8.594144583E-1
1.053488292E1,5.201231003E0,-1.254628372E1,8.687387109E-1
1.054489692E1,4.916988373E0,-1.226488113E1,5.145645738E-1
1.055491092E1,4.346591949E0,-1.146065044E1,-1.387767196E-1
1.056492392E1,3.407116413E0,-1.002263355E1,-9.562208056E-1
1.057493792E1,2.174114227E0,-8.090376854E0,-1.787472129E0
1.058495192E1,9.569079280E-1,-5.881236076E0,-2.468619823E0
1.059496592E1,-1.450721323E-1,-3.771078348E0,-2.971394539E0
1.060497992E1,-9.598980546E-1,-1.961893201E0,-3.199463844E0
1.061499392E1,-1.410693169E0,-3.419427276E-1,-3.169909477E0
1.062500692E1,-1.385510921E0,9.140908122E-1,-3.026023626E0
1.063502092E1,-1.001523256E0,1.577702641E0,-2.710640907E0
1.064503492E1,-4.488853216E-1,1.581293702E0,-1.979892135E0
1.065504892E1,2.092270404E-1,8.735373020E-1,-1.056597114E0
1.066506292E1,1.024868727E0,-7.277989388E-1,-1.964102536E-1
1.067507692E1,1.902327657E0,-2.847564220E0,3.998257220E-1
1.068509092E1,2.534536600E0,-5.126456261E0,7.036409974E-1
1.069510392E1,2.721573830E0,-7.101518631E0,6.524750590E-1
1.070511792E1,2.526374340E0,-8.147467613E0,3.471069038E-1
1.071513192E1,1.722894311E0,-8.000561714E0,2.382968217E-1
1.072514592E1,2.454905808E-1,-7.004920006E0,7.926210761E-1
1.073515992E1,-1.494173527E0,-5.101647377E0,1.460019469E0
1.074517392E1,-3.060870409E0,-2.609771490E0,1.908802509E0
1.075518692E1,-4.048653126E0,-1.407379359E-1,2.146769524E0
1.076520092E1,-4.622733593E0,1.653275728E0,2.419901371E0
1.077521492E1,-5.019561768E0,2.787802935E0,2.804752827E0
1.078522892E1,-5.505944729E0,3.545751095E0,3.125930071E0
1.079524292E1,-6.250114441E0,3.599195719E0,3.086599350E0
1.080525692E1,-7.082103252E0,2.997351170E0,2.800811529E0
1.081526992E1,-7.786296368E0,2.049664736E0,2.467416525E0
1.082528392E1,-8.221014023E0,1.020115614E0,2.154144049E0
1.083529792E1,-8.530259132E0,6.837965548E-2,1.830396533E0
1.084531192E1,-8.859956741E0,-7.198328972E-1,1.463530302E0
1.085532592E1,-9.185666084E0,-1.136268497E0,1.107719779E0
1.086533992E1,-9.563469887E0,-1.051999331E0,8.781249523E-1
1.087535292E1,-1.016644764E1,-7.919192910E-1,8.825034499E-1
1.088536692E1,-1.062909794E1,-3.870852590E-1,9.983242750E-1
1.089538092E1,-1.084625149E1,1.474929601E-1,1.267534971E0
1.090539492E1,-1.082707119E1,9.091719389E-1,1.631560802E0
1.091540892E1,-1.039365864E1,1.623101592E0,2.104261398E0
1.092542292E1,-8.890526772E0,2.053223372E0,2.530917883E0
1.093543592E1,-5.707645893E0,2.409627438E0,3.000984430E0
1.094544992E1,-8.975288868E-1,2.725539923E0,3.498418808E0
1.095546392E1,4.320215702E0,2.242300987E0,3.957777262E0
1.096547792E1,8.598464012E0,1.200312614E0,4.378631592E0
1.097549192E1,1.189610672E1,7.342616320E-1,4.789870262E0
1.098550592E1,1.377631950E1,6.482167840E-1,4.862225533E0
1.099551892E1,1.425398731E1,4.624933004E-1,4.907617092E0
1.100553292E1,1.404995823E1,-3.750718236E-1,4.831265926E0
1.101554692E1,1.370089436E1,-1.912685633E0,4.644808292E0
1.102556092E1,1.373232651E1,-2.420640707E0,4.472909451E0
1.103557492E1,1.387475872E1,-1.633888721E0,4.832167625E0
1.104558892E1,1.286057091E1,3.207956254E-1,5.917182446E0
1.105560192E1,1.093957329E1,2.491573334E0,6.318457603E0
1.106561592E1,9.525520325E0,3.495382547E0,6.258980274E0
1.107562992E1,7.954422474E0,3.275819540E0,5.909207344E0
1.108564392E1,6.053717613E0,2.527064323E0,5.395343304E0
1.109565792E1,3.799494267E0,1.324945092E0,5.000604630E0
1.110567192E1,9.431454539E-1,-1.912609786E-1,4.665578365E0
1.111568492E1,-2.129628897E0,-1.684569955E0,3.880436659E0
1.112569892E1,-4.930914879E0,-2.892277956E0,2.718591213E0
1.113571292E1,-7.282412529E0,-2.946012974E0,2.137436867E0
1.114572692E1,-9.329302788E0,-1.988857865E0,1.746900916E0
1.115574092E1,-1.058736897E1,-1.406675935E0,1.337981820E0
1.116575492E1,-1.110977936E1,-9.710138440E-1,1.167361140E0
1.117576792E1,-1.160645866E1,-4.897854328E-1,1.062707663E0
1.118578192E1,-1.249819279E1,-7.304119319E-2,9.311063886E-1
1.119579592E1,-1.439759827E1,1.682521254E-1,9.969541430E-1
1.120580992E1,-1.510069180E1,1.062962532E0,1.501844645E0
1.121582392E1,-1.299803162E1,2.050266027E0,2.010986567E0
1.122583792E1,-7.054118156E0,1.969079137E0,2.713601112E0
1.123585092E1,1.404380202E0,1.751440883E0,4.159458637E0
1.124586492E1,7.666086674E0,3.723574877E-1,5.695188522E0
1.125587892E1,1.154731941E1,-4.529697001E-1,7.287511826E0
1.126589292E1,1.340578461E1,-4.946418703E-1,8.104322433E0
1.127590692E1,1.435629654E1,-1.025379539E0,7.602616787E0
1.128592092E1,1.460108471E1,-1.963534236E0,6.890187263E0
1.129593392E1,1.340110493E1,-3.051665306E0,6.607153893E0
1.130594792E1,1.003931904E1,-4.034991264E0,5.970621586E0
1.131596192E1,5.986561775E0,-3.383379459E0,4.813909054E0
1.132597592E1,1.454607129E0,-1.587162614E0,2.690663815E0
1.133598992E1,-3.263795137E0,4.208048582E-1,2.644228935E-1
1.134600392E1,-7.080610275E0,2.351677418E0,-1.601172566E0
1.135601692E1,-9.293150902E0,4.270070076E0,-2.649943590E0
1.136603092E1,-1.024841976E1,6.288167477E0,-2.960939169E0
1.137604492E1,-1.051908970E1,7.601631165E0,-3.111820936E0
1.138605892E1,-9.570478439E0,7.093864918E0,-2.880117655E0
1.139607292E1,-6.532871723E0,4.768856049E0,-2.204430342E0
1.140608692E1,-1.790222764E0,1.766507983E0,-7.642799616E-1
1.141609992E1,2.657408953E0,-2.254683524E-1,1.215999961E0
1.142611392E1,5.327597618E0,-1.059848547E0,3.681604862E0
1.143612792E1,6.754774094E0,-1.071169376E0,6.210220814E0
1.144614192E1,7.299574375E0,-1.017744064E0,7.439063549E0
1.145615592E1,7.050551414E0,-1.117057443E0,6.834134102E0
1.146616992E1,5.720061302E0,-1.347054958E0,5.289159298E0
1.147618292E1,3.012448072E0,-1.256927729E0,3.450608730E0
1.148619692E1,-7.549048066E-1,-4.935027659E-1,1.750638366E0
1.149621092E1,-5.359177589E0,5.419608951E-1,-9.119079262E-2
1.150622492E1,-9.452496529E0,1.708298683E0,-1.326933026E0
1.151623892E1,-1.220695972E1,2.703524113E0,-2.066434860E0
1.152625292E1,-1.156992531E1,4.338858604E0,-1.677509308E0
1.153626592E1,-9.035640717E0,5.005271912E0,-9.768435359E-1
1.154627992E1,-4.865530014E0,3.375856161E0,-5.610992312E-1
1.155629392E1,7.217997909E-1,1.140371561E0,1.687083691E-1
1.156630792E1,4.737811089E0,-1.348581016E-1,1.120721459E0
1.157632192E1,6.835650921E0,5.684687942E-2,2.556770563E0
1.158633592E1,7.682947636E0,9.274615049E-1,4.604038715E0
1.159634892E1,7.477580070E0,1.231694102E0,6.324910164E0
1.160636292E1,6.750224113E0,7.716942430E-1,6.623495579E0
1.161637692E1,5.079095840E0,-9.566275477E-1,5.358469486E0
1.162639092E1,2.248846769E0,-3.036208153E0,3.639411926E0
1.163640492E1,-1.292063832E0,-3.071874142E0,2.351494312E0
1.164641892E1,-5.544579029E0,-1.604264498E0,1.197115183E0
1.165643192E1,-8.835390091E0,-1.665481329E-1,3.225421309E-1
1.166644592E1,-9.731764793E0,1.692291379E0,1.635257751E-1
1.167645992E1,-9.148759842E0,3.206493616E0,2.871763408E-1
1.168647392E1,-6.894480228E0,3.589209080E0,5.963012576E-1
1.169648792E1,-3.157207966E0,3.239780426E0,9.468870163E-1
1.170650192E1,3.468471766E-1,2.837512970E0,1.126321673E0
1.171651492E1,2.706990004E0,2.274613857E0,1.426144004E0
1.172652892E1,4.454903603E0,2.335971117E0,2.162157059E0
1.173654292E1,5.452840328E0,2.180818796E0,3.760922670E0
1.174655692E1,5.859714508E0,1.008439660E0,5.675242901E0
1.175657092E1,5.979655743E0,-1.172145128E0,6.563455105E0
1.176658492E1,5.509898186E0,-3.798584223E0,6.020924568E0
1.177659792E1,3.688950777E0,-5.750855446E0,4.743145466E0
1.178661192E1,9.034934044E-1,-4.846418381E0,3.730614185E0
1.179662592E1,-2.311886787E0,-2.039189816E0,2.707139492E0
1.180663992E1,-5.226583481E0,9.071873426E-1,1.565914989E0
1.181665392E1,-6.955778599E0,3.478186131E0,8.593559265E-1
1.182666792E1,-7.594219208E0,5.199119568E0,4.093238115E-1
1.183668092E1,-6.685649872E0,5.733547688E0,2.232879102E-1
1.184669492E1,-4.090176105E0,5.211251259E0,4.064887464E-1
1.185670892E1,-4.969616830E-1,4.038798809E0,1.228881717E0
1.186672292E1,2.174455881E0,1.992690444E0,2.395899296E0
1.187673692E1,3.876936913E0,1.559876502E-1,4.161028385E0
1.188674992E1,4.820073128E0,-1.224226475E0,5.677837849E0
1.189676392E1,5.362522125E0,-2.808561802E0,6.231270313E0
1.190677792E1,5.346137047E0,-4.405880451E0,5.748811722E0
1.191679192E1,3.765138865E0,-4.516332150E0,4.766302586E0
1.192680592E1,4.877515137E-1,-2.826025248E0,3.709472656E0
1.193681992E1,-3.406052113E0,-2.310043871E-1,2.714249611E0
1.194683292E1,-6.998506546E0,2.096901178E0,1.429710984E0
1.195684692E1,-8.942982674E0,3.634586096E0,5.022512674E-1
1.196686092E1,-8.921788216E0,5.030226231E0,1.388901472E-1
1.197687492E1,-7.196736336E0,5.178996086E0,1.187081784E-1
1.198688892E1,-3.489563465E0,3.853733778E0,6.195046902E-1
1.199690292E1,8.143058419E-1,9.372207522E-1,1.563377380E0
1.200691592E1,3.884756565E0,-2.291172981E0,2.934509277E0
1.201692992E1,5.729803085E0,-3.902778864E0,4.513153076E0
1.202694392E1,6.286727428E0,-3.850288630E0,5.471937656E0
1.203695792E1,5.715788364E0,-2.701785803E0,5.707997322E0
1.204697192E1,4.275136471E0,-9.483929276E-1,5.528862476E0
1.205698592E1,2.274572134E0,9.284207821E-1,4.905910015E0
1.206699892E1,1.160930172E-1,1.946441770E0,3.989920378E0
1.207701292E1,-1.753938437E0,1.970274925E0,3.073187113E0
1.208702692E1,-2.912807465E0,1.817843318E0,2.471384048E0
1.209704092E1,-3.643593311E0,1.273940325E0,1.997836709E0
1.210705492E1,-4.066671371E0,4.414074421E-1,1.595866203E0
1.211706792E1,-4.090694904E0,-3.465065956E-1,1.623481393E0
1.212708192E1,-3.499883413E0,-6.725688577E-1,1.969191670E0
1.213709592E1,-2.222716093E0,-4.748816192E-1,2.237615585E0
1.214710992E1,-5.377805829E-1,7.560066879E-2,2.325060129E0
1.215712392E1,7.944044471E-1,8.585031629E-1,2.325493813E0
1.216713792E1,1.315317035E0,1.521936536E0,2.257869005E0
1.217715092E1,1.292050600E0,2.147542953E0,2.464834213E0
1.218716492E1,8.627788424E-1,2.561594725E0,2.708325863E0
1.219717892E1,7.380995899E-2,2.400789261E0,2.818377972E0
1.220719292E1,-1.011882305E0,1.999672413E0,2.837988615E0
1.221720692E1,-2.009074688E0,1.570174217E0,2.829701662E0
1.222722092E1,-2.497768402E0,1.191846490E0,2.888396978E0
1.223723392E1,-2.475335598E0,7.564595938E-1,2.920642138E0
1.224724792E1,-1.880829811E0,7.671672702E-1,2.870679379E0
1.225726192E1,-8.512287736E-1,8.766543865E-1,2.890139103E0
1.226727592E1,4.527456462E-1,5.121772885E-1,2.907608032E0
1.227728992E1,1.563715816E0,-1.279864311E-1,2.708911419E0
1.228730392E1,2.276494980E0,-6.745666862E-1,2.578210592E0
1.229731692E1,2.515912056E0,-8.758989573E-1,2.610087156E0
1.230733092E1,2.031455517E0,-6.942849159E-1,2.635609627E0
1.231734492E1,8.816204667E-1,-2.291404307E-1,2.486842155E0
1.232735892E1,-5.455188155E-1,2.763225138E-1,2.168515444E0
1.233737292E1,-2.092662811E0,8.482280374E-1,1.649994731E0
1.234738592E1,-3.493591785E0,1.470752954E0,1.075309873E0
1.235739992E1,-4.594631195E0,2.059134245E0,7.205392718E-1
1.236741392E1,-5.119665146E0,2.582643747E0,4.963051379E-1
1.237742792E1,-5.424379349E0,2.524317503E0,2.885069549E-1
1.238744192E1,-5.100585938E0,1.845688581E0,1.566754878E-1
1.239745592E1,-3.560129881E0,1.032230020E0,2.011337578E-1
1.240746892E1,-1.146078587E0,1.159087718E-1,2.945265472E-1
1.241748292E1,1.523550510E0,-5.618766546E-1,4.666652977E-1
1.242749692E1,3.556211710E0,-9.095016718E-1,6.916429400E-1
1.243751092E1,4.412807941E0,-9.846930504E-1,1.022265553E0
1.244752492E1,4.204118252E0,-6.660029292E-1,1.371707797E0
1.245753892E1,3.130985737E0,-1.167405993E-1,1.532559991E0
1.246755192E1,1.616715670E0,2.625313103E-1,1.399752855E0
1.247756592E1,7.942669839E-2,4.113692641E-1,1.041364074E0
1.248757992E1,-1.190919876E0,6.841432452E-1,6.354134679E-1
1.249759392E1,-1.645552397E0,1.121846199E0,4.960822165E-1
1.250760792E1,-1.664803863E0,1.606843472E0,4.931105077E-1
1.251762092E1,-1.553806305E0,1.813975096E0,5.947763920E-1
1.252763492E1,-1.438613892E0,1.885953546E0,6.346970797E-1
1.253764896E1,-1.205624342E0,2.102124453E0,7.101668119E-1
1.254766296E1,-8.922531009E-1,2.482489347E0,7.732235193E-1
1.255767696E1,-6.798793077E-1,2.568230629E0,6.184722781E-1
1.256769096E1,-6.305291057E-1,2.420208693E0,2.812980115E-1
1.257770396E1,-6.403087974E-1,2.252125502E0,3.415025026E-2
1.258771796E1,-6.211441159E-1,2.130565882E0,1.404806525E-1
1.259773196E1,-5.973815322E-1,2.148351908E0,4.021846950E-1
1.260774596E1,-4.760405123E-1,2.149705410E0,4.634347260E-1
1.261775996E1,-9.355944395E-2,2.201970100E0,3.104680777E-1
1.262777396E1,4.315379560E-1,2.342966318E0,1.128493398E-1
1.263778696E1,9.137519598E-1,2.694571257E0,-9.267692268E-2
1.264780096E1,1.107436061E0,3.179475546E0,-1.365074366E-1
1.265781496E1,9.012578130E-1,3.717588186E0,-6.185374223E-3
1.266782896E1,5.264881849E-1,4.329780102E0,2.639864683E-1
1.267784296E1,3.427183628E-1,4.786142349E0,9.104688168E-1
1.268785596E1,2.800245583E-1,5.609386921E0,1.708084941E0
1.269786996E1,8.820734024E-1,5.779072285E0,2.255100250E0
1.270788396E1,1.939087391E0,5.028226376E0,2.815045357E0
1.271789796E1,3.304040194E0,3.682154655E0,3.112962961E0
1.272791196E1,4.675385952E0,2.249063730E0,3.044626713E0
1.273792596E1,5.602809906E0,8.372485638E-1,2.858793497E0
1.274793896E1,6.103644848E0,-4.515701830E-1,2.946601391E0
1.275795296E1,6.450264454E0,-1.497575641E0,3.279183149E0
1.276796696E1,6.731770515E0,-2.288382769E0,3.896433830E0
1.277798096E1,6.976844311E0,-2.645364523E0,4.933699131E0
1.278799496E1,8.045151711E0,-2.920641661E0,5.550667286E0
1.279800896E1,9.554683685E0,-3.008198977E0,5.485424519E0
1.280802196E1,1.103966713E1,-2.995464802E0,4.987905979E0
1.281803596E1,1.179176617E1,-2.751273394E0,4.381239414E0
1.282804996E1,1.093151283E1,-2.313731909E0,3.630430460E0
1.283806396E1,8.701622009E0,-1.941964388E0,2.996902466E0
1.284807796E1,5.917049885E0,-2.038152695E0,2.432019711E0
1.285809096E1,3.703393698E0,-2.570727587E0,1.620969415E0
1.286810496E1,2.263467073E0,-3.515453577E0,6.784987450E-1
1.287811896E1,1.266407371E0,-4.208858490E0,-1.415543109E-1
1.288813296E1,1.590842009E-1,-4.441758156E0,-8.437596560E-1
1.289814696E1,-8.443446159E-1,-4.251570225E0,-1.461601257E0
1.290816096E1,-1.724294662E0,-3.828751564E0,-2.108140707E0
1.291817396E1,-2.605381250E0,-3.122932196E0,-2.907125711E0
1.292818796E1,-3.426525116E0,-2.323199987E0,-3.775464535E0
1.293820196E1,-4.240689278E0,-1.606777787E0,-4.637099743E0
1.294821596E1,-5.237357616E0,-9.640116692E-1,-5.508604527E0
1.295822996E1,-6.230885029E0,-3.868879378E-1,-6.374725342E0
1.296824296E1,-7.238619804E0,3.530004248E-2,-7.204970360E0
1.297825696E1,-8.529075623E0,2.532179952E-1,-8.066451073E0
1.298827096E1,-1.020521164E1,2.947046161E-1,-8.743903160E0
1.299828496E1,-1.191645527E1,6.671431661E-1,-8.727087021E0
1.300829896E1,-1.337084484E1,1.211272955E0,-8.197925568E0
1.301831296E1,-1.340201283E1,2.126892328E0,-7.322916508E0
1.302832596E1,-1.302391815E1,3.136450052E0,-6.612850189E0
1.303833996E1,-1.243436813E1,2.886442900E0,-6.040410995E0
1.304835396E1,-1.168231297E1,9.541635513E-1,-5.395168304E0
1.305836796E1,-9.417652130E0,-2.321490288E0,-4.278906822E0
1.306838196E1,-4.088714600E0,-5.098579407E0,-2.370935678E0
1.307839496E1,3.435429811E0,-6.507324219E0,-3.715298474E-1
1.308840896E1,9.872292519E0,-6.656616688E0,9.022091627E-1
1.309842296E1,1.447169018E1,-6.084747791E0,2.246792316E0
1.310843696E1,1.648646545E1,-4.613960743E0,4.072681427E0
1.311845096E1,1.591231251E1,-1.520827413E0,5.994076252E0
1.312846496E1,1.430482578E1,1.785287857E0,7.565029621E0
1.313847796E1,1.275242043E1,3.493058443E0,7.789069653E0
1.314849196E1,1.203555965E1,2.215143681E0,6.022954464E0
1.315850596E1,1.219352818E1,-1.491405725E0,3.241554976E0
1.316851996E1,1.077309990E1,-4.865329266E0,7.769012451E-1
1.317853396E1,5.535022259E0,-4.352092743E0,-9.266526103E-1
1.318854696E1,-1.926975965E0,-1.335501432E0,-3.157474756E0
1.319856096E1,-7.897789478E0,1.812480688E0,-5.952241421E0
1.320857496E1,-1.128925991E1,4.067914963E0,-8.255580902E0
1.321858896E1,-1.334917164E1,5.033926010E0,-9.278617859E0
1.322860296E1,-1.300791645E1,6.125166416E0,-8.298721313E0
1.323861596E1,-1.100259399E1,6.169550896E0,-6.360877514E0
1.324862996E1,-8.607541084E0,3.012839794E0,-4.493005276E0
1.325864396E1,-4.984724522E0,-1.480485559E0,-2.734158278E0
1.326865796E1,7.827349901E-1,-5.115794182E0,-1.356724143E0
1.327867196E1,6.052918911E0,-7.355637074E0,-9.419341683E-1
1.328868596E1,9.486682892E0,-7.688298702E0,-6.414692402E-1
1.329869896E1,1.089828014E1,-5.596725464E0,8.074244857E-2
1.330871296E1,1.090201664E1,-2.075944901E0,1.677970529E0
1.331872696E1,1.025559616E1,1.926439047E0,3.850528240E0
1.332874096E1,9.551122665E0,5.217365265E0,5.699977875E0
1.333875496E1,9.017663956E0,5.981930256E0,5.933256626E0
1.334876796E1,8.391480446E0,4.279799461E0,4.248263836E0
1.335878196E1,6.980201244E0,8.343510032E-1,1.487465739E0
1.336879596E1,4.072644711E0,-2.390201569E0,-1.260091662E0
1.337880996E1,-2.798946202E-1,-3.354703903E0,-3.180783510E0
1.338882396E1,-4.776829720E0,-2.439111233E0,-4.311924458E0
1.339883796E1,-8.577713966E0,-9.389750361E-1,-5.202837467E0
1.340885096E1,-1.078593159E1,4.648091272E-2,-6.183394909E0
1.341886496E1,-1.002191162E1,2.009455860E-1,-6.449688911E0
1.342887896E1,-7.826126575E0,-1.554074049E0,-6.091761589E0
1.343889296E1,-4.086747169E0,-4.592899323E0,-5.141912460E0
1.344890696E1,9.349420071E-1,-6.434089661E0,-3.797153234E0
1.345891996E1,5.105216980E0,-6.032259941E0,-2.717815399E0
1.346893396E1,7.151851177E0,-3.812039614E0,-1.641960382E0
1.347894796E1,8.023306847E0,-2.597047687E-1,-3.078711331E-1
1.348896196E1,8.264636040E0,3.372335434E0,1.318845272E0
1.349897596E1,8.135229111E0,6.544002056E0,3.047184944E0
1.350898896E1,7.633378029E0,8.802667618E0,3.947005749E0
1.351900296E1,7.009223461E0,9.410137177E0,3.332672358E0
1.352901696E1,6.209651947E0,8.268642426E0,8.976286650E-1
1.353903279E1,4.450976372E0,5.528714657E0,-2.461888552E0
1.354904679E1,6.663803458E-1,2.646738768E0,-5.393819809E0
1.355906079E1,-4.495982170E0,1.563191652E0,-6.785204887E0
1.356907379E1,-8.789460182E0,8.587214351E-1,-6.910078526E0
1.357908779E1,-1.120853710E1,-4.833239913E-1,-6.704490185E0
1.358910179E1,-8.974684715E0,-2.492724895E0,-5.833072662E0
1.359911579E1,-4.065618515E0,-5.327935696E0,-4.843179226E0
1.360912979E1,1.937382340E0,-7.458978653E0,-4.293059826E0
1.361914279E1,5.869830608E0,-6.595441818E0,-3.905128479E0
1.362915679E1,6.842555046E0,-3.115696907E0,-2.877222300E0
1.363917079E1,6.503128052E0,1.431039095E0,-1.173432112E0
1.364918479E1,6.173990726E0,4.875121117E0,8.977354169E-1
1.365919879E1,6.031917095E0,6.675453663E0,2.611461639E0
1.366921179E1,5.918938160E0,6.869251251E0,3.026067495E0
1.367922579E1,5.692417145E0,5.584036350E0,1.881430864E0
1.368923979E1,4.903488636E0,3.230071783E0,-3.793279529E-1
1.369925379E1,3.039972782E0,7.550283670E-1,-2.649103642E0
1.370926779E1,-4.965448007E-2,-1.406257272E0,-4.259902000E0
1.371928079E1,-3.488145828E0,-2.440377474E0,-4.877554893E0
1.372929479E1,-6.027668953E0,-2.679919720E0,-5.022240162E0
1.373930879E1,-6.647469044E0,-1.815790176E0,-5.010265350E0
1.374932279E1,-4.255079746E0,-1.633279920E0,-4.343974113E0
1.375933679E1,-1.818596870E-1,-1.944790244E0,-3.659681559E0
1.376935079E1,3.541298389E0,-2.412530422E0,-3.164648533E0
1.377936379E1,5.769357204E0,-1.979108572E0,-2.597230673E0
1.378937779E1,6.831717491E0,-8.280583620E-1,-1.713770986E0
1.379939179E1,7.319269657E0,1.911043227E-1,-5.072339177E-1
1.380940579E1,7.315835953E0,9.563112855E-1,6.948390603E-1
1.381941979E1,6.936715126E0,1.665446639E0,1.217127562E0
1.382943279E1,5.967862129E0,2.348191023E0,7.593516111E-1
1.383944679E1,4.226541519E0,2.902130365E0,-4.404999316E-1
1.384946079E1,2.022443533E0,3.114071608E0,-1.652873635E0
1.385947479E1,-8.912284672E-2,3.041496515E0,-2.420222044E0
1.386948879E1,-1.939849854E0,2.766718388E0,-2.788727760E0
1.387950179E1,-3.287247181E0,2.081649065E0,-2.875969648E0
1.388951579E1,-3.837124109E0,9.859268665E-1,-2.809174299E0
1.389952979E1,-2.148511410E0,-1.483781338E-1,-2.379618168E0
1.390954379E1,6.098170280E-1,-1.568000197E0,-2.199114561E0
1.391955779E1,3.460182428E0,-3.036076307E0,-2.210999727E0
1.392957079E1,5.391601086E0,-3.523483753E0,-2.226269960E0
1.393958479E1,6.332052708E0,-2.564296722E0,-1.892773747E0
1.394959879E1,6.444554806E0,-4.224520028E-1,-1.140061378E0
1.395961279E1,5.816020012E0,1.987447739E0,-4.543584287E-1
1.396962679E1,4.694348812E0,3.976675987E0,-2.548649311E-1
1.397963979E1,3.129380226E0,4.849335194E0,-8.736965060E-1
1.398965379E1,1.264985204E0,4.480097294E0,-1.984427333E0
1.399966779E1,-9.580281377E-1,3.230744123E0,-3.056902409E0
1.400968179E1,-3.133911848E0,1.609246969E0,-3.562404394E0
1.401969579E1,-4.615955830E0,-4.837590456E-1,-3.649778366E0
1.402970979E1,-4.910156727E0,-2.506441593E0,-3.697077274E0
1.403972279E1,-2.234257936E0,-3.089503765E0,-3.399626017E0
1.404973679E1,1.941560745E0,-2.792309761E0,-2.788665533E0
1.405975079E1,5.043412209E0,-2.393320560E0,-2.367282152E0
1.406976479E1,6.420957088E0,-7.775461674E-1,-1.647138953E0
1.407977879E1,6.992935658E0,1.684472203E0,-5.655811429E-1
1.408979179E1,7.164004326E0,3.722479820E0,6.362347007E-1
1.409980579E1,7.014587402E0,4.658852577E0,1.764371037E0
1.410981979E1,6.506080151E0,4.676868916E0,1.903529644E0
1.411983379E1,5.494559288E0,3.576750517E0,8.355056047E-1
1.412984779E1,3.966574430E0,1.903716683E0,-8.937228322E-1
1.413986079E1,1.764791369E0,1.658355445E-1,-2.456041574E0
1.414987479E1,-9.857060909E-1,-8.857955337E-1,-3.270157337E0
1.415988879E1,-3.503952265E0,-8.803309798E-1,-3.400433540E0
1.416990279E1,-5.396864414E0,-5.589782819E-2,-3.262469530E0
1.417991679E1,-6.138927460E0,7.222871184E-1,-3.036994457E0
1.418992979E1,-4.238199234E0,1.263023973E0,-2.317165852E0
1.419994379E1,-2.312087864E-1,7.514781356E-1,-1.257724762E0
1.420995779E1,3.802467823E0,-1.474076658E-1,-6.808741689E-1
1.421997179E1,6.209175587E0,-3.719646335E-1,-3.526393175E-1
1.422998579E1,7.673902988E0,2.034721822E-1,2.727207243E-1
1.423999879E1,8.193733215E0,8.737969995E-1,1.093641877E0
1.425001279E1,7.821296215E0,1.741494536E0,1.894939899E0
1.426002679E1,6.524084091E0,2.513374567E0,1.888650537E0
1.427004079E1,4.472118378E0,2.514252901E0,7.893266082E-1
1.428005479E1,2.366659641E0,1.786566377E0,-7.796939015E-1
1.429006779E1,5.605465770E-1,9.392973185E-1,-2.097291708E0
1.430008179E1,-1.358483911E0,9.865190089E-2,-2.947903872E0
1.431009579E1,-3.104632139E0,-5.480192304E-1,-3.206669331E0
1.432010979E1,-4.123798370E0,-9.961877465E-1,-3.024557352E0
1.433012379E1,-3.644129038E0,-1.057493448E0,-2.783031702E0
1.434013779E1,-1.055218339E0,-1.531189084E0,-2.437133312E0
1.435015079E1,2.384238720E0,-1.519742012E0,-2.224330425E0
1.436016479E1,4.846068382E0,-1.041401267E0,-1.905003071E0
1.437017879E1,6.250871658E0,4.736596048E-1,-1.118886590E0
1.438019279E1,6.901017189E0,2.492559671E0,-8.531291783E-2
1.439020679E1,6.892363071E0,3.839551926E0,9.449032545E-1
1.440021979E1,6.283822536E0,3.995146751E0,1.627468944E0
1.441023379E1,5.495513916E0,3.127207518E0,1.522496581E0
1.442024779E1,4.673146725E0,1.321194887E0,3.645400107E-1
1.443026179E1,3.562109232E0,-7.617663145E-1,-1.309458256E0
1.444027579E1,1.710019946E0,-2.333397865E0,-2.729392529E0
1.445028879E1,-5.962222815E-1,-2.330579042E0,-3.287960052E0
1.446030279E1,-2.525071621E0,-1.111757636E0,-3.323541641E0
1.447031679E1,-3.413656235E0,1.801644564E-1,-3.241702080E0
1.448033079E1,-3.038219213E0,1.054419041E0,-3.276264906E0
1.449034479E1,-3.472687006E-1,2.194024801E0,-2.938095808E0
1.450035779E1,2.817398310E0,2.405311584E0,-2.389518738E0
1.451037179E1,4.475935459E0,2.101118565E0,-2.332801819E0
1.452038579E1,5.240730286E0,2.362823486E0,-2.249331236E0
1.453039979E1,5.185767174E0,2.838435888E0,-2.112197399E0
1.454041242E1,4.294155598E0,3.295733452E0,-2.209725618E0
1.455042542E1,2.955638409E0,3.517723560E0,-2.450756788E0
1.456043942E1,1.988435864E0,3.538487434E0,-2.516836643E0
1.457045342E1,1.651952386E0,3.210129499E0,-2.394329071E0
1.458046742E1,1.803645968E0,2.388750553E0,-2.198576689E0
1.459048142E1,2.013492107E0,1.193306446E0,-1.998690128E0
1.460049442E1,2.024014950E0,-1.909388155E-1,-1.798468709E0
1.461050842E1,1.984113932E0,-1.413467407E0,-1.563741088E0
1.462052242E1,1.988315105E0,-2.417248011E0,-1.291430235E0
1.463053642E1,1.996806741E0,-2.861529827E0,-1.029427409E0
1.464055042E1,2.028399229E0,-2.293534756E0,-8.492896557E-1
1.465056342E1,2.056657553E0,-1.070834517E0,-7.794183493E-1
1.466057742E1,2.145281553E0,2.496259063E-1,-7.794524431E-1
1.467059142E1,2.219238281E0,1.275490522E0,-8.672300577E-1
1.468060542E1,2.236329079E0,1.817463517E0,-9.834719896E-1
1.469061942E1,2.266662598E0,1.880732656E0,-9.420685172E-1
1.470063242E1,2.322117329E0,1.579703569E0,-6.931769252E-1
1.471064642E1,2.769572735E0,1.247632265E0,-4.544060305E-2
1.472066042E1,2.632621765E0,-6.473721936E-3,5.630261898E-1
1.473067442E1,2.554009199E0,-7.706440687E-1,9.763728976E-1
1.474068842E1,2.373926640E0,-1.536718011E0,1.286255360E0
1.475070142E1,2.258609056E0,-1.968677759E0,1.499058247E0
1.476071542E1,2.005223989E0,-2.182241917E0,1.723005414E0
1.477072942E1,1.633819699E0,-2.182941198E0,1.989959955E0
1.478074342E1,1.242120385E0,-1.957678914E0,2.319362879E0
1.479075742E1,7.187429070E-1,-1.374472499E0,2.662806034E0
1.480077042E1,-1.028555706E-1,-1.957470775E-1,3.015119076E0
1.481078442E1,-1.262847543E0,1.626885891E0,3.312237024E0
1.482079842E1,-2.663196325E0,3.658206224E0,3.533792734E0
1.483081242E1,-4.061916828E0,5.346174240E0,3.703412771E0
1.484082642E1,-5.230234146E0,6.457486153E0,3.842448235E0
1.485083942E1,-6.233537674E0,6.990779400E0,3.866208792E0
1.486085342E1,-7.104699612E0,6.928667068E0,3.831753016E0
1.487086742E1,-7.880822659E0,6.496087074E0,3.863396168E0
1.488088142E1,-8.425621986E0,5.984179974E0,4.102795124E0
1.489089442E1,-8.810356140E0,5.379414558E0,4.556639671E0
1.490090842E1,-9.133981705E0,5.138416767E0,5.086709976E0
1.491092242E1,-9.680055618E0,5.051416874E0,5.617435455E0
1.492093642E1,-1.038082123E1,5.162785530E0,6.049996376E0
1.493095042E1,-1.099858665E1,5.015856743E0,6.241619587E0
1.494096442E1,-1.101201057E1,4.061346531E0,6.158574581E0
1.495097742E1,-1.007939053E1,2.468860388E0,5.978312016E0
1.496099142E1,-8.489166260E0,6.919817328E-1,5.910736561E0
1.497100542E1,-7.026863098E0,-4.468621910E-1,5.804317951E0
1.498101942E1,-6.254125595E0,-5.331102014E-1,5.809501171E0
1.499103342E1,-6.073295593E0,3.331810236E-1,5.983930111E0
1.500104642E1,-6.204155922E0,1.367457986E0,6.204912663E0
1.501106042E1,-6.306439400E0,2.043631315E0,6.326905251E0
1.502107442E1,-6.206210136E0,2.085903645E0,6.418450832E0
1.503108842E1,-5.996922016E0,1.553086996E0,6.565488815E0
1.504110142E1,-5.835391998E0,7.747023106E-1,6.632191181E0
1.505111542E1,-5.640654564E0,5.555694178E-2,6.526707649E0
1.506112942E1,-5.385768414E0,-4.227795601E-1,6.244249344E0
1.507114342E1,-5.084310532E0,-7.423595190E-1,5.831461430E0
1.508115742E1,-4.745701790E0,-9.351060390E-1,5.287114143E0
1.509117042E1,-4.281647205E0,-1.089867711E0,4.705204487E0
1.510118442E1,-3.670960903E0,-1.226006150E0,4.106873989E0
1.511119842E1,-3.284878254E0,-1.128393769E0,3.472089052E0
1.512121242E1,-3.425798655E0,-6.134276390E-1,2.862401485E0
1.513122642E1,-3.891798258E0,2.259357274E-1,2.318732262E0
1.514123942E1,-4.646534920E0,9.993816018E-1,1.614739418E0
1.515125342E1,-5.352694988E0,1.683940411E0,8.189374804E-1
1.516126742E1,-5.848224163E0,2.280475616E0,-1.487676352E-1
1.517128142E1,-6.483578205E0,2.791663885E0,-1.288002610E0
1.518129542E1,-7.437185764E0,3.458181858E0,-2.570119381E0
1.519130842E1,-8.637082100E0,4.329518795E0,-3.840848446E0
1.520132242E1,-9.843576431E0,5.312664986E0,-4.922271729E0
1.521133642E1,-1.089561558E1,6.220393658E0,-5.795794487E0
1.522135042E1,-1.167820549E1,7.188741207E0,-6.594529629E0
1.523136442E1,-1.213620949E1,8.301470757E0,-7.435798168E0
1.524137742E1,-1.236429977E1,9.273979187E0,-8.224816322E0
1.525139142E1,-1.246677303E1,9.808280945E0,-8.696205139E0
1.526140542E1,-1.197094440E1,9.887980461E0,-8.602207184E0
1.527141942E1,-1.094238853E1,9.139423370E0,-8.223539352E0
1.528143342E1,-9.473463058E0,7.116201401E0,-7.656857014E0
1.529144642E1,-7.659596920E0,4.224684238E0,-7.310556889E0
1.530146042E1,-5.674175262E0,1.260368466E0,-6.851781368E0
1.531147442E1,-3.649880171E0,-1.125794530E0,-6.201325893E0
1.532148842E1,-1.423702598E0,-3.048936367E0,-5.162464619E0
1.533150142E1,1.299219131E0,-4.344009399E0,-3.949439287E0
1.534151542E1,4.260749340E0,-4.805254936E0,-2.772432566E0
1.535152942E1,6.948657513E0,-4.278069496E0,-1.773459673E0
1.536154342E1,9.181803703E0,-3.053359032E0,-9.115164280E-1
1.537155742E1,1.097036934E1,-1.618384600E0,1.006306931E-1
1.538157042E1,1.186291409E1,-4.038815945E-2,1.036985040E0
1.539158442E1,1.172119522E1,1.584014773E0,1.611128688E0
1.540159842E1,1.104754353E1,2.685898781E0,1.630512238E0
1.541161242E1,1.023126984E1,2.544829845E0,1.197001100E0
1.542162642E1,8.896610260E0,1.210842848E0,4.484093785E-1
1.543163942E1,6.048699856E0,-7.386732697E-1,-1.066123486E0
1.544165342E1,1.437346458E0,-2.224946260E0,-2.978530407E0
1.545166742E1,-3.659877539E0,-2.243645668E0,-4.225416183E0
1.546168142E1,-7.287429333E0,-1.916907787E0,-4.742524147E0
1.547169542E1,-9.577754974E0,-2.539945841E0,-4.814599991E0
1.548170842E1,-8.158295631E0,-5.292076588E0,-4.669187546E0
1.549172242E1,-1.029955029E0,-8.807736397E0,-4.376529694E0
1.550173642E1,7.786923885E0,-1.050155258E1,-4.357073307E0
1.551175042E1,1.207104111E1,-9.071785927E0,-4.105607510E0
1.552176442E1,1.214311886E1,-4.302534103E0,-2.597099304E0
1.553177742E1,1.077421570E1,2.404481173E0,-7.483586669E-1
1.554179096E1,9.870980263E0,7.520934105E0,8.505177498E-1
1.555180496E1,9.057850838E0,9.777156830E0,1.529799461E0
1.556181896E1,8.290372849E0,8.845301628E0,8.010539412E-1
1.557183196E1,7.217245102E0,5.632555962E0,-1.055999756E0
1.558184596E1,3.689260483E0,1.889188647E0,-3.240719080E0
1.559185996E1,-1.704194188E0,4.699287713E-1,-4.460443020E0
1.560187396E1,-6.448611259E0,9.820413589E-1,-4.861042023E0
1.561188796E1,-9.891824722E0,1.476434112E0,-5.245160580E0
1.562190096E1,-1.153144073E1,7.084625363E-1,-5.415154934E0
1.563191496E1,-9.270745277E0,-1.197863698E0,-5.119879723E0
1.564192896E1,-2.011120319E0,-3.292385817E0,-4.002512932E0
1.565194296E1,6.034531593E0,-3.590520144E0,-2.809124947E0
1.566195696E1,9.084123611E0,-1.916927218E0,-2.377976656E0
1.567196996E1,9.353645325E0,1.818855643E0,-1.549160838E0
1.568198396E1,8.949753761E0,5.504004002E0,-4.269639254E-1
1.569199796E1,8.567198753E0,7.587297440E0,7.561264634E-1
1.570201196E1,8.134411812E0,7.343303680E0,9.979955554E-1
1.571202496E1,7.216609955E0,4.803752899E0,-4.721852392E-2
1.572203896E1,4.151582241E0,9.633792639E-1,-1.945760250E0
1.573205296E1,-7.562345266E-1,-8.876070976E-1,-3.235403299E0
1.574206696E1,-4.671046734E0,-5.397313833E-1,-3.634355783E0
1.575208096E1,-7.426423550E0,-2.568137944E-1,-3.820277691E0
1.576209396E1,-7.956573486E0,-7.130127549E-1,-3.914271355E0
1.577210796E1,-4.237152100E0,-8.133518100E-1,-3.540001631E0
1.578212196E1,1.578011274E0,-1.407491714E-1,-2.485590458E0
1.579213596E1,4.571816444E0,9.604744911E-1,-1.908048630E0
1.580214996E1,5.317664146E0,3.062789202E0,-1.400750875E0
1.581216296E1,5.357379913E0,5.129668236E0,-7.102454305E-1
1.582217696E1,5.107061386E0,5.723090172E0,-1.916368902E-1
1.583219096E1,4.672722340E0,4.607274532E0,-3.485353887E-1
1.584220496E1,3.785191774E0,2.260536909E0,-1.432610512E0
1.585221796E1,1.491727471E0,-1.440972090E-1,-3.035026073E0
1.586223196E1,-2.190551281E0,-1.042559147E0,-4.144512177E0
1.587224596E1,-5.360644341E0,-3.750920594E-1,-4.211643219E0
1.588225996E1,-7.249917984E0,4.907918870E-1,-4.141700268E0
1.589227396E1,-5.981968403E0,3.292664886E-1,-3.787749767E0
1.590228696E1,-1.121480584E0,-7.082999945E-1,-2.872160196E0
1.591230096E1,4.215828896E0,-1.338708758E0,-1.996100903E0
1.592231496E1,6.543156147E0,-9.151441455E-1,-1.563105822E0
1.593232896E1,6.923789978E0,1.076332808E0,-8.389578462E-1
1.594234296E1,6.563591480E0,2.874011993E0,-2.677883506E-1
1.595235596E1,6.021782875E0,3.256828547E0,1.859792769E-1
1.596236996E1,5.429660320E0,2.301265001E0,-2.146182060E-1
1.597238396E1,4.459920883E0,6.211946607E-1,-1.436371803E0
1.598239796E1,2.021543503E0,-4.395006001E-1,-3.065710068E0
1.599241096E1,-1.837142348E0,2.385788038E-2,-4.150811672E0
1.600242496E1,-4.884289265E0,1.508445024E0,-4.303047180E0
1.601243896E1,-6.557844162E0,2.312788725E0,-4.235386372E0
1.602245296E1,-5.338652611E0,1.434442759E0,-3.912906885E0
1.603246696E1,-1.165011764E0,-1.514040083E-1,-3.119437456E0
1.604247996E1,2.798553944E0,-1.337214828E0,-2.306951284E0
1.605249396E1,4.338278770E0,-1.512103915E0,-1.780168295E0
1.606250796E1,4.635665894E0,-4.596566856E-1,-1.155617356E0
1.607252196E1,4.402420521E0,8.019535542E-1,-4.392139912E-1
1.608253496E1,4.109039307E0,1.607228398E0,1.809563488E-1
1.609254896E1,3.775331736E0,1.732388973E0,2.673084140E-1
1.610256296E1,3.018953562E0,1.141065001E0,-4.933367372E-1
1.611257696E1,1.274757862E0,1.504771560E-1,-1.872362375E0
1.612259096E1,-1.490148187E0,1.007599458E-1,-3.006391048E0
1.613260396E1,-4.184291363E0,6.184380651E-1,-3.417833328E0
1.614261796E1,-5.688130856E0,6.725527048E-1,-3.533936262E0
1.615263196E1,-4.288191319E0,-5.527448058E-1,-3.186605692E0
1.616264596E1,1.861354560E-1,-2.927074194E0,-2.414235115E0
1.617265996E1,4.872719288E0,-5.077779770E0,-1.656069040E0
1.618267296E1,7.270219326E0,-5.449089050E0,-1.072324634E0
1.619268696E1,7.552432537E0,-3.821500778E0,-2.613792717E-1
1.620270096E1,7.184929848E0,-1.341028810E0,8.622920141E-3
1.621271496E1,6.660988331E0,1.056239247E0,3.644736707E-1
1.622272796E1,5.913479328E0,2.610278368E0,2.373343557E-1
1.623274196E1,4.616469860E0,2.653107882E0,-1.030673146E0
1.624275596E1,2.093648672E0,2.193243027E0,-2.838659763E0
1.625276996E1,-1.763855577E0,2.373049974E0,-4.290085793E0
1.626278296E1,-5.838440895E0,3.314136028E0,-4.859736919E0
1.627279696E1,-8.416590691E0,3.940728426E0,-4.913791656E0
1.628281096E1,-8.704475403E0,3.154814243E0,-4.558162689E0
1.629282496E1,-6.156779766E0,2.911899686E-1,-4.138446331E0
1.630283896E1,-1.072823048E0,-2.294419527E0,-3.406274557E0
1.631285196E1,3.730788469E0,-3.721010208E0,-2.623353481E0
1.632286596E1,6.092052937E0,-3.366764784E0,-1.950290203E0
1.633287996E1,6.949336052E0,-1.357897639E0,-7.741808295E-1
1.634289396E1,7.373916626E0,1.076956272E0,1.850122809E-1
1.635290796E1,7.683760166E0,2.941254854E0,1.243440390E0
1.636292096E1,7.426599026E0,3.400664568E0,1.537980199E0
1.637293496E1,6.772266865E0,2.245568037E0,8.154414892E-1
1.638294896E1,5.305016994E0,1.831461191E-1,-6.192803383E-1
1.639296296E1,2.151389837E0,-1.556339264E0,-1.992037296E0
1.640297596E1,-1.765119553E0,-1.702675223E0,-2.746083975E0
1.641298996E1,-4.741001606E0,-7.267002463E-1,-3.275204420E0
1.642300396E1,-6.492019653E0,3.819313645E-1,-3.880783796E0
1.643301796E1,-6.342824459E0,9.745520949E-1,-4.511124611E0
1.644303096E1,-3.520350933E0,1.169459343E0,-4.280297279E0
1.645304496E1,8.978945613E-1,9.287579060E-1,-3.212970018E0
1.646305896E1,4.485794067E0,9.004024267E-1,-2.345783710E0
1.647307296E1,6.120620251E0,1.623952270E0,-1.656967878E0
1.648308696E1,6.597525597E0,3.118733406E0,-9.644261599E-1
1.649309996E1,6.173912525E0,3.842205048E0,-4.864222705E-1
1.650311396E1,5.365695000E0,3.228432894E0,-5.400631428E-1
1.651312796E1,4.319517136E0,1.589341164E0,-1.229073882E0
1.652314196E1,2.715116739E0,-9.005937725E-2,-2.192755699E0
1.653315496E1,6.967551708E-1,-1.111054420E0,-2.913500547E0
1.654316967E1,-1.297834992E0,-1.096244574E0,-3.334635019E0
1.655318367E1,-2.511879444E0,-4.662941992E-1,-3.741479397E0
1.656319767E1,-2.542401314E0,5.004657507E-1,-4.176240444E0
1.657321167E1,-1.327964544E0,1.474401593E0,-4.363625526E0
1.658322467E1,5.523465872E-1,2.027681828E0,-4.013365269E0
1.659323867E1,1.674103022E0,1.990609288E0,-3.626584768E0
1.660325267E1,2.405857086E0,1.545243025E0,-3.138794899E0
1.661326667E1,3.437493801E0,9.842003584E-1,-2.580673695E0
1.662327967E1,4.910406590E0,6.495667100E-1,-2.042986155E0
1.663329367E1,6.160522461E0,7.560803294E-1,-1.755732656E0
1.664330767E1,6.668449402E0,1.067136765E0,-2.050051928E0
1.665332167E1,6.289127350E0,1.229995370E0,-2.416420460E0
1.666333567E1,4.694238663E0,1.002419233E0,-2.544205666E0
1.667334867E1,2.566107750E0,5.682313815E-2,-2.680307388E0
1.668336267E1,6.933373213E-1,-1.714213252E0,-2.999362469E0
1.669337667E1,-1.021406293E0,-3.374354124E0,-3.129757404E0
1.670339067E1,-2.580811024E0,-4.356056213E0,-3.240367651E0
1.671340367E1,-3.514391184E0,-3.781252623E0,-3.414324045E0
1.672341767E1,-2.927529335E0,-1.740893960E0,-3.803921461E0
1.673343167E1,-1.148900867E0,9.736260772E-1,-4.054259300E0
1.674344567E1,9.097791910E-1,3.671357155E0,-3.867336035E0
1.675345867E1,2.402524233E0,5.701182365E0,-3.238877535E0
1.676347267E1,3.412958860E0,6.780458450E0,-2.604910135E0
1.677348667E1,4.190765858E0,6.537089825E0,-2.624331951E0
1.678350067E1,4.869524956E0,4.519741058E0,-3.219090223E0
1.679351467E1,4.922098637E0,1.422657728E0,-4.009156227E0
1.680352767E1,4.090436459E0,-1.084247947E0,-4.537229061E0
1.681354167E1,2.999175072E0,-2.369250298E0,-4.534429550E0
1.682355567E1,2.078884602E0,-2.385466814E0,-4.088517666E0
1.683356967E1,1.103909373E0,-1.457256079E0,-3.207009077E0
1.684358267E1,1.605015844E-1,-4.312661886E-1,-2.295220137E0
1.685359667E1,-2.990209162E-1,4.444877431E-2,-1.673395395E0
1.686361067E1,-2.886548340E-1,5.541167781E-2,-1.328742623E0
1.687362467E1,-1.031254530E-1,-2.838317752E-1,-1.172806263E0
1.688363767E1,1.389351189E-1,-6.522226334E-1,-1.097951174E0
1.689365167E1,6.073343158E-1,-7.427214384E-1,-9.875093699E-1
1.690366567E1,1.005233407E0,-7.290932536E-1,-8.809019327E-1
1.691367967E1,1.288558483E0,-7.173302770E-1,-7.723523974E-1
1.692369367E1,1.514712572E0,-9.570422173E-1,-5.791291595E-1
1.693370667E1,1.782135725E0,-1.437056303E0,-3.159550726E-1
1.694372067E1,1.920210004E0,-1.979009032E0,-1.106280312E-1
1.695373467E1,1.884607911E0,-2.291901112E0,1.432985961E-1
1.696374867E1,1.752322316E0,-2.346178293E0,5.939288735E-1
1.697376167E1,1.427395344E0,-2.201147318E0,1.129784465E0
1.698377567E1,9.209969044E-1,-2.035090685E0,1.590205550E0
1.699378967E1,2.981685102E-1,-1.755660057E0,1.932411075E0
1.700380367E1,-3.749441206E-1,-1.316626430E0,2.195874453E0
1.701381667E1,-1.031356454E0,-8.852881789E-1,2.437665939E0
1.702383067E1,-1.544064522E0,-3.235928714E-1,2.672503948E0
1.703384467E1,-1.882036448E0,4.552785456E-1,2.945155621E0
1.704385867E1,-2.257957935E0,1.348547339E0,3.283424616E0
1.705387267E1,-2.799173117E0,2.070044994E0,3.456268072E0
1.706388567E1,-3.368703842E0,2.601775885E0,3.547235727E0
1.707389967E1,-3.912132502E0,3.136140108E0,3.673704147E0
1.708391367E1,-4.468827248E0,3.532502890E0,3.797178268E0
1.709392767E1,-5.007822037E0,3.743620157E0,3.895820856E0
1.710394067E1,-5.543826103E0,3.996578693E0,4.039775848E0
1.711395467E1,-6.229828358E0,4.596086025E0,4.210439205E0
1.712396867E1,-7.152977943E0,5.737439156E0,4.388597965E0
1.713398267E1,-8.267089844E0,6.992063522E0,4.628510475E0
1.714399567E1,-9.232869148E0,7.949954987E0,4.807269096E0
1.715400967E1,-9.914526939E0,8.367943764E0,4.791327953E0
1.716402367E1,-1.028045177E1,8.114586830E0,4.550181389E0
1.717403767E1,-1.033331013E1,7.276765347E0,4.044869900E0
1.718405167E1,-1.021525955E1,6.134092808E0,3.361748219E0
1.719406467E1,-1.026762962E1,4.790184021E0,2.826196194E0
1.720407867E1,-1.064619732E1,3.419833183E0,2.736373663E0
1.721409267E1,-1.127324104E1,2.570173740E0,3.168006182E0
1.722410667E1,-1.213508892E1,2.660183430E0,3.992156744E0
1.723411967E1,-1.321138477E1,3.703562975E0,4.782849789E0
1.724413367E1,-1.403821468E1,5.043610573E0,5.116355419E0
1.725414767E1,-1.420372391E1,6.135088444E0,4.770976067E0
1.726416167E1,-1.380002403E1,6.656038761E0,3.994279861E0
1.727417467E1,-1.305224037E1,6.562761307E0,3.045067549E0
1.728418867E1,-1.200430965E1,6.119006157E0,2.221103907E0
1.729420267E1,-1.103105831E1,5.646245480E0,1.692624450E0
1.730421667E1,-1.040457058E1,5.693603039E0,1.411969543E0
1.731423067E1,-1.010028076E1,6.061056137E0,1.179044008E0
1.732424367E1,-9.895280838E0,6.416950703E0,8.912460208E-1
1.733425767E1,-9.886981964E0,6.920893192E0,4.628640413E-1
1.734427167E1,-1.023297787E1,7.305078506E0,-9.765094519E-2
1.735428567E1,-1.073747540E1,6.992612839E0,-7.446559072E-1
1.736429867E1,-1.102457237E1,5.617382526E0,-1.083955526E0
1.737431267E1,-1.113841248E1,3.468798637E0,-1.019994617E0
1.738432667E1,-1.112134647E1,7.693368196E-1,-8.059796095E-1
1.739434067E1,-1.044199181E1,-1.865695357E0,-4.754221737E-1
1.740435367E1,-9.127713203E0,-3.892197609E0,-7.643751800E-2
1.741436767E1,-7.458188534E0,-4.893481255E0,3.294694126E-1
1.742438167E1,-5.974990845E0,-4.730275154E0,5.007668734E-1
1.743439567E1,-4.959784985E0,-3.600952625E0,5.801891163E-2
1.744440867E1,-4.392814159E0,-2.102224112E0,-1.071581364E0
1.745442267E1,-4.380315781E0,-1.070865035E0,-2.478218079E0
1.746443667E1,-5.009037018E0,-6.764143109E-1,-3.912389278E0
1.747445067E1,-5.975632191E0,-5.530880690E-1,-5.308637142E0
1.748446367E1,-6.655198097E0,-3.503640294E-1,-6.479371548E0
1.749447767E1,-6.889689922E0,-5.268057585E-1,-7.340062141E0
1.750449167E1,-6.706428051E0,-1.137079239E0,-7.885091782E0
1.751450567E1,-6.289641857E0,-1.963083267E0,-8.184137344E0
1.752451967E1,-5.929677010E0,-2.897734165E0,-8.346523285E0
1.753453267E1,-5.751036644E0,-3.739904404E0,-8.484948158E0
1.754454692E1,-5.624519348E0,-4.524903774E0,-8.551482201E0
1.755456092E1,-5.421514034E0,-6.024870872E0,-8.679758072E0
1.756457492E1,-5.041849613E0,-8.267560005E0,-8.879271507E0
1.757458792E1,-4.607247829E0,-1.063684845E1,-9.048197746E0
1.758460192E1,-4.368854046E0,-1.307681656E1,-9.231591225E0
1.759461592E1,-4.200617313E0,-1.494780540E1,-9.296338081E0
1.760462992E1,-3.740138054E0,-1.534614658E1,-9.027476311E0
1.761464292E1,-2.784178019E0,-1.457977009E1,-8.492774963E0
1.762465692E1,-1.218816638E0,-1.363492489E1,-7.844570160E0
1.763467092E1,8.116850257E-1,-1.251055527E1,-7.074210644E0
1.764468492E1,2.555807352E0,-1.083329010E1,-6.227736950E0
1.765469792E1,3.510510445E0,-8.539029121E0,-5.383110046E0
1.766471192E1,3.817431927E0,-5.909259319E0,-4.496175766E0
1.767472592E1,3.737703323E0,-3.769727707E0,-3.598040104E0
1.768473992E1,4.221348286E0,-2.184975147E0,-2.825389624E0
1.769475292E1,5.233172894E0,-1.266472816E0,-2.319893837E0
1.770476692E1,5.985372066E0,-8.914579153E-1,-2.206057549E0
1.771478092E1,6.180252075E0,-2.709022164E-2,-2.468158007E0
1.772479492E1,5.728216648E0,1.756152034E0,-2.899186611E0
1.773480792E1,4.676199436E0,4.269246101E0,-3.431953669E0
1.774482192E1,3.747651100E0,6.945447445E0,-3.980293274E0
1.775483592E1,3.341371059E0,9.611731529E0,-4.667074680E0
1.776484992E1,3.508627415E0,1.191497135E1,-5.602082729E0
1.777486292E1,3.872180223E0,1.376555538E1,-6.910553455E0
1.778487692E1,4.023976803E0,1.506036949E1,-8.197190285E0
1.779489092E1,3.482663631E0,1.539666367E1,-9.546834946E0
1.780490492E1,2.681510210E0,1.515136337E1,-1.040762424E1
1.781491892E1,1.959698319E0,1.434743309E1,-1.081706715E1
1.782493192E1,1.235279918E0,1.354889107E1,-1.079943085E1
1.783494592E1,4.720199406E-1,1.278911495E1,-1.044699860E1
1.784495992E1,-2.323667407E-1,1.182847595E1,-9.784139633E0
1.785497392E1,-6.181161404E-1,1.054891300E1,-8.779881477E0
1.786498692E1,-7.397024632E-1,8.877492905E0,-7.636011124E0
1.787500092E1,-8.103634715E-1,7.027623177E0,-6.707898617E0
1.788501492E1,-1.125215411E0,5.234334469E0,-6.008420944E0
1.789502892E1,-1.301122546E0,3.530278921E0,-5.436176777E0
1.790504192E1,-1.112745762E0,1.412062764E0,-4.930159092E0
1.791505592E1,-5.113435388E-1,-1.049782038E0,-4.524115562E0
1.792506992E1,5.044430494E-1,-3.876626492E0,-4.156564713E0
1.793508392E1,1.735515952E0,-7.203103542E0,-3.960692406E0
1.794509692E1,3.031810045E0,-1.012446404E1,-3.810540199E0
1.795511092E1,4.109377861E0,-1.252312088E1,-3.745872259E0
1.796512492E1,5.042737484E0,-1.473715210E1,-3.744745255E0
1.797513892E1,6.059249878E0,-1.609789848E1,-3.651743650E0
1.798515192E1,6.657475471E0,-1.663311768E1,-3.579138279E0
1.799516592E1,6.799004555E0,-1.678541374E1,-3.607082129E0
1.800517992E1,6.763327599E0,-1.609291649E1,-3.661446095E0
1.801519392E1,6.412432194E0,-1.473113251E1,-3.686318636E0
1.802520692E1,5.902440548E0,-1.329109764E1,-3.596496344E0
1.803522092E1,5.683089256E0,-1.147818947E1,-3.301326275E0
1.804523492E1,5.445795536E0,-9.263886452E0,-2.918737173E0
1.805524892E1,4.567554474E0,-6.568561554E0,-2.649329662E0
1.806526192E1,3.387500525E0,-3.319757462E0,-2.953384638E0
1.807527592E1,1.676251650E0,4.276511669E-1,-3.726931334E0
1.808528992E1,-5.325797796E-1,4.697723866E0,-4.623924732E0
1.809530392E1,-2.653142929E0,8.252949715E0,-5.535733223E0
1.810531692E1,-4.148233414E0,1.067124176E1,-6.134274960E0
1.811533092E1,-4.664649010E0,1.266582966E1,-6.129915237E0
1.812534492E1,-4.414599419E0,1.368654346E1,-5.672977924E0
1.813535892E1,-3.903816223E0,1.373176575E1,-5.249989986E0
1.814537192E1,-3.287476063E0,1.331529808E1,-5.286340237E0
1.815538592E1,-2.635189056E0,1.254272461E1,-5.565714836E0
1.816539992E1,-2.221823215E0,1.229999352E1,-5.796884537E0
1.817541392E1,-2.074623585E0,1.285207939E1,-5.824886322E0
1.818542692E1,-2.055483103E0,1.341837502E1,-5.619754314E0
1.819544092E1,-1.965542555E0,1.305130005E1,-5.216810703E0
1.820545492E1,-1.669801116E0,1.134924698E1,-4.818198681E0
1.821546892E1,-6.040329933E-1,8.555292130E0,-4.227581978E0
1.822548192E1,6.691542268E-1,5.313451767E0,-3.718518019E0
1.823549592E1,1.797171831E0,2.020715237E0,-3.327921867E0
1.824550992E1,2.979841232E0,-1.145985365E0,-3.115207672E0
1.825552392E1,4.254443645E0,-4.107844353E0,-2.863634825E0
1.826553692E1,5.436965466E0,-6.866120338E0,-2.581009388E0
1.827555092E1,6.505892277E0,-9.574399948E0,-2.304044485E0
1.828556492E1,7.468542099E0,-1.192151833E1,-2.260003090E0
1.829557892E1,7.766627312E0,-1.373699474E1,-2.433391094E0
1.830559192E1,7.481682301E0,-1.497100353E1,-2.694091797E0
1.831560592E1,6.696244240E0,-1.526954460E1,-2.972026825E0
1.832561992E1,5.471129894E0,-1.438454437E1,-3.180891037E0
1.833563392E1,3.917901039E0,-1.304051495E1,-3.226091623E0
1.834564692E1,2.330366850E0,-1.151085949E1,-3.229351759E0
1.835566092E1,6.443366408E-1,-9.807183266E0,-3.265305996E0
1.836567492E1,-8.731873631E-1,-8.430408478E0,-3.262177944E0
1.837568892E1,-1.763878107E0,-7.754902840E0,-3.271318436E0
1.838570192E1,-2.311851501E0,-7.663523674E0,-3.466035366E0
1.839571592E1,-2.787573338E0,-7.464685440E0,-3.594254255E0
1.840572992E1,-2.836498737E0,-6.442596436E0,-3.590759039E0
1.841574392E1,-2.702645540E0,-4.824086666E0,-3.557705641E0
1.842575692E1,-2.296882868E0,-2.903063059E0,-3.519619226E0
1.843577092E1,-1.694463730E0,-1.109789729E0,-3.489593983E0
1.844578492E1,-1.122493744E0,1.369746089E0,-3.447906971E0
1.845579892E1,-7.704945803E-1,4.533177853E0,-3.370378256E0
1.846581192E1,-4.895039201E-1,7.209290028E0,-3.164620638E0
1.847582592E1,2.627875209E-1,8.970121384E0,-2.776082754E0
1.848583992E1,1.459622025E0,9.879167557E0,-2.392308474E0
1.849585392E1,2.586918354E0,1.031220531E1,-2.136522293E0
1.850586692E1,3.389307737E0,1.042848301E1,-2.188525200E0
1.851588092E1,3.969417334E0,1.014871216E1,-2.508794308E0
1.852589492E1,4.262789249E0,9.499757767E0,-2.946756124E0
1.853590892E1,4.207939625E0,8.874741554E0,-3.479166508E0
1.854592154E1,3.933931351E0,8.561575890E0,-4.126018047E0
1.855593554E1,3.537109852E0,8.255262375E0,-5.041902065E0
1.856594954E1,3.047461510E0,7.754198074E0,-6.038054943E0
1.857596354E1,2.487555027E0,7.852543831E0,-6.925800323E0
1.858597654E1,2.090386391E0,8.732474327E0,-7.580196857E0
1.859599054E1,2.099938393E0,9.936269760E0,-8.148015976E0
1.860600454E1,2.504045725E0,1.109596157E1,-8.444972992E0
1.861601854E1,3.139479876E0,1.131847858E1,-8.335665703E0
1.862603154E1,3.370587826E0,1.062207031E1,-7.449532032E0
1.863604554E1,2.429230452E0,9.013278961E0,-6.077785969E0
1.864605954E1,9.140652418E-1,8.278058052E0,-5.391379356E0
1.865607354E1,-1.827348322E-1,7.572625637E0,-5.512458324E0
1.866608654E1,-9.546366334E-1,6.500980377E0,-6.411032200E0
1.867610054E1,-1.537980318E0,5.428651333E0,-7.535552979E0
1.868611454E1,-1.988843441E0,4.572630882E0,-8.057975769E0
1.869612854E1,-1.772735476E0,4.303784370E0,-7.517336369E0
1.870614154E1,-7.793284059E-1,4.531908035E0,-6.297692776E0
1.871615554E1,8.542452455E-1,4.689430714E0,-4.856274128E0
1.872616954E1,2.124268770E0,4.236668587E0,-3.922134399E0
1.873618354E1,2.752632380E0,3.806247473E0,-3.409276962E0
1.874619654E1,2.992168427E0,3.608139992E0,-3.219688892E0
1.875621054E1,2.925330162E0,2.967508316E0,-3.495558262E0
1.876622454E1,2.697935581E0,1.884616137E0,-4.327898979E0
1.877623754E1,2.168768406E0,1.086465240E0,-5.260736942E0
1.878625154E1,1.376712322E0,1.170189977E0,-5.738475800E0
1.879626554E1,6.415867209E-1,1.752403736E0,-5.595773697E0
1.880627954E1,3.065688312E-1,2.325956821E0,-5.035294533E0
1.881629254E1,3.810423911E-1,2.781986237E0,-4.297283173E0
1.882630654E1,7.644062638E-1,2.454879761E0,-3.592934608E0
1.883632054E1,1.377128482E0,1.917537689E0,-2.921051979E0
1.884633454E1,1.767351270E0,1.678715944E0,-2.361720324E0
1.885634754E1,1.743000865E0,1.212800860E0,-1.837567687E0
1.886636154E1,1.673937082E0,6.343938708E-1,-1.610493779E0
1.887637554E1,1.644935012E0,-1.621754616E-1,-1.646766543E0
1.888638954E1,1.573475122E0,-1.019941211E0,-1.629676819E0
1.889640254E1,1.337975264E0,-1.654668450E0,-1.448964953E0
1.890641654E1,9.768636227E-1,-1.989499927E0,-1.158848763E0
1.891643054E1,6.323862076E-1,-2.290280819E0,-8.620268106E-1
1.892644454E1,4.410767555E-1,-2.667362690E0,-4.636237621E-1
1.893645754E1,3.602201343E-1,-3.162878513E0,6.212193519E-2
1.894647154E1,3.709523976E-1,-3.753511429E0,6.886630654E-1
1.895648554E1,4.384480119E-1,-4.282910824E0,1.149181843E0
1.896649954E1,4.342181087E-1,-4.739618301E0,1.438761473E0
1.897651254E1,1.968776584E-1,-4.887204170E0,1.667867541E0
1.898652654E1,-3.334583938E-1,-4.535629272E0,1.777955890E0
1.899654054E1,-1.102848649E0,-4.120047569E0,1.406953812E0
1.900655454E1,-2.016805649E0,-3.802195311E0,5.855408907E-1
1.901656754E1,-2.826068640E0,-3.807170630E0,-3.102051616E-1
1.902658154E1,-3.058475971E0,-3.983398199E0,-7.806823254E-1
1.903659554E1,-2.720907927E0,-4.259632111E0,-8.848824501E-1
1.904660854E1,-2.026947975E0,-5.236629486E0,-7.875564694E-1
1.905662254E1,-1.103916645E0,-7.043729782E0,-6.184667945E-1
1.906663654E1,-2.281937003E-1,-8.581626892E0,-6.283468604E-1
1.907665054E1,5.198864341E-1,-9.931087494E0,-6.732499599E-1
1.908666354E1,1.292980671E0,-1.145731163E1,-4.787177444E-1
1.909667754E1,1.905809879E0,-1.267586613E1,3.847492859E-2
1.910669154E1,1.743173838E0,-1.243534660E1,8.152194619E-1
1.911670554E1,7.064036131E-1,-1.123779488E1,1.281721115E0
1.912671854E1,-1.276319742E0,-1.005784035E1,1.218212724E0
1.913673254E1,-3.348077297E0,-9.250593185E0,1.254435182E0
1.914674654E1,-4.369772434E0,-8.275759697E0,1.484449744E0
1.915676054E1,-4.508564949E0,-7.307271004E0,1.670138478E0
1.916677354E1,-4.507633686E0,-5.728757858E0,2.065559387E0
1.917678754E1,-4.790283203E0,-3.071560144E0,2.859065771E0
1.918680154E1,-5.720567226E0,3.907329142E-1,3.919234514E0
1.919681554E1,-7.098028660E0,3.481591225E0,4.959287643E0
1.920682854E1,-8.160520554E0,5.611040115E0,5.508987427E0
1.921684254E1,-8.590817451E0,6.292245865E0,5.456538677E0
1.922685654E1,-7.948403358E0,5.494354725E0,4.987282753E0
1.923687054E1,-6.231592655E0,3.864347935E0,4.236681461E0
1.924688354E1,-4.018266678E0,1.362607002E0,3.283525467E0
1.925689754E1,-1.595729232E0,-2.098438740E0,2.392353773E0
1.926691154E1,8.369265199E-1,-6.305168152E0,2.042993546E0
1.927692454E1,3.097030640E0,-1.094356632E1,2.515029192E0
1.928693854E1,4.677855968E0,-1.488474369E1,3.689619780E0
1.929695254E1,5.298500538E0,-1.769648552E1,5.474538326E0
1.930696654E1,5.841764450E0,-1.884601021E1,7.664924145E0
1.931697954E1,5.384170055E0,-1.610774612E1,9.204385757E0
1.932699354E1,3.347957611E0,-1.166812611E1,9.610016823E0
1.933700754E1,1.790081739E0,-9.194314957E0,8.924672127E0
1.934702154E1,1.148448467E0,-9.517413139E0,7.509984970E0
1.935703454E1,9.429521561E-1,-1.119755173E1,6.268433094E0
1.936704854E1,1.080165982E0,-1.283619022E1,5.690985203E0
1.937706254E1,1.150595069E0,-1.363477612E1,5.474765778E0
1.938707654E1,1.191598654E0,-1.368877506E1,5.233916283E0
1.939708954E1,1.477234721E0,-1.324310970E1,4.803928375E0
1.940710354E1,2.119451523E0,-1.207864094E1,4.176415920E0
1.941711754E1,3.076759815E0,-9.603907585E0,3.465089560E0
1.942713154E1,3.411189318E0,-4.982470512E0,3.058495522E0
1.943714454E1,2.306230783E0,2.718379259E0,3.161711454E0
1.944715854E1,1.369760633E-1,1.107189751E1,3.906385899E0
1.945717254E1,-1.798850060E0,1.620622063E1,5.366564274E0
1.946718554E1,-3.885687590E0,1.804006195E1,6.604059219E0
1.947719954E1,-5.418691158E0,1.657508659E1,6.492606640E0
1.948721354E1,-6.018372059E0,1.352554893E1,5.112937450E0
1.949722754E1,-6.388641834E0,9.745979309E0,3.212898016E0
1.950724054E1,-6.897456169E0,6.437869072E0,1.736231804E0
1.951725454E1,-7.470175743E0,4.250362873E0,1.068256497E0
1.952726854E1,-8.093772888E0,3.826322317E0,9.711043835E-1
1.953728254E1,-8.323188782E0,4.599083424E0,1.331864595E0
1.954729533E1,-7.834045410E0,5.698987484E0,1.709367394E0
1.955730933E1,-6.718902588E0,6.506024361E0,1.965166688E0
1.956732333E1,-5.342099667E0,6.693889618E0,2.037960768E0
1.957733633E1,-4.198378563E0,6.005363464E0,1.903749347E0
1.958735033E1,-3.397118568E0,3.847425222E0,1.526152492E0
1.959736433E1,-2.550610065E0,-3.358888626E-1,1.197401047E0
1.960737833E1,-2.058609486E0,-5.802850246E0,1.286581278E0
1.961739133E1,-1.835567832E0,-1.119879532E1,2.072059155E0
1.962740533E1,-1.318137527E0,-1.505551147E1,3.095277071E0
1.963741933E1,-2.113552988E-1,-1.744073677E1,4.000263691E0
1.964743333E1,8.957348466E-1,-1.611925316E1,4.577059746E0
1.965744633E1,1.118278384E0,-9.766759872E0,4.700882912E0
1.966746033E1,5.234292150E-1,-2.088886023E0,4.524535656E0
1.967747433E1,1.904010400E-2,3.225874424E0,3.938522339E0
1.968748733E1,2.049607038E-1,5.130211353E0,3.191082239E0
1.969750133E1,5.985360742E-1,3.680874825E0,2.453150749E0
1.970751533E1,5.070836544E-1,-9.208481908E-1,2.135443449E0
1.971752933E1,-3.314680979E-2,-6.666774750E0,2.384148121E0
1.972754233E1,-8.274289966E-1,-1.075372219E1,2.982802629E0
1.973755633E1,-1.345733285E0,-1.256069851E1,3.480957508E0
1.974757033E1,-1.499219298E0,-1.155432415E1,3.945436716E0
1.975758433E1,-2.608190775E0,-6.123985291E0,3.969218493E0
1.976759733E1,-4.510583878E0,1.958342671E0,3.526637316E0
1.977761133E1,-5.638463974E0,9.235600471E0,2.859921932E0
1.978762533E1,-5.469243050E0,1.339228439E1,2.556701899E0
1.979763833E1,-4.430964947E0,1.431870270E1,2.676613808E0
1.980765233E1,-3.447417974E0,1.361213207E1,3.001840353E0
1.981766633E1,-2.688967705E0,1.053152370E1,2.901311874E0
1.982768033E1,-1.983712077E0,3.124380827E0,2.414341688E0
1.983769333E1,-1.559610605E0,-5.333313942E0,1.812014699E0
1.984770733E1,-1.669823170E0,-1.144981766E1,1.919652224E0
1.985772133E1,-1.524999380E0,-1.368020725E1,2.555781603E0
1.986773533E1,-9.708559513E-1,-1.297595119E1,3.269400835E0
1.987774833E1,-3.211349249E-1,-9.272992134E0,3.688585997E0
1.988776233E1,-4.475634396E-1,-1.991455197E0,3.578740120E0
1.989777633E1,-1.287140489E0,5.303505421E0,3.382669687E0
1.990778933E1,-1.853940010E0,1.014405441E1,3.124942541E0
1.991780333E1,-1.762209058E0,1.175578213E1,2.942406654E0
1.992781733E1,-1.194705248E0,1.050826454E1,2.402022600E0
1.993783133E1,-7.581601739E-1,5.858695030E0,1.981003523E0
1.994784433E1,-8.449600339E-1,-1.185384274E0,1.716118336E0
1.995785833E1,-1.564928532E0,-8.709327698E0,1.485206485E0
1.996787233E1,-2.864766836E0,-1.311187744E1,1.988202572E0
1.997788633E1,-3.680441856E0,-1.380333519E1,2.453560829E0
1.998789933E1,-2.951269627E0,-1.340686417E1,2.992704630E0
1.999791333E1,-1.644868135E0,-1.033657169E1,3.231651306E0
2.000792733E1,-1.068797350E0,-3.198288918E0,2.961051702E0
2.001794033E1,-1.326273203E0,4.409616470E0,3.048915625E0
2.002795433E1,-1.768290043E0,9.683593750E0,3.216777325E0
2.003796833E1,-1.669919014E0,1.142752266E1,3.438850641E0
2.004798233E1,-9.146611691E-1,1.056169415E1,3.423810482E0
2.005799533E1,-1.134612486E-1,6.812564850E0,3.257848501E0
2.006800933E1,5.768189430E-1,2.303713262E-1,3.035197735E0
2.007802333E1,8.603777289E-1,-7.201184750E0,2.764595985E0
2.008803633E1,-2.766034901E-1,-1.201412010E1,2.941073656E0
2.009805033E1,-1.804402828E0,-1.288591385E1,3.161435843E0
2.010806433E1,-1.672481775E0,-1.085128975E1,3.423374653E0
2.011807833E1,-9.481402040E-1,-6.826557159E0,3.474349022E0
2.012809133E1,-1.036374450E0,-1.137746572E0,3.160699368E0
2.013810533E1,-1.345629692E0,4.584085464E0,3.229057312E0
2.014811933E1,-1.119049430E0,8.328621864E0,3.381283760E0
2.015813333E1,-4.269788265E-1,9.433809280E0,3.412612915E0
2.016814633E1,5.427763462E-1,8.652300835E0,3.283465862E0
2.017816033E1,1.273465872E0,4.382692814E0,3.367653370E0
2.018817433E1,1.553988695E0,-1.941285491E0,3.499187946E0
2.019818733E1,1.394636750E0,-7.338805676E0,3.695551872E0
2.020820133E1,4.292283356E-1,-9.844564438E0,3.966852427E0
2.021821533E1,-6.232028008E-1,-9.159142494E0,3.993391275E0
2.022822933E1,-8.454185724E-1,-7.454029560E0,3.804942846E0
2.023824233E1,-6.134061217E-1,-5.893003941E0,3.469524384E0
2.024825633E1,-3.896923363E-1,-4.203654766E0,3.173648357E0
2.025827033E1,-5.288274884E-1,-1.157569647E0,2.954138041E0
2.026828333E1,-1.126952648E0,2.573924065E0,2.747894287E0
2.027829733E1,-1.488287330E0,5.503121376E0,2.391524076E0
2.028831133E1,-1.324304461E0,7.041597366E0,1.856957793E0
2.029832533E1,-9.204815626E-1,6.905248642E0,1.509572864E0
2.030833833E1,-5.266892314E-1,4.822322845E0,1.548112035E0
2.031835233E1,-2.971803546E-1,1.272928476E0,1.803605318E0
2.032836633E1,-3.275246620E-1,-2.781688213E0,2.065613508E0
2.033837933E1,-7.391189337E-1,-6.439595699E0,2.438977242E0
2.034839333E1,-1.154007792E0,-8.416709900E0,2.677806377E0
2.035840733E1,-1.481863737E0,-8.557205200E0,2.679350853E0
2.036842133E1,-2.111693621E0,-7.382596016E0,2.475880861E0
2.037843433E1,-2.889694214E0,-5.302890301E0,2.181192398E0
2.038844833E1,-3.796698809E0,-2.594626904E0,1.776177883E0
2.039846233E1,-4.833397865E0,-1.329477876E-1,1.325373650E0
2.040847533E1,-5.733204365E0,1.315285325E0,8.385152221E-1
2.041848933E1,-6.204754353E0,1.650068879E0,4.759363234E-1
2.042850333E1,-6.318808079E0,1.033300519E0,4.371487200E-1
2.043851733E1,-6.165785789E0,6.246355176E-2,5.402956009E-1
2.044853033E1,-5.813194752E0,-9.220772386E-1,5.607931018E-1
2.045854433E1,-5.527613163E0,-2.163393021E0,4.245922565E-1
2.046855833E1,-5.263990402E0,-3.226220369E0,1.005297601E-1
2.047857133E1,-5.020191193E0,-3.730837345E0,-2.378386110E-1
2.048858533E1,-4.886195660E0,-4.010269165E0,-4.679969847E-1
2.049859933E1,-4.639563560E0,-4.287981033E0,-6.930572391E-1
2.050861333E1,-3.999948740E0,-4.574297428E0,-9.357820153E-1
2.051862633E1,-2.925842762E0,-5.224415779E0,-1.472135901E0
2.052864033E1,-1.221881986E0,-5.735737324E0,-2.485425234E0
2.053865433E1,8.961685896E-1,-5.363952637E0,-3.609363794E0
2.054866783E1,2.730839014E0,-4.838569164E0,-4.410069466E0
2.055868183E1,4.102689266E0,-4.648929119E0,-4.830698013E0
2.056869583E1,5.155478954E0,-4.322545528E0,-4.775610924E0
2.057870983E1,5.821751118E0,-4.337518215E0,-4.090726852E0
2.058872283E1,6.203778744E0,-4.374254704E0,-2.748798132E0
2.059873683E1,6.009183884E0,-3.473815918E0,-1.087491870E0
2.060875083E1,4.524796486E0,-1.446751952E0,5.341350436E-1
2.061876483E1,1.741971016E0,8.647221923E-1,1.976319551E0
2.062877783E1,-1.314463377E0,1.856247187E0,2.575113058E0
2.063879183E1,-3.711396933E0,1.694300413E0,1.940007687E0
2.064880583E1,-4.982601166E0,1.220810652E0,6.212939620E-1
2.065881883E1,-5.507841587E0,6.562309861E-1,-1.178821683E0
2.066883283E1,-5.590852261E0,7.597762346E-1,-2.956183434E0
2.067884683E1,-5.442811966E0,2.313018560E0,-4.322873592E0
2.068885983E1,-5.005081177E0,4.875138283E0,-5.124783039E0
2.069887383E1,-3.873476028E0,7.929611683E0,-5.418388844E0
2.070888783E1,-2.191229582E0,1.094405365E1,-5.283453465E0
2.071890183E1,-5.207120180E-1,1.314461899E1,-4.483397484E0
2.072891483E1,2.131489217E-1,1.392997646E1,-3.248270988E0
2.073892883E1,7.182115912E-1,1.161763668E1,-2.065236092E0
2.074894283E1,1.722064018E0,3.932269573E0,-1.280695319E0
2.075895583E1,3.161955595E0,-5.332960129E0,-1.072929621E0
2.076896983E1,3.563282728E0,-1.074793148E1,-7.365772128E-1
2.077898383E1,2.995171547E0,-1.127037811E1,-3.253169060E-1
2.078899783E1,1.372229338E0,-7.341217995E0,-2.229204923E-1
2.079901083E1,-1.180087090E0,-9.262274504E-1,-8.693579435E-1
2.080902483E1,-3.265807629E0,5.307995319E0,-2.387991190E0
2.081903883E1,-4.164264679E0,9.703706741E0,-4.286401272E0
2.082905183E1,-3.603716373E0,1.169623184E1,-6.000625134E0
2.083906583E1,-2.396176577E0,1.148130035E1,-6.642532349E0
2.084907983E1,-1.217381716E0,8.668366432E0,-6.265568256E0
2.085909383E1,-1.170825586E-1,2.042888165E0,-4.917866707E0
2.086910683E1,6.877886057E-1,-6.015651703E0,-3.412362099E0
2.087912083E1,1.174795866E0,-1.100500679E1,-2.236946344E0
2.088913483E1,1.197542906E0,-1.079886341E1,-2.015198469E0
2.089914783E1,4.078402817E-1,-6.366241455E0,-2.592593670E0
2.090916183E1,-1.078378320E0,-7.919353843E-1,-3.571395636E0
2.091917583E1,-2.287655592E0,4.643037319E0,-4.774146557E0
2.092918983E1,-2.361725330E0,8.212098122E0,-5.847941399E0
2.093920283E1,-1.252506852E0,9.510965347E0,-6.465949059E0
2.094921683E1,-3.165372908E-1,8.822664261E0,-6.117563248E0
2.095923083E1,1.074037105E-1,4.697472095E0,-5.070726395E0
2.096924383E1,6.212238669E-1,-1.684151530E0,-3.672486782E0
2.097925783E1,8.505982161E-1,-7.271867752E0,-2.568724871E0
2.098927183E1,6.631519198E-1,-9.592153549E0,-1.784927726E0
2.099928483E1,1.288917363E-1,-8.062166214E0,-1.723811269E0
2.100929883E1,-7.031617761E-1,-4.677893639E0,-2.178499699E0
2.101931283E1,-1.654443979E0,1.922079325E-1,-3.046630621E0
2.102932683E1,-2.164323568E0,4.934424877E0,-3.999395370E0
2.103933983E1,-1.908202887E0,8.368948936E0,-4.834224224E0
2.104935383E1,-9.117597938E-1,9.547166824E0,-5.267504215E0
2.105936783E1,6.605549902E-2,8.386092186E0,-5.377883911E0
2.106938083E1,1.053525329E0,3.888489485E0,-4.797865391E0
2.107939483E1,1.692761302E0,-2.361882687E0,-3.865446091E0
2.108940883E1,1.928521395E0,-7.852762699E0,-2.893672228E0
2.109942283E1,1.789721966E0,-1.051358604E1,-2.139796019E0
2.110943583E1,1.118474960E0,-9.704068184E0,-2.025850296E0
2.111944983E1,1.899183244E-1,-6.450418949E0,-2.507232428E0
2.112946383E1,-1.070243478E0,-2.385754824E0,-3.152729750E0
2.113947683E1,-2.291965008E0,2.088002205E0,-3.990454912E0
2.114949083E1,-2.949312687E0,5.853462219E0,-4.936115742E0
2.115950483E1,-2.768780231E0,8.061293602E0,-5.930115223E0
2.116951783E1,-2.057704210E0,8.105630875E0,-6.336300850E0
2.117953183E1,-1.114058852E0,7.349301815E0,-6.283921242E0
2.118954583E1,-2.201084644E-1,5.943178177E0,-5.800086021E0
2.119955983E1,2.590740323E-1,2.005119801E0,-4.924436569E0
2.120957283E1,5.369544029E-1,-2.629531145E0,-4.069205284E0
2.121958683E1,3.675107956E-1,-6.269579887E0,-3.396093607E0
2.122960083E1,-3.127417564E-1,-7.613816261E0,-2.959494591E0
2.123961383E1,-1.349502802E0,-6.110453129E0,-2.844069242E0
2.124962783E1,-2.409340620E0,-2.085594893E0,-3.244698763E0
2.125964183E1,-2.739462137E0,3.030064106E0,-4.076206207E0
2.126965583E1,-2.116374016E0,7.279518127E0,-4.811693192E0
2.127966883E1,-8.501513004E-1,9.156252861E0,-5.055062771E0
2.128968283E1,1.291660070E-1,9.232569695E0,-4.679108620E0
2.129969683E1,4.642870724E-1,9.621714592E0,-4.177850723E0
2.130970983E1,9.728804231E-2,1.031575584E1,-3.881274462E0
2.131972383E1,4.529072046E-1,9.682232857E0,-3.636521101E0
2.132973783E1,9.101871252E-1,5.002519608E0,-3.656625748E0
2.133975083E1,7.962195277E-1,-1.445189476E0,-3.526838541E0
2.134976483E1,-6.143591404E-1,-5.471719265E0,-3.012167692E0
2.135977883E1,-1.921831965E0,-6.327467442E0,-2.283897877E0
2.136979283E1,-2.071424723E0,-4.045274734E0,-2.120060205E0
2.137980583E1,-1.201068163E0,-7.798622847E-1,-2.699040890E0
2.138981983E1,3.396688104E-1,2.993363142E0,-3.292623997E0
2.139983383E1,1.423155189E0,6.353470802E0,-3.661064386E0
2.140984683E1,2.039645672E0,8.177417755E0,-3.527589321E0
2.141986083E1,2.368981600E0,9.008267403E0,-3.334017515E0
2.142987483E1,2.649392128E0,9.055757523E0,-2.995121717E0
2.143988783E1,2.488103390E0,5.802467823E0,-2.594494343E0
2.144990183E1,2.400062323E0,-6.842771173E-1,-2.469098330E0
2.145991583E1,1.308495760E0,-6.613063812E0,-2.302657604E0
2.146992983E1,-4.044345319E-1,-9.865354538E0,-1.842082620E0
2.147994283E1,-8.848063350E-1,-9.502713203E0,-1.299080729E0
2.148995683E1,-5.575410724E-1,-5.935482025E0,-1.461080074E0
2.149997083E1,-1.176746339E-1,-7.385055423E-1,-2.305601120E0
2.150998383E1,6.112732887E-1,4.547852993E0,-3.098308802E0
2.151999783E1,1.330789208E0,7.724107265E0,-3.553098440E0
2.153001183E1,1.966836691E0,8.316115379E0,-3.465611935E0
2.154002483E1,2.228545427E0,8.009800911E0,-3.629917860E0
2.155003858E1,2.542641878E0,7.806226730E0,-4.157683372E0
2.156005258E1,2.762084246E0,7.393937588E0,-4.605757713E0
2.157006658E1,2.448413372E0,6.710506916E0,-4.634761810E0
2.158007958E1,1.798718452E0,4.777861118E0,-5.069589615E0
2.159009358E1,4.446735680E-1,2.211896658E0,-6.093988419E0
2.160010758E1,-1.176492333E0,5.337305665E-1,-7.161989212E0
2.161012058E1,-2.776012182E0,7.312100530E-1,-7.972531319E0
2.162013458E1,-4.390750885E0,1.985020161E0,-8.447370529E0
2.163014858E1,-5.477051735E0,4.158298969E0,-8.598802567E0
2.164016158E1,-5.726706505E0,6.600686550E0,-8.217197418E0
2.165017558E1,-5.327034950E0,7.956322670E0,-7.738244534E0
2.166018958E1,-4.661303997E0,8.100432396E0,-7.425057411E0
2.167020358E1,-3.619047642E0,7.269613266E0,-6.979117870E0
2.168021658E1,-2.699613571E0,5.619348526E0,-6.912857056E0
2.169023058E1,-2.321244717E0,3.585666418E0,-7.069972515E0
2.170024458E1,-2.342587471E0,1.533474565E0,-7.209820271E0
2.171025758E1,-2.552503824E0,-6.348002702E-2,-7.202415466E0
2.172027158E1,-2.721304178E0,-8.264218569E-1,-6.704563618E0
2.173028558E1,-2.658508301E0,-1.011410356E0,-5.516580582E0
2.174029858E1,-2.410139322E0,-6.100082994E-1,-3.730647802E0
2.175031258E1,-1.501624346E0,-4.111700356E-1,-1.332958460E0
2.176032658E1,3.674959838E-1,-1.089914322E0,1.667839408E0
2.177033958E1,2.337160349E0,-1.872424603E0,4.434581280E0
2.178035358E1,4.057144165E0,-2.373904705E0,6.249049664E0
2.179036758E1,5.344936848E0,-2.658963203E0,7.169690609E0
2.180038158E1,6.147744179E0,-3.079993248E0,7.422750950E0
2.181039458E1,6.311877728E0,-4.681911945E0,6.543915272E0
2.182040858E1,5.766543865E0,-7.434264660E0,4.592626572E0
2.183042258E1,4.381877899E0,-9.887152672E0,2.459964514E0
2.184043558E1,2.318967819E0,-1.040658569E1,5.793365240E-1
2.185044958E1,-6.837458350E-3,-8.120767593E0,-5.935701728E-1
2.186046358E1,-2.241798639E0,-4.006927013E0,-9.832208157E-1
2.187047658E1,-3.837900639E0,8.518176153E-3,-1.066081047E0
2.188049058E1,-4.325336933E0,2.191433430E0,-9.599759579E-1
2.189050458E1,-3.694114208E0,2.000232220E0,-8.288283348E-1
2.190051758E1,-2.050121307E0,2.142854333E-1,-5.371026397E-1
2.191053158E1,5.709862709E-1,-1.806085229E0,1.398124695E-1
2.192054558E1,2.932019949E0,-4.194703102E0,1.491903067E0
2.193055958E1,3.980002403E0,-6.489185810E0,3.315812349E0
2.194057258E1,4.369075775E0,-7.783236504E0,5.006844997E0
2.195058658E1,4.239476681E0,-8.324329376E0,5.945265770E0
2.196060058E1,3.374963284E0,-7.532282352E0,5.998507500E0
2.197061358E1,1.812444568E0,-4.993435383E0,5.750709057E0
2.198062758E1,9.472491592E-2,-1.890779614E0,5.149598122E0
2.199064158E1,-1.433039784E0,1.421342492E-1,4.210243225E0
2.200065458E1,-2.312923670E0,1.148388147E0,3.305788517E0
2.201066858E1,-2.548998356E0,7.570182681E-1,2.590562820E0
2.202068258E1,-2.294743061E0,-1.112834454E0,2.273317337E0
2.203069558E1,-1.783633113E0,-3.689041376E0,2.519492149E0
2.204070958E1,-9.865378737E-1,-6.454730034E0,3.313812256E0
2.205072358E1,3.464120924E-1,-8.054694176E0,4.275061131E0
2.206073758E1,2.117103577E0,-8.672842026E0,5.122831345E0
2.207075058E1,3.405751228E0,-7.983167648E0,5.732156277E0
2.208076458E1,3.083627701E0,-4.495359898E0,5.758065701E0
2.209077858E1,1.242993236E0,4.225055873E-1,5.416275501E0
2.210079158E1,-7.544155717E-1,4.086849689E0,4.682708263E0
2.211080558E1,-1.814210653E0,5.217603683E0,3.585514069E0
2.212081958E1,-2.344037771E0,3.749622583E0,2.610676289E0
2.213083258E1,-2.854556799E0,5.756567717E-1,1.908207893E0
2.214084658E1,-3.676966667E0,-3.256295919E0,1.436542392E0
2.215086058E1,-4.037878513E0,-6.107727528E0,1.453930497E0
2.216087358E1,-3.007794380E0,-7.453509808E0,1.916957259E0
2.217088758E1,-6.463288665E-1,-8.181661606E0,2.745932817E0
2.218090158E1,2.494423151E0,-8.115704536E0,3.459626436E0
2.219091458E1,4.304215908E0,-5.629470348E0,4.222565651E0
2.220092858E1,3.927335739E0,-1.206601024E0,5.103319168E0
2.221094258E1,2.905467510E0,2.519109011E0,5.412179470E0
2.222095658E1,1.949022770E0,4.208857059E0,5.086544037E0
2.223096958E1,1.594505191E0,3.918013811E0,4.568912029E0
2.224098358E1,9.287618399E-1,2.133639812E0,3.946420193E0
2.225099758E1,-1.772247553E-1,-5.549899936E-1,3.244909763E0
2.226101058E1,-1.769466996E0,-3.888078928E0,2.974397659E0
2.227102458E1,-2.628412247E0,-6.101413727E0,3.202891827E0
2.228103858E1,-1.969209790E0,-6.722060680E0,3.386348009E0
2.229105158E1,6.746021658E-2,-6.651441097E0,3.529743671E0
2.230106558E1,1.935150266E0,-5.122523308E0,3.681413412E0
2.231107958E1,2.209136486E0,-1.653508425E0,3.973918438E0
2.232109258E1,1.811280727E0,1.837613463E0,4.084072590E0
2.233110658E1,1.474811196E0,3.958397865E0,3.810196161E0
2.234112058E1,1.224468946E0,4.540641785E0,3.573533773E0
2.235113358E1,1.294526815E0,3.444136620E0,3.739681721E0
2.236114758E1,1.245273232E0,3.279449046E-1,3.945529699E0
2.237116158E1,1.328144073E0,-3.380168676E0,4.073727608E0
2.238117458E1,1.200918317E0,-6.062517166E0,4.112440586E0
2.239118858E1,7.266234159E-1,-6.070347786E0,3.864266396E0
2.240120258E1,9.306135029E-2,-4.138216496E0,3.585137606E0
2.241121658E1,-4.802205563E-1,-2.260102272E0,3.399413347E0
2.242122958E1,-3.982335329E-1,-6.421430111E-1,3.312797546E0
2.243124358E1,-2.401358634E-2,9.509437084E-1,3.338716984E0
2.244125758E1,4.910270572E-1,2.051700354E0,3.411982536E0
2.245127058E1,1.111003757E0,2.450686455E0,3.424289227E0
2.246128458E1,1.630846262E0,2.026763201E0,3.478473902E0
2.247129858E1,2.121755362E0,1.626673937E-1,3.599771500E0
2.248131158E1,2.387408972E0,-2.854186296E0,3.929246664E0
2.249132558E1,2.318038940E0,-5.746178627E0,4.313021183E0
2.250133958E1,2.082513332E0,-7.471097469E0,4.595186234E0
2.251135258E1,2.098505020E0,-8.057579994E0,4.642404079E0
2.252136658E1,2.551475286E0,-7.265746593E0,4.480338573E0
2.253138058E1,2.686954975E0,-5.125745296E0,4.184644699E0
2.254139358E1,1.984925270E0,-2.114726543E0,3.863245964E0
2.255140692E1,8.481844664E-1,1.021033168E0,3.382595301E0
2.256142092E1,-2.298611552E-1,3.337501526E0,2.728735209E0
2.257143392E1,-9.125281572E-1,4.424289227E0,1.868718028E0
2.258144792E1,-1.200904965E0,3.191749334E0,1.355636716E0
2.259146192E1,-1.201756716E0,-7.257652283E-1,1.575858355E0
2.260147592E1,-9.632042050E-1,-5.333606720E0,2.417784214E0
2.261148892E1,-2.669585645E-1,-8.527235031E0,3.398898363E0
2.262150292E1,4.888481200E-1,-9.635520935E0,3.904919386E0
2.263151692E1,8.882810473E-1,-7.963585854E0,3.913639784E0
2.264152992E1,4.638652802E-1,-4.396922112E0,3.266597986E0
2.265154392E1,-3.752043545E-1,-9.028343856E-2,2.014461756E0
2.266155792E1,-1.004335284E0,3.640647173E0,7.332590222E-1
2.267157092E1,-1.386467218E0,6.232230663E0,-1.865376979E-1
2.268158492E1,-1.532184839E0,7.740843296E0,-8.549831510E-1
2.269159892E1,-1.426627994E0,8.010485649E0,-1.191586256E0
2.270161192E1,-1.505671859E0,6.769927502E0,-1.012538552E0
2.271162592E1,-1.759415746E0,4.167465687E0,-5.211926103E-1
2.272163992E1,-1.948689461E0,1.522926092E0,-8.311189711E-2
2.273165292E1,-2.070747375E0,-3.392315209E-1,1.280820966E-1
2.274166692E1,-2.212376833E0,-1.240973949E0,1.797237806E-2
2.275168092E1,-2.427891970E0,-1.005916119E0,-3.676844835E-1
2.276169392E1,-2.795874596E0,1.193431765E-1,-9.176797867E-1
2.277170792E1,-3.418702126E0,1.645006180E0,-1.505446553E0
2.278172192E1,-4.157428265E0,3.126708269E0,-2.083743811E0
2.279173492E1,-4.827113152E0,4.339226246E0,-2.621546030E0
2.280174892E1,-5.280662537E0,5.061353207E0,-3.105103731E0
2.281176292E1,-5.404132366E0,5.625607967E0,-3.390356541E0
2.282177592E1,-5.439438820E0,6.505256176E0,-3.434020281E0
2.283178992E1,-5.557144165E0,7.761629581E0,-3.336605310E0
2.284180392E1,-5.632584095E0,9.130171776E0,-3.280380726E0
2.285181792E1,-5.604001045E0,1.054700184E1,-3.285991669E0
2.286183092E1,-5.534085751E0,1.186506271E1,-3.309377193E0
2.287184492E1,-5.629828453E0,1.291041851E1,-3.464503765E0
2.288185892E1,-5.574760914E0,1.379601192E1,-3.531569242E0
2.289187192E1,-5.243041039E0,1.438566494E1,-3.556982040E0
2.290188592E1,-5.035466194E0,1.431438351E1,-3.732106447E0
2.291189992E1,-4.900306225E0,1.373899078E1,-4.036215782E0
2.292191292E1,-4.742960930E0,1.289004803E1,-4.342268944E0
2.293192692E1,-4.485373497E0,1.182454777E1,-4.468995094E0
2.294194092E1,-4.016057014E0,1.048749542E1,-4.414754868E0
2.295195392E1,-3.434645176E0,9.116368294E0,-4.207504272E0
2.296196792E1,-2.890866518E0,7.923373699E0,-3.766419411E0
2.297198192E1,-2.551656485E0,6.923409939E0,-3.084583998E0
2.298199492E1,-2.423882246E0,6.231022835E0,-2.388683319E0
2.299200892E1,-2.533756733E0,5.706636429E0,-1.897049069E0
2.300202292E1,-2.592930794E0,5.181153774E0,-1.677278161E0
2.301203592E1,-2.449033022E0,4.910795212E0,-1.687407732E0
2.302204992E1,-2.029346943E0,4.993437290E0,-1.852010012E0
2.303206392E1,-1.573307872E0,5.062096119E0,-2.025784016E0
2.304207692E1,-1.183719754E0,4.969604015E0,-2.043948889E0
2.305209092E1,-9.041526318E-1,4.815012455E0,-1.911983609E0
2.306210492E1,-8.092197776E-1,4.553746700E0,-1.628262401E0
2.307211792E1,-8.406980634E-1,4.120993614E0,-1.283655763E0
2.308213192E1,-9.248797894E-1,3.563078403E0,-1.035285830E0
2.309214592E1,-9.004442096E-1,2.919839621E0,-8.299521804E-1
2.310215892E1,-6.560639739E-1,2.270021677E0,-7.430436015E-1
2.311217292E1,-2.152391672E-1,1.349986315E0,-5.606687665E-1
2.312218692E1,2.249624766E-2,7.572202682E-1,-4.259547889E-1
2.313219992E1,-1.210063249E-1,6.558872461E-1,-3.961588144E-1
2.314221392E1,-5.082948208E-1,8.820042610E-1,-3.668450713E-1
2.315222792E1,-9.446231723E-1,1.567017198E0,-3.247942924E-1
2.316224092E1,-1.354606986E0,2.345168114E0,-1.872896850E-1
2.317225492E1,-1.700462937E0,2.808088303E0,7.760296017E-2
2.318226892E1,-1.746119857E0,2.917913437E0,4.256328344E-1
2.319228192E1,-1.575614452E0,2.761381626E0,5.940346122E-1
2.320229592E1,-1.267003655E0,2.448664665E0,6.126496196E-1
2.321230992E1,-8.479434848E-1,2.135710239E0,6.058968902E-1
2.322232392E1,-5.488969684E-1,1.818232536E0,5.799203515E-1
2.323233692E1,-4.516894519E-1,1.457805872E0,5.239835382E-1
2.324235092E1,-3.243570328E-1,1.102048159E0,5.234381557E-1
2.325236492E1,-1.252830774E-1,7.110660076E-1,6.414438486E-1
2.326237792E1,8.006738871E-2,3.300430477E-1,8.078786731E-1
2.327239192E1,2.172534764E-1,1.429136544E-1,9.285284281E-1
2.328240592E1,2.035896331E-1,2.810111940E-1,1.031323195E0
2.329241892E1,3.381231427E-2,6.355370283E-1,1.066952109E0
2.330243292E1,-2.158538252E-1,9.537695050E-1,9.853497744E-1
2.331244692E1,-4.441999197E-1,1.138547063E0,8.148147464E-1
2.332245992E1,-5.585928559E-1,1.135410666E0,6.853103042E-1
2.333247392E1,-5.532785058E-1,9.481334686E-1,6.961352229E-1
2.334248792E1,-3.861192465E-1,6.388286352E-1,7.941561341E-1
2.335250092E1,-9.471697360E-2,3.695583045E-1,8.640180826E-1
2.336251492E1,1.214044020E-1,2.387725711E-1,8.778518438E-1
2.337252892E1,2.170457095E-1,2.822183371E-1,8.859542608E-1
2.338254192E1,2.173043638E-1,4.434071481E-1,8.677326441E-1
2.339255592E1,1.359298825E-1,5.703182220E-1,7.642925382E-1
2.340256992E1,8.481679112E-2,6.787725687E-1,6.566078067E-1
2.341258292E1,6.358580291E-2,6.605144739E-1,6.136081815E-1
2.342259692E1,8.361124247E-2,5.096353889E-1,6.667241454E-1
2.343261092E1,1.356864423E-1,3.356856704E-1,7.345125079E-1
2.344262392E1,1.398258656E-1,1.531772912E-1,7.279391289E-1
2.345263792E1,3.539745510E-2,1.584641933E-1,7.008446455E-1
2.346265192E1,-1.128653288E-1,3.053621650E-1,6.437466741E-1
2.347266492E1,-2.323752046E-1,4.875106215E-1,5.761897564E-1
2.348267892E1,-2.967871726E-1,6.351703405E-1,4.968348145E-1
2.349269292E1,-3.146854639E-1,7.030167580E-1,4.141231477E-1
2.350270592E1,-3.085681796E-1,7.464259863E-1,3.778522313E-1
2.351271992E1,-2.899521589E-1,6.891246438E-1,3.940146863E-1
2.352273392E1,-3.143258989E-1,5.119597912E-1,4.681451321E-1
2.353274692E1,-1.680222154E-1,4.317973554E-1,6.182691455E-1
2.354276092E1,4.504362121E-2,3.884879053E-1,6.948841810E-1
2.355277604E1,2.263044864E-1,3.531493545E-1,6.842869520E-1
2.356278904E1,3.188998401E-1,2.865013182E-1,6.362676620E-1
2.357280304E1,3.694836497E-1,1.911910325E-1,6.026707888E-1
2.358281704E1,4.020423889E-1,1.028495952E-1,5.374201536E-1
2.359283004E1,3.916014731E-1,-3.280563280E-3,4.624434114E-1
2.360284404E1,3.405739367E-1,-4.418997094E-2,3.661045730E-1
2.361285804E1,2.518816292E-1,5.563941970E-2,2.838166356E-1
2.362287104E1,1.259749383E-1,2.369122654E-1,2.550351620E-1
2.363288504E1,-2.233943716E-2,4.447251260E-1,2.446930408E-1
2.364289904E1,-1.472586095E-1,5.636343360E-1,2.513148487E-1
2.365291204E1,-1.792780608E-1,5.919536352E-1,2.724273205E-1
2.366292604E1,-1.559682488E-1,5.510165095E-1,3.007470667E-1
2.367294004E1,-1.314666271E-1,4.753827453E-1,3.373537958E-1
2.368295304E1,-1.170247421E-1,3.819926083E-1,3.686285019E-1
2.369296704E1,-9.601133317E-2,3.006295562E-1,3.772174418E-1
2.370298104E1,-9.337233752E-2,2.622307241E-1,3.578470051E-1
2.371299404E1,-1.015048325E-1,2.685160637E-1,3.138894141E-1
2.372300804E1,-7.573014498E-2,2.872208655E-1,2.900403440E-1
2.373302204E1,-1.004646905E-2,3.447414041E-1,2.900424898E-1
2.374303504E1,4.258467257E-2,3.637260497E-1,3.074674308E-1
2.375304904E1,7.454899698E-2,3.127630055E-1,3.396605253E-1
2.376306304E1,9.503223747E-2,2.584825754E-1,3.767075837E-1
2.377307604E1,9.966933727E-2,2.447361350E-1,3.780055940E-1
2.378309004E1,1.017750427E-1,1.835948080E-1,3.663046658E-1
2.379310404E1,1.351087689E-1,6.073892862E-2,3.833089769E-1
2.380311704E1,1.950863749E-1,-3.862056509E-2,3.983182907E-1
2.381313104E1,2.507877350E-1,-3.521331400E-2,4.039610028E-1
2.382314504E1,2.525115609E-1,8.171537519E-2,4.022626877E-1
2.383315804E1,1.816858351E-1,2.202381045E-1,4.027260542E-1
2.384317204E1,-2.033721656E-1,4.754071832E-1,3.745633066E-1
2.385318604E1,-4.350320399E-1,6.396493316E-1,3.591225743E-1
2.386319904E1,-5.212010741E-1,7.265148759E-1,3.396361470E-1
2.387321304E1,-4.386374950E-1,5.822508931E-1,2.662450075E-1
2.388322704E1,-2.098403424E-1,3.491213322E-1,1.605456918E-1
2.389324004E1,3.710152954E-2,8.099374920E-2,7.604277879E-2
2.390325404E1,2.283600718E-1,-1.249213889E-1,4.751624167E-2
2.391326804E1,3.280107975E-1,-2.075108141E-1,6.163046509E-2
2.392328104E1,3.095797002E-1,-1.762514859E-1,1.034808308E-1
2.393329504E1,2.230450511E-1,-7.808523625E-2,1.623340100E-1