"Time (s)","X (rad/s)","Y (rad/s)","Z (rad/s)"
-7.351666663E-4,-2.426593937E-2,2.153313253E-4,4.908947740E-4
9.277833333E-3,-5.707041547E-2,-2.520027943E-2,1.169698965E-2
1.929183333E-2,-7.298494130E-2,-2.233285271E-2,1.291618496E-2
2.930483333E-2,-6.969523430E-2,-2.062021382E-2,7.081908174E-3
3.931783333E-2,-4.582957551E-2,-3.534969408E-3,-6.494887173E-3
4.933183333E-2,-3.010354191E-2,1.781593822E-2,-1.845141500E-2
5.934483333E-2,-4.519807175E-2,4.702841863E-2,-1.674166694E-2
6.935783333E-2,-7.362833619E-2,6.895057112E-2,-2.273952588E-3
7.937183333E-2,-8.199918270E-2,8.142960817E-2,1.361020561E-2
8.938483333E-2,-7.405786961E-2,5.309281498E-2,2.503228188E-2
9.939783333E-2,-6.062116101E-2,1.122019999E-2,4.672559351E-2
1.094118333E-1,-6.998167187E-2,-3.770633787E-2,6.781950593E-2
1.194248333E-1,-1.037265882E-1,-5.672902614E-2,8.083143830E-2
1.294378333E-1,-1.524255872E-1,-3.532154858E-2,8.918525279E-2
1.394518333E-1,-1.891463101E-1,4.176258296E-2,9.624317288E-2
1.494648333E-1,-2.022125870E-1,1.258375198E-1,1.148227155E-1
1.594778333E-1,-1.939961910E-1,1.892455220E-1,1.390657276E-1
1.694908333E-1,-1.830394417E-1,2.264555097E-1,1.656961888E-1
1.795048333E-1,-1.645246148E-1,2.256216705E-1,1.840794533E-1
1.895178333E-1,-1.308704168E-1,2.128803730E-1,1.819664538E-1
1.995308333E-1,-9.632601589E-2,1.861457080E-1,1.578430086E-1
2.095448333E-1,-6.045992672E-2,1.677580625E-1,1.443415731E-1
2.195578333E-1,-8.786612190E-3,1.366893649E-1,1.430845559E-1
2.295708333E-1,5.726843327E-2,1.040112749E-1,1.543218195E-1
2.395848333E-1,1.071017683E-1,7.449226081E-2,1.795925498E-1
2.495978333E-1,1.500683576E-1,7.890904695E-2,1.958049983E-1
2.596108333E-1,1.979522556E-1,9.169407934E-2,1.954635829E-1
2.696248333E-1,2.265091240E-1,8.936449885E-2,1.971281022E-1
2.796378333E-1,2.472996265E-1,1.244894639E-1,2.376888394E-1
2.896508333E-1,2.386078984E-1,1.891658902E-1,3.013341427E-1
2.996648333E-1,1.996647567E-1,2.270927578E-1,3.262498677E-1
3.096778333E-1,1.349553466E-1,2.152510285E-1,3.069856465E-1
3.196908333E-1,7.384273410E-2,1.198656410E-1,2.581041455E-1
3.297038333E-1,1.004180089E-1,3.201427311E-2,2.538861930E-1
3.397178333E-1,1.980761290E-1,-1.213984489E-1,3.336044550E-1
3.497308333E-1,3.583516777E-1,-2.593217790E-1,4.067083597E-1
3.597438333E-1,5.449655056E-1,-4.019646645E-1,4.846609533E-1
3.697578333E-1,7.503708601E-1,-4.853269458E-1,5.266850591E-1
3.797708333E-1,9.236704707E-1,-4.738881290E-1,5.092008710E-1
3.897838333E-1,1.073570967E0,-4.747288227E-1,4.753954709E-1
3.997978333E-1,1.133246541E0,-5.072776675E-1,4.962197840E-1
4.098108333E-1,1.080264926E0,-5.620772243E-1,5.675973892E-1
4.198238333E-1,9.309409857E-1,-9.186792970E-1,6.347271800E-1
4.298378333E-1,7.080211043E-1,-1.221176028E0,4.282624722E-1
4.398508333E-1,6.431875229E-1,-1.075125337E0,7.589057833E-2
4.498638333E-1,6.579106450E-1,-8.071892262E-1,-6.684681401E-3
4.598778333E-1,4.357438982E-1,-7.812615037E-1,3.058466017E-1
4.698908333E-1,1.744949967E-1,-9.874429703E-1,7.346315980E-1
4.799038333E-1,9.857306629E-2,-9.106270075E-1,9.994840622E-1
4.899168333E-1,1.269351989E-1,-9.221416712E-1,1.224316359E0
4.999308333E-1,1.456628144E-1,-1.221073866E0,1.355445027E0
5.099438333E-1,1.818205565E-1,-1.407192588E0,1.403577447E0
5.199568333E-1,1.813401282E-1,-1.631604671E0,1.526832461E0
5.299708333E-1,1.419935226E-1,-1.669877172E0,1.737323642E0
5.399838333E-1,2.134273015E-2,-1.364901304E0,1.971430779E0
5.499968333E-1,-1.705384403E-1,-9.395208955E-1,2.188534260E0
5.600108333E-1,-3.917118311E-1,-6.274194717E-1,2.375748396E0
5.700238333E-1,-6.093621254E-1,-6.167527437E-1,2.548377037E0
5.800368333E-1,-7.250152230E-1,-1.055147886E0,2.758299351E0
5.900508333E-1,-6.656482220E-1,-1.790491343E0,2.986941338E0
6.000638333E-1,-4.700031281E-1,-2.336293697E0,3.259064198E0
6.100768333E-1,-1.546767652E-1,-2.600528955E0,3.538511515E0
6.200908333E-1,1.333030909E-1,-2.732937336E0,3.781882048E0
6.301038333E-1,2.603970766E-1,-2.725314617E0,3.985374928E0
6.401168333E-1,2.328930050E-1,-2.560498714E0,4.158557415E0
6.501298333E-1,1.368842870E-1,-2.518235922E0,4.143718719E0
6.601438333E-1,1.213463210E-2,-2.747812271E0,4.143209457E0
6.701568333E-1,-3.916717321E-2,-3.005468369E0,4.304965496E0
6.801698333E-1,1.965592802E-2,-3.097341061E0,4.470072746E0
6.901838333E-1,1.354281418E-2,-3.268338680E0,4.573771000E0
7.001968333E-1,-1.381692141E-1,-3.329761505E0,4.595085621E0
7.102098333E-1,-3.230069578E-1,-3.332308769E0,4.518997669E0
7.202238333E-1,-4.808173478E-1,-3.283237219E0,4.385596752E0
7.302368333E-1,-6.641737223E-1,-3.205682516E0,4.206920147E0
7.402498333E-1,-9.042116404E-1,-3.185973883E0,4.025812149E0
7.502638333E-1,-1.103870034E0,-3.234268665E0,3.875439167E0
7.602768333E-1,-1.188227057E0,-3.320236206E0,3.734712601E0
7.702898333E-1,-1.134136438E0,-3.414239407E0,3.676542521E0
7.803038333E-1,-9.878682494E-1,-3.460772991E0,3.698528767E0
7.903168333E-1,-8.430711031E-1,-3.487671614E0,3.725893259E0
8.003298333E-1,-7.632058263E-1,-3.551449776E0,3.690333366E0
8.103438333E-1,-7.839497328E-1,-3.733845234E0,3.470187902E0
8.203568333E-1,-8.812493682E-1,-3.983979464E0,3.133142710E0
8.303698333E-1,-1.010062337E0,-4.133023262E0,2.790128231E0
8.403838333E-1,-1.202464819E0,-4.050408363E0,2.388519764E0
8.503968333E-1,-1.460938811E0,-3.811994553E0,1.924676657E0
8.604098333E-1,-1.710304976E0,-3.466559172E0,1.458593965E0
8.704228333E-1,-1.919077992E0,-3.118247747E0,1.014702916E0
8.804368333E-1,-2.103708029E0,-2.717785835E0,6.227790117E-1
8.904498333E-1,-2.284743547E0,-2.301862717E0,2.682829797E-1
9.004628333E-1,-2.435952663E0,-1.964112520E0,-6.883381307E-2
9.104768333E-1,-2.514442205E0,-1.751008511E0,-4.271471500E-1
9.204898333E-1,-2.522069693E0,-1.684985042E0,-8.116858006E-1
9.305028333E-1,-2.488225698E0,-1.806451678E0,-1.175505161E0
9.405168333E-1,-2.473657131E0,-1.717839003E0,-1.496964693E0
9.505298333E-1,-2.622594357E0,-1.088634849E0,-1.794109702E0
9.605428333E-1,-2.953406572E0,-3.661599457E-1,-2.075622797E0
9.705568333E-1,-3.286607027E0,2.147210091E-1,-2.339023113E0
9.805698333E-1,-3.478470802E0,4.514209032E-1,-2.570942402E0
9.905828333E-1,-3.475814819E0,3.274796903E-1,-2.787528992E0
1.000595875E0,-3.341401100E0,-1.293344796E-1,-2.992304802E0
1.010608875E0,-3.140261889E0,-7.911851406E-1,-3.167656422E0
1.020621875E0,-2.935035944E0,-1.400220513E0,-3.269587755E0
1.030635875E0,-2.815502644E0,-1.471579671E0,-3.246454477E0
1.040648875E0,-2.903526545E0,-9.076808691E-1,-3.171267033E0
1.050661875E0,-3.209383965E0,5.754333735E-2,-3.067308664E0
1.060674875E0,-3.585047483E0,1.140607834E0,-2.965586185E0
1.070688875E0,-3.881215096E0,2.088396549E0,-2.789751291E0
1.080701875E0,-4.011323929E0,2.712196827E0,-2.567932606E0
1.090714875E0,-3.944564819E0,3.047856808E0,-2.373261452E0
1.100728875E0,-3.704552650E0,3.100249052E0,-2.189729691E0
1.110741875E0,-3.335216999E0,2.855334520E0,-1.987921000E0
1.120754875E0,-2.861871004E0,2.568658113E0,-1.729415417E0
1.130768875E0,-2.424353123E0,2.391988993E0,-1.415085435E0
1.140781875E0,-2.105118752E0,2.254815578E0,-1.056973696E0
1.150794875E0,-1.869387031E0,2.113803387E0,-6.401333809E-1
1.160808875E0,-1.672077894E0,1.932363749E0,-1.609199196E-1
1.170821875E0,-1.478450060E0,1.734225869E0,3.921798170E-1
1.180834875E0,-1.271451831E0,1.463333130E0,9.831507206E-1
1.190848875E0,-1.027989388E0,9.577333331E-1,1.500782490E0
1.200861875E0,-7.667382956E-1,2.875781357E-1,1.898305058E0
1.210874875E0,-4.971117377E-1,-4.661274850E-1,2.315924644E0
1.220888875E0,-1.549054086E-1,-1.198022008E0,2.819435835E0
1.230901875E0,2.587091327E-1,-1.837741733E0,3.389707327E0
1.240914875E0,6.833344698E-1,-2.467050791E0,3.893180132E0
1.250928875E0,1.101360202E0,-2.984207153E0,4.330782890E0
1.260941875E0,1.453379512E0,-3.219340324E0,4.647459507E0
1.270954875E0,1.610950232E0,-3.193194628E0,4.806947231E0
1.280967875E0,1.516834617E0,-2.914783239E0,4.671191216E0
1.290981875E0,1.128354430E0,-2.607979774E0,4.285120964E0
1.300994875E0,6.275408864E-1,-2.348448038E0,3.897925854E0
1.311007875E0,2.128179818E-1,-2.115622282E0,3.606598139E0
1.321021875E0,-6.886802614E-2,-2.093876600E0,3.379215717E0
1.331034875E0,-1.752614528E-1,-2.276861906E0,3.199546814E0
1.341047875E0,-9.437991679E-2,-2.541023254E0,3.037543774E0
1.351061875E0,6.797462702E-2,-2.790846586E0,2.838872671E0
1.361074875E0,2.040397823E-1,-2.933465242E0,2.602886915E0
1.371087875E0,2.730629742E-1,-2.963077307E0,2.337285519E0
1.381101875E0,2.594624758E-1,-2.950493574E0,2.012062550E0
1.391114875E0,1.117412224E-1,-2.663279057E0,1.649909019E0
1.401127875E0,-2.128927708E-1,-2.047266722E0,1.255115867E0
1.411141875E0,-6.470470428E-1,-1.377131820E0,8.817416430E-1
1.421154875E0,-1.117655039E0,-8.287222385E-1,4.585775733E-1
1.431167875E0,-1.576909900E0,-4.783525169E-1,6.542559713E-2
1.441181875E0,-1.910344601E0,-4.009091258E-1,-2.547774315E-1
1.451194875E0,-2.118787050E0,-5.631101727E-1,-5.394645333E-1
1.461207875E0,-2.204575777E0,-1.013464093E0,-8.091894984E-1
1.471221875E0,-2.181698084E0,-1.567739606E0,-1.020501494E0
1.481234875E0,-2.188469410E0,-1.595874667E0,-1.197148442E0
1.491247875E0,-2.425587654E0,-9.646286368E-1,-1.385566354E0
1.501260875E0,-2.868355751E0,-9.485950693E-3,-1.563483119E0
1.511274875E0,-3.292437077E0,9.993333220E-1,-1.740694165E0
1.521287875E0,-3.551677704E0,1.825111508E0,-1.921550989E0
1.531300875E0,-3.686858416E0,2.336784124E0,-2.099642277E0
1.541314875E0,-3.722700596E0,2.486716509E0,-2.236813784E0
1.551327875E0,-3.654185534E0,2.364057302E0,-2.310538292E0
1.561340875E0,-3.518509865E0,2.029143333E0,-2.283676386E0
1.571354875E0,-3.371212721E0,1.535622478E0,-2.173951149E0
1.581367875E0,-3.222814083E0,1.078893542E0,-2.004986048E0
1.591380875E0,-3.067400455E0,8.810386658E-1,-1.815300107E0
1.601394875E0,-2.918540955E0,8.917509913E-1,-1.581668377E0
1.611407875E0,-2.768051147E0,9.845122695E-1,-1.302358270E0
1.621420875E0,-2.581537008E0,1.058695316E0,-9.567632079E-1
1.631434875E0,-2.357499361E0,1.127437830E0,-5.221925378E-1
1.641447875E0,-2.120747089E0,1.171887636E0,-7.308771461E-2
1.651460875E0,-1.868114948E0,1.121347547E0,2.797614634E-1
1.661474875E0,-1.581302047E0,8.699551821E-1,5.670078993E-1
1.671487875E0,-1.245082259E0,4.996550381E-1,9.272652268E-1
1.681500875E0,-8.903610706E-1,9.365828335E-2,1.401535511E0
1.691514875E0,-5.360188484E-1,-3.818348050E-1,2.048990726E0
1.701527875E0,-1.475121230E-1,-8.009688854E-1,2.785633326E0
1.711540875E0,2.116973847E-1,-1.091133475E0,3.399367094E0
1.721554875E0,5.296871066E-1,-1.301916003E0,3.834186792E0
1.731567875E0,7.601492405E-1,-1.411292076E0,4.030421734E0
1.741580875E0,7.952646017E-1,-1.330595970E0,3.911835909E0
1.751594875E0,5.657272935E-1,-1.286757946E0,3.657925844E0
1.761607875E0,2.525022924E-1,-1.329847813E0,3.494390726E0
1.771620875E0,6.657436490E-2,-1.469512701E0,3.477573633E0
1.781633875E0,8.660453558E-2,-1.676335931E0,3.478128195E0
1.791647875E0,2.476298064E-1,-1.918636680E0,3.476134539E0
1.801660875E0,4.295170605E-1,-2.007627487E0,3.446732044E0
1.811673875E0,4.821228683E-1,-2.010800838E0,3.379384279E0
1.821687875E0,4.707642198E-1,-1.991778135E0,3.332992315E0
1.831700875E0,4.739983082E-1,-1.972947359E0,3.284777403E0
1.841713875E0,4.971076250E-1,-2.073694706E0,3.183091402E0
1.851727875E0,5.735300779E-1,-2.261496544E0,3.041422844E0
1.861740875E0,6.934596300E-1,-2.470783234E0,2.830574989E0
1.871753875E0,7.430644035E-1,-2.588616133E0,2.529919863E0
1.881767875E0,6.865822077E-1,-2.437803030E0,2.230350733E0
1.891780875E0,3.937783837E-1,-2.056131124E0,1.806907296E0
1.901793875E0,-1.964350790E-1,-1.539352775E0,1.322875738E0
1.911807875E0,-8.402894139E-1,-9.042297006E-1,8.163411021E-1
1.921820875E0,-1.468578458E0,-3.272121549E-1,3.539023697E-1
1.931833875E0,-2.001492500E0,8.867565542E-2,-8.298078179E-2
1.941847875E0,-2.397161961E0,3.033658564E-1,-4.945592880E-1
1.951860875E0,-2.650245905E0,3.414859772E-1,-8.555203080E-1
1.961873875E0,-2.792320013E0,2.112621814E-1,-1.166045189E0
1.971887875E0,-2.860871315E0,-1.542370021E-1,-1.417935014E0
1.981900875E0,-2.914256334E0,-3.686057627E-1,-1.608129978E0
1.991913875E0,-3.019866705E0,-1.455522478E-1,-1.769421697E0
2.001927750E0,-3.178574562E0,2.691008449E-1,-1.893181443E0
2.011940750E0,-3.304559469E0,7.410120368E-1,-2.003288031E0
2.021953750E0,-3.431797266E0,1.158569574E0,-2.129438162E0
2.031967750E0,-3.567252398E0,1.393356323E0,-2.217411518E0
2.041980750E0,-3.658626556E0,1.386141181E0,-2.234561682E0
2.051993750E0,-3.679742575E0,1.122563601E0,-2.183047533E0
2.062006750E0,-3.677883387E0,7.829362154E-1,-2.113180399E0
2.072020750E0,-3.728127956E0,7.938287258E-1,-2.074633837E0
2.082033750E0,-3.880473375E0,1.092267871E0,-2.041595221E0
2.092046750E0,-4.019143105E0,1.534716487E0,-1.948041677E0
2.102060750E0,-4.001461983E0,1.972479224E0,-1.778357506E0
2.112073750E0,-3.844902992E0,2.264327765E0,-1.555483222E0
2.122086750E0,-3.593255758E0,2.379558325E0,-1.308328748E0
2.132100750E0,-3.279605150E0,2.360888243E0,-1.014169455E0
2.142113750E0,-2.953276873E0,2.242169142E0,-6.951491237E-1
2.152126750E0,-2.598327637E0,1.947138071E0,-3.189294040E-1
2.162140750E0,-2.203233719E0,1.458988667E0,1.221223027E-1
2.172153750E0,-1.772894859E0,8.473871946E-1,5.422743559E-1
2.182166750E0,-1.352637172E0,1.656994522E-1,9.634482265E-1
2.192180750E0,-9.988810420E-1,-3.728757501E-1,1.439290047E0
2.202193750E0,-6.976639628E-1,-7.175418139E-1,2.003424168E0
2.212206750E0,-4.035052359E-1,-7.160062790E-1,2.604091644E0
2.222220750E0,-1.766787469E-1,-7.737505436E-1,3.162244797E0
2.232233750E0,1.719084978E-1,-1.091860890E0,3.655028582E0
2.242246750E0,6.983816624E-1,-1.602652192E0,3.987383604E0
2.252260750E0,1.209167004E0,-2.155822277E0,4.134082317E0
2.262273750E0,1.502700090E0,-2.435543060E0,4.157775402E0
2.272286750E0,1.443437457E0,-2.362254381E0,4.133656025E0
2.282300750E0,1.102033257E0,-2.124316216E0,4.145440578E0
2.292313750E0,6.929576397E-1,-1.945245743E0,4.170876980E0
2.302326750E0,5.236077905E-1,-1.906671524E0,4.226682186E0
2.312340750E0,6.910499930E-1,-2.002139091E0,4.258381844E0
2.322353750E0,1.016956687E0,-2.224122047E0,4.230787277E0
2.332366750E0,1.347612858E0,-2.397615194E0,4.123440266E0
2.342380750E0,1.515074611E0,-2.389229536E0,3.943411827E0
2.352393750E0,1.460225821E0,-2.154036045E0,3.713647604E0
2.362406750E0,1.299102664E0,-1.801046371E0,3.449961424E0
2.372420750E0,1.145933628E0,-1.546415687E0,3.205870867E0
2.382433750E0,1.081082463E0,-1.391840458E0,2.920295238E0
2.392446750E0,9.626189470E-1,-1.283550143E0,2.522796869E0
2.402459750E0,7.369349599E-1,-1.117315650E0,2.078928232E0
2.412473750E0,2.456602454E-1,-7.574338317E-1,1.548975468E0
2.422486750E0,-5.059865713E-1,-2.068630904E-1,1.043706417E0
2.432499750E0,-1.294588804E0,5.506814122E-1,5.381823778E-1
2.442513750E0,-1.998414636E0,1.215999484E0,6.044140458E-2
2.452526750E0,-2.541599035E0,1.595256567E0,-4.041484296E-1
2.462539750E0,-2.927920341E0,1.673271298E0,-8.680178523E-1
2.472553750E0,-3.215595484E0,1.511100292E0,-1.352358460E0
2.482566750E0,-3.436546564E0,1.185140848E0,-1.757549047E0
2.492579750E0,-3.591856718E0,7.688633800E-1,-2.057054281E0
2.502593750E0,-3.712422371E0,2.802643776E-1,-2.259541273E0
2.512606750E0,-3.828190804E0,-2.244265005E-2,-2.369628906E0
2.522619750E0,-3.989751101E0,-5.047002435E-2,-2.455746889E0
2.532633750E0,-4.199687958E0,5.943220481E-2,-2.528620005E0
2.542646750E0,-4.394339561E0,3.044987023E-1,-2.633329868E0
2.552659750E0,-4.571712017E0,5.415660143E-1,-2.775007725E0
2.562673750E0,-4.768820763E0,7.404199839E-1,-2.982367277E0
2.572686750E0,-4.947490215E0,8.709685802E-1,-3.080838680E0
2.582699750E0,-5.024968147E0,8.943612576E-1,-3.019136190E0
2.592713750E0,-4.965824127E0,8.652518988E-1,-2.867287159E0
2.602726750E0,-4.841474533E0,7.576116920E-1,-2.713943481E0
2.612739750E0,-4.666809559E0,6.935057044E-1,-2.531123400E0
2.622753750E0,-4.520573139E0,7.963338494E-1,-2.314791918E0
2.632766750E0,-4.455024242E0,1.026892543E0,-2.138274193E0
2.642779750E0,-4.415359020E0,1.276862144E0,-1.871901155E0
2.652793750E0,-4.333055019E0,1.469483376E0,-1.471042275E0
2.662806750E0,-4.134437084E0,1.635793567E0,-9.399529696E-1
2.672819750E0,-3.720444441E0,1.719697237E0,-3.404259682E-1
2.682833750E0,-3.019922972E0,1.610334277E0,2.839420438E-1
2.692846750E0,-2.099726439E0,1.217169881E0,9.774843454E-1
2.702859750E0,-1.069466710E0,5.385969281E-1,1.660390496E0
2.712873750E0,-1.283155680E-1,-3.020420969E-1,2.352953196E0
2.722886750E0,6.685432196E-1,-1.071939588E0,2.991183281E0
2.732899750E0,1.316398859E0,-1.627745032E0,3.459000826E0
2.742912750E0,1.697787762E0,-2.110095978E0,3.830493689E0
2.752926750E0,1.895591378E0,-2.374535799E0,4.164710045E0
2.762939750E0,1.889311314E0,-2.341315985E0,4.483389378E0
2.772952750E0,1.687844992E0,-2.147403002E0,4.767934322E0
2.782966750E0,1.497902989E0,-1.867388725E0,5.037935734E0
2.792979750E0,1.491147876E0,-1.720959187E0,5.208963394E0
2.802992750E0,1.629176021E0,-1.705253959E0,5.195334911E0
2.813006750E0,1.823776484E0,-1.850749254E0,5.066969872E0
2.823019750E0,2.017603159E0,-2.024367094E0,4.900473595E0
2.833032750E0,2.123097420E0,-2.116157055E0,4.807569504E0
2.843046750E0,2.131184340E0,-2.111668348E0,4.761486053E0
2.853059750E0,2.109134674E0,-2.000563145E0,4.655823708E0
2.863072750E0,2.009909630E0,-1.845440030E0,4.437123775E0
2.873086750E0,1.839678884E0,-1.710904479E0,4.129416466E0
2.883099750E0,1.606366873E0,-1.460050344E0,3.797027111E0
2.893112750E0,1.250593901E0,-1.149290681E0,3.460262299E0
2.903126750E0,8.060796857E-1,-8.208079338E-1,3.124487162E0
2.913139750E0,3.292915225E-1,-5.774056315E-1,2.751660585E0
2.923152750E0,-1.160561293E-1,-4.703859687E-1,2.383057117E0
2.933166750E0,-4.899676442E-1,-4.000639915E-1,2.018330574E0
2.943179750E0,-7.995758057E-1,-4.258220792E-1,1.670631886E0
2.953192750E0,-9.972470999E-1,-4.419210255E-1,1.389585614E0
2.963206750E0,-1.161887527E0,-3.943841457E-1,1.112218499E0
2.973219750E0,-1.419978976E0,-3.002405763E-1,8.148598075E-1
2.983232750E0,-1.773854136E0,-1.289907694E-1,5.161487460E-1
2.993246750E0,-2.182568789E0,2.826264501E-2,2.330094874E-1
3.003260833E0,-2.585947990E0,2.090390772E-1,-2.744180337E-2
3.013273833E0,-2.985284328E0,5.012794733E-1,-3.257970214E-1
3.023287833E0,-3.386065483E0,8.746887445E-1,-6.560146213E-1
3.033300833E0,-3.744518757E0,1.248753190E0,-9.690678716E-1
3.043313833E0,-3.968123436E0,1.553582549E0,-1.218305588E0
3.053327833E0,-4.057503223E0,1.717526793E0,-1.409505725E0
3.063340833E0,-4.007832527E0,1.652872682E0,-1.577725530E0
3.073353833E0,-3.825792551E0,1.452178955E0,-1.702226877E0
3.083367833E0,-3.606408596E0,1.191130042E0,-1.806303501E0
3.093380833E0,-3.451846361E0,9.277341366E-1,-1.897510052E0
3.103393833E0,-3.391357899E0,8.345099092E-1,-1.965504527E0
3.113407833E0,-3.390478611E0,8.385798335E-1,-1.968636870E0
3.123420833E0,-3.426195621E0,9.172328115E-1,-1.976414084E0
3.133433833E0,-3.544072151E0,9.842728972E-1,-1.972058654E0
3.143446833E0,-3.654528379E0,1.005374193E0,-1.895364881E0
3.153460833E0,-3.681468010E0,9.518433213E-1,-1.757114410E0
3.163473833E0,-3.642083883E0,8.588185310E-1,-1.611013651E0
3.173487833E0,-3.581557989E0,7.924866080E-1,-1.483836889E0
3.183500833E0,-3.564874649E0,8.648960590E-1,-1.352046371E0
3.193513833E0,-3.503724813E0,1.120447040E0,-1.119654775E0
3.203526833E0,-3.347934246E0,1.475208282E0,-8.438879251E-1
3.213540833E0,-3.079314232E0,1.731888652E0,-5.129939914E-1
3.223553833E0,-2.667910099E0,1.791981578E0,-1.411221176E-1
3.233566833E0,-2.120830297E0,1.692074418E0,2.193482369E-1
3.243580833E0,-1.520811200E0,1.463608980E0,4.925861359E-1
3.253593833E0,-1.044855952E0,1.151703000E0,6.748701930E-1
3.263606833E0,-7.379476428E-1,9.000757933E-1,1.004860759E0
3.273620833E0,-4.858988225E-1,6.805628538E-1,1.484237909E0
3.283633833E0,-2.244488597E-1,3.987455368E-1,1.944048166E0
3.293646833E0,6.129071862E-2,8.056378365E-2,2.419305086E0
3.303660833E0,4.115113020E-1,-1.145311445E-1,2.924353838E0
3.313673833E0,8.088804483E-1,-1.534004360E-1,3.415837526E0
3.323686833E0,1.174697638E0,-2.624246478E-1,3.831166029E0
3.333700833E0,1.507927299E0,-4.059579372E-1,4.124793053E0
3.343713833E0,1.723994613E0,-5.021459460E-1,4.214416504E0
3.353726833E0,1.735072851E0,-5.932503939E-1,4.167095184E0
3.363740833E0,1.649188876E0,-8.250873685E-1,4.070739269E0
3.373753833E0,1.655353308E0,-1.277818084E0,4.052110672E0
3.383766833E0,1.959150434E0,-1.768269897E0,4.174330235E0
3.393780833E0,2.357200146E0,-2.239246845E0,4.184002876E0
3.403793833E0,2.601312876E0,-2.554732800E0,4.010726452E0
3.413806833E0,2.607868910E0,-2.526112080E0,3.733732224E0
3.423820833E0,2.315632105E0,-2.069773674E0,3.376038313E0
3.433833833E0,1.708118916E0,-1.294621944E0,2.954561472E0
3.443846833E0,9.281837940E-1,-4.438069761E-1,2.477293491E0
3.453860833E0,5.712991580E-2,1.694429368E-1,1.954374909E0
3.463873833E0,-5.480124354E-1,4.719852209E-1,1.488242865E0
3.473886833E0,-8.351281285E-1,4.474070966E-1,1.062700987E0
3.483900833E0,-9.588095546E-1,1.988657266E-1,6.584444642E-1
3.493913833E0,-1.059594870E0,-1.780786216E-1,2.687932253E-1
3.503926833E0,-1.191938281E0,-4.301801026E-1,-7.498464733E-2
3.513940833E0,-1.464043617E0,-3.771424890E-1,-4.206899405E-1
3.523953833E0,-1.917672157E0,-6.891462207E-2,-7.679725289E-1
3.533966833E0,-2.453735590E0,3.651346564E-1,-1.126700401E0
3.543980833E0,-2.917244434E0,8.306091428E-1,-1.466645718E0
3.553993833E0,-3.216062307E0,1.167243719E0,-1.757442236E0
3.564006833E0,-3.344355345E0,1.323779821E0,-2.041903019E0
3.574020833E0,-3.386657476E0,1.323671103E0,-2.265162468E0
3.584033833E0,-3.362807989E0,1.117146373E0,-2.386457682E0
3.594046833E0,-3.265146732E0,7.606629133E-1,-2.405684710E0
3.604060833E0,-3.139913559E0,4.589091837E-1,-2.319816351E0
3.614073833E0,-3.038403511E0,3.198479712E-1,-2.194940805E0
3.624086833E0,-2.982442379E0,3.263716698E-1,-2.032694817E0
3.634100833E0,-2.929845810E0,3.951109052E-1,-1.877298117E0
3.644113833E0,-2.894051313E0,4.493736029E-1,-1.777427912E0
3.654126833E0,-2.857559681E0,4.689117968E-1,-1.697978616E0
3.664139833E0,-2.757607698E0,4.907153547E-1,-1.542077780E0
3.674153833E0,-2.583311558E0,4.971002042E-1,-1.323516965E0
3.684166833E0,-2.336638451E0,3.841912150E-1,-1.053579807E0
3.694179833E0,-2.042774439E0,1.871139258E-1,-7.022572756E-1
3.704193833E0,-1.724609613E0,1.393714398E-1,-3.106242418E-1
3.714206833E0,-1.414281607E0,3.644435108E-1,5.323328078E-2
3.724219833E0,-1.156889439E0,7.402017117E-1,4.183321595E-1
3.734233833E0,-8.765759468E-1,1.087363243E0,7.841318846E-1
3.744246833E0,-5.001064539E-1,1.316771626E0,1.192677498E0
3.754259833E0,-7.754500210E-2,1.380185366E0,1.582307100E0
3.764273833E0,3.139876127E-1,1.176390767E0,1.910030365E0
3.774286833E0,6.351724267E-1,7.111325860E-1,2.170334101E0
3.784299833E0,8.968013525E-1,-8.570808917E-2,2.366650343E0
3.794313833E0,1.082743526E0,-1.074162364E0,2.490175486E0
3.804326833E0,1.018317699E0,-1.979861856E0,2.651439190E0
3.814339833E0,5.714031458E-1,-2.439321995E0,3.035077333E0
3.824353833E0,-1.164660603E-1,-2.495255232E0,3.445998430E0
3.834366833E0,-7.662643194E-1,-2.395234346E0,3.732488394E0
3.844379833E0,-1.065356255E0,-2.405073643E0,3.906037331E0
3.854393833E0,-9.482198358E-1,-2.756777763E0,3.948824883E0
3.864406833E0,-4.731888473E-1,-3.414175034E0,3.949537516E0
3.874419833E0,1.837780625E-1,-4.173677444E0,3.912192106E0
3.884433833E0,6.357785463E-1,-4.625671864E0,3.874956369E0
3.894446833E0,6.176704764E-1,-4.070297718E0,3.847668171E0
3.904459833E0,2.078099735E-2,-2.314547539E0,3.510674715E0
3.914473833E0,-1.076827645E0,-2.005488873E-1,2.743370295E0
3.924486833E0,-2.261503935E0,1.686693549E0,1.638181925E0
3.934499833E0,-2.941025019E0,3.084259033E0,4.038396478E-1
3.944513833E0,-2.868238449E0,3.898655653E0,-7.823669314E-1
3.954526833E0,-2.404814959E0,4.116353035E0,-1.814823866E0
3.964539833E0,-1.835709333E0,4.012975693E0,-2.552649260E0
3.974553833E0,-1.364443064E0,3.874735117E0,-2.968403101E0
3.984566833E0,-1.064248919E0,3.619482279E0,-3.117487431E0
3.994579833E0,-8.890429735E-1,3.257915258E0,-3.110202551E0
4.004594000E0,-7.828073502E-1,2.824991703E0,-3.072820425E0
4.014607000E0,-7.282263041E-1,2.283340931E0,-3.142617226E0
4.024620000E0,-6.233763099E-1,1.626297712E0,-3.288915396E0
4.034634000E0,-4.088490903E-1,9.760431051E-1,-3.493642330E0
4.044647000E0,-2.732385099E-1,6.148012877E-1,-3.690729618E0
4.054660000E0,-3.816604316E-1,5.863212347E-1,-3.884267330E0
4.064674000E0,-6.277444959E-1,9.193127751E-1,-4.109757900E0
4.074687000E0,-9.211079478E-1,1.543608785E0,-4.325360775E0
4.084700000E0,-1.217208862E0,2.260323763E0,-4.400524139E0
4.094714000E0,-1.492465258E0,2.926572323E0,-4.277245998E0
4.104727000E0,-1.570364833E0,3.250907898E0,-4.011303902E0
4.114740000E0,-1.398977041E0,3.340639353E0,-3.685649157E0
4.124754000E0,-1.034613967E0,3.146255970E0,-3.334215641E0
4.134767000E0,-4.940668643E-1,2.742188215E0,-3.041291952E0
4.144780000E0,1.408685446E-1,2.448020935E0,-2.766902208E0
4.154794000E0,5.492422581E-1,2.447696447E0,-2.521881104E0
4.164807000E0,5.694029331E-1,2.588742733E0,-2.353559971E0
4.174820000E0,3.202570975E-1,2.755436182E0,-2.237700224E0
4.184833000E0,-3.417794406E-2,2.863893270E0,-2.096997261E0
4.194847000E0,-3.494522572E-1,2.814882517E0,-1.877753377E0
4.204860000E0,-5.844697952E-1,2.620168686E0,-1.599966764E0
4.214874000E0,-7.477114201E-1,2.354634523E0,-1.318191409E0
4.224887000E0,-8.116733432E-1,2.021385670E0,-1.065445542E0
4.234900000E0,-7.278251052E-1,1.555181861E0,-8.207436800E-1
4.244913000E0,-5.207928419E-1,1.048052669E0,-6.075419188E-1
4.254927000E0,-2.980497777E-1,5.786386728E-1,-4.395577312E-1
4.264940000E0,-1.767076403E-1,2.449704260E-1,-2.724113762E-1
4.274953000E0,-1.835996062E-1,1.650913209E-1,-1.094250455E-1
4.284967000E0,-2.457942665E-1,3.550849557E-1,9.519840032E-2
4.294980000E0,-2.995420694E-1,7.286522388E-1,3.241390586E-1
4.304993000E0,-2.897637486E-1,1.130192995E0,5.958815813E-1
4.315007000E0,-1.642052531E-1,1.376566887E0,9.422497153E-1
4.325020000E0,7.514022291E-2,1.384770513E0,1.352752090E0
4.335033000E0,2.530553341E-1,1.247204065E0,1.705331683E0
4.345047000E0,3.164129853E-1,1.065858960E0,1.972305059E0
4.355060000E0,3.099509180E-1,8.818749785E-1,2.193034172E0
4.365073000E0,2.355847955E-1,7.035710216E-1,2.373712301E0
4.375087000E0,1.302866787E-1,4.925572574E-1,2.579653978E0
4.385100000E0,1.384399533E-1,2.001102269E-1,2.808830500E0
4.395113000E0,2.653206587E-1,-1.908630505E-2,3.073314905E0
4.405127000E0,4.253433645E-1,-2.020526677E-1,3.319920301E0
4.415140000E0,6.030344367E-1,-4.196203053E-1,3.439497232E0
4.425153000E0,7.260863185E-1,-6.337256432E-1,3.406978130E0
4.435167000E0,7.190694809E-1,-7.929428220E-1,3.295765162E0
4.445180000E0,5.281056762E-1,-8.123732209E-1,3.127600670E0
4.455193000E0,1.898413599E-1,-8.028255105E-1,2.926450253E0
4.465207000E0,-1.361798942E-1,-8.837957382E-1,2.751436710E0
4.475220000E0,-3.898946941E-1,-9.920825958E-1,2.513704300E0
4.485233000E0,-6.381489635E-1,-1.283482790E0,2.140007496E0
4.495247000E0,-7.951226234E-1,-1.656456828E0,1.656933069E0
4.505260000E0,-8.120784760E-1,-1.966462135E0,1.130831838E0
4.515273000E0,-7.804579735E-1,-2.164569855E0,6.281645894E-1
4.525287000E0,-7.416027188E-1,-2.239939690E0,2.230648100E-1
4.535300000E0,-7.584930658E-1,-2.138439178E0,-2.443189919E-2
4.545313000E0,-9.431992769E-1,-1.734035492E0,-2.066600323E-1
4.555327000E0,-1.280560851E0,-9.264093637E-1,-4.006009996E-1
4.565340000E0,-1.635509610E0,-1.195740700E-1,-6.010345221E-1
4.575353000E0,-1.891846061E0,5.130833387E-1,-7.920617461E-1
4.585367000E0,-2.001363993E0,8.544348478E-1,-9.498814344E-1
4.595380000E0,-1.958217502E0,8.386122584E-1,-1.073996186E0
4.605393000E0,-1.779519439E0,5.365940332E-1,-1.163671255E0
4.615407000E0,-1.526573658E0,9.567212313E-2,-1.206394315E0
4.625420000E0,-1.296200633E0,-2.641260028E-1,-1.194527030E0
4.635433000E0,-1.125455022E0,-4.916804433E-1,-1.151775479E0
4.645447000E0,-9.726170897E-1,-6.411333084E-1,-1.068741560E0
4.655460000E0,-8.173431158E-1,-6.499172449E-1,-9.105130434E-1
4.665473000E0,-7.594308257E-1,-4.721935987E-1,-6.918329000E-1
4.675487000E0,-7.698118091E-1,-1.320439428E-1,-3.943410218E-1
4.685500000E0,-8.023471236E-1,2.328637093E-1,-5.074423924E-2
4.695513000E0,-8.545745015E-1,5.200241208E-1,2.895298302E-1
4.705527000E0,-8.256328702E-1,6.307506561E-1,5.992056727E-1
4.715540000E0,-6.285638809E-1,4.770665765E-1,9.125583172E-1
4.725553000E0,-3.164888024E-1,1.035324037E-1,1.251766801E0
4.735567000E0,1.907284558E-2,-3.838895559E-1,1.566176772E0
4.745580000E0,2.560638189E-1,-7.459494472E-1,1.816337347E0
4.755593000E0,3.321964443E-1,-8.970055580E-1,1.928370357E0
4.765607000E0,3.007812500E-1,-8.073251843E-1,1.974149585E0
4.775620000E0,2.308772355E-1,-5.673972368E-1,1.901993513E0
4.785633000E0,1.049592495E-1,-4.107287824E-1,1.748493910E0
4.795646000E0,8.923482150E-3,-3.878712952E-1,1.624922991E0
4.805660000E0,3.533564880E-2,-4.740823507E-1,1.541535139E0
4.815673000E0,1.358930469E-1,-6.594167352E-1,1.495172739E0
4.825686000E0,2.120298892E-1,-9.149798155E-1,1.421385169E0
4.835700000E0,1.785227805E-1,-1.054587364E0,1.224614501E0
4.845713000E0,-1.098163985E-2,-1.049590468E0,9.223995209E-1
4.855726000E0,-3.178704083E-1,-8.053289652E-1,5.563321710E-1
4.865740000E0,-6.890264153E-1,-3.187433481E-1,1.482418776E-1
4.875753000E0,-1.051304340E0,1.196349785E-1,-2.510910034E-1
4.885766000E0,-1.292677283E0,4.146586359E-1,-6.045044661E-1
4.895780000E0,-1.423729300E0,5.788627267E-1,-8.962519169E-1
4.905793000E0,-1.492384195E0,6.312252283E-1,-1.134974480E0
4.915806000E0,-1.492169857E0,5.796545148E-1,-1.339432120E0
4.925820000E0,-1.444774389E0,4.070684016E-1,-1.517481923E0
4.935833000E0,-1.370935321E0,1.527137905E-1,-1.641870141E0
4.945846000E0,-1.257371783E0,-1.328753531E-1,-1.661867023E0
4.955860000E0,-1.106887698E0,-3.788041472E-1,-1.547068596E0
4.965873000E0,-1.008182168E0,-5.032491684E-1,-1.324374199E0
4.975886000E0,-1.002596378E0,-4.472542703E-1,-1.047279358E0
4.985900000E0,-1.063803315E0,-2.953539491E-1,-7.550513148E-1
4.995913000E0,-1.123225927E0,-9.021499753E-2,-4.892104864E-1
5.005925208E0,-1.127599716E0,7.675481588E-2,-2.556294203E-1
5.015939208E0,-1.045768380E0,8.532136679E-2,-1.139981020E-2
5.025952208E0,-8.701466918E-1,-9.618771076E-2,2.833149135E-1
5.035965208E0,-5.823354721E-1,-4.460324347E-1,6.462054253E-1
5.045979208E0,-2.476831973E-1,-7.435237169E-1,1.007835031E0
5.055992208E0,1.330738608E-2,-8.214707375E-1,1.320478439E0
5.066005208E0,1.824247837E-1,-7.342346311E-1,1.525278211E0
5.076019208E0,2.572865486E-1,-5.575819016E-1,1.653526306E0
5.086032208E0,2.891323566E-1,-3.456680477E-1,1.725363493E0
5.096045208E0,2.953743041E-1,-2.524979115E-1,1.743736386E0
5.106059208E0,2.682902217E-1,-4.001100063E-1,1.673624873E0
5.116072208E0,2.525956631E-1,-6.919274926E-1,1.503428459E0
5.126085208E0,2.107438445E-1,-9.450087547E-1,1.254566669E0
5.136099208E0,-6.125222892E-3,-1.055271864E0,9.267273545E-1
5.146112208E0,-4.307862222E-1,-9.410121441E-1,5.451157689E-1
5.156125208E0,-9.547322392E-1,-5.354477763E-1,1.274067611E-1
5.166139208E0,-1.501209140E0,-1.938389242E-2,-3.092680275E-1
5.176152208E0,-1.854653716E0,4.875835180E-1,-6.492277384E-1
5.186165208E0,-2.031998158E0,9.542868137E-1,-9.303619862E-1
5.196179208E0,-2.122569799E0,1.206680536E0,-1.126966596E0
5.206192208E0,-2.076917887E0,1.267857075E0,-1.237359166E0
5.216205208E0,-1.929659009E0,1.176278353E0,-1.274651408E0
5.226219208E0,-1.734337926E0,9.398471713E-1,-1.250246525E0
5.236232208E0,-1.537703276E0,5.920245051E-1,-1.198769808E0
5.246245208E0,-1.372466087E0,1.890248507E-1,-1.115689039E0
5.256259208E0,-1.271999121E0,-1.916110963E-1,-1.003298044E0
5.266272208E0,-1.280108690E0,-3.454451263E-1,-8.609477282E-1
5.276285208E0,-1.357664824E0,-1.895572543E-1,-6.767212152E-1
5.286299208E0,-1.394286990E0,2.579156775E-3,-4.613287747E-1
5.296312208E0,-1.301335335E0,9.947059304E-2,-2.003577054E-1
5.306325208E0,-1.092092872E0,4.050580412E-2,1.092744470E-1
5.316338208E0,-8.146915436E-1,-1.021496877E-1,4.598128498E-1
5.326352208E0,-5.136702061E-1,-3.272017241E-1,8.382847905E-1
5.336365208E0,-2.209553272E-1,-6.299797893E-1,1.237934709E0
5.346378208E0,3.801125661E-2,-8.883365393E-1,1.578894973E0
5.356392208E0,2.429358661E-1,-1.062334895E0,1.792525172E0
5.366405208E0,3.039067984E-1,-1.114563942E0,1.776576638E0
5.376418208E0,2.045716196E-1,-1.052413225E0,1.617553473E0
5.386432208E0,2.879020758E-2,-9.252967238E-1,1.256907463E0
5.396445208E0,-2.008123100E-1,-7.743438482E-1,8.408519626E-1
5.406458208E0,-4.977670312E-1,-6.659718156E-1,4.313336909E-1
5.416472208E0,-7.930942774E-1,-6.103586555E-1,6.659698486E-2
5.426485208E0,-1.026847243E0,-5.329847932E-1,-2.449454516E-1
5.436498208E0,-1.217139363E0,-3.680605590E-1,-5.152644515E-1
5.446512208E0,-1.401958227E0,-1.305747963E-2,-7.594954967E-1
5.456525208E0,-1.591412306E0,4.319992363E-1,-9.601041675E-1
5.466538208E0,-1.751846552E0,8.527182341E-1,-1.128740549E0
5.476552208E0,-1.863952160E0,1.132748008E0,-1.252084970E0
5.486565208E0,-1.898941398E0,1.258814812E0,-1.336555123E0
5.496578208E0,-1.862656474E0,1.222416282E0,-1.374240637E0
5.506592208E0,-1.767468095E0,1.005083919E0,-1.355571389E0
5.516605208E0,-1.605131030E0,6.537665725E-1,-1.267640352E0
5.526618208E0,-1.388275146E0,2.105907649E-1,-1.076356649E0
5.536632208E0,-1.223421931E0,-1.948919445E-1,-7.660781741E-1
5.546645208E0,-1.133483291E0,-4.483668208E-1,-3.801965415E-1
5.556658208E0,-1.043165207E0,-5.616647005E-1,3.757141531E-2
5.566672208E0,-9.118452072E-1,-6.489018798E-1,4.973310232E-1
5.576685208E0,-6.988646984E-1,-7.883961797E-1,9.717654586E-1
5.586698208E0,-4.147427082E-1,-9.972165227E-1,1.463090897E0
5.596712208E0,-4.739870131E-2,-1.292900085E0,1.937777400E0
5.606725208E0,3.684168756E-1,-1.501082540E0,2.112235308E0
5.616738208E0,6.581935287E-1,-1.596603274E0,1.851198792E0
5.626752208E0,6.372005939E-1,-1.477072835E0,1.324914932E0
5.636765208E0,2.461662740E-1,-1.105106592E0,6.472406983E-1
5.646778208E0,-4.926135242E-1,-5.679970384E-1,-7.432040572E-2
5.656792208E0,-1.382192850E0,1.585600339E-2,-6.642174721E-1
5.666805208E0,-2.180305958E0,5.047412515E-1,-1.140994668E0
5.676818208E0,-2.621771336E0,8.265206218E-1,-1.360887289E0
5.686832208E0,-2.713291645E0,9.271239042E-1,-1.411673427E0
5.696845208E0,-2.546541929E0,7.263658643E-1,-1.340947151E0
5.706858208E0,-2.167358875E0,2.856034040E-1,-1.192674041E0
5.716872208E0,-1.665764689E0,-2.592626512E-1,-9.682157040E-1
5.726885208E0,-1.140825272E0,-6.133213639E-1,-6.217775941E-1
5.736898208E0,-7.059654593E-1,-5.544683933E-1,-1.560688615E-1
5.746912208E0,-4.215145409E-1,-3.084098697E-1,3.694287539E-1
5.756925208E0,-1.401628554E-1,-1.372530758E-1,9.095616937E-1
5.766938208E0,2.353623062E-1,-1.342610270E-1,1.442391753E0
5.776952208E0,6.273842454E-1,-3.978679180E-1,1.930321097E0
5.786965208E0,9.848105311E-1,-7.582319379E-1,2.325303078E0
5.796978208E0,1.197970390E0,-1.061564088E0,2.386429071E0
5.806992208E0,1.022011876E0,-1.335583687E0,1.989130735E0
5.817005208E0,4.168345332E-1,-1.354270697E0,1.272145748E0
5.827018208E0,-3.877354562E-1,-1.105666518E0,5.368389487E-1
5.837032208E0,-1.308591485E0,-8.130207658E-1,-8.035433292E-2
5.847045208E0,-1.940771222E0,-5.676251054E-1,-3.473173380E-1
5.857058208E0,-2.133786678E0,-3.115914464E-1,-4.446411729E-1
5.867071208E0,-2.089412689E0,-1.074857190E-1,-4.541805983E-1
5.877085208E0,-1.850265622E0,6.929054856E-2,-3.951997161E-1
5.887098208E0,-1.467388272E0,2.368177623E-1,-3.028258383E-1
5.897111208E0,-1.039525151E0,2.753517330E-1,-1.930881590E-1
5.907125208E0,-5.981873870E-1,1.932723075E-1,-2.850241214E-2
5.917138208E0,-1.381806433E-1,4.625488445E-2,1.745159477E-1
5.927151208E0,2.368464917E-1,-2.830343246E-1,4.179078341E-1
5.937165208E0,5.126687288E-1,-6.732302308E-1,7.464087009E-1
5.947178208E0,5.843556523E-1,-9.704432487E-1,1.107861400E0
5.957191208E0,3.454121351E-1,-1.100244880E0,1.347600341E0
5.967205208E0,-1.645842791E-1,-1.033561945E0,1.221424580E0
5.977218208E0,-9.134174585E-1,-8.786229491E-1,6.879106760E-1
5.987231208E0,-1.718343019E0,-6.641071439E-1,6.018254161E-2
5.997245208E0,-2.325460911E0,-3.928475082E-1,-4.072968960E-1
6.007258250E0,-2.672632456E0,-1.990735382E-1,-6.552667618E-1
6.017271250E0,-2.769452810E0,-1.609362364E-1,-7.363200188E-1
6.027285250E0,-2.577336788E0,-4.409990609E-1,-6.406515837E-1
6.037298250E0,-2.184244156E0,-6.923826933E-1,-4.177340865E-1
6.047311250E0,-1.787674546E0,-6.245607734E-1,-1.056267992E-1
6.057325250E0,-1.525196075E0,-3.444779217E-1,1.939822286E-1
6.067338250E0,-1.382073522E0,1.446187869E-2,3.992632031E-1
6.077351250E0,-1.249937534E0,3.068041801E-1,5.574965477E-1
6.087365250E0,-1.098498225E0,4.195653498E-1,7.190867662E-1
6.097378250E0,-9.195201993E-1,2.440816015E-1,8.989795446E-1
6.107391250E0,-7.292336226E-1,-1.559411585E-1,1.065775990E0
6.117405250E0,-5.377123356E-1,-7.024860382E-1,1.212304354E0
6.127418250E0,-3.358750641E-1,-1.291558385E0,1.311705470E0
6.137431250E0,-1.536794901E-1,-1.797474265E0,1.376097679E0
6.147445250E0,-2.454201877E-2,-2.075659990E0,1.315794945E0
6.157458250E0,-1.196265314E-2,-2.146178246E0,1.086801052E0
6.167471250E0,-9.832310677E-2,-2.136284828E0,8.372093439E-1
6.177485250E0,-1.903559864E-1,-2.020955563E0,6.478531361E-1
6.187498250E0,-3.063576818E-1,-1.702247381E0,3.177969456E-1
6.197511250E0,-4.196955264E-1,-1.167533636E0,-8.322118968E-2
6.207525250E0,-3.997292519E-1,-3.440181911E-1,-4.030719101E-1
6.217538250E0,-2.559430599E-1,6.776511073E-1,-6.259634495E-1
6.227551250E0,-4.175487161E-2,1.712455630E0,-7.467231750E-1
6.237565250E0,2.154532969E-1,2.528319120E0,-7.994441390E-1
6.247578250E0,4.244928062E-1,2.761464834E0,-8.987715244E-1
6.257591250E0,5.279872417E-1,2.369383812E0,-1.024646401E0
6.267605250E0,6.028926969E-1,1.671773791E0,-1.150461316E0
6.277618250E0,6.615483165E-1,9.903162122E-1,-1.350441694E0
6.287631250E0,7.435856462E-1,5.994565487E-1,-1.738026500E0
6.297645250E0,9.515737891E-1,8.342956305E-1,-2.320360661E0
6.307658250E0,1.193910599E0,1.511515617E0,-2.845411777E0
6.317671250E0,1.470994711E0,2.361414433E0,-3.054725885E0
6.327684250E0,1.781402946E0,3.214802027E0,-2.895764351E0
6.337698250E0,2.016545534E0,3.816588402E0,-2.519919395E0
6.347711250E0,2.103831053E0,4.037825584E0,-2.180862665E0
6.357724250E0,2.032780647E0,4.114735126E0,-2.066795349E0
6.367738250E0,1.736146808E0,4.045897484E0,-2.234408855E0
6.377751250E0,1.267326117E0,3.839464426E0,-2.651294470E0
6.387764250E0,8.795730472E-1,3.664396524E0,-3.084996700E0
6.397778250E0,6.693900228E-1,3.625017881E0,-3.269687653E0
6.407791250E0,5.561745167E-1,3.683829308E0,-3.191058159E0
6.417804250E0,5.895231366E-1,3.877892733E0,-2.838349342E0
6.427818250E0,9.919456840E-1,3.907674074E0,-2.255283594E0
6.437831250E0,1.250897527E0,4.331429482E0,-2.101004362E0
6.447844250E0,1.487465262E0,4.424330235E0,-2.007771730E0
6.457858250E0,1.544396162E0,4.569267273E0,-1.968904972E0
6.467871250E0,1.556375384E0,4.801965714E0,-2.030401945E0
6.477884250E0,1.731665254E0,4.871262074E0,-2.062890053E0
6.487898250E0,2.081768274E0,4.664204121E0,-2.061447620E0
6.497911250E0,2.601504564E0,4.167397022E0,-2.065419912E0
6.507924250E0,3.201277971E0,3.507804632E0,-2.074759007E0
6.517938250E0,3.793644905E0,2.831244230E0,-2.085835457E0
6.527951250E0,4.199359894E0,2.401756525E0,-2.076900005E0
6.537964250E0,4.268682480E0,2.379440069E0,-2.023064613E0
6.547978250E0,4.067391872E0,2.551645041E0,-1.967500210E0
6.557991250E0,3.799334049E0,2.758353472E0,-1.821023583E0
6.568004250E0,3.653607368E0,2.844347715E0,-1.545139551E0
6.578018250E0,3.609603643E0,2.840286016E0,-1.310869217E0
6.588031250E0,3.567920923E0,2.810488462E0,-1.219991326E0
6.598044250E0,3.512723207E0,2.690753460E0,-1.211756468E0
6.608058250E0,3.407811165E0,2.518814087E0,-1.112407804E0
6.618071250E0,3.176562071E0,2.371024132E0,-1.022789717E0
6.628084250E0,2.916404009E0,2.120584249E0,-9.536037445E-1
6.638098250E0,2.644700050E0,1.846421242E0,-9.818977118E-1
6.648111250E0,2.361493826E0,1.526584387E0,-1.085738301E0
6.658124250E0,2.089410305E0,1.143150687E0,-1.091807604E0
6.668138250E0,1.910500050E0,9.367179275E-1,-9.618014693E-1
6.678151250E0,1.801226616E0,1.080325007E0,-7.077158093E-1
6.688164250E0,1.682733774E0,1.492927790E0,-3.661164045E-1
6.698178250E0,1.592539191E0,1.943428993E0,4.137650132E-2
6.708191250E0,1.604784727E0,2.179014683E0,5.365073681E-1
6.718204250E0,1.559824347E0,2.243057489E0,9.923148751E-1
6.728218250E0,1.325709820E0,2.173234463E0,1.261713862E0
6.738231250E0,9.624312520E-1,1.933087111E0,1.332391262E0
6.748244250E0,6.618549228E-1,1.596543670E0,1.326102972E0
6.758257250E0,4.940356314E-1,1.145032167E0,1.327961922E0
6.768271250E0,4.313687980E-1,7.858843207E-1,1.416369796E0
6.778284250E0,4.415823519E-1,6.223717332E-1,1.641609311E0
6.788297250E0,4.589823782E-1,5.391426682E-1,1.938860416E0
6.798311250E0,4.335424900E-1,5.239185691E-1,2.236868382E0
6.808324250E0,4.633869529E-1,4.529913664E-1,2.568308353E0
6.818337250E0,6.414009929E-1,2.270977795E-1,2.914877176E0
6.828351250E0,8.579056263E-1,9.781943262E-2,3.100366116E0
6.838364250E0,9.420475960E-1,4.270595312E-2,3.193625212E0
6.848377250E0,8.922967911E-1,2.451405525E-1,3.260222435E0
6.858391250E0,6.344105005E-1,6.146759391E-1,3.333188534E0
6.868404250E0,2.888206244E-1,7.971970439E-1,3.432977915E0
6.878417250E0,1.212458313E-1,5.993736982E-1,3.554576397E0
6.888431250E0,2.368099838E-1,-4.918086156E-2,3.743621588E0
6.898444250E0,6.664664149E-1,-9.292007685E-1,3.967722893E0
6.908457250E0,1.198600888E0,-1.592201352E0,4.191009521E0
6.918471250E0,1.565903783E0,-1.810894608E0,4.381722927E0
6.928484250E0,1.638850927E0,-1.610327125E0,4.375737190E0
6.938497250E0,1.447602391E0,-1.217281699E0,4.209007740E0
6.948511250E0,1.090957761E0,-9.591010213E-1,3.834244251E0
6.958524250E0,5.990905166E-1,-9.129917622E-1,3.291117430E0
6.968537250E0,6.825350970E-2,-1.197517157E0,2.679052830E0
6.978551250E0,-4.491912723E-1,-1.572803140E0,2.058379412E0
6.988564250E0,-8.795277476E-1,-1.702066779E0,1.507352114E0
6.998577250E0,-1.165119886E0,-1.585128307E0,1.033984661E0
7.008592083E0,-1.303863168E0,-1.369078279E0,5.507780910E-1
7.018605083E0,-1.309402704E0,-1.195519447E0,9.933438152E-2
7.028618083E0,-1.263628840E0,-9.657624364E-1,-2.997869253E-1
7.038632083E0,-1.275755525E0,-6.268233657E-1,-6.753677130E-1
7.048645083E0,-1.410795689E0,-2.197623849E-1,-1.008074760E0
7.058658083E0,-1.628939390E0,2.824216187E-1,-1.347369075E0
7.068672083E0,-1.869331241E0,7.861976624E-1,-1.708376765E0
7.078685083E0,-2.032706976E0,1.267750025E0,-1.994135857E0
7.088698083E0,-2.149104118E0,1.584715128E0,-2.143958330E0
7.098712083E0,-2.247411728E0,1.670408249E0,-2.187057257E0
7.108725083E0,-2.212002754E0,1.558428168E0,-2.009829760E0
7.118738083E0,-2.034669638E0,1.253402948E0,-1.804244757E0
7.128751083E0,-1.831145763E0,7.887486219E-1,-1.528032899E0
7.138765083E0,-1.572473288E0,2.742608190E-1,-1.134941101E0
7.148778083E0,-1.262335658E0,-1.986835748E-1,-7.576098442E-1
7.158791083E0,-9.153136015E-1,-5.949549675E-1,-3.397216797E-1
7.168805083E0,-5.533463359E-1,-9.453800917E-1,1.817034334E-1
7.178818083E0,-2.186465710E-1,-1.173620582E0,7.818796635E-1
7.188831083E0,9.046386182E-2,-1.381272554E0,1.434434533E0
7.198845083E0,4.064813256E-1,-1.566963553E0,2.152539968E0
7.208858083E0,6.859321594E-1,-1.678838730E0,2.767436504E0
7.218871083E0,8.578013182E-1,-1.787415147E0,3.187654972E0
7.228885083E0,9.541084170E-1,-1.837206721E0,3.368630171E0
7.238898083E0,9.230424762E-1,-1.785782814E0,3.194681644E0
7.248911083E0,6.947305202E-1,-1.870213509E0,2.719429493E0
7.258925083E0,4.124050140E-1,-2.024786711E0,2.011813402E0
7.268938083E0,1.504708827E-1,-2.177575350E0,1.192936420E0
7.278951083E0,-1.437363774E-1,-2.193591833E0,3.983103335E-1
7.288965083E0,-4.622696042E-1,-1.781047344E0,-1.968030930E-1
7.298978083E0,-7.318265438E-1,-9.643884301E-1,-6.007159948E-1
7.308991083E0,-9.453058243E-1,-5.986363813E-2,-9.447671175E-1
7.319005083E0,-1.078039289E0,7.410915494E-1,-1.244554043E0
7.329018083E0,-1.110011101E0,1.283286929E0,-1.484992027E0
7.339031083E0,-1.126299143E0,1.433747292E0,-1.719936609E0
7.349045083E0,-1.098978519E0,1.310216546E0,-1.923539996E0
7.359058083E0,-9.789839983E-1,1.036751032E0,-2.056388140E0
7.369071083E0,-7.348104715E-1,6.672645807E-1,-2.032983303E0
7.379085083E0,-5.030461550E-1,2.705904245E-1,-1.826456666E0
7.389098083E0,-4.671198428E-1,5.130256340E-2,-1.472442150E0
7.399111083E0,-5.849814415E-1,-4.656130075E-2,-9.650894403E-1
7.409125083E0,-7.256282568E-1,-2.165045291E-1,-3.490776420E-1
7.419138083E0,-8.075215816E-1,-6.114001870E-1,3.696667552E-1
7.429151083E0,-7.663259506E-1,-1.146261692E0,1.104301810E0
7.439164083E0,-5.309521556E-1,-1.618515849E0,1.783479691E0
7.449178083E0,-2.180914432E-1,-2.078216791E0,2.432262659E0
7.459191083E0,1.458448023E-1,-2.378247976E0,2.943825006E0
7.469204083E0,4.486598074E-1,-2.390777111E0,3.053985596E0
7.479218083E0,5.228748918E-1,-2.046481371E0,2.664919376E0
7.489231083E0,3.270923495E-1,-1.543358684E0,1.910405517E0
7.499244083E0,-2.391757630E-2,-1.108438134E0,1.039036989E0
7.509258083E0,-5.118017793E-1,-7.651204467E-1,2.289522141E-1
7.519271083E0,-1.050214410E0,-5.354314446E-1,-2.966639400E-1
7.529284083E0,-1.469537377E0,-4.154981375E-1,-6.053594947E-1
7.539298083E0,-1.682676435E0,-2.597712874E-1,-7.815511227E-1
7.549311083E0,-1.725091457E0,-5.110514909E-2,-8.691504598E-1
7.559324083E0,-1.638825297E0,1.839437038E-1,-9.547665119E-1
7.569338083E0,-1.480394363E0,3.757131100E-1,-1.032180905E0
7.579351083E0,-1.271411300E0,4.960730970E-1,-1.003124118E0
7.589364083E0,-1.056757808E0,5.583031774E-1,-8.466266990E-1
7.599378083E0,-8.325450420E-1,5.617911220E-1,-5.884333253E-1
7.609391083E0,-5.880268812E-1,4.234295189E-1,-2.290810049E-1
7.619404083E0,-3.716280460E-1,1.758702099E-2,2.612854540E-1
7.629418083E0,-2.145481259E-1,-5.315426588E-1,8.111637831E-1
7.639431083E0,-1.638849974E-1,-1.040779948E0,1.396254420E0
7.649444083E0,-1.633510292E-1,-1.445007920E0,1.930344224E0
7.659458083E0,-1.812742054E-1,-1.720376492E0,2.272637844E0
7.669471083E0,-2.567468584E-1,-1.838609695E0,2.203217030E0
7.679484083E0,-4.663194120E-1,-1.806941867E0,1.615779281E0
7.689498083E0,-8.483179212E-1,-1.528959513E0,7.140359282E-1
7.699511083E0,-1.302504301E0,-1.019206047E0,-1.712318659E-1
7.709524083E0,-1.660057306E0,-4.093411267E-1,-8.098781109E-1
7.719538083E0,-1.853951693E0,1.413280666E-1,-1.186895370E0
7.729551083E0,-1.882686377E0,5.439170599E-1,-1.353384137E0
7.739564083E0,-1.708624601E0,7.070490122E-1,-1.357382417E0
7.749577083E0,-1.344962001E0,6.201127768E-1,-1.253389716E0
7.759591083E0,-9.024111629E-1,3.677809536E-1,-1.080608130E0
7.769604083E0,-4.328332841E-1,3.492335975E-2,-7.436345220E-1
7.779617083E0,-1.214571819E-1,-2.982901931E-1,-1.890391260E-1
7.789631083E0,2.514850721E-2,-5.375542045E-1,5.133134127E-1
7.799644083E0,1.155358776E-1,-8.135344386E-1,1.240503311E0
7.809657083E0,2.164363861E-1,-1.093554735E0,1.878418565E0
7.819671083E0,2.649573982E-1,-1.407370448E0,2.264191628E0
7.829684083E0,1.566282511E-1,-1.685993075E0,2.157231331E0
7.839697083E0,-1.655968130E-1,-1.774794579E0,1.535922289E0
7.849711083E0,-6.468384862E-1,-1.531439066E0,6.868655086E-1
7.859724083E0,-1.253782749E0,-9.585908651E-1,-6.741243601E-2
7.869737083E0,-1.721282244E0,-2.976909578E-1,-5.150852799E-1
7.879751083E0,-1.940529227E0,3.201275170E-1,-7.739807963E-1
7.889764083E0,-1.962631583E0,7.823036313E-1,-8.997302055E-1
7.899777083E0,-1.716015935E0,9.230653048E-1,-8.732013702E-1
7.909791083E0,-1.170172215E0,7.282822132E-1,-7.465038896E-1
7.919804083E0,-4.808511436E-1,2.217239738E-1,-4.557450116E-1
7.929817083E0,9.221745282E-2,-5.204223394E-1,7.118245959E-2
7.939831083E0,3.628028035E-1,-1.173673868E0,6.833073497E-1
7.949844083E0,3.469972014E-1,-1.517274380E0,1.228415966E0
7.959857083E0,2.010799348E-1,-1.476412296E0,1.672477007E0
7.969871083E0,1.353559922E-2,-1.274306297E0,1.913293123E0
7.979884083E0,-2.107527405E-1,-1.058762550E0,1.801361084E0
7.989897083E0,-5.371491909E-1,-8.763662577E-1,1.262696028E0
7.999911083E0,-9.644126892E-1,-6.940956116E-1,5.711267591E-1
8.009922833E0,-1.361838102E0,-4.697695076E-1,1.426831540E-2
8.019935833E0,-1.650536299E0,-2.717199624E-1,-3.352979720E-1
8.029948833E0,-1.766939878E0,-1.070356816E-1,-4.980171025E-1
8.039962833E0,-1.598806977E0,-9.980055690E-2,-4.194135070E-1
8.049975833E0,-1.124837279E0,-3.058916628E-1,-1.157151610E-1
8.059988833E0,-5.888551474E-1,-6.811314821E-1,3.020242155E-1
8.070002833E0,-2.425318211E-1,-9.972907901E-1,6.948228478E-1
8.080015833E0,-1.808358133E-1,-9.310296774E-1,9.480425119E-1
8.090028833E0,-3.533996046E-1,-4.567507505E-1,1.023280263E0
8.100042833E0,-7.470884323E-1,1.715930551E-1,7.955353856E-1
8.110055833E0,-1.238424420E0,7.642361522E-1,3.024537563E-1
8.120068833E0,-1.599417686E0,1.183354020E0,-1.916182190E-1
8.130082833E0,-1.699653149E0,1.259184837E0,-4.818322062E-1
8.140095833E0,-1.541494370E0,9.641173482E-1,-5.563761592E-1
8.150108833E0,-1.074294448E0,2.914968431E-1,-3.764847219E-1
8.160122833E0,-3.705915809E-1,-6.325020790E-1,1.156798452E-1
8.170135833E0,2.194762528E-1,-1.553064942E0,7.270218134E-1
8.180148833E0,4.658964872E-1,-2.196640253E0,1.144487858E0
8.190162833E0,3.877566755E-1,-2.278899908E0,1.325556397E0
8.200175833E0,-4.009547457E-2,-1.552805543E0,1.205958128E0
8.210188833E0,-7.371131778E-1,-3.536970019E-1,8.838599920E-1
8.220202833E0,-1.423551917E0,7.804182768E-1,5.328549147E-1
8.230215833E0,-1.791340113E0,1.523795366E0,2.721375525E-1
8.240228833E0,-1.786491632E0,1.719693899E0,1.195207909E-1
8.250242833E0,-1.508698940E0,1.192892432E0,6.734786928E-2
8.260255833E0,-1.173747897E0,2.201451212E-1,1.138747111E-1
8.270268833E0,-1.019494414E0,-7.703002095E-1,2.334799469E-1
8.280282833E0,-1.099587917E0,-1.593712687E0,4.913396537E-1
8.290295833E0,-1.251588106E0,-2.063240051E0,8.079282641E-1
8.300308833E0,-1.356665254E0,-1.944051027E0,1.115163445E0
8.310321833E0,-1.327306271E0,-1.299916506E0,1.425834179E0
8.320335833E0,-1.148198366E0,-4.429669976E-1,1.745491743E0
8.330348833E0,-8.194779158E-1,3.257288933E-1,2.028313875E0
8.340361833E0,-3.974949121E-1,6.769180298E-1,2.200997829E0
8.350375833E0,-5.640763044E-2,4.471748769E-1,2.263485670E0
8.360388833E0,1.224241927E-1,-1.510842592E-1,2.326951265E0
8.370401833E0,2.074908912E-1,-8.916918039E-1,2.411791086E0
8.380415833E0,3.190461695E-1,-1.618923783E0,2.497465372E0
8.390428833E0,4.534532428E-1,-2.372262478E0,2.506381750E0
8.400441833E0,4.981260300E-1,-3.057469130E0,2.276755095E0
8.410455833E0,4.280358553E-1,-3.463516474E0,1.874583960E0
8.420468833E0,3.062702417E-1,-3.484452963E0,1.488134146E0
8.430481833E0,1.407121420E-1,-3.169825077E0,1.198870897E0
8.440495833E0,2.530272678E-2,-2.805347919E0,1.012737632E0
8.450508833E0,2.221380174E-1,-2.470664978E0,8.969836235E-1
8.460521833E0,7.201796174E-1,-2.063943863E0,8.103481531E-1
8.470535833E0,1.307926655E0,-1.364669681E0,6.513742208E-1
8.480548833E0,1.904959321E0,-2.914489508E-1,4.322618842E-1
8.490561833E0,2.521785498E0,1.016277075E0,2.829568088E-1
8.500575833E0,3.137194872E0,2.113570929E0,2.347481847E-1
8.510588833E0,3.661277056E0,2.539119244E0,2.375008315E-1
8.520601833E0,4.140076637E0,2.538794279E0,3.211035728E-1
8.530614833E0,4.554396152E0,2.267309189E0,3.925548494E-1
8.540628833E0,4.746066093E0,1.843051553E0,3.419350386E-1
8.550641833E0,4.671890736E0,1.443484664E0,1.620792598E-1
8.560654833E0,4.449892044E0,1.310908079E0,-1.122387573E-1
8.570668833E0,4.214365482E0,1.430272222E0,-4.153853357E-1
8.580681833E0,4.102757454E0,1.564000249E0,-7.404698133E-1
8.590694833E0,4.242093086E0,1.546072960E0,-1.038654089E0
8.600708833E0,4.587565899E0,1.315533519E0,-1.279578328E0
8.610721833E0,4.904296398E0,9.817835689E-1,-1.349138498E0
8.620734833E0,4.828104496E0,6.224380136E-1,-1.288457990E0
8.630748833E0,4.611412525E0,4.505006373E-1,-1.290782452E0
8.640761833E0,4.394309044E0,3.616477549E-1,-1.439762235E0
8.650774833E0,4.184381962E0,2.456338108E-1,-1.708733559E0
8.660788833E0,4.018460751E0,4.150490835E-2,-1.982100487E0
8.670801833E0,3.975114822E0,-2.417430580E-1,-2.201314926E0
8.680814833E0,4.001331806E0,-5.641517639E-1,-2.375736952E0
8.690828833E0,4.041754246E0,-8.940593600E-1,-2.515071392E0
8.700841833E0,4.089664459E0,-1.006066561E0,-2.602567196E0
8.710854833E0,4.099681377E0,-6.868328452E-1,-2.610375643E0
8.720868833E0,3.996614695E0,-1.622402370E-1,-2.596063852E0
8.730881833E0,3.895742655E0,2.885591686E-1,-2.625208616E0
8.740894833E0,3.909459352E0,4.328630269E-1,-2.595992565E0
8.750908833E0,3.997481585E0,1.845037937E-1,-2.541104078E0
8.760921833E0,4.031409740E0,-3.853479028E-1,-2.589551926E0
8.770934833E0,3.952257156E0,-1.113546133E0,-2.738914013E0
8.780947833E0,3.715236187E0,-1.750413299E0,-2.915744066E0
8.790961833E0,3.412266254E0,-2.006516695E0,-3.078714132E0
8.800974833E0,3.099463701E0,-1.885154486E0,-3.203354359E0
8.810987833E0,2.816342592E0,-1.518529296E0,-3.244921684E0
8.821001833E0,2.528351545E0,-1.043538213E0,-3.213930368E0
8.831014833E0,2.309704781E0,-5.354145169E-1,-3.166967392E0
8.841027833E0,2.207723141E0,-2.228366584E-1,-3.073695421E0
8.851041833E0,2.248587847E0,-3.034982085E-1,-2.923671961E0
8.861054833E0,2.548853874E0,-6.005742550E-1,-2.679851294E0
8.871067833E0,3.033074617E0,-7.697206736E-1,-2.383879900E0
8.881081833E0,3.375993967E0,-7.148774266E-1,-2.107363701E0
8.891094833E0,3.487915754E0,-4.579391479E-1,-1.853765726E0
8.901107833E0,3.335872650E0,-1.853048056E-1,-1.663976431E0
8.911121833E0,2.958631754E0,-9.534774721E-2,-1.608481169E0
8.921134833E0,2.466824055E0,-2.341583669E-1,-1.660694242E0
8.931147833E0,2.013286114E0,-5.416594744E-1,-1.784603357E0
8.941161833E0,1.643240929E0,-9.672610760E-1,-1.902359962E0
8.951174833E0,1.417018652E0,-1.165235996E0,-2.004629850E0
8.961187833E0,1.374037027E0,-1.148172021E0,-2.098005056E0
8.971200833E0,1.310671568E0,-1.088531017E0,-2.008521080E0
8.981214833E0,1.037156224E0,-9.186204076E-1,-1.851930618E0
8.991227833E0,6.364473104E-1,-5.719469190E-1,-1.682986379E0
9.001240833E0,2.243996710E-1,-3.482994139E-1,-1.543936610E0
9.011255000E0,-3.429099917E-2,-4.693704545E-1,-1.490139246E0
9.021268000E0,-1.656661630E-1,-7.210999727E-1,-1.639047265E0
9.031281000E0,-2.421904951E-1,-9.125956297E-1,-1.955414772E0
9.041295000E0,-2.639546990E-1,-9.530960321E-1,-2.264620543E0
9.051308000E0,-2.405303270E-1,-8.401769400E-1,-2.483120203E0
9.061321000E0,-2.489285320E-1,-6.277316809E-1,-2.589146137E0
9.071335000E0,-3.936979473E-1,-5.043277144E-1,-2.573159695E0
9.081348000E0,-6.601361036E-1,-3.894068003E-1,-2.485737324E0
9.091361000E0,-9.780129194E-1,-2.284887731E-1,-2.442356110E0
9.101375000E0,-1.248722553E0,-6.068716571E-2,-2.521802187E0
9.111388000E0,-1.427975655E0,1.121421382E-1,-2.679050446E0
9.121401000E0,-1.583300233E0,2.571644783E-1,-2.855264902E0
9.131415000E0,-1.854904056E0,4.141053557E-1,-3.007776499E0
9.141428000E0,-2.250458002E0,6.734123230E-1,-3.130465746E0
9.151441000E0,-2.610982895E0,1.037269115E0,-3.206635952E0
9.161455000E0,-2.840176105E0,1.272495866E0,-3.197408199E0
9.171468000E0,-2.907978535E0,1.287376523E0,-3.069149017E0
9.181481000E0,-2.883177042E0,1.183843374E0,-2.932266235E0
9.191494000E0,-2.833432913E0,1.129945278E0,-2.764721870E0
9.201508000E0,-2.830687046E0,1.295573235E0,-2.560299397E0
9.211521000E0,-2.900977373E0,1.543094277E0,-2.355653524E0
9.221534000E0,-3.019001961E0,1.750710368E0,-2.216020107E0
9.231548000E0,-3.082408905E0,1.838362455E0,-2.124205589E0
9.241561000E0,-3.014847040E0,1.744790792E0,-1.993867755E0
9.251574000E0,-2.837999821E0,1.569643259E0,-1.722185612E0
9.261588000E0,-2.649278402E0,1.385002255E0,-1.334217429E0
9.271601000E0,-2.450329304E0,1.076989889E0,-8.782765269E-1
9.281614000E0,-2.253145695E0,7.100417614E-1,-4.038923085E-1
9.291628000E0,-2.069940805E0,3.696585596E-1,3.936847672E-2
9.301641000E0,-1.999438405E0,-2.395438030E-3,4.077262878E-1
9.311654000E0,-1.979977846E0,-3.227886558E-1,7.304809690E-1
9.321668000E0,-1.959071994E0,-5.371580124E-1,1.090534210E0
9.331681000E0,-1.835336804E0,-7.877372503E-1,1.520066142E0
9.341694000E0,-1.508643746E0,-1.128236175E0,2.070233583E0
9.351708000E0,-8.741027713E-1,-1.632433534E0,2.810683966E0
9.361721000E0,-7.687007636E-2,-2.175536394E0,3.667040825E0
9.371734000E0,6.592242122E-1,-2.582677364E0,4.499014854E0
9.381747000E0,1.113907576E0,-2.787191391E0,5.190453529E0
9.391761000E0,1.236011386E0,-2.715139866E0,5.596224308E0
9.401774000E0,1.209381938E0,-2.535340071E0,5.838780880E0
9.411787000E0,1.183151722E0,-2.440068245E0,5.920045376E0
9.421801000E0,1.153960705E0,-2.680518866E0,5.867387772E0
9.431814000E0,1.261653423E0,-3.184683084E0,5.794558048E0
9.441827000E0,1.510605812E0,-3.823071003E0,5.706603050E0
9.451841000E0,1.774919748E0,-4.329685688E0,5.656808376E0
9.461854000E0,1.920729756E0,-4.509338856E0,5.465203285E0
9.471867000E0,1.682070255E0,-4.105526924E0,4.987502575E0
9.481881000E0,1.113554120E0,-3.150124788E0,4.269073963E0
9.491894000E0,4.181246758E-1,-2.074217796E0,3.474205971E0
9.501907000E0,-2.558813691E-1,-1.290846348E0,2.697178841E0
9.511921000E0,-7.581814528E-1,-1.032168746E0,2.006820440E0
9.521934000E0,-1.005797863E0,-1.122367024E0,1.448678017E0
9.531947000E0,-1.117177129E0,-1.217767835E0,9.407969117E-1
9.541961000E0,-1.229461908E0,-1.161230564E0,4.210017622E-1
9.551974000E0,-1.339539170E0,-8.673216701E-1,-1.319162846E-1
9.561987000E0,-1.494701624E0,-2.438321710E-1,-6.920703650E-1
9.572000000E0,-1.730735779E0,4.926748574E-1,-1.201337934E0
9.582014000E0,-2.019440889E0,1.024852753E0,-1.606150746E0
9.592027000E0,-2.251888275E0,1.252033114E0,-1.954996109E0
9.602040000E0,-2.450755596E0,1.203430057E0,-2.236341000E0
9.612054000E0,-2.604411364E0,1.031964302E0,-2.450580359E0
9.622067000E0,-2.733288050E0,8.692280054E-1,-2.581477165E0
9.632080000E0,-2.861614227E0,7.996819615E-1,-2.646126986E0
9.642094000E0,-2.976061344E0,9.353231192E-1,-2.630519629E0
9.652107000E0,-3.098761559E0,1.213086367E0,-2.553455591E0
9.662120000E0,-3.190405607E0,1.532301188E0,-2.513861895E0
9.672134000E0,-3.217382908E0,1.761810064E0,-2.497399092E0
9.682147000E0,-3.185565710E0,1.877330780E0,-2.454952002E0
9.692160000E0,-3.103319883E0,1.847478628E0,-2.372325182E0
9.702174000E0,-2.982993126E0,1.698989987E0,-2.231439590E0
9.712187000E0,-2.805768967E0,1.534075856E0,-2.067801476E0
9.722200000E0,-2.620067358E0,1.434955478E0,-1.912806988E0
9.732213000E0,-2.481726885E0,1.405220032E0,-1.773146629E0
9.742227000E0,-2.391002417E0,1.512379646E0,-1.623607039E0
9.752240000E0,-2.319465399E0,1.584185123E0,-1.394598603E0
9.762253000E0,-2.294804811E0,1.396289110E0,-1.139759183E0
9.772267000E0,-2.284156561E0,1.052749276E0,-8.528485894E-1
9.782280000E0,-2.225711584E0,7.126532793E-1,-5.292270184E-1
9.792293000E0,-2.115462780E0,4.094403386E-1,-1.923909485E-1
9.802307000E0,-1.975681305E0,1.663682759E-1,1.342914850E-1
9.812320000E0,-1.809365273E0,1.266873069E-2,4.589606524E-1
9.822333000E0,-1.620763540E0,-1.317091882E-1,7.680165768E-1
9.832347000E0,-1.402984619E0,-3.341746628E-1,1.062040210E0
9.842360000E0,-1.169368863E0,-6.851497889E-1,1.343800545E0
9.852373000E0,-9.213215113E-1,-1.132535219E0,1.695927739E0
9.862387000E0,-6.268387437E-1,-1.627702117E0,2.179644585E0
9.872400000E0,-3.400506675E-1,-2.176101446E0,2.712288618E0
9.882413000E0,-1.006734818E-1,-2.739384651E0,3.294522524E0
9.892427000E0,-2.432491630E-2,-3.050144434E0,3.714996099E0
9.902440000E0,-7.427477837E-2,-2.932902098E0,3.941893816E0
9.912453000E0,-1.411962807E-1,-2.536648512E0,3.940418243E0
9.922466000E0,-2.689919770E-1,-2.186306477E0,3.614362001E0
9.932480000E0,-4.443416893E-1,-2.059801579E0,3.099221945E0
9.942493000E0,-5.462534428E-1,-2.180197001E0,2.625295877E0
9.952506000E0,-5.273109674E-1,-2.373973370E0,2.294678688E0
9.962520000E0,-4.580955803E-1,-2.519416332E0,2.068237305E0
9.972533000E0,-3.891250491E-1,-2.439280748E0,1.865700006E0
9.982546000E0,-3.592665493E-1,-1.988769531E0,1.628194571E0
9.992560000E0,-4.367898107E-1,-1.357880712E0,1.333543539E0
1.000257300E1,-6.064783335E-1,-6.926593781E-1,9.064673185E-1
1.001258587E1,-8.015713692E-1,-1.361096054E-1,3.715682626E-1
1.002259988E1,-9.780331254E-1,1.972583234E-1,-1.830054820E-1
1.003261288E1,-1.153411627E0,3.713536859E-1,-7.233301997E-1
1.004262587E1,-1.345369816E0,4.828006625E-1,-1.161375284E0
1.005263987E1,-1.526973963E0,5.479631424E-1,-1.509271502E0
1.006265287E1,-1.694751263E0,6.148396134E-1,-1.790973663E0
1.007266587E1,-1.877728581E0,8.129332662E-1,-1.985091686E0
1.008267888E1,-2.036515713E0,1.048882127E0,-2.141679764E0
1.009269287E1,-2.130993843E0,1.267717004E0,-2.284387589E0
1.010270587E1,-2.162732840E0,1.420705318E0,-2.382666588E0
1.011271887E1,-2.138071775E0,1.480443001E0,-2.388746262E0
1.012273288E1,-2.052832127E0,1.433038235E0,-2.304546118E0
1.013274588E1,-1.937398911E0,1.260475039E0,-2.134028912E0
1.014275888E1,-1.808933496E0,9.505460858E-1,-1.876593947E0
1.015277287E1,-1.666198373E0,5.720661283E-1,-1.554793835E0
1.016278587E1,-1.528450251E0,1.448761523E-1,-1.216667891E0
1.017279887E1,-1.410013080E0,-2.189867496E-1,-8.399133682E-1
1.018281288E1,-1.303821564E0,-4.934330285E-1,-3.607313037E-1
1.019282587E1,-1.183476686E0,-6.831701994E-1,1.789556146E-1
1.020283887E1,-1.040925980E0,-9.053890705E-1,7.845327854E-1
1.021285287E1,-8.724142313E-1,-1.122214317E0,1.345872283E0
1.022286588E1,-7.277511954E-1,-1.272178650E0,1.854149580E0
1.023287888E1,-5.877765417E-1,-1.377317548E0,2.188912868E0
1.024289188E1,-4.838603139E-1,-1.407428861E0,2.296010733E0
1.025290587E1,-4.607003927E-1,-1.476589561E0,2.235839128E0
1.026291887E1,-5.052407980E-1,-1.556667447E0,2.051739216E0
1.027293187E1,-5.923587084E-1,-1.700063229E0,1.862304688E0
1.028294588E1,-6.674876809E-1,-1.891859770E0,1.696052909E0
1.029295888E1,-7.028003931E-1,-1.945847631E0,1.515992880E0
1.030297187E1,-7.177524567E-1,-1.638118625E0,1.285473704E0
1.031298587E1,-7.101947069E-1,-9.544128180E-1,9.618793130E-1
1.032299887E1,-6.687490344E-1,-6.521476805E-2,5.342999101E-1
1.033301188E1,-6.151385307E-1,7.637881637E-1,3.785202652E-2
1.034302587E1,-5.613620877E-1,1.390177727E0,-4.594061673E-1
1.035303887E1,-5.358703136E-1,1.771774173E0,-8.936881423E-1
1.036305187E1,-5.738291740E-1,2.002211809E0,-1.269062281E0
1.037306588E1,-6.429182291E-1,2.104795456E0,-1.552941918E0
1.038307888E1,-6.739661098E-1,2.069573879E0,-1.734730005E0
1.039309188E1,-6.422396302E-1,1.933169127E0,-1.788775086E0
1.040310488E1,-5.947194695E-1,1.665303111E0,-1.677235484E0
1.041311887E1,-5.740051270E-1,1.199356794E0,-1.406970739E0
1.042313187E1,-5.743214488E-1,5.550464392E-1,-1.023984551E0
1.043314487E1,-5.871062279E-1,-2.914249301E-1,-5.215460658E-1
1.044315887E1,-7.064614296E-1,-1.059364915E0,1.505710091E-2
1.045317187E1,-9.366291761E-1,-1.453582525E0,5.528542995E-1
1.046318487E1,-1.169407248E0,-1.703492045E0,1.112798214E0
1.047319887E1,-1.282401443E0,-1.908873320E0,1.555810571E0
1.048321188E1,-1.334112644E0,-2.123634100E0,1.867173672E0
1.049322488E1,-1.369048476E0,-2.255129099E0,1.977121234E0
1.050323887E1,-1.386415958E0,-2.236425161E0,1.882839441E0
1.051325187E1,-1.404759288E0,-1.937798977E0,1.573597670E0
1.052326487E1,-1.449125886E0,-1.402017236E0,1.081859231E0
1.053327787E1,-1.486222386E0,-7.642642260E-1,4.625088871E-1
1.054329188E1,-1.474086285E0,-9.426666051E-2,-1.646796465E-1
1.055330488E1,-1.402869105E0,4.298338294E-1,-6.675750017E-1
1.056331787E1,-1.283508062E0,7.432274818E-1,-1.021903396E0
1.057333187E1,-1.119597077E0,7.529165745E-1,-1.214207649E0
1.058334487E1,-8.756738305E-1,5.598741770E-1,-1.231763244E0
1.059335788E1,-6.048942208E-1,2.410812825E-1,-1.106981277E0
1.060337187E1,-3.855899572E-1,-1.121269166E-1,-8.403055072E-1
1.061338487E1,-3.145474792E-1,-2.253493518E-1,-4.295826852E-1
1.062339787E1,-3.731924295E-1,-1.540037692E-1,1.274694353E-1
1.063341188E1,-4.431893528E-1,-1.445178539E-1,6.627104878E-1
1.064342488E1,-4.698804021E-1,-3.249194026E-1,9.959965944E-1
1.065343788E1,-4.866657853E-1,-5.460874438E-1,1.001301885E0
1.066345187E1,-6.445810795E-1,-7.338789105E-1,6.522707939E-1
1.067346487E1,-9.964837432E-1,-6.651576161E-1,1.438906640E-1
1.068347787E1,-1.439496517E0,-3.433991075E-1,-2.955377400E-1
1.069349087E1,-1.791838050E0,-5.273504555E-2,-5.340467095E-1
1.070350487E1,-1.968008637E0,5.825356394E-2,-6.000708342E-1
1.071351787E1,-1.932418942E0,-3.614510968E-2,-5.399076343E-1
1.072353087E1,-1.680296302E0,-3.393763602E-1,-3.728156686E-1
1.073354488E1,-1.270650744E0,-7.975878716E-1,-9.577794373E-2
1.074355788E1,-7.824842334E-1,-1.372417927E0,3.208288848E-1
1.075357088E1,-2.749648392E-1,-1.945725918E0,7.336542606E-1
1.076358487E1,-9.709898382E-3,-2.159340143E0,9.732277393E-1
1.077359787E1,-1.160371378E-1,-1.682315946E0,1.024819016E0
1.078361087E1,-5.382782817E-1,-7.308331132E-1,8.636026382E-1
1.079362387E1,-1.084395647E0,1.772837639E-1,5.540226698E-1
1.080363788E1,-1.439831972E0,6.298753619E-1,2.538195252E-1
1.081365087E1,-1.450022817E0,6.629332304E-1,9.325620532E-2
1.082366387E1,-1.251618981E0,3.897119462E-1,3.849788383E-2
1.083367787E1,-1.015836000E0,-4.468130693E-2,5.223739892E-2
1.084369087E1,-7.740054131E-1,-5.916600823E-1,2.459698915E-1
1.085370388E1,-5.434244275E-1,-1.313552856E0,5.471102595E-1
1.086371787E1,-4.786811471E-1,-1.963067651E0,7.157075405E-1
1.087373087E1,-6.445444226E-1,-2.227862358E0,7.240240574E-1
1.088374387E1,-9.646447301E-1,-1.750009298E0,6.105830669E-1
1.089375788E1,-1.305572510E0,-7.683508396E-1,4.191875756E-1
1.090377088E1,-1.548491001E0,1.187394261E-1,1.742658317E-1
1.091378388E1,-1.545921326E0,5.525158644E-1,-2.310342528E-2
1.092379787E1,-1.313275337E0,5.738948584E-1,-1.511067450E-1
1.093381087E1,-9.938784242E-1,3.786401451E-1,-2.079780251E-1
1.094382387E1,-7.056628466E-1,4.711348191E-2,-1.976461709E-1
1.095383687E1,-5.206991434E-1,-5.007780790E-1,-9.544709325E-2
1.096385087E1,-6.484298110E-1,-1.141228199E0,1.603083685E-2
1.097386387E1,-1.074558020E0,-1.547500134E0,7.077264786E-2
1.098387687E1,-1.589177012E0,-1.591347694E0,4.353840649E-2
1.099389088E1,-2.025769234E0,-1.204125881E0,2.839433774E-2
1.100390388E1,-2.245566845E0,-5.476584435E-1,2.264000662E-2
1.101391750E1,-2.194576740E0,5.854833499E-2,2.601850312E-3
1.102393150E1,-1.924097538E0,3.785174787E-1,1.968172565E-2
1.103394450E1,-1.543665528E0,4.528771937E-1,4.016010091E-2
1.104395750E1,-1.148693085E0,2.869809270E-1,-1.041548252E-1
1.105397150E1,-8.946101665E-1,-1.123494059E-1,-3.329368532E-1
1.106398450E1,-9.976115227E-1,-7.270566225E-1,-5.891805887E-1
1.107399750E1,-1.433072448E0,-1.333312631E0,-8.477647305E-1
1.108401050E1,-1.977623105E0,-1.839482069E0,-1.010600448E0
1.109402450E1,-2.385831594E0,-2.046849251E0,-1.001398206E0
1.110403750E1,-2.643946648E0,-1.818961024E0,-8.642096519E-1
1.111405050E1,-2.720067501E0,-1.095962524E0,-6.896396875E-1
1.112406450E1,-2.502757549E0,-2.226157337E-1,-5.043836236E-1
1.113407750E1,-2.012686968E0,4.736232758E-1,-2.769310176E-1
1.114409050E1,-1.397027016E0,8.909519911E-1,1.572062075E-2
1.115410450E1,-7.893118262E-1,8.352019191E-1,2.608409226E-1
1.116411750E1,-2.465586662E-1,1.500216126E-1,5.111554861E-1
1.117413050E1,-3.434866667E-2,-1.190826178E0,7.213340402E-1
1.118414450E1,-2.119696140E-1,-2.627503872E0,7.427838445E-1
1.119415750E1,-5.177886486E-1,-3.934382439E0,6.133373976E-1
1.120417050E1,-7.141812444E-1,-5.354370594E0,5.073972344E-1
1.121418350E1,-8.210648298E-1,-6.062484264E0,4.434768558E-1
1.122419750E1,-9.419048429E-1,-5.902050018E0,4.585789740E-1
1.123421050E1,-1.120955706E0,-4.847613335E0,5.524082780E-1
1.124422350E1,-1.230669379E0,-3.033313751E0,6.208363771E-1
1.125423750E1,-1.169521332E0,-1.459529996E0,6.904221177E-1
1.126425050E1,-9.142583013E-1,-5.408855081E-1,6.578433514E-1
1.127426350E1,-5.763353705E-1,-2.853310108E-1,6.544214487E-1
1.128427750E1,-1.318825781E-1,-5.602231622E-1,7.360744476E-1
1.129429050E1,3.962549865E-1,-1.205289721E0,8.148083687E-1
1.130430350E1,9.034668803E-1,-1.958158255E0,9.288660884E-1
1.131431650E1,1.292370200E0,-2.595528841E0,1.106066585E0
1.132433050E1,1.597526670E0,-2.961698055E0,1.318342924E0
1.133434350E1,1.833073616E0,-3.083081961E0,1.498587370E0
1.134435650E1,1.950477719E0,-2.984613657E0,1.667143583E0
1.135437050E1,2.080707073E0,-2.845335484E0,1.822372913E0
1.136438350E1,2.414121866E0,-2.793086767E0,1.959614277E0
1.137439650E1,2.938915730E0,-2.845564127E0,1.925997257E0
1.138441050E1,3.471448421E0,-2.798467398E0,1.627080560E0
1.139442350E1,3.837707758E0,-2.359982252E0,1.157276273E0
1.140443650E1,3.908962965E0,-1.525546432E0,5.966004133E-1
1.141445050E1,3.638624907E0,-5.566200018E-1,9.715169668E-2
1.142446350E1,3.278181076E0,2.983846068E-1,-1.700058430E-1
1.143447650E1,3.219842911E0,1.032606363E0,-1.724732667E-1
1.144448950E1,3.412531137E0,1.525984168E0,-9.009107947E-2
1.145450350E1,3.626755238E0,1.784088731E0,-6.589598954E-2
1.146451650E1,3.810780525E0,2.031817436E0,-9.416277707E-2
1.147452950E1,3.935918570E0,2.302741766E0,-1.332041919E-1
1.148454350E1,3.938811064E0,2.414635658E0,-1.680226624E-1
1.149455650E1,3.939266443E0,2.203097820E0,-1.113830879E-1
1.150456950E1,4.175412178E0,1.818887591E0,-1.777062938E-2
1.151458350E1,4.462450981E0,1.248434663E0,-5.225137621E-2
1.152459650E1,4.676508427E0,6.734355688E-1,-2.169679254E-1
1.153460950E1,4.782753944E0,2.493705899E-1,-4.590335488E-1
1.154462350E1,4.749437809E0,1.147125065E-1,-7.262428403E-1
1.155463650E1,4.572010994E0,2.382911593E-1,-9.930326939E-1
1.156464950E1,4.327115536E0,4.965068698E-1,-1.232692957E0
1.157466250E1,4.300581932E0,6.554086208E-1,-1.405342460E0
1.158467650E1,4.660838604E0,6.127300262E-1,-1.459304571E0
1.159468950E1,5.229152679E0,3.936509192E-1,-1.485949278E0
1.160470250E1,5.748609543E0,1.010975093E-1,-1.516411543E0
1.161471650E1,6.043862343E0,-8.807267994E-2,-1.559436798E0
1.162472950E1,6.037286758E0,-2.878116630E-2,-1.606427550E0
1.163474250E1,5.785596848E0,1.890752614E-1,-1.691083550E0
1.164475650E1,5.496288300E0,2.889952660E-1,-1.770277500E0
1.165476950E1,5.414078712E0,4.375249892E-2,-1.772253871E0
1.166478250E1,5.574673653E0,-5.838993788E-1,-1.751274228E0
1.167479550E1,5.965595722E0,-1.440411687E0,-1.782573581E0
1.168480950E1,6.449078083E0,-2.301903963E0,-1.936063409E0
1.169482250E1,6.759430885E0,-2.894816875E0,-2.209102154E0
1.170483550E1,6.811156273E0,-3.013490438E0,-2.472227335E0
1.171484950E1,6.675659657E0,-2.766072989E0,-2.653898478E0
1.172486250E1,6.423480511E0,-2.348944426E0,-2.744786739E0
1.173487550E1,6.222058296E0,-1.930079818E0,-2.791817427E0
1.174488950E1,6.221980572E0,-1.638366461E0,-2.862970829E0
1.175490250E1,6.238153458E0,-1.519096732E0,-2.908080101E0
1.176491550E1,6.117887974E0,-1.342546105E0,-2.899115562E0
1.177492950E1,5.884418964E0,-1.022168040E0,-2.789723396E0
1.178494250E1,5.617720604E0,-7.076698542E-1,-2.585921764E0
1.179495550E1,5.421708584E0,-6.002419591E-1,-2.378479004E0
1.180496850E1,5.362835884E0,-8.172155619E-1,-2.211284637E0
1.181498250E1,5.471048832E0,-1.311179399E0,-2.007242918E0
1.182499550E1,5.668002129E0,-1.912574172E0,-1.799189448E0
1.183500850E1,5.755850315E0,-2.278863192E0,-1.659206510E0
1.184502250E1,5.599601269E0,-2.177104473E0,-1.556155920E0
1.185503550E1,5.186772346E0,-1.476185560E0,-1.466456413E0
1.186504850E1,4.554757595E0,-5.043813586E-1,-1.372374415E0
1.187506250E1,3.892437220E0,2.469889969E-1,-1.283103585E0
1.188507550E1,3.421820402E0,5.071202517E-1,-1.187183142E0
1.189508850E1,3.234688520E0,1.570596993E-1,-1.011926889E0
1.190510150E1,3.256582499E0,-6.560391784E-1,-7.909191847E-1
1.191511550E1,3.322534561E0,-1.662975311E0,-6.147918105E-1
1.192512850E1,3.277859926E0,-2.447759867E0,-5.081304312E-1
1.193514150E1,3.060613871E0,-2.734392881E0,-4.403596222E-1
1.194515550E1,2.687994719E0,-2.680798292E0,-4.699047804E-1
1.195516850E1,2.197836161E0,-2.313860416E0,-5.932866335E-1
1.196518150E1,1.698177695E0,-1.867914319E0,-7.053982615E-1
1.197519550E1,1.379914999E0,-1.585143089E0,-7.324889898E-1
1.198520850E1,1.203650594E0,-1.450215578E0,-7.100064158E-1
1.199522150E1,9.882495403E-1,-1.503335238E0,-7.393366098E-1
1.200523550E1,6.088734865E-1,-1.670759678E0,-8.648300171E-1
1.201524771E1,5.219370499E-2,-1.707166433E0,-1.065710902E0
1.202526071E1,-5.343510509E-1,-1.506036401E0,-1.247100472E0
1.203527371E1,-1.011736870E0,-1.263004541E0,-1.413855076E0
1.204528771E1,-1.266107321E0,-1.108122945E0,-1.560275793E0
1.205530071E1,-1.233835220E0,-1.032563210E0,-1.692758679E0
1.206531371E1,-1.090613842E0,-1.057459950E0,-1.859028459E0
1.207532771E1,-1.000762582E0,-1.127535939E0,-2.033579350E0
1.208534071E1,-1.025671005E0,-1.072986603E0,-2.187987566E0
1.209535371E1,-1.262449503E0,-8.678830862E-1,-2.353892326E0
1.210536771E1,-1.654716730E0,-6.040088534E-1,-2.510897160E0
1.211538071E1,-2.038989544E0,-3.755202889E-1,-2.664066553E0
1.212539371E1,-2.339426994E0,-2.415371090E-1,-2.773435354E0
1.213540671E1,-2.510176182E0,-1.509369016E-1,-2.863934994E0
1.214542071E1,-2.681610584E0,-7.287231088E-2,-2.966012716E0
1.215543371E1,-2.865541220E0,1.163777895E-2,-3.089705467E0
1.216544671E1,-3.014781475E0,1.369627565E-1,-3.188037872E0
1.217546071E1,-3.153566837E0,2.162772864E-1,-3.266819954E0
1.218547371E1,-3.227387905E0,2.067762315E-1,-3.320806265E0
1.219548671E1,-3.142429829E0,1.214789078E-1,-3.329349518E0
1.220550071E1,-2.910427094E0,-2.678592689E-2,-3.281253338E0
1.221551371E1,-2.598097801E0,-1.547726542E-1,-3.179064751E0
1.222552671E1,-2.285916805E0,-1.880065799E-1,-3.022063017E0
1.223553971E1,-2.126745701E0,-1.848653853E-1,-2.773481846E0
1.224555371E1,-2.120077133E0,-1.598461717E-1,-2.502720356E0
1.225556671E1,-2.211385727E0,-1.896943450E-1,-2.267131567E0
1.226557971E1,-2.359432459E0,-1.970519423E-1,-2.090119362E0
1.227559371E1,-2.439699650E0,-1.776558608E-1,-1.937839031E0
1.228560671E1,-2.528137445E0,-1.299905330E-1,-1.795566797E0
1.229561971E1,-2.709587097E0,1.187791675E-2,-1.684116364E0
1.230563371E1,-2.920191288E0,2.030040175E-1,-1.593237162E0
1.231564671E1,-3.067186832E0,4.020736814E-1,-1.480634689E0
1.232565971E1,-3.096633434E0,4.506444335E-1,-1.336598873E0
1.233567271E1,-2.972294569E0,2.660455704E-1,-1.132257223E0
1.234568671E1,-2.732791424E0,-2.281675115E-2,-9.319659472E-1
1.235569971E1,-2.474384785E0,-1.953128874E-1,-7.520849109E-1
1.236571271E1,-2.264720917E0,-2.315561622E-1,-5.682067871E-1
1.237572671E1,-2.139849424E0,-1.975950003E-1,-3.402799070E-1
1.238573971E1,-2.054729939E0,-1.094938964E-1,-8.853605390E-2
1.239575271E1,-1.987858653E0,-2.850823291E-2,1.494522691E-1
1.240576671E1,-1.912921548E0,-2.231227607E-2,3.690694869E-1
1.241577971E1,-1.798838854E0,-1.801463813E-1,5.555824041E-1
1.242579271E1,-1.643456817E0,-5.225355029E-1,7.494294643E-1
1.243580671E1,-1.449615121E0,-8.444594741E-1,1.028990865E0
1.244581971E1,-1.220300794E0,-1.057004094E0,1.448989987E0
1.245583271E1,-9.078291655E-1,-1.220447302E0,1.981305838E0
1.246584571E1,-4.919320345E-1,-1.465214729E0,2.631293058E0
1.247585971E1,2.005242184E-2,-1.848732829E0,3.353821278E0
1.248587271E1,5.287470222E-1,-2.330450535E0,4.026277065E0
1.249588571E1,9.655706882E-1,-2.797403812E0,4.553988457E0
1.250589971E1,1.254846334E0,-3.065612078E0,4.922588348E0
1.251591271E1,1.355675578E0,-3.083937168E0,5.154893398E0
1.252592571E1,1.284562469E0,-3.004827499E0,5.295056343E0
1.253593971E1,1.139504910E0,-2.879769802E0,5.344368458E0
1.254595271E1,9.852736592E-1,-2.675217390E0,5.354624271E0
1.255596571E1,7.790885568E-1,-2.542534828E0,5.303529263E0
1.256597871E1,6.632525325E-1,-2.594961643E0,5.231529236E0
1.257599271E1,8.406752348E-1,-2.852370024E0,5.256099701E0
1.258600571E1,1.272115350E0,-3.274907827E0,5.344085217E0
1.259601871E1,1.827122569E0,-3.449461222E0,5.352044582E0
1.260603271E1,2.253026724E0,-3.229602098E0,5.134690285E0
1.261604571E1,2.290316343E0,-2.695134878E0,4.740512371E0
1.262605871E1,1.909485340E0,-2.079795361E0,4.246581554E0
1.263607271E1,1.263361692E0,-1.615220666E0,3.728029251E0
1.264608571E1,6.824474335E-1,-1.408854365E0,3.306234598E0
1.265609871E1,3.359811306E-1,-1.380563378E0,2.906380653E0
1.266611171E1,1.333232522E-1,-1.413970470E0,2.385311365E0
1.267612571E1,-3.311417997E-2,-1.308369160E0,1.773405790E0
1.268613871E1,-2.877646387E-1,-9.657619596E-1,1.080740213E0
1.269615171E1,-6.246143579E-1,-4.199313819E-1,3.668429255E-1
1.270616571E1,-9.772506952E-1,2.395744622E-1,-3.078471422E-1
1.271617871E1,-1.287785053E0,7.802866697E-1,-9.206421375E-1
1.272619171E1,-1.529916406E0,1.096810818E0,-1.459549904E0
1.273620571E1,-1.686468959E0,1.288906932E0,-1.860535741E0
1.274621871E1,-1.876363993E0,1.365243912E0,-2.076691628E0
1.275623171E1,-2.223411083E0,1.319011688E0,-2.189031839E0
1.276624471E1,-2.603064775E0,1.229441285E0,-2.260956526E0
1.277625871E1,-2.924490452E0,1.153447151E0,-2.348492622E0
1.278627171E1,-3.159944296E0,1.110746145E0,-2.477604389E0
1.279628471E1,-3.299686909E0,9.816680551E-1,-2.591289520E0
1.280629871E1,-3.342756271E0,6.612492204E-1,-2.614735126E0
1.281631171E1,-3.326974392E0,2.268272340E-1,-2.514410257E0
1.282632471E1,-3.351864815E0,2.948035300E-2,-2.326877594E0
1.283633871E1,-3.431841373E0,1.543290764E-1,-2.056209564E0
1.284635171E1,-3.519891977E0,4.943282902E-1,-1.761363745E0
1.285636471E1,-3.592231512E0,9.567012787E-1,-1.492285967E0
1.286637771E1,-3.599902868E0,1.250579715E0,-1.218258023E0
1.287639171E1,-3.457640171E0,1.255829811E0,-8.882302642E-1
1.288640471E1,-3.163053751E0,9.161656499E-1,-4.650453627E-1
1.289641771E1,-2.793285370E0,3.818825483E-1,2.382151410E-2
1.290643171E1,-2.389906645E0,-2.220173627E-1,5.724529028E-1
1.291644471E1,-2.004217625E0,-7.991502285E-1,1.148202062E0
1.292645771E1,-1.658089519E0,-1.273550630E0,1.771210432E0
1.293647171E1,-1.373397946E0,-1.547181964E0,2.400118828E0
1.294648471E1,-1.103996515E0,-1.674434304E0,2.968942404E0
1.295649771E1,-7.024739385E-1,-1.806494594E0,3.276919603E0
1.296651171E1,-2.116637081E-1,-2.031448126E0,3.332811594E0
1.297652471E1,2.241591364E-1,-2.225135088E0,3.403191328E0
1.298653771E1,5.257664323E-1,-2.258555174E0,3.591772079E0
1.299655071E1,6.482358575E-1,-2.273682117E0,3.854001045E0
1.300656471E1,7.194731832E-1,-2.288010120E0,4.094276428E0
1.301657862E1,7.983541489E-1,-2.335085154E0,4.183387280E0
1.302659163E1,8.382337689E-1,-2.329047441E0,4.010869503E0
1.303660562E1,6.769657731E-1,-2.180182695E0,3.525426626E0
1.304661862E1,3.650188744E-1,-1.876072645E0,2.826182127E0
1.305663162E1,4.924732447E-2,-1.477738023E0,2.131840706E0
1.306664563E1,-2.474138737E-1,-1.055226445E0,1.514209986E0
1.307665863E1,-5.319558382E-1,-6.401574016E-1,9.734538198E-1
1.308667163E1,-7.575467825E-1,-2.673465312E-1,5.211907625E-1
1.309668463E1,-9.937779903E-1,1.800384372E-1,7.378823310E-2
1.310669862E1,-1.304068923E0,5.966739655E-1,-3.838601112E-1
1.311671162E1,-1.577931046E0,9.193164706E-1,-8.639193773E-1
1.312672462E1,-1.774425864E0,1.140719056E0,-1.312499642E0
1.313673862E1,-1.904550076E0,1.249840379E0,-1.693170309E0
1.314675162E1,-1.972977638E0,1.290408373E0,-1.979935288E0
1.315676462E1,-2.001294613E0,1.243908048E0,-2.181274414E0
1.316677863E1,-1.978974700E0,1.001855493E0,-2.301657438E0
1.317679163E1,-1.882150412E0,5.040480494E-1,-2.348852873E0
1.318680463E1,-1.793128252E0,-7.376104593E-2,-2.331444979E0
1.319681862E1,-1.885240078E0,1.318477374E-2,-2.280657053E0
1.320683162E1,-2.153989315E0,6.785386205E-1,-2.150060177E0
1.321684462E1,-2.446639776E0,1.305591106E0,-1.949967146E0
1.322685762E1,-2.568067312E0,1.552103043E0,-1.700934172E0
1.323687163E1,-2.478298187E0,1.401021838E0,-1.375341654E0
1.324688462E1,-2.225852489E0,9.818689227E-1,-9.943321943E-1
1.325689762E1,-1.889155984E0,4.081909657E-1,-5.611109734E-1
1.326691162E1,-1.519009948E0,-1.522524208E-1,-7.276529074E-2
1.327692462E1,-1.179175854E0,-5.163481236E-1,4.808901846E-1
1.328693763E1,-9.252272248E-1,-6.087208986E-1,1.059724331E0
1.329695162E1,-7.552570701E-1,-5.586339831E-1,1.628538013E0
1.330696462E1,-5.674006343E-1,-4.494267404E-1,2.223556757E0
1.331697762E1,-3.397328854E-1,-4.676584601E-1,2.747535944E0
1.332699163E1,-7.328565419E-2,-7.542887330E-1,3.123911858E0
1.333700463E1,2.566166222E-1,-1.308176160E0,3.321452141E0
1.334701763E1,4.986397028E-1,-1.998715997E0,3.321848392E0
1.335703062E1,5.272750854E-1,-2.502243996E0,3.268354416E0
1.336704462E1,3.811975420E-1,-2.635465622E0,3.191336393E0
1.337705762E1,1.395580173E-1,-2.459453106E0,3.099282265E0
1.338707062E1,-5.554069579E-2,-2.246141195E0,2.986872196E0
1.339708462E1,-7.519349456E-2,-2.205121994E0,2.878798246E0
1.340709762E1,2.358924970E-2,-2.109576941E0,2.640157700E0
1.341711062E1,2.493707463E-2,-1.608415008E0,2.125776768E0
1.342712463E1,-2.488484979E-1,-7.599556446E-1,1.336812615E0
1.343713763E1,-7.439357042E-1,2.274962664E-1,4.058838785E-1
1.344715063E1,-1.290617585E0,1.141626596E0,-5.435416698E-1
1.345716462E1,-1.753525853E0,1.742169738E0,-1.366577864E0
1.346717762E1,-2.056495190E0,2.016289711E0,-1.948972464E0
1.347719062E1,-2.170464516E0,2.072257996E0,-2.327059984E0
1.348720362E1,-2.162033796E0,1.926486373E0,-2.502525330E0
1.349721763E1,-2.083295345E0,1.636496067E0,-2.536340714E0
1.350723062E1,-1.968219757E0,1.229276419E0,-2.468537569E0
1.351724362E1,-1.883474231E0,8.346505761E-1,-2.341065407E0
1.352725762E1,-1.863949656E0,6.336819530E-1,-2.132970333E0
1.353727063E1,-1.894113421E0,7.396811247E-1,-1.865232229E0
1.354728363E1,-1.966637969E0,8.773005009E-1,-1.547139883E0
1.355729762E1,-1.985292673E0,8.309724331E-1,-1.168852568E0
1.356731062E1,-1.905189872E0,5.207993984E-1,-7.291067839E-1
1.357732362E1,-1.710919142E0,1.345827281E-1,-2.364198267E-1
1.358733763E1,-1.408612251E0,-2.295871228E-1,3.395002484E-1
1.359735063E1,-1.051101327E0,-5.681042075E-1,9.796131253E-1
1.360736363E1,-6.965457797E-1,-9.052684307E-1,1.648938537E0
1.361737762E1,-3.832030594E-1,-1.237462044E0,2.322731972E0
1.362739062E1,-1.038159207E-1,-1.518967986E0,2.948628426E0
1.363740362E1,1.851019114E-1,-1.913744569E0,3.353428364E0
1.364741663E1,5.004793406E-1,-2.453708649E0,3.506785631E0
1.365743062E1,7.718259096E-1,-3.027043581E0,3.316548586E0
1.366744362E1,7.472103238E-1,-3.388718128E0,2.809103966E0
1.367745662E1,3.244337142E-1,-3.262190819E0,2.154649019E0
1.368747063E1,-4.029866755E-1,-2.457909107E0,1.431233048E0
1.369748363E1,-1.196227312E0,-1.150953054E0,7.007005215E-1
1.370749663E1,-1.790746927E0,2.457509041E-1,2.302052826E-2
1.371751062E1,-2.071189642E0,1.291117072E0,-5.468346477E-1
1.372752362E1,-2.088071823E0,1.820388198E0,-1.025879264E0
1.373753662E1,-2.009370089E0,1.911335945E0,-1.400303483E0
1.374755063E1,-1.927600980E0,1.793325305E0,-1.628574014E0
1.375756363E1,-1.873391509E0,1.540207267E0,-1.676188111E0
1.376757662E1,-1.822296739E0,1.195812702E0,-1.599980593E0
1.377759062E1,-1.742408395E0,6.878839731E-1,-1.407678246E0
1.378760362E1,-1.612343431E0,-6.981229782E-2,-1.101730943E0
1.379761663E1,-1.447549105E0,-7.931540012E-1,-7.077178359E-1
1.380763062E1,-1.302840829E0,-9.580513835E-1,-2.400365025E-1
1.381764362E1,-1.214530349E0,-7.720522285E-1,3.004193008E-1
1.382765662E1,-1.137170911E0,-4.284390211E-1,8.334231973E-1
1.383766962E1,-1.040025949E0,-2.928489745E-1,1.391924620E0
1.384768363E1,-8.179707527E-1,-5.445291400E-1,1.976716399E0
1.385769663E1,-4.861510396E-1,-1.133522391E0,2.618652821E0
1.386770963E1,-9.618552029E-2,-1.845794439E0,3.031325817E0
1.387772362E1,2.588170469E-1,-2.607557297E0,2.974240065E0
1.388773662E1,2.858284414E-1,-3.283560514E0,2.414395571E0
1.389774962E1,-1.914371848E-1,-3.277826786E0,1.540034294E0
1.390776362E1,-1.129627585E0,-2.289523363E0,6.214647889E-1
1.391777662E1,-2.168171644E0,-9.014372230E-1,-1.353443414E-1
1.392778962E1,-2.897594690E0,2.836378813E-1,-6.908897758E-1
1.393780363E1,-3.131522655E0,1.038589478E0,-1.062225223E0
1.394781663E1,-2.936031818E0,1.322188377E0,-1.266947985E0
1.395782963E1,-2.517730236E0,1.202992201E0,-1.347747564E0
1.396784362E1,-2.057504177E0,8.631166220E-1,-1.275956273E0
1.397785662E1,-1.635426641E0,3.979034126E-1,-1.055810571E0
1.398786962E1,-1.219072580E0,-1.903092712E-1,-7.306048274E-1
1.399788262E1,-7.996525764E-1,-8.509234190E-1,-2.933028638E-1
1.400789663E1,-5.115160346E-1,-9.813537598E-1,2.238733023E-1
1.401791096E1,-4.680260718E-1,-6.695306301E-1,8.041667342E-1
1.402792396E1,-4.728209674E-1,-3.327889442E-1,1.354609251E0
1.403793796E1,-3.310526609E-1,-1.462433040E-1,1.848440528E0
1.404795096E1,-1.624028385E-1,-2.964437902E-1,2.306797504E0
1.405796396E1,-1.191640366E-2,-7.446828485E-1,2.745873451E0
1.406797796E1,1.755811125E-1,-1.308906078E0,2.884915829E0
1.407799096E1,2.312907130E-1,-2.019189358E0,2.458035707E0
1.408800396E1,-1.328786761E-1,-2.495296478E0,1.584152222E0
1.409801796E1,-9.468874335E-1,-2.402575493E0,7.680940032E-1
1.410803096E1,-1.907441258E0,-1.672943234E0,2.161630839E-1
1.411804396E1,-2.605352163E0,-9.075562954E-1,-1.194359511E-1
1.412805796E1,-2.951064587E0,-3.423882127E-1,-3.823371232E-1
1.413807096E1,-2.967384577E0,9.846854955E-2,-5.480152965E-1
1.414808396E1,-2.756299496E0,4.083832204E-1,-5.752061009E-1
1.415809796E1,-2.373662949E0,5.502285361E-1,-4.654924273E-1
1.416811096E1,-1.864762902E0,4.214926064E-1,-2.250740081E-1
1.417812396E1,-1.286720872E0,8.934421837E-2,1.118459553E-1
1.418813696E1,-7.590185404E-1,-1.847214103E-1,4.818651676E-1
1.419815096E1,-3.382273912E-1,-3.175223470E-1,8.974514604E-1
1.420816396E1,2.679015324E-2,-5.030263662E-1,1.295258403E0
1.421817696E1,2.858248949E-1,-7.707992792E-1,1.591916680E0
1.422819096E1,3.611425459E-1,-1.180881262E0,1.754433155E0
1.423820396E1,2.155195922E-1,-1.665940404E0,1.650336266E0
1.424821696E1,-2.170009315E-1,-2.086154461E0,1.254481673E0
1.425823096E1,-9.201404452E-1,-2.212089300E0,7.038352489E-1
1.426824396E1,-1.689187527E0,-1.888270259E0,1.952554137E-1
1.427825696E1,-2.302342176E0,-1.257745028E0,-1.375094950E-1
1.428827096E1,-2.645614147E0,-6.046507955E-1,-3.625866771E-1
1.429828396E1,-2.692327976E0,-9.985849261E-2,-5.218312144E-1
1.430829696E1,-2.515874624E0,3.381743133E-1,-6.077971458E-1
1.431831096E1,-2.209331989E0,6.533905864E-1,-5.725619197E-1
1.432832396E1,-1.839731812E0,6.922809482E-1,-4.083018899E-1
1.433833696E1,-1.413430333E0,5.055776834E-1,-1.792282164E-1
1.434835096E1,-9.447260499E-1,1.846925020E-1,1.151792631E-1
1.435836396E1,-4.902938902E-1,-2.517157197E-1,4.517817795E-1
1.436837696E1,-2.316910401E-2,-8.921481371E-1,8.220788240E-1
1.437838996E1,3.733436167E-1,-1.564210415E0,1.193745017E0
1.438840396E1,4.992709756E-1,-1.854171395E0,1.470079780E0
1.439841696E1,2.358779311E-1,-1.655662298E0,1.490834832E0
1.440842996E1,-3.813540339E-1,-1.132144094E0,1.210573077E0
1.441844396E1,-1.189776778E0,-6.066994667E-1,6.291768551E-1
1.442845696E1,-1.944880009E0,-1.602289677E-1,4.538535699E-2
1.443846996E1,-2.444367647E0,1.296119094E-1,-3.380453885E-1
1.444848396E1,-2.683450460E0,1.809488088E-1,-5.631957054E-1
1.445849696E1,-2.658475161E0,5.078229681E-2,-6.259176731E-1
1.446850996E1,-2.355807066E0,-2.936614156E-1,-5.384235382E-1
1.447852396E1,-1.885183811E0,-7.988974452E-1,-2.985001802E-1
1.448853696E1,-1.245055437E0,-1.553362370E0,-3.016714565E-2
1.449854996E1,-6.280593872E-1,-2.338063002E0,2.290116847E-1
1.450856396E1,-2.099601179E-1,-2.831233263E0,5.387220979E-1
1.451857696E1,-1.120388880E-1,-2.610559940E0,8.825260997E-1
1.452858996E1,-2.765782773E-1,-2.022206783E0,1.218770385E0
1.453860396E1,-4.231584072E-1,-1.516974688E0,1.482874393E0
1.454861696E1,-4.678167403E-1,-1.085937142E0,1.676825762E0
1.455862996E1,-4.865901768E-1,-8.513156176E-1,1.838951349E0
1.456864296E1,-4.366447628E-1,-8.413838744E-1,1.998685956E0
1.457865696E1,-3.024571538E-1,-1.070023894E0,2.189930201E0
1.458866996E1,-6.058961526E-2,-1.455210209E0,2.399929285E0
1.459868296E1,2.004073560E-1,-2.035786867E0,2.602215290E0
1.460869696E1,4.510440528E-1,-2.785424948E0,2.708756924E0
1.461870996E1,7.082849145E-1,-3.701843262E0,2.652716875E0
1.462872296E1,9.361785650E-1,-4.539668083E0,2.457074881E0
1.463873696E1,1.081867218E0,-5.024005413E0,2.174750328E0
1.464874996E1,1.152845263E0,-4.986750603E0,1.868907452E0
1.465876296E1,1.204097271E0,-4.597829819E0,1.611688256E0
1.466877696E1,1.298957229E0,-4.054132938E0,1.409500241E0
1.467878996E1,1.419375777E0,-3.511955738E0,1.222599268E0
1.468880296E1,1.528234005E0,-2.942293882E0,1.026610851E0
1.469881696E1,1.625548601E0,-2.381808996E0,8.226673007E-1
1.470882996E1,1.830042124E0,-1.904864073E0,6.208013296E-1
1.471884296E1,2.139219046E0,-1.581763506E0,5.137822032E-1
1.472885696E1,2.420603752E0,-1.333097339E0,4.697036147E-1
1.473886996E1,2.543336868E0,-1.082248092E0,3.717509508E-1
1.474888296E1,2.490011454E0,-9.074828625E-1,2.525057495E-1
1.475889596E1,2.357095003E0,-8.093818426E-1,9.812203050E-2
1.476890996E1,2.264108419E0,-7.763977051E-1,-8.977810293E-2
1.477892296E1,2.174435139E0,-8.364229202E-1,-3.136218488E-1
1.478893596E1,2.048006296E0,-8.729375601E-1,-5.642762780E-1
1.479894996E1,1.957575560E0,-8.720451593E-1,-8.095499277E-1
1.480896296E1,1.978087783E0,-8.587458730E-1,-1.086889863E0
1.481897596E1,2.081804276E0,-8.558989167E-1,-1.424488902E0
1.482898996E1,2.240739584E0,-7.524275780E-1,-1.717555642E0
1.483900296E1,2.439911127E0,-4.374022484E-1,-1.933394194E0
1.484901596E1,2.716222525E0,1.224656105E-1,-2.108066320E0
1.485902996E1,3.149601698E0,7.805444598E-1,-2.328841925E0
1.486904296E1,3.684604168E0,1.474380612E0,-2.733599663E0
1.487905596E1,3.989066839E0,2.143751144E0,-3.244083881E0
1.488906996E1,3.963638783E0,2.607987404E0,-3.565244675E0
1.489908296E1,3.820883751E0,2.812109470E0,-3.699549198E0
1.490909596E1,3.761907101E0,2.864868402E0,-3.684580803E0
1.491910896E1,3.827059507E0,2.878616095E0,-3.581321001E0
1.492912296E1,3.960765123E0,2.917443752E0,-3.419698477E0
1.493913596E1,4.167671680E0,3.089998245E0,-3.171667099E0
1.494914896E1,4.532272816E0,3.321822643E0,-2.852501392E0
1.495916296E1,5.075310707E0,3.477090359E0,-2.540000200E0
1.496917596E1,5.563690662E0,3.528420687E0,-2.424295425E0
1.497918896E1,5.788113117E0,3.437118769E0,-2.440619469E0
1.498920296E1,5.827115059E0,3.224562883E0,-2.445001602E0
1.499921596E1,5.776729107E0,2.900002003E0,-2.450178385E0
1.500922896E1,5.629626274E0,2.515144348E0,-2.503430843E0
1.501924087E1,5.446420670E0,2.055485010E0,-2.583911896E0
1.502925387E1,5.330091476E0,1.604625583E0,-2.598045826E0
1.503926688E1,5.423401356E0,1.136103392E0,-2.494601250E0
1.504928087E1,5.756746769E0,6.953385472E-1,-2.467839956E0
1.505929387E1,6.055741787E0,3.353614807E-1,-2.568797112E0
1.506930687E1,6.179458618E0,1.507451087E-1,-2.680573702E0
1.507932088E1,6.147287369E0,1.926789731E-1,-2.741523027E0
1.508933388E1,5.998486519E0,3.695629835E-1,-2.814849615E0
1.509934688E1,5.843405247E0,5.299209952E-1,-2.823797226E0
1.510935987E1,5.640984535E0,5.065340400E-1,-2.580665350E0
1.511937387E1,5.385961056E0,1.803511381E-1,-2.107184410E0
1.512938687E1,5.268829346E0,-3.061344028E-1,-1.495362043E0
1.513939987E1,5.350354671E0,-8.677769899E-1,-8.354139328E-1
1.514941387E1,5.634568214E0,-1.467893004E0,-2.504545748E-1
1.515942687E1,6.160058498E0,-2.095782280E0,1.421241015E-1
1.516943987E1,6.977347851E0,-2.620738268E0,1.670494229E-1
1.517945388E1,7.891971111E0,-2.836306572E0,-8.474792540E-2
1.518946688E1,8.242681503E0,-2.787537813E0,-3.890745044E-1
1.519947988E1,7.773006439E0,-2.553385258E0,-6.667772532E-1
1.520949387E1,6.762097359E0,-2.078184366E0,-8.705360889E-1
1.521950687E1,5.512305260E0,-1.754136562E0,-8.846740127E-1
1.522951987E1,4.392470360E0,-1.860248566E0,-8.157618046E-1
1.523953287E1,3.708520889E0,-2.337066174E0,-7.790879607E-1
1.524954688E1,3.342416048E0,-2.937654018E0,-8.163669705E-1
1.525955987E1,3.045725346E0,-3.451538086E0,-8.857399225E-1
1.526957287E1,2.759296179E0,-3.502550364E0,-8.947514892E-1
1.527958687E1,2.191720009E0,-3.112998962E0,-8.566368818E-1
1.528959988E1,1.268421412E0,-2.479600191E0,-8.474043012E-1
1.529961288E1,2.536334991E-1,-1.735314846E0,-8.533365130E-1
1.530962687E1,-6.918302774E-1,-1.049709201E0,-9.172866940E-1
1.531963987E1,-1.452237129E0,-5.376693606E-1,-1.046707869E0
1.532965287E1,-1.992721081E0,-2.205501795E-1,-1.181593895E0
1.533966688E1,-2.380227089E0,-4.540446401E-2,-1.289336562E0
1.534967988E1,-2.696235418E0,-1.254318655E-2,-1.382933259E0
1.535969288E1,-2.863119364E0,-7.686678320E-2,-1.455129504E0
1.536970687E1,-2.933695793E0,-1.420070976E-1,-1.516916752E0
1.537971987E1,-3.051790237E0,-2.034890950E-1,-1.600792766E0
1.538973287E1,-3.216427565E0,-2.808725834E-1,-1.700715065E0
1.539974588E1,-3.432855129E0,-3.229238987E-1,-1.737127185E0
1.540975987E1,-3.846618176E0,-3.155322373E-1,-1.750114202E0
1.541977287E1,-4.407155037E0,-3.007119894E-1,-1.784543037E0
1.542978587E1,-4.945703983E0,-2.509546280E-1,-1.871055722E0
1.543979988E1,-5.398243427E0,-2.039223909E-1,-1.977481246E0
1.544981288E1,-5.681128025E0,-1.831801385E-1,-2.026767731E0
1.545982588E1,-5.808838844E0,-2.088287771E-1,-1.967746139E0
1.546983987E1,-5.717026711E0,-2.846886814E-1,-1.788512707E0
1.547985287E1,-5.451694489E0,-5.215156078E-1,-1.526981592E0
1.548986587E1,-5.126352787E0,-7.541139126E-1,-1.188579798E0
1.549987988E1,-4.832953453E0,-8.561859131E-1,-8.278312087E-1
1.550989287E1,-4.538291454E0,-8.728667498E-1,-4.617656469E-1
1.551990587E1,-4.206142902E0,-9.025607109E-1,-1.353688985E-1
1.552991987E1,-3.714102268E0,-9.857332706E-1,1.180534288E-1
1.553993287E1,-2.878738165E0,-1.030521870E0,3.517639339E-1
1.554994588E1,-1.760228038E0,-8.649458289E-1,6.940960288E-1
1.555995888E1,-6.314394474E-1,-5.719956756E-1,1.182307363E0
1.556997287E1,2.935118377E-1,-3.428983390E-1,1.782378197E0
1.557998587E1,1.136230230E0,-1.642692238E-1,2.556849003E0
1.558999887E1,1.878474712E0,9.880246595E-3,3.481402159E0
1.560001288E1,2.407919168E0,9.093461931E-2,4.317232132E0
1.561002588E1,2.912038565E0,1.169732586E-1,4.757620811E0
1.562003888E1,3.272615194E0,3.223423958E-1,4.828886986E0
1.563005287E1,3.217179537E0,5.304375887E-1,4.775487423E0
1.564006587E1,2.849747658E0,6.697137356E-1,4.690349102E0
1.565007887E1,2.343434095E0,7.457556129E-1,4.521748066E0
1.566009287E1,1.709295750E0,5.365685821E-1,4.247422695E0
1.567010587E1,1.104860902E0,2.142528296E-1,3.857517719E0
1.568011887E1,6.339855194E-1,4.074148834E-2,3.352063417E0
1.569013187E1,9.426971525E-2,-3.196252277E-3,2.730990648E0
1.570014588E1,-6.345631480E-1,1.730264425E-1,2.058788538E0
1.571015888E1,-1.448539257E0,4.962724745E-1,1.367161393E0
1.572017188E1,-2.257073879E0,8.800377250E-1,7.083702683E-1
1.573018587E1,-2.919292212E0,1.295199633E0,9.100215137E-2
1.574019887E1,-3.366774321E0,1.720520020E0,-4.027031660E-1
1.575021187E1,-3.705992222E0,2.129835844E0,-7.876830101E-1
1.576022588E1,-3.985940933E0,2.451141596E0,-1.083890676E0
1.577023887E1,-4.133519650E0,2.609768867E0,-1.332900405E0
1.578025187E1,-4.158694267E0,2.552031279E0,-1.558302045E0
1.579026587E1,-4.189668179E0,2.296602488E0,-1.793381572E0
1.580027888E1,-4.278182030E0,1.955209017E0,-2.017302752E0
1.581029188E1,-4.411814213E0,1.571259260E0,-2.170575619E0
1.582030488E1,-4.549483776E0,1.112436295E0,-2.204170465E0
1.583031887E1,-4.569221497E0,5.180262923E-1,-2.060015917E0
1.584033187E1,-4.361018658E0,-1.949961632E-1,-1.695183873E0
1.585034487E1,-3.860560894E0,-8.978217244E-1,-1.112573624E0
1.586035888E1,-3.113411427E0,-1.338016629E0,-3.766581118E-1
1.587037188E1,-2.321358442E0,-1.586384296E0,3.887905180E-1
1.588038487E1,-1.603060722E0,-1.563713312E0,1.141867399E0
1.589039887E1,-9.191588163E-1,-1.371214628E0,1.937587380E0
1.590041187E1,-1.647161394E-1,-1.206220627E0,2.751546144E0
1.591042487E1,6.439204812E-1,-1.150821090E0,3.535821676E0
1.592043788E1,1.468010664E0,-1.051696420E0,4.074739933E0
1.593045187E1,2.187707424E0,-8.739029169E-1,4.142069340E0
1.594046487E1,2.574360847E0,-6.075804234E-1,3.657042503E0
1.595047787E1,2.476581335E0,-4.219877422E-1,2.904962540E0
1.596049188E1,1.902066708E0,-2.905298471E-1,2.168400288E0
1.597050488E1,9.305807948E-1,-1.668171436E-1,1.515416861E0
1.598051788E1,-2.174219340E-1,4.209798947E-2,9.725070000E-1
1.599053187E1,-1.290329933E0,3.746528327E-1,2.294111103E-1
1.600054487E1,-2.218423367E0,9.139871597E-1,-6.149116158E-1
1.601055787E1,-2.975527763E0,1.648556232E0,-1.411240339E0
1.602057200E1,-3.604188681E0,2.428491831E0,-2.100174427E0
1.603058500E1,-4.075605392E0,3.131772041E0,-2.566245794E0
1.604059800E1,-4.328258038E0,3.660268545E0,-2.779498339E0
1.605061100E1,-4.383983612E0,3.854181290E0,-2.768853664E0
1.606062500E1,-4.234385014E0,3.630462885E0,-2.576161385E0
1.607063800E1,-3.881947279E0,3.038427114E0,-2.292239189E0
1.608065100E1,-3.333507776E0,2.089066744E0,-2.007555485E0
1.609066500E1,-2.566050291E0,9.239454865E-1,-1.699371457E0
1.610067800E1,-1.674275279E0,-2.556814849E-1,-1.345005155E0
1.611069100E1,-8.601040244E-1,-1.238451958E0,-9.364460111E-1
1.612070500E1,-2.608520389E-1,-1.966440082E0,-4.702658355E-1
1.613071800E1,1.207224503E-1,-2.377208471E0,1.063596159E-1
1.614073100E1,3.430191875E-1,-2.421980858E0,8.373792171E-1
1.615074400E1,4.780019522E-1,-2.194372892E0,1.664265871E0
1.616075800E1,5.826870799E-1,-1.747194767E0,2.513481855E0
1.617077100E1,7.137641907E-1,-1.364623427E0,3.241741896E0
1.618078400E1,9.403024912E-1,-1.082885742E0,3.579518318E0
1.619079800E1,1.126787066E0,-1.057560802E0,3.255291939E0
1.620081100E1,1.035919189E0,-1.168143511E0,2.358936548E0
1.621082400E1,5.864495039E-1,-1.129699588E0,1.181632042E0
1.622083800E1,-3.135103583E-1,-7.789800763E-1,5.894266441E-2
1.623085100E1,-1.596081853E0,-2.717398405E-1,-1.002610326E0
1.624086400E1,-2.863426685E0,3.479628265E-1,-1.853441000E0
1.625087700E1,-3.634663582E0,1.137503147E0,-2.250745058E0
1.626089100E1,-3.963444948E0,1.613788724E0,-2.375062466E0
1.627090400E1,-3.870637894E0,1.790648580E0,-2.417946339E0
1.628091700E1,-3.496631861E0,1.529134631E0,-2.329461098E0
1.629093100E1,-2.784018040E0,8.994712830E-1,-2.083649158E0
1.630094400E1,-1.847575307E0,4.623547569E-2,-1.590786695E0
1.631095700E1,-8.549419045E-1,-6.814525723E-1,-9.475371838E-1
1.632097100E1,-1.578643024E-1,-1.192977071E0,-3.216437101E-1
1.633098400E1,2.101349682E-1,-1.337127686E0,3.179992139E-1
1.634099700E1,4.310774505E-1,-1.087190866E0,9.520118833E-1
1.635101100E1,6.666222811E-1,-6.895015240E-1,1.592416883E0
1.636102400E1,9.698660970E-1,-4.531907439E-1,2.222365141E0
1.637103700E1,1.279771566E0,-3.062780499E-1,2.836843967E0
1.638105000E1,1.598697066E0,-2.030731142E-1,3.142623901E0
1.639106400E1,1.705579877E0,-4.248945117E-1,2.719826698E0
1.640107700E1,1.298023820E0,-7.879624963E-1,1.714758158E0
1.641109000E1,3.189466894E-1,-1.087863207E0,5.927746892E-1
1.642110400E1,-9.794008136E-1,-1.165287971E0,-3.283986449E-1
1.643111700E1,-2.163878679E0,-1.079222083E0,-9.226229787E-1
1.644113000E1,-2.714908123E0,-7.188551426E-1,-1.208779335E0
1.645114400E1,-2.981278419E0,-1.613653153E-1,-1.332258105E0
1.646115700E1,-2.983144045E0,5.243925452E-1,-1.425168037E0
1.647117000E1,-2.683054447E0,1.095216632E0,-1.440611005E0
1.648118300E1,-2.099881411E0,1.455924153E0,-1.376166224E0
1.649119700E1,-1.435955644E0,1.513316154E0,-1.170757771E0
1.650121000E1,-7.508069873E-1,1.446116090E0,-7.927761078E-1
1.651122300E1,-1.730325371E-1,1.306344390E0,-3.708770573E-1
1.652123700E1,2.427521497E-1,1.065144300E0,1.699283868E-1
1.653125000E1,6.596983075E-1,6.463724375E-1,7.911262512E-1
1.654126300E1,1.085164189E0,4.895273596E-2,1.445873976E0
1.655127600E1,1.336136222E0,-7.911335230E-1,1.925806046E0
1.656129000E1,1.329991698E0,-1.818479061E0,1.917911887E0
1.657130300E1,9.570301175E-1,-2.487041712E0,1.368197560E0
1.658131600E1,9.729568660E-2,-2.286770105E0,4.643529356E-1
1.659133000E1,-1.137538552E0,-1.363231659E0,-4.613642991E-1
1.660134300E1,-2.269217730E0,5.410614610E-2,-1.161456347E0
1.661135600E1,-2.854616642E0,1.337953448E0,-1.605059981E0
1.662137000E1,-3.038642168E0,2.278581858E0,-1.842649341E0
1.663138300E1,-2.832500458E0,2.589485168E0,-1.833529711E0
1.664139600E1,-2.218676329E0,2.141776323E0,-1.625481248E0
1.665140900E1,-1.250589132E0,1.330002546E0,-1.190702319E0
1.666142300E1,-2.201827466E-1,5.088575482E-1,-7.563735843E-1
1.667143600E1,5.075331926E-1,-1.505913883E-1,-3.752004206E-1
1.668144900E1,8.094552159E-1,-5.607749224E-1,1.939111017E-2
1.669146300E1,8.996275067E-1,-8.224275112E-1,4.966131449E-1
1.670147600E1,8.882419467E-1,-1.152017951E0,1.131164074E0
1.671148900E1,7.544887066E-1,-1.546977282E0,1.722790480E0
1.672150300E1,4.838675559E-1,-1.936128497E0,1.957234979E0
1.673151600E1,4.394924641E-2,-2.153870106E0,1.669073701E0
1.674152900E1,-6.260266900E-1,-1.865865827E0,1.001568913E0
1.675154200E1,-1.394679546E0,-1.150051594E0,2.853938341E-1
1.676155600E1,-1.959691048E0,-1.652281582E-1,-3.229954541E-1
1.677156900E1,-2.288923740E0,8.214094639E-1,-7.651320100E-1
1.678158200E1,-2.462592602E0,1.520695329E0,-1.067685246E0
1.679159600E1,-2.369081974E0,1.646715760E0,-1.216217041E0
1.680160900E1,-1.854749918E0,1.242987275E0,-1.163328290E0
1.681162200E1,-1.040478587E0,5.289324522E-1,-9.968310595E-1
1.682163500E1,-1.330799758E-1,-1.917048097E-1,-7.307778597E-1
1.683164900E1,5.456089973E-1,-7.460867167E-1,-3.845725656E-1
1.684166200E1,8.898510933E-1,-1.045733094E0,4.057820514E-2
1.685167500E1,1.107597113E0,-1.331142068E0,5.963012576E-1
1.686168900E1,1.106782436E0,-1.587210536E0,1.319412947E0
1.687170200E1,6.840073466E-1,-1.530580044E0,1.988621116E0
1.688171500E1,-2.193988673E-2,-1.218230844E0,2.193959475E0
1.689172900E1,-9.077865481E-1,-9.337776303E-1,1.731589198E0
1.690174200E1,-1.865105271E0,-4.355861545E-1,8.722537160E-1
1.691175500E1,-2.764548779E0,2.123477161E-1,-5.457689986E-3
1.692176800E1,-3.460618258E0,9.655554295E-1,-6.767202616E-1
1.693178200E1,-3.946211100E0,1.747519732E0,-1.113258243E0
1.694179500E1,-4.241350174E0,2.319309950E0,-1.329529047E0
1.695180800E1,-4.204338551E0,2.350335836E0,-1.355572581E0
1.696182200E1,-3.627346039E0,1.641054511E0,-1.219745874E0
1.697183500E1,-2.516494513E0,5.126194954E-1,-9.704660773E-1
1.698184800E1,-1.123363614E0,-6.635544300E-1,-6.786028147E-1
1.699186200E1,1.692450643E-1,-1.486935139E0,-3.619789481E-1
1.700187500E1,9.407058358E-1,-1.888368249E0,5.269575864E-2
1.701188800E1,1.145947933E0,-1.929981589E0,5.402524471E-1
1.702190221E1,1.015031695E0,-1.786100864E0,1.151167750E0
1.703191621E1,4.750971496E-1,-1.375939012E0,1.848428130E0
1.704192921E1,-2.946338952E-1,-8.126559258E-1,2.441839457E0
1.705194221E1,-8.526493311E-1,-4.186239541E-1,2.599699974E0
1.706195621E1,-1.211233974E0,-4.388538599E-1,2.193017483E0
1.707196921E1,-1.503765941E0,-4.919681549E-1,1.540906310E0
1.708198221E1,-1.885942101E0,-4.482265413E-1,9.428569078E-1
1.709199521E1,-2.342023849E0,-1.815585047E-1,5.392584801E-1
1.710200921E1,-2.778714895E0,1.994088143E-1,2.998603284E-1
1.711202221E1,-3.079420805E0,4.627763629E-1,1.431731582E-1
1.712203521E1,-3.127987146E0,4.632378817E-1,2.619807050E-2
1.713204921E1,-2.820185184E0,2.244343907E-1,-1.456736177E-1
1.714206221E1,-2.092131853E0,-1.860202551E-1,-2.406099886E-1
1.715207521E1,-1.157298923E0,-6.414123774E-1,-1.733308882E-1
1.716208821E1,-2.750722468E-1,-8.754912019E-1,8.529467508E-3
1.717210221E1,2.866468132E-1,-7.753110528E-1,3.317599297E-1
1.718211521E1,4.833423197E-1,-5.004988909E-1,7.825081944E-1
1.719212821E1,3.135995865E-1,-2.894106805E-1,1.330424309E0
1.720214221E1,-2.773057818E-1,-1.681987494E-1,1.852572203E0
1.721215521E1,-9.586511850E-1,-1.893831789E-1,2.061522484E0
1.722216821E1,-1.499060750E0,-3.599362969E-1,1.757000685E0
1.723218221E1,-1.955960035E0,-6.507598758E-1,1.148059964E0
1.724219521E1,-2.401567698E0,-7.023881674E-1,5.112161636E-1
1.725220821E1,-2.921519279E0,-4.895110428E-1,1.202962846E-1
1.726222121E1,-3.416687250E0,-1.316991150E-1,-4.918356240E-2
1.727223521E1,-3.695178270E0,2.643526793E-1,-1.451258361E-1
1.728224821E1,-3.635615826E0,4.703798890E-1,-2.311936021E-1
1.729226121E1,-3.201725006E0,3.614494801E-1,-3.375213444E-1
1.730227521E1,-2.370933533E0,2.909098938E-2,-3.053613007E-1
1.731228821E1,-1.410595417E0,-3.196176291E-1,-1.062481776E-1
1.732230121E1,-6.022720337E-1,-5.145719051E-1,1.951721311E-1
1.733231421E1,-1.392685324E-1,-5.984123349E-1,5.424172878E-1
1.734232821E1,5.928211287E-2,-6.100063920E-1,9.565137625E-1
1.735234121E1,-4.387140274E-2,-6.862862110E-1,1.460692286E0
1.736235421E1,-6.361131072E-1,-6.074739099E-1,1.875940919E0
1.737236821E1,-1.451251388E0,-4.383285046E-1,2.055202007E0
1.738238121E1,-2.103302956E0,-1.213438958E-1,1.944834948E0
1.739239421E1,-2.505753040E0,1.820843816E-1,1.657872319E0
1.740240721E1,-2.703669786E0,3.221213818E-1,1.232665658E0
1.741242121E1,-2.827897310E0,3.801914752E-1,7.795841694E-1
1.742243421E1,-2.917929173E0,5.219483972E-1,4.517581463E-1
1.743244721E1,-2.968307495E0,7.127028108E-1,2.560365200E-1
1.744246121E1,-2.990766287E0,8.316677809E-1,1.549032629E-1
1.745247421E1,-2.939684391E0,7.885833383E-1,9.817766398E-2
1.746248721E1,-2.749171495E0,5.556129813E-1,8.251427859E-2
1.747250021E1,-2.385170221E0,1.744843274E-1,7.260852307E-2
1.748251421E1,-1.935876369E0,-2.156130970E-1,7.508499175E-2
1.749252721E1,-1.591893315E0,-5.129781365E-1,1.272319108E-1
1.750254021E1,-1.479354858E0,-6.456294060E-1,2.667874098E-1
1.751255421E1,-1.563123584E0,-6.239584088E-1,4.793080091E-1
1.752256721E1,-1.710401177E0,-3.910684884E-1,7.502055168E-1
1.753258021E1,-1.794386268E0,-1.373279393E-1,1.057422996E0
1.754259321E1,-1.849193573E0,-2.118554264E-1,1.294263244E0
1.755260721E1,-1.925717235E0,-4.210540056E-1,1.262978435E0
1.756262021E1,-2.117906809E0,-6.222209334E-1,1.063757658E0
1.757263321E1,-2.413244486E0,-6.367884278E-1,8.122090697E-1
1.758264721E1,-2.731882811E0,-4.370335340E-1,5.959100723E-1
1.759266021E1,-2.938353539E0,-1.138078421E-1,3.872292638E-1
1.760267321E1,-2.969289064E0,1.338038146E-1,2.252129465E-1
1.761268621E1,-2.776015520E0,2.944426239E-1,2.409802079E-1
1.762270021E1,-2.388901472E0,3.236061037E-1,3.968611360E-1
1.763271321E1,-1.891033292E0,2.430940121E-1,6.563016176E-1
1.764272621E1,-1.335802078E0,5.233763903E-2,9.274404645E-1
1.765274021E1,-7.954196930E-1,-2.987690270E-1,1.137557149E0
1.766275321E1,-5.350621343E-1,-8.359853625E-1,1.166610122E0
1.767276621E1,-7.251383066E-1,-1.247541666E0,9.681981206E-1
1.768278021E1,-1.399140716E0,-1.012853026E0,6.336302161E-1
1.769279321E1,-2.348814249E0,-1.482633352E-1,3.290501833E-1
1.770280621E1,-3.148785353E0,9.829646945E-1,7.350790501E-2
1.771281921E1,-3.544692278E0,1.908839822E0,-9.206764400E-2
1.772283321E1,-3.539745569E0,2.441300392E0,-2.144287229E-1
1.773284621E1,-3.175985813E0,2.368178368E0,-2.436117977E-1
1.774285921E1,-2.533359289E0,1.403274655E0,-1.728838235E-1
1.775287221E1,-1.754982233E0,-1.636803150E-1,4.448279366E-2
1.776288621E1,-1.109433413E0,-1.996864676E0,3.801888824E-1
1.777289921E1,-7.923056483E-1,-3.763547182E0,7.492526174E-1
1.778291221E1,-7.066572905E-1,-4.664537907E0,1.077289104E0
1.779292621E1,-7.823213339E-1,-4.382930756E0,1.307404399E0
1.780293921E1,-1.041275978E0,-2.871381044E0,1.363839746E0
1.781295221E1,-1.339192986E0,-6.149293184E-1,1.310487986E0
1.782296521E1,-1.473913789E0,1.473794222E0,1.259484768E0
1.783297921E1,-1.322601795E0,2.705145597E0,1.221416950E0
1.784299221E1,-9.294097424E-1,3.112216473E0,1.185873628E0
1.785300521E1,-5.382356048E-1,2.446790695E0,1.160175920E0
1.786301921E1,-5.344312787E-1,8.156470656E-1,1.122876763E0
1.787303221E1,-8.353612423E-1,-1.186474919E0,1.072399735E0
1.788304521E1,-1.257654190E0,-3.039404154E0,1.055925965E0
1.789305821E1,-1.608947515E0,-4.163885593E0,1.171361327E0
1.790307221E1,-1.839850187E0,-4.307790756E0,1.327494740E0
1.791308521E1,-1.941713333E0,-4.151978493E0,1.492913246E0
1.792309821E1,-1.737218499E0,-4.332612514E0,1.680782199E0
1.793311221E1,-1.268927932E0,-4.725999355E0,1.864259958E0
1.794312521E1,-6.538852453E-1,-4.940102100E0,2.081902027E0
1.795313821E1,-1.068493072E-2,-4.900413513E0,2.275939465E0
1.796315221E1,5.683227777E-1,-4.608526707E0,2.415364027E0
1.797316521E1,1.078094602E0,-4.164385796E0,2.545192242E0
1.798317821E1,1.611075878E0,-3.690376282E0,2.642274857E0
1.799319121E1,2.263484001E0,-3.258204460E0,2.663910866E0
1.800320521E1,2.988220453E0,-2.855135202E0,2.661348581E0
1.801321821E1,3.593306780E0,-2.522680759E0,2.637387276E0
1.802323083E1,4.023357868E0,-2.207164764E0,2.684310913E0
1.803324383E1,4.323480606E0,-1.909541249E0,2.715404034E0
1.804325783E1,4.554274082E0,-1.683005095E0,2.678546667E0
1.805327083E1,4.698850632E0,-1.601003408E0,2.457450628E0
1.806328383E1,4.717173576E0,-1.534884334E0,2.135085821E0
1.807329783E1,4.603918552E0,-1.391442776E0,1.824650526E0
1.808331083E1,4.430039883E0,-1.152038693E0,1.531350136E0
1.809332383E1,3.971664667E0,-8.782675862E-1,1.195846200E0
1.810333683E1,2.982595444E0,-4.502320588E-1,9.145653248E-1
1.811335083E1,1.846180201E0,4.656790197E-2,7.310800552E-1
1.812336383E1,1.021921396E0,4.417895079E-1,5.845191479E-1
1.813337683E1,7.096173167E-1,5.372978449E-1,4.442226589E-1
1.814339083E1,8.001096845E-1,3.131214678E-1,2.783061266E-1
1.815340383E1,1.222287655E0,-7.944115996E-2,1.987147331E-1
1.816341683E1,1.861994982E0,-5.576247573E-1,3.150455952E-1
1.817342983E1,2.492803574E0,-9.829909801E-1,5.832344294E-1
1.818344383E1,2.988616228E0,-1.260784030E0,9.059432149E-1
1.819345683E1,3.409675360E0,-1.340301156E0,1.264532924E0
1.820346983E1,3.753374577E0,-1.297330260E0,1.519371152E0
1.821348383E1,3.926532269E0,-1.021163106E0,1.509725332E0
1.822349683E1,3.873172522E0,-5.888740420E-1,1.274873495E0
1.823350983E1,3.667104006E0,-3.350353539E-1,8.682438135E-1
1.824352283E1,3.575856209E0,-3.754895627E-1,4.052428901E-1
1.825353683E1,3.756763220E0,-6.487945914E-1,-2.680623159E-2
1.826354983E1,3.927053690E0,-1.230907798E0,-2.678366899E-1
1.827356283E1,3.768974066E0,-1.857256651E0,-2.821481228E-1
1.828357683E1,3.311110735E0,-2.345581293E0,-2.243793607E-1
1.829358983E1,2.615886211E0,-2.494919062E0,-2.483002990E-1
1.830360283E1,1.844443202E0,-2.362881899E0,-4.819585979E-1
1.831361583E1,1.243291020E0,-2.175785303E0,-9.267134666E-1
1.832362983E1,9.957059026E-1,-2.081650734E0,-1.443220973E0
1.833364283E1,8.984636068E-1,-2.029290676E0,-1.921395063E0
1.834365583E1,7.664824128E-1,-2.030771732E0,-2.314698696E0
1.835366983E1,5.609810948E-1,-2.049918413E0,-2.625408173E0
1.836368283E1,3.351149261E-1,-2.134169340E0,-2.869575262E0
1.837369583E1,1.680371761E-1,-2.255516768E0,-3.078953028E0
1.838370883E1,-1.966401562E-2,-2.348381758E0,-3.157860994E0
1.839372283E1,-3.513574898E-1,-2.343385220E0,-3.078620672E0
1.840373583E1,-8.388541937E-1,-2.196088791E0,-2.962831020E0
1.841374883E1,-1.401514649E0,-1.933610320E0,-2.842525721E0
1.842376183E1,-1.934041381E0,-1.580203056E0,-2.756145239E0
1.843377583E1,-2.390567064E0,-1.111108422E0,-2.762422085E0
1.844378883E1,-2.717950821E0,-6.741713285E-1,-2.841452599E0
1.845380183E1,-2.941422224E0,-4.012523592E-1,-2.930551291E0
1.846381583E1,-3.099497557E0,-3.356072903E-1,-2.989857197E0
1.847382883E1,-3.180498123E0,-4.498736262E-1,-2.966538906E0
1.848384183E1,-3.175042868E0,-6.930772662E-1,-2.848697424E0
1.849385483E1,-3.152577639E0,-9.838182330E-1,-2.708101988E0
1.850386883E1,-3.182364941E0,-1.246650100E0,-2.580477476E0
1.851388183E1,-3.223337889E0,-1.413426876E0,-2.466769218E0
1.852389483E1,-3.274556160E0,-1.435235739E0,-2.365077496E0
1.853390883E1,-3.374843836E0,-1.320924878E0,-2.235513926E0
1.854392183E1,-3.589057446E0,-1.168485522E0,-2.049757004E0
1.855393483E1,-3.922552109E0,-1.054173112E0,-1.919959307E0
1.856394783E1,-4.254281998E0,-9.461414814E-1,-1.907761216E0
1.857396183E1,-4.525182247E0,-8.944196105E-1,-1.984294176E0
1.858397483E1,-4.722073078E0,-9.152098894E-1,-2.089919567E0
1.859398783E1,-4.864233494E0,-1.009923697E0,-2.184493065E0
1.860400083E1,-4.971606255E0,-1.123994589E0,-2.245623827E0
1.861401483E1,-5.026753426E0,-1.204128504E0,-2.301408529E0
1.862402783E1,-5.021889210E0,-1.201393962E0,-2.340667248E0
1.863404083E1,-4.946423531E0,-1.084544778E0,-2.334546089E0
1.864405483E1,-4.855143070E0,-8.986215591E-1,-2.297919035E0
1.865406783E1,-4.782655239E0,-5.460839272E-1,-2.253052711E0
1.866408083E1,-4.785320759E0,-1.867337972E-1,-2.227113724E0
1.867409383E1,-4.786636829E0,1.379412711E-1,-2.200111628E0
1.868410783E1,-4.723186016E0,3.447157443E-1,-2.138002157E0
1.869412083E1,-4.718160152E0,4.174046516E-1,-2.087504625E0
1.870413383E1,-4.809473515E0,3.665396273E-1,-2.109761477E0
1.871414683E1,-4.879596233E0,2.554753423E-1,-2.179386854E0
1.872416083E1,-4.876760483E0,1.045830473E-1,-2.278672218E0
1.873417383E1,-4.817224979E0,-9.545600414E-2,-2.362147808E0
1.874418683E1,-4.684662819E0,-3.587084115E-1,-2.399186850E0
1.875420083E1,-4.507591724E0,-5.542082191E-1,-2.358997345E0
1.876421383E1,-4.378711700E0,-3.711486459E-1,-2.236621857E0
1.877422683E1,-4.339652538E0,1.499787122E-1,-2.069298267E0
1.878423983E1,-4.323223591E0,7.558380365E-1,-1.862601399E0
1.879425383E1,-4.277720928E0,1.314895988E0,-1.624708772E0
1.880426683E1,-4.190877438E0,1.790780306E0,-1.375785232E0
1.881427983E1,-4.078907490E0,2.031091690E0,-1.167070508E0
1.882429383E1,-3.917164087E0,2.068720341E0,-9.771841168E-1
1.883430683E1,-3.713614702E0,1.961068749E0,-7.850347161E-1
1.884431983E1,-3.472239733E0,1.674276948E0,-5.520001054E-1
1.885433283E1,-3.189474583E0,1.322521806E0,-2.376339138E-1
1.886434683E1,-2.889930487E0,1.104782224E0,1.525527388E-1
1.887435983E1,-2.554019451E0,9.447074533E-1,5.799770951E-1
1.888437283E1,-2.047418118E0,7.006779909E-1,1.049154878E0
1.889438583E1,-1.368366241E0,2.203073204E-1,1.610324979E0
1.890439983E1,-6.194983721E-1,-3.933268189E-1,2.262020350E0
1.891441283E1,7.158015668E-2,-1.098967195E0,2.983346462E0
1.892442583E1,7.073832154E-1,-1.816346049E0,3.691832304E0
1.893443983E1,1.255232215E0,-2.595648289E0,4.264666080E0
1.894445283E1,1.569968820E0,-3.388979197E0,4.858569145E0
1.895446583E1,1.755306840E0,-3.888657331E0,5.394502640E0
1.896447883E1,1.715015292E0,-4.018478394E0,5.807449818E0
1.897449283E1,1.447507977E0,-4.093963623E0,6.218636990E0
1.898450583E1,1.356974125E0,-4.321001530E0,6.656555653E0
1.899451883E1,1.643909097E0,-4.558652401E0,7.020806789E0
1.900453183E1,2.154978275E0,-4.857973576E0,7.115063190E0
1.901454583E1,2.666258097E0,-5.059014797E0,6.889106274E0
1.902455896E1,2.931478977E0,-5.037577152E0,6.560582161E0
1.903457196E1,2.994632244E0,-4.841733932E0,6.339142323E0
1.904458596E1,2.969603777E0,-4.508170128E0,6.221922874E0
1.905459896E1,2.959890842E0,-4.178600311E0,6.207495213E0
1.906461196E1,3.097952604E0,-4.085720539E0,6.303032398E0
1.907462496E1,3.273826599E0,-3.978823185E0,6.227331638E0
1.908463896E1,3.208996296E0,-3.708494902E0,5.850451469E0
1.909465196E1,2.846333027E0,-3.172398329E0,5.173818111E0
1.910466496E1,2.259358644E0,-2.308322191E0,4.267144203E0
1.911467796E1,1.646522045E0,-1.200720429E0,3.349999666E0
1.912469196E1,1.049966335E0,-6.100574508E-2,2.557407856E0
1.913470496E1,4.187799692E-1,6.968053579E-1,1.909359813E0
1.914471796E1,-1.986619532E-1,9.680904150E-1,1.320465922E0
1.915473196E1,-9.404694438E-1,8.979192972E-1,7.102287412E-1
1.916474496E1,-1.794627190E0,7.268913388E-1,1.472918987E-1
1.917475796E1,-2.608707428E0,5.806693435E-1,-3.525341451E-1
1.918477096E1,-3.285808086E0,6.217702031E-1,-7.876003385E-1
1.919478496E1,-3.827431440E0,8.790054917E-1,-1.160154581E0
1.920479796E1,-4.266891956E0,1.094365716E0,-1.418186188E0
1.921481096E1,-4.618963718E0,1.233830452E0,-1.568410993E0
1.922482396E1,-4.897612572E0,1.377479792E0,-1.659904361E0
1.923483796E1,-5.135411263E0,1.413896799E0,-1.664001465E0
1.924485096E1,-5.275336742E0,1.354440451E0,-1.594166398E0
1.925486396E1,-5.296142578E0,1.212845087E0,-1.459390879E0
1.926487796E1,-5.227202415E0,9.957770109E-1,-1.313549280E0
1.927489096E1,-5.141321182E0,6.919842958E-1,-1.239776492E0
1.928490396E1,-5.132778168E0,4.337202907E-1,-1.242917657E0
1.929491696E1,-5.165503502E0,2.112344950E-1,-1.117836952E0
1.930493096E1,-5.121896744E0,2.328936011E-2,-8.241013885E-1
1.931494396E1,-5.081053734E0,-3.417294845E-2,-4.694620967E-1
1.932495696E1,-5.014200211E0,3.839326799E-1,-1.337671578E-1
1.933496996E1,-4.940011978E0,8.582102656E-1,1.787683666E-1
1.934498396E1,-4.734808922E0,1.173634291E0,4.587236047E-1
1.935499696E1,-4.313595295E0,1.196884036E0,7.992229462E-1
1.936500996E1,-3.637093067E0,8.563486338E-1,1.303536415E0
1.937502396E1,-2.661077738E0,3.741830587E-1,1.877255201E0
1.938503696E1,-1.466197729E0,-5.897663906E-2,2.424146652E0
1.939504996E1,-2.203240693E-1,-3.612364829E-1,2.980115891E0
1.940506296E1,8.775837421E-1,-6.352672577E-1,3.507139206E0
1.941507696E1,1.719342589E0,-7.806401849E-1,3.854531765E0
1.942508996E1,2.167888165E0,-6.458818316E-1,4.025116444E0
1.943510296E1,2.191070080E0,-5.703531504E-1,4.167899132E0
1.944511596E1,2.071283102E0,-8.005482554E-1,4.348705769E0
1.945512996E1,1.952341557E0,-1.341642618E0,4.420676231E0
1.946514296E1,1.816706777E0,-1.976411343E0,4.368136883E0
1.947515596E1,1.759939909E0,-2.436307669E0,4.342114925E0
1.948516996E1,1.851699114E0,-2.455444813E0,4.314673424E0
1.949518296E1,2.021971464E0,-2.276241064E0,4.255620003E0
1.950519596E1,2.219059944E0,-2.053257465E0,4.173888206E0
1.951520896E1,2.531306267E0,-2.009187937E0,4.086835861E0
1.952522296E1,2.955595016E0,-2.235710382E0,3.969444036E0
1.953523596E1,3.374408484E0,-2.433862209E0,3.833288908E0
1.954524896E1,3.500263453E0,-2.395842791E0,3.608960629E0
1.955526196E1,3.165209770E0,-1.969585180E0,3.177991867E0
1.956527596E1,2.319228411E0,-9.730672836E-1,2.515932560E0
1.957528896E1,9.962784052E-1,3.479244113E-1,1.672700047E0
1.958530196E1,-3.446975052E-1,1.749014497E0,5.671196580E-1
1.959531596E1,-1.390646577E0,2.859942198E0,-5.363630652E-1
1.960532896E1,-2.035025120E0,3.612009764E0,-1.507687807E0
1.961534196E1,-2.453559160E0,3.909372807E0,-2.314348936E0
1.962535496E1,-2.769852638E0,3.875653505E0,-2.837809563E0
1.963536896E1,-3.006537199E0,3.691828966E0,-3.132886410E0
1.964538196E1,-3.180458307E0,3.514552355E0,-3.284602880E0
1.965539496E1,-3.338128328E0,3.388584375E0,-3.374353409E0
1.966540796E1,-3.471929789E0,3.317256927E0,-3.448662519E0
1.967542196E1,-3.581822395E0,3.335228682E0,-3.517881632E0
1.968543496E1,-3.676354408E0,3.397831440E0,-3.572615862E0
1.969544796E1,-3.775013685E0,3.409791708E0,-3.584894896E0
1.970546196E1,-3.859489202E0,3.288503885E0,-3.414870262E0
1.971547496E1,-3.951753378E0,2.920950651E0,-3.177549601E0
1.972548796E1,-4.010842323E0,2.352179766E0,-2.670535326E0
1.973550096E1,-3.956581831E0,1.590327740E0,-1.926546097E0
1.974551496E1,-3.783371925E0,7.498810291E-1,-1.103715897E0
1.975552796E1,-3.501540422E0,-8.176261187E-2,-3.149479628E-1
1.976554096E1,-3.123652458E0,-7.814541459E-1,4.016301036E-1
1.977555396E1,-2.663849592E0,-1.395977139E0,1.146408558E0
1.978556796E1,-2.152168989E0,-1.982431769E0,1.921839356E0
1.979558096E1,-1.574356198E0,-2.362061024E0,2.657586575E0
1.980559396E1,-9.765740633E-1,-2.479722977E0,3.300382137E0
1.981560696E1,-4.644867480E-1,-2.224352837E0,3.703966618E0
1.982562096E1,-1.638422310E-1,-1.837620020E0,4.003010273E0
1.983563396E1,7.137981057E-2,-1.574347138E0,4.364428997E0
1.984564696E1,3.587697744E-1,-1.668963432E0,4.661614418E0
1.985566096E1,6.633917689E-1,-2.153656721E0,4.870895863E0
1.986567396E1,1.074550867E0,-2.969355822E0,5.055828094E0
1.987568696E1,1.677500844E0,-3.874734402E0,5.113573551E0
1.988569996E1,2.217212677E0,-4.419703007E0,4.949339867E0
1.989571396E1,2.395627260E0,-4.040699005E0,4.516678810E0
1.990572696E1,2.109514713E0,-2.721156359E0,3.941910505E0
1.991573996E1,1.479628682E0,-1.256803036E0,3.321747780E0
1.992575296E1,8.942083716E-1,-1.494603902E-1,2.714632750E0
1.993576696E1,5.332373381E-1,5.575941205E-1,2.144500971E0
1.994577996E1,1.371983886E-1,7.545068860E-1,1.516643047E0
1.995579296E1,-4.953057766E-1,7.359205484E-1,7.670393586E-1
1.996580696E1,-1.374777436E0,8.277998567E-1,-1.108112410E-1
1.997581996E1,-2.375702143E0,1.002270579E0,-1.021513820E0
1.998583296E1,-3.186175108E0,1.089085102E0,-1.814423442E0
1.999584596E1,-3.685426235E0,9.981355071E-1,-2.403685570E0
2.000585996E1,-3.955061197E0,8.066468239E-1,-2.719641924E0
2.001587296E1,-4.131828308E0,1.045600295E0,-2.753806829E0
2.002588563E1,-4.228274822E0,1.769136071E0,-2.635558605E0
2.003589863E1,-4.181952953E0,2.504871130E0,-2.483358622E0
2.004591262E1,-4.004140377E0,3.026083231E0,-2.389599085E0
2.005592562E1,-3.826595306E0,3.228725433E0,-2.412653446E0
2.006593862E1,-3.689778566E0,3.041898727E0,-2.360052347E0
2.007595163E1,-3.476394892E0,2.586837292E0,-2.107671022E0
2.008596562E1,-3.138839960E0,1.993189096E0,-1.677546859E0
2.009597862E1,-2.729829073E0,1.327251673E0,-1.078559518E0
2.010599162E1,-2.234223366E0,6.058990955E-1,-3.135087192E-1
2.011600563E1,-1.669592261E0,-1.212649643E-1,5.431751609E-1
2.012601863E1,-1.105384469E0,-7.462292314E-1,1.402639508E0
2.013603163E1,-5.972983837E-1,-1.262478113E0,2.260089397E0
2.014604463E1,-9.837407619E-2,-1.602374077E0,3.078559875E0
2.015605862E1,4.907969236E-1,-1.824038863E0,3.659214497E0
2.016607162E1,1.163163662E0,-2.120834589E0,3.935554504E0
2.017608462E1,1.882634401E0,-2.464627981E0,3.938843012E0
2.018609763E1,2.370646000E0,-2.818987608E0,3.795597792E0
2.019611162E1,2.452157974E0,-2.863643169E0,3.711289406E0
2.020612462E1,1.900421262E0,-2.410156250E0,3.740091324E0
2.021613762E1,8.460621834E-1,-1.663508654E0,3.684634209E0
2.022615062E1,-2.221626043E-1,-1.104261398E0,3.378820181E0
2.023616463E1,-1.024917960E0,-8.215293884E-1,2.789397717E0
2.024617763E1,-1.740215421E0,-7.592234015E-1,1.924880266E0
2.025619063E1,-2.542834520E0,-6.207467914E-1,8.475728631E-1
2.026620462E1,-3.369166136E0,-2.154362947E-1,-2.298507839E-1
2.027621762E1,-4.051229000E0,3.255876899E-1,-1.111500382E0
2.028623062E1,-4.465819836E0,8.383498192E-1,-1.653775573E0
2.029624362E1,-4.541589260E0,1.217509747E0,-1.775574446E0
2.030625762E1,-4.163047791E0,1.318967462E0,-1.621987224E0
2.031627062E1,-3.420526743E0,1.104606152E0,-1.321538448E0
2.032628362E1,-2.475884676E0,8.600659370E-1,-1.025129437E0
2.033629662E1,-1.556940436E0,6.351208091E-1,-6.384229660E-1
2.034631063E1,-8.211514354E-1,4.818042219E-1,-1.207534671E-1
2.035632363E1,-2.955418825E-1,4.200209379E-1,4.338293076E-1
2.036633663E1,8.378759772E-2,3.419719636E-1,1.073201060E0
2.037634963E1,4.363037646E-1,1.533807814E-1,1.692012548E0
2.038636362E1,7.311937809E-1,-2.238376141E-1,2.279672861E0
2.039637662E1,9.476400018E-1,-6.823672056E-1,2.831883907E0
2.040638962E1,1.183086038E0,-1.195277929E0,3.173522711E0
2.041640362E1,1.354788065E0,-1.639311910E0,3.214613199E0
2.042641662E1,1.239249468E0,-1.875250340E0,3.140083075E0
2.043642962E1,8.636568189E-1,-1.873319030E0,2.992093563E0
2.044644262E1,4.309775531E-1,-1.796277285E0,2.805417061E0
2.045645663E1,1.027742922E-1,-1.825623035E0,2.661885500E0
2.046646963E1,-4.129015803E-1,-1.991281509E0,2.402063847E0
2.047648263E1,-1.159841180E0,-1.877491832E0,1.868967772E0
2.048649563E1,-1.950395465E0,-1.438529372E0,1.213741183E0
2.049650962E1,-2.534335852E0,-8.875334263E-1,5.978714824E-1
2.050652262E1,-2.785272598E0,-3.764189780E-1,4.377795011E-2
2.051653562E1,-2.706773758E0,2.669023871E-1,-3.581892848E-1
2.052654863E1,-2.432558298E0,7.790125608E-1,-4.972782135E-1
2.053656262E1,-2.021800995E0,9.598897696E-1,-4.060787857E-1
2.054657562E1,-1.546223998E0,8.135317564E-1,-1.698548198E-1
2.055658862E1,-1.037296295E0,5.804982781E-1,1.271195263E-1
2.056660263E1,-5.965684652E-1,2.790993154E-1,4.679721892E-1
2.057661563E1,-4.074777365E-1,-6.906679273E-2,8.628044128E-1
2.058662863E1,-4.306981266E-1,-4.012689590E-1,1.248080373E0
2.059664163E1,-5.727723241E-1,-7.039787173E-1,1.550812483E0
2.060665562E1,-7.135686278E-1,-9.843028188E-1,1.784837723E0
2.061666862E1,-7.225293517E-1,-1.441038370E0,1.872523189E0
2.062668162E1,-6.856959462E-1,-2.066598177E0,1.824356675E0
2.063669463E1,-7.716818452E-1,-2.414138794E0,1.685995221E0
2.064670862E1,-9.531797767E-1,-2.090760469E0,1.444792151E0
2.065672162E1,-1.161926389E0,-1.153298974E0,1.063535333E0
2.066673462E1,-1.411519170E0,-1.162712798E-1,5.822680593E-1
2.067674762E1,-1.520597696E0,8.909483552E-1,1.129057258E-1
2.068676163E1,-1.474797249E0,1.704046130E0,-1.525046527E-1
2.069677463E1,-1.312351942E0,2.081019640E0,-2.077179700E-1
2.070678763E1,-1.003946185E0,2.066891670E0,-8.430309594E-2
2.071680062E1,-6.792727113E-1,1.672650576E0,2.491496056E-1
2.072681462E1,-3.242656291E-1,9.187352061E-1,5.993188024E-1
2.073682762E1,7.569122314E-2,4.385976121E-2,8.287984133E-1
2.074684063E1,2.449321747E-1,-6.814692020E-1,9.250405431E-1
2.075685462E1,7.862351835E-2,-1.012860775E0,8.626266122E-1
2.076686762E1,-2.883782089E-1,-6.472196579E-1,6.229532957E-1
2.077688062E1,-6.926519871E-1,3.753709793E-1,2.663311064E-1
2.078689362E1,-1.054411530E0,1.092449188E0,-1.450798661E-1
2.079690763E1,-1.239053726E0,1.096506000E0,-4.800356030E-1
2.080692063E1,-1.375554085E0,5.833398700E-1,-5.979763865E-1
2.081693363E1,-1.530793667E0,-2.568801641E-1,-4.273104966E-1
2.082694662E1,-1.619621992E0,-9.847463369E-1,-8.013231307E-2
2.083696062E1,-1.572512627E0,-1.416434526E0,4.476056397E-1
2.084697362E1,-1.458563089E0,-1.583492041E0,7.809585929E-1
2.085698662E1,-1.298161745E0,-1.296143651E0,9.193711281E-1
2.086699963E1,-1.101838827E0,-6.371033788E-1,9.034792781E-1
2.087701362E1,-9.333654046E-1,2.307652384E-1,7.445073724E-1
2.088702662E1,-6.421080232E-1,1.110981584E0,5.688311458E-1
2.089703962E1,-2.641793191E-1,1.475778699E0,4.392924607E-1
2.090705262E1,-9.121181816E-2,1.017611384E0,5.006492734E-1
2.091706663E1,-2.583375573E-1,-2.439031154E-1,7.234433293E-1
2.092707963E1,-5.527462959E-1,-1.562258959E0,9.419770241E-1
2.093709262E1,-8.423914313E-1,-2.460141420E0,1.084269881E0
2.094710662E1,-1.108760476E0,-2.757256985E0,1.116157770E0
2.095711962E1,-1.275440812E0,-2.044965982E0,9.235822558E-1
2.096713262E1,-1.469713330E0,-6.356104612E-1,5.163068771E-1
2.097714563E1,-1.594924450E0,9.488952756E-1,-1.110170502E-2
2.098715962E1,-1.521842718E0,2.167863369E0,-5.703801513E-1
2.099717262E1,-1.329532743E0,2.930988789E0,-1.144623041E0
2.100718562E1,-1.024841309E0,3.439485073E0,-1.520608902E0
2.101719862E1,-6.887562275E-1,3.805609226E0,-1.862150669E0
2.102721258E1,-4.884937108E-1,4.048258781E0,-2.253394604E0
2.103722558E1,-4.455242157E-1,4.300225735E0,-2.646148920E0
2.104723858E1,-5.629919767E-1,4.595048904E0,-3.103103876E0
2.105725158E1,-7.453927398E-1,4.727142334E0,-3.591527700E0
2.106726558E1,-8.178664446E-1,4.758424759E0,-3.957757711E0
2.107727858E1,-8.577826023E-1,4.751378536E0,-4.239089966E0
2.108729158E1,-8.910196424E-1,4.792440414E0,-4.514360428E0
2.109730558E1,-8.393866420E-1,4.933891773E0,-4.807068825E0
2.110731858E1,-7.602534890E-1,5.195244312E0,-5.079075336E0
2.111733158E1,-8.298810720E-1,5.675692558E0,-5.239767551E0
2.112734458E1,-1.082527161E0,6.264785767E0,-5.023333549E0
2.113735858E1,-1.398710728E0,6.890333176E0,-4.343161106E0
2.114737158E1,-1.610574603E0,7.290695190E0,-3.591284990E0
2.115738458E1,-1.637198448E0,7.215090752E0,-3.154215813E0
2.116739758E1,-1.424834013E0,6.772652149E0,-3.042189121E0
2.117741158E1,-9.973857403E-1,6.042130947E0,-3.172929287E0
2.118742458E1,-4.973279834E-1,5.243253708E0,-3.368349791E0
2.119743758E1,-1.383124888E-1,4.780354500E0,-3.446272612E0
2.120745058E1,-4.491969943E-2,4.637775421E0,-3.446949005E0
2.121746458E1,-2.957176864E-1,4.466347218E0,-3.314234495E0
2.122747758E1,-7.031273246E-1,4.354643822E0,-3.034469366E0
2.123749058E1,-1.058817625E0,4.380874157E0,-2.710762024E0
2.124750358E1,-1.313326597E0,4.434955120E0,-2.398963690E0
2.125751758E1,-1.418972731E0,4.483926773E0,-2.058061123E0
2.126753058E1,-1.337695360E0,4.403842449E0,-1.665850639E0
2.127754358E1,-1.086006761E0,4.216894627E0,-1.311386943E0
2.128755658E1,-6.921929121E-1,3.952056885E0,-1.155400515E0
2.129757058E1,-3.221853673E-1,3.619468212E0,-1.309665442E0
2.130758358E1,-1.615418792E-1,3.284438133E0,-1.689612746E0
2.131759658E1,-3.436964452E-1,3.056674719E0,-1.993221283E0
2.132761058E1,-7.527372241E-1,3.074433804E0,-2.033249140E0
2.133762358E1,-1.266362429E0,3.448919773E0,-1.822315216E0
2.134763658E1,-1.671250582E0,3.757532835E0,-1.413456917E0
2.135764958E1,-1.722291470E0,3.483660936E0,-8.320506215E-1
2.136766358E1,-1.439595580E0,3.234357595E0,-3.926317096E-1
2.137767658E1,-7.788418531E-1,2.906411648E0,-2.169399709E-1
2.138768958E1,-4.746642709E-2,2.703750372E0,-2.416884601E-1
2.139770258E1,4.597119093E-1,2.548522234E0,-3.916682899E-1
2.140771658E1,5.162279010E-1,2.441981792E0,-5.372529030E-1
2.141772958E1,2.555607259E-1,2.327929020E0,-5.855836272E-1
2.142774258E1,-2.609144710E-2,2.007030487E0,-4.349773526E-1
2.143775558E1,-1.632197350E-1,1.596723437E0,-1.419582218E-1
2.144776958E1,-1.368243396E-1,1.510841250E0,1.284743398E-1
2.145778258E1,-9.351009876E-2,1.748066425E0,2.788415253E-1
2.146779558E1,-1.817544699E-1,2.145275831E0,3.326940835E-1
2.147780858E1,-4.247868657E-1,2.555948973E0,3.070492446E-1
2.148782258E1,-6.875702739E-1,2.817369223E0,2.236925662E-1
2.149783558E1,-8.294596672E-1,2.644844532E0,2.151858658E-1
2.150784858E1,-8.244718313E-1,2.219600439E0,3.021511436E-1
2.151786158E1,-5.554504991E-1,2.079061747E0,1.951695383E-1
2.152787558E1,-1.010361612E-1,2.030997515E0,7.323670387E-2
2.153788858E1,2.809913158E-1,1.690178394E0,1.088516787E-1
2.154790158E1,3.990330100E-1,1.394255638E0,1.317745745E-1
2.155791558E1,2.668621540E-1,1.402464747E0,1.290690452E-1
2.156792858E1,-1.207306981E-2,1.578248501E0,1.343194693E-1
2.157794158E1,-3.626350462E-1,1.698561311E0,1.882565618E-1
2.158795458E1,-6.640441418E-1,1.592481136E0,3.508385420E-1
2.159796858E1,-7.798451781E-1,1.239618421E0,6.317413449E-1
2.160798158E1,-6.289457083E-1,9.884723425E-1,8.450733423E-1
2.161799458E1,-2.734173536E-1,9.961014390E-1,9.300639629E-1
2.162800758E1,5.105580017E-2,1.081436038E0,9.201016426E-1
2.163802158E1,1.173606589E-1,1.246614695E0,8.367021680E-1
2.164803458E1,-6.999698281E-2,1.393172741E0,7.305248976E-1
2.165804758E1,-3.745871782E-1,1.345270991E0,6.175438166E-1
2.166806058E1,-6.461294889E-1,1.127853990E0,4.845665991E-1
2.167807458E1,-7.613223791E-1,8.334723115E-1,4.501145780E-1
2.168808758E1,-6.946142316E-1,5.116298199E-1,5.710135698E-1
2.169810058E1,-4.674649537E-1,3.010980487E-1,7.766357660E-1
2.170811358E1,-2.032074779E-1,1.698641330E-1,9.314506650E-1
2.171812758E1,2.914485335E-2,5.963205546E-2,9.840152860E-1
2.172814058E1,2.082754672E-1,1.718933582E-1,9.839159846E-1
2.173815358E1,2.867736816E-1,2.487158626E-1,9.532791376E-1
2.174816658E1,2.808678746E-1,3.341979980E-1,9.357963204E-1
2.175818058E1,1.994807571E-1,4.163255692E-1,9.706820846E-1
2.176819358E1,6.285287440E-2,1.583670080E-1,9.531148076E-1
2.177820658E1,-1.737173088E-2,-1.158147082E-1,8.556395769E-1
2.178821958E1,3.600254282E-2,-2.247603685E-1,7.563928962E-1
2.179823358E1,1.626879126E-1,-2.459062934E-1,6.862533689E-1
2.180824658E1,2.868247926E-1,-3.190001845E-1,6.438118815E-1
2.181825958E1,4.224265516E-1,-3.738210201E-1,6.146915555E-1
2.182827358E1,5.374583602E-1,-3.281866908E-1,5.981405377E-1
2.183828658E1,5.488463640E-1,-2.810844779E-1,6.688736081E-1
2.184829958E1,4.061645567E-1,-3.390207589E-1,8.239353299E-1
2.185831258E1,1.951699108E-1,-5.469186902E-1,9.588165283E-1
2.186832658E1,9.044082463E-2,-6.466686726E-1,9.168024659E-1
2.187833958E1,1.587763578E-1,-4.151165783E-1,7.113994956E-1
2.188835258E1,2.257274240E-1,-1.690269113E-1,5.104922056E-1
2.189836558E1,3.198277354E-1,1.472211443E-2,3.356023133E-1
2.190837958E1,3.690485358E-1,9.488539398E-2,2.480714023E-1
2.191839258E1,3.812382519E-1,4.653506353E-2,2.396348715E-1
2.192840558E1,4.129903018E-1,-1.143638119E-1,2.499373108E-1
2.193841858E1,4.995957613E-1,-3.315481246E-1,2.692767084E-1
2.194843258E1,6.055155396E-1,-5.406488180E-1,3.015353084E-1
2.195844558E1,6.027500033E-1,-7.008121014E-1,3.208180964E-1
2.196845858E1,4.246151745E-1,-5.015626550E-1,2.916985750E-1
2.197847158E1,1.182788089E-1,6.082808599E-2,2.787309885E-1
2.198848558E1,-2.454240322E-1,5.966052413E-1,2.905498445E-1
2.199849858E1,-5.147256851E-1,9.623756409E-1,3.353472352E-1
2.200851158E1,-5.937310457E-1,1.087368369E0,3.774728477E-1
2.201852458E1,-4.921225309E-1,9.949946404E-1,3.842765093E-1
2.202853808E1,-2.583856881E-1,7.265650034E-1,3.728030622E-1
2.203855108E1,2.328457497E-2,3.466004729E-1,3.336545825E-1
2.204856408E1,2.042591572E-1,-1.058444753E-1,3.076978028E-1
2.205857808E1,3.104611933E-1,-3.983892798E-1,2.779796422E-1
2.206859108E1,3.966834247E-1,-4.735170603E-1,2.607532740E-1
2.207860408E1,4.579919577E-1,-4.503671229E-1,2.670890093E-1
2.208861708E1,4.654376209E-1,-3.484663069E-1,2.603578866E-1
2.209863108E1,3.882700205E-1,-1.607479006E-1,2.536844015E-1
2.210864408E1,2.250286341E-1,1.064872667E-1,2.791655362E-1
2.211865708E1,2.221929608E-3,3.551644683E-1,2.967312336E-1
2.212867008E1,-1.911794990E-1,5.580486655E-1,3.046743870E-1
2.213868408E1,-2.690629363E-1,6.487463117E-1,3.165490031E-1
2.214869708E1,-2.437967360E-1,5.969573855E-1,3.098218739E-1
2.215871008E1,-1.767874211E-1,4.621572196E-1,2.844259441E-1
2.216872308E1,-6.851208210E-2,2.750203311E-1,2.640370429E-1
2.217873708E1,7.348790765E-2,7.799459994E-2,2.522420585E-1
2.218875008E1,1.929663569E-1,-6.685659289E-2,2.411691695E-1
2.219876308E1,2.667947412E-1,-1.085860506E-1,2.322438359E-1
2.220877608E1,2.856800258E-1,-1.157803163E-1,2.195509374E-1
2.221879008E1,2.751019001E-1,-8.825372159E-2,2.014829814E-1
2.222880308E1,2.331480682E-1,-1.177413203E-2,1.906100959E-1
2.223881608E1,1.439351887E-1,7.813654095E-2,1.831195354E-1
2.224882908E1,2.868449502E-2,1.913685650E-1,1.866887063E-1
2.225884308E1,-4.047488049E-2,2.283422500E-1,1.826026738E-1
2.226885608E1,-5.930209905E-2,1.804066747E-1,1.514705867E-1
2.227886908E1,-4.379225522E-2,1.634666920E-1,1.353494823E-1
2.228888208E1,-9.515507147E-3,5.280702189E-2,1.347777098E-1
2.229889608E1,4.468723666E-3,4.706943780E-2,7.591298223E-2
2.230890908E1,-3.112548962E-2,8.261705190E-2,5.233415216E-2
2.231892208E1,-1.120974347E-1,1.595860124E-1,8.726508170E-2
2.232893608E1,-1.788386554E-1,1.950129867E-1,1.235338673E-1
2.233894908E1,-1.828487366E-1,1.703923196E-1,1.350466013E-1
2.234896208E1,-1.108413935E-1,1.136571392E-1,1.290579438E-1
2.235897508E1,6.883453112E-3,4.287239909E-2,1.325984746E-1
2.236898908E1,1.006381735E-1,-2.098673768E-2,1.508288682E-1
2.237900208E1,1.689551175E-1,-1.237603948E-1,1.644396186E-1
2.238901508E1,-9.508185089E-2,-7.745909970E-3,1.467277259E-1
2.239902808E1,-2.277022451E-1,6.485200673E-2,1.323674321E-1
2.240904208E1,-2.255224437E-1,2.754116654E-1,9.884488583E-2
2.241905508E1,-2.227823734E-1,2.841437161E-1,8.644622564E-2
2.242906808E1,-1.465914547E-1,1.788966805E-1,5.873177573E-2
2.243908108E1,-4.367151111E-2,5.125310645E-2,4.536588863E-2
2.244909508E1,5.363266915E-2,-8.724910766E-2,6.381253898E-2
2.245910808E1,1.277045012E-1,-1.679404527E-1,7.919117063E-2
2.246912108E1,1.402876675E-1,-1.822719872E-1,9.503698349E-2
2.247913408E1,6.700655073E-2,-1.158322543E-1,1.283380389E-1
2.248914808E1,-3.898593411E-2,4.567914456E-2,1.411483735E-1