"Time (s)","X (m/s^2)","Y (m/s^2)","Z (m/s^2)"
8.713916668E-3,1.368304596E0,5.828280029E0,7.364086304E0
1.872791667E-2,1.393452301E0,6.029012604E0,7.096592560E0
2.874191667E-2,1.467099152E0,6.249653778E0,6.836732941E0
3.875591667E-2,1.472338257E0,6.363117828E0,6.564449158E0
4.876891667E-2,1.404978333E0,6.424939270E0,6.442901917E0
5.878295833E-2,1.397194519E0,6.404880981E0,6.595883789E0
6.879695833E-2,1.497935028E0,6.398294678E0,6.875502319E0
7.881095833E-2,1.630559235E0,6.405479736E0,7.020850067E0
8.882495833E-2,1.827100525E0,6.430627441E0,7.009922791E0
9.883795833E-2,1.919907532E0,6.534361725E0,7.043303375E0
1.088519583E-1,1.794767761E0,6.546785889E0,7.105723572E0
1.188659583E-1,1.575174408E0,6.482569427E0,7.103777618E0
1.288799583E-1,1.440903625E0,6.470444641E0,7.024741974E0
1.388929583E-1,1.379082184E0,6.421047363E0,6.929689636E0
1.489069583E-1,1.355131989E0,6.394552460E0,6.918163605E0
1.589209583E-1,1.376387787E0,6.350693665E0,6.824608154E0
1.689349583E-1,1.343007202E0,6.274053040E0,6.674620056E0
1.789479583E-1,1.292412415E0,6.159690857E0,6.553671570E0
1.889619583E-1,1.402733002E0,6.092181244E0,6.478527832E0
1.989759583E-1,1.595382385E0,6.168821869E0,6.579717407E0
2.089899583E-1,1.569186859E0,6.176455994E0,6.946454773E0
2.190039583E-1,1.405277710E0,6.045029297E0,7.165449371E0
2.290169583E-1,1.259031830E0,5.968388672E0,7.029981079E0
2.390309583E-1,1.194066925E0,5.953120422E0,7.115153961E0
2.490449583E-1,1.172511749E0,5.881868591E0,7.014413452E0
2.590589583E-1,1.108744354E0,5.901627502E0,6.712191925E0
2.690719583E-1,9.824070740E-1,5.839656372E0,6.333030396E0
2.790859583E-1,7.442523193E-1,5.692811737E0,6.075116730E0
2.890999583E-1,5.078938293E-1,5.532644806E0,5.699847107E0
2.991139583E-1,3.243754578E-1,5.350473633E0,5.053042145E0
3.091279583E-1,4.445755005E-2,5.201233978E0,4.079017639E0
3.191409583E-1,-3.116519165E-1,4.830155640E0,2.829565887E0
3.291549583E-1,-9.807604980E-1,4.354145508E0,1.564995575E0
3.391689583E-1,-1.934726715E0,3.709585876E0,7.583230591E-1
3.491829583E-1,-2.725831604E0,2.859353943E0,1.685494995E-1
3.591959583E-1,-2.983595581E0,2.192939758E0,-1.434017944E-1
3.692099583E-1,-2.861000519E0,1.600920868E0,3.742218018E-1
3.792239583E-1,-2.311942291E0,8.931925964E-1,1.284778290E0
3.892379583E-1,-1.646575928E0,2.877017212E-1,2.301464081E0
3.992519583E-1,-1.003662872E0,-3.053649902E-1,3.419040070E0
4.092649583E-1,1.362167358E-2,-8.583151245E-1,4.650080109E0
4.192789583E-1,2.126627655E0,-1.149160309E0,5.445975037E0
4.292929583E-1,4.958289185E0,-9.421408081E-1,5.182223511E0
4.393069583E-1,7.607480164E0,-2.734812927E-1,4.143982544E0
4.493199583E-1,1.009845016E1,3.083587646E-1,3.702101440E0
4.593339583E-1,1.229692841E1,7.155120850E-1,4.196523285E0
4.693479583E-1,1.424976746E1,8.295748901E-1,5.207969971E0
4.793619583E-1,1.617506378E1,6.456074524E-1,6.096522217E0
4.893759583E-1,1.841066483E1,6.536906433E-1,6.981931000E0
4.993889583E-1,2.086780518E1,7.611671448E-1,7.962841187E0
5.094029583E-1,2.370710083E1,6.715036011E-1,8.693621521E0
5.194169583E-1,2.753883270E1,2.117346954E0,8.616082764E0
5.294309583E-1,3.002740768E1,3.696413269E0,7.590565338E0
5.394449583E-1,3.057092743E1,4.052971802E0,6.961573334E0
5.494579583E-1,2.967623795E1,3.617677002E0,6.733747101E0
5.594719583E-1,2.803624832E1,2.742297363E0,6.673871613E0
5.694859583E-1,2.664354446E1,1.367256775E0,7.051685944E0
5.794999583E-1,2.597533401E1,4.011657715E-1,7.566315765E0
5.895129583E-1,2.627456177E1,2.234852600E-1,7.502997437E0
5.995269583E-1,2.717493942E1,5.381309509E-1,6.997348938E0
6.095409583E-1,2.794838104E1,1.182989960E0,5.938600616E0
6.195549583E-1,2.888453430E1,2.528841248E0,4.250111847E0
6.295689583E-1,2.929138824E1,3.502266998E0,2.506387939E0
6.395819583E-1,2.798505478E1,2.861898651E0,1.304387512E0
6.495959583E-1,2.582055588E1,1.496737518E0,1.021924896E0
6.596099583E-1,2.381367920E1,5.538482666E-3,1.651815033E0
6.696239583E-1,2.242322067E1,-1.104553070E0,3.607498169E0
6.796379583E-1,2.163016983E1,-1.473685455E0,5.384153595E0
6.896509583E-1,2.066362976E1,-1.960473175E0,6.183191986E0
6.996649583E-1,1.922107956E1,-2.381397858E0,6.172115021E0
7.096789583E-1,1.753124359E1,-2.883453827E0,5.537584534E0
7.196929583E-1,1.569171890E1,-3.533102875E0,4.748275909E0
7.297069583E-1,1.379067215E1,-4.076173553E0,4.016747131E0
7.397199583E-1,1.219828354E1,-4.701123962E0,3.586092682E0
7.497339583E-1,1.080378342E1,-5.230722656E0,3.340303802E0
7.597479583E-1,9.316176910E0,-5.719905396E0,3.259022827E0
7.697619583E-1,7.950117645E0,-6.014941864E0,3.423081665E0
7.797759583E-1,6.778054962E0,-6.224506073E0,3.460653534E0
7.897889583E-1,5.560337219E0,-6.441255341E0,3.298989716E0
7.998029583E-1,4.303251343E0,-6.487060089E0,3.165467377E0
8.098169583E-1,3.090024261E0,-6.554569702E0,2.948867798E0
8.198309583E-1,2.054028625E0,-6.977739716E0,2.552791443E0
8.298439583E-1,1.209634552E0,-7.046446838E0,2.435136108E0
8.398579583E-1,5.242098999E-1,-6.814728699E0,3.209625549E0
8.498719583E-1,-3.516188049E-1,-6.717580719E0,4.084705811E0
8.598859583E-1,-1.361867981E0,-6.494993591E0,4.397555237E0
8.698999583E-1,-2.270927582E0,-6.071973267E0,4.474794617E0
8.799129583E-1,-3.329226837E0,-5.625451813E0,4.724325714E0
8.899269583E-1,-4.602628784E0,-5.070256348E0,5.238656158E0
8.999409583E-1,-6.021528168E0,-4.883744202E0,5.263354797E0
9.099549583E-1,-7.243287506E0,-4.888085175E0,4.265380096E0
9.199689583E-1,-7.915240173E0,-4.301455078E0,3.699706421E0
9.299819583E-1,-8.039032745E0,-3.382965088E0,3.818110199E0
9.399959583E-1,-7.911048889E0,-2.514620819E0,4.126319275E0
9.500099583E-1,-7.949518890E0,-1.802102509E0,3.785178680E0
9.600239583E-1,-8.060587921E0,-1.310824127E0,3.076252899E0
9.700379583E-1,-7.728877716E0,-6.824308777E-1,2.302661591E0
9.800509583E-1,-7.063511353E0,1.279838562E-1,1.480571136E0
9.900649583E-1,-6.681954803E0,9.108558655E-1,8.623567200E-1
1.000078958E0,-6.042634277E0,1.416204987E0,3.372486877E-1
1.010092958E0,-4.777764587E0,2.012714539E0,-1.444496155E-1
1.020106958E0,-3.087928619E0,2.672542419E0,-1.826202393E-2
1.030120958E0,-1.867366791E0,3.293451233E0,1.113684082E0
1.040133958E0,-1.304387512E0,3.614084473E0,1.917961578E0
1.050147958E0,-7.631130981E-1,3.580703888E0,1.664089508E0
1.060162167E0,-3.227288818E-1,3.187172241E0,7.860154724E-1
1.070176167E0,2.089654541E-1,2.898572388E0,3.821553040E-1
1.080190167E0,1.235830078E0,2.313439178E0,5.987548828E-3
1.090203167E0,3.022664337E0,1.257834320E0,-1.017134857E0
1.100217167E0,6.368506622E0,1.094374237E0,-2.215243378E0
1.110231167E0,1.099298996E1,2.028880920E0,-3.687881012E0
1.120245167E0,1.580144073E1,3.952830048E0,-5.264252930E0
1.130259167E0,1.959440323E1,5.805976410E0,-6.223458252E0
1.140272167E0,2.131492538E1,6.781797180E0,-6.563551025E0
1.150286167E0,2.123708725E1,6.704857178E0,-6.558910675E0
1.160300167E0,2.031305878E1,5.940097504E0,-6.127208405E0
1.170314167E0,1.973376343E1,4.633614349E0,-5.792803802E0
1.180328167E0,1.991383896E1,3.475772095E0,-5.590724030E0
1.190341167E0,2.107153152E1,2.973416748E0,-5.925877075E0
1.200355167E0,2.316552704E1,3.152145081E0,-7.153623962E0
1.210369167E0,2.530667450E1,4.087400208E0,-8.799601135E0
1.220383167E0,2.677317490E1,4.431085510E0,-1.075573334E1
1.230397167E0,2.628414185E1,4.422253876E0,-1.202314774E1
1.240410167E0,2.426394287E1,4.316573639E0,-1.201760925E1
1.250424167E0,2.188164688E1,3.453468475E0,-1.117441269E1
1.260438167E0,1.911644714E1,2.354004822E0,-9.904752960E0
1.270452167E0,1.665346893E1,1.490600281E0,-8.662336578E0
1.280466167E0,1.460961914E1,6.945556641E-1,-7.682474213E0
1.290480167E0,1.255843460E1,3.622467041E-2,-6.737339630E0
1.300493167E0,1.078267731E1,-4.954696655E-1,-5.879922638E0
1.310507167E0,9.191785583E0,-9.120533752E-1,-5.394781494E0
1.320521167E0,7.765551453E0,-1.016536102E0,-5.256469116E0
1.330535167E0,6.915768585E0,-8.842112732E-1,-5.046455841E0
1.340549167E0,6.546935577E0,-8.698411560E-1,-4.501439209E0
1.350562167E0,6.293961639E0,-4.775070190E-1,-3.977229309E0
1.360576167E0,6.161936188E0,-3.442840576E-2,-3.657643890E0
1.370590167E0,5.972729645E0,2.173480225E-1,-3.339854736E0
1.380604167E0,5.811814270E0,5.427713013E-1,-3.311264191E0
1.390618167E0,5.413043518E0,6.794371033E-1,-3.510799255E0
1.400632167E0,4.863087158E0,7.509883118E-1,-3.631897430E0
1.410645167E0,4.711452484E0,8.119116211E-1,-3.586392059E0
1.420659167E0,4.778962097E0,1.019380188E0,-3.081941071E0
1.430673167E0,5.103487244E0,1.612446899E0,-1.890568542E0
1.440687167E0,5.443430328E0,2.182162170E0,-6.239025879E-1
1.450701167E0,5.464087372E0,2.474354553E0,3.076103210E-1
1.460714167E0,5.314099274E0,2.773731995E0,1.002016296E0
1.470728167E0,4.986580353E0,2.763852539E0,1.647324371E0
1.480742167E0,4.695585480E0,2.560425568E0,2.049088898E0
1.490756167E0,4.583318939E0,2.498604126E0,2.364782410E0
1.500770167E0,4.586163025E0,2.657872925E0,2.718945923E0
1.510784167E0,4.773273926E0,2.822081451E0,3.249143372E0
1.520797167E0,5.504353638E0,3.264112244E0,4.896467743E0
1.530811167E0,6.621480560E0,3.984264679E0,6.765032043E0
1.540825167E0,7.996670837E0,4.395309906E0,8.281678162E0
1.550839167E0,8.990903320E0,4.571044464E0,1.007330246E1
1.560853167E0,9.248667297E0,4.194727020E0,1.143846359E1
1.570867167E0,9.026529236E0,3.535048828E0,1.190818680E1
1.580880167E0,8.709937592E0,2.874322815E0,1.159608582E1
1.590894167E0,8.825048218E0,2.491568756E0,1.099912720E1
1.600908167E0,9.678423615E0,2.925815735E0,1.005354355E1
1.610922167E0,1.156629776E1,3.871698761E0,8.799152069E0
1.620936167E0,1.394634842E1,5.148543549E0,8.067174225E0
1.630949167E0,1.545985107E1,6.042484589E0,7.599097595E0
1.640963167E0,1.557391388E1,5.881269836E0,7.331304474E0
1.650977167E0,1.469209763E1,5.002447357E0,7.250173187E0
1.660991167E0,1.346030914E1,3.888164520E0,7.149732056E0
1.671005167E0,1.250035538E1,2.947520599E0,6.847211151E0
1.681019167E0,1.186387894E1,2.529739380E0,6.499334564E0
1.691032167E0,1.175954590E1,2.401306458E0,6.328240356E0
1.701046167E0,1.215053284E1,2.372416534E0,5.994883575E0
1.711060167E0,1.290690994E1,2.577639771E0,5.371130676E0
1.721074167E0,1.357721603E1,2.788850555E0,4.288881226E0
1.731088167E0,1.401520523E1,2.766097870E0,3.096311188E0
1.741102167E0,1.396685577E1,2.640958099E0,1.895059204E0
1.751115167E0,1.330493225E1,2.528092804E0,5.068460083E-1
1.761129167E0,1.265243912E1,1.961970062E0,-5.602848816E-1
1.771143167E0,1.218900284E1,1.369801483E0,-1.501377869E0
1.781157167E0,1.198183365E1,7.381150818E-1,-1.982926483E0
1.791171167E0,1.238225098E1,8.051756287E-1,-2.320175171E0
1.801185167E0,1.305570053E1,1.390757904E0,-3.366499329E0
1.811198167E0,1.323427917E1,1.602268066E0,-4.518653412E0
1.821212167E0,1.252385651E1,1.525926819E0,-5.659880219E0
1.831226167E0,1.129416367E1,1.397344208E0,-6.985822906E0
1.841240167E0,1.009006760E1,1.321002960E0,-7.744295654E0
1.851254167E0,9.116492157E0,1.112336884E0,-7.849826202E0
1.861268167E0,8.298443298E0,9.698332214E-1,-8.082143097E0
1.871281167E0,7.660170593E0,9.683363342E-1,-8.518635406E0
1.881295167E0,7.300019531E0,1.075064392E0,-8.779243469E0
1.891309167E0,7.024891663E0,1.199306030E0,-8.751551056E0
1.901323167E0,6.731801147E0,1.211430817E0,-8.663683777E0
1.911337167E0,6.468648376E0,1.166224823E0,-8.335117035E0
1.921351167E0,6.011798401E0,1.238973541E0,-7.878267059E0
1.931364167E0,5.291795654E0,1.399290161E0,-7.659122772E0
1.941378167E0,4.539460144E0,1.480571136E0,-7.744595032E0
1.951392167E0,3.839964752E0,1.578766937E0,-7.730374603E0
1.961406167E0,3.082090759E0,1.543440399E0,-7.533833313E0
1.971420167E0,2.250569916E0,1.341360626E0,-6.978488159E0
1.981434167E0,1.430126038E0,1.201850739E0,-6.031407623E0
1.991447167E0,6.677613831E-1,8.509803772E-1,-4.407584381E0
2.001461167E0,1.981878662E-1,1.357676697E-1,-2.645448761E0
2.011475167E0,1.422042847E-2,-2.457888794E-1,-1.632804565E0
2.021489167E0,7.843688965E-2,-4.195774841E-1,-9.045689392E-1
2.031503167E0,5.701643372E-1,-4.887336731E-1,-2.993774414E-1
2.041517167E0,1.381028137E0,-4.299060059E-1,9.595046997E-2
2.051531167E0,2.012864227E0,-4.602928162E-1,-4.191284180E-3
2.061544292E0,2.806064758E0,-1.842668152E-1,-7.619155884E-2
2.071558292E0,3.571572876E0,1.571731567E-1,-1.395098877E-1
2.081572292E0,4.175566864E0,2.986289978E-1,-6.087840271E-1
2.091586292E0,4.898264008E0,3.787124634E-1,-1.071920929E0
2.101600292E0,5.628146210E0,1.790277100E-1,-1.168470154E0
2.111614292E0,6.213429108E0,2.739303589E-2,-9.162446594E-1
2.121627292E0,6.377338257E0,-3.008743286E-1,-6.803352356E-1
2.131641292E0,5.986800385E0,-8.675958252E-1,-3.806584167E-1
2.141655292E0,5.964646454E0,-1.436712341E0,1.127156067E-1
2.151669292E0,6.741381226E0,-1.659748535E0,5.433700562E-1
2.161683292E0,7.988737335E0,-1.441951447E0,1.219214630E0
2.171697292E0,9.345665588E0,-1.231638794E0,1.454076233E0
2.181710292E0,1.062430664E1,-9.196875000E-1,1.390757904E0
2.191724292E0,1.165281784E1,-5.159770203E-1,5.421725464E-1
2.201738292E0,1.224768082E1,-9.199868774E-1,-4.791535950E-1
2.211752292E0,1.270587799E1,-1.504671021E0,-5.590873718E-1
2.221766292E0,1.339923615E1,-1.690883789E0,-9.669891357E-2
2.231780292E0,1.435948929E1,-1.611848145E0,3.894900513E-1
2.241794292E0,1.511541733E1,-1.496138763E0,7.607180786E-1
2.251807292E0,1.552466629E1,-1.365610199E0,9.300160217E-1
2.261821292E0,1.588436829E1,-1.207239532E0,7.728428650E-1
2.271835292E0,1.682830536E1,-1.189576263E0,1.001267853E0
2.281849292E0,1.843760880E1,-1.091081085E0,1.165775757E0
2.291863292E0,1.994751892E1,-8.918453979E-1,9.883946228E-1
2.301877292E0,2.099758530E1,-5.915698242E-1,5.807922363E-1
2.311891292E0,2.182476517E1,-3.803590393E-1,2.245330811E-1
2.321904292E0,2.244806900E1,-3.243754578E-1,-2.481838989E-1
2.331918292E0,2.290521835E1,-4.090992737E-1,-4.787045288E-1
2.341932292E0,2.318977661E1,-3.049159241E-1,-2.402503967E-1
2.351946292E0,2.341311218E1,-1.664538574E-1,4.281097412E-2
2.361960292E0,2.350112915E1,-2.881507874E-1,5.337899780E-1
2.371974292E0,2.302227493E1,-4.052073669E-1,7.756869507E-1
2.381987292E0,2.220093292E1,-4.825964355E-1,3.775149536E-1
2.392001292E0,2.121972336E1,-7.475454712E-1,-2.389031982E-1
2.402015292E0,2.009002258E1,-1.056502991E0,-7.607180786E-1
2.412029292E0,1.896600998E1,-1.099463654E0,-1.331481171E0
2.422043292E0,1.791160263E1,-1.253942413E0,-2.006577301E0
2.432057292E0,1.701691315E1,-1.614692230E0,-2.558180237E0
2.442071292E0,1.645857422E1,-1.432371368E0,-3.170107727E0
2.452084292E0,1.624257339E1,-1.145717468E0,-3.657943268E0
2.462098292E0,1.607117981E1,-1.278341675E0,-3.811823273E0
2.472112292E0,1.576566513E1,-1.354383545E0,-3.945046234E0
2.482126292E0,1.534968018E1,-1.257085876E0,-4.289330292E0
2.492140292E0,1.491363693E1,-1.241817627E0,-4.714595947E0
2.502154292E0,1.454764801E1,-1.317410431E0,-5.177882538E0
2.512168292E0,1.405277710E1,-1.439107361E0,-5.664969635E0
2.522181292E0,1.333951035E1,-1.645977173E0,-5.656287689E0
2.532195292E0,1.257564880E1,-1.729353790E0,-5.262306976E0
2.542209292E0,1.194710587E1,-1.625619507E0,-4.814887390E0
2.552223292E0,1.139789795E1,-1.682201843E0,-4.020788727E0
2.562237292E0,1.061846878E1,-1.783990173E0,-3.373983765E0
2.572251292E0,9.635612640E0,-1.886676636E0,-3.083737335E0
2.582265292E0,8.552764435E0,-2.084415436E0,-2.740501099E0
2.592278292E0,7.454498291E0,-2.205812988E0,-2.712209930E0
2.602292292E0,6.443800049E0,-2.133663025E0,-2.533331909E0
2.612306292E0,5.549859009E0,-2.103276215E0,-2.185155945E0
2.622320292E0,4.900359650E0,-1.931583252E0,-2.045196991E0
2.632334292E0,4.381089478E0,-1.694176941E0,-1.692979431E0
2.642348292E0,3.833378448E0,-1.564396820E0,-9.949809265E-1
2.652362292E0,3.195255432E0,-1.535806274E0,-4.213737488E-1
2.662375292E0,2.485581207E0,-1.597627716E0,-1.796264648E-2
2.672389292E0,1.613345032E0,-1.643881531E0,2.749781799E-1
2.682403292E0,8.535250854E-1,-1.639091492E0,2.903961182E-1
2.692417292E0,2.231858826E-1,-1.558109894E0,3.835025024E-1
2.702431292E0,-3.538641357E-1,-1.234183502E0,5.333409119E-1
2.712445292E0,-6.727011108E-1,-8.690927124E-1,9.352551270E-1
2.722459292E0,-6.740483093E-1,-5.845344543E-1,1.419049072E0
2.732472292E0,-6.539900208E-1,-3.391946411E-1,1.829345856E0
2.742486292E0,-5.240602112E-1,-1.514849854E-1,2.681972809E0
2.752500292E0,-3.302133179E-1,-1.085243225E-1,3.398083649E0
2.762514292E0,-7.334747314E-3,-2.495310974E-1,3.865411835E0
2.772528292E0,4.971162415E-1,-4.079017639E-1,4.471501465E0
2.782542292E0,1.384770355E0,-9.879455566E-2,4.489464111E0
2.792556292E0,2.452500000E0,4.167333984E-1,4.084705811E0
2.802570292E0,3.036435699E0,6.385720825E-1,4.015848999E0
2.812583292E0,3.197351074E0,7.625143433E-1,4.005071411E0
2.822597292E0,2.935994568E0,6.556365967E-1,3.496279449E0
2.832611292E0,3.013084259E0,5.665718079E-1,2.923720093E0
2.842625292E0,3.725452881E0,6.170169067E-1,2.353406067E0
2.852639292E0,4.809498596E0,8.584648132E-1,2.024090881E0
2.862653292E0,5.931864624E0,1.072819061E0,2.213147736E0
2.872667292E0,7.001989288E0,1.121467896E0,2.659669189E0
2.882680292E0,7.965535583E0,1.097966766E0,2.771786041E0
2.892694292E0,8.715476074E0,1.194665680E0,2.438878326E0
2.902708292E0,9.178762665E0,1.016685791E0,1.708696747E0
2.912722292E0,9.285191345E0,5.945635986E-1,1.147214355E0
2.922736292E0,9.509125671E0,4.144880676E-1,9.244775391E-1
2.932750292E0,1.017973114E1,3.284170532E-1,5.715115356E-1
2.942764292E0,1.061667252E1,2.445913696E-1,4.412823486E-1
2.952778292E0,1.106154739E1,2.380050659E-2,3.567082214E-1
2.962791292E0,1.128473328E1,-3.686833191E-1,5.972579956E-2
2.972805292E0,1.144295425E1,-4.504133606E-1,-6.174659729E-1
2.982819292E0,1.185699326E1,-6.328839111E-1,-1.357676697E0
2.992833292E0,1.229288681E1,-8.605604553E-1,-2.143243103E0
3.002847292E0,1.280572037E1,-9.358538818E-1,-2.981200562E0
3.012861292E0,1.351973557E1,-6.719526672E-1,-3.745810547E0
3.022875292E0,1.410651535E1,-3.683839417E-1,-4.767885132E0
3.032889292E0,1.420321426E1,-3.917353821E-1,-5.375771027E0
3.042902292E0,1.403271881E1,-3.885919189E-1,-5.750890961E0
3.052916292E0,1.437625443E1,-1.683998108E-1,-6.256240082E0
3.062930042E0,1.484433105E1,-3.592529297E-1,-6.333479462E0
3.072944042E0,1.470856339E1,-8.837622070E-1,-6.226152649E0
3.082958042E0,1.445768509E1,-9.231303406E-1,-6.746770020E0
3.092972042E0,1.438448730E1,-8.161029053E-1,-7.513026581E0
3.102986042E0,1.444256653E1,-7.291337585E-1,-7.891589355E0
3.112999042E0,1.460976883E1,-6.218069458E-1,-8.066575470E0
3.123013042E0,1.452010529E1,-5.824388123E-1,-8.348289642E0
3.133027042E0,1.415441574E1,-6.486012268E-1,-8.789571991E0
3.143041042E0,1.370759491E1,-7.970924377E-1,-9.175020447E0
3.153055042E0,1.365250946E1,-1.214274902E0,-9.095835114E0
3.163069042E0,1.377974487E1,-1.348395996E0,-8.969797211E0
3.173083042E0,1.390817780E1,-1.169667664E0,-9.486522675E0
3.183097042E0,1.421429123E1,-9.816586304E-1,-9.757908325E0
3.193111042E0,1.460527817E1,-7.812254333E-1,-9.630523224E0
3.203124042E0,1.496557892E1,-5.427713013E-1,-9.597292328E0
3.213138042E0,1.495719635E1,-3.363505554E-1,-9.118737488E0
3.223152042E0,1.474463837E1,-2.676434326E-1,-8.371042328E0
3.233166042E0,1.464808914E1,-4.704716492E-1,-7.645201721E0
3.243180042E0,1.435829178E1,-6.098318481E-1,-7.087760925E0
3.253194042E0,1.423375076E1,-4.188290405E-1,-6.994055786E0
3.263208042E0,1.436128555E1,-3.531156921E-1,-6.747069397E0
3.273222042E0,1.440873688E1,-2.275268555E-1,-6.580166473E0
3.283235042E0,1.445918198E1,-4.191284180E-2,-6.209986267E0
3.293249042E0,1.413869843E1,-2.665956116E-1,-5.437143402E0
3.303263042E0,1.352138214E1,-4.619393921E-1,-4.656816101E0
3.313277042E0,1.284688477E1,-5.595364380E-1,-4.030668182E0
3.323291042E0,1.214065338E1,-7.206015015E-1,-3.634591827E0
3.333305042E0,1.147693359E1,-8.827143860E-1,-3.459306335E0
3.343319042E0,1.089105194E1,-9.285191345E-1,-3.419938202E0
3.353333042E0,1.041983185E1,-8.283773804E-1,-3.278632050E0
3.363346042E0,1.016940262E1,-4.881349182E-1,-3.005001068E0
3.373360042E0,9.694140930E0,-4.269122314E-1,-2.082170105E0
3.383374042E0,9.061107330E0,-7.140151978E-1,-1.188378754E0
3.393388042E0,8.409063263E0,-9.681866455E-1,-5.643264771E-1
3.403402042E0,7.895780640E0,-9.991722107E-1,1.932481384E-1
3.413416042E0,7.668852539E0,-8.631051636E-1,5.376818848E-1
3.423430042E0,7.521558838E0,-8.264314270E-1,1.040037231E0
3.433444042E0,7.077282715E0,-8.512797546E-1,1.490600281E0
3.443458042E0,6.534361725E0,-7.075785828E-1,1.654359741E0
3.453471042E0,6.171366577E0,-5.373825073E-1,2.264640656E0
3.463485042E0,5.824537811E0,-4.975653076E-1,2.971620483E0
3.473499042E0,5.273683319E0,-5.002597046E-1,3.770060120E0
3.483513042E0,5.056335297E0,-3.854484558E-1,4.414020996E0
3.493527042E0,5.041516113E0,-3.242257690E-1,4.667743378E0
3.503541042E0,5.105882263E0,-6.182144165E-2,4.756059723E0
3.513555042E0,4.904401245E0,2.728825378E-1,4.420008545E0
3.523569042E0,4.728666687E0,5.848338318E-1,3.740272064E0
3.533582042E0,4.570296021E0,8.244854736E-1,2.875969391E0
3.543596042E0,4.382137299E0,9.714797974E-1,2.428100739E0
3.553610042E0,4.279750214E0,1.085392914E0,2.663411407E0
3.563624042E0,4.355043640E0,1.195114746E0,2.948718109E0
3.573638042E0,4.848267975E0,1.511706390E0,3.567531281E0
3.583652042E0,5.714217224E0,1.978735199E0,4.313579865E0
3.593666042E0,6.514004059E0,2.327509918E0,4.591252441E0
3.603680042E0,6.945706329E0,2.316732330E0,4.662204895E0
3.613694042E0,7.038213959E0,2.171534271E0,4.567451935E0
3.623707042E0,7.332951050E0,1.939217377E0,4.639751587E0
3.633721042E0,8.097860413E0,1.758842468E0,4.644990692E0
3.643735042E0,8.796158295E0,1.852996674E0,4.063749390E0
3.653749042E0,9.394763489E0,1.959874420E0,3.226989441E0
3.663763042E0,9.857002258E0,1.947150879E0,2.747087402E0
3.673777042E0,1.029020142E1,2.063159637E0,2.485880585E0
3.683791042E0,1.108789261E1,2.116748199E0,2.478246460E0
3.693805042E0,1.140747803E1,2.123035126E0,2.559078369E0
3.703819042E0,1.177676010E1,2.304457855E0,1.605561218E0
3.713832042E0,1.180774567E1,2.127226410E0,5.995033264E-1
3.723846042E0,1.147872986E1,1.896855469E0,-3.951782227E-2
3.733860042E0,1.138397690E1,1.609752502E0,-6.536906433E-1
3.743874042E0,1.121827148E1,1.216370544E0,-8.280780029E-1
3.753888042E0,1.127829666E1,7.119195557E-1,-4.647834778E-1
3.763902042E0,1.157557846E1,3.758683777E-1,4.176315308E-2
3.773916042E0,1.181253571E1,5.037025452E-1,-3.296145630E-1
3.783930042E0,1.214439560E1,6.321354675E-1,-1.748513947E0
3.793944042E0,1.223645416E1,7.222480774E-1,-3.109633484E0
3.803958042E0,1.183693497E1,6.421646118E-1,-4.160897369E0
3.813971042E0,1.109657455E1,4.769082642E-1,-4.884941711E0
3.823985042E0,1.046488815E1,3.311114502E-1,-5.682483215E0
3.833999042E0,1.030142807E1,-1.543290710E-1,-6.320456543E0
3.844013042E0,1.035905823E1,-3.462300110E-1,-6.542295227E0
3.854027042E0,1.050395691E1,1.706451416E-2,-7.251819763E0
3.864041042E0,1.057116714E1,1.145118713E-1,-7.943082275E0
3.874055042E0,1.030726593E1,-6.316864014E-2,-8.500074005E0
3.884069042E0,9.774972839E0,-2.685415649E-1,-8.968000946E0
3.894083042E0,9.366771698E0,-4.743635559E-1,-9.368118896E0
3.904096042E0,9.112151184E0,-6.197113037E-1,-9.709558868E0
3.914110042E0,9.067094879E0,-4.161346436E-1,-1.023466690E1
3.924124042E0,9.370962982E0,-2.073188782E-1,-1.121003860E1
3.934138042E0,9.451944580E0,-4.688250732E-1,-1.186313049E1
3.944152042E0,9.419911194E0,-2.775228882E-1,-1.221564743E1
3.954166042E0,9.682165833E0,-2.642005920E-1,-1.221504868E1
3.964180042E0,9.575886841E0,-5.673202515E-1,-1.181388290E1
3.974194042E0,9.532327423E0,-3.570075989E-1,-1.121887024E1
3.984208042E0,9.323511658E0,-4.385879517E-1,-1.058748322E1
3.994222042E0,8.725355530E0,-2.393522644E-1,-1.046129562E1
4.004235042E0,8.133636017E0,-2.092648315E-1,-1.068792435E1
4.014249042E0,7.959398346E0,-3.041674805E-1,-1.097038696E1
4.024263042E0,8.245752869E0,-3.471281433E-1,-1.105645798E1
4.034277042E0,8.748706970E0,-4.520599365E-2,-1.091664871E1
4.044291042E0,9.328301697E0,2.715353394E-1,-1.038211029E1
4.054305042E0,9.712253265E0,3.285667419E-1,-9.357790375E0
4.064319333E0,9.643995209E0,2.989283752E-1,-8.395291901E0
4.074333333E0,9.343420258E0,1.468446350E-1,-7.701634369E0
4.084347333E0,9.212891693E0,2.499801636E-2,-7.194788361E0
4.094361333E0,9.285341034E0,3.727249146E-2,-6.875053253E0
4.104374333E0,9.296867065E0,1.184037781E-1,-6.618786163E0
4.114388333E0,9.361532593E0,3.597019958E-1,-6.227200470E0
4.124402333E0,9.603728943E0,4.722679138E-1,-5.456752625E0
4.134416333E0,9.735904083E0,7.113208008E-1,-4.085005188E0
4.144430333E0,9.613907776E0,8.779243469E-1,-2.699187012E0
4.154444333E0,9.189390564E0,8.794212341E-1,-1.194965057E0
4.164458333E0,8.330326996E0,6.325845337E-1,7.298822021E-1
4.174472333E0,7.360942841E0,1.362167358E-1,2.676134949E0
4.184486333E0,6.628665619E0,-1.255888367E-1,4.655768280E0
4.194500333E0,6.302044830E0,2.634521484E-2,6.460714874E0
4.204513333E0,6.215075684E0,2.823129272E-1,8.058043213E0
4.214527333E0,6.474635925E0,8.547225952E-1,9.005273438E0
4.224541333E0,7.278464355E0,1.664688263E0,9.185049591E0
4.234555333E0,8.350085907E0,2.194885712E0,9.405241699E0
4.244569333E0,8.811276855E0,1.822011108E0,9.301806793E0
4.254583333E0,8.737630005E0,1.287772064E0,8.259075165E0
4.264597333E0,9.165590057E0,1.464404755E0,6.946604462E0
4.274611333E0,1.004126907E1,1.806144104E0,6.194418640E0
4.284625333E0,1.095916031E1,2.060315552E0,5.675747223E0
4.294639333E0,1.173185349E1,2.138453064E0,5.094505920E0
4.304653333E0,1.217672836E1,2.108665009E0,4.612208862E0
4.314666333E0,1.200323914E1,2.129022675E0,4.352947998E0
4.324680333E0,1.114028366E1,2.310744781E0,3.757336578E0
4.334694333E0,1.032477951E1,2.221829681E0,2.363584900E0
4.344708333E0,9.039851532E0,2.124382324E0,9.187893677E-1
4.354722333E0,7.696844330E0,2.110311584E0,2.245330811E-3
4.364736333E0,7.041207733E0,2.087858276E0,-4.791535950E-1
4.374750333E0,6.644832001E0,2.172881470E0,-9.437873840E-1
4.384764333E0,6.566694489E0,2.191742249E0,-1.352138214E0
4.394778333E0,6.954088898E0,2.276166687E0,-1.470991058E0
4.404792333E0,6.456822968E0,2.235151978E0,-1.243015137E0
4.414806333E0,6.023773499E0,2.393522644E0,-1.199904785E0
4.424819333E0,5.445675659E0,3.176544342E0,-1.267564087E0
4.434833333E0,4.592899017E0,3.898942108E0,-9.544152832E-1
4.444847333E0,4.736899567E0,4.463268585E0,-7.334747314E-1
4.454861333E0,5.462740173E0,4.902455292E0,-7.779322815E-1
4.464875333E0,5.657185822E0,5.072801056E0,-7.077282715E-1
4.474889333E0,5.862708435E0,5.313201141E0,-7.952961731E-1
4.484903333E0,5.783373413E0,5.441783752E0,-9.250762939E-1
4.494917333E0,5.663921814E0,5.724845123E0,-1.482217712E0
4.504931333E0,5.206024017E0,5.992937622E0,-1.607656860E0
4.514945333E0,4.995112610E0,6.137387238E0,-1.384171600E0
4.524958333E0,5.639223175E0,6.555767212E0,-1.589694214E0
4.534972333E0,6.343957672E0,7.048841858E0,-1.975442047E0
4.544986333E0,7.278464355E0,7.449708252E0,-2.034569092E0
4.555000333E0,7.534731445E0,7.818241882E0,-1.522933044E0
4.565014333E0,7.840395813E0,7.803123322E0,-1.162183228E0
4.575028333E0,7.907007294E0,7.519163818E0,-6.683601379E-1
4.585042333E0,8.042625275E0,7.047943726E0,-4.511618042E-1
4.595056333E0,8.127498779E0,6.607858887E0,-3.472778320E-1
4.605070333E0,7.534881134E0,7.184609528E0,-3.761677551E-1
4.615084333E0,8.328680420E0,7.002288666E0,-2.830613708E-1
4.625098333E0,9.961784363E0,5.858966217E0,6.954537964E-1
4.635112333E0,9.108558655E0,6.050268402E0,1.337468719E0
4.645125333E0,8.444539490E0,6.280639343E0,1.369651794E0
4.655139333E0,8.556506653E0,6.569239197E0,1.227148132E0
4.665153333E0,8.835227051E0,6.644981689E0,4.616400146E-1
4.675167333E0,8.842561798E0,6.462211761E0,-4.041595459E-2
4.685181333E0,8.654253387E0,6.715934143E0,-4.638853455E-1
4.695195333E0,8.903036041E0,7.219187622E0,-8.102650452E-1
4.705209333E0,9.489516449E0,7.168892212E0,-7.650590515E-1
4.715223333E0,9.957443390E0,6.780300293E0,-4.665797424E-1
4.725237333E0,1.062595322E1,7.178322601E0,5.418731689E-1
4.735251333E0,1.131781448E1,7.695048065E0,1.156495056E0
4.745265333E0,9.531578979E0,6.904691620E0,5.294490051E-1
4.755278333E0,6.961573334E0,6.881190491E0,1.136736145E0
4.765292333E0,5.544320526E0,4.661606140E0,1.971849518E0
4.775306333E0,7.179819489E0,6.029012604E0,3.108735352E0
4.785320333E0,8.113278351E0,7.031328278E0,2.450554047E0
4.795334333E0,8.051007843E0,5.788911896E0,1.137783966E0
4.805348333E0,7.744295654E0,5.312003632E0,1.265318756E0
4.815362333E0,7.675887909E0,5.022954712E0,2.017803955E0
4.825376333E0,8.227490845E0,4.806205444E0,3.133883057E0
4.835390333E0,8.711584167E0,4.420906677E0,4.315525818E0
4.845404333E0,9.497000885E0,4.412374420E0,5.743406525E0
4.855418333E0,1.067969147E1,4.884193268E0,7.460036774E0
4.865432333E0,1.126587250E1,4.998705139E0,8.744515686E0
4.875445333E0,1.089808731E1,4.706812134E0,9.198671265E0
4.885459333E0,1.000938538E1,4.483326874E0,8.854686584E0
4.895473333E0,8.769064636E0,4.185296631E0,8.151748352E0
4.905487333E0,7.469766541E0,4.104165344E0,7.143295441E0
4.915501333E0,6.568640442E0,4.088897095E0,5.761967926E0
4.925515333E0,6.527326355E0,4.083508301E0,4.230802002E0
4.935529333E0,6.886429596E0,4.107907562E0,3.496279449E0
4.945543333E0,6.525979156E0,5.117557983E0,3.543281708E0
4.955557333E0,7.082671509E0,5.372328186E0,4.246369629E0
4.965571333E0,6.757996674E0,4.857548676E0,5.066364441E0
4.975585333E0,4.953648834E0,3.758833466E0,4.950655060E0
4.985599333E0,4.004772034E0,3.269201660E0,3.841761017E0
4.995612333E0,4.329746246E0,3.302582245E0,2.434836731E0
5.005626333E0,6.505771179E0,3.974684601E0,1.584006042E0
5.015640333E0,9.861792297E0,4.965773621E0,8.641529846E-1
5.025654333E0,1.328921494E1,6.494095459E0,2.857557678E-1
5.035668333E0,1.604693024E1,7.930658112E0,3.121009827E-1
5.045682333E0,1.702739136E1,8.273744659E0,5.766009521E-1
5.055696333E0,1.652309006E1,6.647227020E0,7.346722412E-1
5.065709833E0,1.414947601E1,4.035907288E0,9.704319763E-1
5.075723833E0,1.131362320E1,2.261048126E0,4.312532043E-1
5.085737833E0,1.090093140E1,1.155596924E0,-6.794371033E-1
5.095751833E0,1.171748337E1,9.449848938E-1,-1.897005157E0
5.105765833E0,1.270004013E1,1.049317932E0,-3.318449249E0
5.115779833E0,1.438149353E1,7.934999084E-1,-5.346132660E0
5.125792833E0,1.524459869E1,1.175655212E0,-7.452552338E0
5.135806833E0,1.567240906E1,1.617386627E0,-9.018745422E0
5.145820833E0,1.575758194E1,1.148711243E0,-1.003168900E1
5.155834833E0,1.508068954E1,5.640270996E-1,-1.061293030E1
5.165848833E0,1.406190811E1,4.755610657E-1,-1.179113022E1
5.175862833E0,1.370085892E1,-8.607101440E-2,-1.401281021E1
5.185876833E0,1.302007462E1,-5.827381897E-1,-1.527199173E1
5.195890833E0,1.196207474E1,-3.261717224E-1,-1.389470581E1
5.205904833E0,1.133323242E1,-8.946894836E-1,-1.168964127E1
5.215918833E0,1.004845413E1,-2.066153412E0,-1.001222946E1
5.225932833E0,8.119864655E0,-3.877386932E0,-7.972570953E0
5.235946833E0,6.270759888E0,-6.186335449E0,-7.097490692E0
5.245959833E0,5.445226593E0,-7.349267120E0,-8.463849335E0
5.255973833E0,5.719456329E0,-7.257807312E0,-1.056502991E1
5.265987833E0,6.289620667E0,-6.618636475E0,-1.286260208E1
5.276001833E0,6.745722198E0,-5.883066101E0,-1.453193069E1
5.286015833E0,7.571405182E0,-5.629493408E0,-1.589110428E1
5.296029833E0,6.813830566E0,-5.470224609E0,-1.523007889E1
5.306043833E0,5.444777527E0,-6.629414062E0,-1.332169739E1
5.316057833E0,4.340374146E0,-7.899522858E0,-1.255618927E1
5.326071833E0,3.524121552E0,-8.522527313E0,-1.270632706E1
5.336085833E0,3.326382751E0,-8.276289368E0,-1.291678940E1
5.346099833E0,3.649261322E0,-7.395371246E0,-1.328307770E1
5.356113833E0,3.974983978E0,-7.027885437E0,-1.446307388E1
5.366127833E0,3.126997375E0,-7.510481873E0,-1.536958878E1
5.376141833E0,2.185305634E0,-8.154592438E0,-1.601729187E1
5.386154833E0,2.073039093E0,-8.682694244E0,-1.567585190E1
5.396168833E0,2.384241943E0,-8.542585602E0,-1.461246323E1
5.406182833E0,2.800226898E0,-8.357420654E0,-1.403122192E1
5.416196833E0,3.096460876E0,-8.594377899E0,-1.380549133E1
5.426210833E0,3.769161987E0,-8.577014008E0,-1.343067078E1
5.436224833E0,4.474046173E0,-8.002957764E0,-1.287697220E1
5.446238833E0,5.034181366E0,-7.792944489E0,-1.148801056E1
5.456252833E0,5.126239929E0,-7.480693817E0,-1.029783554E1
5.466266833E0,5.359754333E0,-7.159611511E0,-1.002570145E1
5.476280833E0,5.548362122E0,-6.899003448E0,-9.936936035E0
5.486294833E0,5.574108582E0,-6.798113251E0,-9.316775665E0
5.496308833E0,4.924010468E0,-7.119644623E0,-8.402926025E0
5.506322833E0,3.977528687E0,-7.411537628E0,-7.426207123E0
5.516336833E0,3.147804108E0,-7.375013580E0,-6.137836304E0
5.526349833E0,2.216590576E0,-7.270381165E0,-4.785099335E0
5.536363833E0,1.377285919E0,-6.998097382E0,-3.566184082E0
5.546377833E0,1.021475830E0,-6.643784180E0,-2.474803619E0
5.556391833E0,6.030958557E-1,-6.423592072E0,-1.430425415E0
5.566405833E0,7.349716187E-2,-5.887556763E0,-7.685018921E-1
5.576419833E0,-2.577639771E-1,-5.423970795E0,-7.372169495E-1
5.586433833E0,-5.842350769E-1,-5.088817749E0,-6.915618896E-1
5.596447833E0,-9.268725586E-1,-4.584067383E0,-4.349954224E-1
5.606461833E0,-1.274749146E0,-4.267326050E0,1.338217163E-1
5.616475833E0,-2.013013916E0,-4.097878418E0,1.557810516E0
5.626489833E0,-2.940036163E0,-4.006568298E0,3.439397736E0
5.636503833E0,-3.580404510E0,-3.875890045E0,4.995411987E0
5.646517833E0,-4.104315033E0,-3.552861786E0,6.080355835E0
5.656531833E0,-4.778513031E0,-3.040177917E0,6.939718781E0
5.666544833E0,-5.522016907E0,-2.033072205E0,7.297175446E0
5.676558833E0,-5.655539246E0,-8.816665649E-1,7.190447388E0
5.686572833E0,-5.578299866E0,-1.422042847E-1,7.203320618E0
5.696586833E0,-5.442382507E0,3.942800903E-1,7.470664673E0
5.706600833E0,-5.567372589E0,1.040186920E0,8.557404785E0
5.716614833E0,-6.104306030E0,2.054028625E0,1.012090347E1
5.726628833E0,-6.833439789E0,2.932402039E0,1.100406693E1
5.736642833E0,-7.633975067E0,2.439028015E0,1.129266678E1
5.746656833E0,-8.812174988E0,1.692680054E0,1.102307739E1
5.756670833E0,-9.653874664E0,8.710386658E-1,9.518556061E0
5.766684833E0,-9.505533142E0,6.346801758E-2,6.841972046E0
5.776698833E0,-8.192014618E0,-1.459465027E-1,3.510649567E0
5.786712833E0,-6.122867432E0,-2.583627319E-1,3.308120728E-2
5.796726833E0,-3.645968170E0,3.382965088E-2,-2.372715912E0
5.806739833E0,-8.705895996E-1,7.521858215E-1,-3.182082825E0
5.816753833E0,7.093748474E-1,6.418652344E-1,-4.444258118E0
5.826767833E0,1.987866211E-1,-1.192270660E0,-6.530170441E0
5.836781833E0,-1.037492523E0,-3.447181549E0,-1.004710693E1
5.846795833E0,-4.906796265E-1,-4.558021545E0,-1.409094772E1
5.856809833E0,1.371747437E0,-3.706442413E0,-1.690314972E1
5.866823833E0,3.093616791E0,-2.626737671E0,-1.993434631E1
5.876837833E0,4.945266266E0,-1.750459900E0,-2.189407104E1
5.886851833E0,6.236481171E0,-1.055754547E0,-2.180545532E1
5.896865833E0,7.206314392E0,-1.875599670E0,-2.212908234E1
5.906879833E0,7.359745331E0,-2.767894135E0,-2.436333618E1
5.916893833E0,7.613916779E0,-2.416425018E0,-2.645523605E1
5.926907833E0,8.145611115E0,-2.120191040E0,-2.642664551E1
5.936921833E0,8.133486328E0,-2.414928131E0,-2.670761124E1
5.946935833E0,6.020630035E0,-2.613864441E0,-2.540831314E1
5.956948833E0,5.326673126E0,-2.436183929E0,-2.458951584E1
5.966962833E0,5.676495667E0,-1.801054688E0,-2.553075851E1
5.976976833E0,5.637127533E0,-1.219813385E0,-2.607667328E1
5.986990833E0,4.974006500E0,-7.668553162E-1,-2.437112000E1
5.997004833E0,3.228935394E0,-1.205592957E0,-2.117242172E1
6.007018833E0,8.180488586E-1,-2.247127075E0,-1.813029785E1
6.017032833E0,-1.298100586E0,-3.021915894E0,-1.498144592E1
6.027046833E0,-2.713108063E0,-3.410657501E0,-1.219109848E1
6.037060833E0,-3.303929443E0,-3.013383636E0,-1.000130219E1
6.047074833E0,-2.989134064E0,-2.066452789E0,-8.389304352E0
6.057088833E0,-2.181413727E0,-1.238524475E0,-6.957531738E0
6.067103167E0,-2.084714813E0,-8.165519714E-1,-5.753884735E0
6.077117167E0,-2.073039093E0,-4.267625427E-1,-4.625980225E0
6.087131167E0,-1.893262939E0,1.329235840E-1,-3.032244415E0
6.097145167E0,-1.469793549E0,6.259982300E-1,-1.460961914E0
6.107159167E0,-8.946894836E-1,1.060993652E0,-3.219804382E-1
6.117172167E0,-4.770579529E-1,1.484313354E0,4.131408691E-2
6.127186167E0,8.039781189E-1,1.997595978E0,-1.089733887E-1
6.137200167E0,2.954555969E0,3.046464844E0,-3.775149536E-1
6.147214167E0,5.536087646E0,4.635859680E0,-1.674418030E0
6.157228167E0,8.970246277E0,6.749763794E0,-3.891906738E0
6.167242167E0,1.100137253E1,7.905959473E0,-5.798042908E0
6.177256167E0,1.176373718E1,8.209228821E0,-6.464756470E0
6.187270167E0,1.231908234E1,7.979157257E0,-5.978717194E0
6.197284167E0,1.262774048E1,7.574398956E0,-4.410877533E0
6.207298167E0,1.277967453E1,6.547384644E0,-2.755170593E0
6.217312167E0,1.266785706E1,4.998854828E0,-1.582060089E0
6.227326167E0,1.252670059E1,3.957620087E0,-1.293011169E0
6.237340167E0,1.300869827E1,3.664379883E0,-2.022294617E0
6.247354167E0,1.385294266E1,4.009262695E0,-3.450175323E0
6.257368167E0,1.463716187E1,4.566703491E0,-4.882546692E0
6.267381167E0,1.486888000E1,5.047653351E0,-5.934409332E0
6.277395167E0,1.444121933E1,5.154231720E0,-7.184459839E0
6.287409167E0,1.336256241E1,4.799619141E0,-8.226293335E0
6.297423167E0,1.144834305E1,3.965104523E0,-8.312514038E0
6.307437167E0,8.966653748E0,2.776276703E0,-8.458610229E0
6.317451167E0,6.872658234E0,1.675914917E0,-9.028924255E0
6.327465167E0,4.969515839E0,6.197113037E-1,-9.444909210E0
6.337479167E0,3.075953522E0,-1.960922241E-2,-9.931846619E0
6.347493167E0,1.455872498E0,-5.538482666E-2,-1.067115921E1
6.357507167E0,5.318440247E-1,2.475851440E-1,-1.107187592E1
6.367521167E0,-4.580474854E-1,5.101391602E-1,-1.121003860E1
6.377535167E0,-1.685345306E0,5.318440247E-1,-1.143412262E1
6.387549167E0,-2.518662415E0,4.553530884E-1,-1.152468430E1
6.397563167E0,-3.031645660E0,1.172062683E-1,-1.172017776E1
6.407577167E0,-3.788022766E0,-3.164419556E-1,-1.230501160E1
6.417591167E0,-4.657414856E0,-5.650749207E-1,-1.312096481E1
6.427604167E0,-5.175936584E0,-5.942642212E-1,-1.367301682E1
6.437618167E0,-6.024372253E0,-8.042774963E-1,-1.376253067E1
6.447632167E0,-6.602619781E0,-1.093326416E0,-1.311587540E1
6.457646167E0,-6.332281952E0,-8.743318176E-1,-1.260543686E1
6.467660167E0,-5.665568390E0,-5.972579956E-1,-1.270976990E1
6.477674167E0,-4.881199493E0,-3.032693481E-1,-1.271770340E1
6.487688167E0,-4.176914062E0,5.837860107E-2,-1.258492950E1
6.497702167E0,-4.008514252E0,2.276765442E-1,-1.216280731E1
6.507716167E0,-3.858226776E0,4.393363953E-1,-1.169547913E1
6.517730167E0,-3.851490784E0,5.141807556E-1,-1.121093674E1
6.527744167E0,-4.023632812E0,3.288661194E-1,-1.035591476E1
6.537758167E0,-4.046834564E0,2.106120300E-1,-9.548793182E0
6.547772167E0,-4.106410675E0,3.098556519E-1,-8.894204407E0
6.557786167E0,-3.930975494E0,4.608915710E-1,-7.699987793E0
6.567800167E0,-3.515888672E0,7.418572998E-1,-6.203549652E0
6.577814167E0,-3.164120178E0,1.020128632E0,-5.240452423E0
6.587828167E0,-2.909349976E0,1.248254242E0,-3.991449738E0
6.597841167E0,-2.858006744E0,1.239123230E0,-2.618355103E0
6.607855167E0,-2.603835297E0,1.017583923E0,-2.119442596E0
6.617869167E0,-1.973945160E0,8.208929443E-1,-2.284848633E0
6.627883167E0,-1.085243225E0,9.437873840E-1,-2.795586548E0
6.637897167E0,-2.728825378E-1,1.142424316E0,-3.078797607E0
6.647911167E0,2.125579834E-1,1.196611633E0,-2.642005920E0
6.657925167E0,3.876937866E-1,1.123563538E0,-2.550546112E0
6.667939167E0,3.592529297E-2,7.773335266E-1,-4.020639038E0
6.677953167E0,-3.333567810E-1,3.414399719E-1,-4.971910858E0
6.687967167E0,-4.748126221E-1,-1.203497314E-1,-5.754034424E0
6.697981167E0,-5.263055420E-1,-5.111869812E-1,-6.976841583E0
6.707995167E0,1.384620667E-1,-4.547543335E-1,-7.681576080E0
6.718009167E0,1.234482880E0,-2.068698120E-1,-8.558901672E0
6.728023167E0,2.454445953E0,1.297801208E-1,-9.499395905E0
6.738037167E0,3.501967621E0,3.170407104E-1,-9.908495178E0
6.748051167E0,4.443210297E0,3.035687256E-1,-1.000324814E1
6.758065167E0,4.786446533E0,-7.993377686E-2,-1.051877609E1
6.768078167E0,4.470902710E0,-7.779322815E-1,-1.138727005E1
6.778092167E0,3.884122925E0,-1.548230438E0,-1.235605545E1
6.788106167E0,3.752696228E0,-2.097288666E0,-1.309521835E1
6.798120167E0,4.334536285E0,-2.486329651E0,-1.335103638E1
6.808134167E0,5.653892670E0,-2.743045807E0,-1.320673645E1
6.818148167E0,7.069199524E0,-2.406994629E0,-1.387659348E1
6.828162167E0,8.267757111E0,-1.969903564E0,-1.480645981E1
6.838176167E0,9.513167267E0,-1.686093750E0,-1.526076508E1
6.848190167E0,1.043569885E1,-1.476080475E0,-1.581296677E1
6.858204167E0,1.075303894E1,-1.472637634E0,-1.661859146E1
6.868218167E0,1.089494385E1,-1.717079315E0,-1.748169662E1
6.878232167E0,1.069765411E1,-2.278262329E0,-1.856110199E1
6.888246167E0,1.012105316E1,-2.688708801E0,-1.902423889E1
6.898260167E0,9.961035919E0,-2.922672272E0,-1.850466934E1
6.908274167E0,9.999655609E0,-2.886148224E0,-1.784065018E1
6.918288167E0,1.006596771E1,-2.579585724E0,-1.704954529E1
6.928302167E0,9.683513031E0,-2.362836456E0,-1.635828278E1
6.938315167E0,8.804690552E0,-2.361040192E0,-1.603510483E1
6.948329167E0,7.491321716E0,-2.465672607E0,-1.563543594E1
6.958343167E0,6.028114471E0,-2.879262543E0,-1.494073059E1
6.968357167E0,4.053720245E0,-3.548520813E0,-1.471709564E1
6.978371167E0,1.906285858E0,-3.826492767E0,-1.534399200E1
6.988385167E0,4.854405212E-1,-3.950135651E0,-1.535866150E1
6.998399167E0,-1.941462708E-1,-3.853287048E0,-1.531555115E1
7.008413167E0,-4.448748779E-1,-3.336711273E0,-1.537842041E1
7.018427167E0,-3.613485718E-1,-2.721340942E0,-1.528725998E1
7.028441167E0,-4.872367859E-1,-2.475701752E0,-1.505000336E1
7.038455167E0,-1.181044006E0,-2.474653931E0,-1.523097702E1
7.048469167E0,-1.759141846E0,-2.566862183E0,-1.493040207E1
7.058483167E0,-2.058070221E0,-2.580783234E0,-1.426683197E1
7.068497958E0,-2.556683350E0,-2.658771057E0,-1.360296249E1
7.078511958E0,-2.945275269E0,-2.587070160E0,-1.301423676E1
7.088525958E0,-3.241808624E0,-2.467319183E0,-1.243928238E1
7.098539958E0,-3.489543457E0,-2.413131866E0,-1.141496246E1
7.108553958E0,-3.350033569E0,-2.013013916E0,-1.019440063E1
7.118566958E0,-2.896925812E0,-1.565744019E0,-8.956025848E0
7.128580958E0,-2.416425018E0,-1.202599182E0,-7.547904053E0
7.138594958E0,-1.983974304E0,-9.614506531E-1,-5.978866882E0
7.148608958E0,-1.557660828E0,-7.816744995E-1,-4.275858307E0
7.158622958E0,-1.138831787E0,-5.547463989E-1,-2.277513885E0
7.168636958E0,-1.038091278E0,-2.893482971E-1,-7.632627869E-1
7.178650958E0,-1.085542603E0,-8.547225952E-2,5.284011841E-2
7.188664958E0,-9.406439209E-1,2.653981018E-1,1.010099487E0
7.198678958E0,-7.857160950E-1,8.078700256E-1,1.311422882E0
7.208692958E0,-6.253994751E-1,9.770182800E-1,1.082548828E0
7.218706958E0,-2.439926147E-1,1.502276001E0,8.075706482E-1
7.228720958E0,1.173559570E-1,2.202968903E0,4.364923096E-1
7.238734958E0,2.221380615E-1,2.696492615E0,-1.107696533E-1
7.248748958E0,-8.008346558E-2,2.902314606E0,-1.025068359E0
7.258762958E0,-2.320175171E-1,2.858006744E0,-2.235900421E0
7.268776958E0,-3.144960022E-1,2.671045532E0,-3.093467102E0
7.278790958E0,-1.377136230E-1,2.445614319E0,-3.441194000E0
7.288804958E0,9.190887451E-2,2.298320618E0,-4.301006012E0
7.298817958E0,1.428030396E-1,2.129621429E0,-5.606740723E0
7.308831958E0,5.861810303E-1,2.100132751E0,-6.059100037E0
7.318845958E0,1.531165924E0,2.270628204E0,-6.243067474E0
7.328859958E0,2.815794525E0,2.498155060E0,-6.679709473E0
7.338873958E0,4.146826630E0,2.664758606E0,-7.585326233E0
7.348887958E0,5.341492310E0,2.677332458E0,-8.225395203E0
7.358901958E0,6.325396271E0,2.739303589E0,-8.198451233E0
7.368915958E0,7.628436584E0,2.793939972E0,-8.573122101E0
7.378929958E0,8.758137360E0,2.667602692E0,-9.034163361E0
7.388943958E0,9.680968323E0,2.398312683E0,-8.527017975E0
7.398957958E0,9.965975647E0,2.193837891E0,-7.085216217E0
7.408971958E0,9.566905518E0,1.680405579E0,-5.103187866E0
7.418985958E0,9.583221588E0,1.222657471E0,-3.542084198E0
7.428999958E0,9.469907227E0,1.154249725E0,-2.552492065E0
7.439013958E0,8.540489960E0,1.215173035E0,-2.851869507E0
7.449027958E0,6.907835083E0,9.159452820E-1,-4.024081879E0
7.459041958E0,5.493276672E0,1.559756470E-1,-5.362149353E0
7.469055958E0,3.570824432E0,-5.909710693E-1,-7.165000305E0
7.479069958E0,9.485774231E-1,-1.563498688E0,-8.980724487E0
7.489082958E0,-1.676363983E0,-2.645299072E0,-1.151450546E1
7.499096958E0,-4.337530060E0,-3.456162872E0,-1.422926010E1
7.509110958E0,-6.152206421E0,-3.581452332E0,-1.564546509E1
7.519124958E0,-6.646179199E0,-2.964884491E0,-1.593466370E1
7.529138958E0,-6.176306305E0,-2.657573547E0,-1.525732224E1
7.539152958E0,-6.586902466E0,-2.734663239E0,-1.506317596E1
7.549166958E0,-7.747289429E0,-3.294349365E0,-1.530073196E1
7.559180958E0,-9.039701843E0,-4.061204681E0,-1.578018494E1
7.569194958E0,-9.668394470E0,-4.542453918E0,-1.623553802E1
7.579208958E0,-9.464967499E0,-4.751119995E0,-1.716166214E1
7.589222958E0,-8.560099182E0,-4.652924194E0,-1.833881424E1
7.599236958E0,-7.917186127E0,-4.611759796E0,-1.918201080E1
7.609250958E0,-7.360643463E0,-4.593198395E0,-1.893786850E1
7.619264958E0,-6.073021088E0,-4.700674896E0,-1.712783249E1
7.629278958E0,-4.590953064E0,-4.711901550E0,-1.539308990E1
7.639292958E0,-4.036655731E0,-4.582271118E0,-1.432670746E1
7.649306958E0,-3.976480865E0,-4.339925079E0,-1.374980713E1
7.659320958E0,-3.675606537E0,-3.929328918E0,-1.316901489E1
7.669334958E0,-2.582579498E0,-3.307072906E0,-1.310913940E1
7.679348958E0,-1.828747101E0,-2.909649353E0,-1.335447922E1
7.689361958E0,-1.781146088E0,-2.576142883E0,-1.427566360E1
7.699375958E0,-1.632056122E0,-2.132016449E0,-1.494013184E1
7.709389958E0,-1.001866608E0,-1.801952820E0,-1.520897278E1
7.719403958E0,-7.141648865E-1,-1.831740875E0,-1.547736465E1
7.729417958E0,-8.137078857E-1,-2.060016174E0,-1.522648636E1
7.739431958E0,-5.798941040E-1,-2.074386292E0,-1.488100479E1
7.749445958E0,-9.482780457E-1,-1.987417145E0,-1.496318390E1
7.759459958E0,-1.660047913E0,-1.846709747E0,-1.443148956E1
7.769473958E0,-2.149979095E0,-1.635199585E0,-1.311557602E1
7.779487958E0,-2.718197479E0,-1.623972931E0,-1.231129852E1
7.789501958E0,-3.299887848E0,-1.650916901E0,-1.142948227E1
7.799515958E0,-3.513643341E0,-1.460213470E0,-1.031385223E1
7.809529958E0,-2.920127563E0,-1.289568329E0,-9.412127380E0
7.819543958E0,-1.922901306E0,-1.123862915E0,-8.026309204E0
7.829557958E0,-6.873706055E-1,-9.211843872E-1,-7.028783569E0
7.839571958E0,5.173242188E-1,-7.572752380E-1,-6.575825500E0
7.849585958E0,1.521585846E0,-5.092410278E-1,-6.220015411E0
7.859599958E0,2.257605286E0,-3.661386108E-1,-5.670059052E0
7.869613958E0,2.724484406E0,-3.338058472E-1,-5.129383392E0
7.879626958E0,3.494183807E0,-4.475692749E-2,-4.216282196E0
7.889640958E0,4.386178894E0,4.384382629E-1,-3.266207886E0
7.899654958E0,5.225333862E0,1.101708984E0,-2.336341553E0
7.909668958E0,5.744304657E0,2.009122009E0,-1.860181732E0
7.919682958E0,5.930517426E0,2.597398682E0,-1.825154572E0
7.929696958E0,5.941594391E0,2.697690125E0,-1.581311646E0
7.939710958E0,5.513185272E0,2.661166077E0,-2.003882904E0
7.949724958E0,5.201982422E0,2.546803894E0,-2.476450195E0
7.959738958E0,5.050647125E0,2.501897278E0,-2.826572113E0
7.969752958E0,4.814438324E0,2.363285522E0,-4.370910645E0
7.979766958E0,5.308860168E0,2.434237976E0,-5.467081146E0
7.989780958E0,5.384902039E0,2.737507324E0,-6.834188232E0
7.999794958E0,5.310806122E0,3.104244690E0,-7.891739044E0
8.009808958E0,5.882766724E0,3.370241547E0,-8.368796997E0
8.019822958E0,6.903494110E0,3.790268097E0,-8.487051086E0
8.029836958E0,7.978708191E0,3.705843658E0,-8.107440491E0
8.039850958E0,8.685837708E0,2.852617950E0,-7.473209381E0
8.049864958E0,8.721912689E0,2.164498901E0,-7.747289429E0
8.059878958E0,8.736432495E0,1.513352966E0,-7.925269318E0
8.069891917E0,8.383466492E0,9.340576172E-1,-7.990234222E0
8.079905917E0,8.300538940E0,1.109492798E0,-9.083560638E0
8.089918917E0,8.595874786E0,1.568588104E0,-9.441915436E0
8.099932917E0,8.328830109E0,2.193837891E0,-1.009680359E1
8.109946917E0,7.261100464E0,2.451601868E0,-1.099358871E1
8.119960917E0,5.707032166E0,1.852846985E0,-1.128533203E1
8.129974917E0,3.469485168E0,7.153623962E-1,-1.128682892E1
8.139988917E0,1.094673615E0,-4.155358887E-1,-1.204275696E1
8.150002917E0,-1.281485138E0,-1.403032379E0,-1.286948776E1
8.160016917E0,-3.185825043E0,-2.050885162E0,-1.330448318E1
8.170030917E0,-4.302802277E0,-1.860630798E0,-1.356868378E1
8.180044917E0,-4.714595947E0,-1.328936462E0,-1.368753662E1
8.190058917E0,-4.984484711E0,-1.010548553E0,-1.325179276E1
8.200072917E0,-5.667664032E0,-9.098080444E-1,-1.231384323E1
8.210086917E0,-6.708898773E0,-1.294058990E0,-1.129311584E1
8.220100917E0,-7.887847137E0,-2.002685394E0,-1.094269455E1
8.230114917E0,-9.272018738E0,-2.591111755E0,-1.182630707E1
8.240128917E0,-1.034274216E1,-3.010689240E0,-1.303309753E1
8.250142917E0,-1.089075256E1,-3.138972473E0,-1.402179153E1
8.260156917E0,-1.084240311E1,-3.010090485E0,-1.424557617E1
8.270170917E0,-1.016371445E1,-2.768492889E0,-1.349803070E1
8.280184917E0,-9.320517883E0,-2.500101013E0,-1.241293716E1
8.290198917E0,-8.848549347E0,-2.344724121E0,-1.118803436E1
8.300212917E0,-8.408913574E0,-2.206860809E0,-1.067909271E1
8.310226917E0,-8.104895782E0,-2.194436646E0,-1.043001068E1
8.320239917E0,-8.292455750E0,-2.363734589E0,-9.916578369E0
8.330253917E0,-8.730744324E0,-2.636317749E0,-9.497899017E0
8.340267917E0,-9.159003754E0,-2.851570129E0,-9.176517334E0
8.350281917E0,-9.468859406E0,-2.841540985E0,-8.942104797E0
8.360295917E0,-9.206006012E0,-2.653981018E0,-8.776100006E0
8.370309917E0,-8.416697388E0,-2.249073029E0,-8.946595459E0
8.380323917E0,-7.428602142E0,-1.810634766E0,-8.983269196E0
8.390337917E0,-6.168223114E0,-1.580114136E0,-8.956025848E0
8.400351917E0,-5.101241913E0,-1.109941864E0,-9.597292328E0
8.410365917E0,-4.610711975E0,-8.158035278E-1,-1.042566971E1
8.420379917E0,-4.487218781E0,-9.958790588E-1,-1.043599823E1
8.430393917E0,-4.264332275E0,-1.177750854E0,-9.652527466E0
8.440407917E0,-4.066593475E0,-1.179996185E0,-8.797355804E0
8.450421917E0,-3.338657227E0,-9.958790588E-1,-8.263266449E0
8.460435917E0,-2.224374390E0,-6.441105652E-1,-7.982450409E0
8.470449917E0,-1.179247742E0,-1.392105103E-1,-8.066874847E0
8.480463917E0,3.980223083E-1,5.307962036E-1,-8.067772980E0
8.490477917E0,2.413730621E0,1.314865723E0,-8.110883331E0
8.500491917E0,3.906875610E0,1.799707489E0,-8.484356689E0
8.510505917E0,4.937632141E0,2.271526337E0,-8.785680084E0
8.520519917E0,5.963149567E0,2.633174286E0,-8.544381866E0
8.530533917E0,6.767876129E0,2.881358185E0,-7.997868347E0
8.540547917E0,7.018754425E0,2.726130981E0,-7.162006531E0
8.550561917E0,6.879543915E0,2.438279572E0,-6.059249725E0
8.560575917E0,6.327342224E0,2.481838989E0,-5.957760773E0
8.570589917E0,5.767955475E0,3.005150757E0,-5.789959717E0
8.580603917E0,5.529501343E0,3.520079956E0,-5.746549988E0
8.590617917E0,4.806055756E0,3.829486542E0,-6.875652008E0
8.600631917E0,3.661984863E0,3.774550781E0,-7.852520599E0
8.610645917E0,2.688110046E0,3.451073456E0,-8.469836884E0
8.620659917E0,2.045945435E0,3.207978973E0,-9.472302246E0
8.630673917E0,8.720864868E-1,2.317181396E0,-1.124731110E1
8.640687917E0,-4.905299377E-1,1.383273468E0,-1.384935013E1
8.650701917E0,-1.033600616E0,6.947053528E-1,-1.594888412E1
8.660715917E0,-9.000782776E-1,-1.130149841E-1,-1.749816238E1
8.670729917E0,-7.464976501E-1,-5.060975647E-1,-1.912857193E1
8.680743917E0,-1.871109009E-2,-2.210902405E-1,-2.048774551E1
8.690757917E0,1.231339417E0,5.254074097E-1,-2.164977905E1
8.700771917E0,1.986818390E0,1.063987427E0,-2.263458115E1
8.710785917E0,1.806892548E0,8.887019348E-1,-2.268367905E1
8.720799917E0,1.217418365E0,2.812651062E-1,-2.187925186E1
8.730812917E0,6.634204102E-1,-3.456312561E-1,-2.070943451E1
8.740826917E0,5.059478760E-2,-9.032217407E-1,-1.976923965E1
8.750840917E0,-3.588038635E-1,-1.039139099E0,-1.869387589E1
8.760854917E0,-2.939886475E-1,-8.060737610E-1,-1.722962082E1
8.770868917E0,-7.080276489E-2,-4.044589233E-1,-1.534803360E1
8.780882917E0,3.239263916E-1,1.158590698E-1,-1.314401688E1
8.790896917E0,4.070036316E-1,5.587879944E-1,-1.112845825E1
8.800910917E0,-1.434017944E-1,6.753955078E-1,-8.536598053E0
8.810924917E0,-1.118623810E0,2.525248718E-1,-5.240602112E0
8.820938917E0,-2.957849121E0,-8.619076538E-1,-1.367556152E0
8.830952917E0,-4.588108978E0,-1.154249725E0,3.137924652E0
8.840966917E0,-4.364174652E0,-6.447093201E-1,7.295079803E0
8.850980917E0,-2.903661804E0,2.245330811E-2,1.079150894E1
8.860994917E0,-1.411414948E0,1.149010620E0,1.329430435E1
8.871008917E0,-1.856140137E-1,2.021546173E0,1.365894608E1
8.881022917E0,3.818559265E-1,2.383792877E0,1.248344055E1
8.891036917E0,1.966909790E-1,2.154320068E0,9.515562286E0
8.901050917E0,6.301895142E-1,1.882335663E0,6.948251038E0
8.911064917E0,1.385967865E0,1.460213470E0,4.479285278E0
8.921078917E0,2.451452179E0,1.525028687E0,7.412585449E-1
8.931092917E0,3.630550232E0,1.473835144E0,-3.831582184E0
8.941106917E0,4.820575562E0,1.677411804E0,-9.413324890E0
8.951120917E0,5.928571472E0,2.255958710E0,-1.470811432E1
8.961134917E0,6.625073090E0,2.696342926E0,-1.808239746E1
8.971148917E0,6.707701263E0,3.612437897E0,-1.797132843E1
8.981162917E0,7.256310425E0,3.287014618E0,-1.588646393E1
8.991176917E0,7.981851654E0,3.024310913E0,-1.574680435E1
9.001190917E0,6.916966095E0,4.424199829E0,-1.345971039E1
9.011204917E0,7.092550964E0,4.522395630E0,-1.115136063E1
9.021218917E0,7.638465729E0,5.344186707E0,-1.004561005E1
9.031232917E0,7.131470032E0,5.706134033E0,-1.000833755E1
9.041246917E0,4.746180267E0,5.197940826E0,-1.196716415E1
9.051260917E0,1.767374725E0,4.254303131E0,-1.385428986E1
9.061274917E0,-1.914518738E-1,3.840563507E0,-1.443882431E1
9.071289458E0,-9.616003418E-1,4.568948822E0,-1.379606094E1
9.081303458E0,-1.159039764E0,5.657036133E0,-1.255364456E1
9.091317458E0,-7.828720093E-1,6.247857513E0,-1.150268005E1
9.101331458E0,-5.264552307E-1,6.198759613E0,-1.096020813E1
9.111345458E0,-8.708889771E-1,6.009702759E0,-1.000175125E1
9.121359458E0,-2.934497681E0,5.294490051E0,-9.620793457E0
9.131373458E0,-4.077371063E0,5.035827942E0,-9.404493256E0
9.141387458E0,-5.047054596E0,5.195994873E0,-8.356971588E0
9.151401458E0,-5.407954102E0,4.933590546E0,-6.940916290E0
9.161415458E0,-6.112538910E0,4.437222748E0,-5.755082245E0
9.171429458E0,-7.865094452E0,3.694167938E0,-6.281537476E0
9.181443458E0,-9.444160767E0,2.815644836E0,-7.690707092E0
9.191457458E0,-1.079540085E1,2.002535706E0,-8.593030701E0
9.201471458E0,-1.109807144E1,2.160157928E0,-9.291777649E0
9.211485458E0,-1.035606445E1,2.761008453E0,-8.864116974E0
9.221499458E0,-9.319619751E0,2.780917053E0,-7.945926361E0
9.231513458E0,-8.652756500E0,2.409988403E0,-6.409671021E0
9.241526458E0,-8.600066071E0,1.558259583E0,-4.659809875E0
9.251540458E0,-8.527766418E0,9.196875000E-1,-2.944227448E0
9.261554458E0,-6.763984222E0,1.566043396E0,-3.890559540E0
9.271568458E0,-5.771098938E0,1.781595154E0,-5.328319702E0
9.281582458E0,-5.852080536E0,1.684746552E0,-5.773793335E0
9.291596458E0,-6.116730194E0,1.304537201E0,-5.148393860E0
9.301610458E0,-6.598278809E0,9.360035706E-1,-4.008364563E0
9.311624458E0,-6.918163605E0,3.552113342E-1,-4.218078461E0
9.321638458E0,-7.405400391E0,-2.083666992E-1,-5.086871796E0
9.331652458E0,-7.070247345E0,-3.239263916E-1,-6.572831726E0
9.341666458E0,-5.978866882E0,3.745211792E-1,-8.830137634E0
9.351680458E0,-4.206253052E0,1.207987976E0,-9.959239655E0
9.361694458E0,-2.167342987E0,2.411185913E0,-1.015832565E1
9.371708458E0,-9.445358276E-1,3.280128937E0,-1.022733215E1
9.381722458E0,-6.906637573E-1,3.299887848E0,-8.725056152E0
9.391736458E0,-9.208850098E-1,2.615361328E0,-6.909481659E0
9.401750458E0,-1.360520782E0,1.435065765E0,-5.990392914E0
9.411764458E0,-1.163829803E0,8.057743835E-1,-6.712940369E0
9.421778458E0,-6.122268677E-1,1.011446686E0,-9.499844971E0
9.431792458E0,-8.277786255E-2,1.461560669E0,-1.156001083E1
9.441806458E0,4.354444885E-1,2.109712830E0,-1.188438629E1
9.451820458E0,3.385958862E-1,2.655627594E0,-1.283281403E1
9.461834458E0,-1.218466187E-1,2.822530518E0,-1.327978455E1
9.471848458E0,-4.775070190E-1,2.780018921E0,-1.340806778E1
9.481862458E0,-4.498146057E-1,2.683469696E0,-1.284029846E1
9.491876458E0,-4.671784973E-1,2.460433502E0,-1.148277145E1
9.501890458E0,-5.962101746E-1,2.565664673E0,-1.097891922E1
9.511904458E0,-8.081694031E-1,2.815944214E0,-1.130089966E1
9.521918458E0,-1.071621552E0,3.015179901E0,-1.175206146E1
9.531932458E0,-1.459165649E0,2.986289978E0,-1.203572159E1
9.541946458E0,-1.799707489E0,2.812052307E0,-1.186492676E1
9.551960458E0,-1.802102509E0,2.768792267E0,-1.170296356E1
9.561974458E0,-1.463656311E0,2.782114563E0,-1.171598648E1
9.571988458E0,-6.503974915E-1,3.002007294E0,-1.127904510E1
9.582002458E0,-6.436614990E-2,3.124302979E0,-1.068148773E1
9.592016458E0,-1.951940918E-1,2.998564453E0,-1.030023056E1
9.602030458E0,-5.471122742E-1,2.911146240E0,-9.804760895E0
9.612044458E0,-1.035995636E0,2.930456085E0,-9.726473694E0
9.622058458E0,-1.279239807E0,2.970572662E0,-9.603279877E0
9.632072458E0,-1.461710358E0,2.871778107E0,-9.402397614E0
9.642086458E0,-1.678759003E0,2.741997986E0,-9.566007385E0
9.652100458E0,-1.739083557E0,2.756368103E0,-9.787546692E0
9.662114458E0,-1.612596588E0,2.750679932E0,-9.803713074E0
9.672128458E0,-1.485211487E0,2.681074677E0,-9.551337891E0
9.682141458E0,-1.363813934E0,2.587219849E0,-9.099577332E0
9.692155458E0,-1.252295837E0,2.685265961E0,-9.183253326E0
9.702169458E0,-9.288185120E-1,2.796634369E0,-8.823102264E0
9.712183458E0,-7.234455872E-1,2.931354218E0,-8.477770386E0
9.722197458E0,-7.771838379E-1,3.004252625E0,-8.305478668E0
9.732211458E0,-1.033001862E0,2.755469971E0,-8.227191467E0
9.742225458E0,-1.389261017E0,2.655477905E0,-8.506360931E0
9.752239458E0,-1.691332855E0,2.675685883E0,-8.423283691E0
9.762253458E0,-1.865869904E0,2.726879425E0,-8.352929993E0
9.772267458E0,-1.995051270E0,2.841540985E0,-8.775351563E0
9.782281458E0,-2.089205475E0,2.933749237E0,-9.374106445E0
9.792295458E0,-2.143991547E0,2.971770172E0,-9.919572144E0
9.802309458E0,-1.910776520E0,2.941682739E0,-1.013018417E1
9.812323458E0,-1.301244049E0,2.948718109E0,-9.810598755E0
9.822337458E0,-8.229885864E-1,2.912942505E0,-9.436077576E0
9.832351458E0,-6.234535217E-1,2.877017212E0,-9.101373596E0
9.842365458E0,-7.743397522E-1,2.836451569E0,-8.890162811E0
9.852379458E0,-1.044078827E0,2.765648804E0,-8.514893188E0
9.862393458E0,-1.435814209E0,2.572250977E0,-8.604856110E0
9.872407458E0,-1.857187958E0,2.438279572E0,-9.028026123E0
9.882421458E0,-1.964065704E0,2.443967743E0,-9.163943481E0
9.892435458E0,-1.657802582E0,2.614912262E0,-9.123377838E0
9.902449458E0,-1.136885834E0,2.775228882E0,-9.225615234E0
9.912463458E0,-8.731343079E-1,2.830613708E0,-9.380543060E0
9.922477458E0,-9.690847778E-1,2.938688965E0,-9.802814941E0
9.932491458E0,-9.081614685E-1,3.079396362E0,-9.976004791E0
9.942505458E0,-9.846524048E-1,3.120710449E0,-9.983189850E0
9.952519458E0,-1.316811676E0,2.955154724E0,-9.892179108E0
9.962533458E0,-1.610051880E0,2.683170319E0,-9.789642334E0
9.972547458E0,-1.820663910E0,2.519261169E0,-1.021835083E1
9.982561458E0,-2.008822632E0,2.492317200E0,-1.104268661E1
9.992575458E0,-1.896256714E0,2.583926697E0,-1.178678925E1
1.000258946E1,-1.553319855E0,2.731370087E0,-1.184322189E1
1.001260346E1,-1.306483154E0,2.824177094E0,-1.149145340E1
1.002261746E1,-1.255439301E0,2.754571838E0,-1.119701569E1
1.003263146E1,-1.237326965E0,2.645149384E0,-1.084150497E1
1.004264546E1,-1.214574280E0,2.792592773E0,-1.113070358E1
1.005265846E1,-1.344204712E0,2.823578339E0,-1.173335037E1
1.006267246E1,-1.456022186E0,2.609373779E0,-1.208437042E1
1.007268642E1,-1.398392029E0,2.537972260E0,-1.247924927E1
1.008270042E1,-1.230441284E0,2.444416809E0,-1.242835510E1
1.009271442E1,-1.052461395E0,2.389930115E0,-1.236608459E1
1.010272842E1,-1.025367737E0,2.508333893E0,-1.260947845E1
1.011274242E1,-9.562115479E-1,2.650238800E0,-1.233944000E1
1.012275642E1,-9.714797974E-1,2.636617126E0,-1.121228394E1
1.013277042E1,-1.167122955E0,2.646945648E0,-9.293723602E0
1.014278442E1,-1.373693390E0,2.563119965E0,-7.573949890E0
1.015279842E1,-1.800904999E0,2.504441986E0,-6.474635925E0
1.016281242E1,-2.236798553E0,2.512674866E0,-5.602399750E0
1.017282642E1,-2.663561096E0,2.601589966E0,-5.256469116E0
1.018284042E1,-2.734214172E0,2.848276978E0,-5.122198334E0
1.019285442E1,-2.549797668E0,3.079995117E0,-5.313949585E0
1.020286842E1,-2.223027191E0,3.436703339E0,-5.538782043E0
1.021288242E1,-1.904040527E0,3.750001831E0,-5.472619629E0
1.022289642E1,-2.039658508E0,3.769461365E0,-5.746100922E0
1.023291042E1,-2.372266846E0,3.545077972E0,-5.720803528E0
1.024292442E1,-2.563868408E0,3.305875397E0,-5.208568726E0
1.025293842E1,-2.418820038E0,3.277883606E0,-4.817881165E0
1.026295242E1,-1.943857727E0,3.402873688E0,-4.172573090E0
1.027296642E1,-1.621428223E0,3.427422638E0,-4.144880676E0
1.028298042E1,-1.311422882E0,3.409759369E0,-4.335733795E0
1.029299442E1,-5.932164001E-1,3.503314819E0,-4.344565430E0
1.030300842E1,-5.837860107E-2,3.886967010E0,-5.686075745E0
1.031302242E1,6.451583862E-2,4.150269470E0,-7.580236816E0
1.032303642E1,-1.939965820E-1,4.288282471E0,-9.062155151E0
1.033305042E1,-1.029409332E0,3.996239777E0,-9.449549561E0
1.034306442E1,-1.684596863E0,3.658542023E0,-9.350755005E0
1.035307842E1,-1.976040802E0,3.309318237E0,-8.971743164E0
1.036309242E1,-2.015558624E0,2.956950989E0,-8.716673584E0
1.037310642E1,-1.973196716E0,2.709216156E0,-8.945098572E0
1.038312042E1,-1.594484253E0,2.886148224E0,-9.916278992E0
1.039313342E1,-1.026714935E0,3.205134888E0,-1.110076584E1
1.040314742E1,-8.390052795E-1,3.252586212E0,-1.199904785E1
1.041316142E1,-8.244854736E-1,3.209924927E0,-1.306049057E1
1.042317542E1,-8.011340332E-1,3.173101501E0,-1.346659607E1
1.043318942E1,-7.843688965E-1,3.139870605E0,-1.362885864E1
1.044320342E1,-1.137484589E0,2.926564178E0,-1.376507538E1
1.045321742E1,-1.498084717E0,2.596350861E0,-1.335717361E1
1.046323142E1,-1.409019928E0,2.313139801E0,-1.252699997E1
1.047324542E1,-9.202862549E-1,2.296075287E0,-1.186672302E1
1.048325942E1,-4.311035156E-1,2.472558289E0,-1.159174484E1
1.049327342E1,-3.140469360E-1,2.493514709E0,-1.124985580E1
1.050328742E1,-3.367996216E-1,2.506088562E0,-1.074660233E1
1.051330142E1,-4.968168640E-1,2.605631561E0,-1.025203079E1
1.052331542E1,-1.029409332E0,2.523153076E0,-9.900112610E0
1.053332942E1,-1.612596588E0,2.285896454E0,-9.508826294E0
1.054334342E1,-2.056872711E0,2.143243103E0,-9.156758423E0
1.055335742E1,-2.152074738E0,2.150727539E0,-9.010662231E0
1.056337142E1,-1.902244263E0,2.288141785E0,-8.838370514E0
1.057338542E1,-1.759590912E0,2.442470856E0,-8.752449188E0
1.058339942E1,-1.949246521E0,2.489772491E0,-8.724607086E0
1.059341342E1,-2.223476257E0,2.492616577E0,-8.612340546E0
1.060342742E1,-2.357597351E0,2.453098755E0,-8.538693695E0
1.061344142E1,-2.664908295E0,2.325863342E0,-8.289611664E0
1.062345542E1,-3.020419006E0,2.203417969E0,-8.250991974E0
1.063346942E1,-3.040028229E0,2.287243652E0,-8.679999847E0
1.064348342E1,-3.199297028E0,2.161056061E0,-9.253307648E0
1.065349742E1,-3.449576569E0,2.134112091E0,-9.557475128E0
1.066351142E1,-3.168012085E0,2.327060852E0,-9.561217346E0
1.067352542E1,-2.948718109E0,2.509381714E0,-9.614506531E0
1.068353942E1,-3.145259399E0,2.300116882E0,-9.295968933E0
1.069355342E1,-3.154839478E0,2.009870453E0,-8.606352997E0
1.070356742E1,-3.077600098E0,1.757046204E0,-8.276439056E0
1.071358042E1,-2.790646820E0,1.782193909E0,-8.262667694E0
1.072359442E1,-1.819316711E0,2.443219299E0,-8.715775452E0
1.073360842E1,-1.044378204E0,3.107837219E0,-9.345366211E0
1.074362242E1,-8.535250854E-1,3.129691772E0,-9.313183136E0
1.075363642E1,-1.344803467E0,2.710263977E0,-9.098379822E0
1.076365042E1,-2.174827423E0,2.025438080E0,-8.959917755E0
1.077366442E1,-2.584226074E0,1.641187134E0,-8.667575684E0
1.078367842E1,-2.330503693E0,1.742227020E0,-8.969198456E0
1.079369242E1,-1.560055847E0,2.223925323E0,-9.315877533E0
1.080370642E1,-2.658471680E-1,3.055895233E0,-9.408983917E0
1.081372042E1,9.587562561E-1,3.940256195E0,-9.467512207E0
1.082373442E1,1.356179810E0,4.018244019E0,-9.382339325E0
1.083374842E1,8.271798706E-1,3.460354156E0,-8.956474915E0
1.084376242E1,-1.398092651E-1,2.823278961E0,-9.134903870E0
1.085377642E1,-7.316784668E-1,2.389780426E0,-9.109007721E0
1.086379042E1,-1.035396881E0,2.146536255E0,-9.432185669E0
1.087380442E1,-9.806108093E-1,2.255659332E0,-9.831255798E0
1.088381842E1,-8.213420105E-1,2.467019806E0,-9.769284668E0
1.089383242E1,-4.183799744E-1,2.796484680E0,-9.434131622E0
1.090384642E1,-4.071533203E-2,3.210523682E0,-9.238488464E0
1.091386042E1,5.069956970E-1,3.448977814E0,-8.916358337E0
1.092387442E1,1.195863190E0,3.779340820E0,-8.707243195E0
1.093388842E1,1.713187408E0,3.933370514E0,-8.721463623E0
1.094390242E1,1.600621490E0,3.648063812E0,-8.923393707E0
1.095391642E1,1.025068359E0,3.266058197E0,-9.624685364E0
1.096393042E1,1.510359192E-1,2.816542969E0,-9.890831909E0
1.097394442E1,-5.351371765E-1,2.480042725E0,-9.907896423E0
1.098395842E1,-5.565426636E-1,2.490071869E0,-9.660610657E0
1.099397242E1,-2.814147949E-2,2.768642578E0,-9.623038788E0
1.100398542E1,6.123765564E-1,3.151097260E0,-9.643097076E0
1.101399942E1,1.334175568E0,3.340752869E0,-9.141340485E0
1.102401342E1,1.786684570E0,3.262166290E0,-8.601263580E0
1.103402742E1,1.565594330E0,2.900218964E0,-8.210426331E0
1.104404142E1,6.954537964E-1,2.511028290E0,-8.336164856E0
1.105405542E1,-2.406994629E-1,2.298021240E0,-9.057215424E0
1.106406942E1,-7.032376099E-1,2.254162445E0,-9.399703217E0
1.107408404E1,-9.999206543E-1,2.353256378E0,-9.958790588E0
1.108409804E1,-1.419947205E0,2.315385132E0,-1.040995239E1
1.109411204E1,-1.751956787E0,2.222428436E0,-1.049677185E1
1.110412604E1,-2.335742798E0,2.098037109E0,-1.048569489E1
1.111414004E1,-2.985541534E0,1.716031494E0,-1.035112473E1
1.112415404E1,-3.473826141E0,1.440005493E0,-9.983938293E0
1.113416804E1,-3.687132568E0,1.330882416E0,-9.629475403E0
1.114418204E1,-3.706143036E0,1.519190826E0,-9.375154266E0
1.115419604E1,-3.547173615E0,1.939816132E0,-9.438472595E0
1.116421004E1,-3.574117584E0,2.295326843E0,-9.807455292E0
1.117422404E1,-3.625909882E0,2.360591125E0,-1.017868332E1
1.118423804E1,-3.483106842E0,2.255509644E0,-1.017823425E1
1.119425204E1,-3.326382751E0,2.096240845E0,-1.025816803E1
1.120426604E1,-3.185226288E0,1.931882629E0,-1.057401123E1
1.121428004E1,-2.962639160E0,1.767674103E0,-1.060619431E1
1.122429404E1,-2.590662689E0,1.710792389E0,-1.008348129E1
1.123430804E1,-2.250420227E0,1.794318695E0,-9.792187042E0
1.124432204E1,-2.167492676E0,1.906285858E0,-9.633067932E0
1.125433604E1,-1.995350647E0,1.923949127E0,-9.145681458E0
1.126435004E1,-1.784738617E0,1.973795471E0,-8.918753357E0
1.127436404E1,-1.571432190E0,2.033670959E0,-8.911867676E0
1.128437804E1,-1.385369110E0,2.065704346E0,-9.261989594E0
1.129439104E1,-1.336271210E0,2.150727539E0,-9.584419098E0
1.130440504E1,-1.182840271E0,2.274819489E0,-9.786049805E0
1.131441904E1,-1.131347351E0,2.327659607E0,-9.623038788E0
1.132443304E1,-1.183738403E0,2.239492950E0,-9.115594025E0
1.133444704E1,-1.599423981E0,1.969155121E0,-8.700956268E0
1.134446104E1,-1.971101074E0,1.745071106E0,-8.347391510E0
1.135447504E1,-2.077978821E0,1.597627716E0,-7.748037872E0
1.136448904E1,-1.908680878E0,1.635498962E0,-6.805148621E0
1.137450304E1,-2.008074188E0,1.633253632E0,-6.486161957E0
1.138451704E1,-2.532583466E0,1.256337433E0,-6.439608765E0
1.139453104E1,-2.615211639E0,1.110989685E0,-5.850284271E0
1.140454504E1,-2.617606659E0,1.082249451E0,-6.123017120E0
1.141455904E1,-2.696642303E0,8.439450073E-1,-6.203549652E0
1.142457304E1,-2.290686493E0,9.217831421E-1,-6.583459625E0
1.143458704E1,-1.838626556E0,1.100062408E0,-7.552694092E0
1.144460104E1,-2.017354889E0,6.179150391E-1,-8.242160339E0
1.145461504E1,-2.274969177E0,4.803511047E-1,-9.058562622E0
1.146462904E1,-2.122436371E0,5.237608337E-1,-9.476942596E0
1.147464304E1,-1.455273743E0,8.464897156E-1,-9.411828003E0
1.148465704E1,-6.860234070E-1,1.302890625E0,-9.666149139E0
1.149467104E1,-2.031275940E-1,1.465602264E0,-9.897567902E0
1.150468504E1,6.647676086E-1,1.969753876E0,-1.104089035E1
1.151469904E1,1.645079041E0,2.579286346E0,-1.257400223E1
1.152471304E1,2.099833374E0,2.697839813E0,-1.361867981E1
1.153472704E1,1.562001801E0,2.209255829E0,-1.422147629E1
1.154474104E1,5.360353088E-1,1.388662262E0,-1.407478134E1
1.155475504E1,-5.926176453E-1,4.992118835E-1,-1.345596817E1
1.156476904E1,-1.586401062E0,-2.547702026E-1,-1.292217819E1
1.157478204E1,-2.260599060E0,-8.681945801E-1,-1.216041229E1
1.158479604E1,-2.287393341E0,-1.032852173E0,-1.157887161E1
1.159481004E1,-1.705403595E0,-6.566844177E-1,-1.110420868E1
1.160482404E1,-9.819580078E-1,-1.760339355E-1,-1.062819855E1
1.161483804E1,-4.076023865E-1,2.733316040E-1,-1.031280441E1
1.162485204E1,-4.475692749E-2,6.274951172E-1,-1.014141083E1
1.163486604E1,-6.661148071E-2,6.842271423E-1,-1.031789383E1
1.164488004E1,-3.445834351E-1,6.674620056E-1,-1.073268127E1
1.165489404E1,-7.667056274E-1,4.147874451E-1,-1.069495972E1
1.166490804E1,-1.140478363E0,7.155120850E-2,-1.013452515E1
1.167492204E1,-1.473086700E0,-1.125659180E-1,-9.507329407E0
1.168493604E1,-1.659000092E0,-1.152603149E-2,-9.620943146E0
1.169495004E1,-1.613045654E0,2.939886475E-1,-1.000564316E1
1.170496404E1,-1.264420624E0,7.198530579E-1,-1.013931519E1
1.171497804E1,-8.390052795E-1,1.008452911E0,-9.931696930E0
1.172499204E1,-5.733078003E-1,9.647438049E-1,-9.375603333E0
1.173500604E1,-3.809577942E-1,8.604107666E-1,-8.920699310E0
1.174502004E1,-1.728904724E-1,9.063652039E-1,-8.930129700E0
1.175503404E1,-1.978884888E-1,8.788224792E-1,-9.225764923E0
1.176504804E1,-5.110372925E-1,5.891748047E-1,-9.325158234E0
1.177506204E1,-1.037791901E0,3.957769775E-1,-9.779912567E0
1.178507604E1,-1.325493622E0,2.887495422E-1,-9.881251831E0
1.179509004E1,-1.376387787E0,2.965333557E-1,-1.014874557E1
1.180510404E1,-1.474284210E0,4.174818420E-1,-1.092997101E1
1.181511704E1,-1.519939270E0,5.806425476E-1,-1.141316620E1
1.182513104E1,-1.256487122E0,8.878038025E-1,-1.160506714E1
1.183514504E1,-8.599617004E-1,1.030756531E0,-1.180041092E1
1.184515904E1,-5.712121582E-1,9.508227539E-1,-1.159503799E1
1.185517304E1,-2.511776733E-1,9.780661011E-1,-1.160506714E1
1.186518704E1,-1.893562317E-1,9.756710815E-1,-1.193408295E1
1.187520104E1,-4.613406372E-1,6.509962463E-1,-1.193992081E1
1.188521504E1,-6.045927429E-1,5.551954651E-1,-1.195219528E1
1.189522904E1,-8.897497559E-1,5.122348022E-1,-1.208586731E1
1.190524304E1,-1.065184937E0,4.143383789E-1,-1.194456116E1
1.191525704E1,-1.220112762E0,2.670446777E-1,-1.172466843E1
1.192527104E1,-1.361867981E0,2.326162720E-1,-1.079869400E1
1.193528504E1,-1.130748596E0,5.140310669E-1,-9.974657593E0
1.194529904E1,-1.022373962E0,6.777905273E-1,-9.355545044E0
1.195531304E1,-1.041384430E0,7.250921631E-1,-8.412356415E0
1.196532704E1,-1.053509216E0,1.010548553E0,-8.223598938E0
1.197534104E1,-1.252146149E0,1.244362335E0,-7.951015778E0
1.198535504E1,-1.975591736E0,1.139131165E0,-6.912475433E0
1.199536904E1,-2.692001953E0,1.016536102E0,-6.005661163E0
1.200538304E1,-3.059787140E0,1.032702484E0,-5.325924683E0
1.201539704E1,-3.441643066E0,9.967771912E-1,-5.617967377E0
1.202541104E1,-3.460653534E0,1.264270935E0,-6.381080475E0
1.203542504E1,-2.925666046E0,1.766626282E0,-7.024442596E0
1.204543904E1,-2.283052368E0,2.213596802E0,-7.668403473E0
1.205545304E1,-1.848206635E0,2.478545837E0,-8.248596954E0
1.206546604E1,-1.623823242E0,2.560425568E0,-8.991801453E0
1.207547933E1,-1.707349548E0,2.218087463E0,-9.084907837E0
1.208549333E1,-2.242337036E0,1.599274292E0,-9.198222198E0
1.209550733E1,-2.654579773E0,1.209634552E0,-9.239087219E0
1.210552133E1,-2.641407166E0,1.195713501E0,-9.139244843E0
1.211553533E1,-2.266885986E0,1.436412964E0,-9.251810760E0
1.212554933E1,-1.760189667E0,1.601819000E0,-9.135652313E0
1.213556333E1,-1.184636536E0,1.781146088E0,-9.198671265E0
1.214557733E1,-8.711883545E-1,1.833237762E0,-9.403744812E0
1.215559133E1,-8.692424011E-1,1.782343597E0,-9.776320038E0
1.216560533E1,-9.392967224E-1,1.705403595E0,-1.001881577E1
1.217561933E1,-1.055754547E0,1.624871063E0,-1.017254608E1
1.218563333E1,-1.250948639E0,1.456321564E0,-9.958042145E0
1.219564733E1,-1.484313354E0,1.232237549E0,-9.498497772E0
1.220566133E1,-1.623823242E0,1.218615875E0,-9.532926178E0
1.221567533E1,-1.451681213E0,1.353635101E0,-9.324559479E0
1.222568933E1,-1.194366302E0,1.562600555E0,-9.389524384E0
1.223570333E1,-1.109492798E0,1.542991333E0,-9.375753021E0
1.224571733E1,-8.457412720E-1,1.502425690E0,-9.076974335E0
1.225573133E1,-1.603166199E-1,1.726360016E0,-8.725804596E0
1.226574533E1,5.652246094E-1,2.051932983E0,-8.664132843E0
1.227575933E1,1.261127472E0,2.323318634E0,-8.765023041E0
1.228577333E1,2.028132477E0,2.434237976E0,-8.311615906E0
1.229578733E1,2.456990662E0,2.543810120E0,-7.289541321E0
1.230580133E1,2.352208557E0,2.286495209E0,-6.513854370E0
1.231581433E1,2.664459229E0,2.205663300E0,-5.743406525E0
1.232582833E1,2.772983551E0,1.901346130E0,-5.545967102E0
1.233584233E1,2.752027130E0,1.771865387E0,-6.409820709E0
1.234585633E1,1.644629974E0,1.081650696E0,-7.391179962E0
1.235587033E1,-9.027726746E-1,-4.745132446E-2,-9.818831635E0
1.236588433E1,-2.644251251E0,-5.023553467E-1,-1.121677460E1
1.237589833E1,-3.781735840E0,-6.677613831E-1,-1.223405914E1
1.238591233E1,-4.294270020E0,-3.763174438E-1,-1.282053955E1
1.239592633E1,-4.405339050E0,-1.830693054E-1,-1.232492020E1
1.240594033E1,-4.335584106E0,-4.640350342E-3,-1.209350143E1
1.241595433E1,-3.690276031E0,4.320016479E-1,-1.138218063E1
1.242596833E1,-2.828518066E0,1.032702484E0,-1.103834564E1
1.243598233E1,-2.529889069E0,1.396296387E0,-1.144774429E1
1.244599633E1,-2.882705383E0,1.114731903E0,-1.191073151E1
1.245601033E1,-3.276985474E0,6.213578796E-1,-1.216550171E1
1.246602433E1,-3.967798920E0,-5.822891235E-2,-1.239841736E1
1.247603833E1,-4.536915436E0,-6.861730957E-1,-1.270228546E1
1.248605233E1,-4.448898468E0,-9.716294861E-1,-1.262848892E1
1.249606633E1,-3.556753693E0,-9.168434143E-1,-1.236099518E1
1.250608033E1,-1.881138153E0,-3.240760803E-1,-1.157333313E1
1.251609433E1,-4.640350342E-2,3.689826965E-1,-1.057071808E1
1.252610833E1,1.020727386E0,7.743397522E-1,-9.924960938E0
1.253612133E1,9.428892517E-1,7.863148499E-1,-9.866582336E0
1.254613533E1,1.196012878E-1,5.704637146E-1,-1.007509872E1
1.255614933E1,-9.954299927E-1,2.273771667E-1,-1.018137772E1
1.256616333E1,-2.141446838E0,-3.191363525E-1,-1.004875351E1
1.257617733E1,-3.444487152E0,-8.434959412E-1,-1.061921722E1
1.258619133E1,-4.322261810E0,-7.914042664E-1,-1.165670975E1
1.259620533E1,-4.582720184E0,-2.903961182E-1,-1.297337173E1
1.260621933E1,-4.418661346E0,5.037025452E-1,-1.404948395E1
1.261623333E1,-4.135450287E0,7.815248108E-1,-1.371657623E1
1.262624733E1,-3.721411285E0,1.126407623E0,-1.334938980E1
1.263626133E1,-3.180735626E0,1.345701599E0,-1.264794846E1
1.264627533E1,-2.379451904E0,1.517693939E0,-1.209125610E1
1.265628933E1,-2.030826874E0,1.131347351E0,-1.138712036E1
1.266630333E1,-2.230062561E0,4.194277954E-1,-1.033825150E1
1.267631733E1,-2.301164703E0,8.247848511E-2,-9.474397888E0
1.268633133E1,-1.595083008E0,9.819580078E-2,-8.293353882E0
1.269634533E1,-4.529580688E-1,4.540058899E-1,-7.293582916E0
1.270635933E1,7.179071045E-1,1.067879333E0,-6.551725616E0
1.271637333E1,1.808688812E0,1.698218536E0,-6.170169067E0
1.272638733E1,2.503094788E0,1.983375549E0,-5.984555054E0
1.273640133E1,2.566413116E0,2.007774811E0,-5.927673340E0
1.274641533E1,2.233355713E0,2.033670959E0,-5.884113922E0
1.275642833E1,1.530267792E0,1.851350098E0,-5.698799286E0
1.276644233E1,6.680607605E-1,1.702260132E0,-5.929768982E0
1.277645633E1,-2.909948730E-1,1.736987915E0,-6.976841583E0
1.278647033E1,-9.009764099E-1,1.785936127E0,-7.771089935E0
1.279648433E1,-1.242416382E0,1.938019867E0,-8.583450623E0
1.280649833E1,-1.282832336E0,2.122136993E0,-9.305399323E0
1.281651233E1,-1.255738678E0,2.154320068E0,-9.641001434E0
1.282652633E1,-1.029708710E0,2.168989563E0,-9.804311829E0
1.283654033E1,-6.092330933E-1,2.220931549E0,-9.620344391E0
1.284655433E1,-3.245251465E-1,2.295925598E0,-9.540859680E0
1.285656833E1,-1.722917175E-1,2.347268829E0,-9.657766571E0
1.286658233E1,-4.498146057E-1,2.062560883E0,-9.731563110E0
1.287659633E1,-8.448431396E-1,1.720971222E0,-9.709708557E0
1.288661033E1,-8.717871094E-1,1.643881531E0,-9.884095917E0
1.289662433E1,-5.896238708E-1,1.769919434E0,-1.001222946E1
1.290663833E1,4.430786133E-2,2.063608704E0,-1.007629623E1
1.291665233E1,7.924520874E-1,2.283052368E0,-9.838590546E0
1.292666633E1,1.657054138E0,2.515219574E0,-9.386979675E0
1.293668033E1,2.643203430E0,2.833308105E0,-8.903784485E0
1.294669433E1,4.042493591E0,3.212170258E0,-8.310268707E0
1.295670833E1,6.137536926E0,3.985312500E0,-7.458689575E0
1.296672133E1,6.816375275E0,3.834426270E0,-7.292984161E0
1.297673533E1,5.614374847E0,2.788551178E0,-7.488777008E0
1.298674933E1,2.694995728E0,1.080153809E0,-7.746690674E0
1.299676333E1,-7.527845764E-1,-4.652325439E-1,-9.103768616E0
1.300677733E1,-2.183958435E0,-1.210981750E-1,-1.018003052E1
1.301679133E1,-3.183729401E0,7.604187012E-2,-1.153950348E1
1.302680533E1,-4.002526703E0,1.152603149E-1,-1.269554947E1
1.303681933E1,-4.108356628E0,3.538641357E-1,-1.315045349E1
1.304683333E1,-3.402424622E0,9.654922485E-1,-1.297172516E1
1.305684733E1,-2.259251862E0,1.647773438E0,-1.143187729E1
1.306686133E1,-2.144739990E0,1.569336548E0,-1.073612411E1
1.307687479E1,-3.215613098E0,8.708889771E-1,-1.054811508E1
1.308688879E1,-4.219575348E0,2.359094238E-1,-1.042761566E1
1.309690279E1,-4.391417999E0,1.348695374E-1,-1.017524048E1
1.310691679E1,-4.393214264E0,2.305206299E-2,-9.954000549E0
1.311693079E1,-4.253404999E0,-2.005828857E-2,-9.884544983E0
1.312694479E1,-4.200714569E0,2.709365845E-2,-1.014635056E1
1.313695879E1,-3.931274872E0,3.326083374E-1,-1.057880127E1
1.314697279E1,-3.153342590E0,8.238867188E-1,-1.042267593E1
1.315698679E1,-2.285297699E0,1.219813385E0,-1.029918274E1
1.316700079E1,-1.934577026E0,1.351988525E0,-1.015652939E1
1.317701379E1,-2.457290039E0,1.046773224E0,-9.922266541E0
1.318702779E1,-3.126548309E0,6.273454285E-1,-9.868827667E0
1.319704179E1,-3.722459106E0,2.442919922E-1,-1.014365616E1
1.320705579E1,-4.347409515E0,7.589218140E-2,-1.133921997E1
1.321706979E1,-4.524940338E0,1.399589539E-1,-1.214155151E1
1.322708379E1,-4.027524719E0,5.387297058E-1,-1.274135422E1
1.323709779E1,-4.110152893E0,7.357200623E-1,-1.389380768E1
1.324711179E1,-4.728816376E0,3.617976379E-1,-1.403316788E1
1.325712579E1,-4.305197296E0,1.597178650E-1,-1.262519577E1
1.326713979E1,-2.897374878E0,6.066883850E-1,-1.062131287E1
1.327715379E1,-1.295855255E0,1.214723969E0,-8.711434479E0
1.328716779E1,-1.197509766E-1,1.581161957E0,-7.436236267E0
1.329718179E1,2.806663513E-1,1.539847870E0,-7.201823730E0
1.330719579E1,4.197271729E-1,1.479373627E0,-6.808741150E0
1.331720979E1,1.329984283E0,2.086810455E0,-6.813531189E0
1.332722379E1,2.519111481E0,2.943029938E0,-7.610174561E0
1.333723779E1,2.474055176E0,2.860551453E0,-8.322692871E0
1.334725179E1,1.877395935E0,2.462978210E0,-8.758436737E0
1.335726579E1,1.339714050E0,2.192790070E0,-8.800648956E0
1.336727979E1,9.901908875E-1,2.068398743E0,-8.603808289E0
1.337729279E1,5.945635986E-1,2.240391083E0,-8.533753967E0
1.338730679E1,1.047821045E-1,2.398761749E0,-8.236023102E0
1.339732079E1,-2.236349487E-1,2.560425568E0,-7.799830170E0
1.340733479E1,-1.498384094E-1,2.674338684E0,-7.357200623E0
1.341734879E1,-1.196012878E-1,2.670746155E0,-7.374115448E0
1.342736279E1,-5.480104065E-1,2.547552338E0,-8.058791656E0
1.343737679E1,-8.798703003E-1,2.455942841E0,-8.697812805E0
1.344739079E1,-1.092877350E0,2.188898163E0,-8.907377014E0
1.345740479E1,-1.270108795E0,2.058668976E0,-9.408834229E0
1.346741879E1,-1.343007202E0,2.175126801E0,-1.015443375E1
1.347743279E1,-1.306932220E0,2.212998047E0,-1.053613998E1
1.348744679E1,-1.049617310E0,2.174827423E0,-1.001252884E1
1.349746079E1,-7.777825928E-1,2.152074738E0,-9.223669281E0
1.350747479E1,-7.708969116E-1,2.063309326E0,-8.503965912E0
1.351748879E1,-8.881031799E-1,1.967059479E0,-8.068521423E0
1.352750279E1,-1.312021637E0,1.766326904E0,-8.553512878E0
1.353751679E1,-1.934876404E0,1.486558685E0,-9.407337341E0
1.354753079E1,-2.309547272E0,1.497036896E0,-1.118938156E1
1.355754479E1,-2.502046967E0,1.822909241E0,-1.355850494E1
1.356755879E1,-2.681523743E0,2.000290375E0,-1.571986038E1
1.357757179E1,-2.357148285E0,2.376308441E0,-1.720267685E1
1.358758579E1,-1.381028137E0,2.794987793E0,-1.783615952E1
1.359759979E1,-1.766326904E-2,2.977009277E0,-1.734997055E1
1.360761379E1,9.375004578E-1,2.599045258E0,-1.482442245E1
1.361762779E1,9.493258667E-1,1.825304260E0,-1.201716019E1
1.362764179E1,2.727328491E-1,1.412612457E0,-1.066113007E1
1.363765579E1,-6.111790466E-1,1.082548828E0,-9.667496338E0
1.364766979E1,-1.584305420E0,7.441026306E-1,-8.523724823E0
1.365768379E1,-2.567460938E0,5.306465149E-1,-7.546556854E0
1.366769779E1,-2.997366943E0,8.021818542E-1,-6.586453400E0
1.367771179E1,-2.920426941E0,1.494641876E0,-6.666387177E0
1.368772579E1,-2.369422760E0,2.323917389E0,-6.855294342E0
1.369773979E1,-1.949096832E0,2.891087952E0,-5.958060150E0
1.370775379E1,-1.901196442E0,3.206631775E0,-4.770280151E0
1.371776779E1,-2.452949066E0,3.130589905E0,-4.262236633E0
1.372778179E1,-3.252286835E0,2.863994293E0,-4.526137848E0
1.373779579E1,-4.007167053E0,2.609224091E0,-4.501738586E0
1.374780979E1,-4.469854889E0,2.388882294E0,-4.246219940E0
1.375782379E1,-4.644242249E0,2.311493225E0,-4.668192444E0
1.376783679E1,-4.168531494E0,2.486778717E0,-4.552483063E0
1.377785079E1,-3.236868896E0,2.679128723E0,-4.121080170E0
1.378786479E1,-2.637365570E0,2.541564789E0,-3.766317902E0
1.379787879E1,-2.242037659E0,2.345622253E0,-4.260290680E0
1.380789279E1,-1.268462219E0,2.794089661E0,-5.440885620E0
1.381790679E1,-7.129673767E-1,2.785856781E0,-5.373376007E0
1.382792079E1,-7.870632935E-1,2.415077820E0,-5.405559082E0
1.383793479E1,-1.101858673E0,2.024390259E0,-6.129304047E0
1.384794879E1,-1.744921417E0,1.863025818E0,-8.361162872E0
1.385796279E1,-1.393152924E0,2.923720093E0,-1.259944931E1
1.386797679E1,-7.011419678E-1,3.824696503E0,-1.551269119E1
1.387799079E1,-1.071771240E-1,4.090393982E0,-1.688862991E1
1.388800479E1,3.757186890E-1,4.102668457E0,-1.717797821E1
1.389801879E1,3.391946411E-1,3.527115326E0,-1.602597382E1
1.390803279E1,-2.664459229E-2,2.802322540E0,-1.445394287E1
1.391804679E1,-9.382489014E-1,1.717827759E0,-1.302231995E1
1.392806079E1,-2.027683411E0,6.069877625E-1,-1.136391861E1
1.393807479E1,-2.790347443E0,-9.580078125E-3,-1.027987289E1
1.394808779E1,-2.818039856E0,7.753875732E-2,-1.031190628E1
1.395810179E1,-2.265089722E0,6.713539124E-1,-1.105765549E1
1.396811579E1,-1.378333740E0,1.324745178E0,-1.196432007E1
1.397812979E1,-4.411326599E-1,1.875449982E0,-1.262549515E1
1.398814379E1,2.549198914E-1,2.038910065E0,-1.286110519E1
1.399815779E1,1.299747162E0,2.180365906E0,-1.250454666E1
1.400817179E1,2.592458954E0,2.601739655E0,-1.209095673E1
1.401818579E1,3.457210693E0,2.637066193E0,-1.124925705E1
1.402819979E1,3.709885254E0,2.672542419E0,-9.857002258E0
1.403821379E1,2.721790009E0,1.394500122E0,-8.497080231E0
1.404822779E1,3.507057037E0,2.093845825E0,-7.479945374E0
1.405824179E1,3.070265350E0,1.860181732E0,-6.404731293E0
1.406825579E1,2.154918823E0,1.514251099E0,-6.235583038E0
1.407826979E1,1.402134247E0,1.513951721E0,-6.602320404E0
1.408828379E1,1.392105103E0,2.314037933E0,-6.809639282E0
1.409829779E1,2.117496643E0,3.498973846E0,-6.611900482E0
1.410831179E1,3.359314270E0,4.812791748E0,-6.405629425E0
1.411832579E1,3.933819580E0,5.576353912E0,-6.346801758E0
1.412833879E1,3.369942169E0,5.369783478E0,-6.451434174E0
1.413835279E1,2.081571350E0,5.009183350E0,-5.936504974E0
1.414836679E1,1.010548553E0,5.198838959E0,-6.122268677E0
1.415838079E1,4.357438660E-1,5.878276062E0,-7.604187012E0
1.416839479E1,-2.350112915E-2,6.825805664E0,-8.833730164E0
1.417840879E1,-6.536906433E-1,7.351213074E0,-9.820328522E0
1.418842279E1,-1.809736633E0,7.592511292E0,-1.037881714E1
1.419843679E1,-2.596201172E0,7.888146515E0,-1.087129303E1
1.420845079E1,-2.897674255E0,7.954308929E0,-1.070139633E1
1.421846479E1,-3.103496246E0,7.355104980E0,-9.326206055E0
1.422847879E1,-3.249891815E0,6.712191925E0,-8.217761078E0
1.423849279E1,-3.361559601E0,6.343508606E0,-8.414901123E0
1.424850679E1,-3.312012634E0,6.319558411E0,-9.898166656E0
1.425852079E1,-3.351081390E0,6.422544250E0,-1.230486191E1
1.426853479E1,-3.494333496E0,6.488257599E0,-1.413705185E1
1.427854879E1,-3.104993134E0,6.229296112E0,-1.419887329E1
1.428856279E1,-3.592379608E0,4.782105560E0,-1.337917786E1
1.429857579E1,-4.470603333E0,3.969445496E0,-1.302052368E1
1.430858979E1,-5.424270172E0,2.724334717E0,-1.238359818E1
1.431860379E1,-5.792055359E0,2.338437195E0,-1.134071686E1
1.432861779E1,-5.744604034E0,1.915716248E0,-9.895771637E0
1.433863179E1,-5.793701935E0,1.411414948E0,-8.111182709E0
1.434864579E1,-6.041287079E0,1.303040314E0,-6.648424530E0
1.435865979E1,-6.060447235E0,1.224603424E0,-5.367238770E0
1.436867379E1,-5.876180420E0,4.984634399E-1,-3.615880737E0
1.437868779E1,-6.350693665E0,-6.929090881E-1,-1.963317261E0
1.438870179E1,-6.900949402E0,-1.731000366E0,-1.353934479E0
1.439871579E1,-6.343957672E0,-2.141446838E0,-1.729204102E0
1.440872979E1,-4.645439758E0,-2.210902405E0,-1.932780762E0
1.441874379E1,-1.803898773E0,-1.725012817E0,-1.892065430E0
1.442875779E1,1.683698730E0,2.389031982E-1,-2.702330475E0
1.443877179E1,3.322041779E0,1.582808533E0,-4.669090576E0
1.444878579E1,3.169658661E0,1.460812225E0,-5.981112213E0
1.445879979E1,1.738634491E0,4.897814941E-1,-6.925198975E0
1.446881279E1,1.856140137E-2,-1.372645569E-1,-9.015003204E0
1.447882679E1,-2.236050110E0,-5.496569824E-1,-1.141256744E1
1.448884079E1,-4.245621185E0,-8.440946960E-1,-1.365235977E1
1.449885479E1,-4.695286102E0,-5.593867493E-1,-1.525223282E1
1.450886879E1,-3.932472382E0,-1.222956848E-1,-1.482382370E1
1.451888279E1,-2.282453613E0,2.600093079E-1,-1.292816574E1
1.452889679E1,1.766326904E-2,9.795629883E-1,-1.168006119E1
1.453891079E1,1.514700165E0,1.246757355E0,-1.102891525E1
1.454892479E1,2.140997772E0,1.339714050E0,-1.070947952E1
1.455893879E1,1.908531189E0,1.316362610E0,-1.108639572E1
1.456895279E1,9.678872681E-1,1.146914978E0,-1.169742508E1
1.457896679E1,-5.815406799E-1,7.667056274E-1,-1.224229202E1
1.458898079E1,-2.206411743E0,2.354603577E-1,-1.265498383E1
1.459899479E1,-3.506158905E0,-2.697390747E-1,-1.294537994E1
1.460900879E1,-4.062402191E0,-3.028202820E-1,-1.364682129E1
1.461902279E1,-3.839066620E0,-2.671943665E-1,-1.379845596E1
1.462903579E1,-3.399281158E0,2.993774414E-4,-1.378124176E1
1.463904979E1,-2.054627380E0,7.972421265E-1,-1.337962692E1
1.464906379E1,-5.897735596E-1,1.716929626E0,-1.218915253E1
1.465907779E1,2.395019531E-1,2.374811554E0,-1.154773636E1
1.466909179E1,5.673202515E-2,2.302062836E0,-1.151660110E1
1.467910579E1,-4.962181091E-1,1.812730408E0,-1.139789795E1
1.468911979E1,-9.038204956E-1,1.583257599E0,-1.158949951E1
1.469913379E1,-1.507515106E0,1.109642487E0,-1.227612167E1
1.470914779E1,-2.103126526E0,6.990463257E-1,-1.295361282E1
1.471916179E1,-2.142195282E0,8.009843445E-1,-1.406430313E1
1.472917579E1,-2.019450531E0,9.827064514E-1,-1.540177185E1
1.473918979E1,-1.767075348E0,9.157955933E-1,-1.551643341E1
1.474920379E1,-1.507814484E0,7.957452393E-1,-1.537782166E1
1.475921779E1,-9.367520142E-1,8.451425171E-1,-1.503129227E1
1.476923179E1,-1.501377869E-1,1.165476379E0,-1.448223404E1
1.477924579E1,3.391946411E-1,1.356778564E0,-1.384441040E1
1.478925879E1,2.483335876E-1,1.141975250E0,-1.281530045E1
1.479927279E1,-2.618055725E-1,6.475534058E-1,-1.169353317E1
1.480928679E1,-8.904981995E-1,1.085243225E-1,-1.015203873E1
1.481930079E1,-1.496438141E0,-4.790039062E-3,-8.561895447E0
1.482931479E1,-1.527423706E0,3.143463135E-1,-7.713908844E0
1.483932879E1,-1.667083282E0,5.137316895E-1,-7.005282440E0
1.484934279E1,-2.105222168E0,4.828958130E-1,-7.086563416E0
1.485935679E1,-2.007475433E0,4.737648010E-1,-7.057823181E0
1.486937079E1,-1.352886658E0,6.743476868E-1,-6.092181244E0
1.487938479E1,-4.182302856E-1,1.351689148E0,-4.890031128E0
1.488939879E1,2.499801636E-2,1.800006866E0,-3.452270966E0
1.489941279E1,-5.586383057E-1,1.906285858E0,-2.561473389E0
1.490942679E1,-1.073866882E0,2.242786102E0,-2.159708862E0
1.491944079E1,-1.309626617E0,2.546205139E0,-1.541045380E0
1.492945479E1,-1.478774872E0,2.518662415E0,-1.064735870E0
1.493946779E1,-1.266067200E0,2.601739655E0,-1.531914368E0
1.494948179E1,-1.139729919E0,2.906655579E0,-3.668870544E0
1.495949579E1,-1.320703583E0,3.524271240E0,-6.112538910E0
1.496950979E1,-1.553020477E0,3.992497559E0,-7.617658997E0
1.497952379E1,-1.596430206E0,4.209845581E0,-8.288414154E0
1.498953779E1,-1.649420013E0,4.142785034E0,-8.476872253E0
1.499955179E1,-1.780996399E0,3.586841125E0,-7.857011261E0
1.500956579E1,-1.973645782E0,2.938090210E0,-6.782096558E0
1.501957979E1,-2.381996613E0,2.402503967E0,-6.413562927E0
1.502959379E1,-2.284549255E0,2.234702911E0,-5.823340302E0
1.503960779E1,-1.427132263E0,2.322121124E0,-4.975802765E0
1.504962179E1,-5.846841431E-1,2.485581207E0,-4.806804199E0
1.505963579E1,-5.261558533E-1,2.361938324E0,-5.103187866E0
1.506965021E1,-7.932005310E-1,2.193837891E0,-5.642216949E0
1.507966421E1,-1.107097778E0,2.162103882E0,-6.580765228E0
1.508967821E1,-1.360371094E0,2.165097656E0,-6.537056122E0
1.509969121E1,-1.501078491E0,1.721569977E0,-6.434669037E0
1.510970521E1,-2.357148285E0,9.199868774E-1,-6.795867920E0
1.511971921E1,-3.485651550E0,2.356100464E-1,-8.613388367E0
1.512973321E1,-4.039050751E0,3.324586487E-1,-1.140119110E1
1.513974721E1,-3.092568970E0,1.257235565E0,-1.290930496E1
1.514976121E1,-1.161883850E0,2.527194672E0,-1.374501709E1
1.515977521E1,4.459226990E-1,3.292553101E0,-1.398930908E1
1.516978921E1,1.439556427E0,3.465443573E0,-1.345896194E1
1.517980321E1,1.404379578E0,3.133583679E0,-1.275183243E1
1.518981721E1,4.896318054E-1,2.333647156E0,-1.256382339E1
1.519983121E1,-6.328839111E-1,1.504820709E0,-1.266875519E1
1.520984521E1,-1.482966156E0,1.015338593E0,-1.241623032E1
1.521985921E1,-1.811981964E0,1.159638519E0,-1.274689270E1
1.522987321E1,-1.637594604E0,1.720222778E0,-1.378782806E1
1.523988621E1,-1.031654663E0,2.436034241E0,-1.457833420E1
1.524990021E1,-3.844006348E-1,2.699486389E0,-1.484238510E1
1.525991421E1,1.787283325E-1,2.495460663E0,-1.396461044E1
1.526992821E1,4.601431274E-1,2.326911163E0,-1.279314651E1
1.527994221E1,7.432044983E-1,2.264640656E0,-1.154983200E1
1.528995621E1,7.321275330E-1,2.196382599E0,-1.058089691E1
1.529997021E1,4.842430115E-1,2.084864502E0,-9.858050079E0
1.530998421E1,1.887574768E-1,1.929038544E0,-9.101373596E0
1.531999821E1,-1.782792664E-1,1.738335114E0,-8.633446655E0
1.533001221E1,-4.447251892E-1,1.570534058E0,-8.079598389E0
1.534002621E1,-4.486170959E-1,1.495839386E0,-8.359665985E0
1.535004021E1,-1.642085266E-1,1.817071381E0,-9.421707458E0
1.536005421E1,-1.318757629E-1,1.766326904E0,-9.966125336E0
1.537006821E1,-2.850073242E-1,1.681303711E0,-9.967622223E0
1.538008221E1,-4.870870972E-1,1.772913208E0,-9.682016144E0
1.539009521E1,-4.646337891E-1,1.931134186E0,-9.052425385E0
1.540010921E1,-5.233117676E-1,1.987566833E0,-8.948092346E0
1.541012321E1,-1.002016296E0,1.900447998E0,-9.170080719E0
1.542013721E1,-1.443448334E0,1.752256165E0,-8.959319000E0
1.543015121E1,-1.960024109E0,1.476679230E0,-8.969647522E0
1.544016521E1,-2.584824829E0,1.257235565E0,-9.144933014E0
1.545017921E1,-2.716550903E0,1.442550201E0,-9.140142975E0
1.546019321E1,-2.534679108E0,1.737886047E0,-9.419911194E0
1.547020721E1,-2.455643463E0,1.746118927E0,-9.291029205E0
1.548022121E1,-2.426753540E0,1.631906433E0,-8.898246002E0
1.549023521E1,-2.251018982E0,1.609453125E0,-8.658893738E0
1.550024921E1,-2.183659058E0,1.537003784E0,-8.725954285E0
1.551026321E1,-2.404749298E0,1.460512848E0,-8.748557281E0
1.552027721E1,-2.059267731E0,1.497635651E0,-8.715925140E0
1.553029021E1,-1.754950562E0,1.689536591E0,-8.955726471E0
1.554030421E1,-2.067500610E0,1.591490479E0,-8.379275208E0
1.555031821E1,-2.497855682E0,1.301693115E0,-7.400610352E0
1.556033221E1,-3.178340607E0,8.177494812E-1,-7.104825439E0
1.557034621E1,-3.592529297E0,3.908372498E-1,-6.408922577E0
1.558036021E1,-3.585793304E0,5.328918457E-2,-6.396648102E0
1.559037421E1,-3.481609955E0,-6.735992432E-3,-6.966662750E0
1.560038821E1,-3.475023651E0,-2.827619934E-1,-6.597680054E0
1.561040221E1,-3.515140228E0,-6.789880371E-1,-5.725593567E0
1.562041621E1,-3.866908722E0,-1.161584473E0,-4.308490448E0
1.563043021E1,-3.937561798E0,-1.412462769E0,-3.706143036E0
1.564044421E1,-3.556005249E0,-1.416654053E0,-3.988306274E0
1.565045821E1,-2.254461823E0,-9.219328308E-1,-5.011728058E0
1.566047221E1,1.204994202E-1,2.939886475E-1,-7.439679108E0
1.567048521E1,1.678459625E0,1.630708923E0,-1.055724609E1
1.568049921E1,2.392923889E0,1.816322937E0,-1.190773773E1
1.569051321E1,2.353555756E0,1.291663971E0,-1.230231720E1
1.570052721E1,2.184557190E0,7.369175720E-1,-1.238434662E1
1.571054121E1,2.318827972E0,4.504133606E-1,-1.236368958E1
1.572055521E1,1.819616089E0,-2.154020691E-1,-1.277233978E1
1.573056921E1,1.269360352E0,-8.559201050E-1,-1.311063629E1
1.574058321E1,1.302890625E0,-8.780740356E-1,-1.385878052E1
1.575059721E1,1.274300079E0,-8.744815063E-1,-1.415531387E1
1.576061121E1,1.324595490E0,-8.634045410E-1,-1.396850235E1
1.577062521E1,1.681902466E0,-6.786886597E-1,-1.424512711E1
1.578063921E1,1.692829742E0,-7.908055115E-1,-1.418764664E1
1.579065321E1,1.453327789E0,-1.129251709E0,-1.343785583E1
1.580066721E1,1.118923187E0,-1.317260742E0,-1.351808899E1
1.581068021E1,1.265618134E0,-1.292262726E0,-1.369202728E1
1.582069421E1,1.623374176E0,-1.061293030E0,-1.369157822E1
1.583070821E1,1.664987640E0,-9.213340759E-1,-1.395068939E1
1.584072221E1,1.673220520E0,-1.054107971E0,-1.364936600E1
1.585073621E1,1.814227295E0,-1.091530151E0,-1.299193314E1
1.586075021E1,1.853894806E0,-1.195563812E0,-1.214155151E1
1.587076421E1,2.419269104E0,-9.618997192E-1,-1.119177658E1
1.588077821E1,3.412753143E0,-4.351451111E-1,-1.100930603E1
1.589079221E1,3.664230194E0,-4.198768616E-1,-1.142978165E1
1.590080621E1,2.915187836E0,-2.570155334E-1,-1.337917786E1
1.591082021E1,1.946252747E0,1.152603149E-2,-1.516286865E1
1.592083421E1,3.727249146E-1,-9.090596008E-1,-1.449645447E1
1.593084821E1,-2.563119965E0,-2.821931763E0,-1.245110779E1
1.594086121E1,-4.619094543E0,-3.768413544E0,-9.744136963E0
1.595087521E1,-5.027595062E0,-3.457360382E0,-7.872129822E0
1.596088921E1,-4.667144623E0,-2.663710785E0,-6.821315002E0
1.597090321E1,-3.491339722E0,-1.461111603E0,-6.574927368E0
1.598091721E1,-2.123035126E0,-2.589614868E-1,-6.489904175E0
1.599093121E1,-1.154249725E0,6.258485413E-1,-6.361171875E0
1.600094521E1,-1.028062134E0,9.541159058E-1,-6.290219421E0
1.601095921E1,-1.708247681E0,6.959028625E-1,-6.302793274E0
1.602097321E1,-2.747386780E0,1.734892273E-1,-5.539979553E0
1.603098721E1,-3.490591278E0,-1.645079041E-1,-5.499264221E0
1.604100121E1,-4.114493866E0,-3.481759644E-1,-6.172264709E0
1.605101521E1,-4.852010193E0,-5.694158936E-1,-7.391479340E0
1.606102921E1,-5.180576935E0,-6.339317322E-1,-8.843459930E0
1.607104217E1,-4.349056091E0,-9.325607300E-2,-9.424551544E0
1.608105617E1,-2.737657013E0,9.147477722E-1,-9.884544983E0
1.609107017E1,-1.484313354E0,1.569336548E0,-1.008602600E1
1.610108417E1,-1.284478912E0,1.423988800E0,-1.002300705E1
1.611109817E1,-1.457968140E0,1.134191437E0,-9.054371338E0
1.612111217E1,-1.997895355E0,7.466473389E-1,-8.334967346E0
1.613112617E1,-2.769540710E0,8.502319336E-2,-8.279881897E0
1.614114017E1,-3.467090149E0,-5.301974487E-1,-8.194858704E0
1.615115417E1,-3.802243195E0,-8.807684326E-1,-8.400081940E0
1.616116817E1,-3.621868286E0,-5.975573730E-1,-9.201066284E0
1.617118217E1,-3.238814850E0,-1.085243225E-1,-1.015218842E1
1.618119617E1,-2.886746979E0,7.185058594E-2,-1.068927155E1
1.619120917E1,-1.965263214E0,4.477189636E-1,-1.080632812E1
1.620122317E1,-1.160836029E0,7.509883118E-1,-1.111094467E1
1.621123717E1,-8.951385498E-1,8.879534912E-1,-1.130045059E1
1.622125117E1,-9.277706909E-1,7.099736023E-1,-1.076261902E1
1.623126517E1,-1.100212097E0,5.319937134E-1,-1.021221359E1
1.624127917E1,-1.362017670E0,3.707789612E-1,-9.867929535E0
1.625129317E1,-1.799408112E0,5.134323120E-2,-9.578880615E0
1.626130717E1,-2.135309601E0,-1.230441284E-1,-9.508676605E0
1.627132117E1,-2.082319794E0,-2.086660767E-1,-9.208999786E0
1.628133517E1,-1.840871887E0,-2.291734314E-1,-9.183103638E0
1.629134917E1,-1.819017334E0,-1.324745178E-1,-9.521998901E0
1.630136317E1,-1.640438690E0,1.445993042E-1,-9.747130737E0
1.631137717E1,-1.302291870E0,4.864883423E-1,-9.956395569E0
1.632139017E1,-1.061442719E0,7.032376099E-1,-1.003887405E1
1.633140417E1,-1.164278870E0,7.613168335E-1,-9.951006775E0
1.634141817E1,-1.227148132E0,8.505313110E-1,-9.539512482E0
1.635143217E1,-1.340013428E0,1.005010071E0,-9.337283020E0
1.636144617E1,-1.878443756E0,6.683601379E-1,-9.191336517E0
1.637146017E1,-2.468217316E0,1.984872437E-1,-9.033714294E0
1.638147417E1,-2.613565063E0,1.011895752E-1,-9.260792084E0
1.639148817E1,-2.619552612E0,5.852828979E-2,-9.168733521E0
1.640150217E1,-2.580184479E0,4.625381470E-2,-9.085207214E0
1.641151617E1,-2.307601318E0,1.480421448E-1,-9.282646637E0
1.642153017E1,-1.641785889E0,4.438270569E-1,-9.488618317E0
1.643154417E1,-1.135388947E0,7.060816956E-1,-9.577832794E0
1.644155717E1,-8.014334106E-1,8.036787415E-1,-9.345964966E0
1.645157117E1,-4.737648010E-1,8.313711548E-1,-9.025032349E0
1.646158517E1,7.424560547E-2,9.166937256E-1,-8.509953461E0
1.647159917E1,7.795788574E-1,8.011340332E-1,-7.673343201E0
1.648161317E1,1.210083618E0,4.311035156E-1,-6.461014252E0
1.649162717E1,1.409169617E0,5.553451538E-2,-5.336253204E0
1.650164117E1,1.637744293E0,-1.802252197E-1,-3.848646698E0
1.651165517E1,1.847607880E0,-1.300794983E-1,-2.314337311E0
1.652166917E1,1.050814819E0,-5.364843750E-1,-2.367925873E0
1.653168317E1,3.293151855E-2,-7.611671448E-1,-3.066373444E0
1.654169717E1,-6.460565186E-1,-7.397616577E-1,-3.557352448E0
1.655171117E1,-1.133742371E0,-6.343807983E-1,-4.691693573E0
1.656172417E1,-6.325845337E-1,-4.101470947E-2,-5.539530487E0
1.657173817E1,4.532574463E-1,6.506968689E-1,-7.536378021E0
1.658175217E1,2.018402710E0,1.106349335E0,-9.365873566E0
1.659176617E1,2.487377472E0,1.172960815E0,-1.152288803E1
1.660178017E1,9.940827942E-1,2.128573608E-1,-1.391281815E1
1.661179417E1,-1.279838562E0,-1.506018219E0,-1.467757782E1
1.662180817E1,-3.997736664E0,-3.000809784E0,-1.578407684E1
1.663182217E1,-5.237009583E0,-3.706741791E0,-1.561702423E1
1.664183617E1,-4.988825684E0,-3.745660858E0,-1.489238113E1
1.665185017E1,-3.917204132E0,-3.345542908E0,-1.454779770E1
1.666186417E1,-2.690654755E0,-2.895728302E0,-1.414797913E1
1.667187817E1,-1.605561218E0,-2.298170929E0,-1.377660141E1
1.668189217E1,-8.078700256E-1,-2.084116058E0,-1.330627945E1
1.669190517E1,-5.022056580E-1,-1.976938934E0,-1.352392685E1
1.670191917E1,-7.743397522E-1,-2.097588043E0,-1.364652191E1
1.671193317E1,-1.139131165E0,-2.371817780E0,-1.349204315E1
1.672194717E1,-1.216370544E0,-2.586022339E0,-1.321092773E1
1.673196117E1,-1.201102295E0,-2.821931763E0,-1.282727554E1
1.674197517E1,-1.776206360E0,-3.084036713E0,-1.292607010E1
1.675198917E1,-2.661465454E0,-3.434458008E0,-1.307740540E1
1.676200317E1,-3.238365784E0,-3.620820465E0,-1.249571503E1
1.677201717E1,-3.459156647E0,-3.523672485E0,-1.303070251E1
1.678203117E1,-3.137475586E0,-3.132236481E0,-1.360071716E1
1.679204517E1,-2.713557129E0,-2.596201172E0,-1.434212540E1
1.680205817E1,-2.375859375E0,-2.080074463E0,-1.520208710E1
1.681207217E1,-1.795665894E0,-1.582958221E0,-1.534593796E1
1.682208617E1,-1.301992493E0,-1.152303772E0,-1.535327271E1
1.683210017E1,-6.050418091E-1,-8.229885864E-1,-1.485046829E1
1.684211417E1,-6.825805664E-2,-8.292755127E-1,-1.369487137E1
1.685212817E1,-4.962181091E-1,-1.649569702E0,-1.170191574E1
1.686214217E1,-1.104104004E0,-2.239792328E0,-9.770781555E0
1.687215617E1,-1.384021912E0,-2.298619995E0,-9.375154266E0
1.688217017E1,-1.316212921E0,-2.057770844E0,-9.061855774E0
1.689218417E1,-7.939489746E-1,-1.424437866E0,-8.834478607E0
1.690219817E1,-2.409988403E-2,-8.993298340E-1,-8.059091034E0
1.691221217E1,6.084846497E-1,-5.297483826E-1,-7.319479065E0
1.692222517E1,7.575746155E-1,-3.275189209E-1,-6.326294403E0
1.693223917E1,8.141569519E-1,-1.472937012E-1,-4.830754395E0
1.694225317E1,1.016985168E0,1.246907043E-1,-3.537593536E0
1.695226717E1,1.026565247E0,2.944377136E-1,-2.386487274E0
1.696228117E1,6.246510315E-1,1.249900818E-1,-2.044747925E0
1.697229517E1,1.323248291E-1,1.282832336E-1,-2.502346344E0
1.698230917E1,-5.882766724E-2,6.569837952E-1,-3.243604889E0
1.699232317E1,-2.119592285E-1,1.112037506E0,-4.575684814E0
1.700233717E1,-1.014440460E0,1.009949799E0,-6.380032654E0
1.701235117E1,-2.095342712E0,7.780819702E-1,-8.533155212E0
1.702236517E1,-2.538271637E0,8.607101440E-1,-1.031011002E1
1.703237917E1,-2.464624786E0,1.187181244E0,-1.142588974E1
1.704239217E1,-2.201621704E0,1.274898834E0,-1.168051025E1
1.705240617E1,-1.633403320E0,1.191971283E0,-1.084375031E1
1.706242017E1,-9.648934937E-1,1.338217163E0,-9.713750153E0
1.707243467E1,-7.420069885E-1,1.374591522E0,-9.161847839E0
1.708244867E1,-8.351133728E-1,1.110540619E0,-8.714128876E0
1.709246267E1,-1.013991394E0,8.334667969E-1,-8.394094391E0
1.710247667E1,-1.179098053E0,5.995033264E-1,-8.429720306E0
1.711249067E1,-8.759783936E-1,5.152285767E-1,-8.512348480E0
1.712250467E1,-5.848338318E-1,5.257067871E-1,-9.430090027E0
1.713251867E1,-6.062393188E-2,6.459068298E-1,-1.023541534E1
1.714253267E1,8.601113892E-1,6.673123169E-1,-9.951306152E0
1.715254567E1,1.869462433E0,9.312135315E-1,-9.684261475E0
1.716255967E1,2.296075287E0,1.009500732E0,-9.941127319E0
1.717257367E1,2.468067627E0,1.033899994E0,-1.004590942E1
1.718258767E1,2.843786316E0,1.218017120E0,-9.726773071E0
1.719260167E1,3.287613373E0,1.384770355E0,-9.298663330E0
1.720261567E1,4.235142975E0,1.700613556E0,-8.653355255E0
1.721262967E1,4.715643768E0,1.593586121E0,-7.914192352E0
1.722264367E1,4.331841888E0,1.123713226E0,-7.544760590E0
1.723265767E1,3.611240387E0,7.084767151E-1,-7.139702911E0
1.724267167E1,2.622696075E0,3.773652649E-1,-7.085665283E0
1.725268567E1,2.154469757E0,5.322930908E-1,-7.577392731E0
1.726269867E1,1.370849304E0,5.710624695E-1,-8.787176971E0
1.727271267E1,3.119512939E-1,3.989204407E-1,-1.028780640E1
1.728272667E1,-5.662724304E-1,-2.305206299E-2,-1.085976700E1
1.729274067E1,-2.056124268E0,-4.775070190E-1,-1.188992477E1
1.730275467E1,-3.240311737E0,-6.396199036E-1,-1.250349884E1
1.731276867E1,-3.704496460E0,-8.692424011E-1,-1.221085739E1
1.732278267E1,-3.957021332E0,-1.046024780E0,-1.200683167E1
1.733279667E1,-3.989803162E0,-1.014290771E0,-1.165760788E1
1.734281067E1,-3.972888336E0,-9.030720520E-1,-1.112411728E1
1.735282467E1,-4.012555847E0,-7.622149658E-1,-1.062595322E1
1.736283867E1,-4.066892853E0,-6.917115784E-1,-1.029139893E1
1.737285167E1,-4.433181152E0,-8.488847351E-1,-1.057326279E1
1.738286567E1,-5.137765961E0,-1.218915253E0,-1.165566193E1
1.739287967E1,-5.480104065E0,-1.453776855E0,-1.254900421E1
1.740289367E1,-5.048551483E0,-1.335373077E0,-1.268132904E1
1.741290767E1,-4.307592316E0,-1.154399414E0,-1.228405518E1
1.742292167E1,-3.629352722E0,-1.083297272E0,-1.182600769E1
1.743293567E1,-2.963237915E0,-1.036145325E0,-1.113100296E1
1.744294967E1,-3.002755737E0,-1.411115570E0,-1.017419266E1
1.745296367E1,-3.390898590E0,-1.929637299E0,-9.307195587E0
1.746297767E1,-3.781137085E0,-2.195484467E0,-9.056167603E0
1.747299167E1,-3.761827240E0,-2.141596527E0,-9.728120270E0
1.748300467E1,-3.553011475E0,-1.791923676E0,-1.097083603E1
1.749301867E1,-2.935844879E0,-1.206640778E0,-1.275946655E1
1.750303267E1,-2.662213898E0,-4.800517273E-1,-1.494207779E1
1.751304667E1,-3.208428040E0,-3.769161987E-1,-1.628972534E1
1.752306067E1,-3.788322144E0,-5.310955811E-1,-1.629391663E1
1.753307467E1,-3.819457397E0,-6.700067139E-1,-1.490989471E1
1.754308867E1,-3.374133453E0,-8.387059021E-1,-1.267474274E1
1.755310267E1,-2.991080017E0,-9.940827942E-1,-1.070768326E1
1.756311667E1,-2.773282928E0,-1.167122955E0,-9.533225555E0
1.757313067E1,-2.476150818E0,-1.180744629E0,-9.311536560E0
1.758314467E1,-1.695673828E0,-7.707472229E-1,-8.747509460E0
1.759315767E1,-3.662882996E-1,2.095642090E-3,-8.578061829E0
1.760317167E1,7.547305298E-1,6.450086975E-1,-8.652756500E0
1.761318567E1,1.415007477E0,9.071136475E-1,-8.268206177E0
1.762319967E1,1.888772278E0,1.201701050E0,-7.439080353E0
1.763321367E1,2.222578125E0,1.474134521E0,-6.590195618E0
1.764322767E1,2.067799988E0,1.338067474E0,-6.216722260E0
1.765324167E1,1.977687378E0,1.263821869E0,-5.622458038E0
1.766325567E1,2.017354889E0,1.517095184E0,-5.294040985E0
1.767326967E1,1.573378143E0,1.629661102E0,-5.617817688E0
1.768328367E1,1.057850189E0,1.706002350E0,-6.037694550E0
1.769329667E1,5.471122742E-1,1.953587494E0,-6.929090881E0
1.770331067E1,1.916015625E-2,2.123184814E0,-7.968229980E0
1.771332467E1,-3.438349915E-1,2.166893921E0,-8.723858643E0
1.772333867E1,-4.580474854E-1,2.040856018E0,-9.168733521E0
1.773335267E1,-1.282832336E-1,1.904339905E0,-8.883277130E0
1.774336667E1,6.102809143E-1,2.088307343E0,-8.749305725E0
1.775338067E1,1.108894043E0,2.127076721E0,-8.463849335E0
1.776339467E1,9.991722107E-1,1.963017883E0,-8.230634308E0
1.777340867E1,6.261479187E-1,1.784888306E0,-8.164172516E0
1.778342267E1,3.876937866E-2,1.379531250E0,-8.458011475E0
1.779343567E1,-3.995191956E-1,1.023571472E0,-8.764424286E0
1.780344967E1,-5.680686951E-1,8.047265625E-1,-9.397906952E0
1.781346367E1,-5.420228577E-1,9.361532593E-1,-1.045186523E1
1.782347767E1,-3.564088440E-1,1.084345093E0,-1.130868347E1
1.783349167E1,-9.160949707E-2,1.312770081E0,-1.197794174E1
1.784350567E1,6.092330933E-2,1.467248840E0,-1.219993011E1
1.785351967E1,1.375639343E-1,1.407373352E0,-1.190100174E1
1.786353367E1,1.715432739E-1,1.247954865E0,-1.104148911E1
1.787354767E1,-4.490661621E-3,9.964778137E-1,-9.996063080E0
1.788356167E1,-2.068698120E-1,8.367599487E-1,-9.172625427E0
1.789357467E1,-4.975653076E-1,7.096742249E-1,-9.019643555E0
1.790358867E1,-1.020278320E0,6.337820435E-1,-9.755962372E0
1.791360267E1,-1.484612732E0,6.066883850E-1,-9.880653076E0
1.792361667E1,-1.813478851E0,6.331832886E-1,-1.053703812E1
1.793363067E1,-1.819765778E0,8.253836060E-1,-1.152737869E1
1.794364467E1,-1.623224487E0,8.896000671E-1,-1.184277283E1
1.795365867E1,-1.363364868E0,1.047671356E0,-1.183618652E1
1.796367267E1,-1.155596924E0,1.215472412E0,-1.144385239E1
1.797368667E1,-9.081614685E-1,1.305585022E0,-1.125554398E1
1.798370067E1,-5.189707947E-1,1.276246033E0,-1.120494919E1
1.799371467E1,-1.437011719E-1,1.039139099E0,-1.085048630E1
1.800372767E1,-5.104385376E-1,5.854325867E-1,-1.119117783E1
1.801374167E1,-8.785231018E-1,3.370989990E-1,-1.185190384E1
1.802375567E1,-8.593629456E-1,4.082011414E-1,-1.244332397E1
1.803376967E1,-8.545729065E-1,6.375242615E-1,-1.358544891E1
1.804378367E1,-5.327421570E-1,1.037342834E0,-1.454181015E1
1.805379767E1,-3.011737061E-1,1.111438751E0,-1.510553787E1
1.806381167E1,7.334747314E-2,7.572752380E-1,-1.460572723E1
1.807382454E1,5.367837524E-1,6.782395935E-1,-1.390263931E1
1.808383854E1,2.642005920E-1,6.245013428E-1,-1.401745056E1
1.809385254E1,-4.257147217E-1,4.285588074E-1,-1.398332153E1
1.810386554E1,-1.383123779E0,-2.365081787E-2,-1.288774979E1
1.811387954E1,-2.378853149E0,-1.895059204E-1,-1.129341522E1
1.812389354E1,-2.823578339E0,-3.778143311E-1,-9.857451324E0
1.813390754E1,-3.137325897E0,-3.767665100E-1,-9.071585541E0
1.814392154E1,-2.808759155E0,-3.143463135E-2,-9.145980835E0
1.815393554E1,-2.208507385E0,4.405339050E-1,-8.443641357E0
1.816394954E1,-1.944007416E0,9.240284729E-1,-6.976392517E0
1.817396354E1,-1.935624847E0,1.299447784E0,-6.118825836E0
1.818397754E1,-2.408491516E0,1.249152374E0,-5.642516327E0
1.819399154E1,-3.473826141E0,8.677455139E-1,-5.296136627E0
1.820400454E1,-4.305197296E0,8.111631775E-1,-5.383704529E0
1.821401854E1,-4.269122314E0,1.184037781E0,-5.098098450E0
1.822403254E1,-4.060605927E0,1.516945496E0,-4.487069092E0
1.823404654E1,-3.701053619E0,1.793570251E0,-3.531755676E0
1.824406054E1,-3.213667145E0,2.145638123E0,-2.714006195E0
1.825407454E1,-2.986289978E0,2.295925598E0,-2.340532837E0
1.826408854E1,-3.093018036E0,2.308649139E0,-2.035616913E0
1.827410254E1,-3.228935394E0,2.190544739E0,-1.603465576E0
1.828411654E1,-3.500021667E0,1.846110992E0,-1.162183228E0
1.829412954E1,-3.361858978E0,1.444645844E0,-7.592211914E-1
1.830414354E1,-3.233575745E0,1.505718842E0,-1.843566284E0
1.831415754E1,-3.397784271E0,1.348845062E0,-3.555556183E0
1.832417154E1,-3.146307220E0,1.389710083E0,-4.139491882E0
1.833418554E1,-2.272125092E0,1.884281616E0,-5.650749207E0
1.834419954E1,-1.800006866E0,2.133962402E0,-7.819589081E0
1.835421354E1,-1.906285858E0,1.703457642E0,-9.523795166E0
1.836422754E1,-1.589843903E0,1.586550751E0,-1.108265350E1
1.837424154E1,-9.783654785E-1,1.732197876E0,-1.233045868E1
1.838425554E1,-6.724017334E-1,1.560953979E0,-1.286978714E1
1.839426854E1,-1.715432739E-1,1.471589813E0,-1.311692322E1
1.840428254E1,2.411485291E-1,1.507664795E0,-1.368110001E1
1.841429654E1,4.017645264E-1,1.319057007E0,-1.386731277E1
1.842431054E1,3.119512939E-1,9.357041931E-1,-1.355805588E1
1.843432454E1,1.113684082E-1,4.863386536E-1,-1.296873138E1
1.844433854E1,-1.618135071E-1,7.933502197E-2,-1.268282593E1
1.845435254E1,-4.327500916E-1,2.185455322E-2,-1.305884399E1
1.846436654E1,-6.390211487E-1,2.535726929E-1,-1.375953690E1
1.847438054E1,-6.575825500E-1,6.069877625E-1,-1.406565033E1
1.848439354E1,-4.917274475E-1,7.918533325E-1,-1.365011444E1
1.849440754E1,-3.782633972E-1,8.005352783E-1,-1.323278229E1
1.850442154E1,-3.276686096E-1,7.366181946E-1,-1.269659729E1
1.851443554E1,-1.911524963E-1,5.420228577E-1,-1.162946640E1
1.852444954E1,-5.089416504E-1,3.329077148E-1,-1.100421661E1
1.853446354E1,-1.071771240E0,1.872605896E-1,-1.097442856E1
1.854447754E1,-1.299597473E0,2.833607483E-1,-1.074585388E1
1.855449154E1,-1.521286469E0,4.191284180E-1,-1.128054199E1
1.856450554E1,-1.671274567E0,5.278024292E-1,-1.158231445E1
1.857451954E1,-1.473984833E0,8.096662903E-1,-1.151719986E1
1.858453254E1,-1.147962799E0,9.741741943E-1,-1.137529495E1
1.859454654E1,-1.157393188E0,8.116122437E-1,-1.120225479E1
1.860456054E1,-1.613345032E0,5.685177612E-1,-1.196566727E1
1.861457454E1,-1.870959320E0,3.323089600E-1,-1.267983215E1
1.862458854E1,-2.083068237E0,2.395019531E-1,-1.376283005E1
1.863460254E1,-2.500250702E0,2.824626160E-1,-1.491588226E1
1.864461654E1,-2.699935455E0,3.498225403E-1,-1.532722687E1
1.865463054E1,-2.830613708E0,4.134402466E-1,-1.522454041E1
1.866464454E1,-2.939287720E0,3.585044861E-1,-1.451741089E1
1.867465854E1,-3.087030487E0,1.930984497E-1,-1.368124969E1
1.868467154E1,-3.396736450E0,1.029858398E-1,-1.306827438E1
1.869468554E1,-3.433260498E0,2.409988403E-1,-1.210083618E1
1.870469954E1,-3.193309479E0,1.025367737E-1,-1.074031540E1
1.871471354E1,-2.791095886E0,1.745370483E-1,-8.987909546E0
1.872472754E1,-2.592009888E0,6.259982300E-1,-7.183711395E0
1.873474154E1,-2.594554596E0,8.949888611E-1,-5.442831573E0
1.874475554E1,-2.614762573E0,1.050216064E0,-3.559597778E0
1.875476954E1,-2.674338684E0,1.014590149E0,-2.537672882E0
1.876478354E1,-2.934198303E0,7.876620483E-1,-2.231409760E0
1.877479654E1,-3.043171692E0,8.669970703E-1,-2.027234344E0
1.878481054E1,-3.035238190E0,1.238374786E0,-2.110161896E0
1.879482454E1,-2.763403473E0,1.710193634E0,-1.918710022E0
1.880483854E1,-2.361788635E0,2.226170654E0,-1.376088409E0
1.881485254E1,-1.035097504E0,3.292104034E0,-1.251098328E0
1.882486654E1,3.906875610E-2,4.067192230E0,-1.688039703E0
1.883488054E1,2.619552612E-1,4.015998688E0,-1.399739227E0
1.884489454E1,1.800755310E-1,3.958817596E0,1.287322998E-2
1.885490854E1,-8.711883545E-2,3.983366547E0,6.547384644E-1
1.886492154E1,-9.357041931E-1,3.414699097E0,-9.060658264E-1
1.887493554E1,-2.033820648E0,2.797382812E0,-4.169279938E0
1.888494954E1,-2.855012970E0,2.390678558E0,-7.776179352E0
1.889496354E1,-3.390000458E0,2.110910339E0,-1.078477295E1
1.890497754E1,-3.015479279E0,2.029779053E0,-1.256876312E1
1.891499154E1,-1.758393402E0,2.144590302E0,-1.364068405E1
1.892500554E1,-1.886077881E-1,2.273172913E0,-1.406430313E1
1.893501954E1,1.435963898E0,2.315385132E0,-1.380399445E1
1.894503354E1,2.602188721E0,2.122286682E0,-1.300166290E1
1.895504654E1,2.866089935E0,1.524579620E0,-1.260169464E1
1.896506054E1,2.637515259E0,8.931925964E-1,-1.238284973E1
1.897507454E1,2.165397034E0,4.920268250E-1,-1.227552292E1
1.898508854E1,1.857786713E0,4.023632813E-1,-1.244062958E1
1.899510254E1,1.822759552E0,5.992039490E-1,-1.265199005E1
1.900511654E1,2.928360443E0,1.338965607E0,-1.295091843E1
1.901513054E1,2.347418518E0,1.710043945E0,-1.251203110E1
1.902514454E1,1.914219360E0,9.565109253E-1,-1.023197250E1
1.903515854E1,3.836372223E0,1.635349274E0,-9.566157074E0
1.904517154E1,2.848127289E0,8.107141113E-1,-8.344846802E0
1.905518554E1,2.966531067E0,2.636018372E-1,-7.233707428E0
1.906519954E1,3.285667419E0,5.177732849E-1,-6.539002075E0
1.907521354E1,3.121458893E0,6.988966370E-1,-6.769822083E0
1.908522754E1,3.247347107E0,9.975256348E-1,-7.867040405E0
1.909524154E1,3.591780853E0,7.384144592E-1,-8.570128326E0
1.910525554E1,3.657793579E0,1.136287079E0,-9.360335083E0
1.911526954E1,4.105063477E0,2.421065369E0,-1.009186386E1
1.912528354E1,4.065395966E0,3.018622742E0,-1.030921188E1
1.913529654E1,3.403472443E0,3.456162872E0,-1.036055511E1
1.914531054E1,3.609294434E0,3.742367706E0,-1.007809250E1
1.915532454E1,2.955903168E0,4.456083527E0,-9.459878082E0
1.916533854E1,1.957030334E0,4.572691040E0,-8.487051086E0
1.917535254E1,1.827699280E0,4.465214539E0,-6.707102509E0
1.918536654E1,1.587598572E0,4.509971466E0,-4.665647736E0
1.919538054E1,1.655706940E0,5.271288300E0,-2.245031433E0
1.920539454E1,3.439098358E0,6.414760437E0,-2.885100403E0
1.921540754E1,3.201542358E0,8.071814575E0,-2.786904602E0
1.922542154E1,3.076402588E0,8.872948608E0,-2.631827087E0
1.923543554E1,2.359543304E0,9.120084686E0,-1.614841919E0
1.924544954E1,1.608405304E0,9.252409515E0,-4.240681458E-1
1.925546354E1,1.676663361E0,9.321116638E0,5.513035583E-1
1.926547754E1,2.167193298E0,9.483079834E0,1.085093536E0
1.927549154E1,3.389252014E0,9.784253540E0,1.101858673E0
1.928550554E1,4.272864532E0,1.007809250E1,6.604266357E-1
1.929551954E1,3.845952301E0,1.024843826E1,-2.375559998E-1
1.930553254E1,2.729124756E0,1.020008881E1,-1.162332916E0
1.931554654E1,1.009051666E0,9.708660736E0,-9.364526367E-1
1.932556054E1,-5.525010681E-1,9.504185944E0,6.794371033E-1
1.933557454E1,-1.779948578E0,9.396559753E0,2.010020142E0
1.934558854E1,-1.776655426E0,9.763895874E0,2.940784607E0
1.935560254E1,-2.036664734E0,8.747659149E0,2.638563080E0
1.936561654E1,-2.828667755E0,7.675588531E0,3.197650452E0
1.937563054E1,-6.532415771E-1,9.590706024E0,4.225113831E0
1.938564454E1,1.534608765E0,1.063224014E1,3.900289307E0
1.939565754E1,2.802472229E0,1.151749924E1,3.607198792E0
1.940567154E1,2.952460327E0,1.196851135E1,3.152145081E0
1.941568554E1,1.940863953E0,1.139430542E1,2.482138367E0
1.942569954E1,9.205856323E-2,1.050365753E1,2.122436371E0
1.943571354E1,-1.193468170E0,9.936936035E0,2.033670959E0
1.944572754E1,-1.945055237E0,9.335187378E0,2.206711121E0
1.945574154E1,-1.752405853E0,9.325756989E0,3.490291901E0
1.946575554E1,-1.100960541E0,9.085656281E0,4.837939453E0
1.947576854E1,-3.329077148E-1,9.539662170E0,5.913452911E0
1.948578254E1,4.327500916E-1,1.034543655E1,5.130431213E0
1.949579654E1,5.833369446E-1,1.040037231E1,3.652105408E0
1.950581054E1,5.769003296E-1,1.050455566E1,3.014581146E0
1.951582454E1,2.525248718E-1,1.037163208E1,2.561623077E0
1.952583854E1,-4.932243347E-1,9.994266815E0,2.303110657E0
1.953585254E1,-8.201445007E-1,9.617799683E0,3.186723175E0
1.954586654E1,-4.716691589E-1,9.545350342E0,4.835843811E0
1.955588054E1,1.178050232E-1,9.498198395E0,6.125412140E0
1.956589354E1,2.255809021E-1,9.560618591E0,6.898404694E0
1.957590754E1,2.317181396E-1,9.773475952E0,6.871460724E0
1.958592154E1,-9.720785522E-1,8.666378174E0,5.877078552E0
1.959593554E1,-1.433119812E0,8.900491333E0,5.829477539E0
1.960594954E1,-1.201701050E0,9.394164734E0,5.676196289E0
1.961596354E1,-8.773255920E-1,9.271569672E0,5.838758240E0
1.962597754E1,-7.517367554E-1,9.078770599E0,5.958060150E0
1.963599154E1,-6.622229004E-1,9.263486481E0,5.772745514E0
1.964600554E1,-5.276527405E-1,9.150172119E0,5.727838898E0
1.965601854E1,-2.830613708E-1,8.939709778E0,6.036497040E0
1.966603254E1,-1.393601990E-1,8.945847015E0,6.217919769E0
1.967604654E1,1.392105103E-1,9.148226166E0,6.033203888E0
1.968606054E1,-5.134323120E-2,8.587342529E0,5.922883301E0
1.969607454E1,-2.842588806E-1,8.379275208E0,6.097420349E0
1.970608854E1,-5.057981873E-1,8.261021118E0,6.129004669E0
1.971610254E1,-9.048683167E-1,7.979905701E0,6.132148132E0
1.972611654E1,-1.155746613E0,7.855364685E0,5.974376221E0
1.973612954E1,-1.102158051E0,7.872578888E0,5.766907654E0
1.974614354E1,-8.291258240E-1,7.934550018E0,6.032305756E0
1.975615754E1,-3.285667419E-1,8.174051971E0,6.447841644E0
1.976617154E1,-1.137634277E-2,8.269104309E0,6.391708374E0
1.977618554E1,-1.645079041E-1,8.156089325E0,5.921536102E0
1.978619954E1,-3.495231628E-1,8.091723175E0,5.544170837E0
1.979621354E1,-3.019221497E-1,8.142617340E0,5.502108307E0
1.980622754E1,-2.550695801E-1,8.243357849E0,5.682034149E0
1.981624054E1,-3.242257690E-1,8.222251740E0,5.695655823E0
1.982625454E1,-4.649331665E-1,8.245303802E0,5.686973877E0
1.983626854E1,-5.821394348E-1,8.137827301E0,5.645210724E0
1.984628254E1,-2.894979858E-1,8.221353607E0,5.755231934E0
1.985629654E1,3.598516846E-1,8.465495911E0,6.045178986E0
1.986631054E1,7.589218140E-1,8.800199890E0,6.092779999E0
1.987632454E1,4.769082642E-1,8.560099182E0,5.928421783E0
1.988633854E1,-3.173400879E-2,8.477021942E0,5.648354187E0
1.989635154E1,-2.643502808E-1,8.357570343E0,5.515729980E0
1.990636554E1,-3.007246399E-1,8.330925751E0,5.514382782E0
1.991637954E1,-2.414479065E-1,8.445437622E0,5.133574677E0
1.992639354E1,2.176473999E-1,8.626261597E0,4.703818359E0
1.993640754E1,1.114282837E0,8.893905029E0,4.876409454E0
1.994642154E1,1.879192200E0,9.080716553E0,5.253625031E0
1.995643554E1,2.139351196E0,9.119785309E0,5.375321960E0
1.996644954E1,1.939367065E0,9.108109589E0,5.328319702E0
1.997646254E1,1.450034637E0,8.745862885E0,5.146896973E0
1.998647654E1,1.078207855E0,8.631650391E0,4.715045013E0
1.999649054E1,1.015937347E0,8.662336578E0,4.574936371E0
2.000650454E1,1.159189453E0,8.669970703E0,4.605772247E0
2.001651854E1,1.340013428E0,8.702303467E0,4.584815826E0
2.002653254E1,1.556613007E0,8.712182922E0,4.732558594E0
2.003654654E1,1.729204102E0,8.781638489E0,4.989424438E0
2.004656054E1,1.989812164E0,8.876840515E0,4.974305878E0
2.005657454E1,2.128423920E0,8.987011414E0,4.535568237E0
2.006658754E1,1.849254456E0,8.877139893E0,4.439617767E0
2.007660204E1,1.519490204E0,8.691675568E0,4.592899017E0
2.008661604E1,1.291663971E0,8.579558716E0,4.705315247E0
2.009663004E1,1.252295837E0,8.460256805E0,4.631668396E0
2.010664404E1,1.378034363E0,8.472531281E0,4.595443726E0
2.011665804E1,1.573527832E0,8.553363190E0,4.722080383E0
2.012667204E1,1.768721924E0,8.609646149E0,4.822222137E0
2.013668504E1,1.861379242E0,8.665030975E0,4.765789490E0
2.014669904E1,1.738185425E0,8.575816498E0,4.691094818E0
2.015671304E1,1.428629150E0,8.486302643E0,4.594695282E0
2.016672704E1,1.193168793E0,8.429420929E0,4.447102203E0
2.017674104E1,1.055155792E0,8.332871704E0,4.330943756E0
2.018675504E1,1.186283112E0,8.263865204E0,4.456831970E0
2.019676904E1,1.495540009E0,8.399932251E0,4.507426758E0
2.020678304E1,2.255509644E0,9.100625153E0,6.388714600E-1
2.021679604E1,2.467019806E0,9.269174652E0,3.560346222E0
2.022681004E1,2.220632172E0,8.653055878E0,4.266727295E0
2.023682404E1,1.874252472E0,8.713979187E0,4.628075867E0
2.024683804E1,1.668131104E0,8.416398010E0,5.566923523E0
2.025685204E1,1.389261017E0,8.104297028E0,5.833668823E0
2.026686604E1,1.122515717E0,7.985743561E0,5.864654388E0
2.027688004E1,1.003662872E0,7.976762238E0,5.558540955E0