"Time (s)","X (m/s^2)","Y (m/s^2)","Z (m/s^2)"
1.719583333E-3,7.078779602E-1,6.346352692E0,6.792874146E0
1.173358333E-2,6.530918884E-1,6.275998993E0,6.974745941E0
2.174658333E-2,7.318281555E-1,6.218518524E0,7.093449097E0
3.176058333E-2,9.833052063E-1,6.320157166E0,7.153324585E0
4.177458333E-2,1.180295563E0,6.440656586E0,7.087611237E0
5.178858333E-2,1.121617584E0,6.477929077E0,6.903943176E0
6.180158333E-2,9.855505371E-1,6.474935303E0,6.682403870E0
7.181558333E-2,7.542814636E-1,6.405629425E0,6.761140137E0
8.182958333E-2,5.798941040E-1,6.355633392E0,6.854695587E0
9.184358333E-2,4.749623108E-1,6.323749695E0,6.897955627E0
1.018565833E-1,5.349874878E-1,6.352789307E0,6.903943176E0
1.118705833E-1,6.298901367E-1,6.534810791E0,6.772666168E0
1.218845833E-1,7.800279236E-1,6.774312744E0,6.578370209E0
1.318985833E-1,8.027806091E-1,6.903045044E0,6.421795807E0
1.419125833E-1,5.545967102E-1,6.857240295E0,6.314019928E0
1.519255833E-1,2.832110596E-1,6.789730682E0,6.381230164E0
1.619395833E-1,1.686991882E-1,6.713239746E0,6.507417755E0
1.719535833E-1,1.754351807E-1,6.588549042E0,6.606362000E0
1.819675833E-1,5.613327026E-2,6.465055847E0,6.945406952E0
1.919805833E-1,-7.394622803E-2,6.295458527E0,7.344028015E0
2.019945833E-1,-1.951940918E-1,6.159990234E0,7.703430634E0
2.120085833E-1,-2.691403198E-1,6.060147858E0,7.822882233E0
2.220225833E-1,-2.809657288E-1,6.067632294E0,7.865094452E0
2.320365833E-1,-1.924996948E-1,6.148015137E0,7.797584839E0
2.420495833E-1,-1.257385254E-2,6.233038330E0,7.617509308E0
2.520635833E-1,9.565109253E-2,6.275100861E0,7.496560822E0
2.620775833E-1,1.445993042E-1,6.256838837E0,7.514523468E0
2.720915833E-1,1.043330383E-1,6.237828369E0,7.463778992E0
2.821045833E-1,6.436614990E-3,6.310876465E0,7.305857391E0
2.921185833E-1,-7.484436035E-2,6.366410980E0,7.169940033E0
3.021325833E-1,-9.220825195E-2,6.389313354E0,7.284002838E0
3.121465833E-1,-8.038284302E-2,6.383475494E0,7.623347168E0
3.221595833E-1,-4.505630493E-2,6.405180359E0,7.793692932E0
3.321735833E-1,-7.544311523E-2,6.412365417E0,7.791597290E0
3.421875833E-1,-1.291813660E-1,6.430328064E0,7.623945923E0
3.522015833E-1,4.086502075E-2,6.492897949E0,7.381150818E0
3.622155833E-1,2.541714478E-1,6.643784180E0,7.085515594E0
3.722285833E-1,3.020718384E-1,6.771468658E0,6.855444031E0
3.822425833E-1,3.049159241E-1,6.779402161E0,6.856192474E0
3.922565833E-1,3.037184143E-1,6.731052704E0,7.108717346E0
4.022705833E-1,3.674858093E-1,6.742578735E0,7.365583191E0
4.122835833E-1,4.968168640E-1,6.750961304E0,7.410190430E0
4.222975833E-1,5.978567505E-1,6.764882355E0,7.232809296E0
4.323115833E-1,5.478607178E-1,6.728507996E0,7.123985596E0
4.423255833E-1,4.119433594E-1,6.602470093E0,7.291786652E0
4.523395833E-1,3.501219177E-1,6.512956238E0,7.572303314E0
4.623525833E-1,2.601589966E-1,6.442602539E0,7.735763397E0
4.723665833E-1,4.236190796E-2,6.377487946E0,7.530540161E0
4.823805833E-1,-6.661148071E-2,6.440207520E0,7.254364471E0
4.923945833E-1,5.209167480E-2,6.565047913E0,7.011120300E0
5.024075833E-1,2.022294617E-1,6.712790680E0,6.827751617E0
5.124215833E-1,2.351609802E-1,6.841373291E0,6.836732941E0
5.224355833E-1,7.499404907E-2,6.849007416E0,6.831493835E0
5.324495833E-1,-1.121168518E-1,6.834637299E0,6.721622314E0
5.424635833E-1,-1.023870850E-1,6.837331696E0,6.544091492E0
5.524765833E-1,5.388793945E-2,6.908284149E0,6.515201569E0
5.624905833E-1,2.320175171E-1,7.004234619E0,6.673871613E0
5.725045833E-1,3.597019958E-1,6.992259521E0,7.280709686E0
5.825185833E-1,2.821632385E-1,6.847959595E0,7.652835846E0
5.925315833E-1,1.577719116E-1,6.756649475E0,7.610024872E0
6.025455833E-1,1.695973206E-1,6.810387726E0,7.435487823E0
6.125595833E-1,2.165995789E-1,6.866670685E0,7.170089722E0
6.225735833E-1,2.064207458E-1,6.931934967E0,6.919810181E0
6.325875833E-1,2.128573608E-1,7.017107849E0,6.716832275E0
6.426005833E-1,2.405497742E-1,7.078180847E0,6.550228729E0
6.526145833E-1,2.215393066E-1,7.093149719E0,6.483018494E0
6.626285833E-1,1.484912109E-1,6.982230377E0,6.493496704E0
6.726425833E-1,-9.430389404E-2,6.782994690E0,6.488706665E0
6.826565833E-1,-3.835025024E-1,6.627917175E0,6.486760712E0
6.926695833E-1,-5.929170227E-1,6.441704407E0,6.373745728E0
7.026835833E-1,-5.346881104E-1,6.424190826E0,6.303242340E0
7.126975833E-1,-4.379891968E-1,6.470893707E0,6.407575378E0
7.227115833E-1,-4.668791199E-1,6.531517639E0,6.281088409E0
7.327255833E-1,-6.649172974E-1,6.580166473E0,5.912854156E0
7.427385833E-1,-1.054257660E0,6.386768646E0,5.434299316E0
7.527525833E-1,-1.039438477E0,6.362369385E0,4.941374359E0
7.627665833E-1,-9.289682007E-1,6.442901917E0,4.621639252E0
7.727805833E-1,-1.100212097E0,6.198460236E0,4.100423126E0
7.827935833E-1,-1.392105103E0,5.963598633E0,3.396886139E0
7.928075833E-1,-1.316362610E0,5.839656372E0,3.187471619E0
8.028215833E-1,-1.018332367E0,5.789061584E0,3.881129150E0
8.128355833E-1,-9.931846619E-1,5.568570099E0,4.272864532E0
8.228495833E-1,-7.432044983E-1,5.317841492E0,4.235442352E0
8.328625833E-1,-8.282276917E-1,5.204078064E0,4.375101929E0
8.428765417E-1,-6.152206421E-1,5.192252655E0,4.807702332E0
8.528905417E-1,2.255809021E-1,5.086871796E0,4.940476227E0
8.629045417E-1,1.333427124E0,5.227728882E0,5.430257721E0
8.729185417E-1,2.779420166E0,6.056854706E0,6.258186035E0
8.829315417E-1,3.468587036E0,5.817951508E0,7.250023499E0
8.929455417E-1,3.478167114E0,5.667214966E0,6.828649750E0
9.029595417E-1,4.216880951E0,5.535788269E0,5.976322174E0
9.129735417E-1,4.777165833E0,6.012846222E0,4.553530884E0
9.229865417E-1,5.264552307E0,6.678062897E0,2.518961792E0
9.330005417E-1,5.794300690E0,6.386319580E0,2.431393890E0
9.430145417E-1,7.141050110E0,6.483018494E0,3.698209534E0
9.530285417E-1,9.857900391E0,7.263645172E0,6.396049347E0
9.630425417E-1,1.222582626E1,8.253985748E0,8.916508026E0
9.730555417E-1,1.371687561E1,8.646170197E0,9.627978516E0
9.830695417E-1,1.523935959E1,9.736353149E0,9.906549225E0
9.930835417E-1,1.853760086E1,1.073926758E1,1.013153137E1
1.003097542E0,2.066183350E1,1.117905304E1,9.645641785E0
1.143290542E0,1.764291138E1,1.521136780E0,4.560715942E0
1.153304542E0,1.490600281E1,-6.083349609E-1,4.660708008E0
1.163318542E0,1.149414780E1,-2.998414764E0,5.199437714E0
1.173331542E0,8.183033295E0,-5.261558533E0,5.721402283E0
1.183345542E0,5.417683868E0,-7.045997772E0,6.147117004E0
1.193359542E0,2.362836456E0,-8.592282257E0,7.299869843E0
1.203373542E0,-1.709445190E0,-1.081201630E1,7.485932922E0
1.213387542E0,-5.935008087E0,-1.231234634E1,5.839207306E0
1.223400542E0,-9.764344940E0,-1.326751007E1,5.261558533E0
1.233414542E0,-1.369337448E1,-1.424946808E1,4.805756378E0
1.243428542E0,-1.701152435E1,-1.466724930E1,4.253255310E0
1.253442542E0,-1.916464691E1,-1.427042450E1,4.963977356E0
1.263456542E0,-1.978196320E1,-1.321347244E1,5.703439636E0
1.323538542E0,-1.634615799E1,-6.036197662E0,-2.149679718E0
1.333552542E0,-1.130958160E1,-2.312840424E0,-1.174457703E0
1.343566542E0,-6.532415771E0,9.747729492E-1,-5.224136353E-1
1.353580542E0,-2.154170380E0,2.871628418E0,1.188827820E0
1.363594542E0,3.633094940E0,3.970343628E0,1.410367126E0
1.373608542E0,1.181313446E1,5.219945068E0,-1.746567993E0
1.383621542E0,2.075449081E1,6.601571960E0,-5.969436493E0
1.393635542E0,2.861719025E1,7.417375488E0,-9.191336517E0
1.493773542E0,1.819780746E1,1.699565735E0,-1.410771286E1
1.503787542E0,1.330119003E1,3.240760803E-1,-1.321526871E1
1.513801542E0,8.777896271E0,-9.310638428E-1,-1.123593475E1
1.523815542E0,4.774471436E0,-2.144739990E0,-8.314909058E0
1.533828542E0,1.209484863E0,-3.032094727E0,-3.956572266E0
1.543842542E0,-2.236499176E0,-3.311264191E0,-4.326004028E-1
1.553856542E0,-5.023703156E0,-3.166066132E0,1.650767212E0
1.563870542E0,-6.065536652E0,-2.068847809E0,3.288810883E0
1.573884542E0,-5.288352814E0,-1.562750244E-1,3.687282257E0
1.583898542E0,-3.525319061E0,1.916315002E0,4.682562561E0
1.593911542E0,-1.621278534E0,3.906576233E0,6.794371033E0
1.603925542E0,4.041595459E-3,5.442532196E0,9.667795715E0
1.613939542E0,8.620573425E-1,5.699547729E0,1.349129471E1
1.623953542E0,9.578581238E-1,5.653443604E0,1.741164230E1
1.633967542E0,6.114784241E-1,5.799988861E0,2.063144669E1
1.643980542E0,1.911524963E-1,5.331163788E0,2.304817108E1
1.724091542E0,9.838440857E0,2.614762573E0,1.596714615E1
1.734105542E0,1.015203873E1,1.847607880E0,1.068133804E1
1.744119542E0,1.145163620E1,2.106419678E0,5.392685852E0
1.754132542E0,1.316961365E1,2.672392731E0,6.502478027E-1
1.764146542E0,1.461860046E1,3.188519440E0,-3.764072571E0
1.774160542E0,1.524594589E1,4.031716003E0,-8.098010101E0
1.784174542E0,1.513547562E1,4.700674896E0,-1.133652557E1
1.794188542E0,1.469554047E1,4.713099060E0,-1.309147614E1
1.804202542E0,1.435125641E1,4.504133606E0,-1.391371628E1
1.814215542E0,1.398377060E1,4.121678925E0,-1.489911713E1
1.824229542E0,1.340956467E1,3.719315643E0,-1.573991867E1
1.834243542E0,1.276036469E1,3.749103699E0,-1.663056656E1
1.844257292E0,1.221415054E1,4.041595459E0,-1.782642975E1
1.854271292E0,1.180819473E1,4.332290955E0,-1.875899048E1
1.864284292E0,1.079031143E1,4.364324341E0,-1.839928848E1
1.874298292E0,8.951684875E0,4.068389740E0,-1.678414719E1
1.884312292E0,6.743626556E0,3.272794189E0,-1.464749039E1
1.894326292E0,4.818030853E0,2.389481049E0,-1.259151581E1
1.904340292E0,2.835403748E0,1.308878174E0,-1.005519012E1
1.914354292E0,5.040019226E-1,7.439529419E-2,-6.843319244E0
1.924367292E0,-1.749262390E0,-1.188229065E0,-3.647465057E0
1.934381292E0,-3.423680420E0,-2.128872986E0,-6.107299805E-1
1.944395292E0,-4.193080444E0,-2.637515259E0,2.305505676E0
1.954409292E0,-4.144281921E0,-2.557880859E0,5.390141144E0
1.964423292E0,-3.632346497E0,-1.805245972E0,7.635921021E0
1.974436292E0,-2.485431519E0,-1.088536377E0,8.313711548E0
1.984450292E0,-1.371448059E0,-8.909472656E-1,7.793842621E0
1.994464292E0,2.170486450E-2,-8.472381592E-1,6.960675201E0
2.004478292E0,1.189276886E0,-1.222956848E0,6.387217712E0
2.014492292E0,2.258653107E0,-1.034199371E0,6.334976349E0
2.024506292E0,3.500021667E0,1.049317932E-1,5.776038666E0
2.034519292E0,4.948409729E0,1.249002686E0,5.324876862E0
2.044533292E0,7.240293732E0,2.962489471E0,5.237159271E0
2.054547292E0,1.087458618E1,5.091961212E0,5.132676544E0
2.064561292E0,1.498937943E1,6.545588379E0,4.756359100E0
2.074575292E0,1.817969513E1,6.968309326E0,5.057233429E0
2.084589292E0,2.066333038E1,6.789730682E0,5.976172485E0
2.234796292E0,1.847054031E1,4.168381805E0,1.145717468E0
2.244810292E0,1.673280396E1,3.470233612E0,1.972897339E-1
2.254824292E0,1.462907867E1,2.540516968E0,1.182540894E-1
2.264838292E0,1.237072495E1,1.640588379E0,2.137554932E-1
2.274851292E0,1.016715729E1,9.220825195E-1,-6.676116943E-2
2.284865292E0,8.284073181E0,4.791535950E-1,-5.062472534E-1
2.294879292E0,6.735393677E0,3.799099731E-1,-1.237776031E0
2.304893292E0,5.258415070E0,2.113604736E-1,-2.056723022E0
2.314907292E0,3.966900787E0,-7.828720093E-2,-2.596201172E0
2.324921292E0,2.724334717E0,-5.959107971E-1,-2.083666992E0
2.334934292E0,1.525477753E0,-1.019829254E0,-1.482068024E0
2.344948292E0,5.134323120E-2,-1.271306305E0,-1.455872498E0
2.354962292E0,-1.982327728E0,-1.696721649E0,-1.585353241E0
2.364976292E0,-3.704047394E0,-1.758094025E0,-1.601220245E0
2.374990292E0,-4.564607849E0,-1.419797516E0,-1.912273407E0
2.385004292E0,-4.463867340E0,-7.586224365E-1,-2.471510468E0
2.395017292E0,-4.133803711E0,-2.568658447E-1,-2.713856506E0
2.405031292E0,-3.893852692E0,-1.797761536E-1,-2.264640656E0
2.415045292E0,-3.979175262E0,6.361770630E-2,-1.610500946E0
2.425059292E0,-3.984564056E0,4.269122314E-1,-5.819897461E-1
2.435073292E0,-3.738026733E0,6.171665955E-1,9.032217407E-1
2.445087292E0,-3.244802399E0,7.776329041E-1,2.153122559E0
2.455100292E0,-2.496358795E0,8.809181213E-1,3.621419220E0
2.465114292E0,-1.597777405E0,1.086440735E0,4.919669495E0
2.475128292E0,-4.882846069E-1,1.334175568E0,5.304369507E0
2.485142292E0,8.505313110E-1,1.765129395E0,5.099146271E0
2.495156292E0,2.130369873E0,2.564766541E0,5.359904022E0
2.505170292E0,3.443139954E0,3.567980347E0,5.542524261E0
2.515184292E0,4.696782990E0,3.952231293E0,6.108647003E0
2.525197292E0,5.336103516E0,3.816613312E0,7.337142334E0
2.535211292E0,5.422324219E0,3.204536133E0,8.300688629E0
2.545225292E0,5.463787994E0,2.124981079E0,9.668993225E0
2.555239292E0,5.296585693E0,5.698649597E-1,1.113818802E1
2.565253292E0,7.171436920E0,2.987786865E-1,1.156854309E1
2.575267292E0,1.134805161E1,1.447489929E0,9.673334198E0
2.585280292E0,1.438882828E1,2.526296539E0,6.590794373E0
2.595294292E0,1.546853302E1,3.258873138E0,2.929557953E0
2.605308292E0,1.559322372E1,3.500021667E0,-3.287164307E-1
2.615322292E0,1.544518158E1,3.248694305E0,-2.396666107E0
2.625336292E0,1.644600037E1,3.287014618E0,-3.259471893E0
2.635350292E0,1.872665771E1,4.070036316E0,-4.642146606E0
2.645364292E0,2.064222427E1,4.954996033E0,-6.483168182E0
2.725474292E0,1.865705246E1,4.567152557E0,-1.194261520E1
2.735488292E0,1.772988052E1,4.457580414E0,-1.097921860E1
2.745502292E0,1.619826553E1,4.083208923E0,-9.707163849E0
2.755516292E0,1.470422241E1,3.633993073E0,-8.550070038E0
2.765530292E0,1.412118484E1,3.574866028E0,-7.591912537E0
2.775544292E0,1.471889191E1,3.850592651E0,-6.680308228E0
2.785557292E0,1.573482925E1,4.198618927E0,-5.991889801E0
2.795571292E0,1.588242233E1,4.131109314E0,-5.048850861E0
2.805585292E0,1.509715530E1,3.585793304E0,-3.149750061E0
2.815599292E0,1.376657227E1,2.814147949E0,-6.373745728E-1
2.825613292E0,1.191716812E1,2.011966095E0,1.966011658E0
2.835627292E0,9.830507355E0,1.302890625E0,3.797004089E0
2.845641167E0,7.676486664E0,7.691006470E-1,4.656816101E0
2.855654167E0,5.888903961E0,5.566923523E-1,5.122497711E0
2.865668167E0,4.505630493E0,6.089337158E-1,5.501210175E0
2.875682167E0,3.463198242E0,9.057664490E-1,5.795647888E0
2.885696167E0,2.894530792E0,1.381776581E0,6.560706940E0
2.895710167E0,2.435285797E0,1.790277100E0,7.386240234E0
2.905724167E0,2.616558838E0,2.248025208E0,7.918832703E0
2.915738167E0,3.110980682E0,2.477048950E0,9.014105072E0
2.925751167E0,2.670446777E0,2.283950500E0,1.128982269E1
2.935765167E0,1.742825775E0,1.821262665E0,1.317155960E1
2.945779167E0,8.289761353E-1,1.269959106E0,1.340163116E1
2.955793167E0,3.600013733E-1,1.149609375E0,1.303758820E1
2.965807167E0,1.751358032E-2,1.369202728E0,1.294268555E1
2.975821167E0,1.137634277E-2,1.771116943E0,1.239811798E1
2.985835167E0,4.064048767E-1,1.917512512E0,1.182076859E1
2.995848167E0,1.417701874E0,2.452200623E0,1.133248398E1
3.005862167E0,3.277883606E0,3.111280060E0,1.081096848E1
3.015876167E0,5.110522614E0,3.755690002E0,1.025667114E1
3.025890167E0,6.287525024E0,4.133204956E0,8.618926849E0
3.035904167E0,7.551496582E0,4.053121490E0,6.939868469E0
3.045918167E0,8.650211792E0,4.016148376E0,5.653742981E0
3.055932167E0,8.802744598E0,3.434458008E0,4.713548126E0
3.065945167E0,8.835077362E0,2.568508759E0,4.078867950E0
3.075959167E0,1.009635452E1,2.657573547E0,2.977608032E0
3.085973167E0,1.190893524E1,3.023861847E0,7.539820862E-1
3.095987167E0,1.294987061E1,2.928809509E0,-1.364861755E0
3.106001167E0,1.362526611E1,3.293151855E0,-3.762875061E0
3.116015167E0,1.437221283E1,3.991749115E0,-6.180198212E0
3.126029167E0,1.464524506E1,4.227508850E0,-8.213270416E0
3.136042167E0,1.435410049E1,4.156855774E0,-9.825268250E0
3.146056167E0,1.380189880E1,4.177213440E0,-1.117261642E1
3.156070167E0,1.335073700E1,3.960015106E0,-1.211490692E1
3.166084167E0,1.287906784E1,3.247796173E0,-1.235665421E1
3.176098167E0,1.259435989E1,2.923420715E0,-1.208272385E1
3.186112167E0,1.221205490E1,2.868934021E0,-1.228615082E1
3.196126167E0,1.142618912E1,2.614612885E0,-1.254645950E1
3.206139167E0,1.052536240E1,2.475701752E0,-1.259376114E1
3.216153167E0,9.792935486E0,2.558928680E0,-1.252744904E1
3.226167167E0,9.299262085E0,2.545756073E0,-1.250769012E1
3.236181167E0,8.904532928E0,2.671943665E0,-1.260828094E1
3.246195167E0,8.784482574E0,2.936293945E0,-1.253867569E1
3.256209167E0,8.853638763E0,3.244802399E0,-1.180909286E1
3.266223167E0,8.957672424E0,3.728147278E0,-1.081680634E1
3.276237167E0,8.874445496E0,3.949686584E0,-9.629325714E0
3.286250167E0,8.782835999E0,3.702400818E0,-9.312734070E0
3.296264167E0,9.210945740E0,3.799548798E0,-8.513396301E0
3.306278167E0,9.882149963E0,3.805536346E0,-7.187004547E0
3.316292167E0,1.047237259E1,3.736829224E0,-6.304888916E0
3.326306167E0,1.094164673E1,3.762126617E0,-5.832171936E0
3.336320167E0,1.132155670E1,3.838617554E0,-4.736001434E0
3.346334167E0,1.198288147E1,4.120331726E0,-2.746189270E0
3.356347167E0,1.250783981E1,4.364474030E0,-8.901988220E-1
3.366361167E0,1.253179001E1,4.490960999E0,3.263214111E-1
3.376375167E0,1.251457581E1,4.976401520E0,7.433541870E-1
3.386389167E0,1.254017258E1,5.484295349E0,8.858578491E-1
3.396403167E0,1.270827301E1,5.960006104E0,1.027762756E0
3.406417167E0,1.306498123E1,6.232738953E0,1.104403381E0
3.416431167E0,1.350805984E1,6.314468994E0,1.512454834E0
3.426445167E0,1.402643188E1,6.250551910E0,2.758014679E0
3.436458167E0,1.318098999E1,5.789810028E0,4.365970917E0
3.446472167E0,1.124311981E1,4.944218445E0,6.264772339E0
3.456486167E0,8.972042542E0,3.931873627E0,7.589966583E0
3.466500167E0,6.924899597E0,3.247796173E0,8.105045471E0
3.476514167E0,5.186265106E0,2.874173126E0,8.533454590E0
3.486528167E0,3.251987457E0,2.378104706E0,8.511150970E0
3.496542167E0,1.592538300E0,2.140698395E0,8.120463409E0
3.506556167E0,7.643106079E-1,2.291734314E0,6.650520172E0
3.516569167E0,2.520758057E-1,2.653981018E0,4.517904968E0
3.526583167E0,-3.375480652E-1,3.065325623E0,3.249592438E0
3.536597167E0,-3.580554199E-1,3.656596069E0,2.096540222E0
3.546611167E0,-2.754272461E-1,4.191134491E0,8.366102600E-1
3.556625167E0,-9.228309631E-1,3.857029266E0,4.999603271E-1
3.566639167E0,-1.093027039E0,3.735631714E0,1.001417542E0
3.576653167E0,-7.664062500E-2,4.111350403E0,1.270857239E0
3.586667167E0,7.867639160E-1,4.351750488E0,9.286688232E-1
3.596680167E0,1.305734711E0,4.587659912E0,6.017486572E-1
3.606694167E0,2.626138916E0,5.102140045E0,3.802093506E-1
3.616708167E0,3.893403625E0,5.333708496E0,2.387535095E-1
3.626722167E0,4.439318390E0,5.163961487E0,-4.266128540E-2
3.636736167E0,5.203928375E0,5.353467407E0,-7.376660156E-1
3.646750167E0,6.904092865E0,5.973328400E0,-1.659449158E0
3.656764167E0,8.669072571E0,6.637646942E0,-2.437980194E0
3.666778167E0,1.010548553E1,7.269183655E0,-3.161725159E0
3.676791167E0,1.098625397E1,7.703131256E0,-3.714525604E0
3.686805167E0,1.121273300E1,7.800578613E0,-3.919150085E0
3.696819167E0,1.068178711E1,7.622898102E0,-3.513044586E0
3.706833167E0,1.017449203E1,7.204967194E0,-2.770289154E0
3.716847167E0,9.609417114E0,6.691834259E0,-1.941762085E0
3.726861167E0,9.126371613E0,6.114185486E0,-8.345146179E-1
3.736875167E0,8.936117249E0,5.715564423E0,3.441343689E-1
3.746889167E0,8.390950928E0,5.333109741E0,6.080355835E-1
3.756902167E0,7.667505341E0,5.248535614E0,3.216810608E-1
3.766916167E0,7.179819489E0,5.339845734E0,1.772314453E-1
3.776930167E0,6.975793762E0,5.574407959E0,-5.927673340E-1
3.786944167E0,6.706204376E0,5.700296173E0,-1.400787048E0
3.796958167E0,6.468498688E0,5.744454346E0,-1.960622864E0
3.806972167E0,6.740632782E0,5.826034698E0,-2.115999756E0
3.816986167E0,6.864575043E0,5.634732513E0,-1.554217987E0
3.827000167E0,5.961802368E0,4.677173767E0,-8.604107666E-1
3.837014417E0,5.384752350E0,4.142485657E0,-9.644444275E-1
3.847027417E0,5.970334625E0,4.448000336E0,-1.171912994E0
3.857041417E0,6.157744904E0,4.658013611E0,-1.168769531E0
3.867055417E0,6.374943237E0,4.653822327E0,-2.185455322E0
3.877069417E0,6.786886597E0,4.482728119E0,-3.573967896E0
3.887083417E0,7.248077545E0,4.396657104E0,-4.544699249E0
3.897097417E0,7.942782898E0,4.369264069E0,-4.710554352E0
3.907111417E0,8.767268372E0,4.272415466E0,-4.494403839E0
3.917125417E0,9.816735992E0,3.994892578E0,-4.538711700E0
3.927138417E0,1.136436768E1,3.563639374E0,-4.097579041E0
3.937152417E0,1.332978058E1,3.369343414E0,-3.390000458E0
3.947166417E0,1.415082321E1,2.574945374E0,-3.916156311E0
3.957180417E0,1.445798447E1,2.137704620E0,-5.404660950E0
3.967194417E0,1.631607056E1,2.878813477E0,-6.377188568E0
3.977208417E0,1.779020508E1,2.940784607E0,-6.301146698E0
3.987222417E0,1.849853210E1,2.945424957E0,-6.061495056E0
3.997236417E0,1.846919312E1,2.953957214E0,-4.883893890E0
4.007250417E0,1.769395523E1,2.417472839E0,-3.792962494E0
4.017263417E0,1.743514343E1,2.344873810E0,-3.457959137E0
4.027277417E0,1.724623627E1,2.096839600E0,-3.269201660E0
4.037291417E0,1.687036789E1,1.426982574E0,-3.023412781E0
4.047305417E0,1.519505173E1,8.008346558E-1,-3.161874847E0
4.057319417E0,1.337348969E1,7.050338745E-1,-4.241579590E0
4.067333417E0,1.212942673E1,1.360221405E0,-5.202281799E0
4.077347417E0,1.083252365E1,1.889670410E0,-5.448968811E0
4.087361417E0,9.070388031E0,2.043550415E0,-5.302124176E0
4.097375417E0,6.797514496E0,2.382595367E0,-5.145998840E0
4.107388417E0,4.232897644E0,2.990481262E0,-5.265450439E0
4.117402417E0,2.244432678E0,3.369044037E0,-5.696254578E0
4.127416417E0,6.825805664E-1,3.836521912E0,-6.046675873E0
4.137430417E0,-1.597028961E0,3.849544830E0,-6.046526184E0
4.147444417E0,-3.157234497E0,4.283043365E0,-5.987548828E0
4.157458417E0,-4.785548401E0,5.014871521E0,-5.281467133E0
4.167472417E0,-6.574478302E0,5.554499359E0,-4.316124573E0
4.177486417E0,-8.324189758E0,5.566624146E0,-3.046614532E0
4.187500417E0,-9.736502838E0,5.304070129E0,-1.785786438E0
4.197513417E0,-9.740095367E0,6.101611633E0,-9.572593689E-1
4.207527417E0,-7.243137817E0,7.369924164E0,-5.245092773E-1
4.217541417E0,-4.133953400E0,8.457263031E0,8.632548523E-1
4.227555417E0,-3.350033569E-1,9.172475739E0,1.862127686E0
4.237569417E0,3.811523895E0,9.164392548E0,1.018482056E0
4.247583417E0,6.903045044E0,8.565937042E0,-8.545729065E-1
4.257597417E0,9.134305115E0,7.277865601E0,-2.697989502E0
4.267611417E0,1.178693893E1,6.438411255E0,-3.879781952E0
4.277625417E0,1.487890915E1,6.140530701E0,-5.471272430E0
4.287638417E0,1.743634094E1,5.452561340E0,-6.186036072E0
4.297652417E0,1.992326935E1,4.309687958E0,-5.725892944E0
4.307666417E0,2.307601318E1,3.489543457E0,-6.660249939E0
4.427833417E0,1.544667847E1,-2.236050110E0,-6.682553558E0
4.437847417E0,1.092368408E1,-3.204536133E0,-4.480782166E0
4.447861417E0,6.922504578E0,-3.667972412E0,-2.901416473E0
4.457875417E0,3.808979187E0,-3.483705597E0,-1.701062622E0
4.467889417E0,8.574169922E-1,-3.383713531E0,-3.793112183E-1
4.477903417E0,-2.318378906E0,-3.561843109E0,1.215472412E0
4.487916417E0,-5.706882477E0,-3.919449463E0,3.119662628E0
4.497930417E0,-8.503965912E0,-3.951333160E0,4.795278168E0
4.507944417E0,-1.025083328E1,-3.381318512E0,6.276148682E0
4.517958417E0,-1.177885574E1,-2.718347168E0,7.050189056E0
4.527972417E0,-1.311901886E1,-2.159708862E0,6.441255341E0
4.537986417E0,-1.397598679E1,-1.623972931E0,5.446723480E0
4.548000417E0,-1.471305405E1,-1.265917511E0,4.434528351E0
4.558014417E0,-1.491154129E1,-1.169817352E0,4.179758148E0
4.568028417E0,-1.485915024E1,-1.152154083E0,4.087400208E0
4.578042417E0,-1.411953827E1,-8.970845032E-1,4.524341583E0
4.588055417E0,-1.268267624E1,-1.119222565E0,6.026318207E0
4.598069417E0,-1.157632690E1,-1.708846436E0,7.356003113E0
4.608083417E0,-1.089195007E1,-2.406246185E0,7.675738220E0
4.618097417E0,-1.096559692E1,-3.231031036E0,6.843768311E0
4.628111417E0,-1.098595459E1,-3.852837982E0,5.315446472E0
4.638125417E0,-9.803862762E0,-3.253184967E0,3.364553375E0
4.648139417E0,-7.365283813E0,-1.472338257E0,5.667214966E-1
4.658153417E0,-4.157753906E0,2.372566223E-1,-2.462678833E0
4.668167417E0,-1.738933868E0,1.120120697E0,-5.275030518E0
4.678181417E0,-1.441502380E-1,1.145717468E0,-6.801406403E0
4.688194417E0,2.626887360E0,9.286688232E-1,-7.417076111E0
4.698208417E0,6.466253357E0,1.937271423E0,-7.982899475E0
4.708222417E0,1.113294891E1,3.572171631E0,-9.012458496E0
4.718236417E0,1.688937836E1,5.536087646E0,-1.058942917E1
4.728250417E0,2.255225235E1,7.076534271E0,-1.255095016E1
4.738264417E0,2.705803253E1,7.688162384E0,-1.367705841E1
4.818375417E0,1.639780060E1,2.969973907E0,-1.565833832E1
4.828389417E0,1.218196747E1,2.183359680E0,-1.640378815E1
4.838403042E0,8.349636841E0,1.261576538E0,-1.594080093E1
4.848417042E0,5.428311768E0,6.385720825E-1,-1.377705048E1
4.858431042E0,3.410956879E0,-9.819580078E-2,-1.025113266E1
4.868445042E0,1.274749146E0,-7.982899475E-1,-6.336173859E0
4.878459042E0,-7.343728638E-1,-1.080752563E0,-3.222349091E0
4.888473042E0,-2.194736023E0,-9.147477722E-1,-1.747466125E0
4.898486042E0,-2.860701141E0,-3.817062378E-2,-1.353485413E0
4.908500042E0,-1.942510529E0,1.223405914E0,-1.407373352E0
4.918514042E0,4.337979126E-1,2.949915619E0,-1.517693939E0
4.928528042E0,3.539689178E0,5.099295959E0,-1.319356384E0
4.938542042E0,6.775210876E0,7.284900970E0,-6.125262451E-1
4.948556042E0,8.418343964E0,8.337661743E0,1.112336884E0
4.958570042E0,8.848998413E0,8.251441040E0,3.592080231E0
4.968584042E0,9.464219055E0,7.588769073E0,6.407575378E0
4.978598042E0,1.049991531E1,6.857839050E0,8.969647522E0
4.988612042E0,1.191222839E1,5.977519684E0,1.104268661E1
4.998626042E0,1.346524887E1,5.426665192E0,1.215696945E1
5.008639042E0,1.538874893E1,5.814358978E0,1.228225891E1
5.018653042E0,1.761027924E1,6.245911560E0,1.206131836E1
5.028667042E0,1.899100800E1,6.203399963E0,1.156060959E1
5.038681042E0,1.911794403E1,5.884263611E0,9.755812683E0
5.048695042E0,1.832728821E1,5.337899780E0,6.871311035E0
5.058709042E0,1.684282516E1,4.234993286E0,4.609664154E0
5.068723042E0,1.489312958E1,3.292852478E0,2.478396149E0
5.078737042E0,1.299163376E1,2.703827362E0,2.005828857E-1
5.088751042E0,1.144235550E1,2.281705170E0,-1.967209167E0
5.098765042E0,1.015847534E1,1.899100800E0,-3.967948608E0
5.108779042E0,9.007219391E0,1.683998108E0,-5.659281464E0
5.118792042E0,8.306825867E0,9.786648560E-1,-6.644682312E0
5.128806042E0,7.315138092E0,2.365081787E-1,-8.361911316E0
5.138820042E0,6.386918335E0,2.323168945E-1,-1.092518097E1
5.148834042E0,5.835465088E0,5.620811462E-1,-1.326900696E1
5.158848042E0,5.272336121E0,5.533992004E-1,-1.442056229E1
5.168862042E0,4.057312775E0,3.881428528E-1,-1.486154526E1
5.178876042E0,3.046764221E0,1.302291870E-1,-1.527049484E1
5.188890042E0,2.911445618E0,-1.077758789E-2,-1.527513519E1
5.198904042E0,3.944148102E0,5.881269836E-1,-1.479852631E1
5.208918042E0,4.823868713E0,1.184337158E0,-1.471185654E1
5.218932042E0,5.204227753E0,1.360520782E0,-1.457923233E1
5.228946042E0,5.270390167E0,1.360071716E0,-1.410127625E1
5.238959042E0,5.088817749E0,1.238225098E0,-1.365340759E1
5.248973042E0,4.356390839E0,9.201365662E-1,-1.305929306E1
5.258987042E0,3.521876221E0,2.930905151E-1,-1.212538513E1
5.269001042E0,3.003204803E0,-3.312611389E-1,-1.111468689E1
5.279015042E0,2.167043610E0,-6.738986206E-1,-9.077722778E0
5.289029042E0,1.304387512E0,-1.136885834E0,-6.796766052E0
5.299043042E0,4.700225830E-1,-1.411414948E0,-5.386997681E0
5.309057042E0,-4.891827393E-1,-1.456471252E0,-5.623655548E0
5.319071042E0,-1.099613342E0,-1.474134521E0,-6.860084381E0
5.329085042E0,-9.065148926E-1,-1.313368835E0,-7.864196320E0
5.339099042E0,5.463638306E-2,-7.794291687E-1,-8.174650726E0
5.349113042E0,1.155297546E0,-2.249821472E-1,-8.099207611E0
5.359126042E0,2.076032867E0,1.062789917E-1,-8.240513763E0
5.369140042E0,2.054328003E0,-3.200344849E-1,-7.718399506E0
5.379154042E0,1.212778015E0,-1.328936462E0,-6.538103943E0
5.389168042E0,6.873706055E-1,-1.947749634E0,-4.082909546E0
5.399182042E0,1.302291870E-1,-2.414179688E0,-1.082099762E0
5.409196042E0,-2.619552612E-1,-2.165995789E0,4.670288086E-1
5.419210042E0,1.384321289E0,-9.897418213E-1,1.523831177E-1
5.429224042E0,4.206253052E0,1.117575989E0,-3.454815674E-1
5.439238042E0,7.411687317E0,3.562292175E0,-1.016386414E0
5.449252042E0,1.093865295E1,4.826862488E0,-2.240091705E0
5.459266042E0,1.389575363E1,5.220094757E0,-4.018693085E0
5.469280042E0,1.663176407E1,5.002297668E0,-5.031936035E0
5.479293042E0,2.012654663E1,4.571343842E0,-3.772455139E0
5.489307042E0,2.346909576E1,4.272415466E0,-1.100960541E0
5.559405042E0,1.825633575E1,2.930007019E0,-6.418951721E0
5.569419042E0,1.602402786E1,2.501747589E0,-6.733747101E0
5.579433042E0,1.404155045E1,2.198178864E0,-6.729106750E0
5.589447042E0,1.240679993E1,2.175725555E0,-6.328539734E0
5.599460042E0,1.079300583E1,1.896556091E0,-5.919440460E0
5.609474042E0,8.824748840E0,1.418450317E0,-5.211712189E0
5.619488042E0,7.110513611E0,7.920030212E-1,-4.575535126E0
5.629502042E0,6.045328674E0,3.890409851E-1,-4.313729553E0
5.639516042E0,5.845344543E0,4.210743713E-1,-4.176165619E0
5.649530042E0,6.058201904E0,6.806346130E-1,-4.335883484E0
5.659544042E0,6.357130280E0,7.872129822E-1,-4.262236633E0
5.669558042E0,6.610104218E0,7.581733704E-1,-3.250041504E0
5.679572042E0,7.237599335E0,9.131011963E-1,-1.639989624E0
5.689586042E0,8.403075714E0,1.669029236E0,-5.415737915E-1
5.699600042E0,8.973988495E0,1.729054413E0,6.595285034E-1
5.709614042E0,9.480834503E0,1.141077118E0,2.731669464E0
5.719628042E0,9.858050079E0,5.764512634E-1,4.777165833E0
5.729641042E0,1.033675461E1,-4.370910645E-2,6.332581329E0
5.739655042E0,1.050784882E1,-3.739224243E-1,6.276597748E0
5.749669042E0,9.605974274E0,-4.945715332E-1,4.876559143E0
5.759683042E0,8.771759033E0,-5.439688110E-1,1.182690582E0
5.769697042E0,9.025481415E0,-6.155200195E-1,-4.183949432E0
5.779711042E0,1.045680496E1,-5.935157776E-1,-1.022358994E1
5.789725042E0,1.235485794E1,-3.281176758E-1,-1.552721100E1
5.799739042E0,1.478490463E1,4.162843323E-1,-1.974049942E1
5.809753042E0,1.789259216E1,2.152224426E0,-2.286959244E1
5.869836458E0,1.211430817E1,-7.870632935E-1,-1.719833588E1
5.879850458E0,9.237889709E0,-1.555265808E0,-1.454315735E1
5.889864458E0,6.556815033E0,-2.039658508E0,-1.172242310E1
5.899878458E0,4.540657654E0,-2.268682251E0,-9.009764099E0
5.909892458E0,3.457959137E0,-2.197729797E0,-6.520440674E0
5.919906458E0,2.856958923E0,-2.168390808E0,-3.992497559E0
5.929920458E0,2.066003723E0,-2.023941193E0,-2.102078705E0
5.939934458E0,1.103654938E0,-1.687740326E0,-1.234183502E0
5.949948458E0,1.857637024E-1,-1.284628601E0,-6.256988525E-1
5.959962458E0,-7.002438354E-1,-1.030756531E0,3.035687256E-1
5.969976458E0,-1.459764404E0,-9.225315857E-1,1.438358917E0
5.979990458E0,-2.409389648E0,-1.072369995E0,2.768343201E0
5.990003458E0,-2.610870667E0,-8.988807678E-1,4.735552368E0
6.000017458E0,-2.230511627E0,-4.637356567E-1,6.790628815E0
6.010031458E0,-1.683698730E0,2.371069336E-1,7.900870056E0
6.020045458E0,-5.037025452E-1,1.272054749E0,7.895181885E0
6.030059458E0,3.076103210E-1,1.919009399E0,7.103029175E0
6.040073458E0,3.637435913E-2,1.982028351E0,5.932463379E0
6.050087458E0,-4.240681458E-1,1.855391693E0,4.877307587E0
6.060101458E0,-5.504054260E-1,1.843865662E0,3.404969330E0
6.070115458E0,-6.804849243E-1,1.648521881E0,2.731669464E0
6.080129458E0,-4.462220764E-1,1.706750793E0,2.615960083E0
6.090143458E0,9.680369568E-1,2.180665283E0,3.607348480E0
6.100157458E0,2.932851105E0,2.747835846E0,5.787714386E0
6.110171458E0,5.045258331E0,3.375480652E0,7.450606384E0
6.120185458E0,6.748566284E0,3.384162598E0,8.199199677E0
6.130198458E0,7.159461823E0,2.379302216E0,7.195836182E0
6.140212458E0,7.078330536E0,1.247356110E0,5.606441345E0
6.150226458E0,8.360115051E0,2.233355713E-1,4.991220703E0
6.160240458E0,8.940458221E0,-8.307723999E-1,4.304149475E0
6.170254458E0,9.122479706E0,-1.421893158E0,2.083068237E0
6.180268458E0,9.394763489E0,-1.654359741E0,-1.490600281E0
6.190282458E0,1.008722351E1,-1.937870178E0,-5.926625519E0
6.200296458E0,1.132335297E1,-1.744322662E0,-1.121422989E1
6.210310458E0,1.272399033E1,-1.154399414E0,-1.598870132E1
6.220324458E0,1.345551910E1,-1.079405365E0,-1.852876923E1
6.230338458E0,1.344234650E1,-1.794767761E0,-1.976340179E1
6.300435458E0,7.834707642E0,-2.409389648E0,-1.835183716E1
6.310449458E0,6.689289551E0,-2.565664673E0,-1.753139328E1
6.320463458E0,6.503675537E0,-2.462978210E0,-1.682606003E1
6.330477458E0,7.475005646E0,-1.825154572E0,-1.598900070E1
6.340491458E0,9.078171844E0,-9.500743103E-1,-1.469883362E1
6.350505458E0,1.036788986E1,-3.171903992E-1,-1.378842682E1
6.360519458E0,1.062280975E1,-8.322692871E-2,-1.337842941E1
6.370533458E0,1.008542725E1,-2.395019531E-2,-1.311228287E1
6.380547458E0,1.067894302E1,1.652563477E-1,-1.247341141E1
6.390561458E0,1.096155533E1,3.996688843E-2,-1.261756165E1
6.400575458E0,1.038121216E1,-5.348377991E-1,-1.330957260E1
6.410588458E0,9.965825958E0,-1.040037231E0,-1.380010254E1
6.420602458E0,9.955198059E0,-1.139580231E0,-1.395024033E1
6.430616458E0,1.023436752E1,-7.771838379E-1,-1.361224319E1
6.440630458E0,1.002285736E1,-5.589376831E-1,-1.343546082E1
6.450644458E0,9.364526367E0,-7.222480774E-1,-1.369397324E1
6.460658458E0,8.538544006E0,-9.919871521E-1,-1.370085892E1
6.470672458E0,7.700137482E0,-1.277742920E0,-1.345551910E1
6.480686458E0,7.342381439E0,-1.635498962E0,-1.343052109E1
6.490700458E0,7.383994904E0,-1.775757294E0,-1.406295593E1
6.500714458E0,7.247179413E0,-1.936223602E0,-1.331151855E1
6.510728458E0,6.638545074E0,-2.155218201E0,-1.155971146E1
6.520742458E0,5.876030731E0,-2.356848907E0,-9.052724762E0
6.530756458E0,5.302872620E0,-2.450104980E0,-5.753884735E0
6.540770458E0,4.839735718E0,-2.281256104E0,-2.947370911E0
6.550783458E0,4.049229584E0,-2.104922791E0,-3.944297791E-1
6.560797458E0,3.264561310E0,-1.670526123E0,1.165177002E0
6.570811458E0,2.901715851E0,-6.941065979E-1,1.176852722E0
6.580825458E0,2.514022064E0,2.930905151E-1,9.729766846E-1
6.590839458E0,2.334096222E0,9.189390564E-1,1.301393738E0
6.600853458E0,2.378553772E0,1.538800049E0,1.800006866E0
6.610867458E0,2.773731995E0,2.148781586E0,2.114502869E0
6.620881458E0,3.466192017E0,2.278561707E0,2.588567047E0
6.630895458E0,4.181255035E0,2.410736847E0,3.795656891E0
6.640909458E0,4.657863922E0,2.531385956E0,5.727539520E0
6.650923458E0,4.850064240E0,2.485132141E0,7.607031097E0
6.660937458E0,5.003046112E0,2.448308716E0,8.007448425E0
6.670951458E0,5.710025940E0,2.910397797E0,7.163802795E0
6.680965458E0,7.126979370E0,3.684288483E0,5.607189789E0
6.690979458E0,8.700806580E0,4.665947113E0,3.892206116E0
6.700992458E0,1.005309448E1,5.165308685E0,2.300865326E0
6.711006458E0,1.131526978E1,5.390739899E0,1.174457703E0
6.721020458E0,1.267519180E1,5.484894104E0,2.592608643E-1
6.731034458E0,1.427102325E1,5.463787994E0,8.232879639E-2
6.741048458E0,1.521017029E1,5.067412262E0,6.908134460E-1
6.751062458E0,1.471859253E1,4.164340210E0,1.604513397E0
6.761076458E0,1.350761078E1,3.396586761E0,2.546803894E0
6.771090458E0,1.222477844E1,3.112776947E0,2.596051483E0
6.781104458E0,1.106678650E1,2.826123047E0,1.538500671E0
6.791118458E0,1.022373962E1,2.018552399E0,-5.243595886E-1
6.801132458E0,9.691895599E0,1.111289062E0,-3.300785980E0
6.811146458E0,9.707313538E0,1.342258759E0,-7.020850067E0
6.821160458E0,1.030457153E1,2.014810181E0,-1.030023056E1
6.831174458E0,9.882898407E0,2.157014465E0,-1.250080444E1
6.841188792E0,8.457712097E0,1.606159973E0,-1.378079269E1
6.851201792E0,6.872957611E0,4.354444885E-1,-1.402209091E1
6.861215792E0,4.866529999E0,-8.647517395E-1,-1.398646500E1
6.871229792E0,3.187321930E0,-1.602118378E0,-1.469988144E1
6.881243792E0,2.634371796E0,-1.748064880E0,-1.530402512E1
6.891257792E0,2.773133240E0,-1.775906982E0,-1.509401184E1
6.901271792E0,2.735711060E0,-1.654060364E0,-1.495180756E1
6.911285792E0,2.759361877E0,-1.471140747E0,-1.558484116E1
6.921299792E0,2.327210541E0,-1.525028687E0,-1.646022079E1
6.931313792E0,1.049617310E0,-1.551523590E0,-1.760953079E1
6.941327792E0,1.380130005E-1,-1.750609589E0,-1.900073776E1
6.951341792E0,-3.929328918E-1,-1.899998932E0,-1.983136047E1
6.971369792E0,-4.409829712E-1,-1.756297760E0,-1.847682724E1
6.981383792E0,8.322692871E-2,-1.394949188E0,-1.595711700E1
6.991397792E0,4.108955383E-1,-1.213825836E0,-1.381192795E1
7.001411792E0,1.234931946E-1,-1.272803192E0,-1.286215302E1
7.011424792E0,-3.109034729E-1,-1.195713501E0,-1.284568726E1
7.021438792E0,3.927832031E-1,-9.660910034E-1,-1.325897781E1
7.031452792E0,1.747466125E0,-6.313870239E-1,-1.354967331E1
7.041466792E0,2.746039581E0,-4.433779907E-1,-1.300854858E1
7.051480792E0,3.336411896E0,-3.829037476E-1,-1.237416779E1
7.061494792E0,4.101321259E0,-3.722758484E-1,-1.135778137E1
7.071508792E0,4.883444824E0,-1.766326904E-1,-9.908495178E0
7.081522792E0,5.306614838E0,7.050338745E-2,-7.916437683E0
7.091536792E0,5.458099823E0,4.968168640E-1,-5.632038116E0
7.101550792E0,5.741460571E0,1.224004669E0,-3.766916656E0
7.111564792E0,6.254593506E0,2.011966095E0,-2.459685059E0
7.121578792E0,6.690636749E0,2.960992584E0,-2.747686157E0
7.131592792E0,7.030280457E0,3.882326660E0,-3.734733582E0
7.141606792E0,7.348518677E0,4.237238617E0,-3.834575958E0
7.151620792E0,7.815846863E0,4.328099670E0,-2.030976563E0
7.161634792E0,8.689430237E0,4.427642670E0,9.788145447E-1
7.171647792E0,9.655970306E0,4.437522125E0,4.470453644E0
7.181661792E0,1.012853760E1,4.407584381E0,7.336992645E0
7.191675792E0,1.004725662E1,4.494254150E0,8.306376801E0
7.201689792E0,9.486822052E0,4.378395081E0,6.410868530E0
7.211703792E0,8.715476074E0,4.234843597E0,3.230581970E0
7.221717792E0,8.094417572E0,4.274660797E0,-2.793191528E-1
7.231731792E0,7.906707916E0,4.404291229E0,-3.121458893E0
7.241745792E0,7.821684723E0,4.316723328E0,-4.955145721E0
7.251759792E0,7.664511566E0,3.999981995E0,-6.599626007E0
7.261773792E0,7.907156982E0,3.792214050E0,-8.717272339E0
7.271787792E0,8.593779144E0,3.867208099E0,-1.060484711E1
7.281801792E0,9.683513031E0,3.941304016E0,-1.183274368E1
7.291815792E0,1.084075653E1,4.031266937E0,-1.361299164E1
7.301829792E0,1.196312256E1,4.167333984E0,-1.668445450E1
7.311843792E0,1.300690201E1,4.319717102E0,-2.020019348E1
7.321857792E0,1.412073578E1,4.350253601E0,-2.300386322E1
7.351898792E0,1.632639908E1,3.354973297E0,-1.800904999E1
7.361912792E0,1.546449142E1,2.809956665E0,-1.415890640E1
7.371926792E0,1.291349625E1,1.985920258E0,-1.229707809E1
7.381940792E0,1.066876419E1,1.614542542E0,-1.189351730E1
7.391954792E0,9.399254150E0,1.722019043E0,-1.118489090E1
7.401968792E0,8.430468750E0,2.045346680E0,-1.068612808E1
7.411982792E0,7.020401001E0,1.975292358E0,-1.025023453E1
7.421996792E0,5.530998230E0,1.656006317E0,-9.286987610E0
7.432010792E0,4.391717377E0,1.491797791E0,-8.009095001E0
7.442024792E0,3.413800964E0,1.257235565E0,-5.838758240E0
7.452038792E0,2.425556030E0,1.024319916E0,-2.661914520E0
7.462052792E0,9.753717041E-1,6.429130554E-1,1.896556091E-1
7.472066792E0,-5.852828979E-1,3.552113342E-1,1.803449707E0
7.482080792E0,-2.072290649E0,1.998344421E-1,3.099155273E0
7.492094792E0,-3.071911926E0,2.565664673E-1,3.987108765E0
7.502107792E0,-3.500321045E0,4.318519592E-1,4.089645538E0
7.512121792E0,-3.850293274E0,6.322851562E-1,3.860472107E0
7.522135792E0,-4.015100555E0,8.824150085E-1,3.540587311E0
7.532149792E0,-3.980522461E0,1.248254242E0,3.385809174E0
7.542163792E0,-4.499792633E0,1.471589813E0,3.673959961E0
7.552177792E0,-5.630990295E0,1.428629150E0,4.301604767E0
7.562191792E0,-6.495742035E0,1.628014526E0,4.898264008E0
7.572205792E0,-6.885531464E0,1.792372742E0,5.275778961E0
7.582219792E0,-7.439529419E0,1.714534607E0,5.826334076E0
7.592233792E0,-7.456593933E0,2.126777344E0,5.018913116E0
7.602247792E0,-5.957910461E0,3.176694031E0,2.395019531E0
7.612261792E0,-3.379971313E0,4.536017303E0,-8.827143860E-1
7.622275792E0,-7.240443420E-1,5.411097565E0,-5.499862976E0
7.632289792E0,1.640887756E0,5.757776642E0,-1.085093536E1
7.642303792E0,4.393363953E0,5.873186646E0,-1.492965363E1
7.652317792E0,7.688611450E0,5.729036407E0,-1.668505325E1
7.662331792E0,1.080198715E1,5.406457214E0,-1.661619644E1
7.672344792E0,1.366717896E1,5.090164948E0,-1.526720169E1
7.682358792E0,1.640274033E1,4.921166382E0,-1.327768890E1
7.692372792E0,1.926404022E1,5.197192383E0,-1.167691772E1
7.702386792E0,2.138438095E1,5.561684418E0,-9.981692963E0
7.732428792E0,1.811218552E1,4.152814178E0,-9.664652252E0
7.742442792E0,1.674073746E1,4.154161377E0,-9.367220764E0
7.752456792E0,1.584559891E1,4.054169312E0,-8.136629791E0
7.762470792E0,1.490151215E1,3.591032410E0,-6.286776581E0
7.772484792E0,1.411968796E1,3.067870331E0,-4.206402740E0
7.782498792E0,1.312665298E1,2.141446838E0,-2.334994354E0
7.792512792E0,1.136466705E1,8.416996765E-1,-8.147557068E-1
7.802526792E0,8.722062378E0,-5.210664368E-1,6.545887756E-1
7.812540792E0,5.077591095E0,-2.160906372E0,2.397564240E0
7.822554792E0,1.323697357E0,-2.315834198E0,4.508474579E0
7.832568792E0,-7.453001404E-1,-1.506916351E0,6.567891998E0
7.842581708E0,-1.220561829E0,-8.854087830E-1,7.574249268E0
7.852595708E0,-2.115101624E-1,-1.715432739E-1,7.738757172E0
7.862609708E0,1.408870239E0,9.889933777E-1,7.552394714E0
7.872623708E0,2.900069275E0,1.501377869E0,6.318959656E0
7.882637708E0,4.794829102E0,1.633702698E0,4.432432709E0
7.892651708E0,5.649851074E0,2.419418793E0,2.754871216E0
7.902665708E0,4.366869049E0,2.863694916E0,1.953437805E0
7.912679708E0,3.273542633E0,2.388582916E0,1.246757355E0
7.922693708E0,1.255289612E0,2.653232574E0,8.253836060E-1
7.932707708E0,-4.540058899E-1,3.901935883E0,4.129911804E-1
7.942721708E0,-1.290017395E0,4.531975708E0,1.005908203E-1
7.952735708E0,-1.954335938E0,5.139562225E0,8.831634521E-3
7.962749708E0,-2.161505127E0,6.582411804E0,2.249821472E-1
7.972763708E0,-9.919871521E-1,7.562124481E0,2.446063385E0
7.982777708E0,5.788462830E-1,7.964188385E0,5.944139099E0
7.992791708E0,1.318607941E0,7.689060516E0,7.411537628E0
8.002805708E0,6.747967529E-1,6.843618622E0,5.967789917E0
8.012819708E0,-1.639091492E-1,5.864804077E0,2.364033966E0
8.022832708E0,-3.712280273E-1,6.811734924E0,-1.594035187E0
8.032846708E0,5.156776428E-1,9.128167877E0,-4.332740021E0
8.042860708E0,2.264640656E0,1.111094467E1,-5.244044952E0
8.052874708E0,4.190835114E0,1.187420746E1,-4.795876923E0
8.062888708E0,3.698508911E0,8.841064911E0,-3.600313110E0
8.072902708E0,5.322481842E0,6.993906097E0,-5.448669434E-1
8.082916708E0,7.687114563E0,5.930517426E0,3.745511169E0
8.092930708E0,1.021894958E1,4.231400757E0,7.594457245E0
8.102944708E0,1.226743973E1,2.051334229E0,9.486672363E0
8.112958708E0,1.329041245E1,-9.041198730E-1,8.252189484E0
8.122972708E0,1.473026825E1,-2.991978149E0,5.024301910E0
8.132986708E0,1.833971237E1,-3.506308594E0,5.511538696E-1
8.143000708E0,2.388672729E1,-1.710193634E0,-3.935017090E0
8.193070708E0,1.874821289E1,-7.304959259E0,3.237916718E0
8.203083708E0,1.786879166E1,-9.892927551E0,7.997868347E-1
8.213097708E0,1.919653061E1,-9.854307861E0,-5.301974487E0
8.223111708E0,2.167118454E1,-8.283773804E0,-1.156944122E1
8.310734708E0,1.771027130E1,-7.866142273E0,-2.669743240E1
8.393348708E0,1.840003693E1,-9.414672089E0,-1.607821518E1
8.403362708E0,1.787013885E1,-1.070813232E1,-1.392898453E1
8.413376708E0,1.692485458E1,-1.118339401E1,-1.364113312E1
8.423390708E0,1.590023529E1,-1.136526581E1,-1.475287125E1
8.433404708E0,1.460452972E1,-1.202988373E1,-1.548320251E1
8.443418708E0,1.280048126E1,-1.322799225E1,-1.476619354E1
8.453432708E0,1.203153030E1,-1.412298111E1,-1.403092255E1
8.463446708E0,1.329774719E1,-1.452250031E1,-1.287966660E1
8.473460708E0,1.503234009E1,-1.445918198E1,-1.106199646E1
8.483474708E0,1.584275482E1,-1.452414688E1,-8.083939362E0
8.493488708E0,1.521046967E1,-1.490031464E1,-4.672982483E0
8.503502708E0,1.357616821E1,-1.545521072E1,-1.628762970E0
8.513516708E0,1.090272766E1,-1.590592346E1,2.374362488E0
8.523530708E0,6.923702087E0,-1.611159576E1,5.890700226E0
8.533544708E0,3.507356415E0,-1.506362503E1,7.134463806E0
8.543558708E0,4.484674072E-1,-1.398511780E1,6.781647491E0
8.553572708E0,-2.187700653E0,-1.279135025E1,5.680088196E0
8.563586708E0,-3.227588196E0,-1.128637985E1,4.814288635E0
8.573599708E0,-4.027375031E0,-9.883646851E0,5.075196075E0
8.583613708E0,-4.960534515E0,-9.032666473E0,7.099436646E0
8.593627708E0,-5.134173431E0,-8.206085358E0,1.015907410E1
8.603641708E0,-5.162165222E0,-6.830446014E0,1.280601974E1
8.613655708E0,-5.682632904E0,-5.437143402E0,1.470721619E1
8.623669708E0,-6.270011444E0,-4.306544495E0,1.635678589E1
8.633683708E0,-7.349566498E0,-3.667673035E0,1.750519775E1
8.643697708E0,-8.430019684E0,-3.142565002E0,1.825424011E1
8.653711708E0,-9.006021881E0,-2.597997437E0,1.861229553E1
8.663725708E0,-9.818831635E0,-2.551144867E0,1.723096802E1
8.673739708E0,-9.674531708E0,-2.483934631E0,1.650063675E1
8.683753708E0,-7.716004486E0,-2.304008789E0,1.799976929E1
8.693767708E0,-6.467001801E0,-3.406915283E0,1.907797714E1
8.703781708E0,-6.511758728E0,-4.219575348E0,1.908635971E1
8.743837708E0,-8.741072845E0,-8.144114227E0,1.813598602E1
8.753851708E0,-7.005731506E0,-8.756341095E0,1.689806030E1
8.763865708E0,-4.718038788E0,-9.521250458E0,1.595801514E1
8.773878708E0,-3.887416077E0,-1.075468552E1,1.633418289E1
8.783892708E0,-2.953358459E0,-1.159713364E1,1.591864700E1
8.793906708E0,-8.662486267E-1,-1.186328018E1,1.338965607E1
8.803920708E0,7.584727478E-1,-1.260184433E1,1.041129959E1
8.813934708E0,1.444795532E0,-1.312261139E1,5.990991669E0
8.823948708E0,1.697021027E0,-1.406071060E1,2.752775574E-1
8.833962708E0,3.143762512E0,-1.408885208E1,-4.030368805E0
8.843976792E0,7.958200836E0,-1.273506729E1,-8.978179779E0
8.853990792E0,1.401400772E1,-1.131362320E1,-1.661454987E1
8.864004792E0,1.813883011E1,-9.979896698E0,-2.779030975E1
9.034241792E0,-9.234596558E0,-1.259286301E1,-1.768452484E1
9.044255792E0,-1.022658371E1,-1.275258087E1,-1.653521484E1
9.054269792E0,-1.069316345E1,-1.295825317E1,-1.410037811E1
9.064283792E0,-1.212912735E1,-1.401026550E1,-1.107666595E1
9.074297792E0,-1.378184052E1,-1.509356277E1,-7.047045593E0
9.084311792E0,-1.334115692E1,-1.509910126E1,-4.263284454E0
9.094325792E0,-1.174158325E1,-1.480451385E1,-4.124972076E0
9.104339792E0,-1.097562607E1,-1.483505035E1,-4.544848938E0
9.114353792E0,-1.049886749E1,-1.558678711E1,-4.772824860E0
9.124367792E0,-9.336085510E0,-1.624317215E1,-4.328848114E0
9.134381792E0,-5.386398926E0,-1.559172684E1,-4.139342194E0
9.144395792E0,-5.327421570E-1,-1.447459991E1,-3.419189758E0
9.154409792E0,3.232078857E0,-1.339235046E1,-2.645299072E0
9.164422792E0,6.326593781E0,-1.269180725E1,-4.463717651E-1
9.174436792E0,8.768765259E0,-1.227178070E1,2.236648865E0
9.184450792E0,1.081860260E1,-1.180445251E1,3.762875061E0
9.194464792E0,1.356045090E1,-1.146720383E1,4.968917084E0
9.204478792E0,1.699655548E1,-1.050201096E1,5.287155304E0
9.214492792E0,2.236005203E1,-7.560178528E0,4.354145508E0
9.224506792E0,2.886447601E1,-3.029550018E0,4.627926178E0
9.334660792E0,1.862726440E1,6.231990509E0,3.763024750E0
9.344674792E0,1.857607086E1,5.173092499E0,3.539389801E0
9.354688792E0,1.789214310E1,3.790567474E0,3.005599823E0
9.364701792E0,1.576012665E1,2.062710571E0,2.272424469E0
9.374715792E0,1.390922562E1,4.477189636E-1,1.146016846E0
9.384729792E0,1.331885330E1,-1.936972046E-1,-9.116043091E-2
9.394743792E0,1.397868118E1,-5.083428955E-1,-1.052311707E-1
9.404757792E0,1.586386093E1,-8.803193665E-1,2.069147186E0
9.414771792E0,1.888233398E1,-1.468446350E0,5.238656158E0
9.424785792E0,2.281645294E1,-2.237546997E0,6.657854919E0
9.474855792E0,1.829585358E1,-9.640402679E0,-5.190306702E0
9.484869792E0,1.624436966E1,-1.042252625E1,-4.559368744E0
9.494883792E0,1.396895142E1,-1.077534256E1,-4.866679688E0
9.504897792E0,1.127230911E1,-1.157273438E1,-7.762857056E0
9.514911792E0,8.292455750E0,-1.193348419E1,-1.297801208E1
9.524925792E0,5.939798126E0,-1.199859879E1,-1.930700089E1
9.534939792E0,5.643863525E0,-1.185145477E1,-2.263443146E1
9.665120792E0,-5.710025940E0,-5.476960602E0,-1.895747772E1
9.675134792E0,-4.135599976E0,-5.125192108E0,-1.497411118E1
9.685148792E0,-3.087629242E0,-5.229375458E0,-1.092592941E1
9.695162792E0,-3.508553925E0,-5.829028473E0,-8.636141052E0
9.705176792E0,-3.037184143E0,-5.742059326E0,-7.058871002E0
9.715190792E0,-2.138902130E0,-5.659580841E0,-4.381688232E0
9.725204792E0,-1.718127136E0,-5.565127258E0,-1.785487061E0
9.735218792E0,-7.807763672E-1,-5.080435181E0,2.067201233E-1
9.745232792E0,7.851173401E-1,-4.160148926E0,2.261497192E0
9.755246792E0,6.150709534E-1,-3.996090088E0,3.163521423E0
9.765260792E0,-1.043629761E0,-4.590653687E0,3.308270416E0
9.775274792E0,-2.243235168E0,-5.343438263E0,5.230572968E0
9.785287792E0,-2.340383148E0,-5.913602600E0,7.797584839E0
9.795301792E0,-2.855162659E0,-6.494394836E0,9.048383789E0
9.805315792E0,-4.130510559E0,-7.326813812E0,9.817783813E0
9.815329792E0,-4.734953613E0,-8.567882996E0,1.006012985E1
9.825343792E0,-3.956572266E0,-9.632319489E0,9.270222473E0
9.835357792E0,-9.446855164E-1,-9.883646851E0,8.184979248E0
9.845371417E0,3.654051361E0,-9.746531982E0,7.338639221E0
9.855385417E0,6.936126251E0,-1.009276199E1,6.375242615E0
9.865399417E0,8.926686859E0,-1.114372650E1,4.355343018E0
9.875413417E0,1.019200562E1,-1.213795898E1,2.191891937E0
9.885427417E0,1.171793243E1,-1.199680252E1,6.150709534E-1
9.895441417E0,1.305585022E1,-1.129730713E1,-2.586770782E0
9.905455417E0,1.298774185E1,-1.117590958E1,-8.022117920E0
9.915469417E0,1.342647949E1,-1.121258331E1,-1.351539459E1
9.925483417E0,1.519265671E1,-1.122021744E1,-1.855945541E1
9.935497417E0,1.691856766E1,-1.066472260E1,-2.079775085E1
1.002562242E1,1.849957993E1,-4.961282959E0,-1.786939041E1
1.003563642E1,1.685659653E1,-5.448370056E0,-1.668505325E1
1.004565042E1,1.624062744E1,-5.307363281E0,-1.443837524E1
1.005566442E1,1.651844971E1,-5.029541016E0,-1.177541290E1
1.006567842E1,1.727617401E1,-4.729864197E0,-9.414821777E0
1.007569242E1,1.810889236E1,-4.685706024E0,-8.613687744E0
1.008570642E1,1.868908585E1,-5.270988922E0,-8.521329803E0
1.009572042E1,1.922182800E1,-5.798342285E0,-8.322543182E0
1.014579042E1,1.745684830E1,-6.458319855E0,-7.690856781E0
1.015580442E1,1.666454590E1,-6.263724518E0,-7.954308929E0
1.016581842E1,1.494626907E1,-6.436914368E0,-1.068508026E1
1.017583242E1,1.219049973E1,-7.371720428E0,-1.648836227E1
1.018584642E1,9.182205505E0,-7.944579163E0,-2.269206161E1
1.019586042E1,8.637039185E0,-7.407945099E0,-2.424403427E1
1.029599942E1,-3.755690002E-1,-1.189127197E1,-1.795561111E1
1.030601342E1,-5.640270996E-1,-1.147154480E1,-1.711480957E1
1.031602742E1,-7.592211914E-1,-1.179786621E1,-1.535327271E1
1.032604142E1,-4.736151123E-1,-1.205009171E1,-1.227312790E1
1.033605542E1,2.960842896E-1,-1.176074341E1,-8.060138855E0
1.034606942E1,1.207688599E0,-1.133742371E1,-4.377646637E0
1.035608342E1,1.717079315E0,-1.100676132E1,-2.062710571E0
1.036609742E1,2.215393066E0,-1.069960007E1,-4.950205994E-1
1.037611142E1,3.185675354E0,-9.983788605E0,7.869136047E-1
1.038612542E1,3.947740631E0,-9.217981110E0,1.536854095E0
1.039613942E1,4.017645264E0,-8.845555573E0,3.150049438E0
1.040615342E1,3.160078583E0,-8.749156036E0,5.290747833E0
1.041616742E1,2.841990051E0,-8.143066406E0,9.429640961E0
1.042618142E1,3.337459717E0,-7.171736298E0,1.401595367E1
1.043619442E1,3.922293549E0,-6.636299744E0,1.753633301E1
1.044620842E1,3.734284515E0,-6.453230438E0,1.913455948E1
1.045622242E1,3.671415253E0,-6.098019104E0,1.904235123E1
1.046623642E1,3.841910706E0,-5.507497101E0,1.758004211E1
1.047625042E1,4.211941223E0,-4.719385986E0,1.629002472E1
1.048626442E1,5.661975861E0,-3.981869659E0,1.528351776E1
1.049627842E1,6.236780548E0,-3.514840851E0,1.365685043E1
1.050629242E1,6.688840485E0,-3.300187225E0,1.305435333E1
1.051630642E1,7.370522919E0,-3.282374268E0,1.295421158E1
1.052632042E1,7.499404907E0,-3.531306610E0,1.276814850E1
1.053633442E1,8.281378784E0,-3.857328644E0,1.216175949E1
1.054634842E1,1.068463120E1,-3.562292175E0,1.055215668E1
1.055636242E1,1.333307373E1,-2.959495697E0,8.481961670E0
1.056637642E1,1.531465302E1,-2.553240509E0,6.197562103E0
1.057639042E1,1.570578964E1,-2.588567047E0,2.352208557E0
1.058640442E1,1.505703873E1,-3.145708466E0,-1.397643585E0
1.059641842E1,1.531719772E1,-3.840563507E0,-2.822530518E0
1.060643242E1,1.649764297E1,-4.368515625E0,-3.066972198E0
1.061644642E1,1.763258286E1,-5.342839508E0,-2.890189819E0
1.062646042E1,1.826486801E1,-5.571414185E0,-3.046015778E0
1.063647442E1,1.724548782E1,-5.296436005E0,-4.564158783E0
1.064648742E1,1.387315063E1,-6.201603699E0,-7.453749847E0
1.065650142E1,9.445957031E0,-7.726632385E0,-1.125898682E1
1.066651542E1,5.942342834E0,-8.716523895E0,-1.523531799E1
1.067652942E1,5.240901489E0,-9.109606476E0,-1.680210983E1
1.068654342E1,6.219117279E0,-9.654024353E0,-1.673968964E1
1.069655742E1,7.030280457E0,-1.025412643E1,-1.648357224E1
1.070657142E1,6.333030396E0,-1.032912048E1,-1.792731995E1
1.071658542E1,4.300556946E0,-1.016311569E1,-2.293859894E1
1.078668342E1,-6.596781921E-1,-8.896300049E0,-1.762180527E1
1.079669742E1,-6.159690857E-1,-8.728049927E0,-1.800261337E1
1.080671142E1,-9.472302246E-1,-9.066795502E0,-1.944905548E1
1.081672542E1,-7.527845764E-1,-9.052575073E0,-2.147299667E1
1.093689317E1,5.357359314E-1,-9.619895325E0,-1.765683243E1
1.094690717E1,9.063652039E-1,-9.739047546E0,-1.510059814E1
1.095692117E1,1.048569489E0,-9.852062531E0,-1.242775635E1
1.096693517E1,1.482367401E0,-9.877060547E0,-9.945767670E0
1.097694917E1,2.037862244E0,-9.617649994E0,-8.535400543E0
1.098696317E1,2.523003387E0,-9.442065125E0,-7.874674530E0
1.099697717E1,2.766696625E0,-9.476493530E0,-7.830216980E0
1.100699117E1,3.050057373E0,-8.932524719E0,-7.772137756E0
1.101700517E1,3.786974945E0,-8.393196259E0,-6.442153473E0
1.102701917E1,5.688770142E0,-7.759713593E0,-4.196822662E0
1.103703317E1,7.505242767E0,-7.541766815E0,-6.357279968E-1
1.104704717E1,9.685458984E0,-7.265142059E0,3.936064911E0
1.105706117E1,1.224274109E1,-6.107748871E0,8.930279388E0
1.106707517E1,1.482082993E1,-4.447251892E0,1.231099915E1
1.107708917E1,1.753962616E1,-3.270548859E0,1.298878967E1
1.108710217E1,2.014959869E1,-2.551893311E0,1.140298737E1
1.109711617E1,2.156131302E1,-1.228195953E0,7.724536743E0
1.118724217E1,1.845661926E1,2.754272461E-2,-4.394860840E-1
1.119725617E1,1.748573822E1,-5.403762817E-1,-1.598974915E0
1.120727017E1,1.747825378E1,-1.104104004E0,-1.415755920E0
1.121728417E1,1.790322006E1,-1.720073090E0,-1.154549103E0
1.122729817E1,1.796593964E1,-2.797532501E0,-1.129251709E0
1.123731217E1,1.703218140E1,-3.703448639E0,-1.567989349E0
1.124732617E1,1.512739243E1,-4.295766907E0,-3.276237030E0
1.125734017E1,1.325343933E1,-5.156776428E0,-5.622907104E0
1.126735417E1,1.159009827E1,-5.813311157E0,-7.518115997E0
1.127736817E1,1.023721161E1,-6.242319031E0,-9.123078461E0
1.128738217E1,9.674531708E0,-6.718478851E0,-9.393565979E0
1.129739617E1,7.739206238E0,-7.118596802E0,-1.127186005E1
1.130741017E1,3.987557831E0,-7.821235657E0,-1.520687714E1
1.131742317E1,-5.505551147E-1,-9.156758423E0,-1.709355377E1
1.132743717E1,-4.917873230E0,-1.017658768E1,-1.698817291E1
1.133745117E1,-8.228688354E0,-1.066636917E1,-1.731823654E1
1.134746517E1,-9.789492645E0,-1.056428146E1,-1.796998123E1
1.135747917E1,-9.544302521E0,-1.037567368E1,-1.757106079E1
1.136749317E1,-9.085207214E0,-1.018631744E1,-1.620694748E1
1.137750717E1,-9.402846680E0,-1.007285339E1,-1.539967621E1
1.138752117E1,-1.056113800E1,-1.026191025E1,-1.472667572E1
1.139753517E1,-1.278281799E1,-1.026460464E1,-1.541165131E1
1.140754917E1,-1.491094254E1,-1.010653336E1,-1.651964722E1
1.141756317E1,-1.663415909E1,-1.050725006E1,-1.657907364E1
1.142757717E1,-1.752480698E1,-1.065364563E1,-1.657533142E1
1.143759117E1,-1.738050705E1,-1.057550812E1,-1.753842865E1
1.144760517E1,-1.598645599E1,-1.012808853E1,-1.879805923E1
1.145761917E1,-1.370310425E1,-9.817035370E0,-1.886257507E1
1.146763317E1,-1.185190384E1,-9.395212555E0,-1.813778229E1
1.147764717E1,-1.063747925E1,-9.085057526E0,-1.731644028E1
1.148766117E1,-9.645043030E0,-8.885672150E0,-1.663311127E1
1.149767517E1,-9.222022705E0,-8.974138184E0,-1.634960083E1
1.150768917E1,-9.121731262E0,-9.303453369E0,-1.614018631E1
1.151770317E1,-8.553512878E0,-9.551337891E0,-1.633777542E1
1.152771617E1,-7.423961792E0,-9.287736053E0,-1.662368088E1
1.153773017E1,-5.905519409E0,-8.620423737E0,-1.683968170E1
1.154774417E1,-4.440665588E0,-8.090525665E0,-1.735565872E1
1.155775817E1,-3.103945312E0,-8.062084808E0,-1.711989899E1
1.156777217E1,-2.157613220E0,-8.365952911E0,-1.548185532E1
1.157778617E1,4.409829712E-1,-8.471782837E0,-1.194336365E1
1.158780017E1,4.574786682E0,-8.345295868E0,-8.332722015E0
1.159781417E1,9.136400757E0,-7.813451843E0,-4.717290344E0
1.160782817E1,1.358140732E1,-6.025270386E0,-1.099164276E0
1.161784217E1,1.689940750E1,-3.845802612E0,1.336121521E0
1.162785617E1,1.963362167E1,-1.576521606E0,2.550246735E0
1.163787017E1,2.120610168E1,-6.462062073E-1,3.305426331E0
1.166791217E1,1.743843658E1,1.883233795E0,4.126918030E0
1.167792617E1,1.241697876E1,2.099533997E0,2.044448547E0
1.168794017E1,6.598129120E0,2.409239960E0,-9.910890198E-1
1.169795417E1,1.998943176E0,1.957778778E0,-3.955674133E0
1.170796817E1,-4.779560852E-1,9.587562561E-1,-5.504653015E0
1.171798217E1,-1.191522217E-1,9.553134155E-1,-6.129154358E0
1.172799617E1,1.540296936E0,6.158193970E-1,-8.835825806E0
1.173800917E1,2.678529968E0,3.336561584E-1,-1.517334686E1
1.174802317E1,3.229534149E0,-2.005828857E-2,-2.212354385E1
1.175803717E1,3.623963928E0,-4.167333984E-1,-2.769750275E1
1.186818996E1,6.290518799E0,-7.212152252E0,-1.650916901E1
1.187820396E1,6.515351257E0,-6.665489044E0,-1.593616058E1
1.188821796E1,6.273603973E0,-6.458170166E0,-1.500943771E1
1.189823196E1,5.858217773E0,-7.004833374E0,-1.245769409E1
1.190824596E1,6.186934204E0,-7.141948242E0,-9.113498383E0
1.191825996E1,7.516170044E0,-6.686894531E0,-5.376070404E0
1.192827396E1,8.663683777E0,-5.828429718E0,-1.431323547E0
1.193828796E1,8.493787079E0,-5.626799011E0,2.118843842E0
1.194830196E1,7.145690460E0,-5.492079163E0,5.113965454E0
1.195831496E1,5.628894653E0,-4.850962372E0,6.843169556E0
1.196832896E1,4.427492981E0,-3.895648956E0,7.380252686E0
1.197834296E1,3.616329803E0,-2.857857056E0,7.797285461E0
1.198835696E1,2.483186188E0,-1.778900757E0,7.302713928E0
1.199837096E1,9.205856323E-2,-8.557704163E-1,5.904621277E0
1.200838496E1,-2.498604126E0,-6.978488159E-1,6.305188293E0
1.201839896E1,-4.047882385E0,-2.700384521E-1,6.936126251E0
1.202841296E1,-4.909790039E0,-3.173400879E-2,7.904163208E0
1.203842696E1,-5.114713898E0,-1.420545959E-1,1.074660233E1
1.204844096E1,-5.204826508E0,-6.514453125E-1,1.446681610E1
1.205845496E1,-5.765261078E0,-1.178798676E0,1.823792404E1
1.206846896E1,-6.004164276E0,-1.116677856E0,2.060674805E1
1.209851096E1,-4.796924744E0,8.382568359E-3,1.856020386E1
1.210852496E1,-5.262157288E0,1.442101135E0,1.673879150E1
1.211853896E1,-5.344935150E0,3.181334381E0,1.567869598E1
1.212855296E1,-5.307812347E0,5.069956970E0,1.244362335E1
1.213856696E1,-7.073540497E0,6.155649261E0,6.583459625E0
1.214858096E1,-9.759704590E0,4.802463226E0,2.600542145E0
1.215859496E1,-1.046324158E1,3.793710938E0,1.285975800E0
1.216860796E1,-8.059390411E0,4.339326324E0,8.436456299E-1
1.217862196E1,-3.497926025E0,6.053711243E0,-6.125262451E-1
1.218863596E1,9.051676941E-1,8.140521698E0,-4.233047333E0
1.219864996E1,4.656367035E0,1.005384293E1,-1.021206390E1
1.220866396E1,5.640270996E0,1.001761826E1,-1.914039734E1
1.221867796E1,5.223387909E0,8.103997650E0,-2.751967255E1
1.227876196E1,1.171104675E1,8.437354431E0,-1.828223190E1
1.228877596E1,8.673862610E0,8.426127777E0,-1.420516022E1
1.229878996E1,4.666994934E0,7.274422760E0,-8.638985138E0
1.230880396E1,3.403173065E0,5.437592468E0,-6.775061188E0
1.231881796E1,2.203417969E0,4.605921936E0,-5.527854767E0
1.232883196E1,1.359173584E0,4.238136749E0,-4.419858856E0
1.233884596E1,2.647843781E0,4.671784973E0,-3.647015991E0
1.234885996E1,3.736679535E0,4.668940887E0,-1.468296661E0
1.235887396E1,3.647465057E0,3.645668793E0,7.988887024E-1
1.236888696E1,2.628683624E0,3.283871155E0,1.924547882E0
1.237890096E1,1.437311096E0,2.200424194E0,2.470312958E0
1.238891496E1,4.649331665E-1,1.196012878E0,3.625011749E0
1.239892896E1,-3.350033569E-1,8.617579651E-1,4.736899567E0
1.240894296E1,-8.861572266E-2,1.021326141E0,4.970563660E0
1.241895696E1,8.168513489E-1,1.105750580E0,3.707490234E0
1.242897096E1,9.087602234E-1,4.730163574E-1,1.526076508E0
1.243898496E1,4.161346436E-2,7.656578064E-1,-2.957849121E-1
1.244899896E1,-7.825726318E-1,3.116519165E0,-1.692680054E0
1.245901296E1,1.104702759E-1,6.396348724E0,-3.650608521E0
1.246902696E1,1.961520996E0,8.682544556E0,-4.564009094E0
1.247904096E1,1.693727875E0,9.291328583E0,-4.271966400E0
1.248905496E1,-3.372486877E-1,9.326505432E0,-3.785178680E0
1.249906896E1,-1.578766937E0,8.841663666E0,-3.748804321E0
1.250908296E1,-3.371439056E0,6.887477417E0,-4.031416626E0
1.251909696E1,-5.828429718E0,4.866829376E0,-4.724475403E0
1.252911096E1,-9.328900452E0,4.365372162E0,-6.098468170E0
1.253912496E1,-1.013692017E1,5.183720398E0,-7.934250641E0
1.254913896E1,-8.446036377E0,7.099736023E0,-7.015910339E0
1.255915296E1,-6.462211761E0,8.726852417E0,-5.861361237E0
1.256916596E1,-4.620441742E0,1.031594788E1,-7.237299957E0
1.257917996E1,-3.033441925E0,1.241069183E1,-8.935967560E0
1.258919396E1,6.345304871E-1,1.450229233E1,-1.093296478E1
1.259920796E1,3.498524780E0,1.548365158E1,-1.379097153E1
1.260922196E1,2.296524353E0,1.423719360E1,-1.659164749E1
1.261923596E1,-6.855743408E-1,1.181238602E1,-1.716300934E1
1.262924996E1,-2.797981567E0,9.928703156E0,-1.555729843E1
1.263926396E1,-2.448757782E0,8.855285339E0,-1.429452438E1
1.264927796E1,-7.042854309E-1,8.278385010E0,-1.322260345E1
1.265929196E1,1.068478088E0,7.864196320E0,-1.234048782E1
1.266930596E1,2.120640106E0,7.322772217E0,-1.165206940E1
1.267931996E1,3.313659210E0,6.584806824E0,-1.143082947E1
1.268933396E1,4.434378662E0,5.983956299E0,-1.159443924E1
1.269934796E1,4.727169800E0,5.633235626E0,-1.161764099E1
1.270936196E1,4.422403564E0,5.107977905E0,-1.104568039E1
1.271937596E1,4.872517548E0,4.972359924E0,-1.070259384E1
1.272938996E1,7.214996338E0,5.933960266E0,-1.159069702E1
1.273940396E1,8.527467041E0,6.633755035E0,-1.267968246E1
1.274941796E1,7.838599548E0,6.662046204E0,-1.253403534E1
1.275943196E1,6.094875641E0,6.198759613E0,-1.189112228E1
1.276944496E1,4.286336517E0,5.746250610E0,-1.065095123E1
1.277945896E1,2.854713593E0,5.089566193E0,-8.822802887E0
1.278947296E1,1.636097717E0,4.352199554E0,-7.568710785E0
1.279948696E1,4.706213379E-1,4.138144684E0,-7.181765442E0
1.280950096E1,-3.179388428E-1,4.032614136E0,-7.291487274E0
1.281951496E1,-7.608677673E-1,3.808530121E0,-7.752378845E0
1.282952896E1,-3.186872864E-1,4.320615234E0,-7.845634918E0
1.283954296E1,2.024839325E0,5.321733398E0,-7.763755188E0
1.284955696E1,3.859424286E0,6.159840546E0,-7.907905426E0
1.285957096E1,4.637955322E0,6.575975189E0,-7.641758881E0
1.286958496E1,4.258644104E0,6.528823242E0,-7.721842346E0
1.287959896E1,2.769391022E0,6.132896576E0,-8.801547089E0
1.288961296E1,1.038989410E0,5.595364380E0,-8.686586151E0
1.289962696E1,-4.291575623E-1,4.760999451E0,-7.941585388E0
1.290964096E1,-1.561852112E0,4.452191620E0,-6.785689087E0
1.291965496E1,-2.046244812E0,4.820725250E0,-5.625152435E0
1.292966896E1,-1.690883789E0,4.937183075E0,-5.415887604E0
1.293968296E1,-1.673519897E0,4.607718201E0,-5.562582550E0
1.294969696E1,-1.501976624E0,4.701872406E0,-5.823789368E0
1.295970996E1,-6.460565186E-1,4.818030853E0,-6.265520782E0
1.296972396E1,1.091679840E0,5.570665741E0,-6.537804565E0
1.297973796E1,2.536325684E0,6.261628876E0,-7.140601044E0
1.298975196E1,2.414628754E0,6.005361786E0,-8.306227112E0
1.299976596E1,1.959724731E0,5.790558472E0,-9.754615173E0
1.300977996E1,1.613794098E0,5.335953827E0,-1.119013000E1
1.301979396E1,1.563648376E0,5.081632690E0,-1.175176208E1
1.302980796E1,2.347568207E0,5.334307251E0,-1.163470551E1
1.303982196E1,3.087180176E0,5.762267303E0,-1.065439407E1
1.304983596E1,3.106490021E0,5.836063843E0,-8.724008331E0
1.305984996E1,2.874771881E0,5.721701660E0,-8.386759644E0
1.306986396E1,3.075354767E0,5.613327026E0,-9.555529175E0
1.307987796E1,4.531975708E0,6.216123505E0,-1.179891403E1
1.308989196E1,6.214626617E0,6.830296326E0,-1.429018341E1
1.309990596E1,6.389612732E0,6.686595154E0,-1.551852905E1
1.310991996E1,5.898334351E0,6.061794434E0,-1.589918747E1
1.311993396E1,5.321733398E0,5.273982697E0,-1.579560287E1
1.312994796E1,4.644092560E0,4.356690216E0,-1.558259583E1
1.313996096E1,4.745880890E0,3.692970428E0,-1.623808273E1
1.314997496E1,5.746100922E0,3.421285400E0,-1.776850021E1
1.315998896E1,6.444398804E0,3.343447266E0,-1.921209824E1
1.317000296E1,6.067632294E0,3.087329865E0,-1.980920654E1
1.320004496E1,7.019353180E0,3.103346558E0,-1.818912552E1
1.321005896E1,6.537056122E0,2.541714478E0,-1.629122223E1
1.322007296E1,5.680237885E0,1.571132813E0,-1.462219299E1
1.323008696E1,4.647535400E0,4.794529724E-1,-1.307545944E1
1.324010096E1,3.479065247E0,-5.087919617E-1,-1.203961349E1
1.325011496E1,2.644251251E0,-5.143304443E-1,-1.175056458E1
1.326012896E1,2.256407776E0,-8.696914673E-2,-1.149160309E1
1.327014296E1,1.846410370E0,1.336720276E-1,-1.098445770E1
1.328015696E1,1.321302338E0,2.086660767E-1,-9.588909760E0
1.329017096E1,9.632469177E-1,1.978884888E-1,-7.184908905E0
1.330018496E1,1.484762421E0,4.342469788E-1,-3.914509735E0
1.331019896E1,1.867666168E0,7.794291687E-1,-1.713636475E0
1.332021196E1,1.113235016E0,1.144220581E0,-5.667214966E-1
1.333022596E1,-5.014572144E-2,1.153650970E0,-1.374142456E-1
1.334023996E1,-7.206015015E-1,9.382489014E-1,-5.351371765E-1
1.335025396E1,-1.642833710E0,1.033600616E0,-1.748813324E0
1.336026796E1,-2.430046692E0,1.189875641E0,-2.799328766E0
1.337028196E1,-3.167563019E0,1.283880157E0,-3.530258789E0
1.338029596E1,-4.063899078E0,1.807491302E0,-4.435576172E0
1.339030996E1,-4.235292664E0,2.835104370E0,-4.372706909E0
1.340032396E1,-4.084406433E0,3.918701019E0,-2.891986084E0
1.341033796E1,-3.660937042E0,4.483177185E0,-1.008153534E0
1.342035196E1,-3.625161438E0,4.599934387E0,6.478527832E-1
1.343036596E1,-3.922143860E0,4.321363678E0,1.708996124E0
1.344037996E1,-4.522245941E0,3.849395142E0,2.164798279E0
1.345039396E1,-5.229824524E0,3.336860962E0,3.008443909E0
1.346040796E1,-5.129682770E0,3.276835785E0,3.566483459E0
1.347042196E1,-4.672533417E0,3.631148987E0,2.883304138E0
1.348043596E1,-3.690276031E0,4.398752747E0,2.095043335E0
1.349044996E1,-1.924547882E0,5.517526245E0,9.645941162E-1
1.350046296E1,-9.684860229E-1,5.630241852E0,-6.918612671E-1
1.351047696E1,-9.577084351E-1,5.067412262E0,-1.736389160E0
1.352049096E1,-1.080752563E0,4.336931305E0,-2.513572998E0
1.353050496E1,-1.130149841E0,3.823049927E0,-3.156935120E0
1.354051896E1,-8.479866028E-1,3.671564941E0,-3.377276917E0
1.355053296E1,1.746867371E-1,3.842808838E0,-3.029400330E0
1.356054696E1,2.076182556E0,4.049379272E0,-2.281106415E0
1.357056096E1,3.803440704E0,4.135300598E0,-1.306483154E0
1.358057496E1,5.289101257E0,4.425397339E0,1.502874756E-1
1.359058896E1,5.557642822E0,5.054688721E0,1.940863953E0
1.360060296E1,4.305346985E0,5.788163452E0,2.350412292E0
1.361061696E1,1.859283600E0,5.546565857E0,9.915380859E-1
1.362063096E1,-2.494412842E0,4.018393707E0,-1.813329163E0
1.363064496E1,-6.583010559E0,2.071093140E0,-5.859564972E0
1.364065896E1,-8.900191956E0,6.891668701E-1,-9.271270294E0
1.365067296E1,-8.900940399E0,2.222877502E-1,-1.119462067E1
1.366068696E1,-6.742578735E0,6.185137939E-1,-1.122186401E1
1.367069996E1,-3.706442413E0,1.720073090E0,-1.002330643E1
1.368071396E1,-3.026705933E-1,3.567680969E0,-1.010847931E1
1.369072796E1,1.971999207E0,4.402944031E0,-1.058793228E1
1.370074196E1,1.773212585E0,3.829336853E0,-1.205084015E1
1.371075596E1,-8.288264465E-1,1.911075897E0,-1.489417740E1
1.372076996E1,-4.170178070E0,-3.796105957E-1,-1.776730270E1
1.373078396E1,-6.780599670E0,-2.093546448E0,-2.021336609E1
1.374079796E1,-7.140900421E0,-2.281555481E0,-2.227308289E1
1.383092396E1,-1.119821320E0,9.184899902E-1,-1.788046738E1
1.384093696E1,-7.424560547E-1,9.669891357E-1,-1.669448364E1
1.385095133E1,5.743556213E-1,1.538500671E0,-1.551059555E1
1.386096533E1,2.392624512E0,1.977238312E0,-1.420725586E1
1.387097933E1,4.551584930E0,2.459385681E0,-1.278042297E1
1.388099333E1,6.810836792E0,3.114573212E0,-1.069930069E1
1.389100733E1,8.696315918E0,3.499123535E0,-8.455017700E0
1.390102133E1,9.450298004E0,3.612737274E0,-6.766828308E0
1.391103533E1,9.155710602E0,3.260370026E0,-5.409750366E0
1.392104933E1,8.569978638E0,2.241588593E0,-4.620142365E0
1.393106333E1,7.932753754E0,1.818717957E0,-4.102967834E0
1.394107733E1,7.973768463E0,1.518592072E0,-3.347339172E0
1.395109133E1,8.903634796E0,8.720864868E-1,-2.781665497E0
1.396110533E1,9.332343292E0,1.062490540E0,-2.924169159E0
1.397111933E1,9.631720734E0,1.232237549E0,-3.237168274E0
1.398113333E1,9.436526642E0,1.115330658E0,-3.440744934E0
1.399114733E1,8.074508972E0,1.322200470E0,-3.578308868E0
1.400116033E1,5.778733063E0,7.461982727E-1,-4.155807953E0
1.401117433E1,3.006497955E0,2.514770508E-2,-4.699178009E0
1.402118833E1,1.773811340E-1,-3.620970154E-1,-5.449268188E0
1.403120233E1,-1.899400177E0,-6.741979980E-1,-6.203250275E0
1.404121633E1,-3.376079407E0,-2.427951050E-1,-6.954687653E0
1.405123033E1,-4.170477448E0,-2.492317200E-1,-7.530091095E0
1.406124433E1,-4.868625641E0,-3.367996216E-2,-7.332352295E0
1.407125833E1,-5.895190887E0,6.288423157E-1,-7.611222382E0
1.408127233E1,-7.013814697E0,6.007008362E-1,-8.314310303E0
1.409128633E1,-7.437433777E0,7.185058594E-2,-8.761729889E0
1.410130033E1,-7.371271362E0,-2.628533936E-1,-9.952054596E0
1.411131433E1,-6.909331970E0,-1.661544800E-1,-1.187809937E1
1.412132833E1,-6.153852997E0,1.640588379E-1,-1.274359955E1
1.413134233E1,-5.809568939E0,6.487509155E-1,-1.255783585E1
1.414135633E1,-6.525679779E0,7.051835632E-1,-1.231339417E1
1.415137033E1,-7.431146851E0,1.547781372E-1,-1.250020569E1
1.416138333E1,-7.472460938E0,-2.046244812E-1,-1.251637207E1
1.417139733E1,-7.070696411E0,-3.197351074E-1,-1.251502487E1
1.418141133E1,-6.861431580E0,-7.691006470E-1,-1.176074341E1
1.419142533E1,-6.686595154E0,-1.473984833E0,-1.100391724E1
1.420143933E1,-6.290668488E0,-1.093625793E0,-1.113339798E1
1.421145333E1,-6.667285309E0,1.387614441E-1,-1.149160309E1
1.422146733E1,-7.453450470E0,5.502557373E-1,-1.212149323E1
1.423148133E1,-8.529562683E0,4.742138672E-1,-1.213496521E1
1.424149533E1,-8.925189972E0,3.718267822E-1,-1.172062683E1
1.425150933E1,-8.537047119E0,4.146377563E-2,-1.122994720E1
1.426152333E1,-8.215665436E0,-2.192939758E-1,-1.184561691E1
1.427153733E1,-7.496111755E0,-4.679269409E-1,-1.249496658E1
1.428155133E1,-6.524482269E0,-5.584886169E-1,-1.271276367E1
1.429156533E1,-6.094875641E0,-3.212319946E-1,-1.322380096E1
1.430157933E1,-6.153703308E0,-2.348616028E-1,-1.360520782E1
1.431159333E1,-6.688241730E0,1.736389160E-2,-1.410681473E1
1.432160633E1,-7.319029999E0,-9.789642334E-2,-1.500794083E1
1.433162033E1,-8.033793640E0,-8.220904541E-1,-1.536120621E1
1.434163433E1,-7.822133789E0,-1.251846771E0,-1.530716858E1
1.435164833E1,-6.739584961E0,-1.630708923E0,-1.514535507E1
1.436166233E1,-5.040468292E0,-1.837129669E0,-1.490121277E1
1.437167633E1,-2.872676239E0,-1.907333679E0,-1.443867462E1
1.438169033E1,-1.240620117E0,-1.343755646E0,-1.401834869E1
1.439170433E1,-4.013154602E-1,-3.249742126E-1,-1.358634705E1
1.440171833E1,-4.252656555E-1,5.568420410E-2,-1.313353867E1
1.441173233E1,-8.634045410E-1,2.529739380E-2,-1.306602905E1
1.442174633E1,-1.053509216E0,-1.730401611E-1,-1.278506332E1
1.443176033E1,-7.412585449E-1,-2.972817993E-1,-1.186552551E1
1.444177433E1,3.249742126E-1,-2.365081787E-1,-1.041249710E1
1.445178833E1,2.224524078E0,-0.000000000E0,-8.771759033E0
1.446180133E1,4.360582123E0,6.692582703E-1,-7.390431519E0
1.447181533E1,5.757477264E0,1.616338806E0,-6.158643036E0
1.448182933E1,7.052434387E0,2.584375763E0,-5.051395569E0
1.449184333E1,8.715176697E0,3.445085907E0,-4.393663330E0
1.450185733E1,9.713600464E0,4.147724762E0,-3.698808289E0
1.451187133E1,1.008961853E1,4.305496674E0,-2.852917328E0
1.452188533E1,1.064286804E1,4.053869934E0,-1.945504303E0
1.453189933E1,1.134430939E1,3.484903107E0,-1.330882416E0
1.454191333E1,1.224319016E1,3.233126678E0,-1.825753326E0
1.455192733E1,1.333876190E1,3.446732483E0,-2.180964661E0
1.456194133E1,1.433913162E1,3.639531555E0,-2.031575317E0
1.457195533E1,1.505135056E1,4.157903595E0,-1.690285034E0
1.458196933E1,1.481574051E1,4.778662720E0,-1.764081573E0
1.459198333E1,1.350042572E1,4.927453308E0,-2.342029724E0
1.460199733E1,1.162033539E1,4.355043640E0,-2.823278961E0
1.461201133E1,1.007704468E1,4.034260712E0,-2.995570679E0
1.462202433E1,9.056766357E0,3.591780853E0,-3.002755737E0
1.463203833E1,8.527616730E0,3.064726868E0,-2.698139191E0
1.464205233E1,8.251890106E0,2.815046082E0,-2.188449097E0
1.465206633E1,8.352480927E0,2.412682800E0,-1.389560394E0
1.466208033E1,8.439001007E0,1.799857178E0,-3.499722290E-1
1.467209433E1,7.955805817E0,1.243913269E0,4.177812195E-1
1.468210833E1,7.232958984E0,4.644841003E-1,1.260229340E0
1.469212233E1,6.782845001E0,-5.783972168E-1,2.305056610E0
1.470213633E1,6.070775757E0,-1.190923462E0,2.632276154E0
1.471215033E1,4.595443726E0,-7.635621643E-1,2.264191589E0
1.472216433E1,3.387455750E0,-3.330574036E-1,1.267863464E0
1.473217833E1,2.067201233E0,-4.249662781E-1,-5.535488892E-1
1.474219233E1,1.910028076E-1,-1.042432251E0,-2.871478729E0
1.475220633E1,-1.365310822E0,-1.430724792E0,-4.329895935E0
1.476221933E1,-1.898951111E0,-1.944606171E0,-4.946314087E0
1.477223333E1,-1.460213470E0,-1.862277374E0,-6.811285858E0
1.478224733E1,-1.381477203E0,-1.574425964E0,-8.990603943E0
1.479226133E1,-1.954934692E0,-1.304836578E0,-1.025786865E1
1.480227533E1,-2.463127899E0,-9.571096802E-1,-1.007390121E1
1.481228933E1,-2.567460938E0,-4.839436340E-1,-1.030247589E1
1.482230333E1,-2.686912537E0,-6.891668701E-1,-1.133622620E1
1.483231733E1,-2.874173126E0,-1.921105042E0,-1.235321136E1
1.484233133E1,-2.283501434E0,-2.958298187E0,-1.427686111E1
1.485234471E1,-8.232879639E-1,-3.565136261E0,-1.773422150E1
1.486235871E1,7.735913086E-1,-3.765719147E0,-2.108230911E1
1.487237271E1,2.100282440E0,-3.383563843E0,-2.319262070E1
1.505262271E1,5.664071503E0,-3.671564941E0,-1.730671051E1
1.506263671E1,6.458768921E0,-3.573369141E0,-1.544578033E1
1.507265071E1,7.444618835E0,-3.342698822E0,-1.382584900E1
1.508266471E1,8.099506989E0,-3.113076324E0,-1.279539185E1
1.509267871E1,8.640631714E0,-2.795736237E0,-1.219903198E1
1.510269271E1,8.951086121E0,-2.278861084E0,-1.247625549E1
1.511270671E1,8.169411621E0,-2.341131592E0,-1.245754440E1
1.512272071E1,6.932384033E0,-2.574645996E0,-1.179053146E1
1.513273471E1,6.000422058E0,-2.627935181E0,-1.017134857E1
1.514274871E1,5.482349396E0,-2.362237701E0,-7.996820526E0
1.515276271E1,5.347330170E0,-2.026336212E0,-4.968018951E0
1.516277671E1,4.978946228E0,-1.800904999E0,-1.726360016E0
1.517279071E1,4.256548462E0,-1.523681488E0,8.851094055E-1
1.518280371E1,3.342848511E0,-1.104553070E0,2.919229431E0
1.519281771E1,1.872007141E0,-6.665638733E-1,4.451892242E0
1.520283171E1,1.399589539E-1,-2.829116821E-1,5.293292542E0
1.521284571E1,-1.020428009E0,3.173400879E-2,6.022875366E0
1.522285971E1,-1.211730194E0,3.848497009E-1,7.011569366E0
1.523287371E1,-3.787124634E-1,1.045725403E0,7.710615692E0
1.524288771E1,9.169931030E-1,1.616338806E0,7.552245026E0
1.525290171E1,1.799258423E0,2.099683685E0,6.838080139E0
1.526291571E1,2.493963776E0,2.458936615E0,5.923931122E0
1.527292971E1,2.906206512E0,2.731669464E0,5.443280640E0
1.528294371E1,3.266806641E0,2.990032196E0,5.165608063E0
1.529295771E1,2.798430634E0,2.620750122E0,4.784500580E0
1.530297171E1,1.608554993E0,2.091151428E0,4.876259766E0
1.531298471E1,9.280700684E-1,1.885179749E0,4.754712524E0
1.532299871E1,6.556365967E-1,1.735341339E0,3.736679535E0
1.533301271E1,4.460723877E-2,1.490899658E0,2.325114899E0
1.534302671E1,-6.056405640E-1,1.390458527E0,7.217990112E-1
1.535304071E1,-6.267466736E-1,1.417252808E0,-7.725434875E-1
1.536305471E1,2.219883728E-1,1.933080139E0,-1.714684296E0
1.537306871E1,1.361269226E0,2.697241058E0,-2.653531952E0
1.538308271E1,1.491947479E0,2.733914795E0,-3.853436737E0
1.539309671E1,8.919950867E-1,1.422192535E0,-4.241729279E0
1.540311071E1,4.261637878E-1,-2.064207458E-1,-4.171076202E0
1.541312471E1,1.068627777E0,-1.000369720E0,-5.690865784E0
1.542313871E1,3.007545776E0,-4.146377563E-1,-7.430099030E0
1.543315271E1,4.877606964E0,5.325924683E-1,-8.809480591E0
1.544316571E1,6.392157440E0,1.178349609E0,-1.012374756E1
1.545317971E1,7.801027679E0,1.775757294E0,-1.189217010E1
1.546319371E1,8.071664886E0,1.893262939E0,-1.384605698E1
1.547320771E1,7.381450195E0,1.217418365E0,-1.541464508E1
1.548322171E1,7.667954407E0,2.249821472E-1,-1.594110031E1
1.549323571E1,8.870553589E0,-3.257226562E-1,-1.669732773E1
1.550324971E1,1.039333694E1,-2.359094238E-1,-1.753857834E1
1.551326371E1,1.143576920E1,3.342549133E-1,-1.814811081E1
1.552327771E1,1.208811264E1,7.804769897E-1,-1.867890701E1
1.553329171E1,1.221729401E1,8.427474976E-1,-1.907468399E1
1.557585171E1,1.120914047E1,7.762857056E-1,-1.987911118E1
1.559337471E1,1.097068634E1,-7.249424744E-1,-1.520223679E1
1.560338871E1,1.159952866E1,-8.424481201E-1,-1.348261276E1
1.561340271E1,1.215622101E1,-4.740641785E-1,-1.287861877E1
1.562341671E1,1.199425781E1,-2.267784119E-1,-1.202434525E1
1.563343071E1,1.133652557E1,-2.020797729E-2,-1.161225220E1
1.564344471E1,1.045740372E1,-5.298980713E-2,-1.143232635E1
1.565345871E1,9.712402954E0,7.020401001E-2,-1.124222168E1
1.566347271E1,9.302555237E0,3.558100891E-1,-1.188139252E1
1.567348671E1,7.860304413E0,1.413061523E-1,-1.241578125E1
1.568350071E1,6.248456268E0,4.658312988E-1,-1.258268417E1
1.569351471E1,5.464536438E0,7.491920471E-1,-1.252849686E1
1.570352771E1,5.343138885E0,8.452922058E-1,-1.240260864E1
1.571354171E1,4.772675171E0,8.551716614E-1,-1.263402740E1
1.572355571E1,3.791764984E0,6.638694763E-1,-1.290032364E1
1.573356971E1,3.407813416E0,6.982978821E-1,-1.314147217E1
1.574358371E1,4.003873901E0,1.119372253E0,-1.292397446E1
1.575359771E1,4.844226379E0,1.431323547E0,-1.262744110E1
1.576361171E1,5.404361572E0,1.277144165E0,-1.225441681E1
1.577362571E1,5.372477875E0,8.973838806E-1,-1.132095795E1
1.578363971E1,5.099894714E0,4.432283020E-1,-1.024035507E1
1.579365371E1,4.218377838E0,2.754272461E-2,-8.933572540E0
1.580366771E1,2.681374054E0,-2.498304749E-1,-7.302414551E0
1.581368171E1,1.401236115E0,-1.838177490E-1,-5.966891785E0
1.582369571E1,6.547384644E-1,5.179229736E-2,-4.197122040E0
1.583370871E1,1.977388000E-1,1.577719116E-1,-2.607876892E0
1.584372271E1,-7.783813477E-3,1.487905884E-1,-1.471290436E0
1.585373667E1,-1.251397705E-1,4.713697815E-1,-8.108638000E-1
1.586375067E1,-2.044747925E-1,7.604187012E-1,-5.402265930E-1
1.587376467E1,-3.523672485E-1,9.559121704E-1,-9.348060608E-1
1.588377867E1,-8.599617004E-1,1.000220032E0,-9.169931030E-1
1.589379267E1,-1.617686005E0,9.761201477E-1,-7.369175720E-1
1.590380667E1,-2.315684509E0,8.084687805E-1,-1.049467621E0
1.591382067E1,-2.392774200E0,1.044827271E0,-1.821562042E0
1.592383467E1,-1.062041473E0,1.894909515E0,-2.748135223E0
1.593384867E1,-9.954299927E-2,2.390379181E0,-2.564467163E0
1.594386267E1,2.327659607E-1,2.160008240E0,-1.230291595E0
1.595387567E1,2.652484131E-1,1.803898773E0,-9.131011963E-3
1.596388967E1,-2.429447937E-1,1.264121246E0,8.478369141E-1
1.597390367E1,-9.169931030E-1,7.385641479E-1,1.386117554E0
1.598391767E1,-1.733694763E0,7.878117371E-1,1.088386688E0
1.599393167E1,-3.041974182E0,8.378077698E-1,-2.954855347E-1
1.600394567E1,-4.320914612E0,5.749543762E-1,-1.426982574E0
1.601395967E1,-4.475992126E0,7.617658997E-1,-2.031126251E0
1.602397367E1,-3.254681854E0,1.306183777E0,-2.255060577E0
1.603398767E1,-1.752405853E0,2.003134460E0,-2.672542419E0
1.604400167E1,-8.595126343E-1,1.935624847E0,-3.162623291E0
1.605401567E1,-3.435356140E-1,1.044677582E0,-3.552113342E0
1.606402867E1,6.858737183E-1,8.168513489E-1,-4.221820679E0
1.607404267E1,2.057172089E0,1.413510590E0,-4.958738251E0
1.608405667E1,3.105292511E0,1.890269165E0,-5.609734497E0
1.609407067E1,4.066593475E0,1.441203003E0,-6.429130554E0
1.610408467E1,4.800068207E0,6.161187744E-1,-6.972350922E0
1.611409867E1,4.760400696E0,1.199006653E-1,-7.928712158E0
1.612411267E1,4.158053284E0,-3.269201660E-1,-9.432335358E0
1.613412667E1,4.129911804E0,-7.137158203E-1,-1.079165863E1
1.614414067E1,6.091881866E0,-3.966751099E-1,-1.151136200E1
1.615415467E1,9.551786957E0,4.854405212E-1,-1.118264557E1
1.616416867E1,1.265228943E1,1.289568329E0,-1.148726212E1
1.617418267E1,1.420665710E1,1.571282501E0,-1.265917511E1
1.618419567E1,1.457773544E1,1.531914368E0,-1.420381302E1
1.619420967E1,1.438793015E1,9.327104187E-1,-1.580413513E1
1.620422367E1,1.364337845E1,3.189866638E-1,-1.723261459E1
1.621423767E1,1.256621841E1,3.697311401E-2,-1.928978668E1
1.622425167E1,1.174442734E1,-3.284170532E-1,-2.076302307E1
1.624427967E1,1.203033279E1,-1.085243225E-1,-1.872531052E1
1.625429367E1,1.222882004E1,-2.888992310E-2,-1.622865234E1
1.626430767E1,1.123563538E1,-2.510279846E-1,-1.466754868E1
1.627432167E1,9.493707733E0,-7.638615417E-1,-1.421758438E1
1.628433567E1,7.540868683E0,-9.529183960E-1,-1.389425674E1
1.629434867E1,6.038742371E0,-9.792636108E-1,-1.370879242E1
1.630436267E1,5.557792511E0,-8.967851257E-1,-1.409334274E1
1.631437667E1,5.290747833E0,-5.403762817E-1,-1.543664932E1
1.632439067E1,4.924010468E0,-1.754351807E-1,-1.608989090E1
1.633440467E1,5.361400909E0,-2.140548706E-2,-1.544188843E1
1.634441867E1,6.727310486E0,5.668711853E-1,-1.492381577E1
1.635443267E1,8.194409637E0,1.513652344E0,-1.472742416E1
1.636444667E1,9.095535736E0,1.780397644E0,-1.394844406E1
1.637446067E1,8.662785645E0,1.410217438E0,-1.272144562E1
1.638447467E1,7.909102936E0,8.117619324E-1,-1.155626862E1
1.639448867E1,7.622898102E0,1.178050232E-1,-1.050081345E1
1.640450267E1,8.103548584E0,2.754272461E-2,-9.167236633E0
1.641451567E1,9.305998077E0,3.953279114E-1,-7.033573608E0
1.642452967E1,1.084389999E1,5.914201355E-1,-4.477189636E0
1.643454367E1,1.227881607E1,5.719606018E-1,-2.142794037E0
1.644455767E1,1.292053162E1,1.144220581E0,-1.134041748E0
1.645457167E1,1.332035019E1,1.727108459E0,-1.143172760E0
1.646458567E1,1.301812866E1,1.833686829E0,-1.881437531E0
1.647459967E1,1.193587921E1,1.710343323E0,-2.963836670E0
1.648461367E1,1.103205872E1,1.579216003E0,-3.427422638E0
1.649462767E1,1.044048889E1,1.670975189E0,-3.183430023E0
1.650464167E1,1.000025436E1,1.525178375E0,-2.628084869E0
1.651465567E1,8.933123474E0,1.033899994E0,-2.391277313E0
1.652466867E1,7.696095886E0,3.701802063E-1,-2.035616913E0
1.653468267E1,6.746171265E0,-1.139131165E-1,-1.124910736E0
1.654469667E1,5.746100922E0,-1.034349060E-1,-8.952882385E-1
1.655471067E1,4.190835114E0,2.040257263E-1,-1.075513458E0
1.656472467E1,1.633553009E0,4.032614136E-1,-2.039359131E0
1.657473867E1,-1.380728760E0,3.007246399E-1,-3.886517944E0
1.658475267E1,-3.973936157E0,-1.032852173E-1,-5.796995087E0
1.659476667E1,-5.421426086E0,-3.204835510E-1,-7.206015015E0
1.660478067E1,-5.917195129E0,-2.136058044E-1,-8.526269531E0
1.661479467E1,-5.979465637E0,-5.328918457E-1,-8.795260162E0
1.662480867E1,-5.498665466E0,-3.866459656E-1,-8.292306061E0
1.663482167E1,-4.850363617E0,7.559280396E-2,-8.280630341E0
1.664483567E1,-4.711003418E0,2.436932373E-1,-8.913813629E0
1.665484967E1,-4.404291229E0,4.888833618E-1,-1.062370789E1
1.666486367E1,-4.009711761E0,8.717871094E-1,-1.257549911E1
1.667487767E1,-4.072281647E0,8.159532166E-1,-1.441382629E1
1.668489167E1,-3.966302032E0,5.869294739E-1,-1.563019684E1
1.669490567E1,-3.057092743E0,3.350033569E-1,-1.648087784E1
1.670491967E1,-1.916464691E0,1.683998108E-1,-1.712528778E1
1.671493367E1,-8.729846191E-1,4.653822327E-1,-1.794228882E1
1.672494767E1,5.102888489E-1,1.040785675E0,-1.837952957E1
1.673496067E1,2.232457581E0,1.448837128E0,-1.890209290E1
1.674497467E1,4.212539978E0,1.863774261E0,-1.943528412E1
1.677501667E1,1.054257660E1,2.142644348E0,-1.867561386E1
1.678503067E1,1.093521011E1,1.501228180E0,-1.889595566E1
1.680505867E1,1.128548172E1,1.382075958E0,-1.806233917E1
1.681507267E1,1.069645660E1,1.430575104E0,-1.575967758E1
1.682508667E1,9.428443451E0,9.681866455E-1,-1.279793655E1
1.683510067E1,7.707023163E0,3.851490784E-1,-9.608518982E0
1.684511367E1,6.150110779E0,-8.981323242E-3,-7.107819214E0
1.685512879E1,5.126838684E0,-1.456471252E-1,-4.573439484E0
1.686514279E1,4.410578156E0,-1.275347900E-1,-2.481539612E0
1.687515679E1,3.425925751E0,1.603166199E-1,-1.265618134E0
1.688517079E1,2.038161621E0,6.586303711E-1,-8.595126343E-1
1.689518479E1,-1.151106262E-1,1.006806335E0,-1.713935852E-1
1.690519879E1,-2.682870941E0,1.230590973E0,6.053411865E-1
1.691521279E1,-4.934488678E0,1.608405304E0,1.704655151E0
1.692522679E1,-6.287824402E0,2.431693268E0,2.940185852E0
1.693524079E1,-7.010820923E0,3.339854736E0,3.105741577E0
1.694525479E1,-6.903793488E0,3.947141876E0,2.131717072E0
1.695526779E1,-6.337521057E0,4.154311066E0,6.493496704E-1
1.696528179E1,-5.630840607E0,3.885919189E0,-1.369651794E-1
1.697529579E1,-4.724176025E0,3.374881897E0,-6.119274902E-1
1.698530979E1,-3.579656067E0,3.278482361E0,-1.462608490E0
1.699532379E1,-1.676663361E0,3.669618988E0,-2.737207947E0
1.700533779E1,2.945874023E-1,4.187841339E0,-4.220922546E0
1.701535179E1,2.115550690E0,4.275858307E0,-5.807473297E0
1.702536579E1,3.784430237E0,4.016148376E0,-6.991960144E0
1.703537979E1,5.040318604E0,3.727698212E0,-7.815996552E0
1.704539379E1,5.123545532E0,2.239492950E0,-8.567134552E0
1.705540679E1,5.115761719E0,9.283694458E-1,-8.518336029E0
1.706542079E1,5.032534790E0,9.355545044E-2,-8.432863770E0
1.707543479E1,5.118456116E0,-6.962022400E-1,-7.343279572E0
1.708544879E1,5.316793671E0,-3.406915283E-1,-5.815107422E0
1.709546279E1,6.145171051E0,1.163081360E-1,-4.890779572E0
1.710547679E1,6.926695862E0,5.565426636E-1,-4.442012787E0
1.711549079E1,7.533084869E0,9.789642334E-1,-4.101770325E0
1.712550479E1,7.851622467E0,5.745053101E-1,-4.335733795E0
1.713551879E1,7.643255768E0,-2.523751831E-1,-5.038522339E0
1.714553279E1,7.267237701E0,-1.050216064E0,-5.822292480E0
1.715554579E1,6.404731293E0,-2.310595093E0,-6.606212311E0
1.716555979E1,4.723128204E0,-2.651735687E0,-7.148384857E0
1.717557379E1,1.742975464E0,-1.162781982E0,-7.464228058E0
1.718558779E1,1.576222229E-1,-7.899073792E-1,-7.270381165E0
1.719560179E1,-2.724334717E-1,-3.454815674E-1,-5.753735046E0
1.720561579E1,1.258283386E0,8.819659424E-1,-5.397326202E0
1.721562979E1,2.902015228E0,1.652713165E0,-5.447471924E0
1.722564379E1,2.758912811E0,1.704954529E0,-5.591472473E0
1.723565779E1,1.148561554E0,1.475930786E0,-5.260810089E0
1.724567179E1,-1.215622101E0,1.937870178E0,-5.107678528E0
1.725568479E1,-3.305276642E0,2.881058807E0,-5.336702271E0
1.726569879E1,-4.131708069E0,3.802542572E0,-4.515360260E0
1.727571279E1,-3.766916656E0,4.267026672E0,-2.908451843E0
1.728572679E1,-2.784060516E0,4.491859131E0,-1.362466736E0
1.729574079E1,-1.806742859E0,4.536316681E0,-4.032614136E-1
1.730575479E1,-1.178648987E0,4.487218781E0,4.460723877E-2
1.731576879E1,-4.291575623E-1,4.225263519E0,-3.320095825E-1
1.732578279E1,8.921447754E-1,4.418811035E0,-1.588496704E0
1.733579679E1,1.678309937E0,5.229674835E0,-3.019969940E0
1.734581079E1,1.684746552E0,5.981112213E0,-4.445305939E0
1.735582379E1,1.592238922E0,5.824837189E0,-5.269641724E0
1.736583779E1,1.395398254E0,5.052144012E0,-5.286706238E0
1.737585179E1,1.080752563E0,4.493356018E0,-4.986430664E0
1.738586579E1,1.344204712E0,3.955823822E0,-4.928800507E0
1.739587979E1,2.672991486E0,3.257975006E0,-5.279371490E0
1.740589379E1,4.428391113E0,2.766846313E0,-5.396428070E0
1.741590779E1,5.780229950E0,2.421664124E0,-4.922812958E0
1.742592179E1,7.048841858E0,2.412533112E0,-4.800367584E0
1.743593579E1,8.516839142E0,2.558778992E0,-5.715564423E0
1.744594979E1,9.367969208E0,2.746937714E0,-6.878346405E0
1.745596279E1,9.817185059E0,2.701582031E0,-7.587571564E0
1.746597679E1,1.069046906E1,2.183060303E0,-8.086184692E0
1.747599079E1,1.122770187E1,1.909878387E0,-9.002429352E0
1.748600479E1,1.154294632E1,1.014440460E0,-9.230704651E0
1.749601879E1,1.156465118E1,-1.734892273E-1,-6.701713715E0
1.750603279E1,1.200473602E1,-1.037193146E0,-2.440225525E0
1.751604679E1,1.353111191E1,-1.443897400E0,1.401385803E0
1.752606079E1,1.529893570E1,-1.024918671E0,4.178410950E0
1.753607479E1,1.652398819E1,-2.787203979E-1,5.551954651E0
1.754608879E1,1.649869080E1,6.212081909E-2,6.081253967E0
1.755610179E1,1.537303162E1,-7.253915405E-1,5.052144012E0
1.756611579E1,1.477936615E1,-1.448388062E0,3.408262482E0
1.757612979E1,1.559037964E1,-1.210083618E0,3.959266663E0
1.758614379E1,1.731688934E1,-5.911207581E-1,5.156776428E0
1.759615779E1,1.972597961E1,3.543132019E-1,5.553301849E0
1.760617179E1,2.210228806E1,2.013163605E0,4.782554626E0
1.766625479E1,1.883203857E1,3.714375916E0,-1.703607330E0
1.767626879E1,1.715642303E1,3.288960571E0,-6.864724731E-1
1.768628279E1,1.572749451E1,3.073708191E0,-7.617658997E-1
1.769629679E1,1.527229111E1,2.955454102E0,-7.714956665E-1
1.770631079E1,1.558618835E1,3.102598114E0,4.640350342E-3
1.771632479E1,1.548365158E1,3.339705048E0,6.391708374E-1
1.772633879E1,1.458387268E1,3.024909668E0,4.668791199E-1
1.773635279E1,1.356883347E1,2.124382324E0,3.998185730E-1
1.774636579E1,1.370699615E1,2.091151428E0,5.550457764E-1
1.775637979E1,1.478685059E1,2.775228882E0,7.325765991E-1
1.776639379E1,1.550879929E1,2.868035889E0,2.290237427E-2
1.777640779E1,1.552212158E1,2.910248108E0,-1.219214630E0
1.778642179E1,1.510913040E1,2.715652771E0,-2.450254669E0
1.779643579E1,1.550011734E1,1.931583252E0,-2.432890778E0
1.780644979E1,1.650602554E1,1.534159698E0,-1.229543152E0
1.781646379E1,1.710014008E1,6.987469482E-1,-9.223818970E-1
1.782647779E1,1.760294449E1,-3.038681030E-1,-1.390009460E0
1.783649079E1,1.970592133E1,-1.332229614E-2,-2.255060577E0
1.784650479E1,2.334590195E1,9.446855164E-1,-3.689228210E0
1.799671396E1,1.802192322E1,-6.688840485E0,-7.587272186E0
1.800672796E1,1.765952682E1,-7.250921631E0,-6.057154083E0
1.801674096E1,1.843925537E1,-7.109765167E0,-5.105133820E0
1.802675496E1,1.874312347E1,-6.719975739E0,-5.891748047E0
1.803676896E1,1.804946594E1,-6.863676910E0,-7.095245361E0
1.804678296E1,1.686587723E1,-7.309449921E0,-7.473359070E0
1.805679696E1,1.538740173E1,-8.205486603E0,-6.656507721E0
1.806681096E1,1.374696304E1,-9.173373871E0,-4.993016968E0
1.807682496E1,1.212343918E1,-9.728120270E0,-3.125799866E0
1.808683896E1,1.065259781E1,-9.920919342E0,-1.143921204E0
1.809685296E1,8.843609619E0,-1.019814285E1,2.582130432E-1
1.810686696E1,6.640041962E0,-1.047836014E1,1.053209839E0
1.811687996E1,4.713697815E0,-1.045949936E1,1.619332581E0
1.812689396E1,3.385659485E0,-1.023436752E1,1.955832825E0
1.813690796E1,2.557282104E0,-9.685908051E0,2.175426178E0
1.814692196E1,2.030078430E0,-9.029073944E0,2.353855133E0
1.815693596E1,1.785786438E0,-8.417296143E0,2.534529419E0
1.816694996E1,1.778302002E0,-7.835905151E0,3.607797546E0
1.817696396E1,1.648671570E0,-7.542964325E0,5.314698029E0
1.818697796E1,2.200424194E-2,-7.750432892E0,6.338718567E0
1.819699196E1,-2.332150269E0,-8.306376801E0,7.947572937E0
1.820700496E1,-4.590953064E0,-8.647816772E0,1.049841843E1
1.821701896E1,-7.248676300E0,-7.985144806E0,1.329116089E1
1.822703296E1,-1.048105453E1,-7.484585724E0,1.674552750E1
1.823704696E1,-1.288445663E1,-6.375991058E0,2.015319122E1
1.824706096E1,-1.411070663E1,-5.611231384E0,2.131717072E1
1.826708896E1,-1.434960983E1,-3.744163971E0,1.815679276E1
1.827710296E1,-1.367885468E1,-3.402424622E0,1.620170837E1
1.828711696E1,-1.263702118E1,-3.049608307E0,1.509760437E1
1.829712996E1,-1.143142822E1,-2.428699493E0,1.422192535E1
1.830714396E1,-1.007060806E1,-1.897454224E0,1.315060318E1
1.831715796E1,-8.355325012E0,-8.412506104E-1,1.140882523E1
1.832717196E1,-6.216572571E0,1.966909790E-1,8.383915558E0
1.833718596E1,-5.220992889E0,-5.125341797E-1,5.169649658E0
1.834719996E1,-4.668491821E0,-1.129102020E0,2.708168335E0
1.835721396E1,-4.067641296E0,-1.828747101E0,8.337661743E-1
1.836722796E1,-3.266207886E0,-2.623145142E0,1.149609375E-1
1.837724096E1,-2.164049835E0,-2.711311798E0,5.547463989E-1
1.838725496E1,-5.851332092E-1,-3.176544342E0,1.360371094E0
1.839726896E1,1.465003510E0,-3.776945801E0,1.024918671E0
1.840728296E1,4.509223022E0,-4.097129974E0,-4.948709106E-1
1.841729696E1,8.050858154E0,-3.584895172E0,-2.866688690E0
1.842731096E1,1.122665405E1,-2.141297150E0,-7.142846375E0
1.843732496E1,1.382300491E1,-7.063810730E-1,-1.175685150E1
1.844733896E1,1.447355209E1,-3.614982605E-1,-1.621054001E1
1.845735296E1,1.471709564E1,-8.574169922E-1,-1.965667374E1
1.846736596E1,1.555640030E1,-1.612147522E0,-2.199421280E1
1.862758896E1,1.030756531E0,-6.645131378E0,-1.755444534E1
1.863760296E1,-3.177891541E-1,-6.716083832E0,-1.575428879E1
1.864761596E1,-1.849553833E0,-7.141499176E0,-1.428165115E1
1.865762996E1,-3.226540375E0,-7.687863007E0,-1.179577057E1
1.866764396E1,-4.001329193E0,-7.973319397E0,-8.607251129E0
1.867765796E1,-3.904181213E0,-7.695347443E0,-5.900429993E0
1.868767196E1,-3.094215546E0,-7.240443420E0,-3.739523621E0
1.869768596E1,-1.933529205E0,-6.714137878E0,-1.647923126E0
1.870769996E1,-1.100212097E-1,-5.488037567E0,1.173559570E-1
1.871771396E1,2.296674042E0,-3.797602844E0,8.161029053E-1
1.872772696E1,3.083887024E0,-2.863844604E0,7.200027466E-1
1.873774096E1,2.975512390E0,-2.329605560E0,8.577163696E-1
1.874775496E1,3.368744659E0,-1.526675262E0,1.989213409E0
1.875776896E1,4.587809601E0,-3.101550293E-1,3.654949493E0
1.876778296E1,7.072642365E0,1.187330933E0,4.486170959E0
1.877779696E1,9.747280426E0,1.903890839E0,4.772675171E0
1.878781096E1,1.247805176E1,1.933529205E0,4.759502563E0
1.879782496E1,1.647638718E1,2.037263489E0,4.620890808E0
1.880783796E1,2.121373581E1,2.827619934E0,5.495671692E0
1.881785196E1,2.511701889E1,3.965104523E0,7.607779541E0
1.890797704E1,1.758528122E1,2.260000305E0,-3.459306335E0
1.891799104E1,1.560355225E1,1.765578461E0,-5.182073822E0
1.892800504E1,1.360011841E1,1.157991943E0,-5.466183014E0
1.893801904E1,1.157527908E1,5.780978394E-1,-5.833369446E0
1.894803304E1,9.827513580E0,-6.526428223E-2,-6.722819824E0
1.895804704E1,8.263266449E0,-1.240171051E0,-7.583080902E0
1.896806104E1,6.339017944E0,-2.776276703E0,-8.111332397E0
1.897807404E1,4.635859680E0,-3.980522461E0,-8.991951141E0
1.898808804E1,3.635639648E0,-4.181554413E0,-1.093461136E1
1.899810204E1,2.727777557E0,-4.173022156E0,-1.335328171E1
1.900811604E1,1.702709198E0,-4.386777649E0,-1.590861786E1
1.901813004E1,9.545649719E-1,-4.381538544E0,-1.714145416E1
1.902814404E1,4.231700134E-1,-4.477938080E0,-1.624167526E1
1.903815804E1,-4.010160828E-1,-4.681065674E0,-1.441457474E1
1.904817204E1,-1.961071930E0,-4.968168640E0,-1.367166962E1
1.905818504E1,-3.724105682E0,-5.215304718E0,-1.399784134E1
1.906819904E1,-4.871170349E0,-5.359754333E0,-1.448687439E1
1.907821304E1,-5.658383331E0,-5.287304993E0,-1.551299057E1
1.908822704E1,-5.832471313E0,-5.325026550E0,-1.682067123E1
1.909824104E1,-5.499264221E0,-5.266647949E0,-1.707154953E1
1.910825504E1,-4.662953339E0,-4.946912842E0,-1.602208191E1
1.911826904E1,-3.691323853E0,-4.533771973E0,-1.436891968E1
1.912828304E1,-3.377127228E0,-4.446204071E0,-1.331091980E1
1.913829604E1,-3.469934235E0,-4.552183685E0,-1.241158997E1
1.914831004E1,-3.524121552E0,-4.859344940E0,-1.116318604E1
1.915832404E1,-3.504362640E0,-5.132826233E0,-9.629924469E0
1.916833804E1,-3.355422363E0,-5.223088531E0,-7.751480713E0
1.917835204E1,-2.593357086E0,-5.045408020E0,-5.693560181E0
1.918836604E1,-1.256636810E0,-4.844226379E0,-3.082390137E0
1.919838004E1,3.748205566E-1,-4.493505707E0,-9.539662170E-1
1.920839404E1,1.467099152E0,-4.083208923E0,3.463796997E-1
1.921840704E1,1.380279694E0,-4.048181763E0,1.169368286E0
1.922842104E1,8.785231018E-1,-4.120481415E0,1.801503754E0
1.923843504E1,5.896238708E-1,-3.943848724E0,1.875000916E0
1.924844904E1,-3.832031250E-2,-3.866609344E0,1.689686279E0
1.925846304E1,-1.462758179E0,-4.335883484E0,1.544338531E0
1.926847704E1,-3.079546051E0,-4.485123138E0,9.653425598E-1
1.927849104E1,-4.098926239E0,-4.528682556E0,7.683522034E-1
1.928850504E1,-3.759132843E0,-4.564308472E0,1.278191986E0
1.929851904E1,-1.956730957E0,-4.600982208E0,2.186503143E0
1.930853204E1,2.897973633E-1,-4.635111237E0,3.314108276E0
1.931854604E1,2.692600708E0,-4.981640625E0,3.736380157E0
1.932856004E1,4.892276459E0,-5.806874542E0,2.679727478E0
1.933857404E1,7.138655090E0,-6.111940155E0,-6.023474121E-1
1.934858804E1,9.004824371E0,-5.660478973E0,-4.637955322E0
1.935860204E1,1.054377411E1,-5.876629486E0,-7.368127899E0
1.936861604E1,1.310434937E1,-6.047274628E0,-8.800648956E0
1.937862904E1,1.625394974E1,-5.638325043E0,-9.198222198E0
1.938864304E1,1.914159485E1,-5.726641388E0,-9.739346924E0
1.939865704E1,2.199526062E1,-6.375841370E0,-1.128368546E1
1.949879604E1,1.833686829E1,-5.661975861E0,-1.516975433E1
1.950881004E1,1.836426132E1,-5.291346588E0,-1.720656876E1
1.951882404E1,1.815604431E1,-4.946164398E0,-1.961386276E1
1.952883804E1,1.711885117E1,-5.321134644E0,-2.138812317E1
1.957640404E1,1.244182709E1,-7.271428986E0,-2.302466995E1
1.961896204E1,7.634873199E0,-8.746910706E0,-1.740445724E1
1.962897604E1,6.829996948E0,-8.568032684E0,-1.531719772E1
1.963899004E1,5.843847656E0,-8.446036377E0,-1.305854462E1
1.964900404E1,4.927602997E0,-8.401429138E0,-1.081935104E1
1.965901804E1,3.875440979E0,-8.477770386E0,-8.558602295E0
1.966903204E1,2.807561646E0,-8.440497894E0,-6.300697632E0
1.967904604E1,1.769769745E0,-8.230634308E0,-4.138593750E0
1.968906004E1,7.438032532E-1,-7.798183594E0,-2.181563416E0
1.969907304E1,-2.574645996E-1,-7.416926422E0,-5.929170227E-1
1.970908704E1,-1.145268402E0,-6.848708038E0,8.797206116E-1
1.971910104E1,-1.523831177E0,-6.088588715E0,1.995051270E0
1.972911504E1,-1.150208130E0,-5.089715881E0,2.209106140E0
1.973912904E1,-1.294358368E0,-4.451742554E0,1.597178650E0
1.974914304E1,-1.580114136E0,-3.913611603E0,1.754202118E0
1.975915704E1,-1.745969238E0,-3.460354156E0,3.399730225E0
1.976917104E1,-2.154918823E0,-3.100951538E0,6.176306305E0
1.977918404E1,-2.888842621E0,-2.830913086E0,8.884175262E0
1.978919804E1,-3.603755951E0,-2.836002502E0,1.097787140E1
1.979921204E1,-3.957021332E0,-2.706521759E0,1.182630707E1
1.980922604E1,-3.799698486E0,-2.432741089E0,1.145897095E1
1.981924004E1,-2.944975891E0,-1.907633057E0,1.046698380E1
1.982925404E1,-1.614841919E0,-1.376537476E0,9.414971466E0
1.983926804E1,-3.751199341E-1,-9.650431824E-1,7.877368927E0
1.984928204E1,9.565109253E-2,-9.017248535E-1,6.260730743E0
1.985929454E1,9.924362183E-2,-9.452842712E-1,5.086572418E0
1.986930854E1,9.024732971E-1,-5.989045715E-1,4.338428192E0
1.987932254E1,2.170336761E0,-2.097138977E-1,3.528612213E0
1.988933654E1,2.899470520E0,-2.761756897E-1,3.013982391E0
1.989935054E1,3.231330414E0,-8.446934509E-1,2.911295929E0
1.990936454E1,3.340004425E0,-1.381926270E0,2.082619171E0
1.991937854E1,4.242627411E0,-2.061513062E0,2.010169830E0
1.992939154E1,6.507717133E0,-2.478246460E0,2.079625397E0
1.993940554E1,9.571096802E0,-2.143991547E0,8.351133728E-1
1.994941954E1,1.273551636E1,-1.346300354E0,-8.532257080E-1
1.995943354E1,1.472877136E1,-8.764274597E-1,-2.177521820E0
1.996944754E1,1.518547165E1,-1.299747162E0,-3.009042664E0
1.997946154E1,1.424632462E1,-2.309098206E0,-3.472628632E0
1.998947554E1,1.264779877E1,-3.193159790E0,-5.413791962E0
1.999948954E1,1.109103607E1,-3.895948334E0,-7.734116821E0
2.000950254E1,1.073732162E1,-4.136797485E0,-1.042806473E1
2.001951654E1,1.156899216E1,-4.004173279E0,-1.161913788E1
2.002953054E1,1.257834320E1,-4.110152893E0,-1.166973267E1
2.003954454E1,1.363424744E1,-4.542902985E0,-1.118369339E1
2.004955854E1,1.341420502E1,-5.547014923E0,-1.311812073E1
2.005957254E1,1.161015656E1,-6.587201843E0,-1.796938248E1
2.006958654E1,9.296567688E0,-6.987768860E0,-2.254431885E1
2.022980854E1,5.936654663E-1,-5.703439636E0,-1.770203842E1
2.023982154E1,1.042731628E0,-6.144123230E0,-1.672741516E1
2.024983554E1,1.263522491E0,-6.187383270E0,-1.658685745E1
2.025984954E1,1.831291809E0,-5.806724854E0,-1.715163300E1
2.026986354E1,2.684966583E0,-5.149741058E0,-1.789633438E1
2.027987754E1,3.887116699E0,-4.916675720E0,-1.837249420E1
2.028989154E1,4.694088593E0,-5.039869537E0,-1.859657822E1
2.029990554E1,5.202581177E0,-4.994813232E0,-1.763767227E1
2.030991854E1,5.799689484E0,-4.729564819E0,-1.567719910E1
2.031993254E1,6.432423706E0,-4.443809052E0,-1.406340500E1
2.032994654E1,6.952592010E0,-4.238585815E0,-1.238659195E1
2.033996054E1,6.894213409E0,-3.970193939E0,-1.179936310E1
2.034997454E1,6.346053314E0,-3.544329529E0,-1.077160034E1
2.035998854E1,6.106102295E0,-3.330124969E0,-8.699309692E0
2.037000254E1,6.206244049E0,-3.516487427E0,-7.034771118E0
2.038001554E1,6.073470154E0,-3.692371674E0,-5.676645355E0
2.039002954E1,6.207142181E0,-3.342998199E0,-4.462669830E0
2.040004354E1,6.788682861E0,-3.006048889E0,-2.898871765E0
2.041005754E1,7.113806763E0,-2.934497681E0,-1.245709534E0
2.042007154E1,7.486232300E0,-2.662064209E0,6.042933655E-1
2.043008554E1,8.098758545E0,-2.196681976E0,2.727478180E0
2.044009954E1,9.145382080E0,-1.243314514E0,4.211941223E0
2.045011354E1,9.678722992E0,-1.869612122E-1,4.296066284E0
2.046012654E1,9.276060333E0,7.319778442E-2,3.857178955E0
2.047014054E1,9.476643219E0,5.372328186E-1,3.839216309E0
2.048015454E1,9.898316345E0,9.536668396E-1,3.754193115E0
2.049016854E1,1.066756668E1,9.629475403E-1,3.932771759E0
2.050018254E1,1.114941467E1,1.017284546E0,3.967499542E0
2.051019654E1,1.132619705E1,1.306333466E0,3.816763000E0
2.052021054E1,1.251981491E1,1.277892609E0,3.934118958E0
2.053022354E1,1.430979263E1,1.492396545E0,4.231700134E0
2.054023754E1,1.569037170E1,2.038161621E0,3.693419495E0
2.055025154E1,1.665661240E1,1.961071930E0,2.162403259E0
2.056026554E1,1.613195343E1,1.484313354E0,1.636097717E-1
2.057027954E1,1.491438538E1,9.379495239E-1,-2.301015015E0
2.058029354E1,1.348395996E1,5.529501343E-1,-4.201013947E0
2.059030754E1,1.184082687E1,6.358776855E-1,-5.825435944E0
2.060032154E1,1.032388138E1,7.596702576E-1,-6.726711731E0
2.061033454E1,9.095386047E0,5.852828979E-1,-6.151308289E0
2.062034854E1,7.793692932E0,2.978805542E-1,-4.962779846E0
2.063036254E1,5.730233917E0,-8.454418945E-1,-4.935835876E0
2.064037654E1,3.786226501E0,-2.069296875E0,-5.666765900E0
2.065039054E1,2.205513611E0,-3.007096710E0,-6.531068573E0
2.066040454E1,7.893086243E-1,-3.487447815E0,-8.126151581E0
2.067041854E1,-8.827143860E-1,-3.715274048E0,-1.096080688E1
2.068043154E1,-2.359094238E0,-3.803740082E0,-1.379770752E1
2.069044554E1,-2.873724060E0,-3.853287048E0,-1.547676590E1
2.070045954E1,-2.759511566E0,-3.382815399E0,-1.599962860E1
2.071047354E1,-3.102149048E0,-3.144810333E0,-1.611024857E1
2.072048754E1,-4.202211456E0,-3.396886139E0,-1.600935837E1
2.073050154E1,-5.536237335E0,-3.534749451E0,-1.619796616E1
2.074051554E1,-6.885381775E0,-3.681594086E0,-1.690314972E1
2.075052854E1,-8.444689178E0,-3.786825256E0,-1.760698608E1
2.076054254E1,-9.874964905E0,-3.709885254E0,-1.822879303E1
2.077055654E1,-1.053838531E1,-3.707041168E0,-1.842593307E1
2.078057054E1,-1.025682083E1,-3.479963379E0,-1.851739288E1
2.079058454E1,-9.422156525E0,-3.216361542E0,-1.805530380E1
2.080059854E1,-8.518336029E0,-3.071462860E0,-1.688279205E1
2.081061254E1,-7.847131805E0,-3.120411072E0,-1.525358002E1
2.082062654E1,-7.778424683E0,-3.498674469E0,-1.382854340E1
2.083063954E1,-7.649093628E0,-3.753145294E0,-1.247326172E1
2.084065354E1,-6.345005493E0,-3.742966461E0,-1.095466965E1
2.085066754E1,-4.438869324E0,-3.422632599E0,-1.020248383E1
2.086068071E1,-3.505111084E0,-3.281027069E0,-1.050380722E1
2.087069471E1,-3.171454926E0,-3.400927734E0,-1.066412384E1
2.088070871E1,-2.278861084E0,-3.121458893E0,-1.082833237E1
2.089072271E1,-9.864486694E-1,-2.417173462E0,-1.127919479E1
2.090073571E1,1.120719452E0,-1.225501556E0,-1.131347351E1
2.091074971E1,3.216810608E0,-2.628533936E-1,-1.105660767E1
2.092076371E1,3.830384674E0,-1.255888367E-1,-1.047701294E1
2.093077771E1,3.695515137E0,-4.834945679E-1,-1.002974304E1
2.094079171E1,3.990252228E0,-8.128097534E-1,-1.151495453E1
2.095080571E1,4.985682220E0,-9.601034546E-1,-1.402942566E1
2.096081971E1,7.905061340E0,-1.169517975E0,-1.569905365E1
2.097083271E1,1.255349487E1,-4.685256958E-1,-1.686557785E1
2.098084671E1,1.611084732E1,3.773652649E-1,-1.861049927E1
2.099086071E1,1.758872406E1,7.158114624E-1,-2.011352371E1
2.107097171E1,1.224393860E1,-1.565444641E0,-1.558139832E1
2.108098571E1,1.186133423E1,-1.189426575E0,-1.262549515E1
2.109099971E1,1.037657181E1,-1.152603149E0,-1.024260040E1
2.110101371E1,7.986342316E0,-1.559906158E0,-8.071365509E0
2.111102671E1,5.498665466E0,-2.133663025E0,-6.865323486E0
2.112104071E1,3.537443848E0,-2.496358795E0,-5.585933990E0
2.113105471E1,2.133064270E0,-2.564317474E0,-3.392694855E0
2.114106871E1,1.099613342E0,-2.337089996E0,-8.822653198E-1
2.115108271E1,3.737727356E-1,-1.992656250E0,1.389261017E0
2.116109671E1,-5.173242188E-1,-1.717977448E0,3.342698822E0
2.117111071E1,-1.754202118E0,-1.567390594E0,5.347030792E0
2.118112371E1,-3.567531281E0,-1.402283936E0,7.665110321E0
2.119113771E1,-6.220314789E0,-4.905299377E-1,1.019380188E1
2.120115171E1,-8.786578217E0,2.721340942E-1,1.268327499E1
2.121116571E1,-1.134206406E1,7.232958984E-1,1.382614838E1
2.122117971E1,-1.266067200E1,1.476379852E0,1.235111572E1
2.123119371E1,-1.249556534E1,2.279010773E0,1.028690826E1
2.124120771E1,-1.053419403E1,3.207829285E0,8.829838257E0
2.125122071E1,-7.830815735E0,3.866908722E0,8.591683502E0
2.126123471E1,-4.639152832E0,4.895419922E0,8.393795013E0
2.127124871E1,-1.179098053E0,6.346801758E0,6.646179199E0
2.128126271E1,1.011446686E0,6.822063446E0,3.549718323E0
2.129127671E1,1.566791840E0,5.766308899E0,-1.322350159E0
2.130129071E1,6.843768311E-1,3.508104858E0,-7.456444244E0
2.131130371E1,2.793191528E-1,2.053429871E0,-1.369038071E1
2.132131771E1,1.968406677E0,2.666854248E0,-1.934397400E1
2.133133171E1,5.042713623E0,3.991749115E0,-2.236244705E1
2.136137371E1,1.101364700E1,5.735772400E0,-1.653910675E1
2.137138771E1,1.004815475E1,5.315296783E0,-1.471350311E1
2.138140071E1,8.247698822E0,4.437671814E0,-1.357107880E1
2.139141471E1,6.543941803E0,3.188818817E0,-1.216819611E1
2.140142871E1,5.356012115E0,1.803749084E0,-1.015518219E1
2.141144271E1,4.176315308E0,6.262976074E-1,-8.081694031E0
2.142145671E1,3.397185516E0,-6.526428223E-2,-5.988147583E0
2.143147071E1,2.934497681E0,-4.412823486E-1,-3.678899689E0
2.144148471E1,2.186503143E0,-2.074685669E-1,-1.436263275E0
2.145149771E1,1.280736694E0,1.996847534E-1,1.475930786E-1
2.146151171E1,6.553372192E-1,2.498304749E-1,1.350341949E0
2.147152571E1,2.912942505E-1,2.902464294E-1,2.866988068E0
2.148153971E1,-1.115180969E-1,1.875599670E-1,4.160897369E0
2.149155371E1,-7.376660156E-1,5.987548828E-4,4.436174927E0
2.150156771E1,-6.935078430E-1,1.646575928E-1,3.727548523E0
2.151158071E1,-5.240602112E-1,2.146536255E-1,2.596201172E0
2.152159471E1,-1.622625732E0,4.320016479E-1,1.442101135E0
2.153160871E1,-2.944826202E0,9.684860229E-1,7.029382324E-1
2.154162271E1,-3.491040344E0,1.798809357E0,6.083349609E-1
2.155163671E1,-2.882106628E0,3.003803558E0,1.331930237E0
2.156165071E1,-1.434167633E0,4.052672424E0,2.487976227E0
2.157166471E1,6.568341064E-1,4.643643494E0,2.706970825E0
2.158167771E1,2.218686218E0,4.657863922E0,1.883682861E0
2.159169171E1,2.737657013E0,3.642525330E0,2.794688416E-1
2.160170571E1,3.405867462E0,2.898422699E0,-1.455872498E0
2.161171971E1,3.892355804E0,3.004851379E0,-3.080444183E0
2.162173371E1,3.973038025E0,2.568359070E0,-5.028792572E0
2.163174771E1,3.814966736E0,1.958976288E0,-6.620732117E0
2.164176171E1,3.185525665E0,1.729353790E0,-7.510481873E0
2.165177471E1,2.284399567E0,1.792821808E0,-7.918383636E0
2.166178871E1,2.528392181E0,1.985171814E0,-8.428672485E0
2.167180271E1,4.220473480E0,1.561403046E0,-8.518635406E0
2.168181671E1,5.714217224E0,8.783734131E-1,-8.987909546E0
2.169183071E1,7.694000244E0,5.092410278E-1,-1.096829132E1
2.170184471E1,9.850715332E0,3.769161987E-1,-1.234827164E1
2.171185771E1,1.154234756E1,8.135581970E-1,-1.288340881E1
2.172187171E1,1.269165756E1,7.345225525E-1,-1.186432800E1
2.173188571E1,1.296439041E1,-3.427871704E-1,-9.848769379E0
2.174189971E1,1.310809158E1,-2.232457581E0,-9.040749664E0
2.175191371E1,1.225456650E1,-5.268593903E0,-1.009425888E1
2.176192771E1,1.162991547E1,-7.386090546E0,-1.369816452E1
2.177194171E1,1.206056992E1,-8.303832092E0,-1.821636887E1
2.178195471E1,1.306677750E1,-8.409212952E0,-2.192505661E1
2.201227379E1,1.145912064E1,-1.208466980E1,-1.658685745E1
2.202228779E1,1.096469879E1,-1.234063751E1,-1.375818970E1
2.203230179E1,9.432934113E0,-1.272174500E1,-1.121303238E1
2.204231479E1,7.301815796E0,-1.325089462E1,-8.850046234E0
2.205232879E1,5.436544647E0,-1.362661331E1,-6.208040314E0
2.206234279E1,4.180057526E0,-1.350267105E1,-3.794160004E0
2.207235679E1,3.448977814E0,-1.314326843E1,-1.836381226E0
2.208237079E1,2.413580933E0,-1.293086014E1,1.037193146E0
2.209238479E1,1.787133636E0,-1.230905319E1,4.194277954E0
2.210239779E1,1.650767212E0,-1.173379944E1,6.502478027E0
2.211241179E1,1.556912384E0,-1.097742233E1,8.185278625E0
2.212242579E1,1.495240631E0,-1.001088226E1,9.236991577E0
2.213243979E1,1.155896301E0,-9.028774567E0,1.011656250E1
2.214245379E1,4.739144897E-1,-8.178692322E0,1.164428558E1
2.215246779E1,-2.691403198E-1,-7.228618011E0,1.407597885E1
2.216248079E1,-1.011895752E0,-6.287974091E0,1.658850403E1
2.217249479E1,-2.008373566E0,-4.897066498E0,1.930939590E1
2.218250879E1,-2.219434662E0,-3.248544617E0,2.247980301E1
2.223257779E1,-4.491709442E0,-2.645299072E0,1.769111115E1
2.224259179E1,-4.047433319E0,-2.798879700E0,1.495270569E1
2.225260579E1,-2.410437469E0,-2.425106964E0,1.199665283E1
2.226261979E1,-1.151854706E0,-2.201022949E0,9.453291779E0
2.227263379E1,-1.336420898E0,-2.367327118E0,7.533983002E0
2.228264779E1,-1.744472351E0,-1.855990448E0,5.185666351E0
2.229266079E1,-5.888754272E-1,1.639091492E-1,2.275268555E0
2.230267479E1,-5.822891235E-1,1.122665405E0,-8.493338013E-1
2.231268879E1,-2.367776184E0,7.590715027E-1,-4.521497498E0
2.232270279E1,-3.225342865E0,-5.613327026E-2,-7.612719269E0
2.233271679E1,-3.747457123E0,-1.636546783E0,-1.141945312E1
2.234273079E1,-3.886218567E0,-2.760559387E0,-1.755055344E1
2.235274379E1,-2.167792053E0,-2.830613708E0,-2.278516800E1
2.248292379E1,-4.726720734E0,-5.008883972E0,-1.625709320E1
2.249293779E1,-6.185587006E0,-4.698728943E0,-1.322380096E1
2.250295179E1,-7.291786652E0,-4.509971466E0,-1.047521667E1
2.251296579E1,-8.096962280E0,-4.259991302E0,-8.358618164E0
2.252297979E1,-8.403524780E0,-4.053271179E0,-7.119045868E0
2.253299279E1,-8.393495636E0,-3.983516235E0,-6.059399414E0
2.254300679E1,-7.914791107E0,-3.705095215E0,-5.471122742E0
2.255302079E1,-7.066056061E0,-3.233575745E0,-4.899012451E0
2.256303479E1,-5.567671967E0,-2.356100464E0,-4.459526367E0
2.257304879E1,-3.610491943E0,-1.568588104E0,-4.446204071E0
2.258306279E1,-1.877246246E0,-8.755293274E-1,-4.681065674E0
2.259307579E1,-5.411247253E-1,-6.828799438E-1,-4.515959015E0
2.260308979E1,8.479866028E-1,-4.305047607E-1,-3.583098907E0
2.261310379E1,2.174827423E0,1.112187195E-1,-2.993475037E0
2.262311779E1,3.099754028E0,4.908293152E-1,-2.705174561E0
2.263313179E1,4.015100555E0,5.736071777E-1,-2.678829346E0
2.264314579E1,6.024671631E0,8.518785095E-1,-3.019221497E0
2.265315879E1,9.314081268E0,1.686991882E0,-3.653302917E0
2.266317279E1,1.264615219E1,2.837499390E0,-4.143084412E0
2.267318679E1,1.549203415E1,3.743864594E0,-4.163442078E0
2.268320079E1,1.753962616E1,4.335135040E0,-3.703598328E0
2.269321479E1,1.904265060E1,4.778063965E0,-3.098257141E0
2.270322879E1,2.047651886E1,4.800517273E0,-2.909200287E0
2.277332479E1,1.819930435E1,3.581751709E0,-6.595734100E0
2.278333879E1,1.619616989E1,2.610571289E0,-7.631879425E0
2.279335279E1,1.386521713E1,1.891316986E0,-8.397686920E0
2.280336679E1,1.157962006E1,1.351090393E0,-8.398285675E0
2.281338079E1,9.392667847E0,9.333091736E-1,-8.919651489E0
2.282339479E1,7.329358521E0,6.592291260E-1,-9.852810974E0
2.283340779E1,5.652695160E0,5.207670593E-1,-1.089105194E1
2.284342179E1,4.740791473E0,1.790277100E-1,-1.127290787E1
2.285343579E1,3.484603729E0,-4.813989258E-1,-1.142050095E1
2.286344992E1,9.792636108E-1,-1.385967865E0,-1.171104675E1
2.287346392E1,-1.609303436E0,-1.914668427E0,-1.239302856E1
2.288347792E1,-2.607577515E0,-1.855840759E0,-1.314880692E1
2.289349092E1,-2.933449860E0,-1.639241180E0,-1.369996078E1
2.290350492E1,-3.468137970E0,-1.511706390E0,-1.431248703E1
2.291351892E1,-4.017645264E0,-1.303190002E0,-1.477622269E1
2.292353292E1,-4.800068207E0,-1.410067749E0,-1.591655136E1
2.293354692E1,-6.095324707E0,-1.942510529E0,-1.719579117E1
2.294356092E1,-7.552095337E0,-2.235151978E0,-1.824840225E1
2.295357392E1,-8.486152954E0,-2.130369873E0,-1.903471710E1
2.296358792E1,-8.858578491E0,-1.966760101E0,-1.848101852E1
2.297360192E1,-8.706794128E0,-1.848955078E0,-1.646845367E1
2.298361592E1,-8.273744659E0,-1.657952271E0,-1.394350433E1
2.299362992E1,-7.680079193E0,-1.756447449E0,-1.208766357E1
2.300364392E1,-6.903494110E0,-1.815424805E0,-1.061188248E1
2.301365692E1,-5.644013214E0,-1.683549042E0,-8.943901062E0
2.302367092E1,-4.045936432E0,-1.365161133E0,-7.140601044E0
2.303368492E1,-2.690654755E0,-1.111588440E0,-5.754633179E0
2.304369892E1,-1.232387238E0,-9.011260986E-1,-4.082460480E0
2.305371292E1,-2.899470520E-1,-8.955876160E-1,-2.010618896E0
2.306372692E1,-3.643423462E-1,-1.255588989E0,-3.353027344E-2
2.307373992E1,-8.075706482E-1,-1.557361450E0,1.913620605E0
2.308375392E1,-1.661844177E0,-1.420396271E0,2.607427826E0
2.309376792E1,-2.508034515E0,-1.202449493E0,2.876867523E0
2.310378192E1,-2.778671722E0,-1.244362335E0,4.396507416E0
2.311379592E1,-2.633024597E0,-1.559606781E0,6.142177277E0
2.312380992E1,-2.356250153E0,-1.975142670E0,7.755073242E0
2.313382292E1,-9.568103027E-1,-1.914069672E0,8.744665375E0
2.314383692E1,4.932243347E-1,-2.085313568E0,8.198301544E0
2.315385092E1,8.898994446E-1,-2.531236267E0,6.092630310E0
2.316386492E1,8.985813904E-1,-3.065774689E0,2.848875732E0
2.317387892E1,1.051413574E0,-3.749852142E0,-5.803431702E-1
2.318389192E1,2.162702637E0,-4.114643555E0,-3.391497345E0
2.319390592E1,4.927902374E0,-4.220922546E0,-5.906567230E0
2.320391992E1,7.730524292E0,-4.942721558E0,-8.712482300E0
2.321393392E1,9.768386536E0,-6.031407623E0,-1.228974335E1
2.322394792E1,1.136990616E1,-7.147935791E0,-1.586850128E1
2.323396192E1,1.249346970E1,-7.535030823E0,-1.932616104E1
2.324397492E1,1.358739487E1,-7.196734314E0,-2.229134491E1
2.337415492E1,8.822952576E0,-6.125711517E0,-1.772074951E1
2.338416892E1,8.402776337E0,-6.124214630E0,-1.497710495E1
2.339418292E1,8.857231293E0,-5.676495667E0,-1.247146545E1
2.340419692E1,1.008632538E1,-5.455854492E0,-1.058044785E1
2.341420992E1,1.110286148E1,-5.293891296E0,-9.333241425E0
2.342422392E1,1.215412537E1,-5.255271606E0,-6.882388000E0
2.343423792E1,1.275737091E1,-5.516628113E0,-3.843257904E0
2.344425192E1,1.324984680E1,-5.077441406E0,-1.296753387E0
2.345426592E1,1.415037415E1,-4.327800293E0,2.956352234E-1
2.346427892E1,1.363005615E1,-4.436773682E0,9.629475403E-1
2.347429292E1,1.217942276E1,-4.736151123E0,2.221081238E0
2.348430692E1,1.063253952E1,-5.350024567E0,3.593577118E0
2.349432092E1,8.697214050E0,-5.907615051E0,3.892355804E0
2.350433492E1,6.491550751E0,-6.085445251E0,3.771407318E0
2.351434892E1,4.499193878E0,-5.869444427E0,4.206402740E0
2.352436192E1,2.869682465E0,-5.836213531E0,4.999004517E0
2.353437592E1,6.466552734E-1,-6.027815094E0,4.763394470E0
2.354438992E1,-1.985471191E0,-6.108946381E0,2.993175659E0
2.355440392E1,-3.636388092E0,-6.391708374E0,1.674567719E0
2.356441792E1,-4.114044800E0,-6.312822418E0,-1.438508606E-1
2.357443192E1,-5.203479309E0,-6.237828369E0,-3.579207001E0
2.358444492E1,-7.056625671E0,-6.552474060E0,-6.930887146E0
2.359445892E1,-8.791068878E0,-6.628216553E0,-9.571994934E0
2.360447292E1,-1.004156845E1,-6.946454773E0,-1.191492279E1
2.361448692E1,-1.080617844E1,-7.419022064E0,-1.318578003E1
2.362450092E1,-1.106124802E1,-7.497908020E0,-1.355416397E1
2.363451392E1,-1.092353439E1,-6.953041077E0,-1.557436295E1
2.364452792E1,-1.126452530E1,-6.598877563E0,-1.846934280E1
2.365454192E1,-1.185489761E1,-6.777456207E0,-2.012729507E1
2.377470792E1,4.495451660E0,-6.136938171E0,-1.722273514E1
2.378472192E1,4.175866241E0,-6.094276886E0,-1.413166306E1
2.379473592E1,4.409979401E0,-5.654341736E0,-1.119566849E1
2.380474892E1,4.887037354E0,-5.025948486E0,-8.751551056E0
2.381476292E1,4.890480194E0,-4.445305939E0,-6.776857452E0
2.382477692E1,4.678221588E0,-3.796854401E0,-4.846322021E0
2.383479092E1,4.648732910E0,-3.214415588E0,-3.413202209E0
2.384480492E1,4.744384003E0,-3.337310028E0,-1.427581329E0
2.385481792E1,5.700445862E0,-3.410956879E0,1.227447510E0
2.386483242E1,7.954308929E0,-2.490970001E0,3.707490234E0
2.387484642E1,9.383087769E0,-1.562301178E0,5.453010406E0
2.388486042E1,9.617500305E0,-1.361269226E0,7.349117432E0
2.389487442E1,9.098080444E0,-1.420995026E0,8.907377014E0
2.390488842E1,8.020471344E0,-1.118773499E0,9.510772247E0
2.391490142E1,7.092550964E0,-5.345384216E-1,9.167086945E0
2.392491542E1,6.179599457E0,-1.657054138E-1,8.485404510E0
2.393492942E1,5.183570709E0,2.752775574E-1,7.488028564E0
2.394494342E1,4.331392822E0,7.194039917E-1,6.792425079E0
2.395495742E1,3.887565765E0,1.009949799E0,7.012916565E0
2.396497042E1,4.305796051E0,1.348845062E0,7.301666107E0
2.397498442E1,4.605023804E0,1.248254242E0,7.267836456E0
2.398499842E1,4.789889374E0,6.972500610E-1,7.204817505E0
2.399501242E1,5.468278656E0,2.818638611E-1,6.602170715E0
2.400502642E1,5.726192322E0,-2.365081787E-1,4.770729218E0
2.401503942E1,6.078858948E0,-6.253994751E-1,3.471880188E0
2.402505342E1,6.891818390E0,-3.879931641E-1,1.780547333E0
2.403506742E1,6.952891388E0,-2.824626160E-1,-1.550924835E0
2.404508142E1,6.085445251E0,-8.852590942E-1,-3.869902496E0
2.405509542E1,4.879253540E0,-1.669478302E0,-4.859644318E0
2.406510942E1,3.671864319E0,-2.513273621E0,-6.316564636E0
2.407512242E1,3.522924042E0,-3.313509521E0,-7.864046631E0
2.408513642E1,4.255949707E0,-3.453618164E0,-9.943672028E0
2.409515042E1,4.638105011E0,-3.133883057E0,-1.290107208E1
2.410516442E1,4.229305115E0,-3.182681580E0,-1.515149231E1
2.411517842E1,3.144211578E0,-3.542084198E0,-1.679208069E1
2.412519142E1,1.891766052E0,-3.970643005E0,-1.906166107E1
2.413520542E1,1.191671906E0,-4.181554413E0,-2.077724350E1
2.418527442E1,3.913611603E0,-4.019890594E0,-1.851335129E1
2.419528842E1,3.757635956E0,-4.417613525E0,-1.951731354E1
2.420530242E1,2.283052368E0,-4.464915161E0,-2.250629791E1
2.431295142E1,-2.073937225E0,-5.499114532E0,-1.808389435E1
2.432546842E1,-2.215542755E0,-5.914351044E0,-1.667472473E1
2.433548142E1,-3.003504181E0,-6.103707275E0,-1.652443726E1
2.434549542E1,-3.639830933E0,-6.326893158E0,-1.480107101E1
2.435550942E1,-4.060905304E0,-6.304439850E0,-1.302112244E1
2.436552342E1,-4.569996643E0,-6.366710358E0,-1.184142563E1
2.437553742E1,-4.991669769E0,-6.382577362E0,-1.060589493E1
2.438555042E1,-5.192402344E0,-6.101461945E0,-1.015757721E1
2.439556442E1,-5.861211548E0,-5.898933105E0,-1.028975235E1
2.440557842E1,-6.044280853E0,-5.501958618E0,-9.665999451E0
2.441559242E1,-4.509372711E0,-4.433031464E0,-8.770711212E0
2.442560642E1,-3.473826141E0,-3.882176971E0,-8.213869171E0
2.443561942E1,-3.485651550E0,-3.719016266E0,-7.671846313E0
2.444563342E1,-3.314707031E0,-3.447031860E0,-5.859115906E0
2.445564742E1,-2.318977661E0,-2.733465729E0,-4.274810486E0
2.446566142E1,-7.556286621E-1,-1.859582977E0,-2.481090546E0
2.447567542E1,8.030799866E-1,-9.668394470E-1,-8.440946960E-1
2.448568942E1,2.551444244E0,-1.526824951E-2,7.071295166E-1
2.449570242E1,4.328548737E0,6.554869080E-1,2.131567383E0
2.450571642E1,6.783294067E0,1.360670471E0,2.979853363E0
2.451573042E1,8.758736115E0,2.137405243E0,2.391277313E0
2.452574442E1,9.413025513E0,2.612068176E0,4.584965515E-1
2.453575842E1,9.585167542E0,2.943778381E0,-1.133592682E0
2.454577142E1,8.498427429E0,3.390748901E0,-2.292183380E0
2.455578542E1,7.604037323E0,3.187172241E0,-2.936443634E0
2.456579942E1,7.738008728E0,2.944227448E0,-2.910547485E0
2.457581342E1,8.183332672E0,2.861898651E0,-2.015858002E0
2.458582742E1,8.310717773E0,2.782563629E0,-7.920030212E-1
2.459584042E1,7.618856506E0,2.540966034E0,-6.731501770E-1
2.460585442E1,6.108796692E0,2.119891663E0,-2.522105255E0
2.461586842E1,4.688699799E0,2.248324585E0,-5.013823700E0
2.462588242E1,3.110681305E0,2.135159912E0,-7.641609192E0
2.463589642E1,2.014810181E-1,9.669891357E-1,-1.178798676E1
2.464590942E1,-3.808829498E0,-4.540058899E-1,-1.651126465E1
2.465592342E1,-6.825057220E0,-1.641037445E0,-1.994527359E1
2.466593742E1,-8.121810608E0,-2.035616913E0,-2.246363663E1
2.479611642E1,1.020383102E1,-2.835254059E0,-1.597073868E1
2.480613042E1,9.607770538E0,-3.561394043E0,-1.120644608E1
2.481614442E1,8.562344513E0,-3.983067169E0,-7.352859650E0
2.482615842E1,8.158184967E0,-3.680396576E0,-4.054768066E0
2.483617242E1,8.756490784E0,-2.893183594E0,-1.301393738E0
2.484618542E1,9.370813293E0,-1.937720490E0,5.396278381E-1
2.485619942E1,9.553583221E0,-7.108717346E-1,2.430495758E0
2.486621342E1,8.802295532E0,1.514849854E-1,4.541855164E0
2.487622742E1,6.550977173E0,2.475851440E-1,7.674690399E0
2.488624142E1,3.829486542E0,3.700305176E-1,1.145073807E1
2.489625442E1,4.152365112E-1,4.752616882E-1,1.351419708E1
2.490626842E1,-2.916235657E0,1.185384979E0,1.310449905E1
2.491628242E1,-4.978497162E0,2.050286407E0,1.270512955E1
2.492629642E1,-5.956712952E0,2.684068451E0,1.230082031E1
2.493631042E1,-6.840774536E0,3.249891815E0,1.056922119E1
2.494632342E1,-7.264692993E0,3.565435638E0,9.211095428E0
2.495633742E1,-6.488257599E0,3.935915222E0,8.099207611E0
2.496635142E1,-4.943619690E0,4.345613251E0,6.257138214E0
2.497636542E1,-3.700604553E0,4.133504333E0,3.711980896E0
2.498637942E1,-2.633773041E0,3.879482574E0,5.777984619E-1
2.499639242E1,-1.430724792E0,3.875141602E0,-2.442770233E0
2.500640642E1,3.414399719E-1,4.036206665E0,-4.577331390E0
2.501642042E1,1.924547882E0,4.109254761E0,-6.301745453E0
2.502643442E1,3.657943268E0,4.019740906E0,-7.111411743E0
2.503644842E1,5.854176178E0,4.208498383E0,-7.051087189E0
2.504646142E1,7.468269653E0,4.015699310E0,-6.627468109E0
2.505647542E1,8.246501312E0,3.687431946E0,-5.694608002E0
2.506648942E1,8.306376801E0,3.790118408E0,-4.815785522E0
2.507650342E1,7.955356750E0,3.647614746E0,-4.413721619E0
2.508651742E1,7.542814636E0,3.710034943E0,-4.913532257E0
2.509653042E1,7.559879150E0,4.347858582E0,-5.916895752E0
2.510654442E1,6.568790131E0,4.569248199E0,-5.441334686E0
2.511655842E1,6.281387787E0,4.285887451E0,-5.239554291E0
2.512657242E1,5.336253204E0,4.638703766E0,-5.769602051E0
2.513658642E1,4.390519867E0,5.501958618E0,-6.285279694E0
2.514659942E1,3.050805817E0,6.124663696E0,-7.004234619E0
2.515661342E1,2.215842133E0,7.126829681E0,-6.920109558E0
2.516662742E1,2.291285248E0,7.947423248E0,-6.737938385E0
2.517664142E1,2.164798279E0,8.209228821E0,-6.588549042E0
2.518665542E1,1.988464966E0,8.264613647E0,-6.871909790E0
2.519666842E1,1.517095184E0,8.421038361E0,-6.984176331E0
2.520668242E1,1.752405853E0,8.737330627E0,-6.289770355E0
2.521669642E1,1.567839661E0,9.872569885E0,-5.294639740E0
2.522671042E1,8.345146179E-1,1.081126785E1,-3.544329529E0
2.523672442E1,6.816824341E-1,1.135763168E1,-6.059399414E-1
2.524673742E1,1.321901093E0,1.209514801E1,3.042572937E0
2.525675142E1,1.693278809E0,1.190489365E1,5.554948425E0
2.526676542E1,1.581012268E0,1.115180969E1,5.703739014E0
2.527677942E1,1.519190826E0,1.074181229E1,4.599036255E0
2.528679342E1,9.716294861E-1,1.074211166E1,3.763324127E0
2.529680642E1,8.319699097E-1,1.164233963E1,2.908451843E0
2.530682042E1,6.023474121E-1,1.228525269E1,3.217109985E0
2.531683442E1,8.924441528E-1,1.210218338E1,4.377347260E0
2.532684842E1,1.312770081E0,1.220037918E1,4.687951355E0
2.533686242E1,1.616189117E0,1.196911011E1,4.171225891E0
2.534687542E1,1.829645233E0,1.164189056E1,3.435655518E0
2.535688942E1,1.534309387E0,1.163156204E1,2.719394989E0
2.536690342E1,9.780661011E-1,1.154818542E1,2.449955292E0
2.537691742E1,-2.468367004E-1,1.131302444E1,3.185974731E0
2.538693142E1,-2.113754425E0,1.046892975E1,3.694916382E0
2.539694442E1,-2.853665771E0,1.028211823E1,4.825814667E0
2.540695842E1,-2.384990387E0,1.053179901E1,4.785847778E0
2.541697242E1,-1.499282227E0,1.078282700E1,4.473447418E0
2.542698642E1,-4.590953064E-1,1.092458221E1,4.852309570E0
2.543699942E1,9.369017029E-1,1.082848206E1,5.591921539E0
2.544701342E1,1.873803406E0,1.093580887E1,5.661077728E0
2.545702742E1,1.575773163E0,1.072384964E1,4.748126221E0
2.546704142E1,9.618997192E-1,1.056922119E1,4.419409790E0
2.547705542E1,1.447489929E-1,1.031190628E1,4.020639038E0
2.548706842E1,-3.221301270E-1,1.024110352E1,3.887715454E0
2.549708242E1,-3.294648743E-1,1.035381912E1,3.794609070E0
2.550709642E1,-2.374063110E-1,1.042357407E1,4.179907837E0
2.551711042E1,-4.664300537E-1,1.028825546E1,4.293671265E0
2.552712442E1,-1.107097778E0,9.686207428E0,4.071533203E0
2.553713742E1,-1.640289001E0,9.321416016E0,3.787124634E0
2.554715142E1,-1.798659668E0,9.325158234E0,3.575614471E0
2.555716542E1,-1.514251099E0,9.600286102E0,3.974385223E0
2.556717942E1,-1.152303772E0,9.740245056E0,4.668940887E0
2.557719342E1,-1.125509491E0,9.640252991E0,5.145998840E0
2.558720642E1,-1.291214905E0,9.360185394E0,5.095703430E0
2.559722042E1,-1.075214081E0,9.061406708E0,4.829556885E0
2.560723442E1,-9.430389404E-1,8.718619537E0,4.824168091E0
2.561724842E1,-9.339079285E-1,8.410859528E0,5.118905182E0
2.562726242E1,-3.838018799E-1,8.449030151E0,5.608387299E0
2.563727542E1,2.490820312E-1,8.841214600E0,5.561085663E0
2.564728942E1,3.814068604E-1,9.183702393E0,4.709805908E0
2.565730342E1,-6.990463257E-2,9.207203522E0,3.450474701E0
2.566731742E1,-6.201603699E-1,9.192534027E0,2.568658447E0
2.567733042E1,-9.946815491E-1,9.122330017E0,2.408042450E0
2.568734442E1,-1.184187469E0,8.886570282E0,2.348017273E0
2.569735842E1,-1.407672729E0,8.748407593E0,2.636467438E0
2.570737242E1,-1.477128296E0,8.597371674E0,3.201692047E0
2.571738642E1,-1.354383545E0,8.333620148E0,3.637585602E0
2.572739942E1,-8.812174988E-1,8.334667969E0,4.568799133E0
2.573741342E1,3.787124634E-2,8.584498444E0,5.720055084E0
2.574742742E1,1.061592407E0,8.902437286E0,6.356381836E0
2.575744142E1,1.857936401E0,9.038504333E0,6.364165649E0
2.576745542E1,1.651365967E0,9.149573364E0,5.454507294E0
2.577746842E1,9.644444275E-1,9.115594025E0,4.297413483E0
2.578748242E1,2.673440552E-1,8.929530945E0,3.542233887E0
2.579749642E1,-1.459465027E-1,8.789571991E0,3.739224243E0
2.580751042E1,2.395019531E-2,8.875044250E0,4.228556671E0
2.581752342E1,5.683680725E-1,9.122330017E0,4.356390839E0
2.582753742E1,1.242566071E0,9.324110413E0,4.782105560E0
2.583755142E1,1.913620605E0,9.460925903E0,5.265899506E0
2.584756542E1,2.239942017E0,9.551936646E0,5.491779785E0
2.585757942E1,1.781744843E0,9.403295746E0,5.044060822E0
2.586759254E1,9.831555176E-1,9.092691650E0,4.373006287E0
2.587760654E1,7.602690125E-1,8.889564056E0,4.010460205E0
2.588762054E1,1.087638245E0,9.058862000E0,3.737877045E0
2.589763454E1,1.374591522E0,9.293124847E0,3.601809998E0
2.590764854E1,1.517993317E0,9.434730377E0,3.881578217E0
2.591766154E1,1.505120087E0,9.388476563E0,4.216731262E0
2.592767554E1,1.276395721E0,9.182205505E0,4.624932404E0
2.593768954E1,9.765692139E-1,8.895850983E0,5.166356506E0
2.594770354E1,5.499563599E-1,8.593479767E0,5.500910797E0
2.595771754E1,3.397933960E-1,8.410260773E0,5.322781219E0
2.596773054E1,4.219725037E-1,8.454418945E0,4.900958405E0
2.597774454E1,7.197033691E-1,8.651409302E0,4.786596222E0
2.598775854E1,1.118623810E0,8.918753357E0,4.348756714E0
2.599777254E1,1.316362610E0,9.132359161E0,3.445684662E0
2.600778554E1,1.388063507E0,9.242080994E0,2.914289703E0
2.601779954E1,1.368304596E0,9.220974884E0,3.058589630E0
2.602781354E1,1.148411865E0,8.983718262E0,3.471730499E0
2.603782754E1,8.978329468E-1,8.752748566E0,4.032015381E0
2.604784154E1,4.725672913E-1,8.491092682E0,4.572990417E0
2.605785454E1,6.092330933E-2,8.308921509E0,4.980443115E0
2.606786854E1,2.011816406E-1,8.236472168E0,5.198090515E0
2.607788254E1,6.704557800E-1,8.501570892E0,4.949906616E0
2.608789654E1,1.549727325E0,9.382039948E0,-5.911207581E-1
2.609791054E1,1.868414612E0,9.485325165E0,2.339185638E0
2.610792354E1,1.627715149E0,9.128766632E0,2.194885712E0
2.611793754E1,8.494834900E-1,8.776100006E0,3.084934845E0
2.612795154E1,1.050216064E0,8.716972961E0,4.240382080E0
2.613796554E1,1.223256226E0,8.770262146E0,4.781955872E0
2.614797854E1,1.182690582E0,8.746012573E0,5.170248413E0
2.615799254E1,7.177574158E-1,8.640332336E0,4.970713348E0