"Time (s)","X (m/s^2)","Y (m/s^2)","Z (m/s^2)"
5.431791667E-3,1.317560120E0,7.805518341E0,5.665718079E0
1.544579167E-2,1.339414673E0,7.813900909E0,5.761818237E0
2.545879167E-2,1.347647552E0,7.803572388E0,5.736221466E0
3.547179167E-2,1.429676971E0,7.932005310E0,5.636828156E0
4.548579167E-2,1.556762695E0,8.038733368E0,5.725443878E0
5.549879167E-2,1.476529541E0,7.993377686E0,5.815556488E0
6.551179167E-2,1.240620117E0,7.880961456E0,5.877976685E0
7.552579167E-2,1.089135132E0,7.787406006E0,5.981561279E0
8.553879167E-2,9.306147766E-1,7.783065033E0,6.052513733E0
9.555179167E-2,7.131170654E-1,7.753426666E0,5.992338867E0
1.055657917E-1,6.649172974E-1,7.769892426E0,5.816005554E0
1.155787917E-1,8.273295593E-1,7.900271301E0,5.659431152E0
1.255917917E-1,1.089434509E0,8.035290527E0,5.704337769E0
1.356057917E-1,1.135388947E0,8.047415314E0,5.767955475E0
1.456187917E-1,1.057251434E0,7.965984650E0,5.819448395E0
1.556317917E-1,8.660989380E-1,7.814050598E0,5.899531860E0
1.656457917E-1,7.508386230E-1,7.661667480E0,6.044879608E0
1.756587917E-1,8.202941895E-1,7.648195496E0,6.136638794E0
1.856717917E-1,8.812174988E-1,7.680079193E0,6.176905060E0
1.956847917E-1,9.677375793E-1,7.726033630E0,6.125561829E0
2.056987917E-1,1.051862640E0,7.764653320E0,6.068231049E0
2.157117917E-1,1.053958282E0,7.731422424E0,6.011199646E0
2.257247917E-1,9.984237671E-1,7.700436859E0,5.859864349E0
2.357387917E-1,9.801617432E-1,7.671696625E0,5.797893219E0
2.457517917E-1,9.445358276E-1,7.593110046E0,5.923182678E0
2.557647917E-1,9.457333374E-1,7.588918762E0,6.168073425E0
2.657787917E-1,9.559121704E-1,7.579188995E0,6.166426849E0
2.757917917E-1,8.129594421E-1,7.533683624E0,6.075416107E0
2.858047917E-1,6.414161682E-1,7.488477631E0,5.975573730E0
2.958187917E-1,5.138813782E-1,7.489076385E0,5.792055359E0
3.058317917E-1,4.781057739E-1,7.537425842E0,5.640869751E0
3.158447917E-1,5.625302124E-1,7.620652771E0,5.652246094E0
3.258587917E-1,6.864724731E-1,7.733368378E0,5.580694885E0
3.358723333E-1,7.017407227E-1,7.803871765E0,5.504054260E0
3.458853333E-1,6.617738342E-1,7.746690674E0,5.586233368E0
3.558993333E-1,6.411167908E-1,7.680977325E0,5.673052826E0
3.659123333E-1,6.530918884E-1,7.650440826E0,5.879922638E0
3.759253333E-1,6.691085815E-1,7.619604950E0,6.201154633E0
3.859393333E-1,6.821315002E-1,7.519163818E0,6.444398804E0
3.959523333E-1,5.674699402E-1,7.425608368E0,6.509812775E0
4.059653333E-1,4.575984192E-1,7.405101013E0,6.475084991E0
4.159793333E-1,4.225712585E-1,7.473508759E0,6.480473785E0
4.259923333E-1,4.267625427E-1,7.554041290E0,6.446195068E0
4.360053333E-1,5.096900940E-1,7.634274445E0,6.287075958E0
4.460193333E-1,5.962101746E-1,7.712561646E0,6.260131989E0
4.560323333E-1,5.887257385E-1,7.752827911E0,6.226901093E0
4.660453333E-1,5.584886169E-1,7.790848846E0,6.193520508E0
4.760593333E-1,3.414399719E-1,7.590715027E0,6.286028137E0
4.860723333E-1,1.942959595E-1,7.449109497E0,6.507268066E0
4.960853333E-1,2.179467773E-1,7.529043274E0,6.629563751E0
5.060993333E-1,4.198768616E-1,7.572453003E0,6.694229279E0
5.161123333E-1,7.038363647E-1,7.676187286E0,6.635551300E0
5.261253333E-1,8.181985474E-1,7.802075500E0,6.471941528E0
5.361393333E-1,7.463479614E-1,7.860454102E0,6.437962189E0
5.461523333E-1,5.230123901E-1,7.780969391E0,6.444249115E0
5.561653333E-1,3.930825806E-1,7.889643402E0,6.406826935E0
5.661793333E-1,5.783972168E-1,8.168214111E0,6.478677521E0
5.761923333E-1,8.382568359E-1,8.439001007E0,6.524332581E0
5.862053333E-1,9.337582397E-1,8.657247162E0,6.541696472E0
5.962193333E-1,7.970924377E-1,8.863368530E0,6.449039154E0
6.062323333E-1,7.882608032E-1,9.239536285E0,6.352040863E0
6.162453333E-1,1.200653229E0,9.735305328E0,6.540498962E0
6.262593333E-1,1.724264374E0,1.010967682E1,6.902745667E0
6.362723333E-1,2.098037109E0,1.044228516E1,7.215146027E0
6.462853333E-1,2.395618286E0,1.056727524E1,7.482340393E0
6.562993333E-1,2.439477081E0,1.016326538E1,7.581883392E0
6.663123333E-1,2.314936066E0,9.932445374E0,7.351063385E0
6.763253333E-1,2.452949066E0,9.605375519E0,7.013365631E0
6.863393333E-1,2.520009613E0,9.348809052E0,6.987619171E0
6.963523333E-1,2.651286621E0,9.215286713E0,6.829398193E0
7.063653333E-1,2.640359344E0,9.166338501E0,6.513854370E0
7.163793333E-1,3.101400604E0,9.208251343E0,5.741460571E0
7.263923333E-1,3.536396027E0,9.467362518E0,4.962031403E0
7.364053333E-1,3.035238190E0,1.017823425E1,5.776338043E0
7.464193333E-1,3.169808350E0,9.254056091E0,6.283483429E0
7.564323333E-1,2.713856506E0,8.371641083E0,6.092330933E0
7.664453333E-1,2.119592285E0,8.052953796E0,5.835165710E0
7.764593333E-1,1.999990997E0,8.178093567E0,5.765859833E0
7.864723333E-1,2.801574097E0,8.553063812E0,5.679190063E0
7.964853333E-1,3.264112244E0,8.265511780E0,4.613406372E0
8.064993333E-1,2.410437469E0,8.667575684E0,3.983965302E0
8.165123333E-1,1.885479126E0,8.345595245E0,3.832031250E0
8.265253333E-1,2.265538788E0,7.871531067E0,3.488645325E0
8.365393333E-1,2.441123657E0,7.605983276E0,4.127666473E0
8.465523333E-1,2.269131317E0,7.362589417E0,5.157674561E0
8.565653333E-1,1.979483643E0,7.761060791E0,6.267317047E0
8.665793333E-1,1.556762695E0,8.169261932E0,6.987768860E0
8.765923333E-1,1.264720001E0,7.418123932E0,5.241500244E0
8.866053333E-1,1.880539398E0,5.927673340E0,3.250490570E0
8.966193333E-1,-6.270460510E-1,7.127129059E0,3.339106293E0
9.066323333E-1,-1.381926270E0,6.645580444E0,3.445684662E0
9.166463333E-1,-3.134481812E-1,4.752317505E0,2.968027954E0
9.266593333E-1,1.003662872E0,4.236639862E0,3.006947021E0
9.366723333E-1,1.390608215E0,5.357059937E0,2.889740753E0
9.466863333E-1,1.789229279E0,6.706354065E0,3.346291351E0
9.566993333E-1,2.344275055E0,7.117698669E0,3.393892365E0
9.667123333E-1,1.546284485E0,6.556066589E0,2.279908905E0
9.767263333E-1,7.777825928E-1,4.731959839E0,1.410067749E0
9.867393333E-1,-2.216889954E-1,3.224444733E0,1.629661102E0
9.967523333E-1,-7.634124756E-1,2.790796509E0,1.810335388E0
1.006766333E0,-2.405946808E0,3.241359558E0,1.740281067E0
1.016779333E0,-3.046913910E0,1.804198151E0,3.671714630E0
1.026792333E0,-3.479664001E0,6.750961304E-1,2.287093964E0
1.036806333E0,-3.095862122E0,-8.463400269E-1,1.323996735E0
1.046819333E0,-1.474733276E0,-2.083517303E0,8.084687805E-1
1.056832333E0,5.656736755E-1,-1.733844452E0,1.094224548E-1
1.066846333E0,1.779050446E0,-7.932005310E-1,-1.426832886E0
1.076859333E0,2.452050934E0,-9.636959839E-1,-1.825903015E0
1.086872333E0,2.334844666E0,-1.544637909E0,-1.458417206E0
1.096886333E0,2.116299133E0,-2.194736023E0,-1.006656647E0
1.106899333E0,2.004631348E0,-3.164419556E0,-6.129753113E-1
1.116912333E0,1.663640442E0,-4.556824036E0,-3.894900513E-1
1.126926333E0,1.371448059E0,-6.256539459E0,-5.962101746E-1
1.136939333E0,1.519789581E0,-7.633975067E0,-1.416803741E0
1.146952333E0,2.882256317E0,-8.433462524E0,-2.568508759E0
1.156966333E0,5.767207031E0,-8.890162811E0,-3.325334930E0
1.166979333E0,8.613538055E0,-8.651109924E0,-3.521277466E0
1.176992333E0,9.747879181E0,-8.860674133E0,-3.779939575E0
1.187006333E0,1.022284149E1,-1.011087433E1,-4.185745697E0
1.197019333E0,1.079779587E1,-1.147618515E1,-4.940925293E0
1.207033333E0,1.165670975E1,-1.289523422E1,-5.545817413E0
1.217046333E0,1.276650192E1,-1.377959518E1,-5.407954102E0
1.227059333E0,1.383557877E1,-1.445963104E1,-5.204078064E0
1.237073333E0,1.546898209E1,-1.465482513E1,-5.893095245E0
1.247086333E0,1.712753311E1,-1.444376404E1,-6.653364258E0
1.257099333E0,1.810724579E1,-1.453252945E1,-7.263944550E0
1.267113333E0,1.864417923E1,-1.542976364E1,-8.103548584E0
1.277126333E0,1.863564697E1,-1.675181442E1,-7.957901459E0
1.287139333E0,1.886347321E1,-1.786160660E1,-6.806196442E0
1.297153333E0,1.965861969E1,-1.853745117E1,-6.214327240E0
1.397286833E0,1.614931732E1,-1.508697647E1,-1.687605606E1
1.407300833E0,1.658925247E1,-1.350446732E1,-1.408885208E1
1.417313833E0,1.594364502E1,-1.331421295E1,-1.368035156E1
1.427326833E0,1.388901764E1,-1.324505676E1,-1.339773926E1
1.437340833E0,1.146540756E1,-1.335732330E1,-1.198632431E1
1.447353833E0,9.214089203E0,-1.376253067E1,-1.109612549E1
1.457366833E0,7.411537628E0,-1.416863617E1,-1.068582870E1
1.467380833E0,6.161187744E0,-1.437730225E1,-1.037462585E1
1.477393833E0,5.457201691E0,-1.497171616E1,-9.957892456E0
1.487406833E0,4.544100494E0,-1.586101685E1,-9.023236084E0
1.497420833E0,3.882626038E0,-1.581057175E1,-8.142617340E0
1.507433833E0,3.915557556E0,-1.501213211E1,-7.335196381E0
1.517446833E0,4.531826019E0,-1.436891968E1,-7.204518127E0
1.527460833E0,4.884642334E0,-1.337723190E1,-8.015232239E0
1.537473833E0,5.142256622E0,-1.274823990E1,-8.387957153E0
1.547487833E0,5.050347748E0,-1.215173035E1,-8.520281982E0
1.557500833E0,4.590653687E0,-1.097667389E1,-8.252488861E0
1.567513833E0,4.169279938E0,-1.078372513E1,-8.048014069E0
1.577527833E0,3.738176422E0,-1.051608170E1,-7.613767090E0
1.587540833E0,3.651806030E0,-1.053763687E1,-7.138056335E0
1.597553833E0,3.550017700E0,-1.070918015E1,-6.102360077E0
1.607567833E0,3.330424347E0,-1.125868744E1,-5.135520630E0
1.617580833E0,3.049757996E0,-1.167931274E1,-4.070934448E0
1.627593833E0,3.089126129E0,-1.147184418E1,-2.916834412E0
1.637607833E0,3.124901733E0,-1.100825821E1,-2.448757782E0
1.647620833E0,3.291205902E0,-1.043794418E1,-2.307601318E0
1.657633833E0,3.522774353E0,-9.630373535E0,-2.246378632E0
1.667647833E0,3.741020508E0,-8.737330627E0,-2.587968292E0
1.677660833E0,3.915407867E0,-8.176147614E0,-3.131787415E0
1.687674833E0,3.860921173E0,-7.964637451E0,-3.275338898E0
1.697687833E0,3.563938751E0,-7.718848572E0,-2.916535034E0
1.707700833E0,3.289110260E0,-7.400760040E0,-2.401905212E0
1.717714833E0,3.185525665E0,-6.828350372E0,-1.927242279E0
1.727727833E0,3.403472443E0,-6.355783081E0,-1.521735535E0
1.737740833E0,3.635939026E0,-6.020630035E0,-1.077908478E0
1.747754833E0,3.703298950E0,-5.518274689E0,-8.189469910E-1
1.757767833E0,3.609294434E0,-5.116360474E0,-7.782316589E-1
1.767780833E0,3.287613373E0,-5.138215027E0,-9.120533752E-1
1.777794833E0,2.199825439E0,-5.241200867E0,-3.992198181E-1
1.787807833E0,1.131946106E0,-5.259313202E0,3.787124634E-1
1.797821833E0,4.549040222E-1,-5.055736542E0,1.234782257E0
1.807834833E0,-2.424957275E-1,-4.587510223E0,1.794318695E0
1.817847833E0,-7.168592834E-1,-3.914360046E0,2.003284149E0
1.827861833E0,-9.354048157E-1,-3.233426056E0,1.922302551E0
1.837874833E0,-1.059496765E0,-2.410437469E0,1.581760712E0
1.847887833E0,-1.241518250E0,-1.351389771E0,8.765771484E-1
1.857901833E0,-1.202000427E0,-5.782475281E-1,-3.992198181E-1
1.867914833E0,-2.226320343E0,2.884501648E-1,-5.725593567E-1
1.877927833E0,-2.393073578E0,8.613088989E-1,2.140548706E-2
1.887941833E0,-1.857936401E0,8.788224792E-1,2.236349487E-1
1.897954833E0,-2.207758942E0,1.228345642E0,4.953199768E-1
1.907968833E0,-2.783162384E0,1.875449982E0,1.121467896E0
1.917981833E0,-3.226989441E0,2.314337311E0,1.693578186E0
1.927994833E0,-3.515140228E0,2.329006805E0,1.772164764E0
1.938008833E0,-3.809727631E0,2.326611786E0,1.255738678E0
1.948021833E0,-4.013154602E0,2.379900970E0,6.319857788E-1
1.958034833E0,-4.000880127E0,2.298470306E0,-3.457809448E-2
1.968048833E0,-5.011129303E0,2.871329041E0,1.389111328E-1
1.978061833E0,-5.373825073E0,3.486250305E0,5.583389282E-1
1.988075833E0,-5.491031342E0,3.907174988E0,3.531156921E-1
1.998088833E0,-6.256838837E0,4.709656219E0,5.538482666E-3
2.008101833E0,-6.851701813E0,5.442232819E0,-3.817062378E-2
2.018115833E0,-6.738537140E0,5.691913605E0,1.255888367E-1
2.028128833E0,-6.135141907E0,5.760770416E0,1.457968140E-1
2.038141833E0,-5.648503876E0,5.443130951E0,1.272354126E-2
2.048155833E0,-5.175936584E0,4.784051514E0,-1.347198486E-2
2.058168833E0,-5.019661560E0,4.817282410E0,4.165837097E-1
2.068181833E0,-5.158872070E0,5.738167419E0,1.321152649E0
2.078195833E0,-4.790488129E0,6.323001251E0,1.816023560E0
2.088208833E0,-4.532275085E0,6.675967255E0,1.730401611E0
2.098222833E0,-4.117637329E0,6.605613556E0,1.289568329E0
2.108235833E0,-2.958298187E0,6.367458801E0,1.010698242E0
2.118248833E0,-1.924996948E0,6.163133698E0,7.111711121E-1
2.128262833E0,-2.009720764E0,6.111191711E0,6.336323547E-1
2.138275833E0,-3.044967957E0,6.905589752E0,7.864645386E-1
2.148288833E0,-3.433559875E0,7.468718719E0,6.355783081E-1
2.158302833E0,-3.370091858E0,7.737110596E0,5.113366699E-1
2.168315833E0,-3.046464844E0,7.915389862E0,9.714797974E-1
2.178329833E0,-2.403701477E0,7.514224091E0,1.552421722E0
2.188342833E0,-2.176174622E0,6.685697021E0,1.794917450E0
2.198355833E0,-2.054926758E0,6.070626068E0,1.916913757E0
2.208369833E0,-1.795067139E0,5.576204224E0,2.683320007E0
2.218382833E0,-1.834135895E0,5.002896423E0,4.303550720E0
2.228395833E0,-1.491797791E0,4.937183075E0,5.828429718E0
2.238409833E0,-1.118623810E0,5.044659576E0,6.097719727E0
2.248422833E0,-7.153623962E-1,5.062173157E0,5.301226044E0
2.258436833E0,4.073030090E-1,5.019960938E0,4.240082703E0
2.268449833E0,1.676064606E0,4.900958405E0,3.635190582E0
2.278462833E0,2.672243042E0,4.785398712E0,3.759731598E0
2.288476833E0,4.020189972E0,4.066144409E0,4.084107056E0
2.298489833E0,6.118376770E0,3.605252838E0,4.280798035E0
2.308502833E0,7.841892700E0,3.305875397E0,4.580025787E0
2.318516833E0,9.062903595E0,2.442919922E0,5.422773285E0
2.328529833E0,1.034184402E1,1.542691956E0,5.945336609E0
2.338543417E0,1.089000412E1,-5.260061646E-1,5.407055969E0
2.348556417E0,1.144130768E1,-3.016377411E0,5.528902588E0
2.358569417E0,1.341450439E1,-4.149970093E0,5.526208191E0
2.368583417E0,1.595472198E1,-4.959037628E0,3.753444672E0
2.378596417E0,1.872560989E1,-4.874014435E0,1.052012329E0
2.388609417E0,2.112751511E1,-4.599036255E0,-1.549877014E0
2.588877417E0,1.630469421E1,-1.428838715E1,-1.601085526E1
2.598890417E0,1.320104828E1,-1.349548599E1,-1.425380905E1
2.608904417E0,1.083012863E1,-1.307590851E1,-1.368963226E1
2.618917417E0,9.176517334E0,-1.293864395E1,-1.248882935E1
2.628931417E0,8.373287659E0,-1.274883865E1,-1.042102936E1
2.638944417E0,7.917635193E0,-1.238449631E1,-8.747808838E0
2.648957417E0,7.519163818E0,-1.189007446E1,-7.576344910E0
2.658971417E0,7.220235443E0,-1.131182693E1,-6.630461884E0
2.668984417E0,6.507567444E0,-1.070603668E1,-5.753285980E0
2.678998417E0,5.767207031E0,-9.788594513E0,-5.498366089E0
2.689011417E0,5.229225769E0,-8.974138184E0,-5.734425201E0
2.699024417E0,4.692292328E0,-8.284073181E0,-5.230572968E0
2.709038417E0,4.508025513E0,-8.499624939E0,-4.778363342E0
2.719051417E0,4.150119781E0,-9.042396240E0,-5.198240204E0
2.729065417E0,3.598367157E0,-1.048105453E1,-5.239254913E0
2.739078417E0,2.141147461E0,-1.050665131E1,-3.976181488E0
2.749091417E0,2.073338470E0,-9.676028595E0,-2.849025421E0
2.759105417E0,2.344275055E0,-9.627679138E0,-3.100203094E0
2.769118417E0,2.650837555E0,-9.433383179E0,-3.112327881E0
2.779131417E0,2.893333282E0,-9.310937805E0,-2.419568481E0
2.789145417E0,2.704575806E0,-9.142238617E0,-2.234104156E0
2.799158417E0,2.895129547E0,-9.029073944E0,-2.096390533E0
2.809172417E0,3.212918701E0,-8.914412384E0,-1.660946045E0
2.819185417E0,3.344495087E0,-8.538244629E0,-1.652114410E0
2.829198417E0,3.310815125E0,-8.203091583E0,-2.251318359E0
2.839212417E0,2.868035889E0,-7.879913635E0,-3.061733093E0
2.849225417E0,2.568658447E0,-7.632777557E0,-3.711082764E0
2.859239417E0,2.881807251E0,-7.436685333E0,-4.196523285E0
2.869252417E0,1.771865387E0,-7.698191528E0,-3.786825256E0
2.879265417E0,1.353485413E0,-8.152047729E0,-3.147055664E0
2.889279417E0,2.139500885E0,-7.742349701E0,-2.690654755E0
2.899292417E0,2.467618561E0,-7.557334442E0,-1.698368225E0
2.909306417E0,3.044069824E0,-7.307653656E0,-4.700225830E-1
2.919319417E0,2.955154724E0,-6.590794373E0,2.857557678E-1
2.929332417E0,2.742896118E0,-6.238726501E0,4.878355408E-1
2.939346417E0,2.110012207E0,-5.855074310E0,2.005828857E-1
2.949359417E0,1.378483429E0,-5.354664917E0,-2.883004761E-1
2.959372417E0,1.039588165E0,-5.000501404E0,-5.496569824E-1
2.969386417E0,7.065307617E-1,-4.516857147E0,-3.562591553E-1
2.979399417E0,4.649331665E-1,-3.752696228E0,5.688171387E-3
2.989413417E0,6.671626282E-1,-3.113675079E0,4.415817261E-2
2.999426417E0,1.098266144E0,-2.523153076E0,-4.643344116E-1
3.009439417E0,5.677693176E-1,-1.842368774E0,-4.308041382E-1
3.019453417E0,2.716850281E-1,-1.511556702E0,-4.206253052E-1
3.029466417E0,-4.640350342E-2,-1.293460236E0,-5.405259705E-1
3.039480417E0,-7.973918152E-1,-9.187893677E-1,-4.019142151E-1
3.049493417E0,-1.205143890E0,-2.329156494E-1,-1.710942078E-1
3.059506417E0,-1.313668213E0,3.573069763E-1,1.972897339E-1
3.069520417E0,-1.377734985E0,5.153782654E-1,4.658312988E-1
3.079533417E0,-1.286125488E0,3.450325012E-1,2.661465454E-1
3.089547417E0,-1.235231323E0,3.534150696E-1,-6.366261292E-1
3.099560417E0,-1.406175842E0,6.273454285E-1,-1.447489929E0
3.109573417E0,-1.843117218E0,9.827064514E-1,-1.324595490E0
3.119587417E0,-2.079924774E0,1.477577362E0,-4.399351501E-1
3.129600417E0,-1.984423370E0,1.572779388E0,1.296304321E-1
3.139614417E0,-2.271526337E0,1.506167908E0,-1.023870850E-1
3.149627417E0,-2.733166351E0,1.594783630E0,-8.809181213E-1
3.159640417E0,-3.295696564E0,1.387764130E0,-1.355581055E0
3.169654417E0,-4.075874176E0,8.836125183E-1,-1.351838837E0
3.179667417E0,-4.862937469E0,5.400769043E-1,-1.364113312E0
3.189681417E0,-5.630241852E0,1.048120422E0,-1.914518738E0
3.199694417E0,-6.531817017E0,1.331032104E0,-2.361638947E0
3.209707417E0,-6.753805389E0,1.988764343E0,-2.037562866E0
3.219721417E0,-6.083499298E0,3.200644226E0,-1.944157104E0
3.229734417E0,-6.580166473E0,3.498375092E0,-3.118914185E0
3.239748417E0,-6.889573059E0,2.822979584E0,-4.515210571E0
3.249761417E0,-7.199877777E0,2.384391632E0,-4.696782990E0
3.259774417E0,-7.406298523E0,2.187401276E0,-4.301754456E0
3.269788417E0,-6.990912323E0,1.616937561E0,-3.470982056E0
3.279801417E0,-6.437213745E0,1.519190826E0,-2.090852051E0
3.289815417E0,-5.564079437E0,1.707948303E0,-1.133143616E-1
3.299828417E0,-6.441255341E0,2.668201447E0,4.886438599E0
3.309841417E0,-6.398444366E0,3.519780579E0,7.372618561E0
3.319855417E0,-6.578519897E0,3.464545441E0,7.353308716E0
3.329868417E0,-7.073091431E0,3.706592102E0,4.996759186E0
3.339882042E0,-7.163054352E0,3.507206726E0,3.174748077E0
3.349895042E0,-7.726333008E0,2.870281219E0,2.149679718E0
3.359908042E0,-8.098159790E0,2.197131042E0,8.532257080E-1
3.369922042E0,-9.101972351E0,2.670147400E0,1.526824951E-1
3.379935042E0,-9.438771973E0,3.459755402E0,-3.345542908E-1
3.389949042E0,-8.075556793E0,4.529580688E0,-2.395019531E-1
3.399962042E0,-6.073021088E0,5.295088806E0,8.858578491E-1
3.409975042E0,-3.765270081E0,5.089266815E0,1.892514496E0
3.419989042E0,-2.288441162E0,4.109853516E0,2.356100464E0
3.430002042E0,-2.602338409E0,3.629053345E0,1.858235779E0
3.440016042E0,-4.022884369E0,2.971919861E0,5.568420410E-1
3.450029042E0,-4.039948883E0,1.856439514E0,4.942721558E-1
3.460042042E0,-2.761158142E0,2.383493500E0,4.491859131E0
3.470056042E0,-8.183482361E-1,3.118614807E0,7.102280731E0
3.480069042E0,1.377734985E0,1.623972931E0,6.980733490E0
3.490083042E0,3.222798157E0,7.614665222E-1,7.592511292E0
3.500096042E0,3.154689789E0,5.418731689E-2,8.102650452E0
3.510109042E0,4.419559479E0,-4.227209473E-1,9.988728333E0
3.520123042E0,7.829019470E0,-6.463558960E-1,1.236683304E1
3.530136042E0,1.142424316E1,-9.523196411E-1,1.327319824E1
3.540150042E0,1.531121017E1,-2.312690735E-1,1.364786911E1
3.550163042E0,1.715896774E1,3.944297791E-1,1.330074097E1
3.560176042E0,1.579126190E1,-4.529580688E-1,1.130988098E1
3.570190042E0,1.440993439E1,-1.572030945E0,8.340356140E0
3.580203042E0,1.465437607E1,-2.495310974E0,5.214556274E0
3.590217042E0,1.760414200E1,-3.577410736E0,3.442990265E0
3.600230042E0,2.276840286E1,-2.984493713E0,4.327800293E0
3.780471042E0,1.863923950E1,-1.479807724E1,-1.262774048E1
3.790485042E0,1.833192856E1,-1.493878464E1,-1.406460251E1
3.800498042E0,1.760369293E1,-1.433538940E1,-1.513457748E1
3.810512042E0,1.594169907E1,-1.392090134E1,-1.581820587E1
3.820525042E0,1.358859238E1,-1.394140869E1,-1.592029358E1
3.830538042E0,1.155357422E1,-1.362077545E1,-1.500255203E1
3.840552042E0,1.000040405E1,-1.361838043E1,-1.440589279E1
3.850565042E0,1.067864365E1,-1.277967453E1,-1.427805862E1
3.860579042E0,1.266216888E1,-9.706714783E0,-1.367885468E1
3.870592042E0,1.320808365E1,-7.499554596E0,-1.401146301E1
3.880605042E0,1.269749542E1,-6.669530640E0,-1.408301422E1
3.890619042E0,1.171254364E1,-6.475234680E0,-1.291379562E1
3.900632042E0,1.051503387E1,-6.550977173E0,-1.175116333E1
3.910646042E0,9.590706024E0,-6.610553284E0,-1.063957489E1
3.920659042E0,8.623866577E0,-7.021598511E0,-9.818981323E0
3.930673042E0,7.592960358E0,-7.616162109E0,-9.430688782E0
3.940686042E0,7.239545288E0,-8.094417572E0,-9.056766357E0
3.950699042E0,7.629185028E0,-7.988437958E0,-7.908953247E0
3.960713042E0,7.802225189E0,-7.716154175E0,-6.757098541E0
3.970726042E0,7.770042114E0,-8.329129486E0,-6.751260681E0
3.980740042E0,7.519463196E0,-9.228459320E0,-7.045099640E0
3.990753042E0,7.057673492E0,-9.767039337E0,-6.388864288E0
4.000766042E0,6.643634491E0,-1.015503250E1,-5.302872620E0
4.010780042E0,6.107599182E0,-1.083896027E1,-4.501139832E0
4.020793042E0,5.964796143E0,-1.129566055E1,-3.900438995E0
4.030807042E0,6.519542542E0,-1.088760910E1,-2.829565887E0
4.040820042E0,7.340285797E0,-1.020113663E1,-1.968406677E0
4.050834042E0,7.792196045E0,-1.017434235E1,-1.774410095E0
4.060847042E0,7.547904053E0,-1.057326279E1,-1.642833710E0
4.070860042E0,6.539002075E0,-1.081680634E1,-1.246457977E0
4.080874042E0,5.154531097E0,-1.070992859E1,-3.803590393E-1
4.090887042E0,3.946094055E0,-1.037717056E1,2.830613708E-1
4.100901042E0,2.914888458E0,-9.672735443E0,8.255332947E-1
4.110914042E0,2.191442871E0,-8.794960785E0,1.202299805E0
4.120927042E0,2.316283264E0,-7.799979858E0,1.450483704E0
4.130941042E0,2.910248108E0,-6.638395386E0,1.558558960E0
4.140954042E0,3.074157257E0,-5.422324219E0,1.221609650E0
4.150968042E0,3.155138855E0,-4.264631653E0,6.198609924E-1
4.160981042E0,3.119363251E0,-3.395538940E0,2.179467773E-1
4.170995042E0,2.620899811E0,-2.825673981E0,2.333647156E-1
4.181008042E0,1.816472626E0,-2.412084045E0,2.499801636E-1
4.191021042E0,1.018332367E0,-2.303859100E0,1.288819885E-1
4.201035042E0,2.959346008E-1,-2.240391083E0,1.202000427E-1
4.211048042E0,-3.242257690E-1,-1.899400177E0,-1.811233521E-2
4.221062042E0,-8.405021667E-1,-1.423090668E0,-3.655398560E-1
4.231075042E0,-1.293909302E0,-9.651928711E-1,-7.388635254E-1
4.241088042E0,-1.769470367E0,-2.451901245E-1,-9.352551270E-1
4.251102042E0,-2.133812714E0,5.830375671E-1,-9.084608459E-1
4.261115042E0,-2.364033966E0,1.268911285E0,-1.183888092E0
4.271129042E0,-2.322270813E0,1.625170441E0,-1.961970062E0
4.281142042E0,-2.517614594E0,1.659449158E0,-2.371817780E0
4.291156042E0,-2.822231140E0,1.439107361E0,-2.584076385E0
4.301169042E0,-3.255879364E0,1.588496704E0,-1.967957611E0
4.311182042E0,-2.996019745E0,1.798060913E0,-1.347497864E0
4.321196042E0,-3.120411072E0,2.333796844E0,-8.879534912E-1
4.331209042E0,-3.022814026E0,2.952759705E0,-6.957531738E-1
4.341222833E0,-2.922821960E0,3.438050537E0,-6.312373352E-1
4.351235833E0,-2.943778381E0,3.872447205E0,-5.607339478E-1
4.361248833E0,-2.754122772E0,4.209246826E0,-5.522016907E-1
4.371262833E0,-2.596201172E0,4.357438660E0,-8.120613098E-1
4.381275833E0,-2.526745605E0,4.427492981E0,-1.075363770E0
4.391289833E0,-2.114652557E0,4.361480255E0,-9.370513916E-1
4.401302833E0,-2.198777618E0,4.097429352E0,-1.001417542E-1
4.411316833E0,-2.369722137E0,3.867507477E0,8.264314270E-1
4.421329833E0,-2.359992371E0,3.883823547E0,1.225651245E0
4.431342833E0,-2.387235718E0,4.040847015E0,1.164727936E0
4.441356833E0,-2.380200348E0,4.219126282E0,7.936495972E-1
4.451369833E0,-2.196831665E0,4.371958466E0,6.062393188E-1
4.461383833E0,-1.621428223E0,4.780159607E0,6.056405640E-1
4.471396833E0,-7.662565613E-1,5.671106873E0,6.521937561E-1
4.481410833E0,2.155517578E-2,6.297254791E0,4.200265503E-1
4.491423833E0,-2.130070496E-1,5.606890411E0,3.746708679E-1
4.501436833E0,-1.088985443E0,4.404889984E0,1.192270660E0
4.511450833E0,-1.832489319E0,3.786076813E0,2.406395874E0
4.521463833E0,-2.375709686E0,3.621119843E0,3.164419556E0
4.531477833E0,-2.520458679E0,3.134930878E0,3.260519714E0
4.541490833E0,-2.716101837E0,3.006647644E0,3.377725983E0
4.551503833E0,-3.031495972E0,3.399281158E0,3.725452881E0
4.561517833E0,-3.024011536E0,2.768193512E0,4.157454529E0
4.571530833E0,-2.728825378E0,1.487456818E0,5.198240204E0
4.581544833E0,-2.216440887E0,3.981719971E-1,6.600075073E0
4.591557833E0,-2.014959869E0,-6.493496704E-1,8.002808075E0
4.601571833E0,-2.359692993E0,-1.438059540E0,9.352551270E0
4.611584833E0,-1.552721100E0,-1.607507172E0,1.072938812E1
4.621597833E0,3.116519165E-1,-5.736071777E-1,1.208631638E1
4.631611833E0,2.237846375E0,-1.451980591E-1,1.193827423E1
4.641624833E0,4.112398224E0,-1.197958832E0,9.911938019E0
4.651638833E0,6.476282501E0,-1.644779663E0,7.530091095E0
4.661651833E0,9.330696716E0,-1.914818115E0,5.494623871E0
4.671665833E0,1.287472687E1,-2.431244202E0,4.401596832E0
4.681678833E0,1.682441345E1,-2.068548431E0,4.888534241E0
4.691691833E0,1.982163071E1,-3.157533875E0,7.244784393E0
4.701705833E0,2.095791779E1,-4.346960449E0,1.107262436E1
4.741759833E0,1.890598480E1,-1.198782120E1,2.850073242E0
4.751772833E0,2.264670593E1,-1.240066269E1,-7.027885437E-1
4.942027833E0,1.656275757E1,-1.263747025E1,-1.596235611E1
4.952041833E0,1.352287903E1,-1.232387238E1,-1.468461319E1
4.962054833E0,1.206760529E1,-1.179517181E1,-1.404394547E1
4.972067833E0,1.159743301E1,-1.076142151E1,-1.335133575E1
4.982081833E0,1.140598114E1,-9.822274475E0,-1.330972229E1
4.992094833E0,1.102412521E1,-9.362580414E0,-1.432745590E1
5.002108833E0,1.051907547E1,-8.797206116E0,-1.411819107E1
5.012121833E0,9.897268524E0,-8.409961395E0,-1.243015137E1
5.022135833E0,9.309440918E0,-8.454568634E0,-1.102756805E1
5.032148833E0,8.898545380E0,-8.674012299E0,-1.001537292E1
5.042161833E0,8.404273224E0,-9.001830597E0,-9.091344452E0
5.052175833E0,7.931556244E0,-9.532926178E0,-8.362360382E0
5.062188833E0,7.410639496E0,-1.025741959E1,-7.495363312E0
5.072202833E0,6.656657410E0,-1.128069168E1,-6.288572845E0
5.082215833E0,5.842650146E0,-1.212254105E1,-5.000052338E0
5.092229833E0,5.217250671E0,-1.254960297E1,-3.827091522E0
5.102242833E0,4.822072449E0,-1.244512024E1,-2.740052032E0
5.112255833E0,4.828359375E0,-1.211326035E1,-1.625469818E0
5.122269833E0,4.892276459E0,-1.150417694E1,-5.734574890E-1
5.132282833E0,4.994364166E0,-1.081336349E1,1.764830017E-1
5.142296833E0,5.142106934E0,-1.030292496E1,3.775149536E-1
5.152309833E0,5.226681061E0,-9.811796265E0,2.562670898E-1
5.162323833E0,5.460345154E0,-9.633217621E0,1.531315613E-1
5.172336833E0,5.368286591E0,-9.771829376E0,4.956193542E-1
5.182349833E0,4.973108368E0,-9.692644043E0,9.617500305E-1
5.192363833E0,4.591551819E0,-9.414971466E0,1.252146149E0
5.202376833E0,4.147126007E0,-9.298962708E0,1.557960205E0
5.212390833E0,3.498375092E0,-9.063652039E0,1.916165314E0
5.222403833E0,2.843187561E0,-8.631800079E0,2.154170380E0
5.232417833E0,2.480192413E0,-8.224048004E0,2.216141510E0
5.242430833E0,2.117047577E0,-7.813152466E0,2.285447388E0
5.252443833E0,1.549278259E0,-7.162605286E0,2.286046143E0
5.262457833E0,9.571096802E-1,-6.709647217E0,2.097887421E0
5.272470833E0,4.580474854E-1,-6.689738617E0,2.158810730E0
5.282484833E0,-2.348616028E-1,-6.515950012E0,2.340981903E0
5.292497833E0,-6.530918884E-1,-6.024521942E0,2.330952759E0
5.302511833E0,-7.420069885E-1,-5.614524536E0,2.240091705E0
5.312524833E0,-9.372010803E-1,-5.071004791E0,2.333946533E0
5.322537833E0,-1.269210663E0,-4.202660522E0,2.329755249E0
5.332551833E0,-1.441053314E0,-3.272943878E0,2.148931274E0
5.342565667E0,-1.594484253E0,-2.461631012E0,1.786834259E0
5.352579667E0,-1.865869904E0,-1.989662476E0,1.297202454E0
5.362592667E0,-2.511477356E0,-1.904040527E0,9.818083191E-1
5.372606667E0,-3.353177032E0,-2.448009338E0,1.140927429E0
5.382619667E0,-4.423301697E0,-2.547252960E0,1.527124329E0
5.392632667E0,-5.316045227E0,-1.745520172E0,1.833537140E0
5.402646667E0,-5.620212708E0,-8.436456299E-1,2.115101624E0
5.412659667E0,-5.791755981E0,2.330653381E-1,2.305355988E0
5.422673667E0,-5.533542938E0,1.082399139E0,2.470762024E0
5.432686667E0,-4.693789215E0,1.475631409E0,2.429298248E0
5.442700667E0,-4.116888885E0,1.513352966E0,1.900747375E0
5.452713667E0,-3.576213226E0,1.689985657E0,8.958869934E-1
5.462726667E0,-2.653082886E0,2.068398743E0,6.801855469E-1
5.472740667E0,-2.028132477E0,2.890638885E0,1.315763855E0
5.482753667E0,-2.016905823E0,3.728446655E0,1.789977722E0
5.492767667E0,-2.349364471E0,3.719615021E0,1.724713440E0
5.502780667E0,-2.701731720E0,3.364253998E0,1.340911560E0
5.512794667E0,-2.855312347E0,3.163521423E0,9.717791748E-1
5.522807667E0,-2.735411682E0,2.799328766E0,6.348298645E-1
5.532821667E0,-2.202669525E0,2.192341003E0,6.246510315E-1
5.542834667E0,-9.705816650E-1,2.241887970E0,2.112856293E0
5.552847667E0,1.414558411E-1,2.887046356E0,3.900888062E0
5.562861667E0,6.497987366E-1,2.865191803E0,4.373904419E0
5.572874667E0,9.755213928E-1,2.660267944E0,4.069138184E0
5.582888667E0,1.411414948E0,2.543660431E0,4.149521027E0
5.592901667E0,1.281036072E0,1.739682312E0,4.278253326E0
5.602915667E0,1.681154022E0,8.399034119E-1,4.247118073E0
5.612928667E0,3.136727142E0,7.310797119E-1,4.208498383E0
5.622941667E0,4.433181152E0,4.248165894E-1,4.080963593E0
5.632955667E0,5.342989197E0,-6.249504089E-1,3.988006897E0
5.642968667E0,6.447093201E0,-1.608554993E0,4.475393372E0
5.652982667E0,8.313711548E0,-1.934876404E0,4.906945953E0
5.662995667E0,1.019065842E1,-2.612367554E0,4.736899567E0
5.673009667E0,1.244586868E1,-2.798430634E0,4.876110077E0
5.683022667E0,1.490226059E1,-2.513273621E0,5.112169189E0
5.693035667E0,1.606968292E1,-3.916455688E0,4.969515839E0
5.703049667E0,1.648447037E1,-5.857469330E0,4.889432373E0
5.713062667E0,1.719758743E1,-6.807843018E0,4.457879791E0
5.723076667E0,1.799542831E1,-7.251071320E0,2.978805542E0
5.733089667E0,1.809586945E1,-7.749834137E0,6.318360901E-1
5.743103667E0,1.789274185E1,-8.493038635E0,-2.050286407E0
5.753116667E0,1.827519653E1,-8.991801453E0,-5.120252380E0
5.763130667E0,1.997835480E1,-1.098430801E1,-7.578290863E0
5.773143667E0,2.385813675E1,-1.281844391E1,-7.416177979E0
5.923345667E0,1.783421356E1,-7.746540985E0,-1.878099472E1
5.933358667E0,1.541479477E1,-7.847431183E0,-2.010229706E1
5.953385667E0,1.148396896E1,-7.471263428E0,-1.823612778E1
5.963398667E0,1.021131546E1,-6.829398193E0,-1.682097061E1
5.973412667E0,9.067543945E0,-6.667285309E0,-1.553604263E1
5.983425667E0,8.033793640E0,-6.661297760E0,-1.397434021E1
5.993439667E0,7.488477631E0,-7.043752441E0,-1.230052094E1
6.003452667E0,7.393574982E0,-7.579638062E0,-1.038330780E1
6.013465667E0,7.547454987E0,-7.869285736E0,-8.768615570E0
6.023479667E0,7.741301880E0,-8.127798157E0,-7.754773865E0
6.033492667E0,7.935148773E0,-8.180039520E0,-6.936575317E0
6.043506667E0,8.071664886E0,-8.198451233E0,-6.389163666E0
6.053519667E0,7.836803284E0,-8.880433044E0,-5.991141357E0
6.063533667E0,7.057972870E0,-9.954150238E0,-5.543871460E0
6.073546667E0,6.021228790E0,-1.083656525E1,-5.097350006E0
6.083560667E0,5.049000549E0,-1.157647659E1,-3.883973236E0
6.093573667E0,4.461172943E0,-1.215173035E1,-2.585273895E0
6.103586667E0,3.988905029E0,-1.276934601E1,-1.899699554E0
6.113600667E0,3.751349030E0,-1.350850891E1,-1.637594604E0
6.123613667E0,3.800895996E0,-1.384201538E1,-1.577120361E0
6.133627667E0,3.976031799E0,-1.431158890E1,-1.709894257E0
6.143640667E0,3.755240936E0,-1.535716461E1,-1.592538300E0
6.153654667E0,2.595303040E0,-1.675106598E1,-5.053491211E-1
6.163667667E0,1.230141907E0,-1.687800201E1,1.315015411E0
6.173681667E0,-2.649490356E-1,-1.654359741E1,2.728825378E0
6.183694667E0,-2.204914856E0,-1.599289261E1,3.680396576E0
6.193707667E0,-3.581003265E0,-1.497875153E1,3.773652649E0
6.203721667E0,-4.293222198E0,-1.328816711E1,3.000809784E0
6.213734667E0,-4.627028046E0,-1.165311722E1,2.202370148E0
6.223748667E0,-4.744084625E0,-1.022942780E1,1.936972046E0
6.233761667E0,-4.591252441E0,-8.471782837E0,1.664538574E0
6.243775667E0,-4.518354034E0,-7.381599884E0,1.328936462E0
6.253788667E0,-5.358556824E0,-6.964866486E0,1.912423096E0
6.263802667E0,-6.432573395E0,-6.789730682E0,2.921474762E0
6.273815667E0,-7.273674316E0,-6.404731293E0,3.375181274E0
6.283828667E0,-8.356522522E0,-6.212081909E0,3.634292450E0
6.293842667E0,-9.185348969E0,-6.191125488E0,4.307891693E0
6.303855667E0,-8.597820740E0,-5.794899445E0,5.175038452E0
6.313869667E0,-6.723418579E0,-5.359155579E0,5.820496216E0
6.323882667E0,-4.386627960E0,-4.252656555E0,6.015091553E0
6.333896667E0,-2.585124207E0,-3.670816498E0,5.946234741E0
6.343908208E0,-6.029461670E-1,-3.823498993E0,5.721851349E0
6.353922208E0,2.014810181E0,-3.354524231E0,4.620591431E0
6.363935208E0,3.979923706E0,-3.428171082E0,3.454815674E0
6.373948208E0,5.483696594E0,-4.428690491E0,4.264481964E0
6.383962208E0,7.472760315E0,-5.161716156E0,5.339546356E0
6.393975208E0,8.822204132E0,-6.262676697E0,4.929848328E0
6.403989208E0,9.950557709E0,-7.960895233E0,3.910318451E0
6.414002208E0,1.198617462E1,-8.676856384E0,1.492995300E0
6.424016208E0,1.407373352E1,-9.631870422E0,-1.708846436E0
6.434029208E0,1.800815186E1,-9.304650879E0,-4.109105072E0
6.444042208E0,2.233774841E1,-6.956932983E0,-6.560108185E0
6.644311208E0,1.616323837E1,-6.707701263E0,-1.132230515E1
6.654325208E0,1.158006912E1,-8.755293274E0,-1.133652557E1
6.664338208E0,8.229586487E0,-9.720336456E0,-1.127455444E1
6.674352208E0,6.402785339E0,-9.658814392E0,-1.033271301E1
6.684365208E0,5.830974426E0,-9.020391998E0,-9.191336517E0
6.694379208E0,5.830974426E0,-7.841443634E0,-8.259524231E0
6.704392208E0,6.226901093E0,-7.320227509E0,-7.447612610E0
6.714405208E0,6.069428558E0,-7.700137482E0,-6.427783356E0
6.724419208E0,5.434598694E0,-8.344846802E0,-5.314398651E0
6.734432208E0,4.806055756E0,-9.444759521E0,-4.362677765E0
6.744446208E0,3.819457397E0,-1.041129959E1,-3.353925476E0
6.754459208E0,2.475701752E0,-1.061143341E1,-2.225721588E0
6.764473208E0,1.425485687E0,-1.084809128E1,-8.596623230E-1
6.774486208E0,7.018904114E-1,-1.099269058E1,1.570234680E-1
6.784500208E0,1.478924561E-1,-1.072085587E1,6.578819275E-1
6.794513208E0,-3.064128113E-1,-1.008108627E1,6.827302551E-1
6.804527208E0,-4.318519592E-1,-9.660011902E0,4.995112610E-1
6.814540208E0,-6.798861694E-1,-9.537416840E0,9.190887451E-1
6.824553208E0,-1.353635101E0,-9.723180542E0,1.353934479E0
6.834567208E0,-2.679428101E0,-1.032567764E1,1.549577637E0
6.844580208E0,-4.259093170E0,-1.008887009E1,1.547332306E0
6.854594208E0,-4.942122803E0,-9.726024628E0,1.037642212E0
6.864607208E0,-5.459147644E0,-9.712253265E0,7.240443420E-1
6.874621208E0,-6.128256226E0,-9.535919952E0,1.119072876E0
6.884634208E0,-5.898633728E0,-8.811276855E0,1.257534943E0
6.894648208E0,-5.874683533E0,-7.927963715E0,1.785487061E0
6.904661208E0,-5.250631256E0,-7.766000519E0,2.254761200E0
6.914674208E0,-4.960684204E0,-7.378456421E0,2.818937988E0
6.924688208E0,-5.244494019E0,-7.239245911E0,4.270619202E0
6.934701208E0,-4.983137512E0,-8.795260162E0,5.004842377E0
6.944715208E0,-4.458328857E0,-1.020981857E1,4.881349182E0
6.954728208E0,-1.830393677E0,-1.041249710E1,3.317251740E0
6.964742208E0,1.647324371E0,-1.052191956E1,1.499431915E0
6.974755208E0,4.545148315E0,-1.011177246E1,1.145118713E-1
6.984769208E0,7.635621643E0,-9.785900116E0,-9.180409241E-1
6.994782208E0,1.147064667E1,-8.253686371E0,-2.080373840E0
7.004795208E0,1.487516693E1,-6.255042572E0,-3.777394867E0
7.014809208E0,1.802940765E1,-6.534810791E0,-4.869074707E0
7.024822208E0,2.092423782E1,-6.694378967E0,-4.725523224E0
7.114943208E0,1.733096008E1,-5.414839783E0,-1.970053253E0
7.124957208E0,1.441367661E1,-6.571334839E0,-1.572929077E0
7.134970208E0,1.133921997E1,-8.197104034E0,-1.825154572E0
7.144984208E0,9.785301361E0,-8.332422638E0,-1.172212372E0
7.154997208E0,9.978100433E0,-8.589438171E0,-6.653663635E-1
7.165011208E0,1.161045593E1,-8.563242645E0,-5.526507568E-1
7.175024208E0,1.370310425E1,-8.122559052E0,1.212478638E-1
7.185038208E0,1.543724808E1,-6.577921143E0,4.099974060E0
7.195051208E0,1.523771301E1,-6.195466461E0,7.832312622E0
7.205064208E0,1.347363144E1,-8.120762787E0,7.739655304E0
7.215078208E0,1.083057770E1,-1.007075775E1,5.472769318E0
7.225091208E0,6.582561493E0,-1.119177658E1,3.802093506E0
7.235105208E0,4.620741119E0,-1.116393448E1,3.699556732E0
7.245118208E0,3.055895233E0,-1.039243881E1,4.948260040E0
7.255132208E0,2.335443420E0,-9.155261536E0,5.853577423E0
7.265145208E0,3.655548248E0,-8.065827026E0,6.106551361E0
7.275159208E0,7.220085754E0,-7.983049164E0,6.716682587E0
7.285172208E0,1.012748978E1,-7.970774689E0,7.190746765E0
7.295185208E0,1.092084000E1,-8.055049438E0,6.622977448E0
7.305199208E0,1.044482986E1,-7.879464569E0,4.930447083E0
7.315212208E0,1.008587631E1,-7.315587158E0,2.811453552E0
7.325226208E0,1.090123077E1,-6.427933044E0,1.324296112E0
7.335239208E0,1.196970886E1,-5.592819672E0,-2.365081787E-1
7.345254542E0,1.226429626E1,-5.520819397E0,-2.121388550E0
7.355267542E0,1.175026520E1,-6.073170776E0,-3.454815674E0
7.365281542E0,1.060454773E1,-6.643035736E0,-3.676055603E0
7.375294542E0,8.864266663E0,-7.505691833E0,-3.683540039E0
7.385308542E0,7.268884277E0,-8.343948669E0,-3.967499542E0
7.395321542E0,7.082970886E0,-7.982899475E0,-3.447480927E0
7.405334542E0,7.837851105E0,-6.460265808E0,-1.789678345E0
7.415348542E0,8.190667419E0,-5.920488281E0,-1.759740601E0
7.425361542E0,8.327931976E0,-5.994135132E0,-3.269051971E0
7.435375542E0,8.516689453E0,-5.652096405E0,-4.022734680E0
7.445388542E0,8.484656067E0,-5.886808319E0,-4.222120056E0
7.455402542E0,8.133037262E0,-6.176006927E0,-4.197271729E0
7.465415542E0,8.469836884E0,-6.322552185E0,-4.206402740E0
7.475429542E0,9.119635620E0,-5.903872833E0,-3.633244629E0
7.485442542E0,8.835975494E0,-5.716312866E0,-2.122885437E0
7.495456542E0,8.684939575E0,-6.121220856E0,9.400451660E-2
7.505469542E0,8.984915771E0,-6.689588928E0,2.547702026E0
7.515482542E0,9.954449615E0,-6.913822632E0,4.450395355E0
7.525496542E0,1.104074066E1,-6.452481995E0,5.645659790E0
7.535509542E0,1.183349213E1,-5.925428009E0,6.358477478E0
7.545523542E0,1.275332932E1,-6.201903076E0,6.412964172E0
7.555536542E0,1.440005493E1,-7.070097656E0,6.349645844E0
7.565550542E0,1.665122360E1,-7.501350861E0,6.440057831E0
7.575563542E0,1.859702728E1,-7.498357086E0,5.966143341E0
7.585577542E0,1.948857330E1,-7.613916779E0,4.880900116E0
7.605604542E0,1.812505875E1,-9.122330017E0,3.290756836E0
7.615617542E0,1.656006317E1,-1.000684067E1,3.026705933E0
7.625630542E0,1.515942581E1,-1.073462723E1,3.151246948E0
7.635644542E0,1.416190018E1,-1.096380066E1,3.205284576E0
7.645657542E0,1.378333740E1,-1.136242172E1,2.748434601E0
7.655671542E0,1.434167633E1,-1.162722107E1,1.962868195E0
7.665684542E0,1.490794876E1,-1.100691101E1,1.432521057E0
7.675698542E0,1.524385025E1,-1.030472122E1,1.605860596E0
7.685711542E0,1.522783356E1,-1.040441391E1,2.442171478E0
7.695725542E0,1.508532990E1,-1.045860123E1,2.732567596E0
7.705738542E0,1.467293747E1,-1.010997620E1,2.053130493E0
7.715751542E0,1.368574036E1,-1.020278320E1,1.017583923E0
7.725765542E0,1.289074356E1,-1.061442719E1,2.252815247E-1
7.735778542E0,1.251652176E1,-1.045710434E1,-1.752854919E-1
7.745792542E0,1.261456787E1,-9.430688782E0,-3.083587646E-2
7.755805542E0,1.320059921E1,-8.095016327E0,4.409829712E-1
7.765819542E0,1.376103378E1,-7.002887421E0,1.086740112E0
7.775832542E0,1.399499725E1,-6.609056396E0,1.716480560E0
7.785846542E0,1.394320496E1,-6.228397980E0,1.958976288E0
7.795859542E0,1.307411224E1,-5.784720612E0,1.148262177E0
7.805873542E0,1.188723038E1,-5.788612518E0,-5.066963196E-1
7.815886542E0,1.027523254E1,-5.567821655E0,-1.492845612E0
7.825899542E0,7.776927795E0,-4.350702667E0,-1.752854919E0
7.835913542E0,5.492977295E0,-2.550246735E0,-2.691702576E0
7.845926542E0,4.705015869E0,-4.005670166E-1,-4.451742554E0
7.855940542E0,5.689219208E0,1.456920319E0,-5.741161194E0
7.865953542E0,7.642657013E0,2.993624725E0,-4.971611481E0
7.875967542E0,9.457183685E0,3.805985413E0,-2.566413116E0
7.885980542E0,1.091290649E1,3.959715729E0,2.207908630E-1
7.895994542E0,1.170910080E1,4.001329193E0,2.413730621E0
7.906007542E0,1.153606064E1,3.610342255E0,3.994293823E0
7.916021542E0,1.035277130E1,2.477198639E0,5.293442230E0
7.926034542E0,7.961643677E0,1.494492188E0,5.483097839E0
7.936047542E0,5.246439972E0,9.729766846E-1,4.624932404E0
7.946061542E0,3.119662628E0,-9.624984741E-2,3.848197632E0
7.956074542E0,1.126707001E0,-1.166823578E0,3.564986572E0
7.966088542E0,-4.694238281E-1,-2.429747314E0,3.638034668E0
7.976101542E0,-2.234104156E0,-3.815565491E0,4.899611206E0
7.986115542E0,-5.320236511E0,-4.961732025E0,6.463109894E0
7.996128542E0,-8.025111694E0,-6.451134796E0,7.849676514E0
8.006142542E0,-1.027732819E1,-8.796607361E0,9.283095703E0
8.016155542E0,-1.226085342E1,-1.129850464E1,9.286089478E0
8.026169542E0,-1.283101776E1,-1.385503830E1,7.937543793E0
8.036182542E0,-1.226205093E1,-1.616593277E1,6.832990723E0
8.046195542E0,-1.079076050E1,-1.894310760E1,6.264772339E0
8.056209542E0,-7.966284027E0,-2.252890091E1,3.271746368E0
8.136317542E0,7.023394775E0,-1.394095963E1,-1.843686035E1
8.146330542E0,5.524860992E0,-1.422926010E1,-1.692305832E1
8.156343542E0,4.488865356E0,-1.483325409E1,-1.671154816E1
8.166357542E0,4.865931244E0,-1.514834885E1,-1.739936783E1
8.176370542E0,5.496569824E0,-1.543350586E1,-1.789603500E1
8.186384542E0,5.307962036E0,-1.594379471E1,-1.881602188E1
8.196397542E0,4.410129089E0,-1.645842453E1,-2.171713898E1
8.266492542E0,4.565505981E0,-1.530058228E1,-1.906270889E1
8.276505542E0,3.478316803E0,-1.687006851E1,-1.491004440E1
8.286518542E0,3.244203644E0,-1.768617142E1,-1.164024399E1
8.296532542E0,2.080373840E0,-1.896586029E1,-9.458530884E0
8.306545542E0,1.987866211E-1,-1.935774536E1,-7.920778656E0
8.336586542E0,-1.359323273E0,-1.806727890E1,-6.768325195E0
8.346599333E0,-1.423240356E0,-1.784888306E1,-6.260431366E0
8.356613333E0,-1.394200745E0,-1.772464142E1,-5.469925232E0
8.366626333E0,-1.090182953E0,-1.721779541E1,-5.034780121E0
8.376640333E0,-1.516646118E0,-1.687051758E1,-3.767964478E0
8.386653333E0,-2.852617950E0,-1.698697540E1,-1.967658234E0
8.396666333E0,-5.247338104E0,-1.546104858E1,5.474116516E-1
8.406680333E0,-6.555617523E0,-1.432640808E1,3.383863220E0
8.416693333E0,-7.444020081E0,-1.487531662E1,3.633094940E0
8.426707333E0,-8.983269196E0,-1.420620804E1,3.826792145E0
8.436720333E0,-1.017329453E1,-1.352766907E1,5.165907440E0
8.446734333E0,-1.069061874E1,-1.263537460E1,6.790030060E0
8.456747333E0,-1.036863831E1,-1.067265610E1,8.752149811E0
8.466761333E0,-9.952803040E0,-8.887767792E0,1.073058563E1
8.476774333E0,-9.777218170E0,-7.618706818E0,1.238270004E1
8.486788333E0,-1.025457550E1,-5.884862366E0,1.584140762E1
8.496801333E0,-8.863817596E0,-4.870122528E0,1.836515945E1
8.506814333E0,-7.006629639E0,-4.316573639E0,1.905746979E1
8.516828333E0,-5.782026215E0,-4.236789551E0,1.807027267E1
8.526841333E0,-5.476661224E0,-4.711901550E0,1.530357605E1
8.536855333E0,-5.552254028E0,-6.847660217E0,1.147244293E1
8.546868333E0,-5.303770752E0,-8.541388092E0,7.868088226E0
8.556882333E0,-3.237317963E0,-8.972341919E0,4.297413483E0
8.566895333E0,1.618135071E-1,-9.712702332E0,7.592211914E-1
8.576909333E0,5.034780121E0,-7.823181610E0,-3.601959686E0
8.586922333E0,9.318721619E0,-4.885540466E0,-8.641829224E0
8.596936333E0,1.206715622E1,-2.882855072E0,-1.309012894E1
8.606949333E0,1.296933014E1,-1.358425140E0,-1.726839020E1
8.616963333E0,1.022314087E1,-2.952160950E0,-1.869297775E1
8.626976333E0,6.304290161E0,-5.704337769E0,-2.171369614E1
8.757151333E0,1.304537201E0,-5.468578033E0,-1.764201324E1
8.767164333E0,-1.106948090E0,-6.252497864E0,-1.353994354E1
8.777178333E0,-3.144061890E0,-6.269113312E0,-9.841135254E0
8.787191333E0,-4.785997467E0,-5.518424377E0,-6.391408997E0
8.797205333E0,-5.952821045E0,-3.985911255E0,-3.829037476E0
8.807218333E0,-6.434669037E0,-2.477048950E0,-2.795586548E0
8.817232333E0,-6.922504578E0,-2.191442871E0,-2.540516968E0
8.827245333E0,-8.311166840E0,-2.440225525E0,-1.673968964E0
8.837259333E0,-9.598489838E0,-2.523003387E0,-4.478686523E-1
8.847272333E0,-1.043689636E1,-2.626288605E0,9.114546204E-1
8.857285333E0,-1.061098434E1,-2.320624237E0,2.408341827E0
8.867299333E0,-9.608369293E0,-1.600022736E0,3.567680969E0
8.877312333E0,-9.532327423E0,-3.799099731E-1,6.478378143E0
8.887326333E0,-8.346942444E0,-8.887019348E-1,7.838300171E0
8.897339333E0,-7.291337585E0,-8.964857483E-1,8.486751709E0
8.907353333E0,-6.121819611E0,-9.056167603E-1,1.031280441E1
8.917366333E0,-4.878654785E0,-1.113983459E0,1.042087967E1
8.927380333E0,-3.353027344E0,-1.534159698E0,9.502090302E0
8.937393333E0,-1.371448059E0,-1.495689697E0,8.100854187E0
8.947407333E0,1.119072876E0,-8.159532166E-1,5.518723755E0
8.957420333E0,3.106789398E0,-1.154698792E0,2.145937500E0
8.967434333E0,4.194577332E0,-9.322613525E-1,-9.499246216E-1
8.977447333E0,4.913232880E0,-1.142424316E0,-4.930596771E0
8.987460333E0,6.008654938E0,-1.083596649E0,-9.264534302E0
8.997474333E0,7.637268219E0,4.692741394E-1,-1.423958862E1
9.007487333E0,8.986262970E0,1.894161072E0,-1.942226120E1
9.017501333E0,1.016431320E1,2.641556854E0,-2.317121521E1
9.107622333E0,6.727160797E0,-1.050964508E0,-1.863894012E1
9.117635333E0,5.804928589E0,-5.016069031E-1,-1.868279892E1
9.127649333E0,5.598358154E0,6.060896301E-1,-1.845781677E1
9.137662333E0,5.216502228E0,1.204994202E0,-1.863669479E1
9.147676333E0,4.472399597E0,1.827250214E0,-1.738469833E1
9.157689333E0,3.705095215E0,1.577569427E0,-1.543590088E1
9.167703333E0,2.597548370E0,9.419911194E-1,-1.344384338E1
9.177716333E0,1.678010559E-1,7.815248108E-1,-1.065469345E1
9.187730333E0,-1.208736420E0,7.384144592E-1,-6.969506836E0
9.197743333E0,-2.636916504E0,8.741821289E-1,-5.399122467E0
9.207757333E0,-3.366948395E0,1.017134857E0,-4.068240051E0
9.217770333E0,-3.423530731E0,1.165925446E0,-3.665727081E0
9.227783333E0,-4.189038849E0,9.144483948E-1,-3.440146179E0
9.237797333E0,-4.992418213E0,5.200186157E-1,-2.803070984E0
9.247810333E0,-5.940097504E0,1.685494995E-1,-1.334325256E0
9.257824333E0,-6.720724182E0,8.741821289E-2,1.586700439E-1
9.267837333E0,-6.649921417E0,6.759942627E-1,1.095122681E0
9.277851333E0,-6.524931335E0,1.298849030E0,1.557660828E0
9.287864333E0,-7.076683960E0,1.619033203E0,2.097288666E0
9.297878333E0,-7.636220398E0,1.727258148E0,2.891237640E0
9.307891333E0,-7.300169220E0,1.451830902E0,3.485501862E0
9.317905333E0,-6.526128845E0,1.365759888E0,3.247197418E0
9.327918333E0,-5.942492523E0,1.115180969E0,3.677851868E0
9.337932333E0,-5.121150513E0,1.111588440E0,4.075425110E0
9.347944833E0,-3.398383026E0,1.105002136E0,3.518283691E0
9.357957833E0,-1.086889801E0,9.048683167E-1,3.445534973E0
9.367971833E0,1.844464417E0,1.898352356E0,2.263892212E0
9.377984833E0,3.962859192E0,3.447780304E0,-5.746549988E-1
9.387998833E0,3.994144135E0,2.809657288E0,-4.663701782E0
9.398011833E0,4.129013672E0,2.137854309E0,-8.149203644E0
9.408025833E0,5.045707397E0,1.795067139E0,-1.067490143E1
9.418038833E0,6.494694214E0,1.259630585E0,-1.213616272E1
9.428052833E0,8.527317352E0,1.645977173E0,-1.244018051E1
9.438065833E0,9.794881439E0,1.957180023E0,-1.215532288E1
9.448079833E0,1.148232239E1,2.550546112E0,-1.162796951E1
9.458092833E0,1.465482513E1,4.434827728E0,-1.181343384E1
9.468105833E0,1.675166473E1,5.357509003E0,-1.319176758E1
9.478119833E0,1.749471954E1,5.178630981E0,-1.472772354E1
9.488132833E0,1.772928177E1,4.644990692E0,-1.609557907E1
9.498146833E0,1.770997192E1,4.020938416E0,-1.735161713E1
9.508159833E0,1.736329285E1,3.763473816E0,-1.761566803E1
9.518173833E0,1.659853317E1,3.472029877E0,-1.828432755E1
9.528186833E0,1.508592865E1,3.636388092E0,-1.985755600E1
9.558227833E0,1.124491608E1,4.455035706E0,-1.713247284E1
9.568240833E0,1.007599686E1,4.528832245E0,-1.538605453E1
9.578254833E0,8.493038635E0,4.107159119E0,-1.369292542E1
9.588267833E0,6.821464691E0,3.026256866E0,-1.173843979E1
9.598280833E0,4.577780457E0,1.855541382E0,-9.967023468E0
9.608294833E0,2.352208557E0,9.434880066E-1,-8.268954620E0
9.618307833E0,6.988966370E-1,5.556445312E-1,-4.975503387E0
9.628321833E0,6.274951172E-1,7.420069885E-1,-4.103267212E0
9.638334833E0,-9.575587463E-1,3.763174438E-1,-2.270927582E0
9.648348833E0,-2.428849182E0,4.885839844E-1,-9.190887451E-2
9.658361833E0,-3.714375916E0,6.945556641E-1,2.163750458E0
9.668375833E0,-4.560715942E0,1.229842529E0,3.204685822E0
9.678388833E0,-5.051545258E0,1.651515656E0,3.797602844E0
9.688402833E0,-5.524112549E0,1.898202667E0,4.542603607E0
9.698415833E0,-5.658233643E0,1.549727325E0,5.175637207E0
9.708428833E0,-6.123765564E0,7.165599060E-1,6.127507782E0
9.718442833E0,-6.074068909E0,2.824626160E-1,6.917864227E0
9.728455833E0,-4.889881439E0,1.809736633E-1,7.107819214E0
9.738469833E0,-3.560495911E0,-1.525328064E-1,6.786437531E0
9.748482833E0,-1.548080750E0,-1.941462708E-1,6.170767822E0
9.758496833E0,1.486708374E0,3.150947571E-1,4.911885681E0
9.768509833E0,4.558769989E0,6.658154297E-1,2.314037933E0
9.778523833E0,8.244705048E0,2.809806976E0,-1.701511688E0
9.788536833E0,1.086156326E1,5.968837738E0,-6.897356873E0
9.798550833E0,1.175400742E1,6.609505463E0,-1.131122818E1
9.808563833E0,1.355880432E1,6.691983948E0,-1.378064301E1
9.818577833E0,1.580593140E1,6.806944885E0,-1.603570358E1
9.828590833E0,1.679148193E1,5.874533844E0,-1.695988174E1
9.838603833E0,1.734458176E1,5.610482941E0,-1.415830765E1
9.848617833E0,1.766356842E1,5.743256836E0,-9.729766846E0
9.858630833E0,1.759980103E1,5.411846008E0,-7.420518951E0
9.868644833E0,1.619242767E1,5.244044952E0,-6.183191986E0
9.878657833E0,1.656081161E1,5.982309723E0,-1.065693878E1
9.888671833E0,1.553903641E1,6.139033813E0,-1.256591904E1
9.898684833E0,1.396176636E1,6.314918060E0,-1.310225372E1
9.908698833E0,1.237207214E1,6.660549316E0,-1.416384613E1
9.918711833E0,1.037687119E1,6.335874481E0,-1.596055984E1
9.928725833E0,8.925040283E0,6.007607117E0,-1.672546921E1
9.938738833E0,8.454119568E0,5.836812286E0,-1.606130035E1
9.948751833E0,8.249794464E0,5.367089081E0,-1.463267120E1
9.958765833E0,7.460934906E0,4.311783600E0,-1.258418106E1
9.968778833E0,6.081553345E0,3.146905975E0,-1.020892044E1
9.978792833E0,5.024451599E0,2.972368927E0,-7.767946472E0
9.988805833E0,4.023632812E0,3.372636566E0,-5.592220917E0
9.998819833E0,3.133583679E0,3.969595184E0,-4.377796326E0
1.000883283E1,2.282752991E0,4.324207764E0,-3.032394104E0
1.001884683E1,2.257455597E0,4.399201813E0,-2.226470032E0
1.002885983E1,2.132914581E0,4.229155426E0,-1.985321503E0
1.003887383E1,7.349716187E-1,3.165467377E0,-1.110839996E0
1.004888683E1,-1.288221130E0,2.596051483E0,4.938230896E-1
1.005890083E1,-2.681972809E0,2.721191254E0,2.982398071E0
1.006891383E1,-2.725232849E0,1.765728149E0,4.912035370E0
1.007892683E1,-3.116369476E0,9.743238831E-1,6.004164276E0
1.008894083E1,-3.171754303E0,8.482859802E-1,6.789131927E0
1.009895383E1,-3.408412170E0,9.725276184E-1,7.393874359E0
1.010896783E1,-4.112996979E0,8.644523621E-1,7.098089447E0
1.011898083E1,-3.583697662E0,1.157243500E0,6.542145538E0
1.012899483E1,-1.836680603E0,1.707349548E0,5.502257996E0
1.013900783E1,-1.631607056E-2,1.623972931E0,4.154011688E0
1.014902183E1,1.439406738E0,1.056952057E0,2.961142273E0
1.015903483E1,3.516936493E0,1.355131989E0,1.701960754E0
1.016904883E1,6.739285583E0,2.926414490E0,4.050576782E-1
1.017906183E1,9.198371887E0,4.187841339E0,-6.514453125E-1
1.018907583E1,1.006252487E1,4.284839630E0,-1.745071106E0
1.019908883E1,9.648336182E0,3.891757050E0,-2.745141449E0
1.020910183E1,9.092242584E0,3.365301819E0,-3.140020294E0
1.021911583E1,8.497978363E0,2.771786041E0,-3.137325897E0
1.022912883E1,8.160280609E0,1.806742859E0,-2.899470520E0
1.023914283E1,8.369246063E0,6.340814209E-1,-2.690355377E0
1.024915583E1,1.033346146E1,1.169817352E0,-3.164269867E0
1.025916983E1,1.464030533E1,4.625531158E0,-3.617527313E0
1.026918283E1,1.758108994E1,6.812932434E0,-4.969515839E0
1.027919683E1,1.876782211E1,6.368955688E0,-8.296048279E0
1.028920983E1,2.000978943E1,5.157973938E0,-1.114582214E1
1.032926383E1,1.693518311E1,-1.586700439E-2,-3.793112183E0
1.033927683E1,1.215816696E1,-3.703149261E0,1.202449493E0
1.034929067E1,9.968370667E0,-5.296885071E0,1.792073364E0
1.035930367E1,1.036175262E1,-4.725672913E0,5.786965942E-1
1.036931767E1,1.203647003E1,-3.183430023E0,-1.942809906E0
1.037933067E1,1.467443436E1,-9.792636108E-1,-5.093607788E0
1.038934467E1,1.698727478E1,2.827619934E-1,-6.310128021E0
1.039935767E1,1.898487076E1,6.855743408E-2,-7.480843506E0
1.040937167E1,1.919997345E1,-5.159770203E-1,-8.333171082E0
1.041938467E1,1.734293518E1,-2.070943451E0,-7.628735962E0
1.042939867E1,1.368304596E1,-3.051254883E0,-2.539469147E0
1.043941167E1,1.340716965E1,-1.628613281E0,-3.692820740E-1
1.044942467E1,1.339743988E1,-5.089416504E-3,1.676363983E0
1.045943867E1,1.471455093E1,1.268462219E0,1.486858063E0
1.046945167E1,1.643133087E1,1.526675262E0,-1.210981750E0
1.047946567E1,1.739936783E1,1.145118713E0,-4.413721619E0
1.048947867E1,1.693847626E1,1.987866211E-1,-5.766308899E0
1.049949267E1,1.405532181E1,-1.616638184E0,-5.494174805E0
1.050950567E1,9.205706635E0,-2.897973633E0,-2.622845764E0
1.051951967E1,5.221591644E0,-2.608924713E0,1.123264160E0
1.052953267E1,2.736609192E0,-2.148781586E0,3.475323029E0
1.053954667E1,1.486259308E0,-2.197879486E0,3.697012024E0
1.054955967E1,1.368304596E0,-2.382295990E0,2.786455536E0
1.055957367E1,1.656305695E0,-1.923350372E0,2.247576141E0
1.056958667E1,2.469414825E0,-6.966513062E-1,1.449435883E0
1.057959967E1,3.497776337E0,4.426295471E-1,-2.604583740E-2
1.058961367E1,3.859124908E0,1.728904724E0,-1.037642212E0
1.059962667E1,3.688629456E0,2.513572998E0,-1.715582428E0
1.060964067E1,2.786904602E0,3.106639709E0,-2.370171204E0
1.061965367E1,1.653461609E0,4.517156525E0,-1.800006866E0
1.062966767E1,9.095086670E-1,4.830604706E0,-7.095245361E-2
1.063968067E1,2.903961182E-1,3.795507202E0,1.447190552E0
1.064969467E1,-1.613644409E-1,2.519410858E0,2.071841583E0
1.065970767E1,8.397537231E-2,1.052311707E0,3.080893250E0
1.066972167E1,1.275347900E0,-5.104385376E-2,4.866679688E0
1.067973467E1,4.643344116E0,-1.016386414E-1,5.891748047E0
1.068974767E1,9.957892456E0,2.147584076E0,5.990991669E0
1.069976167E1,1.363065491E1,3.070115662E0,3.659889221E0
1.070977467E1,1.552242096E1,2.517913971E0,1.071022797E0
1.071978867E1,1.653281982E1,2.100731506E0,7.634124756E-1
1.072980167E1,1.664688263E1,-1.196162567E0,1.872156830E0
1.073981567E1,1.553724014E1,-6.276897125E0,4.689298553E0
1.074982867E1,1.446457077E1,-1.089344696E1,7.461084595E0
1.075984267E1,1.636172562E1,-1.710313385E1,7.069498901E0
1.076985567E1,2.346550323E1,-1.906031387E1,5.467081146E0
1.077986967E1,2.981514908E1,-1.610411133E1,1.664239197E0
1.091004467E1,6.860832825E0,-1.335088669E1,-1.819271805E1
1.092005767E1,7.404651947E0,-1.312276108E1,-1.680989365E1
1.093007067E1,8.657546539E0,-1.310943878E1,-1.624092682E1
1.094008467E1,9.150172119E0,-1.290346710E1,-1.606399475E1
1.095009767E1,8.688083038E0,-1.235785172E1,-1.583512070E1
1.096011167E1,8.100405121E0,-1.193572952E1,-1.600112549E1
1.097012467E1,7.707621918E0,-1.155447235E1,-1.596564926E1
1.098013867E1,7.328310699E0,-1.122321121E1,-1.558783493E1
1.099015167E1,7.172035675E0,-1.100301910E1,-1.484957016E1
1.100016567E1,7.230114899E0,-1.094014984E1,-1.381462234E1
1.101017867E1,6.021528168E0,-1.227402603E1,-1.323996735E1
1.102019267E1,3.504961395E0,-1.424018738E1,-1.385982834E1
1.103020567E1,2.897374878E0,-1.513427811E1,-1.520133865E1
1.104021967E1,4.730762329E0,-1.494941254E1,-1.649045792E1
1.105023267E1,6.687642975E0,-1.369487137E1,-1.672082886E1
1.106024567E1,8.091872864E0,-1.268507126E1,-1.495929199E1
1.107025967E1,8.787027283E0,-1.220936050E1,-1.313967590E1
1.108027267E1,8.992400208E0,-1.227522354E1,-1.232985992E1
1.109028667E1,8.514144745E0,-1.302800812E1,-1.142439285E1
1.110029967E1,7.454947357E0,-1.406984161E1,-1.011835876E1
1.111031367E1,6.391259308E0,-1.460333221E1,-8.761729889E0
1.112032667E1,5.732928314E0,-1.463880844E1,-7.886949005E0
1.113034067E1,5.099146271E0,-1.475885880E1,-7.378606110E0
1.114035367E1,4.337979126E0,-1.474388992E1,-6.628366241E0
1.115036767E1,3.164718933E0,-1.452279968E1,-6.036347351E0
1.116038067E1,2.003134460E0,-1.435125641E1,-6.435417480E0
1.117039367E1,1.221459961E0,-1.435140610E1,-7.265890503E0
1.118040767E1,7.673043823E-1,-1.453447540E1,-8.246950378E0
1.119042067E1,3.367996216E-2,-1.534249512E1,-8.673862610E0
1.120043467E1,-1.018631744E0,-1.658206741E1,-7.913144531E0
1.121044767E1,-1.899549866E0,-1.732452347E1,-6.781348114E0
1.122046167E1,-2.525248718E0,-1.705044342E1,-5.302124176E0
1.123047467E1,-2.683619385E0,-1.642190048E1,-3.368295593E0
1.124048867E1,-2.824177094E0,-1.558289520E1,-1.753603363E0
1.125050167E1,-3.404220886E0,-1.408017014E1,-2.647993469E-1
1.126051567E1,-3.805835724E0,-1.292607010E1,8.249345398E-1
1.127052867E1,-3.901187439E0,-1.297441956E1,1.140029297E0
1.128054167E1,-4.447102203E0,-1.291798691E1,1.042432251E0
1.129055567E1,-6.010301514E0,-1.365161133E1,1.407523041E0
1.130056867E1,-8.382867737E0,-1.376552444E1,2.003134460E0
1.131058267E1,-1.000534378E1,-1.228899490E1,2.597099304E0
1.132059567E1,-1.073612411E1,-1.037267990E1,3.616629181E0
1.133060967E1,-1.040186920E1,-9.172475739E0,5.259612579E0
1.134062267E1,-1.027238846E1,-7.959997101E0,7.384443970E0
1.135063642E1,-1.040875488E1,-5.788762207E0,9.232650604E0
1.136064942E1,-1.045111679E1,-4.815785522E0,1.127919479E1
1.137066342E1,-1.113205078E1,-4.768334198E0,1.280631912E1
1.138067642E1,-1.106918152E1,-4.355343018E0,1.395024033E1
1.139069042E1,-1.029094986E1,-3.982318726E0,1.489163269E1
1.140070342E1,-9.406738586E0,-4.463717651E0,1.479508347E1
1.141071642E1,-7.381749573E0,-5.190456390E0,1.309312271E1
1.142073042E1,-4.702770538E0,-5.781876526E0,1.088326813E1
1.143074342E1,-2.356100464E0,-6.455176392E0,8.366551666E0
1.144075742E1,1.604663086E-1,-6.623725891E0,4.372407532E0
1.145077042E1,3.153192902E0,-6.565347290E0,-9.666897583E-1
1.146078442E1,6.358477478E0,-5.082081757E0,-5.675148468E0
1.147079742E1,8.112679596E0,-3.892056427E0,-9.695637817E0
1.148081142E1,8.333171082E0,-4.080215149E0,-1.319341415E1
1.149082442E1,7.846682739E0,-4.558620300E0,-1.539054520E1
1.150083842E1,8.259224854E0,-5.934708710E0,-1.465811829E1
1.151085142E1,1.049437683E1,-6.932683411E0,-1.271470963E1
1.152086442E1,1.312740143E1,-7.662565613E0,-1.034932846E1
1.153087842E1,1.577135330E1,-8.440198517E0,-7.756420441E0
1.154089142E1,1.732542160E1,-9.103918304E0,-7.979007568E0
1.155090542E1,1.682456314E1,-1.117695740E1,-1.011820908E1
1.156091842E1,1.561388077E1,-1.363963623E1,-1.366912491E1
1.157093242E1,1.417492310E1,-1.646411270E1,-1.725192444E1
1.158094542E1,1.326466599E1,-1.885703659E1,-1.905657166E1
1.159095942E1,1.392045227E1,-2.053429871E1,-1.947555038E1
1.177120142E1,5.859864349E0,-1.033720367E1,-1.766371811E1
1.178121442E1,4.454137573E0,-1.108444977E1,-1.476305008E1
1.179122842E1,3.434308319E0,-1.189965454E1,-1.208706482E1
1.180124142E1,3.028651886E0,-1.259136612E1,-1.072923843E1
1.181125542E1,4.233496399E0,-1.167482208E1,-8.828940125E0
1.182126842E1,5.212161255E0,-1.117650833E1,-8.187973022E0
1.183128242E1,5.745951233E0,-1.034034714E1,-8.113577728E0
1.184129542E1,5.418881378E0,-9.820178833E0,-8.556806030E0
1.185130942E1,4.764142914E0,-9.315428467E0,-9.103319550E0
1.186132242E1,4.435875549E0,-8.921747131E0,-9.673184509E0
1.187133542E1,4.470154266E0,-9.214089203E0,-9.672136688E0
1.188134942E1,4.319118347E0,-9.678573303E0,-8.545729065E0
1.189136242E1,4.077969818E0,-1.015173935E1,-7.394173737E0
1.190137642E1,3.964954834E0,-1.075214081E1,-6.342161407E0
1.191138942E1,3.895648956E0,-1.121228394E1,-5.265450439E0
1.192140342E1,3.809428253E0,-1.189366699E1,-4.405937805E0
1.193141642E1,3.476370850E0,-1.290676025E1,-3.469485168E0
1.194143042E1,2.827320557E0,-1.363589401E1,-2.228266296E0
1.195144342E1,2.529589691E0,-1.341600128E1,-1.707199860E0
1.196145742E1,2.774630127E0,-1.300989578E1,-1.094673615E0
1.197147042E1,3.064876556E0,-1.280093033E1,-6.376739502E-1
1.198148342E1,3.154839478E0,-1.279224838E1,-3.727249146E-1
1.199149742E1,3.000061340E0,-1.271755371E1,-8.681945801E-2
1.200151042E1,2.530038757E0,-1.244242584E1,8.262817383E-2
1.201152442E1,2.041005707E0,-1.212373856E1,-1.681004333E-1
1.202153742E1,1.568438416E0,-1.239422607E1,-6.620732117E-1
1.203155142E1,6.496490479E-2,-1.309641586E1,-1.011596375E0
1.204156442E1,-2.431543579E0,-1.291783722E1,-1.288071442E0
1.205157842E1,-5.126239929E0,-1.173499695E1,-8.807684326E-1
1.206159142E1,-7.701784058E0,-9.926457825E0,-1.939965820E-1
1.207160542E1,-9.538764038E0,-8.141120453E0,9.755213928E-1
1.208161842E1,-1.017389328E1,-7.033124542E0,1.809437256E0
1.209163142E1,-1.044932053E1,-5.921835480E0,1.900597687E0
1.210164542E1,-1.062041473E1,-4.868475952E0,2.011816406E0
1.211165842E1,-1.154549103E1,-4.224515076E0,2.676284637E0
1.212167242E1,-1.383752472E1,-2.710114288E0,3.520828400E0
1.213168542E1,-1.586850128E1,-1.022972717E0,4.074526978E0
1.214169942E1,-1.732407440E1,-6.735992432E-2,5.050946503E0
1.215171242E1,-1.841650269E1,3.171903992E-1,5.847140808E0
1.216172642E1,-1.979423767E1,1.103804626E0,7.360194397E0
1.218175342E1,-1.882664978E1,1.004111938E0,7.833210754E0
1.219176642E1,-1.610710510E1,5.462141418E-1,7.594906311E0
1.220177942E1,-1.174472672E1,3.103047180E-1,6.925797729E0
1.221179342E1,-7.489974518E0,1.416055298E-1,6.483766937E0
1.222180642E1,-4.087250519E0,-1.101110229E0,5.541027374E0
1.223182042E1,-1.460961914E-1,-1.808838501E0,3.472628632E0
1.224183342E1,3.244802399E0,-2.085762634E0,1.886077881E-1
1.225184742E1,5.057532806E0,-3.088377686E0,-3.695664825E0
1.226186042E1,6.734944611E0,-4.596790924E0,-7.035519562E0
1.227187442E1,9.373657379E0,-6.460265808E0,-9.128766632E0
1.228188742E1,1.244003082E1,-7.556286621E0,-9.327852631E0
1.229190142E1,1.625380005E1,-8.018226013E0,-8.212971039E0
1.230191442E1,2.008897476E1,-8.159232788E0,-8.412057037E0
1.231192742E1,2.176593750E1,-8.766070862E0,-9.771679688E0
1.248215671E1,1.729668137E1,-1.083985840E1,-1.805575287E1
1.249217071E1,1.523801239E1,-9.710007935E0,-1.784768555E1
1.250218371E1,1.300091446E1,-8.727301483E0,-1.768033356E1
1.251219771E1,1.051069290E1,-8.409961395E0,-1.780801804E1
1.252221071E1,8.378826141E0,-8.192014618E0,-1.748918106E1
1.253222371E1,6.931635590E0,-7.659871216E0,-1.721061035E1
1.254223771E1,6.153403931E0,-7.520211639E0,-1.729548386E1
1.255225071E1,6.060596924E0,-7.765252075E0,-1.671050034E1
1.256226471E1,6.847959595E0,-8.383167114E0,-1.526435760E1
1.257227771E1,6.973997498E0,-9.075776825E0,-1.330927322E1
1.258229171E1,6.657705231E0,-9.299860840E0,-1.108534790E1
1.259230471E1,6.437662811E0,-9.592352600E0,-9.042994995E0
1.260231871E1,6.199358368E0,-9.551337891E0,-7.635172577E0
1.261233171E1,5.695206757E0,-9.521400146E0,-6.653663635E0
1.262234571E1,5.364843750E0,-9.645941162E0,-5.777834930E0
1.263235871E1,5.087320862E0,-9.901010742E0,-5.207071838E0
1.264237171E1,4.816533966E0,-9.958042145E0,-4.856500854E0
1.265238571E1,4.632267151E0,-9.890682220E0,-4.533921661E0
1.266239871E1,4.506528625E0,-1.000160156E1,-4.042493591E0
1.267241271E1,4.280498657E0,-1.152857620E1,-3.137026520E0
1.268242571E1,3.256478119E0,-1.313428711E1,-1.877994690E0
1.269243971E1,1.938618622E0,-1.299313065E1,-8.241860962E-1
1.270245271E1,1.170865173E0,-1.239272919E1,5.538482666E-1
1.271246671E1,7.345225525E-1,-1.150073410E1,1.121018829E0
1.272247971E1,-2.634521484E-2,-1.043869263E1,1.037941589E0
1.273249371E1,-1.210233307E0,-9.577982483E0,6.571334839E-1
1.274250671E1,-2.183209991E0,-8.344397736E0,3.302133179E-1
1.275251971E1,-3.032543793E0,-7.352859650E0,-2.722837830E-1
1.276253371E1,-4.059258728E0,-6.783743134E0,-1.024469604E0
1.277254671E1,-5.694608002E0,-6.432423706E0,-1.102307739E0
1.278256071E1,-7.863447876E0,-5.693410492E0,-3.124003601E-1
1.279257371E1,-9.548044739E0,-5.464237061E0,7.544311523E-2
1.280258771E1,-1.094284424E1,-4.885241089E0,2.323168945E-1
1.281260071E1,-1.225636276E1,-4.178261261E0,2.746788025E-1
1.282261471E1,-1.405487274E1,-4.480632477E0,9.624984741E-2
1.283262771E1,-1.640124344E1,-4.221072235E0,-1.038839722E-1
1.284264171E1,-1.905073380E1,-3.007695465E0,1.332079926E0
1.285265471E1,-2.031620224E1,-2.414628754E0,2.694247284E0
1.288269471E1,-1.716764969E1,-2.115550690E0,8.605604553E0
1.289270871E1,-1.192375443E1,-3.150498505E0,1.003438339E1
1.290272171E1,-5.382507019E0,-3.861220551E0,1.100047440E1
1.291273571E1,2.974165192E0,-3.013832703E0,1.070723419E1
1.292274871E1,9.250313873E0,-1.467997284E0,8.865464172E0
1.293276271E1,1.178319672E1,-8.640032959E-1,5.616919556E0
1.294277571E1,1.292038193E1,-2.232307892E0,2.632575531E0
1.295278871E1,1.368454285E1,-4.902754669E0,4.519102478E-1
1.296280271E1,1.672307419E1,-5.586083679E0,-1.256636810E0
1.297281571E1,2.276031967E1,-2.681374054E0,-4.239184570E0
1.298282971E1,2.713437378E1,-8.714877319E-1,-8.085735626E0
1.303289671E1,1.860361359E1,-1.175789932E1,-1.008692413E1
1.304291071E1,1.952075638E1,-1.436742279E1,-1.025667114E1
1.312301771E1,1.242072098E1,-7.507039032E0,-1.858160934E1
1.313303171E1,1.036250107E1,-7.764653320E0,-1.728859818E1
1.314304471E1,8.394992523E0,-8.030949554E0,-1.625769196E1
1.315305871E1,6.810387726E0,-8.095166016E0,-1.558993057E1
1.316307171E1,6.048621826E0,-8.019124146E0,-1.517484375E1
1.317308471E1,6.037993927E0,-7.760462036E0,-1.352856720E1
1.318309871E1,5.558990021E0,-8.180189209E0,-1.266591110E1
1.319311171E1,5.363496552E0,-7.915389862E0,-1.333995941E1
1.320312571E1,5.206323395E0,-6.799909515E0,-1.289418640E1
1.321313871E1,4.965025177E0,-6.614445190E0,-1.170820267E1
1.322315271E1,4.490811310E0,-7.056176605E0,-1.115001343E1
1.323316571E1,4.317621460E0,-6.576424255E0,-9.704768829E0
1.324317971E1,3.970493317E0,-5.862708435E0,-7.864944763E0
1.325319271E1,3.813170471E0,-5.266049194E0,-6.901548157E0
1.326320571E1,3.675606537E0,-4.705015869E0,-6.171366577E0
1.327321971E1,3.414100342E0,-4.003125458E0,-5.419480133E0
1.328323271E1,3.502416687E0,-3.167563019E0,-5.069807281E0
1.329324671E1,4.071233826E0,-2.365830231E0,-5.065615997E0
1.330325971E1,4.685256958E0,-1.600771179E0,-5.352718964E0
1.331327371E1,5.198389893E0,-1.132245483E0,-5.211263123E0
1.332328671E1,5.170098724E0,-7.896080017E-1,-4.573589172E0
1.333330071E1,5.068759460E0,-7.069798279E-1,-3.954626312E0
1.334331429E1,4.781506805E0,-1.146166534E0,-3.376378784E0
1.335332829E1,4.499642944E0,-1.681154022E0,-2.789299622E0
1.336334129E1,4.673880615E0,-1.656006317E0,-2.338886261E0
1.337335429E1,4.952151947E0,-1.133592682E0,-1.503623199E0
1.338336829E1,4.717140656E0,-5.245092773E-1,-6.183641052E-1
1.339338129E1,4.292024689E0,-4.855902100E-1,-2.493814087E-1
1.340339529E1,3.631148987E0,-9.003776550E-1,-5.483097839E-1
1.341340829E1,1.610800323E0,-8.788224792E-1,-1.097368011E0
1.342342229E1,2.811154175E-1,-6.896159363E-1,-2.039359131E0
1.343343529E1,-5.751040649E-1,-3.317102051E-1,-2.163451080E0
1.344344929E1,-1.305435333E0,3.299139404E-1,-1.394949188E0
1.345346229E1,-1.971250763E0,9.517208862E-1,-4.484674072E-1
1.346347529E1,-2.459086304E0,1.361418915E0,-1.091230774E-1
1.347348929E1,-2.597099304E0,1.879491577E0,1.203497314E-1
1.348350229E1,-2.431992645E0,2.593806152E0,4.493655396E-1
1.349351629E1,-2.029928741E0,3.228486328E0,8.726852417E-1
1.350352929E1,-2.607727203E0,3.728895721E0,1.071022797E0
1.351354329E1,-3.457959137E0,3.667074280E0,6.253994751E-1
1.352355629E1,-3.143014069E0,2.950813751E0,-3.844006348E-1
1.353357029E1,-2.371069336E0,3.033890991E0,-1.796264648E0
1.354358329E1,-1.726958771E0,3.467838593E0,-1.844913483E0
1.355359729E1,5.846841431E-1,4.213887177E0,-7.719447327E-1
1.356361029E1,2.956950989E0,5.193300476E0,2.272274780E-1
1.357362329E1,5.227130127E0,5.938301239E0,6.988966370E-1
1.358363729E1,6.625821533E0,6.466103668E0,7.273374939E-1
1.359365029E1,7.580685883E0,6.471791840E0,6.990463257E-1
1.360366429E1,9.222022705E0,5.730832672E0,1.372495880E0
1.361367729E1,1.097368011E1,4.631518707E0,2.728975067E0
1.362369129E1,1.210472809E1,3.877686310E0,5.924679565E0
1.363370429E1,1.318607941E1,3.138074341E0,9.908195801E0
1.364371829E1,1.369487137E1,2.028282166E0,1.261621445E1
1.365373129E1,1.264300873E1,1.431473236E0,1.430664917E1
1.366374429E1,1.148232239E1,2.007625122E0,1.618688919E1
1.367375829E1,1.157932068E1,2.351160736E0,1.690404785E1
1.368377129E1,1.171404053E1,2.296524353E0,1.587403976E1
1.369378529E1,1.117216736E1,1.705104218E0,1.329729813E1
1.370379829E1,9.733359375E0,4.436773682E-1,1.120734421E1
1.371381229E1,8.040829010E0,-1.383722534E0,1.004725662E1
1.372382529E1,6.539002075E0,-2.955454102E0,9.258247375E0
1.373383929E1,4.840184784E0,-3.860472107E0,8.970845032E0
1.374385229E1,2.502046967E0,-4.281546478E0,8.507857819E0
1.375386529E1,-3.570075989E-1,-3.931424561E0,8.639583893E0
1.376387929E1,-1.312021637E0,-3.819307709E0,1.003977219E1
1.377389229E1,-1.084045715E0,-3.588038635E0,1.123488693E1
1.378390629E1,-7.412585449E-1,-3.393592987E0,1.107756409E1
1.379391929E1,-7.065307617E-2,-3.365152130E0,1.015847534E1
1.380393329E1,5.833369446E-1,-3.057541809E0,8.912915497E0
1.381394629E1,2.902464294E-1,-2.667453003E0,8.009843445E0
1.382396029E1,-1.583706665E-1,-2.628084869E0,7.525750122E0
1.383397329E1,-3.772155762E-1,-2.620899811E0,7.245981903E0
1.384398729E1,-1.478026428E0,-2.151326294E0,6.480922852E0
1.385400029E1,-2.290836182E0,-1.332229614E0,6.094127197E0
1.386401329E1,-2.399360504E0,-7.505392456E-1,6.097270660E0
1.387402729E1,-2.468965759E0,-8.560697937E-1,6.061495056E0
1.388404029E1,-2.296524353E0,-1.064137115E0,6.343508606E0
1.389405429E1,-1.517993317E0,-1.133592682E0,6.781497803E0
1.390406729E1,-7.752378845E-1,-1.373244324E0,6.541995850E0
1.391408129E1,-3.604504395E-1,-2.246528320E0,4.890180817E0
1.392409429E1,5.388793945E-2,-3.736978912E0,2.489922180E0
1.393410829E1,-7.761360168E-1,-4.305047607E0,1.601968689E0
1.394412129E1,-2.678230591E0,-3.757186890E0,2.860701141E0
1.395413429E1,-3.197949829E0,-3.763922882E0,4.927303619E0
1.396414829E1,-2.292183380E0,-4.059558105E0,5.979465637E0
1.397416129E1,-1.028211823E0,-4.487667847E0,5.209466858E0
1.398417529E1,7.632627869E-1,-5.053191833E0,4.658013611E0
1.399418829E1,2.449057159E0,-4.498445435E0,5.288951569E0
1.400420229E1,3.827241211E0,-3.076701965E0,6.258186035E0
1.401421529E1,4.822222137E0,-2.599344635E0,6.674170990E0
1.402422929E1,4.925806732E0,-2.805466003E0,5.358706512E0
1.403424229E1,6.344107361E0,-3.767216034E0,3.342698822E0
1.404425529E1,9.198671265E0,-4.469555511E0,2.160157928E0
1.405426929E1,1.276695099E1,-3.394790497E0,1.851948853E0
1.406428229E1,1.603375763E1,-2.060016174E0,2.028581543E0
1.407429629E1,1.675465851E1,-1.706451416E0,1.558558960E0
1.408430929E1,1.572959015E1,-2.735860748E0,1.142274628E0
1.409432329E1,1.620859406E1,-4.295617218E0,3.174748077E0
1.410433629E1,1.747750534E1,-4.277953949E0,7.555089111E0
1.411435029E1,1.856514359E1,-3.862567749E0,1.128817612E1
1.412436329E1,1.989797195E1,-4.236490173E0,1.368843475E1
1.417443029E1,1.673639648E1,-6.166426849E0,-8.723858643E-1
1.418444429E1,1.411744263E1,-7.564669189E0,-6.099815369E0
1.419445729E1,1.014889526E1,-9.169781342E0,-1.066726730E1
1.420447129E1,7.680827637E0,-1.098101486E1,-1.229977249E1
1.421448429E1,1.112950607E1,-1.187869812E1,-1.024200165E1
1.422449729E1,1.886961044E1,-9.901310120E0,-7.763755188E0
1.423451129E1,2.730097733E1,-5.702691193E0,-6.387517090E0
1.447483367E1,7.486531677E0,-1.770847504E1,4.230802002E0
1.448484667E1,6.288572845E0,-1.682336563E1,4.084556122E0
1.449486067E1,5.515280914E0,-1.617296814E1,5.013374634E0
1.450487367E1,5.017116852E0,-1.541404633E1,5.570665741E0
1.451488667E1,4.549189911E0,-1.462952774E1,5.432053986E0
1.452490067E1,4.317920837E0,-1.392060196E1,5.330714722E0
1.453491367E1,4.117637329E0,-1.310913940E1,5.044060822E0
1.454492767E1,3.810476074E0,-1.221774307E1,4.385729828E0
1.455494067E1,3.990850983E0,-1.184831131E1,3.824097748E0
1.456495467E1,3.766168213E0,-1.159623550E1,3.492686920E0
1.457496767E1,3.175346832E0,-1.118234619E1,2.891836395E0
1.458498167E1,2.492616577E0,-1.071636520E1,2.248174896E0
1.459499467E1,1.381776581E0,-1.042028091E1,1.999092865E0
1.460500767E1,2.314187622E-1,-1.029124924E1,1.726509705E0
1.461502167E1,-8.250842285E-1,-1.006716522E1,6.409671021E-1
1.462503467E1,-1.903142395E0,-9.595046997E0,-8.857081604E-1
1.463504867E1,-2.588716736E0,-9.034612427E0,-1.932631073E0
1.464506167E1,-3.334615631E0,-8.522826691E0,-2.414479065E0
1.465507567E1,-4.140240326E0,-7.608378296E0,-2.644550629E0
1.466508867E1,-4.224964142E0,-6.580465851E0,-2.641556854E0
1.467510167E1,-3.981270905E0,-6.026617584E0,-2.548300781E0
1.468511567E1,-3.838168488E0,-5.887257385E0,-2.153571625E0
1.469512867E1,-3.639381866E0,-5.796096954E0,-1.572330322E0
1.470514267E1,-3.246299286E0,-5.158423004E0,-8.134085083E-1
1.471515567E1,-3.134781189E0,-4.544250183E0,-3.577560425E-2
1.472516967E1,-3.174897766E0,-4.583468628E0,9.901908875E-1
1.473518267E1,-3.063978424E0,-4.432582397E0,1.999990997E0
1.474519667E1,-3.389102325E0,-3.732488251E0,2.718945923E0
1.475520967E1,-4.133654022E0,-3.780388641E0,2.450853424E0
1.476522267E1,-4.556374969E0,-4.452790375E0,7.297325134E-1
1.477523667E1,-4.630021820E0,-4.644391937E0,-7.357200623E-1
1.478524967E1,-4.846771088E0,-4.453239441E0,-1.419947205E0
1.479526367E1,-5.343438263E0,-3.957769775E0,-2.664908295E0
1.480527667E1,-4.772226105E0,-3.886667633E0,-4.440665588E0
1.481529067E1,-3.394042053E0,-3.928430786E0,-5.040318604E0
1.482530367E1,-2.015259247E0,-3.644321594E0,-4.117637329E0
1.483531767E1,4.745132446E-2,-3.174149323E0,-2.613265686E0
1.484533067E1,2.276615753E0,-2.440973969E0,-1.453477478E0
1.485534367E1,3.597319336E0,-1.502126312E0,-8.026309204E-1
1.486535767E1,4.338877258E0,-8.352630615E-1,-1.465452576E-1
1.487537067E1,4.662354584E0,-2.541714478E-1,4.800517273E-1
1.488538467E1,4.901856537E0,5.194198608E-2,1.956431580E-1
1.489539767E1,5.781577148E0,-5.643264771E-2,-5.116360474E-1
1.490541167E1,6.757846985E0,-4.309538269E-1,-9.081614685E-1
1.491542467E1,8.660240936E0,-1.245859222E0,-1.025367737E0
1.492543867E1,1.132544861E1,-1.585951996E0,-9.627978516E-1
1.493545167E1,1.340073303E1,-1.066232758E0,-5.204676819E-1
1.494546467E1,1.463806000E1,-5.640270996E-1,3.719764709E-1
1.495547867E1,1.587912918E1,-5.935157776E-1,2.013612671E0
1.496549167E1,1.742616211E1,-1.363664246E-1,4.024830322E0
1.497550567E1,1.916898788E1,6.662644958E-1,4.657115479E0
1.498551867E1,2.108350662E1,1.129551086E0,4.591102753E0
1.517577467E1,1.813853073E1,-3.782633972E0,1.147573608E1
1.518578767E1,1.752121445E1,-4.825365601E0,1.071816147E1
1.519580067E1,1.673070831E1,-5.447920990E0,1.045755341E1
1.520581467E1,1.557062073E1,-6.183641052E0,1.090332642E1
1.521582767E1,1.417447403E1,-6.481970673E0,1.161404846E1
1.522584167E1,1.284883072E1,-6.736740875E0,1.188842789E1
1.523585467E1,1.126766876E1,-7.431745605E0,1.147304169E1
1.524586867E1,9.854158173E0,-7.439230042E0,1.044782364E1
1.525588167E1,9.121132507E0,-6.715036011E0,9.017697601E0
1.526589467E1,8.311316528E0,-6.428681488E0,7.826923828E0
1.527590867E1,7.171287231E0,-6.469097443E0,7.218738556E0
1.528592167E1,5.830225983E0,-6.897356873E0,6.450086975E0
1.529593567E1,4.572691040E0,-7.192842407E0,5.720653839E0
1.530594867E1,3.814218292E0,-6.949747925E0,5.423671417E0
1.531596267E1,3.457360382E0,-6.680607605E0,5.234614563E0
1.532597567E1,3.206033020E0,-5.959706726E0,4.853806458E0
1.533598967E1,3.333717499E0,-4.705614624E0,4.015848999E0
1.534600254E1,3.486998749E0,-3.934418335E0,3.103795624E0
1.535601554E1,3.162772980E0,-3.675157471E0,2.261347504E0
1.536602954E1,2.991978149E0,-3.366948395E0,1.934277649E0
1.537604254E1,2.929857330E0,-2.916984100E0,2.198627930E0
1.538605654E1,2.644101562E0,-2.393223267E0,2.671344910E0
1.539606954E1,1.847009125E0,-2.579136658E0,3.039579163E0
1.540608354E1,8.271798706E-1,-2.716401215E0,3.296594696E0
1.541609654E1,1.362167358E-2,-2.788401489E0,2.907703400E0
1.542611054E1,-4.679269409E-1,-2.638712769E0,2.250120850E0
1.543612354E1,-1.098116455E0,-2.531984711E0,1.994153137E0
1.544613654E1,-1.970652008E0,-2.693199463E0,2.079625397E0
1.545615054E1,-2.466421051E0,-3.034938812E0,1.243763580E0
1.546616354E1,-2.738555145E0,-2.794838104E0,-4.146377563E-2
1.547617754E1,-2.605631561E0,-2.465223541E0,-1.185684357E0
1.548619054E1,-1.977537689E0,-2.529140625E0,-2.010020142E0
1.549620454E1,-1.222208405E0,-2.362088013E0,-2.449356537E0
1.550621754E1,-1.022823029E0,-1.426982574E0,-2.447410583E0
1.551623054E1,-9.304650879E-1,-1.583706665E-1,-2.119592285E0
1.552624454E1,-7.204518127E-1,3.817062378E-1,-1.720821533E0
1.553625754E1,-7.524851990E-1,9.084608459E-1,-1.593885498E0
1.554627154E1,-8.222401428E-1,1.441652069E0,-1.547032928E0
1.555628454E1,-5.554948425E-1,1.449286194E0,-1.168619843E0
1.556629854E1,-2.541714478E-1,4.101470947E-1,-3.001258850E-1
1.557631154E1,-1.047821045E-1,-7.969427490E-1,-2.653981018E-1
1.558632554E1,1.333726501E-1,-1.267264709E0,-7.575746155E-1
1.559633854E1,2.900967407E-1,-1.362017670E0,-1.181642761E0
1.560635154E1,6.288423157E-1,-9.544152832E-1,-1.209634552E0
1.561636554E1,8.726852417E-1,-7.439529419E-1,-1.372944946E0
1.562637854E1,7.050338745E-1,-2.636018372E-1,-2.043849792E0
1.563639254E1,7.882608032E-1,-2.079176331E-1,-2.623294830E0
1.564640554E1,1.539548492E0,-7.746391296E-1,-2.938688965E0
1.565641954E1,2.781366119E0,-1.425186310E0,-3.138972473E0
1.566643254E1,4.538562012E0,-1.648521881E0,-3.574866028E0
1.567644554E1,7.453899536E0,-1.100212097E0,-3.797453156E0
1.568645954E1,1.094104797E1,-5.298980713E-1,-4.170178070E0
1.569647254E1,1.299208282E1,2.835104370E-1,-4.982688446E0
1.570648654E1,1.320164703E1,1.236129456E0,-6.265071716E0
1.571649954E1,1.219049973E1,1.636696472E0,-7.124584351E0
1.572651354E1,1.061307999E1,1.122815094E0,-7.052284698E0
1.573652654E1,8.933123474E0,-2.177970886E-1,-6.851252747E0
1.574654054E1,8.998836823E0,-1.490450592E0,-5.940845947E0
1.575655354E1,1.144849274E1,-1.464853821E0,-3.619622955E0
1.576656654E1,1.474164459E1,2.634521484E-2,-1.824256439E0
1.577658054E1,1.916749100E1,2.345622253E0,-4.535568237E-1
1.578659354E1,2.309068268E1,3.708388367E0,-9.117539978E-1
1.594680854E1,1.771341476E1,-4.799020386E-1,-3.205434265E0
1.595682254E1,1.648012939E1,-7.842192078E-1,-2.717598724E0
1.596683554E1,1.548859131E1,-8.478369141E-1,-2.135608978E0
1.597684954E1,1.481229767E1,-8.411009216E-1,-1.456620941E0
1.598686254E1,1.413929718E1,-1.007255402E0,-6.839277649E-1
1.599687554E1,1.316781738E1,-1.189875641E0,7.439529419E-2
1.600688954E1,1.213765961E1,-1.368304596E0,1.177152100E0
1.601690254E1,1.080752563E1,-2.110610962E0,2.013313293E0
1.602691654E1,9.106313324E0,-2.841391296E0,2.190095673E0
1.603692954E1,7.296427002E0,-3.285966797E0,1.738185425E0
1.604694354E1,5.783223724E0,-3.425626373E0,9.123527527E-1
1.605695654E1,4.572241974E0,-3.441044312E0,1.302291870E-2
1.606696954E1,3.526666260E0,-3.288062439E0,-7.153623962E-1
1.607698354E1,2.922971649E0,-2.811004486E0,-9.660910034E-1
1.608699654E1,2.816842346E0,-1.978884888E0,-3.095562744E-1
1.609701054E1,2.443818054E0,-1.732197876E0,1.154549103E0
1.610702354E1,1.815724182E0,-2.323168945E0,2.029030609E0
1.611703754E1,1.108145599E0,-2.910846863E0,2.335742798E0
1.612705054E1,4.269122314E-1,-3.074905701E0,2.354304199E0
1.613706354E1,5.703140259E-2,-3.113375702E0,1.835483093E0
1.614707754E1,-9.699829102E-2,-3.219505005E0,1.214574280E0
1.615709054E1,-2.273771667E-1,-2.989433441E0,5.851332092E-1
1.616710454E1,-3.990701294E-1,-2.536026306E0,3.203338623E-2
1.617711754E1,-8.039781189E-1,-2.143392792E0,1.691482544E-2
1.618713154E1,-1.231788483E0,-2.192041626E0,-6.777905273E-1
1.619714454E1,-1.616039429E0,-2.631228333E0,-1.864373016E0
1.620715854E1,-2.092798004E0,-2.980152740E0,-2.536175995E0
1.621717154E1,-1.994901581E0,-3.076701965E0,-2.460433502E0
1.622718454E1,-9.827064514E-1,-2.853815460E0,-1.935774536E0
1.623719854E1,-1.077758789E-2,-2.469714203E0,-1.682501221E0
1.624721154E1,5.065466309E-1,-2.282453613E0,-2.063159637E0
1.625722554E1,9.852511597E-1,-1.637145538E0,-3.106639709E0
1.626723854E1,1.456321564E0,-8.196954346E-1,-4.534370728E0
1.627725254E1,1.925296326E0,-8.607101440E-1,-5.533992004E0
1.628726554E1,2.333647156E0,-3.882925415E-1,-5.477259979E0
1.629727854E1,2.643652496E0,-9.506730652E-1,-6.377487946E0
1.630729254E1,3.412453766E0,-2.408192139E0,-6.918462982E0
1.631730554E1,4.512665863E0,-2.681823120E0,-6.524931335E0
1.632731954E1,5.629044342E0,-2.509082336E0,-5.669759674E0
1.633733254E1,6.638545074E0,-2.703527985E0,-4.940326538E0
1.634734721E1,6.848258972E0,-3.309617615E0,-4.697980499E0
1.635736021E1,5.837560730E0,-3.708687744E0,-4.924908600E0
1.636737321E1,5.382806396E0,-4.886438599E0,-5.302273865E0
1.637738721E1,5.051545258E0,-6.456074524E0,-5.878575439E0
1.638740021E1,4.599485321E0,-7.352709961E0,-7.361990662E0
1.639741421E1,4.583618317E0,-8.824000397E0,-9.467512207E0
1.640742721E1,4.877906342E0,-1.012793884E1,-1.175041489E1
1.641744121E1,6.281687164E0,-1.008647507E1,-1.365670074E1
1.642745421E1,8.484356689E0,-9.751022644E0,-1.554412582E1
1.643746721E1,1.129161896E1,-8.669222260E0,-1.729249008E1
1.644748121E1,1.388332947E1,-7.376211090E0,-1.867800888E1
1.645749421E1,1.542078232E1,-6.603068848E0,-1.928694260E1
1.646750821E1,1.660961014E1,-6.044580231E0,-1.835707626E1
1.647752121E1,1.623164612E1,-6.860084381E0,-1.588975708E1
1.648753521E1,1.540716064E1,-7.876021729E0,-1.339100327E1
1.649754821E1,1.451097427E1,-8.683742065E0,-1.054377411E1
1.650756121E1,1.306393341E1,-9.677076416E0,-9.933642883E0
1.651757521E1,1.226339813E1,-1.059646454E1,-1.110420868E1
1.652758821E1,1.224513611E1,-1.048434769E1,-1.122830063E1
1.653760221E1,1.309821213E1,-1.027149033E1,-1.033944901E1
1.654761521E1,1.401984558E1,-1.080049026E1,-9.221274261E0
1.655762921E1,1.367226837E1,-1.201760925E1,-9.258397064E0
1.656764221E1,1.270423141E1,-1.291948380E1,-9.409432983E0
1.657765521E1,1.287308029E1,-1.341420502E1,-8.672515411E0
1.658766921E1,1.207359283E1,-1.461066696E1,-7.724836121E0
1.659768221E1,8.295000458E0,-1.721076004E1,-8.674311676E0
1.660769621E1,7.547754364E0,-1.843730942E1,-1.172721313E1
1.661770921E1,9.731563110E0,-1.735520966E1,-1.253717880E1
1.662772321E1,1.158920013E1,-1.536734344E1,-1.093550949E1
1.663773621E1,1.282038986E1,-1.368289627E1,-9.963580627E0
1.664774921E1,1.347722397E1,-1.268087997E1,-1.007539810E1
1.665776321E1,1.327738953E1,-1.256546997E1,-9.631870422E0
1.666777621E1,1.160282181E1,-1.347857117E1,-9.388775940E0
1.667779021E1,1.033989807E1,-1.410187500E1,-9.053323517E0
1.668780321E1,1.003992188E1,-1.404903488E1,-8.408314819E0
1.669781721E1,9.172176361E0,-1.396131729E1,-8.449179840E0
1.670783021E1,8.500672760E0,-1.359383148E1,-8.347840576E0
1.671784321E1,8.316855011E0,-1.238793915E1,-9.056916046E0
1.672785721E1,8.677006073E0,-1.117456238E1,-1.070543793E1
1.673787021E1,8.674611053E0,-1.019844223E1,-1.116543137E1
1.674788421E1,8.195756836E0,-9.609716492E0,-1.088701035E1
1.675789721E1,7.404202881E0,-9.465266876E0,-1.007270370E1
1.676791121E1,7.004983063E0,-9.341623993E0,-8.337212677E0
1.677792421E1,6.444548492E0,-9.278904419E0,-5.134622498E0
1.678793721E1,5.265600128E0,-8.832832031E0,-1.395697632E0
1.679795121E1,5.462889862E0,-8.137078857E0,-2.862946472E0
1.680796421E1,3.361409912E0,-7.536827087E0,-3.545676727E0
1.681797821E1,2.615361328E0,-6.525530090E0,-5.493576050E0
1.682799121E1,2.408940582E0,-5.342839508E0,-5.936804352E0
1.683800521E1,1.672771454E0,-4.611310730E0,-5.424719238E0
1.684801821E1,8.821156311E-1,-4.539909210E0,-4.478536835E0
1.685803121E1,3.695814514E-1,-5.018164673E0,-3.989803162E0
1.686804521E1,-2.888992310E-1,-4.853207703E0,-3.351979523E0
1.687805821E1,-8.014334106E-1,-3.598666534E0,-2.166744232E0
1.688807221E1,-8.656498718E-1,-2.543810120E0,-2.612068176E-1
1.689808521E1,-9.303153992E-1,-2.008074188E0,1.025816803E0
1.690809921E1,-1.469943237E0,-2.366578674E0,9.526190186E-1
1.691811221E1,-1.675465851E0,-2.444267120E0,-4.879852295E-2
1.692812521E1,-1.094673615E0,-2.214045868E0,-5.854325867E-1
1.693813921E1,-1.401385803E0,-2.047891388E0,1.251846771E0
1.694815221E1,-6.243516541E-1,-2.116897888E0,3.382516022E0
1.695816621E1,1.337319031E0,-2.163451080E0,4.686155090E0
1.696817921E1,2.940485229E0,-1.056203613E0,5.555846558E0
1.697819321E1,3.223396912E0,-8.131091309E-1,6.432423706E0
1.698820621E1,3.036286011E0,-9.404942322E-1,6.813680878E0
1.699821921E1,2.425406342E0,-9.258247375E-1,7.072193298E0
1.700823321E1,1.868115234E0,-1.011596375E0,7.202871552E0
1.701824621E1,1.738185425E0,-1.343456268E0,7.285499725E0
1.702826021E1,2.013762360E0,-1.909728699E0,7.353159027E0
1.703827321E1,2.403551788E0,-1.898202667E0,7.328310699E0
1.704828721E1,2.354304199E0,-1.150357819E0,7.196884003E0
1.705830021E1,2.884351959E0,-6.391708374E-1,7.231761475E0
1.706831321E1,4.031266937E0,2.179467773E-1,6.587800598E0
1.707832721E1,4.457879791E0,1.195414124E0,4.941823425E0
1.708834021E1,5.111121368E0,1.165925446E0,2.869532776E0
1.709835421E1,6.604266357E0,1.062490540E0,1.568139038E0
1.710836721E1,6.991810455E0,1.359772339E0,8.675958252E-1
1.711838121E1,5.915398865E0,1.522334290E0,9.363029480E-1
1.712839421E1,5.247787170E0,1.307530975E0,2.406545563E0
1.713840721E1,4.195924530E0,1.153800659E0,3.578608246E0
1.714842121E1,3.168161774E0,1.540746002E0,2.976410522E0
1.715843421E1,4.128863983E0,2.266736298E0,2.184706879E0
1.716844821E1,5.860912170E0,2.580633545E0,1.839075623E0
1.717846121E1,6.443051605E0,3.404370575E0,1.850002899E0
1.718847521E1,6.215225372E0,3.595523071E0,2.537972260E0
1.719848821E1,4.943470001E0,2.984493713E0,4.124223633E0
1.720850121E1,3.742966461E0,2.280956726E0,5.075046387E0
1.721851521E1,3.001857605E0,7.550299072E-1,4.707111511E0
1.722852821E1,2.724185028E0,1.263372803E-1,3.082988892E0
1.723854221E1,4.122876434E0,2.109114075E-1,6.527925110E-1
1.724855521E1,6.643634491E0,-6.081852722E-1,-2.278262329E-1
1.725856821E1,9.596244507E0,1.683998108E-1,-4.879852295E-1
1.726858221E1,1.215053284E1,2.214794312E0,-1.882934418E0
1.727859521E1,1.299477722E1,2.413131866E0,-3.564088440E0
1.728860921E1,1.247371078E1,1.056952057E0,-3.406615906E0
1.729862221E1,1.207494003E1,-3.451821899E-1,-1.196461945E0
1.730863621E1,1.254780670E1,-2.185155945E0,1.503922577E0
1.731864921E1,1.646037048E1,-2.027533722E0,2.410587158E0
1.732866221E1,2.099863312E1,-3.517684937E-1,-1.827699280E-1
1.733867621E1,2.374781616E1,6.730004883E-1,-3.798800354E0
1.753894371E1,1.762210464E1,-4.765490112E0,-2.972817993E0
1.754895771E1,1.586086716E1,-5.106481018E0,-2.781216431E0
1.755897071E1,1.509041931E1,-4.973707123E0,-2.692001953E0
1.756898471E1,1.524804153E1,-4.403542786E0,-2.815195770E0
1.757899771E1,1.557166855E1,-4.074976044E0,-3.283871155E0
1.758901071E1,1.575952789E1,-3.823798370E0,-3.465742950E0
1.759902471E1,1.575099564E1,-3.630699921E0,-3.162623291E0
1.760903771E1,1.474838058E1,-4.134552155E0,-3.121309204E0
1.761905171E1,1.266411484E1,-4.715045013E0,-3.420387268E0
1.762906471E1,1.036025574E1,-5.331313477E0,-3.837120667E0
1.763907871E1,8.748706970E0,-5.710325317E0,-4.528233490E0
1.764909171E1,8.980275421E0,-5.049898682E0,-5.441334686E0
1.765910471E1,1.046069687E1,-3.692521362E0,-5.999823303E0
1.766911871E1,1.090527237E1,-2.915487213E0,-5.830525360E0
1.767913171E1,1.061891785E1,-3.032843170E0,-5.318589935E0
1.768914571E1,1.004426285E1,-3.434757385E0,-4.560566254E0
1.769915871E1,9.426048431E0,-3.594325562E0,-3.952680359E0
1.770917271E1,9.032367096E0,-3.403472443E0,-4.065246277E0
1.771918571E1,8.662486267E0,-3.228037262E0,-3.902235260E0
1.772919871E1,8.132139130E0,-3.359314270E0,-3.562292175E0
1.773921271E1,7.486831055E0,-3.949087830E0,-3.156186676E0
1.774922571E1,6.941964111E0,-4.277055817E0,-2.377056885E0
1.775923971E1,6.756948853E0,-4.267026672E0,-1.692530365E0
1.776925271E1,6.662794647E0,-4.281247101E0,-1.243314514E0
1.777926571E1,6.364764404E0,-4.390519867E0,-9.036708069E-1
1.778927971E1,5.637127533E0,-4.740641785E0,-9.184899902E-1
1.779929271E1,4.454436951E0,-5.331163788E0,-1.329984283E0
1.780930671E1,2.977757721E0,-5.852080536E0,-2.103126526E0
1.781931971E1,1.590442657E0,-6.256838837E0,-2.824775848E0
1.782933371E1,2.942880249E-1,-6.490353241E0,-3.302133179E0
1.783934671E1,-8.074209595E-1,-6.627767487E0,-3.463198242E0
1.784935971E1,-1.614841919E0,-6.735243988E0,-3.139271851E0
1.785937371E1,-2.272873535E0,-6.953639832E0,-2.690205688E0
1.786938671E1,-2.927462311E0,-7.122189331E0,-2.158062286E0
1.787940071E1,-3.285218353E0,-6.747219086E0,-1.327439575E0
1.788941371E1,-3.137924652E0,-6.152655487E0,-4.927752686E-1
1.789942771E1,-3.159629517E0,-5.650000763E0,1.826202393E-2
1.790944071E1,-3.399580536E0,-5.788612518E0,3.730242920E-1
1.791945371E1,-4.206402740E0,-6.914122009E0,3.616479492E-1
1.792946771E1,-5.340145111E0,-8.245453491E0,-7.619155884E-2
1.793948071E1,-6.282136230E0,-9.169032898E0,-1.667532349E-1
1.794949471E1,-7.054530029E0,-9.749525757E0,-1.363664246E-1
1.795950771E1,-4.844376068E0,-1.056922119E1,5.153782654E-1
1.796952071E1,-1.444795532E0,-1.014844620E1,2.795436859E0
1.797953471E1,9.678872681E-1,-9.216633911E0,5.802383881E0
1.798954771E1,2.687062225E0,-9.690099335E0,8.436306610E0
1.799956171E1,2.637814636E0,-1.166209854E1,9.292675781E0
1.800957471E1,1.687740326E0,-1.478744934E1,6.870113525E0
1.801958871E1,3.166964264E0,-1.827549591E1,3.568130035E0
1.802960171E1,7.800877991E0,-2.116299133E1,2.363135834E0
1.824989671E1,1.685929092E1,-8.774752808E0,-8.201894073E0
1.825991071E1,1.370609802E1,-9.294322357E0,-7.396718445E0
1.826992371E1,1.232716553E1,-9.915979614E0,-1.002420456E1
1.827993671E1,1.211969696E1,-9.328301697E0,-1.211071564E1
1.828995071E1,1.144115799E1,-8.974886627E0,-1.391760818E1
1.829996371E1,9.692194977E0,-9.167236633E0,-1.494806534E1
1.830997771E1,9.050778809E0,-9.790839844E0,-1.412642395E1
1.831999071E1,8.375682678E0,-1.064915497E1,-1.222852066E1
1.833000371E1,8.048762512E0,-1.190773773E1,-1.085512665E1
1.834001771E1,7.626790009E0,-1.349174377E1,-9.480684814E0
1.835003167E1,7.144492950E0,-1.486199432E1,-8.127498779E0
1.836004567E1,6.925198975E0,-1.636397095E1,-6.776109009E0
1.837005867E1,6.382427673E0,-1.808524155E1,-5.195545807E0
1.838007167E1,5.651347961E0,-1.912063843E1,-3.780538330E0
1.839008567E1,5.341941376E0,-1.944860641E1,-2.306703186E0
1.842012567E1,2.932851105E0,-1.871348511E1,-6.789880371E-1
1.843013967E1,2.175426178E0,-1.784214706E1,-5.569917297E-1
1.844015267E1,1.748813324E0,-1.701496719E1,-7.635621643E-1
1.845016567E1,1.482068024E0,-1.633657791E1,-1.014590149E0
1.846017967E1,8.487350464E-1,-1.610426102E1,-1.041234741E0
1.847019267E1,-2.616558838E-1,-1.561897018E1,-7.797285461E-1
1.848020667E1,-1.336271210E0,-1.515927612E1,-2.748284912E-1
1.849021967E1,-2.726879425E0,-1.438942703E1,4.565505981E-1
1.850023267E1,-4.128265228E0,-1.267728745E1,1.001567230E0
1.851024667E1,-5.181026001E0,-1.126183090E1,1.356778564E0
1.852025967E1,-5.825136566E0,-1.047132477E1,1.385219421E0
1.853027367E1,-6.499035187E0,-9.707163849E0,1.394350433E0
1.854028667E1,-7.351811829E0,-8.455766144E0,1.565294952E0
1.855030067E1,-8.125403137E0,-7.309449921E0,2.029030609E0
1.856031367E1,-9.308093719E0,-6.512058105E0,2.597398682E0
1.857032667E1,-1.073313034E1,-5.263504486E0,3.124003601E0
1.858034067E1,-1.187405777E1,-4.458628235E0,3.223845978E0
1.859035367E1,-1.268058060E1,-4.546645203E0,3.135529633E0
1.860036767E1,-1.348500778E1,-4.429438934E0,3.579057312E0
1.861038067E1,-1.361254257E1,-4.301006012E0,4.138144684E0
1.862039367E1,-1.225815903E1,-5.187612305E0,4.729115753E0
1.863040767E1,-9.814790039E0,-5.898184662E0,5.679489441E0
1.864042067E1,-6.770271149E0,-6.396348724E0,6.743626556E0
1.865043467E1,-2.650388489E0,-6.776707764E0,7.734565887E0
1.866044767E1,2.980452118E0,-6.254593506E0,8.165070648E0
1.867046067E1,7.372019806E0,-5.671256561E0,6.911577301E0
1.868047467E1,9.301208038E0,-4.352049866E0,4.428989868E0
1.869048767E1,8.894803162E0,-4.031865692E0,2.671943665E-1
1.870050167E1,9.151070251E0,-7.662266235E0,-2.100881195E0
1.871051467E1,1.112875763E1,-9.872719574E0,-1.505569153E0
1.872052867E1,1.424153458E1,-1.097173416E1,-1.370998993E0
1.873054167E1,1.788420959E1,-1.310854065E1,-1.190324707E0
1.874055467E1,2.204810074E1,-1.312740143E1,-3.772155762E-1
1.895083667E1,1.838611588E1,-7.022945709E0,-6.868167572E0
1.896084967E1,1.666649185E1,-7.336693268E0,-5.789959717E0
1.897086367E1,1.492860580E1,-7.835905151E0,-4.906796265E0
1.898087667E1,1.306632843E1,-8.400830383E0,-4.099075928E0
1.899089067E1,1.125614273E1,-8.756191406E0,-3.597618713E0
1.900090367E1,9.585915985E0,-8.925040283E0,-3.454366608E0
1.901091667E1,8.586594086E0,-9.081614685E0,-3.605851593E0
1.902093067E1,7.992030487E0,-9.057365112E0,-3.773353271E0
1.903094367E1,7.496710510E0,-8.769663391E0,-3.873345337E0
1.904095767E1,7.075336761E0,-8.862769775E0,-3.941603394E0
1.905097067E1,6.282585297E0,-9.150172119E0,-3.832480316E0
1.906098367E1,5.545068970E0,-1.008363098E1,-3.429368591E0
1.907099767E1,4.443210297E0,-1.108444977E1,-2.671644287E0
1.908101067E1,3.087629242E0,-1.187465652E1,-2.066752167E0
1.909102467E1,1.300196228E0,-1.235006790E1,-1.441502380E0
1.910103767E1,-4.912783813E-1,-1.201042419E1,-6.866221619E-1
1.911105167E1,-1.771116943E0,-1.106034988E1,9.041198730E-2
1.912106467E1,-2.588567047E0,-9.865684204E0,6.890171814E-1
1.913107767E1,-2.668800201E0,-9.007369080E0,4.370910645E-1
1.914109167E1,-2.908900909E0,-8.638087006E0,2.155517578E-2
1.915110467E1,-3.604055328E0,-8.638236694E0,-3.592529297E-3
1.916111867E1,-4.994513855E0,-8.687334595E0,4.983137512E-1
1.917113167E1,-6.324198761E0,-8.470435638E0,7.614665222E-1
1.918114467E1,-7.907156982E0,-7.527995453E0,1.407373352E0
1.919115867E1,-9.357041931E0,-6.230194244E0,2.537373505E0
1.920117167E1,-9.637408905E0,-5.730832672E0,2.910098419E0
1.921118567E1,-9.827812958E0,-5.831573181E0,2.514770508E0
1.922119867E1,-1.033031799E1,-5.370681610E0,2.807561646E0
1.923121167E1,-9.676028595E0,-4.711602173E0,3.401676178E0
1.924122567E1,-8.264014893E0,-4.811594238E0,3.194656677E0
1.925123867E1,-7.234605560E0,-5.330115967E0,2.974464569E0
1.926125267E1,-5.225333862E0,-5.673950958E0,2.788551178E0
1.927126567E1,-2.528092804E0,-5.929170227E0,2.631976776E0
1.928127867E1,-3.625460815E-1,-6.203849030E0,2.193538513E0
1.929129267E1,1.145717468E0,-6.401138763E0,1.569037170E0
1.930130567E1,3.123853912E0,-6.423143005E0,1.287322998E0
1.931131967E1,5.626499634E0,-6.021528168E0,7.903564453E-1
1.932133267E1,7.327861633E0,-6.327042847E0,-1.098715210E-1
1.933134567E1,8.063282318E0,-7.021748199E0,-1.010997620E0
1.934135967E1,8.946745148E0,-6.712940369E0,-1.556762695E0
1.935137154E1,1.143112885E1,-6.648873596E0,-1.869163055E0
1.936138554E1,1.550460800E1,-5.828878784E0,-1.545386353E0
1.937139854E1,1.936178696E1,-3.887116699E0,-1.845212860E0
1.938141254E1,2.335608078E1,-2.932102661E0,-2.681224365E0
1.945901654E1,2.665013077E1,-8.034542084E0,-1.203796692E0
1.965177354E1,1.774948975E1,-9.873318329E0,2.165097656E0
1.966178754E1,1.623329269E1,-1.032028885E1,3.679348755E0
1.967180054E1,1.454959396E1,-1.038630157E1,4.720433807E0
1.968181454E1,1.338531509E1,-1.010803024E1,5.417534180E0
1.969182754E1,1.241398499E1,-9.405391388E0,6.308481445E0
1.970184054E1,1.170835236E1,-8.909173279E0,6.613247681E0
1.971185454E1,1.124985580E1,-8.622070312E0,7.111860809E0
1.972186754E1,1.088985443E1,-7.655081177E0,7.910001068E0
1.973188154E1,1.047416885E1,-6.841522980E0,8.890013123E0
1.974189454E1,9.716294861E0,-5.980812836E0,9.555080109E0
1.975190754E1,9.412127380E0,-5.175038452E0,9.513017578E0
1.976192154E1,9.162446594E0,-5.052293701E0,9.449848938E0
1.977193454E1,8.785979462E0,-4.745731201E0,8.711584167E0
1.978194854E1,8.379125519E0,-4.103267212E0,7.764503632E0
1.979196154E1,8.048014069E0,-3.341351624E0,6.851851501E0
1.980197454E1,7.936346283E0,-2.951262817E0,6.573280792E0
1.981198854E1,7.896229706E0,-3.102598114E0,6.952142944E0
1.982200154E1,7.686815186E0,-3.532803497E0,7.425009613E0
1.983201554E1,6.741830292E0,-3.487298126E0,7.695646820E0
1.984202854E1,5.526357880E0,-3.470682678E0,7.175328827E0
1.985204154E1,4.582420807E0,-3.264112244E0,6.986421661E0
1.986205554E1,3.611240387E0,-3.497327271E0,7.169490967E0
1.987206854E1,3.239263916E0,-3.631897430E0,7.040010223E0
1.988208254E1,3.198548584E0,-3.795207825E0,7.022945709E0
1.989209554E1,3.204835510E0,-4.264481964E0,6.741530914E0
1.990210954E1,3.230282593E0,-4.022584991E0,6.103557587E0
1.991212254E1,3.316054230E0,-3.506458282E0,7.013066254E0
1.992213554E1,2.910697174E0,-3.614383850E0,7.358847198E0
1.993214954E1,2.116448822E0,-4.092040558E0,6.519991608E0
1.994216254E1,1.192270660E0,-4.690795441E0,6.220015411E0
1.995217554E1,2.737806702E-1,-5.469027100E0,6.198460236E0
1.996218954E1,-2.070195007E-1,-6.067781982E0,5.837860107E0
1.997220254E1,1.107696533E-1,-6.401288452E0,5.455854492E0
1.998221654E1,4.882846069E-1,-7.011719055E0,5.139562225E0
1.999222954E1,1.200503540E-1,-8.427774353E0,4.344116364E0
2.000224254E1,-7.274871826E-1,-1.008288254E1,2.747686157E0
2.001225654E1,-1.123114471E0,-1.108938950E1,1.061293030E0
2.002226954E1,-1.408720551E0,-1.164458496E1,-2.909948730E-1
2.003228354E1,-1.205293579E0,-1.155866364E1,-2.158062286E0
2.004229654E1,2.460882568E-1,-1.188393723E1,-3.149300995E0
2.005230954E1,1.955533447E0,-1.246862137E1,-4.197271729E0
2.006232354E1,4.157304840E0,-1.301752991E1,-7.217541046E0
2.007233654E1,7.163353729E0,-1.454091202E1,-1.055320450E1
2.008235054E1,1.006821304E1,-1.532528091E1,-1.310494812E1
2.009236354E1,1.252011429E1,-1.543934372E1,-1.500629425E1
2.010237654E1,1.488654327E1,-1.605980347E1,-1.663026718E1
2.011239054E1,1.661769333E1,-1.755145157E1,-1.873728561E1
2.012240354E1,1.736478973E1,-1.970098160E1,-2.109548172E1
2.019500154E1,2.256422745E1,-1.448088684E1,-2.337973160E1
2.023255154E1,1.448058746E1,-1.517065247E1,-1.673235489E1
2.024256454E1,1.441502380E1,-1.376327911E1,-1.394904282E1
2.025257754E1,1.478161148E1,-1.245305374E1,-1.188767944E1
2.026259154E1,1.590427689E1,-1.070214478E1,-9.503287811E0
2.027260454E1,1.715926712E1,-9.085207214E0,-6.882388000E0
2.028261854E1,1.741328888E1,-8.612789612E0,-5.291196899E0
2.029263154E1,1.696527054E1,-9.075776825E0,-5.169200592E0
2.030264454E1,1.569231766E1,-1.038645126E1,-5.486840057E0
2.031265854E1,1.308054886E1,-1.014425491E1,-5.199737091E0
2.032267154E1,1.079764618E1,-9.618248749E0,-4.352648621E0
2.033268554E1,8.568631439E0,-9.714648285E0,-4.423601074E0
2.034269854E1,7.375312958E0,-8.366551666E0,-3.655248871E0
2.035271179E1,7.022047577E0,-7.335346069E0,-2.821482697E0
2.036272579E1,6.757098541E0,-6.747817841E0,-1.902244263E0
2.037273879E1,6.679110718E0,-6.286028137E0,-1.087638245E0
2.038275279E1,6.450985107E0,-6.470294952E0,-3.031196594E-1
2.039276579E1,5.793252869E0,-7.174131317E0,9.044192505E-1
2.040277879E1,4.811743927E0,-7.292086029E0,2.148033142E0
2.041279279E1,4.094136200E0,-7.242988129E0,3.231629791E0
2.042280579E1,3.698957977E0,-6.789730682E0,4.362677765E0
2.043281979E1,4.041894836E0,-5.823639679E0,5.056484985E0
2.044283279E1,4.765939178E0,-5.187761993E0,5.716312866E0
2.045284579E1,5.297633514E0,-4.962330780E0,6.637347565E0
2.046285979E1,5.544320526E0,-5.021308136E0,7.652536469E0
2.047287279E1,5.468877411E0,-5.309309235E0,8.547974396E0
2.048288679E1,5.068310394E0,-5.355712738E0,8.646469574E0
2.049289979E1,4.302502899E0,-5.647306366E0,7.494315491E0
2.050291279E1,3.211571503E0,-6.473438416E0,6.240522766E0
2.051292679E1,2.337688751E0,-7.058421936E0,6.421047363E0
2.052293979E1,1.615290985E0,-7.382947083E0,7.467371521E0
2.053295379E1,8.692424011E-1,-7.824828186E0,8.421786804E0
2.054296679E1,5.650749207E-1,-8.120164032E0,9.072333984E0
2.055297979E1,3.201841736E-1,-8.511749725E0,9.638007660E0
2.056299379E1,-3.053649902E-2,-9.226962433E0,9.234446869E0
2.057300679E1,-4.135899353E-1,-9.793085175E0,7.861801300E0
2.058302079E1,-1.149010620E0,-1.028930328E1,5.507646790E0
2.059303379E1,-2.036664734E0,-1.087368805E1,3.244952087E0
2.060304679E1,-3.009491730E0,-1.144145737E1,1.957629089E0
2.061306079E1,-3.626059570E0,-1.208960953E1,6.686595154E-1
2.062307379E1,-3.020568695E0,-1.175924652E1,2.573149109E-1
2.063308679E1,-3.107837219E0,-1.236773117E1,-7.592211914E-1
2.064310079E1,-4.038152618E0,-1.340597214E1,-2.515818329E0
2.065311379E1,-3.812721405E0,-1.398736313E1,-4.808001709E0
2.066312779E1,-2.532433777E0,-1.401894745E1,-7.360194397E0
2.067314079E1,1.086740112E-1,-1.365415604E1,-9.079968109E0
2.068315379E1,4.081262970E0,-1.325523560E1,-1.170850204E1
2.069316779E1,6.691534882E0,-1.426967606E1,-1.523292297E1
2.070318079E1,7.726183319E0,-1.628942596E1,-1.868848709E1
2.071319479E1,8.847950592E0,-1.765473679E1,-2.068024521E1
2.083335479E1,1.105915237E1,-1.244497055E1,-1.562420929E1
2.084336879E1,1.008647507E1,-1.275228149E1,-1.207553879E1
2.085338179E1,9.507778473E0,-1.271830215E1,-9.112899628E0
2.086339479E1,9.433083801E0,-1.234123627E1,-5.954766998E0
2.087340879E1,9.546697540E0,-1.154758667E1,-4.544549561E-1
2.088342179E1,1.134700378E1,-1.051907547E1,-3.034190369E-1
2.089343579E1,1.206161774E1,-9.282347260E0,-3.215313721E-1
2.090344879E1,1.228240860E1,-8.878636780E0,-1.007704468E0
2.091346179E1,1.174382858E1,-8.838520203E0,-1.974693604E0
2.092347579E1,1.033914963E1,-9.410031738E0,-2.883154449E0
2.093348879E1,8.570577393E0,-9.605375519E0,-3.136727142E0
2.094350279E1,7.440876617E0,-9.020691376E0,-2.849324799E0
2.095351579E1,7.147337036E0,-8.222102051E0,-2.206711121E0
2.096352879E1,7.095993805E0,-7.267986145E0,-1.565294952E0
2.097354279E1,6.791377258E0,-6.413562927E0,-1.712888031E0
2.098355579E1,5.997128906E0,-6.077062683E0,-2.375110931E0
2.099356979E1,5.104834442E0,-5.994584198E0,-3.314557343E0
2.100358279E1,4.477638702E0,-5.489833832E0,-3.760629730E0
2.101359579E1,4.492457886E0,-4.974156189E0,-3.203638000E0
2.102360979E1,4.731959839E0,-4.919220428E0,-1.898951111E0
2.103362279E1,4.897515564E0,-4.897814941E0,-5.469625854E-1
2.104363579E1,4.855902100E0,-5.064418488E0,1.181942139E0
2.105364979E1,4.587210846E0,-5.351671143E0,2.855911102E0
2.106366279E1,4.117936707E0,-5.553152161E0,3.731141052E0
2.107367679E1,3.295546875E0,-5.510939941E0,3.605103149E0
2.108368979E1,3.091820526E0,-5.309159546E0,3.655099182E0
2.109370279E1,3.403322754E0,-5.126389618E0,4.544699249E0
2.110371679E1,3.466790771E0,-5.041067047E0,4.884642334E0
2.111372979E1,3.419638824E0,-5.078638916E0,5.479205933E0
2.112374379E1,3.206332397E0,-5.364694061E0,6.385870514E0
2.113375679E1,2.726280670E0,-5.790408783E0,6.938820648E0
2.114376979E1,1.901046753E0,-5.910159760E0,7.305857391E0
2.115378379E1,6.153703308E-1,-6.132896576E0,6.631210327E0
2.116379679E1,-3.339555359E-1,-6.855444031E0,5.812562714E0
2.117381079E1,-8.150550842E-1,-7.548652496E0,4.974904633E0
2.118382379E1,-9.306147766E-1,-7.788304138E0,3.994892578E0
2.119383679E1,-2.716850281E-1,-7.769143982E0,3.097359009E0
2.120385079E1,6.174659729E-1,-7.935298462E0,2.587668915E0
2.121386379E1,7.144642639E-1,-8.228987732E0,2.115700378E0
2.122387679E1,7.288343811E-1,-8.910520477E0,1.659898224E0
2.123389079E1,1.076860657E0,-9.632768555E0,1.199156342E0
2.124390379E1,1.308728485E0,-1.043899200E1,4.269122314E-1
2.125391779E1,2.055226135E0,-1.092323502E1,-9.675878906E-1
2.126393079E1,3.350931702E0,-1.092877350E1,-2.478695526E0
2.127394379E1,4.776417389E0,-1.118893250E1,-3.854484558E0
2.128395779E1,6.251300354E0,-1.155507111E1,-4.777165833E0
2.129397079E1,7.741002502E0,-1.232791397E1,-5.838309174E0
2.130398479E1,8.638386383E0,-1.420815399E1,-6.976392517E0
2.131399779E1,9.507628784E0,-1.571851318E1,-8.170309753E0
2.132401079E1,1.116992203E1,-1.672262512E1,-1.031534912E1
2.133402479E1,1.223825043E1,-1.799318298E1,-1.262504608E1
2.134403779E1,1.396790359E1,-2.041649368E1,-1.527303955E1
2.135405017E1,1.586475906E1,-2.209510300E1,-1.751837036E1
2.144417117E1,1.835288498E1,-1.389066422E1,-1.655587189E1
2.145418417E1,1.709415253E1,-1.496617767E1,-1.442490326E1
2.146419817E1,1.552406754E1,-1.624152557E1,-1.258223511E1
2.147421117E1,1.419962173E1,-1.588317078E1,-1.027942383E1
2.148422417E1,1.313114365E1,-1.472428070E1,-7.939789124E0
2.149423817E1,1.277772858E1,-1.308399170E1,-5.974675598E0
2.150425117E1,1.304701859E1,-1.135209320E1,-4.275109863E0
2.151426517E1,1.352108276E1,-9.938283234E0,-3.763623505E0
2.152427817E1,1.367166962E1,-9.173523560E0,-4.089046783E0
2.153429117E1,1.331780548E1,-9.424252167E0,-4.149371338E0
2.154430517E1,1.245365250E1,-9.658365326E0,-4.086202698E0
2.155431817E1,1.222926910E1,-8.874894562E0,-3.505410461E0
2.156433117E1,1.227926514E1,-8.439300385E0,-2.523153076E0
2.157434517E1,1.139834702E1,-8.708440704E0,-1.171164551E0
2.158435817E1,1.053643936E1,-8.471932526E0,-5.313949585E-2
2.159437217E1,8.971144409E0,-8.004304962E0,8.164022827E-1
2.160438517E1,7.608677673E0,-7.094347229E0,2.298470306E0
2.161439817E1,5.426665192E0,-7.843239899E0,5.184768219E0
2.162441217E1,5.668262787E0,-6.913523254E0,5.994883575E0
2.163442517E1,5.551355896E0,-6.694977722E0,5.847290497E0
2.164443917E1,4.973707123E0,-7.405250702E0,4.366120605E0
2.165445217E1,4.089944916E0,-6.970105591E0,3.853436737E0
2.166446517E1,3.357518005E0,-6.542744293E0,3.618724823E0
2.167447917E1,2.599943390E0,-6.228248291E0,3.466491394E0
2.168449217E1,1.665287018E0,-5.689368896E0,3.565884705E0
2.169450517E1,5.492079163E-1,-5.218298492E0,3.038082275E0
2.170451917E1,-1.618135071E-1,-5.421126709E0,1.808838501E0
2.171453217E1,-8.771759033E-1,-5.569917297E0,6.601272583E-1
2.172454617E1,-6.021977234E-1,-4.653672638E0,1.040486298E0
2.173455917E1,1.030457153E0,-3.784280548E0,3.019371185E0
2.174457217E1,2.887944489E0,-3.252137146E0,5.642366638E0
2.175458617E1,4.477039948E0,-2.723137207E0,7.994126129E0
2.176459917E1,5.498366089E0,-2.483485565E0,9.598340149E0
2.177461217E1,5.739813995E0,-2.559527435E0,1.017823425E1
2.178462617E1,5.125491486E0,-2.762505341E0,9.021589508E0
2.179463917E1,3.810476074E0,-3.232677612E0,6.806795197E0
2.180465317E1,2.449955292E0,-3.886068878E0,4.890629883E0
2.181466617E1,1.244062958E0,-4.519401855E0,3.495980072E0
2.182467917E1,-2.665956116E-1,-5.175637207E0,2.431543579E0
2.183469317E1,-1.378483429E0,-5.826932831E0,1.203048248E0
2.184470617E1,-1.895208893E0,-6.249354401E0,2.650987244E-1
2.185472017E1,-2.484084320E0,-6.001918945E0,7.559280396E-1
2.186473317E1,-2.693049774E0,-6.822213135E0,-4.465214539E-1
2.187474617E1,-2.672991486E0,-7.108867035E0,-1.565893707E0
2.188476017E1,-2.639311523E0,-6.370452576E0,-1.232836304E0
2.189477317E1,-2.115401001E0,-5.995781708E0,-1.073417816E0
2.190478617E1,-1.420396271E0,-6.265670471E0,-1.969903564E0
2.191480017E1,-1.301693115E0,-6.455775146E0,-3.275039520E0
2.192481317E1,-1.102008362E0,-6.788832550E0,-4.425696716E0
2.193482717E1,-7.743397522E-1,-7.287146301E0,-5.884562988E0
2.194484017E1,-1.288969574E0,-7.502398682E0,-7.007827148E0
2.195485317E1,-1.614542542E0,-7.635471954E0,-7.343279572E0
2.196486717E1,-8.375083923E-1,-7.334597626E0,-7.977810059E0
2.197488017E1,1.493444366E0,-6.598727875E0,-9.632169800E0
2.198489317E1,4.050726471E0,-5.697152710E0,-1.215831665E1
2.199490717E1,6.146967316E0,-5.303471375E0,-1.472697510E1
2.200492017E1,7.495513000E0,-5.795198822E0,-1.665421738E1
2.201493417E1,8.294551392E0,-7.018005981E0,-1.723171646E1
2.202494717E1,9.084159393E0,-8.077353058E0,-1.578991470E1
2.203496017E1,9.678722992E0,-9.211843872E0,-1.397583710E1
2.204497417E1,1.031055908E1,-1.037447617E1,-1.319625824E1
2.205498717E1,1.091530151E1,-1.160716278E1,-1.288011566E1
2.206500017E1,1.154279663E1,-1.253837631E1,-1.312365921E1
2.207501417E1,1.240635086E1,-1.285122574E1,-1.389021515E1
2.208502717E1,1.368708755E1,-1.280572037E1,-1.491019409E1
2.209504117E1,1.553170166E1,-1.255574020E1,-1.574216400E1
2.210505417E1,1.752899826E1,-1.202344711E1,-1.648072815E1
2.211506717E1,1.956521393E1,-1.091170898E1,-1.705403595E1
2.212508117E1,2.132285889E1,-9.953850861E0,-1.687755295E1
2.217514817E1,1.771281601E1,-1.187181244E1,-1.385922958E1
2.218516117E1,1.723590775E1,-1.082997894E1,-1.340118210E1
2.219517417E1,1.759096939E1,-8.955726471E0,-1.272848099E1
2.220518817E1,1.850407059E1,-7.254514160E0,-1.172002808E1
2.221520117E1,1.977522720E1,-6.207441559E0,-9.855655060E0
2.225525517E1,1.715702179E1,-7.231462097E0,-3.675905914E0
2.226526817E1,1.385084702E1,-7.775879974E0,-3.240910492E0
2.227528117E1,1.052042267E1,-8.160579987E0,-4.006568298E0
2.228529517E1,8.373287659E0,-6.345753937E0,-4.816983032E0
2.229530817E1,9.120683441E0,-3.677253113E0,-5.184468842E0
2.230532117E1,1.098011673E1,-8.655001831E-1,-4.815935211E0
2.231533517E1,1.264585281E1,1.582359467E0,-4.177662506E0
2.232534817E1,1.304462357E1,1.843117218E0,-3.407514038E0
2.233536217E1,1.177256882E1,7.785310364E-1,-2.106719055E0
2.234537517E1,9.714797974E0,-3.191363525E-1,9.355545044E-2
2.235538883E1,7.059619446E0,-3.963757324E-1,2.472707977E0
2.236540283E1,4.899162140E0,-6.349795532E-1,2.938090210E0
2.237541583E1,3.173550568E0,-4.703219604E-1,2.182611237E0
2.238542883E1,2.061513062E0,-1.646575928E-3,1.022224274E0
2.239544283E1,1.451531525E0,8.924441528E-1,1.242416382E-1
2.240545583E1,1.560055847E0,2.194586334E0,-3.984713745E-1
2.241546983E1,2.151026917E0,3.961661682E0,-3.586541748E-1
2.242548283E1,2.478396149E0,5.080734558E0,-6.915618896E-1
2.243549583E1,2.260000305E0,5.294789429E0,3.032693481E-1
2.244550983E1,1.360820160E0,5.901627502E0,2.806214447E0
2.245552283E1,7.885601807E-1,5.072501678E0,4.274511108E0
2.246553583E1,6.601272583E-2,3.967050476E0,4.885690155E0
2.247554983E1,-1.046623535E0,3.131937103E0,5.242548065E0
2.248556283E1,-2.606380005E0,2.077978821E0,4.790338440E0
2.249557683E1,-3.946543121E0,1.942510529E0,4.495601349E0
2.250558983E1,-4.435576172E0,3.007545776E0,4.464316406E0
2.251560283E1,-4.326153717E0,4.202959900E0,3.621269531E0
2.252561683E1,-3.847149811E0,5.386548615E0,2.797382812E0
2.253562983E1,-2.928360443E0,6.209686890E0,2.930605774E0
2.254564283E1,-2.003733215E0,6.486760712E0,3.651506653E0
2.255565683E1,-1.326691132E0,6.313271484E0,4.650828552E0
2.256566983E1,-9.862989807E-1,5.929020538E0,5.289700012E0
2.257568283E1,-1.263223114E0,5.862858124E0,5.937403107E0
2.258569683E1,-1.968706055E0,6.002068634E0,6.826853485E0
2.259570983E1,-2.938988342E0,5.970184937E0,7.267686768E0
2.260572383E1,-3.254532166E0,5.929768982E0,7.176526337E0
2.261573683E1,-3.311713257E0,5.900879059E0,6.968758392E0
2.262574983E1,-3.540737000E0,5.533842316E0,6.851701813E0
2.263576383E1,-3.563938751E0,5.189707947E0,6.832691345E0
2.264577683E1,-3.291056213E0,5.222190399E0,6.640041962E0
2.265578983E1,-3.070415039E0,5.599555664E0,6.370751953E0
2.266580383E1,-2.653082886E0,6.023174744E0,6.397695923E0
2.267581683E1,-2.445913696E0,6.504723358E0,6.280938721E0
2.268583083E1,-2.603086853E0,6.715335388E0,5.824837189E0
2.269584383E1,-2.722388763E0,6.848258972E0,5.621559906E0
2.270585683E1,-2.765948181E0,6.897207184E0,5.614674225E0
2.271587083E1,-2.538121948E0,6.632557526E0,6.067033539E0
2.272588383E1,-2.238594818E0,6.378835144E0,6.969357147E0
2.273589683E1,-2.548300781E0,6.167624359E0,7.241940308E0
2.274591083E1,-3.076402588E0,6.176306305E0,6.984625397E0
2.275592383E1,-3.461252289E0,6.436315613E0,6.910679169E0
2.276593683E1,-3.791465607E0,6.693331146E0,6.588848419E0
2.277595083E1,-3.999682617E0,6.772516479E0,6.057004395E0
2.278596383E1,-3.615880737E0,6.709347839E0,5.826184387E0
2.279597783E1,-2.986439667E0,6.668183441E0,6.039640503E0
2.280599083E1,-2.474803619E0,6.607858887E0,6.528224487E0
2.281600383E1,-2.280956726E0,6.474486237E0,6.736740875E0
2.282601783E1,-2.732866974E0,6.530769196E0,6.900200958E0
2.283603083E1,-3.297642517E0,6.739285583E0,6.888974304E0
2.284604383E1,-3.541335754E0,6.923253021E0,6.576424255E0
2.285605783E1,-3.570375366E0,7.072043610E0,6.456972656E0
2.286607083E1,-3.321592712E0,7.096293182E0,6.512956238E0
2.287608483E1,-2.707569580E0,7.145690460E0,6.570736084E0
2.288609783E1,-1.953138428E0,7.338788910E0,6.642436981E0
2.289611083E1,-1.437760162E0,7.298672333E0,6.531218262E0
2.290612483E1,-1.382375336E0,7.315886536E0,6.536607056E0
2.291613783E1,-1.612297211E0,7.570357361E0,6.659800873E0
2.292615083E1,-1.825753326E0,7.833061066E0,6.460265808E0
2.293616483E1,-1.951791229E0,8.022267609E0,6.024072876E0
2.294617783E1,-2.093247070E0,7.869285736E0,5.799390106E0
2.295619083E1,-1.973346405E0,7.642058258E0,5.874833221E0
2.296620483E1,-1.245559845E0,7.624245300E0,6.192772064E0
2.297621783E1,-3.987707520E-1,7.718698883E0,6.530020752E0
2.298623183E1,5.453160095E-1,7.747439117E0,6.988217926E0
2.299624483E1,1.137484589E0,8.229287109E0,7.139553223E0
2.300625783E1,1.534758453E0,8.445587311E0,6.611900482E0
2.301627183E1,1.256487122E0,8.438102875E0,6.029461670E0
2.302628483E1,7.532336426E-1,8.460107117E0,5.503455505E0
2.303629783E1,2.974314880E-1,8.409512329E0,5.121150513E0
2.304631183E1,9.520202637E-2,8.268206177E0,4.921615448E0
2.305632483E1,3.161425781E-1,8.262068939E0,4.819976807E0
2.306633883E1,7.887098694E-1,8.471034393E0,4.946314087E0
2.307635183E1,1.229094086E0,8.520132294E0,5.298381958E0
2.308636483E1,1.217867432E0,8.448431396E0,5.470973053E0
2.309637883E1,8.128097534E-1,8.305628357E0,5.566175079E0
2.310639183E1,3.689826965E-1,8.096363525E0,5.523663483E0
2.311640483E1,2.718347168E-1,8.127947845E0,5.359305267E0
2.312641883E1,5.980064392E-1,8.220455475E0,5.147944794E0
2.313643183E1,9.913883972E-1,8.333021393E0,5.290747833E0
2.314644483E1,1.313817902E0,8.471782837E0,5.487887878E0
2.315645883E1,1.328337708E0,8.556356964E0,5.337899780E0
2.316647183E1,9.755213928E-1,8.455915833E0,5.217550049E0
2.317648583E1,5.348377991E-1,8.206684113E0,5.312901764E0
2.318649883E1,4.695735168E-1,8.122259674E0,5.323080597E0
2.319651183E1,5.197192383E-1,8.168363800E0,5.290598145E0
2.320652583E1,7.008425903E-1,8.158334656E0,5.190755768E0
2.321653883E1,9.204359436E-1,8.213270416E0,5.226231995E0
2.322655183E1,1.085243225E0,8.191715240E0,5.311704254E0
2.323656583E1,1.059646454E0,8.167615356E0,5.360802155E0
2.324657883E1,9.427395630E-1,8.140372009E0,5.439688110E0
2.325659183E1,7.647596741E-1,8.136779480E0,5.361700287E0
2.326660583E1,6.119274902E-1,8.141569519E0,5.192701721E0
2.327661883E1,4.285588074E-1,7.999065857E0,4.955445099E0
2.328663283E1,2.736309814E-1,7.940687256E0,4.819078674E0
2.329664583E1,3.703298950E-1,8.003855896E0,4.771028595E0
2.330665883E1,6.788383484E-1,8.104297028E0,4.905449066E0
2.331667283E1,1.005608826E0,8.189170532E0,5.272934875E0
2.332668583E1,1.014440460E0,8.074359283E0,5.608836365E0
2.333669883E1,8.273295593E-1,7.943681030E0,5.719606018E0
2.334671283E1,5.433700562E-1,7.842341766E0,5.720055084E0
2.335672554E1,3.061134338E-1,7.762857056E0,5.483247528E0
2.336673854E1,3.736230469E-1,7.707771606E0,5.088518372E0
2.337675254E1,7.902067566E-1,7.915389862E0,4.902604980E0
2.338676554E1,1.513951721E0,8.335715790E0,5.016967163E0
2.339677954E1,2.114502869E0,8.765023041E0,4.945116577E0
2.340679254E1,2.157164154E0,9.055868225E0,4.677772522E0
2.341680554E1,1.893412628E0,9.194479980E0,2.885848846E0
2.342681954E1,1.542242889E0,9.326954498E0,2.144440613E0
2.343683254E1,1.310375061E0,8.725205841E0,4.266128540E0
2.344684554E1,1.589245148E0,8.578510895E0,4.929099884E0
2.345685954E1,1.662592621E0,8.374036102E0,5.673950958E0
2.346687254E1,1.488205261E0,8.160879364E0,5.862558746E0
2.347688554E1,9.999206543E-1,8.007897491E0,5.565426636E0
2.348689954E1,8.177494812E-1,7.932903442E0,5.450016632E0