"Time (s)","X (rad/s)","Y (rad/s)","Z (rad/s)"
4.257916671E-4,7.130789012E-2,-1.928469539E-1,-8.022409678E-2
1.043879167E-2,-8.671928197E-3,-8.780837804E-2,-6.012078747E-2
2.045179167E-2,-8.037833869E-2,1.877958514E-2,-3.970286623E-2
3.046579167E-2,-1.290533394E-1,5.412806571E-2,-4.177999869E-2
4.047879167E-2,-1.499328017E-1,4.876738787E-2,-7.942431420E-2
5.049179167E-2,-1.435952783E-1,3.349708766E-2,-1.172467917E-1
6.050579167E-2,-1.290490925E-1,1.727972645E-3,-1.403864771E-1
7.051879167E-2,-1.075982824E-1,-1.358204614E-2,-1.413634419E-1
8.053179167E-2,-7.652744651E-2,-2.583524957E-2,-1.331915259E-1
9.054579167E-2,-3.777869791E-2,-4.920977727E-2,-1.132015362E-1
1.005587917E-1,-8.651970886E-3,-8.611266315E-2,-8.582423627E-2
1.105717917E-1,-3.805486253E-3,-1.301394403E-1,-7.451805472E-2
1.205857917E-1,-2.563062496E-2,-1.240975186E-1,-8.813346922E-2
1.305987917E-1,-6.359799206E-2,-7.175328583E-2,-1.081169844E-1
1.406117917E-1,-1.076607928E-1,-2.642947808E-2,-1.214290559E-1
1.506257917E-1,-1.395187527E-1,3.973931074E-3,-1.195608154E-1
1.606387917E-1,-1.395941228E-1,1.368301734E-2,-1.015365422E-1
1.706517917E-1,-1.109718680E-1,-9.282676503E-3,-8.823547512E-2
1.806647917E-1,-6.939540058E-2,-3.110302053E-2,-8.568922430E-2
1.906787917E-1,-2.840923890E-2,-6.898020953E-2,-9.307158738E-2
2.006917917E-1,8.692885749E-4,-1.117018387E-1,-1.106471196E-1
2.107047917E-1,1.226849109E-2,-1.170490086E-1,-1.290779710E-1
2.207187917E-1,-2.488883445E-3,-1.055255160E-1,-1.402840167E-1
2.307317917E-1,-4.068931937E-2,-7.610005885E-2,-1.512898803E-1
2.407447917E-1,-7.613439113E-2,-5.775513873E-2,-1.557631940E-1
2.507587917E-1,-9.398648143E-2,-4.910185002E-3,-1.512894481E-1
2.607717917E-1,-9.603152424E-2,4.261205718E-2,-1.528857350E-1
2.707847917E-1,-7.869973034E-2,4.168208688E-2,-1.535383612E-1
2.807987917E-1,-4.765898734E-2,8.122261614E-3,-1.448447406E-1
2.908117917E-1,-6.618909538E-4,-6.782706082E-2,-1.363729089E-1
3.008247917E-1,3.486387804E-2,-1.492042094E-1,-1.305421889E-1
3.108387917E-1,4.027587175E-2,-1.721847355E-1,-1.210947633E-1
3.208517917E-1,5.884072743E-3,-1.390435696E-1,-1.158496588E-1
3.308653333E-1,-6.369314343E-2,-8.797106147E-2,-1.125483066E-1
3.408793333E-1,-1.334149688E-1,-3.211924434E-2,-1.062600464E-1
3.508923333E-1,-1.905595064E-1,1.573399454E-2,-9.496882558E-2
3.609053333E-1,-2.287977040E-1,4.175414145E-2,-9.128700942E-2
3.709193333E-1,-2.317662537E-1,6.150148064E-2,-9.956220537E-2
3.809323333E-1,-2.085613459E-1,7.665486634E-2,-1.091495827E-1
3.909453333E-1,-1.700713336E-1,7.714641094E-2,-1.092581153E-1
4.009593333E-1,-1.173846796E-1,2.262964100E-2,-1.019818261E-1
4.109723333E-1,-6.513448060E-2,-3.545268252E-2,-9.526688606E-2
4.209853333E-1,-2.826221660E-2,-5.441172794E-2,-8.785930276E-2
4.309993333E-1,-2.540412173E-2,-4.858306050E-2,-7.991088182E-2
4.410123333E-1,-5.081919953E-2,1.077821944E-4,-8.274368197E-2
4.510253333E-1,-8.986409009E-2,5.451444909E-2,-8.300280571E-2
4.610393333E-1,-1.185703054E-1,7.514142990E-2,-9.793488681E-2
4.710523333E-1,-1.344297975E-1,5.177569389E-2,-8.091412485E-2
4.810653333E-1,-1.250038147E-1,3.608754650E-2,-3.566621989E-2
4.910793333E-1,-1.092529148E-1,2.033738233E-2,9.212142322E-4
5.010923333E-1,-8.814070374E-2,1.196680032E-2,2.953394875E-2
5.111053333E-1,-7.026086003E-2,2.976379357E-2,3.585881740E-2
5.211193333E-1,-7.280923426E-2,2.039798908E-2,2.531722561E-2
5.311323333E-1,-8.692910522E-2,2.230100706E-2,1.880942844E-2
5.411453333E-1,-9.631568193E-2,2.617697045E-2,3.908487409E-2
5.511593333E-1,-9.225625545E-2,-1.654256880E-2,7.215207815E-2
5.611723333E-1,-7.427538931E-2,-6.233535707E-2,8.228859305E-2
5.711853333E-1,-6.159064174E-2,-7.231885940E-2,7.411544025E-2
5.811993333E-1,-7.991265506E-2,-5.086443573E-2,6.494244933E-2
5.912123333E-1,-1.204867139E-1,-2.142239176E-2,9.328353405E-2
6.012253333E-1,-1.498637646E-1,-9.058388323E-2,1.294471473E-1
6.112393333E-1,-1.322759986E-1,-2.055530101E-1,1.316420585E-1
6.212523333E-1,-6.228653714E-2,-3.473191857E-1,9.245258570E-2
6.312653333E-1,4.610091820E-2,-5.171185136E-1,1.827907562E-2
6.412793333E-1,1.856153905E-1,-6.928035021E-1,-1.074511558E-1
6.512923333E-1,3.051575422E-1,-7.897214293E-1,-1.902232617E-1
6.613053333E-1,3.749704361E-1,-7.548646927E-1,-2.306750864E-1
6.713193333E-1,4.120568335E-1,-7.097246051E-1,-2.362408191E-1
6.813323333E-1,4.506697357E-1,-6.557996273E-1,-2.408859134E-1
6.913453333E-1,4.906368256E-1,-6.402476430E-1,-2.591008544E-1
7.013593333E-1,5.396956801E-1,-7.250639796E-1,-2.857793272E-1
7.113723333E-1,5.823900700E-1,-9.200903177E-1,-3.651352823E-1
7.213853333E-1,5.013223886E-1,-1.274916291E0,-5.443519354E-1
7.313993333E-1,4.558089375E-1,-1.460296750E0,-6.400116682E-1
7.414123333E-1,4.771802723E-1,-1.449776411E0,-6.833306551E-1
7.514253333E-1,4.586521983E-1,-1.404403806E0,-6.213362217E-1
7.614393333E-1,3.929285705E-1,-1.354644537E0,-4.472688138E-1
7.714523333E-1,3.145720661E-1,-1.307185054E0,-3.046702445E-1
7.814653333E-1,2.392901182E-1,-1.171532393E0,-2.914289832E-1
7.914793333E-1,1.620228738E-1,-1.295381784E0,-3.275789022E-1
8.014923333E-1,8.723518252E-2,-1.597932577E0,-3.030677140E-1
8.115053333E-1,1.186032891E-1,-1.834050417E0,-3.188279569E-1
8.215193333E-1,1.756718904E-1,-2.220683098E0,-3.460214734E-1
8.315323333E-1,3.230843842E-1,-2.668217182E0,-2.777839005E-1
8.415453333E-1,5.171664953E-1,-2.908102036E0,-1.679117531E-1
8.515593333E-1,7.074707747E-1,-2.647818804E0,-1.259040684E-1
8.615723333E-1,8.854900599E-1,-1.798259377E0,-2.678692043E-1
8.715853333E-1,8.072670102E-1,-1.098091483E0,-3.520849347E-1
8.815993333E-1,5.571943521E-1,-7.752786875E-1,-3.873292208E-1
8.916123333E-1,4.569377005E-1,-7.759751081E-1,-1.278388202E-1
9.016253333E-1,5.074876547E-1,-9.550423622E-1,1.875803918E-1
9.116393333E-1,5.961615443E-1,-1.153079391E0,4.046283960E-1
9.216523333E-1,6.213939190E-1,-1.245820284E0,4.861962199E-1
9.316653333E-1,5.673011541E-1,-1.469453573E0,5.841073990E-1
9.416793333E-1,5.332763195E-1,-1.447530150E0,6.685770154E-1
9.516923333E-1,5.610274673E-1,-1.225344896E0,6.190746427E-1
9.617063333E-1,5.805398822E-1,-1.190769076E0,5.443556309E-1
9.717193333E-1,5.883464217E-1,-1.475035429E0,4.954563379E-1
9.817323333E-1,6.718274951E-1,-1.725917697E0,6.644511819E-1
9.917463333E-1,8.841115236E-1,-1.930463433E0,8.905865550E-1
1.001759333E0,1.187826395E0,-2.447343111E0,1.244138956E0
1.011772333E0,1.846367836E0,-2.979848385E0,1.621597290E0
1.021786333E0,2.402154922E0,-3.251991987E0,2.165415049E0
1.031799333E0,2.585621595E0,-3.154732943E0,2.801029682E0
1.041812333E0,2.357072592E0,-2.544160128E0,3.497322083E0
1.051826333E0,1.922347903E0,-1.593085885E0,3.928325415E0
1.061839333E0,1.533278465E0,-1.058567166E0,4.171009541E0
1.071852333E0,1.170709968E0,-8.036106825E-1,4.320091724E0
1.081866333E0,9.732909203E-1,-8.059524298E-1,4.468342781E0
1.091879333E0,9.974294901E-1,-1.088141799E0,4.618260384E0
1.101892333E0,1.203022361E0,-1.598353624E0,4.802197456E0
1.111906333E0,1.554127574E0,-2.130905628E0,5.080871105E0
1.121919333E0,1.960292697E0,-2.624756813E0,5.483240604E0
1.131932333E0,2.329370975E0,-3.072089672E0,5.963228226E0
1.141946333E0,2.619875193E0,-3.540318012E0,6.400309563E0
1.151959333E0,2.834948778E0,-3.984934568E0,6.679636955E0
1.161972333E0,3.022000313E0,-4.211154938E0,6.727112770E0
1.171986333E0,3.147303343E0,-4.186049461E0,6.696870327E0
1.181999333E0,3.170470953E0,-3.883013487E0,6.743080139E0
1.192012333E0,3.060259342E0,-3.444203615E0,6.871325493E0
1.202026333E0,2.847927332E0,-3.009155035E0,7.031521320E0
1.212039333E0,2.706471920E0,-2.648345232E0,7.176152229E0
1.222053333E0,2.716761112E0,-2.362117767E0,7.328732491E0
1.232066333E0,2.747214079E0,-2.219077110E0,7.398796082E0
1.242079333E0,2.781946421E0,-2.198612928E0,7.297418594E0
1.252093333E0,2.878240824E0,-2.377593040E0,7.098894596E0
1.262106333E0,2.930977106E0,-2.652759075E0,6.840688229E0
1.272119333E0,2.937479019E0,-2.878734350E0,6.655979156E0
1.282133333E0,3.075647831E0,-2.893035412E0,6.556904316E0
1.292146333E0,3.377556086E0,-2.819940567E0,6.432413101E0
1.302159333E0,3.861857176E0,-2.806020737E0,6.288844585E0
1.312173333E0,4.363876820E0,-2.744753838E0,6.036956310E0
1.322186333E0,4.667626858E0,-2.684508324E0,5.723538399E0
1.332199833E0,4.831357479E0,-2.707921743E0,5.384909153E0
1.342213833E0,4.940651417E0,-2.974377632E0,5.059924603E0
1.352226833E0,4.949221611E0,-3.554781199E0,4.891000748E0
1.362239833E0,4.807155132E0,-4.183867455E0,4.750417709E0
1.372253833E0,4.453119755E0,-4.487530231E0,4.483864784E0
1.382266833E0,3.744112968E0,-4.411431789E0,4.191440105E0
1.392280833E0,2.802912712E0,-3.563069105E0,3.832325935E0
1.402293833E0,1.754995584E0,-1.845289469E0,3.308001280E0
1.412306833E0,5.137394667E-1,6.716769189E-2,2.706730604E0
1.422320833E0,-7.599540949E-1,1.538589478E0,2.179848433E0
1.432333833E0,-1.710909843E0,2.526313782E0,1.776027441E0
1.442346833E0,-2.285941601E0,2.898314714E0,1.492287517E0
1.452360833E0,-2.593199968E0,2.632487297E0,1.319520712E0
1.462373833E0,-2.687369823E0,1.942715406E0,1.220153332E0
1.472386833E0,-2.620990276E0,1.001301289E0,1.204691648E0
1.482400833E0,-2.489112616E0,1.388509721E-1,1.313754559E0
1.492413833E0,-2.390750647E0,-4.502370358E-1,1.540966511E0
1.502426833E0,-2.371680975E0,-6.479059458E-1,1.781844139E0
1.512440833E0,-2.482886553E0,-3.852115571E-1,1.924415827E0
1.522453833E0,-2.838479757E0,-4.923848901E-4,1.962672830E0
1.532467833E0,-3.323969364E0,4.106868505E-1,1.915125370E0
1.542480833E0,-3.886865616E0,8.565575480E-1,1.773558736E0
1.552493833E0,-4.428120136E0,1.171050191E0,1.584023356E0
1.562507833E0,-4.871812820E0,1.287076950E0,1.409620166E0
1.572520833E0,-5.267430782E0,1.266012311E0,1.228670597E0
1.582533833E0,-5.571147919E0,1.044017911E0,1.074459672E0
1.592547833E0,-5.819999695E0,8.646158576E-1,9.325396419E-1
1.602560833E0,-5.967058182E0,6.997563243E-1,8.549569845E-1
1.612573833E0,-6.076555252E0,5.688446760E-1,8.354786038E-1
1.622587833E0,-6.069403648E0,4.868326187E-1,7.930272818E-1
1.632600833E0,-5.979964733E0,3.757803142E-1,7.614204288E-1
1.642613833E0,-5.872144222E0,2.232621461E-1,7.037339807E-1
1.652627833E0,-5.763255596E0,9.042694420E-2,5.972796082E-1
1.662640833E0,-5.699186325E0,-3.818003088E-2,4.429853559E-1
1.672654833E0,-5.743855476E0,-1.708131433E-1,2.430414706E-1
1.682667833E0,-5.869038582E0,-2.897152901E-1,3.659641743E-2
1.692680833E0,-6.013151169E0,-3.546483219E-1,-1.472454220E-1
1.702694833E0,-6.138956547E0,-3.834919333E-1,-3.133031130E-1
1.712707833E0,-6.197736740E0,-4.156314433E-1,-4.930446148E-1
1.722720833E0,-6.218196392E0,-4.829572439E-1,-6.990534663E-1
1.732734833E0,-6.194940567E0,-4.859665930E-1,-9.434210658E-1
1.742747833E0,-6.150637150E0,-4.283062220E-1,-1.199383378E0
1.752760833E0,-6.139076710E0,-2.081772834E-1,-1.483849883E0
1.762774833E0,-6.193301201E0,7.746644318E-2,-1.741959572E0
1.772787833E0,-6.307331562E0,4.666546285E-1,-1.926629782E0
1.782800833E0,-6.377764702E0,9.190274477E-1,-2.009236574E0
1.792814833E0,-6.339282990E0,1.426798820E0,-2.058657646E0
1.802827833E0,-6.187748909E0,1.914018631E0,-2.088366985E0
1.812841833E0,-5.944287300E0,2.307614088E0,-2.107152939E0
1.822854833E0,-5.629775047E0,2.597889423E0,-2.133641481E0
1.832867833E0,-5.300460815E0,2.781633854E0,-2.165147066E0
1.842881833E0,-5.028485775E0,2.917578697E0,-2.215131521E0
1.852894833E0,-4.893168449E0,2.965583801E0,-2.313688040E0
1.862907833E0,-4.828300476E0,2.925493717E0,-2.346152782E0
1.872921833E0,-4.678477764E0,2.842141151E0,-2.319690466E0
1.882934833E0,-4.463964939E0,2.811663628E0,-2.328118801E0
1.892948833E0,-4.269602776E0,2.804793835E0,-2.325227022E0
1.902961833E0,-4.070455074E0,2.849002600E0,-2.302118778E0
1.912974833E0,-3.806853771E0,2.956410646E0,-2.248207092E0
1.922988833E0,-3.514075756E0,3.075774431E0,-2.165694952E0
1.933001833E0,-3.274056911E0,3.158666134E0,-2.068837643E0
1.943014833E0,-3.120600462E0,3.207518339E0,-1.963280559E0
1.953028833E0,-3.043163538E0,3.169563293E0,-1.878620148E0
1.963041833E0,-2.952963591E0,3.041773796E0,-1.730719686E0
1.973054833E0,-2.766666174E0,2.879304409E0,-1.538309813E0
1.983068833E0,-2.542287827E0,2.707185745E0,-1.361740112E0
1.993081833E0,-2.375813007E0,2.525187731E0,-1.149388671E0
2.003095833E0,-2.259955645E0,2.359932184E0,-8.843349218E-1
2.013108833E0,-2.140696526E0,2.150662422E0,-6.069083214E-1
2.023121833E0,-2.007910967E0,1.906620979E0,-3.854020536E-1
2.033135833E0,-1.892991424E0,1.645486593E0,-2.097152770E-1
2.043148833E0,-1.809008121E0,1.360446334E0,-3.196898103E-2
2.053161833E0,-1.735877991E0,1.142972827E0,1.519164294E-1
2.063175833E0,-1.621324301E0,1.007732153E0,3.499882221E-1
2.073188833E0,-1.441975117E0,9.760794044E-1,5.121693015E-1
2.083202833E0,-1.283895493E0,1.001668334E0,6.638233066E-1
2.093215833E0,-1.239530921E0,1.099277854E0,8.349756002E-1
2.103228833E0,-1.316895723E0,1.292765260E0,9.764803052E-1
2.113242833E0,-1.435204387E0,1.530980110E0,1.051142931E0
2.123255833E0,-1.566744566E0,1.755674958E0,1.109135628E0
2.133268833E0,-1.676301360E0,1.942436576E0,1.241933465E0
2.143282833E0,-1.753910184E0,1.981243372E0,1.413553953E0
2.153295833E0,-1.825168610E0,1.874421597E0,1.562716246E0
2.163309833E0,-1.851901174E0,1.608521223E0,1.675669789E0
2.173322833E0,-1.801586986E0,1.310527444E0,1.753009081E0
2.183335833E0,-1.747032642E0,1.103968382E0,1.851410508E0
2.193349833E0,-1.746368647E0,9.153741598E-1,2.001371861E0
2.203362833E0,-1.708554506E0,6.830509305E-1,2.135490179E0
2.213375833E0,-1.542237043E0,4.765802920E-1,2.391479731E0
2.223389833E0,-1.248560429E0,4.416510761E-1,2.750491858E0
2.233402833E0,-9.414671659E-1,5.482462049E-1,3.132177830E0
2.243416833E0,-7.498775125E-1,5.602461696E-1,3.549732447E0
2.253429833E0,-7.083397508E-1,4.837338030E-1,3.932288170E0
2.263442833E0,-7.737829685E-1,3.563161790E-1,4.243676186E0
2.273456833E0,-7.872413397E-1,8.131903410E-2,4.514474392E0
2.283469833E0,-6.172360778E-1,-3.883413970E-1,4.800088406E0
2.293482833E0,-2.625899911E-1,-1.002323627E0,5.047660351E0
2.303496833E0,1.594541967E-1,-1.609340668E0,5.229427338E0
2.313509833E0,5.630630851E-1,-1.947658062E0,5.493045330E0
2.323523833E0,8.956738114E-1,-1.783018231E0,5.793624401E0
2.333536417E0,1.064977527E0,-1.406620622E0,6.105604649E0
2.343549417E0,1.256979465E0,-1.127966881E0,6.613029957E0
2.353563417E0,1.697419167E0,-1.072899103E0,7.124689102E0
2.363576417E0,2.299234390E0,-1.459191918E0,7.449682713E0
2.373589417E0,3.009510517E0,-2.330462456E0,7.527812481E0
2.383603417E0,3.649160862E0,-3.211549520E0,7.335805416E0
2.393616417E0,3.991473198E0,-3.693125248E0,7.067789078E0
2.403630417E0,4.097803116E0,-3.788445473E0,6.992169380E0
2.413643417E0,4.222013950E0,-3.703393459E0,7.142956734E0
2.423656417E0,4.568442822E0,-3.719301224E0,7.395545959E0
2.433670417E0,5.195630074E0,-3.787321568E0,7.609331608E0
2.443683417E0,5.905102730E0,-3.626296043E0,7.681758881E0
2.453696417E0,6.346966267E0,-3.368447542E0,7.677873135E0
2.463710417E0,6.353967190E0,-3.166541338E0,7.614790440E0
2.473723417E0,6.232263088E0,-2.974219322E0,7.567420483E0
2.483737417E0,6.198197842E0,-2.941380024E0,7.444367409E0
2.493750417E0,6.335279942E0,-3.167711973E0,7.220260620E0
2.503763417E0,6.668515682E0,-3.799522400E0,7.064401627E0
2.513777417E0,7.187191010E0,-4.459514618E0,7.002996922E0
2.523790417E0,7.518839836E0,-4.185824394E0,6.598752499E0
2.533803417E0,7.169512272E0,-3.297930241E0,5.939722061E0
2.543817417E0,6.142691612E0,-2.230880260E0,5.246913433E0
2.553830417E0,4.803724289E0,-1.227602601E0,4.614204884E0
2.563844417E0,3.581890821E0,-2.522384524E-1,3.985770941E0
2.573857417E0,2.380885124E0,3.441898227E-1,3.451237679E0
2.583870417E0,1.400923371E0,7.639431357E-1,3.047643661E0
2.593884417E0,7.016028762E-1,9.936702847E-1,2.808073759E0
2.603897417E0,1.191125363E-1,8.509352803E-1,2.642522812E0
2.613911417E0,-3.926301301E-1,4.882255495E-1,2.538511276E0
2.623924417E0,-8.003382683E-1,2.584117949E-1,2.470995665E0
2.633937417E0,-1.137026668E0,1.325808167E-1,2.445436239E0
2.643951417E0,-1.416366696E0,7.201973349E-2,2.423330069E0
2.653964417E0,-1.668756127E0,5.595321953E-2,2.358954430E0
2.663978417E0,-1.876682401E0,1.220302433E-1,2.288491249E0
2.673991417E0,-2.075132370E0,2.153600752E-1,2.233870268E0
2.684004417E0,-2.320983648E0,2.816134095E-1,2.149705410E0
2.694018417E0,-2.608193398E0,4.265475571E-1,2.042033672E0
2.704031417E0,-2.837818861E0,5.899204612E-1,1.911805153E0
2.714044417E0,-3.100291491E0,6.242847443E-1,1.831612825E0
2.724058417E0,-3.370344400E0,5.956791639E-1,1.898404360E0
2.734071417E0,-3.707211256E0,7.351898551E-1,2.134609222E0
2.744085417E0,-3.931620121E0,1.105767012E0,2.298858881E0
2.754098417E0,-4.176986694E0,1.372072101E0,2.393961430E0
2.764111417E0,-4.480442524E0,1.493455052E0,2.420148611E0
2.774125417E0,-4.731517315E0,1.653457880E0,2.366307259E0
2.784138417E0,-4.904318810E0,1.699513793E0,2.304861307E0
2.794152417E0,-5.002481937E0,1.576787353E0,2.210525513E0
2.804165417E0,-4.989843369E0,1.386614442E0,2.053437233E0
2.814178417E0,-4.904796600E0,1.215799451E0,1.861655235E0
2.824192417E0,-4.878005028E0,1.101191878E0,1.633135200E0
2.834205417E0,-4.980140209E0,9.949739575E-1,1.439354300E0
2.844218417E0,-5.200323105E0,9.058161378E-1,1.283501863E0
2.854232417E0,-5.508121490E0,8.253566623E-1,1.113023996E0
2.864245417E0,-5.809730530E0,7.635044456E-1,1.004056454E0
2.874259417E0,-6.045529366E0,6.804060340E-1,9.817309380E-1
2.884272417E0,-6.195223331E0,4.264733493E-1,9.199858308E-1
2.894285417E0,-6.221038818E0,1.115874499E-1,7.826960087E-1
2.904299417E0,-6.107316494E0,-1.390974969E-1,5.542184114E-1
2.914312417E0,-5.883637428E0,-2.962904871E-1,2.973933816E-1
2.924326417E0,-5.639355183E0,-3.880515695E-1,4.849515110E-2
2.934339417E0,-5.454908371E0,-4.499404430E-1,-1.554090828E-1
2.944352417E0,-5.347964287E0,-4.818888009E-1,-2.817672789E-1
2.954366417E0,-5.320981979E0,-4.682799578E-1,-3.810594082E-1
2.964379417E0,-5.314494133E0,-4.242544472E-1,-4.539493024E-1
2.974393417E0,-5.273649693E0,-3.230892122E-1,-5.251414776E-1
2.984406417E0,-5.194361210E0,-2.259453535E-1,-6.368888021E-1
2.994419417E0,-5.159949303E0,-1.051419303E-1,-8.289890885E-1
3.004433417E0,-5.183342457E0,1.284268796E-1,-1.021018505E0
3.014446417E0,-5.204173565E0,4.885037541E-1,-1.190318942E0
3.024460417E0,-5.260958195E0,9.408712387E-1,-1.357965469E0
3.034473417E0,-5.345052242E0,1.410931587E0,-1.479804039E0
3.044486417E0,-5.406119823E0,1.863765359E0,-1.591951966E0
3.054500417E0,-5.390889645E0,2.272407055E0,-1.750386715E0
3.064513417E0,-5.258571148E0,2.554348707E0,-1.924175262E0
3.074526417E0,-5.038301945E0,2.692161083E0,-2.068573952E0
3.084540417E0,-4.846137047E0,2.643223524E0,-2.196368694E0
3.094553417E0,-4.736401081E0,2.439142704E0,-2.344332933E0
3.104567417E0,-4.629129887E0,2.236371994E0,-2.468709707E0
3.114580417E0,-4.433193684E0,2.147343874E0,-2.545107126E0
3.124593417E0,-4.147005558E0,2.195807457E0,-2.611221552E0
3.134607417E0,-3.865366220E0,2.210403681E0,-2.649065018E0
3.144620417E0,-3.669374943E0,2.126845598E0,-2.686933756E0
3.154634417E0,-3.600164413E0,2.106074095E0,-2.699929953E0
3.164647417E0,-3.585062981E0,2.207074404E0,-2.638892174E0
3.174660417E0,-3.536291599E0,2.378230095E0,-2.538132429E0
3.184674417E0,-3.476929903E0,2.396712065E0,-2.404845953E0
3.194687417E0,-3.395212173E0,2.247351408E0,-2.204908609E0
3.204701417E0,-3.299438238E0,2.196846485E0,-1.962427855E0
3.214714417E0,-3.159929276E0,2.203060865E0,-1.818724513E0
3.224727417E0,-3.052581549E0,2.019465685E0,-1.737512469E0
3.234741417E0,-3.174541235E0,1.522449374E0,-1.603465557E0
3.244754417E0,-3.451968431E0,1.092664480E0,-1.417105198E0
3.254768417E0,-3.799751520E0,8.241488338E-1,-1.202168703E0
3.264781417E0,-4.124725342E0,5.848161578E-1,-9.785917997E-1
3.274794417E0,-4.360092640E0,3.392696977E-1,-7.969412804E-1
3.284808417E0,-4.484030724E0,1.617827863E-1,-6.961630583E-1
3.294821417E0,-4.284272671E0,4.776818454E-1,-5.281111598E-1
3.304835417E0,-3.771724463E0,1.100495577E0,-2.774718106E-1
3.314848417E0,-3.098203897E0,1.854168773E0,-2.528221905E-2
3.324861417E0,-2.604459286E0,1.930374146E0,1.922865957E-1
3.334875042E0,-2.262752056E0,1.779949427E0,3.823255301E-1
3.344888042E0,-2.041728973E0,1.586964488E0,6.172967553E-1
3.354902042E0,-1.941327214E0,1.333955646E0,9.546517134E-1
3.364915042E0,-1.953359365E0,1.096484780E0,1.414618611E0
3.374928042E0,-2.050757647E0,7.997859716E-1,1.917421818E0
3.384942042E0,-2.194662571E0,3.957988322E-1,2.337860346E0
3.394955042E0,-2.298528910E0,1.507436633E-1,2.630001307E0
3.404969042E0,-2.451401472E0,3.242565989E-1,2.841490507E0
3.414982042E0,-2.835108757E0,1.201654077E0,3.100534678E0
3.424995042E0,-3.537364483E0,2.649182558E0,3.428151131E0
3.435009042E0,-4.508922100E0,3.816603184E0,3.835934877E0
3.445022042E0,-5.308502197E0,4.135893345E0,4.318212509E0
3.455036042E0,-5.544316292E0,3.873069525E0,4.596520424E0
3.465049042E0,-5.106161594E0,2.915197849E0,4.631913662E0
3.475062042E0,-4.445735931E0,1.610459089E0,4.561728477E0
3.485076042E0,-3.936417580E0,3.188605309E-1,4.470709801E0
3.495089042E0,-3.548470736E0,-7.208033800E-1,4.620550632E0
3.505103042E0,-3.183035374E0,-1.529956937E0,5.052895069E0
3.515116042E0,-2.649924755E0,-1.925287604E0,5.474501133E0
3.525129042E0,-2.051842690E0,-2.088813543E0,5.843440056E0
3.535143042E0,-1.479351997E0,-2.101971626E0,5.952591896E0
3.545156042E0,-9.298425317E-1,-1.964903951E0,5.788433552E0
3.555170042E0,-4.745722711E-1,-1.909787059E0,5.812014103E0
3.565183042E0,-1.817555726E-1,-2.037964344E0,6.186111450E0
3.575197042E0,-5.305671692E-2,-2.477081299E0,6.705715656E0
3.585210042E0,-1.120221056E-2,-3.205385447E0,7.263476372E0
3.595223042E0,1.729908437E-1,-3.975145102E0,7.469287395E0
3.605237042E0,6.021427512E-1,-4.371236324E0,7.334223747E0
3.615250042E0,1.156373382E0,-4.383328438E0,7.106305599E0
3.625264042E0,1.573177218E0,-4.195414066E0,6.894945621E0
3.635277042E0,1.883272171E0,-4.084343433E0,6.788599491E0
3.645290042E0,2.431093693E0,-4.500998974E0,6.886583328E0
3.655304042E0,3.312750816E0,-5.354809284E0,6.871196270E0
3.665317042E0,4.197968483E0,-6.247617245E0,6.747189045E0
3.675331042E0,4.800642967E0,-6.563354492E0,6.697416306E0
3.685344042E0,4.957695961E0,-6.255592823E0,6.738021851E0
3.695357042E0,4.555202007E0,-5.530031204E0,6.768872261E0
3.705371042E0,3.805161238E0,-4.662591934E0,6.748978615E0
3.715384042E0,3.188603878E0,-3.941352844E0,6.702708721E0
3.725398042E0,3.138244629E0,-3.772093296E0,6.741657734E0
3.735411042E0,3.502067804E0,-4.079271793E0,6.540421486E0
3.745424042E0,3.850753784E0,-4.723867893E0,6.132385731E0
3.755438042E0,4.202094555E0,-5.311757088E0,5.747975826E0
3.765451042E0,4.381329060E0,-5.633682251E0,5.527387619E0
3.775465042E0,4.467483044E0,-5.492620945E0,5.371547699E0
3.785478042E0,4.297755718E0,-5.141720295E0,5.211951256E0
3.795491042E0,4.003812790E0,-4.800615311E0,4.985582352E0
3.805505042E0,3.718167305E0,-4.724296570E0,4.723287582E0
3.815518042E0,3.534126520E0,-4.927186489E0,4.521820545E0
3.825532042E0,3.456923485E0,-5.080367565E0,4.383252621E0
3.835545042E0,3.359422207E0,-4.945095539E0,4.369485378E0
3.845559042E0,2.952881813E0,-4.369370461E0,4.384531021E0
3.855572042E0,2.119461775E0,-2.938421488E0,4.125566006E0
3.865585042E0,8.909221292E-1,-1.133648396E0,3.650839806E0
3.875599042E0,-5.780442357E-1,4.529798627E-1,3.126106739E0
3.885612042E0,-1.865661263E0,1.673973203E0,2.587697268E0
3.895626042E0,-2.852816343E0,2.364868879E0,2.079756737E0
3.905639042E0,-3.530308723E0,2.521644592E0,1.575991273E0
3.915652042E0,-3.937551975E0,2.329650402E0,1.093225002E0
3.925666042E0,-4.220489025E0,1.792513609E0,6.996755600E-1
3.935679042E0,-4.451876640E0,1.014175534E0,3.749282658E-1
3.945693042E0,-4.653510571E0,3.363688588E-1,9.195435792E-2
3.955706042E0,-4.852304935E0,8.650745451E-2,-2.142754048E-1
3.965719042E0,-5.169415951E0,9.328014404E-2,-5.007625222E-1
3.975733042E0,-5.642452240E0,1.142452955E-1,-7.238699794E-1
3.985746042E0,-6.207246780E0,2.613998652E-1,-9.394853711E-1
3.995760042E0,-6.664691925E0,4.424177706E-1,-1.135259628E0
4.005773042E0,-6.968669415E0,5.521911383E-1,-1.307042241E0
4.015787042E0,-7.147395134E0,5.039041042E-1,-1.457268119E0
4.025800042E0,-7.205926418E0,3.615077734E-1,-1.634448528E0
4.035813042E0,-7.130855083E0,2.322770804E-1,-1.920937300E0
4.045827042E0,-7.013192654E0,1.285821199E-1,-2.271904469E0
4.055840042E0,-6.907880306E0,1.133143455E-1,-2.563300133E0
4.065854042E0,-6.829618454E0,1.452882588E-1,-2.752761841E0
4.075867042E0,-6.747344971E0,2.892742753E-1,-2.848349810E0
4.085880042E0,-6.605508327E0,4.541138411E-1,-2.860936403E0
4.095894042E0,-6.388880253E0,5.968565941E-1,-2.827480793E0
4.105907042E0,-6.104277134E0,6.775879264E-1,-2.755391359E0
4.115921042E0,-5.787177086E0,7.535136342E-1,-2.678860426E0
4.125934042E0,-5.501009941E0,1.009922385E0,-2.673401356E0
4.135948042E0,-5.288543224E0,1.463270903E0,-2.720749855E0
4.145961042E0,-5.176921368E0,1.994773626E0,-2.848353863E0
4.155974042E0,-5.102170467E0,2.480667591E0,-3.047288179E0
4.165988042E0,-4.971890926E0,2.933669567E0,-3.233665943E0
4.176001042E0,-4.776443005E0,3.348485947E0,-3.380169392E0
4.186015042E0,-4.519166946E0,3.570782185E0,-3.462025404E0
4.196028042E0,-4.196520805E0,3.633547306E0,-3.465689898E0
4.206041042E0,-3.836883783E0,3.624073267E0,-3.404070377E0
4.216055042E0,-3.492058754E0,3.525264978E0,-3.304669619E0
4.226068042E0,-3.196273327E0,3.337910175E0,-3.164484024E0
4.236082042E0,-2.955216169E0,3.159541130E0,-3.003055096E0
4.246095042E0,-2.770841360E0,3.068530083E0,-2.848660707E0
4.256109042E0,-2.612462997E0,3.005121708E0,-2.705180168E0
4.266122042E0,-2.519710541E0,2.831993341E0,-2.558144569E0
4.276135042E0,-2.522222519E0,2.638971090E0,-2.397231579E0
4.286149042E0,-2.597213984E0,2.429366827E0,-2.214545250E0
4.296162042E0,-2.611648560E0,2.167706728E0,-1.981662989E0
4.306176042E0,-2.521310329E0,1.889215708E0,-1.760110617E0
4.316189042E0,-2.369723082E0,1.656046748E0,-1.551093459E0
4.326203042E0,-2.209682465E0,1.429391265E0,-1.368313789E0
4.336215833E0,-2.081648111E0,1.253972054E0,-1.226469755E0
4.346228833E0,-2.018305779E0,1.164414287E0,-1.090368867E0
4.356242833E0,-2.050212383E0,1.210079551E0,-9.448288083E-1
4.366255833E0,-2.190307379E0,1.420032024E0,-7.950227857E-1
4.376269833E0,-2.435509682E0,1.668249011E0,-6.392565966E-1
4.386282833E0,-2.698315382E0,1.807600498E0,-5.368590951E-1
4.396295833E0,-2.840964556E0,1.855545640E0,-4.465696216E-1
4.406309833E0,-2.802760601E0,1.832780719E0,-3.300502002E-1
4.416322833E0,-2.655862808E0,1.748696208E0,-2.096015066E-1
4.426336833E0,-2.491665125E0,1.629353881E0,-1.089252383E-1
4.436349833E0,-2.389347315E0,1.508589506E0,-5.379428156E-3
4.446363833E0,-2.442190170E0,1.533483386E0,1.148194149E-1
4.456376833E0,-2.659600973E0,1.737604260E0,2.333895117E-1
4.466389833E0,-3.004695177E0,2.119277000E0,2.601742744E-1
4.476403833E0,-3.449788332E0,2.600883484E0,1.295628250E-1
4.486416833E0,-3.890803814E0,2.946212769E0,-4.809451848E-2
4.496430833E0,-4.202716351E0,3.058189869E0,-9.062340111E-2
4.506443833E0,-4.313203812E0,3.033772945E0,-3.611967713E-2
4.516457833E0,-4.277807236E0,2.889052868E0,3.200766817E-2
4.526470833E0,-4.199395180E0,2.542155743E0,9.489955008E-2
4.536483833E0,-4.164387226E0,2.113166332E0,1.990484595E-1
4.546497833E0,-4.224596024E0,1.667293310E0,3.599798083E-1
4.556510833E0,-4.335063457E0,1.137055635E0,5.460425019E-1
4.566524833E0,-4.392433643E0,5.352212191E-1,8.119748831E-1
4.576537833E0,-4.352379322E0,-2.834633924E-2,1.164436460E0
4.586550833E0,-4.195937634E0,-5.383043885E-1,1.547559142E0
4.596564833E0,-3.905628920E0,-9.764328599E-1,2.054129839E0
4.606577833E0,-3.525173187E0,-1.300634861E0,2.685307026E0
4.616591833E0,-3.099973917E0,-1.293003321E0,3.257863998E0
4.626604833E0,-2.723274469E0,-1.022390127E0,3.676453829E0
4.636618833E0,-2.496359587E0,-9.169216156E-1,4.117681980E0
4.646631833E0,-2.443720579E0,-1.229949832E0,4.559511662E0
4.656644833E0,-2.467012405E0,-1.960636616E0,4.876685619E0
4.666658833E0,-2.384541273E0,-3.120718241E0,5.129779816E0
4.676671833E0,-2.151076078E0,-4.495922089E0,5.173460960E0
4.686685833E0,-1.686643720E0,-5.786536694E0,5.113650322E0
4.696698833E0,-7.846549749E-1,-6.315388203E0,5.346230984E0
4.706712833E0,1.505084038E-1,-5.844009876E0,5.685782909E0
4.716725833E0,7.117048502E-1,-5.157881737E0,6.072649002E0
4.726738833E0,1.147422314E0,-4.668328762E0,6.632088184E0
4.736752833E0,1.700181603E0,-4.487563610E0,7.335252285E0
4.746765833E0,2.291941166E0,-4.693912506E0,7.818222046E0
4.756779833E0,2.697621107E0,-5.360128880E0,7.565384865E0
4.766792833E0,2.629936457E0,-6.507328987E0,6.605634689E0
4.776806833E0,2.266568661E0,-7.451338768E0,5.706109047E0
4.786819833E0,2.146824360E0,-7.562522411E0,5.263725281E0
4.796832833E0,2.306289434E0,-7.044252872E0,5.045076370E0
4.806846833E0,2.616794109E0,-6.430237770E0,5.074491501E0
4.816859833E0,3.087585926E0,-5.748154640E0,5.270284653E0
4.826873833E0,3.562361240E0,-5.185479641E0,5.421654701E0
4.836886833E0,3.973578453E0,-4.969704628E0,5.439348221E0
4.846900833E0,4.384543896E0,-4.937858582E0,5.346951485E0
4.856913833E0,4.709529877E0,-5.050885201E0,5.211723804E0
4.866926833E0,4.899943829E0,-5.370654106E0,5.012885571E0
4.876940833E0,4.877677917E0,-5.822013855E0,4.722909927E0
4.886953833E0,4.717325211E0,-6.193941116E0,4.408685684E0
4.896967833E0,4.521136284E0,-6.261708736E0,4.122994423E0
4.906980833E0,4.216122627E0,-5.843597412E0,3.803733826E0
4.916994833E0,3.781317472E0,-5.268327713E0,3.418649912E0
4.927007833E0,3.224839687E0,-4.698890686E0,2.942357063E0
4.937020833E0,2.700499296E0,-4.093215466E0,2.495027304E0
4.947034833E0,2.214291334E0,-3.453400850E0,2.250655890E0
4.957047833E0,1.608358502E0,-2.689373493E0,2.140666246E0
4.967061833E0,7.693296671E-1,-1.472009301E0,2.069554090E0
4.977074833E0,-3.097642064E-1,8.801510185E-2,1.984156609E0
4.987087833E0,-1.618815422E0,1.447150588E0,1.834707022E0
4.997101833E0,-2.937139511E0,2.360846281E0,1.575279236E0
5.007114833E0,-3.961092472E0,2.866334915E0,1.242778182E0
5.017128833E0,-4.682753563E0,3.007196188E0,8.795329928E-1
5.027141833E0,-5.196610451E0,2.813789606E0,4.915397167E-1
5.037155833E0,-5.570322037E0,2.449224949E0,1.088321283E-1
5.047168833E0,-5.895958424E0,2.019677401E0,-2.364757359E-1
5.057181833E0,-6.231844902E0,1.666775465E0,-4.967916608E-1
5.067195833E0,-6.604101658E0,1.537316799E0,-6.393778324E-1
5.077208833E0,-6.995698929E0,1.631609917E0,-6.940801144E-1
5.087222833E0,-7.351465225E0,1.832605839E0,-7.146050930E-1
5.097235833E0,-7.625769138E0,1.997537255E0,-7.469290495E-1
5.107249833E0,-7.767036438E0,2.059411526E0,-8.595836759E-1
5.117262833E0,-7.737679005E0,2.001085043E0,-1.025154471E0
5.127275833E0,-7.571840763E0,1.840355515E0,-1.250915885E0
5.137289833E0,-7.354640484E0,1.631056905E0,-1.532994270E0
5.147302833E0,-7.178707123E0,1.402897239E0,-1.851649165E0
5.157316833E0,-7.063328743E0,1.218015075E0,-2.183877230E0
5.167329833E0,-6.988818645E0,1.187788129E0,-2.481561661E0
5.177343833E0,-6.906713486E0,1.336845398E0,-2.709064007E0
5.187356833E0,-6.823077202E0,1.583652020E0,-2.885823250E0
5.197370833E0,-6.721390247E0,1.910129189E0,-3.027290583E0
5.207383833E0,-6.587089539E0,2.288997889E0,-3.131576300E0
5.217396833E0,-6.417985916E0,2.668400288E0,-3.219734907E0
5.227410833E0,-6.213859081E0,2.992867231E0,-3.321194887E0
5.237423833E0,-5.968873024E0,3.272808075E0,-3.423860788E0
5.247437833E0,-5.695032120E0,3.484229803E0,-3.535277605E0
5.257450833E0,-5.402189732E0,3.597502470E0,-3.644889355E0
5.267464833E0,-5.085789680E0,3.610705614E0,-3.689861774E0
5.277477833E0,-4.737424850E0,3.592870951E0,-3.640375614E0
5.287490833E0,-4.378243923E0,3.544545650E0,-3.543840408E0
5.297504833E0,-4.020964622E0,3.456730366E0,-3.445930481E0
5.307517833E0,-3.657488108E0,3.353666782E0,-3.331988096E0
5.317531833E0,-3.289604902E0,3.263273001E0,-3.197411537E0
5.327544833E0,-2.966401339E0,3.187295675E0,-3.081522703E0
5.337559667E0,-2.719258547E0,3.174737930E0,-3.010622263E0
5.347572667E0,-2.579234362E0,3.210204601E0,-2.959285498E0
5.357585667E0,-2.484860420E0,3.148605347E0,-2.870719433E0
5.367599667E0,-2.366912127E0,3.066001654E0,-2.673404217E0
5.377612667E0,-2.216759443E0,3.019272804E0,-2.343914509E0
5.387626667E0,-2.030187368E0,2.914615631E0,-1.925143242E0
5.397639667E0,-1.801958084E0,2.787414312E0,-1.501881242E0
5.407653667E0,-1.583427906E0,2.659940481E0,-1.108877540E0
5.417666667E0,-1.369116426E0,2.485760927E0,-7.505637407E-1
5.427679667E0,-1.166319013E0,2.365997314E0,-4.718346894E-1
5.437693667E0,-1.036030889E0,2.382041216E0,-2.357543856E-1
5.447706667E0,-1.059933305E0,2.376388788E0,-9.131358005E-3
5.457720667E0,-1.197589517E0,2.356058121E0,1.947450489E-1
5.467733667E0,-1.322956443E0,2.517039537E0,3.505013585E-1
5.477747667E0,-1.370884180E0,2.744026184E0,4.580440521E-1
5.487760667E0,-1.343989730E0,2.793823481E0,5.793244243E-1
5.497773667E0,-1.273748517E0,2.553707361E0,7.688792944E-1
5.507787667E0,-1.219176888E0,2.193084478E0,1.024521589E0
5.517800667E0,-1.255405664E0,1.908545375E0,1.309771895E0
5.527814667E0,-1.404516578E0,1.649721265E0,1.617501140E0
5.537827667E0,-1.551962614E0,1.520686030E0,1.916412234E0
5.547841667E0,-1.578450680E0,1.688157916E0,2.136553049E0
5.557854667E0,-1.535312176E0,1.867462277E0,2.308222294E0
5.567868667E0,-1.497553825E0,1.773873448E0,2.493536711E0
5.577881667E0,-1.423883319E0,1.428213954E0,2.660505772E0
5.587894667E0,-1.279558659E0,9.613069892E-1,2.906957626E0
5.597908667E0,-1.167316556E0,4.368823469E-1,3.301531315E0
5.607921667E0,-1.105584502E0,-1.600229740E-2,3.672453642E0
5.617935667E0,-1.029048324E0,-4.458351135E-1,3.984025002E0
5.627948667E0,-9.038443565E-1,-9.810718894E-1,4.316368580E0
5.637962667E0,-7.128444314E-1,-1.488872647E0,4.706520081E0
5.647975667E0,-5.145359039E-1,-1.732419491E0,5.054272652E0
5.657988667E0,-4.060612917E-1,-1.862472534E0,5.382518291E0
5.668002667E0,-3.850308359E-1,-1.937202692E0,5.662445545E0
5.678015667E0,-3.342084289E-1,-1.911558270E0,5.779769421E0
5.688029667E0,-2.118955702E-1,-1.896720767E0,5.867027760E0
5.698042667E0,6.459180266E-2,-2.086409569E0,6.078525543E0
5.708056667E0,5.637890697E-1,-2.462508917E0,6.325534821E0
5.718069667E0,1.215043068E0,-3.015177965E0,6.482278347E0
5.728083667E0,1.853434443E0,-3.701337099E0,6.583109379E0
5.738096667E0,2.244709969E0,-4.140213013E0,6.764392376E0
5.748109667E0,2.186209202E0,-4.253802299E0,6.958600998E0
5.758123667E0,1.821994424E0,-4.413799286E0,7.168668270E0
5.768136667E0,1.656184435E0,-4.816197872E0,7.335144043E0
5.778150667E0,2.029998541E0,-5.328063011E0,7.249783516E0
5.788163667E0,2.745474339E0,-6.107360363E0,6.952995777E0
5.798177667E0,3.569092751E0,-6.603574753E0,6.402023315E0
5.808190667E0,4.182651520E0,-6.859282017E0,5.784502029E0
5.818203667E0,4.568409443E0,-6.936533451E0,5.296524525E0
5.828217667E0,4.773523331E0,-6.719463825E0,5.011097431E0
5.838230667E0,4.855083942E0,-6.125569820E0,4.916642189E0
5.848244667E0,4.917444706E0,-5.489927292E0,4.801026344E0
5.858257667E0,4.918881893E0,-5.200591564E0,4.478193760E0
5.868271667E0,5.059087276E0,-5.054488659E0,3.998789549E0
5.878284667E0,5.246474266E0,-5.033859730E0,3.386118174E0
5.888298667E0,5.248754978E0,-5.091983795E0,2.634570360E0
5.898311667E0,4.947268963E0,-5.270909786E0,1.911895752E0
5.908324667E0,4.376077175E0,-4.835986137E0,1.237465978E0
5.918338667E0,3.401347160E0,-3.509192467E0,6.892765760E-1
5.928351667E0,1.898604035E0,-1.837591290E0,3.244978189E-1
5.938365667E0,2.330456078E-1,-2.254152149E-1,6.485534459E-2
5.948378667E0,-1.136948705E0,9.481471777E-1,-1.046085134E-1
5.958392667E0,-2.188131571E0,1.584838867E0,-3.322243989E-1
5.968405667E0,-3.013756275E0,1.760995507E0,-6.092616320E-1
5.978418667E0,-3.679039955E0,1.615770102E0,-9.131703377E-1
5.988432667E0,-4.215976715E0,1.320970416E0,-1.221798778E0
5.998445667E0,-4.616777420E0,9.845562577E-1,-1.515908837E0
6.008459667E0,-4.904241562E0,7.300505042E-1,-1.799516916E0
6.018472667E0,-5.168788433E0,5.597972274E-1,-2.091957569E0
6.028486667E0,-5.472664356E0,5.302121639E-1,-2.385458469E0
6.038499667E0,-5.886821270E0,7.757040858E-1,-2.708626747E0
6.048513667E0,-6.452381134E0,1.308525681E0,-3.044412374E0
6.058526667E0,-7.129148006E0,2.092305183E0,-3.377060890E0
6.068539667E0,-7.852896214E0,2.913032532E0,-3.702168703E0
6.078553667E0,-8.418810844E0,3.688360453E0,-4.025700569E0
6.088566667E0,-8.676335335E0,4.347671032E0,-4.369273186E0
6.098580667E0,-8.696547508E0,4.776939392E0,-4.727072716E0
6.108593667E0,-8.562410355E0,4.969318867E0,-5.071717739E0
6.118607667E0,-8.334161758E0,4.961089611E0,-5.424940586E0
6.128620667E0,-8.073533058E0,4.800301552E0,-5.791160583E0
6.138633667E0,-7.794177055E0,4.604178429E0,-6.081848621E0
6.148647667E0,-7.469007492E0,4.361253262E0,-6.142419338E0
6.158660667E0,-7.027680874E0,4.223946095E0,-6.096497536E0
6.168674667E0,-6.447371006E0,4.035193920E0,-5.969227314E0
6.178687667E0,-5.751145840E0,3.721443176E0,-5.661252975E0
6.188701667E0,-5.051669121E0,3.319460154E0,-5.186266899E0
6.198714667E0,-4.533987522E0,2.932373524E0,-4.648935318E0
6.208728667E0,-4.263153076E0,2.680417061E0,-4.099420071E0
6.218741667E0,-4.140594006E0,2.592635155E0,-3.542450428E0
6.228754667E0,-4.090214729E0,2.590671062E0,-3.053712368E0
6.238768667E0,-4.126206398E0,2.593710184E0,-2.678817749E0
6.248781667E0,-4.171838760E0,2.606899023E0,-2.290858507E0
6.258795667E0,-4.178426743E0,2.859468937E0,-1.790494204E0
6.268808667E0,-4.214878082E0,3.271754503E0,-1.206500530E0
6.278822667E0,-4.194845200E0,3.505026340E0,-5.339369774E-1
6.288835667E0,-3.991142035E0,3.325301886E0,3.081497252E-1
6.298849667E0,-3.628889561E0,2.915670872E0,1.208990097E0
6.308862667E0,-3.276827335E0,2.634283543E0,2.017879963E0
6.318875667E0,-2.939814329E0,2.345228672E0,2.623806715E0
6.328889667E0,-2.484555721E0,1.614846110E0,3.070737839E0
6.338901208E0,-1.901323557E0,5.315778852E-1,3.516192675E0
6.348915208E0,-1.348469615E0,-6.476591825E-1,3.843160629E0
6.358928208E0,-8.929277062E-1,-2.023305655E0,4.107759953E0
6.368942208E0,-3.954111338E-1,-3.291956902E0,4.522792339E0
6.378955208E0,1.764358729E-1,-4.030501366E0,5.045085430E0
6.388969208E0,6.876704097E-1,-4.429080009E0,5.599079132E0
6.398982208E0,1.148573399E0,-4.618641376E0,6.283684731E0
6.408995208E0,1.494569659E0,-4.600492954E0,6.883955002E0
6.419009208E0,1.593914151E0,-4.666521549E0,7.393265724E0
6.429022208E0,1.645329714E0,-4.843376160E0,7.730354786E0
6.439036208E0,1.632888794E0,-5.036698818E0,7.628913403E0
6.449049208E0,1.470117807E0,-5.417796612E0,7.280866146E0
6.459063208E0,1.312724948E0,-5.616780281E0,6.977761745E0
6.469076208E0,1.181010246E0,-5.540652275E0,6.699204922E0
6.479090208E0,1.048740387E0,-5.544024467E0,6.405552864E0
6.489103208E0,1.071073890E0,-5.544766426E0,6.098582268E0
6.499116208E0,1.357604384E0,-5.628395081E0,5.874244213E0
6.509130208E0,1.813717842E0,-5.798305035E0,5.684346676E0
6.519143208E0,2.164092064E0,-5.883718491E0,5.424538136E0
6.529157208E0,2.242876768E0,-5.956410408E0,5.017696381E0
6.539170208E0,2.235598803E0,-6.140808582E0,4.516939163E0
6.549184208E0,2.414129972E0,-6.472826481E0,4.002301693E0
6.559197208E0,2.834635019E0,-6.900766850E0,3.437039852E0
6.569211208E0,3.144843340E0,-7.359524250E0,2.740759611E0
6.579224208E0,3.093717813E0,-7.266577244E0,1.978128195E0
6.589237208E0,2.643662930E0,-6.767940521E0,1.292389154E0
6.599251208E0,1.859714866E0,-5.372675419E0,6.526488662E-1
6.609264208E0,6.703130007E-1,-3.402408123E0,4.149414226E-2
6.619278208E0,-5.853140354E-1,-1.617420793E0,-5.781408548E-1
6.629291208E0,-1.526443005E0,-3.531651795E-1,-1.248323679E0
6.639305208E0,-2.059364080E0,3.803195357E-1,-1.836532235E0
6.649318208E0,-2.472686768E0,6.492847204E-1,-2.086701393E0
6.659332208E0,-2.915428638E0,6.178675890E-1,-2.093153715E0
6.669345208E0,-3.330057621E0,5.175004601E-1,-2.018215179E0
6.679358208E0,-3.699052334E0,4.448637068E-1,-1.997680306E0
6.689372208E0,-4.081554413E0,4.614442885E-1,-2.084348679E0
6.699385208E0,-4.550188065E0,6.645002961E-1,-2.314134121E0
6.709399208E0,-5.074725151E0,1.053869128E0,-2.592027903E0
6.719412208E0,-5.575646400E0,1.590405703E0,-2.843558550E0
6.729426208E0,-6.004275799E0,2.188760042E0,-3.069875240E0
6.739439208E0,-6.308928967E0,2.718916416E0,-3.215382099E0
6.749453208E0,-6.457881927E0,3.078218460E0,-3.277456999E0
6.759466208E0,-6.382211208E0,3.236999750E0,-3.251012802E0
6.769479208E0,-6.146306038E0,3.303806543E0,-3.172242403E0
6.779493208E0,-5.884628296E0,3.354987144E0,-3.087440729E0
6.789506208E0,-5.655351639E0,3.434071064E0,-3.003911734E0
6.799520208E0,-5.464981556E0,3.422484398E0,-2.974704981E0
6.809533208E0,-5.237324238E0,3.351132393E0,-2.955753803E0
6.819547208E0,-4.913378239E0,3.238845348E0,-2.853017092E0
6.829560208E0,-4.540738106E0,3.049549580E0,-2.584429741E0
6.839574208E0,-4.193211079E0,2.823070526E0,-2.141182661E0
6.849587208E0,-3.952729702E0,2.693208933E0,-1.618733883E0
6.859600208E0,-3.865968466E0,2.660177946E0,-1.049905896E0
6.869614208E0,-3.853740692E0,2.733368397E0,-3.812988102E-1
6.879627208E0,-3.910207510E0,2.933730841E0,2.545171082E-1
6.889641208E0,-3.951409578E0,3.174403667E0,8.364142776E-1
6.899654208E0,-3.914088726E0,3.264752388E0,1.350908995E0
6.909668208E0,-3.724813700E0,3.120527983E0,1.867264509E0
6.919681208E0,-3.254590750E0,2.658645868E0,2.442702532E0
6.929695208E0,-2.493045330E0,1.961931348E0,3.165290594E0
6.939708208E0,-1.591345549E0,1.182109594E0,4.039465904E0
6.949721208E0,-7.060176730E-1,2.277919203E-1,4.830806732E0
6.959735208E0,2.395563945E-2,-7.237365842E-1,5.404661179E0
6.969748208E0,5.609397292E-1,-1.542647719E0,5.753012657E0
6.979762208E0,9.389843941E-1,-2.133076668E0,5.969492912E0
6.989775208E0,1.163907528E0,-2.430021763E0,6.008179665E0
6.999789208E0,1.131239295E0,-2.514989138E0,5.838841438E0
7.009802208E0,8.594376445E-1,-2.412450552E0,5.569595337E0
7.019816208E0,5.296835899E-1,-1.977272630E0,5.229578495E0
7.029829208E0,2.637357712E-1,-1.329101562E0,4.741702080E0
7.039843208E0,-8.894211054E-2,-6.689053178E-1,4.089182854E0
7.049856208E0,-7.767641544E-1,6.809789687E-2,3.227591991E0
7.059869208E0,-1.748907447E0,9.590317607E-1,2.245244265E0
7.069883208E0,-2.719604969E0,1.965867519E0,1.327173471E0
7.079896208E0,-3.457999468E0,2.807428837E0,5.883455276E-1
7.089910208E0,-3.937727451E0,3.236873865E0,-2.774777636E-2
7.099923208E0,-4.212816238E0,3.415279865E0,-5.970237851E-1
7.109937208E0,-4.412192822E0,3.490206957E0,-1.182608724E0
7.119950208E0,-4.513724804E0,3.459853888E0,-1.697203517E0
7.129964208E0,-4.498208046E0,2.866112709E0,-1.957873464E0
7.139977208E0,-4.313381195E0,1.578250885E0,-2.024634361E0
7.149990208E0,-3.869105339E0,-1.593424827E-1,-2.058389664E0
7.160004208E0,-3.269932985E0,-2.043881178E0,-2.154200554E0
7.170017208E0,-2.559566259E0,-4.047633648E0,-2.346333742E0
7.180031208E0,-1.791013241E0,-5.383244991E0,-2.513889551E0
7.190044208E0,-1.136113167E0,-4.890709877E0,-2.506988764E0
7.200058208E0,-8.236936331E-1,-3.000779867E0,-2.250698090E0
7.210071208E0,-1.052029371E0,-6.751526594E-1,-1.935346842E0
7.220085208E0,-1.611739516E0,1.169362426E0,-1.400196195E0
7.230098208E0,-1.977068543E0,2.266120911E0,-7.712901831E-1
7.240112208E0,-1.856764317E0,2.669890642E0,-1.400414854E-1
7.250125208E0,-1.282868266E0,2.309760094E0,5.255221725E-1
7.260138208E0,-4.441691935E-1,1.379580975E0,1.158350468E0
7.270152208E0,6.124191880E-1,3.553694487E-1,1.480369210E0
7.280165208E0,1.798228741E0,-3.842003047E-1,1.433450460E0
7.290179208E0,2.912126303E0,-8.322888613E-1,1.167627573E0
7.300192208E0,3.798760176E0,-1.172752261E0,8.644592762E-1
7.310206208E0,4.421074390E0,-1.544434190E0,6.225486398E-1
7.320219208E0,4.898675919E0,-1.865696311E0,3.884676397E-1
7.330233208E0,5.311633110E0,-2.198640347E0,3.006317280E-2
7.340247542E0,5.598845005E0,-2.710973978E0,-4.351215065E-1
7.350260542E0,5.714879990E0,-3.378578424E0,-9.102020264E-1
7.360274542E0,5.710815430E0,-3.922388554E0,-1.298203945E0
7.370287542E0,5.537560940E0,-4.084363937E0,-1.488884449E0
7.380301542E0,5.149616241E0,-3.906762362E0,-1.404522419E0
7.390314542E0,4.668847084E0,-3.491941929E0,-1.108945966E0
7.400328542E0,4.390961647E0,-2.673062563E0,-8.458873034E-1
7.410341542E0,4.208494186E0,-1.645660400E0,-5.834380984E-1
7.420355542E0,3.823028326E0,-6.836687922E-1,-2.658367157E-1
7.430368542E0,3.245698690E0,1.886736006E-1,6.523013860E-2
7.440382542E0,2.586194992E0,1.007190108E0,3.930697441E-1
7.450395542E0,1.843843460E0,1.879751921E0,7.229046822E-1
7.460408542E0,1.046712160E0,2.634658813E0,1.069612145E0
7.470422542E0,2.595438063E-1,3.258194447E0,1.283879161E0
7.480435542E0,-3.943241239E-1,3.623341799E0,1.434487224E0
7.490449542E0,-7.428200841E-1,3.735929728E0,1.566933393E0
7.500462542E0,-6.827686429E-1,3.650311470E0,1.734301448E0
7.510476542E0,-2.449257821E-1,3.346015215E0,1.872873664E0
7.520489542E0,4.310818613E-1,2.798621178E0,1.863978386E0
7.530503542E0,1.259083867E0,2.056039333E0,1.704098701E0
7.540516542E0,2.141663313E0,1.207030654E0,1.457426548E0
7.550529542E0,3.015012503E0,3.493678868E-1,1.175692797E0
7.560543542E0,3.888819933E0,-2.988601923E-1,8.073955178E-1
7.570556542E0,4.677756786E0,-6.549905539E-1,3.205534518E-1
7.580570542E0,5.240483761E0,-8.267115951E-1,-2.405660450E-1
7.590583542E0,5.569405556E0,-8.206891418E-1,-7.917354703E-1
7.600597542E0,5.741393566E0,-6.110338569E-1,-1.252981305E0
7.610610542E0,5.839657307E0,-3.598181307E-1,-1.498611331E0
7.620624542E0,5.911034584E0,-4.235475883E-2,-1.551841140E0
7.630637542E0,6.012628555E0,3.298678100E-1,-1.519961715E0
7.640651542E0,6.139711857E0,5.769322515E-1,-1.407308578E0
7.650664542E0,6.258189678E0,6.061875820E-1,-1.327619314E0
7.660677542E0,6.380188465E0,4.431322515E-1,-1.416274071E0
7.670691542E0,6.581429958E0,-1.905963756E-2,-1.651162744E0
7.680704542E0,6.939289570E0,-5.814234018E-1,-1.946603894E0
7.690718542E0,7.357533455E0,-1.010582685E0,-2.245754957E0
7.700731542E0,7.624111176E0,-1.250193596E0,-2.561912775E0
7.710745542E0,7.652548790E0,-1.349953532E0,-2.767356634E0
7.720758542E0,7.473641396E0,-1.317569137E0,-2.812206268E0
7.730772542E0,7.181849480E0,-1.214329839E0,-2.722680330E0
7.740785542E0,6.855248451E0,-1.053380609E0,-2.579022408E0
7.750799542E0,6.594933987E0,-8.887434602E-1,-2.522295475E0
7.760812542E0,6.471121311E0,-7.994533181E-1,-2.615476608E0
7.770825542E0,6.524102688E0,-8.422002792E-1,-2.818030834E0
7.780839542E0,6.754733562E0,-9.711232781E-1,-3.114646912E0
7.790852542E0,6.981372833E0,-1.112204194E0,-3.416898966E0
7.800866542E0,7.011513233E0,-1.373324633E0,-3.642776966E0
7.810879542E0,6.856036663E0,-1.672245264E0,-3.737664938E0
7.820893542E0,6.563592434E0,-1.754238725E0,-3.587923050E0
7.830906542E0,6.123745441E0,-1.661176443E0,-3.165362358E0
7.840920542E0,5.428462505E0,-1.550273418E0,-2.600216389E0
7.850933542E0,4.487809181E0,-1.616759539E0,-2.081967115E0
7.860947542E0,3.593176603E0,-1.869737744E0,-1.780036926E0
7.870960542E0,3.016782284E0,-2.206992388E0,-1.718706727E0
7.880973542E0,2.830675840E0,-2.598226547E0,-1.818117142E0
7.890987542E0,2.945611477E0,-3.072391987E0,-2.064410448E0
7.901000542E0,3.255536556E0,-3.598402500E0,-2.397564173E0
7.911014542E0,3.712307930E0,-4.022091866E0,-2.719045401E0
7.921027542E0,4.168354988E0,-4.277342319E0,-2.924591064E0
7.931041542E0,4.434338570E0,-4.370978355E0,-2.965273380E0
7.941054542E0,4.491678238E0,-4.323356628E0,-2.846352816E0
7.951068542E0,4.434881210E0,-4.091890335E0,-2.619251966E0
7.961081542E0,4.360797405E0,-3.776000738E0,-2.318228722E0
7.971095542E0,4.398539543E0,-3.580572367E0,-2.056277037E0
7.981108542E0,4.709765434E0,-3.731282949E0,-1.754015923E0
7.991121542E0,5.423569679E0,-4.370075226E0,-1.258675456E0
8.001135542E0,6.439068317E0,-5.096502781E0,-5.675419569E-1
8.011148542E0,7.531856060E0,-5.563114166E0,3.211878836E-1
8.021162542E0,8.515887260E0,-5.813318729E0,1.285730839E0
8.031175542E0,9.440573692E0,-6.003551960E0,2.180389643E0
8.041189542E0,1.051752567E1,-6.035358906E0,2.927019358E0
8.051202542E0,1.157315063E1,-5.808835506E0,3.626048803E0
8.061216542E0,1.220112991E1,-5.133291721E0,4.026624203E0
8.071229542E0,1.220782661E1,-4.173161983E0,4.029252529E0
8.081243542E0,1.135905647E1,-3.207042217E0,3.755816460E0
8.091256542E0,9.744287491E0,-2.298729897E0,3.336544275E0
8.101269542E0,7.771117210E0,-1.554873824E0,3.056259871E0
8.111283542E0,6.033823013E0,-1.125037789E0,2.956079245E0
8.121296542E0,5.002118111E0,-9.665307403E-1,2.921120644E0
8.131310542E0,4.445130348E0,-1.213793516E0,2.745143890E0
8.141323542E0,4.177552700E0,-1.581209660E0,2.585014582E0
8.151337542E0,3.951227665E0,-1.735433817E0,2.483173847E0
8.161350542E0,3.627049923E0,-1.606774330E0,2.316134930E0
8.171364542E0,3.236528397E0,-1.186442375E0,2.031124592E0
8.181377542E0,2.800824165E0,-5.614067912E-1,1.718930125E0
8.191391542E0,2.173905373E0,9.857858717E-2,1.452041268E0
8.201404542E0,1.153327823E0,6.951970458E-1,1.303097129E0
8.211417542E0,-5.416718870E-2,1.245431662E0,1.317244649E0
8.221431542E0,-1.465431929E0,1.368341804E0,1.203178763E0
8.231444542E0,-2.948834419E0,9.047812819E-1,7.685130239E-1
8.241458542E0,-4.181945801E0,2.958321571E-1,3.208789825E-1
8.251471542E0,-5.179454803E0,-3.133907020E-1,-8.351375908E-2
8.261485542E0,-5.973838329E0,-8.047996163E-1,-4.482978582E-1
8.271498542E0,-6.585104942E0,-1.002670050E0,-6.930370331E-1
8.281512542E0,-7.017774105E0,-9.339096546E-1,-9.391707182E-1
8.291525542E0,-7.376793861E0,-5.931893587E-1,-1.094205499E0
8.301539542E0,-7.742906570E0,-1.011884138E-1,-1.111109853E0
8.311552542E0,-8.065612793E0,3.569408059E-1,-1.098759651E0
8.321566542E0,-8.359532356E0,6.058306098E-1,-1.124596834E0
8.331579542E0,-8.610591888E0,5.960762501E-1,-1.191122055E0
8.341592333E0,-8.793257713E0,3.565129042E-1,-1.241864562E0
8.351606333E0,-8.921936989E0,-2.234678529E-2,-1.257285833E0
8.361619333E0,-9.008563995E0,-4.759442806E-1,-1.290854216E0
8.371633333E0,-9.030298233E0,-7.873937488E-1,-1.301086664E0
8.381646333E0,-8.937870026E0,-8.206052184E-1,-1.203463554E0
8.391660333E0,-8.725025177E0,-8.033162355E-1,-1.007542253E0
8.401673333E0,-8.172541618E0,-7.639600635E-1,-7.238142490E-1
8.411687333E0,-7.655666828E0,-7.147043943E-1,-3.496627808E-1
8.421700333E0,-7.372133255E0,-6.035716534E-1,9.863162041E-2
8.431714333E0,-7.204665661E0,-1.919193715E-1,5.944094062E-1
8.441727333E0,-6.808865070E0,-7.068254054E-2,1.146809816E0
8.451740333E0,-6.139491081E0,-2.898026407E-1,1.631983161E0
8.461754333E0,-5.206555367E0,-7.892290354E-1,2.027446508E0
8.471767333E0,-4.094775200E0,-1.532573104E0,2.350233555E0
8.481781333E0,-2.585332632E0,-2.346178532E0,2.809075117E0
8.491794333E0,-7.890321612E-1,-3.050134897E0,3.183842659E0
8.501808333E0,1.058253527E0,-3.480290413E0,3.462457895E0
8.511821333E0,2.823659658E0,-3.650176287E0,3.653522491E0
8.521835333E0,4.308575153E0,-3.492618084E0,3.871778727E0
8.531848333E0,5.371849060E0,-3.028781176E0,4.231636047E0
8.541862333E0,6.113057613E0,-2.440320015E0,4.790124416E0
8.551875333E0,6.648568153E0,-1.838314891E0,5.304973125E0
8.561888333E0,6.966675282E0,-1.194180965E0,5.697041988E0
8.571902333E0,7.181124687E0,-7.541268468E-1,5.727125168E0
8.581915333E0,7.339153767E0,-9.587579966E-1,5.278282642E0
8.591929333E0,7.524669647E0,-1.603578806E0,4.496497631E0
8.601942333E0,7.571314335E0,-2.659265757E0,3.482585192E0
8.611956333E0,7.515758514E0,-3.319531679E0,2.791932583E0
8.621969333E0,7.004220486E0,-2.748143196E0,2.878324747E0
8.631983333E0,5.590236187E0,-1.284776449E0,3.020935774E0
8.641996333E0,4.150214195E0,1.444619298E-1,2.665080786E0
8.652010333E0,3.275536776E0,1.087291956E0,2.054197788E0
8.662023333E0,2.584598303E0,1.477867723E0,1.422987103E0
8.672037333E0,1.761909008E0,1.364658356E0,9.050171375E-1
8.682050333E0,6.812391281E-1,1.037218213E0,4.155357778E-1
8.692063333E0,-4.441019297E-1,8.286188245E-1,-1.102174670E-1
8.702077333E0,-1.554539204E0,5.693241358E-1,-7.164986134E-1
8.712090333E0,-2.644261360E0,2.337783724E-1,-1.470403314E0
8.722104333E0,-3.579550266E0,1.160253957E-1,-2.074028254E0
8.732117333E0,-4.417248726E0,1.719810814E-1,-2.454346657E0
8.742131333E0,-5.149308205E0,2.179447412E-1,-2.633320570E0
8.752144333E0,-5.639597893E0,2.845104635E-1,-2.597456455E0
8.762158333E0,-5.883712292E0,2.333369553E-1,-2.412760019E0
8.772171333E0,-5.959987640E0,1.012774408E-1,-2.191473007E0
8.782185333E0,-5.856336594E0,-4.047485441E-2,-1.944825411E0
8.792198333E0,-5.528675556E0,-1.848789006E-1,-1.702956676E0
8.802211333E0,-5.047583103E0,-5.705010295E-1,-1.493289590E0
8.812225333E0,-4.601093292E0,-1.086790562E0,-1.269421101E0
8.822238333E0,-4.258637428E0,-1.514584064E0,-9.176868200E-1
8.832252333E0,-3.940127850E0,-1.786706328E0,-4.344363213E-1
8.842265333E0,-3.573755264E0,-2.032616138E0,1.827956885E-1
8.852279333E0,-3.109737158E0,-2.312325001E0,8.394569159E-1
8.862292333E0,-2.579307318E0,-2.646915436E0,1.383054137E0
8.872306333E0,-1.857431293E0,-2.829694033E0,1.931879401E0
8.882319333E0,-1.004207373E0,-2.795972109E0,2.441730261E0
8.892333333E0,-2.399268150E-1,-2.629931927E0,2.893108845E0
8.902346333E0,6.583730578E-1,-2.173589230E0,3.280819654E0
8.912359333E0,1.594603896E0,-1.651057720E0,3.618676662E0
8.922373333E0,2.524641037E0,-1.229481697E0,3.851696491E0
8.932386333E0,3.500979900E0,-1.025448918E0,3.969137430E0
8.942400333E0,4.431975365E0,-9.048333764E-1,3.883861303E0
8.952413333E0,5.157511711E0,-7.832922935E-1,3.733249187E0
8.962427333E0,5.709405899E0,-5.444719791E-1,3.542373419E0
8.972440333E0,5.948399067E0,-1.496993750E-1,3.384882689E0
8.982454333E0,5.818902016E0,4.233163893E-1,3.257329702E0
8.992467333E0,5.390311241E0,8.644597530E-1,3.048065186E0
9.002481333E0,4.673208237E0,1.168398738E0,2.774728298E0
9.012494333E0,3.720694065E0,1.325369716E0,2.419223547E0
9.022508333E0,2.773728371E0,1.317960382E0,2.017961264E0
9.032521333E0,1.821571350E0,1.169199109E0,1.566025734E0
9.042534333E0,8.951719403E-1,1.022726059E0,1.103695750E0
9.052548333E0,1.141251028E-1,8.279675245E-1,6.190071106E-1
9.062561333E0,-4.642235935E-1,6.956441998E-1,1.738175601E-1
9.072575333E0,-9.801793694E-1,6.002300382E-1,-2.224299163E-1
9.082588333E0,-1.458287120E0,5.838569403E-1,-5.952772498E-1
9.092602333E0,-1.847891331E0,6.988610029E-1,-8.814378977E-1
9.102615333E0,-2.191225767E0,9.170676470E-1,-1.003723383E0
9.112629333E0,-2.585865498E0,9.666104317E-1,-1.079256773E0
9.122642333E0,-2.957602978E0,8.450412750E-1,-1.221221685E0
9.132656333E0,-3.399690151E0,6.434783340E-1,-1.392774343E0
9.142669333E0,-3.815894842E0,3.948086202E-1,-1.537524581E0
9.152683333E0,-4.145917416E0,2.520242929E-1,-1.636817336E0
9.162696333E0,-4.469448090E0,2.546069026E-1,-1.721311092E0
9.172709333E0,-4.739700317E0,3.539734483E-1,-1.732324243E0
9.182723333E0,-4.646472931E0,4.389490485E-1,-1.654538631E0
9.192736333E0,-4.434327602E0,3.944913149E-1,-1.546199679E0
9.202750333E0,-4.094120502E0,1.672065407E-1,-1.418749690E0
9.212763333E0,-3.823218107E0,-5.970410258E-2,-1.339115620E0
9.222777333E0,-3.657101870E0,-1.525767446E-1,-1.184575677E0
9.232790333E0,-3.503936768E0,-2.350798845E-1,-9.188761115E-1
9.242804333E0,-3.236895323E0,-2.718953192E-1,-5.357187390E-1
9.252817333E0,-2.858044863E0,-2.707669437E-1,-4.842897877E-2
9.262831333E0,-2.431608438E0,-2.311252505E-1,3.841216564E-1
9.272844333E0,-2.003898621E0,-1.830477417E-1,7.538818717E-1
9.282857333E0,-1.575244665E0,-1.444920301E-1,1.144316912E0
9.292871333E0,-1.144283414E0,-1.307900697E-1,1.605661631E0
9.302884333E0,-7.548355460E-1,4.162476584E-2,2.092823744E0
9.312898333E0,-4.970301390E-1,2.629129589E-1,2.518221855E0
9.322911333E0,-1.995932013E-1,3.983803391E-1,2.940526962E0
9.332925333E0,2.460471243E-1,3.997404277E-1,3.338981152E0
9.342937833E0,7.002587914E-1,2.598812878E-1,3.634383917E0
9.352951833E0,1.238205791E0,1.841292530E-1,3.772202015E0
9.362964833E0,1.940150380E0,-8.023034781E-3,3.737705231E0
9.372978833E0,2.660470486E0,-3.462032080E-1,3.494692564E0
9.382991833E0,3.056194305E0,-5.732711554E-1,3.377966166E0
9.393005833E0,3.077167749E0,-6.108677983E-1,3.486826658E0
9.403018833E0,2.856547832E0,-5.040741563E-1,3.703284025E0
9.413031833E0,2.458868027E0,-3.873454034E-1,3.958025694E0
9.423045833E0,2.052256107E0,-3.318488002E-1,4.058625221E0
9.433058833E0,1.710904121E0,-4.326763451E-1,4.035911083E0
9.443072833E0,1.488230944E0,-6.561985612E-1,3.921787500E0
9.453085833E0,1.435860991E0,-9.321997762E-1,3.505008936E0
9.463099833E0,1.361275554E0,-1.091783166E0,2.869011402E0
9.473112833E0,1.149167538E0,-1.014223695E0,2.268656254E0
9.483126833E0,8.587376475E-1,-7.828044295E-1,1.750800967E0
9.493139833E0,4.815222025E-1,-6.925256848E-1,1.300960779E0
9.503153833E0,1.574753672E-1,-6.515524983E-1,8.973051310E-1
9.513166833E0,-1.996348202E-1,-5.601387024E-1,4.692629874E-1
9.523179833E0,-8.137122393E-1,-5.068527460E-1,1.022119373E-1
9.533193833E0,-1.635719776E0,-4.323654175E-1,-2.126203179E-1
9.543206833E0,-2.500125408E0,-1.515220702E-1,-5.234528184E-1
9.553220833E0,-3.244961262E0,1.555199027E-1,-8.524621129E-1
9.563233833E0,-3.786438227E0,2.246175259E-1,-1.229665160E0
9.573247833E0,-4.143068314E0,1.869258843E-2,-1.586851478E0
9.583260833E0,-4.326181412E0,-3.202484846E-1,-1.870693684E0
9.593274833E0,-4.374793530E0,-6.379404664E-1,-1.965781093E0
9.603287833E0,-4.368789196E0,-9.562789798E-1,-1.867684960E0
9.613301833E0,-4.207393169E0,-1.154485583E0,-1.592124701E0
9.623314833E0,-4.113574982E0,-1.033918500E0,-1.347059131E0
9.633328833E0,-4.068969250E0,-8.329889178E-1,-1.053813338E0
9.643341833E0,-3.980428696E0,-5.893794298E-1,-6.965485811E-1
9.653354833E0,-3.731589317E0,-1.961671412E-1,-2.961085141E-1
9.663368833E0,-3.427948236E0,9.001922607E-2,7.293214649E-2
9.673381833E0,-3.070752382E0,1.201334521E-1,4.084371626E-1
9.683395833E0,-2.634654999E0,-3.906885162E-2,7.535836101E-1
9.693408833E0,-2.113744736E0,-3.325734138E-1,1.131297350E0
9.703422833E0,-1.531328917E0,-5.751288533E-1,1.600156069E0
9.713435833E0,-8.947251439E-1,-7.429426312E-1,2.182696819E0
9.723449833E0,-2.093282193E-1,-8.024333119E-1,2.755738735E0
9.733462833E0,4.515988529E-1,-7.985442877E-1,3.286326170E0
9.743476833E0,1.131511807E0,-8.274572492E-1,3.734990597E0
9.753489833E0,1.858850360E0,-9.236181378E-1,4.006576061E0
9.763503833E0,2.568699837E0,-1.170258522E0,4.110742092E0
9.773516833E0,3.260591984E0,-1.744259834E0,4.017520905E0
9.783529833E0,3.694563150E0,-2.285777092E0,3.767041445E0
9.793543833E0,3.548197508E0,-2.353116751E0,3.530298233E0
9.803556833E0,2.857718706E0,-1.882234693E0,3.360346794E0
9.813570833E0,1.912572145E0,-1.271152258E0,3.088574886E0
9.823583833E0,8.824205399E-1,-9.537087679E-1,2.713563204E0
9.833597833E0,1.163470596E-1,-8.609502912E-1,2.257035494E0
9.843610833E0,-8.558345586E-2,-6.351166964E-1,1.799022794E0
9.853624833E0,6.451097131E-2,-2.578900754E-1,1.308920145E0
9.863637833E0,4.541355968E-1,7.903388143E-2,9.322373867E-1
9.873651833E0,5.002386570E-1,2.107112110E-1,4.961021543E-1
9.883664833E0,2.515827715E-1,2.946201563E-1,1.923232526E-2
9.893677833E0,-1.024959609E-1,3.741336167E-1,-3.560230434E-1
9.903691833E0,-4.244979322E-1,4.306501448E-1,-6.460301280E-1
9.913704833E0,-8.679776192E-1,2.516801059E-1,-8.220706582E-1
9.923718833E0,-1.416297555E0,-9.616514295E-2,-9.122640491E-1
9.933731833E0,-1.944192171E0,-5.008947849E-1,-9.736168981E-1
9.943745833E0,-2.432708740E0,-8.429391980E-1,-1.055853963E0
9.953758833E0,-2.941659927E0,-9.461505413E-1,-1.120152235E0
9.963772833E0,-3.446752071E0,-8.166081905E-1,-1.070407629E0
9.973785833E0,-3.841634512E0,-5.798691511E-1,-9.688445926E-1
9.983799833E0,-4.013948917E0,-2.811295986E-1,-8.672761917E-1
9.993812833E0,-4.010477066E0,-1.248023063E-1,-7.791255713E-1
1.000382683E1,-3.874007940E0,-2.378920317E-1,-7.433421016E-1
1.001383983E1,-3.637049198E0,-6.168209910E-1,-7.385561466E-1
1.002385283E1,-3.555538893E0,-7.632535100E-1,-7.416982055E-1
1.003386683E1,-3.645108938E0,-5.643278956E-1,-5.881485939E-1
1.004387983E1,-3.740183830E0,-2.402096838E-1,-2.667559683E-1
1.005389383E1,-3.675415516E0,7.963113487E-3,8.973772824E-2
1.006390683E1,-3.290518761E0,3.065708093E-2,4.315410852E-1
1.007392083E1,-2.704563618E0,-2.286549062E-1,8.116317391E-1
1.008393383E1,-1.960254431E0,-6.827816963E-1,1.203264475E0
1.009394783E1,-1.088752031E0,-1.139556646E0,1.562115788E0
1.010396083E1,-1.956425160E-1,-1.568284392E0,2.051093578E0
1.011397483E1,5.756448507E-1,-1.777478337E0,2.574472427E0
1.012398783E1,1.116111875E0,-1.605923414E0,3.000273228E0
1.013400083E1,1.440761924E0,-1.184057474E0,3.333205223E0
1.014401483E1,1.668841720E0,-7.629430890E-1,3.648023844E0
1.015402783E1,1.840540051E0,-5.210849047E-1,3.870957851E0
1.016404183E1,2.050265789E0,-5.786429048E-1,3.829059124E0
1.017405483E1,2.316176653E0,-9.014840722E-1,3.519731998E0
1.018406883E1,2.573408604E0,-1.393549681E0,3.119029045E0
1.019408183E1,2.730093002E0,-2.022792816E0,2.750928402E0
1.020409583E1,2.842078924E0,-2.752156496E0,2.468506575E0
1.021410883E1,2.968477249E0,-3.661062717E0,2.255987883E0
1.022412283E1,3.133118868E0,-4.571459770E0,2.106424332E0
1.023413583E1,3.306475401E0,-5.252899647E0,2.032872677E0
1.024414983E1,3.420235395E0,-5.596064091E0,1.974544764E0
1.025416283E1,3.499369621E0,-5.313330173E0,1.609061241E0
1.026417583E1,3.423124790E0,-4.368725777E0,9.621824026E-1
1.027418983E1,2.869687319E0,-3.179398298E0,3.069206178E-1
1.028420283E1,1.838076949E0,-2.055936813E0,-4.201995730E-1
1.029421683E1,5.793812871E-1,-1.132631421E0,-1.247983813E0
1.030422983E1,-4.864847362E-1,-3.402509093E-1,-2.096312046E0
1.031424383E1,-1.155526757E0,3.935948312E-1,-2.897907495E0
1.032425683E1,-1.508741736E0,1.097323775E0,-3.508184910E0
1.033427083E1,-1.384153485E0,1.866821289E0,-3.665625095E0
1.034428367E1,-8.345081210E-1,2.362926483E0,-3.445864201E0
1.035429767E1,4.918811470E-2,2.839462519E0,-3.160088539E0
1.036431067E1,6.890447736E-1,3.197241783E0,-3.015527964E0
1.037432367E1,8.697512150E-1,3.803776503E0,-3.102300406E0
1.038433767E1,7.113669515E-1,4.716944695E0,-3.310083389E0
1.039435067E1,2.503990531E-1,5.870585442E0,-3.598618746E0
1.040436467E1,-4.481787086E-1,7.031249046E0,-3.901680708E0
1.041437767E1,-1.055413604E0,7.744327068E0,-4.013638496E0
1.042439167E1,-9.599260688E-1,7.933953762E0,-3.794718027E0
1.043440467E1,-2.997651696E-1,7.150104046E0,-3.674030542E0
1.044441867E1,8.771851659E-1,5.896688938E0,-3.768254280E0
1.045443167E1,2.052867413E0,4.748006821E0,-4.048961639E0
1.046444567E1,2.667816877E0,4.289665222E0,-4.419758797E0
1.047445867E1,2.525417566E0,4.351427078E0,-4.831189632E0
1.048447267E1,1.936648369E0,4.803762436E0,-5.208287239E0
1.049448567E1,1.265465498E0,5.330763817E0,-5.405105114E0
1.050449867E1,8.716681004E-1,5.759629726E0,-5.172616482E0
1.051451267E1,1.088196874E0,5.809008598E0,-4.705859184E0
1.052452567E1,1.813793778E0,5.571571350E0,-4.157856464E0
1.053453967E1,2.675490618E0,5.104910851E0,-3.571211100E0
1.054455267E1,3.407132149E0,4.611171722E0,-3.027463675E0
1.055456667E1,3.981996059E0,4.246214867E0,-2.536257029E0
1.056457967E1,4.361857891E0,4.165940762E0,-2.098317385E0
1.057459367E1,4.441870213E0,4.347169876E0,-1.731709838E0
1.058460667E1,4.225699902E0,4.735611439E0,-1.394249558E0
1.059462067E1,3.806682110E0,5.336693287E0,-1.074929953E0
1.060463367E1,3.195201874E0,5.941406727E0,-6.933833957E-1
1.061464767E1,2.525389194E0,6.375638962E0,-2.493308485E-1
1.062466067E1,2.063601255E0,6.694187641E0,2.916228473E-1
1.063467367E1,1.798108339E0,6.998080730E0,9.749369621E-1
1.064468767E1,1.596995711E0,7.113808632E0,1.792763114E0
1.065470067E1,1.576844096E0,6.753717899E0,2.733785391E0
1.066471467E1,1.847921491E0,6.101651669E0,3.652195930E0
1.067472767E1,2.371807337E0,5.267090321E0,4.424401760E0
1.068474167E1,3.061185122E0,4.287502766E0,4.722037315E0
1.069475467E1,3.640166044E0,2.919028997E0,4.638702869E0
1.070476867E1,3.782797575E0,1.507792592E0,4.453042507E0
1.071478167E1,3.612408638E0,6.007951498E-1,4.174112797E0
1.072479567E1,3.347383738E0,1.829469353E-1,4.029056072E0
1.073480867E1,3.512997150E0,-3.012098670E-1,4.103993893E0
1.074482167E1,4.540249825E0,-1.182498693E0,4.331861496E0
1.075483567E1,6.138811588E0,-2.741784096E0,4.749229431E0
1.076484867E1,7.957564354E0,-4.278743267E0,4.748504162E0
1.077486267E1,9.714593887E0,-5.274663925E0,3.903052807E0
1.078487567E1,1.060133266E1,-5.537684441E0,2.781662464E0
1.079488967E1,1.012886333E1,-4.685591221E0,1.811476588E0
1.080490267E1,8.716603279E0,-3.066328287E0,1.247607589E0
1.081491667E1,7.408638954E0,-1.558498502E0,1.171464920E0
1.082492967E1,7.007592678E0,-1.050162792E0,1.337496281E0
1.083494367E1,7.336533546E0,-1.465669751E0,1.431948185E0
1.084495667E1,7.727291584E0,-2.334759712E0,1.412461877E0
1.085497067E1,7.786554813E0,-3.198743105E0,1.216848254E0
1.086498367E1,7.473008156E0,-3.950043678E0,8.428148031E-1
1.087499667E1,6.902599812E0,-4.690478802E0,4.653274417E-1
1.088501067E1,6.304687023E0,-5.433327198E0,2.677188516E-1
1.089502367E1,5.770349979E0,-6.164618492E0,3.392968774E-1
1.090503767E1,5.236195564E0,-6.655074120E0,5.094747543E-1
1.091505067E1,4.747428894E0,-6.821545124E0,6.148653626E-1
1.092506467E1,4.298958778E0,-6.616057873E0,6.073907614E-1
1.093507767E1,3.740378857E0,-5.994640350E0,5.221946239E-1
1.094509167E1,3.107822657E0,-5.003211021E0,4.397716820E-1
1.095510467E1,2.366209269E0,-3.932583094E0,3.882685304E-1
1.096511867E1,1.594968677E0,-3.038678408E0,3.379811645E-1
1.097513167E1,9.408298135E-1,-2.522124290E0,2.274975181E-1
1.098514567E1,4.403208792E-1,-2.414985180E0,6.559278816E-2
1.099515867E1,1.201513708E-1,-2.628463745E0,-1.780007035E-1
1.100517167E1,-3.251849907E-3,-3.045964003E0,-3.588795066E-1
1.101518567E1,-1.852341592E-1,-3.242829323E0,-1.589650363E-1
1.102519867E1,-7.409071326E-1,-2.931294203E0,2.117844224E-1
1.103521267E1,-1.635628343E0,-2.384498835E0,4.559225440E-1
1.104522567E1,-2.692223072E0,-1.906249523E0,4.389803410E-1
1.105523967E1,-3.575549603E0,-1.486713767E0,1.837887913E-1
1.106525267E1,-4.180278778E0,-1.166343689E0,-2.066049874E-1
1.107526667E1,-4.691161633E0,-9.561272860E-1,-6.826956272E-1
1.108527967E1,-5.193854332E0,-7.359501719E-1,-1.155044675E0
1.109529367E1,-5.633998871E0,-4.433923066E-1,-1.550996304E0
1.110530667E1,-5.948958874E0,-5.868828297E-2,-1.875835538E0
1.111531967E1,-6.189977646E0,3.649239540E-1,-2.191866159E0
1.112533367E1,-6.394989967E0,7.496145964E-1,-2.533509970E0
1.113534667E1,-6.542608261E0,1.097537994E0,-2.872776747E0
1.114536067E1,-6.594324589E0,1.432166696E0,-3.169386148E0
1.115537367E1,-6.674648285E0,1.729595423E0,-3.397661209E0
1.116538767E1,-6.873683929E0,2.079137802E0,-3.590510130E0
1.117540067E1,-7.198055267E0,2.410575151E0,-3.760223389E0
1.118541467E1,-7.592671394E0,2.672960281E0,-3.883397102E0
1.119542767E1,-7.949105263E0,2.939862728E0,-3.892912388E0
1.120544167E1,-8.214475632E0,3.169268370E0,-3.838519335E0
1.121545467E1,-8.372122765E0,3.244057655E0,-3.768388987E0
1.122546767E1,-8.364846230E0,3.269472599E0,-3.762104988E0
1.123548167E1,-8.215709686E0,3.273706198E0,-3.800858736E0
1.124549467E1,-7.990777493E0,3.353112221E0,-3.878289700E0
1.125550867E1,-7.666892052E0,3.389023066E0,-3.954665422E0
1.126552167E1,-7.299939632E0,3.381203413E0,-4.007285118E0
1.127553567E1,-6.997005939E0,3.284732342E0,-4.010078907E0
1.128554867E1,-6.687300205E0,3.126864910E0,-3.819708347E0
1.129556267E1,-6.323186398E0,2.836196184E0,-3.408128738E0
1.130557567E1,-5.911841393E0,2.235369205E0,-2.910750389E0
1.131558967E1,-5.443821430E0,1.416031599E0,-2.386239052E0
1.132560267E1,-4.869863033E0,4.635435045E-1,-1.863593578E0
1.133561567E1,-4.148105145E0,-3.927914202E-1,-1.304647923E0
1.134562942E1,-3.370758295E0,-1.175855279E0,-7.068637013E-1
1.135564242E1,-2.530792952E0,-1.624005914E0,-8.677058667E-2
1.136565642E1,-1.672694445E0,-1.712046266E0,6.620228291E-1
1.137566942E1,-7.331336737E-1,-1.678794026E0,1.490865946E0
1.138568342E1,3.350017071E-1,-1.578330159E0,2.332301378E0
1.139569642E1,1.474694252E0,-1.343810678E0,3.211598396E0
1.140571042E1,2.578948259E0,-1.135536313E0,4.074252129E0
1.141572342E1,3.608003139E0,-9.863079190E-1,4.773716450E0
1.142573742E1,4.574366093E0,-8.801398873E-1,5.386342049E0
1.143575042E1,5.388946533E0,-7.773357630E-1,5.882292747E0
1.144576442E1,5.808084488E0,-6.836187840E-1,6.213199615E0
1.145577742E1,5.829448223E0,-5.548887849E-1,6.307341576E0
1.146579042E1,5.602164268E0,-5.376074314E-1,6.242298603E0
1.147580442E1,5.190085888E0,-8.510226011E-1,6.179202557E0
1.148581742E1,4.652837753E0,-1.506321907E0,6.220966816E0
1.149583142E1,4.275483608E0,-2.196145773E0,6.462627888E0
1.150584442E1,4.278203487E0,-2.728009224E0,6.684156418E0
1.151585842E1,4.578607559E0,-3.123148918E0,6.792448044E0
1.152587142E1,5.173628330E0,-2.925688028E0,6.798817635E0
1.153588542E1,5.775386810E0,-2.522413015E0,6.643612862E0
1.154589842E1,6.214717388E0,-2.310306072E0,6.510622978E0
1.155591242E1,6.454196930E0,-2.440243959E0,6.482401848E0
1.156592542E1,6.391995907E0,-2.838540792E0,6.589565754E0
1.157593942E1,6.207867622E0,-3.330052853E0,6.823808670E0
1.158595242E1,6.051954269E0,-3.752520084E0,7.097074032E0
1.159596542E1,5.962822437E0,-3.877090931E0,7.207298756E0
1.160597942E1,5.835197449E0,-3.666785717E0,7.093359947E0
1.161599242E1,5.569060802E0,-3.268181801E0,6.719457150E0
1.162600642E1,5.173982620E0,-2.831658363E0,6.272436619E0
1.163601942E1,4.923994541E0,-2.421580315E0,5.870626450E0
1.164603342E1,4.908302307E0,-2.262423038E0,5.438915253E0
1.165604642E1,5.254790783E0,-2.320291996E0,5.032275200E0
1.166606042E1,5.661793709E0,-2.609796047E0,4.775458813E0
1.167607342E1,5.604545593E0,-3.105247736E0,4.445055485E0
1.168608642E1,5.499539375E0,-3.411232948E0,4.101923943E0
1.169610042E1,5.183291912E0,-3.573868990E0,3.742440939E0
1.170611342E1,4.439260960E0,-2.889965296E0,3.432017803E0
1.171612742E1,3.351564646E0,-1.726667404E0,3.140459299E0
1.172614042E1,1.975053430E0,-8.111966252E-1,2.748660564E0
1.173615442E1,5.588809848E-1,-3.945013881E-1,2.203304768E0
1.174616742E1,-6.515533924E-1,-3.976772726E-1,1.605651140E0
1.175618142E1,-1.544440508E0,-5.358154178E-1,1.043817401E0
1.176619442E1,-2.261172771E0,-7.285884023E-1,5.369676948E-1
1.177620842E1,-2.826848030E0,-8.614170551E-1,1.666626036E-1
1.178622142E1,-3.256259441E0,-7.512274981E-1,-4.147257656E-2
1.179623542E1,-3.739529371E0,-5.614266396E-1,-2.478787117E-2
1.180624842E1,-4.181407452E0,-3.306562826E-2,-1.157561988E-1
1.181626142E1,-4.553228378E0,5.607633591E-1,-2.831760943E-1
1.182627542E1,-4.906268597E0,1.116602182E0,-5.306093693E-1
1.183628842E1,-5.336623192E0,1.620076418E0,-7.797001004E-1
1.184630242E1,-5.873465061E0,2.039242506E0,-9.994262457E-1
1.185631542E1,-6.472012520E0,2.304592609E0,-1.234336734E0
1.186632942E1,-7.082132339E0,2.354695559E0,-1.535257578E0
1.187634242E1,-7.583713531E0,2.327876091E0,-1.885649920E0
1.188635642E1,-7.922962189E0,2.188692331E0,-2.239660501E0
1.189636942E1,-8.131240845E0,1.913372755E0,-2.611222506E0
1.190638342E1,-8.210251808E0,1.523166060E0,-2.975000143E0
1.191639642E1,-8.170818329E0,1.062194109E0,-3.292478561E0
1.192640942E1,-8.070427895E0,5.787987113E-1,-3.488029957E0
1.193642342E1,-7.959616184E0,2.908222675E-1,-3.572859526E0
1.194643642E1,-7.891508102E0,8.331157267E-2,-3.620107651E0
1.195645042E1,-7.814100742E0,1.487281639E-3,-3.712993860E0
1.196646342E1,-7.727883339E0,2.701601386E-2,-3.852309227E0
1.197647742E1,-7.682885647E0,1.638716012E-1,-4.043898582E0
1.198649042E1,-7.683409691E0,4.744233191E-1,-4.285622120E0
1.199650442E1,-7.695143223E0,9.284560680E-1,-4.532266617E0
1.200651742E1,-7.725418091E0,1.470000625E0,-4.764752388E0
1.201653142E1,-7.784391403E0,2.011653185E0,-4.972002506E0
1.202654442E1,-7.877706528E0,2.674108744E0,-5.079892635E0
1.203655742E1,-8.039536476E0,3.375482798E0,-5.003808975E0
1.204657142E1,-8.171044350E0,4.085840225E0,-4.804023743E0
1.205658442E1,-8.204442024E0,4.727528572E0,-4.513042927E0
1.206659842E1,-8.055126190E0,5.215312481E0,-4.177037239E0
1.207661142E1,-7.690400124E0,5.553248405E0,-3.804092884E0
1.208662542E1,-7.295088768E0,5.727495193E0,-3.481335402E0
1.209663842E1,-6.890773296E0,5.656977654E0,-3.204056501E0
1.210665242E1,-6.411297321E0,5.456141472E0,-2.834586143E0
1.211666542E1,-5.925967216E0,5.254202843E0,-2.309663773E0
1.212667942E1,-5.352225304E0,4.790253639E0,-1.685673833E0
1.213669242E1,-4.620978832E0,3.982134581E0,-9.812563062E-1
1.214670542E1,-3.752539635E0,2.943888187E0,-1.757515818E-1
1.215671942E1,-2.771143436E0,1.845051646E0,7.817853093E-1
1.216673242E1,-1.719736934E0,8.327683210E-1,1.893402100E0
1.217674642E1,-7.994630337E-1,-1.704401337E-2,3.069628477E0
1.218675942E1,2.746886015E-2,-6.161255836E-1,4.203272820E0
1.219677342E1,7.833756804E-1,-1.134826064E0,5.138574600E0
1.220678642E1,1.516008258E0,-1.497572184E0,5.821907043E0
1.221680042E1,2.282771349E0,-1.811031342E0,6.433686733E0
1.222681342E1,3.127823830E0,-2.287907839E0,6.944157600E0
1.223682742E1,3.929335356E0,-2.910177231E0,7.292568207E0
1.224684042E1,4.569265366E0,-3.677064896E0,7.656078815E0
1.225685442E1,4.951055527E0,-4.342708588E0,8.111262321E0
1.226686742E1,5.040133953E0,-4.603958130E0,8.571616173E0
1.227688042E1,4.996449947E0,-4.555522442E0,8.981845856E0
1.228689442E1,4.994839191E0,-4.097010612E0,9.244591713E0
1.229690742E1,4.995417118E0,-3.343629837E0,9.228718758E0
1.230692142E1,4.892435551E0,-2.698332787E0,9.026290894E0
1.231693442E1,4.763313770E0,-2.236330748E0,8.875849724E0
1.232694842E1,4.665921211E0,-2.026774406E0,8.745228767E0
1.233696142E1,4.492706299E0,-2.038091421E0,8.624122620E0
1.234697571E1,4.337960243E0,-2.381721735E0,8.589363098E0
1.235698871E1,4.428687096E0,-3.014512539E0,8.532469749E0
1.236700171E1,4.718747616E0,-3.651559353E0,8.471479416E0
1.237701571E1,4.993247986E0,-4.044484138E0,8.348338127E0
1.238702871E1,5.198092937E0,-4.059962273E0,8.091753006E0
1.239704271E1,5.246636868E0,-3.849119902E0,7.745769978E0
1.240705571E1,5.196878433E0,-3.317795038E0,7.311784267E0
1.241706971E1,4.839304924E0,-2.702351093E0,6.760062218E0
1.242708271E1,4.211061954E0,-2.184259653E0,6.140784740E0
1.243709671E1,3.425412655E0,-1.783448935E0,5.460468292E0
1.244710971E1,2.661934614E0,-1.615495920E0,4.852962494E0
1.245712371E1,1.986243248E0,-1.304660320E0,4.202613831E0
1.246713671E1,1.328188300E0,-7.388751507E-1,3.463690996E0
1.247714971E1,5.817636251E-1,-7.036796212E-2,2.751214027E0
1.248716371E1,-1.788692623E-1,4.365831316E-1,2.084535837E0
1.249717671E1,-8.567353487E-1,7.058135271E-1,1.469700456E0
1.250719071E1,-1.535773396E0,7.043876052E-1,9.451497197E-1
1.251720371E1,-2.181580782E0,4.887530804E-1,5.344492197E-1
1.252721771E1,-2.726208448E0,1.008385718E-1,2.053180784E-1
1.253723071E1,-3.267950773E0,-4.371668398E-1,-8.211236447E-2
1.254724471E1,-3.842417240E0,-1.014341831E0,-3.219384253E-1
1.255725771E1,-4.413627625E0,-1.384108186E0,-5.535993576E-1
1.256727171E1,-5.141899586E0,-1.227569580E0,-7.817447186E-1
1.257728471E1,-5.932254791E0,-6.706711650E-1,-1.008120775E0
1.258729771E1,-6.620997906E0,6.666436791E-2,-1.256828547E0
1.259731171E1,-7.187772751E0,6.950918436E-1,-1.560945272E0
1.260732471E1,-7.638257027E0,1.121595740E0,-1.914424896E0
1.261733871E1,-7.964760780E0,1.359687924E0,-2.295387745E0
1.262735171E1,-8.177169800E0,1.401052713E0,-2.678114414E0
1.263736571E1,-8.337725639E0,1.307330251E0,-3.054145813E0
1.264737871E1,-8.471508980E0,1.138088346E0,-3.442215681E0
1.265739271E1,-8.563138008E0,9.688838720E-1,-3.833023071E0
1.266740571E1,-8.590940475E0,8.713473082E-1,-4.116905689E0
1.267741971E1,-8.621024132E0,1.037887454E0,-4.263635159E0
1.268743271E1,-8.681234360E0,1.342530727E0,-4.315562248E0
1.269744571E1,-8.617448807E0,1.800783515E0,-4.337514877E0
1.270745971E1,-8.439941406E0,2.411810637E0,-4.391258717E0
1.271747271E1,-8.256869316E0,3.025360346E0,-4.519053459E0
1.272748671E1,-8.076441765E0,3.539445162E0,-4.640983582E0
1.273749971E1,-7.878110886E0,3.918931007E0,-4.748935223E0
1.274751371E1,-7.672656536E0,4.240025043E0,-4.814172745E0
1.275752671E1,-7.507019997E0,4.557337761E0,-4.804252625E0
1.276754071E1,-7.397157669E0,4.802171707E0,-4.615076542E0
1.277755371E1,-7.277175903E0,5.078614235E0,-4.304029465E0
1.278756771E1,-7.089428902E0,5.283928394E0,-3.882144928E0
1.279758071E1,-6.905599117E0,5.393666744E0,-3.427888632E0
1.280759371E1,-6.720805168E0,5.450469494E0,-2.964811802E0
1.281760771E1,-6.537874222E0,5.311422348E0,-2.409801006E0
1.282762071E1,-6.396310806E0,4.769414902E0,-1.691252589E0
1.283763471E1,-6.116043091E0,3.989989996E0,-7.268766761E-1
1.284764771E1,-5.617621899E0,3.024094582E0,4.505592287E-1
1.285766171E1,-5.082815170E0,1.757925153E0,1.761641145E0
1.286767471E1,-4.458591461E0,4.498717785E-1,3.191156626E0
1.287768871E1,-3.534956455E0,-8.397610188E-1,4.637247562E0
1.288770171E1,-2.341784954E0,-2.325359583E0,5.886102676E0
1.289771571E1,-1.071962237E0,-3.641693354E0,6.891244888E0
1.290772871E1,2.623244226E-1,-4.771465778E0,7.376820087E0
1.291774171E1,1.620877981E0,-5.887942314E0,7.403035164E0
1.292775571E1,2.809203863E0,-6.970227718E0,7.369150639E0
1.293776871E1,3.729535580E0,-7.696157932E0,7.535589218E0
1.294778271E1,4.381738186E0,-7.833384514E0,7.998378754E0
1.295779571E1,4.950129032E0,-7.405818462E0,8.573341370E0
1.296780971E1,5.281700134E0,-6.624795914E0,8.674502373E0
1.297782271E1,5.089908123E0,-5.819241047E0,8.169628143E0
1.298783671E1,4.829344749E0,-5.369509220E0,7.490492344E0
1.299784971E1,4.823168278E0,-5.227088451E0,6.822824478E0
1.300786271E1,4.808635235E0,-5.517148018E0,6.358509541E0
1.301787671E1,4.887666225E0,-6.001615047E0,6.275074482E0
1.302788971E1,5.463578701E0,-6.439243793E0,6.523788929E0
1.303790371E1,6.337287903E0,-6.741791725E0,6.680178165E0
1.304791671E1,7.124037266E0,-6.701929092E0,6.594380856E0
1.305793071E1,7.563242435E0,-5.752389431E0,6.173601151E0
1.306794371E1,7.145271301E0,-4.290994644E0,5.663434029E0
1.307795771E1,5.699948311E0,-2.779259205E0,5.237133503E0
1.308797071E1,4.097082615E0,-1.429006219E0,4.873414040E0
1.309798471E1,2.855069399E0,-3.895638585E-1,4.506934166E0
1.310799771E1,1.885415435E0,-1.482651085E-1,4.092659473E0
1.311801071E1,1.298611045E0,-6.257949471E-1,3.619755507E0
1.312802471E1,9.890379310E-1,-1.469336271E0,3.257276773E0
1.313803771E1,7.825531960E-1,-2.348850250E0,3.029124975E0
1.314805171E1,5.494328737E-1,-2.972084761E0,2.899977684E0
1.315806471E1,2.033660114E-1,-3.406088591E0,2.823463678E0
1.316807871E1,-1.133303940E-1,-3.527577162E0,2.721300602E0
1.317809171E1,-3.146067858E-1,-3.338490486E0,2.644129038E0
1.318810571E1,-8.004519939E-1,-3.073032618E0,2.559458494E0
1.319811871E1,-1.367551088E0,-2.857746363E0,2.415145159E0
1.320813171E1,-1.863848448E0,-2.568250418E0,2.252262115E0
1.321814571E1,-2.316519976E0,-2.441645861E0,2.176002502E0
1.322815871E1,-2.764492750E0,-2.276951790E0,2.054804325E0
1.323817271E1,-3.079137564E0,-2.008762360E0,1.940420151E0
1.324818571E1,-3.326590538E0,-1.779000998E0,1.830563188E0
1.325819971E1,-3.526761293E0,-1.625446320E0,1.695791721E0
1.326821271E1,-3.682141066E0,-1.484153986E0,1.580200076E0
1.327822671E1,-3.835766792E0,-1.343437076E0,1.455471396E0
1.328823971E1,-4.000933170E0,-1.191020012E0,1.246720791E0
1.329825371E1,-4.212261677E0,-1.109536409E0,9.827375412E-1
1.330826671E1,-4.470796108E0,-9.849994779E-1,6.402838230E-1
1.331827971E1,-4.735340595E0,-7.718491554E-1,3.006452620E-1
1.332829371E1,-4.977509975E0,-4.782952964E-1,-8.864974603E-3
1.333830671E1,-5.182816505E0,-1.163605452E-1,-2.334006131E-1
1.334832129E1,-5.427152157E0,4.997475147E-1,-4.177406728E-1
1.335833429E1,-5.714157104E0,1.171166658E0,-6.354402304E-1
1.336834829E1,-5.901849270E0,1.749054670E0,-9.367415905E-1
1.337836129E1,-5.933472633E0,2.264487267E0,-1.273849607E0
1.338837529E1,-5.858683109E0,2.743253231E0,-1.579324841E0
1.339838829E1,-5.792070866E0,3.324092150E0,-1.871779919E0
1.340840229E1,-5.800710201E0,4.163978100E0,-2.002105474E0
1.341841529E1,-5.977706909E0,5.047289371E0,-1.995784163E0
1.342842829E1,-6.198526859E0,5.793977737E0,-1.953616977E0
1.343844229E1,-6.315475464E0,6.422089100E0,-1.875946760E0
1.344845529E1,-6.258939743E0,6.968245983E0,-1.790623188E0
1.345846929E1,-6.070701122E0,7.421100616E0,-1.689587951E0
1.346848229E1,-5.825509071E0,7.808855057E0,-1.521348000E0
1.347849629E1,-5.560298920E0,8.106236458E0,-1.287392259E0
1.348850929E1,-5.249040604E0,8.315428734E0,-1.019925714E0
1.349852329E1,-4.782937527E0,8.341220856E0,-6.362614632E-1
1.350853629E1,-4.289838314E0,8.200071335E0,-1.509308517E-1
1.351854929E1,-3.948808670E0,7.951652527E0,3.561494052E-1
1.352856329E1,-3.914341450E0,7.656897068E0,8.310801387E-1
1.353857629E1,-3.858946323E0,6.984596729E0,1.342811823E0
1.354859029E1,-3.736334801E0,6.257700920E0,1.661438465E0
1.355860329E1,-3.550176859E0,5.476984978E0,1.780066848E0
1.356861729E1,-3.559718847E0,5.004611969E0,1.779320955E0
1.357863029E1,-3.797128916E0,4.799115658E0,1.744945288E0
1.358864429E1,-4.171440125E0,4.616115093E0,1.740441561E0
1.359865729E1,-4.634679794E0,4.664389610E0,1.678988814E0
1.360867029E1,-5.090987206E0,4.692763329E0,1.518987656E0
1.361868429E1,-5.307582378E0,4.544338703E0,1.287630320E0
1.362869729E1,-5.153234959E0,4.494616032E0,9.547476172E-1
1.363871129E1,-4.800619602E0,4.631658077E0,5.361157060E-1
1.364872429E1,-4.412701130E0,4.741578579E0,2.105536163E-1
1.365873829E1,-3.876980066E0,4.883916855E0,1.242096797E-1
1.366875129E1,-3.311188698E0,5.249529362E0,8.443167806E-2
1.367876529E1,-2.910251141E0,5.798893929E0,-4.449114949E-2
1.368877829E1,-2.798590899E0,6.233203411E0,-2.725355327E-1
1.369879229E1,-2.850373030E0,6.383989334E0,-5.963109136E-1
1.370880529E1,-2.826560974E0,6.193849087E0,-9.366196394E-1
1.371881829E1,-2.649621487E0,5.691033363E0,-1.203757048E0
1.372883229E1,-2.365024567E0,5.150054932E0,-1.348857045E0
1.373884529E1,-2.081146240E0,4.510677338E0,-1.349753261E0
1.374885929E1,-1.824911594E0,3.722105265E0,-1.084009647E0
1.375887229E1,-1.422924161E0,2.992585421E0,-6.445870996E-1
1.376888629E1,-8.449168205E-1,2.479576826E0,-2.688018382E-1
1.377889929E1,-2.682327330E-1,2.069011688E0,-8.732425980E-3
1.378891329E1,1.673867255E-1,1.824836850E0,1.433016658E-1
1.379892629E1,4.073133171E-1,1.720219254E0,1.544089019E-1
1.380893929E1,5.403115749E-1,1.671143174E0,1.147723198E-1
1.381895329E1,6.741841435E-1,1.518073201E0,1.416883469E-1
1.382896629E1,9.013440013E-1,1.312818527E0,2.041953206E-1
1.383898029E1,1.122740865E0,9.715443850E-1,3.894783854E-1
1.384899329E1,1.324212074E0,4.735496938E-1,6.302472353E-1
1.385900729E1,1.568276644E0,-9.937082231E-2,8.028479815E-1
1.386902029E1,1.847871423E0,-7.311382294E-1,9.383079410E-1
1.387903429E1,2.146564245E0,-1.259539127E0,1.074404716E0
1.388904729E1,2.449761152E0,-1.536020160E0,1.163583636E0
1.389906129E1,2.712173939E0,-1.550130486E0,1.169920921E0
1.390907429E1,2.778644085E0,-1.422091126E0,1.133446336E0
1.391908729E1,2.521394730E0,-1.473231316E0,1.098854899E0
1.392910129E1,2.126756191E0,-1.819448709E0,1.122182250E0
1.393911429E1,1.904394627E0,-2.372051954E0,1.361935377E0
1.394912829E1,2.014648199E0,-2.889086246E0,1.811315656E0
1.395914129E1,2.290280819E0,-3.113350868E0,2.347602129E0
1.396915529E1,2.404508114E0,-3.099453449E0,2.914828539E0
1.397916829E1,2.284459591E0,-2.878826857E0,3.462016582E0
1.398918129E1,2.082526445E0,-2.355525017E0,3.957803488E0
1.399919529E1,1.965658188E0,-1.670821190E0,4.392768860E0
1.400920829E1,2.055852890E0,-1.073028088E0,4.744091034E0
1.401922229E1,2.242216110E0,-9.581202865E-1,5.167963505E0
1.402923529E1,2.373827934E0,-1.278176427E0,5.714220524E0
1.403924929E1,2.355691433E0,-1.472505450E0,6.209883690E0
1.404926229E1,2.116219759E0,-1.287798762E0,6.525341034E0
1.405927629E1,1.698402286E0,-6.167050004E-1,6.569016933E0
1.406928929E1,1.086403131E0,1.580873281E-1,6.458855152E0
1.407930329E1,4.066464603E-1,4.380792975E-1,6.521063328E0
1.408931629E1,6.856184453E-2,-1.168539077E-1,6.699727058E0
1.409932929E1,5.225250721E-1,-1.275384665E0,6.737701416E0
1.410934329E1,1.713487387E0,-2.842326641E0,6.585558891E0
1.411935629E1,3.291788340E0,-4.214461803E0,6.258058071E0
1.412937029E1,4.902542114E0,-4.850267887E0,5.913708687E0
1.413938329E1,6.276307106E0,-4.199722767E0,5.759653091E0
1.414939729E1,7.039469719E0,-2.412741899E0,5.675043583E0
1.415941029E1,6.977417946E0,-3.138152957E-1,5.782780170E0
1.416942429E1,6.239532948E0,1.567138672E0,6.192071915E0
1.417943729E1,5.201629162E0,2.716171265E0,6.826812267E0
1.418945029E1,4.144442558E0,2.646587133E0,7.663597584E0
1.419946429E1,3.128169298E0,1.669842601E0,8.628999710E0
1.420947729E1,2.187260389E0,8.874774575E-1,9.452135086E0
1.421949129E1,1.266428471E0,9.092354774E-1,9.690141678E0
1.422950429E1,1.926200241E-1,1.515233755E0,9.245164871E0
1.423951829E1,-1.097387552E0,2.560454845E0,7.984590054E0
1.424953129E1,-2.516463280E0,3.215110540E0,6.339084148E0
1.425954529E1,-3.520072937E0,3.054599762E0,4.840666294E0
1.426955829E1,-3.706609726E0,2.055304050E0,3.470796108E0
1.427957129E1,-3.197996616E0,3.344126940E-1,2.140554190E0
1.428958529E1,-2.308821440E0,-1.629475832E0,7.642923594E-1
1.429959829E1,-1.464682579E0,-3.203566551E0,-6.324272156E-1
1.430961229E1,-1.094336987E0,-3.858561754E0,-1.792240381E0
1.431962529E1,-1.343794465E0,-3.536154270E0,-2.617118835E0
1.432963929E1,-2.144709826E0,-2.503202915E0,-3.152619839E0
1.433965229E1,-3.042426586E0,-1.043480635E0,-3.498375177E0
1.434966567E1,-3.502921581E0,4.663413763E-1,-3.777451992E0
1.435967867E1,-3.312650442E0,1.711205602E0,-4.045923710E0
1.436969167E1,-2.554248095E0,2.518555164E0,-4.345006466E0
1.437970567E1,-1.424808979E0,2.818053246E0,-4.639737129E0
1.438971867E1,-2.075877190E-1,2.684832335E0,-4.861687183E0
1.439973267E1,8.452189565E-1,2.247988462E0,-5.055011272E0
1.440974567E1,1.685514927E0,1.744055390E0,-5.194536209E0
1.441975967E1,2.281956673E0,1.437822819E0,-5.286558628E0
1.442977267E1,2.609352350E0,1.305374980E0,-5.325525284E0
1.443978667E1,2.756301165E0,1.158937931E0,-5.301841259E0
1.444979967E1,2.888870955E0,8.953004479E-1,-5.165268898E0
1.445981267E1,3.032428265E0,5.946570039E-1,-4.981938362E0
1.446982667E1,3.094905138E0,3.600007296E-1,-4.843013763E0
1.447983967E1,3.047532797E0,2.168542296E-1,-4.647506714E0
1.448985367E1,3.091918707E0,2.617077529E-1,-4.399669647E0
1.449986667E1,3.271496058E0,3.871628642E-1,-4.178264141E0
1.450988067E1,3.511426449E0,4.281578362E-1,-4.004034996E0
1.451989367E1,3.773295879E0,4.228850305E-1,-3.893279314E0
1.452990767E1,4.021392345E0,4.544778466E-1,-3.838082075E0
1.453992067E1,4.158471107E0,5.690174699E-1,-3.807811260E0
1.454993367E1,4.196079731E0,8.056183457E-1,-3.806404829E0
1.455994767E1,4.212305546E0,1.127374411E0,-3.783943176E0
1.456996067E1,4.204773903E0,1.434675217E0,-3.723803520E0
1.457997467E1,4.187409878E0,1.620173693E0,-3.658660650E0
1.458998767E1,4.257874489E0,1.614137769E0,-3.572129250E0
1.460000167E1,4.477651596E0,1.405945420E0,-3.429881811E0
1.461001467E1,4.733725548E0,9.713562131E-1,-3.269335985E0
1.462002867E1,4.870637417E0,3.698863983E-1,-3.104299545E0
1.463004167E1,4.849358082E0,-2.691866457E-1,-2.938922882E0
1.464005467E1,4.738863945E0,-8.427484035E-1,-2.766711235E0
1.465006867E1,4.584995270E0,-1.366169333E0,-2.560339212E0
1.466008167E1,4.338854790E0,-1.623286009E0,-2.372588158E0
1.467009567E1,3.939063549E0,-1.568657160E0,-2.193602562E0
1.468010867E1,3.465488911E0,-1.249566197E0,-1.982763767E0
1.469012267E1,3.003336191E0,-8.305890560E-1,-1.743619204E0
1.470013567E1,2.641116142E0,-4.538141191E-1,-1.551132321E0
1.471014967E1,2.353096008E0,-1.013497338E-1,-1.396748900E0
1.472016267E1,2.178599834E0,2.852863967E-1,-1.186011910E0
1.473017567E1,2.155392170E0,7.373239994E-1,-9.260784388E-1
1.474018967E1,2.267217398E0,1.270154953E0,-6.507443190E-1
1.475020267E1,2.430064917E0,1.927683592E0,-2.935782373E-1
1.476021667E1,2.439426422E0,2.543613434E0,1.712080836E-1
1.477022967E1,2.299679756E0,3.005796432E0,6.784286499E-1
1.478024367E1,2.135043859E0,3.369757891E0,1.216335535E0
1.479025667E1,1.885435581E0,3.695147514E0,1.841984987E0
1.480027067E1,1.391681790E0,3.942249060E0,2.498118162E0
1.481028367E1,7.306065559E-1,4.127787113E0,3.090557098E0
1.482029667E1,1.554479301E-1,4.228466034E0,3.639714718E0
1.483031067E1,-1.942114681E-1,4.296528816E0,4.107088089E0
1.484032367E1,-3.647725582E-1,4.415797234E0,4.421364307E0
1.485033767E1,-4.515274763E-1,4.496120453E0,4.627028942E0
1.486035067E1,-4.676361382E-1,4.496923923E0,4.802484989E0
1.487036467E1,-4.626005888E-1,4.528340340E0,5.013500690E0
1.488037767E1,-5.645045638E-1,4.539945126E0,5.242660522E0
1.489039167E1,-8.159761429E-1,4.418985367E0,5.380307198E0
1.490040467E1,-1.210957170E0,4.179739475E0,5.489173412E0
1.491041767E1,-1.628017426E0,3.862272978E0,5.651910305E0
1.492043167E1,-2.005969048E0,3.456814051E0,5.725137711E0
1.493044467E1,-2.345762730E0,2.948873520E0,5.618557930E0
1.494045867E1,-2.636611938E0,2.338471889E0,5.429576397E0
1.495047167E1,-2.802676678E0,1.729811549E0,5.226860046E0
1.496048567E1,-2.845499039E0,1.379970193E0,4.984483242E0
1.497049867E1,-2.986655235E0,1.351619124E0,4.704092979E0
1.498051167E1,-3.311820745E0,1.352153778E0,4.316382408E0
1.499052567E1,-3.607749462E0,1.256812334E0,3.899967909E0
1.500053867E1,-3.664717913E0,1.204808235E0,3.646058083E0
1.501055267E1,-3.441565752E0,1.149972439E0,3.454700708E0
1.502056567E1,-3.039402008E0,9.219139218E-1,3.180485249E0
1.503057967E1,-2.634860277E0,5.677278042E-1,2.784966707E0
1.504059267E1,-2.391778469E0,2.715714872E-1,2.261485100E0
1.505060667E1,-2.269798994E0,9.993946552E-2,1.620169401E0
1.506061967E1,-2.160404444E0,-1.419559717E-1,9.491295815E-1
1.507063267E1,-2.006456614E0,-4.416547418E-1,3.998570144E-1
1.508064667E1,-1.719637394E0,-5.127789974E-1,-5.837100744E-2
1.509065967E1,-1.286501288E0,-2.789864540E-1,-4.917612672E-1
1.510067367E1,-8.060310483E-1,1.041785330E-1,-8.745815754E-1
1.511068667E1,-3.378936350E-1,3.989066184E-1,-1.137853742E0
1.512070067E1,1.229477450E-1,3.701937497E-1,-1.328745127E0
1.513071367E1,5.896152854E-1,6.011696532E-2,-1.484150171E0
1.514072767E1,9.852243662E-1,-3.538919389E-1,-1.651494384E0
1.515074067E1,1.234433293E0,-6.782810092E-1,-1.926801205E0
1.516075367E1,1.311450005E0,-7.452483177E-1,-2.187699318E0
1.517076767E1,1.224982858E0,-3.988387287E-1,-2.325297594E0
1.518078067E1,1.020365596E0,1.321066320E-1,-2.387774944E0
1.519079467E1,8.091081977E-1,6.702472568E-1,-2.443388939E0
1.520080767E1,7.179444432E-1,1.135716081E0,-2.480789900E0
1.521082167E1,8.466905355E-1,1.393503308E0,-2.530070543E0
1.522083467E1,1.212982893E0,1.361268520E0,-2.616484642E0
1.523084767E1,1.767118335E0,1.041096568E0,-2.681162119E0
1.524086167E1,2.409734249E0,4.855763912E-1,-2.710343599E0
1.525087467E1,2.906047106E0,-4.074602574E-2,-2.819960594E0
1.526088867E1,3.166491985E0,-3.408608437E-1,-2.950725079E0
1.527090167E1,3.253379345E0,-3.646313846E-1,-3.007034302E0
1.528091567E1,3.218786001E0,-1.601794511E-1,-2.924866199E0
1.529092867E1,3.068172932E0,1.855470091E-1,-2.678157806E0
1.530094267E1,2.888108492E0,5.946237445E-1,-2.333452463E0
1.531095567E1,2.778688431E0,9.924299121E-1,-1.968716621E0
1.532096867E1,2.761523247E0,1.341200233E0,-1.619334102E0
1.533098267E1,2.780003071E0,1.505871415E0,-1.396124840E0
1.534099567E1,2.835065365E0,1.394477725E0,-1.342987061E0
1.535100954E1,2.969555378E0,9.354792833E-1,-1.378255248E0
1.536102254E1,3.175052404E0,2.192189097E-1,-1.497940421E0
1.537103654E1,3.447241783E0,-5.618637800E-1,-1.674777150E0
1.538104954E1,3.655424356E0,-1.082073331E0,-1.878338337E0
1.539106254E1,3.711687326E0,-1.182016492E0,-1.953611851E0
1.540107654E1,3.663861036E0,-8.230822086E-1,-1.862133026E0
1.541108954E1,3.537900209E0,-2.751155496E-1,-1.668765187E0
1.542110354E1,3.364448071E0,1.505771428E-1,-1.467423320E0
1.543111654E1,3.279350281E0,3.063631654E-1,-1.271433353E0
1.544113054E1,3.339141846E0,3.317263126E-1,-1.019173861E0
1.545114354E1,3.454817533E0,2.693821490E-1,-7.215504646E-1
1.546115754E1,3.481031895E0,1.655519009E-1,-3.962720335E-1
1.547117054E1,3.335737228E0,1.951096952E-1,-2.982529253E-2
1.548118354E1,3.040020943E0,4.611762762E-1,3.529239297E-1
1.549119754E1,2.673707008E0,8.529643416E-1,7.033879161E-1
1.550121054E1,2.318192959E0,1.239707232E0,1.005745769E0
1.551122454E1,2.054024935E0,1.487786293E0,1.216602802E0
1.552123754E1,1.946744561E0,1.523597002E0,1.343855858E0
1.553125154E1,1.960944772E0,1.275473356E0,1.389086485E0
1.554126454E1,2.036287785E0,7.906395197E-1,1.359967947E0
1.555127754E1,2.113990545E0,1.870540380E-1,1.309579849E0
1.556129154E1,2.188210487E0,-1.311729401E-1,1.365340114E0
1.557130454E1,2.250090361E0,-8.902232349E-2,1.580722094E0
1.558131854E1,2.269582033E0,4.326833785E-2,1.881571174E0
1.559133154E1,2.282292604E0,9.685094655E-2,2.203088284E0
1.560134554E1,2.299461365E0,2.195374519E-1,2.491770744E0
1.561135854E1,2.334743261E0,4.139108658E-1,2.773570776E0
1.562137254E1,2.349059105E0,4.621662796E-1,3.035672665E0
1.563138554E1,2.358318090E0,2.851303518E-1,3.253529549E0
1.564139854E1,2.406232119E0,-1.267397553E-1,3.430164576E0
1.565141254E1,2.536161900E0,-7.000360489E-1,3.569098234E0
1.566142554E1,2.705712318E0,-1.178084731E0,3.677030802E0
1.567143954E1,2.782720804E0,-1.305770755E0,3.724506855E0
1.568145254E1,2.727643013E0,-1.002322435E0,3.618463516E0
1.569146654E1,2.458784103E0,-2.787463367E-1,3.345105410E0
1.570147954E1,1.914473414E0,4.860732853E-1,3.055957794E0
1.571149254E1,1.239106417E0,9.500319958E-1,2.848864317E0
1.572150654E1,6.816786528E-1,1.012158394E0,2.763563395E0
1.573151954E1,3.781443536E-1,4.391929507E-1,2.854222775E0
1.574153354E1,4.120938182E-1,-7.698912024E-1,3.054617167E0
1.575154654E1,7.990542650E-1,-1.987377524E0,3.196194172E0
1.576156054E1,1.382852197E0,-2.846877337E0,3.158815145E0
1.577157354E1,1.880171299E0,-2.966977835E0,2.922741413E0
1.578158754E1,2.063704967E0,-1.905200601E0,2.506072044E0
1.579160054E1,1.764696717E0,-4.125791490E-1,2.108301640E0
1.580161354E1,1.139468551E0,5.292898417E-1,1.867980361E0
1.581162754E1,4.308557510E-1,9.659298658E-1,1.613777637E0
1.582164054E1,-9.453985095E-2,9.281475544E-1,1.317427158E0
1.583165454E1,-2.729481161E-1,4.821939468E-1,9.706737995E-1
1.584166754E1,-2.045623958E-1,-2.223272175E-1,5.867586136E-1
1.585168154E1,-5.872297660E-2,-1.107354641E0,1.184150949E-1
1.586169454E1,1.878527105E-1,-2.164101362E0,-4.341079891E-1
1.587170754E1,5.734914541E-1,-3.118200541E0,-9.274063706E-1
1.588172154E1,9.406082034E-1,-3.538782835E0,-1.278769970E0
1.589173454E1,1.161447048E0,-3.194637060E0,-1.473308325E0
1.590174854E1,1.191087246E0,-2.135126352E0,-1.554352283E0
1.591176154E1,9.748123884E-1,-6.564887762E-1,-1.586918712E0
1.592177554E1,5.024555326E-1,6.855885983E-1,-1.622661233E0
1.593178854E1,3.461156040E-2,1.597832322E0,-1.670106292E0
1.594180254E1,-2.166081518E-1,2.011616230E0,-1.729666591E0
1.595181554E1,-2.470280379E-1,1.963513017E0,-1.825566053E0
1.596182854E1,-1.293008775E-1,1.551720381E0,-1.974294305E0
1.597184254E1,5.978096277E-2,9.646851420E-1,-2.186413527E0
1.598185554E1,2.791037560E-1,3.715105355E-1,-2.441245794E0
1.599186954E1,5.045533776E-1,-1.364204288E-1,-2.684444666E0
1.600188254E1,6.953470111E-1,-3.809220791E-1,-2.888576984E0
1.601189654E1,8.578453064E-1,-2.708650529E-1,-3.012349129E0
1.602190954E1,1.000991583E0,5.573251471E-2,-3.027129173E0
1.603192254E1,1.128479242E0,3.523560166E-1,-2.931103230E0
1.604193654E1,1.231501222E0,4.887202382E-1,-2.782655239E0
1.605194954E1,1.327799439E0,4.057183266E-1,-2.639351130E0
1.606196354E1,1.452635407E0,3.208403289E-2,-2.504263639E0
1.607197654E1,1.614397407E0,-5.941941738E-1,-2.404108763E0
1.608199054E1,1.781164289E0,-1.215055227E0,-2.378223181E0
1.609200354E1,1.913434029E0,-1.452348351E0,-2.333739042E0
1.610201654E1,1.997606993E0,-1.240967155E0,-2.172926903E0
1.611203054E1,2.047479868E0,-8.413285613E-1,-1.924287796E0
1.612204354E1,2.131458998E0,-3.848787248E-1,-1.641127706E0
1.613205754E1,2.225930214E0,7.642705459E-3,-1.372584224E0
1.614207054E1,2.337915659E0,2.388868332E-1,-1.133954287E0
1.615208454E1,2.481381655E0,3.318415582E-1,-9.496477842E-1
1.616209754E1,2.648191929E0,2.276467234E-1,-8.355510235E-1
1.617211054E1,2.797527552E0,2.262945473E-1,-7.322373986E-1
1.618212454E1,2.786943197E0,4.728001952E-1,-5.645714402E-1
1.619213754E1,2.588498592E0,8.166418672E-1,-3.105899096E-1
1.620215154E1,2.347924948E0,1.047344327E0,2.431804314E-2
1.621216454E1,2.228276968E0,1.079943657E0,3.813053370E-1
1.622217854E1,2.294604540E0,1.019232869E0,6.717832685E-1
1.623219154E1,2.482924223E0,8.882859945E-1,8.800696135E-1
1.624220454E1,2.727561474E0,6.607822776E-1,1.027589321E0
1.625221854E1,2.973855972E0,3.732553124E-1,1.142591238E0
1.626223154E1,3.198572159E0,-2.454640158E-2,1.186926126E0
1.627224554E1,3.385924578E0,-6.027958393E-1,1.237138748E0
1.628225854E1,3.466123343E0,-9.557778835E-1,1.307241321E0
1.629227254E1,3.314875126E0,-9.964231849E-1,1.442963362E0
1.630228554E1,3.080723524E0,-8.904322982E-1,1.680687785E0
1.631229954E1,2.964876175E0,-8.685314059E-1,1.873131871E0
1.632231254E1,3.046311855E0,-1.046514750E0,1.977958441E0
1.633232554E1,3.318848133E0,-1.330767155E0,2.012717724E0
1.634233954E1,3.713082790E0,-1.705279469E0,2.029226065E0
1.635235321E1,4.186960697E0,-2.353687286E0,2.087240934E0
1.636236721E1,4.814738274E0,-3.305589437E0,2.176840544E0
1.637238021E1,5.590097904E0,-4.362713337E0,2.291181326E0
1.638239421E1,6.393864632E0,-5.360510826E0,2.429534912E0
1.639240721E1,7.039210320E0,-6.111201763E0,2.588305712E0
1.640242021E1,7.422348499E0,-6.558454037E0,2.792360067E0
1.641243421E1,7.562674522E0,-6.613908291E0,2.964312553E0
1.642244721E1,7.385849476E0,-6.210628033E0,2.979047060E0
1.643246121E1,6.870981693E0,-5.564326286E0,2.802549124E0
1.644247421E1,6.066435814E0,-4.810814857E0,2.423051834E0
1.645248821E1,5.116166115E0,-4.164773941E0,1.931609273E0
1.646250121E1,4.260553360E0,-3.865102291E0,1.285727978E0
1.647251421E1,3.790185213E0,-3.872128010E0,6.297953725E-1
1.648252821E1,3.587074995E0,-3.858578920E0,5.731402710E-2
1.649254121E1,3.564899683E0,-3.727627516E0,-4.734605551E-1
1.650255521E1,3.627699137E0,-3.542710543E0,-8.790408373E-1
1.651256821E1,3.451809645E0,-2.987670183E0,-1.190119267E0
1.652258221E1,3.011613131E0,-2.423667908E0,-1.529776096E0
1.653259521E1,2.602738380E0,-1.809699416E0,-1.966229439E0
1.654260821E1,2.332035303E0,-1.077749014E0,-2.525827169E0
1.655262221E1,2.168626308E0,-4.719586968E-1,-3.091913700E0
1.656263521E1,1.997228742E0,-1.093906239E-1,-3.583584309E0
1.657264921E1,1.898689628E0,1.244135275E-1,-4.113310814E0
1.658266221E1,2.037456274E0,1.606325209E-1,-4.606361389E0
1.659267621E1,2.212212801E0,3.369629979E-1,-4.556900978E0
1.660268921E1,1.912856579E0,6.287516952E-1,-4.261435032E0
1.661270221E1,1.367224574E0,8.254335523E-1,-4.200304508E0
1.662271621E1,1.014742970E0,1.068188190E0,-4.376994610E0
1.663272921E1,8.649062514E-1,1.283213854E0,-4.710669518E0
1.664274321E1,7.267997861E-1,1.362548947E0,-5.179948330E0
1.665275621E1,6.460428834E-1,1.337947130E0,-5.671833038E0
1.666277021E1,5.716858506E-1,1.319078326E0,-6.000108719E0
1.667278321E1,3.798497617E-1,1.403126001E0,-6.129861832E0
1.668279621E1,1.523569375E-1,1.691568971E0,-6.259920597E0
1.669281021E1,-5.913967267E-2,1.955827117E0,-6.298106670E0
1.670282321E1,-2.190899253E-1,2.144029617E0,-6.232194424E0
1.671283721E1,-3.688445389E-1,2.334841967E0,-6.119430065E0
1.672285021E1,-6.644815207E-1,2.362215757E0,-6.068599224E0
1.673286421E1,-1.068482399E0,2.310253143E0,-6.084844112E0
1.674287721E1,-1.471047997E0,2.252285004E0,-6.091226101E0
1.675289021E1,-1.871509314E0,2.211496830E0,-6.073462009E0
1.676290421E1,-2.256809950E0,2.265185595E0,-6.057145596E0
1.677291721E1,-2.502946138E0,2.645323277E0,-6.041866779E0
1.678293121E1,-2.336646557E0,3.277098894E0,-5.884633541E0
1.679294421E1,-2.198617220E0,3.765013456E0,-5.754848480E0
1.680295821E1,-2.040873766E0,3.960251331E0,-5.518569469E0
1.681297121E1,-2.125182867E0,3.887402534E0,-5.211822033E0
1.682298421E1,-2.369565487E0,3.831758022E0,-4.962998390E0
1.683299821E1,-2.625566006E0,3.748975277E0,-4.737703800E0
1.684301121E1,-2.760108709E0,3.572275639E0,-4.480589390E0
1.685302521E1,-2.866459131E0,3.280311108E0,-4.170142651E0
1.686303821E1,-3.020068169E0,3.058277369E0,-3.827779293E0
1.687305221E1,-3.148079872E0,2.818978310E0,-3.507080078E0
1.688306521E1,-3.180237770E0,2.693690062E0,-3.215258121E0
1.689307821E1,-3.178022623E0,2.809901953E0,-2.954196930E0
1.690309221E1,-3.169839621E0,2.907885790E0,-2.676375866E0
1.691310521E1,-3.220901251E0,2.646707058E0,-2.428175688E0
1.692311921E1,-3.372347355E0,2.126080751E0,-2.294180393E0
1.693313221E1,-3.302778482E0,1.514265299E0,-2.108926058E0
1.694314621E1,-2.986445189E0,8.840780258E-1,-1.935800791E0
1.695315921E1,-2.476696491E0,1.884281486E-1,-1.785253644E0
1.696317221E1,-2.042558908E0,-2.106707692E-1,-1.717843652E0
1.697318621E1,-1.773800254E0,6.826591492E-2,-1.617298722E0
1.698319921E1,-1.598826647E0,6.137366891E-1,-1.412184238E0
1.699321321E1,-1.407654643E0,1.052798271E0,-1.136722565E0
1.700322621E1,-1.137329936E0,1.290231824E0,-8.411974311E-1
1.701324021E1,-7.542524338E-1,1.293684959E0,-5.514858365E-1
1.702325321E1,-2.475881130E-1,1.016954303E0,-2.963685691E-1
1.703326621E1,3.627677560E-1,5.674042702E-1,-8.832770586E-2
1.704328021E1,9.662336707E-1,1.112930942E-3,7.741385698E-2
1.705329321E1,1.582023978E0,-5.661860704E-1,2.124730200E-1
1.706330721E1,2.157521248E0,-9.933017492E-1,2.798611224E-1
1.707332021E1,2.502192020E0,-1.148822546E0,2.777959108E-1
1.708333421E1,2.503152132E0,-1.075380564E0,2.667509615E-1
1.709334721E1,2.265131712E0,-7.893235087E-1,2.497140318E-1
1.710336021E1,1.906477094E0,-3.875467777E-1,2.112718225E-1
1.711337421E1,1.588963032E0,-2.534212470E-1,2.443917990E-1
1.712338721E1,1.591257334E0,-3.727756143E-1,3.681124151E-1
1.713340121E1,1.880701184E0,-5.156265497E-1,6.043069959E-1
1.714341421E1,2.239842892E0,-8.329325914E-1,9.442920089E-1
1.715342821E1,2.496246338E0,-1.166112781E0,1.206506968E0
1.716344121E1,2.551657677E0,-1.192803741E0,1.338812351E0
1.717345421E1,2.416763783E0,-9.711882472E-1,1.382040262E0
1.718346821E1,2.290202141E0,-7.379384637E-1,1.443369627E0
1.719348121E1,2.358899832E0,-4.382174611E-1,1.716627479E0
1.720349521E1,2.591489077E0,-5.657263845E-2,2.235862732E0
1.721350821E1,2.944159269E0,1.669382900E-1,2.934827089E0
1.722352221E1,3.335149527E0,2.285914123E-2,3.653900146E0
1.723353521E1,3.620952606E0,-5.398890376E-1,4.186015129E0
1.724354821E1,3.826784134E0,-9.539903998E-1,4.550221920E0
1.725356221E1,3.987959623E0,-9.574431777E-1,4.796129227E0
1.726357521E1,3.982515574E0,-6.781103611E-1,4.767343998E0
1.727358921E1,3.655735254E0,-4.330424368E-1,4.594542503E0
1.728360221E1,3.227267981E0,-2.878460884E-1,4.562070847E0
1.729361521E1,3.135309935E0,-3.386815488E-1,4.680111408E0
1.730362921E1,3.622465611E0,-7.735072970E-1,4.924203873E0
1.731364221E1,4.359441757E0,-8.016867638E-1,5.068677902E0
1.732365621E1,4.585702419E0,-1.400547102E-2,4.832962990E0
1.733366921E1,4.090386868E0,9.566755891E-1,4.309754372E0
1.734368321E1,3.311859846E0,1.476922750E0,3.661272049E0
1.735369571E1,2.901494026E0,1.425564289E0,3.146090269E0
1.736370871E1,3.036951303E0,9.535852671E-1,2.741595268E0
1.737372271E1,3.531886578E0,3.526024520E-1,2.416779518E0
1.738373571E1,4.151529312E0,-1.330324113E-1,2.224051952E0
1.739374971E1,4.771173954E0,-4.599922895E-1,2.095907211E0
1.740376271E1,5.277807713E0,-4.780029953E-1,1.968587160E0
1.741377671E1,5.522670269E0,-1.234572455E-1,1.856733441E0
1.742378971E1,5.500967979E0,3.595243394E-1,1.816658735E0
1.743380271E1,5.221037388E0,8.542160392E-1,1.566517115E0
1.744381671E1,4.755452633E0,9.912969470E-1,1.154728532E0
1.745382971E1,4.244242668E0,5.598727465E-1,6.662465334E-1
1.746384371E1,3.890477896E0,-1.449639499E-1,1.861659288E-1
1.747385671E1,3.752463579E0,-5.616630912E-1,-4.009582102E-1
1.748387071E1,3.610607386E0,-6.380593181E-1,-1.060046434E0
1.749388371E1,3.316014051E0,-5.749605298E-1,-1.697527647E0
1.750389671E1,2.930814266E0,-3.844411671E-1,-2.264738321E0
1.751391071E1,2.596040726E0,-8.843979239E-2,-2.735344172E0
1.752392371E1,2.345651865E0,2.634394169E-1,-3.093843699E0
1.753393771E1,2.166403770E0,5.231509209E-1,-3.357259274E0
1.754395071E1,2.066334724E0,6.246655583E-1,-3.516435623E0
1.755396371E1,2.049081564E0,6.179906130E-1,-3.621206284E0
1.756397771E1,2.061065912E0,5.697719455E-1,-3.819774628E0
1.757399071E1,2.004132271E0,4.202298820E-1,-4.140146255E0
1.758400471E1,1.861958265E0,2.395461202E-1,-4.548786163E0
1.759401771E1,1.711990118E0,1.945158541E-1,-4.995662689E0
1.760403171E1,1.558794141E0,2.847786546E-1,-5.370721340E0
1.761404471E1,1.340908408E0,4.312804937E-1,-5.579694748E0
1.762405771E1,1.094885349E0,5.390820503E-1,-5.548891544E0
1.763407171E1,8.020454645E-1,6.894234419E-1,-5.269318104E0
1.764408471E1,4.486708641E-1,7.576970458E-1,-4.938241959E0
1.765409871E1,4.233698919E-2,6.959323287E-1,-4.878117085E0
1.766411171E1,-3.071043491E-1,5.221464038E-1,-4.990001202E0
1.767412571E1,-5.814589858E-1,2.815452814E-1,-5.097127914E0
1.768413871E1,-8.057900667E-1,8.133363724E-2,-5.107532501E0
1.769415171E1,-1.047354460E0,1.094378605E-1,-5.105862141E0
1.770416571E1,-1.347800612E0,1.865909696E-1,-5.128652096E0
1.771417871E1,-1.694425106E0,3.426904976E-1,-5.204895973E0
1.772419271E1,-2.008710623E0,5.794920921E-1,-5.301006317E0
1.773420571E1,-2.280596495E0,7.659744620E-1,-5.327881336E0
1.774421871E1,-2.434705019E0,8.715480566E-1,-5.274097443E0
1.775423271E1,-2.458410263E0,9.246394038E-1,-5.242245197E0
1.776424571E1,-2.404130459E0,8.738641143E-1,-5.258687496E0
1.777425971E1,-2.297737837E0,7.659885287E-1,-5.299627781E0
1.778427271E1,-2.194335699E0,6.921973825E-1,-5.332746506E0
1.779428671E1,-2.154735327E0,6.902208328E-1,-5.309310913E0
1.780429971E1,-2.244468212E0,7.250334024E-1,-5.205963612E0
1.781431271E1,-2.445609808E0,7.326760888E-1,-5.017130375E0
1.782432671E1,-2.704655409E0,7.069456577E-1,-4.788403034E0
1.783433971E1,-2.973725080E0,5.782670379E-1,-4.518628120E0
1.784435371E1,-3.188310385E0,3.417719305E-1,-4.225978851E0
1.785436671E1,-3.318897009E0,7.195642684E-4,-3.889497519E0
1.786438071E1,-3.424627781E0,-4.103209674E-1,-3.481076002E0
1.787439371E1,-3.534410238E0,-7.702890038E-1,-3.032849312E0
1.788440671E1,-3.625941992E0,-1.049390793E0,-2.661885262E0
1.789442071E1,-3.690771103E0,-1.322633386E0,-2.396193743E0
1.790443371E1,-3.720608950E0,-1.742413878E0,-2.152440310E0
1.791444771E1,-3.727346659E0,-2.249361515E0,-1.821157932E0
1.792446071E1,-3.790434837E0,-2.936767578E0,-1.288342237E0
1.793447371E1,-3.911700964E0,-3.661863804E0,-5.625327826E-1
1.794448771E1,-4.121854305E0,-4.374792576E0,3.738264143E-1
1.795450071E1,-4.467005730E0,-5.158404350E0,1.316749811E0
1.796451471E1,-4.811964512E0,-5.790949345E0,1.987193704E0
1.797452771E1,-4.929503918E0,-6.396860123E0,2.429584265E0
1.798454171E1,-4.674625397E0,-7.205069542E0,2.861004353E0
1.799455471E1,-4.162635803E0,-8.045475006E0,3.557877541E0
1.800456771E1,-3.681082249E0,-9.021050453E0,4.681946754E0
1.801458171E1,-3.386769295E0,-1.021661568E1,6.110774040E0
1.802459471E1,-3.117965221E0,-1.112871170E1,7.528480053E0
1.803460871E1,-2.874826431E0,-1.114587307E1,8.879611969E0
1.804462171E1,-2.857826233E0,-1.008700275E1,9.844755173E0
1.805463471E1,-3.054528236E0,-8.927273750E0,9.980333328E0
1.806464871E1,-3.151445150E0,-8.391598701E0,9.413963318E0
1.807466171E1,-3.031579971E0,-8.454092979E0,8.561941147E0
1.808467571E1,-2.836308956E0,-8.825777054E0,7.813691616E0
1.809468871E1,-2.623346090E0,-9.211099625E0,7.322033405E0
1.810470271E1,-2.429761171E0,-9.224021912E0,6.952351093E0
1.811471571E1,-2.279803038E0,-9.394763947E0,6.658417702E0
1.812472871E1,-1.985498190E0,-1.008244419E1,6.485030174E0
1.813474271E1,-1.391185641E0,-1.065861893E1,6.479167938E0
1.814475571E1,-7.060059905E-1,-9.518474579E0,6.331230164E0
1.815476971E1,-3.544371426E-1,-7.875294209E0,6.027216434E0
1.816478271E1,-1.297688782E-1,-6.540341854E0,5.505880833E0
1.817479571E1,1.443207711E-1,-5.164037704E0,4.746040821E0
1.818480971E1,4.885676205E-1,-3.824719667E0,3.979008675E0
1.819482271E1,7.195940614E-1,-2.759852648E0,3.218148232E0
1.820483671E1,7.121374607E-1,-2.239517450E0,2.477559328E0
1.821484971E1,5.798308849E-1,-2.117161036E0,1.755679488E0
1.822486371E1,4.178539515E-1,-2.297219038E0,9.470495582E-1
1.823487671E1,3.689005673E-1,-2.903249979E0,5.927413702E-2
1.824488971E1,4.723414481E-1,-3.553790092E0,-5.612439513E-1
1.825490371E1,2.899399102E-1,-2.901716948E0,-6.689808965E-1
1.826491671E1,-7.194088101E-1,-1.174059510E0,-5.918048620E-1
1.827493071E1,-2.338704348E0,9.487828612E-1,-6.066901684E-1
1.828494371E1,-4.120871067E0,2.839279890E0,-7.828947306E-1
1.829495671E1,-5.834792614E0,4.110939980E0,-1.021323204E0
1.830497071E1,-7.224447250E0,4.753528118E0,-1.407277107E0
1.831498371E1,-8.145600319E0,4.932878017E0,-1.906787872E0
1.832499771E1,-8.737579346E0,4.689643383E0,-2.503793001E0
1.833501071E1,-9.116539001E0,4.168062687E0,-3.116418123E0
1.834502471E1,-9.347472191E0,3.558346748E0,-3.674533606E0
1.835503867E1,-9.481705666E0,2.993375778E0,-4.152964592E0
1.836505167E1,-9.556535721E0,2.652789831E0,-4.516673088E0
1.837506567E1,-9.596860886E0,2.508811712E0,-4.726390362E0
1.838507867E1,-9.559091568E0,2.651703835E0,-4.856181622E0
1.839509267E1,-9.463894844E0,3.052489042E0,-4.957758904E0
1.840510567E1,-9.383024216E0,3.577395201E0,-5.019876957E0
1.841511867E1,-9.286950111E0,4.158396244E0,-5.072618484E0
1.842513267E1,-9.136954308E0,4.737001896E0,-5.125063896E0
1.843514567E1,-8.939275742E0,5.197474003E0,-5.205815315E0
1.844515967E1,-8.696059227E0,5.449135303E0,-5.306711674E0
1.845517267E1,-8.387815475E0,5.562160969E0,-5.344195366E0
1.846518667E1,-8.055069923E0,5.608603001E0,-5.298807144E0
1.847519967E1,-7.662419319E0,5.535588264E0,-5.168397427E0
1.848521267E1,-7.194297314E0,5.389779091E0,-4.944499969E0
1.849522667E1,-6.667138100E0,5.077128410E0,-4.664989471E0
1.850523967E1,-6.121537209E0,4.679698944E0,-4.351765633E0
1.851525367E1,-5.622586727E0,4.220158100E0,-4.024473667E0
1.852526667E1,-5.201074600E0,3.704395056E0,-3.651688576E0
1.853527967E1,-4.857508183E0,3.183270931E0,-3.227213144E0
1.854529367E1,-4.559672356E0,2.701864243E0,-2.729055405E0
1.855530667E1,-4.288011074E0,2.356377602E0,-2.145398617E0
1.856532067E1,-4.036819458E0,2.088597775E0,-1.495779276E0
1.857533367E1,-3.808116913E0,1.777939081E0,-7.807829976E-1
1.858534667E1,-3.604461908E0,1.324983835E0,1.784041151E-2
1.859536067E1,-3.397953987E0,7.631587386E-1,9.174730182E-1
1.860537367E1,-3.165024996E0,1.286308020E-1,1.900625587E0
1.861538767E1,-2.889611244E0,-5.863702297E-1,2.949108362E0
1.862540067E1,-2.584784508E0,-1.224802136E0,3.983541012E0
1.863541467E1,-2.169841528E0,-1.863409400E0,4.895079613E0
1.864542767E1,-1.552441716E0,-2.734526396E0,5.635282040E0
1.865544067E1,-7.117941380E-1,-3.722143173E0,5.987421513E0
1.866545467E1,2.387738377E-1,-4.883022308E0,5.983606815E0
1.867546767E1,1.084355950E0,-6.101746082E0,5.802207947E0
1.868548167E1,1.498878837E0,-7.351029396E0,5.814581394E0
1.869549467E1,1.435988545E0,-8.222336769E0,6.349849224E0
1.870550767E1,1.228943825E0,-8.155235291E0,7.174788952E0
1.871552167E1,8.796323538E-1,-7.369716644E0,7.942791462E0
1.872553467E1,4.299163222E-1,-6.257433414E0,8.537579536E0
1.873554867E1,3.450897709E-2,-5.100555420E0,8.815455437E0
1.874556167E1,-1.477146298E-1,-4.173295975E0,8.587789536E0
1.875557467E1,-1.396252811E-1,-3.877325773E0,7.811763763E0
1.876558867E1,-2.425871557E-3,-4.019470215E0,6.929759979E0
1.877560167E1,1.128012538E-1,-4.514801025E0,6.276516438E0
1.878561567E1,2.533242702E-1,-5.250343800E0,6.041138649E0
1.879562867E1,3.841254711E-1,-5.855367184E0,5.997301579E0
1.880564267E1,4.141861796E-1,-6.616524696E0,6.000028610E0
1.881565567E1,5.112388134E-1,-7.101647377E0,5.979240417E0
1.882566867E1,6.723523736E-1,-6.108564377E0,5.641430855E0
1.883568267E1,5.540349483E-1,-4.376513481E0,5.100096226E0
1.884569567E1,3.288745582E-1,-2.862221003E0,4.313391685E0
1.885570967E1,4.468816519E-2,-2.015827656E0,3.294984579E0
1.886572267E1,-2.134379297E-1,-1.919283390E0,2.292378902E0
1.887573567E1,-2.946502864E-1,-2.470803499E0,1.486112595E0
1.888574967E1,-3.353332877E-1,-2.721423626E0,8.866458535E-1
1.889576267E1,-6.202725172E-1,-1.762685776E0,2.791850865E-1
1.890577667E1,-1.347001433E0,-3.913759589E-1,-2.368886769E-1
1.891578967E1,-2.212371349E0,8.046030998E-1,-8.475038409E-1
1.892580267E1,-3.061213732E0,1.403747916E0,-1.576400280E0
1.893581667E1,-3.614686012E0,1.651653528E0,-2.258533239E0
1.894582967E1,-3.862024307E0,1.778655648E0,-2.886362553E0
1.895584367E1,-4.019427776E0,1.810334325E0,-3.476474524E0
1.896585667E1,-4.164795876E0,1.801700115E0,-4.020144939E0
1.897587067E1,-4.292611122E0,1.806716204E0,-4.477577209E0
1.898588367E1,-4.431362152E0,1.852878928E0,-4.828879356E0
1.899589667E1,-4.616972923E0,1.985989332E0,-5.066185474E0
1.900591067E1,-4.851274014E0,2.197248697E0,-5.236843586E0
1.901592367E1,-5.096500397E0,2.420871973E0,-5.413536549E0
1.902593767E1,-5.344783306E0,2.639963865E0,-5.631469250E0
1.903595067E1,-5.572036266E0,2.808465958E0,-5.869740963E0
1.904596367E1,-5.762126446E0,2.958935022E0,-6.097329617E0
1.905597767E1,-5.883103371E0,3.043920517E0,-6.254152775E0
1.906599067E1,-5.942255497E0,3.184976339E0,-6.320950031E0
1.907600467E1,-5.950461864E0,3.360255480E0,-6.330811977E0
1.908601767E1,-5.891088009E0,3.472819805E0,-6.238512039E0
1.909603067E1,-5.725771427E0,3.520174026E0,-6.031527042E0
1.910604467E1,-5.434706688E0,3.464201927E0,-5.785386562E0
1.911605767E1,-5.017276764E0,3.279037476E0,-5.513608932E0
1.912607167E1,-4.596465111E0,2.939973116E0,-5.274630547E0
1.913608467E1,-4.304923534E0,2.509977102E0,-5.038429737E0
1.914609767E1,-4.134482384E0,2.162914991E0,-4.756516457E0
1.915611167E1,-3.991058350E0,1.916644335E0,-4.320854664E0
1.916612467E1,-3.834743500E0,1.666950703E0,-3.728368044E0
1.917613867E1,-3.663753986E0,1.406015635E0,-3.038542032E0
1.918615167E1,-3.355019093E0,1.122690439E0,-2.223248243E0
1.919616567E1,-2.977275610E0,8.248162270E-1,-1.348840833E0
1.920617867E1,-2.697416067E0,5.313414931E-1,-4.222545028E-1
1.921619167E1,-2.518152952E0,3.224732578E-1,5.793205500E-1
1.922620567E1,-2.335839748E0,2.714598775E-1,1.571208477E0
1.923621867E1,-2.133146763E0,1.908650547E-1,2.490970612E0
1.924623267E1,-1.931079626E0,-5.632555112E-3,3.392391443E0
1.925624567E1,-1.700941682E0,-3.229652047E-1,4.213996410E0
1.926625867E1,-1.409552217E0,-7.096804380E-1,4.832762241E0
1.927627267E1,-1.103567719E0,-1.100254059E0,5.284538269E0
1.928628567E1,-8.552670479E-1,-1.564710140E0,5.665718555E0
1.929629967E1,-6.730294824E-1,-1.977920651E0,6.028136253E0
1.930631267E1,-5.869218111E-1,-2.226846933E0,6.276795387E0
1.931632567E1,-5.855571032E-1,-2.443986654E0,6.413764954E0
1.932633967E1,-6.376032233E-1,-2.738133669E0,6.571171761E0
1.933635267E1,-7.725716829E-1,-3.038976908E0,6.744400024E0
1.934636667E1,-1.045700669E0,-3.128987312E0,6.937398434E0
1.935637854E1,-1.404128671E0,-2.846702814E0,6.960680008E0
1.936639154E1,-1.836191893E0,-2.327556372E0,6.711979866E0
1.937640554E1,-2.365798712E0,-1.845348120E0,6.225217819E0
1.938641854E1,-2.880649805E0,-1.488312721E0,5.491095066E0
1.939643254E1,-3.207466602E0,-1.255490899E0,4.566320419E0
1.940644554E1,-3.340545893E0,-1.178581476E0,3.733172178E0
1.941645854E1,-3.413673878E0,-1.037253499E0,3.155473471E0
1.942647254E1,-3.583720922E0,-8.019816279E-1,2.828651905E0
1.943648554E1,-3.834660053E0,-5.197385550E-1,2.544260502E0
1.944649954E1,-4.060377598E0,-3.104138076E-1,2.242597342E0
1.945651254E1,-4.179750919E0,-4.727839231E-1,1.941233397E0
1.946652554E1,-4.118111134E0,-1.278439045E0,1.758521914E0
1.947653954E1,-3.989539385E0,-2.363721609E0,1.605048418E0
1.948655254E1,-3.973813295E0,-2.796611071E0,1.251607299E0
1.949656654E1,-4.144500732E0,-2.492727757E0,7.665521502E-1
1.950657954E1,-4.477140903E0,-1.742153764E0,1.799616218E-1
1.951659254E1,-4.806086063E0,-7.235779166E-1,-3.983613253E-1
1.952660654E1,-4.995603085E0,5.638129637E-2,-9.023253918E-1
1.953661954E1,-4.956374645E0,3.803593516E-1,-1.360332608E0
1.954663354E1,-4.722733498E0,1.957543790E-1,-1.734810591E0
1.955664654E1,-4.409624577E0,-4.210578501E-1,-2.033468008E0
1.956665954E1,-4.128310680E0,-1.317283154E0,-2.281977654E0
1.957667354E1,-3.955400944E0,-2.350018501E0,-2.515445232E0
1.958668654E1,-3.884059668E0,-3.307977915E0,-2.705425024E0
1.959670054E1,-3.901033878E0,-4.014635563E0,-2.860448837E0
1.960671354E1,-4.033140182E0,-4.397237301E0,-3.010778904E0
1.961672654E1,-4.272917747E0,-4.387358189E0,-3.143914700E0
1.962674054E1,-4.564434052E0,-4.043714523E0,-3.251592875E0
1.963675354E1,-4.888478756E0,-3.426357746E0,-3.338109493E0
1.964676754E1,-5.161810398E0,-2.603995562E0,-3.408504725E0
1.965678054E1,-5.305007935E0,-1.768438101E0,-3.480326176E0
1.966679454E1,-5.251582623E0,-1.245424151E0,-3.575742006E0
1.967680754E1,-4.959174156E0,-1.290683150E0,-3.724994183E0
1.968682054E1,-4.461987972E0,-1.709427476E0,-3.891216516E0
1.969683454E1,-3.914903641E0,-2.249170303E0,-4.004446507E0
1.970684754E1,-3.426265955E0,-2.681458473E0,-4.054836750E0
1.971686154E1,-2.986173868E0,-2.964896202E0,-4.069486618E0
1.972687454E1,-2.571445227E0,-2.973426580E0,-4.055010319E0
1.973688754E1,-2.160716057E0,-2.742026091E0,-3.993104935E0
1.974690154E1,-1.752657294E0,-2.609710693E0,-3.976999760E0
1.975691454E1,-1.269917965E0,-2.654816628E0,-4.029819965E0
1.976692854E1,-7.580291033E-1,-2.916620970E0,-4.123182774E0
1.977694154E1,-2.770366967E-1,-3.390396357E0,-4.252647877E0
1.978695454E1,1.312309653E-1,-4.020457268E0,-4.415831089E0
1.979696854E1,4.213656783E-1,-4.594920635E0,-4.597620487E0
1.980698154E1,5.967769027E-1,-4.848729610E0,-4.740408421E0
1.981699554E1,6.892818213E-1,-4.766959190E0,-4.805805683E0
1.982700854E1,7.911309600E-1,-4.486805439E0,-4.811264515E0
1.983702154E1,9.344540238E-1,-4.342981815E0,-4.778149128E0
1.984703554E1,1.107307792E0,-4.379000187E0,-4.752715588E0
1.985704854E1,1.292674899E0,-4.306756496E0,-4.664956093E0
1.986706254E1,1.404630184E0,-4.090822220E0,-4.548425198E0
1.987707554E1,1.464215040E0,-3.697645664E0,-4.429090023E0
1.988708854E1,1.470478535E0,-3.144940376E0,-4.297783852E0
1.989710254E1,1.489291072E0,-2.869394302E0,-4.238523483E0
1.990711554E1,1.783198595E0,-2.928647995E0,-4.265308857E0
1.991712954E1,2.248260975E0,-3.017075777E0,-4.327733040E0
1.992714254E1,2.648321867E0,-3.138851643E0,-4.394149780E0
1.993715554E1,2.989390850E0,-3.193157434E0,-4.403120041E0
1.994716954E1,3.214559793E0,-2.943092823E0,-4.303311348E0
1.995718254E1,3.309239388E0,-2.345730305E0,-4.128545761E0
1.996719654E1,3.385188341E0,-1.600800872E0,-3.974253893E0
1.997720954E1,3.561964512E0,-7.612646222E-1,-3.867308140E0
1.998722254E1,3.873527527E0,1.222185045E-1,-3.702897310E0
1.999723654E1,4.197361946E0,1.052393794E0,-3.432172298E0
2.000724954E1,4.388936520E0,2.064624786E0,-3.082669020E0
2.001726354E1,4.516772747E0,3.180747271E0,-2.707761049E0
2.002727654E1,4.629061222E0,4.125813007E0,-2.393490553E0
2.003728954E1,4.820551395E0,5.015361309E0,-2.211995840E0
2.004730354E1,5.203921795E0,6.095350266E0,-2.033808708E0
2.005731654E1,5.469448566E0,7.245619774E0,-1.926402092E0
2.006733054E1,5.492135048E0,8.313716888E0,-1.899391174E0
2.007734354E1,5.428871155E0,9.201686859E0,-1.911238551E0
2.008735654E1,5.390613079E0,9.858031273E0,-1.975071311E0
2.009737054E1,5.511268616E0,1.015329933E1,-2.127220154E0
2.010738354E1,5.816577911E0,9.981603622E0,-2.321614981E0
2.011739754E1,6.111144066E0,9.566482544E0,-2.451411009E0
2.012741054E1,6.143909931E0,8.999562263E0,-2.610216618E0
2.013742354E1,5.892391205E0,8.264205933E0,-2.774316788E0
2.014743754E1,5.419305325E0,7.586749077E0,-2.895501614E0
2.015745054E1,4.682888985E0,6.808062553E0,-3.022336006E0
2.016746454E1,3.840304136E0,5.911496639E0,-3.237852573E0
2.017747754E1,3.022496462E0,5.369962215E0,-3.671490669E0
2.018749054E1,2.313753843E0,5.222559929E0,-4.113158226E0
2.019750454E1,1.627217174E0,5.070775032E0,-4.351888657E0
2.020751754E1,1.001151204E0,4.762059212E0,-4.363657951E0
2.021753154E1,4.643122256E-1,4.213980198E0,-4.198495388E0
2.022754454E1,5.474893004E-2,3.506511450E0,-3.963553905E0
2.023755754E1,-2.112339735E-1,2.961445808E0,-3.807136059E0
2.024757154E1,-3.987876177E-1,2.417141914E0,-3.724330664E0
2.025758454E1,-5.144365430E-1,1.973235965E0,-3.790769339E0
2.026759854E1,-6.435255408E-1,1.915520430E0,-4.011084080E0
2.027761154E1,-7.801584601E-1,2.224578857E0,-4.256772041E0
2.028762454E1,-9.332867861E-1,2.562646151E0,-4.453474998E0
2.029763854E1,-1.060265064E0,2.666378736E0,-4.507046223E0
2.030765154E1,-1.157509565E0,2.573662996E0,-4.469478607E0
2.031766554E1,-1.180136323E0,2.237074137E0,-4.392347336E0
2.032767854E1,-1.074684262E0,1.392676711E0,-4.253164291E0
2.033769154E1,-9.511918426E-1,2.591886818E-1,-4.201307297E0
2.034770554E1,-7.551674843E-1,-1.123642683E0,-4.311515808E0
2.035771879E1,-5.347340703E-1,-2.604984045E0,-4.501054764E0
2.036773279E1,-3.475820422E-1,-3.950827837E0,-4.722488880E0
2.037774579E1,-2.285454571E-1,-5.083924770E0,-4.896664619E0
2.038775879E1,-1.127844900E-1,-5.934962749E0,-4.969568253E0
2.039777279E1,6.218993664E-2,-6.629318237E0,-4.947032452E0
2.040778579E1,3.825317323E-1,-7.398195744E0,-4.846434593E0
2.041779979E1,8.419545293E-1,-8.153323174E0,-4.711091995E0
2.042781279E1,1.294592261E0,-8.824437141E0,-4.640842915E0
2.043782579E1,1.649062991E0,-9.322053909E0,-4.654474258E0
2.044783979E1,1.918926477E0,-9.590920448E0,-4.716246605E0
2.045785279E1,2.180138826E0,-9.684581757E0,-4.785215855E0
2.046786579E1,2.492145300E0,-9.544309616E0,-4.840692520E0
2.047787979E1,2.764292002E0,-9.094997406E0,-4.945276737E0
2.048789279E1,2.888608694E0,-8.543031693E0,-5.046795845E0
2.049790679E1,2.977358818E0,-8.484702110E0,-5.078559399E0
2.050791979E1,3.178349018E0,-8.645614624E0,-5.091204166E0
2.051793279E1,3.490361929E0,-8.804029465E0,-5.088524342E0
2.052794679E1,3.906347990E0,-8.799029350E0,-5.035245419E0
2.053795979E1,4.332463741E0,-8.615002632E0,-4.934806347E0
2.054797379E1,4.717098713E0,-8.117590904E0,-4.767854691E0
2.055798679E1,4.993754864E0,-7.208866119E0,-4.532519341E0
2.056799979E1,5.067962170E0,-5.976220131E0,-4.242048264E0
2.057801379E1,4.954962254E0,-4.598502159E0,-3.974988222E0
2.058802679E1,4.774457932E0,-3.467361450E0,-3.747465372E0
2.059804079E1,4.641635418E0,-2.581959248E0,-3.507328749E0
2.060805379E1,4.590213299E0,-1.928494453E0,-3.243345737E0
2.061806679E1,4.671751499E0,-1.371962190E0,-3.128914595E0
2.062808079E1,4.904598713E0,-7.554326653E-1,-3.090476274E0
2.063809379E1,5.009056568E0,6.943211704E-2,-2.980206966E0
2.064810779E1,4.899849892E0,1.218441963E0,-2.877346277E0
2.065812079E1,4.352864265E0,2.661016226E0,-2.769578218E0
2.066813379E1,3.641303062E0,4.682923794E0,-2.682642698E0
2.067814779E1,2.896409035E0,7.128772259E0,-2.821177244E0
2.068816079E1,2.168915987E0,9.677048683E0,-3.068323374E0
2.069817479E1,1.626936436E0,1.171700001E1,-3.151619911E0
2.070818779E1,1.496499777E0,1.287348747E1,-3.072149277E0
2.071820079E1,1.819710612E0,1.313498974E1,-2.893637419E0
2.072821479E1,2.298470736E0,1.261591721E1,-2.763849020E0
2.073822779E1,2.794145107E0,1.152233601E1,-2.805557489E0
2.074824179E1,3.083969593E0,9.803909302E0,-2.977235556E0
2.075825479E1,3.089671373E0,8.238559723E0,-3.354696751E0
2.076826779E1,2.721010923E0,7.250639915E0,-3.865690708E0
2.077828179E1,1.874914646E0,6.502389908E0,-4.228677750E0
2.078829479E1,6.954027414E-1,5.731119633E0,-4.427647591E0
2.079830779E1,-4.966220558E-1,4.959536552E0,-4.520383835E0
2.080832179E1,-1.407921076E0,4.170699596E0,-4.524194717E0
2.081833479E1,-2.006594658E0,3.338711739E0,-4.518172264E0
2.082834879E1,-2.321674824E0,2.574063540E0,-4.475768566E0
2.083836179E1,-2.413601875E0,1.858404636E0,-4.347929955E0
2.084837479E1,-2.352308035E0,1.159079313E0,-4.144402981E0
2.085838879E1,-2.169803381E0,5.375601053E-1,-3.927558422E0
2.086840179E1,-1.596219301E0,2.104189992E-1,-3.692813396E0
2.087841579E1,-9.851761460E-1,8.397419751E-2,-3.584167004E0
2.088842879E1,-4.885027707E-1,-8.700340241E-2,-3.601540327E0
2.089844179E1,-1.488518715E-1,-2.461073697E-1,-3.690195799E0
2.090845579E1,7.561054081E-2,-3.924115896E-1,-3.797054768E0
2.091846879E1,1.951484680E-1,-7.822934389E-1,-3.822170734E0
2.092848279E1,3.293126822E-1,-1.469556689E0,-3.764943361E0
2.093849579E1,5.368953347E-1,-2.437977076E0,-3.711103439E0
2.094850879E1,8.418363333E-1,-3.566991091E0,-3.702090263E0
2.095852279E1,1.182513714E0,-4.631013393E0,-3.767274857E0
2.096853579E1,1.445025563E0,-5.510651588E0,-3.887579203E0
2.097854879E1,1.518681645E0,-6.135324478E0,-3.972386599E0
2.098856279E1,1.405080438E0,-6.744158268E0,-3.973171949E0
2.099857579E1,1.213508368E0,-7.376594543E0,-3.955331326E0
2.100858979E1,1.039610624E0,-8.043228149E0,-3.974758863E0
2.101860279E1,9.375038147E-1,-8.529744148E0,-4.053993225E0
2.102861579E1,8.933259249E-1,-8.959912300E0,-4.149814129E0
2.103862979E1,9.365471601E-1,-9.288184166E0,-4.193981647E0
2.104864279E1,1.049489617E0,-9.311375618E0,-4.143551826E0
2.105865679E1,1.146492958E0,-9.055664062E0,-4.000034809E0
2.106866979E1,1.173263311E0,-8.707928658E0,-3.824940205E0
2.107868279E1,1.133173704E0,-8.391733170E0,-3.648235798E0
2.108869679E1,1.094297767E0,-7.846077442E0,-3.553933620E0
2.109870979E1,1.071133137E0,-7.216542244E0,-3.501252413E0
2.110872379E1,1.151317954E0,-6.724707603E0,-3.463826656E0
2.111873679E1,1.383476615E0,-6.142840385E0,-3.427792549E0
2.112874979E1,1.639623404E0,-5.446182251E0,-3.386424780E0
2.113876379E1,1.927085400E0,-4.619424343E0,-3.362306118E0
2.114877679E1,2.240289211E0,-3.892882347E0,-3.284417391E0
2.115878979E1,2.487893581E0,-3.154388189E0,-3.102692366E0
2.116880379E1,2.600336313E0,-2.204089403E0,-2.864893913E0
2.117881679E1,2.591873884E0,-1.112042904E0,-2.629440069E0
2.118883079E1,2.563421726E0,-1.483964920E-1,-2.439304590E0
2.119884379E1,2.621529102E0,6.864950657E-1,-2.340788841E0
2.120885679E1,2.721709251E0,1.389129043E0,-2.247415066E0
2.121887079E1,2.832506418E0,2.089529037E0,-2.162819386E0
2.122888379E1,2.987199068E0,2.723147392E0,-2.078642845E0
2.123889779E1,3.273413897E0,3.159374237E0,-2.004461527E0
2.124891079E1,3.641517878E0,3.312921762E0,-1.992798686E0
2.125892379E1,3.992810488E0,3.383501053E0,-2.137951374E0
2.126893779E1,4.216977119E0,3.535268307E0,-2.381733894E0
2.127895079E1,4.339891911E0,4.005657673E0,-2.670614719E0
2.128896379E1,4.359144688E0,4.745314598E0,-2.965770006E0
2.129897779E1,4.316798687E0,5.632986069E0,-3.194779634E0
2.130899079E1,4.323546410E0,6.504584312E0,-3.313144922E0
2.131900479E1,4.459378242E0,7.140742302E0,-3.415968657E0
2.132901779E1,4.739616394E0,7.442085266E0,-3.552891016E0
2.133903079E1,4.993560791E0,7.344639778E0,-3.678203583E0
2.134904479E1,5.027235031E0,7.037870407E0,-3.935539722E0
2.135905717E1,4.970880508E0,6.697983742E0,-4.123429775E0
2.136907117E1,4.876311779E0,6.135256290E0,-4.078501701E0
2.137908417E1,4.593742847E0,5.510836124E0,-3.800472021E0
2.138909717E1,4.001329422E0,4.877956867E0,-3.602035284E0
2.139911117E1,3.283072948E0,4.105134964E0,-3.563539028E0
2.140912417E1,2.483056068E0,3.208374500E0,-3.649904251E0
2.141913717E1,1.649772763E0,2.472288609E0,-3.946868658E0
2.142915117E1,7.820333242E-1,2.016032934E0,-4.273489475E0
2.143916417E1,-5.661163852E-2,1.969589114E0,-4.513260841E0
2.144917817E1,-7.846173644E-1,2.118384838E0,-4.592825890E0
2.145919117E1,-1.391172647E0,2.273115396E0,-4.515664101E0
2.146920417E1,-1.834579706E0,2.390969992E0,-4.420604706E0
2.147921817E1,-1.965783954E0,2.370872498E0,-4.321369648E0
2.148923117E1,-1.883225203E0,2.152449131E0,-4.246020794E0
2.149924517E1,-1.639188409E0,1.950728416E0,-4.251241684E0
2.150925817E1,-1.370526671E0,1.683285236E0,-4.351363182E0
2.151927117E1,-1.236909270E0,1.403689146E0,-4.509431839E0
2.152928517E1,-1.285147309E0,1.312349439E0,-4.618282795E0
2.153929817E1,-1.457364202E0,1.389156699E0,-4.656067848E0
2.154931117E1,-1.730234265E0,1.508942127E0,-4.664600372E0
2.155932517E1,-2.069792509E0,1.867624760E0,-4.698419094E0
2.156933817E1,-2.294139147E0,2.468153238E0,-4.585208416E0
2.157935217E1,-2.363666773E0,3.071308136E0,-4.379893303E0
2.158936517E1,-2.260345221E0,3.424536705E0,-4.146645546E0
2.159937817E1,-2.118046761E0,3.648323298E0,-4.050530434E0
2.160939217E1,-1.285207152E0,3.236986637E0,-3.708988428E0
2.161940517E1,-2.347992659E-1,2.651100874E0,-3.449668169E0
2.162941817E1,8.180510998E-1,1.586477041E0,-3.421914339E0
2.163943217E1,1.726011157E0,1.100715399E-1,-3.526765585E0
2.164944517E1,2.499594450E0,-1.567389965E0,-3.746037006E0
2.165945917E1,3.105184317E0,-3.110238552E0,-3.994379520E0
2.166947217E1,3.481163740E0,-4.334384441E0,-4.191946507E0
2.167948517E1,3.640332937E0,-5.135990143E0,-4.280613899E0
2.168949917E1,3.624820948E0,-5.645594597E0,-4.203206062E0
2.169951217E1,3.420444250E0,-6.071518421E0,-4.009626865E0
2.170952617E1,3.088451624E0,-6.607545853E0,-3.739783525E0
2.171953917E1,2.708628654E0,-7.168591022E0,-3.471288919E0
2.172955217E1,2.440084219E0,-7.485343456E0,-3.310200930E0
2.173956617E1,2.374001265E0,-7.420154572E0,-3.241981268E0
2.174957917E1,2.486907721E0,-6.949675083E0,-3.256057501E0
2.175959217E1,2.769635439E0,-6.272372246E0,-3.325003862E0
2.176960617E1,3.221096516E0,-5.539882660E0,-3.452805758E0
2.177961917E1,3.775750637E0,-5.062749386E0,-3.623950481E0
2.178963317E1,4.310570717E0,-5.023867130E0,-3.759685040E0
2.179964617E1,4.780061722E0,-5.268981934E0,-3.850064516E0
2.180965917E1,5.176819801E0,-5.549187183E0,-3.868038654E0
2.181967317E1,5.502220631E0,-5.750506878E0,-3.751378775E0
2.182968617E1,5.762680531E0,-5.870546818E0,-3.543318987E0
2.183969917E1,5.909562588E0,-5.916849613E0,-3.293898106E0
2.184971317E1,6.061550617E0,-5.563544750E0,-3.055476904E0
2.185972617E1,6.065044403E0,-5.033934116E0,-2.739790201E0
2.186974017E1,5.896721363E0,-4.513454914E0,-2.435174227E0
2.187975317E1,5.674048424E0,-3.786610126E0,-2.135288000E0
2.188976617E1,5.475191116E0,-2.759377956E0,-1.881789565E0
2.189978017E1,5.228348255E0,-1.622867823E0,-1.701241732E0
2.190979317E1,4.994716167E0,-7.645017505E-1,-1.516914845E0
2.191980617E1,4.874702930E0,-1.535571665E-1,-1.337987542E0
2.192982017E1,4.733851910E0,2.939380705E-1,-1.227979183E0
2.193983317E1,4.639647961E0,3.954098225E-1,-1.110932827E0
2.194984717E1,4.691451073E0,2.993613183E-1,-9.771898985E-1
2.195986017E1,4.814663887E0,1.970680058E-1,-8.524844050E-1
2.196987317E1,4.846837044E0,2.879904509E-1,-9.078280926E-1
2.197988717E1,4.656025887E0,4.892555475E-1,-1.193588734E0
2.198990017E1,4.151989937E0,9.999272823E-1,-1.684306741E0
2.199991317E1,3.302878141E0,1.890022159E0,-2.219043255E0
2.200992717E1,2.193153858E0,3.224292278E0,-2.616246462E0
2.201994017E1,1.121769190E0,4.954930782E0,-2.875169516E0
2.202995417E1,4.198678136E-1,6.695160866E0,-3.013864517E0
2.203996717E1,1.640725881E-1,7.826066971E0,-3.113113403E0
2.204998017E1,3.057138920E-1,8.350365639E0,-3.202516317E0
2.205999417E1,6.763777137E-1,8.379061699E0,-3.247192144E0
2.207000717E1,1.150597930E0,8.067805290E0,-3.278567076E0
2.208002017E1,1.547004461E0,7.607581139E0,-3.312524319E0
2.209003417E1,1.741081595E0,7.262350082E0,-3.399366379E0
2.210004717E1,1.661552668E0,7.105869293E0,-3.517701149E0
2.211006117E1,1.356247902E0,7.260447025E0,-3.761935472E0
2.212007417E1,9.824950099E-1,7.407204628E0,-4.070803642E0
2.213008717E1,8.612537980E-1,7.258815765E0,-4.527292252E0
2.214010117E1,9.673264027E-1,6.976853848E0,-4.906780720E0
2.215011417E1,9.699661136E-1,6.658309937E0,-5.126809120E0
2.216012817E1,8.071738482E-1,6.502828598E0,-5.198523045E0
2.217014117E1,5.548957586E-1,6.558236599E0,-5.118898392E0
2.218015417E1,2.535638809E-1,6.605099678E0,-4.990281105E0
2.219016817E1,-3.155602887E-2,6.509590626E0,-4.977480412E0
2.220018117E1,-2.541130781E-1,6.264502048E0,-5.142353535E0
2.221019417E1,-3.724221289E-1,5.876291752E0,-5.512657166E0
2.222020817E1,-3.534228802E-1,5.376175880E0,-5.920366764E0
2.223022117E1,-1.881665289E-1,5.047651291E0,-6.271138191E0
2.224023417E1,3.881603479E-4,4.832074642E0,-6.557306767E0
2.225024817E1,1.898249388E-1,4.674659252E0,-6.688750267E0
2.226026117E1,3.995403647E-1,4.596627712E0,-6.453681469E0
2.227027517E1,4.877149761E-1,4.763258934E0,-5.806142330E0
2.228028817E1,3.502379358E-1,4.873193741E0,-5.017842293E0
2.229030117E1,3.699371591E-2,4.967797279E0,-4.399316788E0
2.230031517E1,-2.297028750E-1,4.932111263E0,-4.137313366E0
2.231032817E1,-3.290800452E-1,4.636354446E0,-4.302850723E0
2.232034217E1,-3.216223419E-1,3.963296175E0,-4.690494537E0
2.233035517E1,-2.958999276E-1,3.332883596E0,-5.067437649E0
2.234036817E1,-2.630324662E-1,2.872390747E0,-5.254473686E0
2.235038217E1,-5.997176096E-2,2.733820677E0,-5.184051037E0
2.236039583E1,1.963489056E-1,2.782762766E0,-4.894093990E0
2.237040883E1,3.489304483E-1,2.867277145E0,-4.451502323E0
2.238042283E1,3.664528728E-1,2.914640903E0,-3.955332041E0
2.239043583E1,2.862618864E-1,2.839929342E0,-3.472905159E0
2.240044883E1,1.802278757E-1,2.604174137E0,-3.150381088E0
2.241046283E1,1.917587034E-2,2.372111559E0,-3.044661760E0
2.242047583E1,-1.565237343E-1,1.940525532E0,-3.128820658E0
2.243048983E1,-1.976701021E-1,1.205401182E0,-3.232629776E0
2.244050283E1,-1.418860853E-1,6.995936632E-1,-3.395942926E0
2.245051583E1,5.791038647E-2,2.833005786E-1,-3.514947414E0
2.246052983E1,2.923718691E-1,-1.692217290E-1,-3.546181679E0
2.247054283E1,5.526273847E-1,-5.849347711E-1,-3.494749069E0
2.248055583E1,6.977913380E-1,-9.012120366E-1,-3.254700422E0
2.249056983E1,7.017154694E-1,-1.016803384E0,-2.836552143E0
2.250058283E1,5.811365843E-1,-7.648707628E-1,-2.338859320E0
2.251059683E1,2.891662121E-1,-2.551877797E-1,-1.915807843E0
2.252060983E1,-1.509271562E-1,2.375389636E-1,-1.596363306E0
2.253062283E1,-5.785501003E-1,6.723316908E-1,-1.416664362E0
2.254063683E1,-8.563541174E-1,8.807414770E-1,-1.409749746E0
2.255064983E1,-8.872707486E-1,8.220757246E-1,-1.510704756E0
2.256066283E1,-6.972792745E-1,4.262391925E-1,-1.650657415E0
2.257067683E1,-3.805838525E-1,-2.213973850E-1,-1.788909078E0
2.258068983E1,-7.397577632E-3,-8.509946465E-1,-1.895449996E0
2.259070383E1,3.017379045E-1,-1.238963842E0,-1.878302932E0
2.260071683E1,4.447045326E-1,-1.333033442E0,-1.752175212E0
2.261072983E1,4.252176583E-1,-1.190104842E0,-1.593480945E0
2.262074383E1,3.207224011E-1,-9.695224762E-1,-1.361654878E0
2.263075683E1,2.329848409E-1,-7.403209805E-1,-1.098716140E0
2.264076983E1,1.988095343E-1,-6.009601951E-1,-8.979876041E-1
2.265078383E1,1.881510317E-1,-5.678994656E-1,-7.552440166E-1
2.266079683E1,1.680376083E-1,-4.806052744E-1,-6.743384600E-1
2.267080983E1,1.282443851E-1,-3.074060678E-1,-6.580934525E-1
2.268082383E1,6.867071986E-2,-1.997050941E-1,-6.464666724E-1
2.269083683E1,1.436061040E-2,-1.831301153E-1,-6.335186958E-1
2.270085083E1,-7.240090054E-4,-2.783963382E-1,-6.406576633E-1
2.271086383E1,6.682254374E-2,-5.456762314E-1,-6.690538526E-1
2.272087683E1,2.625804543E-1,-8.113901615E-1,-7.073665261E-1
2.273089083E1,4.619771838E-1,-9.858977795E-1,-7.194631696E-1
2.274090383E1,5.749757290E-1,-1.125671148E0,-6.698145866E-1
2.275091683E1,6.222697496E-1,-1.141985893E0,-5.962005258E-1
2.276093083E1,6.056772470E-1,-1.043087006E0,-5.017253757E-1
2.277094383E1,5.334448814E-1,-9.922307730E-1,-3.711119592E-1
2.278095783E1,4.244219065E-1,-9.161536694E-1,-2.480412573E-1
2.279097083E1,3.209761977E-1,-8.621327877E-1,-1.775622815E-1
2.280098383E1,2.693832219E-1,-7.584742308E-1,-1.379974037E-1
2.281099783E1,2.563246787E-1,-6.833654046E-1,-1.181424707E-1
2.282101083E1,2.999593616E-1,-6.845238805E-1,-9.366759658E-2
2.283102383E1,4.103039801E-1,-7.713631988E-1,-3.704001009E-2
2.284103783E1,5.115789771E-1,-9.233573079E-1,1.228103135E-2
2.285105083E1,5.705174208E-1,-1.066746473E0,7.074833661E-2
2.286106383E1,6.031114459E-1,-1.143545508E0,1.472775936E-1
2.287107783E1,6.059000492E-1,-1.137122512E0,2.311858088E-1
2.288109083E1,5.519663692E-1,-9.691953659E-1,2.975464761E-1
2.289110483E1,4.450649619E-1,-7.439321876E-1,3.418998122E-1
2.290111783E1,3.426704407E-1,-5.652775764E-1,3.808163702E-1
2.291113083E1,2.860510945E-1,-4.186034203E-1,4.326055348E-1
2.292114483E1,2.628537118E-1,-3.092336953E-1,4.740782976E-1
2.293115783E1,2.478608936E-1,-3.151597679E-1,5.066311955E-1
2.294117083E1,2.648944557E-1,-4.505659640E-1,5.495098233E-1
2.295118483E1,3.449861109E-1,-6.619256139E-1,6.125660539E-1
2.296119783E1,4.734233022E-1,-9.026846290E-1,6.479619741E-1
2.297121183E1,6.169248223E-1,-1.089262724E0,6.272292733E-1
2.298122483E1,7.302268744E-1,-1.107899785E0,5.765210986E-1
2.299123783E1,7.688570619E-1,-8.572548032E-1,5.194703341E-1
2.300125183E1,6.718741655E-1,-4.554548860E-1,4.299898446E-1
2.301126483E1,4.936112165E-1,-3.951545805E-2,3.912275434E-1
2.302127783E1,2.972791791E-1,3.119681478E-1,3.956899047E-1
2.303129183E1,1.527076215E-1,4.833742678E-1,4.197621942E-1
2.304130483E1,1.046600267E-1,4.472485185E-1,4.450989366E-1
2.305131783E1,1.318668723E-1,2.783292830E-1,4.489136636E-1
2.306133183E1,1.696437895E-1,7.110068202E-2,3.951676786E-1
2.307134483E1,2.257323563E-1,-1.017792076E-1,3.078639209E-1
2.308135883E1,2.962999642E-1,-2.449217588E-1,2.157778889E-1
2.309137183E1,3.634382784E-1,-3.658982515E-1,1.626049578E-1
2.310138483E1,4.125459790E-1,-4.227423072E-1,1.719721705E-1
2.311139883E1,3.985947371E-1,-3.198646605E-1,2.287752777E-1
2.312141183E1,3.131691813E-1,-1.581280231E-1,2.814024091E-1
2.313142483E1,2.070944011E-1,4.491112381E-2,3.082619905E-1
2.314143883E1,1.144694015E-1,3.011208773E-1,3.147106469E-1
2.315145183E1,3.438362479E-2,4.967556298E-1,2.939504981E-1
2.316146583E1,-6.306729279E-3,5.148521066E-1,2.595195770E-1
2.317147883E1,2.450098470E-2,4.234026372E-1,2.580377758E-1
2.318149183E1,9.613496065E-2,2.576072812E-1,2.517585754E-1
2.319150583E1,1.724994928E-1,8.686191589E-2,2.381809801E-1
2.320151883E1,2.221915573E-1,-4.089927301E-2,2.292656749E-1
2.321153183E1,2.370288223E-1,-7.848633081E-2,2.185272723E-1
2.322154583E1,2.269855738E-1,-2.479878999E-2,2.113677412E-1
2.323155883E1,1.993454248E-1,5.674134567E-2,2.129864097E-1
2.324157183E1,1.850396395E-1,1.347083896E-1,2.227209508E-1
2.325158583E1,1.837314963E-1,1.763216108E-1,2.358324975E-1
2.326159883E1,1.843577474E-1,2.266127914E-1,2.395400107E-1
2.327161283E1,1.785818934E-1,2.087099552E-1,2.646543980E-1
2.328162583E1,1.580743492E-1,1.772205383E-1,3.053527176E-1
2.329163883E1,1.222633496E-1,1.604072005E-1,3.367785513E-1
2.330165283E1,8.144073188E-2,1.632146835E-1,3.493621647E-1
2.331166583E1,5.837668478E-2,1.884539872E-1,3.212091029E-1
2.332167883E1,7.201553881E-2,2.143255323E-1,2.910389304E-1
2.333169283E1,1.021049917E-1,2.432365417E-1,2.784264684E-1
2.334170583E1,1.502225548E-1,2.454817295E-1,2.851438224E-1
2.335171854E1,1.974976659E-1,2.099197358E-1,3.204128742E-1
2.336173254E1,2.123559713E-1,1.795760691E-1,3.757000864E-1
2.337174554E1,2.002143562E-1,1.415519714E-1,4.301865101E-1
2.338175954E1,2.009135932E-1,1.770788282E-1,4.320408106E-1
2.339177254E1,1.920804232E-1,2.587313354E-1,3.652348816E-1
2.340178554E1,1.739058495E-1,2.833380103E-1,2.719873786E-1
2.341179954E1,2.383591793E-2,3.461523950E-1,1.957893074E-1
2.342181254E1,-3.091422617E-1,3.842751682E-1,1.511044353E-1
2.343182554E1,-3.321655691E-1,3.905271888E-1,1.702075601E-1
2.344183954E1,-2.702014446E-1,3.545678854E-1,1.162469387E-1
2.345185254E1,-1.392069161E-1,2.873579562E-1,5.685631931E-2
2.346186554E1,-1.623592898E-2,2.191518545E-1,9.150067344E-3
2.347187954E1,5.422758311E-2,1.205278188E-1,1.643647626E-2
2.348189254E1,7.846526802E-2,6.122682616E-2,5.777727067E-2
2.349190654E1,9.366659075E-2,7.790700346E-2,9.813747555E-2