"Time (s)","X (rad/s)","Y (rad/s)","Z (rad/s)"
-2.167916664E-4,1.150487810E-1,-2.780302465E-1,1.484806370E-2
9.796208334E-3,-4.009659588E-2,-8.711433411E-2,4.665499553E-2
1.981020833E-2,-1.834416687E-1,1.143226027E-1,4.835529998E-2
2.982320833E-2,-2.619063854E-1,2.027110606E-1,4.599467292E-2
3.983620833E-2,-2.557889819E-1,1.562382579E-1,4.200693965E-2
4.985020833E-2,-1.890134215E-1,4.384379834E-2,3.203073516E-2
5.986320833E-2,-1.081214026E-1,-7.932523638E-2,2.333704382E-2
6.987620833E-2,-3.927442804E-2,-1.905670762E-1,2.698956802E-2
7.989020833E-2,-5.326847546E-3,-2.504833937E-1,4.904853180E-2
8.990320833E-2,-3.004737385E-2,-2.278609127E-1,6.968323141E-2
9.991620833E-2,-1.021891385E-1,-1.873995811E-1,9.397284687E-2
1.099302083E-1,-2.056121975E-1,-5.036316812E-2,1.008411348E-1
1.199432083E-1,-3.027678728E-1,9.694547951E-2,9.393073618E-2
1.299562083E-1,-3.449901640E-1,1.744330674E-1,9.080231935E-2
1.399702083E-1,-3.362840116E-1,1.696433127E-1,1.057127640E-1
1.499832083E-1,-2.779607773E-1,9.320099652E-2,1.293182373E-1
1.599962083E-1,-1.875666380E-1,-8.823905140E-3,1.469841897E-1
1.700102083E-1,-8.534225076E-2,-1.172984540E-1,1.569401473E-1
1.800232083E-1,7.618272677E-3,-2.000151277E-1,1.681977659E-1
1.900362083E-1,4.722480476E-2,-2.046170682E-1,1.835013479E-1
2.000502083E-1,9.921750985E-3,-1.629522890E-1,2.044666260E-1
2.100632083E-1,-7.130625844E-2,-8.551716059E-2,2.261918932E-1
2.200762083E-1,-1.476153284E-1,1.658569463E-2,2.518731356E-1
2.300902083E-1,-2.067825198E-1,7.001589984E-2,2.801833153E-1
2.401032083E-1,-2.227472812E-1,6.449607760E-2,3.206837773E-1
2.501162083E-1,-1.862915456E-1,1.658980362E-2,3.663322330E-1
2.601302083E-1,-1.154637858E-1,-8.089824766E-2,4.166719317E-1
2.701432083E-1,-3.254493698E-2,-1.860267967E-1,4.738222957E-1
2.801562083E-1,4.705229774E-3,-2.422032505E-1,5.241275430E-1
2.901702083E-1,-3.188553825E-2,-2.694681883E-1,5.607039332E-1
3.001832083E-1,-9.515736997E-2,-2.739048004E-1,5.856895447E-1
3.101962083E-1,-1.414415240E-1,-2.531193495E-1,5.947059393E-1
3.202102083E-1,-1.511411816E-1,-2.590623796E-1,6.087760925E-1
3.302232083E-1,-1.301956922E-1,-3.159770370E-1,6.354740262E-1
3.402362083E-1,-7.609329373E-2,-3.935340345E-1,6.722112894E-1
3.502502083E-1,8.056894876E-5,-5.202679634E-1,7.221849561E-1
3.602632083E-1,1.083971560E-1,-7.168636918E-1,7.926332355E-1
3.702762083E-1,2.131683230E-1,-9.843981862E-1,8.586921096E-1
3.802902083E-1,3.001920879E-1,-1.319001555E0,9.126374722E-1
3.903032083E-1,3.962491155E-1,-1.669290662E0,9.903796911E-1
4.003162083E-1,4.915632010E-1,-1.944633961E0,1.081579328E0
4.103302083E-1,5.248860121E-1,-2.020268917E0,1.163209677E0
4.203432083E-1,4.364363551E-1,-1.897276282E0,1.239328265E0
4.303562083E-1,2.700050175E-1,-1.674306870E0,1.314449072E0
4.403702083E-1,9.672199935E-2,-1.470666647E0,1.360324740E0
4.503832083E-1,-4.842172377E-3,-1.347281098E0,1.412960529E0
4.603962083E-1,1.945813559E-2,-1.349801183E0,1.523227215E0
4.704102083E-1,1.524699777E-1,-1.490226507E0,1.653933764E0
4.804232083E-1,3.621396422E-1,-1.742526531E0,1.754668474E0
4.904362083E-1,5.849109292E-1,-1.973573685E0,1.801618099E0
5.004502083E-1,6.946774125E-1,-1.917536139E0,1.730664849E0
5.104632083E-1,6.425830722E-1,-1.615594745E0,1.568324447E0
5.204762083E-1,4.553902447E-1,-1.320128918E0,1.399891734E0
5.304902083E-1,3.702111542E-1,-1.022511363E0,1.348849058E0
5.405032083E-1,3.700546920E-1,-9.079065323E-1,1.351307154E0
5.505162083E-1,3.766928911E-1,-9.736381173E-1,1.364358544E0
5.605302083E-1,4.188399613E-1,-1.097596645E0,1.371813536E0
5.705432083E-1,4.979773760E-1,-1.306587934E0,1.376191735E0
5.805562083E-1,5.673864484E-1,-1.531047106E0,1.351775527E0
5.905702083E-1,6.186669469E-1,-1.666745782E0,1.267915726E0
6.005832083E-1,6.733508706E-1,-1.736680150E0,1.171727896E0
6.105962083E-1,7.534962893E-1,-1.738088131E0,1.103233218E0
6.206102083E-1,8.433866501E-1,-1.692462921E0,1.032223940E0
6.306232083E-1,9.173393846E-1,-1.582657576E0,9.900493026E-1
6.406362083E-1,9.414650202E-1,-1.454775929E0,9.764007926E-1
6.506502083E-1,9.549733996E-1,-1.321078658E0,1.068279028E0
6.606632083E-1,9.259693623E-1,-1.255704761E0,1.236737132E0
6.706762083E-1,8.080536723E-1,-1.262155175E0,1.412326813E0
6.806902083E-1,6.638852358E-1,-1.247994065E0,1.514346242E0
6.907032083E-1,5.678052902E-1,-1.211537719E0,1.493688822E0
7.007162083E-1,5.572735071E-1,-1.262538552E0,1.390268445E0
7.107302083E-1,6.643898487E-1,-1.418341756E0,1.262979269E0
7.207432083E-1,8.814506531E-1,-1.678434372E0,1.123513579E0
7.307562083E-1,1.125023842E0,-1.988459587E0,9.757662416E-1
7.407702083E-1,1.279898643E0,-2.161122561E0,9.356935024E-1
7.507832083E-1,1.244263768E0,-2.120045185E0,9.484449625E-1
7.607962083E-1,1.040500402E0,-1.918780684E0,9.778200388E-1
7.708102083E-1,7.507809401E-1,-1.603472829E0,1.043772817E0
7.808232083E-1,4.435828328E-1,-1.336823702E0,1.060459256E0
7.908362083E-1,2.555482090E-1,-1.055110335E0,1.062264085E0
8.008502083E-1,2.617494166E-1,-8.296198845E-1,1.079193592E0
8.108632083E-1,3.943561912E-1,-7.530037165E-1,1.047359228E0
8.208762083E-1,6.126463413E-1,-8.534084558E-1,9.869958758E-1
8.308902083E-1,8.906147480E-1,-1.149769783E0,9.573447704E-1
8.409032083E-1,1.184791923E0,-1.540269136E0,1.017387033E0
8.509162083E-1,1.349525928E0,-1.827916861E0,1.132458568E0
8.609302083E-1,1.382189035E0,-1.948737502E0,1.200015187E0
8.709432083E-1,1.316130877E0,-1.978397369E0,1.194018364E0
8.809574167E-1,1.209267139E0,-1.949492097E0,1.107836246E0
8.909704167E-1,1.137177348E0,-1.838090420E0,1.008897901E0
9.009834167E-1,1.088500738E0,-1.734809399E0,9.099367261E-1
9.109974167E-1,1.038143516E0,-1.642747402E0,8.337964416E-1
9.210104167E-1,9.658844471E-1,-1.446218610E0,8.246864676E-1
9.310234167E-1,8.516598344E-1,-1.228053570E0,8.592841625E-1
9.410374167E-1,7.607914209E-1,-1.091631532E0,9.088314176E-1
9.510504167E-1,7.799038291E-1,-1.065045714E0,9.758386612E-1
9.610634167E-1,8.612293601E-1,-1.153337359E0,1.029626131E0
9.710774167E-1,9.810146093E-1,-1.370343208E0,1.026814342E0
9.810904167E-1,1.111123323E0,-1.531295538E0,9.770447612E-1
9.911034167E-1,1.172797918E0,-1.495554566E0,8.875766993E-1
1.001117417E0,1.152650237E0,-1.324690700E0,7.873103619E-1
1.011130417E0,1.109622359E0,-1.100224257E0,6.966273189E-1
1.021143417E0,1.054010987E0,-8.981426358E-1,6.312230825E-1
1.031157417E0,1.015039682E0,-6.830394268E-1,6.267332435E-1
1.041170417E0,9.990463257E-1,-5.126283765E-1,6.566268802E-1
1.051183417E0,1.027306199E0,-3.999926746E-1,7.333751917E-1
1.061197417E0,1.055496693E0,-3.653561771E-1,8.503805399E-1
1.071210417E0,1.055366755E0,-3.717957139E-1,9.149717689E-1
1.081223417E0,1.083535552E0,-4.328710437E-1,8.908138275E-1
1.091237417E0,1.182897568E0,-5.675625205E-1,7.994220853E-1
1.101250417E0,1.340157032E0,-7.410761118E-1,6.665450335E-1
1.111263417E0,1.505653143E0,-9.474990368E-1,5.326223969E-1
1.121277417E0,1.645854473E0,-1.134311438E0,4.175150990E-1
1.131290417E0,1.727211595E0,-1.274629712E0,3.325315118E-1
1.141303417E0,1.718270183E0,-1.306110859E0,3.268393576E-1
1.151317417E0,1.597519279E0,-1.252046108E0,3.820181787E-1
1.161330417E0,1.413561106E0,-1.150748730E0,4.254270494E-1
1.171343417E0,1.317893982E0,-1.009855509E0,4.277474880E-1
1.181357417E0,1.351366282E0,-9.074432850E-1,3.902606368E-1
1.191370417E0,1.446336389E0,-8.582885265E-1,3.283714354E-1
1.201383417E0,1.555889249E0,-8.716205359E-1,2.690218389E-1
1.211397417E0,1.652597427E0,-9.009693861E-1,2.324755192E-1
1.221410417E0,1.675645828E0,-9.215978384E-1,1.837731451E-1
1.231423417E0,1.620091796E0,-8.932394385E-1,1.106011942E-1
1.241437417E0,1.526465058E0,-7.964652777E-1,2.691883594E-2
1.251450417E0,1.382881761E0,-6.620332003E-1,-7.628478855E-2
1.261463417E0,1.249741793E0,-5.410143137E-1,-1.438869983E-1
1.271477417E0,1.174010873E0,-5.057213306E-1,-1.592909843E-1
1.281490417E0,1.158244610E0,-5.718606710E-1,-1.431873739E-1
1.291503417E0,1.172828555E0,-6.792009473E-1,-9.407068789E-2
1.301517417E0,1.199140906E0,-7.655494809E-1,-6.700237095E-2
1.311530417E0,1.268525004E0,-7.715335488E-1,-9.449977428E-2
1.321543417E0,1.358120084E0,-6.846067309E-1,-1.509727538E-1
1.331557417E0,1.419862747E0,-5.695735812E-1,-2.308292389E-1
1.341570417E0,1.446031690E0,-4.353717864E-1,-2.826440930E-1
1.351583417E0,1.429632545E0,-3.865595162E-1,-2.982281148E-1
1.361597417E0,1.403285980E0,-4.699240923E-1,-2.894650996E-1
1.371610417E0,1.367081881E0,-6.043725014E-1,-3.065234423E-1
1.381623417E0,1.333508849E0,-7.400806546E-1,-3.850191236E-1
1.391637417E0,1.325187087E0,-8.144518137E-1,-4.752568901E-1
1.401650417E0,1.300959945E0,-8.182446361E-1,-5.629711747E-1
1.411663417E0,1.268035293E0,-8.102546334E-1,-6.137459278E-1
1.421677417E0,1.268708825E0,-7.525155544E-1,-6.202515960E-1
1.431690417E0,1.311384082E0,-6.730284095E-1,-6.130828857E-1
1.441703417E0,1.359944701E0,-6.169403195E-1,-6.071567535E-1
1.451717417E0,1.404400826E0,-6.154696941E-1,-6.101977825E-1
1.461730417E0,1.437119007E0,-6.526194215E-1,-5.933254361E-1
1.471744417E0,1.407674074E0,-7.353625298E-1,-5.464583635E-1
1.481757417E0,1.333882332E0,-7.867432237E-1,-5.450289845E-1
1.491770417E0,1.237869740E0,-7.288972139E-1,-6.014861465E-1
1.501784417E0,1.149699807E0,-6.971216202E-1,-6.805995703E-1
1.511797417E0,1.095782280E0,-7.126997709E-1,-7.900352478E-1
1.521810417E0,1.105205297E0,-7.615314126E-1,-8.258249164E-1
1.531824417E0,1.140587211E0,-8.152625561E-1,-8.172958493E-1
1.541837417E0,1.172872066E0,-8.641085625E-1,-8.000814319E-1
1.551850417E0,1.195706248E0,-8.956667781E-1,-7.852069139E-1
1.561864417E0,1.224814534E0,-8.625580668E-1,-7.698777914E-1
1.571877417E0,1.270800591E0,-7.138495445E-1,-7.664830685E-1
1.581890417E0,1.271562696E0,-4.792424142E-1,-8.198599219E-1
1.591904417E0,1.218746305E0,-2.496028543E-1,-9.025031328E-1
1.601917417E0,1.129609108E0,-9.118037671E-2,-9.661939144E-1
1.611930417E0,1.015697718E0,-1.440204084E-1,-9.900560975E-1
1.621944417E0,9.509863257E-1,-4.443356693E-1,-1.001552820E0
1.631957417E0,9.520883560E-1,-8.450620770E-1,-9.867363572E-1
1.641970417E0,9.708495140E-1,-1.322389483E0,-1.034894586E0
1.651984417E0,9.735968113E-1,-1.691583991E0,-1.101789713E0
1.661997417E0,1.017065287E0,-1.822271943E0,-1.153171420E0
1.672010417E0,1.089550138E0,-1.745842457E0,-1.209417939E0
1.682024417E0,1.129104137E0,-1.547720790E0,-1.242562771E0
1.692037417E0,1.141083360E0,-1.269199371E0,-1.238755226E0
1.702050417E0,1.112316012E0,-9.524793625E-1,-1.212295771E0
1.712064417E0,1.026771307E0,-6.463056207E-1,-1.159273028E0
1.722077417E0,9.357252121E-1,-3.501310945E-1,-1.113981128E0
1.732090417E0,8.596109748E-1,-1.031482071E-1,-1.093806148E0
1.742104417E0,8.114292622E-1,-2.595571987E-2,-1.080051780E0
1.752117417E0,8.419607878E-1,-9.150144458E-2,-1.068863869E0
1.762130417E0,8.735336661E-1,-2.414813489E-1,-1.048407435E0
1.772144417E0,8.827772141E-1,-4.320891201E-1,-1.054916024E0
1.782157417E0,8.642170429E-1,-5.873266459E-1,-1.094006777E0
1.792170417E0,8.514168262E-1,-6.544671059E-1,-1.140478969E0
1.802184417E0,8.477910757E-1,-6.693132520E-1,-1.179752588E0
1.812197417E0,8.647902608E-1,-6.785594821E-1,-1.212439179E0
1.822210417E0,9.150247574E-1,-7.037563324E-1,-1.199557185E0
1.832224417E0,9.884709716E-1,-7.731095552E-1,-1.168742180E0
1.842237417E0,1.098302364E0,-8.618425727E-1,-1.135210633E0
1.852251417E0,1.229041219E0,-9.327098131E-1,-1.101730227E0
1.862264417E0,1.341260314E0,-9.766560197E-1,-1.075260639E0
1.872277417E0,1.393941402E0,-9.658153653E-1,-1.046751499E0
1.882291417E0,1.375982642E0,-9.244327545E-1,-1.018929362E0
1.892304417E0,1.301273227E0,-8.273586631E-1,-1.003414273E0
1.902317417E0,1.177629709E0,-7.213678956E-1,-9.901781082E-1
1.912331417E0,1.066253901E0,-7.065860033E-1,-9.980592728E-1
1.922344417E0,9.713501930E-1,-8.119171858E-1,-1.029733419E0
1.932357417E0,9.428101778E-1,-9.051509500E-1,-1.055304527E0
1.942371417E0,9.831129313E-1,-9.210129976E-1,-1.078755736E0
1.952384417E0,1.001367331E0,-8.887927532E-1,-1.085772276E0
1.962397417E0,9.651708007E-1,-7.712528706E-1,-1.076915860E0
1.972411417E0,8.948002458E-1,-6.144249439E-1,-1.054790854E0
1.982424417E0,8.103420138E-1,-4.591198862E-1,-1.019830585E0
1.992437417E0,7.682806253E-1,-3.731535971E-1,-9.971774220E-1
2.002451417E0,7.150514722E-1,-3.889994025E-1,-9.876904488E-1
2.012464417E0,6.729112267E-1,-3.878337145E-1,-9.602135420E-1
2.022477417E0,6.127594113E-1,-3.703223765E-1,-9.372121096E-1
2.032491417E0,5.025585890E-1,-3.519015610E-1,-9.457275867E-1
2.042504417E0,3.855897784E-1,-3.383141756E-1,-9.679845572E-1
2.052517417E0,3.066385090E-1,-3.798323274E-1,-9.918195605E-1
2.062531417E0,3.040038347E-1,-5.148157477E-1,-1.042591810E0
2.072544417E0,3.463939130E-1,-6.539973617E-1,-1.115953326E0
2.082557417E0,4.046318531E-1,-7.678790092E-1,-1.153148055E0
2.092571417E0,4.643756151E-1,-8.605452776E-1,-1.162727714E0
2.102584417E0,4.985672832E-1,-9.280265570E-1,-1.139558554E0
2.112597417E0,5.549517274E-1,-1.001262069E0,-1.114140034E0
2.122611417E0,6.955263019E-1,-1.100989342E0,-1.078747034E0
2.132624417E0,7.337818146E-1,-1.348957896E0,-1.070461512E0
2.142637417E0,6.944783330E-1,-1.515943766E0,-1.057583451E0
2.152651417E0,5.979592800E-1,-1.537189960E0,-1.041211605E0
2.162664417E0,4.327242970E-1,-1.480114341E0,-1.056990385E0
2.172677417E0,2.249718755E-1,-1.404992104E0,-1.059276700E0
2.182691417E0,2.174124867E-2,-1.353688121E0,-1.089660525E0
2.192704417E0,-1.333189011E-1,-1.314836383E0,-1.123189688E0
2.202717417E0,-2.125554681E-1,-1.299498796E0,-1.154653311E0
2.212731417E0,-2.308806777E-1,-1.294605970E0,-1.180115819E0
2.222744417E0,-2.227779776E-1,-1.243676066E0,-1.208518028E0
2.232757417E0,-1.971511841E-1,-1.146472216E0,-1.219122410E0
2.242771417E0,-1.962189078E-1,-1.120623469E0,-1.216636896E0
2.252784417E0,-1.806026548E-1,-1.116327286E0,-1.146775365E0
2.262797417E0,-1.788993031E-1,-1.196266890E0,-1.074081779E0
2.272811417E0,-1.960676461E-1,-1.323637605E0,-1.012614250E0
2.282824417E0,-2.261705250E-1,-1.439973354E0,-9.598669410E-1
2.292837417E0,-2.623993754E-1,-1.446865320E0,-9.459425807E-1
2.302851417E0,-3.391743302E-1,-1.406302929E0,-9.602304697E-1
2.312864417E0,-4.309988022E-1,-1.358135223E0,-9.797738194E-1
2.322878417E0,-5.243442059E-1,-1.314286828E0,-9.941046238E-1
2.332891417E0,-6.203919649E-1,-1.307417989E0,-1.044933796E0
2.342904417E0,-6.227000952E-1,-1.292857528E0,-1.093861222E0
2.352918417E0,-6.010746956E-1,-1.354932904E0,-1.096743822E0
2.362931417E0,-6.074942946E-1,-1.376943946E0,-1.041851759E0
2.372944417E0,-6.686809659E-1,-1.384678841E0,-9.716419578E-1
2.382958417E0,-7.603434920E-1,-1.380959034E0,-9.051260352E-1
2.392971417E0,-8.298096061E-1,-1.365759015E0,-8.691347241E-1
2.402984417E0,-9.036343694E-1,-1.370049119E0,-8.623572588E-1
2.412998417E0,-9.563366771E-1,-1.274868250E0,-8.943682313E-1
2.423011417E0,-1.015625834E0,-1.151276827E0,-9.606157541E-1
2.433024417E0,-1.057022214E0,-1.030694008E0,-1.011733055E0
2.443038417E0,-1.091186762E0,-9.384109378E-1,-1.041498661E0
2.453051417E0,-1.068275571E0,-9.418954253E-1,-1.025897026E0
2.463064417E0,-1.003751993E0,-1.074242234E0,-9.558910728E-1
2.473078417E0,-9.398469925E-1,-1.318002224E0,-8.464764357E-1
2.483091417E0,-9.021688700E-1,-1.592373133E0,-7.714780569E-1
2.493104417E0,-8.928771019E-1,-1.800933242E0,-7.502502203E-1
2.503118417E0,-9.324554205E-1,-1.948837161E0,-7.552892566E-1
2.513131417E0,-9.812195301E-1,-1.996000171E0,-7.419241667E-1
2.523144417E0,-1.038979650E0,-1.931169271E0,-7.053027153E-1
2.533158417E0,-1.093465805E0,-1.762347460E0,-6.441672444E-1
2.543171417E0,-1.140052795E0,-1.519865990E0,-5.936855078E-1
2.553184417E0,-1.179602981E0,-1.217796087E0,-5.516925454E-1
2.563198417E0,-1.176207662E0,-8.958826661E-1,-5.054046512E-1
2.573211417E0,-1.167499900E0,-6.486134529E-1,-4.663605690E-1
2.583224417E0,-1.151080489E0,-4.643199444E-1,-4.227474034E-1
2.593238417E0,-1.114929199E0,-3.767363131E-1,-4.065071642E-1
2.603251417E0,-1.065857410E0,-4.074832201E-1,-4.015391469E-1
2.613264417E0,-1.038306236E0,-5.538198948E-1,-4.152397513E-1
2.623278417E0,-1.044554353E0,-7.759081721E-1,-4.293072820E-1
2.633291417E0,-1.040496469E0,-9.989966750E-1,-4.352482855E-1
2.643304417E0,-1.041584969E0,-1.238290310E0,-4.602736831E-1
2.653318417E0,-1.030073762E0,-1.409260154E0,-4.602193534E-1
2.663331417E0,-1.030230165E0,-1.466529012E0,-4.244774878E-1
2.673345417E0,-1.072056651E0,-1.388529658E0,-3.570137620E-1
2.683358417E0,-1.174606562E0,-1.241386056E0,-2.964526713E-1
2.693371417E0,-1.276100397E0,-1.043435693E0,-2.593108714E-1
2.703385417E0,-1.340014219E0,-8.872721195E-1,-2.850669026E-1
2.713398417E0,-1.357633710E0,-7.688373327E-1,-3.082081676E-1
2.723411417E0,-1.280810952E0,-7.264672518E-1,-3.317119479E-1
2.733425417E0,-1.199379563E0,-7.386285663E-1,-2.884225249E-1
2.743438417E0,-1.150524974E0,-7.922244668E-1,-1.509139538E-1
2.753451417E0,-1.129763842E0,-9.526508451E-1,1.235778537E-2
2.763465417E0,-1.147218227E0,-1.160967469E0,1.082032621E-1
2.773478417E0,-1.117452264E0,-1.383244753E0,1.805094182E-1
2.783491417E0,-1.064755797E0,-1.566120744E0,2.438030392E-1
2.793505417E0,-1.046434522E0,-1.715081692E0,2.834074199E-1
2.803518417E0,-1.037109137E0,-1.741743684E0,2.930937111E-1
2.813531417E0,-1.032947421E0,-1.612495184E0,2.788910568E-1
2.823545417E0,-1.071006179E0,-1.409231186E0,2.553829551E-1
2.833558417E0,-1.161097765E0,-1.214488506E0,2.432083189E-1
2.843571417E0,-1.233050823E0,-1.123705387E0,2.622083724E-1
2.853585417E0,-1.246127725E0,-1.120589733E0,3.171469867E-1
2.863598417E0,-1.182768464E0,-1.210572362E0,4.055460691E-1
2.873611417E0,-1.037615299E0,-1.335966468E0,5.661836863E-1
2.883625292E0,-8.745107651E-1,-1.468218327E0,7.494390011E-1
2.893638292E0,-8.144308925E-1,-1.589359164E0,8.608994484E-1
2.903651292E0,-8.315286040E-1,-1.592148542E0,8.949013948E-1
2.913665292E0,-8.699803948E-1,-1.567471981E0,8.720083237E-1
2.923678292E0,-9.485877156E-1,-1.544454455E0,7.974389195E-1
2.933691292E0,-9.688128233E-1,-1.477864981E0,7.278995514E-1
2.943705292E0,-1.001173973E0,-1.407150388E0,7.270723581E-1
2.953718292E0,-1.054577708E0,-1.354438663E0,7.522498965E-1
2.963731292E0,-1.054404020E0,-1.377537608E0,7.784309983E-1
2.973745292E0,-1.045516014E0,-1.494020820E0,8.316928744E-1
2.983758292E0,-9.767026901E-1,-1.615163445E0,9.835118055E-1
2.993771292E0,-9.032433629E-1,-1.735460758E0,1.118904471E0
3.003785292E0,-7.446147203E-1,-1.818656087E0,1.219784617E0
3.013798292E0,-6.679002643E-1,-1.863528013E0,1.260005832E0
3.023812292E0,-6.723834872E-1,-1.822364450E0,1.270442724E0
3.033825292E0,-6.790518165E-1,-1.718475342E0,1.284822106E0
3.043838292E0,-7.427502871E-1,-1.633596897E0,1.314165473E0
3.053852292E0,-7.758635283E-1,-1.605654836E0,1.342468262E0
3.063865292E0,-7.925977707E-1,-1.641234040E0,1.339380741E0
3.073878292E0,-7.810971737E-1,-1.688353181E0,1.302299619E0
3.083892292E0,-6.871023178E-1,-1.646327376E0,1.269105911E0
3.093905292E0,-5.123382211E-1,-1.534277439E0,1.302697420E0
3.103918292E0,-2.610391676E-1,-1.255958080E0,1.339423537E0
3.113932292E0,1.064056903E-2,-8.672212362E-1,1.359480619E0
3.123945292E0,1.875714362E-1,-5.502598882E-1,1.333448529E0
3.133958292E0,2.848156691E-1,-4.487223625E-1,1.328348517E0
3.143972292E0,3.036848903E-1,-5.501737595E-1,1.338135481E0
3.153985292E0,2.762918770E-1,-8.138903379E-1,1.338199615E0
3.163998292E0,2.271925509E-1,-1.087547183E0,1.335169315E0
3.174012292E0,2.234311104E-1,-1.301724434E0,1.247846127E0
3.184025292E0,4.973171353E-1,-1.396756053E0,1.204315543E0
3.194038292E0,8.730838299E-1,-1.400450945E0,1.181683540E0
3.204052292E0,1.201175928E0,-1.171458125E0,1.115912080E0
3.214065292E0,1.412125468E0,-7.803303003E-1,1.066888928E0
3.224079292E0,1.491652369E0,-4.290599227E-1,1.064411044E0
3.234092292E0,1.465181589E0,-2.166400701E-1,1.091072559E0
3.244105292E0,1.323675394E0,-1.907632351E-1,1.076050639E0
3.254119292E0,1.201904416E0,-2.315279692E-1,9.853843451E-1
3.264132292E0,1.245657444E0,-2.943779230E-1,9.163466692E-1
3.274145292E0,1.491772056E0,-3.632496595E-1,8.951271176E-1
3.284159292E0,1.700972080E0,-4.187480509E-1,7.743301988E-1
3.294172292E0,1.816972613E0,-2.490482330E-1,5.647468567E-1
3.304185292E0,1.810133338E0,1.105453223E-1,3.695368469E-1
3.314199292E0,1.684800506E0,4.613907039E-1,2.439858615E-1
3.324212292E0,1.573157787E0,6.649216413E-1,2.136788517E-1
3.334225292E0,1.684489608E0,6.617125273E-1,3.339019418E-1
3.344239292E0,1.850678444E0,4.472658336E-1,5.103640556E-1
3.354252292E0,2.012187719E0,1.768780500E-1,6.678966880E-1
3.364266292E0,2.180500984E0,-4.814945161E-2,7.088812590E-1
3.374279292E0,2.213981390E0,-1.324100047E-1,5.641645789E-1
3.384292292E0,2.079807281E0,1.053981110E-1,2.768293619E-1
3.394306292E0,1.849781394E0,4.810553491E-1,-2.879806794E-3
3.404319292E0,1.802327275E0,8.404470682E-1,3.426505253E-2
3.414332292E0,1.852316976E0,9.479935169E-1,1.760946214E-1
3.424346292E0,1.862520814E0,8.438382149E-1,2.201221585E-1
3.434359292E0,1.852728367E0,6.023560762E-1,2.051663846E-1
3.444373292E0,1.814708233E0,3.429263830E-1,2.024659365E-1
3.454386292E0,1.684031248E0,4.349654540E-2,2.169769704E-1
3.464399292E0,1.551821232E0,-2.429795116E-1,1.936176866E-1
3.474413292E0,1.569827676E0,-4.927206039E-1,1.643572599E-1
3.484426292E0,1.683555007E0,-7.082183361E-1,1.717382967E-1
3.494439292E0,1.669170141E0,-8.888555169E-1,1.825230420E-1
3.504453292E0,1.450508952E0,-9.822629094E-1,1.779249161E-1
3.514466292E0,1.181859374E0,-1.047511697E0,1.913102269E-1
3.524479292E0,9.262999296E-1,-1.111593604E0,1.879520863E-1
3.534493292E0,6.535863280E-1,-1.143774152E0,1.596996784E-1
3.544506292E0,3.328557611E-1,-1.127258658E0,1.298906952E-1
3.554520292E0,-8.252571523E-2,-1.042684555E0,1.302803159E-1
3.564533292E0,-5.975699425E-1,-1.007530570E0,1.258612275E-1
3.574546292E0,-1.235485196E0,-1.002876163E0,1.977393776E-2
3.584560292E0,-1.715690136E0,-9.199996591E-1,-4.388892651E-2
3.594573292E0,-2.020354509E0,-8.925195932E-1,-1.226569712E-1
3.604586292E0,-2.154853344E0,-9.018571377E-1,-1.525751054E-1
3.614600292E0,-2.230416775E0,-9.394569993E-1,-1.364166439E-1
3.624613292E0,-2.339076519E0,-9.581360817E-1,-1.010235250E-1
3.634626292E0,-2.382402420E0,-9.673998952E-1,-7.897548378E-2
3.644640292E0,-2.367352724E0,-9.963557720E-1,-6.894550472E-2
3.654653292E0,-2.316382885E0,-1.031381607E0,-7.516824454E-2
3.664667292E0,-2.185347319E0,-1.019073606E0,-6.914923340E-2
3.674680292E0,-2.053037643E0,-1.026784778E0,-9.571662173E-3
3.684693292E0,-1.917951822E0,-1.034152746E0,1.110092103E-1
3.694707292E0,-1.809443355E0,-1.009765387E0,2.156946063E-1
3.704720292E0,-1.743493319E0,-9.107311964E-1,2.703893185E-1
3.714733292E0,-1.695386052E0,-7.675786018E-1,3.457874060E-1
3.724747292E0,-1.682248235E0,-5.421680808E-1,4.323394001E-1
3.734760292E0,-1.765674949E0,-3.269007504E-1,4.906263947E-1
3.744774292E0,-1.964455605E0,-1.503776610E-1,5.559775233E-1
3.754787292E0,-2.198194981E0,-1.363313496E-1,5.765852928E-1
3.764800292E0,-2.365113974E0,-3.135799170E-1,5.425760746E-1
3.774814292E0,-2.328490019E0,-6.842610836E-1,5.142110586E-1
3.784827292E0,-2.160346985E0,-1.199172020E0,5.339336395E-1
3.794840292E0,-1.958063126E0,-1.738466024E0,5.706820488E-1
3.804854292E0,-1.691630244E0,-2.166402340E0,6.440621018E-1
3.814867292E0,-1.417254090E0,-2.441673994E0,7.062482238E-1
3.824880292E0,-1.193665385E0,-2.516130686E0,7.366078496E-1
3.834894292E0,-1.011322498E0,-2.330974102E0,7.741043568E-1
3.844907292E0,-9.679826498E-1,-1.955780268E0,8.876469135E-1
3.854921292E0,-1.063043356E0,-1.490780950E0,1.015351057E0
3.864934292E0,-1.197110295E0,-1.034318686E0,1.096552014E0
3.874947292E0,-1.260370731E0,-7.503065467E-1,1.129986405E0
3.884961917E0,-1.258881688E0,-6.503192186E-1,1.069643378E0
3.894974917E0,-1.209912777E0,-5.910910964E-1,1.000003815E0
3.904987917E0,-1.162273288E0,-5.859493613E-1,9.516931176E-1
3.915001917E0,-1.098067403E0,-5.746064186E-1,9.579089284E-1
3.925014917E0,-1.017114162E0,-7.132863998E-1,1.051587939E0
3.935027917E0,-8.683477640E-1,-1.008344173E0,1.208085656E0
3.945041917E0,-6.540239453E-1,-1.400908470E0,1.408173323E0
3.955054917E0,-4.235723615E-1,-1.759415030E0,1.580791950E0
3.965067917E0,-2.361823469E-1,-1.971982956E0,1.676903367E0
3.975081917E0,-1.119674593E-1,-1.924450636E0,1.728844404E0
3.985094917E0,-1.383789629E-1,-1.791771412E0,1.723450065E0
3.995108917E0,-1.763186157E-1,-1.622423410E0,1.734958053E0
4.005121917E0,-1.647054404E-1,-1.489219785E0,1.777541637E0
4.015134917E0,-1.790745258E-1,-1.422767997E0,1.805777788E0
4.025148917E0,-1.861528903E-1,-1.381694913E0,1.778371692E0
4.035161917E0,-1.971991509E-1,-1.365591049E0,1.698525310E0
4.045174917E0,-2.404714525E-1,-1.365628004E0,1.575096607E0
4.055188917E0,-2.697401345E-1,-1.315900087E0,1.486806989E0
4.065201917E0,-2.648523748E-1,-1.210282445E0,1.440810204E0
4.075214917E0,-2.804116011E-1,-1.008828759E0,1.382768989E0
4.085228917E0,-2.898020148E-1,-7.667405009E-1,1.371199131E0
4.095241917E0,-2.793853283E-1,-5.402134061E-1,1.392045259E0
4.105255917E0,-2.546475828E-1,-3.996548355E-1,1.428923488E0
4.115268917E0,-1.887143701E-1,-4.172737598E-1,1.436831474E0
4.125281917E0,-8.049093932E-2,-4.817761183E-1,1.399831176E0
4.135295917E0,-8.675072342E-3,-5.199844837E-1,1.333636165E0
4.145308917E0,4.189398140E-2,-5.060290098E-1,1.264943123E0
4.155321917E0,1.090423912E-1,-3.854479492E-1,1.223590612E0
4.165335917E0,1.590282619E-1,-2.296002656E-1,1.223882079E0
4.175348917E0,2.411979735E-1,-1.606337130E-1,1.324314952E0
4.185361917E0,3.780918121E-1,-2.107286155E-1,1.451303482E0
4.195375917E0,4.927816391E-1,-3.526649773E-1,1.561626554E0
4.205388917E0,5.586322546E-1,-5.303534269E-1,1.642140150E0
4.215401917E0,5.926293731E-1,-6.336603761E-1,1.714706779E0
4.225415917E0,6.253719330E-1,-6.247498393E-1,1.765015721E0
4.235428917E0,6.032562852E-1,-5.353032947E-1,1.729137778E0
4.245442917E0,5.212245584E-1,-3.175271749E-1,1.666922569E0
4.255455917E0,4.173900485E-1,-9.243895113E-2,1.631695867E0
4.265468917E0,3.191353977E-1,9.178756922E-2,1.604521275E0
4.275482917E0,2.245604247E-1,2.148194760E-1,1.533576012E0
4.285495917E0,1.310203820E-1,3.417825699E-1,1.475922465E0
4.295508917E0,1.309609860E-1,3.954977393E-1,1.573132038E0
4.305522917E0,1.966630518E-1,3.360580504E-1,1.729329586E0
4.315535917E0,3.235464096E-1,1.946841627E-1,1.843213558E0
4.325548917E0,4.778432548E-1,8.661389351E-2,1.882065892E0
4.335562917E0,5.514698029E-1,1.366964635E-2,1.876780629E0
4.345575917E0,5.096994042E-1,3.598796204E-2,1.833860278E0
4.355588917E0,4.081477523E-1,1.863508373E-1,1.738342881E0
4.365602917E0,3.616825044E-1,3.577592671E-1,1.633833170E0
4.375615917E0,4.701455832E-1,5.098521113E-1,1.629516959E0
4.385628917E0,7.053408623E-1,5.776305795E-1,1.695469379E0
4.395642917E0,9.028944373E-1,5.854341388E-1,1.695973039E0
4.405655917E0,9.777435660E-1,6.357568502E-1,1.661433816E0
4.415669917E0,9.405639768E-1,7.130468488E-1,1.594234467E0
4.425682917E0,8.012406230E-1,7.865369320E-1,1.518451452E0
4.435695917E0,6.452851295E-1,9.172928333E-1,1.413651824E0
4.445709917E0,6.080939770E-1,1.035062194E0,1.442281485E0
4.455722917E0,8.691176176E-1,9.660537839E-1,1.622149825E0
4.465735917E0,1.291452527E0,7.168149352E-1,1.747679710E0
4.475749917E0,1.624320269E0,4.697948098E-1,1.723136783E0
4.485762917E0,1.687028646E0,3.881362677E-1,1.578874350E0
4.495775917E0,1.527549505E0,5.381391048E-1,1.406435728E0
4.505789917E0,1.206998825E0,9.240764380E-1,1.226851702E0
4.515802917E0,8.236375451E-1,1.437108397E0,1.035578370E0
4.525815917E0,6.231736541E-1,1.871769786E0,9.585841894E-1
4.535829917E0,7.410445809E-1,1.963257194E0,1.119278908E0
4.545842917E0,1.126335859E0,1.713923216E0,1.364164710E0
4.555856917E0,1.599328637E0,1.221019983E0,1.496906757E0
4.565869917E0,1.880843401E0,8.215960264E-1,1.435890079E0
4.575882917E0,1.889079571E0,6.931216717E-1,1.290472865E0
4.585896917E0,1.716348648E0,8.453599811E-1,1.120382905E0
4.595909917E0,1.431940317E0,1.265209794E0,8.859555125E-1
4.605922917E0,1.151958823E0,1.806755066E0,7.569521666E-1
4.615936917E0,9.606026411E-1,2.229917049E0,8.626871109E-1
4.625949917E0,9.850810170E-1,2.317112446E0,1.122078419E0
4.635962917E0,1.332204103E0,1.998449087E0,1.459999919E0
4.645976917E0,1.777308464E0,1.478876233E0,1.613129258E0
4.655989917E0,2.008566380E0,1.180088162E0,1.510356188E0
4.666002917E0,1.957821846E0,1.160100102E0,1.314404249E0
4.676016917E0,1.711561680E0,1.378285170E0,1.146619558E0
4.686029917E0,1.395904422E0,1.805478573E0,1.019891500E0
4.696042917E0,1.420634627E0,2.113842487E0,1.162769794E0
4.706056917E0,1.711118698E0,2.098094225E0,1.419369340E0
4.716069917E0,1.974852085E0,1.856443524E0,1.566106319E0
4.726082917E0,2.109260798E0,1.531296134E0,1.609339237E0
4.736096917E0,2.076801538E0,1.267394423E0,1.613273263E0
4.746109917E0,2.015585184E0,1.205843449E0,1.594056249E0
4.756123917E0,1.941841125E0,1.348969936E0,1.509681702E0
4.766136917E0,1.913712859E0,1.592963576E0,1.441885233E0
4.776149917E0,2.193745375E0,1.597933531E0,1.509694695E0
4.786163917E0,2.645502806E0,1.337067127E0,1.617138982E0
4.796176917E0,2.868445396E0,9.554571509E-1,1.550518394E0
4.806189917E0,2.885907888E0,6.457882524E-1,1.435441136E0
4.816203917E0,2.804594040E0,4.443949163E-1,1.299058437E0
4.826216917E0,2.620164156E0,5.162394047E-1,1.101426125E0
4.836229917E0,2.304523468E0,1.026765108E0,8.947706223E-1
4.846243917E0,1.880441070E0,1.830360174E0,7.830953002E-1
4.856256917E0,1.855947971E0,2.283447742E0,9.319840670E-1
4.866269917E0,2.222851276E0,2.140460968E0,1.168468356E0
4.876283917E0,2.560940504E0,1.530951142E0,1.245479226E0
4.886296542E0,2.738257170E0,8.782461286E-1,1.173340201E0
4.896309542E0,2.758251905E0,2.626830935E-1,1.061034441E0
4.906323542E0,2.684348106E0,-8.128380030E-2,9.647168517E-1
4.916336542E0,2.579375982E0,-5.369265378E-2,8.472320437E-1
4.926349542E0,2.643820763E0,4.782740772E-1,7.295273542E-1
4.936363542E0,2.628729820E0,1.255000234E0,6.561247706E-1
4.946376542E0,2.346601009E0,2.022478580E0,6.600291729E-1
4.956390542E0,1.984472513E0,2.502957106E0,6.849137545E-1
4.966403542E0,1.753328800E0,2.662966490E0,6.881111264E-1
4.976416542E0,1.670188904E0,2.523468256E0,6.603394151E-1
4.986430542E0,1.659605265E0,2.252118349E0,5.722162127E-1
4.996443542E0,1.667276144E0,1.994409442E0,4.501507878E-1
5.006456542E0,1.826215386E0,1.841281056E0,4.364585578E-1
5.016470542E0,2.128553391E0,1.627760887E0,5.619248748E-1
5.026483542E0,2.425273657E0,1.374639511E0,7.263122797E-1
5.036496542E0,2.537252903E0,1.089826941E0,7.744244337E-1
5.046510542E0,2.463875055E0,9.599758387E-1,6.893399954E-1
5.056523542E0,2.233112574E0,9.438357353E-1,5.901167393E-1
5.066536542E0,1.929584384E0,9.880113602E-1,5.730083585E-1
5.076550542E0,1.683344245E0,1.167815208E0,6.490905881E-1
5.086563542E0,1.563341498E0,1.484488010E0,7.101793289E-1
5.096576542E0,1.532525539E0,1.729292393E0,7.424818873E-1
5.106590542E0,1.551871061E0,1.864151239E0,7.670053840E-1
5.116603542E0,1.533449769E0,1.855867028E0,7.828690410E-1
5.126616542E0,1.451495171E0,1.769921780E0,7.979736924E-1
5.136630542E0,1.365380287E0,1.651351810E0,8.209048510E-1
5.146643542E0,1.400290728E0,1.394938111E0,8.412480950E-1
5.156656542E0,1.574909687E0,8.895756006E-1,8.567849994E-1
5.166670542E0,1.921277165E0,1.179616153E-1,8.937441707E-1
5.176683542E0,2.423453331E0,-8.009285927E-1,9.014678597E-1
5.186696542E0,2.855869293E0,-1.582312703E0,8.440909982E-1
5.196710542E0,3.015991449E0,-1.829295397E0,7.503312230E-1
5.206723542E0,2.869037151E0,-1.548348308E0,6.959691644E-1
5.216737542E0,2.379880905E0,-9.625924826E-1,6.817331910E-1
5.226750542E0,1.598830223E0,-3.306512237E-1,6.980357766E-1
5.236763542E0,7.010620832E-1,2.029802203E-1,7.428402901E-1
5.246777542E0,-1.334520429E-1,4.385576248E-1,6.018245816E-1
5.256790542E0,-7.404519320E-1,4.324928224E-1,3.354054093E-1
5.266803542E0,-1.136907935E0,4.143396020E-1,1.982901394E-1
5.276817542E0,-1.263542295E0,2.767623067E-1,2.480570227E-2
5.286830542E0,-1.142281771E0,7.870632410E-2,-9.128986299E-2
5.296843542E0,-7.845013142E-1,-1.728114039E-1,-1.906675845E-1
5.306857542E0,-3.715715110E-1,-5.195024610E-1,-2.949021757E-1
5.316870542E0,-7.806648500E-4,-8.869811296E-1,-4.002932906E-1
5.326883542E0,3.090124428E-1,-1.176351190E0,-4.747895896E-1
5.336897542E0,5.282917619E-1,-1.372348666E0,-5.189540982E-1
5.346910542E0,6.538498402E-1,-1.421333313E0,-4.955271482E-1
5.356923542E0,7.227333188E-1,-1.323403001E0,-4.400268793E-1
5.366937542E0,7.606992722E-1,-1.141350389E0,-3.716641366E-1
5.376950542E0,7.571343780E-1,-1.001971245E0,-2.794479430E-1
5.386963542E0,7.476180196E-1,-9.909026623E-1,-1.602507532E-1
5.396977542E0,7.957056761E-1,-1.028036952E0,-3.644158132E-4
5.406990542E0,8.870452642E-1,-1.040155411E0,1.793881357E-1
5.417003542E0,9.880352616E-1,-1.109837294E0,3.291523457E-1
5.427017542E0,1.164938450E0,-1.250394225E0,3.965691626E-1
5.437030542E0,1.439512730E0,-1.430318117E0,3.661718369E-1
5.447043542E0,1.751903296E0,-1.545858502E0,1.988515407E-1
5.457057542E0,1.986610174E0,-1.584633350E0,-1.094868556E-1
5.467070542E0,2.062301397E0,-1.571413875E0,-3.845248520E-1
5.477083542E0,2.039728403E0,-1.470194340E0,-5.237477422E-1
5.487097542E0,1.962208509E0,-1.371155977E0,-5.277651548E-1
5.497110542E0,1.861498713E0,-1.377686858E0,-4.333854020E-1
5.507123542E0,1.793556094E0,-1.561193943E0,-2.231387794E-1
5.517137542E0,1.820907235E0,-1.910984397E0,8.287760615E-2
5.527150542E0,1.997470737E0,-2.277847767E0,4.057830274E-1
5.537163542E0,2.259302616E0,-2.503486872E0,5.726678967E-1
5.547177542E0,2.450884581E0,-2.304801226E0,3.944612443E-1
5.557190542E0,2.412241936E0,-1.749360681E0,-6.752662361E-2
5.567203542E0,2.145211458E0,-1.330276966E0,-6.734413505E-1
5.577217542E0,1.813252687E0,-1.376367450E0,-1.218979239E0
5.587230542E0,1.674913168E0,-1.757632494E0,-1.593846798E0
5.597244542E0,1.767125368E0,-2.249210596E0,-1.681051254E0
5.607257542E0,1.942735314E0,-2.613325834E0,-1.513967156E0
5.617270542E0,2.179968834E0,-2.652340174E0,-1.284720421E0
5.627284542E0,2.472180843E0,-2.352637053E0,-1.060976624E0
5.637297542E0,2.748176336E0,-1.706110716E0,-8.856012821E-1
5.647310542E0,2.891206980E0,-8.548484445E-1,-9.122396708E-1
5.657324542E0,2.876032114E0,5.700647086E-2,-1.122211218E0
5.667337542E0,2.709087610E0,8.501121998E-1,-1.308008909E0
5.677350542E0,2.463678837E0,1.275017977E0,-1.307730913E0
5.687364542E0,2.238785028E0,1.184190750E0,-1.245474100E0
5.697377542E0,2.048732281E0,7.081449032E-1,-1.176210403E0
5.707390542E0,1.881450057E0,2.377198339E-1,-1.105973005E0
5.717404542E0,1.828899503E0,-3.008685075E-2,-9.887215495E-1
5.727417542E0,1.814138532E0,-2.064438015E-1,-8.692160249E-1
5.737430542E0,1.805833697E0,-2.401194721E-1,-8.369560838E-1
5.747444542E0,1.873204470E0,-1.285998523E-1,-7.940756083E-1
5.757457542E0,2.086381674E0,-4.414141551E-2,-7.479080558E-1
5.767470542E0,2.453130007E0,2.747136541E-2,-6.475717425E-1
5.777484542E0,2.862115383E0,9.514681995E-2,-5.501466393E-1
5.787497542E0,3.116158247E0,1.079681814E-1,-4.514862895E-1
5.797510542E0,3.214185715E0,1.341457218E-1,-3.226777315E-1
5.807524542E0,3.156221390E0,2.256521285E-1,-1.507315636E-1
5.817537542E0,2.951896667E0,3.593843579E-1,5.474995077E-2
5.827550542E0,2.673099995E0,5.419799685E-1,2.539089918E-1
5.837564542E0,2.435917616E0,7.252126336E-1,4.467056096E-1
5.847577542E0,2.322968006E0,7.239189148E-1,7.523857355E-1
5.857590542E0,2.394594908E0,5.332184434E-1,1.135272384E0
5.867604542E0,2.656708002E0,1.505987793E-1,1.481205940E0
5.877617542E0,3.040090322E0,-4.997068048E-1,1.742543459E0
5.887630958E0,3.430441618E0,-1.133762956E0,1.828669071E0
5.897644958E0,3.683130264E0,-1.438042164E0,1.799488544E0
5.907657958E0,3.659701109E0,-1.452405453E0,1.774441242E0
5.917670958E0,3.358482838E0,-1.306010127E0,1.822140336E0
5.927684958E0,2.936344862E0,-9.234935641E-1,1.838181973E0
5.937697958E0,2.523444653E0,-4.095197320E-1,1.759914398E0
5.947710958E0,2.240934372E0,9.721034765E-2,1.575564504E0
5.957724958E0,2.095945597E0,3.307131231E-1,1.365161180E0
5.967737958E0,2.034179926E0,1.036079824E-1,1.205098033E0
5.977750958E0,2.093250036E0,-6.095218062E-1,1.173047066E0
5.987764958E0,2.354130507E0,-1.749101281E0,1.214754701E0
5.997777958E0,2.764798880E0,-3.028619528E0,1.284281492E0
6.007790958E0,3.266861439E0,-3.728161573E0,1.257348180E0
6.017804958E0,3.536886215E0,-3.777249336E0,1.122648954E0
6.027817958E0,3.439266443E0,-3.325602531E0,8.933361173E-1
6.037830958E0,3.123887539E0,-2.597593069E0,6.696386337E-1
6.047844958E0,2.654704094E0,-1.873371482E0,4.487190843E-1
6.057857958E0,2.124737501E0,-1.145306587E0,1.375049949E-1
6.067870958E0,1.703853369E0,-7.611250281E-1,-1.109655723E-1
6.077884958E0,1.637017965E0,-1.130430818E0,-2.440362871E-1
6.087897958E0,2.129049063E0,-2.408116817E0,-2.857200801E-1
6.097910958E0,2.927198410E0,-4.173851967E0,-3.310513198E-1
6.107924958E0,3.548661947E0,-5.534670353E0,-3.892093599E-1
6.117937958E0,3.617758751E0,-5.924036026E0,-3.836824894E-1
6.127950958E0,3.207718134E0,-5.407458782E0,-3.053880632E-1
6.137964958E0,2.558453798E0,-4.408549786E0,-2.144885361E-1
6.147977958E0,1.878144383E0,-3.265320063E0,-2.484457642E-1
6.157990958E0,1.343538523E0,-2.329804182E0,-4.031152427E-1
6.168004958E0,1.042734981E0,-1.711093307E0,-5.543670058E-1
6.178017958E0,8.372186422E-1,-1.327849865E0,-6.149291396E-1
6.188030958E0,6.351789832E-1,-1.207692862E0,-5.948798060E-1
6.198044958E0,5.268812776E-1,-1.562400937E0,-5.751854777E-1
6.208057958E0,5.886409283E-1,-2.439828873E0,-6.219668388E-1
6.218070958E0,8.291379809E-1,-3.647587061E0,-7.997533679E-1
6.228084958E0,1.177279949E0,-4.667322159E0,-1.040945888E0
6.238097958E0,1.473838687E0,-5.281377316E0,-1.165359735E0
6.248110958E0,1.495233417E0,-5.415590763E0,-1.109664440E0
6.258124958E0,1.276921391E0,-5.138002872E0,-9.828198552E-1
6.268137958E0,8.684661388E-1,-4.691963673E0,-9.220880866E-1
6.278150958E0,4.621074796E-1,-4.189552784E0,-9.163072109E-1
6.288164958E0,1.209846213E-1,-3.782275915E0,-8.467130661E-1
6.298177958E0,-1.557274014E-1,-3.523506641E0,-7.873650193E-1
6.308190958E0,-3.908304274E-1,-3.317066669E0,-7.620258927E-1
6.318204958E0,-6.441305876E-1,-3.141535521E0,-7.866821885E-1
6.328217958E0,-8.618465662E-1,-3.127320290E0,-8.693875670E-1
6.338230958E0,-9.661092758E-1,-3.374839544E0,-9.281070828E-1
6.348244958E0,-1.017098546E0,-3.721793890E0,-9.821807146E-1
6.358257958E0,-1.082209945E0,-4.016375542E0,-1.046169519E0
6.368270958E0,-1.198034167E0,-4.111389160E0,-1.073439837E0
6.378284958E0,-1.441439629E0,-3.948536396E0,-1.069343328E0
6.388297958E0,-1.802762747E0,-3.617324829E0,-1.013366818E0
6.398310958E0,-2.170052528E0,-3.243578196E0,-9.043061733E-1
6.408324958E0,-2.368646860E0,-2.976864338E0,-7.712160349E-1
6.418337958E0,-2.381196976E0,-2.871914148E0,-5.790793300E-1
6.428350958E0,-2.327045679E0,-2.877298117E0,-4.144867659E-1
6.438364958E0,-2.230944395E0,-2.900014400E0,-3.598067462E-1
6.448377958E0,-2.131569862E0,-2.819523573E0,-3.473433554E-1
6.458390958E0,-2.154850006E0,-2.643786192E0,-3.588940203E-1
6.468404958E0,-2.244989872E0,-2.395650148E0,-3.786692917E-1
6.478417958E0,-2.356934071E0,-2.102652311E0,-4.367014468E-1
6.488430958E0,-2.479038477E0,-1.874293685E0,-5.116614103E-1
6.498444958E0,-2.548786879E0,-1.741702914E0,-5.654444695E-1
6.508457958E0,-2.485757589E0,-1.795216441E0,-5.684201717E-1
6.518470958E0,-2.288823128E0,-2.031295300E0,-4.865655601E-1
6.528484958E0,-1.990519762E0,-2.389484644E0,-3.537900448E-1
6.538497958E0,-1.763513565E0,-2.733103275E0,-1.977527738E-1
6.548510958E0,-1.778619170E0,-2.810833454E0,-9.228747338E-2
6.558524958E0,-2.134058237E0,-2.559699059E0,-4.708892200E-3
6.568537958E0,-2.756151915E0,-2.101432323E0,2.175911330E-2
6.578550958E0,-3.359803915E0,-1.577331781E0,-5.916183442E-2
6.588564958E0,-3.755592108E0,-1.197265625E0,-1.947868764E-1
6.598577958E0,-3.761881351E0,-1.016444206E0,-3.588173687E-1
6.608590958E0,-3.536041260E0,-1.078992367E0,-4.309526086E-1
6.618604958E0,-3.241511822E0,-1.282224059E0,-4.532429874E-1
6.628617958E0,-2.873608351E0,-1.501819372E0,-4.868767262E-1
6.638630958E0,-2.547748327E0,-1.674658537E0,-4.506172538E-1
6.648644958E0,-2.405574083E0,-1.751456857E0,-3.375116885E-1
6.658657958E0,-2.342877388E0,-1.651696205E0,-1.683101207E-1
6.668670958E0,-2.349930763E0,-1.416717172E0,6.320535205E-3
6.678684958E0,-2.452622175E0,-1.143771648E0,1.304235756E-1
6.688697958E0,-2.588099241E0,-8.737439513E-1,2.106050998E-1
6.698710958E0,-2.687141418E0,-7.770182490E-1,2.669797242E-1
6.708724958E0,-2.562496185E0,-9.297139049E-1,3.401653767E-1
6.718737958E0,-2.246875763E0,-1.257823586E0,4.314537346E-1
6.728750958E0,-1.932678938E0,-1.774133563E0,4.145838320E-1
6.738764958E0,-1.609431386E0,-2.157159328E0,3.530858755E-1
6.748777958E0,-1.361521125E0,-2.290224552E0,2.756555676E-1
6.758790958E0,-1.281541586E0,-2.099439621E0,1.976673007E-1
6.768804958E0,-1.360131025E0,-1.622033834E0,2.018070519E-1
6.778817958E0,-1.653199673E0,-9.843612313E-1,3.384061754E-1
6.788830958E0,-2.064804792E0,-4.620671570E-1,5.255070329E-1
6.798844958E0,-2.273920298E0,-3.099376895E-2,7.749645114E-1
6.808857958E0,-2.353315115E0,1.548312306E-1,9.504045248E-1
6.818870958E0,-2.316905737E0,2.010810077E-1,1.025003195E0
6.828884958E0,-2.219043970E0,2.032258511E-1,1.084222078E0
6.838897958E0,-2.232808113E0,1.067874581E-1,1.071950316E0
6.848910958E0,-2.190151930E0,-7.675566524E-2,9.998532534E-1
6.858924958E0,-2.015032053E0,-2.834712863E-1,8.904444575E-1
6.868937958E0,-1.902729511E0,-4.813655615E-1,7.344902754E-1
6.878950958E0,-1.866569281E0,-5.521686077E-1,6.199365258E-1
6.888964208E0,-1.866483569E0,-5.615376234E-1,6.146851778E-1
6.898977208E0,-1.847646713E0,-5.516690016E-1,6.356953979E-1
6.908990208E0,-1.811902404E0,-5.458182096E-1,7.112902999E-1
6.919004208E0,-1.752455950E0,-5.771777034E-1,8.495110273E-1
6.929017208E0,-1.596003652E0,-6.155846119E-1,1.048309922E0
6.939030208E0,-1.357489109E0,-6.914985180E-1,1.231971145E0
6.949044208E0,-1.081397057E0,-8.076876998E-1,1.322472811E0
6.959057208E0,-8.248136640E-1,-8.646540642E-1,1.353407264E0
6.969070208E0,-6.988551021E-1,-8.126423359E-1,1.351907253E0
6.979084208E0,-6.903628707E-1,-6.864542961E-1,1.306848645E0
6.989097208E0,-7.265822887E-1,-4.664479792E-1,1.253654957E0
6.999110208E0,-8.445200920E-1,-2.441270500E-1,1.223012447E0
7.009124208E0,-9.887139201E-1,-8.469523489E-2,1.284151793E0
7.019137208E0,-1.066190839E0,-7.176239043E-2,1.438806057E0
7.029150208E0,-1.034682989E0,-2.473311722E-1,1.559373260E0
7.039164208E0,-8.300625086E-1,-5.462105274E-1,1.587640047E0
7.049177208E0,-5.546019077E-1,-8.713809848E-1,1.564380527E0
7.059190208E0,-3.332963586E-1,-1.059222579E0,1.525628328E0
7.069204208E0,-1.921322793E-1,-1.103148460E0,1.466776252E0
7.079217208E0,-1.025861502E-1,-9.666558504E-1,1.434391499E0
7.089230208E0,-1.461980492E-1,-7.591055632E-1,1.460186839E0
7.099244208E0,-2.397386581E-1,-4.782030582E-1,1.557722449E0
7.109257208E0,-3.021180034E-1,-2.827813625E-1,1.645224214E0
7.119270208E0,-3.479427397E-1,-1.126982942E-1,1.647337198E0
7.129284208E0,-3.435881138E-1,-1.486201398E-2,1.612428904E0
7.139297208E0,-2.157289684E-1,5.072631687E-2,1.552746654E0
7.149310208E0,1.065190360E-1,7.714289427E-2,1.480733514E0
7.159324208E0,5.098717809E-1,4.438202083E-2,1.412554979E0
7.169337208E0,8.542332649E-1,3.066057712E-2,1.391819239E0
7.179350208E0,1.064180970E0,9.179786779E-3,1.400926709E0
7.189364208E0,1.193039179E0,-3.861623257E-2,1.424080968E0
7.199377208E0,1.297734976E0,-1.025880277E-1,1.412424564E0
7.209390208E0,1.386621714E0,-2.330658436E-1,1.349443674E0
7.219404208E0,1.466615319E0,-3.265265524E-1,1.222874880E0
7.229417208E0,1.657715797E0,-3.734402657E-1,1.115426660E0
7.239430208E0,1.794071198E0,-3.757755756E-1,1.006447434E0
7.249444208E0,1.804329753E0,-2.574518025E-1,8.732010126E-1
7.259457208E0,1.746853113E0,-6.470048428E-2,7.237681150E-1
7.269470208E0,1.673557520E0,1.349107772E-1,6.024479270E-1
7.279484208E0,1.642368197E0,3.200822175E-1,5.158286095E-1
7.289497208E0,1.631455779E0,5.172029138E-1,3.957818151E-1
7.299510208E0,1.763969660E0,7.369430065E-1,3.744637370E-1
7.309524208E0,2.056229591E0,8.734409213E-1,4.988507032E-1
7.319537208E0,2.456205368E0,9.247547388E-1,7.517897487E-1
7.329550208E0,2.858260393E0,8.760110140E-1,9.535216689E-1
7.339563208E0,3.125922203E0,7.369833589E-1,9.878117442E-1
7.349577208E0,3.154418468E0,6.460961103E-1,8.917892575E-1
7.359590208E0,2.986026287E0,5.496438742E-1,7.143433690E-1
7.369603208E0,3.098573446E0,4.741829932E-1,6.227700710E-1
7.379617208E0,3.369783640E0,2.123391032E-1,6.949756145E-1
7.389630208E0,3.459888458E0,-1.651596725E-1,7.389396429E-1
7.399643208E0,3.355585337E0,-4.289849401E-1,7.022572756E-1
7.409657208E0,2.943132639E0,-6.082495451E-1,5.654916167E-1
7.419670208E0,2.388427019E0,-7.534887791E-1,4.368678331E-1
7.429683208E0,1.957479358E0,-9.506488442E-1,3.112649620E-1
7.439697208E0,1.846224189E0,-1.195927501E0,1.854348630E-1
7.449710208E0,2.046742678E0,-1.372975826E0,3.464312525E-3
7.459723208E0,2.351134539E0,-1.293514609E0,-2.113987207E-1
7.469737208E0,2.370424509E0,-8.829198480E-1,-4.049800932E-1
7.479750208E0,1.976485968E0,-2.412029356E-1,-6.423934698E-1
7.489763208E0,1.241692901E0,4.851694405E-1,-8.594942689E-1
7.499777208E0,4.021129906E-1,1.142393351E0,-9.984364510E-1
7.509790208E0,-2.807593346E-1,1.356076002E0,-1.110607743E0
7.519803208E0,-5.214768648E-1,1.037335038E0,-1.014138222E0
7.529817208E0,-4.173995852E-1,3.732120991E-1,-8.741988540E-1
7.539830208E0,-3.367425501E-1,-3.843592107E-1,-7.973019481E-1
7.549843208E0,-4.243080914E-1,-8.664225936E-1,-7.796618938E-1
7.559857208E0,-6.467533708E-1,-1.024796605E0,-7.469239235E-1
7.569870208E0,-9.798055291E-1,-9.327924848E-1,-6.920280457E-1
7.579883208E0,-1.355015397E0,-6.949908137E-1,-6.378740072E-1
7.589897208E0,-1.691970825E0,-4.143783748E-1,-5.670994520E-1
7.599910208E0,-1.935630798E0,-1.927868426E-1,-4.559774399E-1
7.609923208E0,-2.083117723E0,-1.130908057E-1,-2.727203667E-1
7.619937208E0,-2.142341375E0,-2.118120641E-1,-5.989997834E-2
7.629950208E0,-2.119122267E0,-4.553629756E-1,8.081497252E-2
7.639963208E0,-2.080797672E0,-7.446134090E-1,1.174877658E-1
7.649977208E0,-2.085719585E0,-9.802702069E-1,7.757773250E-2
7.659990208E0,-2.172574282E0,-1.084669113E0,7.908401638E-2
7.670003208E0,-2.282824278E0,-1.088094950E0,1.384230256E-1
7.680017208E0,-2.343968153E0,-1.083833456E0,2.203471810E-1
7.690030208E0,-2.372112751E0,-1.102384448E0,2.724051476E-1
7.700043208E0,-2.418355227E0,-1.078255773E0,2.622225285E-1
7.710057208E0,-2.478383780E0,-9.842695594E-1,2.445542067E-1
7.720070208E0,-2.510291100E0,-8.393006325E-1,2.329465598E-1
7.730083208E0,-2.524076462E0,-7.104914188E-1,2.425590008E-1
7.740097208E0,-2.555478096E0,-6.627933979E-1,2.925827503E-1
7.750110208E0,-2.549788237E0,-7.676454782E-1,3.448873758E-1
7.760123208E0,-2.431461334E0,-9.866561294E-1,3.671303689E-1
7.770137208E0,-2.293280602E0,-1.178772688E0,3.575522304E-1
7.780150208E0,-2.180754185E0,-1.222510338E0,3.450180590E-1
7.790163208E0,-2.153760910E0,-1.101563692E0,3.370634019E-1
7.800177208E0,-2.225746155E0,-8.536958694E-1,3.466188312E-1
7.810190208E0,-2.356920719E0,-5.612110496E-1,3.902026713E-1
7.820203208E0,-2.453351974E0,-3.481781483E-1,4.436997175E-1
7.830217208E0,-2.423076153E0,-2.157130539E-1,5.111126900E-1
7.840230208E0,-2.341579676E0,-1.668839902E-1,5.506259799E-1
7.850243208E0,-2.259259939E0,-1.004168242E-1,5.400323272E-1
7.860256208E0,-2.238560200E0,-4.813072085E-2,5.070253611E-1
7.870270208E0,-2.202714682E0,9.083456360E-3,5.188606381E-1
7.880283208E0,-2.111589193E0,-2.203291655E-2,5.575388074E-1
7.890296667E0,-1.971621633E0,-1.326190382E-1,5.935670733E-1
7.900310667E0,-1.750102758E0,-3.097464144E-1,6.411159635E-1
7.910323667E0,-1.511948228E0,-5.469079018E-1,7.401185036E-1
7.920336667E0,-1.318853617E0,-7.620449662E-1,8.239313960E-1
7.930350667E0,-1.188619494E0,-8.978639841E-1,8.817757368E-1
7.940363667E0,-1.111510038E0,-9.386207461E-1,9.191952348E-1
7.950376667E0,-1.075160146E0,-8.371658921E-1,9.301362038E-1
7.960390667E0,-1.078524470E0,-5.208491683E-1,8.725724816E-1
7.970403667E0,-1.160325646E0,-1.756669581E-1,8.457654715E-1
7.980416667E0,-1.264646411E0,1.440300941E-1,9.214131236E-1
7.990430667E0,-1.359045029E0,3.336187899E-1,1.049416065E0
8.000443667E0,-1.396622062E0,3.887760639E-1,1.168378234E0
8.010456667E0,-1.329174042E0,3.354296386E-1,1.255191088E0
8.020470667E0,-1.137457371E0,2.042534798E-1,1.324212313E0
8.030483667E0,-8.802659512E-1,8.163119853E-2,1.380563021E0
8.040496667E0,-6.459251046E-1,-2.821368631E-3,1.436069131E0
8.050510667E0,-4.202136993E-1,-1.769904047E-2,1.553060770E0
8.060523667E0,-3.443375826E-1,8.285702206E-4,1.717480063E0
8.070536667E0,-3.663676679E-1,5.286662281E-2,1.835669875E0
8.080550667E0,-4.419433773E-1,1.128410101E-1,1.859361887E0
8.090563667E0,-5.996853709E-1,1.658707857E-1,1.795232177E0
8.100576667E0,-8.623396158E-1,2.597304583E-1,1.695495248E0
8.110590667E0,-1.078572512E0,3.654757738E-1,1.609557271E0
8.120603667E0,-1.142714739E0,3.766296208E-1,1.594546676E0
8.130616667E0,-1.013175368E0,3.743075430E-1,1.625476599E0
8.140630667E0,-7.075355649E-1,3.928279579E-1,1.721226215E0
8.150643667E0,-3.734416068E-1,4.318117201E-1,1.860055208E0
8.160656667E0,-1.031579301E-1,5.910474062E-1,2.003454208E0
8.170670667E0,-8.655123413E-3,8.998899460E-1,2.068913937E0
8.180683667E0,-1.776278913E-1,1.277853847E0,2.016035795E0
8.190696667E0,-2.604007125E-1,1.491582274E0,2.008706808E0
8.200710667E0,-1.099568680E-1,1.431229115E0,2.078035593E0
8.210723667E0,1.255785972E-1,1.198259234E0,2.078841209E0
8.220736667E0,4.203755856E-1,9.357491136E-1,1.946590543E0
8.230750667E0,7.267760634E-1,9.219636917E-1,1.717920303E0
8.240763667E0,8.006209731E-1,1.155509710E0,1.468409777E0
8.250776667E0,5.846419334E-1,1.549604774E0,1.260927439E0
8.260790667E0,2.520861030E-1,1.913138032E0,1.203691006E0
8.270803667E0,2.154448777E-1,1.984884620E0,1.394086957E0
8.280816667E0,4.949731827E-1,1.722344637E0,1.680098534E0
8.290830667E0,9.048601389E-1,1.282342434E0,1.849656105E0
8.300843667E0,1.332445860E0,9.102205634E-1,1.806763291E0
8.310856667E0,1.584150910E0,7.809685469E-1,1.622918487E0
8.320870667E0,1.521198869E0,9.499964714E-1,1.391726017E0
8.330883667E0,1.196286678E0,1.467781663E0,1.129528284E0
8.340896667E0,8.687649965E-1,2.180070162E0,1.086042047E0
8.350910667E0,6.580255628E-1,2.577606440E0,1.264619112E0
8.360923667E0,6.071903706E-1,2.671025753E0,1.557888508E0
8.370936667E0,8.066881895E-1,2.423652411E0,1.803343892E0
8.380950667E0,1.132231712E0,1.932115912E0,1.893321157E0
8.390963667E0,1.403934836E0,1.284187675E0,1.827953100E0
8.400976667E0,1.595149279E0,7.866339087E-1,1.691812038E0
8.410990667E0,1.692387581E0,7.209762335E-1,1.584818244E0
8.421003667E0,1.607401609E0,9.670912027E-1,1.534478664E0
8.431016667E0,1.473508000E0,1.342571139E0,1.543124437E0
8.441030667E0,1.413096905E0,1.606444240E0,1.625317812E0
8.451043667E0,1.467575312E0,1.595669270E0,1.739563107E0
8.461056667E0,1.590383291E0,1.338169336E0,1.788041711E0
8.471070667E0,1.765209556E0,1.005340815E0,1.786135554E0
8.481083667E0,2.037214756E0,8.228101134E-1,1.776326776E0
8.491096667E0,2.310175896E0,9.741807580E-1,1.733659863E0
8.501110667E0,2.263241291E0,1.466763258E0,1.650759101E0
8.511123667E0,1.910817385E0,2.118744612E0,1.601541996E0
8.521136667E0,1.542498112E0,2.553316832E0,1.627978683E0
8.531150667E0,1.406933665E0,2.565532446E0,1.745063782E0
8.541163667E0,1.469786167E0,2.273557186E0,1.831197262E0
8.551176667E0,1.653267980E0,1.707698226E0,1.843748450E0
8.561190667E0,2.111962795E0,1.102851748E0,1.839671135E0
8.571203667E0,2.645587921E0,6.826231480E-1,1.830780864E0
8.581216667E0,2.813738346E0,6.386729479E-1,1.749555945E0
8.591230667E0,2.654815912E0,1.076468229E0,1.653440833E0
8.601243667E0,2.244256258E0,1.782212257E0,1.538955808E0
8.611256667E0,1.762933850E0,2.388197184E0,1.534017444E0
8.621270667E0,1.568960905E0,2.524291277E0,1.631731510E0
8.631283667E0,1.802226663E0,2.131834745E0,1.776885748E0
8.641296667E0,2.264395475E0,1.332363844E0,1.905794501E0
8.651310667E0,2.917651653E0,5.038478374E-1,1.957081199E0
8.661323667E0,3.572841167E0,-1.312231719E-1,1.881145120E0
8.671336667E0,3.948700666E0,-3.122082055E-1,1.738475680E0
8.681350667E0,3.952475548E0,9.716298431E-3,1.640529156E0
8.691363667E0,3.659098148E0,7.439302802E-1,1.634195924E0
8.701376667E0,3.179558754E0,1.657752991E0,1.707570195E0
8.711390667E0,2.763383627E0,2.367908716E0,1.797511935E0
8.721403667E0,2.691037416E0,2.644316912E0,1.960179210E0
8.731416667E0,3.171102047E0,2.435316801E0,2.088493586E0
8.741430667E0,3.996148348E0,1.681254864E0,2.098072290E0
8.751443667E0,4.768975735E0,7.307401896E-1,2.027335882E0
8.761456667E0,5.182661533E0,-3.874953836E-3,1.964870453E0
8.771470667E0,5.061634541E0,-1.547218263E-1,1.931561112E0
8.781483667E0,4.541484833E0,3.666204512E-1,2.006533861E0
8.791496667E0,3.855491400E0,1.349367142E0,2.115849018E0
8.801510667E0,3.116951466E0,2.196799994E0,2.129250050E0
8.811523667E0,2.432207823E0,2.379370928E0,2.022317886E0
8.821536667E0,1.911732793E0,2.055199862E0,1.920396805E0
8.831550667E0,1.614343762E0,1.226458907E0,1.750493646E0
8.841563667E0,1.585320592E0,3.376286030E-1,1.482079744E0
8.851576667E0,1.620612383E0,-4.090669155E-1,1.185980558E0
8.861590667E0,1.643645048E0,-8.967849016E-1,8.878234625E-1
8.871603667E0,1.532971978E0,-1.016906738E0,6.663801074E-1
8.881616667E0,1.294010520E0,-7.806521654E-1,4.884644747E-1
8.891630542E0,1.025578737E0,-4.039805830E-1,3.134315610E-1
8.901643542E0,7.685560584E-1,-9.652370214E-2,1.016199663E-1
8.911656542E0,5.152214170E-1,1.921754517E-2,-1.507316232E-1
8.921670542E0,2.846750617E-1,6.273782812E-3,-4.252436161E-1
8.931683542E0,7.593261451E-2,-7.494251430E-2,-7.229465842E-1
8.941696542E0,-1.074422672E-1,-1.528314501E-1,-1.012213588E0
8.951710542E0,-2.916565835E-1,-2.460099757E-1,-1.199162960E0
8.961723542E0,-4.321953356E-1,-4.873083532E-1,-1.378454924E0
8.971736542E0,-4.699232876E-1,-8.606129885E-1,-1.467949510E0
8.981750542E0,-4.470645785E-1,-1.331753612E0,-1.473848939E0
8.991763542E0,-4.117984176E-1,-1.810568690E0,-1.403607607E0
9.001776542E0,-3.099029362E-1,-2.119377375E0,-1.260109782E0
9.011790542E0,-1.774676740E-1,-2.167986155E0,-1.115417123E0
9.021803542E0,-7.572532445E-2,-1.973419905E0,-9.594447613E-1
9.031816542E0,-2.800006419E-2,-1.620514750E0,-7.982084751E-1
9.041830542E0,-1.989846118E-2,-1.197179794E0,-6.552555561E-1
9.051843542E0,-7.121137530E-2,-7.309864759E-1,-5.406596661E-1
9.061856542E0,-1.747023463E-1,-3.447621167E-1,-4.454271495E-1
9.071870542E0,-1.717992872E-1,-1.124506593E-1,-2.974352539E-1
9.081883542E0,-8.535600454E-2,-2.101146430E-1,-1.148997992E-1
9.091896542E0,4.266106710E-2,-7.324650884E-1,1.095076874E-1
9.101910542E0,3.323679864E-1,-1.505060434E0,3.890330791E-1
9.111923542E0,7.918409109E-1,-2.345485926E0,6.583176255E-1
9.121936542E0,1.334396601E0,-3.071818829E0,8.602526188E-1
9.131950542E0,1.919858932E0,-3.631371498E0,1.061637878E0
9.141963542E0,2.167062998E0,-3.698128462E0,9.855257869E-1
9.151976542E0,2.111603022E0,-3.371014833E0,8.675161004E-1
9.161990542E0,1.875944138E0,-2.932925701E0,8.437947631E-1
9.172003542E0,1.421159387E0,-2.102864027E0,9.025374651E-1
9.182016542E0,6.811750531E-1,-7.770619988E-1,1.033714890E0
9.192030542E0,6.057540327E-2,1.483824998E-1,9.374189973E-1
9.202043542E0,-2.092488855E-1,4.227775633E-1,8.344795704E-1
9.212056542E0,-2.467099875E-1,6.062218547E-1,9.872736335E-1
9.222070542E0,-2.510602772E-1,8.257030845E-1,1.353468418E0
9.232083542E0,-1.503856480E-1,1.023895025E0,1.761563778E0
9.242096542E0,1.142292246E-1,1.171828508E0,2.084491730E0
9.252110542E0,2.971952856E-1,1.314302683E0,2.446976185E0
9.262123542E0,3.372734487E-1,1.506761909E0,2.841442585E0
9.272136542E0,3.452104926E-1,1.419551849E0,3.271351814E0
9.282150542E0,5.392324328E-1,6.789725423E-1,3.635085821E0
9.292163542E0,1.370884180E0,-1.017961740E0,3.725944519E0
9.302176542E0,2.548175335E0,-2.497770309E0,3.541121721E0
9.312190542E0,3.729056835E0,-3.077268600E0,3.191151857E0
9.322203542E0,4.420233727E0,-2.459459782E0,2.712912083E0
9.332216542E0,4.461246490E0,-1.010675073E0,2.121542454E0
9.342230542E0,4.104629993E0,3.829765022E-1,1.498326778E0
9.352243542E0,3.744823694E0,1.259515762E0,1.008129358E0
9.362256542E0,3.504204750E0,1.527435064E0,7.278953195E-1
9.372270542E0,3.533655643E0,6.298884153E-1,4.877667427E-1
9.382283542E0,4.037917137E0,-1.369910598E0,8.162855357E-2
9.392296542E0,4.578009605E0,-3.470022440E0,-5.554384589E-1
9.402310542E0,4.713015079E0,-4.772329330E0,-1.249949574E0
9.412323542E0,4.373865128E0,-5.067146778E0,-1.871723294E0
9.422337542E0,3.728368998E0,-4.598339081E0,-2.344614983E0
9.432350542E0,3.003236294E0,-3.915669680E0,-2.713797331E0
9.442363542E0,2.401014090E0,-3.416831255E0,-2.941657066E0
9.452377542E0,1.969483376E0,-3.335249901E0,-3.073419571E0
9.462390542E0,1.679846168E0,-3.597132921E0,-3.142571926E0
9.472403542E0,1.432211280E0,-4.113582611E0,-3.170532227E0
9.482417542E0,1.182963371E0,-4.675121784E0,-3.136785507E0
9.492430542E0,9.950366616E-1,-5.052042484E0,-3.069060087E0
9.502443542E0,7.397524118E-1,-5.252442360E0,-2.970410109E0
9.512457542E0,4.058412611E-1,-5.285294533E0,-2.841090679E0
9.522470542E0,-8.485523611E-2,-5.211727619E0,-2.661639690E0
9.532483542E0,-6.983113289E-1,-5.044619083E0,-2.461776257E0
9.542497542E0,-1.370202065E0,-4.844941616E0,-2.275428534E0
9.552510542E0,-1.961415648E0,-4.590339661E0,-2.114472389E0
9.562523542E0,-2.386985779E0,-4.354003429E0,-2.011878967E0
9.572537542E0,-2.587636232E0,-4.158148766E0,-1.962077975E0
9.582550542E0,-2.674005747E0,-4.011786938E0,-1.847870111E0
9.592563542E0,-2.874928951E0,-3.868015766E0,-1.655687332E0
9.602577542E0,-3.119236469E0,-3.724930525E0,-1.433608174E0
9.612590542E0,-3.333668947E0,-3.622907400E0,-1.294990420E0
9.622603542E0,-3.374914885E0,-3.569426060E0,-1.263146520E0
9.632617542E0,-3.232656479E0,-3.638964653E0,-1.252100825E0
9.642630542E0,-3.050564528E0,-3.713092089E0,-1.213876486E0
9.652643542E0,-2.984431505E0,-3.817365646E0,-1.148231983E0
9.662657542E0,-3.051254511E0,-3.930076361E0,-1.049415588E0
9.672670542E0,-3.124833822E0,-4.063163757E0,-9.187799096E-1
9.682683542E0,-3.072045326E0,-4.116524220E0,-7.859286666E-1
9.692697542E0,-3.054818153E0,-4.101688862E0,-6.048372388E-1
9.702710542E0,-3.051358938E0,-3.993526220E0,-3.739409149E-1
9.712723542E0,-3.013154030E0,-3.800506592E0,-9.065230191E-2
9.722737542E0,-3.031684160E0,-3.504880428E0,1.747260988E-1
9.732750542E0,-3.014339209E0,-3.078165531E0,3.499265909E-1
9.742763542E0,-3.048197269E0,-2.617975712E0,4.461500645E-1
9.752777542E0,-3.314267635E0,-2.137818336E0,5.655033588E-1
9.762790542E0,-3.700943947E0,-1.633566856E0,7.121167779E-1
9.772803542E0,-3.987890720E0,-1.215165854E0,8.539273739E-1
9.782817542E0,-4.045782089E0,-9.382036924E-1,9.538838267E-1
9.792830542E0,-3.813220024E0,-7.135257721E-1,1.043220043E0
9.802843542E0,-3.496901035E0,-5.996881723E-1,1.156721354E0
9.812857542E0,-3.234829664E0,-4.741482735E-1,1.267041802E0
9.822870542E0,-3.126297951E0,-4.348378778E-1,1.315374970E0
9.832883542E0,-2.995549679E0,-3.115351796E-1,1.296198130E0
9.842897542E0,-2.872737646E0,-1.877818257E-1,1.192806005E0
9.852910542E0,-2.649908304E0,-6.109099090E-2,1.012420297E0
9.862923542E0,-2.328753233E0,1.865470409E-2,8.639466763E-1
9.872937542E0,-1.938282967E0,9.070786089E-2,7.149440050E-1
9.882950542E0,-1.539927125E0,2.573705912E-1,6.215291023E-1
9.892963792E0,-1.235294342E0,5.304229856E-1,6.989823580E-1
9.902977792E0,-9.657108188E-1,8.194806576E-1,9.474523664E-1
9.912990792E0,-5.531483293E-1,9.767023325E-1,1.256664991E0
9.923003792E0,2.566708997E-2,9.190281034E-1,1.566682816E0
9.933017792E0,6.726613641E-1,7.299807072E-1,1.742568254E0
9.943030792E0,1.302616358E0,5.612566471E-1,1.837692618E0
9.953043792E0,1.736768365E0,4.915800691E-1,1.921427369E0
9.963057792E0,2.107017756E0,3.318053186E-1,1.899101853E0
9.973070792E0,2.719746113E0,2.817991748E-2,1.851850510E0
9.983083792E0,3.711837292E0,-5.284479260E-1,1.893294930E0
9.993097792E0,4.784157276E0,-1.414853334E0,2.125410557E0
1.000311079E1,5.313261509E0,-2.114690781E0,2.418184519E0
1.001312379E1,5.108638287E0,-2.178146124E0,2.445878267E0
1.002313779E1,4.299759388E0,-1.595159411E0,2.112707138E0
1.003315079E1,3.270388842E0,-5.720976591E-1,1.744388461E0
1.004316379E1,2.283689499E0,5.740917474E-2,1.018506289E0
1.005317779E1,1.326906323E0,4.321658909E-1,6.134611368E-1
1.006319079E1,5.928336978E-1,3.332965672E-1,7.564644516E-2
1.007320379E1,-9.447523206E-2,2.634120584E-1,-3.854810596E-1
1.008321779E1,-1.050662518E0,3.500092924E-1,-7.273180485E-1
1.009323079E1,-2.106711864E0,5.855945349E-1,-8.848980665E-1
1.010324379E1,-3.059033394E0,7.618933916E-1,-9.099349380E-1
1.011325779E1,-3.660478115E0,6.739029884E-1,-7.967397571E-1
1.012327079E1,-3.811526299E0,3.458326757E-1,-5.808596611E-1
1.013328379E1,-3.799792051E0,-1.464876384E-1,-3.463767171E-1
1.014329779E1,-3.680586100E0,-7.938602567E-1,-1.291077733E-1
1.015331079E1,-3.608178377E0,-1.429884434E0,1.860748418E-2
1.016332379E1,-3.620062590E0,-1.766253948E0,1.217668951E-1
1.017333779E1,-3.794327497E0,-1.764048100E0,2.591661215E-1
1.018335079E1,-4.004832268E0,-1.423537970E0,4.589474201E-1
1.019336379E1,-4.015089035E0,-9.150670767E-1,6.826747060E-1
1.020337779E1,-3.751406670E0,-4.667384923E-1,9.170771241E-1
1.021339079E1,-3.351907730E0,-1.807467788E-1,1.133966684E0
1.022340379E1,-3.057102203E0,-5.760513991E-2,1.389907122E0
1.023341779E1,-2.959689617E0,-2.988859825E-2,1.670853019E0
1.024343079E1,-2.930223465E0,-1.101850271E-1,1.903665304E0
1.025344379E1,-2.768129826E0,-2.466829270E-1,2.120660305E0
1.026345779E1,-2.334094048E0,-3.457857966E-1,2.253052235E0
1.027347079E1,-1.768602371E0,-2.781261802E-1,2.213827133E0
1.028348379E1,-1.263159990E0,-9.859571233E-3,2.118380070E0
1.029349779E1,-8.595677018E-1,3.858563304E-1,2.123172760E0
1.030351079E1,-4.573635161E-1,7.570085526E-1,2.234003305E0
1.031352379E1,3.587999148E-3,9.372119904E-1,2.310018778E0
1.032353779E1,3.416328728E-1,1.017843962E0,2.339833975E0
1.033355079E1,4.430989325E-1,1.085518956E0,2.456540823E0
1.034356379E1,5.431016684E-1,1.005203962E0,2.594835043E0
1.035357779E1,9.006092548E-1,7.547999024E-1,2.682935476E0
1.036359079E1,1.483598113E0,4.014887214E-1,2.649945974E0
1.037360379E1,2.023591518E0,1.807113290E-1,2.539404869E0
1.038361779E1,2.273702383E0,3.427833319E-1,2.445016623E0
1.039363079E1,2.307892084E0,7.910596132E-1,2.393458605E0
1.040364379E1,2.322999001E0,1.321319818E0,2.376033545E0
1.041365779E1,2.317175627E0,1.767855406E0,2.397582769E0
1.042367079E1,2.309903860E0,2.084227562E0,2.453946352E0
1.043368379E1,2.306543827E0,2.378647804E0,2.541497469E0
1.044369779E1,2.231772184E0,2.620317698E0,2.654136896E0
1.045371079E1,2.193418980E0,2.981133461E0,2.712102652E0
1.046372379E1,2.484320164E0,3.173055887E0,2.629175425E0
1.047373779E1,3.036942244E0,2.841344357E0,2.422136545E0
1.048375079E1,3.630473375E0,2.129970074E0,2.186405182E0
1.049376379E1,3.907768965E0,1.375178099E0,1.927884221E0
1.050377779E1,3.927478552E0,7.854847908E-1,1.611185431E0
1.051379079E1,3.957358122E0,4.960339963E-1,1.343126774E0
1.052380379E1,4.187135696E0,9.761364460E-1,1.147984982E0
1.053381779E1,4.312026978E0,2.196396589E0,1.112316132E0
1.054383079E1,4.037849903E0,3.402707815E0,1.233028650E0
1.055384379E1,3.784493446E0,4.129911900E0,1.380394101E0
1.056385779E1,3.624113798E0,4.125390053E0,1.353385329E0
1.057387079E1,3.751561880E0,3.380132437E0,1.159795523E0
1.058388379E1,4.110774517E0,2.182423592E0,9.300738573E-1
1.059389779E1,4.535313606E0,1.211054564E0,6.971601844E-1
1.060391079E1,4.834909439E0,1.017474413E0,4.767239690E-1
1.061392379E1,4.794792652E0,1.550788164E0,3.459839821E-1
1.062393779E1,4.510031223E0,2.363934278E0,3.679465353E-1
1.063395079E1,4.228994846E0,2.971934319E0,5.353278518E-1
1.064396379E1,3.992030859E0,3.055938959E0,7.544482350E-1
1.065397779E1,3.754375458E0,2.557694912E0,9.267609715E-1
1.066399079E1,3.471992731E0,1.812854052E0,9.418898225E-1
1.067400379E1,3.056583166E0,1.032529831E0,8.482183218E-1
1.068401779E1,2.681569338E0,3.824702799E-1,6.853311658E-1
1.069403079E1,2.367441893E0,-8.000342175E-3,4.567490220E-1
1.070404379E1,1.952860594E0,-2.823876776E-2,2.222912759E-1
1.071405779E1,1.318245411E0,1.855589598E-1,-1.896914560E-3
1.072407079E1,6.196841598E-1,4.305117130E-1,-2.292062342E-1
1.073408379E1,7.791767269E-2,5.345257521E-1,-4.357424974E-1
1.074409779E1,-3.103794754E-1,4.982548058E-1,-5.678699017E-1
1.075411079E1,-6.571817398E-1,3.532128036E-1,-6.706459522E-1
1.076412379E1,-1.020729303E0,1.061369553E-1,-7.427957654E-1
1.077413779E1,-1.311748385E0,-2.655560970E-1,-8.276008964E-1
1.078415079E1,-1.456254482E0,-7.528327703E-1,-9.665587544E-1
1.079416379E1,-1.510063410E0,-1.149017692E0,-1.147267580E0
1.080417779E1,-1.531821966E0,-1.270209670E0,-1.286430836E0
1.081419079E1,-1.485633135E0,-1.099284053E0,-1.271581650E0
1.082420379E1,-1.522498250E0,-6.900115609E-1,-9.344832301E-1
1.083421779E1,-1.471908689E0,-1.973678321E-1,-6.465243101E-1
1.084423079E1,-1.365179777E0,1.313464046E-1,-4.038306773E-1
1.085424379E1,-1.306546569E0,2.950927317E-1,-2.050786614E-1
1.086425779E1,-1.239214063E0,2.099653184E-1,5.907082930E-3
1.087427079E1,-1.098621130E0,2.469281293E-2,3.126570880E-1
1.088428379E1,-1.015734792E0,-2.849156260E-1,7.037268281E-1
1.089429717E1,-9.075098038E-1,-8.932559490E-1,1.117310882E0
1.090431017E1,-6.481139660E-1,-1.760857940E0,1.597900629E0
1.091432317E1,-3.581098616E-1,-2.591556787E0,2.105724573E0
1.092433717E1,-1.896231025E-1,-3.036182880E0,2.601319551E0
1.093435017E1,-1.634370685E-1,-3.087041616E0,3.054862738E0
1.094436317E1,-1.659327149E-1,-2.865218163E0,3.457162857E0
1.095437717E1,-2.337215394E-1,-2.476785421E0,3.831229925E0
1.096439017E1,-3.812263012E-1,-2.073452473E0,4.107325077E0
1.097440317E1,-4.478916526E-1,-1.638418674E0,4.279560566E0
1.098441717E1,-4.047897160E-1,-1.191068292E0,4.337432861E0
1.099443017E1,-3.732651174E-1,-9.080471396E-1,4.361589909E0
1.100444317E1,-1.470817924E-1,-9.508926272E-1,4.482166767E0
1.101445717E1,4.571864605E-1,-1.290584564E0,4.696153164E0
1.102447017E1,1.146350026E0,-1.566349268E0,4.892348766E0
1.103448317E1,1.582531333E0,-1.252692819E0,4.843940735E0
1.104449717E1,1.553792119E0,-4.568207860E-1,4.423254490E0
1.105451017E1,1.235642314E0,1.048220024E-1,3.695197344E0
1.106452317E1,1.067916989E0,-1.981008500E-1,2.785211563E0
1.107453717E1,1.281427264E0,-1.165278554E0,1.964265347E0
1.108455017E1,1.639213562E0,-2.157861471E0,1.436664462E0
1.109456317E1,1.851545691E0,-2.617460012E0,1.071002722E0
1.110457717E1,1.577872276E0,-2.620055676E0,6.579381824E-1
1.111459017E1,6.896066666E-1,-2.493354082E0,-4.845938087E-2
1.112460317E1,-4.730146825E-1,-2.442008257E0,-8.459733725E-1
1.113461717E1,-1.531290412E0,-2.425733805E0,-1.596525550E0
1.114463017E1,-2.294388533E0,-2.496306658E0,-2.129272938E0
1.115464317E1,-2.810841322E0,-2.734710693E0,-2.452453136E0
1.116465717E1,-3.165241957E0,-3.018907309E0,-2.592133284E0
1.117467017E1,-3.410765171E0,-3.390488625E0,-2.591442823E0
1.118468317E1,-3.559995890E0,-3.993807793E0,-2.525652647E0
1.119469717E1,-3.566616774E0,-4.602529526E0,-2.439469814E0
1.120471017E1,-3.511887312E0,-4.946722031E0,-2.345933676E0
1.121472317E1,-3.526034832E0,-4.852628708E0,-2.247892380E0
1.122473717E1,-3.604691982E0,-4.372473240E0,-2.108171701E0
1.123475017E1,-3.897900105E0,-3.682970285E0,-1.836676240E0
1.124476317E1,-4.279990196E0,-3.057329178E0,-1.570113778E0
1.125477717E1,-4.539773464E0,-2.569459200E0,-1.431031823E0
1.126479017E1,-4.734787941E0,-2.168804407E0,-1.382782340E0
1.127480317E1,-4.863960743E0,-1.783841968E0,-1.310278416E0
1.128481717E1,-4.885959148E0,-1.382724881E0,-1.238519073E0
1.129483017E1,-4.805765152E0,-1.042392492E0,-1.205797434E0
1.130484317E1,-4.914299011E0,-7.549983263E-1,-1.125631213E0
1.131485717E1,-5.271024227E0,-6.140217781E-1,-9.745568037E-1
1.132487017E1,-5.533412457E0,-6.524509192E-1,-8.318467736E-1
1.133488317E1,-5.568399906E0,-8.764328957E-1,-7.762230635E-1
1.134489717E1,-5.434302807E0,-1.097573400E0,-7.000399232E-1
1.135491017E1,-5.223236561E0,-1.196988821E0,-4.727660120E-1
1.136492317E1,-4.930438995E0,-1.276280165E0,-1.808731705E-1
1.137493717E1,-4.632186890E0,-1.526862502E0,7.381863892E-2
1.138495017E1,-4.256048679E0,-1.804096460E0,1.883995384E-1
1.139496317E1,-3.852953196E0,-1.925635099E0,1.309198141E-1
1.140497717E1,-3.640045166E0,-1.728667736E0,1.188413203E-1
1.141499017E1,-3.631564379E0,-1.229978323E0,1.565670669E-1
1.142500317E1,-3.563777447E0,-5.703885555E-1,1.779882014E-1
1.143501717E1,-3.277005196E0,1.310898662E-1,2.185259759E-1
1.144503017E1,-2.711668968E0,7.611120343E-1,3.050621748E-1
1.145504317E1,-2.107848644E0,1.061285257E0,4.450360537E-1
1.146505717E1,-1.638860464E0,9.869340658E-1,6.602581143E-1
1.147507017E1,-1.371341228E0,5.984061360E-1,8.852193952E-1
1.148508317E1,-1.142410517E0,1.557789296E-1,1.077576876E0
1.149509717E1,-8.556366563E-1,-1.909708530E-1,1.261162639E0
1.150511017E1,-4.941974878E-1,-2.950772643E-1,1.433668375E0
1.151512317E1,-3.941200674E-2,-7.011207193E-2,1.586653113E0
1.152513717E1,4.508061707E-1,3.661595285E-1,1.762734652E0
1.153515017E1,9.734828472E-1,6.959837675E-1,2.027316093E0
1.154516317E1,1.551006436E0,7.308394313E-1,2.227496386E0
1.155517717E1,1.996666908E0,5.955949426E-1,2.155740023E0
1.156519017E1,2.318108797E0,3.786900342E-1,2.031944513E0
1.157520317E1,2.544821739E0,1.062162071E-1,2.058383703E0
1.158521717E1,2.874143600E0,-2.440912127E-1,2.152189970E0
1.159523017E1,3.343461752E0,-5.769432783E-1,2.266273260E0
1.160524317E1,3.566930294E0,-6.614203453E-1,2.371199846E0
1.161525717E1,3.327664375E0,-4.426947832E-1,2.356586695E0
1.162527017E1,2.750887871E0,-2.379911542E-1,2.166434050E0
1.163528317E1,2.177123785E0,-2.016427815E-1,1.843270302E0
1.164529617E1,1.676679015E0,-5.056170225E-1,1.420115590E0
1.165531017E1,1.219107032E0,-1.011694670E0,9.256802797E-1
1.166532317E1,6.760246754E-1,-1.217663884E0,3.711984158E-1
1.167533617E1,-6.083054468E-2,-9.218101501E-1,-1.790378988E-1
1.168535017E1,-9.366888404E-1,-2.858544886E-1,-6.158868670E-1
1.169536317E1,-1.751202941E0,4.860109091E-1,-9.521161318E-1
1.170537617E1,-2.435779095E0,1.171717286E0,-1.153221846E0
1.171539017E1,-2.976350307E0,1.482090235E0,-1.208572149E0
1.172540317E1,-3.376167297E0,1.319171071E0,-1.147484899E0
1.173541617E1,-3.590538263E0,7.466150522E-1,-1.041569352E0
1.174543017E1,-3.604734659E0,-8.142057061E-2,-8.973264098E-1
1.175544317E1,-3.515850544E0,-9.686270952E-1,-6.970335245E-1
1.176545617E1,-3.396190643E0,-1.711544156E0,-4.706217051E-1
1.177547017E1,-3.273855925E0,-2.192548037E0,-2.372590005E-1
1.178548317E1,-3.151707172E0,-2.425446510E0,4.091882333E-2
1.179549617E1,-3.035112858E0,-2.368332386E0,3.696707785E-1
1.180551017E1,-2.916283607E0,-1.991882801E0,7.553921342E-1
1.181552317E1,-2.767334938E0,-1.388346314E0,1.142207384E0
1.182553617E1,-2.691591501E0,-7.450277805E-1,1.511577725E0
1.183555017E1,-2.644990683E0,-2.446945310E-1,1.800397038E0
1.184556317E1,-2.599821091E0,5.777079612E-2,1.934628129E0
1.185557617E1,-2.548156500E0,2.385716885E-1,1.957922339E0
1.186559017E1,-2.463960886E0,1.646828204E-1,1.846369743E0
1.187560317E1,-2.177361012E0,-1.473029107E-1,1.587161541E0
1.188561617E1,-1.662267566E0,-4.532995820E-1,1.417726755E0
1.189563192E1,-1.041981220E0,-6.367445588E-1,1.502304316E0
1.190564492E1,-3.505827785E-1,-6.348792911E-1,1.761706114E0
1.191565792E1,2.968609333E-1,-5.558120012E-1,2.096085548E0
1.192567192E1,9.406292439E-1,-4.022130668E-1,2.367329836E0
1.193568492E1,1.596103311E0,-2.335081547E-1,2.484308958E0
1.194569792E1,2.172923803E0,-3.678709641E-2,2.570435524E0
1.195571192E1,2.518721104E0,2.412816584E-1,2.662339687E0
1.196572492E1,2.655019522E0,5.112596154E-1,2.614926815E0
1.197573792E1,2.628473043E0,7.528092861E-1,2.393510818E0
1.198575192E1,2.487351418E0,1.008614659E0,2.215566158E0
1.199576492E1,2.305176735E0,1.190354586E0,2.195994139E0
1.200577792E1,2.227412701E0,1.298534870E0,2.196613073E0
1.201579192E1,2.317318201E0,1.315177798E0,2.120558023E0
1.202580492E1,2.501333475E0,1.261813879E0,2.023050308E0
1.203581792E1,2.607699871E0,1.309068680E0,1.953084707E0
1.204583192E1,2.694388390E0,1.575862885E0,1.882674813E0
1.205584492E1,2.817525387E0,1.857549667E0,1.760066271E0
1.206585792E1,2.957761049E0,2.154942513E0,1.624185205E0
1.207587192E1,3.139461756E0,2.407968283E0,1.544970512E0
1.208588492E1,3.372686625E0,2.405532598E0,1.499827504E0
1.209589792E1,3.597050428E0,2.178524017E0,1.488862991E0
1.210591192E1,3.730070591E0,1.765647888E0,1.480070591E0
1.211592492E1,3.737617493E0,1.177905321E0,1.368298769E0
1.212593792E1,3.635668039E0,6.320603490E-1,1.063309550E0
1.213595192E1,3.333131313E0,5.105829239E-1,6.443747282E-1
1.214596492E1,2.875451088E0,1.118674755E0,3.028828502E-1
1.215597792E1,2.508257151E0,2.266049385E0,8.767039329E-2
1.216599192E1,2.263283730E0,3.329163313E0,1.016495377E-2
1.217600492E1,2.224300861E0,3.934301138E0,8.824830502E-2
1.218601792E1,2.353570223E0,3.993191719E0,1.643121690E-1
1.219603192E1,2.550209761E0,3.701993704E0,1.775753051E-1
1.220604492E1,2.751013041E0,3.182996511E0,1.217112243E-1
1.221605792E1,2.970389366E0,2.752593517E0,1.320317946E-2
1.222607192E1,3.303061962E0,2.515683889E0,-1.429028064E-1
1.223608492E1,3.795192719E0,2.288718224E0,-2.419468760E-1
1.224609792E1,4.250730515E0,1.952202559E0,-2.635115683E-1
1.225611192E1,4.563623428E0,1.556522846E0,-2.668361962E-1
1.226612492E1,4.606586456E0,1.212679148E0,-2.036806494E-1
1.227613792E1,4.337871552E0,9.573351741E-1,-1.661511809E-1
1.228615092E1,4.093380928E0,9.791104794E-1,-2.691832781E-1
1.229616492E1,3.796227455E0,1.226932883E0,-3.707233369E-1
1.230617792E1,3.108344316E0,1.511651754E0,-3.508785367E-1
1.231619092E1,2.126592398E0,1.708054304E0,-2.842055857E-1
1.232620492E1,1.192996025E0,1.705072045E0,-3.001818955E-1
1.233621792E1,5.636424422E-1,1.528016686E0,-3.647445440E-1
1.234623092E1,3.546450138E-1,1.169709206E0,-4.182264209E-1
1.235624492E1,6.498513818E-1,7.261248231E-1,-3.643054068E-1
1.236625792E1,1.003463507E0,2.727914155E-1,-2.269574106E-1
1.237627092E1,9.874902964E-1,2.183259930E-4,-8.254673332E-2
1.238628492E1,6.568825841E-1,-1.417566538E-1,5.287473649E-2
1.239629792E1,2.853988111E-1,-2.008832097E-1,1.631803364E-1
1.240631092E1,-1.415725239E-2,-2.569116056E-1,2.057661414E-1
1.241632492E1,-2.580573261E-1,-3.072465956E-1,1.586152315E-1
1.242633792E1,-4.810232818E-1,-4.149714410E-1,5.417963862E-2
1.243635092E1,-6.750766635E-1,-6.118288636E-1,-1.243411005E-1
1.244636492E1,-7.845496535E-1,-8.193751574E-1,-3.595424294E-1
1.245637792E1,-7.879461646E-1,-1.067083359E0,-5.818710923E-1
1.246639092E1,-6.852877140E-1,-1.179355860E0,-7.053698301E-1
1.247640492E1,-5.225771070E-1,-1.178781390E0,-7.091397643E-1
1.248641792E1,-4.142850339E-1,-1.036403656E0,-6.967092156E-1
1.249643092E1,-2.158468515E-1,-7.620434761E-1,-6.507147551E-1
1.250644492E1,3.797050938E-2,-4.672986865E-1,-7.516658902E-1
1.251645792E1,2.053011954E-1,-2.305139899E-1,-8.951313496E-1
1.252647092E1,2.843321264E-1,-1.153615713E-1,-1.027834773E0
1.253648492E1,3.526321650E-1,-9.091246128E-2,-1.111276865E0
1.254649792E1,4.446411729E-1,-1.614649296E-1,-1.088147759E0
1.255651092E1,4.422560036E-1,-3.311721087E-1,-9.664638042E-1
1.256652492E1,2.425002605E-1,-5.604026318E-1,-7.636116147E-1
1.257653792E1,-1.420847625E-1,-7.790017724E-1,-5.538603663E-1
1.258655092E1,-5.971409678E-1,-8.671907187E-1,-3.703749180E-1
1.259656492E1,-1.121730924E0,-8.094089031E-1,-1.553526372E-1
1.260657792E1,-1.647586823E0,-7.154472470E-1,6.735821068E-2
1.261659092E1,-2.062237740E0,-6.028403640E-1,3.311617970E-1
1.262660492E1,-2.342960596E0,-3.995242417E-1,6.633674502E-1
1.263661792E1,-2.474045992E0,-2.881478071E-1,1.116063356E0
1.264663092E1,-2.438001156E0,-3.789131343E-1,1.611464500E0
1.265664492E1,-2.176590681E0,-4.468437433E-1,2.135758162E0
1.266665792E1,-1.775876880E0,-5.405436158E-1,2.642825603E0
1.267667092E1,-1.354695559E0,-7.805263400E-1,2.989999294E0
1.268668492E1,-1.060594201E0,-1.054550648E0,3.168935537E0
1.269669792E1,-8.814560771E-1,-1.296349645E0,3.309779882E0
1.270671092E1,-8.067427278E-1,-1.402683854E0,3.450236320E0
1.271672392E1,-9.306736588E-1,-1.290366411E0,3.672976017E0
1.272673792E1,-1.022972107E0,-8.319173455E-1,3.780731678E0
1.273675092E1,-8.865445256E-1,-2.710943222E-1,3.765568972E0
1.274676392E1,-4.383752942E-1,1.960848421E-1,3.802525759E0
1.275677792E1,1.586345881E-1,3.131949604E-1,3.985900402E0
1.276679092E1,7.074953318E-1,1.152613685E-1,4.085791588E0
1.277680392E1,9.689943790E-1,-3.733655512E-1,3.949834585E0
1.278681792E1,9.201450944E-1,-9.136056304E-1,3.524398804E0
1.279683092E1,7.668028474E-1,-1.538875461E0,2.906837225E0
1.280684392E1,6.732808948E-1,-2.240289211E0,2.272024632E0
1.281685792E1,7.054728270E-1,-2.989378691E0,1.813278556E0
1.282687092E1,8.624238372E-1,-3.798889399E0,1.639272451E0
1.283688392E1,1.040353179E0,-4.563368797E0,1.679317951E0
1.284689792E1,1.096238017E0,-5.124250889E0,1.716035247E0
1.285691092E1,9.188972712E-1,-5.297419548E0,1.660684466E0
1.286692392E1,5.689592957E-1,-5.172944069E0,1.471912980E0
1.287693792E1,2.416018397E-2,-4.795987606E0,1.232095242E0
1.288695092E1,-6.358352900E-1,-4.340741634E0,1.022496700E0
1.289696217E1,-1.419058919E0,-3.939132929E0,8.243957162E-1
1.290697617E1,-2.209280968E0,-3.628276587E0,7.255002856E-1
1.291698917E1,-2.914038897E0,-3.428866863E0,7.319972515E-1
1.292700217E1,-3.418408632E0,-3.511833429E0,7.513864040E-1
1.293701617E1,-3.599669695E0,-4.118480682E0,7.320480347E-1
1.294702917E1,-3.376500368E0,-4.867716789E0,6.657787561E-1
1.295704217E1,-3.075546503E0,-5.291243553E0,6.291918159E-1
1.296705617E1,-3.028843403E0,-5.130551815E0,7.516916394E-1
1.297706917E1,-3.421234846E0,-4.524163723E0,8.856750727E-1
1.298708217E1,-3.958242416E0,-3.642572641E0,8.745979071E-1
1.299709617E1,-4.253207684E0,-2.710936308E0,6.809170842E-1
1.300710917E1,-4.382888317E0,-1.829129577E0,4.628638625E-1
1.301712217E1,-4.501107216E0,-1.118932486E0,3.000784814E-1
1.302713617E1,-4.528059483E0,-6.740005016E-1,1.687050164E-1
1.303714917E1,-4.384462833E0,-9.462362528E-1,6.415721774E-2
1.304716217E1,-4.005072117E0,-1.745242834E0,-7.401290536E-2
1.305717617E1,-3.659965038E0,-2.536355972E0,-2.160638422E-1
1.306718917E1,-3.696081877E0,-2.974527836E0,-1.914530247E-1
1.307720217E1,-4.071705341E0,-2.844702244E0,1.096937284E-1
1.308721617E1,-4.511667252E0,-2.359842062E0,5.635930300E-1
1.309722917E1,-4.749550343E0,-1.811577797E0,9.827919006E-1
1.310724217E1,-4.749969482E0,-1.353995919E0,1.293589592E0
1.311725517E1,-4.665334225E0,-8.991208673E-1,1.568118453E0
1.312726917E1,-4.656347752E0,-4.241774976E-1,1.813057303E0
1.313728217E1,-4.670013428E0,-1.635190099E-2,1.984525919E0
1.314729517E1,-4.491387367E0,4.257480055E-2,2.063602686E0
1.315730917E1,-4.017079353E0,-1.993316114E-1,2.023077488E0
1.316732217E1,-3.469229937E0,-5.635335445E-1,1.991849422E0
1.317733517E1,-3.004641056E0,-9.398826957E-1,2.014101744E0
1.318734917E1,-2.613002300E0,-1.204972863E0,2.077014208E0
1.319736217E1,-2.320305347E0,-1.278626919E0,2.251902342E0
1.320737517E1,-2.099683762E0,-1.142235518E0,2.497084141E0
1.321738917E1,-1.875565052E0,-1.001729488E0,2.684819460E0
1.322740217E1,-1.607603908E0,-8.890998363E-1,2.753099918E0
1.323741517E1,-1.214070559E0,-7.004314661E-1,2.757333517E0
1.324742917E1,-8.153583407E-1,-3.581872880E-1,2.698949337E0
1.325744217E1,-5.125946403E-1,3.498821333E-2,2.584574699E0
1.326745517E1,-2.534680068E-1,2.196185142E-1,2.433094978E0
1.327746917E1,-2.390912920E-2,2.055121660E-1,2.203276157E0
1.328748217E1,7.896985114E-2,7.712543756E-2,1.971781492E0
1.329749517E1,1.702377051E-1,-1.031366661E-1,1.688271642E0
1.330750917E1,4.270502925E-1,-6.627692282E-2,1.449353099E0
1.331752217E1,8.955683112E-1,2.876298130E-1,1.332307935E0
1.332753517E1,1.446087956E0,7.660976052E-1,1.308431268E0
1.333754917E1,1.994320393E0,1.090880156E0,1.357340097E0
1.334756217E1,2.475585699E0,1.089261293E0,1.470836759E0
1.335757517E1,2.926944017E0,6.366356015E-1,1.675887227E0
1.336758917E1,3.434649944E0,-2.822295725E-1,1.916862845E0
1.337760217E1,3.803519487E0,-1.207369566E0,2.017639875E0
1.338761517E1,3.838253260E0,-1.751695991E0,2.004694223E0
1.339762917E1,3.515147686E0,-1.829398870E0,1.980894923E0
1.340764217E1,2.875272989E0,-1.404689193E0,1.868604422E0
1.341765517E1,2.121146202E0,-5.413337946E-1,1.637999296E0
1.342766917E1,1.296534061E0,4.590840042E-1,1.337394714E0
1.343768217E1,5.194320083E-1,1.260633349E0,1.028388739E0
1.344769517E1,-4.914889857E-2,1.629477978E0,7.061480880E-1
1.345770917E1,-3.425754309E-1,1.498082399E0,3.641656935E-1
1.346772217E1,-5.305948853E-1,1.073601961E0,1.555900872E-1
1.347773517E1,-8.994666338E-1,5.711427927E-1,-7.248637825E-2
1.348774817E1,-1.408609152E0,1.404832900E-1,-4.412734807E-1
1.349776217E1,-1.965812325E0,-9.125011414E-2,-8.040912151E-1
1.350777517E1,-2.509593725E0,-1.553561240E-1,-1.034612656E0
1.351778817E1,-2.883660555E0,-1.719312966E-1,-1.133259654E0
1.352780217E1,-3.026131153E0,-2.044391781E-1,-1.150043964E0
1.353781517E1,-3.046144009E0,-2.414630353E-1,-1.064757109E0
1.354782817E1,-2.994311571E0,-4.594105482E-1,-9.383751750E-1
1.355784217E1,-2.877662182E0,-7.827337980E-1,-7.461335659E-1
1.356785517E1,-2.762100697E0,-9.753005505E-1,-5.059456825E-1
1.357786817E1,-2.783201456E0,-9.445520639E-1,-2.318928689E-1
1.358788217E1,-2.861877918E0,-7.027288079E-1,1.153194308E-1
1.359789517E1,-2.953367233E0,-3.843445778E-1,5.170039535E-1
1.360790817E1,-3.047221661E0,-4.915192351E-2,8.950321674E-1
1.361792217E1,-3.094794273E0,2.892609835E-1,1.222384214E0
1.362793517E1,-3.083726645E0,5.124037266E-1,1.516672254E0
1.363794817E1,-2.879560947E0,4.755500555E-1,1.741379738E0
1.364796217E1,-2.451749325E0,1.287406981E-1,1.903426409E0
1.365797517E1,-1.805268049E0,-4.213751256E-1,2.044087887E0
1.366798817E1,-1.111881256E0,-1.013886333E0,2.191413641E0
1.367800217E1,-5.017198324E-1,-1.425182223E0,2.332285166E0
1.368801517E1,-1.015748456E-1,-1.477462769E0,2.414825439E0
1.369802817E1,2.178942971E-2,-1.124689817E0,2.463098526E0
1.370804217E1,-7.061240822E-2,-4.301567972E-1,2.529395580E0
1.371805517E1,-2.343565524E-1,4.203424752E-1,2.586114645E0
1.372806817E1,-3.033625185E-1,1.177524805E0,2.531054258E0
1.373808217E1,-1.763248444E-1,1.653609157E0,2.253063679E0
1.374809517E1,3.583695740E-2,1.855391860E0,1.900058031E0
1.375810817E1,2.268558294E-1,1.936538696E0,1.661632061E0
1.376812117E1,3.752458394E-1,2.108025074E0,1.502313137E0
1.377813517E1,4.775412977E-1,2.373131990E0,1.368066788E0
1.378814817E1,6.873845458E-1,2.542625904E0,1.285524964E0
1.379816117E1,1.041429281E0,2.562913418E0,1.225262046E0
1.380817517E1,1.481355786E0,2.502149105E0,1.190042257E0
1.381818817E1,1.922368169E0,2.319254637E0,1.233137608E0
1.382820117E1,2.316787243E0,2.017911911E0,1.286574125E0
1.383821517E1,2.653386831E0,1.691422701E0,1.210813403E0
1.384822817E1,2.865802050E0,1.494576693E0,1.071142316E0
1.385824117E1,2.985282898E0,1.492630482E0,9.270775914E-1
1.386825517E1,3.051208973E0,1.755263686E0,7.346724868E-1
1.387826817E1,3.128579140E0,2.324568510E0,5.421522856E-1
1.388828117E1,3.256831884E0,2.767767668E0,4.407148361E-1
1.389829542E1,3.531545639E0,2.875793695E0,5.133855343E-1
1.390830842E1,3.862332344E0,2.691035032E0,6.429227591E-1
1.391832142E1,4.109167576E0,2.218625546E0,7.747803926E-1
1.392833542E1,4.477002621E0,1.644946456E0,8.332362771E-1
1.393834842E1,5.107807159E0,1.457903624E0,7.772532105E-1
1.394836142E1,5.535831451E0,2.041110516E0,7.516669035E-1
1.395837542E1,5.362240314E0,3.029899836E0,7.249410152E-1
1.396838842E1,4.792932034E0,3.798110723E0,6.432576180E-1
1.397840142E1,4.503416061E0,3.820711613E0,4.996909499E-1
1.398841542E1,4.641769409E0,3.059365749E0,4.333223104E-1
1.399842842E1,5.236233711E0,2.088364601E0,4.931057096E-1
1.400844142E1,6.224290848E0,1.583736300E0,5.343135595E-1
1.401845442E1,6.847993374E0,1.232503891E0,5.246123672E-1
1.402846842E1,6.580225945E0,1.383128762E0,6.348874569E-1
1.403848142E1,5.452897549E0,2.011509180E0,8.052992225E-1
1.404849442E1,3.982326031E0,2.680828094E0,8.637889028E-1
1.405850842E1,2.903346777E0,2.994023561E0,7.320816517E-1
1.406852142E1,2.476974010E0,3.081303358E0,5.812524557E-1
1.407853442E1,2.171195507E0,2.966228724E0,5.550567508E-1
1.408854842E1,2.036899567E0,2.671310902E0,6.528155208E-1
1.409856142E1,1.886106968E0,2.163211584E0,7.423509359E-1
1.410857442E1,1.697667480E0,1.460548639E0,8.088484406E-1
1.411858842E1,1.347533941E0,7.221730351E-1,7.860425115E-1
1.412860142E1,7.933852673E-1,3.580882847E-1,6.566365957E-1
1.413861442E1,1.118536964E-1,3.631086349E-1,3.976378441E-1
1.414862842E1,-5.600075126E-1,5.650079250E-1,6.499812007E-2
1.415864142E1,-1.103831410E0,6.205177903E-1,-2.525777519E-1
1.416865442E1,-1.489611864E0,4.613297284E-1,-5.478985906E-1
1.417866842E1,-1.669668555E0,2.159466036E-3,-8.427139521E-1
1.418868142E1,-1.701647520E0,-6.335620880E-1,-1.155901670E0
1.419869442E1,-1.695497870E0,-1.154221654E0,-1.418059468E0
1.420870842E1,-1.713359237E0,-1.404223800E0,-1.530902624E0
1.421872142E1,-1.751698494E0,-1.430372357E0,-1.540714145E0
1.422873442E1,-1.764648914E0,-1.297381520E0,-1.493659258E0
1.423874842E1,-1.777870297E0,-1.099871993E0,-1.378219366E0
1.424876142E1,-1.782015443E0,-8.818597198E-1,-1.171346903E0
1.425877442E1,-1.736039281E0,-6.640300751E-1,-8.160870075E-1
1.426878842E1,-1.486558080E0,-7.303489447E-1,-3.013485372E-1
1.427880142E1,-1.162484288E0,-1.021614313E0,2.186334878E-1
1.428881442E1,-9.068911076E-1,-1.368861437E0,6.834698915E-1
1.429882842E1,-7.267966866E-1,-1.543986201E0,1.038040519E0
1.430884142E1,-6.963852644E-1,-1.453334332E0,1.385287404E0
1.431885442E1,-8.101965785E-1,-1.166196823E0,1.774049520E0
1.432886742E1,-1.005737782E0,-7.786876559E-1,2.157362700E0
1.433888142E1,-1.231361508E0,-3.943184614E-1,2.436406136E0
1.434889442E1,-1.437420487E0,-5.022791773E-2,2.665045500E0
1.435890742E1,-1.516241312E0,6.618493795E-2,2.921633959E0
1.436892142E1,-1.430057406E0,-1.521137427E-3,3.187115908E0
1.437893442E1,-1.191365600E0,-1.334390640E-1,3.382418394E0
1.438894742E1,-9.078387618E-1,-3.085432649E-1,3.529953241E0
1.439896142E1,-6.279883385E-1,-4.992626607E-1,3.725544691E0
1.440897442E1,-4.448169172E-1,-6.219723225E-1,4.032023430E0
1.441898742E1,-3.584668636E-1,-6.719629169E-1,4.494276047E0
1.442900142E1,-3.385211229E-1,-6.545538306E-1,5.034453392E0
1.443901442E1,-2.624713480E-1,-7.028952241E-1,5.353567123E0
1.444902742E1,6.164911203E-3,-8.820399642E-1,5.230771542E0
1.445904142E1,4.061465263E-1,-1.190283656E0,4.727344513E0
1.446905442E1,7.837739587E-1,-1.486946702E0,4.150691509E0
1.447906742E1,1.178092957E0,-1.529049039E0,3.816400290E0
1.448908142E1,1.843649387E0,-1.192188263E0,3.836088419E0
1.449909442E1,2.933367252E0,-7.997432351E-1,4.391334057E0
1.450910742E1,4.043186665E0,-6.125043631E-1,5.149646759E0
1.451912142E1,4.636530399E0,-2.973157763E-1,5.602553368E0
1.452913442E1,4.461261272E0,1.875422597E-1,5.486392975E0
1.453914742E1,3.783654451E0,7.117965817E-1,4.908542156E0
1.454916042E1,3.044314623E0,1.006057382E0,4.110683918E0
1.455917442E1,2.459431171E0,1.131049752E0,3.321573019E0
1.456918742E1,2.074729204E0,1.059452057E0,2.667359829E0
1.457920042E1,1.706811428E0,3.201186359E-1,2.229988337E0
1.458921442E1,1.224397421E0,-8.716976047E-1,1.963843822E0
1.459922742E1,6.235254407E-1,-1.877188206E0,1.653627157E0
1.460924042E1,-1.851106621E-2,-2.411804199E0,1.162526846E0
1.461925442E1,-5.311226249E-1,-2.450007677E0,5.468331575E-1
1.462926742E1,-9.607421756E-1,-2.272347212E0,-1.541404128E-1
1.463928042E1,-1.488004565E0,-2.073117018E0,-7.981192470E-1
1.464929442E1,-2.149579048E0,-1.955361485E0,-1.269493222E0
1.465930742E1,-2.809370995E0,-2.031193256E0,-1.515137553E0
1.466932042E1,-3.402748823E0,-2.248634815E0,-1.487211466E0
1.467933442E1,-3.890188217E0,-2.720508337E0,-1.375831962E0
1.468934742E1,-4.086306572E0,-3.291908979E0,-1.340941429E0
1.469936042E1,-4.157526493E0,-3.733278990E0,-1.390993595E0
1.470937442E1,-4.266715527E0,-3.853052139E0,-1.490641594E0
1.471938742E1,-4.435439587E0,-3.690231800E0,-1.619281173E0
1.472940042E1,-4.528893948E0,-3.371212721E0,-1.761724830E0
1.473941442E1,-4.485115528E0,-2.953185797E0,-1.811614990E0
1.474942742E1,-4.490563393E0,-2.506253004E0,-1.809815407E0
1.475944042E1,-4.584223270E0,-2.034151554E0,-1.717429519E0
1.476945342E1,-4.737576962E0,-1.746901155E0,-1.598763347E0
1.477946742E1,-4.854476929E0,-1.803163409E0,-1.521856904E0
1.478948042E1,-4.920897007E0,-2.090831280E0,-1.507886529E0
1.479949342E1,-4.984285355E0,-2.454325199E0,-1.559770823E0
1.480950742E1,-4.974271297E0,-2.858217955E0,-1.645522714E0
1.481952042E1,-4.901170254E0,-3.163803339E0,-1.750426054E0
1.482953342E1,-4.840932369E0,-3.274690390E0,-1.858349323E0
1.483954742E1,-4.760713100E0,-3.046331882E0,-1.864362717E0
1.484956042E1,-4.667681217E0,-2.617650747E0,-1.731506944E0
1.485957342E1,-4.494690418E0,-2.140101910E0,-1.516442180E0
1.486958742E1,-4.308501244E0,-1.675191641E0,-1.268088818E0
1.487960042E1,-4.094550610E0,-1.294357896E0,-1.052501917E0
1.488961342E1,-3.858124256E0,-1.088142991E0,-9.497573376E-1
1.489962754E1,-3.651542664E0,-1.040602446E0,-8.918132186E-1
1.490964054E1,-3.526575565E0,-1.022234321E0,-8.488337398E-1
1.491965354E1,-3.628593922E0,-1.013959527E0,-7.481220961E-1
1.492966754E1,-3.907974005E0,-1.009231329E0,-6.241809726E-1
1.493968054E1,-4.214381218E0,-1.010452509E0,-4.864188433E-1
1.494969354E1,-4.391969204E0,-9.860375524E-1,-3.183920383E-1
1.495970754E1,-4.447831154E0,-9.376994967E-1,-7.428281754E-2
1.496972054E1,-4.393673897E0,-8.193116188E-1,1.959276199E-1
1.497973354E1,-4.327051163E0,-6.932123899E-1,4.635604024E-1
1.498974754E1,-4.313635826E0,-6.905587912E-1,6.789646149E-1
1.499976054E1,-4.201740742E0,-9.885674119E-1,8.326973915E-1
1.500977354E1,-3.880891323E0,-1.332743883E0,9.260891676E-1
1.501978654E1,-3.539824486E0,-1.520525098E0,9.591169357E-1
1.502980054E1,-3.307243347E0,-1.435073853E0,1.043001175E0
1.503981354E1,-3.170242786E0,-1.158599019E0,1.231384516E0
1.504982654E1,-3.055165768E0,-7.772616148E-1,1.467700958E0
1.505984054E1,-2.851436853E0,-4.040310383E-1,1.759549737E0
1.506985354E1,-2.533651352E0,-2.291460484E-1,2.046311378E0
1.507986654E1,-2.048786640E0,-2.824556828E-1,2.185662985E0
1.508988054E1,-1.521493554E0,-4.292038679E-1,2.248416901E0
1.509989354E1,-1.209226608E0,-5.810415745E-1,2.363405704E0
1.510990654E1,-1.043920755E0,-6.498597860E-1,2.555109739E0
1.511992054E1,-8.228239417E-1,-7.043648958E-1,2.789718390E0
1.512993354E1,-4.009212255E-1,-8.404154181E-1,3.003520727E0
1.513994654E1,2.395232618E-1,-9.660016298E-1,3.071487427E0
1.514996054E1,9.107556939E-1,-8.257430792E-1,2.960934162E0
1.515997354E1,1.451177955E0,-3.525283337E-1,2.712076902E0
1.516998654E1,1.833333611E0,4.031854272E-1,2.402331829E0
1.518000054E1,2.052978039E0,1.038531542E0,2.165194511E0
1.519001354E1,2.227495193E0,1.262269855E0,1.977136135E0
1.520002654E1,2.594601393E0,9.665947556E-1,1.772994757E0
1.521004054E1,3.215229034E0,2.906767428E-1,1.599328876E0
1.522005354E1,3.958856583E0,-3.990781605E-1,1.509578824E0
1.523006654E1,4.412377357E0,-8.448292613E-1,1.518831730E0
1.524007954E1,4.428221703E0,-1.069958925E0,1.564680338E0
1.525009354E1,4.421557903E0,-1.275931597E0,1.596477389E0
1.526010654E1,4.540783882E0,-1.659830093E0,1.613172531E0
1.527011954E1,4.639498711E0,-2.060296774E0,1.557950497E0
1.528013354E1,4.752894402E0,-2.300668478E0,1.407814026E0
1.529014654E1,4.676053047E0,-1.939455032E0,1.027229667E0
1.530015954E1,3.958870411E0,-9.362810850E-1,6.231649518E-1
1.531017354E1,2.523885012E0,3.011705577E-1,3.572049141E-1
1.532018654E1,8.609097600E-1,1.110888362E0,8.826948702E-2
1.533019954E1,-5.226429105E-1,1.060266495E0,-4.189101160E-1
1.534021354E1,-1.659709454E0,6.963517070E-1,-8.202144504E-1
1.535022654E1,-2.381647348E0,3.089406192E-1,-9.358635545E-1
1.536023954E1,-2.822221279E0,-1.364295632E-1,-8.552281857E-1
1.537025354E1,-2.912000179E0,-6.124210954E-1,-7.246890664E-1
1.538026654E1,-2.905715704E0,-1.055632234E0,-6.002376676E-1
1.539027954E1,-2.962754011E0,-1.356579900E0,-5.032466650E-1
1.540029354E1,-3.089628220E0,-1.510552764E0,-4.126340449E-1
1.541030654E1,-3.250457764E0,-1.520602465E0,-2.965359390E-1
1.542031954E1,-3.417982340E0,-1.383035898E0,-1.596667320E-1
1.543033254E1,-3.527894020E0,-1.172947407E0,5.931488425E-2
1.544034654E1,-3.629431725E0,-9.664157033E-1,3.383052051E-1
1.545035954E1,-3.742790222E0,-6.914461851E-1,5.653775334E-1
1.546037254E1,-3.881958723E0,-2.713170946E-1,6.980751753E-1
1.547038654E1,-3.972667694E0,2.632019818E-1,7.980561256E-1
1.548039954E1,-3.979317665E0,8.685768247E-1,8.930938840E-1
1.549041254E1,-3.909910202E0,1.324482322E0,1.005207300E0
1.550042654E1,-3.671348095E0,1.219197273E0,1.085011005E0
1.551043954E1,-3.114612818E0,5.767033696E-1,1.221288919E0
1.552045254E1,-2.432212114E0,-2.731880248E-1,1.442369580E0
1.553046654E1,-1.836792588E0,-8.738200665E-1,1.736097932E0
1.554047954E1,-1.403041601E0,-9.402765036E-1,2.025968313E0
1.555049254E1,-1.022812009E0,-5.456993580E-1,2.266883850E0
1.556050654E1,-5.833101273E-1,2.828832483E-3,2.482175112E0
1.557051954E1,7.428287528E-3,4.130083621E-1,2.665146589E0
1.558053254E1,6.911342740E-1,5.950134993E-1,2.748497725E0
1.559054654E1,1.359544277E0,6.864499450E-1,2.649222612E0
1.560055954E1,1.842087865E0,8.574697375E-1,2.365248919E0
1.561057254E1,2.048222542E0,1.171631455E0,2.098827839E0
1.562058554E1,2.062304974E0,1.560184598E0,1.964212537E0
1.563059954E1,1.982411742E0,1.975277305E0,1.927008986E0
1.564061254E1,1.951887965E0,2.288936853E0,1.851763725E0
1.565062554E1,2.024835825E0,2.429853678E0,1.697173595E0
1.566063954E1,2.267184258E0,2.386715412E0,1.546407104E0
1.567065254E1,2.648940802E0,2.236215591E0,1.437223673E0
1.568066554E1,3.095204353E0,2.029269934E0,1.333187819E0
1.569067954E1,3.497157812E0,2.023531914E0,1.152069688E0
1.570069254E1,3.643121958E0,2.291262865E0,8.580402136E-1
1.571070554E1,3.493030310E0,2.767197609E0,5.332767367E-1
1.572071954E1,3.395692348E0,3.176227093E0,3.496625721E-1
1.573073254E1,3.447934628E0,3.149527788E0,3.192889392E-1
1.574074554E1,3.748400211E0,2.631461620E0,3.032265306E-1
1.575075954E1,4.186404228E0,1.812739491E0,2.211846709E-1
1.576077254E1,4.721577644E0,1.148353815E0,2.781390958E-2
1.577078554E1,5.502459526E0,1.142318606E0,-3.611607552E-1
1.578079954E1,6.526448250E0,1.394560218E0,-7.829440236E-1
1.579081254E1,7.475005627E0,1.437595010E0,-1.330252051E0
1.580082554E1,8.127864838E0,9.714408517E-1,-1.864190340E0
1.581083954E1,8.658418655E0,6.597546395E-3,-2.051823854E0
1.582085254E1,9.310120583E0,-8.902722597E-1,-1.958089828E0
1.583086554E1,9.972937584E0,-9.689883590E-1,-1.887300253E0
1.584087854E1,9.410977364E0,-1.317984611E-1,-1.752590895E0
1.585089254E1,7.450366020E0,1.789889932E0,-1.511668205E0
1.586090554E1,4.996119976E0,3.854946852E0,-1.280472159E0
1.587091854E1,3.118421555E0,4.812895775E0,-1.203029513E0
1.588093254E1,2.135863543E0,4.511744976E0,-1.077425361E0
1.589094554E1,1.621765137E0,3.453622818E0,-8.534386754E-1
1.590095871E1,1.446410537E0,2.205715895E0,-6.706488132E-1
1.591097271E1,1.640758514E0,1.115434527E0,-5.266346335E-1
1.592098571E1,1.739802718E0,5.511376262E-1,-3.694154024E-1
1.593099871E1,1.389429808E0,6.663411856E-1,-1.316859573E-1
1.594101271E1,9.787307978E-1,9.869499207E-1,1.459889263E-1
1.595102571E1,7.460728288E-1,1.221118212E0,3.509990573E-1
1.596103871E1,5.919556618E-1,1.344047904E0,4.976731837E-1
1.597105271E1,3.873649836E-1,1.167034268E0,5.822821259E-1
1.598106571E1,2.282848954E-1,6.759634614E-1,5.611711144E-1
1.599107871E1,1.695030630E-1,9.736884385E-2,4.417930245E-1
1.600109271E1,1.865860373E-1,-3.527968526E-1,3.017864823E-1
1.601110571E1,2.610070109E-1,-5.895736814E-1,2.207105160E-1
1.602111871E1,4.333432913E-1,-7.110770345E-1,2.006646544E-1
1.603113171E1,6.705848575E-1,-6.255325675E-1,2.631424069E-1
1.604114571E1,9.083610177E-1,-5.241160989E-1,4.008009434E-1
1.605115871E1,1.126882792E0,-3.969083726E-1,5.632265806E-1
1.606117171E1,1.265985250E0,-1.549809724E-1,7.352095842E-1
1.607118571E1,1.346388221E0,1.645480245E-1,9.126325250E-1
1.608119871E1,1.339274526E0,4.585902095E-1,9.849278927E-1
1.609121171E1,1.326645017E0,7.943157554E-1,1.096028090E0
1.610122571E1,1.325984836E0,1.071392894E0,1.182870030E0
1.611123871E1,1.405562401E0,1.114823699E0,1.393201113E0
1.612125171E1,1.578602314E0,9.643217325E-1,1.679551005E0
1.613126571E1,1.769923568E0,7.980717421E-1,2.009573221E0
1.614127871E1,1.913307428E0,6.782559156E-1,2.320273876E0
1.615129171E1,2.019882917E0,6.514301300E-1,2.495255947E0
1.616130571E1,2.113392115E0,7.292138934E-1,2.561151981E0
1.617131871E1,2.157034636E0,7.889842391E-1,2.607246637E0
1.618133171E1,2.272705555E0,5.604516864E-1,2.561566591E0
1.619134571E1,2.613643169E0,9.962651879E-2,2.357058764E0
1.620135871E1,3.118955374E0,-4.335162938E-1,2.136941671E0
1.621137171E1,3.522077084E0,-8.317113519E-1,2.075326204E0
1.622138471E1,3.768267870E0,-9.615989923E-1,2.192191601E0
1.623139871E1,4.057784081E0,-9.108580351E-1,2.384442568E0
1.624141171E1,4.418277264E0,-8.234549165E-1,2.522507906E0
1.625142471E1,4.591471195E0,-7.846484184E-1,2.524870872E0
1.626143871E1,4.597705841E0,-8.722329140E-1,2.361991405E0
1.627145171E1,4.389971256E0,-1.161851406E0,2.065640450E0
1.628146471E1,3.949879169E0,-1.589948416E0,1.721608520E0
1.629147871E1,3.525855541E0,-2.043447733E0,1.327678800E0
1.630149171E1,3.386613131E0,-2.642500401E0,8.253105879E-1
1.631150471E1,3.680546761E0,-3.325889587E0,3.053419888E-1
1.632151871E1,4.151506901E0,-3.924413443E0,-7.920650393E-2
1.633153171E1,4.597486973E0,-4.312750816E0,-3.273729086E-1
1.634154471E1,4.870293617E0,-4.474062920E0,-5.800117254E-1
1.635155871E1,4.925802231E0,-4.580012798E0,-8.737911582E-1
1.636157171E1,4.865473270E0,-4.735403538E0,-1.201901793E0
1.637158471E1,4.739416599E0,-4.606331348E0,-1.596416354E0
1.638159871E1,4.267257214E0,-4.102054119E0,-1.945285082E0
1.639161171E1,3.386341095E0,-3.548583508E0,-2.145826578E0
1.640162471E1,2.496335030E0,-3.306996822E0,-2.264125586E0
1.641163771E1,1.969302297E0,-3.643360615E0,-2.415594816E0
1.642165171E1,1.739618182E0,-4.447758198E0,-2.630202055E0
1.643166471E1,1.662889600E0,-5.292264938E0,-2.769532442E0
1.644167771E1,1.668931603E0,-6.005888462E0,-2.850453615E0
1.645169171E1,1.737600207E0,-6.394971371E0,-2.949263096E0
1.646170471E1,1.774187803E0,-6.529202938E0,-3.010650396E0
1.647171771E1,1.720826387E0,-6.445952415E0,-2.935233831E0
1.648173171E1,1.500210047E0,-6.311991215E0,-2.708870173E0
1.649174471E1,1.167135477E0,-6.191962719E0,-2.440935850E0
1.650175771E1,8.044885993E-1,-6.264824867E0,-2.358405590E0
1.651177171E1,4.148846567E-1,-6.443375111E0,-2.415152073E0
1.652178471E1,-1.111957505E-1,-6.593905449E0,-2.489048243E0
1.653179771E1,-6.154064536E-1,-6.626492023E0,-2.547966719E0
1.654181071E1,-9.901781082E-1,-6.613431931E0,-2.650335789E0
1.655182471E1,-1.289132833E0,-6.465526104E0,-2.712457418E0
1.656183771E1,-1.548813581E0,-6.181344509E0,-2.660022497E0
1.657185071E1,-1.712726831E0,-5.847614765E0,-2.495157957E0
1.658186471E1,-1.873388410E0,-5.556690216E0,-2.267133713E0
1.659187771E1,-2.044256926E0,-5.318056583E0,-2.055825233E0
1.660189071E1,-2.190032005E0,-5.101963043E0,-1.886266708E0
1.661190471E1,-2.398721457E0,-4.904796124E0,-1.800129414E0
1.662191771E1,-2.797561407E0,-4.660651207E0,-1.735364676E0
1.663193071E1,-3.246749163E0,-4.351860523E0,-1.623031497E0
1.664194471E1,-3.504302502E0,-4.170211792E0,-1.504957676E0
1.665195771E1,-3.556647778E0,-4.111883640E0,-1.413194180E0
1.666197071E1,-3.494120836E0,-4.148798943E0,-1.339849710E0
1.667198471E1,-3.349784374E0,-4.150613785E0,-1.278929710E0
1.668199771E1,-3.306955338E0,-4.049671173E0,-1.180076003E0
1.669201071E1,-3.414703131E0,-3.780905247E0,-1.009179592E0
1.670202471E1,-3.612094879E0,-3.442949533E0,-8.304358125E-1
1.671203771E1,-3.744171381E0,-3.036629677E0,-7.010871172E-1
1.672205071E1,-3.791607618E0,-2.513763189E0,-5.471034646E-1
1.673206371E1,-3.949115753E0,-1.923401475E0,-2.890303731E-1
1.674207771E1,-4.203170776E0,-1.313422322E0,-3.603781760E-2
1.675209071E1,-4.418987274E0,-8.726294637E-1,1.220799163E-1
1.676210371E1,-4.574931622E0,-6.550828815E-1,2.299403250E-1
1.677211771E1,-4.705527306E0,-5.891179442E-1,2.765179574E-1
1.678213071E1,-4.727161407E0,-8.260155916E-1,2.759888768E-1
1.679214371E1,-4.479456425E0,-1.224085093E0,2.571347654E-1
1.680215771E1,-4.230037689E0,-1.434531331E0,2.149671018E-1
1.681217071E1,-4.228972435E0,-1.182952166E0,2.612235546E-1
1.682218371E1,-4.374727249E0,-4.875689447E-1,4.129711688E-1
1.683219771E1,-4.488688946E0,4.963726699E-1,6.545912623E-1
1.684221071E1,-4.427266598E0,1.489897847E0,9.545075893E-1
1.685222371E1,-4.139538765E0,2.144764900E0,1.243160725E0
1.686223771E1,-3.622643471E0,2.377814054E0,1.408431530E0
1.687225071E1,-3.120879412E0,2.227216721E0,1.493655324E0
1.688226371E1,-2.662737846E0,1.542810202E0,1.516832232E0
1.689227671E1,-2.153958559E0,5.248935819E-1,1.444656849E0
1.690229192E1,-1.660385489E0,-4.672737718E-1,1.376285553E0
1.691230492E1,-1.025491357E0,-1.142886877E0,1.381648302E0
1.692231792E1,-3.145149052E-1,-1.393895268E0,1.462228298E0
1.693233192E1,2.803798914E-1,-1.262017369E0,1.648121238E0
1.694234492E1,6.705756783E-1,-8.503346443E-1,1.840299249E0
1.695235792E1,8.796263337E-1,-3.005713820E-1,1.962363839E0
1.696237192E1,1.051557422E0,2.327412814E-1,1.925164580E0
1.697238492E1,1.432633638E0,4.778378606E-1,1.809429646E0
1.698239792E1,2.175636530E0,2.073305696E-1,1.885381222E0
1.699241192E1,3.323442221E0,-5.184255838E-1,2.131285667E0
1.700242492E1,4.617465496E0,-1.467603564E0,2.355186462E0
1.701243792E1,5.547841072E0,-2.065437317E0,2.487306833E0
1.702245192E1,5.808460236E0,-1.875311494E0,2.570447683E0
1.703246492E1,5.348690033E0,-1.140560746E0,2.625045061E0
1.704247792E1,4.315487385E0,-1.989348680E-1,2.498815060E0
1.705249092E1,3.032258511E0,4.903495312E-1,2.117101669E0
1.706250492E1,1.654342413E0,4.727760851E-1,1.335857511E0
1.707251792E1,3.221594989E-1,5.921646953E-2,4.805202782E-1
1.708253092E1,-7.641463280E-1,-3.486819863E-1,-2.513399124E-1
1.709254492E1,-1.393263340E0,-6.789352298E-1,-8.729087114E-1
1.710255792E1,-1.406740785E0,-1.013585091E0,-1.270675778E0
1.711257092E1,-1.189139962E0,-1.143959880E0,-1.507453799E0
1.712258492E1,-9.565734863E-1,-9.061035514E-1,-1.551308036E0
1.713259792E1,-1.108499885E0,-4.478752911E-1,-1.469837666E0
1.714261092E1,-1.490561724E0,-6.411170214E-2,-1.269804597E0
1.715262492E1,-1.686543465E0,1.137962416E-1,-1.027826309E0
1.716263792E1,-1.741793990E0,1.177640185E-1,-8.211138248E-1
1.717265092E1,-1.831787229E0,-1.384736300E-1,-6.818249226E-1
1.718266492E1,-1.949735761E0,-9.032418728E-1,-4.574553668E-1
1.719267792E1,-2.147537708E0,-1.977054715E0,-1.052943915E-1
1.720269092E1,-2.263620377E0,-2.731687307E0,2.618532181E-1
1.721270392E1,-2.325569868E0,-2.955158234E0,5.585746169E-1
1.722271792E1,-2.474032402E0,-2.652538538E0,7.261466980E-1
1.723273092E1,-2.864569664E0,-1.999548554E0,8.624422550E-1
1.724274392E1,-3.356714010E0,-1.282476425E0,1.022343993E0
1.725275792E1,-3.680453539E0,-7.220631838E-1,1.177526474E0
1.726277092E1,-3.756912947E0,-4.124347270E-1,1.279412746E0
1.727278392E1,-3.655470848E0,-3.825777471E-1,1.410416842E0
1.728279792E1,-3.323324919E0,-5.010735989E-1,1.586901307E0
1.729281092E1,-2.822674274E0,-5.359940529E-1,1.718375921E0
1.730282392E1,-2.328274012E0,-3.530972004E-1,1.847280622E0
1.731283792E1,-1.953274488E0,-2.682189271E-2,2.019355059E0
1.732285092E1,-1.670374751E0,3.724936545E-1,2.217512369E0
1.733286392E1,-1.479027510E0,7.177267075E-1,2.366542101E0
1.734287792E1,-1.389834523E0,9.783992767E-1,2.427128077E0
1.735289092E1,-1.359876275E0,1.170889378E0,2.443386793E0
1.736290392E1,-1.237414002E0,1.324532270E0,2.419504166E0
1.737291692E1,-1.026155829E0,1.421418309E0,2.394805670E0
1.738293092E1,-7.643758059E-1,1.485060334E0,2.407915354E0
1.739294392E1,-5.177178383E-1,1.469005466E0,2.488935709E0
1.740295692E1,-1.840844601E-1,1.206642389E0,2.656858206E0
1.741297092E1,3.250405788E-1,8.096331358E-1,2.877561808E0
1.742298392E1,9.283325076E-1,4.834174812E-1,3.042981386E0
1.743299692E1,1.449610829E0,4.141212106E-1,3.140520334E0
1.744301092E1,1.748118401E0,5.398016572E-1,3.221345663E0
1.745302392E1,1.965583563E0,8.478926420E-1,3.182820082E0
1.746303692E1,2.188049078E0,1.339272618E0,2.988035440E0
1.747305092E1,2.412461281E0,1.864134550E0,2.797608137E0
1.748306392E1,2.671241045E0,2.153365850E0,2.712005615E0
1.749307692E1,3.067105055E0,2.134402990E0,2.652667046E0
1.750309092E1,3.584623098E0,1.962552905E0,2.619545460E0
1.751310392E1,4.063986301E0,1.760120392E0,2.573854446E0
1.752311692E1,4.433858871E0,1.660003185E0,2.454142332E0
1.753312992E1,4.724409580E0,1.713950872E0,2.206951380E0
1.754314392E1,4.936287403E0,1.814005733E0,1.878257394E0
1.755315692E1,5.107894421E0,1.982629657E0,1.587667465E0
1.756316992E1,5.290692806E0,2.107443810E0,1.425161600E0
1.757318392E1,5.652474403E0,2.383865595E0,1.290961742E0
1.758319692E1,6.098442554E0,2.791055679E0,1.263233900E0
1.759320992E1,6.527290344E0,3.120656729E0,1.440805435E0
1.760322392E1,6.837020397E0,3.137875795E0,1.679413795E0
1.761323692E1,7.147913456E0,2.870081902E0,1.815005422E0
1.762324992E1,7.676942348E0,2.710307598E0,1.767783642E0
1.763326392E1,8.060832977E0,2.756043196E0,1.768914700E0
1.764327692E1,8.151637077E0,2.656272650E0,1.873170733E0
1.765328992E1,8.113692284E0,2.384126186E0,2.070871115E0
1.766330392E1,8.002139091E0,1.770766497E0,2.389719009E0
1.767331692E1,7.756810665E0,1.003427505E0,2.541902065E0
1.768332992E1,7.404187202E0,6.171705127E-1,2.267739296E0
1.769334292E1,6.752354145E0,8.096954823E-1,1.814536572E0
1.770335692E1,5.807701111E0,1.447853804E0,1.368487716E0
1.771336992E1,4.661893368E0,2.017923355E0,9.816846251E-1
1.772338292E1,3.661971807E0,2.190888882E0,6.823813319E-1
1.773339692E1,2.950235128E0,1.944739342E0,4.457141459E-1
1.774340992E1,2.398805618E0,1.424446583E0,2.191955447E-1
1.775342292E1,1.927439094E0,7.181576490E-1,2.690679207E-2
1.776343692E1,1.405245781E0,-1.071002632E-1,-9.540300816E-2
1.777344992E1,1.054704547E0,-7.607257366E-1,-1.832111627E-1
1.778346292E1,8.271790743E-1,-1.184117913E0,-3.534571528E-1
1.779347692E1,5.988622904E-1,-1.448843956E0,-6.141276360E-1
1.780348992E1,3.447722197E-1,-1.674823642E0,-8.407863379E-1
1.781350292E1,2.214553356E-1,-2.018439054E0,-9.728056192E-1
1.782351592E1,5.093317032E-1,-2.422663212E0,-9.938161969E-1
1.783352992E1,1.103922606E0,-2.646816969E0,-9.390714765E-1
1.784354292E1,1.846174955E0,-2.630856752E0,-8.489788771E-1
1.785355592E1,2.554246426E0,-2.415122271E0,-6.802314520E-1
1.786356992E1,3.237198114E0,-2.132498980E0,-2.748444378E-1
1.787358292E1,3.902782679E0,-2.057895184E0,4.928383827E-1
1.788359592E1,4.474637985E0,-2.265334845E0,1.462359786E0
1.789360992E1,5.189064980E0,-2.989442587E0,2.318578243E0
1.790362233E1,5.958988190E0,-4.079473019E0,3.031043530E0
1.791363533E1,6.601848125E0,-5.189262390E0,3.640032768E0
1.792364933E1,6.734014034E0,-6.203809738E0,3.710853815E0
1.793366233E1,6.081397533E0,-6.968387604E0,3.225533247E0
1.794367533E1,4.971420765E0,-6.674193382E0,2.694607973E0
1.795368933E1,4.120370388E0,-5.777769089E0,2.324893951E0
1.796370233E1,3.606600761E0,-4.987136364E0,2.142922640E0
1.797371533E1,3.364454508E0,-5.064336777E0,1.833786368E0
1.798372833E1,3.275612116E0,-5.982968330E0,1.203813314E0
1.799374233E1,3.055134296E0,-7.046971798E0,3.501839340E-1
1.800375533E1,2.520022392E0,-7.587850571E0,-5.517286062E-1
1.801376833E1,1.973535895E0,-7.594742775E0,-1.408046007E0
1.802378233E1,1.607293844E0,-7.147272110E0,-2.356372356E0
1.803379533E1,1.052408338E0,-6.469142437E0,-3.047416925E0
1.804380833E1,3.133954406E-1,-5.907211304E0,-3.220923901E0
1.805382233E1,-1.672787517E-1,-5.721775055E0,-3.008626699E0
1.806383533E1,-3.289350569E-1,-6.039491177E0,-2.862061501E0
1.807384833E1,-4.379113317E-1,-6.657085419E0,-2.879524231E0
1.808386233E1,-7.651735544E-1,-7.211021900E0,-2.917956114E0
1.809387533E1,-1.253661752E0,-7.425932407E0,-2.911927462E0
1.810388833E1,-1.922075748E0,-7.336208820E0,-2.866571903E0
1.811390133E1,-2.583989143E0,-6.932891846E0,-2.786572695E0
1.812391533E1,-3.065647364E0,-6.291588306E0,-2.706401587E0
1.813392833E1,-3.371095896E0,-5.487005234E0,-2.652042389E0
1.814394133E1,-3.616583586E0,-4.656739712E0,-2.557840824E0
1.815395533E1,-3.693288565E0,-3.974192858E0,-2.375966549E0
1.816396833E1,-3.703556299E0,-3.494593859E0,-2.022849083E0
1.817398133E1,-3.782139778E0,-3.320412159E0,-1.698803186E0
1.818399533E1,-3.977483749E0,-3.498851776E0,-1.474959612E0
1.819400833E1,-4.158384323E0,-3.936273813E0,-1.351636887E0
1.820402133E1,-4.247673512E0,-4.497824669E0,-1.306996703E0
1.821403533E1,-4.335848808E0,-4.875276089E0,-1.258622527E0
1.822404833E1,-4.448227882E0,-4.885506153E0,-1.123492837E0
1.823406133E1,-4.501877785E0,-4.574788094E0,-9.298431873E-1
1.824407433E1,-4.583280563E0,-4.040516853E0,-6.965842247E-1
1.825408833E1,-4.584174633E0,-3.423797846E0,-5.420955420E-1
1.826410133E1,-4.495492458E0,-2.804949045E0,-4.563080370E-1
1.827411433E1,-4.478999615E0,-2.284063816E0,-3.900472522E-1
1.828412833E1,-4.490478516E0,-1.835330725E0,-3.411207497E-1
1.829414133E1,-4.552145004E0,-1.292854905E0,-3.656141162E-1
1.830415433E1,-4.924862862E0,-7.384186387E-1,-3.465561569E-1
1.831416833E1,-5.476884365E0,-2.675291598E-1,-2.318591177E-1
1.832418133E1,-5.875797272E0,5.661867186E-2,-1.101976708E-1
1.833419433E1,-5.945397854E0,1.765349507E-1,-8.536553010E-3
1.834420833E1,-5.675498962E0,9.754685313E-2,1.215981022E-1
1.835422133E1,-5.103422165E0,-1.401661038E-1,1.953943074E-1
1.836423433E1,-4.509436607E0,-2.726585865E-1,1.702006608E-1
1.837424833E1,-4.204471588E0,-1.714307815E-1,1.977968663E-1
1.838426133E1,-4.146810532E0,1.449547410E-1,2.464781106E-1
1.839427433E1,-4.067262650E0,5.685366392E-1,3.052034974E-1
1.840428733E1,-3.718262196E0,8.884029984E-1,3.290653229E-1
1.841430133E1,-3.197669506E0,1.076821089E0,3.000997305E-1
1.842431433E1,-2.764508009E0,1.278663397E0,2.338303328E-1
1.843432733E1,-2.461737633E0,1.438381195E0,2.327703834E-1
1.844434133E1,-2.169289351E0,1.566106081E0,3.109309673E-1
1.845435433E1,-1.729898691E0,1.349973321E0,4.285399020E-1
1.846436733E1,-1.047007799E0,7.499151230E-1,4.393519163E-1
1.847438133E1,-3.661927283E-1,4.644113407E-2,4.246459305E-1
1.848439433E1,1.480739713E-1,-3.608317077E-1,5.911213160E-1
1.849440733E1,6.134717464E-1,-3.995695114E-1,8.586264849E-1
1.850442133E1,1.142676115E0,-2.665235698E-1,1.099945664E0
1.851443433E1,1.808928728E0,-1.303162128E-1,1.269749284E0
1.852444733E1,2.502419949E0,-7.472884655E-2,1.371874571E0
1.853446033E1,3.011842966E0,-5.545049161E-2,1.395829797E0
1.854447433E1,3.330264330E0,5.087320507E-2,1.275598049E0
1.855448733E1,3.574466705E0,1.981729120E-1,1.149737597E0
1.856450033E1,3.942111015E0,1.399522871E-1,1.195007920E0
1.857451433E1,4.271685123E0,-1.768027544E-1,1.491736531E0
1.858452733E1,4.351388931E0,-6.912592649E-1,1.876959324E0
1.859454033E1,4.366554260E0,-1.174088478E0,2.158948898E0
1.860455433E1,4.225362301E0,-1.372187495E0,2.219007492E0
1.861456733E1,3.761522770E0,-1.196630597E0,2.025403261E0
1.862458033E1,3.056834459E0,-6.740176082E-1,1.567683339E0
1.863459433E1,2.042494774E0,-4.759017378E-2,9.501681328E-1
1.864460733E1,9.278003573E-1,4.812688231E-1,3.263716400E-1
1.865462033E1,-1.161755398E-1,7.519732714E-1,-2.269616127E-1
1.866463333E1,-1.156100035E0,7.405558825E-1,-7.128601670E-1
1.867464733E1,-2.168045521E0,6.275984645E-1,-1.027539492E0
1.868466033E1,-2.798258305E0,4.338794351E-1,-1.135843158E0
1.869467333E1,-2.970496178E0,2.721954137E-2,-1.134181857E0
1.870468733E1,-3.003954411E0,-4.284287393E-1,-1.093523502E0
1.871470033E1,-3.081661463E0,-7.208789587E-1,-9.219554663E-1
1.872471333E1,-3.156293392E0,-8.323858380E-1,-6.839255095E-1
1.873472733E1,-3.134526491E0,-8.407891393E-1,-3.883894384E-1
1.874474033E1,-2.935315132E0,-8.741018176E-1,-2.112358809E-2
1.875475333E1,-2.593050003E0,-9.914860129E-1,3.703152835E-1
1.876476733E1,-2.261874676E0,-1.220255494E0,7.687423229E-1
1.877478033E1,-1.997633100E0,-1.459053159E0,1.164125681E0
1.878479333E1,-1.847134829E0,-1.562945485E0,1.539921403E0
1.879480633E1,-1.818910599E0,-1.448928833E0,1.887033343E0
1.880482033E1,-1.858885646E0,-1.113324523E0,2.263098478E0
1.881483333E1,-1.815247893E0,-7.221977711E-1,2.612340212E0
1.882484633E1,-1.722122908E0,-3.718685210E-1,2.759444237E0
1.883486033E1,-1.726692438E0,-1.401266605E-1,2.659740210E0
1.884487333E1,-1.755917668E0,-5.941065028E-2,2.481307268E0
1.885488633E1,-1.676353335E0,-7.620188594E-2,2.320657015E0
1.886490033E1,-1.461025357E0,-8.441027999E-2,2.171371937E0
1.887491333E1,-1.171873093E0,-2.521246858E-2,2.023628473E0
1.888492633E1,-9.687185287E-1,2.248694748E-1,1.895684600E0
1.889494033E1,-8.349125385E-1,7.100343108E-1,1.885028958E0
1.890495342E1,-6.649018526E-1,1.268397331E0,1.968987703E0
1.891496642E1,-3.169625103E-1,1.618469000E0,2.018987417E0
1.892497942E1,1.528197527E-1,1.669458866E0,1.956329107E0
1.893499342E1,7.155030966E-1,1.410435081E0,1.845514655E0
1.894500642E1,1.331391811E0,1.076663613E0,1.780601263E0
1.895501942E1,1.872558951E0,8.788985014E-1,1.754370689E0
1.896503342E1,2.287614107E0,9.252473116E-1,1.638648629E0
1.897504642E1,2.493999958E0,1.187675238E0,1.460443735E0
1.898505942E1,2.454245090E0,1.633350015E0,1.356314659E0
1.899507342E1,2.248584747E0,2.058825970E0,1.406284690E0
1.900508642E1,2.134838104E0,2.149288893E0,1.560371637E0
1.901509942E1,2.296830177E0,1.850024700E0,1.693548322E0
1.902511342E1,2.626235008E0,1.435595274E0,1.854373574E0
1.903512642E1,3.145395279E0,1.093910933E0,2.072347403E0
1.904513942E1,3.688536882E0,1.214128375E0,2.226547480E0
1.905515242E1,3.961849451E0,1.910605669E0,2.131847143E0
1.906516642E1,3.825047731E0,2.942960978E0,1.903665900E0
1.907517942E1,3.419651031E0,3.952045202E0,1.749298215E0
1.908519242E1,3.107401848E0,4.297145367E0,1.762005210E0
1.909520642E1,3.217458248E0,3.630342960E0,1.893856287E0
1.910521942E1,3.729681492E0,2.436178923E0,2.025106430E0
1.911523242E1,4.246260166E0,1.453189373E0,2.011093855E0
1.912524642E1,4.438150883E0,1.216100216E0,1.848041773E0
1.913525942E1,4.126744747E0,1.786637425E0,1.577634454E0
1.914527242E1,3.501369953E0,2.817998171E0,1.345534801E0
1.915528642E1,2.995523453E0,3.837399244E0,1.300360441E0
1.916529942E1,2.897060633E0,4.548923016E0,1.420889139E0
1.917531242E1,3.431174517E0,4.286476135E0,1.539165497E0
1.918532542E1,4.539227009E0,2.819270372E0,1.502735853E0
1.919533942E1,5.704545021E0,1.385413647E0,1.273622751E0
1.920535242E1,6.165122986E0,6.668237448E-1,9.786810875E-1
1.921536542E1,5.831414223E0,7.719898224E-1,6.578628421E-1
1.922537942E1,4.928964138E0,1.443299413E0,3.414477110E-1
1.923539242E1,3.970463276E0,2.013422489E0,1.696655899E-1
1.924540542E1,3.655894279E0,2.014136076E0,6.080647185E-2
1.925541942E1,3.911163568E0,1.508112788E0,-4.777406529E-2
1.926543242E1,4.584779263E0,6.850387454E-1,-1.313998997E-1
1.927544542E1,5.453217506E0,1.594242603E-1,-3.177910745E-1
1.928545842E1,5.756419182E0,6.207488105E-2,-4.123072922E-1
1.929547242E1,5.405745029E0,2.203843594E-1,-3.114302158E-1
1.930548542E1,4.759933949E0,4.430117607E-1,-1.799243242E-1
1.931549842E1,3.862010479E0,6.215626001E-1,-1.260070354E-1
1.932551242E1,2.992192030E0,6.212078929E-1,-1.793310344E-1
1.933552542E1,2.294819593E0,5.299232602E-1,-2.427600771E-1
1.934553842E1,1.853355527E0,5.261933208E-1,-2.370972484E-1
1.935555242E1,1.666797638E0,5.019103885E-1,-2.568259239E-1
1.936556542E1,1.667916298E0,4.400373101E-1,-3.167593777E-1
1.937557842E1,1.519812584E0,3.223197162E-1,-3.789795935E-1
1.938559242E1,1.196727276E0,2.517202199E-1,-5.193299055E-1
1.939560542E1,8.124305010E-1,2.638519704E-1,-7.771356106E-1
1.940561842E1,4.717258215E-1,2.011912614E-1,-1.020215511E0
1.941563142E1,1.070554554E-1,-6.228163838E-4,-1.157563806E0
1.942564542E1,-2.886475325E-1,-2.440881729E-1,-1.351209521E0
1.943565842E1,-6.877568364E-1,-3.926273286E-1,-1.629271507E0
1.944567142E1,-1.091241479E0,-2.977326512E-1,-1.932874084E0
1.945568542E1,-1.460318327E0,2.108805180E-1,-2.222161531E0
1.946569842E1,-1.778622031E0,1.061140060E0,-2.450774431E0
1.947571142E1,-2.035192251E0,2.146285534E0,-2.662910223E0
1.948572542E1,-2.263430834E0,3.340695381E0,-2.917529821E0
1.949573842E1,-2.500541687E0,4.393005848E0,-3.209718227E0
1.950575142E1,-2.628441334E0,5.043638229E0,-3.503410101E0
1.951576542E1,-2.557663202E0,5.158996105E0,-3.809001684E0
1.952577842E1,-2.269821405E0,4.822770596E0,-4.078903198E0
1.953579142E1,-1.804264307E0,4.205387592E0,-4.301099300E0
1.954580442E1,-1.333646774E0,3.740763903E0,-4.410280228E0
1.955581842E1,-9.782214165E-1,3.560501814E0,-4.434235096E0
1.956583142E1,-6.505905986E-1,3.707792997E0,-4.461779118E0
1.957584442E1,-2.281727791E-1,4.107357025E0,-4.568870068E0
1.958585842E1,1.880699694E-1,4.619947433E0,-4.749255657E0
1.959587142E1,4.694856703E-1,5.067113400E0,-4.857675076E0
1.960588442E1,6.195324659E-1,5.423838139E0,-4.816453457E0
1.961589842E1,5.765873790E-1,5.743201256E0,-4.660884380E0
1.962591142E1,3.821481168E-1,5.974110603E0,-4.496118069E0
1.963592442E1,2.238777727E-1,5.851830006E0,-4.357744217E0
1.964593842E1,2.607694268E-1,5.435329437E0,-4.233637333E0
1.965595142E1,4.541367590E-1,4.888545990E0,-4.163383484E0
1.966596442E1,7.322505116E-1,4.328383923E0,-4.082603455E0
1.967597742E1,9.893808365E-1,3.858970404E0,-3.986982107E0
1.968599142E1,1.171760321E0,3.481994152E0,-3.860561132E0
1.969600442E1,1.199929118E0,3.256354332E0,-3.699064732E0
1.970601742E1,1.090710998E0,3.215448618E0,-3.522999763E0
1.971603142E1,9.209809899E-1,3.354474783E0,-3.318903208E0
1.972604442E1,6.374563575E-1,3.614371300E0,-3.081286669E0
1.973605742E1,2.794159055E-1,3.929898500E0,-2.864756346E0
1.974607142E1,-5.906904489E-2,4.280896664E0,-2.804263353E0
1.975608442E1,-2.320690602E-1,4.325683594E0,-2.770545006E0
1.976609742E1,-6.759699434E-2,4.094548225E0,-2.593015909E0
1.977611042E1,1.526320428E-1,3.662694693E0,-2.480950356E0
1.978612442E1,3.958694041E-1,3.048496962E0,-2.287109613E0
1.979613742E1,6.594014764E-1,2.380267382E0,-2.009995461E0
1.980615042E1,8.453081250E-1,1.684002757E0,-1.768008471E0
1.981616442E1,9.559579492E-1,1.195325255E0,-1.623425484E0
1.982617742E1,9.597283602E-1,9.533165097E-1,-1.494763494E0
1.983619042E1,8.768249750E-1,9.746001959E-1,-1.323050380E0
1.984620442E1,6.568118334E-1,1.173138738E0,-1.153009176E0
1.985621742E1,4.056762159E-1,1.416165471E0,-1.031451583E0
1.986623042E1,2.097487897E-1,1.549745560E0,-9.564282298E-1
1.987624442E1,-5.326020345E-2,1.456850290E0,-9.716069102E-1
1.988625742E1,-1.859281659E-1,1.082569718E0,-9.854540229E-1
1.989627042E1,-6.908489764E-2,7.976428270E-1,-8.758748174E-1
1.990628283E1,1.781081855E-1,4.158751369E-1,-7.148360610E-1
1.991629683E1,3.849734664E-1,1.031321511E-1,-5.103194118E-1
1.992630983E1,5.266034603E-1,-1.491542310E-1,-3.186781704E-1
1.993632283E1,6.611351967E-1,-2.817556858E-1,-1.716269404E-1
1.994633683E1,7.603739500E-1,-2.080682665E-1,-1.139733270E-1
1.995634983E1,7.498731017E-1,-2.511842363E-2,-1.067375168E-1
1.996636283E1,6.104899049E-1,2.043009549E-1,-1.154119670E-1
1.997637683E1,4.555189312E-1,4.290909171E-1,-1.192218885E-1
1.998638983E1,3.220058680E-1,5.411725044E-1,-1.321952790E-1
1.999640283E1,2.102436572E-1,5.032680035E-1,-1.578844041E-1
2.000641583E1,1.387496591E-1,3.983052373E-1,-2.202013731E-1
2.001642983E1,1.981309652E-1,1.219154522E-1,-1.640890837E-1
2.002644283E1,2.075360715E-1,-5.967750028E-2,-1.107525378E-1
2.003645583E1,1.700502187E-1,-2.838448286E-1,-9.518503398E-2
2.004646983E1,2.591316998E-1,-4.231582582E-1,-9.403734654E-2
2.005648283E1,4.527783990E-1,-4.170441926E-1,-9.580728412E-2
2.006649583E1,6.000564098E-1,-2.849222720E-1,-8.775462955E-2
2.007650983E1,6.454081535E-1,-1.708654761E-1,-7.680664212E-2
2.008652283E1,6.002469659E-1,-5.750858784E-2,-3.687449917E-2
2.009653583E1,4.397638142E-1,2.301182412E-2,-1.991948113E-2
2.010654983E1,2.774171531E-1,-2.214698307E-2,7.571482100E-3
2.011656283E1,2.009194344E-1,-2.286239862E-1,1.829736307E-2
2.012657583E1,2.131685466E-1,-5.106968880E-1,-9.860410355E-3
2.013658883E1,3.141423166E-1,-7.246826291E-1,-7.544074953E-2
2.014660283E1,4.408230186E-1,-8.632130027E-1,-1.283047199E-1
2.015661583E1,5.718995929E-1,-8.412001133E-1,-6.865843385E-2
2.016662883E1,5.796109438E-1,-7.106750607E-1,-1.602886803E-2
2.017664283E1,4.848420918E-1,-5.056340694E-1,6.942690909E-2
2.018665583E1,3.450785279E-1,-2.661970258E-1,1.729466468E-1
2.019666883E1,1.875328422E-1,-7.079532743E-2,2.586554289E-1
2.020668283E1,5.587190017E-2,-1.982162334E-2,3.390299976E-1
2.021669583E1,-6.856510043E-2,-1.139435917E-1,4.033096433E-1
2.022670883E1,-9.424792230E-2,-2.471545041E-1,4.002328217E-1
2.023672183E1,-7.024074905E-3,-3.266828656E-1,3.078733385E-1
2.024673583E1,1.204278916E-1,-4.422279596E-1,1.783189923E-1
2.025674883E1,2.637847960E-1,-6.171358228E-1,1.007339209E-1
2.026676183E1,3.735838830E-1,-8.837094307E-1,3.566436842E-2
2.027677583E1,5.125031471E-1,-1.182862282E0,8.917845786E-2
2.028678883E1,6.198159456E-1,-1.361524463E0,1.293579340E-1
2.029680183E1,6.376681328E-1,-1.391219735E0,2.066125125E-1
2.030681583E1,5.715614557E-1,-1.210095048E0,2.531407177E-1
2.031682883E1,3.856496513E-1,-7.778573632E-1,2.484447807E-1
2.032684183E1,1.184183136E-1,-2.610006332E-1,2.376170754E-1
2.033685583E1,-1.334967464E-1,1.048838571E-1,2.448052168E-1
2.034686883E1,-2.979782224E-1,1.600565761E-1,2.257996500E-1
2.035688183E1,-3.295747638E-1,2.040333301E-2,2.270183116E-1
2.036689483E1,-2.854674459E-1,-1.710018218E-1,2.544484437E-1
2.037690883E1,-2.072778642E-1,-3.048850298E-1,2.675730288E-1
2.038692183E1,-8.254852146E-2,-3.408734202E-1,2.761520743E-1
2.039693483E1,1.506059617E-2,-2.883207202E-1,2.458229214E-1
2.040694883E1,7.368089259E-2,-1.910160482E-1,1.939478070E-1
2.041696183E1,1.370843649E-1,-1.834502667E-1,1.585858166E-1
2.042697483E1,2.147140205E-1,-2.819408476E-1,1.427630037E-1
2.043698883E1,2.758947909E-1,-3.907815814E-1,1.973455548E-1
2.044700183E1,2.471844703E-1,-4.564949870E-1,2.589678168E-1
2.045701483E1,1.502475590E-1,-4.320186675E-1,3.008835614E-1
2.046702783E1,2.552563883E-2,-3.297206461E-1,3.223398924E-1
2.047704183E1,-9.643941373E-2,-8.355879784E-2,2.862250209E-1
2.048705483E1,-1.855640858E-1,1.864715517E-1,2.013672888E-1
2.049706783E1,-1.991571188E-1,3.117615581E-1,1.538463682E-1
2.050708183E1,-1.304258704E-1,3.074900210E-1,1.311595291E-1
2.051709483E1,-3.165775537E-2,1.623930037E-1,1.293688118E-1
2.052710783E1,6.794831902E-2,-2.466362901E-2,1.317378283E-1
2.053712183E1,1.423551738E-1,-1.711518615E-1,1.245478168E-1
2.054713483E1,1.389729977E-1,-2.692234218E-1,1.291892231E-1
2.055714783E1,6.378691643E-2,-3.021092117E-1,1.635072529E-1
2.056716083E1,3.513400909E-3,-2.269856483E-1,2.000607401E-1
2.057717483E1,-4.790132120E-2,-1.370365918E-1,2.160375714E-1
2.058718783E1,-8.242947608E-2,-6.072024629E-2,2.016565055E-1
2.059720083E1,-7.500031590E-2,-1.492825523E-2,1.477463990E-1
2.060721483E1,-2.367675118E-2,-3.269154206E-2,1.080713645E-1
2.061722783E1,5.528996885E-2,-9.367819875E-2,1.239648461E-1
2.062724083E1,1.082685292E-1,-1.290728152E-1,1.548026651E-1
2.063725483E1,9.661640227E-2,-1.060127765E-1,1.829325706E-1
2.064726783E1,5.351083353E-2,-6.629629433E-2,2.044057548E-1
2.065728083E1,1.333913766E-3,-6.198437512E-2,1.931549609E-1
2.066729383E1,-3.914172202E-2,-8.102296293E-2,1.571706533E-1
2.067730783E1,-5.716892332E-2,-8.052894473E-2,1.405794322E-1
2.068732083E1,-2.244304679E-2,-9.138099104E-2,1.540317237E-1
2.069733383E1,3.702187538E-2,-1.010035276E-1,1.661278009E-1
2.070734783E1,7.396630943E-2,-8.819432557E-2,1.661882997E-1
2.071736083E1,9.141294658E-2,-4.652171582E-2,1.546418965E-1
2.072737383E1,7.032112032E-2,4.028389696E-3,1.610605419E-1
2.073738783E1,3.187519312E-2,6.691627204E-2,1.820742190E-1
2.074740083E1,-1.644270867E-2,9.871125966E-2,1.908041686E-1
2.075741383E1,-3.783002496E-2,1.083777398E-1,1.914401203E-1
2.076742783E1,-4.121545330E-2,9.612244368E-2,1.710255742E-1
2.077744083E1,-3.637515754E-2,6.154476106E-2,1.346939355E-1
2.078745383E1,-2.814817056E-2,1.486490760E-2,1.064612195E-1
2.079746683E1,-1.681588776E-2,-3.862841055E-2,8.835439384E-2
2.080748083E1,-1.492983755E-2,-8.536928147E-2,8.880286664E-2
2.081749383E1,-2.341600135E-2,-1.102639809E-1,1.027008370E-1
2.082750683E1,-2.060573548E-2,-1.102660671E-1,1.076397598E-1
2.083752083E1,-6.766884588E-3,-9.563492984E-2,1.199526191E-1
2.084753383E1,4.089682363E-3,-4.490863904E-2,1.455745846E-1
2.085754683E1,1.546191331E-2,-3.746510297E-2,1.577231288E-1
2.086756083E1,3.293973207E-2,-5.258588493E-2,1.617631465E-1
2.087757383E1,1.756104268E-2,-5.053951219E-2,1.543502361E-1
2.088758683E1,-1.445969660E-2,-7.554687560E-3,1.344618201E-1
2.089759983E1,-3.187810257E-2,4.078168422E-2,1.320841461E-1
2.090761317E1,-3.810834885E-2,4.173334688E-2,1.310151070E-1
2.091762617E1,-1.683661714E-2,-1.063118805E-3,1.294321269E-1
2.092763917E1,2.885860763E-2,-4.933553934E-2,1.027905419E-1
2.093765317E1,8.360201120E-2,-8.026495576E-2,7.242331654E-2
2.094766617E1,5.587528646E-2,-2.450985275E-2,5.918416753E-2
2.095767917E1,-3.374512196E-1,1.670537293E-1,8.350148797E-2
2.096769317E1,-3.422946930E-1,3.835083842E-1,9.525934607E-2
2.097770617E1,-3.860333860E-1,3.493530750E-1,7.883083820E-2
2.098771917E1,-1.989339441E-1,2.054053694E-1,5.621137470E-2
2.099773217E1,-1.770717278E-2,-5.288218614E-3,8.976483718E-3
2.100774617E1,1.266032904E-1,-1.824029684E-1,-2.986980416E-2
2.101775917E1,1.694876403E-1,-2.827210426E-1,-4.897505790E-2