"Time (s)","X (rad/s)","Y (rad/s)","Z (rad/s)"
1.950166667E-3,-1.159925759E-1,4.608735070E-2,8.195938170E-2
1.196416667E-2,-1.348560899E-1,6.068479270E-2,6.690006703E-2
2.197916667E-2,-1.092407405E-1,3.891957179E-2,5.158369243E-2
3.199316667E-2,-5.943731591E-2,1.744142920E-2,4.379588366E-2
4.200716667E-2,-2.302337997E-2,1.215106156E-2,3.940299898E-2
5.202216667E-2,-9.645775892E-3,-2.929561306E-4,3.878273815E-2
6.203616667E-2,-3.655527486E-3,-2.423131280E-2,3.895264864E-2
7.205116667E-2,5.165010691E-3,-3.798922151E-2,3.790638968E-2
8.206516667E-2,4.149813205E-3,-5.240651220E-2,3.569090366E-2
9.207916667E-2,-2.278506942E-2,-5.575031787E-2,2.743164450E-2
1.020941667E-1,-5.809246004E-2,-4.198337346E-2,1.744319126E-2
1.121081667E-1,-9.222500026E-2,-2.782510035E-2,8.357126266E-3
1.221221667E-1,-1.126857996E-1,1.603627112E-3,9.689847939E-4
1.321371667E-1,-1.169689745E-1,1.834860630E-2,2.496541478E-3
1.421511667E-1,-1.110168099E-1,8.209152147E-3,1.057044696E-2
1.521661667E-1,-9.484965354E-2,-1.905386522E-2,2.027698979E-2
1.621801667E-1,-7.447221130E-2,-4.876089469E-2,2.813784033E-2
1.721941667E-1,-7.112406939E-2,-7.104529440E-2,3.138688579E-2
1.822091667E-1,-8.681301773E-2,-9.355033934E-2,3.765383735E-2
1.922231667E-1,-1.108907908E-1,-9.067777544E-2,4.299156368E-2
2.022381667E-1,-1.434689760E-1,-6.640146673E-2,3.824234754E-2
2.122521667E-1,-1.805185974E-1,-8.089888096E-2,3.678388894E-2
2.222661667E-1,-2.140856236E-1,-1.073009223E-1,3.338516504E-2
2.322811667E-1,-2.506980300E-1,-1.220418885E-1,3.149416298E-2
2.422951667E-1,-2.632516325E-1,-1.147594750E-1,4.057687148E-2
2.523101667E-1,-2.452765405E-1,-9.400677681E-2,5.668679252E-2
2.623241667E-1,-2.234402150E-1,-9.326241910E-2,6.788671762E-2
2.723381667E-1,-2.044505626E-1,-9.797714651E-2,8.074980229E-2
2.823531667E-1,-1.771435738E-1,-7.888414711E-2,1.371017545E-1
2.923671667E-1,-1.475703120E-1,-8.218555152E-2,1.912412196E-1
3.023811667E-1,-1.941082478E-1,-1.666234732E-1,2.238569558E-1
3.123961667E-1,-3.584195077E-1,-2.901370525E-1,2.317479551E-1
3.224101667E-1,-5.671948195E-1,-2.907093465E-1,2.388580590E-1
3.324251667E-1,-9.150348902E-1,-4.538182616E-1,9.698887169E-2
3.424391667E-1,-1.053379774E0,-4.640208185E-1,1.345415711E-1
3.524531667E-1,-1.094480872E0,-7.060329318E-1,3.436315954E-1
3.624681667E-1,-1.094543815E0,-9.775707126E-1,3.811795115E-1
3.724821667E-1,-1.046066523E0,-1.019953609E0,4.253157079E-1
3.824971667E-1,-1.117418647E0,-1.168240190E0,5.338904262E-1
3.925111667E-1,-1.235895514E0,-1.288337111E0,6.119028926E-1
4.025251667E-1,-1.408311725E0,-1.513364315E0,7.168090940E-1
4.125401667E-1,-1.568037033E0,-1.842921853E0,8.467351198E-1
4.225541667E-1,-1.711700439E0,-2.314088345E0,9.393039346E-1
4.325681667E-1,-1.788785100E0,-2.502232075E0,1.056005597E0
4.425831667E-1,-1.733157516E0,-2.521780491E0,1.127595663E0
4.525971667E-1,-1.508049965E0,-2.530190229E0,1.228908777E0
4.626121667E-1,-1.074555278E0,-2.149282217E0,1.246390104E0
4.726261667E-1,-6.915482879E-1,-1.590213180E0,1.145920396E0
4.826401667E-1,-4.738561809E-1,-1.330923796E0,1.154806376E0
4.926551667E-1,-3.934928477E-1,-1.320217729E0,1.314327836E0
5.026691667E-1,-3.702740669E-1,-1.400319219E0,1.501032233E0
5.126841667E-1,-3.592957854E-1,-1.554758310E0,1.718330979E0
5.226981667E-1,-3.330681622E-1,-1.799197674E0,2.029392004E0
5.327121667E-1,-2.473912686E-1,-1.997123122E0,2.378805399E0
5.427271667E-1,-1.772241592E-1,-2.019459009E0,2.604634285E0
5.527411667E-1,-1.329746842E-1,-1.816550732E0,2.695518255E0
5.627551667E-1,-8.127859980E-2,-1.461002231E0,2.681276083E0
5.727701667E-1,-8.298435062E-2,-1.303427815E0,2.645605326E0
5.827841667E-1,-1.086172760E-1,-1.329849005E0,2.563738346E0
5.927991667E-1,-1.325916350E-1,-1.661006093E0,2.402311802E0
6.028131667E-1,-1.924285889E-1,-2.224440336E0,2.216168165E0
6.128271667E-1,-2.913394272E-1,-2.878419399E0,2.032395601E0
6.228421667E-1,-4.043389559E-1,-3.397567749E0,1.828261256E0
6.328561667E-1,-5.156679153E-1,-3.617069483E0,1.616050243E0
6.428711667E-1,-5.957028270E-1,-3.554911375E0,1.401720166E0
6.528851667E-1,-5.558603406E-1,-3.409009933E0,1.112041950E0
6.628985417E-1,-3.988017142E-1,-3.249096632E0,7.005848885E-1
6.729135417E-1,-1.843839288E-1,-3.143050671E0,2.106771916E-1
6.829275417E-1,4.386655614E-2,-3.086371660E0,-3.365555406E-1
6.929415417E-1,2.237226516E-1,-3.061745882E0,-8.752036095E-1
7.029565417E-1,3.473324776E-1,-3.066289425E0,-1.307826996E0
7.129705417E-1,4.469461441E-1,-3.075321913E0,-1.678308845E0
7.229855417E-1,5.327316523E-1,-3.062197447E0,-2.047702551E0
7.329995417E-1,5.622419119E-1,-3.011115789E0,-2.441013813E0
7.430135417E-1,5.037485361E-1,-2.942348480E0,-2.888242722E0
7.530285417E-1,3.835857809E-1,-2.830747366E0,-3.375731468E0
7.630425417E-1,2.411207855E-1,-2.659675121E0,-3.843339205E0
7.730575417E-1,1.220159829E-1,-2.468984842E0,-4.259270668E0
7.830715417E-1,5.476317182E-2,-2.302314281E0,-4.619673729E0
7.930855417E-1,3.670228645E-2,-2.168969870E0,-4.951940060E0
8.031005417E-1,6.801173836E-2,-1.974943519E0,-5.331128120E0
8.131145417E-1,1.417489350E-1,-1.782148600E0,-5.720426083E0
8.231285417E-1,2.638588846E-1,-1.724398017E0,-6.056622028E0
8.331435417E-1,4.360508919E-1,-1.704049349E0,-6.300069332E0
8.431575417E-1,6.149905324E-1,-1.744565845E0,-6.433588028E0
8.531725417E-1,7.981724739E-1,-1.805663943E0,-6.458384037E0
8.631865417E-1,9.909030795E-1,-1.800752044E0,-6.358866692E0
8.732005417E-1,1.125271916E0,-1.682754993E0,-6.129659176E0
8.832155417E-1,1.140956879E0,-1.384765983E0,-5.782521725E0
8.932295417E-1,1.039973617E0,-1.016136408E0,-5.322180748E0
9.032435417E-1,8.978782296E-1,-6.785026789E-1,-4.632339478E0
9.132585417E-1,5.454819202E-1,-3.245846927E-1,-3.759381294E0
9.232725417E-1,-8.672510833E-2,7.594567537E-2,-2.807081461E0
9.332875417E-1,-8.252705932E-1,4.785763323E-1,-1.863072038E0
9.433015417E-1,-1.339745879E0,7.711299062E-1,-1.017733574E0
9.533155417E-1,-1.499336839E0,7.656959891E-1,-3.601225913E-1
9.633305417E-1,-1.479017973E0,5.077041388E-1,1.032114923E-1
9.733445417E-1,-1.354596257E0,1.558054686E-1,3.958906233E-1
9.833585417E-1,-1.101607680E0,-8.924902976E-2,6.388979554E-1
9.933735417E-1,-7.918676734E-1,-2.039354742E-1,9.352846742E-1
1.003387542E0,-5.512025952E-1,-2.286373675E-1,1.298073292E0
1.013402542E0,-4.907953441E-1,-2.348696738E-1,1.754814982E0
1.023416542E0,-5.975311399E-1,-2.153841257E-1,2.260342360E0
1.033430542E0,-7.331304550E-1,-2.161235958E-1,2.831836939E0
1.043445542E0,-8.300660253E-1,-2.829556167E-1,3.442038059E0
1.053459542E0,-8.782160282E-1,-4.196310341E-1,4.049810410E0
1.063473542E0,-8.213067055E-1,-5.542376041E-1,4.665977478E0
1.073488542E0,-7.242341638E-1,-6.375123262E-1,5.253244877E0
1.083502542E0,-6.450080276E-1,-6.999133825E-1,5.817580700E0
1.093517542E0,-5.812501907E-1,-6.299812794E-1,6.352235794E0
1.103531542E0,-5.579931140E-1,-4.231375158E-1,6.776347160E0
1.113545542E0,-5.686783791E-1,-2.477391660E-1,7.055191040E0
1.123560542E0,-5.760982037E-1,-1.322069913E-1,7.123066425E0
1.133574542E0,-5.577581525E-1,-2.539439201E-1,7.024082661E0
1.143588542E0,-4.786854684E-1,-5.281000733E-1,6.788527489E0
1.153603542E0,-3.328532875E-1,-6.946149468E-1,6.347315311E0
1.163617542E0,-2.715957761E-1,-6.882963181E-1,5.569374084E0
1.173632542E0,-3.049148023E-1,-6.805638671E-1,4.626586437E0
1.183646542E0,-3.055177331E-1,-7.240465879E-1,3.716933966E0
1.193660542E0,-2.332412452E-1,-8.219398260E-1,2.936095238E0
1.203675542E0,-1.040300056E-1,-9.995087981E-1,2.278073549E0
1.213689542E0,4.566719383E-2,-1.183802128E0,1.694671988E0
1.223703542E0,1.653906703E-1,-1.269469857E0,1.082468510E0
1.233718542E0,2.230712622E-1,-1.173916340E0,5.006757379E-1
1.243732542E0,1.953642666E-1,-8.521006703E-1,3.367152996E-3
1.253747542E0,2.434613183E-2,-5.083755255E-1,-4.272445738E-1
1.263761542E0,-2.581878304E-1,-2.710364461E-1,-8.335058093E-1
1.273775542E0,-5.618808866E-1,-1.745516360E-1,-1.194289327E0
1.283790542E0,-8.870049119E-1,-1.947959214E-1,-1.531637788E0
1.293804542E0,-1.203198314E0,-2.245857269E-1,-1.811162114E0
1.303818542E0,-1.537178993E0,-2.628228664E-1,-2.007496357E0
1.313833542E0,-1.881362915E0,-2.620756924E-1,-2.131138086E0
1.323847542E0,-2.186736584E0,-1.858842373E-1,-2.226689339E0
1.333862542E0,-2.417627096E0,-1.851918995E-1,-2.309379101E0
1.343876542E0,-2.565259457E0,-2.695195973E-1,-2.382915974E0
1.353890542E0,-2.651092052E0,-4.901185930E-1,-2.465546370E0
1.363905542E0,-2.672791004E0,-8.609576821E-1,-2.546704054E0
1.373919542E0,-2.668216705E0,-1.225874543E0,-2.592555523E0
1.383933542E0,-2.744993448E0,-1.526049018E0,-2.587232351E0
1.393948542E0,-2.913866043E0,-1.659747005E0,-2.521343708E0
1.403962542E0,-3.166007280E0,-1.651764750E0,-2.432586432E0
1.413976542E0,-3.435243130E0,-1.599574089E0,-2.329017401E0
1.423991542E0,-3.619717836E0,-1.586916924E0,-2.186001539E0
1.434005542E0,-3.712703466E0,-1.657426834E0,-2.011783838E0
1.444020542E0,-3.756569147E0,-1.812676430E0,-1.848407984E0
1.454034542E0,-3.769041300E0,-1.992535710E0,-1.704396605E0
1.464048542E0,-3.811460972E0,-2.108655214E0,-1.548074126E0
1.474063542E0,-3.932217360E0,-2.126469374E0,-1.353739858E0
1.484077542E0,-4.125332832E0,-1.990493178E0,-1.129510999E0
1.494091542E0,-4.354420185E0,-1.706734419E0,-9.014210105E-1
1.504106542E0,-4.498592854E0,-1.338710070E0,-6.865326762E-1
1.514120542E0,-4.545612335E0,-9.587596655E-1,-4.773124158E-1
1.524135542E0,-4.531026363E0,-5.735872388E-1,-2.795192003E-1
1.534149542E0,-4.396604538E0,-2.384300232E-1,-9.736896306E-2
1.544163542E0,-4.081093788E0,-1.455165893E-1,6.455967203E-3
1.554178542E0,-3.540259838E0,-4.514613450E-1,-1.943790168E-2
1.564192542E0,-2.773699284E0,-9.225947857E-1,-1.713613868E-1
1.574206542E0,-1.899211407E0,-1.407309651E0,-3.634677529E-1
1.584221542E0,-1.125396132E0,-1.681402922E0,-4.651126266E-1
1.594235542E0,-5.655543208E-1,-1.646005988E0,-4.040378630E-1
1.604250542E0,-1.367798448E-1,-1.344484210E0,-2.080177367E-1
1.614264542E0,2.616894543E-1,-8.703796268E-1,7.022563368E-2
1.624278542E0,6.996217966E-1,-2.887236774E-1,3.534419239E-1
1.634293542E0,1.175279140E0,4.721874893E-1,5.853853226E-1
1.644307542E0,1.613953710E0,1.255067945E0,7.538872361E-1
1.654321542E0,1.980987191E0,1.786557913E0,8.725688457E-1
1.664336667E0,2.337983608E0,2.032103777E0,9.244219065E-1
1.674350667E0,2.717068672E0,2.055181026E0,9.213255644E-1
1.684364667E0,3.048491955E0,1.896401644E0,8.666775227E-1
1.694379667E0,3.256390333E0,1.662427902E0,8.128632307E-1
1.704393667E0,3.398115635E0,1.510375738E0,8.117955923E-1
1.714408667E0,3.438653708E0,1.385233045E0,7.924243808E-1
1.724422667E0,3.350476980E0,1.300099730E0,7.384021878E-1
1.734436667E0,3.175917387E0,1.181075931E0,6.961990595E-1
1.744451667E0,2.960461378E0,8.621469736E-1,7.013730407E-1
1.754465667E0,2.877885342E0,3.611669838E-1,8.301317692E-1
1.764479667E0,2.920584917E0,1.901749521E-3,9.861013889E-1
1.774494667E0,2.821545124E0,-1.175473109E-1,1.023511767E0
1.784508667E0,2.506898165E0,-4.470958561E-2,9.386188984E-1
1.794523667E0,2.078014612E0,1.734909415E-1,7.898996472E-1
1.804537667E0,1.623633146E0,3.713994920E-1,6.580500007E-1
1.814551667E0,1.257711411E0,3.893232346E-1,6.067830920E-1
1.824566667E0,1.024387956E0,2.301453054E-1,6.209788322E-1
1.834580667E0,8.884297013E-1,-3.486707434E-2,6.713264585E-1
1.844594667E0,8.005499244E-1,-3.670844436E-1,7.392740846E-1
1.854609667E0,6.888743043E-1,-6.403899789E-1,7.781715989E-1
1.864623667E0,4.818838537E-1,-7.942336202E-1,8.061289787E-1
1.874637667E0,2.403379679E-1,-8.793134093E-1,8.222256303E-1
1.884652667E0,-7.782349735E-2,-9.505832791E-1,8.342300653E-1
1.894666667E0,-3.929284513E-1,-1.014536500E0,8.467233181E-1
1.904681667E0,-6.400032043E-1,-1.097212553E0,8.689985275E-1
1.914695667E0,-8.332186937E-1,-1.206437230E0,9.292252064E-1
1.924709667E0,-9.802965522E-1,-1.301421285E0,1.021690965E0
1.934724667E0,-1.084066868E0,-1.410971522E0,1.168179750E0
1.944738667E0,-1.088429928E0,-1.553579092E0,1.348755121E0
1.954752667E0,-9.430525303E-1,-1.738821745E0,1.526410222E0
1.964767667E0,-6.474584341E-1,-1.923210859E0,1.730919123E0
1.974781667E0,-3.808697462E-1,-2.072639704E0,1.960367203E0
1.984795667E0,-2.367221564E-1,-2.059657097E0,2.234096527E0
1.994810667E0,-2.197715938E-1,-1.757157803E0,2.560043335E0
2.004824667E0,-2.968900800E-1,-1.346293330E0,2.970393419E0
2.014839667E0,-4.567817748E-1,-1.077928662E0,3.420012474E0
2.024853667E0,-6.476960778E-1,-9.524917006E-1,3.867669106E0
2.034867667E0,-8.279586434E-1,-9.037599564E-1,4.333858967E0
2.044882667E0,-9.562039971E-1,-8.292462826E-1,4.797538757E0
2.054896667E0,-1.017073274E0,-8.953893185E-1,5.184435368E0
2.064910667E0,-8.874206543E-1,-1.133945107E0,5.495278835E0
2.074925667E0,-5.420122743E-1,-1.323245049E0,5.655864716E0
2.084939667E0,-1.585770398E-1,-1.181784630E0,5.580455780E0
2.094953667E0,1.404433846E-1,-6.801195741E-1,5.291786194E0
2.104968667E0,2.256797254E-1,-1.978264302E-1,4.962505341E0
2.114982667E0,9.076993912E-2,1.095224358E-2,4.578307152E0
2.124997667E0,-1.037052181E-2,-1.846928895E-1,4.158897877E0
2.135011667E0,4.237297922E-3,-7.173547149E-1,3.748605013E0
2.145025667E0,1.525892168E-1,-1.242622972E0,3.373752117E0
2.155040667E0,3.876552880E-1,-1.549346447E0,3.011728287E0
2.165054667E0,5.561923385E-1,-1.646573305E0,2.646539688E0
2.175068667E0,6.406437159E-1,-1.565047979E0,2.307908535E0
2.185083667E0,7.486668825E-1,-1.240457654E0,2.047017336E0
2.195097667E0,8.107506633E-1,-6.958550215E-1,1.822874069E0
2.205111667E0,7.812311053E-1,-1.047365516E-1,1.592259765E0
2.215126667E0,7.833711505E-1,3.882529438E-1,1.351637125E0
2.225140667E0,8.675310612E-1,7.376831174E-1,1.074641824E0
2.235154667E0,9.966546297E-1,8.769835830E-1,7.436652184E-1
2.245169667E0,1.220792174E0,7.389010787E-1,3.633287847E-1
2.255183667E0,1.469164252E0,4.363685548E-1,-3.496594355E-2
2.265198667E0,1.626218557E0,1.171351895E-1,-4.782821536E-1
2.275212667E0,1.642295837E0,-1.214789897E-1,-9.805585742E-1
2.285226667E0,1.492927432E0,-1.628866196E-1,-1.465342522E0
2.295241667E0,1.182294726E0,-3.511384595E-3,-1.921202898E0
2.305255667E0,8.016371131E-1,2.499432564E-1,-2.310124874E0
2.315269667E0,4.578755796E-1,4.603281319E-1,-2.580084085E0
2.325284667E0,2.064771801E-1,5.650521517E-1,-2.847841501E0
2.335298667E0,4.027713090E-2,5.396723747E-1,-3.192214251E0
2.345312667E0,1.368306763E-2,4.114648998E-1,-3.591546059E0
2.355327667E0,6.110804901E-2,2.363148183E-1,-3.996318102E0
2.365341667E0,6.476217508E-2,5.127466097E-2,-4.345053196E0
2.375355667E0,1.277503185E-2,-1.285217702E-1,-4.606883526E0
2.385370667E0,-1.007576585E-1,-2.839150727E-1,-4.759400845E0
2.395384667E0,-2.862424850E-1,-4.134073555E-1,-4.833970070E0
2.405399667E0,-4.684189558E-1,-5.039859414E-1,-4.851262569E0
2.415413667E0,-5.893661380E-1,-5.010641217E-1,-4.853137016E0
2.425427667E0,-6.540710926E-1,-4.524662495E-1,-4.853895664E0
2.435442667E0,-6.799918413E-1,-4.112767875E-1,-4.824611664E0
2.445456667E0,-6.809500456E-1,-4.260538816E-1,-4.730970860E0
2.455470667E0,-6.741974950E-1,-4.622634351E-1,-4.582368851E0
2.465485667E0,-6.612414718E-1,-5.410216451E-1,-4.386823177E0
2.475499667E0,-6.384428144E-1,-6.374827027E-1,-4.154256344E0
2.485513667E0,-6.177202463E-1,-7.334408760E-1,-3.910964727E0
2.495528667E0,-5.936698318E-1,-8.162904382E-1,-3.666570187E0
2.505542667E0,-5.662384629E-1,-8.487985730E-1,-3.417064190E0
2.515556667E0,-5.540516973E-1,-8.576216102E-1,-3.144073009E0
2.525571667E0,-5.333887935E-1,-9.035935998E-1,-2.831992388E0
2.535585667E0,-4.734151363E-1,-1.033991694E0,-2.484449863E0
2.545600667E0,-3.616950214E-1,-1.209973693E0,-2.141017199E0
2.555614667E0,-2.254734784E-1,-1.393555403E0,-1.828940511E0
2.565628667E0,-1.138324365E-1,-1.529631853E0,-1.554068208E0
2.575643667E0,-6.198761240E-2,-1.567808270E0,-1.273965478E0
2.585657667E0,-8.401728421E-2,-1.442443132E0,-9.683077931E-1
2.595671667E0,-1.384546906E-1,-1.214158773E0,-6.642992496E-1
2.605686667E0,-1.778921187E-1,-9.470067620E-1,-3.807551563E-1
2.615700667E0,-1.730950177E-1,-6.626452804E-1,-1.132822335E-1
2.625714667E0,-1.133427396E-1,-4.203636348E-1,1.578795016E-1
2.635729667E0,4.148665816E-3,-2.799934745E-1,4.556092322E-1
2.645743667E0,1.761284173E-1,-2.239003927E-1,7.763803005E-1
2.655757667E0,3.937150240E-1,-2.827748954E-1,1.105598688E0
2.665772417E0,6.628404856E-1,-3.999902010E-1,1.432021737E0
2.675786417E0,9.391816854E-1,-4.822252393E-1,1.770351171E0
2.685800417E0,1.213948846E0,-4.032057822E-1,2.114009142E0
2.695815417E0,1.506332994E0,-1.691747904E-1,2.435875654E0
2.705829417E0,1.776740551E0,1.233401597E-1,2.753900766E0
2.715844417E0,1.971886396E0,4.703245759E-1,3.059362888E0
2.725858417E0,2.091877937E0,8.631088138E-1,3.327326536E0
2.735872417E0,2.198948622E0,1.383961201E0,3.485967398E0
2.745887417E0,2.349775791E0,1.942090750E0,3.492022514E0
2.755901417E0,2.632588625E0,2.289248466E0,3.454297304E0
2.765915417E0,3.026723385E0,2.339074373E0,3.475437641E0
2.775930417E0,3.520478725E0,2.098915339E0,3.613792658E0
2.785944417E0,4.059862614E0,1.681427836E0,3.890607357E0
2.795958417E0,4.446126938E0,1.319446564E0,4.209944248E0
2.805973417E0,4.550515652E0,1.151217818E0,4.372385502E0
2.815987417E0,4.324467659E0,1.152853012E0,4.229382992E0
2.826001417E0,3.844437838E0,1.262878299E0,3.758654594E0
2.836016417E0,3.478191853E0,1.253153920E0,3.210903168E0
2.846030417E0,3.345392227E0,1.101679444E0,2.800319433E0
2.856044417E0,3.138831854E0,8.043510914E-1,2.505134106E0
2.866059417E0,2.843764067E0,5.585657954E-1,2.281355381E0
2.876073417E0,2.451928139E0,5.228525400E-1,2.014524698E0
2.886087417E0,1.923013806E0,5.882144570E-1,1.701905489E0
2.896102417E0,1.321258187E0,6.925721765E-1,1.363030434E0
2.906116417E0,7.918830514E-1,7.429136038E-1,1.026355028E0
2.916130417E0,5.346454978E-1,6.065482497E-1,6.955436468E-1
2.926145417E0,6.242513061E-1,3.504594862E-1,4.190391004E-1
2.936159417E0,8.460277915E-1,7.117521763E-2,2.432338148E-1
2.946174417E0,9.328436255E-1,-1.439261734E-1,1.601351947E-1
2.956188417E0,8.357558846E-1,-2.393676192E-1,1.317672282E-1
2.966202417E0,7.055422068E-1,-2.451666445E-1,6.521404535E-2
2.976217417E0,6.630892158E-1,-2.613195479E-1,-4.614754766E-2
2.986231417E0,6.107609868E-1,-3.355740607E-1,-1.900162995E-1
2.996245417E0,5.391997695E-1,-4.139686823E-1,-3.590392768E-1
3.006260417E0,4.494861662E-1,-4.540881217E-1,-5.272613168E-1
3.016274417E0,2.197994739E-1,-4.160401225E-1,-7.265538573E-1
3.026288417E0,-1.149859577E-1,-3.912852407E-1,-9.412989616E-1
3.036303417E0,-4.434672892E-1,-3.576340079E-1,-1.177619457E0
3.046317417E0,-7.607613206E-1,-3.865112066E-1,-1.458067894E0
3.056331417E0,-1.044275045E0,-4.412767291E-1,-1.748075604E0
3.066346417E0,-1.296541929E0,-4.899193645E-1,-2.003301620E0
3.076360417E0,-1.513635159E0,-5.603744388E-1,-2.213737965E0
3.086374417E0,-1.690541267E0,-6.200761199E-1,-2.392374277E0
3.096389417E0,-1.829016805E0,-6.539725661E-1,-2.528784752E0
3.106403417E0,-1.970213890E0,-6.598994136E-1,-2.633879900E0
3.116417417E0,-2.110555887E0,-6.431952715E-1,-2.734481812E0
3.126432417E0,-2.198595762E0,-5.638896227E-1,-2.818438768E0
3.136446417E0,-2.273567200E0,-4.364330471E-1,-2.864855766E0
3.146460417E0,-2.368926287E0,-2.994664311E-1,-2.880059719E0
3.156475417E0,-2.461521149E0,-1.958809942E-1,-2.856630325E0
3.166489417E0,-2.533110380E0,-1.592737138E-1,-2.810688496E0
3.176504417E0,-2.576528549E0,-1.874056756E-1,-2.750991344E0
3.186518417E0,-2.597415924E0,-2.769424915E-1,-2.716618538E0
3.196532417E0,-2.584761858E0,-3.841775954E-1,-2.689325333E0
3.206547417E0,-2.542954922E0,-5.461390615E-1,-2.630181789E0
3.216561417E0,-2.459697723E0,-7.481508255E-1,-2.529688597E0
3.226575417E0,-2.358896255E0,-9.798730016E-1,-2.395507097E0
3.236590417E0,-2.241805077E0,-1.229486108E0,-2.229154110E0
3.246604417E0,-2.063568115E0,-1.415421605E0,-2.044504404E0
3.256618417E0,-1.875426531E0,-1.548435688E0,-1.847794533E0
3.266633417E0,-1.688725114E0,-1.628269196E0,-1.631368399E0
3.276647417E0,-1.497154832E0,-1.654266834E0,-1.385026097E0
3.286661417E0,-1.264121056E0,-1.592328191E0,-1.113412142E0
3.296676417E0,-1.002145648E0,-1.436146140E0,-8.257396817E-1
3.306690417E0,-7.816026807E-1,-1.155213356E0,-5.233545303E-1
3.316704417E0,-6.201535463E-1,-8.318791986E-1,-2.239358872E-1
3.326719417E0,-4.995731115E-1,-4.688141942E-1,5.859407783E-2
3.336733417E0,-3.988921642E-1,-7.245904207E-2,2.562926114E-1
3.346747417E0,-3.154968917E-1,2.727622688E-1,3.377864063E-1
3.356762417E0,-2.263182253E-1,3.768605292E-1,3.443375826E-1
3.366776417E0,-4.773863032E-2,2.078413963E-1,2.982459962E-1
3.376790417E0,2.698589861E-1,-1.530146748E-1,2.571494579E-1
3.386805417E0,6.475077271E-1,-5.816219449E-1,2.271092534E-1
3.396819417E0,1.014714122E0,-8.798141479E-1,2.274259478E-1
3.406833417E0,1.284829259E0,-8.606449366E-1,3.033348322E-1
3.416848417E0,1.415604949E0,-4.982927144E-1,4.005292058E-1
3.426862417E0,1.478022337E0,1.628426462E-1,4.529269040E-1
3.436876417E0,1.503100753E0,9.054226875E-1,4.620102942E-1
3.446891417E0,1.520814180E0,1.446511030E0,3.698731661E-1
3.456905417E0,1.639697313E0,1.644168854E0,2.240717262E-1
3.466919417E0,1.900510550E0,1.502467632E0,1.028212011E-1
3.476934417E0,2.330874920E0,1.105479479E0,-3.097118810E-2
3.486948417E0,2.969258070E0,6.506656408E-1,-1.327132583E-1
3.496962417E0,3.601497173E0,3.149066269E-1,-2.324294150E-1
3.506977417E0,3.992680311E0,1.543885916E-1,-3.369832635E-1
3.516991417E0,4.190309525E0,2.025710493E-1,-4.201650023E-1
3.527005417E0,4.316338062E0,4.134129882E-1,-5.098053813E-1
3.537020417E0,4.408228874E0,6.273251176E-1,-6.175640225E-1
3.547034417E0,4.611750603E0,7.836920619E-1,-6.716771126E-1
3.557049417E0,4.883504868E0,8.787788153E-1,-6.280135512E-1
3.567063417E0,4.921108723E0,8.819344044E-1,-5.590125918E-1
3.577077417E0,4.660656929E0,8.645172715E-1,-5.204911828E-1
3.587092417E0,4.185310841E0,8.826134801E-1,-5.361444354E-1
3.597106417E0,3.646058798E0,8.694840670E-1,-6.708921790E-1
3.607120417E0,3.441896915E0,7.550224662E-1,-8.272466660E-1
3.617135417E0,3.541489601E0,5.989667773E-1,-8.519830704E-1
3.627149417E0,3.562487602E0,4.090290964E-1,-8.047742844E-1
3.637163417E0,3.410064697E0,3.324154913E-1,-6.965252161E-1
3.647178417E0,3.082925797E0,3.891927600E-1,-5.772907138E-1
3.657192417E0,2.612918854E0,4.895460904E-1,-5.019810200E-1
3.667206458E0,2.128467083E0,6.063464284E-1,-4.747879505E-1
3.677221458E0,1.690523624E0,6.263837218E-1,-5.187478065E-1
3.687235458E0,1.313176274E0,5.127682090E-1,-5.467136502E-1
3.697249458E0,9.547982812E-1,3.686107099E-1,-5.329612494E-1
3.707264458E0,5.390298367E-1,2.163894922E-1,-4.886275828E-1
3.717278458E0,7.372330129E-2,4.909761623E-2,-4.361199737E-1
3.727292458E0,-3.188897371E-1,-1.084800288E-1,-3.966794014E-1
3.737307458E0,-6.235263944E-1,-2.780685127E-1,-3.539830446E-1
3.747321458E0,-8.502929807E-1,-4.501113892E-1,-2.985509336E-1
3.757335458E0,-1.068771362E0,-6.053645611E-1,-2.142916471E-1
3.767350458E0,-1.292600393E0,-7.076464295E-1,-1.371193677E-1
3.777364458E0,-1.493566036E0,-7.890002131E-1,-4.809214920E-2
3.787378458E0,-1.667888045E0,-8.319322467E-1,7.017031312E-2
3.797393458E0,-1.870869517E0,-8.307355642E-1,1.980950087E-1
3.807407458E0,-2.082697392E0,-8.126218319E-1,3.058880568E-1
3.817421458E0,-2.248141050E0,-7.964611053E-1,3.934581876E-1
3.827436458E0,-2.371744394E0,-8.408378959E-1,4.730715156E-1
3.837450458E0,-2.484245062E0,-9.109793305E-1,5.141731501E-1
3.847464458E0,-2.614308119E0,-9.936270714E-1,5.176475048E-1
3.857479458E0,-2.774411440E0,-1.078819275E0,5.307646394E-1
3.867493458E0,-2.943484545E0,-1.127199650E0,5.356592536E-1
3.877507458E0,-3.137130022E0,-1.075401068E0,5.430196524E-1
3.887522458E0,-3.322132587E0,-9.538643360E-1,5.226637721E-1
3.897536458E0,-3.443945169E0,-8.321847320E-1,4.448657036E-1
3.907550458E0,-3.466327190E0,-7.879613638E-1,3.209741116E-1
3.917565458E0,-3.367622137E0,-9.223865271E-1,2.182796150E-1
3.927579458E0,-3.168781757E0,-1.293054581E0,1.275547743E-1
3.937593458E0,-2.921427250E0,-1.760929108E0,6.822954118E-2
3.947608458E0,-2.643871307E0,-2.167431831E0,4.901855811E-2
3.957622458E0,-2.364501953E0,-2.462047338E0,8.019609004E-2
3.967636458E0,-2.079629660E0,-2.645170927E0,1.327783465E-1
3.977651458E0,-1.761524796E0,-2.714165926E0,2.389991134E-1
3.987665458E0,-1.350683689E0,-2.635462046E0,3.774629831E-1
3.997679458E0,-8.549355865E-1,-2.405821085E0,5.062254071E-1
4.007694458E0,-3.486724496E-1,-2.040370226E0,6.034204364E-1
4.017708458E0,1.153984740E-1,-1.592618704E0,6.837717295E-1
4.027722458E0,4.677056372E-1,-1.087874889E0,7.406957150E-1
4.037737458E0,6.848806143E-1,-5.867348313E-1,7.901334763E-1
4.047751458E0,7.894616127E-1,-1.325353980E-1,8.123812675E-1
4.057765458E0,8.663155437E-1,2.411291152E-1,7.755426168E-1
4.067780458E0,9.820682406E-1,5.144530535E-1,7.025901079E-1
4.077794458E0,1.140792608E0,6.196768284E-1,6.328642964E-1
4.087808458E0,1.357871652E0,5.768492222E-1,5.757282972E-1
4.097822458E0,1.620944023E0,4.273751080E-1,5.871014595E-1
4.107837458E0,1.879261136E0,1.788800657E-1,6.541563869E-1
4.117851458E0,2.096083403E0,-1.365300417E-1,7.114083767E-1
4.127865458E0,2.296159267E0,-4.395562112E-1,7.396448255E-1
4.137880458E0,2.489599943E0,-7.378575206E-1,7.556045055E-1
4.147894458E0,2.678829432E0,-9.521226287E-1,7.889166474E-1
4.157908458E0,2.787172318E0,-1.015874147E0,8.497757316E-1
4.167923458E0,2.785885572E0,-9.170642495E-1,9.039772153E-1
4.177937458E0,2.672538280E0,-6.739163995E-1,8.929421902E-1
4.187951458E0,2.481898785E0,-4.251033366E-1,8.087330461E-1
4.197966458E0,2.353430510E0,-3.254241347E-1,7.240952849E-1
4.207980458E0,2.388648510E0,-3.823731542E-1,6.673207283E-1
4.217994458E0,2.551904202E0,-5.998046994E-1,6.420121789E-1
4.228009458E0,2.720560312E0,-9.417098165E-1,6.772193909E-1
4.238023458E0,2.760661602E0,-1.323875427E0,6.692237258E-1
4.248037458E0,2.694523096E0,-1.658980250E0,6.105670929E-1
4.258052458E0,2.451447487E0,-1.932933211E0,5.276147127E-1
4.268066458E0,2.086355925E0,-2.171135664E0,3.894712925E-1
4.278080458E0,1.669992208E0,-2.548666477E0,1.922253072E-1
4.288095458E0,1.250868917E0,-2.937338829E0,7.296975702E-2
4.298109458E0,8.010936379E-1,-3.231335163E0,-5.048750713E-2
4.308123458E0,2.907184660E-1,-3.428714752E0,-2.078030854E-1
4.318138458E0,-2.454820871E-1,-3.549237251E0,-3.558022678E-1
4.328152458E0,-8.080753684E-1,-3.539982557E0,-5.362144113E-1
4.338166458E0,-1.357591629E0,-3.473283529E0,-7.670387626E-1
4.348181458E0,-1.828072548E0,-3.371118546E0,-1.021733880E0
4.358195458E0,-2.244682312E0,-3.183398724E0,-1.273001671E0
4.368209458E0,-2.688204050E0,-2.866754770E0,-1.471365094E0
4.378224458E0,-3.127650023E0,-2.496302843E0,-1.641852856E0
4.388238458E0,-3.481144905E0,-2.226040125E0,-1.786726952E0
4.398252458E0,-3.744959116E0,-2.082646132E0,-1.901904106E0
4.408267458E0,-3.995325327E0,-1.986730695E0,-2.032067299E0
4.418281458E0,-4.280795097E0,-1.908847332E0,-2.184436798E0
4.428295458E0,-4.577618122E0,-1.804672718E0,-2.358441830E0
4.438310458E0,-4.877863884E0,-1.627571583E0,-2.540873766E0
4.448324458E0,-5.184174061E0,-1.528963447E0,-2.708534718E0
4.458338458E0,-5.440184593E0,-1.514318585E0,-2.826224804E0
4.468353458E0,-5.564579487E0,-1.649639845E0,-2.887211561E0
4.478367458E0,-5.482360840E0,-2.008747101E0,-2.860027075E0
4.488381458E0,-5.199083805E0,-2.314515829E0,-2.764986753E0
4.498395458E0,-4.777613163E0,-2.327358484E0,-2.609009266E0
4.508410458E0,-4.290299416E0,-2.085524082E0,-2.332144260E0
4.518424458E0,-3.811496019E0,-1.713559866E0,-1.982839346E0
4.528438458E0,-3.366454601E0,-1.210309744E0,-1.612828851E0
4.538453458E0,-2.995418072E0,-7.405397296E-1,-1.263863206E0
4.548467458E0,-2.627251387E0,-4.070936143E-1,-9.458394647E-1
4.558481458E0,-2.254294395E0,-2.180145234E-1,-6.741623878E-1
4.568496458E0,-1.882811427E0,-1.614079624E-1,-4.273779094E-1
4.578510458E0,-1.534966111E0,-2.007452548E-1,-1.814240515E-1
4.588524458E0,-1.209796548E0,-2.967772484E-1,5.039560050E-2
4.598539458E0,-8.605636358E-1,-4.251923859E-1,2.464038134E-1
4.608553458E0,-5.229288936E-1,-5.672895908E-1,4.036837220E-1
4.618567458E0,-2.301059812E-1,-7.333369255E-1,5.252736211E-1
4.628582458E0,6.151681766E-2,-9.181331396E-1,6.133432984E-1
4.638596458E0,4.147325158E-1,-1.155073166E0,7.097331285E-1
4.648610458E0,8.293781877E-1,-1.384567618E0,8.040404916E-1
4.658625458E0,1.254084587E0,-1.558055162E0,8.939356804E-1
4.668639667E0,1.672052503E0,-1.677037239E0,1.005765319E0
4.678653667E0,2.065426111E0,-1.670261502E0,1.159083724E0
4.688668667E0,2.473654747E0,-1.505433083E0,1.342671633E0
4.698682667E0,2.832754612E0,-1.257525682E0,1.528950095E0
4.708696667E0,3.162116528E0,-9.642048478E-1,1.697979331E0
4.718711667E0,3.499469519E0,-6.863843203E-1,1.839019656E0
4.728725667E0,3.857522964E0,-4.488250017E-1,1.986552715E0
4.738739667E0,4.261395454E0,-2.199000567E-1,2.113062382E0
4.748753667E0,4.736022472E0,5.513443798E-2,2.217890263E0
4.758768667E0,5.152355671E0,3.676955700E-1,2.302849293E0
4.768782667E0,5.347895145E0,7.979638577E-1,2.286977291E0
4.778796667E0,5.283278465E0,1.256092429E0,2.217865229E0
4.788811667E0,5.060211658E0,1.607430220E0,2.159281492E0
4.798825667E0,4.905433178E0,1.604092002E0,2.159493446E0
4.808839667E0,5.016097546E0,1.245109320E0,2.278435946E0
4.818854667E0,5.226791859E0,6.897494793E-1,2.463178158E0
4.828868667E0,5.285326004E0,1.872770637E-1,2.618519306E0
4.838882667E0,5.087403297E0,-1.918084472E-1,2.667307615E0
4.848897667E0,4.605100155E0,-3.865166605E-1,2.514316559E0
4.858911667E0,3.973036528E0,-4.244525135E-1,2.186641216E0
4.868925667E0,3.383975983E0,-4.234045446E-1,1.733141303E0
4.878940667E0,2.743023872E0,-4.390915930E-1,1.280197144E0
4.888954667E0,2.203342915E0,-3.460703194E-1,9.108045101E-1
4.898968667E0,1.592898726E0,-1.377170086E-1,6.470310092E-1
4.908983667E0,9.507868886E-1,1.496748328E-1,3.797343075E-1
4.918997667E0,4.235650897E-1,4.342021346E-1,1.287982762E-1
4.929011667E0,3.095816262E-2,5.990297198E-1,-8.770819008E-2
4.939025667E0,-2.356179804E-1,6.589173079E-1,-2.605530322E-1
4.949040667E0,-4.510378838E-1,6.510772705E-1,-3.434372544E-1
4.959054667E0,-6.471885443E-1,5.393541455E-1,-3.850277960E-1
4.969068667E0,-7.617036700E-1,3.761521876E-1,-3.911655843E-1
4.979083667E0,-8.214415908E-1,2.258992046E-1,-3.564423323E-1
4.989097667E0,-9.271954298E-1,1.131747961E-1,-3.104814887E-1
4.999111667E0,-1.059951186E0,7.165114582E-2,-2.264168859E-1
5.009126667E0,-1.171564817E0,9.122510999E-2,-9.108568728E-2
5.019140667E0,-1.279039979E0,1.110299602E-1,5.957070738E-2
5.029154667E0,-1.350018024E0,1.185150370E-1,2.275629044E-1
5.039169667E0,-1.366141558E0,7.457629591E-2,4.294979870E-1
5.049183667E0,-1.304584980E0,1.533880457E-2,6.724864244E-1
5.059197667E0,-1.193737984E0,-1.084658056E-1,9.544104338E-1
5.069212667E0,-1.065633297E0,-2.565865517E-1,1.255314946E0
5.079226667E0,-9.568677545E-1,-3.659963608E-1,1.569602489E0
5.089240667E0,-8.870196939E-1,-4.638758004E-1,1.907149076E0
5.099255667E0,-7.891911268E-1,-5.669461489E-1,2.253348589E0
5.109269667E0,-6.382154822E-1,-6.666855216E-1,2.588925123E0
5.119283667E0,-4.442066848E-1,-7.228170633E-1,2.893096209E0
5.129298667E0,-2.472771108E-1,-7.254456282E-1,3.165112495E0
5.139312667E0,-1.647512019E-1,-6.446806192E-1,3.361433506E0
5.149326667E0,-1.840196997E-1,-4.775246978E-1,3.509043217E0
5.159340667E0,-2.423887700E-1,-3.036261201E-1,3.639338970E0
5.169355667E0,-2.702001631E-1,-2.197607905E-1,3.736459255E0
5.179369667E0,-2.288346142E-1,-2.460978031E-1,3.786550283E0
5.189384667E0,-1.548586637E-1,-3.392508924E-1,3.777586699E0
5.199398667E0,-9.762492776E-2,-4.267289042E-1,3.762339115E0
5.209412667E0,-8.884208649E-2,-4.655220807E-1,3.737981796E0
5.219426667E0,-9.116475284E-2,-5.120181441E-1,3.729668617E0
5.229441667E0,-8.920466155E-2,-5.415866971E-1,3.687284470E0
5.239455667E0,-7.368439436E-2,-5.393803716E-1,3.593670607E0
5.249470667E0,-9.978911839E-3,-5.449953675E-1,3.448829889E0
5.259484667E0,7.947297394E-2,-5.310063958E-1,3.246234417E0
5.269498667E0,1.435997635E-1,-4.715832770E-1,3.003746271E0
5.279512667E0,1.402900070E-1,-3.775006533E-1,2.721177816E0
5.289527667E0,1.131433547E-1,-2.791312039E-1,2.448753119E0
5.299541667E0,1.274970621E-1,-2.773020566E-1,2.155611992E0
5.309555667E0,1.840506196E-1,-3.306837976E-1,1.796851635E0
5.319570667E0,2.692549825E-1,-4.361552298E-1,1.449950099E0
5.329584667E0,3.329015970E-1,-4.531509876E-1,1.131590486E0
5.339598667E0,3.329134881E-1,-3.909727335E-1,7.947350144E-1
5.349613667E0,3.203452229E-1,-3.181650937E-1,3.863236010E-1
5.359627667E0,3.627678752E-1,-2.981424332E-1,-2.518159710E-2
5.369641667E0,4.714266956E-1,-3.089173138E-1,-4.171336591E-1
5.379656667E0,5.557954311E-1,-2.756235898E-1,-7.713424563E-1
5.389670667E0,5.775278807E-1,-1.894812733E-1,-1.096509099E0
5.399684667E0,5.886170864E-1,-5.882617831E-2,-1.417627454E0
5.409699667E0,6.062016487E-1,6.377536803E-2,-1.755115747E0
5.419713667E0,6.094491482E-1,1.855291724E-1,-2.105322361E0
5.429727667E0,6.283141971E-1,3.248116970E-1,-2.427570343E0
5.439742667E0,6.454821825E-1,4.588707387E-1,-2.700706959E0
5.449756667E0,6.742243767E-1,5.505202413E-1,-2.925918579E0
5.459770667E0,7.061917782E-1,6.110775471E-1,-3.064533710E0
5.469785667E0,6.910556555E-1,6.788504720E-1,-3.182108402E0
5.479799667E0,6.236611009E-1,7.303038239E-1,-3.280513287E0
5.489813667E0,5.669597387E-1,7.462364435E-1,-3.373922348E0
5.499828667E0,5.217066407E-1,7.347771525E-1,-3.468625307E0
5.509842667E0,4.503818154E-1,6.911183596E-1,-3.540393353E0
5.519856667E0,3.378280401E-1,6.457804441E-1,-3.610298634E0
5.529871667E0,1.876723617E-1,6.169253588E-1,-3.656136990E0
5.539885667E0,7.975076884E-2,6.178768873E-1,-3.627373457E0
5.549899667E0,4.666045308E-2,6.160949469E-1,-3.504187584E0
5.559914667E0,4.201531410E-2,5.481663942E-1,-3.321031570E0
5.569928667E0,4.880637676E-2,3.972668648E-1,-3.132955313E0
5.579942667E0,8.063120395E-2,2.378957421E-1,-2.923462391E0
5.589957667E0,1.244620383E-1,1.032577679E-1,-2.701479912E0
5.599971667E0,1.350537539E-1,4.794565961E-2,-2.470413685E0
5.609985667E0,1.119726673E-1,7.413039356E-2,-2.243539810E0
5.620000667E0,7.814117521E-2,1.883836687E-1,-2.014803648E0
5.630014667E0,3.251430392E-2,3.451586068E-1,-1.784785867E0
5.640028667E0,5.429201294E-3,4.877215624E-1,-1.541187286E0
5.650043667E0,2.241510898E-2,5.567144752E-1,-1.258709431E0
5.660057667E0,1.164266691E-1,5.238620639E-1,-9.147718549E-1
5.670071792E0,2.293180674E-1,3.834298253E-1,-5.625547171E-1
5.680086792E0,3.279258609E-1,2.191536576E-1,-2.443186492E-1
5.690100792E0,3.992287815E-1,6.506395340E-2,1.384391356E-2
5.700114792E0,3.961426914E-1,-1.179182529E-1,2.052738070E-1
5.710129792E0,3.346412480E-1,-2.319518924E-1,3.346821368E-1
5.720143792E0,2.410369664E-1,-2.515207231E-1,4.076917768E-1
5.730157792E0,8.987993002E-2,-1.691576838E-1,4.003571570E-1
5.740172792E0,-8.877438307E-2,-7.437680662E-2,3.522987664E-1
5.750186792E0,-2.187965661E-1,-6.432843208E-2,3.468885422E-1
5.760200792E0,-2.860253155E-1,-1.330339760E-1,3.972568810E-1
5.770215792E0,-2.751436234E-1,-2.487877309E-1,4.825912118E-1
5.780229792E0,-1.640962362E-1,-3.317705095E-1,6.047571301E-1
5.790243792E0,6.253690273E-2,-4.090796709E-1,7.398787141E-1
5.800258792E0,3.907926083E-1,-4.022097588E-1,9.047253728E-1
5.810272792E0,7.954359651E-1,-2.078714669E-1,1.058084369E0
5.820286792E0,1.140151620E0,1.034903675E-1,1.146147251E0
5.830301792E0,1.434712172E0,3.648290336E-1,1.223470449E0
5.840315792E0,1.738281727E0,5.688178539E-1,1.236051559E0
5.850329792E0,2.075330019E0,6.825451851E-1,1.177475572E0
5.860343792E0,2.456675053E0,7.771225572E-1,1.126995325E0
5.870358792E0,2.839934111E0,9.727101922E-1,1.147111773E0
5.880372792E0,3.155498743E0,1.263678074E0,1.193988442E0
5.890386792E0,3.457607746E0,1.466175795E0,1.287041903E0
5.900401792E0,3.703763008E0,1.484894633E0,1.401053786E0
5.910415792E0,3.829365015E0,1.361881614E0,1.423938870E0
5.920429792E0,3.833391666E0,1.191615820E0,1.378134608E0
5.930444792E0,3.758670092E0,9.867288470E-1,1.294099689E0
5.940458792E0,3.714941978E0,7.527453303E-1,1.232539654E0
5.950472792E0,3.723919153E0,4.658168256E-1,1.179970145E0
5.960487792E0,3.614006996E0,2.337295562E-1,1.075987101E0
5.970501792E0,3.291632891E0,1.431802064E-1,9.175116420E-1
5.980515792E0,2.776521921E0,1.821969301E-1,7.385740280E-1
5.990530792E0,2.169244766E0,1.965657473E-1,5.777921081E-1
6.000544792E0,1.662868977E0,7.915695757E-2,4.250336885E-1
6.010558792E0,1.401448369E0,-1.357838362E-1,3.085155785E-1
6.020573792E0,1.290959477E0,-3.165108860E-1,2.305880338E-1
6.030587792E0,1.153722525E0,-3.883320987E-1,1.645672023E-1
6.040601792E0,9.697313309E-1,-2.961798310E-1,9.720371664E-2
6.050616792E0,6.900200248E-1,-9.937116504E-2,1.357592922E-2
6.060630792E0,3.329192400E-1,9.126539528E-2,-1.008676142E-1
6.070644792E0,-1.490209997E-2,2.473793626E-1,-2.697155178E-1
6.080658792E0,-3.320180476E-1,3.201734722E-1,-4.615457654E-1
6.090673792E0,-6.203276515E-1,3.024008572E-1,-6.143031120E-1
6.100687792E0,-8.877401948E-1,2.109731287E-1,-6.969323158E-1
6.110701792E0,-1.179584861E0,6.232692301E-2,-7.339432836E-1
6.120716792E0,-1.492720127E0,-1.616683453E-1,-7.423114777E-1
6.130730792E0,-1.798582554E0,-4.516202509E-1,-7.567063570E-1
6.140744792E0,-2.040177822E0,-7.231190205E-1,-7.905248404E-1
6.150759792E0,-2.250513554E0,-9.417757392E-1,-8.433480859E-1
6.160773792E0,-2.430911064E0,-1.041036606E0,-8.827092052E-1
6.170787792E0,-2.612134933E0,-1.008360147E0,-9.008328319E-1
6.180802792E0,-2.828788280E0,-9.089068174E-1,-9.069556594E-1
6.190816792E0,-3.041328907E0,-7.580823898E-1,-9.249887466E-1
6.200830792E0,-3.210345030E0,-6.173468828E-1,-9.609066248E-1
6.210844792E0,-3.331765413E0,-5.020022392E-1,-1.005626678E0
6.220859792E0,-3.436551094E0,-3.851455450E-1,-1.040568709E0
6.230873792E0,-3.538078308E0,-2.936358452E-1,-1.055334926E0
6.240887792E0,-3.608757734E0,-2.611120939E-1,-1.048978925E0
6.250902792E0,-3.618486404E0,-2.579879463E-1,-1.028389335E0
6.260916792E0,-3.603178263E0,-2.696945071E-1,-9.988703728E-1
6.270930792E0,-3.563632727E0,-2.791135609E-1,-9.602891803E-1
6.280945792E0,-3.480409622E0,-2.631641030E-1,-9.158496857E-1
6.290959792E0,-3.341670513E0,-3.012102842E-1,-8.638586402E-1
6.300973792E0,-3.093439341E0,-3.786386251E-1,-7.806375623E-1
6.310988792E0,-2.762363434E0,-4.633561969E-1,-6.879984140E-1
6.321002792E0,-2.403857946E0,-5.558746457E-1,-6.112549305E-1
6.331016792E0,-2.036816597E0,-5.829907060E-1,-5.291123390E-1
6.341031792E0,-1.719824791E0,-4.973275661E-1,-4.505835176E-1
6.351045792E0,-1.454510808E0,-3.408846855E-1,-3.485018909E-1
6.361059792E0,-1.200464368E0,-1.942007542E-1,-2.666437030E-1
6.371073792E0,-9.081276059E-1,-1.472958177E-1,-2.111101300E-1
6.381088792E0,-5.757256150E-1,-1.689950228E-1,-2.041128427E-1
6.391102792E0,-2.407934219E-1,-2.521181405E-1,-2.167639136E-1
6.401116792E0,3.540435433E-2,-3.016754985E-1,-2.220115662E-1
6.411131792E0,2.486045063E-1,-2.820842266E-1,-1.901393831E-1
6.421145792E0,4.249547124E-1,-2.177486569E-1,-1.337793767E-1
6.431159792E0,5.970880985E-1,-1.938347965E-1,-9.287428856E-2
6.441174792E0,7.842456102E-1,-2.132422179E-1,-7.856774330E-2
6.451188792E0,1.001829624E0,-2.287972122E-1,-1.318426877E-1
6.461202792E0,1.202864408E0,-1.833232194E-1,-2.039144635E-1
6.471216792E0,1.328033090E0,-9.301062673E-2,-3.267266452E-1
6.481231792E0,1.452720284E0,-1.602482633E-3,-4.698666334E-1
6.491245792E0,1.590911746E0,1.112236734E-2,-6.044014692E-1
6.501259792E0,1.739929080E0,1.972932741E-2,-7.219961882E-1
6.511274792E0,1.894240975E0,6.348541938E-3,-8.515339494E-1
6.521288792E0,2.098732710E0,-3.108704835E-2,-9.521428943E-1
6.531302792E0,2.331911325E0,-6.497737020E-2,-1.045293689E0
6.541317792E0,2.551673889E0,-8.196100593E-3,-1.135586262E0
6.551331792E0,2.681519985E0,2.079811990E-1,-1.240877867E0
6.561345792E0,2.693383694E0,4.989369810E-1,-1.356329203E0
6.571359792E0,2.664783239E0,7.766538262E-1,-1.455381513E0
6.581374792E0,2.694279909E0,9.926790595E-1,-1.529930234E0
6.591388792E0,2.807050228E0,1.068811893E0,-1.578694105E0
6.601402792E0,2.979795218E0,1.036855936E0,-1.628847718E0
6.611417792E0,3.121786833E0,8.737559319E-1,-1.588650823E0
6.621431792E0,3.090335131E0,6.898214817E-1,-1.472140074E0
6.631445792E0,2.849970341E0,5.626342297E-1,-1.327353001E0
6.641460792E0,2.496626854E0,5.620111823E-1,-1.210676789E0
6.651474792E0,2.129860163E0,5.646104217E-1,-1.156679034E0
6.661488792E0,1.884238243E0,4.793664217E-1,-1.183097720E0
6.671502333E0,1.790730119E0,3.609915674E-1,-1.242452145E0
6.681517333E0,1.704535604E0,3.453133106E-1,-1.254409194E0
6.691531333E0,1.553580284E0,4.698240757E-1,-1.186776042E0
6.701545333E0,1.349583983E0,7.144123912E-1,-1.057982683E0
6.711560333E0,1.103407502E0,9.271637797E-1,-8.910887837E-1
6.721574333E0,8.615742922E-1,1.059495687E0,-7.222234011E-1
6.731588333E0,6.622689366E-1,1.059454679E0,-5.804561377E-1
6.741603333E0,5.214967132E-1,9.171913862E-1,-4.542266130E-1
6.751617333E0,3.341584802E-1,6.258335710E-1,-3.152974844E-1
6.761631333E0,5.214940757E-2,2.080001831E-1,-1.588816345E-1
6.771645333E0,-2.985545397E-1,-2.258892059E-1,9.155838750E-3
6.781660333E0,-6.510709524E-1,-5.670623183E-1,1.699013859E-1
6.791674333E0,-9.349541068E-1,-7.748969793E-1,3.003648520E-1
6.801688333E0,-1.140769124E0,-9.378958941E-1,4.130755067E-1
6.811703333E0,-1.270374298E0,-1.018059731E0,5.267986059E-1
6.821717333E0,-1.364502907E0,-9.976867437E-1,6.486998200E-1
6.831731333E0,-1.449951410E0,-9.072870612E-1,7.661377788E-1
6.841745333E0,-1.519471407E0,-7.869880795E-1,8.698351383E-1
6.851760333E0,-1.599602103E0,-6.809612513E-1,9.433530569E-1
6.861774333E0,-1.712613702E0,-5.696651936E-1,1.007409215E0
6.871788333E0,-1.843240738E0,-4.891184568E-1,1.107964873E0
6.881803333E0,-1.974009991E0,-4.882321656E-1,1.192868114E0
6.891817333E0,-2.058029890E0,-5.533065200E-1,1.259397984E0
6.901831333E0,-2.138050318E0,-6.686806083E-1,1.320789695E0
6.911846333E0,-2.288585424E0,-7.650724053E-1,1.372513890E0
6.921860333E0,-2.480004072E0,-7.485901117E-1,1.438027501E0
6.931874333E0,-2.667385340E0,-6.500584483E-1,1.470094919E0
6.941888333E0,-2.796355009E0,-5.643856525E-1,1.448813796E0
6.951903333E0,-2.831637859E0,-5.257173181E-1,1.398475528E0
6.961917333E0,-2.781553507E0,-4.777008593E-1,1.339987874E0
6.971931333E0,-2.687299252E0,-3.952890635E-1,1.303256512E0
6.981946333E0,-2.543172836E0,-3.732590377E-1,1.251590729E0
6.991960333E0,-2.351042509E0,-4.410910606E-1,1.184039950E0
7.001974333E0,-2.102751017E0,-5.811904073E-1,1.134859562E0
7.011988333E0,-1.845441103E0,-7.505104542E-1,1.114154816E0
7.022003333E0,-1.628009915E0,-8.563775420E-1,1.099161386E0
7.032017333E0,-1.456387639E0,-9.013602138E-1,1.051171780E0
7.042031333E0,-1.252122402E0,-9.314354658E-1,9.463422894E-1
7.052046333E0,-1.000439405E0,-1.008593082E0,6.976842880E-1
7.062060333E0,-7.080044746E-1,-1.006553292E0,3.083716333E-1
7.072074333E0,-4.213109910E-1,-7.982817888E-1,-7.523994148E-2
7.082088333E0,-1.956096888E-1,-4.562977552E-1,-3.685262501E-1
7.092103333E0,5.471334234E-2,-1.103155687E-1,-6.242935658E-1
7.102117333E0,3.548744917E-1,1.543612927E-1,-8.386970758E-1
7.112131333E0,6.564908028E-1,3.604559004E-1,-1.048242331E0
7.122146333E0,9.495527148E-1,5.342454314E-1,-1.258559942E0
7.132160333E0,1.194486618E0,6.846674681E-1,-1.458318949E0
7.142174333E0,1.380693436E0,7.963842154E-1,-1.666337967E0
7.152188333E0,1.543540239E0,8.642625809E-1,-1.867466331E0
7.162203333E0,1.676345587E0,8.670510650E-1,-2.040362597E0
7.172217333E0,1.796568632E0,8.067563176E-1,-2.198177576E0
7.182231333E0,1.950489879E0,7.149443030E-1,-2.293092251E0
7.192246333E0,2.064844131E0,6.795570254E-1,-2.284431458E0
7.202260333E0,2.063580036E0,6.592940688E-1,-2.280769825E0
7.212274333E0,2.079541445E0,6.206329465E-1,-2.287059307E0
7.222288333E0,2.083731413E0,4.693080783E-1,-2.327487230E0
7.232303333E0,2.096719503E0,2.952268124E-1,-2.346418619E0
7.242317333E0,2.091070414E0,2.263278812E-1,-2.324345827E0
7.252331333E0,2.013244390E0,1.950229555E-1,-2.242977142E0
7.262346333E0,1.858285427E0,2.026058584E-1,-2.123710155E0
7.272360333E0,1.641222000E0,2.064892799E-1,-2.045164585E0
7.282374333E0,1.423718810E0,1.278509498E-1,-2.012068510E0
7.292388333E0,1.245725036E0,4.559097812E-3,-1.990695238E0
7.302403333E0,1.150690436E0,-4.502209276E-2,-1.931701541E0
7.312417333E0,1.112189889E0,1.882106625E-2,-1.817702532E0
7.322431333E0,1.034131885E0,1.125611886E-1,-1.677735567E0
7.332446333E0,9.247720838E-1,1.844260544E-1,-1.514053106E0
7.342460333E0,7.898612618E-1,2.224531025E-1,-1.314164519E0
7.352474333E0,6.483579278E-1,1.867566258E-1,-1.121443510E0
7.362488333E0,5.161684155E-1,5.087669566E-2,-9.390537143E-1
7.372503333E0,3.937826455E-1,-1.354417801E-1,-7.540808916E-1
7.382517333E0,2.893799841E-1,-2.963100970E-1,-5.596190691E-1
7.392531333E0,1.795395166E-1,-3.814069033E-1,-3.583986461E-1
7.402546333E0,6.979608536E-2,-4.414762557E-1,-1.575096995E-1
7.412560333E0,4.613083787E-3,-4.750195742E-1,6.901931763E-2
7.422574333E0,-5.329633132E-2,-4.810505807E-1,2.896571755E-1
7.432588333E0,-9.687230736E-2,-4.352495372E-1,5.034549236E-1
7.442603333E0,-1.065822989E-1,-3.622121513E-1,7.332747579E-1
7.452617333E0,-1.208579093E-1,-2.759127021E-1,9.370814562E-1
7.462631333E0,-1.752628237E-1,-1.963728517E-1,1.082725763E0
7.472645333E0,-2.426386774E-1,-1.117048413E-1,1.228049040E0
7.482660333E0,-3.118224144E-1,-5.663116276E-2,1.380697727E0
7.492674333E0,-3.670483828E-1,-3.114684299E-2,1.509380341E0
7.502688333E0,-4.225101471E-1,-1.045357808E-2,1.626576781E0
7.512703333E0,-5.073831677E-1,1.800283231E-2,1.768455386E0
7.522717333E0,-6.164411902E-1,2.636709251E-2,1.937249184E0
7.532731333E0,-7.149744630E-1,-7.670237217E-3,2.070304632E0
7.542745333E0,-8.288187385E-1,-7.834453136E-2,2.165977716E0
7.552760333E0,-9.645779133E-1,-1.629851162E-1,2.234778166E0
7.562774333E0,-1.084632397E0,-2.618342638E-1,2.292129040E0
7.572788333E0,-1.159872293E0,-3.531186283E-1,2.345640182E0
7.582802333E0,-1.207945943E0,-4.427026510E-1,2.415328979E0
7.592817333E0,-1.207357883E0,-5.242441297E-1,2.483521700E0
7.602831333E0,-1.188800931E0,-5.551964641E-1,2.524297714E0
7.612845333E0,-1.167054415E0,-5.155279040E-1,2.507058620E0
7.622860333E0,-1.180549383E0,-4.235854745E-1,2.447266102E0
7.632874333E0,-1.214631796E0,-2.977077067E-1,2.361174822E0
7.642888333E0,-1.220604062E0,-1.708070785E-1,2.273281813E0
7.652902333E0,-1.168051481E0,-7.346694171E-2,2.140071630E0
7.662917333E0,-1.054341674E0,-2.135438472E-2,1.962109327E0
7.672931542E0,-9.184759259E-1,2.458620816E-2,1.745898247E0
7.682945542E0,-7.632014751E-1,2.203571424E-2,1.532639265E0
7.692960542E0,-6.562705040E-1,2.259364538E-2,1.300379872E0
7.702974542E0,-7.265012264E-1,1.385476347E-2,1.030407786E0
7.712988542E0,-1.057471871E0,-1.331986580E-2,7.274655104E-1
7.723002542E0,-1.600586295E0,-4.079113901E-2,3.821866512E-1
7.733017542E0,-2.191984892E0,-8.097078651E-2,1.416894794E-2
7.743031542E0,-2.877740145E0,-2.167749554E-1,-4.117894173E-1
7.753045542E0,-3.443156004E0,-2.802695036E-1,-8.176926970E-1
7.763059542E0,-3.943637371E0,-3.108803928E-1,-1.147548199E0
7.773074542E0,-4.327960968E0,-3.999751210E-1,-1.390929222E0
7.783088542E0,-4.542020798E0,-5.422752500E-1,-1.559584498E0
7.793102542E0,-4.596858978E0,-6.578900218E-1,-1.680761576E0
7.803117542E0,-4.556468487E0,-7.330676317E-1,-1.747179389E0
7.813131542E0,-4.477221489E0,-7.112909555E-1,-1.764727950E0
7.823145542E0,-4.405906200E0,-5.580686331E-1,-1.760153532E0
7.833159542E0,-4.300584316E0,-3.208949864E-1,-1.729233265E0
7.843174542E0,-4.127843380E0,-7.175000012E-2,-1.691746235E0
7.853188542E0,-3.856316566E0,1.289159954E-1,-1.638995409E0
7.863202542E0,-3.480125666E0,2.391948253E-1,-1.545690894E0
7.873216542E0,-3.028418779E0,2.952511609E-1,-1.392272830E0
7.883231542E0,-2.606076479E0,2.336443365E-1,-1.229092717E0
7.893245542E0,-2.201683044E0,2.039889693E-1,-1.051929235E0
7.903259542E0,-1.827684999E0,1.901574582E-1,-8.809552789E-1
7.913273542E0,-1.492082000E0,1.482536793E-1,-7.094037533E-1
7.923288542E0,-1.171565890E0,5.790770985E-3,-5.496044755E-1
7.933302542E0,-8.334211111E-1,-2.035874873E-1,-3.909983039E-1
7.943316542E0,-4.609760046E-1,-3.993821740E-1,-2.108346075E-1
7.953331542E0,-8.485350758E-2,-5.560562611E-1,-3.125045821E-2
7.963345542E0,2.829491794E-1,-6.594308019E-1,1.483993977E-1
7.973359542E0,6.483650208E-1,-6.903716326E-1,3.196963370E-1
7.983373542E0,9.731972218E-1,-6.692765951E-1,4.825508893E-1
7.993388542E0,1.281522870E0,-6.324461102E-1,6.441491246E-1
8.003402542E0,1.594203949E0,-6.233975291E-1,7.773786783E-1
8.013416542E0,1.932839513E0,-6.683995724E-1,8.578937650E-1
8.023430542E0,2.274158716E0,-7.532127500E-1,8.680874109E-1
8.033445542E0,2.611471176E0,-7.222164869E-1,8.443431854E-1
8.043459542E0,2.941326141E0,-5.701848269E-1,8.602673411E-1
8.053473542E0,3.229557037E0,-3.073723912E-1,9.047211409E-1
8.063488542E0,3.515155792E0,6.519202888E-2,9.617619514E-1
8.073502542E0,3.793014050E0,4.815548956E-1,1.060045242E0
8.083516542E0,4.121284485E0,8.253927827E-1,1.179839730E0
8.093530542E0,4.486203671E0,1.003800869E0,1.287526846E0
8.103545542E0,4.718924999E0,9.815049767E-1,1.353624463E0
8.113559542E0,4.839429379E0,8.753929138E-1,1.421808004E0
8.123573542E0,4.871258259E0,7.418699265E-1,1.490692139E0
8.133587542E0,4.786971092E0,6.739097834E-1,1.489145637E0
8.143602542E0,4.556178093E0,7.626639605E-1,1.349061131E0
8.153616542E0,4.240965843E0,9.392081499E-1,1.162979960E0
8.163630542E0,3.855456352E0,1.098461986E0,1.002355456E0
8.173644542E0,3.383746147E0,1.228477836E0,8.206866384E-1
8.183659542E0,2.859407663E0,1.256209373E0,6.362718940E-1
8.193673542E0,2.309095144E0,1.148976922E0,4.288166761E-1
8.203687542E0,1.645303845E0,8.856511116E-1,2.016107142E-1
8.213701542E0,1.022495031E0,6.580890417E-1,2.251012484E-3
8.223716542E0,5.613296628E-1,5.207640529E-1,-1.909295768E-1
8.233730542E0,2.637392879E-1,4.241304398E-1,-3.490118980E-1
8.243744542E0,4.285645485E-2,3.927927613E-1,-4.906622469E-1
8.253758542E0,-1.508702487E-1,4.310016334E-1,-6.209328771E-1
8.263773542E0,-3.141148984E-1,5.070102215E-1,-7.815637589E-1
8.273787542E0,-4.262438118E-1,5.994482636E-1,-9.481383562E-1
8.283801542E0,-5.355944633E-1,7.176677585E-1,-1.141825438E0
8.293816542E0,-6.616852880E-1,8.395236731E-1,-1.324674368E0
8.303830542E0,-7.736759782E-1,9.357230067E-1,-1.439115286E0
8.313844542E0,-8.263237476E-1,9.469455481E-1,-1.493554592E0
8.323858542E0,-8.023645282E-1,8.422778249E-1,-1.522949100E0
8.333873542E0,-6.781917214E-1,6.831150651E-1,-1.553763747E0
8.343887542E0,-4.638342857E-1,5.252729058E-1,-1.563429713E0
8.353901542E0,-2.108512968E-1,4.235655069E-1,-1.576430917E0
8.363915542E0,3.590153158E-2,4.556677341E-1,-1.584727049E0
8.373930542E0,1.956669539E-1,6.292997003E-1,-1.613328576E0
8.383944542E0,2.556450069E-1,8.875167370E-1,-1.686817408E0
8.393958542E0,3.144124448E-1,1.110082746E0,-1.800967455E0
8.403972542E0,4.647971988E-1,1.268518329E0,-1.899348378E0
8.413987542E0,6.693420410E-1,1.343737364E0,-1.930094481E0
8.424001542E0,8.633119464E-1,1.409833789E0,-1.948151827E0
8.434015542E0,1.024431944E0,1.515851617E0,-1.983935356E0
8.444029542E0,1.153414607E0,1.645670533E0,-2.000926018E0
8.454044542E0,1.264539838E0,1.764164209E0,-2.006915569E0
8.464058542E0,1.402175307E0,1.784481406E0,-1.952352285E0
8.474072542E0,1.519638658E0,1.756406665E0,-1.896129489E0
8.484086542E0,1.556694508E0,1.711694241E0,-1.922430634E0
8.494101542E0,1.552142620E0,1.610053420E0,-1.980222583E0
8.504115542E0,1.569808006E0,1.473363161E0,-2.000182390E0
8.514129542E0,1.659183145E0,1.238965034E0,-1.977836847E0
8.524143542E0,1.815405607E0,9.103910327E-1,-1.886831999E0
8.534158542E0,2.001045465E0,5.426356792E-1,-1.766949773E0
8.544172542E0,2.165990353E0,1.847857535E-1,-1.648332834E0
8.554186542E0,2.277277946E0,-1.126304790E-1,-1.561232090E0
8.564201542E0,2.298923969E0,-2.582786977E-1,-1.515273213E0
8.574215542E0,2.194844246E0,-2.454417050E-1,-1.527725577E0
8.584229542E0,2.061323881E0,-1.433888674E-1,-1.563634276E0
8.594243542E0,2.000659704E0,-2.256871387E-2,-1.606369495E0
8.604258542E0,2.087555170E0,5.638865009E-2,-1.614882350E0
8.614272542E0,2.289950132E0,8.390229940E-2,-1.509887815E0
8.624286542E0,2.527974129E0,8.093209565E-2,-1.328754663E0
8.634300542E0,2.705205917E0,1.052917615E-1,-1.078806043E0
8.644315542E0,2.771098852E0,1.675369442E-1,-8.238598108E-1
8.654329542E0,2.764423847E0,2.335162163E-1,-6.179346442E-1
8.664344042E0,2.672841549E0,3.116446733E-1,-4.720648825E-1
8.674358042E0,2.535423756E0,3.428348303E-1,-4.204179347E-1
8.684373042E0,2.430027723E0,2.479614168E-1,-4.533553421E-1
8.694387042E0,2.334890842E0,1.052852273E-1,-4.539889097E-1
8.704401042E0,2.209561348E0,-3.602216020E-2,-4.090550542E-1
8.714415042E0,2.072758436E0,-1.891390085E-1,-3.034921587E-1
8.724430042E0,1.983869672E0,-3.185598552E-1,-1.661675721E-1
8.734444042E0,1.945919871E0,-4.449132681E-1,-2.429699153E-2
8.744458042E0,1.934057236E0,-5.748945475E-1,1.060740501E-1
8.754472042E0,1.932511210E0,-6.435617208E-1,2.115634531E-1
8.764487042E0,1.943437099E0,-6.332370043E-1,3.049840331E-1
8.774501042E0,1.966410398E0,-5.596432090E-1,3.709712923E-1
8.784515042E0,1.995225191E0,-4.438403845E-1,4.439689815E-1
8.794529042E0,1.988100171E0,-3.011908233E-1,4.995696545E-1
8.804544042E0,1.933580756E0,-1.401257366E-1,5.287526846E-1
8.814558042E0,1.880733013E0,4.984126985E-2,5.657509565E-1
8.824572042E0,1.838812709E0,1.693270802E-1,6.279471517E-1
8.834586042E0,1.785677552E0,9.771627188E-2,6.873814464E-1
8.844601042E0,1.801727772E0,-1.649156511E-1,7.011941075E-1
8.854615042E0,1.933363318E0,-5.421510935E-1,7.749455571E-1
8.864629042E0,2.108204842E0,-9.119093418E-1,9.569364190E-1
8.874643042E0,2.196423292E0,-1.119927764E0,1.185532808E0
8.884658042E0,2.120835066E0,-1.158754230E0,1.350043893E0
8.894672042E0,1.922747016E0,-1.034418702E0,1.422132730E0
8.904686042E0,1.635288715E0,-8.759040833E-1,1.417449832E0
8.914700042E0,1.311744809E0,-8.049659729E-1,1.372074842E0
8.924715042E0,9.715535045E-1,-8.152236938E-1,1.339573979E0
8.934729042E0,6.373898983E-1,-9.332624674E-1,1.328996658E0
8.944743042E0,3.283743858E-1,-1.067917824E0,1.326075315E0
8.954757042E0,-2.245421894E-2,-1.158133268E0,1.283737183E0
8.964772042E0,-3.971448243E-1,-1.177570701E0,1.194912314E0
8.974786042E0,-7.528068423E-1,-1.160498977E0,1.096549511E0
8.984800042E0,-1.136841536E0,-1.140911341E0,1.028025985E0
8.994814042E0,-1.578995824E0,-1.183310032E0,1.000809312E0
9.004829042E0,-2.044901371E0,-1.292814732E0,9.760885835E-1
9.014843042E0,-2.468648434E0,-1.459898353E0,8.696162105E-1
9.024857042E0,-2.813006401E0,-1.605396152E0,6.760862470E-1
9.034871042E0,-3.142538786E0,-1.733121157E0,4.404073954E-1
9.044886042E0,-3.524866819E0,-1.780539274E0,2.282509804E-1
9.054900042E0,-3.935358524E0,-1.738576412E0,3.690366447E-2
9.064914042E0,-4.326612949E0,-1.650051236E0,-1.399351060E-1
9.074928042E0,-4.686256886E0,-1.487965465E0,-2.999817431E-1
9.084943042E0,-5.063543320E0,-1.314630866E0,-4.310977459E-1
9.094957042E0,-5.420531273E0,-1.124406576E0,-5.841640234E-1
9.104971042E0,-5.700593472E0,-9.706168771E-1,-8.087409139E-1
9.114985042E0,-5.906615734E0,-8.907234073E-1,-1.073886752E0
9.124999042E0,-6.056922436E0,-8.783172369E-1,-1.366261244E0
9.135014042E0,-6.238523483E0,-9.317096472E-1,-1.665492415E0
9.145028042E0,-6.506185532E0,-9.736305475E-1,-1.992357731E0
9.155042042E0,-6.813467979E0,-9.259617925E-1,-2.346520662E0
9.165056042E0,-7.116282940E0,-7.277334332E-1,-2.609469891E0
9.175071042E0,-7.371757030E0,-3.679499328E-1,-2.716733456E0
9.185085042E0,-7.565703392E0,-6.938453019E-2,-2.743425608E0
9.195099042E0,-7.695107460E0,2.836400867E-1,-2.798691988E0
9.205113042E0,-7.682393074E0,6.726372838E-1,-2.851584196E0
9.215128042E0,-7.508657455E0,1.021887422E0,-2.926476479E0
9.225142042E0,-7.237643242E0,1.342661262E0,-3.015053988E0
9.235156042E0,-6.948616505E0,1.657293558E0,-3.091882467E0
9.245170042E0,-6.654408455E0,1.845441699E0,-3.130519867E0
9.255185042E0,-6.338917732E0,1.934190750E0,-3.122026920E0
9.265199042E0,-5.962721825E0,2.009734154E0,-2.957139492E0
9.275213042E0,-5.496960163E0,1.781073928E0,-2.632156134E0
9.285227042E0,-4.855490208E0,1.247567892E0,-2.226686716E0
9.295242042E0,-4.011730671E0,7.273960710E-1,-1.761512160E0
9.305256042E0,-3.145659208E0,1.364266723E-1,-1.256350636E0
9.315270042E0,-2.349176168E0,-4.000397027E-1,-7.947257161E-1
9.325284042E0,-1.682553411E0,-7.868863344E-1,-3.865322769E-1
9.335299042E0,-1.080735683E0,-1.058011055E0,-8.158408105E-2
9.345313042E0,-4.521788955E-1,-1.220430732E0,1.364867538E-1
9.355327042E0,2.674977779E-1,-1.335169315E0,3.239006102E-1
9.365341042E0,1.043273807E0,-1.372690916E0,5.246578455E-1
9.375356042E0,1.727072358E0,-1.232294917E0,7.388241887E-1
9.385370042E0,2.252040863E0,-9.057198763E-1,9.751195908E-1
9.395384042E0,2.631435394E0,-4.042903185E-1,1.214061618E0
9.405398042E0,2.877362251E0,9.713616222E-2,1.509477496E0
9.415412042E0,3.107978821E0,4.974896908E-1,1.823635459E0
9.425427042E0,3.336383581E0,6.721056104E-1,2.114290237E0
9.435441042E0,3.501924276E0,6.934577823E-1,2.370125055E0
9.445455042E0,3.744597912E0,5.560882092E-1,2.589105844E0
9.455469042E0,4.046852589E0,5.009485483E-1,2.718852758E0
9.465484042E0,4.219537735E0,4.133968353E-1,2.790704489E0
9.475498042E0,4.307376862E0,3.303104639E-1,2.820563078E0
9.485512042E0,4.371051311E0,3.224949241E-1,2.872015476E0
9.495526042E0,4.433034897E0,1.878303140E-1,2.937856436E0
9.505541042E0,4.534615993E0,-2.681426704E-2,2.916058302E0
9.515555042E0,4.632267952E0,-1.618530452E-1,2.838663816E0
9.525569042E0,4.675335884E0,-2.894610167E-1,2.792396307E0
9.535583042E0,4.653528690E0,-3.298420012E-1,2.774607658E0
9.545598042E0,4.524815559E0,-1.659148633E-1,2.787810087E0
9.555612042E0,4.233966827E0,8.361668140E-2,2.786324739E0
9.565626042E0,3.726249695E0,4.061165452E-1,2.670735359E0
9.575640042E0,3.111354113E0,6.533955932E-1,2.434613943E0
9.585655042E0,2.532767534E0,7.387457490E-1,2.168051243E0
9.595669042E0,2.069385767E0,5.782247782E-1,1.903320193E0
9.605683042E0,1.686395645E0,2.282761931E-1,1.628454089E0
9.615697042E0,1.310462475E0,-1.233052760E-1,1.338323474E0
9.625711042E0,8.476786613E-1,-3.388189971E-1,1.028434992E0
9.635726042E0,2.435491383E-1,-3.591530323E-1,6.574800014E-1
9.645740042E0,-3.424141705E-1,-2.764208317E-1,2.792733312E-1
9.655754042E0,-8.183277249E-1,-1.420145631E-1,-3.103871457E-2
9.665767833E0,-1.181879878E0,2.053761855E-2,-2.837981284E-1
9.675782833E0,-1.358118534E0,2.094116658E-1,-3.989625275E-1
9.685796833E0,-1.408759952E0,4.038473368E-1,-4.007672668E-1
9.695810833E0,-1.393293619E0,7.008936405E-1,-2.566559017E-1
9.705824833E0,-1.436366558E0,1.046020389E0,1.196146104E-2
9.715839833E0,-1.600769639E0,1.273287654E0,3.226698041E-1
9.725853833E0,-1.769110799E0,1.402679205E0,6.076269746E-1
9.735867833E0,-1.908649802E0,1.381124020E0,8.743420243E-1
9.745881833E0,-1.989541173E0,1.179195166E0,1.123471022E0
9.755896833E0,-1.973919868E0,7.837517262E-1,1.377893806E0
9.765910833E0,-1.860811472E0,2.964332402E-1,1.643073916E0
9.775924833E0,-1.710765719E0,-1.971762180E-1,1.942166567E0
9.785938833E0,-1.568324685E0,-6.084634662E-1,2.288039446E0
9.795952833E0,-1.485473514E0,-9.508690238E-1,2.643326044E0
9.805967833E0,-1.379093051E0,-1.179678202E0,2.964260817E0
9.815981833E0,-1.216725945E0,-1.365999699E0,3.204638481E0
9.825995833E0,-1.084307790E0,-1.475263238E0,3.285199642E0
9.836009833E0,-1.023493648E0,-1.475406766E0,3.228874445E0
9.846024833E0,-1.023751140E0,-1.317257524E0,3.018238068E0
9.856038833E0,-1.039309144E0,-1.062249303E0,2.801769733E0
9.866052833E0,-1.044820666E0,-8.327467442E-1,2.663477182E0
9.876066833E0,-1.005831957E0,-6.572561264E-1,2.602621555E0
9.886081833E0,-8.839096427E-1,-5.823186040E-1,2.592966557E0
9.896095833E0,-7.542715073E-1,-5.293803215E-1,2.571012259E0
9.906109833E0,-6.237810254E-1,-4.399082363E-1,2.474486113E0
9.916123833E0,-4.565488696E-1,-3.504758179E-1,2.282564878E0
9.926137833E0,-2.934116423E-1,-2.913306653E-1,1.954847455E0
9.936152833E0,-1.942224950E-1,-1.887030900E-1,1.481823444E0
9.946166833E0,-1.276866645E-1,-7.617656142E-2,9.845950007E-1
9.956180833E0,-7.696436346E-2,6.488282979E-2,5.230686665E-1
9.966194833E0,1.220438909E-2,2.362975329E-1,1.026990265E-1
9.976209833E0,1.276542842E-1,3.726580441E-1,-2.568029463E-1
9.986223833E0,2.629929781E-1,4.986759424E-1,-5.881049037E-1
9.996237833E0,4.151130021E-1,6.141554117E-1,-8.606605530E-1
1.000625183E1,5.074549317E-1,7.651020288E-1,-1.026056170E0
1.001626683E1,5.506740808E-1,9.696493149E-1,-1.191025496E0
1.002628083E1,6.423221827E-1,1.107067466E0,-1.393421054E0
1.003629483E1,7.938171625E-1,1.119965672E0,-1.616304517E0
1.004630883E1,9.832420945E-1,1.029617429E0,-1.835784197E0
1.005632283E1,1.170206189E0,9.264598489E-1,-1.972302914E0
1.006633783E1,1.261798501E0,8.284674287E-1,-2.032005072E0
1.007635183E1,1.273294210E0,7.895495892E-1,-2.139076233E0
1.008636583E1,1.322135448E0,8.825765252E-1,-2.272681475E0
1.009637983E1,1.380148768E0,1.039417744E0,-2.345147371E0
1.010639483E1,1.390017509E0,1.209824920E0,-2.369518757E0
1.011640883E1,1.361787200E0,1.334552169E0,-2.347364426E0
1.012642283E1,1.270517111E0,1.330294251E0,-2.333073854E0
1.013643683E1,1.144987583E0,1.284604073E0,-2.340846777E0
1.014645083E1,1.079224110E0,1.216688514E0,-2.323856354E0
1.015646583E1,1.008202672E0,1.025546193E0,-2.262099504E0
1.016647983E1,8.965702653E-1,7.943874002E-1,-2.169240952E0
1.017649383E1,7.721609473E-1,6.581179500E-1,-2.022730827E0
1.018650783E1,6.083978415E-1,6.330142617E-1,-1.833113194E0
1.019652283E1,3.991860747E-1,6.829759479E-1,-1.626314759E0
1.020653683E1,2.000816911E-1,7.311748266E-1,-1.423218012E0
1.021655083E1,1.536989957E-2,7.066532373E-1,-1.214959502E0
1.022656483E1,-1.756152958E-1,5.454171896E-1,-1.007253408E0
1.023657883E1,-3.623311222E-1,2.028191239E-1,-8.203762174E-1
1.024659383E1,-5.687701702E-1,-2.400891036E-1,-6.794919968E-1
1.025660783E1,-7.975063920E-1,-6.761265993E-1,-5.734052658E-1
1.026662183E1,-9.675235152E-1,-1.099047184E0,-4.603434801E-1
1.027663583E1,-1.009082317E0,-1.474186420E0,-3.375014663E-1
1.028665083E1,-8.588894010E-1,-1.856132269E0,-1.886099875E-1
1.029666483E1,-4.510175288E-1,-2.246896267E0,4.337849841E-2
1.030667883E1,1.308432668E-1,-2.542496204E0,3.814323545E-1
1.031669283E1,7.281998396E-1,-2.650589705E0,8.066624403E-1
1.032670683E1,1.299781442E0,-2.499821901E0,1.272726536E0
1.033672183E1,1.821858406E0,-2.167630911E0,1.709435940E0
1.034673583E1,2.345256805E0,-1.748046041E0,2.144613504E0
1.035674983E1,2.880463123E0,-1.288163066E0,2.571808577E0
1.036676383E1,3.414576054E0,-7.705249786E-1,2.960565090E0
1.037677883E1,3.971642971E0,-1.969343722E-1,3.308774710E0
1.038679283E1,4.532295227E0,3.013070524E-1,3.601997137E0
1.039680683E1,5.113558292E0,6.340389252E-1,3.796586990E0
1.040682083E1,5.664759636E0,8.173548579E-1,3.915778875E0
1.041683483E1,6.077600002E0,7.870707512E-1,3.969112873E0
1.042684983E1,6.268258095E0,5.013794303E-1,3.956453800E0
1.043686383E1,6.231332779E0,1.075778380E-1,3.968827486E0
1.044687783E1,5.918046474E0,-2.294589281E-1,3.867267132E0
1.045689183E1,5.421488762E0,-4.914010763E-1,3.623495102E0
1.046690683E1,4.973127365E0,-7.639052272E-1,3.309485674E0
1.047692083E1,4.552528858E0,-1.025119781E0,2.975884438E0
1.048693483E1,4.261838436E0,-1.243588090E0,2.619483232E0
1.049694883E1,4.103938103E0,-1.113193393E0,2.343498707E0
1.050696283E1,3.776187181E0,-8.525536060E-1,2.056277514E0
1.051697783E1,3.209452152E0,-5.028454065E-1,1.670693040E0
1.052699183E1,2.553962946E0,-1.339915693E-1,1.245284319E0
1.053700583E1,1.868056178E0,1.446789354E-1,7.612947822E-1
1.054701983E1,1.177315593E0,3.359693885E-1,2.630324364E-1
1.055703483E1,4.932948947E-1,4.867037535E-1,-2.116712332E-1
1.056704883E1,-1.360377818E-1,5.382781625E-1,-6.302848458E-1
1.057706283E1,-6.132717133E-1,5.733157992E-1,-9.535686374E-1
1.058707683E1,-1.016111732E0,5.794183612E-1,-1.158551216E0
1.059709083E1,-1.349114418E0,4.688742459E-1,-1.260411620E0
1.060710583E1,-1.561966300E0,2.742221057E-1,-1.290307522E0
1.061711983E1,-1.723625541E0,9.418402798E-3,-1.314454675E0
1.062713383E1,-1.861774802E0,-2.320939600E-1,-1.342103004E0
1.063714783E1,-2.007827759E0,-3.626610339E-1,-1.391296864E0
1.064716183E1,-2.227455139E0,-3.742593229E-1,-1.513029337E0
1.065717683E1,-2.491170406E0,-3.274260163E-1,-1.705421090E0
1.066719104E1,-2.791559219E0,-1.788693964E-1,-1.929399490E0
1.067720504E1,-3.138489485E0,8.242212981E-2,-2.107203960E0
1.068721904E1,-3.432129145E0,3.553946614E-1,-2.207697630E0
1.069723404E1,-3.665109396E0,5.967984796E-1,-2.235146284E0
1.070724804E1,-3.876512527E0,6.731610298E-1,-2.240953445E0
1.071726204E1,-4.043512344E0,6.563645005E-1,-2.272642136E0
1.072727604E1,-4.264628410E0,6.429969072E-1,-2.325089693E0
1.073729004E1,-4.536134243E0,5.960068107E-1,-2.396795750E0
1.074730504E1,-4.756968021E0,5.471152663E-1,-2.469889402E0
1.075731904E1,-4.882327080E0,4.587654173E-1,-2.508503437E0
1.076733304E1,-4.901796818E0,3.028018475E-1,-2.472765207E0
1.077734704E1,-4.832283497E0,5.786718056E-2,-2.373206139E0
1.078736104E1,-4.682805061E0,-1.790435761E-1,-2.220497608E0
1.079737604E1,-4.465336800E0,-3.155492246E-1,-2.012257099E0
1.080739004E1,-4.210120201E0,-4.101425707E-1,-1.768631816E0
1.081740404E1,-3.936633825E0,-4.546013176E-1,-1.542662859E0
1.082741804E1,-3.591974497E0,-4.793843329E-1,-1.331034780E0
1.083743304E1,-3.151982546E0,-4.643588066E-1,-1.120007396E0
1.084744704E1,-2.651654482E0,-5.038482547E-1,-9.014553428E-1
1.085746104E1,-2.135247946E0,-5.812634230E-1,-6.777892113E-1
1.086747504E1,-1.626437306E0,-6.507579088E-1,-4.653136134E-1
1.087748904E1,-1.170493007E0,-7.058965564E-1,-2.534338236E-1
1.088750404E1,-7.764137387E-1,-6.697338820E-1,-3.511519730E-2
1.089751804E1,-4.244599044E-1,-5.754292011E-1,1.415389329E-1
1.090753204E1,-2.336838655E-2,-5.740758777E-1,2.682664692E-1
1.091754604E1,4.084738493E-1,-6.134400368E-1,3.250229359E-1
1.092756004E1,8.274148107E-1,-6.788999438E-1,2.978666425E-1
1.093757504E1,1.236849546E0,-7.472225428E-1,2.437701076E-1
1.094758904E1,1.620435834E0,-6.919742823E-1,1.704719216E-1
1.095760304E1,1.934794188E0,-4.931086302E-1,1.890290529E-2
1.096761704E1,2.240876675E0,-3.774034679E-1,-1.835795194E-1
1.097763104E1,2.635982513E0,-3.985218108E-1,-4.027478099E-1
1.098764604E1,3.034635067E0,-4.836291969E-1,-6.098836064E-1
1.099766004E1,3.290155649E0,-4.982523620E-1,-8.095426559E-1
1.100767404E1,3.470746756E0,-2.539816499E-1,-1.148463011E0
1.101768804E1,3.658048391E0,2.725324929E-1,-1.459266186E0
1.102770304E1,3.729738712E0,7.253599167E-1,-1.667127132E0
1.103771704E1,3.878442287E0,1.072526097E0,-1.779894710E0
1.104773104E1,4.120527744E0,1.293416977E0,-1.775482893E0
1.105774504E1,4.380989075E0,1.410344958E0,-1.767294168E0
1.106775904E1,4.691586018E0,1.410931349E0,-1.693339825E0
1.107777404E1,4.939397812E0,1.348211288E0,-1.565809846E0
1.108778804E1,5.026418686E0,1.276239038E0,-1.377161741E0
1.109780204E1,4.833115578E0,1.097084999E0,-1.137209058E0
1.110781604E1,4.412920475E0,9.320115447E-1,-9.530814290E-1
1.111783004E1,3.892194748E0,8.350085616E-1,-9.282093644E-1
1.112784504E1,3.310776949E0,7.643623352E-1,-1.071816921E0
1.113785904E1,2.674963474E0,7.100296021E-1,-1.336398959E0
1.114787304E1,2.242527962E0,7.706704140E-1,-1.593493938E0
1.115788704E1,2.018490553E0,8.887419105E-1,-1.713165402E0
1.116790104E1,1.823627114E0,9.964047670E-1,-1.725109577E0
1.117791604E1,1.599355102E0,1.001990795E0,-1.584701419E0
1.118793004E1,1.336455464E0,9.500774145E-1,-1.368820310E0
1.119794404E1,1.015574932E0,9.036590457E-1,-1.169886708E0
1.120795804E1,6.911678910E-1,7.913972735E-1,-1.011152983E0
1.121797204E1,3.681259453E-1,5.932492614E-1,-8.584902287E-1
1.122798704E1,9.658851475E-2,3.283686936E-1,-7.340542078E-1
1.123800104E1,-1.169650480E-1,1.814093292E-1,-6.645965576E-1
1.124801504E1,-4.191968739E-1,2.171329111E-1,-6.035662889E-1
1.125802904E1,-8.090794086E-1,3.188326359E-1,-5.457254052E-1
1.126804304E1,-1.103739858E0,4.156457484E-1,-4.971425831E-1
1.127805804E1,-1.300204992E0,4.097769558E-1,-4.214526117E-1
1.128807204E1,-1.460464239E0,2.835172415E-1,-2.955735624E-1
1.129808604E1,-1.560879230E0,9.531085193E-2,-1.076758280E-1
1.130810004E1,-1.668609262E0,-1.099520773E-1,1.064016223E-1
1.131811404E1,-1.817425370E0,-2.947826385E-1,2.826815844E-1
1.132812904E1,-1.956562757E0,-3.690896928E-1,4.260144532E-1
1.133814304E1,-2.109580040E0,-3.168001175E-1,5.247769356E-1
1.134815704E1,-2.314852715E0,-2.641794682E-1,5.839402676E-1
1.135817104E1,-2.505631208E0,-2.378117889E-1,6.178444028E-1
1.136818604E1,-2.638331890E0,-2.292982489E-1,6.804895401E-1
1.137820004E1,-2.738635063E0,-1.977728158E-1,7.926123142E-1
1.138821404E1,-2.852031946E0,-6.221476942E-2,9.085918069E-1
1.139822804E1,-2.982072115E0,1.510109454E-1,9.426424503E-1
1.140824204E1,-3.041861296E0,2.822383940E-1,9.292336702E-1
1.141825704E1,-3.024019718E0,2.178940177E-1,9.323410392E-1
1.142827104E1,-2.997196436E0,1.439450383E-1,9.579310417E-1
1.143828504E1,-3.013624668E0,1.111223772E-1,9.887579083E-1
1.144829904E1,-3.040748835E0,8.911702782E-2,1.011355877E0
1.145831304E1,-3.109272003E0,9.656855464E-2,1.011041880E0
1.146832804E1,-3.220298529E0,9.750440717E-2,9.892735481E-1
1.147834204E1,-3.267206192E0,7.849796116E-2,9.302621484E-1
1.148835604E1,-3.239940166E0,5.715567619E-2,8.734315038E-1
1.149837004E1,-3.177783251E0,8.060560375E-2,8.462288976E-1
1.150838404E1,-3.039150476E0,1.334933341E-1,8.066810966E-1
1.151839904E1,-2.733748913E0,1.628829092E-1,7.445993423E-1
1.152841304E1,-2.334794044E0,1.383662075E-1,6.776031256E-1
1.153842704E1,-1.919991851E0,8.829904348E-2,6.218168139E-1
1.154844104E1,-1.570239544E0,6.457172334E-2,5.820897818E-1
1.155845504E1,-1.331815362E0,8.676623553E-2,5.512213707E-1
1.156846904E1,-1.129422307E0,1.644826978E-1,4.907196164E-1
1.157848404E1,-9.402270317E-1,2.463075221E-1,3.404971063E-1
1.158849804E1,-7.750920653E-1,2.813880444E-1,9.735924006E-2
1.159851204E1,-5.582457781E-1,2.591618299E-1,-2.427397370E-1
1.160852604E1,-3.349266350E-1,2.855925560E-1,-6.204486489E-1
1.161854004E1,-2.151629776E-1,3.009315729E-1,-9.143726826E-1
1.162855504E1,-1.194932386E-1,2.723746896E-1,-1.084162712E0
1.163856904E1,6.884045154E-2,1.170514077E-1,-1.206738472E0
1.164858304E1,3.826053739E-1,-1.483071744E-1,-1.300320148E0
1.165859704E1,7.859661579E-1,-4.371384382E-1,-1.332371593E0
1.166861042E1,1.105486035E0,-6.029282212E-1,-1.321577072E0
1.167862542E1,1.459717870E0,-6.121650934E-1,-1.381921649E0
1.168863942E1,1.839173079E0,-3.972893357E-1,-1.485950828E0
1.169865342E1,2.052833796E0,2.578443661E-2,-1.715209246E0
1.170866742E1,2.090931177E0,6.428189278E-1,-2.031735182E0
1.171868142E1,2.010395527E0,1.268864393E0,-2.343482256E0
1.172869642E1,2.013234377E0,1.593009353E0,-2.605334282E0
1.173871042E1,2.351764441E0,1.615744829E0,-2.800173998E0
1.174872442E1,2.787513733E0,1.424654126E0,-2.849355459E0
1.175873842E1,3.159400702E0,1.278054237E0,-2.751487017E0
1.176875242E1,3.378188133E0,1.299085021E0,-2.588858366E0
1.177876742E1,3.349262476E0,1.295142174E0,-2.429682016E0
1.178878142E1,3.119791031E0,1.187069893E0,-2.368653297E0
1.179879542E1,2.738974333E0,9.694092274E-1,-2.386826277E0
1.180880942E1,2.240020752E0,6.996883750E-1,-2.443931103E0
1.181882342E1,1.746505618E0,4.637368023E-1,-2.515486240E0
1.182883842E1,1.387109518E0,3.228631318E-1,-2.573828697E0
1.183885242E1,1.142510176E0,2.861349285E-1,-2.579274893E0
1.184886642E1,9.665435553E-1,4.164498150E-1,-2.484057426E0
1.185888042E1,8.598263860E-1,6.452667713E-1,-2.294550180E0
1.186889442E1,7.485699058E-1,7.915772200E-1,-2.025597572E0
1.187890942E1,5.783268213E-1,7.933077216E-1,-1.729901433E0
1.188892342E1,3.599264324E-1,6.977213621E-1,-1.479349136E0
1.189893742E1,1.557783633E-1,5.149515271E-1,-1.256434798E0
1.190895142E1,-2.924556658E-2,2.107106298E-1,-1.064398527E0
1.191896542E1,-2.262957841E-1,-1.097539365E-1,-8.809636831E-1
1.192898042E1,-4.231966436E-1,-3.386983871E-1,-6.915220618E-1
1.193899442E1,-5.922994018E-1,-4.378612041E-1,-4.894800186E-1
1.194900842E1,-6.905459166E-1,-4.926047027E-1,-2.494474649E-1
1.195902242E1,-7.115034461E-1,-5.463920236E-1,1.030421443E-2
1.196903642E1,-6.763705611E-1,-6.055346131E-1,2.876937687E-1
1.197905042E1,-6.336500049E-1,-6.202533841E-1,5.619285107E-1
1.198906542E1,-6.459124088E-1,-6.296669245E-1,7.951391339E-1
1.199907942E1,-6.752141118E-1,-6.192030907E-1,9.792690277E-1
1.200909342E1,-7.442113757E-1,-6.093150973E-1,1.119208217E0
1.201910742E1,-8.285094500E-1,-6.042548418E-1,1.256196737E0
1.202912142E1,-8.975394368E-1,-6.244041324E-1,1.419783831E0
1.203913642E1,-9.401543140E-1,-6.906859279E-1,1.601128817E0
1.204915042E1,-9.808827639E-1,-7.437056303E-1,1.791281700E0
1.205916442E1,-1.048835754E0,-7.572789788E-1,1.989510894E0
1.206917842E1,-1.114197731E0,-7.308803201E-1,2.162184000E0
1.207919242E1,-1.191413403E0,-6.594141722E-1,2.284084320E0
1.208920742E1,-1.273802161E0,-5.886883140E-1,2.363613844E0
1.209922142E1,-1.281360984E0,-5.916042328E-1,2.380108356E0
1.210923542E1,-1.227756500E0,-6.769455075E-1,2.353207111E0
1.211924942E1,-1.205904365E0,-9.109691978E-1,2.322854042E0
1.212926342E1,-1.151721120E0,-1.210021734E0,2.350624084E0
1.213927742E1,-9.994457960E-1,-1.417394876E0,2.438143969E0
1.214929242E1,-8.002199531E-1,-1.529573441E0,2.429005623E0
1.215930642E1,-5.313525796E-1,-1.460647941E0,2.288820267E0
1.216932042E1,-2.390497774E-1,-1.297209024E0,2.086451292E0
1.217933442E1,8.905353397E-2,-1.122207046E0,1.868706226E0
1.218934842E1,4.841239154E-1,-9.514709115E-1,1.652480721E0
1.219936342E1,9.406882524E-1,-7.155792713E-1,1.510755539E0
1.220937742E1,1.300511956E0,-3.437406421E-1,1.442078471E0
1.221939142E1,1.587408066E0,1.284138560E-1,1.408736467E0
1.222940542E1,1.838541508E0,5.899607539E-1,1.303395152E0
1.223941942E1,1.950654507E0,7.079177499E-1,1.123894095E0
1.224943442E1,2.011158705E0,3.778857589E-1,9.491049647E-1
1.225944842E1,1.951493263E0,-3.122511208E-1,8.720226884E-1
1.226946242E1,1.577808261E0,-1.099545598E0,8.861027956E-1
1.227947642E1,9.720627069E-1,-1.653958678E0,8.834777474E-1
1.228949042E1,2.745449543E-1,-1.896845698E0,7.738623619E-1
1.229950442E1,-4.723010063E-1,-1.911982059E0,4.778828919E-1
1.230951942E1,-1.190299869E0,-1.739292741E0,2.099090070E-2
1.231953342E1,-1.828886509E0,-1.443515182E0,-5.251272917E-1
1.232954742E1,-2.357459545E0,-1.037268162E0,-1.024487972E0
1.233956142E1,-2.776365757E0,-6.037105322E-1,-1.449984908E0
1.234957542E1,-3.154911280E0,-2.885216177E-1,-1.787728071E0
1.235959042E1,-3.432450056E0,-9.427305311E-2,-1.988499045E0
1.236960442E1,-3.654645205E0,-9.423282743E-2,-2.104142189E0
1.237961842E1,-3.834354639E0,-2.190410644E-1,-2.185560226E0
1.238963242E1,-3.982982159E0,-3.685569763E-1,-2.252404213E0
1.239964642E1,-4.170916557E0,-5.127330422E-1,-2.385489464E0
1.240966042E1,-4.480151176E0,-6.268217564E-1,-2.607093096E0
1.241967542E1,-4.854439259E0,-6.100893617E-1,-2.875167131E0
1.242968942E1,-5.185370445E0,-5.135160685E-1,-3.085447311E0
1.243970342E1,-5.355108738E0,-4.925516546E-1,-3.163694859E0
1.244971742E1,-5.367716789E0,-5.501520038E-1,-3.171534061E0
1.245973142E1,-5.243632317E0,-6.563362479E-1,-3.145869493E0
1.246974642E1,-5.041560650E0,-8.291589618E-1,-3.071849585E0
1.247976042E1,-4.709037781E0,-1.098008990E0,-2.902079821E0
1.248977442E1,-4.217198372E0,-1.425919771E0,-2.632855892E0
1.249978842E1,-3.598304749E0,-1.684335351E0,-2.277703285E0
1.250980242E1,-2.938559055E0,-1.807169437E0,-1.895438671E0
1.251981642E1,-2.309083462E0,-1.818641543E0,-1.557172179E0
1.252983142E1,-1.715062857E0,-1.674255252E0,-1.250647902E0
1.253984542E1,-1.158537507E0,-1.429467320E0,-9.477455020E-1
1.254985942E1,-6.425586343E-1,-1.045026302E0,-6.363600492E-1
1.255987342E1,-2.006837577E-1,-6.278199553E-1,-3.026352823E-1
1.256988742E1,1.909969300E-1,-2.349059135E-1,1.286491845E-2
1.257990242E1,6.397419572E-1,1.171661168E-1,3.114774525E-1
1.258991642E1,1.098191142E0,4.220543802E-1,6.173431873E-1
1.259993042E1,1.538701653E0,6.863233447E-1,9.768848419E-1
1.260994442E1,2.001816750E0,8.787799478E-1,1.338464141E0
1.261995842E1,2.489959717E0,9.677500129E-1,1.667457223E0
1.262997242E1,2.997958183E0,9.756938815E-1,1.939989567E0
1.263998742E1,3.502876997E0,8.534505367E-1,2.217747927E0
1.265000142E1,3.974256516E0,5.188027024E-1,2.522323370E0
1.266001542E1,4.426512241E0,7.921047509E-3,2.815445423E0
1.267002954E1,4.807973862E0,-4.659734070E-1,3.099227905E0
1.268004354E1,5.073567867E0,-8.226116896E-1,3.308862925E0
1.269005754E1,5.257829189E0,-1.041691303E0,3.324428320E0
1.270007254E1,5.381842136E0,-1.082155585E0,3.117990494E0
1.271008654E1,5.380235195E0,-1.020794272E0,2.783854961E0
1.272010054E1,5.188026905E0,-8.871585131E-1,2.411229610E0
1.273011454E1,4.941242695E0,-6.394289732E-1,2.074831724E0
1.274012854E1,4.735478878E0,-3.340714276E-1,1.711612105E0
1.275014354E1,4.583724976E0,-1.402037442E-1,1.386334062E0
1.276015754E1,4.425566196E0,-1.220290735E-2,1.141907811E0
1.277017154E1,4.128130913E0,1.658999324E-1,9.193342328E-1
1.278018554E1,3.687566757E0,3.231182992E-1,6.953828931E-1
1.279019954E1,3.262864828E0,4.650818706E-1,4.212968946E-1
1.280021354E1,2.946451426E0,5.845459104E-1,1.425813884E-1
1.281022854E1,2.783794165E0,6.166878939E-1,-2.059105486E-1
1.282024254E1,2.871984482E0,5.777250528E-1,-6.132069230E-1
1.283025654E1,3.143812180E0,5.374270678E-1,-9.504885077E-1
1.284027054E1,3.486513615E0,6.187520027E-1,-1.165238380E0
1.285028454E1,3.715258837E0,9.271058440E-1,-1.078893185E0
1.286029854E1,3.591123581E0,1.473972082E0,-9.498046041E-1
1.287031354E1,3.382064342E0,2.088943958E0,-8.605905175E-1
1.288032754E1,3.246979475E0,2.646331787E0,-8.601173162E-1
1.289034154E1,3.180387259E0,3.124964237E0,-8.990295529E-1
1.290035554E1,3.312731266E0,3.532657862E0,-9.016039968E-1
1.291036954E1,3.461869478E0,3.769272327E0,-8.483347893E-1
1.292038454E1,3.515344381E0,3.813685894E0,-7.824793458E-1
1.293039854E1,3.468239784E0,3.735227346E0,-7.190761566E-1
1.294041254E1,3.354032040E0,3.514364958E0,-6.285795569E-1
1.295042654E1,3.188278198E0,3.244910717E0,-5.216104388E-1
1.296044054E1,2.977437973E0,3.074527979E0,-3.961148560E-1
1.297045454E1,2.752285480E0,2.920972109E0,-2.571035624E-1
1.298046954E1,2.733375072E0,2.705017090E0,-1.366058886E-1
1.299048354E1,3.044473648E0,2.304775953E0,-4.626588151E-2
1.300049754E1,3.555749178E0,1.821691871E0,8.667407557E-3
1.301051154E1,4.043144703E0,1.500219703E0,3.891113400E-2
1.302052554E1,4.372568130E0,1.463292241E0,7.081900537E-2
1.303053954E1,4.462101936E0,1.632611871E0,1.414799541E-1
1.304055454E1,4.222954750E0,1.896760941E0,2.732811272E-1
1.305056854E1,3.812608719E0,1.817930341E0,3.343920708E-1
1.306058254E1,3.706748009E0,1.349185705E0,2.053214461E-1
1.307059654E1,4.010149479E0,6.639401317E-1,-3.477906436E-2
1.308061054E1,4.419108391E0,6.039771717E-3,-2.123977989E-1
1.309062454E1,4.708128452E0,-3.816123605E-1,-3.100471199E-1
1.310063954E1,4.838318348E0,-5.920612216E-1,-3.639374971E-1
1.311065354E1,4.860341549E0,-7.815951705E-1,-3.628938496E-1
1.312066754E1,4.895884514E0,-9.819825888E-1,-2.505348027E-1
1.313068154E1,4.820549488E0,-1.173607111E0,-1.194109693E-1
1.314069554E1,4.608549595E0,-1.314968467E0,-5.622987449E-2
1.315070954E1,4.412305355E0,-1.531170487E0,-7.688178867E-2
1.316072454E1,4.330871582E0,-1.929967165E0,-1.778217256E-1
1.317073854E1,4.286229134E0,-2.516934633E0,-3.618434966E-1
1.318075254E1,4.243537903E0,-3.179163694E0,-5.941891074E-1
1.319076654E1,4.201035500E0,-3.717134953E0,-7.997057438E-1
1.320078054E1,4.023877621E0,-4.059847832E0,-9.322768450E-1
1.321079454E1,3.660321951E0,-4.168030739E0,-9.599413872E-1
1.322080954E1,3.242479324E0,-4.224698544E0,-9.046850801E-1
1.323082354E1,2.811800480E0,-4.203862190E0,-7.545136213E-1
1.324083754E1,2.365372658E0,-4.158627510E0,-4.844655991E-1
1.325085154E1,1.816868067E0,-4.164059162E0,-1.847715527E-1
1.326086554E1,1.306132078E0,-4.224706173E0,3.969138116E-2
1.327087954E1,8.957612514E-1,-4.306747913E0,1.965067387E-1
1.328089454E1,4.426947236E-1,-4.416665077E0,2.960916758E-1
1.329090854E1,-1.118108556E-1,-4.522313595E0,3.338736594E-1
1.330092254E1,-7.062827349E-1,-4.666239262E0,2.869905829E-1
1.331093654E1,-1.227634192E0,-4.867326260E0,1.482607424E-1
1.332095054E1,-1.623952508E0,-5.005321503E0,5.499551073E-2
1.333096454E1,-1.911472201E0,-5.006949902E0,1.533577591E-1
1.334097954E1,-2.229596853E0,-4.826254368E0,4.670538902E-1
1.335099354E1,-2.655156612E0,-4.414302349E0,8.366233110E-1
1.336100754E1,-3.092849255E0,-3.999041796E0,1.085633159E0
1.337102154E1,-3.367443085E0,-3.731553793E0,1.180596948E0
1.338103554E1,-3.567887068E0,-3.592871189E0,1.148447633E0
1.339104954E1,-3.833911180E0,-3.462073326E0,1.055035233E0
1.340106454E1,-4.225317001E0,-3.360262394E0,9.203906655E-1
1.341107854E1,-4.635218143E0,-3.318741798E0,7.702388167E-1
1.342109254E1,-4.927679062E0,-3.430053473E0,6.115908623E-1
1.343110654E1,-5.063730717E0,-3.697849035E0,4.511373937E-1
1.344112054E1,-5.085604668E0,-3.992491961E0,3.511239886E-1
1.345113454E1,-5.077877522E0,-4.160189152E0,3.927557468E-1
1.346114954E1,-5.026354313E0,-4.228317738E0,5.628813505E-1
1.347116354E1,-4.934646606E0,-4.150233746E0,7.619629502E-1
1.348117754E1,-4.933835030E0,-3.967576027E0,8.686089516E-1
1.349119154E1,-5.035610676E0,-3.650213957E0,8.808895946E-1
1.350120554E1,-5.267899990E0,-3.235480070E0,8.598670959E-1
1.351121954E1,-5.618306637E0,-2.792836666E0,7.453373671E-1
1.352123454E1,-5.983168125E0,-2.321467161E0,6.028321385E-1
1.353124854E1,-6.362616062E0,-1.897244453E0,3.790022731E-1
1.354126254E1,-6.811506748E0,-1.529973149E0,2.612331137E-2
1.355127654E1,-7.283141136E0,-1.124042749E0,-4.377019703E-1
1.356129054E1,-7.696758747E0,-7.172957063E-1,-8.704885244E-1
1.357130454E1,-8.027994156E0,-2.168772817E-1,-1.207257152E0
1.358131954E1,-8.273213387E0,3.167389929E-1,-1.448297739E0
1.359133354E1,-8.459617615E0,7.661297321E-1,-1.652309656E0
1.360134754E1,-8.590432167E0,1.202008247E0,-1.889326453E0
1.361136154E1,-8.684465408E0,1.637873292E0,-2.149120808E0
1.362137554E1,-8.714487076E0,2.071876526E0,-2.440008402E0
1.363138954E1,-8.690676689E0,2.521693468E0,-2.760394335E0
1.364140454E1,-8.586649895E0,2.953540325E0,-3.050272465E0
1.365141854E1,-8.394493103E0,3.333868265E0,-3.298310995E0
1.366143254E1,-8.100630760E0,3.530455828E0,-3.617948771E0
1.367144729E1,-7.767721653E0,3.594792604E0,-3.935208797E0
1.368146129E1,-7.433219910E0,3.473687410E0,-4.136944771E0
1.369147529E1,-6.991692066E0,3.006154537E0,-4.239298820E0
1.370148929E1,-6.291126728E0,2.167884827E0,-4.241807461E0
1.371150429E1,-5.405930996E0,1.222316384E0,-4.181668758E0
1.372151829E1,-4.559358597E0,1.130042970E-1,-3.943827868E0
1.373153229E1,-3.691842794E0,-1.076244831E0,-3.622966290E0
1.374154629E1,-2.689213514E0,-2.049685001E0,-3.216288090E0
1.375156029E1,-1.747230530E0,-2.647090912E0,-2.664365053E0
1.376157429E1,-8.974936604E-1,-2.843639851E0,-2.013339758E0
1.377158929E1,-8.000212908E-2,-2.663273096E0,-1.292878270E0
1.378160329E1,8.075436950E-1,-2.061716557E0,-5.144622922E-1
1.379161729E1,1.769259214E0,-1.015881419E0,2.626261413E-1
1.380163129E1,2.703881025E0,6.816256046E-2,9.861997962E-1
1.381164529E1,3.635704517E0,8.705638051E-1,1.579432249E0
1.382165929E1,4.609008789E0,1.357861042E0,1.915383339E0
1.383167429E1,5.616658211E0,1.517772317E0,2.056365967E0
1.384168829E1,6.703148365E0,1.373584986E0,2.178549767E0
1.385170229E1,7.755965710E0,7.827916145E-1,2.363601685E0
1.386171629E1,8.629083633E0,7.137767971E-2,2.642677307E0
1.387173029E1,9.126440048E0,-3.250634670E-1,3.041080952E0
1.388174429E1,9.121745110E0,-1.620867848E-1,3.572722197E0
1.389175829E1,8.796530724E0,4.929672182E-1,4.138311863E0
1.390177329E1,8.383646011E0,1.219949007E0,4.661740780E0
1.391178729E1,7.954236031E0,1.864316583E0,4.883250237E0
1.392180129E1,7.323103428E0,1.968841672E0,4.972918034E0
1.393181529E1,6.795197487E0,1.482203484E0,5.011399746E0
1.394182929E1,6.789314747E0,6.741738319E-1,4.930113316E0
1.395184329E1,7.100366592E0,-2.424661219E-1,4.639298916E0
1.396185829E1,7.437657356E0,-9.558150768E-1,4.250642300E0
1.397187229E1,7.639286041E0,-1.231656909E0,3.991679668E0
1.398188629E1,7.756969452E0,-1.131554484E0,3.907445192E0
1.399190029E1,7.679550171E0,-5.857170820E-1,3.962912321E0
1.400191429E1,7.264689445E0,9.505936503E-2,4.043421745E0
1.401192829E1,6.553720474E0,7.871971130E-1,4.081915379E0
1.402194229E1,5.824796677E0,1.068740129E0,3.916154385E0
1.403195729E1,5.203102589E0,9.287157059E-1,3.558118343E0
1.404197129E1,4.578121185E0,4.891586006E-1,3.144452572E0
1.405198529E1,3.581752062E0,-1.621499658E-2,2.486932039E0
1.406199929E1,2.410693169E0,-3.742855489E-1,1.613612771E0
1.407201329E1,1.044267178E0,-2.215907872E-1,7.098457813E-1
1.408202729E1,-4.294888973E-1,1.000093594E-1,-1.672932208E-1
1.409204229E1,-1.717375159E0,5.641039014E-1,-8.393852711E-1
1.410205629E1,-2.746851444E0,8.708036542E-1,-1.292395353E0
1.411207029E1,-3.403189659E0,9.817708135E-1,-1.429277182E0
1.412208429E1,-3.773452044E0,7.127395868E-1,-1.422500849E0
1.413209829E1,-4.039119244E0,2.677621245E-1,-1.402731180E0
1.414211229E1,-4.303517342E0,-2.686381936E-1,-1.359995484E0
1.415212629E1,-4.513411045E0,-8.318835497E-1,-1.348963261E0
1.416214129E1,-4.582604408E0,-1.412072659E0,-1.395569921E0
1.417215529E1,-4.523692608E0,-1.955891252E0,-1.449177861E0
1.418216929E1,-4.462243557E0,-2.295448780E0,-1.459252238E0
1.419218329E1,-4.394164562E0,-2.396465063E0,-1.365838647E0
1.420219729E1,-4.300030708E0,-2.248898029E0,-1.203771234E0
1.421221129E1,-4.200737476E0,-1.884554863E0,-9.530459642E-1
1.422222529E1,-4.072253704E0,-1.379741788E0,-6.263959408E-1
1.423224029E1,-3.852644444E0,-7.327947021E-1,-2.786667645E-1
1.424225429E1,-3.553156137E0,2.916203439E-2,2.754429728E-2
1.425226829E1,-3.328573942E0,7.911071777E-1,2.480153292E-1
1.426228229E1,-3.120790005E0,1.291276574E0,3.905346692E-1
1.427229629E1,-2.715486288E0,1.583311558E0,5.086927414E-1
1.428231029E1,-2.205516577E0,1.569529891E0,6.361055374E-1
1.429232529E1,-1.598901987E0,1.357468724E0,7.978886366E-1
1.430233929E1,-7.422166467E-1,9.786821008E-1,1.073371649E0
1.431235329E1,1.068979353E-1,2.114323825E-1,1.428732872E0
1.432236729E1,8.435112834E-1,-6.561011076E-1,1.982734799E0
1.433238129E1,1.332954884E0,-1.288646460E0,2.664224863E0
1.434239529E1,1.649347186E0,-1.483237147E0,3.292810678E0
1.435240929E1,1.937320352E0,-1.408159256E0,3.705464602E0
1.436242429E1,1.939671159E0,-1.245791912E0,3.983009577E0
1.437243829E1,1.600427508E0,-9.962571263E-1,4.246060848E0
1.438245229E1,1.132374763E0,-6.622520089E-1,4.547409058E0
1.439246629E1,5.939579606E-1,-4.149923325E-1,4.849960327E0
1.440248029E1,1.689779572E-2,-2.887803316E-1,5.121083736E0
1.441249429E1,-3.956798911E-1,-2.759197354E-1,5.465281010E0
1.442250829E1,-6.210826635E-1,-4.842513800E-1,5.823638439E0
1.443252329E1,-6.834525466E-1,-8.782490492E-1,6.094707966E0
1.444253729E1,-5.328041911E-1,-1.321866512E0,6.217623234E0
1.445255129E1,-2.217298448E-1,-1.802111149E0,6.251235485E0
1.446256529E1,1.005243734E-1,-2.219085693E0,6.181117058E0
1.447257929E1,3.520453572E-1,-2.335011482E0,6.057770252E0
1.448259329E1,3.907096684E-1,-2.001537323E0,5.920467377E0
1.449260729E1,2.090878636E-1,-1.338479638E0,5.750259876E0
1.450262229E1,-3.076468594E-2,-6.094243526E-1,5.492119789E0
1.451263629E1,-2.260303944E-1,2.827260643E-2,5.053236961E0
1.452265029E1,-3.555622995E-1,4.711048901E-1,4.376315594E0
1.453266429E1,-3.739851117E-1,7.122104168E-1,3.572452307E0
1.454267829E1,-3.586833775E-1,8.464134932E-1,2.785432816E0
1.455269229E1,-2.626042664E-1,8.798186183E-1,2.050227165E0
1.456270629E1,-7.059834152E-2,7.500212193E-1,1.306597948E0
1.457272129E1,2.162599713E-1,5.836329460E-1,4.495081007E-1
1.458273529E1,2.970778346E-1,6.639954448E-1,-3.726842701E-1
1.459274929E1,1.246403009E-1,9.814152122E-1,-1.041601896E0
1.460276329E1,-6.734404713E-2,1.383489847E0,-1.622602940E0
1.461277729E1,-1.523019373E-1,1.665807843E0,-2.152809381E0
1.462279129E1,-1.702220738E-1,1.855357289E0,-2.627031565E0
1.463280529E1,-1.380007118E-1,2.057702541E0,-3.013540506E0
1.464282029E1,2.051888034E-2,2.244536877E0,-3.187412500E0
1.465283429E1,2.476809770E-1,2.484182119E0,-3.252883911E0
1.466284829E1,3.658992350E-1,2.766420126E0,-3.428399563E0
1.467286204E1,5.767473578E-1,3.187261343E0,-3.585760593E0
1.468287604E1,8.943274617E-1,3.745220661E0,-3.851980209E0
1.469289004E1,1.133249879E0,4.207417488E0,-4.146221161E0
1.470290404E1,1.375763416E0,4.574575424E0,-4.343369961E0
1.471291904E1,1.799366713E0,4.684606075E0,-4.285297394E0
1.472293304E1,2.324246407E0,4.514193535E0,-3.971774578E0
1.473294704E1,2.697099686E0,4.299459457E0,-3.440407753E0
1.474296104E1,2.815095186E0,4.315707684E0,-2.874627352E0
1.475297504E1,2.740921497E0,4.532750607E0,-2.414801836E0
1.476298904E1,2.604854584E0,4.704080582E0,-2.119903803E0
1.477300304E1,2.494113684E0,4.454158306E0,-2.044125080E0
1.478301804E1,2.394095182E0,3.846667767E0,-2.033306837E0
1.479303204E1,2.269666672E0,3.068528652E0,-2.012510538E0
1.480304604E1,2.095857382E0,2.150623560E0,-1.909409165E0
1.481306004E1,1.853770137E0,1.316967010E0,-1.687348962E0
1.482307404E1,1.511222124E0,7.174057961E-1,-1.467909217E0
1.483308804E1,1.018658638E0,3.436326087E-1,-1.326679945E0
1.484310204E1,3.746609688E-1,1.048112214E-1,-1.249107361E0
1.485311704E1,-2.737165391E-1,-8.463972062E-2,-1.169107676E0
1.486313104E1,-7.805472016E-1,-3.114369214E-1,-1.107557774E0
1.487314504E1,-1.077091813E0,-6.338760257E-1,-1.130981445E0
1.488315904E1,-1.231885552E0,-1.029530168E0,-1.273381710E0
1.489317304E1,-1.273530960E0,-1.346887708E0,-1.453047752E0
1.490318704E1,-1.390307903E0,-1.708731771E0,-1.724232435E0
1.491320104E1,-1.398528814E0,-2.240184069E0,-1.777819395E0
1.492321504E1,-1.258835554E0,-2.542159796E0,-1.616204023E0
1.493323004E1,-9.719656110E-1,-2.524334431E0,-1.252282739E0
1.494324404E1,-5.866504312E-1,-2.222523689E0,-7.670233846E-1
1.495325804E1,-9.257859737E-2,-1.780518174E0,-1.453246176E-1
1.496327204E1,4.218498170E-1,-1.497003675E0,6.327056289E-1
1.497328604E1,9.528387189E-1,-1.412317157E0,1.513052702E0
1.498330004E1,1.658078313E0,-1.584996939E0,2.447473288E0
1.499331404E1,2.396525860E0,-1.891570568E0,3.373255491E0
1.500332904E1,3.142556190E0,-1.998719692E0,4.298783302E0
1.501334304E1,3.831760883E0,-1.790463805E0,5.218408585E0
1.502335704E1,4.362803459E0,-1.413326383E0,6.082633972E0
1.503337104E1,4.829131603E0,-9.928207397E-1,6.856269836E0
1.504338504E1,5.239657402E0,-6.232126355E-1,7.397274971E0
1.505339904E1,5.603018761E0,-4.701179862E-1,7.643225193E0
1.506341304E1,6.095276833E0,-7.239361405E-1,7.633856297E0
1.507342704E1,6.491422176E0,-1.313480616E0,7.218513012E0
1.508344204E1,6.612034321E0,-1.978487134E0,6.643650532E0
1.509345604E1,6.365286350E0,-2.401433706E0,6.090947628E0
1.510347004E1,5.727725506E0,-2.177667618E0,5.579281807E0
1.511348404E1,4.750030041E0,-1.758792520E0,5.057902336E0
1.512349804E1,3.932014227E0,-1.440328598E0,4.520038128E0
1.513351204E1,3.495587587E0,-1.538641334E0,3.971883535E0
1.514352604E1,3.376393080E0,-1.872877121E0,3.421541691E0
1.515354104E1,3.360721588E0,-2.126796007E0,3.024279594E0
1.516355504E1,3.130714178E0,-1.967123032E0,2.573793173E0
1.517356904E1,2.669727802E0,-1.579964638E0,2.046243906E0
1.518358304E1,2.165586710E0,-1.071674228E0,1.369881630E0
1.519359704E1,1.669664145E0,-5.043446422E-1,6.613034010E-1
1.520361104E1,1.166015863E0,-3.558725119E-2,-5.393617228E-2
1.521362504E1,8.026907444E-1,3.078095019E-1,-7.133020163E-1
1.522363904E1,4.069264233E-1,6.000543833E-1,-1.299332738E0
1.523365404E1,-5.354162306E-2,8.847176433E-1,-1.730551839E0
1.524366804E1,-4.650356770E-1,1.051511645E0,-1.972648621E0
1.525368204E1,-7.202939391E-1,1.025505185E0,-2.141258717E0
1.526369604E1,-8.708314896E-1,8.337978125E-1,-2.334904194E0
1.527371004E1,-1.033676982E0,6.776860952E-1,-2.530416012E0
1.528372404E1,-1.246490479E0,7.458877563E-1,-2.765088320E0
1.529373804E1,-1.507633209E0,1.006945610E0,-3.045304060E0
1.530375304E1,-1.853475809E0,1.386001825E0,-3.296814442E0
1.531376704E1,-2.202930450E0,1.705343366E0,-3.485181332E0
1.532378104E1,-2.474673986E0,1.847415566E0,-3.619424105E0
1.533379504E1,-2.691904306E0,1.875951767E0,-3.755002737E0
1.534380904E1,-2.927634478E0,1.829769015E0,-3.922537327E0
1.535382304E1,-3.221904516E0,1.735914350E0,-4.117189884E0
1.536383704E1,-3.571174383E0,1.612985015E0,-4.340053082E0
1.537385104E1,-3.936307669E0,1.546942949E0,-4.616539001E0
1.538386604E1,-4.346297264E0,1.530735970E0,-4.936736107E0
1.539388004E1,-4.765851974E0,1.469246387E0,-5.208683968E0
1.540389404E1,-5.110042095E0,1.428607345E0,-5.271151066E0
1.541390804E1,-5.292144299E0,1.292448401E0,-5.064214230E0
1.542392204E1,-5.278522968E0,9.346571565E-1,-4.790906429E0
1.543393604E1,-4.999950886E0,4.324754775E-1,-4.504817963E0
1.544395004E1,-4.572874546E0,-1.313104033E-1,-4.201663971E0
1.545396404E1,-4.237563133E0,-5.815590024E-1,-3.904910564E0
1.546397904E1,-4.096687317E0,-7.982753515E-1,-3.604293108E0
1.547399304E1,-4.071017265E0,-7.872442007E-1,-3.314801931E0
1.548400704E1,-4.009670734E0,-7.975826263E-1,-2.999381304E0
1.549402104E1,-3.810250998E0,-8.616404533E-1,-2.684949398E0
1.550403504E1,-3.464745998E0,-1.012182832E0,-2.398370504E0
1.551404904E1,-2.962648153E0,-1.280969739E0,-2.048273325E0
1.552406304E1,-2.400224924E0,-1.559284449E0,-1.614366293E0
1.553407704E1,-1.843551755E0,-1.727334023E0,-1.166424632E0
1.554409204E1,-1.315094590E0,-1.829674482E0,-7.198950052E-1
1.555410604E1,-8.470982313E-1,-1.804950953E0,-2.935658693E-1
1.556412004E1,-4.498850405E-1,-1.655697107E0,7.060384005E-2
1.557413404E1,-2.044954002E-1,-1.510453820E0,2.599036992E-1
1.558414804E1,-7.255256176E-2,-1.253521323E0,3.003635108E-1
1.559416204E1,5.075526237E-2,-9.725320935E-1,3.098779321E-1
1.560417604E1,2.733289599E-1,-8.724507689E-1,3.119083345E-1
1.561419004E1,6.547548175E-1,-9.690544605E-1,3.422898650E-1
1.562420504E1,1.137345195E0,-1.144851923E0,4.372701645E-1
1.563421904E1,1.650324345E0,-1.330784202E0,5.937906504E-1
1.564423304E1,2.151636124E0,-1.573624372E0,7.829384804E-1
1.565424704E1,2.656954050E0,-2.011476755E0,9.986279607E-1
1.566426104E1,3.166684151E0,-2.451970339E0,1.277580261E0
1.567427483E1,3.594987392E0,-2.801174641E0,1.585597873E0
1.568428883E1,3.878430605E0,-2.914962530E0,1.822291136E0
1.569430283E1,4.124179363E0,-2.604655266E0,1.920309663E0
1.570431783E1,4.390415192E0,-2.036793232E0,1.789819360E0
1.571433183E1,4.582907677E0,-1.346065164E0,1.356801391E0
1.572434583E1,4.687663078E0,-5.431402326E-1,6.614263654E-1
1.573435983E1,4.681418896E0,3.265384436E-1,-7.300793380E-2
1.574437383E1,4.665034294E0,1.046473742E0,-5.812679529E-1
1.575438783E1,4.629184246E0,1.678149343E0,-6.827495694E-1
1.576440183E1,4.553333282E0,1.913280964E0,-5.345934033E-1
1.577441583E1,4.917503834E0,1.642407537E0,-3.008881807E-1
1.578443083E1,5.522111416E0,1.045292497E0,-6.114643440E-2
1.579444483E1,6.010258675E0,4.395936131E-1,1.653776765E-1
1.580445883E1,6.215895176E0,3.216238320E-1,4.623006880E-1
1.581447283E1,6.018373013E0,6.458378434E-1,5.082458258E-1
1.582448683E1,5.524873257E0,1.153666496E0,1.011821479E-1
1.583450083E1,4.947633266E0,1.628199220E0,-4.704101980E-1
1.584451483E1,4.304011345E0,1.813916922E0,-1.012829542E0
1.585452883E1,3.537691593E0,1.758415580E0,-1.450557590E0
1.586454283E1,2.881218910E0,1.653867841E0,-1.629062533E0
1.587455783E1,2.367135763E0,1.429202676E0,-1.599593759E0
1.588457183E1,1.932382822E0,8.541745543E-1,-1.450796843E0
1.589458583E1,1.680326700E0,2.027637959E-1,-1.194791317E0
1.590459983E1,1.559035420E0,-3.139632046E-1,-8.931995034E-1
1.591461383E1,1.426108718E0,-4.553107023E-1,-6.094598174E-1
1.592462783E1,1.129152179E0,-3.321541548E-1,-4.312882125E-1
1.593464183E1,7.388797998E-1,-4.757833853E-2,-3.363276124E-1
1.594465583E1,3.569484055E-1,2.102389038E-1,-3.127495050E-1
1.595467083E1,1.346756890E-2,3.099501133E-1,-3.371996880E-1
1.596468483E1,-3.381120265E-1,2.645749152E-1,-3.377293944E-1
1.597469883E1,-7.045015693E-1,1.438874155E-1,-3.118891120E-1
1.598471283E1,-1.058558106E0,-3.118240274E-2,-3.029621840E-1
1.599472683E1,-1.400068760E0,-1.999043673E-1,-2.834169567E-1
1.600474083E1,-1.720679045E0,-3.056420088E-1,-2.286796719E-1
1.601475483E1,-1.965955973E0,-4.400023818E-1,-1.193667352E-1
1.602476883E1,-2.157594442E0,-6.170701385E-1,4.286585003E-2
1.603478283E1,-2.356261492E0,-6.913782358E-1,2.100815326E-1
1.604479783E1,-2.619311810E0,-7.487382293E-1,2.952065468E-1
1.605481183E1,-2.857895136E0,-7.542205453E-1,3.208603859E-1
1.606482583E1,-3.044136524E0,-7.744520307E-1,2.771491110E-1
1.607483983E1,-3.210324764E0,-7.865439653E-1,1.912388355E-1
1.608485383E1,-3.439047813E0,-6.722301841E-1,8.601947129E-2
1.609486783E1,-3.757980347E0,-4.581322074E-1,-4.494977742E-2
1.610488183E1,-4.024342060E0,-2.293000966E-1,-1.115572974E-1
1.611489583E1,-4.192589760E0,-9.635397047E-2,-2.126556337E-1
1.612490983E1,-4.295932293E0,9.480398148E-5,-2.801678479E-1
1.613492483E1,-4.262762070E0,6.077771634E-2,-2.769875824E-1
1.614493883E1,-4.123723984E0,5.763997883E-2,-2.485732287E-1
1.615495283E1,-3.970782518E0,-1.610905677E-2,-2.181071490E-1
1.616496683E1,-3.831948042E0,-1.075625420E-1,-1.644420475E-1
1.617498083E1,-3.717253208E0,-1.015370786E-1,-1.303272545E-1
1.618499483E1,-3.623925686E0,-4.803609103E-3,-1.578387767E-1
1.619500883E1,-3.484246731E0,1.725308448E-1,-2.137583196E-1
1.620502283E1,-3.236797333E0,3.563707173E-1,-2.610027790E-1
1.621503783E1,-2.916177273E0,5.201542377E-1,-2.892963886E-1
1.622505183E1,-2.558453798E0,6.454687715E-1,-2.980736196E-1
1.623506583E1,-2.185439348E0,7.224620581E-1,-3.429569304E-1
1.624507983E1,-1.864341974E0,7.675781250E-1,-4.613605440E-1
1.625509383E1,-1.555083156E0,8.703925014E-1,-5.490393043E-1
1.626510783E1,-1.314722776E0,9.637789130E-1,-6.561788321E-1
1.627512183E1,-1.095386028E0,1.065116644E0,-7.041347027E-1
1.628513583E1,-8.569620252E-1,1.106274962E0,-7.635340691E-1
1.629514983E1,-5.536233187E-1,1.082347274E0,-7.960574031E-1
1.630516383E1,-2.041728944E-1,9.934943318E-1,-8.581079841E-1
1.631517883E1,1.688281447E-1,8.681948185E-1,-9.970297217E-1
1.632519283E1,5.174045563E-1,7.004793286E-1,-1.157979131E0
1.633520683E1,9.465607405E-1,5.193431973E-1,-1.289854169E0
1.634522083E1,1.572479486E0,3.705520928E-1,-1.509923697E0
1.635523483E1,2.043779135E0,3.390765190E-1,-1.739385843E0
1.636524883E1,2.262535334E0,5.756632686E-1,-1.904877663E0
1.637526283E1,2.370121002E0,9.767675996E-1,-1.976308942E0
1.638527683E1,2.488730907E0,1.336091518E0,-2.001319170E0
1.639529083E1,2.683991909E0,1.589125276E0,-2.018887758E0
1.640530583E1,2.950539827E0,1.683741450E0,-2.067046165E0
1.641531983E1,3.297878504E0,1.671365380E0,-2.066520452E0
1.642533383E1,3.631360292E0,1.622208476E0,-1.949840307E0
1.643534783E1,3.816717386E0,1.644614577E0,-1.705831051E0
1.644536183E1,3.747350454E0,1.736989021E0,-1.555143118E0
1.645537583E1,3.634880781E0,1.813938737E0,-1.532388330E0
1.646538983E1,3.534694433E0,1.830955267E0,-1.617810369E0
1.647540383E1,3.459772587E0,1.757836342E0,-1.702186584E0
1.648541783E1,3.270648956E0,1.690924048E0,-1.685227036E0
1.649543283E1,3.055045843E0,1.575219035E0,-1.632008553E0
1.650544683E1,2.923088312E0,1.460730791E0,-1.483637691E0
1.651546083E1,2.763807058E0,1.306006670E0,-1.305036545E0
1.652547483E1,2.534085989E0,1.177700639E0,-1.172597528E0
1.653548883E1,2.232298374E0,1.151145101E0,-1.086064100E0
1.654550283E1,1.902941585E0,1.117766857E0,-1.050114870E0
1.655551683E1,1.619450450E0,1.027136564E0,-9.812464714E-1
1.656553083E1,1.377606392E0,8.060144782E-1,-9.063067436E-1
1.657554483E1,1.208152413E0,4.719491601E-1,-7.903066278E-1
1.658555983E1,1.019821048E0,1.669165492E-1,-5.703798532E-1
1.659557383E1,7.367002964E-1,1.205946691E-2,-3.034106791E-1
1.660558783E1,4.120364487E-1,-5.377840251E-2,-7.429465652E-2
1.661560183E1,1.016904265E-1,-1.441499740E-1,8.632611483E-2
1.662561583E1,-1.963844150E-1,-1.994752884E-1,2.274414152E-1
1.663562983E1,-5.058879256E-1,-1.730526984E-1,3.761145473E-1
1.664564383E1,-8.156948090E-1,-1.641881019E-1,5.028269887E-1
1.665565783E1,-1.029070735E0,-2.393115163E-1,6.469092369E-1
1.666567183E1,-1.182167530E0,-3.767213225E-1,8.415719271E-1
1.667568583E1,-1.349288344E0,-5.762514472E-1,1.048778415E0
1.668570083E1,-1.519608974E0,-8.322699070E-1,1.267450809E0
1.669571483E1,-1.664122343E0,-1.069952130E0,1.448872209E0
1.670572883E1,-1.806743979E0,-1.214693546E0,1.532755494E0
1.671574283E1,-2.004175901E0,-1.323520541E0,1.508601427E0
1.672575683E1,-2.160674810E0,-1.444571853E0,1.496747613E0
1.673577083E1,-2.263943195E0,-1.554394722E0,1.563665032E0
1.674578483E1,-2.258375168E0,-1.564266205E0,1.700007200E0
1.675579883E1,-2.151234627E0,-1.423530698E0,1.890184164E0
1.676581283E1,-1.978098989E0,-1.241558313E0,2.101752758E0
1.677582783E1,-1.723668098E0,-1.074594617E0,2.301988125E0
1.678584183E1,-1.409783721E0,-8.860948086E-1,2.544787884E0
1.679585583E1,-1.208184838E0,-6.923011541E-1,2.811972857E0
1.680586983E1,-1.141153336E0,-5.358359218E-1,2.999996662E0
1.681588383E1,-1.203413963E0,-4.570919275E-1,2.971089363E0
1.682589783E1,-1.343916297E0,-4.788068235E-1,2.708187819E0
1.683591183E1,-1.502564669E0,-6.614199281E-1,2.386044264E0
1.684592583E1,-1.662432313E0,-9.251163006E-1,2.121907234E0
1.685593983E1,-1.813824415E0,-1.234506726E0,1.927502990E0
1.686595383E1,-1.890503168E0,-1.565480590E0,1.772012711E0
1.687596883E1,-1.941281080E0,-1.850643873E0,1.625851274E0
1.688598283E1,-2.037172318E0,-2.068249702E0,1.388427615E0
1.689599683E1,-2.210408211E0,-2.200776815E0,1.060737729E0
1.690601083E1,-2.462019682E0,-2.143198967E0,6.480788589E-1
1.691602483E1,-2.809324741E0,-1.688337684E0,1.368755698E-1
1.692603883E1,-3.188587904E0,-8.965176344E-1,-4.540055692E-1
1.693605283E1,-3.480132103E0,1.201589499E-2,-1.045168281E0
1.694606683E1,-3.677643061E0,7.726551294E-1,-1.590275526E0
1.695608083E1,-3.740173817E0,1.278717875E0,-2.013915539E0
1.696609483E1,-3.726592302E0,1.523969173E0,-2.323400259E0
1.697610983E1,-3.683969736E0,1.595723391E0,-2.577624559E0
1.698612383E1,-3.686118841E0,1.593436480E0,-2.824161530E0
1.699613783E1,-3.790050745E0,1.521200299E0,-3.106736660E0
1.700615183E1,-3.938565254E0,1.342863560E0,-3.394438505E0
1.701616583E1,-4.030400276E0,1.103919268E0,-3.656344414E0
1.702617983E1,-4.044065475E0,8.139724135E-1,-3.851105690E0
1.703619383E1,-3.932997465E0,5.896892548E-1,-3.917587996E0
1.704620783E1,-3.704992294E0,5.964851379E-1,-3.833989382E0
1.705622183E1,-3.404953957E0,7.691070437E-1,-3.629580259E0
1.706623583E1,-3.116488934E0,9.941644073E-1,-3.299845219E0
1.707625083E1,-2.928219080E0,1.136840820E0,-2.910974026E0
1.708626483E1,-2.696521997E0,1.079725862E0,-2.513392925E0
1.709627883E1,-2.319129467E0,7.564711571E-1,-2.113252163E0
1.710629283E1,-1.867053151E0,2.504332960E-1,-1.734376192E0
1.711630683E1,-1.453868628E0,-3.445801437E-1,-1.396046400E0
1.712632083E1,-1.056543112E0,-9.439120293E-1,-1.069887638E0
1.713633483E1,-6.175156236E-1,-1.520063519E0,-7.381268740E-1
1.714634883E1,-1.822275072E-1,-2.005302429E0,-4.155288041E-1
1.715636283E1,1.897878647E-1,-2.258601427E0,-8.563967794E-2
1.716637683E1,4.829443693E-1,-2.197683334E0,2.795601487E-1
1.717639083E1,7.433903217E-1,-1.930430293E0,6.894092560E-1
1.718640583E1,1.041553617E0,-1.569124937E0,1.096999884E0
1.719641983E1,1.395610332E0,-1.285888672E0,1.476656079E0
1.720643383E1,1.794683695E0,-1.104067922E0,1.804014564E0
1.721644783E1,2.227916956E0,-1.050091624E0,2.075950146E0
1.722646183E1,2.703027725E0,-1.081633806E0,2.337300777E0
1.723647583E1,3.152552366E0,-1.199423909E0,2.610034704E0
1.724648983E1,3.641052485E0,-1.202986121E0,2.883548260E0
1.725650383E1,4.227422237E0,-1.083405852E0,3.172934532E0
1.726651783E1,4.848478317E0,-8.533082604E-1,3.456094742E0
1.727653183E1,5.393415928E0,-5.620518327E-1,3.697377443E0
1.728654583E1,5.713916779E0,-2.082490176E-1,3.929586172E0
1.729656083E1,5.758330345E0,3.074278235E-1,4.046057701E0
1.730657483E1,5.639564991E0,8.032748103E-1,3.988349199E0
1.731658883E1,5.421684742E0,1.227879524E0,3.670627117E0
1.732660283E1,5.094993591E0,1.418562651E0,3.349937916E0
1.733661683E1,4.652180672E0,1.241150141E0,3.074756861E0
1.734663083E1,4.167088032E0,7.777240872E-1,2.885874748E0
1.735664483E1,3.528192043E0,7.119838893E-2,2.603292465E0
1.736665883E1,2.803534985E0,-8.063771129E-1,2.294194460E0
1.737667283E1,2.237204313E0,-1.701337695E0,1.915350914E0
1.738668683E1,1.863325596E0,-2.639081240E0,1.528380036E0
1.739670183E1,1.435291648E0,-3.356869936E0,1.134191394E0
1.740671583E1,8.803870082E-1,-3.613025665E0,6.811169386E-1
1.741672983E1,4.643621445E-1,-3.314710855E0,2.406656742E-1
1.742674383E1,2.742018104E-1,-2.641057014E0,-1.653281599E-1
1.743675783E1,2.559105158E-1,-1.721505761E0,-5.095859766E-1
1.744677183E1,4.022690654E-1,-6.111182570E-1,-7.512313724E-1
1.745678583E1,7.023401856E-1,7.124333382E-1,-8.799552917E-1
1.746679983E1,1.014363289E0,2.055619478E0,-8.839329481E-1
1.747681383E1,1.262481689E0,3.148439407E0,-7.844878435E-1
1.748682783E1,1.500756025E0,3.941131830E0,-5.825243592E-1
1.749684183E1,1.662031412E0,4.418049812E0,-3.119845092E-1
1.750685683E1,1.732821465E0,4.526073933E0,-3.342798352E-2
1.751687083E1,1.762968063E0,4.300641537E0,2.451616228E-1
1.752688483E1,1.791295290E0,3.770323992E0,5.821542740E-1
1.753689883E1,1.893442750E0,2.952754974E0,9.549607038E-1
1.754691283E1,2.200869560E0,2.028093815E0,1.348412633E0
1.755692683E1,2.669724464E0,1.063453436E0,1.746423841E0
1.756694083E1,3.107367754E0,3.212611079E-1,2.137128830E0
1.757695483E1,3.282660961E0,-1.584071070E-1,2.521007061E0
1.758696883E1,3.258185148E0,-3.149362504E-1,2.903081656E0
1.759698283E1,3.105069876E0,-1.530628800E-1,3.207008839E0
1.760699683E1,2.823562860E0,1.359228492E-1,3.318745136E0
1.761701083E1,2.579845905E0,3.067278564E-1,3.389011145E0
1.762702583E1,2.389307499E0,2.909882963E-1,3.349302769E0
1.763703983E1,2.192904949E0,1.168865487E-1,3.216059208E0
1.764705383E1,2.005223751E0,-2.885094285E-2,3.163546562E0
1.765706783E1,1.784028053E0,-1.860735267E-1,3.204327345E0
1.766708183E1,1.525709987E0,-4.236029983E-1,3.274440527E0
1.767709592E1,1.319454312E0,-6.588294506E-1,3.321372271E0
1.768710992E1,1.110015512E0,-8.422874212E-1,3.338105440E0
1.769712392E1,9.167344570E-1,-8.941481113E-1,3.309386492E0
1.770713792E1,6.853930950E-1,-7.201334834E-1,3.169651747E0
1.771715192E1,3.847789466E-1,-4.456987679E-1,2.938293695E0
1.772716592E1,4.729759693E-2,-1.963147670E-1,2.692438126E0
1.773717992E1,-3.221737742E-1,-1.076297760E-1,2.489864349E0
1.774719492E1,-7.426405549E-1,-2.335666716E-1,2.308870792E0
1.775720892E1,-1.298000813E0,-3.641020954E-1,2.122865438E0
1.776722292E1,-1.965844154E0,-4.706394672E-1,1.872613668E0
1.777723692E1,-2.642563343E0,-5.650272965E-1,1.517667174E0
1.778725092E1,-3.296520710E0,-6.427143812E-1,1.151544094E0
1.779726492E1,-3.907815933E0,-6.697686911E-1,7.734942436E-1
1.780727892E1,-4.466199398E0,-7.161162496E-1,4.035007060E-1
1.781729292E1,-4.926918507E0,-7.988975644E-1,6.162632257E-2
1.782730692E1,-5.361787319E0,-8.996124864E-1,-2.687292099E-1
1.783732092E1,-5.872826099E0,-1.032835603E0,-4.979264140E-1
1.784733492E1,-6.436209202E0,-1.239120841E0,-6.791228056E-1
1.785734992E1,-6.973139763E0,-1.469775081E0,-9.624643326E-1
1.786736392E1,-7.439195633E0,-1.647371411E0,-1.314759970E0
1.787737792E1,-7.844541550E0,-1.728280544E0,-1.588300943E0
1.788739192E1,-8.157146454E0,-1.820071697E0,-1.719993830E0
1.789740592E1,-8.329672813E0,-1.996472836E0,-1.774801612E0
1.790741992E1,-8.258154869E0,-1.948377728E0,-1.864907265E0
1.791743392E1,-8.085015297E0,-1.582935095E0,-1.923438311E0
1.792744792E1,-7.904690266E0,-1.013334990E0,-1.916913390E0
1.793746192E1,-7.742766380E0,-3.728422523E-1,-1.927579284E0
1.794747592E1,-7.620872021E0,1.702945083E-1,-2.034507990E0
1.795748992E1,-7.480050087E0,5.487943888E-1,-2.179355383E0
1.796750392E1,-7.350841045E0,5.654950738E-1,-2.310855389E0
1.797751892E1,-7.238909721E0,3.674580157E-1,-2.384935141E0
1.798753292E1,-6.847662926E0,8.821732551E-2,-2.379155874E0
1.799754692E1,-6.118490219E0,-4.690956175E-1,-2.218296289E0
1.800756092E1,-5.212198257E0,-1.195646405E0,-1.875564814E0
1.801757492E1,-4.135396481E0,-1.899027109E0,-1.330535173E0
1.802758892E1,-2.883036137E0,-2.369900227E0,-6.411483288E-1
1.803760292E1,-1.651812553E0,-2.573935986E0,3.843931109E-2
1.804761692E1,-6.072025299E-1,-2.528226614E0,6.121603251E-1
1.805763092E1,3.406923413E-1,-2.285825014E0,1.038309097E0
1.806764492E1,1.262972116E0,-1.537708402E0,1.198148370E0
1.807765892E1,1.981237531E0,-4.622990787E-1,1.108719826E0
1.808767292E1,2.557386398E0,5.917342305E-1,9.184862375E-1
1.809768692E1,2.993562460E0,1.413919687E0,8.092422485E-1
1.810770192E1,3.431070089E0,1.745606780E0,8.080419898E-1
1.811771592E1,4.108917713E0,1.527317524E0,1.013175964E0
1.812772992E1,4.852530956E0,1.073185444E0,1.361684680E0
1.813774392E1,5.484981537E0,8.492732048E-1,1.812341690E0
1.814775792E1,6.028475761E0,1.083312392E0,2.331166029E0
1.815777192E1,6.486783981E0,1.506053209E0,2.663002253E0
1.816778592E1,6.880234241E0,1.831134081E0,2.889487743E0
1.817779992E1,7.016187191E0,1.736633897E0,3.143857002E0
1.818781392E1,6.882487297E0,1.073598742E0,3.478955030E0
1.819782792E1,6.729368210E0,6.543201953E-2,3.756374598E0
1.820784192E1,6.352556705E0,-1.018161058E0,3.766978264E0
1.821785592E1,5.672041416E0,-1.691161036E0,3.456327200E0
1.822787092E1,4.815530777E0,-1.730253577E0,2.903105021E0
1.823788492E1,3.959162235E0,-1.071727872E0,2.318877935E0
1.824789892E1,3.194459438E0,-8.151470870E-2,1.796489358E0
1.825791292E1,2.648538828E0,9.419671893E-1,1.498305798E0
1.826792692E1,1.955102205E0,1.839809895E0,1.244732141E0
1.827794092E1,9.035049677E-1,2.381728888E0,7.498278618E-1
1.828795492E1,-5.542369485E-1,2.753479719E0,1.999008358E-1
1.829796892E1,-2.061906338E0,2.674562693E0,-3.642159998E-1
1.830798292E1,-3.266595840E0,2.270462513E0,-7.413997650E-1
1.831799692E1,-3.883419514E0,1.574035406E0,-7.456927896E-1
1.832801092E1,-4.322228909E0,1.017145276E0,-5.608276129E-1
1.833802492E1,-4.800294399E0,5.916250944E-1,-1.500489563E-1
1.834803892E1,-5.106435299E0,4.780154526E-1,3.803414106E-1
1.835805392E1,-5.255484581E0,4.071015120E-1,1.005039454E0
1.836806792E1,-5.212030411E0,2.520501316E-1,1.694196939E0
1.837808192E1,-5.023014069E0,8.511059731E-2,2.356199741E0
1.838809592E1,-4.841926575E0,-2.642444894E-2,2.933160067E0
1.839810992E1,-4.691088676E0,1.368088275E-2,3.433937550E0
1.840812392E1,-4.518982410E0,1.878063530E-1,3.774651527E0
1.841813792E1,-4.403656483E0,3.690519333E-1,3.907925844E0
1.842815192E1,-4.347127914E0,6.658252478E-1,3.996860266E0
1.843816592E1,-4.372136593E0,1.004454374E0,4.145175934E0
1.844817992E1,-4.362727642E0,1.270083427E0,4.383625507E0
1.845819392E1,-4.165852547E0,1.326649666E0,4.613070488E0
1.846820792E1,-3.788388968E0,1.005764604E0,4.751847744E0
1.847822192E1,-3.332712889E0,5.942276716E-1,4.774039268E0
1.848823592E1,-3.043728590E0,1.298283190E-1,4.815549850E0
1.849825092E1,-2.902375937E0,-4.884253144E-1,4.840496063E0
1.850826492E1,-2.681327820E0,-9.812779427E-1,4.661286831E0
1.851827892E1,-2.162363768E0,-1.003825545E0,4.221178055E0
1.852829292E1,-1.593634367E0,-5.395447612E-1,3.657903194E0
1.853830692E1,-1.164346576E0,2.114567012E-1,3.073707104E0
1.854832092E1,-7.716541886E-1,1.072629809E0,2.474646091E0
1.855833492E1,-3.439699113E-1,1.647233129E0,1.888882875E0
1.856834892E1,1.201053336E-1,1.911063194E0,1.397624373E0
1.857836292E1,5.737938285E-1,1.975255609E0,1.010649443E0
1.858837692E1,8.971719146E-1,1.995217323E0,6.936299801E-1
1.859839092E1,1.067707300E0,1.912859082E0,2.895859480E-1
1.860840492E1,1.277010202E0,1.613630891E0,-2.152961344E-1
1.861841892E1,1.535199404E0,8.474876881E-1,-8.006207943E-1
1.862843292E1,1.817609310E0,-9.376107901E-2,-1.405050516E0
1.863844792E1,1.997634768E0,-8.193653226E-1,-1.857825041E0
1.864846192E1,2.031260490E0,-1.087428212E0,-2.129897833E0
1.865847592E1,1.988379717E0,-8.669533134E-1,-2.336599350E0
1.866848992E1,1.982500553E0,-3.574327826E-1,-2.501431704E0
1.867850379E1,2.053231716E0,3.168717325E-1,-2.689663887E0
1.868851779E1,2.251134634E0,1.020287395E0,-2.910213947E0
1.869853179E1,2.475064278E0,1.705821276E0,-3.068079948E0
1.870854579E1,2.687848806E0,2.206659317E0,-3.076140642E0
1.871855979E1,2.943413734E0,2.408178568E0,-3.115350246E0
1.872857379E1,3.270036697E0,2.257640600E0,-3.071475267E0
1.873858779E1,3.439307213E0,1.849814534E0,-2.941389799E0
1.874860179E1,3.445862293E0,1.516763926E0,-2.810283422E0
1.875861579E1,3.402075529E0,1.373592377E0,-2.713759184E0
1.876862979E1,3.303874016E0,1.344617128E0,-2.601728439E0
1.877864479E1,3.091537476E0,1.318417192E0,-2.506478310E0
1.878865879E1,2.932531357E0,1.361688972E0,-2.428985357E0
1.879867279E1,2.799964666E0,1.491996408E0,-2.240379572E0
1.880868679E1,2.569119453E0,1.782159567E0,-1.955739856E0
1.881870079E1,2.246323109E0,2.211605072E0,-1.611622930E0
1.882871479E1,1.901996493E0,2.641008377E0,-1.271257401E0
1.883872879E1,1.567332029E0,2.829426289E0,-9.950929284E-1
1.884874279E1,1.254042745E0,2.519809246E0,-7.258949876E-1
1.885875679E1,9.195722938E-1,1.806547761E0,-5.842747688E-1
1.886877079E1,4.874533713E-1,8.377038240E-1,-5.143148899E-1
1.887878479E1,3.259805962E-2,-1.774663106E-2,-4.206765592E-1
1.888879879E1,-3.736461103E-1,-6.302773952E-1,-3.075904846E-1
1.889881279E1,-7.264009714E-1,-9.605091810E-1,-1.343235523E-1
1.890882679E1,-1.035201907E0,-1.113895774E0,1.295922399E-1
1.891884079E1,-1.275411010E0,-1.177781463E0,4.693955481E-1
1.892885479E1,-1.411549687E0,-1.137436628E0,8.325529695E-1
1.893886979E1,-1.468763947E0,-9.248851538E-1,1.189571619E0
1.894888379E1,-1.543830395E0,-6.353026032E-1,1.538669229E0
1.895889779E1,-1.551805615E0,-3.747186959E-1,1.891144514E0
1.896891179E1,-1.510147333E0,-6.351315230E-2,2.243421316E0
1.897892579E1,-1.465082526E0,3.453528285E-1,2.553329706E0
1.898893979E1,-1.378039837E0,7.288384438E-1,2.783499718E0
1.899895379E1,-1.185235023E0,9.512833357E-1,2.994919777E0
1.900896779E1,-8.862173557E-1,9.649296403E-1,3.204537392E0
1.901898179E1,-5.408710241E-1,8.399684429E-1,3.436778545E0
1.902899579E1,-2.612628043E-1,5.769381523E-1,3.688446760E0
1.903900979E1,-1.237493232E-1,7.551864535E-2,3.897159338E0
1.904902379E1,4.296482354E-2,-5.909113288E-1,4.009022236E0
1.905903779E1,1.896368861E-1,-1.318948984E0,4.089078903E0
1.906905179E1,2.331832945E-1,-1.766177416E0,4.307291985E0
1.907906579E1,2.790754139E-1,-1.738740206E0,4.680372238E0
1.908908079E1,4.248626828E-1,-1.447717309E0,4.979518890E0
1.909909479E1,7.026829720E-1,-1.065934181E0,5.122929096E0
1.910910879E1,1.079118371E0,-6.822499037E-1,5.118371964E0
1.911912279E1,1.415223718E0,-3.329678476E-1,5.045792103E0
1.912913679E1,1.473099828E0,-3.622994572E-2,4.884524822E0
1.913915079E1,1.293033004E0,1.528813541E-1,4.641030312E0
1.914916479E1,1.126849413E0,1.900486946E-1,4.308394909E0
1.915917879E1,1.044201612E0,-9.378109127E-2,3.919565439E0
1.916919279E1,1.121521473E0,-6.692811847E-1,3.500070810E0
1.917920679E1,1.350952506E0,-1.057964563E0,3.088091373E0
1.918922079E1,1.372893453E0,-1.150848389E0,2.665920734E0
1.919923479E1,1.319631457E0,-1.003607392E0,2.241951942E0
1.920924879E1,1.292538524E0,-7.336192131E-1,1.791414976E0
1.921926279E1,1.278056860E0,-5.261251926E-1,1.283937931E0
1.922927679E1,1.354462862E0,-4.394294024E-1,7.512285113E-1
1.923929079E1,1.461318254E0,-3.724309802E-1,2.558289170E-1
1.924930479E1,1.370091438E0,-3.421345949E-1,-1.812730432E-1
1.925931979E1,1.153495669E0,-2.700875401E-1,-6.105560064E-1
1.926933379E1,8.393828273E-1,-1.377183497E-1,-1.064261436E0
1.927934779E1,4.461023808E-1,9.453719854E-2,-1.547507167E0
1.928936179E1,5.689791590E-2,3.416061103E-1,-2.031023026E0
1.929937579E1,-2.309211344E-1,4.497627914E-1,-2.465517759E0
1.930938979E1,-3.977484703E-1,4.356848001E-1,-2.820486784E0
1.931940379E1,-5.026023388E-1,3.708417118E-1,-3.149165392E0
1.932941779E1,-6.661638021E-1,2.447442114E-1,-3.500321865E0
1.933943179E1,-7.896482348E-1,1.302001923E-1,-3.818357706E0
1.934944579E1,-8.962494731E-1,9.241766483E-2,-4.053270340E0
1.935945979E1,-1.110051751E0,9.359635413E-2,-4.206672668E0
1.936947379E1,-1.393603563E0,1.405289620E-1,-4.322907448E0
1.937948779E1,-1.666600227E0,2.316287309E-1,-4.434602737E0
1.938950179E1,-1.910242915E0,2.829307914E-1,-4.525522232E0
1.939951579E1,-2.060423851E0,2.477522343E-1,-4.540679932E0
1.940952979E1,-2.097775221E0,5.584111810E-2,-4.457417011E0
1.941954379E1,-2.076144457E0,-2.528406680E-1,-4.284368038E0
1.942955879E1,-2.028483152E0,-5.840124488E-1,-4.049764633E0
1.943957279E1,-2.041353703E0,-7.706872225E-1,-3.820741415E0
1.944958679E1,-2.163657665E0,-7.066385150E-1,-3.616581440E0
1.945960079E1,-2.320443392E0,-4.818284512E-1,-3.437213182E0
1.946961479E1,-2.394288540E0,-2.163890749E-1,-3.247062445E0
1.947962879E1,-2.329622269E0,6.327913608E-3,-2.989237785E0
1.948964279E1,-2.166298628E0,-2.356527187E-2,-2.625975609E0
1.949965679E1,-1.876882195E0,-1.923142076E-1,-2.197383881E0
1.950967079E1,-1.545502663E0,-5.005740523E-1,-1.781933784E0
1.951968479E1,-1.197119594E0,-8.991153240E-1,-1.396368504E0
1.952969879E1,-8.658206463E-1,-1.246082664E0,-1.027408838E0
1.953971279E1,-6.110666394E-1,-1.426144361E0,-6.872153282E-1
1.954972679E1,-4.403028488E-1,-1.506780386E0,-4.173713923E-1
1.955974079E1,-2.878600359E-1,-1.425999999E0,-2.346705794E-1
1.956975479E1,-9.133791924E-2,-1.201069355E0,-1.495724618E-1
1.957976879E1,2.163805515E-1,-1.035308957E0,-8.270213753E-2
1.958978279E1,6.249853969E-1,-1.093299747E0,5.671168119E-2
1.959979679E1,1.104427457E0,-1.365352988E0,2.672442794E-1
1.960981179E1,1.571458101E0,-1.581521749E0,5.339713097E-1
1.961982579E1,1.939184904E0,-1.588578939E0,8.081128001E-1
1.962983979E1,2.293675423E0,-1.465593338E0,1.048768282E0
1.963985379E1,2.722515106E0,-1.315387607E0,1.254548073E0
1.964986779E1,3.133263826E0,-1.118333697E0,1.445590258E0
1.965988179E1,3.494223595E0,-7.934479713E-1,1.551105738E0
1.966989579E1,3.799540520E0,-2.768759727E-1,1.543843031E0
1.967990946E1,4.043001175E0,2.372678518E-1,1.504191279E0
1.968992346E1,4.285266399E0,6.716935635E-1,1.398718596E0
1.969993746E1,4.537758827E0,9.708411098E-1,1.336038947E0
1.970995146E1,4.769479752E0,9.635160565E-1,1.404274225E0
1.971996546E1,5.035717487E0,7.598989010E-1,1.633935213E0
1.972997946E1,5.187519550E0,6.111147404E-1,2.021806002E0
1.973999346E1,5.137833595E0,5.780290365E-1,2.386533022E0
1.975000746E1,4.946871281E0,6.325886846E-1,2.506117821E0
1.976002146E1,4.797674656E0,6.852572560E-1,2.276499987E0
1.977003546E1,4.944733620E0,8.730199337E-1,1.873000145E0
1.978004946E1,4.938858509E0,1.173978806E0,1.574114442E0
1.979006346E1,4.542119503E0,1.591747046E0,1.397076011E0
1.980007846E1,3.905137062E0,1.935189962E0,1.287523389E0
1.981009246E1,3.225073576E0,1.958417535E0,1.098372579E0
1.982010646E1,2.565365553E0,1.599647284E0,8.304935098E-1
1.983012046E1,1.978763223E0,1.128594518E0,5.184746385E-1
1.984013446E1,1.599162340E0,6.177022457E-1,2.032016218E-1
1.985014846E1,1.507676721E0,1.780657768E-1,-4.372107610E-2
1.986016246E1,1.405023336E0,1.045554690E-2,-1.995162964E-1
1.987017646E1,1.164097548E0,1.686507761E-1,-2.672966719E-1
1.988019046E1,8.554542065E-1,4.138127565E-1,-3.131675124E-1
1.989020446E1,6.209857464E-1,4.858973324E-1,-3.812640011E-1
1.990021846E1,4.355286956E-1,3.566241264E-1,-5.009446144E-1
1.991023246E1,2.127818912E-1,2.002459913E-1,-6.444157362E-1
1.992024646E1,-8.300057054E-2,1.518222038E-3,-7.717968822E-1
1.993026046E1,-3.918289840E-1,-3.054619431E-1,-8.759129047E-1
1.994027446E1,-6.636502147E-1,-5.437538624E-1,-9.451997280E-1
1.995028846E1,-1.067042947E0,-7.023555040E-1,-1.015747666E0
1.996030246E1,-1.524790406E0,-7.695165277E-1,-1.128472447E0
1.997031646E1,-1.942570090E0,-7.860717773E-1,-1.267605662E0
1.998033046E1,-2.314328194E0,-7.777445316E-1,-1.417688251E0
1.999034446E1,-2.633228779E0,-7.799014449E-1,-1.515369773E0
2.000035946E1,-2.892632008E0,-7.967212200E-1,-1.542637467E0
2.001037346E1,-3.134095192E0,-7.823486328E-1,-1.529028177E0
2.002038746E1,-3.356562138E0,-7.024835348E-1,-1.474848866E0
2.003040146E1,-3.549660206E0,-4.693639874E-1,-1.403196692E0
2.004041546E1,-3.785968542E0,-8.925177902E-2,-1.341823339E0
2.005042946E1,-3.969962835E0,3.271411955E-1,-1.312870026E0
2.006044346E1,-4.059616566E0,6.892384291E-1,-1.334429383E0
2.007045746E1,-4.107301235E0,8.776927590E-1,-1.414322615E0
2.008047146E1,-4.093001842E0,8.490059376E-1,-1.485684156E0
2.009048546E1,-4.030182362E0,6.074114442E-1,-1.543647051E0
2.010049946E1,-3.938395739E0,3.594007492E-1,-1.545073032E0
2.011051346E1,-3.868171453E0,2.446978539E-1,-1.486008167E0
2.012052746E1,-3.798894405E0,3.343596458E-1,-1.365070105E0
2.013054146E1,-3.689517736E0,5.428028703E-1,-1.202693224E0
2.014055546E1,-3.495093822E0,6.880752444E-1,-1.059667587E0
2.015056946E1,-3.118490219E0,8.012529016E-1,-8.786000609E-1
2.016058346E1,-2.691886663E0,8.892503977E-1,-7.373872995E-1
2.017059746E1,-2.369683981E0,9.388472438E-1,-5.644046068E-1
2.018061146E1,-2.002126694E0,1.049631238E0,-4.042199850E-1
2.019062546E1,-1.523712277E0,9.764741659E-1,-2.960748672E-1
2.020063946E1,-9.599061012E-1,7.306587696E-1,-3.607902229E-1
2.021065346E1,-4.963397980E-1,5.015973449E-1,-6.033919454E-1
2.022066746E1,-1.828995794E-1,4.133072793E-1,-9.062410593E-1
2.023068246E1,8.707438409E-2,4.536195397E-1,-1.208009124E0
2.024069646E1,3.669613302E-1,5.177092552E-1,-1.512028813E0
2.025071046E1,7.856893539E-1,6.493782997E-1,-1.649726748E0
2.026072446E1,1.309846282E0,6.759556532E-1,-1.793588758E0
2.027073846E1,1.844029307E0,6.107119322E-1,-1.860762477E0
2.028075246E1,2.308215380E0,5.190796852E-1,-1.841242552E0
2.029076646E1,2.662162066E0,3.904606700E-1,-1.839704275E0
2.030078046E1,3.082541227E0,2.783640623E-1,-1.850956678E0
2.031079446E1,3.419315338E0,1.833629459E-1,-1.865715146E0
2.032080846E1,3.621634245E0,2.980990112E-1,-1.818609357E0
2.033082246E1,3.706384897E0,5.666369796E-1,-1.764451623E0
2.034083646E1,3.786486864E0,9.413472414E-1,-1.697487712E0
2.035085046E1,3.917816877E0,1.313957930E0,-1.609026551E0
2.036086446E1,4.226961613E0,1.601760983E0,-1.504556060E0
2.037087846E1,4.573469162E0,1.765484929E0,-1.341881156E0
2.038089246E1,4.713551998E0,1.911425352E0,-1.134234548E0
2.039090646E1,4.540165424E0,2.013711691E0,-9.680387974E-1
2.040092046E1,4.135397911E0,2.042471647E0,-8.620851040E-1
2.041093446E1,3.634909391E0,1.940210819E0,-8.350121975E-1
2.042094846E1,3.160456181E0,1.579855204E0,-9.462409616E-1
2.043096246E1,2.796606779E0,8.425377607E-1,-1.160062194E0
2.044097646E1,2.569133520E0,-3.997555748E-2,-1.326849461E0
2.045099046E1,2.413697004E0,-7.331116796E-1,-1.319534898E0
2.046100546E1,2.211828232E0,-1.057977080E0,-1.229072332E0
2.047101946E1,1.883507371E0,-9.346748590E-1,-1.073457956E0
2.048103346E1,1.460174441E0,-3.443609178E-1,-8.935444355E-1
2.049104746E1,1.012960196E0,3.653254211E-1,-6.883345246E-1
2.050106146E1,6.294864416E-1,8.607273698E-1,-4.799405932E-1
2.051107546E1,3.607192039E-1,9.841643572E-1,-3.008589745E-1
2.052108946E1,1.736786962E-1,7.855089903E-1,-1.191787422E-1
2.053110346E1,-4.120777175E-2,4.065046906E-1,7.642777264E-2
2.054111746E1,-2.685596645E-1,-9.920600057E-2,2.800316215E-1
2.055113146E1,-4.771285951E-1,-5.473558307E-1,4.098548591E-1
2.056114546E1,-7.206538320E-1,-9.229673743E-1,4.716869593E-1
2.057115946E1,-1.015226841E0,-1.193450928E0,4.971148372E-1
2.058117346E1,-1.304191351E0,-1.339842081E0,5.481151938E-1
2.059118746E1,-1.583508730E0,-1.344443560E0,6.353230476E-1
2.060120146E1,-1.800005794E0,-1.337573767E0,7.584050894E-1
2.061121546E1,-1.965357780E0,-1.336303711E0,9.125573635E-1
2.062122946E1,-2.177624702E0,-1.260172844E0,1.048189998E0
2.063124346E1,-2.497036695E0,-1.043686152E0,1.103340864E0
2.064125746E1,-2.881724596E0,-8.005067706E-1,1.054071784E0
2.065127146E1,-3.192787409E0,-6.520163417E-1,9.678006172E-1
2.066128546E1,-3.412882328E0,-6.833387613E-1,9.040090442E-1
2.067129946E1,-3.509101152E0,-7.962828875E-1,8.975186348E-1
2.068131392E1,-3.549436808E0,-9.716753960E-1,9.525835514E-1
2.069132792E1,-3.552881002E0,-1.130701184E0,1.043592334E0
2.070134192E1,-3.546741247E0,-1.173089504E0,1.157535076E0
2.071135692E1,-3.534955502E0,-1.063248158E0,1.283679605E0
2.072137092E1,-3.486158371E0,-8.483386040E-1,1.421636462E0
2.073138492E1,-3.392272234E0,-6.596432924E-1,1.578888178E0
2.074139892E1,-3.265578508E0,-6.839081645E-1,1.779647708E0
2.075141292E1,-3.093026400E0,-1.052105308E0,1.915253520E0
2.076142692E1,-2.927040577E0,-1.690669179E0,1.881848812E0
2.077144092E1,-2.778169870E0,-2.381249428E0,1.745067835E0
2.078145492E1,-2.663376331E0,-2.858540297E0,1.560608506E0
2.079146892E1,-2.570189953E0,-2.840248346E0,1.425794959E0
2.080148292E1,-2.413130999E0,-2.394865036E0,1.315837383E0
2.081149692E1,-2.089759827E0,-1.735535145E0,1.221189618E0
2.082151092E1,-1.558236718E0,-1.068451643E0,1.153905630E0
2.083152492E1,-8.773356676E-1,-4.855540395E-1,1.139582634E0
2.084153892E1,-8.399575204E-2,-8.134502172E-2,1.184663296E0
2.085155292E1,7.697455287E-1,1.034048572E-1,1.237162471E0
2.086156692E1,1.592948675E0,1.213833690E-1,1.221314073E0
2.087158092E1,2.224645376E0,1.353375316E-1,1.075656176E0
2.088159492E1,2.661698103E0,2.547250688E-1,8.119716048E-1
2.089160892E1,2.928793669E0,4.359512925E-1,4.929126203E-1
2.090162292E1,3.015350819E0,4.585872293E-1,2.045108229E-1
2.091163692E1,3.131997347E0,1.081264094E-1,-2.888354287E-2
2.092165092E1,3.431918859E0,-4.404325187E-1,-1.906867921E-1
2.093166492E1,3.528164864E0,-9.642999768E-1,-2.652209401E-1
2.094167892E1,3.138707399E0,-1.242800593E0,-3.794094920E-1
2.095169292E1,2.474170685E0,-1.391484857E0,-6.459615827E-1
2.096170692E1,1.846551776E0,-1.548362017E0,-1.081949592E0
2.097172092E1,1.234661698E0,-1.649863601E0,-1.529659986E0
2.098173492E1,5.697015524E-1,-1.599925876E0,-1.930102468E0
2.099174892E1,-6.391372532E-2,-1.337353587E0,-2.252653837E0
2.100176292E1,-6.233698726E-1,-9.957894683E-1,-2.495562553E0
2.101177792E1,-1.096564293E0,-5.710597634E-1,-2.647431135E0
2.102179192E1,-1.549508333E0,-1.404366344E-1,-2.726000071E0
2.103180592E1,-1.957057476E0,2.040328532E-1,-2.762505531E0
2.104181992E1,-2.277831554E0,3.654686809E-1,-2.769508362E0
2.105183392E1,-2.518900871E0,3.212125301E-1,-2.766954184E0
2.106184792E1,-2.693684340E0,1.429179013E-1,-2.739410162E0
2.107186192E1,-2.874248028E0,-9.173496813E-2,-2.716834784E0
2.108187592E1,-3.042908907E0,-3.375093639E-1,-2.725214481E0
2.109188992E1,-3.225313902E0,-4.393036366E-1,-2.753536463E0
2.110190392E1,-3.385372400E0,-3.626429737E-1,-2.768357515E0
2.111191792E1,-3.503732204E0,-2.321726084E-1,-2.748318195E0
2.112193192E1,-3.570645094E0,-1.694633067E-2,-2.706324339E0
2.113194592E1,-3.584357738E0,2.139081955E-1,-2.634804010E0
2.114195992E1,-3.494696617E0,3.448086083E-1,-2.514638424E0
2.115197392E1,-3.266499996E0,2.811025977E-1,-2.327966452E0
2.116198792E1,-2.991333008E0,9.900043905E-2,-2.086438656E0
2.117200192E1,-2.730872631E0,-1.416505128E-1,-1.812570572E0
2.118201592E1,-2.499946594E0,-4.037757814E-1,-1.504518151E0
2.119202992E1,-2.305014610E0,-6.036090255E-1,-1.199253798E0
2.120204392E1,-2.086196423E0,-6.529093385E-1,-9.410385489E-1
2.121205792E1,-1.864944696E0,-5.373617411E-1,-7.388364673E-1
2.122207192E1,-1.648630977E0,-2.689755857E-1,-5.584622622E-1
2.123208592E1,-1.414601684E0,1.053364724E-1,-3.796256483E-1
2.124209992E1,-1.162114501E0,5.071330070E-1,-1.850840598E-1
2.125211392E1,-9.436734915E-1,8.229868412E-1,1.698088646E-2
2.126212792E1,-7.363815904E-1,9.899415970E-1,2.258598059E-1
2.127214192E1,-4.888652861E-1,9.693159461E-1,4.312305450E-1
2.128215592E1,-1.882531047E-1,7.492150664E-1,6.069775820E-1
2.129216992E1,1.080272794E-1,3.286606371E-1,7.313746214E-1
2.130218392E1,3.840436041E-1,-1.969915181E-1,8.355857730E-1
2.131219792E1,5.649843216E-1,-6.701686382E-1,9.034417868E-1
2.132221192E1,6.984220147E-1,-9.759282470E-1,9.674849510E-1
2.133222592E1,8.150351644E-1,-1.220403552E0,1.030071139E0
2.134223992E1,1.009460688E0,-1.437518835E0,1.093596578E0
2.135225492E1,1.299836874E0,-1.613149047E0,1.196439028E0
2.136226892E1,1.693948984E0,-1.729690433E0,1.387189150E0
2.137228292E1,2.136743784E0,-1.736515403E0,1.619597316E0
2.138229692E1,2.521966934E0,-1.652919412E0,1.842833281E0
2.139231092E1,2.836993694E0,-1.314120054E0,2.083965778E0
2.140232492E1,3.024319172E0,-7.658710480E-1,2.342627764E0
2.141233892E1,3.073508501E0,-1.899174303E-1,2.612628937E0
2.142235292E1,3.155460835E0,3.044708967E-1,2.676526308E0
2.143236692E1,3.304764271E0,6.345542669E-1,2.542090893E0
2.144238092E1,3.379424572E0,7.647826076E-1,2.335411310E0
2.145239492E1,3.399641275E0,7.555398345E-1,2.229115009E0
2.146240892E1,3.338434935E0,7.141017318E-1,2.238500595E0
2.147242292E1,3.252815962E0,8.026185632E-1,2.312002420E0
2.148243692E1,3.060497284E0,9.580521584E-1,2.466822624E0
2.149245092E1,2.830670595E0,1.020224452E0,2.610908270E0
2.150246492E1,2.604380369E0,1.011278987E0,2.612759590E0
2.151247892E1,2.346310377E0,9.545496702E-1,2.456966639E0
2.152249292E1,2.030251265E0,8.660491109E-1,2.206461906E0
2.153250692E1,1.653587580E0,8.217066526E-1,1.899991632E0
2.154252092E1,1.312204242E0,7.850467563E-1,1.571149349E0
2.155253492E1,9.830003381E-1,7.590295672E-1,1.252102137E0
2.156254892E1,6.443079710E-1,7.125939131E-1,9.416151047E-1
2.157256292E1,3.363996744E-1,7.421605587E-1,6.208351851E-1
2.158257692E1,5.067596585E-2,9.094200730E-1,3.208081126E-1
2.159259092E1,-2.768102884E-1,1.192597985E0,4.068565369E-2
2.160260492E1,-6.295290589E-1,1.537241220E0,-2.639480531E-1
2.161261892E1,-9.558386803E-1,1.897262216E0,-6.273978353E-1
2.162263292E1,-1.219175935E0,2.298289537E0,-1.053436756E0
2.163264692E1,-1.432991028E0,2.752837181E0,-1.502213478E0
2.164266092E1,-1.592839956E0,3.225799799E0,-1.942064404E0
2.165267492E1,-1.624836564E0,3.619052887E0,-2.380865335E0
2.166268892E1,-1.517661572E0,3.914289713E0,-2.800857544E0
2.167270292E1,-1.330442071E0,4.194918633E0,-3.173995733E0
2.168271658E1,-1.115031481E0,4.524148941E0,-3.499076128E0
2.169273058E1,-8.674936295E-1,4.939251900E0,-3.791782379E0
2.170274458E1,-6.480912566E-1,5.351501465E0,-4.006902695E0
2.171275858E1,-4.802109003E-1,5.770794868E0,-4.121231079E0
2.172277258E1,-4.037885070E-1,6.162481785E0,-4.151716232E0
2.173278658E1,-3.796490431E-1,6.469927788E0,-4.138420582E0
2.174280058E1,-3.514042199E-1,6.459502697E0,-4.049133301E0
2.175281458E1,-3.851051927E-1,6.563320160E0,-3.961754322E0
2.176282858E1,-3.711206317E-1,6.401167393E0,-3.951324940E0
2.177284358E1,-2.257010937E-1,5.530691624E0,-3.692758560E0
2.178285758E1,-2.286629975E-1,5.047310352E0,-3.592617273E0
2.179287158E1,-3.813039362E-1,5.114859581E0,-3.568943024E0
2.180288558E1,-5.322840810E-1,5.207767010E0,-3.521078587E0
2.181289958E1,-7.513186932E-1,5.296717644E0,-3.464911461E0
2.182291358E1,-9.336751103E-1,5.233409882E0,-3.379387856E0
2.183292758E1,-9.878989458E-1,4.946627617E0,-3.253218889E0
2.184294158E1,-9.446936250E-1,4.542989731E0,-3.091598034E0
2.185295558E1,-8.951092958E-1,4.160807133E0,-2.922538996E0
2.186296958E1,-8.705404997E-1,3.958163261E0,-2.729117870E0
2.187298358E1,-8.091253638E-1,3.720351219E0,-2.492078543E0
2.188299758E1,-6.808292270E-1,3.445138693E0,-2.251914501E0
2.189301158E1,-5.516270399E-1,3.245942831E0,-2.029788733E0
2.190302558E1,-4.376594126E-1,3.007743359E0,-1.880180597E0
2.191303958E1,-3.325827718E-1,2.710602045E0,-1.767098188E0
2.192305358E1,-2.236987650E-1,2.270419359E0,-1.671913743E0
2.193306758E1,-9.050181508E-2,1.788477540E0,-1.592121243E0
2.194308158E1,1.018782984E-2,1.313924789E0,-1.512251735E0
2.195309558E1,3.976010531E-2,1.043313026E0,-1.425088286E0
2.196310958E1,2.290917002E-2,1.159135699E0,-1.320387006E0
2.197312358E1,-5.909160711E-3,1.532919884E0,-1.268460155E0
2.198313758E1,5.936373025E-2,2.155821085E0,-1.257881761E0
2.199315158E1,-8.671677858E-2,2.277226210E0,-1.149215698E0
2.200316558E1,-1.763607264E-1,2.285151720E0,-1.072194457E0
2.201317958E1,-2.452543080E-1,2.135029078E0,-1.001235843E0
2.202319358E1,-3.503383696E-1,1.881711721E0,-9.439630508E-1
2.203320758E1,-4.881468415E-1,1.665476918E0,-8.935635686E-1
2.204322158E1,-6.274897456E-1,1.411492229E0,-8.695114851E-1
2.205323558E1,-6.837213039E-1,1.228537917E0,-8.220565915E-1
2.206324958E1,-6.582819819E-1,1.107920885E0,-7.025014758E-1
2.207326358E1,-6.215413213E-1,8.687586784E-1,-5.277141929E-1
2.208327758E1,-5.482286215E-1,6.909013987E-1,-4.110238850E-1
2.209329158E1,-4.497861862E-1,7.776432037E-1,-3.647738397E-1
2.210330558E1,-3.434992135E-1,1.025776148E0,-3.446306884E-1
2.211331958E1,-3.592936397E-1,1.071963310E0,-2.752659917E-1
2.212333358E1,-4.318779707E-1,1.053638935E0,-2.311340272E-1
2.213334758E1,-4.828649759E-1,9.937668443E-1,-1.885279715E-1
2.214336158E1,-5.248509049E-1,8.189137578E-1,-1.769011617E-1
2.215337558E1,-5.066695213E-1,5.389508009E-1,-1.908688992E-1
2.216338958E1,-4.149110317E-1,1.781101972E-1,-2.054488063E-1
2.217340358E1,-2.950570583E-1,-1.112073511E-1,-2.032242715E-1
2.218341758E1,-1.746110767E-1,-2.069919407E-1,-1.586474776E-1
2.219343158E1,-6.631523371E-2,-2.119387686E-1,-7.956251502E-2
2.220344558E1,-2.580852015E-3,-2.282982469E-1,-1.303687692E-3
2.221345958E1,1.617818698E-2,-1.758259833E-1,3.104359843E-2
2.222347358E1,2.949986234E-2,-2.616506629E-2,4.214662313E-2
2.223348758E1,3.415400162E-2,1.093408316E-1,6.028301269E-2
2.224350158E1,-3.659813479E-2,1.896180511E-1,9.405344725E-2
2.225351558E1,-1.102550477E-1,3.085907996E-1,1.200972944E-1
2.226352958E1,-2.739700079E-1,2.356761396E-1,1.879035532E-1
2.227354358E1,-4.511850178E-1,1.008061990E-1,2.572477162E-1
2.228355758E1,-5.099123716E-1,4.034538940E-2,2.795726955E-1
2.229357158E1,-5.049260855E-1,3.286856413E-2,2.583438158E-1
2.230358558E1,-4.351787567E-1,1.048344001E-1,2.236642092E-1
2.231359958E1,-2.581999898E-1,2.552454770E-1,1.968941092E-1
2.232361358E1,-9.926351160E-2,2.048646510E-1,2.220877856E-1
2.233362758E1,-2.302146889E-2,-1.280524302E-3,2.537524998E-1
2.234364158E1,1.289056242E-2,-1.493859887E-1,2.290668041E-1
2.235365558E1,5.776030198E-2,-2.875830233E-1,2.131751925E-1
2.236366958E1,1.220954284E-1,-4.449552894E-1,2.330226749E-1
2.237368358E1,1.891237199E-1,-6.484479904E-1,2.602268457E-1
2.238369758E1,2.202529013E-1,-6.760767698E-1,2.440695614E-1
2.239371158E1,2.139614522E-1,-5.107192397E-1,2.164967954E-1
2.240372558E1,1.106292307E-1,-3.505153656E-1,1.907293350E-1
2.241373958E1,-6.895011663E-2,-9.571263194E-2,1.895559430E-1
2.242375458E1,-2.465527505E-1,2.112940699E-1,2.044318169E-1
2.243376858E1,-3.486407697E-1,4.592511654E-1,2.230965793E-1
2.244378258E1,-3.596209288E-1,4.980867207E-1,2.630541921E-1
2.245379658E1,-2.832875550E-1,3.795903921E-1,3.021382093E-1
2.246381058E1,-1.337260902E-1,2.150620967E-1,2.889382243E-1
2.247382458E1,2.800847404E-2,3.840370476E-2,2.345926911E-1
2.248383858E1,1.543704569E-1,-8.765902370E-2,1.819759607E-1
2.249385258E1,2.383612245E-1,-1.460275203E-1,1.802590340E-1
2.250386658E1,2.813595831E-1,-2.059351355E-1,2.132598907E-1
2.251388058E1,2.758585811E-1,-2.620830834E-1,2.512818277E-1
2.252389458E1,2.560219467E-1,-2.678876817E-1,2.560622692E-1
2.253390858E1,2.398619056E-1,-1.993342042E-1,2.288412899E-1
2.254392258E1,2.241801471E-1,-9.506153315E-2,1.754651964E-1
2.255393658E1,1.965855360E-1,2.437804267E-2,1.243817583E-1
2.256395058E1,1.303917468E-1,1.580304205E-1,1.068815738E-1
2.257396458E1,4.661323503E-2,2.692730725E-1,1.290590465E-1
2.258397858E1,-2.809204347E-2,2.992024124E-1,1.359318942E-1
2.259399258E1,-6.683491170E-2,2.737891972E-1,1.284207106E-1
2.260400658E1,-4.510938004E-2,2.144156098E-1,1.237042546E-1
2.261402058E1,1.534251496E-2,1.307026148E-1,1.308875978E-1
2.262403458E1,8.410516381E-2,5.733499303E-2,1.393025666E-1
2.263404858E1,1.234898493E-1,2.213705704E-2,1.382737905E-1
2.264406258E1,1.393773556E-1,5.398531258E-2,1.380223632E-1
2.265407658E1,1.157599092E-1,1.273239702E-1,1.400301158E-1
2.266409058E1,1.810085215E-2,1.449040473E-1,1.360697895E-1
2.267410458E1,-8.542660624E-2,1.934310943E-1,1.295887232E-1
2.268412033E1,-1.392190158E-1,2.601197958E-1,1.165772751E-1
2.269413433E1,-1.394768059E-1,2.339553088E-1,1.017346829E-1
2.270414833E1,-8.578928560E-2,1.313508749E-1,1.073204651E-1
2.271416233E1,-7.968253456E-3,6.018961966E-2,1.280310750E-1
2.272417633E1,4.320476204E-2,8.687093109E-2,1.482316554E-1
2.273419033E1,3.713994473E-2,1.930165291E-1,1.694493294E-1
2.274420433E1,-3.198473947E-3,2.684879005E-1,1.928946823E-1
2.275421833E1,-4.454325140E-2,2.783319950E-1,2.127573341E-1
2.276423233E1,-7.079756260E-2,1.889480352E-1,2.112832665E-1
2.277424633E1,-3.507845104E-2,5.474761128E-2,1.822196543E-1
2.278426033E1,4.844948277E-2,-4.244008660E-2,1.408467293E-1
2.279427433E1,1.160224006E-1,-9.931162745E-2,1.226110011E-1
2.280428833E1,1.359713227E-1,-7.350037992E-2,1.317093521E-1
2.281430233E1,8.545222878E-2,-2.547104843E-3,1.508084685E-1
2.282431633E1,-1.939993352E-2,3.096804954E-2,1.656294763E-1
2.283433033E1,-1.019073203E-1,7.627347857E-2,1.458943784E-1
2.284434433E1,-1.002177447E-1,1.731393933E-1,1.247381046E-1
2.285435833E1,-1.442768127E-1,2.514293790E-1,1.181012392E-1
2.286437233E1,-2.003407776E-1,2.079446167E-1,1.230474785E-1
2.287438633E1,-1.370635331E-1,1.571458876E-1,1.003091410E-1
2.288440033E1,-3.977705911E-2,9.926453233E-2,9.400755167E-2
2.289441433E1,5.778651685E-2,2.187839523E-2,8.757787943E-2
2.290442833E1,1.106185317E-1,-7.287358865E-3,5.419809371E-2
2.291444233E1,1.139517501E-1,2.321329340E-2,1.189191546E-2
2.292445633E1,7.933474332E-2,8.643840253E-2,-1.598534361E-2
2.293447033E1,4.827403277E-2,1.333334595E-1,-9.943430312E-3