"Time (s)","X (rad/s)","Y (rad/s)","Z (rad/s)"
5.395083333E-3,-5.956925824E-2,-1.774211414E-3,7.585874945E-2
1.540908333E-2,-1.091839522E-1,9.781975299E-2,6.252830476E-2
2.542408333E-2,-1.420879364E-1,1.400859654E-1,4.795581847E-2
3.543808333E-2,-1.517184675E-1,1.287217289E-1,3.682940081E-2
4.545208333E-2,-1.386962682E-1,9.832876921E-2,2.187825367E-2
5.546708333E-2,-1.225575134E-1,5.145500600E-2,1.477480307E-2
6.548108333E-2,-1.004018784E-1,-1.708543859E-2,1.687763631E-2
7.549508333E-2,-7.967236638E-2,-3.776248917E-2,3.056255542E-2
8.551008333E-2,-9.073524177E-2,-3.528688103E-2,4.199552536E-2
9.552408333E-2,-1.362153739E-1,-3.126015887E-3,4.522594064E-2
1.055390833E-1,-2.067987025E-1,3.509080037E-2,3.976570070E-2
1.155530833E-1,-2.916920185E-1,7.004825026E-2,4.538390785E-2
1.255670833E-1,-3.262674212E-1,8.608885109E-2,6.122606993E-2
1.355820833E-1,-3.164108098E-1,7.976091653E-2,8.303416520E-2
1.455960833E-1,-2.934028208E-1,4.162060842E-2,1.122747660E-1
1.556100833E-1,-2.714772820E-1,4.388818052E-3,1.351065785E-1
1.656250833E-1,-2.544795871E-1,-2.384613454E-2,1.514348835E-1
1.756390833E-1,-2.446690202E-1,-4.942952469E-2,1.769410372E-1
1.856540833E-1,-2.524846792E-1,-7.811689377E-2,2.092604041E-1
1.956680833E-1,-2.709571719E-1,-1.182592586E-1,2.400481403E-1
2.056820833E-1,-2.849205732E-1,-1.656559259E-1,2.643464804E-1
2.156970833E-1,-2.991237640E-1,-2.067692727E-1,2.929165959E-1
2.257110833E-1,-3.656687737E-1,-1.829524189E-1,3.425100148E-1
2.357260833E-1,-5.269788504E-1,-1.176277325E-1,4.098211527E-1
2.457400833E-1,-7.278903723E-1,2.954271995E-2,4.909450710E-1
2.557540833E-1,-9.360073805E-1,1.552881300E-1,5.896476507E-1
2.657690833E-1,-1.118842721E0,2.068198919E-1,7.110428810E-1
2.757830833E-1,-1.263969779E0,2.341047674E-1,8.364591002E-1
2.857970833E-1,-1.390493989E0,2.440790236E-1,9.558873177E-1
2.958120833E-1,-1.516010880E0,2.490231693E-1,1.064111233E0
3.058260833E-1,-1.629095912E0,1.878556311E-1,1.153036356E0
3.158410833E-1,-1.691560388E0,4.773900285E-2,1.229250669E0
3.258550833E-1,-1.674626946E0,-2.315155268E-1,1.298781753E0
3.358690833E-1,-1.563926220E0,-5.747224092E-1,1.386367559E0
3.458840833E-1,-1.480028868E0,-8.426483870E-1,1.480465651E0
3.558980833E-1,-1.560328960E0,-9.254066944E-1,1.488258362E0
3.659130833E-1,-1.740748167E0,-7.700491548E-1,1.627305388E0
3.759270833E-1,-2.074106932E0,-4.853199422E-1,1.700755954E0
3.859410833E-1,-2.514001846E0,-1.352311522E-1,1.793554902E0
3.959560833E-1,-2.977035284E0,1.804042906E-1,1.885491490E0
4.059700833E-1,-3.418136358E0,3.879067302E-1,1.943446755E0
4.159850833E-1,-3.747092724E0,3.815217912E-1,1.967166424E0
4.259990833E-1,-3.822160721E0,2.361852676E-1,1.952914715E0
4.360130833E-1,-3.725934744E0,-2.957957983E-1,1.860324264E0
4.460280833E-1,-3.444095612E0,-1.195525050E0,1.721170068E0
4.560420833E-1,-2.976229191E0,-1.969007969E0,1.647312164E0
4.660560833E-1,-2.390719652E0,-2.391478777E0,1.668764114E0
4.760710833E-1,-1.948854923E0,-2.402940512E0,1.737290144E0
4.860850833E-1,-1.731991172E0,-2.109935522E0,1.928554773E0
4.961000833E-1,-1.763281465E0,-1.810366511E0,2.181026220E0
5.061140833E-1,-1.871406674E0,-1.553742290E0,2.374705553E0
5.161280833E-1,-1.981858134E0,-1.394577861E0,2.495870352E0
5.261430833E-1,-2.178930521E0,-1.271697044E0,2.456229925E0
5.361570833E-1,-2.314248800E0,-1.242343664E0,2.214315176E0
5.461720833E-1,-2.302185535E0,-1.336630702E0,1.964090228E0
5.561860833E-1,-2.228873968E0,-1.546432018E0,1.786204934E0
5.662000833E-1,-2.033069372E0,-1.812247753E0,1.689773083E0
5.762150833E-1,-1.636062026E0,-2.022713661E0,1.663403988E0
5.862290833E-1,-1.166618586E0,-2.189634085E0,1.668880820E0
5.962440833E-1,-7.950348854E-1,-2.279120922E0,1.672889471E0
6.062580833E-1,-5.785369277E-1,-2.277567148E0,1.582421184E0
6.162720833E-1,-5.700571537E-1,-2.306396246E0,1.391775012E0
6.262870833E-1,-7.381983399E-1,-2.296058655E0,1.047000170E0
6.363010833E-1,-9.603089094E-1,-2.328150988E0,5.134382844E-1
6.463160833E-1,-1.115326166E0,-2.490331411E0,-7.226788439E-3
6.563300833E-1,-1.121143579E0,-2.661801338E0,-3.867687881E-1
6.663440833E-1,-9.596247077E-1,-2.784100771E0,-6.460421681E-1
6.763590833E-1,-6.085848808E-1,-2.861324787E0,-8.602136374E-1
6.863730833E-1,-1.062043011E-1,-2.900386095E0,-1.033720493E0
6.963880833E-1,4.040738642E-1,-2.930095911E0,-1.202592850E0
7.064020833E-1,8.752388358E-1,-3.052295685E0,-1.380606771E0
7.164160833E-1,1.231899023E0,-3.231014490E0,-1.553755164E0
7.264310833E-1,1.401584506E0,-3.425987244E0,-1.782226920E0
7.364450833E-1,1.392120242E0,-3.598426342E0,-2.041539431E0
7.464600833E-1,1.273852229E0,-3.716019392E0,-2.322886229E0
7.564740833E-1,1.129770637E0,-3.787734985E0,-2.609757423E0
7.664880833E-1,9.768372178E-1,-3.851191521E0,-2.861225605E0
7.765030833E-1,8.354958296E-1,-3.971231461E0,-3.046808481E0
7.865170833E-1,7.730749249E-1,-4.134718418E0,-3.184149265E0
7.965320833E-1,8.156333566E-1,-4.113062859E0,-3.328992367E0
8.065460833E-1,8.923439980E-1,-3.937459469E0,-3.499498367E0
8.165610833E-1,9.462673664E-1,-3.709305525E0,-3.659630060E0
8.265750833E-1,9.776973128E-1,-3.584640265E0,-3.787078381E0
8.365890833E-1,9.772403240E-1,-3.586134434E0,-3.876500607E0
8.466040833E-1,9.244093895E-1,-3.579739809E0,-3.957998991E0
8.566180833E-1,7.941573858E-1,-3.562644958E0,-4.046758652E0
8.666330833E-1,6.283969879E-1,-3.610387564E0,-4.132202148E0
8.766470833E-1,4.915989339E-1,-3.700889111E0,-4.168263912E0
8.866610833E-1,3.787261546E-1,-3.740550280E0,-4.179521561E0
8.966760833E-1,2.830891311E-1,-3.658304453E0,-4.178110123E0
9.066900833E-1,1.853291392E-1,-3.570622444E0,-4.109100342E0
9.167050833E-1,1.074508503E-1,-3.494747877E0,-3.990619421E0
9.267196250E-1,6.957732886E-2,-3.441884279E0,-3.862115145E0
9.367336250E-1,6.465101242E-2,-3.375356913E0,-3.741534233E0
9.467486250E-1,4.513602704E-2,-3.208365440E0,-3.672378540E0
9.567626250E-1,-2.782260440E-2,-2.949227333E0,-3.654932022E0
9.667776250E-1,-1.440553069E-1,-2.703455925E0,-3.661574364E0
9.767916250E-1,-2.949026227E-1,-2.474669695E0,-3.653015375E0
9.868066250E-1,-4.455541670E-1,-2.271391869E0,-3.641305923E0
9.968206250E-1,-5.457242131E-1,-2.065518618E0,-3.618457794E0
1.006834625E0,-6.852718592E-1,-1.952632785E0,-3.589443207E0
1.016849625E0,-9.273635745E-1,-1.768217087E0,-3.594299555E0
1.026863625E0,-1.261192441E0,-1.552716613E0,-3.622739792E0
1.036878625E0,-1.556133270E0,-1.280461431E0,-3.735944986E0
1.046892625E0,-1.652508736E0,-9.393191338E-1,-3.942203045E0
1.056906625E0,-1.611108065E0,-4.364472330E-1,-4.131117821E0
1.066921625E0,-1.475782037E0,4.063321277E-2,-4.192737103E0
1.076935625E0,-1.144976497E0,2.223052680E-1,-4.140707970E0
1.086950625E0,-6.465784311E-1,-9.372723103E-2,-3.984148741E0
1.096964625E0,-1.226827055E-1,-5.779572725E-1,-3.695487499E0
1.106979625E0,1.458033025E-1,-4.792652428E-1,-3.369246006E0
1.116993625E0,5.292608589E-2,1.985443980E-1,-3.049216270E0
1.127007625E0,-4.651187062E-1,1.033249617E0,-2.677925825E0
1.137022625E0,-1.212109327E0,1.793241739E0,-2.252363682E0
1.147036625E0,-1.760984659E0,2.164051771E0,-1.812344432E0
1.157051625E0,-1.739035130E0,1.907653332E0,-1.391179919E0
1.167065625E0,-1.157373548E0,9.859415293E-1,-1.022232771E0
1.177079625E0,-2.568238378E-1,-4.516189694E-1,-7.482211590E-1
1.187094625E0,6.333013177E-1,-1.712159514E0,-5.726168752E-1
1.197108625E0,9.782829881E-1,-1.640900016E0,-3.035691977E-1
1.207123625E0,6.940467954E-1,-8.294975758E-1,1.934966743E-1
1.217137625E0,1.850743741E-1,1.416584700E-1,7.932357788E-1
1.227152625E0,-2.127288878E-1,9.246019721E-1,1.419470072E0
1.237166625E0,-3.215842545E-1,1.405145764E0,1.957446456E0
1.247180625E0,-1.573786288E-1,1.577947855E0,2.315096140E0
1.257195625E0,1.354354024E-1,1.491200209E0,2.595444202E0
1.267209625E0,3.437041938E-1,1.197749376E0,2.811367989E0
1.277224625E0,3.647405207E-1,8.743082285E-1,2.980658054E0
1.287238625E0,1.823662817E-1,6.870264411E-1,3.124266148E0
1.297253625E0,-1.365334094E-1,6.373907328E-1,3.240203142E0
1.307267625E0,-4.739771783E-1,6.865317822E-1,3.280763388E0
1.317281625E0,-7.052124739E-1,7.154965997E-1,3.278527021E0
1.327296625E0,-7.303349972E-1,6.854939461E-1,3.314532518E0
1.337310625E0,-6.665038466E-1,7.869172096E-1,3.343743801E0
1.347325625E0,-7.074440122E-1,1.120769262E0,3.315190792E0
1.357339625E0,-8.046142459E-1,1.588460803E0,3.241412163E0
1.367354625E0,-9.032143950E-1,1.939483881E0,3.243509293E0
1.377368625E0,-9.552496076E-1,1.717678308E0,3.547586441E0
1.387382625E0,-8.078584671E-1,1.185044289E0,4.022478104E0
1.397397625E0,-5.706695914E-1,6.467717886E-1,4.411566257E0
1.407411625E0,-4.895406663E-1,2.712303102E-1,4.533061981E0
1.417426625E0,-5.196687579E-1,2.473675758E-1,4.370458603E0
1.427440625E0,-5.913730264E-1,3.930764198E-1,4.042905331E0
1.437455625E0,-7.085257173E-1,4.046763480E-1,3.856000900E0
1.447469625E0,-7.372713685E-1,2.008586377E-1,3.957488060E0
1.457484625E0,-5.875905156E-1,-3.702503070E-2,4.181021690E0
1.467498625E0,-3.831673265E-1,-2.093131691E-1,4.404727936E0
1.477512625E0,-1.920766532E-1,-2.229831666E-1,4.537786961E0
1.487527625E0,-9.837348014E-2,3.791152313E-2,4.378565788E0
1.497541625E0,-2.461187392E-1,4.478217959E-1,3.884955168E0
1.507556625E0,-6.153603792E-1,6.414631009E-1,3.244219542E0
1.517570625E0,-9.346499443E-1,5.097370148E-1,2.660818100E0
1.527585625E0,-1.014792681E0,1.378446519E-1,2.212217093E0
1.537599625E0,-8.206447363E-1,-2.528511882E-1,1.855935693E0
1.547613625E0,-4.517496228E-1,-4.174189866E-1,1.588587046E0
1.557628625E0,-8.380513638E-2,-3.008481562E-1,1.386946917E0
1.567642625E0,2.017845660E-1,-2.889506146E-2,1.235839963E0
1.577657625E0,2.769040763E-1,2.608113289E-1,1.078308940E0
1.587671625E0,1.945839971E-1,4.453906119E-1,8.575556278E-1
1.597686625E0,1.490660459E-1,5.134735703E-1,5.878146887E-1
1.607700625E0,1.729065180E-1,3.373999596E-1,3.155196607E-1
1.617715625E0,2.149865925E-1,6.021709740E-2,-1.760545652E-3
1.627729625E0,2.311645895E-1,-1.422706395E-1,-2.953517437E-1
1.637743625E0,2.505422533E-1,-2.192775309E-1,-5.385441780E-1
1.647758625E0,2.427414060E-1,-1.983176619E-1,-7.195459604E-1
1.657772625E0,1.493579298E-1,-1.721502393E-1,-8.510144949E-1
1.667787625E0,-3.338517249E-2,-2.286321521E-1,-9.328679442E-1
1.677801625E0,-2.702651024E-1,-3.614338636E-1,-9.586073756E-1
1.687816625E0,-5.255813003E-1,-4.985117018E-1,-9.134348035E-1
1.697830625E0,-8.134839535E-1,-6.752582192E-1,-8.252841830E-1
1.707845625E0,-1.113298535E0,-7.855574489E-1,-7.662286758E-1
1.717859625E0,-1.377203107E0,-7.893295288E-1,-7.374617457E-1
1.727873625E0,-1.549557686E0,-7.894003987E-1,-7.257192135E-1
1.737888625E0,-1.669494510E0,-8.306881785E-1,-7.269682288E-1
1.747902625E0,-1.759918690E0,-9.075580835E-1,-7.399905324E-1
1.757917625E0,-1.825323224E0,-9.827468395E-1,-7.629839778E-1
1.767931625E0,-1.930661440E0,-1.108451486E0,-7.916746736E-1
1.777946625E0,-2.052730083E0,-1.216767907E0,-7.980146408E-1
1.787960625E0,-2.178896189E0,-1.327521563E0,-7.546033263E-1
1.797975625E0,-2.298798323E0,-1.501973271E0,-6.317373514E-1
1.807989625E0,-2.445009708E0,-1.665021420E0,-4.928441346E-1
1.818004625E0,-2.581162930E0,-1.820439458E0,-4.019483328E-1
1.828018625E0,-2.684523344E0,-1.876114726E0,-3.734245002E-1
1.838032625E0,-2.809853554E0,-1.921714425E0,-3.853807747E-1
1.848047625E0,-2.930869102E0,-1.968778729E0,-3.887408376E-1
1.858061625E0,-3.029875517E0,-2.042257071E0,-3.800288141E-1
1.868076625E0,-3.101070642E0,-2.044457436E0,-3.707973957E-1
1.878090625E0,-3.134975672E0,-1.961124539E0,-3.293556869E-1
1.888105625E0,-3.173120737E0,-1.851323009E0,-2.551825345E-1
1.898119625E0,-3.297695875E0,-1.765699387E0,-1.342055053E-1
1.908134625E0,-3.510435104E0,-1.689913869E0,-1.323780604E-2
1.918148625E0,-3.742302895E0,-1.614084005E0,3.825601190E-2
1.928163375E0,-3.939054012E0,-1.528834105E0,2.795386314E-2
1.938177375E0,-4.099890232E0,-1.399664402E0,8.373506367E-3
1.948191375E0,-4.262165070E0,-1.305968165E0,-1.415442675E-2
1.958206375E0,-4.365129471E0,-1.221212268E0,-4.034608603E-2
1.968220375E0,-4.363166809E0,-1.149979115E0,-1.914629899E-2
1.978235375E0,-4.288514137E0,-1.226084232E0,4.978882521E-2
1.988249375E0,-4.093158722E0,-1.439825416E0,1.478258669E-1
1.998264375E0,-3.819414854E0,-1.778750420E0,2.862180769E-1
2.008278375E0,-3.649246931E0,-2.072913885E0,4.288387895E-1
2.018293375E0,-3.633965969E0,-1.962547064E0,5.378372073E-1
2.028307375E0,-3.720621109E0,-1.493017316E0,6.327863932E-1
2.038322375E0,-3.851259232E0,-9.174379110E-1,7.027955651E-1
2.048336375E0,-3.896708250E0,-3.609754443E-1,7.218421698E-1
2.058351375E0,-3.669559956E0,-4.274632409E-2,7.070360780E-1
2.068365375E0,-3.184977531E0,-1.568209678E-1,6.651231050E-1
2.078379375E0,-2.591249466E0,-5.130621791E-1,6.251186728E-1
2.088394375E0,-2.010077477E0,-7.869360447E-1,5.880897045E-1
2.098408375E0,-1.531026483E0,-8.794830441E-1,5.557352304E-1
2.108423375E0,-1.104102969E0,-8.417254090E-1,5.936296582E-1
2.118437375E0,-6.241048574E-1,-7.786212564E-1,6.523771286E-1
2.128452375E0,-1.286553741E-1,-6.466609240E-1,7.079620361E-1
2.138466375E0,3.090106249E-1,-4.076904655E-1,7.583666444E-1
2.148481375E0,6.798267365E-1,-1.676761508E-1,8.084266782E-1
2.158495375E0,1.016974092E0,5.821608938E-3,8.473485112E-1
2.168510375E0,1.255475879E0,1.129093096E-1,8.202937841E-1
2.178524375E0,1.455979943E0,1.686106622E-1,7.887954712E-1
2.188539375E0,1.742543101E0,1.673295349E-1,7.753874063E-1
2.198553375E0,2.056324482E0,1.367420703E-1,7.169901729E-1
2.208568375E0,2.284294367E0,2.744819522E-1,6.319026351E-1
2.218582375E0,2.418865919E0,5.510650873E-1,5.174067020E-1
2.228596375E0,2.496293783E0,8.277841806E-1,4.056237340E-1
2.238611375E0,2.531495810E0,1.057927608E0,3.357272148E-1
2.248625375E0,2.600776434E0,1.146728873E0,3.318071067E-1
2.258640375E0,2.759652376E0,1.122283459E0,3.565364182E-1
2.268654375E0,2.917601824E0,1.070705533E0,3.295759261E-1
2.278669375E0,2.999057770E0,1.089750886E0,2.707991600E-1
2.288683375E0,3.049178600E0,1.182664394E0,2.135355920E-1
2.298698375E0,3.097519398E0,1.256050706E0,1.679766178E-1
2.308712375E0,3.181800842E0,1.244166017E0,1.568478942E-1
2.318727375E0,3.351764679E0,1.256863236E0,1.331604123E-1
2.328741375E0,3.495505095E0,1.359634519E0,3.945918009E-2
2.338756375E0,3.605448246E0,1.539176583E0,-8.047175407E-2
2.348770375E0,3.783141613E0,1.706649065E0,-1.545173228E-1
2.358785375E0,3.964861631E0,1.772964120E0,-2.386423200E-1
2.368799375E0,4.125885010E0,1.766928792E0,-3.339601159E-1
2.378814375E0,4.247873783E0,1.766855597E0,-4.643884301E-1
2.388828375E0,4.142224312E0,1.802414298E0,-6.292010546E-1
2.398843375E0,3.880575895E0,1.712672114E0,-7.593132257E-1
2.408857375E0,3.623579741E0,1.364935279E0,-6.993429661E-1
2.418871375E0,3.294014692E0,8.530072570E-1,-4.878656268E-1
2.428886375E0,2.878162384E0,5.384920835E-1,-3.384588063E-1
2.438900375E0,2.477396488E0,6.506838202E-1,-3.121595383E-1
2.448915375E0,2.115137815E0,9.386772513E-1,-3.387912214E-1
2.458929375E0,1.802529931E0,1.146087289E0,-3.337751627E-1
2.468944375E0,1.595845461E0,1.133347273E0,-3.054728508E-1
2.478958375E0,1.407738686E0,1.002804637E0,-3.012573421E-1
2.488973375E0,1.120189548E0,7.227625847E-1,-3.079247177E-1
2.498987375E0,8.775925636E-1,4.243143201E-1,-2.825098932E-1
2.509002375E0,7.127757668E-1,1.387970895E-1,-2.640819550E-1
2.519016375E0,5.843485594E-1,-1.462309062E-1,-2.081606388E-1
2.529031375E0,4.080511034E-1,-4.097082019E-1,-1.597579867E-1
2.539045375E0,2.417476177E-1,-6.281684041E-1,-1.451148540E-1
2.549060375E0,1.438140720E-1,-8.321737051E-1,-1.386374235E-1
2.559074375E0,1.651196182E-1,-9.879707694E-1,-5.195818841E-2
2.569089375E0,2.461352646E-1,-1.046386719E0,9.370436519E-2
2.579103375E0,3.099161088E-1,-9.116380811E-1,2.739138305E-1
2.589118375E0,3.421312869E-1,-6.937371492E-1,4.629134834E-1
2.599132375E0,4.193525910E-1,-5.159303546E-1,6.499227881E-1
2.609147375E0,5.987644792E-1,-4.854499698E-1,8.403589129E-1
2.619161375E0,8.169322610E-1,-6.134484410E-1,1.015477538E0
2.629176375E0,9.446352720E-1,-7.761749029E-1,1.144984245E0
2.639190375E0,9.070988297E-1,-7.912433147E-1,1.183422804E0
2.649205375E0,7.145050168E-1,-6.871452332E-1,1.152908325E0
2.659219375E0,4.428580999E-1,-5.625663400E-1,1.081987739E0
2.669234375E0,1.776340455E-1,-5.080605149E-1,9.930356741E-1
2.679248375E0,-4.957247525E-2,-5.688234568E-1,9.021438360E-1
2.689263375E0,-2.233559042E-1,-6.333717704E-1,7.913929820E-1
2.699277375E0,-3.757416904E-1,-5.075906515E-1,7.152734399E-1
2.709292375E0,-5.280021429E-1,-1.529615074E-1,7.690041661E-1
2.719306375E0,-6.706919074E-1,2.711093426E-1,9.625049233E-1
2.729321375E0,-7.497392893E-1,6.258730292E-1,1.257241368E0
2.739335375E0,-7.408853173E-1,8.353368044E-1,1.601366758E0
2.749349375E0,-6.903853416E-1,9.373477101E-1,1.952675462E0
2.759364375E0,-6.375066638E-1,9.482527971E-1,2.270377159E0
2.769378375E0,-5.653488636E-1,8.340234160E-1,2.499352455E0
2.779393375E0,-5.107721686E-1,5.905724168E-1,2.608789682E0
2.789407375E0,-5.198568702E-1,3.078740239E-1,2.645218372E0
2.799422375E0,-6.352497935E-1,8.640872687E-2,2.646986723E0
2.809436375E0,-7.991922498E-1,-8.036853373E-2,2.697954893E0
2.819451375E0,-8.925552368E-1,-1.654581279E-1,2.786894560E0
2.829465375E0,-8.996952772E-1,-2.799823284E-1,2.916824818E0
2.839480375E0,-8.118770123E-1,-4.247882366E-1,3.094149113E0
2.849494375E0,-6.676076055E-1,-5.771222711E-1,3.283266544E0
2.859509375E0,-5.437878966E-1,-6.315327287E-1,3.435889959E0
2.869523375E0,-4.948869646E-1,-6.184130907E-1,3.523708820E0
2.879538375E0,-5.086576343E-1,-3.843691647E-1,3.600519657E0
2.889552375E0,-6.394270658E-1,-7.330263406E-2,3.661222458E0
2.899567375E0,-8.179744482E-1,1.535646021E-1,3.676334858E0
2.909581375E0,-9.434135556E-1,2.450466007E-1,3.653944492E0
2.919596375E0,-9.658957124E-1,1.262078285E-1,3.605561018E0
2.929611750E0,-9.199422002E-1,-2.186130881E-1,3.511952162E0
2.939626750E0,-8.657841682E-1,-5.002754331E-1,3.428378344E0
2.949640750E0,-9.217420816E-1,-5.957177281E-1,3.398099184E0
2.959655750E0,-1.080028653E0,-5.572353601E-1,3.368947744E0
2.969669750E0,-1.229774117E0,-4.609903097E-1,3.319669008E0
2.979684750E0,-1.208332419E0,-3.490161002E-1,3.282963037E0
2.989698750E0,-1.042420149E0,-2.623706758E-1,3.176006556E0
2.999713750E0,-8.699991703E-1,-2.281828821E-1,3.004367590E0
3.009727750E0,-7.870591283E-1,-8.803403378E-2,2.797567368E0
3.019742750E0,-8.473445773E-1,1.197796166E-1,2.590615034E0
3.029756750E0,-1.039689183E0,3.370339274E-1,2.409235954E0
3.039771750E0,-1.273155212E0,4.795524478E-1,2.269076109E0
3.049785750E0,-1.409521341E0,5.221198797E-1,2.150963068E0
3.059800750E0,-1.380711555E0,4.038779140E-1,2.040718555E0
3.069814750E0,-1.126603842E0,2.565381229E-1,1.919196367E0
3.079829750E0,-7.456202507E-1,1.175845042E-1,1.767615914E0
3.089843750E0,-3.373986483E-1,2.507003024E-2,1.559389830E0
3.099858750E0,-3.311457345E-3,1.660730317E-2,1.351707220E0
3.109872750E0,1.527153552E-1,1.438339502E-1,1.141300082E0
3.119887750E0,1.135567725E-1,3.277334571E-1,9.395797253E-1
3.129901750E0,-6.675484590E-3,5.108053088E-1,7.572010159E-1
3.139916750E0,-5.602572486E-2,5.839236975E-1,6.175033450E-1
3.149930750E0,8.749406040E-2,5.597470403E-1,5.064960122E-1
3.159945750E0,3.209124207E-1,4.044157565E-1,4.135317206E-1
3.169960750E0,5.641795397E-1,2.458611131E-1,3.214662969E-1
3.179974750E0,7.407125235E-1,2.381928265E-1,2.128610015E-1
3.189989750E0,7.737584114E-1,3.719649911E-1,6.995696574E-2
3.200003750E0,7.168002725E-1,5.654692054E-1,-8.048420399E-2
3.210018750E0,6.987748742E-1,6.251628995E-1,-1.814743876E-1
3.220032750E0,7.351241112E-1,6.076453924E-1,-2.840196788E-1
3.230047750E0,7.601941228E-1,4.900259972E-1,-4.344613254E-1
3.240061750E0,7.897198200E-1,3.749886155E-1,-5.917510986E-1
3.250076750E0,8.458619118E-1,3.240252733E-1,-7.323912382E-1
3.260090750E0,8.928494453E-1,3.289193809E-1,-8.964323401E-1
3.270105750E0,8.850397468E-1,3.455736041E-1,-1.113534808E0
3.280119750E0,7.860436440E-1,3.343928754E-1,-1.353405476E0
3.290134750E0,6.187245846E-1,3.021173179E-1,-1.571219563E0
3.300148750E0,4.960634410E-1,2.089298666E-1,-1.747732997E0
3.310163750E0,5.011169910E-1,1.024455205E-1,-1.888999939E0
3.320177750E0,5.753126740E-1,6.251077168E-3,-2.064956903E0
3.330192750E0,6.746549606E-1,-6.388489157E-2,-2.267289877E0
3.340206750E0,7.395942807E-1,-7.273777574E-2,-2.428335667E0
3.350221750E0,7.526162863E-1,-1.019531786E-1,-2.538924932E0
3.360235750E0,7.533795834E-1,-1.926298141E-1,-2.659767151E0
3.370250750E0,7.726224661E-1,-2.983368039E-1,-2.824393988E0
3.380264750E0,7.742443681E-1,-3.988005817E-1,-3.061438084E0
3.390279750E0,7.056663632E-1,-5.042821169E-1,-3.348878384E0
3.400293750E0,6.125369668E-1,-5.270188451E-1,-3.626526594E0
3.410308750E0,5.123137832E-1,-4.981997013E-1,-3.810860395E0
3.420322750E0,4.131981134E-1,-4.606672227E-1,-3.895126343E0
3.430337750E0,3.306712508E-1,-4.217091799E-1,-3.944573879E0
3.440351750E0,2.809281945E-1,-3.913765848E-1,-3.973679066E0
3.450366750E0,2.658396065E-1,-3.537266850E-1,-4.007372379E0
3.460380750E0,2.517629266E-1,-3.170650601E-1,-4.048521042E0
3.470395750E0,2.263098508E-1,-2.332292795E-1,-4.099348545E0
3.480409750E0,1.916972846E-1,-1.360390931E-1,-4.159399986E0
3.490424750E0,1.658347845E-1,-4.348278418E-2,-4.221230984E0
3.500438750E0,1.541195363E-1,3.586396948E-2,-4.273204327E0
3.510453750E0,1.837512702E-1,1.226663664E-1,-4.310646057E0
3.520467750E0,2.593285739E-1,2.138996124E-1,-4.317714214E0
3.530482750E0,3.696023226E-1,2.243983299E-1,-4.275077820E0
3.540497750E0,4.983414114E-1,1.393992752E-1,-4.181923389E0
3.550511750E0,6.165312529E-1,-3.658081219E-2,-4.012563229E0
3.560526750E0,6.622252464E-1,-2.294962108E-1,-3.822891235E0
3.570540750E0,6.280404329E-1,-3.324960768E-1,-3.677536011E0
3.580555750E0,5.484604239E-1,-3.084424138E-1,-3.578479528E0
3.590569750E0,4.128760695E-1,-2.402543128E-1,-3.511178493E0
3.600584750E0,2.756359279E-1,-1.936380714E-1,-3.430640459E0
3.610598750E0,1.356362402E-1,-2.367614508E-1,-3.324616909E0
3.620613750E0,-2.479657717E-2,-3.622104228E-1,-3.189396620E0
3.630627750E0,-1.785380840E-1,-5.029952526E-1,-3.033805609E0
3.640642750E0,-3.129113317E-1,-5.736243725E-1,-2.834558964E0
3.650656750E0,-3.815890849E-1,-5.718266368E-1,-2.634106874E0
3.660671750E0,-3.150510788E-1,-5.889078975E-1,-2.423681259E0
3.670685750E0,-1.633646339E-1,-7.207503319E-1,-2.150294781E0
3.680700750E0,1.770927012E-2,-9.423250556E-1,-1.813773036E0
3.690714750E0,1.908106804E-1,-1.198222876E0,-1.430368066E0
3.700729750E0,3.132561445E-1,-1.352378130E0,-1.018945932E0
3.710743750E0,3.513198197E-1,-1.256322265E0,-5.654644370E-1
3.720758750E0,3.218226433E-1,-1.007998705E0,-1.254228950E-1
3.730773750E0,2.675455213E-1,-7.142966986E-1,2.283672690E-1
3.740787750E0,1.677265316E-1,-3.737204969E-1,4.963971376E-1
3.750802750E0,1.197773963E-4,-2.618913725E-2,7.230305672E-1
3.760816750E0,-1.849861592E-1,2.917475402E-1,9.226171374E-1
3.770831750E0,-3.943532705E-1,5.715605617E-1,1.058534503E0
3.780845750E0,-6.223707199E-1,8.798776865E-1,1.169442415E0
3.790860750E0,-7.267625928E-1,1.121247292E0,1.268635035E0
3.800874750E0,-6.133305430E-1,1.178005695E0,1.357783556E0
3.810889750E0,-2.742420435E-1,1.069329143E0,1.458733320E0
3.820903750E0,1.821449399E-1,9.070065618E-1,1.540392995E0
3.830918750E0,5.985611081E-1,8.193457127E-1,1.606864929E0
3.840932750E0,8.117506504E-1,8.948633671E-1,1.680065632E0
3.850947750E0,7.891653776E-1,1.131005287E0,1.797075152E0
3.860961750E0,6.880747080E-1,1.459751844E0,1.955721259E0
3.870976750E0,6.724430323E-1,1.742165446E0,2.157896519E0
3.880990750E0,7.525623441E-1,1.849860668E0,2.388542414E0
3.891005750E0,9.314096570E-1,1.753880143E0,2.586308002E0
3.901020750E0,1.166135073E0,1.523502350E0,2.724899054E0
3.911034750E0,1.390226126E0,1.269356251E0,2.830286503E0
3.921049750E0,1.591892958E0,1.083763480E0,2.909056425E0
3.931062708E0,1.778414607E0,9.307957292E-1,2.983220339E0
3.941077708E0,1.938012004E0,8.977389932E-1,3.073247910E0
3.951091708E0,2.070673466E0,9.399656057E-1,3.109163284E0
3.961106708E0,2.189611673E0,9.726333022E-1,3.099947453E0
3.971120708E0,2.273473501E0,9.754165411E-1,3.112182617E0
3.981135708E0,2.257494211E0,1.005376935E0,3.160740137E0
3.991149708E0,2.181633234E0,1.109459996E0,3.242770195E0
4.001164708E0,2.084875584E0,1.182107091E0,3.325123787E0
4.011178708E0,2.089586973E0,1.070254445E0,3.470918894E0
4.021193708E0,2.296273708E0,8.255431056E-1,3.677397728E0
4.031208708E0,2.608564138E0,5.049690604E-1,3.841754436E0
4.041222708E0,2.882233620E0,2.769462466E-1,3.902079821E0
4.051237708E0,2.990504742E0,2.853961885E-1,3.883991480E0
4.061251708E0,2.878549337E0,4.432508051E-1,3.820631504E0
4.071266708E0,2.609099627E0,6.724334955E-1,3.732639790E0
4.081280708E0,2.401033163E0,8.717516661E-1,3.596236467E0
4.091295708E0,2.363511562E0,8.878334761E-1,3.468472719E0
4.101309708E0,2.424765587E0,7.697278857E-1,3.426238537E0
4.111324708E0,2.518585920E0,6.322652102E-1,3.382885218E0
4.121338708E0,2.557963610E0,6.020020843E-1,3.267655134E0
4.131353708E0,2.477153540E0,6.965771914E-1,3.075099707E0
4.141367708E0,2.294522762E0,7.695659399E-1,2.858622789E0
4.151382708E0,2.087293386E0,7.707868814E-1,2.657997131E0
4.161397708E0,1.951683640E0,6.139368415E-1,2.518541098E0
4.171411708E0,1.972416759E0,4.120526910E-1,2.397185564E0
4.181426708E0,2.053143978E0,2.023663074E-1,2.271811962E0
4.191440708E0,2.133930206E0,4.492581263E-2,2.132218838E0
4.201455708E0,2.167839050E0,-7.075551152E-2,1.926496387E0
4.211469708E0,2.091092587E0,-1.145431995E-1,1.640157819E0
4.221484708E0,1.892913938E0,-9.970167279E-2,1.321383834E0
4.231498708E0,1.634746432E0,-5.755437165E-2,1.029413939E0
4.241513708E0,1.384863019E0,-5.289783329E-2,8.067056537E-1
4.251527708E0,1.171549559E0,-1.681225747E-2,6.397452950E-1
4.261542708E0,9.613404870E-1,7.842531800E-2,4.991692305E-1
4.271556708E0,7.488034368E-1,1.357313395E-1,3.678958714E-1
4.281571708E0,5.466799140E-1,1.521966010E-1,2.163215131E-1
4.291586708E0,3.110106289E-1,1.150987744E-1,-9.625007398E-3
4.301600708E0,5.948517844E-2,-2.699019201E-2,-2.804069519E-1
4.311615708E0,-1.373883039E-1,-2.397545129E-1,-5.460797548E-1
4.321629708E0,-2.729498446E-1,-4.940544367E-1,-7.983474135E-1
4.331644708E0,-3.991070688E-1,-7.187446356E-1,-1.022010684E0
4.341658708E0,-5.306015015E-1,-8.669705987E-1,-1.211888552E0
4.351673708E0,-6.563377976E-1,-9.263565540E-1,-1.359690189E0
4.361687708E0,-7.308937907E-1,-9.454240203E-1,-1.490888476E0
4.371702708E0,-7.599235773E-1,-1.057212830E0,-1.619220614E0
4.381717708E0,-8.014582396E-1,-1.229679346E0,-1.765759706E0
4.391731708E0,-8.989008069E-1,-1.372763395E0,-1.939090967E0
4.401746708E0,-1.089592695E0,-1.418716788E0,-2.115609407E0
4.411760708E0,-1.325839996E0,-1.429363608E0,-2.270303965E0
4.421775708E0,-1.562490582E0,-1.480408192E0,-2.364216328E0
4.431789708E0,-1.775003195E0,-1.580532193E0,-2.408863068E0
4.441804708E0,-1.907227278E0,-1.651721954E0,-2.472849369E0
4.451818708E0,-2.004973650E0,-1.709321380E0,-2.545979977E0
4.461833708E0,-2.112764835E0,-1.717225313E0,-2.602469444E0
4.471847708E0,-2.238970995E0,-1.690470338E0,-2.632416248E0
4.481862708E0,-2.397717476E0,-1.601338029E0,-2.661363125E0
4.491877708E0,-2.551951170E0,-1.466983080E0,-2.703034639E0
4.501891708E0,-2.650460243E0,-1.315308571E0,-2.780155659E0
4.511906708E0,-2.715178013E0,-1.199658394E0,-2.883620262E0
4.521920708E0,-2.729412317E0,-1.148839235E0,-2.967421293E0
4.531935708E0,-2.709016800E0,-1.153898358E0,-3.041622877E0
4.541949708E0,-2.671557665E0,-1.200935841E0,-3.108029842E0
4.551964708E0,-2.627844334E0,-1.183283567E0,-3.155142307E0
4.561978708E0,-2.608338594E0,-1.085580468E0,-3.159815311E0
4.571993708E0,-2.598080158E0,-9.238111377E-1,-3.145273924E0
4.582008708E0,-2.596375465E0,-7.533983588E-1,-3.124594688E0
4.592022708E0,-2.583582878E0,-6.283507347E-1,-3.078682899E0
4.602037708E0,-2.557345390E0,-5.479522943E-1,-3.011708021E0
4.612051708E0,-2.541332722E0,-5.229886174E-1,-2.946608305E0
4.622066708E0,-2.481932163E0,-5.880253911E-1,-2.884048939E0
4.632080708E0,-2.358229876E0,-7.363743186E-1,-2.801485300E0
4.642095708E0,-2.221247911E0,-9.952381253E-1,-2.673160076E0
4.652109708E0,-2.116943598E0,-1.284039259E0,-2.500594378E0
4.662124708E0,-2.113081217E0,-1.499251246E0,-2.318522453E0
4.672139708E0,-2.249906778E0,-1.450254679E0,-2.107082605E0
4.682153708E0,-2.524948835E0,-1.166315675E0,-1.839403272E0
4.692168708E0,-2.799423218E0,-7.098981738E-1,-1.519665360E0
4.702182708E0,-2.906629086E0,-2.160151899E-1,-1.174351931E0
4.712197708E0,-2.756581545E0,2.433133721E-1,-8.476202488E-1
4.722211708E0,-2.313958168E0,5.648320317E-1,-5.834309459E-1
4.732226708E0,-1.644057155E0,6.116954088E-1,-3.689374626E-1
4.742240708E0,-9.163540006E-1,4.139157236E-1,-1.930045187E-1
4.752255708E0,-2.590144575E-1,6.400606036E-2,-2.742491104E-2
4.762270708E0,2.567226589E-1,-3.286549151E-1,1.488973796E-1
4.772284708E0,5.423170924E-1,-5.485586524E-1,3.427111506E-1
4.782299708E0,5.846267343E-1,-3.879237175E-1,4.867058694E-1
4.792313708E0,5.017584562E-1,8.605398238E-2,6.181791425E-1
4.802328708E0,3.006325662E-1,6.428618431E-1,7.697963715E-1
4.812342708E0,9.608572721E-2,1.137870193E0,9.285970926E-1
4.822357708E0,6.360448897E-2,1.342183709E0,1.063999057E0
4.832371708E0,2.112701684E-1,1.191919088E0,1.218406081E0
4.842386708E0,5.295842290E-1,8.308304548E-1,1.397337556E0
4.852401708E0,1.038881302E0,4.224379957E-1,1.514871120E0
4.862415708E0,1.578426838E0,2.326454222E-1,1.521501541E0
4.872430708E0,1.993074894E0,2.958722115E-1,1.386068463E0
4.882444708E0,2.204886198E0,5.200581551E-1,1.132868648E0
4.892459708E0,2.177042007E0,6.590580344E-1,8.569535613E-1
4.902473708E0,2.147394657E0,5.639613271E-1,6.834062934E-1
4.912488708E0,2.301868439E0,4.545870423E-1,6.251275539E-1
4.922503708E0,2.541772366E0,3.507940471E-1,5.797635317E-1
4.932517500E0,2.822038651E0,3.040704429E-1,5.155447721E-1
4.942532500E0,3.073564768E0,4.326127172E-1,4.508728683E-1
4.952546500E0,3.228069305E0,7.392858267E-1,4.063918889E-1
4.962561500E0,3.229009151E0,1.122201800E0,4.178370833E-1
4.972575500E0,3.040957689E0,1.511076093E0,5.170585513E-1
4.982590500E0,2.924893379E0,1.681163669E0,6.930556893E-1
4.992604500E0,3.090303183E0,1.445659995E0,8.421486020E-1
5.002619500E0,3.517351866E0,1.105433226E0,9.459421635E-1
5.012634500E0,3.938647509E0,8.102056980E-1,9.502817988E-1
5.022648500E0,4.159720898E0,7.037375569E-1,8.610810637E-1
5.032663500E0,4.226419926E0,8.060536981E-1,6.658846140E-1
5.042677500E0,4.145291328E0,9.892672300E-1,4.475570917E-1
5.052692500E0,3.982676983E0,1.124038815E0,3.862862587E-1
5.062706500E0,3.922319412E0,1.084757209E0,5.282282829E-1
5.072721500E0,4.137352943E0,9.481692314E-1,6.631250978E-1
5.082736500E0,4.427533627E0,8.505885601E-1,7.105408311E-1
5.092750500E0,4.600337029E0,8.639726639E-1,6.550596356E-1
5.102765500E0,4.621713638E0,1.031201601E0,6.295604110E-1
5.112779500E0,4.447380543E0,1.278725505E0,6.198673844E-1
5.122794500E0,4.143712997E0,1.590963840E0,6.487980485E-1
5.132808500E0,3.739515543E0,1.858479977E0,7.653797269E-1
5.142823500E0,3.399666309E0,1.996971250E0,9.662363529E-1
5.152837500E0,3.207201958E0,1.967102051E0,1.157519460E0
5.162852500E0,3.102550030E0,1.794045568E0,1.259678841E0
5.172867500E0,3.085269928E0,1.572932959E0,1.302021623E0
5.182881500E0,3.128143072E0,1.371317506E0,1.366808653E0
5.192896500E0,3.197617292E0,1.308341146E0,1.410141468E0
5.202910500E0,3.237177849E0,1.316246510E0,1.395441771E0
5.212925500E0,3.153343201E0,1.240546823E0,1.342547059E0
5.222939500E0,2.987953901E0,1.018795013E0,1.315934181E0
5.232954500E0,2.736246586E0,6.688532829E-1,1.276707411E0
5.242969500E0,2.376056671E0,3.855073154E-1,1.215293050E0
5.252983500E0,1.978139520E0,2.584827840E-1,1.172419786E0
5.262998500E0,1.709189534E0,2.782413065E-1,1.124380350E0
5.273012500E0,1.535253644E0,3.213102221E-1,1.068424225E0
5.283027500E0,1.346163869E0,3.241760433E-1,9.707697630E-1
5.293041500E0,1.142913938E0,2.759038508E-1,8.202235699E-1
5.303056500E0,9.648190141E-1,1.484782696E-1,6.525059938E-1
5.313071500E0,8.055686951E-1,-7.206835598E-2,4.709145427E-1
5.323085500E0,6.166566014E-1,-3.810821176E-1,3.100111485E-1
5.333100500E0,3.757865429E-1,-6.232050061E-1,1.091271117E-1
5.343114500E0,6.148827448E-2,-7.898696065E-1,-1.376384646E-1
5.353129500E0,-2.736942768E-1,-8.937734365E-1,-3.301244378E-1
5.363143500E0,-6.051347852E-1,-9.174219966E-1,-4.383995235E-1
5.373158500E0,-9.009622335E-1,-9.526982307E-1,-5.136766434E-1
5.383173500E0,-1.103648305E0,-1.042618752E0,-5.968844891E-1
5.393187500E0,-1.238759875E0,-1.119487524E0,-6.958538294E-1
5.403202500E0,-1.346165657E0,-1.232531428E0,-7.870489955E-1
5.413216500E0,-1.456174731E0,-1.354961514E0,-8.431432843E-1
5.423231500E0,-1.600705266E0,-1.470875382E0,-9.256560206E-1
5.433245500E0,-1.788839936E0,-1.504083395E0,-1.043351054E0
5.443260500E0,-2.079148293E0,-1.462433219E0,-1.168277740E0
5.453275500E0,-2.404306889E0,-1.424466133E0,-1.312183976E0
5.463289500E0,-2.659262896E0,-1.420036197E0,-1.461543679E0
5.473304500E0,-2.779811621E0,-1.495962381E0,-1.572902441E0
5.483318500E0,-2.761230230E0,-1.630710006E0,-1.642102003E0
5.493333500E0,-2.671573639E0,-1.791288137E0,-1.716721058E0
5.503348500E0,-2.568474531E0,-1.889291406E0,-1.796142578E0
5.513362500E0,-2.540055275E0,-1.976391792E0,-1.853286505E0
5.523377500E0,-2.565425158E0,-2.037153244E0,-1.867944241E0
5.533391500E0,-2.617480516E0,-2.095539808E0,-1.848493814E0
5.543406500E0,-2.686319351E0,-2.151461124E0,-1.845272779E0
5.553420500E0,-2.733572245E0,-2.213588715E0,-1.860678077E0
5.563435500E0,-2.723101139E0,-2.248410463E0,-1.905597091E0
5.573450500E0,-2.734796762E0,-2.247519970E0,-1.982265711E0
5.583464500E0,-2.786344290E0,-2.076227903E0,-2.044129848E0
5.593479500E0,-2.901883841E0,-1.841434002E0,-2.065727949E0
5.603493500E0,-3.079237223E0,-1.590597630E0,-2.037611008E0
5.613508500E0,-3.261813879E0,-1.343425989E0,-1.980759501E0
5.623522500E0,-3.391107321E0,-1.075402498E0,-1.937358975E0
5.633537500E0,-3.413348198E0,-8.337514400E-1,-1.881624222E0
5.643552500E0,-3.283371687E0,-7.816666365E-1,-1.807427526E0
5.653566500E0,-2.942302227E0,-1.010313272E0,-1.670502067E0
5.663581500E0,-2.571602345E0,-1.257892132E0,-1.496760964E0
5.673595500E0,-2.331803560E0,-1.264720798E0,-1.301813483E0
5.683610500E0,-2.235922337E0,-1.201606512E0,-1.076236010E0
5.693624500E0,-2.204804897E0,-1.057049632E0,-8.024166226E-1
5.703639500E0,-2.142853498E0,-9.706076980E-1,-5.477343202E-1
5.713654500E0,-1.921571374E0,-9.905321598E-1,-3.519106209E-1
5.723668500E0,-1.548555970E0,-1.137036085E0,-2.310494483E-1
5.733683500E0,-1.176562428E0,-1.334923744E0,-1.663163453E-1
5.743697500E0,-9.456273913E-1,-1.387995481E0,-1.006782055E-1
5.753712500E0,-9.024510980E-1,-1.263359070E0,4.853798822E-2
5.763727500E0,-8.729230165E-1,-1.093110561E0,2.977257073E-1
5.773741500E0,-7.160244584E-1,-9.221223593E-1,5.945078135E-1
5.783756500E0,-4.346290529E-1,-7.377138734E-1,8.488980532E-1
5.793770500E0,-3.111764975E-2,-6.018819809E-1,1.015166163E0
5.803785500E0,4.635629058E-1,-6.665483117E-1,1.149384975E0
5.813799500E0,9.703916311E-1,-8.169084191E-1,1.189459085E0
5.823814500E0,1.353644729E0,-1.099234104E0,1.242704749E0
5.833829500E0,1.537915945E0,-1.293365002E0,1.260732532E0
5.843843500E0,1.519993067E0,-1.458127618E0,1.199212909E0
5.853858500E0,1.428819537E0,-1.647603989E0,1.079425335E0
5.863872500E0,1.351384163E0,-1.814328194E0,9.058468938E-1
5.873887500E0,1.373137474E0,-1.803282261E0,7.110680342E-1
5.883902500E0,1.468655467E0,-1.499165535E0,5.024482608E-1
5.893916500E0,1.548641562E0,-9.778918624E-1,2.152018249E-1
5.903931500E0,1.530372262E0,-5.138698816E-1,-1.551791728E-1
5.913945500E0,1.370459437E0,-3.228660524E-1,-5.735216141E-1
5.923960500E0,1.099563241E0,-4.090765715E-1,-1.035744667E0
5.933974500E0,8.192324638E-1,-6.579315066E-1,-1.512634993E0
5.943989500E0,5.812265873E-1,-9.602239728E-1,-1.965948701E0
5.954004500E0,3.029316366E-1,-1.231177926E0,-2.345325708E0
5.964018500E0,2.821298689E-2,-1.338507056E0,-2.651955605E0
5.974033500E0,-1.807069480E-1,-1.305260897E0,-2.895795584E0
5.984047500E0,-3.060110807E-1,-1.253179312E0,-3.060991049E0
5.994062500E0,-3.744730651E-1,-1.187262893E0,-3.151058197E0
6.004077500E0,-4.139288664E-1,-1.199689150E0,-3.179106712E0
6.014091500E0,-4.340639114E-1,-1.325815439E0,-3.161057949E0
6.024106500E0,-4.193163812E-1,-1.557284355E0,-3.117858887E0
6.034120500E0,-3.360262513E-1,-1.817251801E0,-3.073950052E0
6.044135500E0,-2.460899800E-1,-2.035261154E0,-3.020957708E0
6.054149500E0,-1.768346727E-1,-2.132137060E0,-2.970923662E0
6.064164500E0,-1.185593829E-1,-2.129405975E0,-2.885715008E0
6.074179500E0,-7.546830922E-2,-2.096743345E0,-2.767912626E0
6.084193500E0,-4.909715429E-2,-2.010529280E0,-2.668812037E0
6.094208500E0,-4.223497957E-2,-1.891508102E0,-2.592813730E0
6.104222500E0,-1.322913766E-1,-1.703490734E0,-2.532022476E0
6.114237500E0,-3.653950989E-1,-1.499095082E0,-2.521932125E0
6.124252500E0,-6.727611423E-1,-1.314233661E0,-2.551980495E0
6.134266500E0,-1.029141545E0,-1.189939618E0,-2.610897303E0
6.144281500E0,-1.313270688E0,-1.189175010E0,-2.667586565E0
6.154295500E0,-1.497031689E0,-1.244370937E0,-2.724772215E0
6.164310500E0,-1.668496728E0,-1.339092851E0,-2.810753584E0
6.174324500E0,-1.754948020E0,-1.452019572E0,-2.874109983E0
6.184339500E0,-1.743043065E0,-1.531652093E0,-2.876328468E0
6.194354500E0,-1.671490312E0,-1.587440968E0,-2.830985069E0
6.204368500E0,-1.579270720E0,-1.552539706E0,-2.753339052E0
6.214383500E0,-1.458367705E0,-1.437826753E0,-2.665287495E0
6.224397500E0,-1.305000782E0,-1.193428516E0,-2.565900087E0
6.234412500E0,-1.119184494E0,-8.092679381E-1,-2.401650190E0
6.244427500E0,-9.265655279E-1,-4.094504714E-1,-2.156126499E0
6.254441500E0,-7.634457946E-1,-8.379675448E-2,-1.939731717E0
6.264456500E0,-6.273766160E-1,1.605575830E-1,-1.723444700E0
6.274470500E0,-5.837796330E-1,5.594598651E-1,-1.563129306E0
6.284485500E0,-6.501794457E-1,9.760254025E-1,-1.430638433E0
6.294500500E0,-7.157151699E-1,1.283333063E0,-1.298661828E0
6.304514500E0,-7.014517784E-1,1.337671876E0,-1.151884675E0
6.314529500E0,-5.428983569E-1,1.121743321E0,-9.864203334E-1
6.324543500E0,-2.925449312E-1,6.164047718E-1,-8.064782619E-1
6.334558500E0,-2.813561447E-2,1.489054412E-2,-6.645464897E-1
6.344573500E0,1.876787096E-1,-4.771963954E-1,-5.344281793E-1
6.354587500E0,2.177539170E-1,-5.137121081E-1,-3.360389471E-1
6.364602500E0,7.371604443E-2,-1.862213612E-1,-6.595206261E-2
6.374616500E0,-9.345063567E-2,2.063198835E-1,2.261084318E-1
6.384631500E0,-1.504649222E-1,4.535778761E-1,4.893912077E-1
6.394645500E0,-7.092157751E-2,5.001996160E-1,7.209835649E-1
6.404660500E0,9.434460849E-2,3.727660477E-1,9.265835881E-1
6.414675500E0,2.822813392E-1,1.878475547E-1,1.138738990E0
6.424689500E0,4.867170155E-1,-1.336172223E-2,1.372319818E0
6.434704500E0,6.469803452E-1,-1.888549477E-1,1.615956187E0
6.444718500E0,7.231360674E-1,-3.244998455E-1,1.861278296E0
6.454733500E0,7.739240527E-1,-4.438125789E-1,2.111316919E0
6.464748500E0,8.277034163E-1,-4.925588369E-1,2.285126209E0
6.474762500E0,8.389103413E-1,-4.194021225E-1,2.386385918E0
6.484777500E0,7.642049193E-1,-2.712044120E-1,2.446540356E0
6.494791500E0,6.072298288E-1,-1.156991348E-1,2.472571611E0
6.504806500E0,4.374474585E-1,3.250418231E-2,2.457810640E0
6.514821500E0,2.750362456E-1,1.482208371E-1,2.369709730E0
6.524835500E0,1.277573258E-1,2.131622881E-1,2.305402040E0
6.534850500E0,3.612390533E-2,2.476173043E-1,2.278120518E0
6.544864500E0,6.181994453E-2,2.171701789E-1,2.303159952E0
6.554879500E0,2.443455011E-1,1.128134280E-1,2.407294750E0
6.564894500E0,5.055899024E-1,-1.662950963E-2,2.571393251E0
6.574908500E0,7.243920565E-1,3.975225613E-2,2.733599186E0
6.584923500E0,8.103299141E-1,3.404388428E-1,2.915332079E0
6.594937500E0,7.442249060E-1,8.029345870E-1,3.113644123E0
6.604952500E0,5.453968048E-1,1.269698739E0,3.287635088E0
6.614967500E0,3.972939253E-1,1.615693450E0,3.521773577E0
6.624981500E0,3.880541027E-1,1.675824523E0,3.788178205E0
6.634996500E0,4.594546854E-1,1.454915524E0,3.935432196E0
6.645010500E0,5.928279161E-1,1.153314829E0,3.943798065E0
6.655025500E0,7.580528855E-1,8.550523520E-1,3.847072363E0
6.665039500E0,8.861134052E-1,8.356751800E-1,3.735962868E0
6.675054500E0,8.478274941E-1,1.181119442E0,3.632627964E0
6.685069500E0,6.381046772E-1,1.600125432E0,3.642418385E0
6.695083500E0,5.723294616E-1,1.651390910E0,3.846553564E0
6.705098500E0,7.464498281E-1,1.353649974E0,4.009069920E0
6.715112500E0,9.177429676E-1,1.024666786E0,3.988555431E0
6.725127500E0,9.360668659E-1,9.606014490E-1,3.767596245E0
6.735142500E0,6.892818809E-1,1.402277708E0,3.432954073E0
6.745156500E0,2.523799539E-1,2.164914370E0,3.117105246E0
6.755171500E0,-4.864083230E-2,2.657100916E0,3.025852919E0
6.765185500E0,-3.554317867E-3,2.666957855E0,3.160875082E0
6.775200500E0,1.497829556E-1,2.311501026E0,3.230373144E0
6.785215500E0,2.085072547E-1,1.813521743E0,3.083720446E0
6.795229500E0,1.394506991E-1,1.553753495E0,2.770791531E0
6.805244500E0,-7.756896317E-2,1.573882103E0,2.391822338E0
6.815258500E0,-3.168329000E-1,1.619423985E0,2.084426165E0
6.825273500E0,-3.750905991E-1,1.449386001E0,1.910286188E0
6.835288500E0,-3.630350232E-1,1.152361751E0,1.748395562E0
6.845302500E0,-3.968366683E-1,7.879503965E-1,1.587848544E0
6.855317500E0,-3.632590175E-1,3.795031607E-1,1.454873681E0
6.865332500E0,-2.071122825E-1,-5.200484768E-2,1.330338717E0
6.875346500E0,2.342710271E-2,-4.280169308E-1,1.173577070E0
6.885361500E0,2.190469354E-1,-6.282088757E-1,9.423006773E-1
6.895375500E0,3.186149299E-1,-6.011611819E-1,6.902028918E-1
6.905390500E0,3.374426663E-1,-2.536716759E-1,5.148997903E-1
6.915405500E0,2.709034979E-1,2.948894799E-1,4.149824679E-1
6.925419500E0,1.190780252E-1,7.048400044E-1,3.048543632E-1
6.935434833E0,5.390151870E-3,8.056580424E-1,1.465708017E-1
6.945448833E0,-9.461764246E-3,5.691781640E-1,2.584997006E-2
6.955463833E0,1.306382716E-1,6.853424013E-2,-5.164812505E-2
6.965478833E0,3.272184432E-1,-4.872400463E-1,-1.077044755E-1
6.975492833E0,4.117277265E-1,-9.155429602E-1,-1.176638976E-1
6.985507833E0,3.735094965E-1,-1.193217397E0,-6.086985394E-2
6.995522833E0,2.114411443E-1,-1.339081168E0,-3.630040586E-2
7.005536833E0,-3.931303695E-2,-1.385306478E0,-6.014448404E-2
7.015551833E0,-1.640909165E-1,-1.320611835E0,-1.481516063E-1
7.025565833E0,-1.227938011E-1,-1.343099833E0,-2.123604119E-1
7.035580833E0,-1.656449214E-2,-1.479997158E0,-2.517234385E-1
7.045595833E0,1.066911370E-1,-1.601439476E0,-3.021655679E-1
7.055609833E0,1.949364841E-1,-1.611079216E0,-3.776832819E-1
7.065624833E0,1.858146191E-1,-1.586251378E0,-4.517921209E-1
7.075638833E0,1.061962396E-1,-1.620882988E0,-4.775074124E-1
7.085653833E0,-3.679313883E-2,-1.768436193E0,-4.838252366E-1
7.095668833E0,-1.714072526E-1,-1.924923778E0,-4.846918881E-1
7.105682833E0,-3.263374567E-1,-2.152655602E0,-5.521374941E-1
7.115697833E0,-5.398352742E-1,-2.429704428E0,-6.604804397E-1
7.125712833E0,-7.435457706E-1,-2.640956640E0,-8.223606944E-1
7.135726833E0,-1.012840867E0,-2.696735382E0,-9.759848714E-1
7.145741833E0,-1.392207384E0,-2.701226711E0,-1.099669218E0
7.155755833E0,-1.802694082E0,-2.733834982E0,-1.175897717E0
7.165770833E0,-2.098605871E0,-2.797565699E0,-1.219611406E0
7.175785833E0,-2.277627707E0,-2.839601755E0,-1.230048299E0
7.185799833E0,-2.443489790E0,-2.823048830E0,-1.262979388E0
7.195814833E0,-2.637989759E0,-2.780920506E0,-1.315834522E0
7.205829833E0,-2.812734365E0,-2.744947910E0,-1.363068581E0
7.215843833E0,-2.936290979E0,-2.689503670E0,-1.435030341E0
7.225858833E0,-3.006656170E0,-2.638892651E0,-1.507041931E0
7.235873833E0,-3.002819300E0,-2.587305069E0,-1.552039742E0
7.245887833E0,-3.005137205E0,-2.501446962E0,-1.616687417E0
7.255902833E0,-3.095684767E0,-2.372820616E0,-1.714523435E0
7.265916833E0,-3.203614473E0,-2.201322079E0,-1.803802729E0
7.275931833E0,-3.282253265E0,-2.017245293E0,-1.896622300E0
7.285946833E0,-3.374034882E0,-1.932186007E0,-2.033270121E0
7.295960833E0,-3.342791319E0,-1.898228765E0,-2.107641697E0
7.305975833E0,-3.201410055E0,-1.881214857E0,-2.080377102E0
7.315990833E0,-3.077643633E0,-1.870815635E0,-2.014003038E0
7.326004833E0,-2.993654251E0,-1.876508594E0,-1.954730749E0
7.336019833E0,-2.914817572E0,-1.855980158E0,-1.940185547E0
7.346033833E0,-2.833247185E0,-1.835485101E0,-1.967341542E0
7.356048833E0,-2.693930387E0,-1.878360152E0,-1.964351654E0
7.366063833E0,-2.494771242E0,-1.941837430E0,-1.934448600E0
7.376077833E0,-2.401623964E0,-1.610250711E0,-1.950381517E0
7.386092833E0,-2.450545073E0,-9.920766950E-1,-1.944406629E0
7.396107833E0,-2.462557316E0,-3.568792343E-1,-1.860038757E0
7.406121833E0,-2.343371153E0,2.956514619E-2,-1.739722252E0
7.416136833E0,-2.099831343E0,1.438659802E-2,-1.614706039E0
7.426150833E0,-1.737003922E0,-4.337448478E-1,-1.511531711E0
7.436165833E0,-1.336308599E0,-1.159074545E0,-1.373423815E0
7.446180833E0,-1.037661195E0,-1.848503113E0,-1.193893552E0
7.456194833E0,-8.529257178E-1,-2.182986498E0,-9.659887552E-1
7.466209833E0,-7.230407000E-1,-2.244014263E0,-7.793458700E-1
7.476224833E0,-5.965487361E-1,-2.092935324E0,-6.481680870E-1
7.486238833E0,-3.375850618E-1,-1.844498277E0,-5.079259872E-1
7.496253833E0,-7.215685397E-2,-1.564662695E0,-3.858978748E-1
7.506267833E0,1.176090837E-1,-1.170297623E0,-2.785439789E-1
7.516282833E0,2.228540480E-1,-7.171387076E-1,-1.536567062E-1
7.526297833E0,2.786496878E-1,-2.956162393E-1,-2.403426170E-2
7.536311833E0,3.931053579E-1,4.224442318E-2,1.072354168E-1
7.546326833E0,5.599686503E-1,2.158913165E-1,2.397135645E-1
7.556341833E0,7.520474792E-1,2.588095069E-1,3.363491893E-1
7.566355833E0,9.849406481E-1,2.211399078E-1,4.174661636E-1
7.576370833E0,1.162334561E0,3.438946605E-2,4.986377656E-1
7.586385833E0,1.271811008E0,-2.250221372E-1,5.896863937E-1
7.596399833E0,1.306058407E0,-5.022313595E-1,6.694828272E-1
7.606414833E0,1.303090572E0,-8.284669518E-1,7.585186958E-1
7.616428833E0,1.321229219E0,-1.057901621E0,8.372448683E-1
7.626443833E0,1.331373692E0,-1.077508569E0,9.149398804E-1
7.636458833E0,1.357138991E0,-9.572989345E-1,1.004051089E0
7.646472833E0,1.446138978E0,-6.235379577E-1,1.073016286E0
7.656487833E0,1.599364758E0,-6.602476537E-2,1.154122114E0
7.666502833E0,1.720360160E0,4.653408527E-1,1.262224078E0
7.676516833E0,1.816208959E0,9.283044338E-1,1.426191688E0
7.686531833E0,1.836496234E0,1.207986593E0,1.591199279E0
7.696545833E0,1.821465373E0,1.281344771E0,1.701444983E0
7.706560833E0,1.952516675E0,1.189881921E0,1.810305715E0
7.716575833E0,2.183610201E0,9.623563290E-1,1.835646510E0
7.726589833E0,2.358390570E0,8.938265443E-1,1.711394310E0
7.736604833E0,2.357543707E0,1.008753896E0,1.562054992E0
7.746619833E0,2.168764353E0,1.098863840E0,1.458651900E0
7.756633833E0,1.899205446E0,1.161174417E0,1.507082701E0
7.766648833E0,1.568214536E0,1.084846377E0,1.662564993E0
7.776662833E0,1.338458061E0,1.138776898E0,1.849420190E0
7.786677833E0,1.193063259E0,1.335535765E0,1.984802008E0
7.796692833E0,1.200557947E0,1.467075706E0,2.201817036E0
7.806706833E0,1.381060600E0,1.331775904E0,2.377484798E0
7.816721833E0,1.855215669E0,9.982759953E-1,2.470379829E0
7.826736833E0,2.496606112E0,6.437112093E-1,2.517312050E0
7.836750833E0,2.776270390E0,5.366671085E-1,2.471000671E0
7.846765833E0,2.581128120E0,8.502388597E-1,2.367618322E0
7.856779833E0,2.122004271E0,1.462299824E0,2.221222401E0
7.866794833E0,1.577507854E0,1.992348790E0,2.080285549E0
7.876809833E0,1.235956788E0,2.154476166E0,1.979450107E0
7.886823833E0,1.162066340E0,1.965285301E0,1.877361536E0
7.896838833E0,1.202731609E0,1.679951429E0,1.719051361E0
7.906853833E0,1.112626433E0,1.493816733E0,1.530282021E0
7.916867833E0,8.324067593E-1,1.553790212E0,1.403809071E0
7.926882833E0,4.477230310E-1,1.539177418E0,1.313883424E0
7.936896333E0,3.255641162E-1,1.274715185E0,1.347179890E0
7.946911333E0,4.448231161E-1,8.065775633E-1,1.328862309E0
7.956926333E0,5.475039482E-1,4.061319530E-1,1.180959940E0
7.966940333E0,5.952733755E-1,1.842312664E-1,9.492755532E-1
7.976955333E0,5.475938916E-1,2.138412446E-1,7.372295856E-1
7.986970333E0,3.036968112E-1,5.466176271E-1,5.750305653E-1
7.996984333E0,-7.710685581E-2,9.073173404E-1,4.203149974E-1
8.006999333E0,-3.016779125E-1,1.069039583E0,3.641055226E-1
8.017013333E0,-3.001117706E-1,9.715065360E-1,3.460717201E-1
8.027028333E0,-2.879677415E-1,7.408820987E-1,2.575650215E-1
8.037043333E0,-2.839838862E-1,5.918461680E-1,1.037802249E-1
8.047057333E0,-2.431261986E-1,5.608096719E-1,1.111952402E-2
8.057072333E0,-2.501578629E-1,5.437853932E-1,-5.272342265E-2
8.067087333E0,-2.915892005E-1,5.088487267E-1,-7.694966346E-2
8.077101333E0,-3.462867141E-1,4.456346631E-1,-6.318071485E-2
8.087116333E0,-4.075234234E-1,3.807709813E-1,-1.900872216E-2
8.097130333E0,-4.730696976E-1,3.028392792E-1,2.736275457E-2
8.107145333E0,-5.584330559E-1,2.230807990E-1,6.622599810E-2
8.117160333E0,-6.600524783E-1,1.254752278E-1,9.699033201E-2
8.127174333E0,-8.126396537E-1,1.738382503E-3,9.786171466E-2
8.137189333E0,-9.689387679E-1,-6.637514383E-2,8.058851957E-2
8.147204333E0,-1.122279763E0,-1.014804021E-1,5.417475104E-2
8.157218333E0,-1.240160227E0,-8.244568855E-2,6.303108484E-2
8.167233333E0,-1.297895670E0,-5.976354331E-2,9.642419219E-2
8.177247333E0,-1.371184945E0,-5.085970089E-2,1.476053745E-1
8.187262333E0,-1.455071568E0,-4.809294268E-2,1.975923777E-1
8.197277333E0,-1.486477017E0,-6.978102773E-2,2.613662481E-1
8.207291333E0,-1.505608439E0,-1.326007396E-1,3.579287231E-1
8.217306333E0,-1.543833375E0,-1.920233071E-1,4.820235968E-1
8.227321333E0,-1.620939374E0,-2.190599740E-1,6.262497306E-1
8.237335333E0,-1.778339505E0,-1.952159256E-1,7.700674534E-1
8.247350333E0,-1.988391042E0,-1.635075361E-1,8.915017247E-1
8.257364333E0,-2.213388681E0,-1.692391783E-1,9.599416256E-1
8.267379333E0,-2.377894878E0,-2.621765733E-1,9.983641505E-1
8.277394333E0,-2.482915878E0,-4.002921283E-1,1.013940215E0
8.287408333E0,-2.537475824E0,-5.266354084E-1,1.054002762E0
8.297423333E0,-2.565119505E0,-6.121741533E-1,1.112910151E0
8.307438333E0,-2.597271204E0,-6.549085379E-1,1.175731897E0
8.317452333E0,-2.575601578E0,-6.164085865E-1,1.247000217E0
8.327467333E0,-2.542098045E0,-5.478180647E-1,1.304644108E0
8.337481333E0,-2.542442560E0,-4.695254266E-1,1.347665668E0
8.347496333E0,-2.587212563E0,-3.188759983E-1,1.375122666E0
8.357511333E0,-2.685384750E0,-7.747983187E-2,1.385682464E0
8.367525333E0,-2.819341660E0,2.159643024E-1,1.374747872E0
8.377540333E0,-2.951543570E0,4.863245487E-1,1.347195864E0
8.387555333E0,-3.008322239E0,6.451349258E-1,1.358870387E0
8.397569333E0,-2.957610607E0,6.200868487E-1,1.425313473E0
8.407584333E0,-2.893196821E0,4.337050021E-1,1.479085326E0
8.417598333E0,-2.806479454E0,1.762877256E-1,1.494916558E0
8.427613333E0,-2.667247534E0,-5.292123556E-2,1.492254257E0
8.437628333E0,-2.584461927E0,-7.358013839E-2,1.520054340E0
8.447642333E0,-2.632196426E0,9.304000437E-2,1.542422414E0
8.457657333E0,-2.727697134E0,4.387084544E-1,1.515824676E0
8.467672333E0,-2.768173456E0,7.559159398E-1,1.451518416E0
8.477686333E0,-2.726721525E0,8.164221644E-1,1.405284166E0
8.487701333E0,-2.518771410E0,7.779027224E-1,1.400663614E0
8.497715333E0,-2.240669966E0,7.506723404E-1,1.338280797E0
8.507730333E0,-2.003318071E0,8.359550238E-1,1.195798159E0
8.517745333E0,-1.795836210E0,1.044877052E0,1.001130700E0
8.527759333E0,-1.573230863E0,1.297173262E0,8.019333482E-1
8.537774333E0,-1.343415141E0,1.502743840E0,6.195229292E-1
8.547789333E0,-1.069198728E0,1.505862951E0,5.122076869E-1
8.557803333E0,-7.037749887E-1,1.304319382E0,4.788150489E-1
8.567818333E0,-3.132781386E-1,9.424461126E-1,4.678500295E-1
8.577832333E0,1.001449004E-1,5.887655020E-1,4.700641334E-1
8.587847333E0,5.174809098E-1,3.095640242E-1,4.408932030E-1
8.597862333E0,8.809179068E-1,1.072442085E-1,3.515821397E-1
8.607876333E0,1.201552629E0,-6.268768571E-3,2.360392958E-1
8.617891333E0,1.483868718E0,-7.249293476E-2,8.037269115E-2
8.627906333E0,1.724436641E0,-2.123432932E-3,-2.253531292E-2
8.637920333E0,1.968549848E0,2.684462070E-1,-1.093729399E-2
8.647935333E0,2.143822432E0,5.474659204E-1,1.086878125E-3
8.657949333E0,2.216681480E0,8.039217591E-1,-2.047849819E-3
8.667964333E0,2.262329340E0,9.718130231E-1,-4.820389301E-2
8.677979333E0,2.296989679E0,1.036733985E0,-1.669783145E-1
8.687993333E0,2.338994503E0,9.839453697E-1,-2.892661691E-1
8.698008333E0,2.511138439E0,8.233662844E-1,-3.067641258E-1
8.708023333E0,2.744395971E0,6.747706532E-1,-2.610949278E-1
8.718037333E0,2.900512934E0,7.398819923E-1,-2.470530272E-1
8.728052333E0,2.949297428E0,1.030494690E0,-2.901765108E-1
8.738066333E0,2.925886631E0,1.339471817E0,-3.487051725E-1
8.748081333E0,2.977634668E0,1.444143534E0,-3.201233149E-1
8.758096333E0,3.206630707E0,1.362253189E0,-2.675100267E-1
8.768110333E0,3.474029064E0,1.293622255E0,-2.640242279E-1
8.778125333E0,3.579267740E0,1.422595978E0,-3.646995127E-1
8.788140333E0,3.542480469E0,1.657510757E0,-5.083661675E-1
8.798154333E0,3.412786484E0,1.850648165E0,-6.487150192E-1
8.808169333E0,3.279201031E0,1.836186767E0,-7.137347460E-1
8.818183333E0,3.252979517E0,1.529482722E0,-7.189438939E-1
8.828198333E0,3.428998709E0,1.119389415E0,-7.022519708E-1
8.838213333E0,3.690246582E0,7.181532979E-1,-7.278153896E-1
8.848227333E0,3.894489050E0,3.188777864E-1,-7.433402538E-1
8.858242333E0,3.891141415E0,7.375214994E-2,-7.399188280E-1
8.868256333E0,3.530858517E0,1.113483869E-2,-7.821618915E-1
8.878271333E0,2.944152832E0,1.958090663E-1,-8.092375398E-1
8.888286333E0,2.317860365E0,4.562140107E-1,-7.717578411E-1
8.898300333E0,1.735245466E0,6.307695508E-1,-7.509931922E-1
8.908315333E0,1.264105916E0,6.434009671E-1,-8.156483173E-1
8.918330333E0,9.411285520E-1,5.364350677E-1,-9.320694208E-1
8.928344333E0,7.313476205E-1,2.840923369E-1,-1.028753042E0
8.938359083E0,5.858252645E-1,-1.015998200E-1,-1.086053491E0
8.948373083E0,5.052361488E-1,-5.348588228E-1,-1.133149028E0
8.958388083E0,4.366496801E-1,-8.066366911E-1,-1.179328680E0
8.968403083E0,3.279114962E-1,-8.850875497E-1,-1.166979074E0
8.978417083E0,2.198753506E-1,-8.786802888E-1,-1.096906066E0
8.988432083E0,1.717810631E-1,-8.801607490E-1,-9.667881131E-1
8.998447083E0,2.308733761E-1,-9.993084073E-1,-7.499795556E-1
9.008461083E0,2.551757991E-1,-1.138974190E0,-4.477930367E-1
9.018476083E0,1.714347154E-1,-1.077980161E0,-1.090376675E-1
9.028490083E0,3.045442328E-2,-8.661856651E-1,2.677064240E-1
9.038505083E0,-6.246539578E-2,-6.466774940E-1,6.748493910E-1
9.048520083E0,1.802273095E-3,-5.613072515E-1,1.101473212E0
9.058534083E0,2.192960232E-1,-5.842475891E-1,1.519079328E0
9.068549083E0,4.561197460E-1,-6.968463063E-1,1.854534268E0
9.078564083E0,6.941146851E-1,-8.027739525E-1,2.088408232E0
9.088578083E0,9.243100882E-1,-9.593549967E-1,2.157670736E0
9.098593083E0,1.123334646E0,-1.183817387E0,2.105180025E0
9.108607083E0,1.267791390E0,-1.210270047E0,2.038035631E0
9.118622083E0,1.212593317E0,-9.995620847E-1,2.057274103E0
9.128637083E0,9.833660126E-1,-6.761102676E-1,2.161898136E0
9.138651083E0,6.990143657E-1,-3.374232650E-1,2.295811176E0
9.148666083E0,3.812720776E-1,-4.742392153E-2,2.382717848E0
9.158681083E0,1.605724692E-1,5.718850717E-2,2.479943514E0
9.168695083E0,4.365192354E-2,3.081470355E-2,2.658091545E0
9.178710083E0,-1.403354555E-1,6.186914444E-2,2.859036446E0
9.188724083E0,-4.321840703E-1,2.281438708E-1,2.999334574E0
9.198739083E0,-6.800239086E-1,4.565941989E-1,3.043987036E0
9.208754083E0,-7.690150738E-1,6.558321714E-1,3.031862974E0
9.218768083E0,-7.256683111E-1,7.148993611E-1,3.055131674E0
9.228783083E0,-5.270619988E-1,5.665187240E-1,3.201437473E0
9.238797083E0,-1.801628619E-1,1.689215004E-1,3.389526367E0
9.248812083E0,1.526092291E-1,-1.997907460E-1,3.424660921E0
9.258827083E0,3.191103041E-1,-4.197366834E-1,3.284226418E0
9.268841083E0,3.046591878E-1,-5.489807129E-1,3.093219995E0
9.278856083E0,2.185207903E-1,-6.651221514E-1,2.964055300E0
9.288871083E0,8.662881702E-2,-8.190305233E-1,2.890381098E0
9.298885083E0,-7.334593683E-2,-7.099722028E-1,2.823634386E0
9.308900083E0,-2.226163894E-1,-3.086767197E-1,2.760784388E0
9.318914083E0,-4.146278203E-1,1.735454202E-1,2.742823362E0
9.328929083E0,-6.855429411E-1,5.810378790E-1,2.798648834E0
9.338944083E0,-9.645235538E-1,7.761095166E-1,2.848528862E0
9.348958083E0,-1.123436809E0,7.429507375E-1,2.813302994E0
9.358973083E0,-1.073480725E0,5.842102170E-1,2.741913557E0
9.368988083E0,-8.360465765E-1,2.938561738E-1,2.623382330E0
9.379002083E0,-5.578377843E-1,3.245196491E-2,2.406134844E0
9.389017083E0,-2.569245398E-1,-1.226643845E-1,2.103838921E0
9.399031083E0,2.065210417E-2,-1.126893461E-1,1.786545634E0
9.409046083E0,1.967259347E-1,-2.345853485E-2,1.532202005E0
9.419061083E0,2.757662237E-1,1.070517823E-1,1.305841923E0
9.429075083E0,2.698140740E-1,2.251107693E-1,1.040622711E0
9.439090083E0,2.599704564E-1,2.243382037E-1,7.326128483E-1
9.449105083E0,3.029152751E-1,1.301664263E-1,4.360429347E-1
9.459119083E0,5.135423541E-1,4.197529331E-2,2.110549062E-1
9.469134083E0,7.199695110E-1,1.733359694E-2,-5.199749023E-2
9.479148083E0,7.566764355E-1,9.171018377E-3,-3.619089425E-1
9.489163083E0,7.475926280E-1,7.954159379E-2,-6.563410759E-1
9.499178083E0,7.341471910E-1,1.422313005E-1,-9.275671840E-1
9.509192083E0,7.391116023E-1,2.198070586E-1,-1.175600648E0
9.519207083E0,7.010807395E-1,3.202820122E-1,-1.399533749E0
9.529221083E0,6.096829176E-1,4.659563899E-1,-1.623429418E0
9.539236083E0,5.138092041E-1,6.039167643E-1,-1.839414477E0
9.549251083E0,4.694033563E-1,7.406290770E-1,-2.023471355E0
9.559265083E0,4.625859261E-1,8.126073480E-1,-2.208041668E0
9.569280083E0,4.794437289E-1,8.238613009E-1,-2.398555279E0
9.579295083E0,4.987348914E-1,7.733863592E-1,-2.594782352E0
9.589309083E0,5.384215713E-1,6.333099604E-1,-2.779531240E0
9.599324083E0,6.096364260E-1,4.608832002E-1,-2.952784300E0
9.609338083E0,6.741259694E-1,3.121259212E-1,-3.109199762E0
9.619353083E0,6.994377375E-1,2.419693470E-1,-3.251380682E0
9.629368083E0,6.653569937E-1,2.423842698E-1,-3.384143114E0
9.639382083E0,6.098682880E-1,2.455080748E-1,-3.491919994E0
9.649397083E0,5.451875329E-1,1.918086261E-1,-3.559979200E0
9.659412083E0,4.746420979E-1,8.954027295E-2,-3.580764055E0
9.669426083E0,4.049296081E-1,4.831082001E-2,-3.571264982E0
9.679441083E0,3.338755667E-1,1.156290323E-1,-3.595286608E0
9.689455083E0,2.168677300E-1,2.364649028E-1,-3.653847456E0
9.699470083E0,6.902856380E-2,3.583662808E-1,-3.689658880E0
9.709485083E0,-4.614809155E-2,4.344725013E-1,-3.674561501E0
9.719499083E0,-8.831578493E-2,4.410499930E-1,-3.609144449E0
9.729514083E0,-5.599460006E-2,3.578419089E-1,-3.499838352E0
9.739528083E0,-1.441884972E-2,1.771005988E-1,-3.349937439E0
9.749543083E0,4.017169029E-2,-3.483722359E-2,-3.214332819E0
9.759558083E0,8.903966099E-2,-2.077696025E-1,-3.123022079E0
9.769572083E0,1.096954048E-1,-2.112948298E-1,-3.037562132E0
9.779587083E0,1.113452613E-1,-1.110243350E-1,-2.949406624E0
9.789602083E0,5.146008357E-2,5.411730148E-3,-2.842950821E0
9.799616083E0,-8.008879423E-2,1.207057983E-1,-2.716938972E0
9.809631083E0,-2.255956680E-1,2.184792310E-1,-2.598396301E0
9.819645083E0,-3.582336009E-1,2.574542165E-1,-2.500981808E0
9.829660083E0,-4.074746370E-1,1.981466562E-1,-2.392511368E0
9.839675083E0,-3.243506253E-1,-3.819626197E-2,-2.224665165E0
9.849689083E0,-1.616187096E-1,-4.095903039E-1,-2.004199982E0
9.859704083E0,-1.223486103E-2,-8.049750328E-1,-1.762262583E0
9.869718083E0,6.724611670E-2,-1.005767584E0,-1.531360865E0
9.879733083E0,7.262939960E-2,-9.251730442E-1,-1.310235858E0
9.889748083E0,4.343049973E-2,-6.436346173E-1,-1.083844543E0
9.899762083E0,-7.010279223E-3,-3.242578208E-1,-8.440147042E-1
9.909777083E0,-1.858304627E-2,-6.516607851E-2,-6.042071581E-1
9.919792083E0,4.963835329E-2,7.770132273E-2,-3.918384314E-1
9.929806083E0,1.882678717E-1,1.272659600E-1,-1.908107996E-1
9.939821333E0,3.826253712E-1,1.419041604E-1,3.220362961E-2
9.949835333E0,5.882371068E-1,8.668749779E-2,2.543762326E-1
9.959850333E0,7.224923968E-1,2.937294357E-2,4.345604181E-1
9.969865333E0,7.664960623E-1,2.259146981E-2,5.583257675E-1
9.979879333E0,6.940699816E-1,8.531494439E-2,6.655640006E-1
9.989894333E0,5.317276716E-1,2.094581872E-1,7.627691031E-1
9.999909333E0,3.263008595E-1,3.045669198E-1,8.697789907E-1
1.000992333E1,1.738386154E-1,3.647397161E-1,1.004995942E0
1.001993833E1,1.125102043E-1,3.381129503E-1,1.149073839E0
1.002995233E1,1.225191578E-1,2.666510344E-1,1.298695564E0
1.003996733E1,1.884730011E-1,1.943746209E-1,1.470870018E0
1.004998233E1,3.401498497E-1,1.970936954E-1,1.661915898E0
1.005999633E1,5.295285583E-1,3.223843873E-1,1.824650764E0
1.007001133E1,6.300624013E-1,5.673310161E-1,1.930325031E0
1.008002633E1,5.909755826E-1,9.050234556E-1,1.992004633E0
1.009004033E1,4.803151190E-1,1.223153234E0,2.014366150E0
1.010005533E1,2.951084971E-1,1.409392357E0,2.035700560E0
1.011006933E1,8.723385632E-2,1.383353591E0,2.115933895E0
1.012008433E1,1.035313606E-1,1.176084876E0,2.262564182E0
1.013009933E1,3.660191894E-1,7.528482080E-1,2.385820866E0
1.014011333E1,7.926298976E-1,1.963509768E-1,2.428692341E0
1.015012833E1,1.356059909E0,-3.360964358E-1,2.327353716E0
1.016014333E1,1.959540725E0,-5.880366564E-1,2.134191275E0
1.017015733E1,2.274159193E0,-3.797313571E-1,1.940132856E0
1.018017233E1,2.153954506E0,1.362118721E-1,1.844280005E0
1.019018633E1,1.846730113E0,7.085542083E-1,1.852411389E0
1.020020133E1,1.620585561E0,1.154060364E0,1.985497594E0
1.021021633E1,1.750431538E0,1.272437334E0,2.196566582E0
1.022023033E1,2.196438074E0,1.058973551E0,2.410765648E0
1.023024533E1,2.704617739E0,7.183941603E-1,2.557183266E0
1.024026033E1,3.036255121E0,3.890562654E-1,2.534298420E0
1.025027433E1,3.145314455E0,1.922790259E-1,2.363240957E0
1.026028933E1,3.047017097E0,1.595606357E-1,2.118363380E0
1.027030433E1,2.807799101E0,1.687908918E-1,1.945561528E0
1.028031833E1,2.708103657E0,1.818744391E-1,1.885066271E0
1.029033333E1,2.832303286E0,1.716383100E-1,1.839339256E0
1.030034733E1,2.977514744E0,2.499606907E-1,1.797600269E0
1.031036233E1,2.983710766E0,5.825031996E-1,1.750254869E0
1.032037733E1,2.786766052E0,1.028136253E0,1.688177943E0
1.033039133E1,2.472244740E0,1.355081916E0,1.604977369E0
1.034040633E1,2.183243752E0,1.503095627E0,1.558268309E0
1.035042133E1,2.052877426E0,1.435880065E0,1.539516687E0
1.036043533E1,2.088586569E0,1.173222303E0,1.493471980E0
1.037045033E1,2.167009830E0,8.676224947E-1,1.427919626E0
1.038046533E1,2.174846411E0,6.595597267E-1,1.325028300E0
1.039047933E1,2.013418674E0,6.157504320E-1,1.201205611E0
1.040049433E1,1.694073558E0,7.806301713E-1,1.122019768E0
1.041050833E1,1.326869726E0,9.461373687E-1,1.114793539E0
1.042052333E1,1.116171479E0,8.714585900E-1,1.136072993E0
1.043053833E1,1.043856502E0,6.019072533E-1,1.092751622E0
1.044055233E1,9.922394156E-1,2.686507404E-1,9.781041741E-1
1.045056733E1,9.477154016E-1,-6.045792252E-2,8.368104100E-1
1.046058233E1,8.852691650E-1,-2.922687531E-1,6.946031451E-1
1.047059633E1,7.192911506E-1,-4.372485578E-1,5.439811349E-1
1.048061133E1,4.584069252E-1,-4.893132746E-1,4.047064185E-1
1.049062633E1,1.326546669E-1,-4.350513518E-1,2.815408111E-1
1.050064033E1,-1.789834797E-1,-3.632729948E-1,1.735687554E-1
1.051065533E1,-3.783053756E-1,-3.277725279E-1,3.517065942E-2
1.052067033E1,-4.971980751E-1,-3.224861026E-1,-1.661552489E-1
1.053068433E1,-6.366728544E-1,-3.930968940E-1,-4.398200512E-1
1.054069933E1,-8.004224300E-1,-4.765009284E-1,-7.356734872E-1
1.055071333E1,-9.964843392E-1,-5.713022351E-1,-1.026009798E0
1.056072833E1,-1.219588757E0,-7.043225765E-1,-1.275191307E0
1.057074333E1,-1.400806427E0,-8.705384731E-1,-1.447098017E0
1.058075733E1,-1.483781815E0,-1.047003865E0,-1.573010325E0
1.059077233E1,-1.494419813E0,-1.288484931E0,-1.662988424E0
1.060078733E1,-1.479285479E0,-1.538837552E0,-1.756714821E0
1.061080133E1,-1.489884615E0,-1.694821596E0,-1.866068244E0
1.062081633E1,-1.585518122E0,-1.666343570E0,-1.956964016E0
1.063083133E1,-1.783780098E0,-1.482279539E0,-2.024260998E0
1.064084533E1,-1.983300447E0,-1.232378721E0,-2.094591379E0
1.065086033E1,-2.118434429E0,-1.022197604E0,-2.184221029E0
1.066087433E1,-2.150609016E0,-9.527707696E-1,-2.315623760E0
1.067088933E1,-2.111858606E0,-1.003492594E0,-2.430898190E0
1.068090433E1,-2.080449820E0,-1.105807781E0,-2.550010920E0
1.069091833E1,-2.054672003E0,-1.192031860E0,-2.654995918E0
1.070093333E1,-2.063724518E0,-1.279893875E0,-2.716366053E0
1.071094833E1,-2.129481077E0,-1.371257424E0,-2.730438471E0
1.072096233E1,-2.233234882E0,-1.416520238E0,-2.703051805E0
1.073097733E1,-2.339645863E0,-1.333321810E0,-2.643609524E0
1.074099233E1,-2.479697227E0,-1.052431822E0,-2.548802853E0
1.075100633E1,-2.629752874E0,-6.390386820E-1,-2.420271158E0
1.076102133E1,-2.741986036E0,-2.465836704E-1,-2.264996290E0
1.077103533E1,-2.798488855E0,-1.645939052E-2,-2.109978914E0
1.078105033E1,-2.774070740E0,1.723831519E-3,-1.995261669E0
1.079106533E1,-2.611830950E0,-2.629445791E-1,-1.936268091E0
1.080107933E1,-2.205224037E0,-6.796738505E-1,-1.906315446E0
1.081109433E1,-1.662872076E0,-1.111288548E0,-1.844019055E0
1.082110933E1,-1.162668467E0,-1.371326923E0,-1.751562119E0
1.083112333E1,-8.170787692E-1,-1.380531073E0,-1.607965231E0
1.084113833E1,-6.343063712E-1,-1.182475924E0,-1.401158571E0
1.085115333E1,-5.577450395E-1,-9.023010135E-1,-1.133643508E0
1.086116733E1,-5.410047770E-1,-7.197677493E-1,-8.255770206E-1
1.087118233E1,-5.622706413E-1,-6.310860515E-1,-4.949324727E-1
1.088119633E1,-5.992752314E-1,-6.187790036E-1,-2.081197649E-1
1.089121133E1,-6.415073276E-1,-6.275753975E-1,4.418359697E-2
1.090122633E1,-6.721400619E-1,-5.530914664E-1,2.697997093E-1
1.091124033E1,-6.798102856E-1,-4.032151401E-1,4.173015356E-1
1.092125533E1,-5.972080827E-1,-2.122640908E-1,4.512446225E-1
1.093127033E1,-4.591013193E-1,-3.761665151E-2,3.562501967E-1
1.094128483E1,-2.623440325E-1,6.625101715E-2,2.557584047E-1
1.095129983E1,-3.748985752E-2,4.819611460E-2,2.563227117E-1
1.096131483E1,1.642507464E-1,4.085602611E-2,3.494339287E-1
1.097132883E1,4.108874500E-1,3.090192936E-2,4.332515895E-1
1.098134383E1,6.947284341E-1,6.868752837E-2,4.637837410E-1
1.099135783E1,1.053088427E0,1.829435378E-1,4.475855827E-1
1.100137283E1,1.408871531E0,3.457564712E-1,4.225779176E-1
1.101138783E1,1.713750720E0,5.561509728E-1,4.501909018E-1
1.102140183E1,1.986479282E0,6.732304096E-1,4.875340760E-1
1.103141683E1,2.177594185E0,6.670902371E-1,5.084729195E-1
1.104143183E1,2.289355040E0,6.137130260E-1,5.113452077E-1
1.105144583E1,2.449614525E0,5.406202078E-1,4.098670185E-1
1.106146083E1,2.608848572E0,4.740756750E-1,2.203573287E-1
1.107147583E1,2.732051611E0,4.213829041E-1,2.415156690E-3
1.108148983E1,2.782617092E0,4.442748427E-1,-1.851770580E-1
1.109150483E1,2.767655373E0,5.945471525E-1,-3.254367113E-1
1.110151883E1,2.808967113E0,7.021566033E-1,-4.177512527E-1
1.111153383E1,2.861851215E0,5.968243480E-1,-4.603932500E-1
1.112154883E1,3.011575460E0,3.367696702E-1,-4.925220311E-1
1.113156283E1,3.330549955E0,-6.905720383E-2,-5.786139965E-1
1.114157783E1,3.675627232E0,-3.948638141E-1,-6.993430853E-1
1.115159283E1,3.846254826E0,-2.319462448E-1,-8.482846618E-1
1.116160683E1,3.755544662E0,3.902336061E-1,-1.018399715E0
1.117162183E1,3.428295374E0,1.157387257E0,-1.125611186E0
1.118163583E1,3.101266861E0,1.714308023E0,-1.082374454E0
1.119165083E1,2.999863625E0,1.833016515E0,-9.894770980E-1
1.120166583E1,3.069090128E0,1.603964567E0,-9.235087037E-1
1.121167983E1,3.178737164E0,1.238196254E0,-8.737065196E-1
1.122169483E1,3.248324156E0,9.606173038E-1,-8.357347846E-1
1.123170983E1,3.233909607E0,8.529006839E-1,-8.313089013E-1
1.124172383E1,3.143661499E0,8.512505889E-1,-7.894014120E-1
1.125173883E1,3.075815678E0,9.516975880E-1,-6.959867477E-1
1.126175383E1,2.961714029E0,1.057523727E0,-5.699880719E-1
1.127176783E1,2.789807796E0,1.054739952E0,-4.210880697E-1
1.128178283E1,2.608105898E0,9.531438351E-1,-2.813466787E-1
1.129179683E1,2.477085829E0,8.134895563E-1,-1.888380647E-1
1.130181183E1,2.345259190E0,7.426894903E-1,-1.651500762E-1
1.131182683E1,2.125400305E0,7.157756090E-1,-1.503234506E-1
1.132184083E1,1.864219308E0,6.697492599E-1,-1.018325612E-1
1.133185583E1,1.578334212E0,5.335953832E-1,-3.962191939E-2
1.134187083E1,1.265498996E0,3.644548655E-1,2.411302645E-3
1.135188483E1,1.055576682E0,1.565919518E-1,3.282433748E-2
1.136189983E1,1.029757500E0,-8.083452284E-2,9.108559787E-2
1.137191383E1,1.038758755E0,-3.061051965E-1,1.803236008E-1
1.138192883E1,9.643414021E-1,-4.687356353E-1,2.476428747E-1
1.139194383E1,8.197392225E-1,-5.897104740E-1,2.738864720E-1
1.140195783E1,6.134247780E-1,-7.315773964E-1,2.943244576E-1
1.141197283E1,3.303323686E-1,-8.300275803E-1,2.948903739E-1
1.142198783E1,5.775607750E-2,-8.547390103E-1,2.840422690E-1
1.143200183E1,-3.222820759E-1,-8.342475891E-1,2.924091220E-1
1.144201683E1,-6.942699552E-1,-8.387552500E-1,2.990497053E-1
1.145203083E1,-1.008264661E0,-8.926533461E-1,2.866106033E-1
1.146204583E1,-1.245210767E0,-9.920651913E-1,2.221078575E-1
1.147206083E1,-1.431987286E0,-1.173699975E0,1.665375531E-1
1.148207483E1,-1.588308454E0,-1.367739439E0,1.918722093E-1
1.149208983E1,-1.776747346E0,-1.507788181E0,2.224756777E-1
1.150210383E1,-1.945507407E0,-1.580428243E0,2.359063029E-1
1.151211883E1,-2.068454742E0,-1.598248005E0,2.583261132E-1
1.152213383E1,-2.121302843E0,-1.605611801E0,2.941423357E-1
1.153214783E1,-2.141517162E0,-1.576403737E0,3.095524311E-1
1.154216283E1,-2.237473011E0,-1.545049191E0,2.959672511E-1
1.155217783E1,-2.404129982E0,-1.496416092E0,2.727402151E-1
1.156219183E1,-2.626996756E0,-1.431557178E0,2.434017211E-1
1.157220683E1,-2.859983921E0,-1.332084179E0,2.259913087E-1
1.158222083E1,-3.126701355E0,-1.141117573E0,1.877420545E-1
1.159223583E1,-3.381292343E0,-9.525209069E-1,1.095772162E-1
1.160225083E1,-3.560500622E0,-7.899346948E-1,5.714246072E-3
1.161226483E1,-3.650118113E0,-6.424294114E-1,-1.305873990E-1
1.162227983E1,-3.638952494E0,-5.664188266E-1,-2.815795541E-1
1.163229483E1,-3.495398045E0,-5.633263588E-1,-3.606679738E-1
1.164230883E1,-3.315220118E0,-6.516328454E-1,-3.133701086E-1
1.165232383E1,-3.208993435E0,-8.615623713E-1,-1.781723201E-1
1.166233783E1,-3.127768755E0,-1.079011440E0,-3.651706874E-2
1.167235283E1,-2.974603891E0,-1.069898129E0,8.466928452E-2
1.168236783E1,-2.689450026E0,-9.228131175E-1,2.377839535E-1
1.169238183E1,-2.300666094E0,-7.499260306E-1,4.253626466E-1
1.170239683E1,-1.864871502E0,-6.951712966E-1,5.800115466E-1
1.171241183E1,-1.381521583E0,-6.913546920E-1,6.791679859E-1
1.172242583E1,-9.290544987E-1,-6.965774298E-1,7.013720870E-1
1.173244083E1,-6.136843562E-1,-6.229087710E-1,6.343419552E-1
1.174245483E1,-3.716553748E-1,-5.768382549E-1,6.195052862E-1
1.175246983E1,-9.382775426E-2,-7.655972838E-1,6.333822012E-1
1.176248483E1,1.465300471E-1,-1.156756759E0,7.018535733E-1
1.177249883E1,2.951045930E-1,-1.384667754E0,8.026720285E-1
1.178251383E1,4.041455388E-1,-1.410423160E0,8.858062029E-1
1.179252783E1,4.040504694E-1,-1.353030086E0,9.282812476E-1
1.180254283E1,3.185797930E-1,-1.254455447E0,9.358288646E-1
1.181255783E1,2.438096702E-1,-1.170458555E0,9.399975538E-1
1.182257183E1,2.353945822E-1,-1.053001523E0,8.908380270E-1
1.183258683E1,2.905020714E-1,-8.438482285E-1,7.268488407E-1
1.184260183E1,3.769184947E-1,-5.265538096E-1,4.296793044E-1
1.185261583E1,3.808352053E-1,-1.686886251E-1,-2.237259410E-2
1.186263083E1,2.284990698E-1,1.431577355E-1,-5.364190936E-1
1.187264483E1,-5.327402800E-2,2.534283102E-1,-9.874752164E-1
1.188265983E1,-3.552921116E-1,1.830322891E-1,-1.343363285E0
1.189267483E1,-5.698326826E-1,3.317912575E-3,-1.626813412E0
1.190268883E1,-6.948771477E-1,-1.984652728E-1,-1.863921881E0
1.191270383E1,-7.864448428E-1,-3.617056012E-1,-2.068827152E0
1.192271883E1,-8.627044559E-1,-5.302978158E-1,-2.242522955E0
1.193273283E1,-9.176401496E-1,-6.474633217E-1,-2.355017900E0
1.194274771E1,-9.822742939E-1,-6.603146791E-1,-2.407263994E0
1.195276171E1,-1.079337120E0,-5.302498937E-1,-2.411844254E0
1.196277671E1,-1.174721837E0,-3.804032803E-1,-2.394038439E0
1.197279171E1,-1.226997256E0,-2.445335984E-1,-2.365237236E0
1.198280571E1,-1.302247047E0,-1.720330715E-1,-2.366118431E0
1.199282071E1,-1.357739806E0,-1.844082475E-1,-2.386425734E0
1.200283471E1,-1.361556292E0,-2.434013337E-1,-2.414464235E0
1.201284971E1,-1.346264720E0,-3.286011815E-1,-2.415736675E0
1.202286471E1,-1.257373571E0,-4.874176085E-1,-2.363305092E0
1.203287871E1,-1.106083393E0,-6.998007298E-1,-2.285362482E0
1.204289371E1,-9.941205978E-1,-8.875771761E-1,-2.197545767E0
1.205290871E1,-9.754933715E-1,-8.912547827E-1,-2.128623724E0
1.206292271E1,-1.021373391E0,-7.104361653E-1,-2.081969500E0
1.207293771E1,-1.089951158E0,-4.490069449E-1,-2.010454893E0
1.208295171E1,-1.153552771E0,-2.175998390E-1,-1.905565977E0
1.209296671E1,-1.204614401E0,-5.678832531E-2,-1.796079159E0
1.210298171E1,-1.220667124E0,1.390503347E-2,-1.731032133E0
1.211299571E1,-1.193910003E0,1.987121999E-3,-1.722658396E0
1.212301071E1,-1.120136738E0,-1.061350852E-1,-1.743126392E0
1.213302471E1,-1.018398643E0,-3.157042861E-1,-1.735809565E0
1.214303971E1,-8.893298507E-1,-5.996947289E-1,-1.703320980E0
1.215305471E1,-7.324182391E-1,-8.827573061E-1,-1.633970737E0
1.216306871E1,-5.985618830E-1,-8.331609964E-1,-1.515936613E0
1.217308371E1,-5.659338832E-1,-4.696446359E-1,-1.352954865E0
1.218309771E1,-5.706373453E-1,-3.412576392E-2,-1.118561387E0
1.219311271E1,-5.514932275E-1,2.519616485E-1,-7.925959229E-1
1.220312771E1,-4.715026021E-1,2.979800105E-1,-4.141592085E-1
1.221314171E1,-3.013289869E-1,1.789418012E-1,-5.460397154E-2
1.222315671E1,-9.995646775E-2,-3.136590123E-2,2.694441676E-1
1.223317171E1,1.118734926E-1,-2.869457603E-1,5.539848208E-1
1.224318571E1,3.109532893E-1,-4.864190221E-1,8.159280419E-1
1.225320071E1,4.696404040E-1,-4.607932866E-1,1.051836967E0
1.226321471E1,5.731744170E-1,-2.749804556E-1,1.258933425E0
1.227322971E1,6.469663382E-1,-6.501444429E-2,1.441441417E0
1.228324471E1,6.802895665E-1,1.668530256E-1,1.603896022E0
1.229325871E1,6.977623105E-1,3.756448627E-1,1.742922306E0
1.230327371E1,7.178158164E-1,4.830828607E-1,1.870748520E0
1.231328771E1,7.775643468E-1,4.843516052E-1,2.014508724E0
1.232330271E1,9.694406986E-1,3.661432564E-1,2.180761337E0
1.233331771E1,1.251910210E0,1.449871510E-1,2.353131533E0
1.234333171E1,1.498574972E0,5.390341207E-2,2.522328138E0
1.235334671E1,1.738828301E0,2.774070799E-1,2.658312798E0
1.236336071E1,1.919576526E0,6.381892562E-1,2.804363728E0
1.237337571E1,1.905609369E0,8.938769698E-1,2.950956106E0
1.238339071E1,1.813705325E0,9.338117242E-1,3.136130095E0
1.239340471E1,1.787417054E0,5.192075968E-1,3.337913752E0
1.240341971E1,1.869716883E0,-1.810597777E-1,3.429076433E0
1.241343471E1,1.962298393E0,-7.501085997E-1,3.285839796E0
1.242344871E1,1.889597774E0,-9.287036657E-1,2.898212671E0
1.243346371E1,1.593252063E0,-5.707966685E-1,2.286178589E0
1.244347771E1,1.104037404E0,-2.703761682E-2,1.626202106E0
1.245349271E1,5.219047070E-1,5.539698601E-1,1.023726344E0
1.246350771E1,-3.226124216E-3,1.033266187E0,5.714837909E-1
1.247352171E1,-3.807923198E-1,1.252770066E0,2.625690699E-1
1.248353671E1,-6.035391092E-1,1.161699176E0,3.122823872E-2
1.249355071E1,-6.687029004E-1,8.137081861E-1,-1.510699242E-1
1.250356571E1,-5.533916950E-1,3.281525373E-1,-3.031043708E-1
1.251358071E1,-2.942083180E-1,-2.371947467E-1,-4.656418860E-1
1.252359471E1,5.192099139E-2,-6.545921564E-1,-6.673654318E-1
1.253360971E1,4.252546430E-1,-8.650870919E-1,-8.995302320E-1
1.254362371E1,7.836645246E-1,-7.939776778E-1,-1.056901932E0
1.255363871E1,1.102129817E0,-5.171594024E-1,-1.072201490E0
1.256365371E1,1.438882589E0,-2.361786067E-1,-9.440124035E-1
1.257366771E1,2.011581182E0,-1.729154885E-1,-6.834591031E-1
1.258368271E1,2.828461647E0,-2.875894308E-1,-2.993058562E-1
1.259369671E1,3.590291262E0,-5.239183307E-1,1.460734755E-1
1.260371171E1,4.064085007E0,-6.620414853E-1,5.435080528E-1
1.261372671E1,4.195183754E0,-4.976775944E-1,9.188955426E-1
1.262374071E1,4.088049412E0,-7.655620575E-2,1.291746974E0
1.263375571E1,3.844450951E0,4.753266871E-1,1.623313189E0
1.264376971E1,3.586831570E0,1.002041340E0,1.892952204E0
1.265378471E1,3.431617260E0,1.308129430E0,2.093061924E0
1.266379971E1,3.414240122E0,1.320387602E0,2.200876951E0
1.267381371E1,3.540683508E0,1.002491713E0,2.280342817E0
1.268382871E1,3.785832167E0,4.026798904E-1,2.280872345E0
1.269384271E1,3.966368675E0,-3.300020397E-1,2.184937239E0
1.270385771E1,4.004704475E0,-9.706777930E-1,2.064801216E0
1.271387271E1,3.810335875E0,-1.291804910E0,1.924666166E0
1.272388671E1,3.388463020E0,-1.311308980E0,1.770486474E0
1.273390171E1,3.021258116E0,-1.245765090E0,1.593618989E0
1.274391571E1,2.899888754E0,-1.270438790E0,1.464994669E0
1.275393071E1,2.998777866E0,-1.348290920E0,1.374812365E0
1.276394571E1,3.237591982E0,-1.456097245E0,1.257501006E0
1.277395971E1,3.566364527E0,-1.483609319E0,1.119898438E0
1.278397471E1,3.833839655E0,-1.334660769E0,8.877864480E-1
1.279398971E1,3.832623959E0,-9.772765636E-1,6.089771986E-1
1.280400371E1,3.620534897E0,-4.763061106E-1,3.579392731E-1
1.281401871E1,3.414771318E0,6.274166703E-2,1.245363653E-1
1.282403271E1,3.339510679E0,4.499239624E-1,-1.062419116E-1
1.283404771E1,3.350684643E0,6.860129237E-1,-3.337653279E-1
1.284406271E1,3.371157408E0,7.609704137E-1,-5.046350956E-1
1.285407671E1,3.406435251E0,8.286088109E-1,-5.882437229E-1
1.286409171E1,3.447745800E0,8.850468993E-1,-5.999308825E-1
1.287410571E1,3.549490690E0,8.115226626E-1,-5.277081132E-1
1.288412071E1,3.731080055E0,4.917326570E-1,-4.071857035E-1
1.289413571E1,3.957760811E0,-7.761843503E-2,-2.792932391E-1
1.290414971E1,4.093302727E0,-8.511947989E-1,-1.996925622E-1
1.291416471E1,4.073832989E0,-1.849774480E0,-2.021778226E-1
1.292417871E1,3.893409014E0,-2.767743349E0,-2.929233611E-1
1.293419371E1,3.610946655E0,-3.440447807E0,-4.256907403E-1
1.294420700E1,3.198097467E0,-3.811084270E0,-6.051607728E-1
1.295422200E1,2.794209480E0,-3.881593466E0,-7.948113680E-1
1.296423700E1,2.505042791E0,-3.659352064E0,-9.815155268E-1
1.297425100E1,2.223097563E0,-3.241041899E0,-1.162076116E0
1.298426600E1,1.808530688E0,-2.814960957E0,-1.389980435E0
1.299428000E1,1.246572495E0,-2.454613209E0,-1.648120880E0
1.300429500E1,6.387910843E-1,-2.288267612E0,-1.876134992E0
1.301431000E1,1.243099272E-1,-2.374821186E0,-2.058291912E0
1.302432400E1,-2.305823714E-1,-2.639959812E0,-2.195828915E0
1.303433900E1,-4.695678055E-1,-2.948909044E0,-2.295730829E0
1.304435400E1,-6.600063443E-1,-3.191393614E0,-2.348535776E0
1.305436800E1,-8.337333798E-1,-3.280100584E0,-2.324260712E0
1.306438300E1,-1.114134550E0,-3.161624908E0,-2.223701000E0
1.307439700E1,-1.446519136E0,-2.959769726E0,-2.096593857E0
1.308441200E1,-1.766534209E0,-2.837907553E0,-2.006827593E0
1.309442700E1,-2.059332371E0,-2.833399296E0,-1.955413699E0
1.310444100E1,-2.271656275E0,-2.905238867E0,-1.902173996E0
1.311445600E1,-2.510110855E0,-3.051719904E0,-1.838570356E0
1.312447000E1,-2.846737146E0,-3.236500025E0,-1.830122471E0
1.313448500E1,-3.227941275E0,-3.323211908E0,-1.887970686E0
1.314449900E1,-3.639847040E0,-3.303751707E0,-1.975512385E0
1.315451400E1,-3.986022234E0,-3.254291773E0,-2.071114779E0
1.316452900E1,-4.236519337E0,-3.133742809E0,-2.143096685E0
1.317454300E1,-4.369628906E0,-2.950634241E0,-2.187784910E0
1.318455800E1,-4.480450630E0,-2.728846073E0,-2.146615505E0
1.319457200E1,-4.667761326E0,-2.499804020E0,-2.101054192E0
1.320458700E1,-4.879168034E0,-2.228419304E0,-2.113564253E0
1.321460200E1,-5.091441154E0,-1.942025900E0,-2.220554829E0
1.322461600E1,-5.238838673E0,-1.701922894E0,-2.376530647E0
1.323463100E1,-5.342164040E0,-1.560075760E0,-2.534048796E0
1.324464500E1,-5.453422546E0,-1.516430378E0,-2.645790577E0
1.325466000E1,-5.536393642E0,-1.583942294E0,-2.715820789E0
1.326467500E1,-5.509420395E0,-1.705504537E0,-2.742834330E0
1.327468900E1,-5.374898434E0,-1.851738214E0,-2.736860752E0
1.328470400E1,-5.162084579E0,-1.955256462E0,-2.719933510E0
1.329471800E1,-4.855951309E0,-1.985507846E0,-2.657793283E0
1.330473300E1,-4.508930206E0,-1.745214224E0,-2.538041115E0
1.331474800E1,-4.245782375E0,-1.064717412E0,-2.446984529E0
1.332476200E1,-4.198012829E0,-2.080987990E-1,-2.342171192E0
1.333477700E1,-4.234405518E0,6.035607457E-1,-2.213185310E0
1.334479100E1,-4.111048222E0,1.197606921E0,-2.050760984E0
1.335480600E1,-3.789615870E0,1.443513870E0,-1.879319429E0
1.336482100E1,-3.268237114E0,1.404069543E0,-1.708353400E0
1.337483500E1,-2.580715179E0,1.185134888E0,-1.495124817E0
1.338485000E1,-1.821171641E0,8.963804245E-1,-1.234443545E0
1.339486400E1,-1.110453486E0,6.031570435E-1,-9.825021029E-1
1.340487900E1,-5.275738239E-1,3.120779395E-1,-8.015778065E-1
1.341489400E1,-6.297713518E-2,1.067202464E-1,-7.145895958E-1
1.342490800E1,3.881801963E-1,-1.382347643E-1,-6.361376643E-1
1.343492300E1,8.750877976E-1,-4.090913236E-1,-5.115256906E-1
1.344493700E1,1.351340771E0,-6.947096586E-1,-3.088634610E-1
1.345495200E1,1.791343689E0,-1.012292385E0,-5.822857842E-2
1.346496700E1,2.294794798E0,-1.384704471E0,2.738679945E-1
1.347498100E1,2.834801912E0,-1.571863174E0,5.605947971E-1
1.348499600E1,3.243057013E0,-1.608160973E0,8.151726723E-1
1.349501000E1,3.540704727E0,-1.597609997E0,1.012398362E0
1.350502500E1,3.752729654E0,-1.434893489E0,1.171918631E0
1.351503900E1,3.791754007E0,-1.024497271E0,1.282173276E0
1.352505400E1,3.656420469E0,-5.232062936E-1,1.288205266E0
1.353506900E1,3.550492525E0,-6.180994213E-3,1.116701484E0
1.354508300E1,3.599104643E0,3.872157931E-1,8.957352042E-1
1.355509800E1,3.724915504E0,8.249678016E-1,7.245687842E-1
1.356511200E1,3.779978275E0,1.367554784E0,6.705186963E-1
1.357512700E1,3.770475388E0,1.939508557E0,7.886480093E-1
1.358514200E1,3.820954323E0,2.405831099E0,1.046151519E0
1.359515600E1,3.737244606E0,2.677759409E0,1.414709806E0
1.360517100E1,3.503543139E0,2.858996868E0,1.855956197E0
1.361518500E1,3.268677711E0,3.006547213E0,2.258075237E0
1.362520000E1,3.100224018E0,3.043687105E0,2.575588226E0
1.363521500E1,2.967838287E0,2.934095383E0,2.719870806E0
1.364522900E1,2.848405600E0,2.690611362E0,2.665722609E0
1.365524400E1,2.802067995E0,2.549549103E0,2.408156157E0
1.366525800E1,2.858556271E0,2.578163385E0,2.101727247E0
1.367527300E1,3.075834274E0,2.807858944E0,2.039693832E0
1.368528800E1,3.078207493E0,3.072351456E0,2.145323277E0
1.369530200E1,2.742597818E0,3.140592813E0,2.268323898E0
1.370531700E1,2.436937809E0,2.949452162E0,2.353956223E0
1.371533100E1,2.323863029E0,2.389756203E0,2.237732887E0
1.372534600E1,2.497736692E0,1.754906774E0,2.001087666E0
1.373536000E1,2.738387823E0,1.477125764E0,1.724387407E0
1.374537500E1,2.521412373E0,1.614861131E0,1.396462917E0
1.375539000E1,1.823677540E0,1.867979765E0,1.035118103E0
1.376540400E1,8.599885106E-1,1.893618226E0,6.978132725E-1
1.377541900E1,-7.290057093E-2,1.645641923E0,3.522065878E-1
1.378543300E1,-8.194047809E-1,1.330480576E0,3.250574227E-4
1.379544800E1,-1.313032866E0,1.036556840E0,-3.257782161E-1
1.380546300E1,-1.598606467E0,8.328073025E-1,-5.470831394E-1
1.381547700E1,-1.755978942E0,7.956913114E-1,-6.080114245E-1
1.382549200E1,-1.957131743E0,8.124122024E-1,-6.203205585E-1
1.383550600E1,-2.338576555E0,9.237813354E-1,-6.489008069E-1
1.384552100E1,-2.793651104E0,1.262031555E0,-5.820629597E-1
1.385553600E1,-3.332221270E0,1.746941447E0,-4.093892276E-1
1.386555000E1,-3.778606176E0,2.103101969E0,-9.681341797E-2
1.387556500E1,-4.001684189E0,2.157102823E0,2.625953555E-1
1.388557900E1,-3.985335350E0,1.970724702E0,5.989453197E-1
1.389559400E1,-3.893822908E0,1.610586524E0,8.621412516E-1
1.390560800E1,-3.805455208E0,1.119440556E0,1.063155055E0
1.391562300E1,-3.726514816E0,6.821199656E-1,1.241748452E0
1.392563800E1,-3.713150501E0,3.693675399E-1,1.425366521E0
1.393565200E1,-3.829274893E0,2.096553892E-1,1.574636698E0
1.394566783E1,-3.970852375E0,2.516288161E-1,1.709878445E0
1.395568183E1,-3.994987965E0,3.524127007E-1,1.819634438E0
1.396569683E1,-3.851374149E0,4.421623945E-1,1.937805653E0
1.397571183E1,-3.609259844E0,5.300888419E-1,2.092919827E0
1.398572583E1,-3.391864300E0,7.313803434E-1,2.288869858E0
1.399574083E1,-3.279623985E0,1.043290377E0,2.499037027E0
1.400575483E1,-3.285389662E0,1.352725983E0,2.676282644E0
1.401576983E1,-3.315712214E0,1.297444582E0,2.769298553E0
1.402578483E1,-3.164326668E0,9.274528027E-1,2.809338331E0
1.403579883E1,-2.760663271E0,5.312383175E-1,2.804572105E0
1.404581383E1,-2.215781927E0,1.883374453E-1,2.767909050E0
1.405582783E1,-1.638348937E0,-3.076799959E-2,2.686048031E0
1.406584283E1,-1.144490123E0,-2.968957089E-2,2.552598238E0
1.407585683E1,-8.494220376E-1,2.227006108E-1,2.353969336E0
1.408587183E1,-7.378460169E-1,6.566676497E-1,2.089218616E0
1.409588683E1,-6.356772780E-1,1.179353476E0,1.824563146E0
1.410590083E1,-4.726170301E-1,1.551159501E0,1.654014230E0
1.411591583E1,-2.376990765E-1,1.664026380E0,1.514856100E0
1.412592983E1,1.174247935E-1,1.670165777E0,1.339830518E0
1.413594483E1,5.524612665E-1,1.647700667E0,1.085256219E0
1.414595983E1,9.629955292E-1,1.524844527E0,7.537677884E-1
1.415597383E1,1.407440066E0,1.415390730E0,4.128565490E-1
1.416598883E1,1.863376379E0,1.226282597E0,1.079443246E-1
1.417600283E1,2.275624037E0,9.108616114E-1,-1.255565882E-1
1.418601783E1,2.619502544E0,5.938639045E-1,-2.937501967E-1
1.419603183E1,2.910755873E0,3.908120096E-1,-4.641738534E-1
1.420604683E1,3.173707008E0,3.463831246E-1,-6.701002717E-1
1.421606183E1,3.415582418E0,4.246324003E-1,-8.339440823E-1
1.422607583E1,3.669685125E0,6.171593666E-1,-9.682413340E-1
1.423609083E1,3.907193899E0,9.095566273E-1,-1.095190525E0
1.424610483E1,4.113518715E0,1.312081575E0,-1.263207674E0
1.425611983E1,4.272211075E0,1.637633324E0,-1.477743149E0
1.426613483E1,4.435621738E0,1.674433708E0,-1.700171828E0
1.427614883E1,4.640880585E0,1.476857305E0,-1.832049489E0
1.428616383E1,5.007923603E0,1.511260271E0,-1.807845592E0
1.429617783E1,5.213155270E0,1.794841766E0,-1.726113558E0
1.430619283E1,4.778450489E0,2.157106400E0,-1.745585084E0
1.431620683E1,3.684094667E0,2.405006170E0,-1.796123028E0
1.432622183E1,2.534552097E0,2.401134968E0,-1.815169334E0
1.433623683E1,1.968126059E0,2.073075056E0,-1.762367368E0
1.434625083E1,2.079906225E0,1.366883278E0,-1.597723365E0
1.435626583E1,2.450087309E0,5.019657612E-1,-1.402096391E0
1.436627983E1,2.707124472E0,-1.755696982E-1,-1.305893302E0
1.437629483E1,2.782848597E0,-4.625013471E-1,-1.320503950E0
1.438630983E1,2.598915815E0,-5.009799600E-1,-1.372081041E0
1.439632383E1,2.103829145E0,-3.903751075E-1,-1.431088448E0
1.440633883E1,1.290441632E0,-2.515550256E-1,-1.442007422E0
1.441635283E1,4.006142914E-1,-5.824761465E-2,-1.369906306E0
1.442636783E1,-3.112432659E-1,1.074030474E-1,-1.266609669E0
1.443638183E1,-7.592844367E-1,2.490895987E-1,-1.192848325E0
1.444639683E1,-9.608156681E-1,3.582285941E-1,-1.149068236E0
1.445641183E1,-9.958940148E-1,3.770031035E-1,-1.086241126E0
1.446642583E1,-9.609231949E-1,2.640528381E-1,-9.551488757E-1
1.447644083E1,-8.833855391E-1,-5.961178988E-2,-7.503110170E-1
1.448645483E1,-7.089055181E-1,-3.931525052E-1,-4.581597745E-1
1.449646983E1,-4.363855422E-1,-6.783136725E-1,-3.806606680E-2
1.450648383E1,-2.263817787E-1,-9.663752317E-1,4.970432222E-1
1.451649883E1,-1.239462197E-1,-1.244706750E0,1.109725237E0
1.452651383E1,-4.659849219E-3,-1.461276650E0,1.797994733E0
1.453652783E1,1.637099832E-1,-1.617370129E0,2.489953995E0
1.454654283E1,3.965824246E-1,-1.690217376E0,3.256797075E0
1.455655683E1,6.485249400E-1,-1.620715737E0,4.169229031E0
1.456657183E1,8.708947301E-1,-1.472994566E0,5.086216927E0
1.457658683E1,1.071469903E0,-1.245781898E0,5.899977684E0
1.458660083E1,1.281332493E0,-1.025087357E0,6.469023705E0
1.459661583E1,1.505167127E0,-6.956230998E-1,6.594151974E0
1.460662983E1,1.654460073E0,-2.003857195E-1,6.307476044E0
1.461664483E1,1.623499274E0,2.238265425E-1,5.885501862E0
1.462665883E1,1.408326626E0,5.573694110E-1,5.431640625E0
1.463667383E1,9.639794827E-1,7.417117953E-1,5.040101528E0
1.464668883E1,4.688958824E-1,2.362069041E-1,4.703280926E0
1.465670283E1,3.322032988E-1,-9.386804104E-1,4.268157482E0
1.466671783E1,5.329222083E-1,-1.936667800E0,3.684349298E0
1.467673183E1,8.056392074E-1,-2.146687269E0,3.067604065E0
1.468674683E1,8.905290961E-1,-1.416648865E0,2.468088627E0
1.469676083E1,6.732540131E-1,-2.491360605E-1,1.955791593E0
1.470677583E1,4.169794619E-1,8.504323959E-1,1.585596800E0
1.471679083E1,3.057360351E-1,1.467695713E0,1.338415027E0
1.472680483E1,4.023480415E-1,1.650246143E0,1.103858948E0
1.473681983E1,6.704084873E-1,1.610443115E0,8.077316284E-1
1.474683383E1,9.967378378E-1,1.553267002E0,5.046101809E-1
1.475684883E1,1.055349469E0,1.495834112E0,2.120395452E-1
1.476686283E1,8.245005608E-1,1.376534700E0,-1.324822754E-1
1.477687783E1,4.664963186E-1,1.274067402E0,-5.435459614E-1
1.478689283E1,1.728372723E-1,1.266886473E0,-1.016410708E0
1.479690683E1,-2.617106540E-3,1.305073261E0,-1.546975017E0
1.480692183E1,-1.118820831E-1,1.388512492E0,-2.081875324E0
1.481693583E1,-1.696761250E-1,1.411702514E0,-2.557892561E0
1.482695083E1,-2.499590814E-1,1.306962729E0,-2.931943893E0
1.483696483E1,-2.870137990E-1,1.134663343E0,-3.251951933E0
1.484697983E1,-2.772970796E-1,1.020638347E0,-3.560878992E0
1.485699483E1,-2.949871123E-1,9.870194197E-1,-3.863485336E0
1.486700883E1,-3.721075952E-1,1.043326974E0,-4.121404171E0
1.487702383E1,-4.456297457E-1,1.144263625E0,-4.316893578E0
1.488703783E1,-4.963756502E-1,1.220878363E0,-4.419435978E0
1.489705283E1,-5.545420647E-1,1.208529115E0,-4.437459946E0
1.490706683E1,-5.640933514E-1,1.095571518E0,-4.383303165E0
1.491708183E1,-5.585001707E-1,9.476902485E-1,-4.280744076E0
1.492709683E1,-5.288023949E-1,7.169601917E-1,-4.197363377E0
1.493711083E1,-4.444833100E-1,4.733704329E-1,-4.135419369E0
1.494712633E1,-3.692147434E-1,2.399417311E-1,-4.053610802E0
1.495714033E1,-3.526909053E-1,7.175245881E-2,-3.920197010E0
1.496715533E1,-3.650895357E-1,-5.263793468E-2,-3.708639383E0
1.497716933E1,-3.942042887E-1,-1.530116796E-1,-3.433028698E0
1.498718433E1,-3.954581916E-1,-3.478520513E-1,-3.140416145E0
1.499719933E1,-2.916867733E-1,-6.485042572E-1,-2.851572514E0
1.500721333E1,-1.086321324E-1,-9.416270852E-1,-2.590382576E0
1.501722833E1,1.496513486E-1,-1.154076934E0,-2.353745461E0
1.502724233E1,3.917516172E-1,-1.361540437E0,-2.056428432E0
1.503725733E1,5.340727568E-1,-1.533879995E0,-1.672057152E0
1.504727133E1,5.656427741E-1,-1.591423273E0,-1.216985583E0
1.505728633E1,5.061427355E-1,-1.480848312E0,-7.076420188E-1
1.506730133E1,3.698739409E-1,-1.201561570E0,-1.788106710E-1
1.507731533E1,2.377710342E-1,-8.224642873E-1,3.271222711E-1
1.508733033E1,2.225840837E-1,-3.767307699E-1,7.342945933E-1
1.509734433E1,3.821276724E-1,7.767107338E-2,1.040338039E0
1.510735933E1,6.802162528E-1,3.499560952E-1,1.317625403E0
1.511737333E1,1.033862948E0,4.272692502E-1,1.553273797E0
1.512738833E1,1.404474258E0,3.477554023E-1,1.766001821E0
1.513740333E1,1.755264997E0,2.978778481E-1,2.012530565E0
1.514741733E1,2.060340405E0,3.638905883E-1,2.329483032E0
1.515743233E1,2.313680649E0,5.140390396E-1,2.651244640E0
1.516744633E1,2.480758667E0,7.130717039E-1,2.899422646E0
1.517746133E1,2.542641878E0,1.029349566E0,2.969266891E0
1.518747533E1,2.603135824E0,1.343378305E0,2.899812937E0
1.519749033E1,2.794346809E0,1.371945024E0,2.787672043E0
1.520750533E1,3.121924400E0,1.126860023E0,2.738035679E0
1.521751933E1,3.523957014E0,8.131828308E-1,2.814553738E0
1.522753433E1,3.959787846E0,7.254005075E-1,2.984746933E0
1.523754833E1,4.304127216E0,8.864157796E-1,3.178604364E0
1.524756333E1,4.444989204E0,1.203318357E0,3.258705139E0
1.525757733E1,4.293890953E0,1.498780727E0,3.177079439E0
1.526759233E1,3.845437765E0,1.756083608E0,3.049632311E0
1.527760733E1,3.113223314E0,2.012618542E0,2.915539265E0
1.528762133E1,2.334319830E0,2.043503761E0,2.711321115E0
1.529763633E1,1.866225958E0,1.603441477E0,2.426532269E0
1.530765033E1,1.837586761E0,7.448871732E-1,2.146081686E0
1.531766533E1,1.956000447E0,-1.840862483E-1,1.869058609E0
1.532767933E1,2.019760609E0,-7.665089369E-1,1.613500118E0
1.533769433E1,1.959252834E0,-7.971081138E-1,1.414778829E0
1.534770833E1,1.789140582E0,-4.253751636E-1,1.256766438E0
1.535772333E1,1.602440119E0,4.936018586E-2,1.086271286E0
1.536773833E1,1.388112545E0,4.484429657E-1,9.043319225E-1
1.537775233E1,1.173155189E0,7.318688035E-1,7.361951470E-1
1.538776733E1,9.177836180E-1,9.766892195E-1,5.374143124E-1
1.539778133E1,5.464218259E-1,1.097136974E0,2.833903134E-1
1.540779633E1,2.200413197E-1,1.155492663E0,3.453304246E-2
1.541781033E1,-1.482086033E-1,1.146127939E0,-1.955939084E-1
1.542782533E1,-4.707060456E-1,9.883276224E-1,-4.571864903E-1
1.543784033E1,-6.740828753E-1,6.865770817E-1,-7.250009179E-1
1.544785433E1,-7.649505138E-1,2.924149036E-1,-9.838874340E-1
1.545786933E1,-7.769768238E-1,-8.728049695E-2,-1.159182668E0
1.546788333E1,-7.835360169E-1,-3.805433214E-1,-1.283541441E0
1.547789833E1,-8.483384252E-1,-4.734085202E-1,-1.411561370E0
1.548791233E1,-1.038425922E0,-3.954885304E-1,-1.509941339E0
1.549792733E1,-1.291032553E0,-1.752706915E-1,-1.531912684E0
1.550794233E1,-1.483884573E0,1.248458922E-1,-1.503482819E0
1.551795633E1,-1.574149132E0,3.204177916E-1,-1.470123768E0
1.552797133E1,-1.578720331E0,1.762705743E-1,-1.500082850E0
1.553798533E1,-1.531102777E0,-2.166825682E-1,-1.590106487E0
1.554800033E1,-1.508861423E0,-7.018252611E-1,-1.675843716E0
1.555801433E1,-1.479421020E0,-1.129463792E0,-1.706601143E0
1.556802933E1,-1.393465757E0,-1.305479407E0,-1.622531295E0
1.557804333E1,-1.459303021E0,-1.158138394E0,-1.577840090E0
1.558805833E1,-1.755415916E0,-7.673835754E-1,-1.601637602E0
1.559807333E1,-2.135693073E0,-2.374128848E-1,-1.678678393E0
1.560808733E1,-2.513530731E0,2.954459488E-1,-1.832322001E0
1.561810233E1,-2.700453520E0,5.993720293E-1,-2.060799837E0
1.562811633E1,-2.634742260E0,4.318294823E-1,-2.268869638E0
1.563813133E1,-2.364539146E0,-6.438399851E-2,-2.416451693E0
1.564814533E1,-1.995887399E0,-5.793008804E-1,-2.470430613E0
1.565816033E1,-1.546113014E0,-8.954716325E-1,-2.446991444E0
1.566817433E1,-1.083387733E0,-8.795230985E-1,-2.330985069E0
1.567818933E1,-6.796606779E-1,-3.820818961E-1,-2.182924509E0
1.568820433E1,-4.577137530E-1,4.100834429E-1,-2.015342712E0
1.569821833E1,-4.046161771E-1,1.197671533E0,-1.863088846E0
1.570823333E1,-3.346384764E-1,1.670336962E0,-1.775508285E0
1.571824733E1,-1.307670921E-1,1.757592201E0,-1.800228834E0
1.572826233E1,2.210457921E-1,1.365940690E0,-1.971348882E0
1.573827633E1,6.939723492E-1,7.403995991E-1,-2.225224018E0
1.574829133E1,1.195727229E0,8.801272511E-2,-2.452031851E0
1.575830533E1,1.660151839E0,-4.263038635E-1,-2.580325603E0
1.576832033E1,2.047967911E0,-7.596811652E-1,-2.605978012E0
1.577833533E1,2.289148331E0,-9.063542485E-1,-2.537455320E0
1.578834933E1,2.302018166E0,-7.974112630E-1,-2.430903912E0
1.579836433E1,2.226099491E0,-3.197511733E-1,-2.300540686E0
1.580837833E1,2.154051304E0,1.827728003E-1,-2.145591259E0
1.581839333E1,2.069417238E0,4.810452163E-1,-1.987041116E0
1.582840733E1,2.132982969E0,6.712647080E-1,-1.776232958E0
1.583842233E1,2.311947346E0,6.502749920E-1,-1.579104185E0
1.584843733E1,2.461323738E0,4.948509336E-1,-1.526744127E0
1.585845133E1,2.578250408E0,2.972675562E-1,-1.551233172E0
1.586846633E1,2.677649260E0,1.178779602E-1,-1.602108479E0
1.587848033E1,2.670004606E0,1.955006272E-2,-1.618354321E0
1.588849533E1,2.619233131E0,3.385668248E-2,-1.565236330E0
1.589850933E1,2.628373861E0,7.540812343E-2,-1.486317515E0
1.590852433E1,2.664697409E0,6.022705138E-2,-1.360300660E0
1.591853833E1,2.703047514E0,9.200202674E-2,-1.234026074E0
1.592855333E1,2.626575232E0,2.676911354E-1,-1.091655731E0
1.593856733E1,2.362269402E0,5.337246656E-1,-9.137624502E-1
1.594858121E1,1.967470050E0,8.734621406E-1,-6.850231886E-1
1.595859621E1,1.725850701E0,1.160237670E0,-4.458923936E-1
1.596861021E1,1.693142772E0,1.157004118E0,-2.948712111E-1
1.597862521E1,1.783106685E0,9.656298757E-1,-1.202237606E-1
1.598863921E1,1.939286351E0,8.841797113E-1,9.561818838E-2
1.599865421E1,1.958591580E0,8.828076124E-1,2.864709496E-1
1.600866821E1,1.784038544E0,9.835996032E-1,4.545108676E-1
1.601868321E1,1.427961707E0,1.121326327E0,5.849383473E-1
1.602869721E1,1.003869534E0,1.153570652E0,6.338154078E-1
1.603871221E1,6.754823327E-1,1.017623782E0,5.782871842E-1
1.604872721E1,4.552123547E-1,6.743043065E-1,4.344635308E-1
1.605874121E1,3.612408638E-1,1.084153354E-1,2.719329298E-1
1.606875621E1,4.534729123E-1,-5.009095669E-1,1.281641126E-1
1.607877021E1,5.291005969E-1,-9.992703795E-1,4.175039381E-2
1.608878521E1,4.561973512E-1,-1.286967397E0,-1.321845409E-2
1.609879921E1,2.663198113E-1,-1.388324142E0,-2.917478606E-2
1.610881421E1,-3.148427233E-2,-1.243666887E0,4.550664872E-2
1.611882821E1,-3.644470572E-1,-9.113171697E-1,1.840056777E-1
1.612884321E1,-5.797531605E-1,-6.454808116E-1,3.410303891E-1
1.613885821E1,-6.420397162E-1,-4.995688796E-1,4.662170708E-1
1.614887221E1,-6.497303843E-1,-4.985498488E-1,5.460757017E-1
1.615888721E1,-7.716861367E-1,-5.474926233E-1,5.910668969E-1
1.616890121E1,-1.025699973E0,-5.935378671E-1,5.850805044E-1
1.617891621E1,-1.362482548E0,-6.395711303E-1,4.976923764E-1
1.618893021E1,-1.723150730E0,-7.394190431E-1,3.181307018E-1
1.619894521E1,-1.961208224E0,-1.090007424E0,9.735998511E-2
1.620895921E1,-1.996694088E0,-1.622879148E0,-1.415992081E-1
1.621897421E1,-1.963291407E0,-2.119357347E0,-3.804450929E-1
1.622898821E1,-1.985756993E0,-2.402522326E0,-5.706509948E-1
1.623900321E1,-2.200428009E0,-2.334878206E0,-6.612290740E-1
1.624901821E1,-2.586732388E0,-1.972141266E0,-6.385565400E-1
1.625903221E1,-2.977090120E0,-1.439730167E0,-5.365604162E-1
1.626904721E1,-3.276432991E0,-9.900850654E-1,-4.206421077E-1
1.627906121E1,-3.419936895E0,-7.011733651E-1,-2.684749365E-1
1.628907621E1,-3.402523994E0,-6.095588207E-1,-7.928157598E-2
1.629909021E1,-3.242265463E0,-6.453292966E-1,8.296458423E-2
1.630910521E1,-2.931741238E0,-7.793123722E-1,1.780739725E-1
1.631911921E1,-2.479149342E0,-1.023687005E0,1.586802900E-1
1.632913421E1,-1.865797520E0,-1.406765103E0,6.823210418E-2
1.633914821E1,-1.317992806E0,-1.824008942E0,3.179553151E-2
1.634916321E1,-1.102309942E0,-1.939667463E0,5.688320473E-2
1.635917821E1,-1.235015035E0,-1.550466776E0,1.287174523E-1
1.636919221E1,-1.437247038E0,-9.598132372E-1,2.469128668E-1
1.637920721E1,-1.461824059E0,-4.872382283E-1,2.964340746E-1
1.638922121E1,-1.242090702E0,-2.706764638E-1,2.274418026E-1
1.639923621E1,-7.886528969E-1,-4.977977574E-1,4.225756228E-2
1.640925021E1,-8.600229770E-2,-1.023405552E0,-1.260386109E-1
1.641926521E1,7.126160860E-1,-1.570856571E0,-1.927004606E-1
1.642927921E1,1.285180569E0,-2.024945974E0,-6.152251735E-2
1.643929421E1,1.694479585E0,-2.102203131E0,1.472344249E-1
1.644930821E1,1.929441810E0,-1.970234513E0,2.504914999E-1
1.645932321E1,1.993544936E0,-1.756278276E0,2.272064388E-1
1.646933821E1,1.941968799E0,-1.574779272E0,8.914032578E-2
1.647935221E1,2.003457069E0,-1.509144902E0,-5.495932698E-2
1.648936721E1,2.169738293E0,-1.592889905E0,-2.363931686E-1
1.649938121E1,2.175763130E0,-1.682808638E0,-5.511361361E-1
1.650939621E1,1.878146172E0,-1.540577769E0,-1.052144289E0
1.651941021E1,1.387752414E0,-1.413431287E0,-1.624370456E0
1.652942521E1,9.822771549E-1,-1.456547141E0,-2.086368084E0
1.653943921E1,6.600948572E-1,-1.652325511E0,-2.379922152E0
1.654945421E1,4.222349226E-1,-1.732792497E0,-2.584367275E0
1.655946821E1,3.207748830E-1,-1.611418962E0,-2.645595074E0
1.656948321E1,2.743021548E-1,-1.347226381E0,-2.630085707E0
1.657949821E1,1.637652516E-1,-1.039365411E0,-2.654807329E0
1.658951221E1,-5.132370070E-2,-7.690258026E-1,-2.721815348E0
1.659952721E1,-3.404652476E-1,-6.095637083E-1,-2.794473648E0
1.660954121E1,-6.095483303E-1,-5.586546063E-1,-2.833349705E0
1.661955621E1,-8.034139276E-1,-6.441897750E-1,-2.833206415E0
1.662957021E1,-8.802126050E-1,-8.890325427E-1,-2.760899544E0
1.663958521E1,-9.314297438E-1,-1.161054969E0,-2.698739529E0
1.664959921E1,-1.002249956E0,-1.339013577E0,-2.697211266E0
1.665961421E1,-1.092190504E0,-1.403833389E0,-2.731005192E0
1.666962821E1,-1.170341969E0,-1.380101681E0,-2.744533777E0
1.667964321E1,-1.200802207E0,-1.292887330E0,-2.722523928E0
1.668965721E1,-1.144198179E0,-1.116943598E0,-2.666033983E0
1.669967221E1,-1.059813976E0,-8.788974881E-1,-2.577639818E0
1.670968721E1,-9.975963831E-1,-5.665827394E-1,-2.461428165E0
1.671970121E1,-9.744561911E-1,-2.774371803E-1,-2.309698820E0
1.672971621E1,-9.918015599E-1,-1.139279008E-1,-2.123747110E0
1.673973021E1,-9.806237221E-1,-1.023330241E-1,-1.944140792E0
1.674974521E1,-9.173380733E-1,-2.387663573E-1,-1.793852091E0
1.675975921E1,-8.316591382E-1,-5.089634657E-1,-1.639489651E0
1.676977421E1,-7.856812477E-1,-7.723674178E-1,-1.456647158E0
1.677978821E1,-8.089581132E-1,-7.179406881E-1,-1.232289433E0
1.678980321E1,-7.981679440E-1,-4.015839100E-1,-9.813829064E-1
1.679981721E1,-6.711226702E-1,-7.967777550E-2,-7.201529145E-1
1.680983221E1,-3.984477222E-1,8.995226771E-2,-4.400345087E-1
1.681984721E1,-6.867382675E-2,8.568135649E-2,-1.516695321E-1
1.682986121E1,2.202959657E-1,6.300776731E-3,1.155706197E-1
1.683987621E1,4.099101126E-1,-1.064076647E-1,3.373637199E-1
1.684989021E1,4.897087812E-1,-2.502348721E-1,5.493095517E-1
1.685990521E1,5.118976235E-1,-5.096029043E-1,8.041686416E-1
1.686991921E1,5.951744914E-1,-8.218720555E-1,1.080754876E0
1.687993421E1,7.020987868E-1,-9.624443054E-1,1.341528058E0
1.688994821E1,7.310252190E-1,-8.507997990E-1,1.579221129E0
1.689996321E1,6.903859377E-1,-7.054377794E-1,1.760990858E0
1.690997721E1,7.983673215E-1,-6.561169624E-1,1.891531467E0
1.691999221E1,1.123695850E0,-7.620401978E-1,2.000359774E0
1.693000621E1,1.529225826E0,-8.977850080E-1,2.102430820E0
1.694002108E1,1.819727182E0,-9.352493286E-1,2.286000490E0
1.695003508E1,1.899070740E0,-6.807359457E-1,2.514355421E0
1.696005008E1,1.844386697E0,-2.186830640E-1,2.720970154E0
1.697006508E1,1.759076953E0,1.988998950E-1,2.823466778E0
1.698007908E1,1.765028834E0,4.529587924E-1,2.827487946E0
1.699009408E1,1.790594697E0,5.054799318E-1,2.841215372E0
1.700010808E1,1.767506480E0,4.669749141E-1,2.896983385E0
1.701012308E1,1.778196454E0,3.352881074E-1,2.992095947E0
1.702013708E1,1.719544649E0,2.197946236E-2,3.059509993E0
1.703015208E1,1.594507217E0,-3.720422685E-1,3.100076914E0
1.704016608E1,1.464189410E0,-5.692493916E-1,3.135223627E0
1.705018108E1,1.406106234E0,-4.980831742E-1,3.096142054E0
1.706019508E1,1.466592550E0,-3.461567461E-1,2.979974031E0
1.707021008E1,1.502061963E0,-1.353523731E-1,2.763016939E0
1.708022408E1,1.355897784E0,2.047934830E-1,2.414059639E0
1.709023908E1,1.041621447E0,6.544361711E-1,1.918419838E0
1.710025308E1,6.734593511E-1,1.150551915E0,1.314995170E0
1.711026808E1,2.615368962E-1,1.578445196E0,6.848856807E-1
1.712028308E1,-2.013321817E-1,1.955985308E0,6.188442931E-2
1.713029708E1,-5.948460102E-1,2.321126223E0,-4.950422347E-1
1.714031208E1,-8.324111700E-1,2.666434765E0,-9.435271025E-1
1.715032608E1,-9.312374592E-1,2.911799669E0,-1.298644543E0
1.716034108E1,-8.963913321E-1,3.153616428E0,-1.615489841E0
1.717035508E1,-7.811872959E-1,3.448863983E0,-1.939551950E0
1.718037008E1,-6.787698865E-1,3.813625813E0,-2.266700745E0
1.719038408E1,-6.683380008E-1,4.220349312E0,-2.589561939E0
1.720039908E1,-7.102343440E-1,4.743930817E0,-2.940697432E0
1.721041308E1,-7.549067140E-1,5.331388474E0,-3.231969833E0
1.722042808E1,-7.629409432E-1,5.842400074E0,-3.394893408E0
1.723044208E1,-7.130202651E-1,6.282870293E0,-3.454549074E0
1.724045708E1,-6.631760001E-1,6.601300716E0,-3.376366854E0
1.725047108E1,-6.526920199E-1,6.748294830E0,-3.212727547E0
1.726048608E1,-6.265453696E-1,6.641966343E0,-3.130929232E0
1.727050008E1,-5.238883495E-1,6.318614483E0,-3.126052856E0
1.728051508E1,-3.237467408E-1,5.900257587E0,-3.130024910E0
1.729053008E1,-1.336640418E-1,5.440090179E0,-3.090144157E0
1.730054408E1,-3.737932816E-2,5.027593136E0,-2.988148212E0
1.731055908E1,-3.044758178E-2,4.748945236E0,-2.821246624E0
1.732057308E1,-6.314853579E-2,4.671118259E0,-2.683674812E0
1.733058808E1,-1.017201394E-1,4.896693707E0,-2.644920588E0
1.734060208E1,-1.727069616E-1,5.211390018E0,-2.687598944E0
1.735061708E1,-2.442032546E-1,5.419247150E0,-2.750077486E0
1.736063108E1,-3.121186793E-1,5.355729580E0,-2.771253109E0
1.737064608E1,-3.891930282E-1,5.079186916E0,-2.701641798E0
1.738066008E1,-4.454813302E-1,4.777574539E0,-2.522223711E0
1.739067508E1,-4.424186349E-1,4.521817684E0,-2.221767426E0
1.740068908E1,-3.764377534E-1,4.226706982E0,-1.874910831E0
1.741070408E1,-2.596665621E-1,4.036611080E0,-1.552116156E0
1.742071808E1,-2.197420448E-1,3.854678154E0,-1.340640664E0
1.743073308E1,-2.721303105E-1,3.568073034E0,-1.245859742E0
1.744074708E1,-3.003635406E-1,3.270160437E0,-1.222149611E0
1.745076208E1,-3.535032868E-1,3.023877621E0,-1.258023143E0
1.746077608E1,-4.127349257E-1,2.904849768E0,-1.290647388E0
1.747079108E1,-4.468216300E-1,2.825155258E0,-1.264135838E0
1.748080508E1,-4.022669494E-1,2.711004257E0,-1.153600454E0
1.749082008E1,-2.253883779E-1,2.574608088E0,-9.832478166E-1
1.750083508E1,-2.557167038E-2,2.566094160E0,-7.828752995E-1
1.751084908E1,8.408307284E-2,2.668411016E0,-6.074091792E-1
1.752086408E1,4.738897458E-2,2.681408882E0,-5.338606834E-1
1.753087808E1,-4.964779690E-2,2.517603874E0,-5.428824425E-1
1.754089308E1,-1.343538910E-1,2.347225189E0,-6.238758564E-1
1.755090708E1,-2.227651477E-1,2.104684353E0,-7.205256820E-1
1.756092208E1,-2.540999055E-1,1.729891300E0,-7.201829553E-1
1.757093608E1,-1.803532690E-1,1.296682358E0,-6.331936717E-1
1.758095108E1,-4.148140550E-2,9.354804158E-1,-5.259082317E-1
1.759096508E1,9.504555166E-2,8.676190972E-1,-4.278151691E-1
1.760098008E1,1.681916714E-1,1.041736007E0,-3.385217786E-1
1.761099408E1,1.437564492E-1,1.271263003E0,-2.447864115E-1
1.762100908E1,5.253067240E-2,1.435012460E0,-1.767423749E-1
1.763102308E1,-7.077930123E-2,1.411219120E0,-1.603436470E-1
1.764103808E1,-1.983931959E-1,1.226695061E0,-1.549837738E-1
1.765105208E1,-2.849053741E-1,9.085428119E-1,-1.745107323E-1
1.766106708E1,-2.247876972E-1,6.234668493E-1,-2.295287102E-1
1.767108108E1,-1.147875711E-1,4.303725064E-1,-2.448729575E-1
1.768109608E1,-4.491448402E-2,3.009082675E-1,-1.906158477E-1
1.769111008E1,1.510864589E-2,1.925776750E-1,-8.396435529E-2
1.770112508E1,3.699024394E-2,9.172564000E-2,2.302493900E-2
1.771113908E1,3.159132972E-2,3.487379476E-2,8.168701082E-2
1.772115408E1,7.106896490E-2,3.902033716E-2,1.245007887E-1
1.773116808E1,1.473549902E-1,-6.048455089E-2,1.772400886E-1
1.774118308E1,2.308914214E-1,-2.322272807E-1,2.438348234E-1
1.775119808E1,2.385488451E-1,-2.673265338E-1,2.940635979E-1
1.776121208E1,1.292644292E-1,-1.870218664E-1,3.205953240E-1
1.777122708E1,-1.169973426E-2,-4.121060297E-2,3.590149581E-1
1.778124108E1,-1.134700403E-1,7.519616932E-2,4.295226634E-1
1.779125608E1,-1.859510690E-1,1.418415159E-1,5.047239661E-1
1.780127008E1,-2.204983979E-1,1.854776740E-1,5.349633694E-1
1.781128508E1,-1.750127226E-1,2.161056399E-1,5.418440104E-1
1.782129908E1,-6.573151052E-2,1.887541711E-1,5.103254914E-1
1.783131408E1,1.268258691E-1,7.436832786E-2,4.394414425E-1
1.784132808E1,3.486027420E-1,-1.810549200E-1,3.729364574E-1
1.785134308E1,5.281035900E-1,-4.594538808E-1,3.410483599E-1
1.786135708E1,5.681684613E-1,-6.796640754E-1,3.449285924E-1
1.787137208E1,4.391742647E-1,-6.787637472E-1,3.409703374E-1
1.788138608E1,2.157512605E-1,-4.230182767E-1,2.952363789E-1
1.789140108E1,7.159495726E-5,-1.119464114E-1,2.818175554E-1
1.790141508E1,-1.432522833E-1,1.301716715E-1,3.037627935E-1
1.791143008E1,-1.964913011E-1,2.726368308E-1,3.337255120E-1
1.792144408E1,-1.625972539E-1,2.871033847E-1,3.427776098E-1
1.793145908E1,-7.592744380E-2,2.547039986E-1,3.395618796E-1
1.794147383E1,-8.824965917E-4,2.086281329E-1,3.314930499E-1
1.795148883E1,1.747679338E-2,1.394931376E-1,3.116554320E-1
1.796150283E1,2.234723186E-3,7.729740441E-2,2.748098075E-1
1.797151783E1,-2.409995534E-2,-1.049037185E-2,2.216840088E-1
1.798153183E1,-3.335364163E-2,-1.065985262E-1,1.752155721E-1
1.799154683E1,1.174706034E-3,-2.007741630E-1,1.449203640E-1
1.800156083E1,7.316607982E-2,-2.380389720E-1,1.329880655E-1
1.801157583E1,1.117731556E-1,-1.196623966E-1,1.426843256E-1
1.802158983E1,8.113321662E-2,5.105954409E-2,1.689084768E-1
1.803160483E1,8.634654805E-3,2.382079959E-1,2.094270587E-1
1.804161883E1,-5.640959367E-2,3.735661209E-1,2.531990409E-1
1.805163383E1,-6.498103589E-2,3.833790720E-1,2.667543590E-1
1.806164783E1,-1.258307323E-2,3.134854734E-1,2.475702763E-1
1.807166283E1,7.725139707E-2,1.292166710E-1,2.042994797E-1
1.808167683E1,1.990427971E-1,-7.536763698E-2,1.470929235E-1
1.809169183E1,2.869765460E-1,-2.011979967E-1,1.107207164E-1
1.810170583E1,2.885073423E-1,-2.012427449E-1,1.145604625E-1
1.811172083E1,2.032348961E-1,-7.672332227E-2,1.388200670E-1
1.812173483E1,9.330600500E-2,1.149920523E-1,1.524692923E-1
1.813174983E1,1.244176086E-2,2.157865763E-1,1.676477492E-1
1.814176483E1,1.239195932E-2,2.619703114E-1,1.709229052E-1
1.815177883E1,6.872504950E-2,2.324393243E-1,1.542456001E-1
1.816179383E1,1.525000930E-1,1.381045729E-1,1.424033195E-1
1.817180783E1,2.487769127E-1,7.099537179E-3,1.462091506E-1
1.818182283E1,3.058916032E-1,-1.289078295E-1,1.714588404E-1
1.819183683E1,2.999188304E-1,-1.907954216E-1,1.844144315E-1
1.820185183E1,2.489033192E-1,-1.452740133E-1,1.693577170E-1
1.821186583E1,1.801431030E-1,-1.304501854E-2,1.234184429E-1
1.822188083E1,1.161516011E-1,1.045828089E-1,8.648439497E-2
1.823189483E1,8.431013674E-2,1.493343264E-1,6.842283905E-2
1.824190983E1,-3.559816629E-2,2.040958405E-1,6.352741271E-2
1.825192383E1,-3.015978634E-1,2.266299129E-1,7.792177051E-2
1.826193883E1,-2.909952998E-1,3.670429289E-1,7.444155216E-2
1.827195283E1,-2.883928120E-1,3.589546382E-1,5.985559523E-2
1.828196783E1,-1.771269739E-1,2.987810671E-1,6.781765074E-2
1.829198183E1,-9.915213287E-2,2.603634894E-1,6.148774549E-2
1.830199683E1,-4.315371159E-3,1.882983744E-1,5.487937853E-2
1.831201083E1,8.757545054E-2,1.186296642E-1,8.873460814E-3
1.832202583E1,1.423811764E-1,4.451522231E-2,-2.688453719E-2
1.833203983E1,1.610093117E-1,1.582764462E-2,-5.725166947E-2