"Time (s)","X (m/s^2)","Y (m/s^2)","Z (m/s^2)"
2.392458333E-3,1.996847534E0,6.113586731E0,6.605613556E0
1.240545833E-2,2.007176056E0,6.217919769E0,6.433770905E0
2.241845833E-2,2.008822632E0,6.258784790E0,6.632407837E0
3.243145833E-2,2.004182281E0,6.260581055E0,6.977440338E0
4.244545833E-2,1.874701538E0,6.260131989E0,7.333400116E0
5.245845833E-2,1.741029510E0,6.240822144E0,7.653883667E0
6.247145833E-2,1.614692230E0,6.135291595E0,7.796986084E0
7.248445833E-2,1.542093201E0,6.076613617E0,7.847730560E0
8.249845833E-2,1.593735809E0,6.121071167E0,7.930957489E0
9.251145833E-2,1.758094025E0,6.219416656E0,7.959697723E0
1.025244583E-1,1.819765778E0,6.331683197E0,7.890840912E0
1.125374583E-1,1.711091766E0,6.393205261E0,7.789351959E0
1.225514583E-1,1.490300903E0,6.391558685E0,7.660020905E0
1.325644583E-1,1.303938446E0,6.387966156E0,7.601043549E0
1.425774583E-1,1.284179535E0,6.413263550E0,7.603139191E0
1.525904583E-1,1.359772339E0,6.458469543E0,7.711663513E0
1.626034583E-1,1.457519073E0,6.534361725E0,7.861950989E0
1.726174583E-1,1.602866821E0,6.544091492E0,8.078550568E0
1.826304583E-1,1.760788422E0,6.480773163E0,8.293952637E0
1.926434583E-1,1.718576202E0,6.425837402E0,8.417745209E0
2.026564583E-1,1.540596313E0,6.393504639E0,8.563991089E0
2.126704583E-1,1.397194519E0,6.347550201E0,8.605903931E0
2.226834583E-1,1.347647552E0,6.382876740E0,8.459957428E0
2.326964583E-1,1.367107086E0,6.572532349E0,8.264913025E0
2.427094583E-1,1.435514832E0,6.730753326E0,8.047864380E0
2.527234583E-1,1.581012268E0,6.858737183E0,8.074209595E0
2.627364583E-1,1.663490753E0,6.930737457E0,8.296647034E0
2.727494583E-1,1.603465576E0,6.948849792E0,8.205037537E0
2.827624583E-1,1.456171875E0,6.909781036E0,7.847880249E0
2.927764583E-1,1.235530701E0,6.574029236E0,7.738757172E0
3.027894583E-1,7.322772217E-1,6.045927429E0,7.789202271E0
3.128024583E-1,3.926335144E-1,5.715265045E0,7.809410248E0
3.228154583E-1,7.078779602E-1,5.845643921E0,7.494016113E0
3.328294583E-1,1.109941864E0,6.215375061E0,6.658902740E0
3.428424583E-1,1.262474670E0,5.971083069E0,6.065237274E0
3.528554583E-1,1.000669098E0,5.265300751E0,5.716312866E0
3.628684583E-1,5.917195129E-1,4.765789490E0,5.276377716E0
3.728814583E-1,9.818083191E-1,3.858526154E0,3.166515198E0
3.828954583E-1,-6.553372192E-1,3.962859192E0,2.761756897E0
3.929084583E-1,-2.442770233E0,4.176764374E0,1.893412628E0
4.029214583E-1,-2.183060303E0,2.531685333E0,1.129401398E0
4.129344583E-1,-1.409618683E0,3.438349915E-1,8.518785095E-1
4.229484583E-1,-1.719025269E0,-1.917512512E-1,1.562151489E0
4.329614583E-1,-1.130598907E0,-8.725355530E-1,2.322570190E0
4.429744583E-1,9.101074219E-2,-2.242037659E0,2.517764282E0
4.529874583E-1,2.122885437E0,-2.686912537E0,2.310146027E0
4.630014583E-1,4.471202087E0,-2.787203979E0,1.478774872E0
4.730144583E-1,5.827980652E0,-3.309767303E0,8.623567200E-1
4.830274583E-1,7.468569031E0,-3.428620148E0,3.315605164E-1
4.930404583E-1,9.105415192E0,-3.673361206E0,-1.315763855E-1
5.030544583E-1,9.986033936E0,-4.309388580E0,-5.258564758E-1
5.130674583E-1,1.048464706E1,-5.126239929E0,-1.259331207E0
5.230804583E-1,1.066457291E1,-6.726711731E0,-1.722318420E0
5.330934583E-1,1.133532806E1,-8.361162872E0,-1.665137329E0
5.431074583E-1,1.320179672E1,-9.120384064E0,-2.026785278E0
5.531204583E-1,1.497575775E1,-9.751322021E0,-2.792892151E0
5.631334583E-1,1.644450348E1,-1.013183075E1,-3.780987396E0
5.731464583E-1,1.803569458E1,-9.710307312E0,-5.218597870E0
5.831604583E-1,1.901675446E1,-1.031100815E1,-5.690865784E0
5.931734583E-1,1.949770432E1,-1.118998032E1,-4.792733459E0
8.034502917E-1,1.800500839E1,-1.140643021E1,-4.321064301E0
8.134632917E-1,1.675855042E1,-1.154608978E1,-4.352648621E0
8.234772917E-1,1.496512985E1,-1.172242310E1,-4.013004913E0
8.334902917E-1,1.336570587E1,-1.200832855E1,-3.711082764E0
8.435032917E-1,1.200039505E1,-1.255050110E1,-4.216581573E0
8.535162917E-1,1.061263092E1,-1.291933411E1,-4.177961884E0
8.635302917E-1,1.002480331E1,-1.363020584E1,-3.577410736E0
8.735432917E-1,9.258846130E0,-1.417971313E1,-3.051554260E0
8.835562917E-1,8.780291290E0,-1.446756454E1,-1.702709198E0
8.935692917E-1,8.156538391E0,-1.422447006E1,-1.113684082E0
9.035832917E-1,7.586374054E0,-1.441427536E1,-2.062710571E-1
9.135962917E-1,6.387816467E0,-1.394485153E1,3.351530457E-1
9.236092917E-1,5.473966827E0,-1.350731140E1,2.082170105E-1
9.336222917E-1,4.982838135E0,-1.283745438E1,2.278262329E-1
9.436362917E-1,4.866080933E0,-1.224753113E1,2.427951050E-1
9.536492917E-1,5.113666077E0,-1.122874969E1,3.568579102E-1
9.636622917E-1,5.744903412E0,-9.315877533E0,6.586303711E-3
9.736752917E-1,6.480174408E0,-7.675588531E0,-1.113983459E0
9.836892917E-1,6.329587555E0,-6.783294067E0,-1.898801422E0
9.937022917E-1,5.834866333E0,-6.216273193E0,-2.395767975E0
1.003715292E0,5.095703430E0,-6.082750854E0,-2.408192139E0
1.013728292E0,4.511318665E0,-6.369404755E0,-1.766027527E0
1.023742292E0,3.846551056E0,-6.688541107E0,-1.033450928E0
1.033755292E0,3.104394379E0,-6.880591736E0,-1.853146362E-1
1.043768292E0,2.323917389E0,-6.598278809E0,4.700225830E-2
1.053781292E0,1.681004333E0,-5.777535553E0,-1.645079041E-1
1.063795292E0,1.281036072E0,-4.653672638E0,-4.005670166E-1
1.073808292E0,1.085243225E0,-3.532055054E0,-7.905061340E-1
1.083821292E0,9.285191345E-1,-2.846480713E0,-7.747888184E-1
1.093834292E0,8.205935669E-1,-2.266436920E0,-4.305047607E-1
1.103848292E0,9.354048157E-1,-1.811832275E0,-5.258564758E-1
1.113861292E0,1.191372528E0,-1.711840210E0,-5.736071777E-1
1.123874292E0,1.152303772E0,-1.539099426E0,-3.571572876E-1
1.133888292E0,1.066681824E0,-1.178798676E0,-4.147874451E-1
1.143901292E0,9.250762939E-1,-8.930429077E-1,-4.239184570E-1
1.153914292E0,3.356021118E-1,-3.779640198E-1,-2.293231201E-1
1.163927292E0,-1.390608215E-1,-1.826202393E-2,-4.715194702E-2
1.173941292E0,-4.677772522E-1,1.966909790E-1,5.956114197E-1
1.183954292E0,-8.150550842E-1,4.641847229E-1,1.564696198E0
1.193967292E0,-1.104852448E0,6.662644958E-1,2.360740814E0
1.203980292E0,-1.088985443E0,5.610333252E-1,3.027005310E0
1.213994292E0,-9.059161377E-1,7.159611511E-1,3.609444122E0
1.224007292E0,2.424957275E-2,1.469793549E0,4.419559479E0
1.234020292E0,1.106499023E0,2.776426392E0,4.981041870E0
1.244033292E0,6.878196716E-1,3.763773193E0,4.471651154E0
1.254047292E0,-6.027964783E-1,3.697012024E0,2.855761414E0
1.264060292E0,-1.909728699E0,3.605252838E0,1.117725677E0
1.274073292E0,-2.989732819E0,3.532204742E0,6.176156616E-1
1.284086292E0,-3.549568634E0,3.064577179E0,5.358856201E-1
1.294100292E0,-3.651356964E0,2.935994568E0,1.047821045E0
1.304113292E0,-3.856580200E0,3.429069214E0,2.187101898E0
1.314126292E0,-3.940555573E0,4.023183746E0,2.662812653E0
1.324139292E0,-3.729494476E0,4.332440643E0,2.917582855E0
1.334153292E0,-3.816014557E0,4.362378387E0,3.013832703E0
1.344166292E0,-3.896098022E0,4.342619476E0,2.818937988E0
1.354179292E0,-3.765868835E0,4.243974609E0,2.455344086E0
1.364193292E0,-4.127217407E0,4.411476288E0,2.198478241E0
1.374206292E0,-4.616549835E0,4.370311890E0,2.458038483E0
1.384219292E0,-4.071084137E0,3.998185730E0,2.684816895E0
1.394232292E0,-3.816613312E0,4.423900452E0,2.844534760E0
1.404246292E0,-3.801644440E0,4.628075867E0,3.310066681E0
1.414259292E0,-3.350482635E0,4.408632202E0,3.750001831E0
1.424272292E0,-2.891537018E0,4.471202087E0,3.948788452E0
1.434285292E0,-1.953587494E0,4.407734070E0,4.105662231E0
1.444299292E0,-1.254840546E0,4.386029205E0,4.225113831E0
1.454312292E0,-7.659571838E-1,4.229903870E0,4.729864197E0
1.464325292E0,-2.149530029E-1,4.005370789E0,5.083878021E0
1.474338292E0,1.601669312E-1,3.629053345E0,5.238656158E0
1.484352292E0,7.514373779E-1,3.138822784E0,5.312752075E0
1.494365292E0,1.564696198E0,2.971770172E0,4.861889648E0
1.504378292E0,2.584375763E0,2.866389313E0,4.140090637E0
1.514392292E0,3.984713745E0,2.925216980E0,4.262685699E0
1.524405292E0,5.344785461E0,2.836601257E0,4.309089203E0
1.534418292E0,5.933211823E0,1.927242279E0,4.629722443E0
1.544431292E0,6.446494446E0,1.076710968E0,5.669609985E0
1.554445292E0,6.915768585E0,2.065704346E-2,6.289770355E0
1.564458292E0,7.649542694E0,-1.088386688E0,7.282206573E0
1.574471292E0,9.158854065E0,-1.199156342E0,7.776778107E0
1.584484292E0,9.906249847E0,-1.962568817E0,6.580765228E0
1.594498292E0,1.125359802E1,-2.734214172E0,5.868246918E0
1.604511292E0,1.391221939E1,-2.173779602E0,4.408183136E0
1.614524292E0,1.592493393E1,-1.438658295E0,1.752705231E0
1.624537292E0,1.734203705E1,-7.967930603E-1,-7.963439941E-2
1.634551292E0,1.746044083E1,-8.445437622E-1,-6.234535217E-1
1.644564292E0,1.599738327E1,-3.098855896E0,-7.511380005E-1
1.654577292E0,1.475092529E1,-6.474336548E0,9.874964905E-1
1.664591292E0,1.555759781E1,-8.125552826E0,3.388653259E0
1.674604292E0,1.724923004E1,-8.533903656E0,3.641477509E0
1.684617292E0,1.866633316E1,-8.976533203E0,2.753673706E0
1.694630292E0,1.997835480E1,-9.865534515E0,1.716480560E0
1.712154292E0,2.226694565E1,-9.922865295E0,-1.341360626E0
1.854843417E0,1.781235901E1,-1.056308395E1,-9.798773346E0
1.864856417E0,1.512335083E1,-1.139969421E1,-1.061876816E1
1.874869417E0,1.277428574E1,-1.207089844E1,-1.020622604E1
1.884883417E0,1.090257797E1,-1.238120316E1,-9.407636719E0
1.894896417E0,1.157962006E1,-1.192150909E1,-7.067103882E0
1.904909417E0,1.477188171E1,-1.141586060E1,-6.261329498E0
1.914922417E0,1.627430740E1,-1.041788589E1,-6.844516754E0
1.924936417E0,1.701092560E1,-9.886490936E0,-6.053112488E0
1.934949417E0,1.632639908E1,-1.007150620E1,-5.839506683E0
1.944962417E0,1.503368729E1,-1.029618896E1,-5.910758514E0
1.954975417E0,1.328472427E1,-1.077938416E1,-6.254593506E0
1.964989417E0,1.181747543E1,-1.106663681E1,-7.200326843E0
1.975002417E0,1.113115265E1,-1.123862915E1,-8.063731384E0
1.985015417E0,1.017149826E1,-1.150043472E1,-9.103618927E0
1.995029417E0,9.435179443E0,-1.228345642E1,-9.076824646E0
2.005042417E0,8.752748566E0,-1.301962555E1,-7.296427002E0
2.015055417E0,9.920170898E0,-1.396251480E1,-4.682113495E0
2.025068417E0,1.016655853E1,-1.336929840E1,-4.065695343E0
2.035082417E0,9.739795990E0,-1.261082565E1,-4.119583282E0
2.045095417E0,9.850865021E0,-1.225157272E1,-5.169350281E0
2.055108417E0,9.309590607E0,-1.161539566E1,-6.096971283E0
2.065122417E0,9.250463562E0,-1.058463913E1,-7.078779602E0
2.075135417E0,9.737550659E0,-9.695787506E0,-8.409662018E0
2.085148417E0,8.654852142E0,-9.978399811E0,-7.952512665E0
2.095161417E0,7.737559662E0,-1.065648972E1,-6.409221954E0
2.105175417E0,7.295229492E0,-1.107217529E1,-4.358037415E0
2.115188417E0,6.809489594E0,-1.149399811E1,-2.047592010E0
2.125201417E0,6.052962799E0,-1.185175415E1,-1.081351318E0
2.135215417E0,5.692662048E0,-1.161659317E1,-8.909472656E-1
2.145228417E0,5.649551697E0,-1.077758789E1,-1.138981476E0
2.155241417E0,5.836213531E0,-9.548344116E0,-2.200723572E0
2.165254417E0,6.039640503E0,-8.263565826E0,-3.084485779E0
2.175268417E0,6.335126038E0,-7.549550629E0,-4.147724762E0
2.185281417E0,6.416706390E0,-7.167245636E0,-5.141807556E0
2.195294417E0,5.981112213E0,-6.939120026E0,-5.554649048E0
2.205308417E0,5.488336945E0,-6.867568817E0,-5.833519135E0
2.215321417E0,5.522166595E0,-6.669680328E0,-5.642815704E0
2.225334417E0,5.625002747E0,-6.318959656E0,-4.272116089E0
2.235347417E0,5.482349396E0,-5.892047424E0,-2.624791718E0
2.245361417E0,5.248984680E0,-5.680686951E0,-1.453776855E0
2.255374417E0,4.628075867E0,-5.610033875E0,-3.893403625E-1
2.265387417E0,3.420087891E0,-5.445975037E0,4.661306763E-1
2.275401417E0,2.161954193E0,-5.082979889E0,6.438111877E-1
2.285414417E0,1.176703033E0,-4.555776215E0,3.782633972E-1
2.295427417E0,2.661465454E-1,-3.930526428E0,-7.140151978E-2
2.305440417E0,-8.249345398E-1,-3.322939911E0,-3.900888062E-1
2.315454417E0,-1.816472626E0,-2.793790283E0,-3.790118408E-1
2.325467417E0,-2.530188446E0,-2.264640656E0,1.862127686E-1
2.335480417E0,-2.566263428E0,-1.424437866E0,1.378333740E0
2.345494417E0,-2.680176544E0,-2.285746765E-1,2.404449921E0
2.355507417E0,-3.128344574E0,5.770500183E-1,2.748135223E0
2.365520417E0,-3.671564941E0,1.236279144E0,2.536924438E0
2.375533417E0,-4.119283905E0,1.697170715E0,1.537153473E0
2.385547417E0,-4.794230347E0,1.696571960E0,3.893403625E-1
2.395560417E0,-5.685027924E0,1.568438416E0,-1.348695374E-1
2.405573417E0,-6.257138214E0,1.933529205E0,-5.150788879E-1
2.415587417E0,-6.350244598E0,2.531835022E0,-9.710307312E-1
2.425600417E0,-6.289770355E0,2.958747253E0,-1.241667938E0
2.435613417E0,-6.215973816E0,3.222648468E0,-1.292711792E0
2.445626417E0,-6.282734985E0,3.715723114E0,-8.457412720E-1
2.455640417E0,-5.931265869E0,3.769611053E0,1.228944397E-1
2.465653417E0,-5.085823975E0,3.913461914E0,1.256636810E0
2.475666417E0,-4.325554962E0,4.718188477E0,2.247576141E0
2.485680417E0,-4.210893402E0,5.282814331E0,2.702480164E0
2.495693417E0,-4.555027771E0,5.474565582E0,2.512974243E0
2.505706417E0,-5.134173431E0,5.165009308E0,1.525627441E0
2.515719417E0,-5.823639679E0,4.915627899E0,1.375639343E-1
2.525733417E0,-5.825286255E0,4.631219330E0,-8.822653198E-1
2.535746417E0,-5.628295898E0,4.272864532E0,-1.181044006E0
2.545759417E0,-4.840783539E0,4.441863098E0,-1.012644196E0
2.555773417E0,-4.602179718E0,4.998555450E0,-4.207749939E-1
2.565786417E0,-5.170996857E0,4.837191010E0,4.728666687E-1
2.575799417E0,-5.530698853E0,4.626728668E0,1.438059540E0
2.585812417E0,-5.624553680E0,4.768334198E0,1.895657959E0
2.595826417E0,-5.348228302E0,4.409530334E0,2.087708588E0
2.605839417E0,-4.711003418E0,4.072281647E0,2.239492950E0
2.615852417E0,-4.155658264E0,4.189188538E0,2.282004547E0
2.625866417E0,-3.653003540E0,4.323908386E0,1.885479126E0
2.635879417E0,-3.737577667E0,4.795278168E0,1.697769470E0
2.645892417E0,-4.069736938E0,4.709057465E0,1.052311707E0
2.655906417E0,-3.945345612E0,4.532873840E0,3.891906738E-2
2.665919417E0,-3.508404236E0,5.007985840E0,2.320175171E-2
2.675932417E0,-2.766397247E0,5.057981873E0,3.279679871E-1
2.685945417E0,-1.643582153E0,5.257516937E0,6.087840271E-1
2.695959417E0,-4.731660461E-1,5.464835815E0,1.102756805E0
2.705972417E0,3.450325012E-1,5.254972229E0,1.469344482E0
2.715985417E0,1.522334290E-1,4.884941711E0,1.819017334E0
2.725999417E0,-4.775070190E-2,3.955225067E0,2.370919647E0
2.736012417E0,2.516267395E-1,3.330424347E0,3.171754303E0
2.746025417E0,7.521858215E-1,3.158881073E0,4.184248810E0
2.756038417E0,1.757046204E0,2.868634644E0,4.394411774E0
2.766052417E0,2.869532776E0,3.227588196E0,4.276007996E0
2.776065417E0,2.631228333E0,3.420836334E0,3.167712708E0
2.786078417E0,1.497336273E0,2.519410858E0,1.660347290E0
2.796092417E0,1.240919495E0,1.919009399E0,1.307231598E0
2.806105417E0,2.446512451E0,2.148033142E0,1.798060913E0
2.816118417E0,4.204606476E0,2.307301941E0,3.112178192E0
2.826132417E0,5.410049744E0,1.795665894E0,3.406466217E0
2.836145417E0,6.334826660E0,1.414558411E0,2.468666382E0
2.846158417E0,5.865851898E0,-8.741821289E-2,1.232536926E0
2.856172417E0,5.492827606E0,-2.610720978E0,1.743424530E0
2.866185417E0,7.865543518E0,-3.703298950E0,3.953129425E0
2.876198417E0,1.144220581E1,-3.617976379E0,3.992048492E0
2.886211417E0,1.471649689E1,-3.406166840E0,3.398682404E0
2.896225417E0,1.737466919E1,-3.067720642E0,2.437531128E0
2.906238417E0,1.767269943E1,-3.863016815E0,7.200027466E-2
2.916251417E0,1.762405060E1,-6.237678680E0,-7.174580383E-1
2.926265417E0,1.950054840E1,-7.114555206E0,7.345225525E-1
2.936278417E0,2.173360474E1,-7.106621704E0,8.698411560E-1
3.086477417E0,1.816233124E1,-1.331930237E1,-1.139774826E1
3.096491417E0,1.826501770E1,-1.368289627E1,-1.011326935E1
3.106504417E0,1.948258575E1,-1.369756577E1,-8.780590668E0
3.126531417E0,1.864732269E1,-1.295091843E1,-8.557704163E0
3.136544417E0,1.741897705E1,-1.265363663E1,-9.263935547E0
3.146557417E0,1.549203415E1,-1.267908371E1,-9.098679199E0
3.156571417E0,1.349294128E1,-1.316946396E1,-9.073980560E0
3.166584417E0,1.165521286E1,-1.283969971E1,-8.780141602E0
3.176597417E0,1.023855881E1,-1.351449646E1,-8.575217743E0
3.186611417E0,9.121880951E0,-1.439346863E1,-8.558153229E0
3.196624417E0,9.932595062E0,-1.410217438E1,-6.986571350E0
3.206637417E0,1.207029968E1,-1.407268570E1,-6.431675262E0
3.216650417E0,1.195324310E1,-1.286948776E1,-7.212751007E0
3.226664417E0,1.228435455E1,-1.250065475E1,-6.295907593E0
3.236677417E0,1.201701050E1,-1.225187210E1,-5.898633728E0
3.246690417E0,1.147319138E1,-1.240066269E1,-5.556894379E0
3.256704417E0,1.045560745E1,-1.273836044E1,-4.813989258E0
3.266717417E0,9.812095642E0,-1.264525406E1,-4.976102142E0
3.276730417E0,9.543105011E0,-1.285691391E1,-4.520599365E0
3.286744417E0,9.802665253E0,-1.293115952E1,-3.048261108E0
3.296757417E0,1.075363770E1,-1.240515335E1,-2.006876678E0
3.306770417E0,1.074480606E1,-1.147244293E1,-1.492396545E0
3.316784417E0,1.049273026E1,-1.046458878E1,-1.643582153E0
3.326797417E0,9.438622284E0,-1.042102936E1,-1.811981964E0
3.336810417E0,7.702831879E0,-1.090392517E1,-1.790277100E0
3.346823417E0,6.406826935E0,-1.135613480E1,-1.609902191E0
3.356837417E0,5.695506134E0,-1.174008636E1,-1.383872223E0
3.366850417E0,5.017416229E0,-1.176762909E1,-1.112785950E0
3.376863417E0,4.783452759E0,-1.125509491E1,-1.945803680E0
3.386877417E0,4.922513580E0,-1.036594391E1,-2.351160736E0
3.396890417E0,5.096451874E0,-9.216783600E0,-2.121687927E0
3.406903417E0,5.798641663E0,-8.234975281E0,-1.972298584E0
3.416917417E0,5.896687775E0,-7.593409424E0,-1.467248840E0
3.426930417E0,5.159321136E0,-7.350165253E0,-1.294508057E0
3.436943417E0,4.293371887E0,-7.036118317E0,-1.374890900E0
3.446957417E0,4.018094330E0,-6.717281342E0,-1.181493073E0
3.456970417E0,3.396137695E0,-6.309379578E0,-8.729846191E-1
3.466983417E0,2.477498016E0,-5.746849365E0,-1.519939270E0
3.476997417E0,2.060614929E0,-5.334906006E0,-2.736459503E0
3.487010417E0,1.907932434E0,-4.971012726E0,-3.315904541E0
3.497023417E0,1.909129944E0,-4.531676331E0,-3.247646484E0
3.507036417E0,2.584824829E0,-3.724554749E0,-2.877017212E0
3.517050417E0,3.229683838E0,-2.980302429E0,-1.830992432E0
3.527063417E0,2.981649628E0,-2.527943115E0,-1.490001526E0
3.537076417E0,2.147434387E0,-2.353555756E0,-1.661993866E0
3.547090417E0,1.168619843E0,-2.334245911E0,-1.754651184E0
3.557103417E0,5.869294739E-1,-1.979483643E0,-1.957629089E0
3.567116417E0,6.836283875E-1,-1.343456268E0,-1.734443207E0
3.577130417E0,6.797364807E-1,-7.625143433E-1,-1.811083832E0
3.587143417E0,5.068460083E-1,-9.939331055E-2,-2.720442810E0
3.597156417E0,4.096980286E-1,4.840933228E-1,-3.269201660E0
3.607170417E0,1.781295776E-2,9.786648560E-1,-3.898193665E0
3.617183417E0,-4.843927002E-1,1.010099487E0,-4.633015594E0
3.627196417E0,-1.011746063E0,6.782395935E-1,-5.082530823E0
3.637210417E0,-1.338965607E0,6.523434448E-1,-5.094056854E0
3.647223417E0,-1.329235840E0,1.049317932E0,-4.240382080E0
3.657236417E0,-1.422192535E0,1.356628876E0,-3.337010651E0
3.667250417E0,-1.430126038E0,1.878294067E0,-2.759960632E0
3.677263417E0,-8.017327881E-1,2.588117981E0,-1.958976288E0
3.687276417E0,-5.053491211E-1,2.968177643E0,-1.834734650E0
3.697289417E0,-5.876779175E-1,3.275638275E0,-2.225422211E0
3.707303417E0,-6.309379578E-1,3.580404510E0,-2.593207397E0
3.717316417E0,-9.755213928E-1,3.470383301E0,-2.762205963E0
3.727329417E0,-1.467099152E0,3.069816284E0,-2.643802185E0
3.737343417E0,-2.324516144E0,2.828368378E0,-2.163600769E0
3.747356417E0,-2.607577515E0,2.818937988E0,-2.027384033E0
3.757369417E0,-2.576891327E0,3.300486603E0,-2.221230927E0
3.767383708E0,-2.139949951E0,3.662134552E0,-1.869911499E0
3.777396708E0,-2.052681427E0,4.037553864E0,-1.096619568E0
3.787409708E0,-2.191742249E0,4.700225830E0,-2.609074402E-1
3.797423708E0,-1.389710083E0,5.303770752E0,5.059478760E-1
3.807436708E0,-4.872367859E-1,5.613177338E0,1.924996948E-1
3.817449708E0,-8.083190918E-2,5.721252594E0,-7.577243042E-1
3.827463708E0,9.505233765E-2,5.482499084E0,-1.476080475E0
3.837476708E0,-3.284170532E-1,5.244494019E0,-2.088756409E0
3.847489708E0,-9.250762939E-1,4.772824860E0,-2.385738831E0
3.857503708E0,-1.461710358E0,4.644841003E0,-2.224823456E0
3.867516708E0,-1.272653503E0,4.993016968E0,-1.780697021E0
3.877529708E0,1.706451416E-2,5.261857910E0,-1.588197327E0
3.887543708E0,-1.339714050E-1,6.148913269E0,-8.419990540E-1
3.897556708E0,5.113366699E-1,6.188431091E0,-1.950444031E-1
3.907569708E0,9.889933777E-1,6.092031555E0,-2.586621094E-1
3.917582708E0,3.182382202E-1,6.159840546E0,-3.086581421E-1
3.927596708E0,-6.351292419E-1,5.290897522E0,5.697152710E-1
3.937609708E0,-1.466051331E0,4.734055481E0,1.072519684E0
3.947622708E0,-1.431622925E0,4.019291840E0,9.895921326E-1
3.957636708E0,-1.109193420E0,3.546125793E0,8.904981995E-1
3.967649708E0,4.167333984E-1,3.177741852E0,1.716330872E0
3.977662708E0,1.808838501E0,3.417094116E0,3.387755127E0
3.987676708E0,1.104104004E0,4.286935272E0,5.120102692E0
3.997689708E0,1.347497864E0,4.532724152E0,6.392756195E0
4.007702708E0,2.026635590E0,4.887037354E0,7.055577850E0
4.017716708E0,2.955603790E0,5.503006439E0,6.336772614E0
4.027729708E0,4.129762115E0,5.245541840E0,5.125940552E0
4.037742708E0,4.664599915E0,4.500840454E0,3.969295807E0
4.047756708E0,2.888992310E0,3.726650391E0,3.412304077E0
4.057769708E0,1.930834808E0,1.560205536E0,3.645668793E0
4.067782708E0,9.563612366E-1,1.456022186E0,5.847290497E0
4.077796708E0,6.361770630E-2,2.396217041E0,8.041128387E0
4.087809708E0,2.134561157E0,2.394720154E0,9.627230072E0
4.097822708E0,4.044589233E0,2.690804443E0,9.757010193E0
4.107836708E0,5.280419312E0,2.921474762E0,8.574169922E0
4.117849708E0,5.706134033E0,2.737657013E0,7.050488434E0
4.127862708E0,5.191354523E0,2.239343262E0,7.113058319E0
4.137876708E0,5.081033936E0,2.018702087E0,8.836125183E0
4.147889708E0,5.683231659E0,1.817819824E0,1.113190109E1
4.157902708E0,6.282734985E0,2.062111816E0,1.367975281E1
4.167916708E0,6.492149506E0,2.669997711E0,1.450977676E1
4.177929708E0,6.419849854E0,2.099234619E0,1.323233322E1
4.187942708E0,6.462062073E0,5.789959717E-1,1.236533615E1
4.197956708E0,6.302493896E0,-7.032376099E-1,1.199545532E1
4.207969708E0,5.848637695E0,-1.605112152E0,1.147423920E1
4.217982708E0,6.798113251E0,-1.852248230E0,1.280646881E1
4.227996708E0,7.738457794E0,-1.248254242E0,1.568154007E1
4.238009708E0,7.422764282E0,-1.163829803E0,1.801653442E1
4.248022708E0,5.531746674E0,-3.044818268E0,2.031380722E1
4.258036708E0,2.695594482E0,-5.886658630E0,2.374003235E1
4.298089708E0,2.873424683E0,-5.839955750E0,1.819526276E1
4.308102708E0,2.222727814E0,-6.813381500E0,1.618075195E1
4.318116708E0,2.249671783E0,-7.101382599E0,1.706885513E1
4.328129708E0,2.127525787E0,-7.464677124E0,1.972582993E1
4.338142708E0,1.412762146E0,-8.151299286E0,2.308170135E1
4.498356708E0,7.378755798E0,-9.039402466E0,1.788211395E1
4.508369708E0,6.905290375E0,-9.406289520E0,1.741523483E1
4.518382708E0,5.782325592E0,-1.001447479E1,1.732572098E1
4.528396708E0,4.720882874E0,-1.073492661E1,1.780053360E1
4.538409708E0,4.295168152E0,-1.131167725E1,1.787118668E1
4.548422708E0,4.411027222E0,-1.157917099E1,1.691332855E1
4.558436708E0,4.451592865E0,-1.176837753E1,1.578527435E1
4.568449708E0,4.858596497E0,-1.151181107E1,1.437939789E1
4.578462708E0,5.484744415E0,-1.072639435E1,1.276754974E1
4.588476708E0,5.873935089E0,-9.798923035E0,1.137888748E1
4.598489708E0,5.898933105E0,-9.241033173E0,1.059107574E1
4.608502708E0,5.484295349E0,-9.155411224E0,9.342971191E0
4.618516708E0,4.367467804E0,-9.384584656E0,7.942333832E0
4.628529708E0,3.273542633E0,-9.450597382E0,7.272177429E0
4.638542708E0,2.609373779E0,-9.081614685E0,6.621929626E0
4.648556708E0,2.174228668E0,-8.608298950E0,5.821843414E0
4.658569708E0,1.833237762E0,-7.708370361E0,5.204527130E0
4.668582708E0,2.251018982E0,-6.975793762E0,3.720064087E0
4.678596708E0,2.518363037E0,-6.615043945E0,1.669328613E0
4.688609708E0,2.240989838E0,-6.281238098E0,7.346722412E-1
4.698622708E0,1.848655701E0,-5.961203613E0,1.172960815E0
4.708636708E0,1.746717682E0,-5.509293365E0,2.064656525E0
4.718649708E0,1.512005768E0,-4.461023254E0,3.268752594E0
4.728662708E0,1.074914703E0,-3.728446655E0,3.358266449E0
4.738676708E0,8.834628296E-1,-3.522924042E0,1.507066040E0
4.748689708E0,5.688171387E-1,-2.779569855E0,1.787283325E-1
4.758702708E0,-4.385879517E-2,-2.261646881E0,-8.008346558E-2
4.768717042E0,-1.604363708E0,-2.431992645E0,-3.011737061E-1
4.778730042E0,-3.125500488E0,-2.647245026E0,-1.039588165E0
4.788743042E0,-2.687361603E0,-1.952389984E0,-1.513802032E0
4.798757042E0,-1.070573730E0,-4.983137512E-1,-2.436183929E0
4.808770042E0,7.349716187E-2,8.517288208E-1,-3.293900299E0
4.818783042E0,6.219566345E-1,2.356100464E0,-3.198548584E0
4.828797042E0,8.285270691E-1,3.240311737E0,-1.794618073E0
4.838810042E0,9.400451660E-2,2.689606934E0,-1.213376770E0
4.848823042E0,-1.288221130E0,2.027234344E0,-1.230291595E0
4.858837042E0,-2.474953308E0,1.408570862E0,-1.553768921E0
4.868850042E0,-3.291355591E0,1.088087311E0,-2.028282166E0
4.878863042E0,-3.706592102E0,8.915460205E-1,-1.144220581E0
4.888877042E0,-3.589236145E0,1.432670746E0,2.368075562E-1
4.898890042E0,-2.162253571E0,2.126627655E0,6.761439514E-1
4.908903042E0,-4.005670166E-1,3.005150757E0,-5.315446472E-1
4.918917042E0,1.171463928E0,4.118685150E0,-2.083367615E0
4.928930042E0,2.100282440E0,4.905000000E0,-3.064277802E0
4.938943042E0,2.115251312E0,5.109175415E0,-3.152145081E0
4.948957042E0,1.834884338E0,4.601730652E0,-2.226470032E0
4.958970042E0,1.628912659E0,4.372108154E0,-1.771416321E0
4.968983042E0,1.160686340E0,4.146826630E0,-1.025517426E0
4.978997042E0,5.728587341E-1,3.906725922E0,3.505709839E-1
4.989010042E0,-2.535726929E-1,3.591930542E0,1.246757355E0
4.999024042E0,-1.180145874E0,3.282374268E0,-2.395019531E-1
5.009037042E0,-1.600322113E0,3.341201935E0,-2.543211365E0
5.019050042E0,-1.103804626E0,3.205583954E0,-3.803440704E0
5.029064042E0,-9.415420532E-2,3.247796173E0,-3.806135101E0
5.039077042E0,9.348060608E-1,3.435056763E0,-3.212918701E0
5.049090042E0,1.925595703E0,3.371738434E0,-2.273621979E0
5.059104042E0,2.318079529E0,3.373983765E0,-8.472381592E-1
5.069117042E0,2.038760376E0,3.172502747E0,9.604028320E-1
5.079130042E0,1.526974640E0,3.042572937E0,2.417622528E0
5.089144042E0,1.319206696E0,3.020718384E0,2.919379120E0
5.099157042E0,1.843416595E0,2.712060242E0,2.508932648E0
5.109170042E0,2.806663513E0,2.709515533E0,1.509760437E0
5.119184042E0,4.515809326E0,2.640359344E0,4.567002869E-1
5.129197042E0,6.514453125E0,2.522704010E0,-1.315763855E-1
5.139210042E0,7.516619110E0,2.975811768E0,5.715115356E-1
5.149224042E0,7.399712219E0,3.291654968E0,1.423988800E0
5.159237042E0,6.984625397E0,3.170107727E0,2.487676849E0
5.169250042E0,6.957980804E0,2.827919312E0,3.469634857E0
5.179264042E0,7.151079254E0,2.587668915E0,4.109554138E0
5.189277042E0,7.589218140E0,2.089953918E0,5.029840393E0
5.199290042E0,8.116721191E0,1.536554718E0,6.293063507E0
5.209304042E0,8.891510010E0,1.672921143E0,6.783144379E0
5.219317042E0,1.012449600E1,2.262545013E0,6.553821259E0
5.229330042E0,1.144624741E1,2.429447937E0,7.175478516E0
5.239344042E0,1.219379288E1,2.134561157E0,8.521030426E0
5.249357042E0,1.318877380E1,2.011966095E0,1.019529877E1
5.259370042E0,1.529698975E1,2.080673218E0,1.226953537E1
5.269384042E0,1.669912399E1,2.737207947E0,1.355566086E1
5.279397042E0,1.730221985E1,3.553011475E0,1.363798965E1
5.289410042E0,1.701451813E1,3.993545380E0,1.311422882E1
5.299424042E0,1.610126724E1,3.434757385E0,1.247909958E1
5.309437042E0,1.496198639E1,2.536175995E0,1.195548843E1
5.319451042E0,1.499267258E1,1.772464142E0,1.250529510E1
5.329464042E0,1.540955566E1,1.636397095E0,1.390817780E1
5.339477042E0,1.658745621E1,1.659000092E0,1.523771301E1
5.349491042E0,1.817355789E1,1.370998993E0,1.723755432E1
5.359504042E0,1.794932419E1,2.259401550E0,1.868684052E1
5.369517042E0,1.818194046E1,2.277962952E0,1.830348770E1
5.379531042E0,1.821008194E1,2.049687653E0,1.777987656E1
5.389544042E0,1.734488113E1,2.104473724E0,1.716794907E1
5.399557042E0,1.662966843E1,1.438957672E0,1.615440674E1
5.409571042E0,1.599588638E1,7.794291687E-1,1.580398544E1
5.419584042E0,1.543425430E1,3.483256531E-1,1.599858078E1
5.429597042E0,1.477008545E1,-3.098556519E-2,1.605770782E1
5.439611042E0,1.395398254E1,-2.028282166E-1,1.620455246E1
5.449624042E0,1.336271210E1,-5.975573730E-1,1.594244751E1
5.459637042E0,1.244646744E1,-6.071374512E-1,1.589679245E1
5.469651042E0,1.135927826E1,-7.542814636E-1,1.558139832E1
5.479664042E0,1.025098297E1,-1.487905884E0,1.449256256E1
5.489678042E0,9.167985077E0,-1.671424255E0,1.367107086E1
5.499691042E0,9.046587524E0,-1.649569702E0,1.285811142E1
5.509704042E0,8.626560974E0,-1.487756195E0,1.206431213E1
5.519718042E0,8.190368042E0,-1.683848419E0,1.122710312E1
5.529731042E0,7.837551727E0,-1.879641266E0,1.070858139E1
5.539744042E0,7.248676300E0,-1.483115845E0,1.059197388E1
5.549758042E0,6.727310486E0,-1.246008911E0,1.026101212E1
5.559771042E0,6.150410156E0,-8.132588196E-1,9.861343231E0
5.569784042E0,5.725743256E0,-5.442681885E-1,8.629105682E0
5.579798042E0,5.696254578E0,-8.675958252E-1,7.192243652E0
5.589811042E0,6.042933655E0,-7.813751221E-1,6.527625732E0
5.599824042E0,6.103258209E0,-4.670288086E-1,6.013295288E0
5.609838042E0,5.756728821E0,-3.999682617E-1,6.253246307E0
5.619851042E0,5.330565033E0,-1.122665405E-2,7.003635864E0
5.629864042E0,5.098547516E0,3.879931641E-1,7.206464081E0
5.639878042E0,4.503684540E0,7.089257812E-1,7.437284088E0
5.649891042E0,3.990102539E0,9.918374634E-1,7.119494934E0
5.659904042E0,3.431913300E0,1.398092651E0,5.934559021E0
5.669918042E0,3.336561584E0,1.426383820E0,4.527035980E0
5.679931042E0,3.216062164E0,1.437011719E0,3.143163757E0
5.689945042E0,2.935096436E0,1.487905884E0,2.530936890E0
5.699958042E0,2.603984985E0,1.576072540E0,2.646945648E0
5.709971042E0,1.918560333E0,1.869013367E0,3.052153015E0
5.719985042E0,1.649869080E0,1.894759827E0,3.598367157E0
5.729998042E0,1.342707825E0,2.164049835E0,4.096980286E0
5.740011042E0,9.216334534E-1,2.726729736E0,4.024231567E0
5.750025042E0,4.845423889E-1,2.835703125E0,3.312312012E0
5.760038042E0,3.570075989E-1,2.745590515E0,2.663710785E0
5.770050292E0,8.613088989E-1,3.352877655E0,1.613494720E0
5.780064292E0,1.278940430E0,3.989204407E0,3.023712158E-1
5.790077292E0,1.163380737E0,4.129612427E0,-2.077679443E-1
5.800090292E0,8.126600647E-1,4.260590057E0,-3.727249146E-1
5.810104292E0,5.513035583E-1,4.374203796E0,-2.255809021E-1
5.820117292E0,-1.094224548E-1,4.788242798E0,2.128573608E-1
5.830130292E0,-1.179547119E-1,4.653223572E0,6.976991272E-1
5.840144292E0,3.942800903E-1,4.791835327E0,1.773511963E0
5.850157292E0,1.014440460E0,5.115162964E0,2.266885986E0
5.860171292E0,1.371747437E0,5.216202850E0,2.326013031E0
5.870184292E0,9.428892517E-1,5.599256287E0,2.271676025E0
5.880197292E0,1.097817078E0,5.608986053E0,1.017733612E0
5.890211292E0,1.350940704E0,5.818250885E0,-9.235794067E-2
5.900224292E0,7.870632935E-1,6.178701324E0,-4.794529724E-1
5.910237292E0,2.948867798E-1,5.891897736E0,-9.081614685E-1
5.920251292E0,-1.661544800E-2,5.798042908E0,-7.421566772E-1
5.930264292E0,2.341131592E-1,5.554199982E0,-2.992277527E-1
5.940277292E0,2.893482971E-1,5.226681061E0,3.023712158E-2
5.950291292E0,-3.682342529E-2,5.159470825E0,4.352947998E-1
5.960304292E0,1.327738953E-1,4.850812683E0,1.670526123E-1
5.970317292E0,-2.080673218E-1,5.109774170E0,1.062789917E-2
5.980331292E0,-6.400689697E-1,5.144202576E0,-3.863465881E-1
5.990344292E0,-4.475692749E-1,4.515210571E0,-6.288423157E-1
6.000358292E0,3.592529297E-3,4.891078949E0,-7.719447327E-1
6.010371292E0,1.169967041E0,5.508245544E0,-4.058061218E-1
6.020384292E0,2.068548431E0,5.990392914E0,-4.894821167E-2
6.030398292E0,2.454146576E0,6.332880707E0,2.255809021E-1
6.040411292E0,2.431094513E0,6.007008362E0,8.259823608E-1
6.050424292E0,1.956880646E0,5.789510651E0,7.942483521E-1
6.060438292E0,1.104104004E0,5.482199707E0,4.040098572E-1
6.070451292E0,5.620811462E-1,4.374353485E0,7.694000244E-1
6.080464292E0,1.269360352E-1,3.892655182E0,8.307723999E-1
6.090478292E0,3.453318787E-1,3.234324188E0,1.666334839E0
6.100491292E0,1.339414673E0,3.106939087E0,2.571652222E0
6.110504292E0,2.433489532E0,4.171375580E0,1.758692780E0
6.120518292E0,3.174149323E0,4.830005951E0,3.076103210E-1
6.130531292E0,3.625760193E0,5.144951019E0,-1.013692017E0
6.140545292E0,4.013154602E0,5.231022034E0,-1.876497803E0
6.150558292E0,4.197720795E0,4.540208588E0,-1.595831451E0
6.160571292E0,3.912114716E0,3.830983429E0,-4.005670166E-1
6.170585292E0,3.993844757E0,2.264490967E0,1.815424805E0
6.180598292E0,4.634362793E0,1.512305145E0,3.754791870E0
6.190611292E0,5.056484985E0,1.328637085E0,5.435496826E0
6.200625292E0,5.539829865E0,1.356778564E0,6.389762421E0
6.210638292E0,6.464457092E0,1.820963287E0,6.043233032E0
6.220651292E0,6.297254791E0,2.642005920E0,4.657115479E0
6.230665292E0,6.396199036E0,2.463876343E0,3.503464508E0
6.240678292E0,8.059689789E0,1.821711731E0,3.559747467E0
6.250692292E0,9.662257233E0,1.553319855E0,3.989054718E0
6.260705292E0,1.094000015E1,9.903405762E-1,5.056035919E0
6.270718292E0,1.165955383E1,4.105961609E-1,6.591093750E0
6.280732292E0,1.098191299E1,2.207908630E-1,8.210725708E0
6.290745292E0,1.099373840E1,6.563850403E-1,8.982820129E0
6.300758292E0,1.328966400E1,1.107247467E0,8.517587585E0
6.310772292E0,1.517529282E1,1.958976288E0,7.045099640E0
6.320785292E0,1.666304901E1,2.431992645E0,5.784121857E0
6.330798292E0,1.748813324E1,2.585124207E0,4.994962921E0
6.340812292E0,1.711660583E1,2.690954132E0,4.602778473E0
6.350825292E0,1.691332855E1,2.498903503E0,5.915548553E0
6.360839292E0,1.851649475E1,2.802771606E0,6.966812439E0
6.370852292E0,1.972283615E1,3.142864380E0,7.220684509E0
6.501026292E0,1.772628799E1,2.864593048E0,2.023492126E0
6.511039292E0,1.656500290E1,2.460433502E0,2.203867035E0
6.521052292E0,1.574605591E1,2.470163269E0,2.612666931E0
6.531066292E0,1.529145126E1,2.304607544E0,2.432890778E0
6.541079292E0,1.492501328E1,2.157014465E0,1.583856354E0
6.551092292E0,1.420635773E1,2.365979919E0,8.854087830E-1
6.561106292E0,1.356688751E1,2.410736847E0,5.116360474E-1
6.571119292E0,1.318503159E1,2.411036224E0,3.659889221E-1
6.581133292E0,1.283790344E1,2.252964935E0,5.300477600E-1
6.591146292E0,1.200174225E1,1.892813873E0,1.013242950E0
6.601159292E0,1.101334763E1,1.445843353E0,1.758992157E0
6.611173292E0,1.009231293E1,1.007255402E0,2.471660156E0
6.621186292E0,8.998537445E0,8.508306885E-1,2.808310089E0
6.631199292E0,7.652536469E0,2.974314880E-1,2.463277588E0
6.641213292E0,6.436315613E0,-4.222718811E-1,2.129022675E0
6.651226292E0,5.271288300E0,-4.326004028E-1,1.764979706E0
6.661239292E0,4.377496948E0,-4.055067444E-1,9.294172668E-1
6.671253292E0,3.637435913E0,-3.149450684E-1,1.972897339E-1
6.681266292E0,3.530109100E0,8.801696777E-2,-3.388952637E-1
6.691280292E0,3.598367157E0,4.245172119E-1,-5.337899780E-1
6.701293292E0,3.437900848E0,6.499484253E-1,-4.881349182E-1
6.711306292E0,3.171903992E0,5.688171387E-1,-1.827699280E-1
6.721320292E0,2.800675964E0,5.269042969E-1,3.562591553E-1
6.731333292E0,2.260898438E0,1.865121460E-1,6.827302551E-1
6.741346292E0,1.821562042E0,1.646575928E-2,1.094972992E0
6.751360292E0,1.684447174E0,2.246827698E-1,1.324894867E0
6.761373292E0,1.822759552E0,3.017724609E-1,1.298399963E0
6.771386583E0,1.961970062E0,5.965095520E-1,6.813830566E-1
6.781400583E0,2.077679443E0,6.587800598E-1,-1.933978271E-1
6.791413583E0,1.957778778E0,5.740562439E-1,-9.669891357E-1
6.801427583E0,1.687590637E0,7.250921631E-1,-1.365460510E0
6.811440583E0,1.344055023E0,6.846762085E-1,-1.362167358E0
6.821453583E0,1.355730743E0,3.878434753E-1,-1.102906494E0
6.831467583E0,1.428030396E0,5.272036743E-1,-6.092330933E-1
6.841480583E0,1.625769196E0,9.707313538E-1,-3.583547974E-1
6.851493583E0,2.297272797E0,1.014290771E0,-5.586383057E-1
6.861507583E0,2.955454102E0,1.263372803E0,-7.250921631E-1
6.871520583E0,3.655398560E0,1.196162567E0,-8.029302979E-1
6.881534583E0,4.070635071E0,1.051712952E0,-8.536747742E-1
6.891547583E0,4.365821228E0,1.088237000E0,-1.011895752E0
6.901560583E0,4.438719635E0,1.147513733E0,-1.166973267E0
6.911574583E0,4.218527527E0,1.143322449E0,-1.271455994E0
6.921587583E0,4.720134430E0,6.462062073E-1,-1.293160858E0
6.931600583E0,4.979245605E0,3.073109436E-1,-1.462309113E0
6.941614583E0,5.322781219E0,-8.068222046E-2,-1.504970398E0
6.951627583E0,5.479954376E0,-7.710466003E-1,-1.233734436E0
6.961641583E0,4.818928986E0,-1.357227631E0,-5.836363220E-1
6.971654583E0,4.024830322E0,-2.509980469E0,-6.697073364E-1
6.981667583E0,3.390000458E0,-3.500171356E0,-1.004111938E0
6.991681583E0,2.632575531E0,-3.405119019E0,-8.241860962E-1
7.001694583E0,3.235072632E0,-4.330644379E0,-3.785627747E-1
7.011707583E0,4.173471222E0,-5.053341522E0,-2.474354553E-1
7.021721583E0,5.115612030E0,-5.785469055E0,7.933502197E-2
7.031734583E0,5.486241302E0,-6.179449768E0,2.900967407E-1
7.041747583E0,5.355413361E0,-7.014114075E0,7.900570679E-1
7.051761583E0,5.368436279E0,-7.254514160E0,2.095642090E-1
7.061774583E0,5.543272705E0,-7.110363922E0,-1.770817566E0
7.071788583E0,6.335575104E0,-8.442294159E0,-3.943100281E0
7.081801583E0,7.969726868E0,-1.039498352E1,-5.108876038E0
7.091814583E0,8.634793854E0,-1.277174103E1,-5.957311707E0
7.101828583E0,8.613238678E0,-1.537318130E1,-7.264243927E0
7.111841583E0,8.813372498E0,-1.633328476E1,-1.019170624E1
7.121854583E0,8.884175262E0,-1.539653275E1,-1.473221420E1
7.131868583E0,8.072563019E0,-1.500584518E1,-1.688398956E1
7.141881583E0,8.624764709E0,-1.492261826E1,-1.301977524E1
7.151895583E0,1.091215805E1,-1.616802841E1,-1.076396622E1
7.161908583E0,1.177930481E1,-1.726868958E1,-1.136466705E1
7.171921583E0,1.087323898E1,-1.765518585E1,-9.808203735E0
7.181935583E0,8.955576782E0,-1.893247971E1,-9.388027496E0
7.191948583E0,6.525530090E0,-2.091795090E1,-1.134715347E1
7.302095583E0,6.208190002E0,-1.756612106E1,-9.812844086E0
7.312108583E0,6.568490753E0,-1.745939301E1,-9.003477173E0
7.322122583E0,4.609065399E0,-1.753932678E1,-9.165590057E0
7.332135583E0,1.793121185E0,-1.852128479E1,-1.008123596E1
7.342149583E0,-4.619393921E-1,-1.986818390E1,-1.186163361E1
7.392215583E0,-4.578977966E-1,-1.796893341E1,-6.831643524E0
7.402229583E0,9.045689392E-1,-1.616862717E1,-6.523584137E0
7.412242583E0,2.140249329E0,-1.485810242E1,-7.592062225E0
7.422256583E0,2.351609802E0,-1.398706375E1,-8.230484619E0
7.432269583E0,1.495839386E0,-1.419393356E1,-8.651708679E0
7.442282583E0,-6.391708374E-2,-1.543111084E1,-8.986262970E0
7.452296583E0,-1.813628540E0,-1.704041428E1,-8.623567200E0
7.462309583E0,-2.519710236E0,-1.775323196E1,-7.363936615E0
7.472322583E0,-2.071991272E0,-1.801324127E1,-6.295907593E0
7.482336583E0,-1.031804352E0,-1.705478439E1,-5.534291382E0
7.492349583E0,7.682025146E-1,-1.564232162E1,-4.988226929E0
7.502363583E0,2.511028290E0,-1.399948792E1,-5.695955200E0
7.512376583E0,3.085533600E0,-1.308982956E1,-7.587122498E0
7.522389583E0,2.897524567E0,-1.304627014E1,-9.212442627E0
7.532403583E0,2.757415924E0,-1.305570053E1,-9.977351990E0
7.542416583E0,2.850222931E0,-1.327978455E1,-1.020128632E1
7.552429583E0,2.753074951E0,-1.357826385E1,-1.018616776E1
7.562443583E0,2.760110321E0,-1.402508469E1,-9.725276184E0
7.572456583E0,3.051554260E0,-1.444675781E1,-8.305628357E0
7.582470583E0,3.470233612E0,-1.475870911E1,-6.339616699E0
7.592483583E0,3.683839417E0,-1.467623062E1,-4.689148865E0
7.602496583E0,3.980372772E0,-1.443972244E1,-3.478616180E0
7.612510583E0,4.478087769E0,-1.415396667E1,-2.713706818E0
7.622523583E0,5.604345703E0,-1.337962692E1,-2.350711670E0
7.632536583E0,6.187682648E0,-1.245829285E1,-2.773881683E0
7.642550583E0,5.772146759E0,-1.173095535E1,-3.209475861E0
7.652563583E0,5.315596161E0,-1.140044266E1,-3.434308319E0
7.662576583E0,4.897066498E0,-1.157497971E1,-3.652105408E0
7.672590583E0,4.473447418E0,-1.173634415E1,-3.678600311E0
7.682603583E0,4.282743988E0,-1.195758408E1,-3.223097534E0
7.692617583E0,4.036506042E0,-1.244991028E1,-2.412982178E0
7.702630583E0,3.415746918E0,-1.240215958E1,-1.608854370E0
7.712643583E0,3.086282043E0,-1.157033936E1,-8.696914673E-1
7.722657583E0,2.908451843E0,-1.050605255E1,-6.397695923E-1
7.732670583E0,2.192041626E0,-9.523046722E0,-8.434959412E-1
7.742684583E0,1.022074585E0,-8.643924866E0,-1.734592896E0
7.752697583E0,4.640350342E-3,-8.610095215E0,-2.448458405E0
7.762710583E0,-2.048190765E0,-8.524024200E0,-2.204615479E0
7.772724667E0,-3.525768127E0,-8.107739868E0,-1.619482269E0
7.782737667E0,-3.624862061E0,-7.184759216E0,-3.207829285E-1
7.792750667E0,-3.678750000E0,-6.004763031E0,5.679190063E-1
7.802764667E0,-2.870430908E0,-5.758974152E0,1.021924896E0
7.812777667E0,-1.198108521E0,-5.159021759E0,2.151925049E0
7.822791667E0,-6.129753113E-1,-4.686155090E0,2.844534760E0
7.832804667E0,-1.983225861E0,-5.354215851E0,3.035986633E0
7.842817667E0,-4.985831909E0,-5.777236176E0,3.229983215E0
7.852831667E0,-7.366930389E0,-5.418132935E0,3.444487152E0
7.862844667E0,-8.782536621E0,-4.705315247E0,3.366798706E0
7.872857667E0,-8.647367706E0,-3.719764709E0,3.658991089E0
7.882871667E0,-8.194110260E0,-4.409081268E0,5.948031006E0
7.892884667E0,-8.548872528E0,-4.997058563E0,9.311985626E0
7.902897667E0,-8.856333160E0,-5.049000549E0,1.045141617E1
7.912911667E0,-1.067041077E1,-4.378844147E0,1.056368271E1
7.922924667E0,-1.142409348E1,-2.573598175E0,1.160252243E1
7.932938667E0,-1.215128128E1,-1.684746552E0,1.200144287E1
7.942951667E0,-1.243314514E1,-8.202941895E-1,1.069960007E1
7.952964667E0,-1.169982010E1,-4.016148376E-1,9.126221924E0
7.962978667E0,-1.074435699E1,-6.221063232E-1,8.363557892E0
7.972991667E0,-9.455986176E0,-8.500822449E-1,8.098908234E0
7.983005667E0,-7.471113739E0,-2.181563416E0,7.442822571E0
7.993018667E0,-5.201084290E0,-3.621269531E0,6.965914307E0
8.003031667E0,-2.945874023E0,-5.566324768E0,7.137756958E0
8.013045667E0,-8.337661743E-2,-8.209528198E0,6.962172089E0
8.023058667E0,4.166435852E0,-7.197632446E0,2.783761139E0
8.033071667E0,8.755592651E0,-3.782334595E0,-3.142565002E0
8.043085667E0,1.153665939E1,-1.493893433E0,-6.622678070E0
8.053098667E0,1.229782654E1,3.887416077E-1,-9.195078735E0
8.063112667E0,1.178648987E1,-3.945794678E-1,-1.018931122E1
8.073125667E0,1.025697052E1,-2.742596741E0,-8.774154053E0
8.083138667E0,9.144034882E0,-6.186185760E0,-5.412893829E0
8.093152667E0,8.913514252E0,-9.954150238E0,-2.808310089E0
8.103165667E0,9.992769928E0,-1.339130264E1,-2.405198364E0
8.113178667E0,1.261696289E1,-1.549697388E1,-2.648741913E0
8.123192667E0,1.687515793E1,-1.501123398E1,-4.396806793E0
8.133205667E0,2.114278336E1,-1.363334930E1,-9.336684265E0
8.143219667E0,2.289264450E1,-1.265887573E1,-1.512335083E1
8.333473667E0,1.070708450E1,-1.475451782E1,-1.723665619E1
8.343486667E0,8.320597229E0,-1.482532059E1,-1.431982178E1
8.353499667E0,5.705984344E0,-1.632280655E1,-1.287427780E1
8.363513667E0,2.971021729E0,-1.780816772E1,-1.143262573E1
8.373526667E0,1.276096344E0,-1.881706970E1,-1.018092865E1
8.383540667E0,4.273612976E-1,-1.917332886E1,-9.295519867E0
8.413580667E0,1.778751068E0,-1.712843124E1,-1.005608826E1
8.423593667E0,2.966980133E0,-1.498264343E1,-1.174487640E1
8.433607667E0,4.090244293E0,-1.431967209E1,-1.194051956E1
8.443620667E0,3.708388367E0,-1.456546097E1,-9.355095978E0
8.453633667E0,2.770738220E0,-1.499282227E1,-7.057972870E0
8.463647667E0,2.368075562E0,-1.533396286E1,-5.084776154E0
8.473660667E0,2.233655090E0,-1.580099167E1,-3.203039246E0
8.483673667E0,2.383194122E0,-1.577599365E1,-2.029629364E0
8.493687667E0,2.401306458E0,-1.452459595E1,-2.172582092E0
8.503700667E0,2.461930389E0,-1.339354797E1,-3.713178406E0
8.513714667E0,2.697690125E0,-1.274030640E1,-5.396577759E0
8.523727667E0,3.152893524E0,-1.247820145E1,-6.312523041E0
8.533740667E0,3.468736725E0,-1.231893265E1,-5.931714935E0
8.543754667E0,4.001927948E0,-1.157183624E1,-5.086871796E0
8.553767667E0,4.992867279E0,-1.134805161E1,-4.267775116E0
8.563780667E0,5.788313141E0,-1.071097641E1,-2.975662079E0
8.573794667E0,6.412365417E0,-9.680519257E0,-3.007545776E0
8.583807667E0,6.496939545E0,-9.047036591E0,-3.674708405E0
8.593821667E0,6.168672180E0,-8.653055878E0,-3.760929108E0
8.603834667E0,5.503605194E0,-8.265062714E0,-3.775598602E0
8.613847667E0,4.925058289E0,-8.250842285E0,-3.715423737E0
8.623861667E0,4.271667023E0,-8.207432556E0,-2.730471954E0
8.633874667E0,3.604953461E0,-7.890391846E0,-1.529219971E0
8.643888667E0,2.912194061E0,-7.526947632E0,-6.756948853E-1
8.653901667E0,2.580184479E0,-7.073390808E0,3.176394653E-1
8.663914667E0,2.476749573E0,-6.571185150E0,1.161734161E0
8.673928667E0,2.220781860E0,-6.017037506E0,1.563498688E0
8.683941667E0,1.674418030E0,-5.335055695E0,1.839674377E0
8.693954667E0,1.111887817E0,-4.763244781E0,2.031425629E0
8.703968667E0,8.951385498E-2,-4.688849487E0,2.517315216E0
8.713981667E0,-1.318458252E0,-4.350403290E0,3.351530457E0
8.723995667E0,-2.005679169E0,-3.476969604E0,3.959266663E0
8.734008667E0,-2.107617188E0,-2.670596466E0,3.941453705E0
8.744021667E0,-2.539020081E0,-1.730551300E0,3.740272064E0
8.754035667E0,-2.902314606E0,-7.246430969E-1,3.224444733E0
8.764048667E0,-3.063229980E0,5.239105225E-3,2.819836121E0
8.774061958E0,-3.491639099E0,3.556604004E-1,2.663261719E0
8.784075958E0,-3.987408142E0,6.101312256E-1,2.160008240E0
8.794088958E0,-4.002826080E0,8.652008057E-1,1.594484253E0
8.804102958E0,-4.148024139E0,1.032852173E0,1.593286743E0
8.814115958E0,-4.567152557E0,1.139580231E0,2.127226410E0
8.824128958E0,-5.203179932E0,1.347647552E0,2.892884216E0
8.834142958E0,-6.160289612E0,1.891017609E0,3.732488251E0
8.844155958E0,-6.836433563E0,2.046544189E0,4.222718811E0
8.854169958E0,-7.136858826E0,2.047142944E0,4.186643829E0
8.864182958E0,-6.923402710E0,2.015109558E0,4.170028381E0
8.874195958E0,-5.916296997E0,1.890119476E0,4.758454742E0
8.884209958E0,-4.946314087E0,2.318378906E0,5.883215790E0
8.894222958E0,-4.122277679E0,3.472478943E0,7.392976227E0
8.904235958E0,-3.277733917E0,3.729644165E0,8.554411011E0
8.914249958E0,-3.811523895E0,2.883004761E0,8.483757935E0
8.924262958E0,-5.776188354E0,2.332299957E0,7.655380554E0
8.934276958E0,-7.717950439E0,2.303709412E0,7.037016449E0
8.944289958E0,-8.546776886E0,2.610271912E0,5.613476715E0
8.954302958E0,-7.626640320E0,2.395618286E0,3.521127777E0
8.964316958E0,-5.979914703E0,2.074236603E0,2.306104431E0
8.974329958E0,-4.161496124E0,2.235151978E0,1.683549042E0
8.984342958E0,-3.429967346E0,2.224075012E0,1.323996735E0
8.994356958E0,-3.371888123E0,1.388213196E0,1.689835968E0
9.004369958E0,-2.467917938E0,6.791377258E-1,3.311264191E0
9.014383958E0,-1.092428284E0,6.120771790E-1,4.079017639E0
9.024396958E0,2.454895020E-2,5.369334412E-1,3.553610229E0
9.034409958E0,1.978884888E0,6.673123169E-1,2.192939758E0
9.044423958E0,3.297343140E0,4.230203247E-1,3.186872864E-1
9.054436958E0,3.251239014E0,-9.999206543E-2,-1.712888031E0
9.064450958E0,4.421505432E0,-1.080004120E0,-1.913919983E0
9.074463958E0,7.576045532E0,-1.029858398E0,-3.429368591E-1
9.084476958E0,1.060903839E1,-7.307803345E-1,1.539249115E0
9.094490958E0,1.223914856E1,-8.846603394E-1,3.070115662E0
9.104503958E0,1.223361008E1,-1.321002960E0,4.159550171E0
9.114516958E0,1.060589493E1,-3.185525665E0,4.440366211E0
9.124530958E0,8.275241547E0,-7.083569641E0,5.075046387E0
9.134543958E0,9.209299164E0,-9.489217072E0,5.475763092E0
9.144557958E0,1.403496414E1,-9.466763763E0,2.771336975E0
9.154570958E0,1.911480057E1,-9.009764099E0,-2.630330200E0
9.164583958E0,2.264520905E1,-7.040608978E0,-7.526648254E0
9.294757958E0,1.836560852E1,-1.470796463E1,-1.502365814E1
9.304771958E0,1.605082214E1,-1.647878220E1,-1.387300095E1
9.314784958E0,1.330942291E1,-1.846305588E1,-1.349249222E1
9.324798958E0,1.170101761E1,-1.998224670E1,-1.400772079E1
9.344824958E0,1.550161423E1,-1.880539398E1,-1.211580505E1
9.354838958E0,1.904908722E1,-1.701152435E1,-1.174547516E1
9.364851958E0,2.057546310E1,-1.477936615E1,-1.352707031E1
9.384878958E0,1.725686417E1,-1.372675507E1,-1.457863358E1
9.394891958E0,1.423195450E1,-1.443837524E1,-1.496662674E1
9.404905958E0,1.133068771E1,-1.562600555E1,-1.524938873E1
9.414918958E0,9.105265503E0,-1.628239059E1,-1.564576447E1
9.424931958E0,7.953111420E0,-1.632460281E1,-1.630439484E1
9.434945958E0,7.641908569E0,-1.676334045E1,-1.659464127E1
9.444958958E0,7.181016998E0,-1.721031097E1,-1.567450470E1
9.454972958E0,7.561525726E0,-1.759471161E1,-1.379695908E1
9.464985958E0,8.854536896E0,-1.746433273E1,-1.153665939E1
9.474998958E0,9.144633636E0,-1.712019836E1,-1.012180161E1
9.485012958E0,9.136101379E0,-1.595726669E1,-8.993747406E0
9.495025958E0,8.956474915E0,-1.515448608E1,-8.314160614E0
9.505038958E0,8.247848511E0,-1.492830643E1,-7.223079529E0
9.515052958E0,7.608527985E0,-1.477756989E1,-5.754333801E0
9.525065958E0,6.983727264E0,-1.459165649E1,-5.010979614E0
9.535079958E0,6.563850403E0,-1.426728104E1,-4.397405548E0
9.545092958E0,6.283633118E0,-1.380444351E1,-3.908073120E0
9.555105958E0,5.896987152E0,-1.357077942E1,-3.856729889E0
9.565119958E0,5.400319977E0,-1.383438126E1,-3.434158630E0
9.575132958E0,4.790787506E0,-1.362167358E1,-2.280807037E0
9.585146958E0,4.789290619E0,-1.299956726E1,-2.086660767E0
9.595159958E0,4.816833344E0,-1.264106277E1,-2.920876007E0
9.605172958E0,4.674629059E0,-1.228255829E1,-2.856360168E0
9.615186958E0,4.596641235E0,-1.179397430E1,-2.250869293E0
9.625199958E0,4.629872131E0,-1.127665009E1,-1.866618347E0
9.635212958E0,4.336182861E0,-1.077728851E1,-1.310075684E0
9.645226958E0,3.730093231E0,-1.000923569E1,-9.313632202E-1
9.655239958E0,3.481759644E0,-8.926537170E0,-6.897656250E-1
9.665253958E0,2.994073792E0,-7.783214722E0,-5.164260864E-1
9.675266958E0,2.598596191E0,-7.163353729E0,-3.385958862E-1
9.685279958E0,2.277214508E0,-6.970255280E0,5.508544922E-2
9.695293958E0,2.031874695E0,-6.401138763E0,6.363267517E-1
9.705306958E0,2.030228119E0,-5.696553955E0,5.746549988E-1
9.715320958E0,1.323397980E0,-5.475314026E0,2.767744446E-1
9.725333958E0,1.811233521E-2,-5.207670593E0,-1.496887207E-2
9.735346958E0,-7.222480774E-1,-4.662653961E0,-5.321434021E-1
9.745360958E0,-8.316705322E-1,-4.008214874E0,-1.714085541E0
9.755373958E0,-1.951342163E0,-3.447929993E0,-2.014810181E0
9.765386958E0,-2.872975616E0,-3.419489136E0,-1.425934753E0
9.775400583E0,-3.465593262E0,-3.062481537E0,-1.054706726E0
9.785413583E0,-3.443139954E0,-2.543361053E0,-1.404678955E0
9.795427583E0,-3.521876221E0,-2.060614929E0,-1.976190491E0
9.805440583E0,-3.873345337E0,-2.190395050E0,-1.476679230E0
9.815453583E0,-4.234693909E0,-2.723885651E0,-1.652563477E-1
9.825467583E0,-5.514831848E0,-2.735711060E0,8.340655518E-1
9.835480583E0,-7.216044159E0,-2.190993805E0,7.879614258E-1
9.845494583E0,-7.190896454E0,-2.021396484E0,1.013841705E0
9.855507583E0,-6.293362885E0,-1.572929077E0,1.651815033E0
9.865520583E0,-5.175337830E0,-3.526666260E-1,2.655777283E0
9.875534583E0,-3.729494476E0,6.387217712E-1,3.105142822E0
9.885547583E0,-2.560575256E0,1.108145599E0,3.379821625E0
9.895560583E0,-2.210453339E0,1.760189667E0,4.050427094E0
9.905574583E0,-3.820205841E0,2.592159576E0,3.801794128E0
9.915587583E0,-5.166506195E0,2.411036224E0,2.954705658E0
9.925601583E0,-5.619164886E0,1.656754761E0,2.348765717E0
9.935614583E0,-6.352639618E0,1.046623535E0,1.939816132E0
9.945627583E0,-6.827751617E0,7.223977661E-1,2.051483917E0
9.955641583E0,-6.492748260E0,4.387376404E-1,2.869083710E0
9.965654583E0,-5.597160645E0,1.229692841E0,4.471501465E0
9.975668583E0,-4.245172119E0,2.847378845E0,5.886658630E0
9.985681583E0,-3.394790497E0,3.457809448E0,6.674320679E0
9.995694583E0,-3.270399170E0,3.078049164E0,6.352190552E0
1.000570858E1,-3.511398010E0,2.798430634E0,4.970413971E0
1.001572158E1,-4.685256958E0,2.691253510E0,2.819536743E0
1.002573458E1,-6.644682312E0,1.891316986E0,8.057743835E-1
1.003574858E1,-7.137008514E0,8.247848511E-1,8.848100281E-1
1.004576158E1,-5.596561890E0,7.195536804E-1,3.096460876E0
1.005577558E1,-4.044289856E0,8.786727905E-1,7.798782349E0
1.006578858E1,-1.349294128E0,1.109043732E0,5.858666840E0
1.007580158E1,8.303233337E-1,1.195863190E0,3.828139343E0
1.008581558E1,1.695224762E0,1.674268341E0,2.199376373E0
1.009582858E1,1.752256165E0,1.046623535E0,1.886227570E0
1.010584258E1,3.247347107E0,5.135820007E-1,3.550915833E0
1.011585558E1,5.714217224E0,5.848338318E-1,4.747677155E0
1.012586858E1,8.119415588E0,4.577481079E-1,5.157075806E0
1.013588258E1,1.027717850E1,3.480262756E-1,4.847818909E0
1.014589558E1,1.074076447E1,1.008901978E-1,3.110531616E0
1.015590958E1,9.861792297E0,-9.211843872E-1,-1.945953369E-2
1.016592258E1,1.019350250E1,-2.229014740E0,-7.667056274E-1
1.017593558E1,1.319042038E1,-2.393372955E0,1.213526459E0
1.018594958E1,1.759411285E1,-1.757644958E0,2.936892700E0
1.019596258E1,2.083217926E1,-1.672023010E0,3.684288483E0
1.020597558E1,2.125475052E1,-2.521356812E0,3.203638000E0
1.022600258E1,1.770473282E1,-6.406228180E0,-2.400258636E0
1.023601658E1,1.596909210E1,-8.588689728E0,-5.621709595E0
1.024602958E1,1.669792648E1,-9.842931519E0,-6.637347565E0
1.025604258E1,1.925655579E1,-9.798174591E0,-4.921166382E0
1.026605658E1,2.151625671E1,-1.049093399E1,-5.354964294E0
1.038621658E1,1.574770248E1,-1.592253891E1,-1.891197235E1
1.039623058E1,1.574815155E1,-1.487636444E1,-1.566193085E1
1.040624358E1,1.502096375E1,-1.459869186E1,-1.450184326E1
1.041625758E1,1.411040726E1,-1.405906403E1,-1.437400909E1
1.042627058E1,1.366253860E1,-1.358769424E1,-1.294702652E1
1.043628358E1,1.331406326E1,-1.365759888E1,-1.198168396E1
1.044629758E1,1.223645416E1,-1.344713654E1,-1.155746613E1
1.045631058E1,1.196402069E1,-1.247026794E1,-1.238075409E1
1.046632358E1,1.125539429E1,-1.221265366E1,-1.337304062E1
1.047633758E1,1.037851776E1,-1.254870483E1,-1.383722534E1
1.048635058E1,1.022508682E1,-1.240021362E1,-1.381462234E1
1.049636458E1,1.058673477E1,-1.228854584E1,-1.335462891E1
1.050637758E1,1.068522995E1,-1.282503021E1,-1.307575882E1
1.051639058E1,1.018347336E1,-1.398197433E1,-1.209903992E1
1.052640458E1,9.181457062E0,-1.454555237E1,-9.894274750E0
1.053641758E1,8.881181488E0,-1.520148834E1,-7.815397797E0
1.054643158E1,8.142018585E0,-1.554846680E1,-6.389912109E0
1.055644458E1,7.357200623E0,-1.523980865E1,-5.509293365E0
1.056645758E1,6.741081848E0,-1.473131607E1,-4.609514465E0
1.057647158E1,6.691085815E0,-1.402957535E1,-4.065545654E0
1.058648458E1,6.818321228E0,-1.356224716E1,-4.020189972E0
1.059649858E1,6.523434448E0,-1.318937256E1,-3.646117859E0
1.060651158E1,6.360273743E0,-1.303624100E1,-3.145558777E0
1.061652458E1,5.953719177E0,-1.327843735E1,-2.074685669E0
1.062653858E1,4.813390503E0,-1.309551773E1,-6.825805664E-1
1.063655158E1,4.499942322E0,-1.240859619E1,-2.514770508E-1
1.064656458E1,4.241429901E0,-1.170146667E1,4.999603271E-2
1.065657858E1,3.744163971E0,-1.077803696E1,3.432362366E-1
1.066659158E1,3.552562408E0,-9.941277008E0,-8.158035278E-2
1.067660558E1,2.978057098E0,-9.575737152E0,-9.732760620E-1
1.068661858E1,1.989213409E0,-9.226513367E0,-1.679208069E0
1.069663158E1,1.328786774E0,-8.513845367E0,-2.128423920E0
1.070664558E1,1.431173859E0,-7.640112305E0,-2.367776184E0
1.071665858E1,1.820813599E0,-6.761888580E0,-2.286644897E0
1.072667258E1,1.930236053E0,-5.966442719E0,-2.308349762E0
1.073668558E1,2.050136719E0,-5.621110840E0,-2.904859314E0
1.074669858E1,1.413510590E0,-5.067861328E0,-3.079995117E0
1.075671258E1,1.138382721E0,-4.686753845E0,-2.838247833E0
1.076672558E1,1.351689148E0,-4.521347809E0,-2.940784607E0
1.077673871E1,1.045276337E0,-4.300257568E0,-3.385210419E0
1.078675271E1,5.679190063E-1,-4.202660522E0,-3.396437073E0
1.079676571E1,3.182382202E-1,-4.054917755E0,-2.581232300E0
1.080677971E1,2.965333557E-1,-3.670816498E0,-1.663341064E0
1.081679271E1,1.160087585E-1,-2.987337799E0,-1.335672455E0
1.082680571E1,2.778222656E-1,-2.278561707E0,-1.518442383E0
1.083681971E1,-1.233435059E-1,-1.403631134E0,-1.506018219E0
1.084683271E1,-4.266128540E-2,-1.088237000E0,-1.983674927E0
1.085684671E1,-3.052153015E-1,-1.032103729E0,-2.547552338E0
1.086685971E1,-5.586383057E-1,-1.075363770E0,-2.757864990E0
1.087687271E1,-6.864724731E-1,-9.999206543E-1,-2.761906586E0
1.088688671E1,-9.548643494E-1,-7.110214233E-1,-2.600542145E0
1.089689971E1,-1.142723694E0,-3.150947571E-1,-2.509232025E0
1.090691371E1,-1.166823578E0,-1.411564636E-1,-2.438578949E0
1.091692671E1,-1.546284485E0,-3.293151855E-2,-2.310595093E0
1.092693971E1,-1.757794647E0,-1.166075134E-1,-1.966460724E0
1.093695371E1,-2.316732330E0,-3.832031250E-2,-1.581910400E0
1.094696671E1,-2.855611725E0,-1.134640503E-1,-1.369352417E0
1.095697971E1,-3.399131470E0,-6.224057007E-1,-1.062640228E0
1.096699371E1,-4.152514801E0,-8.846603394E-1,-1.103654938E0
1.097700671E1,-4.373605042E0,-9.687854004E-1,-1.589694214E0
1.098702071E1,-4.569846954E0,-9.885443115E-1,-1.831740875E0
1.099703371E1,-4.703968048E0,-8.536747742E-1,-2.447709961E0
1.100704671E1,-5.060975647E0,-2.909948730E-1,-2.691552887E0
1.101706071E1,-5.617817688E0,3.402424622E-1,-2.129022675E0
1.102707371E1,-5.469476166E0,3.665876770E-1,-1.919608154E0
1.103708771E1,-5.344635773E0,6.197113037E-2,-1.830693054E0
1.104710071E1,-4.855602722E0,-1.060843964E0,-1.591490479E0
1.105711371E1,-4.734504547E0,-2.365231476E0,-9.901908875E-1
1.106712771E1,-4.572241974E0,-2.781815186E0,-3.619473267E-1
1.107714071E1,-4.299509125E0,-2.089654541E0,9.391470337E-1
1.108715371E1,-3.933370514E0,-1.184486847E0,1.950294342E0
1.109716771E1,-3.939956818E0,-1.055305481E0,1.621128845E0
1.110718071E1,-4.246070251E0,-1.015488281E0,-2.766247559E-1
1.111719471E1,-4.063899078E0,-1.742077332E0,-2.110910339E0
1.112720771E1,-3.956572266E0,-3.099155273E0,-2.528841248E0
1.113722071E1,-3.487298126E0,-4.966072998E0,-1.278191986E0
1.114723471E1,-2.115700378E0,-6.375541992E0,5.761518860E-1
1.115724771E1,-4.950205994E-1,-7.191345520E0,2.100432129E0
1.116726171E1,7.372169495E-1,-8.259075165E0,3.444038086E0
1.117727471E1,5.780978394E-1,-9.721234589E0,4.387376404E0
1.118728771E1,-6.851252747E-1,-1.109283234E1,5.543272705E0
1.119730171E1,-1.180145874E0,-1.320883209E1,7.130422211E0
1.120731471E1,-2.018103333E0,-1.545850388E1,9.085057526E0
1.121732871E1,-1.386117554E0,-1.696152832E1,1.106873245E1
1.122734171E1,1.134790192E0,-1.788825119E1,1.257714569E1
1.123735471E1,3.542233887E0,-1.885643784E1,1.282652710E1
1.124736871E1,5.288652191E0,-1.997281631E1,1.360176498E1
1.150771671E1,1.490121277E1,-1.761776367E1,1.902094574E1
1.151772971E1,1.521855286E1,-1.716660187E1,2.130205215E1
1.157780971E1,1.618778732E1,-1.726958771E1,1.606100098E1
1.158782371E1,1.567899536E1,-1.688653427E1,1.334669540E1
1.159783671E1,1.456231750E1,-1.677516586E1,1.182945053E1
1.160785071E1,1.403885605E1,-1.726464798E1,9.823921051E0
1.161786371E1,1.452354813E1,-1.699026855E1,7.945327606E0
1.162787671E1,1.497770370E1,-1.626891861E1,7.208410034E0
1.163789071E1,1.476275070E1,-1.604034393E1,7.835306396E0
1.164790371E1,1.447729431E1,-1.588047638E1,9.005722504E0
1.165791771E1,1.426398788E1,-1.598406097E1,1.022882904E1
1.166793071E1,1.360730347E1,-1.606923386E1,1.130060028E1
1.167794371E1,1.278072235E1,-1.604034393E1,1.118953125E1
1.168795771E1,1.220501953E1,-1.598316284E1,9.398805084E0
1.169797071E1,1.165206940E1,-1.656141037E1,6.189029846E0
1.170798471E1,1.053254745E1,-1.745849487E1,2.669548645E0
1.171799771E1,9.622889099E0,-1.772254578E1,9.455836487E-1
1.172801071E1,9.110953674E0,-1.730221985E1,8.396040344E-1
1.173802471E1,8.674161987E0,-1.630244888E1,1.218615875E0
1.174803771E1,7.866142273E0,-1.566282898E1,1.156195679E0
1.175805071E1,6.724167023E0,-1.572270447E1,2.863545227E-1
1.176806471E1,5.483546906E0,-1.539608368E1,-6.698570251E-1
1.177807754E1,4.404440918E0,-1.478415619E1,-1.095122681E0
1.178809154E1,3.600762177E0,-1.385878052E1,-1.049317932E0
1.179810454E1,3.061882782E0,-1.283835251E1,-1.144070892E0
1.180811754E1,2.466271362E0,-1.188917633E1,-1.451980591E0
1.181813154E1,1.662293243E0,-1.127395569E1,-1.391656036E0
1.182814454E1,6.349795532E-1,-1.080019089E1,-1.365909576E0
1.183815854E1,-5.284011841E-1,-1.041758652E1,-1.444795532E0
1.184817154E1,-1.715881805E0,-9.943971405E0,-1.554367676E0
1.185818454E1,-2.652783508E0,-8.595725098E0,-1.238075409E0
1.186819854E1,-3.055595856E0,-7.125332794E0,-1.064735870E0
1.187821154E1,-3.254831543E0,-5.921236725E0,-1.549577637E0
1.188822554E1,-3.289259949E0,-5.167853394E0,-1.573827209E0
1.189823854E1,-3.494782562E0,-4.454287262E0,-5.351371765E-1
1.190825154E1,-3.332370300E0,-3.757635956E0,4.568499756E-1
1.191826554E1,-2.923720093E0,-3.495980072E0,1.333876190E0
1.192827854E1,-2.394869843E0,-3.299289093E0,1.934577026E0
1.193829154E1,-1.743274841E0,-3.170856171E0,1.970951385E0
1.194830554E1,-1.567989349E0,-2.874173126E0,2.268831940E0
1.195831854E1,-1.822759552E0,-2.533032532E0,2.578537903E0
1.196833254E1,-2.185455322E0,-2.451601868E0,1.850901031E0
1.197834554E1,-2.212698669E0,-2.371668091E0,6.629713440E-1
1.198835854E1,-2.282453613E0,-2.301015015E0,-3.315605164E-1
1.199837254E1,-2.961441650E0,-2.484383698E0,-1.144220581E0
1.200838554E1,-3.550915833E0,-2.596650238E0,-1.599873047E0
1.201839954E1,-3.505859528E0,-2.127675476E0,-1.627116394E0
1.202841254E1,-3.012635193E0,-1.720073090E0,-1.698068848E0
1.203842554E1,-2.773881683E0,-1.854792938E0,-1.123862915E0
1.204843954E1,-3.007396088E0,-2.497107239E0,-8.023315430E-1
1.205845254E1,-3.040477295E0,-2.652783508E0,-1.655108185E0
1.206846554E1,-2.549198914E0,-2.457140350E0,-2.405797119E0
1.207847954E1,-1.718276825E0,-2.327809296E0,-2.095642090E0
1.208849254E1,-9.060658264E-1,-2.343825989E0,-1.494641876E0
1.209850654E1,-4.254153442E-1,-2.182012482E0,-5.677693176E-1
1.210851954E1,-4.326004028E-1,-2.476001129E0,3.588038635E-1
1.211853254E1,-2.137554932E-1,-3.112776947E0,4.694238281E-1
1.212854654E1,4.451742554E-1,-3.769161987E0,-2.883004761E-1
1.213855954E1,1.705553284E0,-3.670217743E0,-1.317410431E0
1.214857354E1,2.865790558E0,-3.750151520E0,-2.486030273E0
1.215858654E1,3.464395752E0,-3.848497009E0,-3.845203857E0
1.216859954E1,3.676654358E0,-4.201612701E0,-4.684059448E0
1.217861354E1,4.061803436E0,-5.350623322E0,-5.054688721E0
1.218862654E1,5.060975647E0,-5.654341736E0,-5.692362671E0
1.219864054E1,6.747967529E0,-5.535189514E0,-6.943760376E0
1.220865354E1,7.718100128E0,-6.336173859E0,-8.271050262E0
1.221866654E1,7.639513550E0,-6.900200958E0,-9.366472321E0
1.222868054E1,7.889793091E0,-7.093449097E0,-9.561816101E0
1.223869354E1,8.612639923E0,-7.671247559E0,-8.845705261E0
1.224870654E1,9.889634399E0,-8.228987732E0,-7.894583130E0
1.225872054E1,1.120539825E1,-8.719068604E0,-7.332202606E0
1.226873354E1,1.246936981E1,-9.004974060E0,-6.795718231E0
1.227874754E1,1.391251877E1,-8.496780853E0,-6.310128021E0
1.228876054E1,1.448432968E1,-8.988059235E0,-6.895710297E0
1.229877354E1,1.448328186E1,-1.054063065E1,-7.648045807E0
1.230878754E1,1.424452835E1,-1.238883728E1,-7.965535583E0
1.231880054E1,1.470856339E1,-1.414393753E1,-7.612270203E0
1.232881454E1,1.569950272E1,-1.459030930E1,-7.079378357E0
1.233882754E1,1.768198013E1,-1.404170013E1,-5.538931732E0
1.234884054E1,2.058414505E1,-1.368274658E1,-3.240162048E0
1.235885454E1,2.334021378E1,-1.284478912E1,-3.664529572E0
1.257914854E1,1.855346786E1,-1.247595612E1,2.799029388E0
1.258916254E1,1.720327560E1,-1.261247223E1,3.462150421E0
1.259917554E1,1.599049759E1,-1.282877243E1,3.390898590E0
1.260918854E1,1.484612732E1,-1.267234772E1,3.222349091E0
1.261920254E1,1.416459457E1,-1.256861343E1,2.928510132E0
1.262921554E1,1.371103775E1,-1.206670715E1,2.840792542E0
1.263922854E1,1.306438248E1,-1.157078842E1,3.032094727E0
1.264924254E1,1.205922272E1,-1.162737076E1,3.130290527E0
1.265925554E1,1.102008362E1,-1.156210648E1,2.920426941E0
1.266926954E1,1.006252487E1,-1.166643951E1,2.338437195E0
1.267928254E1,8.800499268E0,-1.163799866E1,1.519939270E0
1.268929554E1,7.539970551E0,-1.094778397E1,6.477030945E-1
1.269930954E1,6.653663635E0,-1.028915359E1,6.601272583E-1
1.270932254E1,5.814808044E0,-1.017194733E1,9.750723267E-1
1.271933654E1,5.048102417E0,-1.023676254E1,5.674699402E-1
1.272934954E1,4.620741119E0,-9.766440582E0,1.197509766E-3
1.273936254E1,4.407285004E0,-9.046288147E0,-2.023791504E-1
1.274937654E1,4.302203522E0,-8.312214661E0,-7.634124756E-3
1.275938954E1,4.239184570E0,-7.723189545E0,8.217910767E-1
1.276940354E1,4.121379547E0,-7.249724121E0,1.737287292E0
1.277941754E1,3.740870819E0,-6.921905823E0,2.490670624E0
1.278943054E1,3.230881348E0,-6.411766663E0,3.084336090E0
1.279944454E1,2.840493164E0,-5.917344818E0,3.679498444E0
1.280945754E1,2.404599609E0,-5.825885010E0,4.034410400E0
1.281947054E1,1.695524139E0,-5.798342285E0,3.992946625E0
1.282948454E1,9.623487854E-1,-5.567671967E0,3.533252563E0
1.283949754E1,2.514770508E-1,-5.245242462E0,3.114872589E0
1.284951154E1,-1.767823792E-1,-4.776716766E0,3.017125854E0
1.285952454E1,-2.243833923E-1,-4.168082428E0,3.745211792E0
1.286953754E1,-2.782713318E-1,-3.732188873E0,4.378993835E0
1.287955154E1,-3.218307495E-1,-3.786974945E0,4.531826019E0
1.288956454E1,-6.002517700E-1,-4.130809937E0,4.187392273E0
1.289957854E1,-1.084794159E0,-4.121828613E0,3.436403961E0
1.290959154E1,-1.563947754E0,-3.745810547E0,2.573598175E0
1.291960454E1,-2.125430145E0,-3.511847076E0,1.879641266E0
1.292961854E1,-2.487227783E0,-3.487298126E0,1.221160583E0
1.293963154E1,-2.622995453E0,-3.661236420E0,8.035290527E-1
1.294964454E1,-2.863395538E0,-3.711681519E0,1.117126923E0
1.295965854E1,-3.342998199E0,-3.720962219E0,1.666185150E0
1.296967154E1,-3.733087006E0,-3.700305176E0,1.864373016E0
1.297968554E1,-3.535048828E0,-3.413651276E0,1.885179749E0
1.298969854E1,-3.181933136E0,-3.620970154E0,1.449884949E0
1.299971154E1,-3.004252625E0,-4.169878693E0,5.586383057E-1
1.300972554E1,-2.861449585E0,-4.708309021E0,-2.921923828E-1
1.301973854E1,-2.375709686E0,-5.034331055E0,-1.309626617E0
1.302975254E1,-1.645378418E0,-5.362897797E0,-1.895657959E0
1.303976554E1,-1.244362335E0,-5.834716644E0,-2.303260345E0
1.304977854E1,-1.149609375E0,-6.072122955E0,-2.953807526E0
1.305979254E1,-1.085392914E0,-6.008355560E0,-3.409759369E0
1.306980554E1,-7.217990112E-1,-6.003266144E0,-3.800147552E0
1.307981854E1,-3.894900513E-1,-6.592740326E0,-4.658462677E0
1.308983254E1,-3.906875610E-2,-7.004384308E0,-5.938899994E0
1.309984554E1,6.468049622E-1,-7.417076111E0,-6.768325195E0
1.310985954E1,1.568438416E0,-7.709418182E0,-6.694079590E0
1.311987254E1,2.879561920E0,-7.326813812E0,-6.081403656E0
1.312988554E1,4.879253540E0,-6.394103394E0,-5.337600403E0
1.313989954E1,6.532266083E0,-6.013594666E0,-5.988297272E0
1.314991254E1,7.227270813E0,-6.915319519E0,-7.040608978E0
1.315992654E1,6.863826599E0,-8.561446381E0,-7.541766815E0
1.316993954E1,5.482050018E0,-1.038106247E1,-9.131311340E0
1.317995254E1,4.254153442E0,-1.128009293E1,-1.094209579E1
1.318996654E1,4.694537659E0,-1.096050751E1,-1.134894974E1
1.319997954E1,5.805976410E0,-1.100840790E1,-1.130359406E1
1.320999254E1,7.580386505E0,-1.157857224E1,-1.062849792E1
1.322000654E1,1.023272095E1,-1.223361008E1,-1.002824615E1
1.323001954E1,1.297082703E1,-1.264809814E1,-1.064451462E1
1.324003354E1,1.577015579E1,-1.277428574E1,-1.167586990E1
1.325004654E1,1.759081970E1,-1.290391617E1,-1.313293991E1
1.326005954E1,1.978271164E1,-1.315105225E1,-1.377555359E1
1.327007354E1,2.308664108E1,-1.252954468E1,-1.442744797E1
1.340024754E1,1.841650269E1,-7.145690460E0,1.116228790E0
1.341026054E1,1.784768555E1,-6.666387177E0,1.744472351E0
1.342027454E1,1.772643768E1,-6.363566895E0,1.351988525E0
1.343028754E1,1.722947113E1,-6.360273743E0,8.916957092E-1
1.344030054E1,1.641726013E1,-6.654412079E0,1.185235291E0
1.345031454E1,1.549951859E1,-7.056925049E0,2.548899536E0
1.346032754E1,1.352527405E1,-7.319029999E0,4.542004852E0
1.347034154E1,1.400412827E1,-8.647667084E0,6.639293518E0
1.348035454E1,1.242805573E1,-8.684041443E0,7.697443085E0
1.349036754E1,1.023676254E1,-7.269183655E0,6.847809906E0
1.350038154E1,1.019380188E1,-7.025640106E0,5.047204285E0
1.351039454E1,9.250164185E0,-6.122568054E0,2.950963440E0
1.352040754E1,9.322463837E0,-5.415887604E0,1.403182068E0
1.353042154E1,1.053913376E1,-4.508175201E0,1.066232758E0
1.354043454E1,1.239153168E1,-3.136278076E0,2.085014191E0
1.355044854E1,1.382689682E1,-2.593357086E0,3.505859528E0
1.356046154E1,1.325628342E1,-3.327131195E0,5.035378876E0
1.357047454E1,1.085841980E1,-4.814288635E0,5.117408295E0
1.358048854E1,8.553961945E0,-5.737718353E0,4.435725861E0
1.359050154E1,7.018305359E0,-5.883814545E0,3.251538391E0
1.360051454E1,6.659052429E0,-5.402714996E0,2.057471466E0
1.361052854E1,7.232509918E0,-4.359384613E0,1.592388611E0
1.362054154E1,8.258925476E0,-3.213816833E0,2.193987579E0
1.363055554E1,9.169182587E0,-2.517464905E0,2.903063049E0
1.364056854E1,9.437275085E0,-2.570005646E0,3.913761292E0
1.365058154E1,8.587043152E0,-3.203638000E0,4.912783813E0
1.366059554E1,6.730004883E0,-4.565955048E0,4.720733185E0
1.367060854E1,5.065765686E0,-5.165608063E0,3.737877045E0
1.368062254E1,4.273163910E0,-4.380490723E0,2.546205139E0
1.369063554E1,4.258793793E0,-3.177143097E0,1.362317047E0
1.370064854E1,4.284839630E0,-2.383493500E0,9.951306152E-1
1.371066254E1,4.024830322E0,-2.077978821E0,1.271605682E0
1.372067554E1,3.896397400E0,-1.703307953E0,1.741777954E0
1.373068954E1,3.559148712E0,-1.547182617E0,1.944606171E0
1.374070254E1,3.214415588E0,-1.489103394E0,1.717528381E0
1.375071554E1,2.952160950E0,-1.217717743E0,1.589245148E0
1.376072954E1,2.848726044E0,-1.089284821E0,1.369502106E0
1.377074254E1,2.668351135E0,-1.260079651E0,6.065386963E-1
1.378075467E1,2.006277924E0,-1.396446075E0,1.422042847E-1
1.379076867E1,1.074765015E0,-1.366059265E0,3.263214111E-2
1.380078167E1,5.230123901E-1,-1.170266418E0,-2.872526550E-1
1.381079567E1,1.549278259E-1,-1.190324707E0,-2.894979858E-1
1.382080867E1,-3.318598938E-1,-1.400487671E0,-6.481521606E-2
1.383082167E1,-7.367678833E-1,-1.431323547E0,2.492317200E-1
1.384083567E1,-1.346599731E0,-1.523082733E0,5.771997070E-1
1.385084867E1,-1.897005157E0,-1.996847534E0,4.213737488E-1
1.386086167E1,-2.055824890E0,-2.496658173E0,2.306703186E-1
1.387087567E1,-1.909429321E0,-2.764151917E0,1.102906494E0
1.388088867E1,-2.059716797E0,-3.073857880E0,2.099234619E0
1.389090267E1,-2.925516357E0,-2.985391846E0,1.563498688E0
1.390091567E1,-3.022065582E0,-2.466421051E0,-5.029541016E-2
1.391092867E1,-2.214644623E0,-2.095642090E0,-1.151555328E0
1.392094267E1,-1.464704132E0,-1.993255005E0,-1.744322662E0
1.393095567E1,-8.912466431E-1,-2.262545013E0,-2.072440338E0
1.394096967E1,-7.360194397E-1,-2.670297089E0,-2.409090271E0
1.395098267E1,-8.069718933E-1,-3.451372833E0,-2.825823669E0
1.396099567E1,-8.174501038E-1,-4.328399048E0,-3.242706757E0
1.397100967E1,-1.147513733E0,-5.242098999E0,-2.175126801E0
1.398102267E1,-2.290536804E0,-5.895340576E0,-7.463479614E-1
1.399103567E1,-2.638114014E0,-5.193749542E0,-1.493743744E0
1.400104967E1,-1.919907532E0,-4.193978577E0,-3.267854462E0
1.401106267E1,-1.367855530E0,-4.293521576E0,-4.022734680E0
1.402107667E1,-1.390009460E0,-5.371430054E0,-4.373006287E0
1.403108967E1,-1.029559021E0,-5.964197388E0,-4.898563385E0
1.404110267E1,2.161505127E-1,-5.883066101E0,-6.128106537E0
1.405111667E1,1.485061798E0,-5.644761658E0,-7.990683289E0
1.406112967E1,2.837948456E0,-5.683081970E0,-9.322164459E0
1.407114367E1,3.670666809E0,-6.350543976E0,-9.696535950E0
1.408115667E1,3.349883881E0,-7.370822296E0,-1.012539413E1
1.409116967E1,2.991229706E0,-8.712781677E0,-1.038824753E1
1.410118367E1,2.912493439E0,-9.981393585E0,-1.010249176E1
1.411119667E1,2.535577240E0,-1.044527893E1,-9.898615723E0
1.412120967E1,2.307751007E0,-1.068193680E1,-1.032852173E1
1.413122367E1,3.147355042E0,-1.069855225E1,-1.086740112E1
1.414123667E1,3.273093567E0,-1.096230377E1,-1.170446045E1
1.415125067E1,3.628454590E0,-1.198452805E1,-1.255588989E1
1.416126367E1,5.016218719E0,-1.204814575E1,-1.323113571E1
1.417127667E1,6.450386353E0,-1.189067322E1,-1.398915939E1
1.418129067E1,7.553143158E0,-1.242042160E1,-1.392449387E1
1.419130367E1,9.075178070E0,-1.218600906E1,-1.371418121E1
1.420131667E1,9.515562286E0,-1.192839478E1,-1.312365921E1
1.421133067E1,9.772727509E0,-1.271755371E1,-1.377630203E1
1.422134367E1,1.062849792E1,-1.287502625E1,-1.529654068E1
1.423135767E1,1.195593750E1,-1.260498779E1,-1.520268585E1
1.424137067E1,1.293310547E1,-1.232267487E1,-1.454001389E1
1.425138367E1,1.410412033E1,-1.215876572E1,-1.382255585E1
1.426139767E1,1.568737793E1,-1.118429214E1,-1.266426453E1
1.427141067E1,1.768108200E1,-9.751621399E0,-1.120943985E1
1.428142467E1,1.910342422E1,-8.834179230E0,-9.784552917E0
1.429143767E1,1.802371948E1,-9.384584656E0,-9.997709656E0
1.430145067E1,1.629706009E1,-1.046309189E1,-1.176957504E1
1.431146467E1,1.579605194E1,-1.044363235E1,-1.259391083E1
1.432147767E1,1.613599503E1,-1.035322037E1,-1.210652435E1
1.433149067E1,1.605695938E1,-9.915530548E0,-1.067609894E1
1.434150467E1,1.646381332E1,-8.245902557E0,-8.026009827E0
1.435151767E1,1.846919312E1,-7.021748199E0,-5.270090790E0
1.436153167E1,1.997566040E1,-5.798042908E0,-3.854484558E0
1.441159867E1,1.864387985E1,-4.932692413E0,-6.422544250E0
1.442161167E1,1.739188339E1,-4.589905243E0,-5.872438202E0
1.443162467E1,1.617461472E1,-4.150868225E0,-5.589526520E0
1.444163867E1,1.571117844E1,-3.551664276E0,-5.396278381E0
1.445165167E1,1.526974640E1,-2.483635254E0,-3.698059845E0
1.446166467E1,1.478804810E1,-1.894310760E0,-1.941462708E0
1.447167867E1,1.414782944E1,-1.819616089E0,-1.236578522E0
1.448169167E1,1.329340622E1,-1.915566559E0,-5.120851135E-1
1.449170567E1,1.222477844E1,-2.144290924E0,3.607498169E-2
1.450171867E1,1.235500763E1,-1.560654602E0,3.570075989E-1
1.451173167E1,1.303444473E1,-4.776567078E-1,7.484436035E-1
1.452174567E1,1.353365662E1,4.352947998E-1,1.494641876E0
1.453175867E1,1.335717361E1,8.006849670E-1,2.282453613E0
1.454177167E1,1.230022156E1,3.092568970E-1,2.182012482E0
1.455178567E1,1.049692154E1,-5.171745300E-1,1.585951996E0
1.456179867E1,8.189918976E0,-1.520388336E0,1.146765289E0
1.457181267E1,5.974825287E0,-1.951192474E0,1.164578247E0
1.458182567E1,5.669160919E0,-1.444496155E0,1.566193085E0
1.459183867E1,7.871680756E0,-2.589614868E-1,2.706970825E0
1.460185267E1,1.061023590E1,1.321452026E0,4.139641571E0
1.461186567E1,1.186313049E1,2.287992096E0,4.889731750E0
1.462187867E1,1.075498489E1,1.471589813E0,4.241429901E0
1.463189267E1,8.344697113E0,9.595046997E-2,2.726580048E0
1.464190567E1,6.059698792E0,-9.741741943E-1,1.199755096E0
1.465191967E1,4.252057800E0,-1.682501221E0,4.805007935E-1
1.466193267E1,4.088597717E0,-1.659449158E0,1.216071167E0
1.467194567E1,4.999303894E0,-8.072712708E-1,3.022215271E0
1.468195967E1,5.008434906E0,-2.483335876E-1,4.029620361E0
1.469197267E1,4.004472656E0,-3.523672485E-1,4.012555847E0
1.470198667E1,2.594105530E0,-8.232879639E-1,3.824397125E0
1.471199967E1,1.012494507E0,-1.069226532E0,3.559148712E0
1.472201267E1,-1.625619507E-1,-1.058598633E0,3.445834351E0
1.473202667E1,-1.237476654E0,-7.228468323E-1,3.534599762E0
1.474203967E1,-1.633253632E0,-3.697311401E-2,3.387006683E0
1.475205267E1,-4.376898193E-1,7.399113464E-1,3.453618164E0
1.476206667E1,7.096742249E-1,1.483415222E0,3.547772369E0
1.477207967E1,7.679031372E-1,2.234253845E0,2.739752655E0
1.478209333E1,-1.839674377E-1,2.451302490E0,1.527124329E0
1.479210633E1,-8.536747742E-1,2.069596252E0,2.404000854E-1
1.480211933E1,-1.920805664E0,2.282752991E0,-8.547225952E-2
1.481213333E1,-2.155218201E0,2.899171143E0,6.764433289E-1
1.482214633E1,-1.770069122E0,3.264261932E0,1.477727051E0
1.483215933E1,-1.995350647E0,3.657194824E0,2.122286682E0
1.484217333E1,-2.248324585E0,2.806364136E0,1.390757904E0
1.485218633E1,-2.010169830E0,2.588716736E0,1.754501495E0
1.486220033E1,-1.334175568E0,3.382815399E0,2.435435486E0
1.487221333E1,-5.219645691E-1,3.638184357E0,1.541195068E0
1.488222633E1,-1.099613342E0,3.589385834E0,1.092727661E-2
1.489224033E1,-1.597178650E0,3.208128662E0,-1.151106262E0
1.490225333E1,-9.592053223E-1,2.453547821E0,-1.274300079E0
1.491226633E1,8.161029053E-1,3.378324738E0,1.122665405E-1
1.492228033E1,1.681154022E0,5.118007050E0,1.256038055E0
1.493229333E1,1.569935303E0,6.334527283E0,2.597847748E0
1.494230733E1,7.481442261E-1,5.620512085E0,3.836970978E0
1.495232033E1,-3.743714905E-1,3.584446106E0,2.808310089E0
1.496233333E1,-1.612746277E0,2.470013580E0,1.680704956E0
1.497234733E1,-1.021326141E0,1.848056946E0,5.288502502E-1
1.498236033E1,1.013242950E0,1.597627716E0,-6.161187744E-1
1.499237333E1,2.552791443E0,1.693278809E0,4.408332825E-1
1.500238733E1,2.675685883E0,1.963616638E0,1.671124878E0
1.501240033E1,2.856509857E0,1.387165375E0,1.264420624E0
1.502241433E1,2.295027466E0,4.944218445E-1,4.457730103E-1
1.503242733E1,1.129551086E0,7.334747314E-2,-6.960525513E-2
1.504244033E1,7.261399841E-1,-8.399034119E-1,-4.686753845E-1
1.505245433E1,7.256909180E-1,-2.247127075E0,-4.704716492E-1
1.506246733E1,2.188000031E0,-2.176623688E0,3.700305176E-1
1.507248133E1,4.979844360E0,-1.557810516E0,8.390052795E-1
1.508249433E1,7.738008728E0,-1.817969513E0,5.767506409E-1
1.509250733E1,9.762848053E0,-2.653531952E0,9.041198730E-1
1.510252133E1,1.162362854E1,-3.669469299E0,1.406924286E0
1.511253433E1,1.428614182E1,-4.540807343E0,1.596130829E0
1.512254733E1,1.720103027E1,-6.007756805E0,2.008822632E0
1.513256133E1,2.061228653E1,-6.379284210E0,3.656895447E0
1.514257433E1,2.410527283E1,-5.054988098E0,5.538332977E0
1.533282833E1,1.786160660E1,-6.733148346E0,5.723797302E0
1.534284233E1,1.445274536E1,-6.918013916E0,5.040019226E0
1.535285533E1,1.201222046E1,-6.889573059E0,4.113745422E0
1.536286833E1,1.026684998E1,-6.419101410E0,4.433630219E0
1.537288233E1,8.610544281E0,-5.907016296E0,4.669240265E0
1.538289533E1,6.917415161E0,-6.287824402E0,3.921245728E0
1.539290933E1,5.293142853E0,-6.202950897E0,5.625002747E0
1.540292233E1,3.503015442E0,-5.704637146E0,6.435417480E0
1.541293533E1,1.916764069E0,-7.437583466E0,2.943628693E0
1.542294933E1,9.919871521E-1,-7.749983826E0,8.207432556E-1
1.543296233E1,1.267414398E0,-6.133794708E0,6.182144165E-2
1.544297533E1,2.572101288E0,-4.591851196E0,1.231189728E0
1.545298933E1,4.148922272E0,-3.106789398E0,2.757864990E0
1.546300233E1,6.164181519E0,-1.174757080E0,3.177741852E0
1.547301633E1,7.168143768E0,2.305206299E-2,3.020568695E0
1.548302933E1,7.008874969E0,8.542735291E-1,1.845811615E0
1.549304233E1,6.756200409E0,1.573527832E0,-1.676513672E-1
1.550305633E1,5.987548828E0,1.654359741E0,-1.740879822E0
1.551306933E1,4.446653137E0,9.931846619E-1,-2.303260345E0
1.552308233E1,2.596799927E0,-1.520837402E-1,-2.239343262E0
1.553309633E1,6.718029785E-1,-1.725162506E0,-3.234922943E0
1.554310933E1,-6.385720825E-1,-2.507585449E0,-3.352727966E0
1.555312333E1,-1.159339142E0,-2.711760864E0,-2.634222107E0
1.556313633E1,-1.346300354E0,-2.416425018E0,-1.725012817E0
1.557314933E1,-1.284927979E0,-1.646575928E0,-2.790197754E-1
1.558316333E1,-1.230441284E0,-9.009764099E-1,2.000739441E0
1.559317633E1,-1.260079651E0,-1.155147858E0,3.887116699E0
1.560318933E1,-1.875749359E0,-1.246008911E0,4.639452209E0
1.561320333E1,-2.377805328E0,-9.132508850E-1,5.110821991E0
1.562321633E1,-2.355950775E0,-8.424481201E-1,4.942721558E0
1.563323033E1,-2.061812439E0,-8.876541138E-1,4.008214874E0
1.564324333E1,-1.738933868E0,-7.006929016E-1,3.335513763E0
1.565325633E1,-9.672885132E-1,-4.221221924E-1,2.488724670E0
1.566327033E1,2.523751831E-1,-1.980381775E-1,1.754202118E0
1.567328333E1,1.437610474E0,1.755848694E-1,1.553768921E0
1.568329633E1,2.491419067E0,6.161187744E-1,1.402283936E0
1.569331033E1,2.850073242E0,6.298901367E-1,1.278191986E0
1.570332333E1,2.705623627E0,6.168672180E-1,1.211131439E0
1.571333733E1,3.109334106E0,3.517684937E-1,1.306782532E0
1.572335033E1,3.437451782E0,-1.064286804E-1,1.838626556E0
1.573336333E1,3.859124908E0,-7.176077271E-1,2.228865051E0
1.574337733E1,4.548142090E0,-1.335672455E0,2.603086853E0
1.575339033E1,5.147795105E0,-1.563348999E0,3.306324463E0
1.576340333E1,6.256838837E0,-8.297245789E-1,3.206182709E0
1.577341733E1,7.362140350E0,-3.638932800E-1,1.623972931E0
1.578343054E1,8.128396912E0,-1.945953369E-1,-4.610412598E-2
1.579344454E1,9.058862000E0,-5.617817688E-1,-1.628164215E0
1.580345754E1,1.031714539E1,-1.658401337E0,-2.917582855E0
1.581347054E1,1.255229736E1,-2.300416260E0,-2.847678223E0
1.582348454E1,1.555161026E1,-1.215173035E0,-2.588417358E0
1.583349754E1,1.932900513E1,5.412744141E-1,-3.466940460E0
1.584351054E1,2.326611786E1,1.564995575E0,-4.101620636E0
1.599371154E1,1.852861954E1,-8.080197144E-1,-3.889661407E0
1.600372454E1,1.699475922E1,-1.073417816E0,-3.802991638E0
1.601373854E1,1.529384628E1,-1.514999542E0,-3.372786255E0
1.602375154E1,1.373887985E1,-2.069147186E0,-2.965034180E0
1.603376454E1,1.242670853E1,-2.515069885E0,-2.807561646E0
1.604377854E1,1.130568970E1,-2.985840912E0,-2.606230316E0
1.605379154E1,9.863588562E0,-3.603007507E0,-2.176024933E0
1.606380554E1,8.561745758E0,-3.910168762E0,-1.885479126E0
1.607381854E1,7.521259460E0,-3.908522186E0,-1.637594604E0
1.608383154E1,6.552474060E0,-3.665727081E0,-6.390211487E-1
1.609384554E1,6.012247467E0,-3.777993622E0,3.688330078E-1
1.610385854E1,5.230423279E0,-4.077520752E0,8.289761353E-1
1.611387154E1,3.827390900E0,-4.472249908E0,1.558558960E0
1.612388554E1,2.407144318E0,-4.544399872E0,2.172133026E0
1.613389854E1,1.570683746E0,-4.639751587E0,2.461631012E0
1.614391254E1,7.813751221E-1,-4.692891083E0,2.644850006E0
1.615392554E1,-1.645079041E-1,-4.836292877E0,2.998564453E0
1.616393854E1,-1.083147583E0,-4.912783813E0,4.301455078E0
1.617395254E1,-1.803000641E0,-4.623136139E0,6.753955078E0
1.618396554E1,-2.255809021E0,-4.203408966E0,8.200097809E0
1.619397854E1,-2.826123047E0,-4.174369354E0,7.685917053E0
1.620399254E1,-3.683689728E0,-4.280199280E0,6.853049011E0
1.621400554E1,-4.354444885E0,-4.020189972E0,5.809568939E0
1.622401854E1,-3.546125793E0,-3.731739807E0,4.123475189E0
1.623403254E1,-2.490970001E0,-3.599265289E0,2.816992035E0
1.624404554E1,-1.118923187E0,-3.680695953E0,2.081870728E0
1.625405954E1,1.368603973E0,-2.918930054E0,1.622326355E0
1.626407254E1,3.563040619E0,-1.697470093E0,7.393125916E-1
1.627408554E1,5.398523712E0,-2.007325745E-1,4.011657715E-2
1.628409954E1,7.370073853E0,9.403445435E-1,-7.216493225E-1
1.629411254E1,9.721983032E0,1.689087524E0,-1.586401062E0
1.630412554E1,1.186926773E1,2.029479675E0,-2.070644073E0
1.631413954E1,1.297786240E1,1.146016846E0,-2.405198364E0
1.632415254E1,1.365235977E1,4.891827393E-1,-1.713636475E0
1.633416654E1,1.499701355E1,-3.673361206E-1,-1.005459137E0
1.634417954E1,1.551239182E1,-8.396040344E-1,-1.254092102E0
1.635419254E1,1.535746399E1,1.151106262E-1,-1.366208954E0
1.636420654E1,1.700284241E1,6.653663635E-1,-2.063009949E0
1.637421954E1,1.850152588E1,1.920206909E0,-3.063080292E0
1.638423254E1,1.913725388E1,2.644700317E0,-3.303779755E0
1.647435354E1,1.841231140E1,2.909948730E-1,-1.124461670E0
1.648436654E1,1.665840866E1,-4.682263184E-1,-7.403604126E-1
1.649437954E1,1.520433243E1,-9.788145447E-1,-2.022294617E-1
1.650439354E1,1.425800034E1,-9.994715881E-1,2.404000854E-1
1.651440654E1,1.359278366E1,-9.380992126E-1,5.270539856E-1
1.652442054E1,1.282937119E1,-9.587562561E-1,8.969348145E-1
1.653443354E1,1.181702637E1,-1.002615051E0,1.003064117E0
1.654444654E1,1.091739716E1,-1.264270935E0,7.469467163E-1
1.655446054E1,9.923763428E0,-1.684746552E0,7.114704895E-1
1.656447354E1,8.700806580E0,-1.864073639E0,1.684746552E0
1.657448654E1,8.043523407E0,-1.644031219E0,2.967728577E0
1.658450054E1,7.763904877E0,-1.551523590E0,4.180506592E0
1.659451354E1,6.616840210E0,-1.981130219E0,4.943619690E0
1.660452654E1,5.200036469E0,-2.249671783E0,5.414989471E0
1.661454054E1,4.175566864E0,-2.300565948E0,5.571863251E0
1.662455354E1,2.957100677E0,-2.324216766E0,5.361101532E0
1.663456754E1,1.790875854E0,-2.379451904E0,4.611759796E0
1.664458054E1,1.058898010E0,-2.668500824E0,3.830684052E0
1.665459354E1,3.064128113E-1,-2.544109497E0,3.316652985E0
1.666460754E1,1.294807434E-1,-2.198029175E0,2.741249542E0
1.667462054E1,8.334667969E-1,-2.142943726E0,2.761607208E0
1.668463354E1,1.428479462E0,-1.872456207E0,3.163072357E0
1.669464754E1,2.271526337E0,-1.597478027E0,2.610421600E0
1.670466054E1,3.765270081E0,-9.554631042E-1,1.456920319E0
1.671467354E1,6.210285645E0,6.674620056E-1,-5.822891235E-1
1.672468754E1,9.186396790E0,2.705623627E0,-3.973786469E0
1.673470054E1,1.106424179E1,4.062851257E0,-6.355483704E0
1.674471454E1,1.187091431E1,4.187991028E0,-7.688012695E0
1.675472754E1,1.297486862E1,3.235222321E0,-9.462123413E0
1.676474054E1,1.374621460E1,2.721790009E0,-9.665550385E0
1.677475454E1,1.511047760E1,1.795067139E0,-8.377478943E0
1.678476796E1,1.661814240E1,9.568103027E-1,-6.918013916E0
1.679478096E1,1.888293274E1,9.586065674E-1,-5.438041534E0
1.680479496E1,2.144799866E1,1.390608215E0,-4.672234039E0
1.694498196E1,1.736793320E1,5.911207581E-1,2.243684235E0
1.695499496E1,1.654988434E1,-4.005670166E-1,2.404000854E0
1.696500896E1,1.542676987E1,-2.185754700E0,4.720433807E0
1.697502196E1,1.467248840E1,-3.420387268E0,8.049660645E0
1.698503496E1,1.424782150E1,-3.534300385E0,1.103565125E1
1.699504896E1,1.401490585E1,-2.864892426E0,1.293639862E1
1.700506196E1,1.377196106E1,-2.160008240E0,1.373902954E1
1.701507496E1,1.295900162E1,-1.168021088E0,1.533815414E1
1.702508896E1,1.142484192E1,-7.104226685E-1,1.518771698E1
1.703510196E1,1.009036697E1,-9.222322083E-1,1.306288559E1
1.704511596E1,9.160800018E0,-1.430275726E0,1.217732712E1
1.705512896E1,7.710316315E0,-2.085912323E0,1.120240448E1
1.706514196E1,6.714586945E0,-2.880310364E0,9.970765686E0
1.707515596E1,6.315816193E0,-2.697241058E0,9.610764313E0
1.708516896E1,5.548362122E0,-1.636696472E0,9.537716217E0
1.709518196E1,3.906875610E0,-6.089337158E-1,8.892258453E0
1.710519596E1,2.617756348E0,-3.532653809E-1,9.953102417E0
1.711520896E1,7.301815796E-1,-4.224215698E-1,1.237880814E1
1.712522196E1,-1.968706055E0,-9.318122864E-1,1.321107742E1
1.713523596E1,-4.187242584E0,-1.648072815E0,1.180430283E1
1.714524896E1,-5.245841217E0,-2.183509369E0,9.466763763E0
1.715526296E1,-4.844974823E0,-2.315834198E0,8.244854736E0
1.716527596E1,-2.931803284E0,-2.384241943E0,7.833210754E0
1.717528896E1,-1.438508606E-1,-1.696871338E0,7.139852600E0
1.718530296E1,4.019890594E0,5.192701721E-1,4.624034271E0
1.719531596E1,6.814279633E0,1.483415222E0,-9.639953613E-1
1.720532896E1,5.691614227E0,8.830137634E-1,-7.499404907E0
1.721534296E1,2.866688690E0,-1.801952820E0,-1.282458115E1
1.722535596E1,-2.829565887E0,-6.047873383E0,-1.927436874E1
1.723536896E1,-8.627608795E0,-8.250243530E0,-2.618579636E1
1.736554296E1,-4.088298340E0,-1.590292969E0,-1.863968857E1
1.737555596E1,-1.753753052E0,-2.853366394E0,-1.246068787E1
1.738556996E1,-1.012793884E0,-3.049458618E0,-7.326514435E0
1.739558296E1,-4.086502075E-1,-2.921774139E0,-3.710783386E0
1.740559696E1,5.748046875E-2,-2.590812378E0,-1.817071381E0
1.741560996E1,6.265969849E-1,-2.027533722E0,-8.878038025E-1
1.742562296E1,8.831634521E-1,-1.541644135E0,-1.140777740E0
1.743563696E1,8.752299500E-1,-1.279090118E0,-2.279010773E0
1.744564996E1,1.024768982E0,-9.723779297E-1,-3.094814301E0
1.745566296E1,1.408421173E0,-6.571334839E-1,-2.805915070E0
1.746567696E1,1.803599396E0,-4.451742554E-1,-1.647773438E0
1.747568996E1,1.675914917E0,-4.311035156E-2,4.670288086E-1
1.748570296E1,1.929786987E0,1.923500061E-1,3.451522522E0
1.749571696E1,2.489922180E0,3.158432007E-1,5.480852509E0
1.750572996E1,2.377505951E0,-7.170089722E-2,6.641538849E0
1.751574396E1,2.583028564E0,-6.216572571E-1,7.948920135E0
1.752575696E1,3.210673370E0,-1.162332916E0,8.710985413E0
1.753576996E1,3.414998474E0,-1.508413239E0,8.107440491E0
1.754578396E1,3.160078583E0,-1.813478851E0,6.366710358E0
1.755579696E1,2.167043610E0,-2.375410309E0,2.922971649E0
1.756580996E1,5.622308350E-1,-3.269051971E0,-8.189469910E-1
1.757582396E1,-1.453178101E0,-4.258793793E0,-5.021158447E0
1.758583696E1,-2.900518341E0,-4.890779572E0,-1.156255554E1
1.759584996E1,-4.023183746E0,-5.586682434E0,-1.853101456E1
1.760586396E1,-5.292544098E0,-5.862259369E0,-2.560590225E1
1.769598396E1,-3.817960510E0,-5.575306091E0,-1.828148346E1
1.770599696E1,-4.805457001E0,-5.996380463E0,-1.604019424E1
1.771601096E1,-4.690496063E0,-5.736221466E0,-1.430545166E1
1.772602396E1,-3.606001282E0,-4.941374359E0,-1.275931686E1
1.773603696E1,-2.456541595E0,-4.007167053E0,-1.136855896E1
1.774605096E1,-1.556163940E0,-3.101849670E0,-9.683213654E0
1.775606396E1,-6.048921204E-1,-2.603236542E0,-7.424710236E0
1.776607696E1,3.201841736E-1,-2.409090271E0,-5.336702271E0
1.777609096E1,9.731263733E-1,-2.372715912E0,-3.526815948E0
1.778610408E1,1.532213745E0,-2.413880310E0,-2.082319794E0
1.779611808E1,1.360221405E0,-2.640808411E0,-4.465214539E-1
1.780613108E1,7.237449646E-1,-2.788401489E0,1.644779663E0
1.781614408E1,8.523275757E-1,-3.175646210E0,4.482129364E0
1.782615808E1,8.396040344E-1,-3.246898041E0,7.219786377E0
1.783617108E1,7.081773376E-1,-2.945125580E0,8.151448975E0
1.784618408E1,-3.382965088E-2,-2.891537018E0,7.050338745E0
1.785619808E1,-6.033952332E-1,-3.125201111E0,5.054838409E0
1.786621108E1,-9.388476562E-1,-3.168461151E0,3.266656952E0
1.787622408E1,-2.007625122E0,-3.360362091E0,8.879534912E-1
1.788623808E1,-2.762954407E0,-3.701951752E0,-2.685415649E0
1.789625108E1,-2.833757172E0,-3.676654358E0,-7.640711060E0
1.790626408E1,-3.329675903E0,-3.335663452E0,-1.352976471E1
1.791627808E1,-4.305796051E0,-3.582799530E0,-1.935175781E1
1.792629108E1,-5.499713287E0,-4.791985016E0,-2.384376663E1
1.799638508E1,-3.432961121E0,-5.264252930E0,-1.633208725E1
1.800639808E1,-4.417164459E0,-5.154531097E0,-1.338232132E1
1.801641108E1,-5.163811798E0,-5.109624481E0,-1.049362839E1
1.802642508E1,-5.443879395E0,-5.194348297E0,-6.270161133E0
1.803643808E1,-4.757406921E0,-4.658911743E0,-1.933828583E0
1.804645108E1,-3.529360657E0,-3.810476074E0,6.586303711E-1
1.805646508E1,-2.614163818E0,-3.416345673E0,1.682950287E0
1.806647808E1,-1.891167297E0,-3.157683563E0,2.310744781E0
1.807649208E1,-1.042132874E0,-3.067570953E0,3.285517731E0
1.808650508E1,-4.638853455E-1,-3.107986908E0,3.412004700E0
1.809651808E1,-2.094145203E-1,-3.392994232E0,2.625989227E0
1.810653208E1,-2.758763123E-1,-4.133654022E0,2.553689575E-1
1.811654508E1,-3.457809448E-1,-5.069807281E0,-3.668571167E0
1.812655808E1,-8.762777710E-1,-5.593867493E0,-9.512269135E0
1.813657208E1,-5.869294739E-1,-4.456831970E0,-1.706346634E1
1.814658508E1,1.010249176E0,-2.347268829E0,-2.346535355E1
1.819665208E1,-4.924758911E-1,-6.263125763E0,-1.590382782E1
1.820666508E1,-2.363435211E0,-7.532635803E0,-1.184052750E1
1.821667908E1,-4.038901062E0,-7.949369202E0,-6.182742920E0
1.822669208E1,-5.501958618E0,-7.782615967E0,-4.354444885E-1
1.823670508E1,-5.840554504E0,-6.803502045E0,4.044888611E0
1.824671908E1,-5.375771027E0,-5.446424103E0,5.989494781E0
1.825673208E1,-4.722978516E0,-4.309538269E0,6.083199921E0
1.826674508E1,-5.149741058E0,-4.418511658E0,4.963378601E0
1.827675908E1,-6.396348724E0,-5.523962860E0,1.451830902E0
1.828677208E1,-6.915020142E0,-6.163882141E0,-3.067271576E0
1.829678508E1,-6.727909241E0,-6.069727936E0,-6.819219360E0
1.830679908E1,-5.987548828E0,-5.448669434E0,-1.100316879E1
1.831681208E1,-5.076243896E0,-4.507426758E0,-1.580039291E1
1.832682508E1,-3.411705322E0,-3.615431671E0,-1.859044098E1
1.833683908E1,-1.732796631E0,-3.413202209E0,-1.865705246E1
1.834685208E1,-6.230044556E-1,-3.337310028E0,-1.703442673E1
1.835686508E1,2.883004761E-1,-2.846031647E0,-1.485196518E1
1.836687908E1,4.221221924E-1,-2.443069611E0,-1.228734833E1
1.837689208E1,-4.242178345E-1,-2.635269928E0,-9.967622223E0
1.838690608E1,-1.708996124E0,-3.810476074E0,-7.280859375E0
1.839691908E1,-3.568878479E0,-4.869523773E0,-4.409081268E0
1.840693208E1,-5.134173431E0,-5.807473297E0,-4.118086395E0
1.841694608E1,-6.511010284E0,-6.628366241E0,-5.026098175E0
1.842695908E1,-7.087311859E0,-6.591542816E0,-5.589676208E0
1.843697208E1,-5.849984894E0,-5.758974152E0,-5.362149353E0
1.844698608E1,-3.748504944E0,-4.486021271E0,-4.117188263E0
1.845699908E1,-1.712289276E0,-3.966900787E0,-3.401526489E0
1.846701208E1,5.999523926E-1,-3.731440430E0,-3.563040619E0
1.847702608E1,3.163970490E0,-2.258204041E0,-5.642366638E0
1.848703908E1,2.565964050E0,-1.230890350E0,-1.230411346E1
1.849705208E1,-9.084608459E-1,-1.560355225E0,-2.218536530E1
1.850706608E1,-3.976181488E0,-2.679428101E0,-2.906011917E1
1.853710608E1,-2.184257813E0,-4.894072723E0,-1.440574310E1
1.854711908E1,6.725514221E-1,-4.772824860E0,-5.547164612E0
1.855713308E1,2.071841583E0,-4.852010193E0,1.796114960E0
1.856714608E1,1.137933655E0,-5.369184723E0,4.331692200E0
1.857715908E1,-1.432521057E-1,-6.113137665E0,2.129322052E0
1.858717308E1,-1.911225586E0,-6.824608154E0,-2.546803894E0
1.859718608E1,-3.527564392E0,-6.544241180E0,-1.015428406E1
1.860719908E1,-1.747316437E0,-4.356989594E0,-1.729937576E1
1.861721308E1,8.053253174E-2,-1.691781921E0,-2.275987061E1
1.865726608E1,2.069147186E0,-3.783382416E0,-1.671259598E1
1.866727908E1,1.547182617E0,-4.749922485E0,-1.296573761E1
1.867729308E1,1.263223114E0,-4.622238007E0,-1.000609222E1
1.868730608E1,1.622925110E0,-3.876488800E0,-7.828720093E0
1.869731908E1,2.517315216E0,-2.537672882E0,-8.359815674E0
1.870733308E1,2.156715088E0,-2.380050659E0,-1.162737076E1
1.871734608E1,7.458988953E-1,-3.307971039E0,-1.580009354E1
1.872736008E1,2.667453003E-1,-3.636687469E0,-1.911480057E1
1.873737308E1,7.104226685E-1,-3.429518280E0,-2.129786087E1
1.877742608E1,3.591182098E0,-1.689835968E0,-1.863429977E1
1.878744017E1,2.621348877E0,-1.569037170E0,-1.625170441E1
1.879745317E1,1.249002686E0,-1.973196716E0,-1.402613251E1
1.880746617E1,-3.734733582E-1,-2.562670898E0,-1.138307877E1
1.881748017E1,-1.655257874E0,-3.214714966E0,-8.886869659E0
1.882749317E1,-2.782114563E0,-3.314707031E0,-6.417754211E0
1.883750617E1,-3.592828674E0,-3.004402313E0,-4.107009430E0
1.884752017E1,-4.276007996E0,-3.062481537E0,-1.678459625E0
1.885753317E1,-4.892875214E0,-2.887046356E0,1.917662201E0
1.886754617E1,-5.515430603E0,-2.604733429E0,5.026397552E0
1.887756017E1,-6.060746613E0,-2.685116272E0,6.599775696E0
1.888757317E1,-6.710245972E0,-4.172872467E0,7.276668091E0
1.889758717E1,-8.189619598E0,-5.848937073E0,3.107388153E0
1.890760017E1,-6.621330872E0,-6.176905060E0,-4.236939240E0
1.891761317E1,-1.171613617E0,-3.954925690E0,-9.373058624E0
1.892762717E1,5.307812347E0,-1.288370819E0,-1.194950089E1
1.893764017E1,1.130254623E1,1.425934753E0,-1.280736694E1
1.894765317E1,1.519235733E1,4.028123474E0,-1.361478790E1
1.895766717E1,1.584095856E1,5.486989746E0,-1.425365936E1
1.896768017E1,1.422806259E1,4.984335022E0,-1.378558273E1
1.897769317E1,1.226654160E1,3.732937317E0,-1.168455185E1
1.898770717E1,1.056892181E1,2.736758881E0,-8.546776886E0
1.899772017E1,8.516988831E0,1.316661987E0,-5.020859070E0
1.900773317E1,6.257736969E0,3.686833191E-1,-2.135908356E0
1.901774717E1,4.781656494E0,-1.059796143E-1,-5.228627014E-1
1.902776017E1,4.052373047E0,-6.971003723E-1,-1.544787598E-1
1.903777317E1,3.486549683E0,-1.243913269E0,-1.672023010E0
1.904778717E1,4.077670441E0,-1.219364319E0,-6.092181244E0
1.905780017E1,6.929240570E0,4.567002869E-1,-1.101259918E1
1.906781317E1,1.106978027E1,3.006348267E0,-1.404993301E1
1.907782717E1,1.443433365E1,4.847968597E0,-1.434197571E1
1.908784017E1,1.486139557E1,5.031486969E0,-1.266426453E1
1.909785317E1,1.280796570E1,3.680995331E0,-9.661957855E0
1.910786717E1,9.610764313E0,1.724114685E0,-6.165079651E0
1.911788017E1,5.935457153E0,2.151026917E-1,-3.380121002E0
1.912789417E1,3.567680969E0,-7.012916565E-1,-1.614542542E0
1.913790717E1,3.206332397E0,-9.741741943E-1,-1.875300293E0
1.914792017E1,3.789070587E0,-6.255491638E-1,-4.558021545E0
1.915793417E1,5.140909424E0,2.296224976E-1,-6.534511414E0
1.916794717E1,8.305478668E0,1.147813110E0,-6.659501495E0
1.917796017E1,1.145717468E1,2.161355438E0,-6.437064056E0
1.918797417E1,1.292098068E1,2.788401489E0,-4.867877197E0
1.919798717E1,1.247999771E1,2.766696625E0,-2.490670624E0
1.920800017E1,1.060245209E1,1.931732941E0,-2.183060303E0
1.921801417E1,8.149503021E0,1.357527008E0,-2.592458954E0
1.922802717E1,5.595514069E0,1.168320465E0,-4.977599030E0
1.923804017E1,3.887416077E0,6.080355835E-1,-1.034962784E1
1.924805417E1,4.088747406E0,8.855584717E-1,-1.449106567E1
1.925806717E1,6.203849030E0,1.942211151E0,-1.560340256E1
1.926808017E1,9.328900452E0,2.599045258E0,-1.327304855E1
1.927809417E1,1.215711914E1,2.856659546E0,-7.059469757E0
1.928810717E1,1.321646622E1,2.755469971E0,-8.720864868E-1
1.929812017E1,1.175879745E1,1.878743134E0,2.458188171E0
1.930813417E1,9.223220215E0,1.316512299E0,3.249293060E0
1.931814717E1,6.858288116E0,3.140469360E-1,2.198328552E0
1.932816117E1,4.766837311E0,-6.092330933E-1,-8.647517395E-1
1.933817417E1,3.963308258E0,-6.227050781E-1,-6.780150604E0
1.934818717E1,5.029541016E0,9.475296021E-1,-1.433583847E1
1.935820117E1,6.754104767E0,2.958896942E0,-1.859148880E1
1.936821417E1,8.089178467E0,3.463647308E0,-1.805874664E1
1.937822717E1,8.631351013E0,2.229763184E0,-1.366089203E1
1.938824117E1,9.183852081E0,1.498384094E0,-6.684349823E0
1.939825417E1,9.810449066E0,1.110839996E0,7.720944214E-1
1.940826717E1,9.452094269E0,7.394622803E-1,5.173242188E0
1.941828117E1,8.446635132E0,1.110690308E-1,4.777764587E0
1.942829417E1,8.057444458E0,9.669891357E-2,2.056872711E0
1.943830717E1,7.855065308E0,2.359094238E-1,-1.185384979E0
1.944832117E1,7.106022949E0,-7.244934082E-2,-6.638395386E0
1.945833417E1,7.585026855E0,7.756869507E-1,-1.247011826E1
1.946834717E1,9.174421692E0,2.867736511E0,-1.697245560E1
1.947836117E1,9.538464661E0,4.115092621E0,-1.855601257E1
1.948837417E1,8.910670166E0,3.490740967E0,-1.592702957E1
1.949838717E1,7.467072144E0,1.667682037E0,-1.037297928E1
1.950840117E1,6.577472076E0,2.374063110E-1,-4.618645477E0
1.951841417E1,6.175408173E0,-5.387297058E-1,9.900411987E-1
1.952842717E1,6.041586456E0,-6.668632507E-1,3.810027008E0
1.953844117E1,5.908662872E0,-2.532733154E-1,2.198478241E0
1.954845417E1,6.432723083E0,-9.325607300E-2,-2.330653381E-1
1.955846717E1,6.747069397E0,-1.498384094E-1,-3.589385834E0
1.956848117E1,7.277117157E0,4.019142151E-1,-9.195677490E0
1.957849417E1,8.847202148E0,2.196831665E0,-1.515658173E1
1.958850817E1,1.018407211E1,3.548969879E0,-1.714354980E1
1.959852117E1,9.840686188E0,3.140020294E0,-1.465677109E1
1.960853417E1,8.325836334E0,1.328637085E0,-9.909243622E0
1.961854817E1,7.227270813E0,7.798782349E-2,-4.245471497E0
1.962856117E1,6.388115845E0,-1.003213806E0,1.613644409E0
1.963857417E1,5.887856140E0,-1.421294403E0,4.876858521E0
1.964858817E1,6.426585846E0,-9.590556335E-1,3.877237244E0
1.965860117E1,7.462581482E0,-2.640509033E-1,1.413959656E0
1.966861417E1,7.710765381E0,-5.957611084E-2,-3.002606049E0
1.967862817E1,7.873626709E0,4.345463562E-1,-7.279063110E0
1.968864117E1,9.066645813E0,2.045945435E0,-1.183304306E1
1.969865417E1,9.996063080E0,3.506009216E0,-1.629212036E1
1.970866817E1,9.903854828E0,4.045786743E0,-1.820005280E1
1.971868117E1,9.167386322E0,2.691403198E0,-1.612327148E1
1.972869417E1,8.133486328E0,7.203021240E-1,-9.892478485E0
1.973870817E1,6.311475220E0,-1.021475830E0,-3.722159729E0
1.974872117E1,4.490362244E0,-1.938319244E0,1.047072601E0
1.975873417E1,4.023782501E0,-1.946103058E0,3.845203857E0
1.976874817E1,4.371060333E0,-1.536405029E0,3.375181274E0
1.977876117E1,5.516777802E0,-6.304888916E-1,2.169438629E0
1.978877329E1,6.433172150E0,1.543290710E-1,7.448510742E-1
1.979878729E1,6.532715149E0,5.525010681E-1,-2.220033417E0
1.980880029E1,6.472839661E0,4.505630493E-1,-5.650898895E0
1.981881329E1,6.996600494E0,7.147636414E-1,-8.270301819E0
1.982882729E1,8.471932526E0,1.378932495E0,-8.662186890E0
1.983884029E1,9.587263184E0,1.353635101E0,-7.593409424E0
1.984885329E1,1.030906219E1,9.807604980E-1,-5.541326752E0
1.985886729E1,1.090587112E1,8.451425171E-1,-3.358715515E0
1.986888029E1,1.127260849E1,1.501976624E0,-1.817969513E0
1.987889329E1,1.098550552E1,1.637893982E0,-1.589694214E0
1.988890729E1,1.080812439E1,1.735940094E0,-2.317331085E0
1.989892029E1,1.118444183E1,2.038910065E0,-2.864892426E0
1.990893429E1,1.179397430E1,2.488574982E0,-2.477498016E0
1.991894729E1,1.237716156E1,3.110531616E0,-1.509461060E0
1.992896029E1,1.246877106E1,3.274141388E0,-1.504371643E-1
1.993897429E1,1.168589905E1,2.470462646E0,1.099763031E0
1.994898729E1,1.006941055E1,7.363188171E-1,1.896855469E0
1.995900029E1,8.107440491E0,-6.848258972E-1,2.886746979E0
1.996901429E1,7.258555756E0,-1.107696533E0,3.876339111E0
1.997902729E1,7.420968018E0,-9.171427917E-1,4.530927887E0
1.998904029E1,8.431666260E0,-2.318678284E-1,5.111121368E0
1.999905429E1,1.023526566E1,1.447040863E0,5.754333801E0
2.000906729E1,1.197584610E1,3.773802338E0,5.803880768E0
2.001908029E1,1.284299286E1,5.026547241E0,4.854704590E0
2.002909429E1,1.232716553E1,5.285359039E0,3.616479492E0
2.003910729E1,1.133892059E1,4.940625916E0,2.120939484E0
2.004912029E1,1.090212891E1,4.388573914E0,9.238787842E-1
2.005913429E1,1.068133804E1,3.963757324E0,1.093176727E0
2.006914729E1,1.073986633E1,3.830684052E0,2.248773651E0
2.007916029E1,1.101948486E1,3.842808838E0,3.384761353E0
2.008917429E1,1.118099899E1,4.368815002E0,4.346810760E0
2.009918729E1,1.082279388E1,5.338797913E0,5.225333862E0
2.010920029E1,9.897418213E0,5.793252869E0,5.939349060E0
2.011921429E1,8.991651764E0,5.917344818E0,6.570885773E0
2.012922729E1,8.139324188E0,5.617967377E0,6.749614105E0
2.013924029E1,7.162006531E0,5.071603546E0,7.277715912E0
2.014925429E1,6.215674438E0,4.625531158E0,7.978708191E0
2.015926729E1,5.792354736E0,4.466112671E0,7.990533600E0
2.016928029E1,5.592669983E0,4.986580353E0,7.662116547E0
2.017929429E1,5.908812561E0,5.834716644E0,6.826703796E0
2.018930729E1,5.958509216E0,6.641239471E0,5.987399139E0
2.019932029E1,5.234464874E0,7.478897552E0,5.419180756E0
2.020933429E1,4.050127716E0,7.538323975E0,5.106481018E0
2.021934729E1,2.520009613E0,7.412585449E0,4.672533417E0
2.022936029E1,1.128952332E0,7.214098206E0,4.456233215E0
2.023937429E1,1.309776306E-1,6.910080414E0,5.112917633E0
2.024938729E1,3.832031250E-2,6.753955078E0,6.188880157E0
2.025940029E1,7.083270264E-1,6.991361389E0,7.364235992E0
2.026941429E1,1.802401886E0,7.777825928E0,8.289162598E0
2.027942729E1,2.977608032E0,8.572373657E0,8.138725433E0
2.028944029E1,3.364253998E0,9.151070251E0,7.307503967E0
2.029945429E1,2.658022614E0,9.376501465E0,6.019133148E0
2.030946729E1,9.159452820E-1,9.243577881E0,4.615202637E0
2.031948029E1,-7.506889343E-1,8.866212616E0,3.659739532E0
2.032949429E1,-1.687890015E0,8.685987396E0,3.248694305E0
2.033950729E1,-1.950743408E0,8.941206665E0,3.276835785E0
2.034952129E1,-1.444196777E0,8.993747406E0,3.434458008E0
2.035953429E1,-7.719447327E-1,9.054521027E0,4.530029755E0
2.036954729E1,-2.377056885E-1,8.847950592E0,5.693560181E0
2.037956129E1,-5.748046875E-2,8.643475800E0,6.504124603E0
2.038957429E1,-2.624043274E-1,8.610693970E0,7.276967468E0
2.039958729E1,-4.207749939E-1,8.606951752E0,7.776329041E0
2.040960129E1,-1.212478638E-1,8.740623779E0,7.212900696E0
2.041961429E1,-5.852828979E-2,8.907676392E0,5.715414734E0
2.042962729E1,-4.300556946E-1,8.991651764E0,4.533771973E0
2.043964129E1,-6.735992432E-1,8.925489349E0,4.139491882E0
2.044965429E1,-8.402027893E-1,8.565188599E0,3.839066620E0
2.045966729E1,-1.351988525E0,8.262068939E0,3.723207550E0
2.046968129E1,-1.459465027E0,8.161478119E0,4.783153381E0
2.047969429E1,-5.650749207E-1,8.150251465E0,6.259533234E0
2.048970729E1,4.236190796E-1,8.679999847E0,7.077731781E0
2.049972129E1,9.156459045E-1,9.097032623E0,6.653364258E0
2.050973429E1,1.062789917E0,9.330996094E0,5.442532196E0
2.051974729E1,1.065933380E0,9.489516449E0,3.800446930E0
2.052976129E1,4.572990417E-1,9.374106445E0,2.563718719E0
2.053977429E1,-5.625302124E-1,9.040899353E0,2.258503418E0
2.054978729E1,-1.498234406E0,8.543483734E0,2.548001404E0
2.055980129E1,-1.622775421E0,8.153544617E0,3.907174988E0
2.056981429E1,-8.445437622E-1,8.299940186E0,5.922733612E0
2.057982729E1,4.986131287E-1,8.841364288E0,7.404651947E0
2.058984129E1,1.347797241E0,9.139843597E0,7.620353394E0
2.059985429E1,1.259181519E0,9.013955383E0,6.394552460E0
2.060986729E1,5.840853882E-1,8.794062653E0,4.867577820E0
2.061988129E1,-2.438429260E-1,8.589887238E0,3.590134277E0
2.062989429E1,-1.039438477E0,8.308921509E0,3.015479279E0
2.063990729E1,-1.614392853E0,8.003257141E0,3.588188324E0
2.064992129E1,-1.207688599E0,7.850424957E0,4.721182251E0
2.065993429E1,-2.601589966E-1,8.199948120E0,5.531896362E0
2.066994729E1,5.917195129E-1,8.728049927E0,5.938899994E0
2.067996129E1,1.031055908E0,8.882828064E0,5.759423218E0
2.068997429E1,9.746232605E-1,8.782686310E0,4.983885956E0
2.069998729E1,8.628057861E-1,8.747210083E0,4.023932190E0
2.071000129E1,8.126600647E-1,8.755742340E0,3.026705933E0
2.072001429E1,5.292993164E-1,8.784781952E0,2.345472565E0
2.073002729E1,3.261717224E-1,8.647667084E0,2.573298798E0
2.074004129E1,7.134164429E-1,8.834029541E0,3.943998413E0
2.075005429E1,1.282083893E0,9.044791260E0,5.111271057E0
2.076006729E1,1.585951996E0,9.051976318E0,5.576802979E0
2.077008129E1,1.544338531E0,9.122629395E0,5.719007263E0
2.078009429E1,1.294957123E0,8.991053009E0,5.363346863E0
2.079010767E1,7.869136047E-1,8.717571716E0,4.832700348E0
2.080012167E1,3.336561584E-1,8.502918091E0,4.307891693E0
2.081013467E1,-1.517843628E-1,8.347990265E0,3.921844482E0
2.082014767E1,-2.481838989E-1,8.072113953E0,4.224814453E0
2.083016167E1,1.466949463E-2,8.045918427E0,5.162464600E0
2.084017467E1,3.115022278E-1,8.035140839E0,5.728287964E0
2.085018767E1,4.032614136E-1,8.069120178E0,6.017187195E0
2.086020167E1,5.287005615E-1,8.093669128E0,6.075116730E0
2.087021467E1,5.637277222E-1,8.140521698E0,5.907465363E0
2.088022767E1,5.200186157E-1,8.146209869E0,5.608387299E0
2.089024167E1,5.864804077E-1,8.232879639E0,4.981940002E0
2.090025467E1,7.490423584E-1,8.383616180E0,4.518503723E0
2.091026767E1,8.586145020E-1,8.393495636E0,4.530778198E0
2.092028167E1,9.285191345E-1,8.421786804E0,4.685256958E0
2.093029467E1,9.370513916E-1,8.468339996E0,4.815037079E0
2.094030767E1,7.918533325E-1,8.381670227E0,5.020859070E0
2.095032167E1,6.174659729E-1,8.215216370E0,5.173541565E0
2.096033467E1,4.921765137E-1,8.109835510E0,5.329517212E0
2.097034767E1,5.532495117E-1,8.065827026E0,5.600453796E0
2.098036167E1,6.159690857E-1,8.078550568E0,5.812562714E0
2.099037467E1,5.698649597E-1,7.987240448E0,5.588927765E0
2.100038767E1,4.995112610E-1,8.013136597E0,5.418881378E0
2.101040167E1,5.631289673E-1,8.094866638E0,5.413193207E0
2.102041467E1,5.782475281E-1,8.132288818E0,5.440885620E0
2.103042767E1,6.750961304E-1,8.174950104E0,5.328619080E0
2.104044167E1,8.638536072E-1,8.298443298E0,5.130880280E0
2.105045467E1,1.086590424E0,8.422684937E0,4.956043854E0
2.106046767E1,1.172511749E0,8.489895172E0,4.787793732E0
2.107048167E1,1.074016571E0,8.500972137E0,4.512815552E0
2.108049467E1,1.023421783E0,8.392298126E0,4.396657104E0
2.109050767E1,9.830058289E-1,8.417595520E0,4.594994659E0
2.110052167E1,9.386979675E-1,8.327482910E0,4.998854828E0
2.111053467E1,9.159452820E-1,8.264314270E0,5.153333588E0
2.112054767E1,8.192463684E-1,8.205187225E0,5.269342346E0
2.113056167E1,7.653584290E-1,8.070766754E0,5.457201691E0
2.114057467E1,7.994874573E-1,8.005352783E0,5.551505585E0
2.115058767E1,1.006956024E0,8.075706482E0,5.219795380E0
2.116060167E1,1.227746887E0,8.273295593E0,4.202510834E0
2.117061467E1,1.677860870E0,8.760233002E0,1.653760986E0
2.118062767E1,1.621128845E0,8.551117859E0,4.478087769E0
2.119064167E1,1.438658295E0,8.294551392E0,5.078040161E0
2.120065467E1,1.204096069E0,8.257727966E0,5.676495667E0
2.121066767E1,1.171912994E0,8.127947845E0,6.145171051E0
2.122068167E1,1.068777466E0,8.084687805E0,5.963748322E0
2.123069467E1,8.430468750E-1,8.087531891E0,5.431455231E0
2.124070767E1,8.015830994E-1,8.092471619E0,5.281616821E0