"Time (s)","X (m/s^2)","Y (m/s^2)","Z (m/s^2)"
2.090583333E-3,-2.365081787E-2,8.168962555E0,5.193899231E0
1.210358333E-2,4.266128540E-2,8.226592712E0,5.297184448E0
2.211658333E-2,8.681945801E-3,8.240663452E0,5.292095032E0
3.212958333E-2,-8.846603394E-2,8.222850494E0,5.113067322E0
4.214358333E-2,-8.771759033E-2,8.234975281E0,5.108576660E0
5.215658333E-2,-6.601272583E-2,8.256380768E0,5.263354797E0
6.216958333E-2,-1.179547119E-1,8.193960571E0,5.443280640E0
7.218258333E-2,-1.820214844E-1,8.139473877E0,5.452860718E0
8.219658333E-2,-1.417552185E-1,8.206684113E0,5.343438263E0
9.220958333E-2,1.062789917E-2,8.357270966E0,5.229674835E0
1.022225833E-1,1.190025330E-1,8.444988556E0,5.118905182E0
1.122357083E-1,1.725910950E-1,8.492589569E0,5.205874329E0
1.222497083E-1,1.142124939E-1,8.439150696E0,5.363496552E0
1.322627083E-1,-1.526824951E-2,8.293653259E0,5.564378815E0
1.422757083E-1,-1.601669312E-2,8.252339172E0,5.809868317E0
1.522887083E-1,4.086502075E-2,8.191415863E0,5.914351044E0
1.623017083E-1,1.266366577E-1,8.201594696E0,5.752836914E0
1.723157083E-1,1.351689148E-1,8.219407654E0,5.551954651E0
1.823287083E-1,1.698966980E-1,8.224946136E0,5.495671692E0
1.923417083E-1,1.942959595E-1,8.262368317E0,5.488636322E0
2.023547083E-1,1.112187195E-1,8.236621857E0,5.570366364E0
2.123687083E-1,-1.377136230E-2,8.128696289E0,5.627248077E0
2.223817083E-1,-1.233435059E-1,8.040230255E0,5.626948700E0
2.323947083E-1,-1.694476318E-1,7.967331848E0,5.686973877E0
2.424077083E-1,-1.480421448E-1,7.904312897E0,5.554649048E0
2.524217083E-1,-5.164260864E-2,7.946225739E0,5.362299042E0
2.624347083E-1,1.014889526E-1,8.059989166E0,5.259612579E0
2.724477083E-1,2.564167786E-1,8.262967072E0,5.059927826E0
2.824607083E-1,2.656974792E-1,8.349187775E0,4.833149414E0
2.924747083E-1,2.149530029E-1,8.331075439E0,4.899162140E0
3.024877083E-1,2.177970886E-1,8.304430847E0,5.142556000E0
3.125007083E-1,2.071691895E-1,8.215964813E0,5.363346863E0
3.225137083E-1,1.550775146E-1,8.136480103E0,5.458099823E0
3.325267083E-1,1.498384094E-1,8.128097534E0,5.450615387E0
3.425407083E-1,5.298980713E-2,8.181087341E0,5.297783203E0
3.525537083E-1,-4.939727783E-3,8.199199677E0,5.242997131E0
3.625667083E-1,-4.415817261E-2,8.184829559E0,5.370082855E0
3.725797083E-1,-1.571731567E-2,8.172704773E0,5.448070679E0
3.825937083E-1,-6.436614990E-2,8.131240997E0,5.329666901E0
3.926067083E-1,-1.830693054E-1,8.136929169E0,5.164260864E0
4.026197083E-1,-2.439926147E-1,8.160280609E0,5.112618256E0
4.126327083E-1,-1.745370483E-1,8.175399170E0,5.275479584E0
4.226467083E-1,-5.074447632E-2,8.230933685E0,5.423970795E0
4.326597083E-1,-6.496490479E-2,8.237370300E0,5.300776978E0
4.426727083E-1,-1.731898499E-1,8.213270416E0,5.190755768E0
4.526857083E-1,-3.147953796E-1,8.172555084E0,5.437891846E0
4.626997083E-1,-4.613406372E-1,8.087681580E0,5.685476990E0
4.727127083E-1,-6.825805664E-1,8.007149048E0,5.732030182E0
4.827257083E-1,-8.547225952E-1,8.003257141E0,5.640570374E0
4.927387083E-1,-9.056167603E-1,8.000562744E0,5.462889862E0
5.027527083E-1,-9.087602234E-1,8.194259949E0,5.440586243E0
5.127657083E-1,-6.882687378E-1,8.414152679E0,5.490582275E0
5.227787083E-1,-5.774990845E-1,8.483159180E0,5.575755157E0
5.327917083E-1,-8.402027893E-1,8.528664551E0,5.514981537E0
5.428057083E-1,-1.000968475E0,8.577762451E0,5.564827881E0
5.528187083E-1,-9.213340759E-1,8.595126343E0,5.830824738E0
5.628317083E-1,-7.580236816E-1,8.743617554E0,5.962550812E0
5.728447083E-1,-6.486012268E-1,8.908275146E0,6.103108521E0
5.828587083E-1,-3.953279114E-1,9.113348694E0,6.034700775E0
5.928717083E-1,-2.499801636E-1,9.616452484E0,6.141728210E0
6.028847083E-1,-1.049317932E-1,1.016326538E1,6.216422882E0
6.128977083E-1,2.408491516E-1,1.071756271E1,6.112239532E0
6.229107083E-1,5.248086548E-1,1.118683685E1,6.262976074E0
6.329247083E-1,7.180567932E-1,1.160252243E1,6.725813599E0
6.429377083E-1,7.026388550E-1,1.174098450E1,6.972051544E0
6.529507083E-1,4.177812195E-1,1.162781982E1,7.304510193E0
6.629637083E-1,3.516188049E-1,1.167078049E1,7.642357635E0
6.729777083E-1,3.894900513E-1,1.187345901E1,7.991132355E0
6.829907083E-1,3.097059631E-1,1.184920944E1,8.204738159E0
6.930037083E-1,1.845661926E-1,1.205967178E1,8.066874847E0
7.030167083E-1,4.290078735E-1,1.255469238E1,7.466623077E0
7.130307083E-1,8.882528687E-1,1.312770081E1,6.802903290E0
7.230437083E-1,8.520281982E-1,1.328891556E1,6.674769745E0
7.330567083E-1,8.361611938E-1,1.331511108E1,6.483617249E0
7.430697083E-1,6.134243774E-1,1.328517334E1,6.270460510E0
7.530837083E-1,4.664300537E-1,1.300824921E1,5.593268738E0
7.630967083E-1,5.539979553E-1,1.290122177E1,5.197791138E0
7.731097083E-1,9.925859070E-1,1.262878830E1,5.141358490E0
7.831227083E-1,1.287472687E0,1.231773514E1,4.911586304E0
7.931367083E-1,1.106948090E0,1.182705551E1,4.552932129E0
8.031497083E-1,6.813830566E-1,1.137709122E1,3.820205841E0
8.131627083E-1,5.456153870E-1,1.146929947E1,2.590662689E0
8.231757083E-1,1.068627777E0,1.193513077E1,1.379231873E0
8.331897083E-1,1.551074524E0,1.242386444E1,6.182144165E-1
8.432027083E-1,1.885329437E0,1.241488312E1,6.298901367E-1
8.532157083E-1,2.133363647E0,1.172811127E1,1.416354675E0
8.632287083E-1,2.144440613E0,1.074166260E1,2.091600494E0
8.732417083E-1,2.051483917E0,9.569150848E0,2.425106964E0
8.832557083E-1,1.792672119E0,8.445437622E0,2.622396698E0
8.932687083E-1,1.010548553E0,7.207212524E0,2.513872375E0
9.032817083E-1,-1.022373962E-1,6.339017944E0,2.005828857E0
9.132947083E-1,-7.138655090E-1,6.084397430E0,1.212179260E0
9.233087083E-1,-6.128256226E-1,5.819897461E0,2.546205139E-1
9.333217083E-1,1.345701599E-1,5.506149902E0,-9.310638428E-1
9.433347083E-1,1.157093811E0,6.067781982E0,-2.209405518E0
9.533477083E-1,2.217488708E0,6.559509430E0,-3.121309204E0
9.633617083E-1,2.603236542E0,5.796246643E0,-2.906505890E0
9.733747083E-1,1.684746552E0,4.626429291E0,-1.720671844E0
9.833877083E-1,6.134243774E-1,3.783981171E0,-7.424560547E-1
9.934007083E-1,4.315525818E-1,3.264860687E0,5.553451538E-2
1.003414708E0,7.912545776E-1,2.685265961E0,9.565109253E-1
1.013427708E0,7.159611511E-1,2.421963501E0,2.094743958E0
1.023440708E0,3.119512939E-1,2.189796295E0,2.924767914E0
1.033453708E0,-4.655319214E-1,1.636995850E0,2.339934082E0
1.043467708E0,-9.361532593E-1,1.830543365E0,1.239871674E0
1.053480708E0,-1.028361511E-1,2.312690735E0,3.348536682E-1
1.063493708E0,8.910969543E-1,2.921624451E0,-3.607498169E-2
1.073506708E0,1.415157166E0,3.392096100E0,-1.422042847E-2
1.083520708E0,1.604663086E0,3.483555908E0,-1.044827271E-1
1.093533708E0,1.306333466E0,3.257076874E0,2.516267395E-1
1.103546708E0,7.294331360E-1,2.901865540E0,5.352868652E-1
1.113559083E0,1.607656860E-1,2.566113739E0,6.738986206E-1
1.123573083E0,-4.366419983E-1,2.272574158E0,9.264234924E-1
1.133586083E0,-1.338067474E0,2.007475433E0,1.047671356E0
1.143599083E0,-1.920057220E0,1.533111877E0,9.333091736E-1
1.153612083E0,-1.922003174E0,1.222058716E0,8.119116211E-1
1.163625083E0,-1.022373962E0,1.367556152E0,3.245251465E-1
1.173639083E0,4.486170959E-1,2.039359131E0,8.232879639E-3
1.183652083E0,1.264420624E0,2.845732269E0,2.586621094E-1
1.193665083E0,1.477128296E0,3.546125793E0,5.854325867E-1
1.203678083E0,1.778302002E0,4.163442078E0,6.069877625E-1
1.213692083E0,1.830094299E0,4.234244843E0,1.009351044E0
1.223705083E0,1.330583038E0,3.396886139E0,1.433419189E0
1.233718083E0,1.089434509E0,2.435884552E0,4.766088867E-1
1.243731083E0,2.124831390E0,1.866917725E0,-1.700463867E-1
1.253745083E0,4.066892853E0,1.874701538E0,3.294648743E-1
1.263758083E0,6.055657196E0,3.013084259E0,1.263372803E0
1.273771083E0,8.049510956E0,4.652175751E0,1.371597748E0
1.283784083E0,9.878407745E0,5.696254578E0,1.762285309E0
1.293798083E0,1.055619827E1,6.784940643E0,2.634521484E0
1.303811083E0,1.150103348E1,7.961044922E0,3.873794403E0
1.313824083E0,1.384336258E1,8.937165070E0,5.267097015E0
1.323837083E0,1.649330200E1,9.836644592E0,6.029910736E0
1.333851083E0,1.884221741E1,1.008108627E1,5.846392365E0
1.343864083E0,2.155397827E1,1.077354630E1,4.432732086E0
1.353877083E0,2.467423965E1,1.236922806E1,3.705394592E0
1.363890083E0,2.730816238E1,1.369636826E1,4.771327972E0
1.373904083E0,2.784734116E1,1.406100998E1,6.862329712E0
1.383917083E0,2.682945786E1,1.424437866E1,8.861871643E0
1.393930083E0,2.593027771E1,1.378303802E1,1.024724075E1
1.403943083E0,2.527074921E1,1.336735245E1,1.189920547E1
1.413956083E0,2.553764420E1,1.356284592E1,1.370280487E1
1.423970083E0,2.651106995E1,1.368559067E1,1.479119156E1
1.433983083E0,2.726385452E1,1.350611389E1,1.474927872E1
1.443996083E0,2.681658463E1,1.276545410E1,1.322619598E1
1.454009083E0,2.500550079E1,1.146151566E1,1.078671890E1
1.464023083E0,2.323573105E1,1.022912842E1,8.201744385E0
1.474036083E0,2.150517975E1,8.898545380E0,7.040908356E0
1.484049083E0,1.881572250E1,6.842421112E0,7.354057159E0
1.494062083E0,1.500030670E1,4.390819244E0,7.417974243E0
1.504076083E0,1.110525650E1,2.276316376E0,7.281009064E0
1.514089083E0,7.807464294E0,7.631130981E-1,7.339387665E0
1.524102083E0,4.743635559E0,-5.221142578E-1,6.947502594E0
1.534115083E0,1.978884888E0,-1.701212311E0,6.503525848E0
1.544129083E0,-4.477189636E-1,-2.384691010E0,5.446573792E0
1.554142083E0,-2.268682251E0,-2.964734802E0,4.507426758E0
1.564155083E0,-4.208348694E0,-3.571572876E0,4.273762665E0
1.574168083E0,-6.218967590E0,-4.446653137E0,3.947141876E0
1.584182083E0,-8.036937103E0,-5.166955261E0,4.747078400E0
1.594195083E0,-9.500892792E0,-5.558690643E0,6.001918945E0
1.604208083E0,-1.035666321E1,-5.504353638E0,6.005511475E0
1.614221083E0,-1.064406555E1,-5.126838684E0,5.617967377E0
1.624235083E0,-1.042596909E1,-4.853956146E0,5.006189575E0
1.634248083E0,-9.760752411E0,-4.491859131E0,4.043990479E0
1.644261083E0,-9.040450287E0,-3.866759033E0,2.648442535E0
1.654274083E0,-8.501720581E0,-3.331023102E0,5.915698242E-1
1.664288083E0,-7.580236816E0,-2.453398132E0,-1.292861481E0
1.674301083E0,-7.128476257E0,-1.413061523E0,-1.919308777E0
1.684314083E0,-7.420219574E0,-5.278024292E-1,-1.865271149E0
1.694327083E0,-7.599995728E0,-1.164578247E-1,-1.922751617E0
1.704341083E0,-7.331603851E0,5.080435181E-1,-2.656825104E0
1.714354083E0,-5.974226532E0,1.266067200E0,-3.432362366E0
1.724367083E0,-3.621568909E0,2.843786316E0,-3.715723114E0
1.734380083E0,-8.622070313E-1,5.018763428E0,-4.077820129E0
1.744393083E0,3.058140564E0,7.662266235E0,-4.428690491E0
1.754407083E0,7.148983612E0,1.001642075E1,-4.208348694E0
1.764420083E0,1.003049149E1,1.131092880E1,-3.231929169E0
1.774433083E0,1.199695221E1,1.217972214E1,-2.393372955E0
1.784446083E0,1.385818176E1,1.278341675E1,-1.584155731E0
1.794460083E0,1.610306351E1,1.361853012E1,-4.646337891E-1
1.804473083E0,1.907079208E1,1.496019012E1,5.977070618E-1
1.814486083E0,2.220856705E1,1.636861130E1,2.296224976E0
1.824499083E0,2.421005493E1,1.729623230E1,4.358785858E0
1.834513083E0,2.477587830E1,1.721135880E1,5.572162628E0
1.844526083E0,2.400273605E1,1.627565460E1,6.538702698E0
1.854539083E0,2.238220596E1,1.510583725E1,8.087531891E0
1.864552083E0,2.096315689E1,1.403646103E1,1.012748978E1
1.874566083E0,1.972103989E1,1.253762787E1,1.226055405E1
1.884579083E0,1.765952682E1,1.071022797E1,1.329684906E1
1.894592083E0,1.550775146E1,9.411079559E0,1.285796173E1
1.904605083E0,1.354473358E1,8.448730774E0,1.187016586E1
1.914619083E0,1.162138321E1,7.392527161E0,1.053898407E1
1.924632083E0,9.673334198E0,6.318510590E0,9.374106445E0
1.934645083E0,7.762707367E0,5.415887604E0,8.444838867E0
1.944658083E0,6.345753937E0,4.854405212E0,7.591912537E0
1.954672083E0,5.405409393E0,4.379143524E0,6.271208954E0
1.964685083E0,4.601431274E0,3.941753082E0,4.424798584E0
1.974698083E0,3.753145294E0,3.485352173E0,2.451302490E0
1.984711083E0,2.443368988E0,2.943778381E0,1.321002960E0
1.994725083E0,9.654922485E-1,2.330054626E0,1.322350159E0
2.004738083E0,-5.164260864E-1,1.829794922E0,1.343456268E0
2.014751083E0,-1.617686005E0,1.510808258E0,1.115779724E0
2.024764083E0,-2.455793152E0,1.277742920E0,3.112028503E-1
2.034778083E0,-3.161126404E0,1.194216614E0,-8.628057861E-1
2.044791083E0,-3.734583893E0,1.356778564E0,-1.805994415E0
2.054804083E0,-4.035757599E0,1.484912109E0,-2.278561707E0
2.064817083E0,-4.184548187E0,1.388213196E0,-2.909050598E0
2.074831083E0,-4.633764038E0,9.618997192E-1,-3.899091797E0
2.084844083E0,-5.403164062E0,3.514691162E-1,-4.814438324E0
2.094857083E0,-6.330335999E0,-4.134402466E-1,-5.220244446E0
2.104870083E0,-6.925648041E0,-5.258564758E-1,-5.275778961E0
2.114884083E0,-6.773713989E0,2.694396973E-1,-4.999902649E0
2.124897083E0,-6.428232422E0,1.425036621E0,-4.234693909E0
2.134910083E0,-5.981261902E0,2.376607819E0,-3.881129150E0
2.144923083E0,-4.545896759E0,3.323388977E0,-3.784579926E0
2.154936083E0,-2.542762299E0,4.434378662E0,-3.909570007E0
2.164950083E0,-2.671943665E-1,5.316194916E0,-4.207450562E0
2.174963083E0,2.371219025E0,6.246809692E0,-4.667893066E0
2.184976083E0,4.564458160E0,7.362888794E0,-4.844226379E0
2.194989083E0,6.611750793E0,8.964258728E0,-4.725523224E0
2.205003083E0,9.390123138E0,1.130524063E1,-4.304748230E0
2.215016083E0,1.188273972E1,1.326990509E1,-3.659889221E0
2.225029083E0,1.348979782E1,1.436293213E1,-3.308719482E0
2.235042083E0,1.463970657E1,1.465332825E1,-3.517535248E0
2.245056083E0,1.567076248E1,1.442894485E1,-3.113974457E0
2.255069083E0,1.669867493E1,1.359398117E1,-2.152374115E0
2.265082083E0,1.781789749E1,1.285975800E1,-6.363267517E-1
2.275095083E0,1.835213654E1,1.226414658E1,1.505269775E0
2.285109083E0,1.775592636E1,1.141122025E1,3.691922607E0
2.295122083E0,1.652159317E1,1.041758652E1,5.364694061E0
2.305135083E0,1.491947479E1,9.549990692E0,6.098617859E0
2.315148083E0,1.307650726E1,8.818312225E0,6.077661438E0
2.325162083E0,1.106558899E1,8.077802124E0,5.322332153E0
2.335175083E0,9.233848114E0,7.321574707E0,4.392615509E0
2.345188083E0,7.730524292E0,6.959028625E0,3.506458282E0
2.355201083E0,6.772516479E0,6.803502045E0,2.935246124E0
2.365215083E0,6.198310547E0,6.624174957E0,2.648442535E0
2.375228083E0,5.808970184E0,6.639892273E0,2.069895630E0
2.385241083E0,5.144052887E0,6.709048462E0,1.466350708E0
2.395254083E0,4.527185669E0,6.548133087E0,9.857002258E-1
2.405268083E0,4.150718536E0,6.305337982E0,8.735833740E-1
2.415281083E0,4.020788727E0,6.301146698E0,7.646099854E-1
2.425294083E0,4.144730988E0,6.571783905E0,5.683680725E-1
2.435307083E0,4.417164459E0,6.914720764E0,2.327659607E-1
2.445321083E0,4.632416840E0,7.109914856E0,-6.930587769E-2
2.455334083E0,4.794380035E0,7.166347504E0,-3.016227722E-1
2.465347083E0,4.706363068E0,7.023843842E0,-3.426374817E-1
2.475360083E0,4.763993225E0,6.990463257E0,-3.056643677E-1
2.485374083E0,4.864584045E0,6.976392517E0,-2.644999695E-1
2.495387083E0,4.773124237E0,7.058421936E0,-1.514849854E-1
2.505400083E0,4.726271667E0,7.189100189E0,-1.255888367E-1
2.515413083E0,4.707111511E0,7.298822021E0,-3.041674805E-1
2.525427083E0,4.990621948E0,7.444918213E0,-3.318598938E-1
2.535440083E0,5.569019165E0,7.635322266E0,-3.156935120E-1
2.545453083E0,5.880521393E0,7.733368378E0,-4.824467468E-1
2.555466083E0,5.878575439E0,7.708819427E0,-5.227130127E-1
2.565480083E0,5.960305481E0,7.549850006E0,-2.002835083E-1
2.575493083E0,5.860313416E0,7.403304749E0,1.899549866E-1
2.585506083E0,5.680387573E0,7.431446228E0,6.144721985E-1
2.595519083E0,5.564977570E0,7.181466064E0,8.969348145E-1
2.605533083E0,5.474116516E0,7.345225525E0,8.933422852E-1
2.615546083E0,5.448819122E0,7.533833313E0,4.317022705E-1
2.625559083E0,5.542823639E0,7.577243042E0,2.148033142E-1
2.635572083E0,5.584886169E0,7.786358185E0,3.055146790E-1
2.645586083E0,5.816155243E0,7.978109436E0,5.013075256E-1
2.655599083E0,6.144123230E0,8.119415588E0,5.909710693E-1
2.665612083E0,6.475534058E0,8.217761078E0,7.217990112E-1
2.675625083E0,6.533613281E0,8.271499329E0,7.514373779E-1
2.685639083E0,6.486461334E0,8.218210144E0,6.824308777E-1
2.695652083E0,6.545289001E0,8.137976990E0,8.214916992E-1
2.705665083E0,6.584657135E0,8.147557068E0,8.869056702E-1
2.715678083E0,6.716083832E0,8.355474701E0,3.851490784E-1
2.725692083E0,6.884932709E0,8.463699646E0,-1.661544800E-2
2.735705083E0,6.721472626E0,8.489895172E0,2.183958435E-1
2.745718083E0,6.555318146E0,8.384514313E0,9.174421692E-1
2.755731083E0,6.399641876E0,8.218958588E0,1.339414673E0
2.765744083E0,6.239774323E0,8.048612823E0,1.269360352E0
2.775758083E0,6.173911285E0,7.965086517E0,1.027313690E0
2.785771083E0,6.221063232E0,7.997269592E0,1.110091553E0
2.795784083E0,6.386319580E0,7.966284027E0,1.528321838E0
2.805797083E0,6.814279633E0,7.935597839E0,2.083966370E0
2.815811083E0,7.727081451E0,8.135581970E0,2.339035950E0
2.825824083E0,9.477691040E0,8.860973511E0,2.173480225E0
2.835837083E0,1.178469360E1,9.969717865E0,1.557511139E0
2.845850083E0,1.339339828E1,1.076710968E1,6.255491638E-1
2.855864083E0,1.340447525E1,1.088790848E1,2.644999695E-1
2.865877083E0,1.307471100E1,1.096814163E1,4.138893127E-1
2.875890083E0,1.278476395E1,1.123084534E1,8.520281982E-1
2.885903083E0,1.218885315E1,1.110735214E1,8.119116211E-1
2.895917083E0,1.148980682E1,1.061502594E1,4.511618042E-1
2.905930083E0,1.045186523E1,1.006521927E1,2.128573608E-1
2.915943083E0,9.654024353E0,9.711355133E0,-8.083190918E-2
2.925956083E0,8.785081329E0,9.333989868E0,-3.406915283E-1
2.935970083E0,8.159831543E0,9.144633636E0,-7.104226685E-1
2.945983083E0,8.008496246E0,8.926986237E0,-9.641450500E-1
2.955996083E0,7.626640320E0,8.696016541E0,-1.220861206E0
2.966009083E0,7.371121674E0,8.714278564E0,-1.490151215E0
2.976023083E0,7.117548981E0,8.489146729E0,-1.199156342E0
2.986036083E0,6.746021576E0,8.264913025E0,-4.858895874E-1
2.996049083E0,6.521338806E0,7.983947296E0,5.763015747E-2
3.006062083E0,6.188580780E0,7.793393555E0,5.053491211E-1
3.016076083E0,5.773344269E0,7.559280396E0,1.805245972E-1
3.026089083E0,5.484594727E0,7.499704285E0,-5.691165161E-1
3.036102083E0,4.443509674E0,6.912774811E0,-9.108558655E-1
3.046115083E0,3.876039734E0,6.708000641E0,-1.040336609E0
3.056129083E0,3.114423523E0,6.673123169E0,-1.143023071E0
3.066142083E0,2.208058319E0,6.251749420E0,-1.758393402E0
3.076155083E0,1.534010010E0,6.237828369E0,-2.408341827E0
3.086168083E0,5.417234802E-1,6.283932495E0,-2.360591125E0
3.096182083E0,-2.633024597E-1,6.329587555E0,-2.851719818E0
3.106196333E0,-9.078620911E-1,6.391708374E0,-3.097658386E0
3.116209333E0,-1.456471252E0,6.332281952E0,-3.507655792E0
3.126222333E0,-1.633403320E0,6.473438416E0,-3.692221985E0
3.136236333E0,-2.115999756E0,6.414910126E0,-3.496728516E0
3.146249333E0,-2.804418182E0,6.601721649E0,-3.314707031E0
3.156262333E0,-3.272045746E0,7.032675476E0,-3.159779205E0
3.166275333E0,-3.703748016E0,6.808591461E0,-2.740650787E0
3.176289333E0,-4.396956482E0,6.317762146E0,-1.611099701E0
3.186302333E0,-5.415139160E0,5.401667175E0,-1.119222565E0
3.196315333E0,-6.807244263E0,4.534071350E0,-7.521858215E-1
3.206328333E0,-7.753726044E0,4.036805420E0,2.568658447E-1
3.216342333E0,-7.967182159E0,3.870650940E0,1.366059265E0
3.226355333E0,-7.570656738E0,3.909570007E0,2.261497192E0
3.236368333E0,-5.624104614E0,4.853656769E0,2.623444519E0
3.246381333E0,-2.664309540E0,6.212081909E0,2.052082672E0
3.256395333E0,-3.546125793E-1,6.981781311E0,1.391057281E0
3.266408333E0,6.834786987E-1,7.334897003E0,1.041234741E0
3.276421333E0,1.196461945E0,7.808512115E0,6.556365967E-1
3.286434333E0,1.559906158E0,8.055648193E0,6.451583862E-1
3.296448333E0,1.538350983E0,8.170758820E0,6.171665955E-1
3.306461333E0,1.534159698E0,8.472231903E0,5.839356995E-1
3.316474333E0,2.034718781E0,8.653504944E0,7.264393616E-1
3.326487333E0,2.768193512E0,8.754245453E0,8.167016602E-1
3.336501333E0,3.161425781E0,8.784183197E0,5.776487732E-1
3.346514333E0,3.778143311E0,9.079219666E0,4.831951904E-1
3.356527333E0,4.794529724E0,9.800719299E0,4.071533203E-2
3.366540333E0,5.581293640E0,1.050739975E1,-9.331594849E-1
3.376554333E0,5.541027374E0,1.074450668E1,-1.985620880E0
3.386567333E0,4.887785797E0,1.040755737E1,-2.796933746E0
3.396580333E0,4.032464447E0,9.801318054E0,-2.709665222E0
3.406593333E0,2.961291962E0,8.933871918E0,-1.905238037E0
3.416607333E0,1.496438141E0,7.304809570E0,-1.292262726E0
3.426620333E0,-2.670446777E-1,5.579497375E0,-5.794450378E-1
3.436633333E0,-6.075865173E-1,4.879852295E0,1.718426514E-1
3.446646333E0,5.086422729E-1,4.971312103E0,4.635859680E-1
3.456660333E0,1.457519073E0,5.097799072E0,-9.370513916E-2
3.466673333E0,1.364263000E0,4.663851471E0,-1.104253693E0
3.476686333E0,5.542973328E-1,4.020788727E0,-1.961071930E0
3.486699333E0,-1.209185486E0,3.544030151E0,-2.217339020E0
3.496713333E0,-2.966980133E0,2.959944763E0,-2.087259521E0
3.506726333E0,-4.424798584E0,2.271975403E0,-1.679956512E0
3.516739333E0,-5.766009521E0,1.930685120E0,-1.101708984E0
3.526752333E0,-6.401587830E0,1.391356659E0,-6.526428223E-2
3.536766333E0,-6.541696472E0,7.062313843E-1,1.573378143E0
3.546779333E0,-5.735622711E0,7.279362488E-1,2.221380615E0
3.556792333E0,-3.373385010E0,2.028431854E0,1.112785950E0
3.566805333E0,-1.092727661E-1,3.874692535E0,-9.542655945E-1
3.576819333E0,2.720742188E0,5.990093536E0,-2.736160126E0
3.586832333E0,4.603526917E0,7.058571625E0,-3.857328644E0
3.596845333E0,6.263574829E0,7.589218140E0,-4.130510559E0
3.606858333E0,8.257428589E0,8.163124695E0,-3.271147614E0
3.616872333E0,1.090572144E1,8.678353271E0,-1.781595154E0
3.626885333E0,1.334609665E1,8.594677277E0,-6.381230164E-1
3.636898333E0,1.522663605E1,8.655450897E0,-2.615061951E-1
3.646911333E0,1.747076935E1,9.911788330E0,1.187031555E-1
3.656925333E0,1.978375946E1,1.108714417E1,8.062234497E-1
3.666938333E0,2.138632690E1,1.143861328E1,1.618434448E0
3.676951333E0,2.238011032E1,1.184965851E1,2.061213684E0
3.686964333E0,2.300071976E1,1.187720123E1,2.188000031E0
3.696978333E0,2.358705048E1,1.178828613E1,2.774630127E0
3.706991333E0,2.393133453E1,1.188872726E1,3.931873627E0
3.717004333E0,2.375320496E1,1.176044403E1,4.583169250E0
3.727017333E0,2.415721481E1,1.120435043E1,5.139412537E0
3.737031333E0,2.243833923E1,1.219394257E1,5.593268738E0
3.747044333E0,2.145668060E1,1.185220322E1,5.810317383E0
3.757057333E0,2.031799850E1,1.138023468E1,6.033054199E0
3.767070333E0,1.900268372E1,1.091709778E1,5.917494507E0
3.777084333E0,1.825723389E1,1.018931122E1,6.387367401E0
3.787097333E0,1.765773056E1,9.590406647E0,7.585775299E0
3.797110333E0,1.733485199E1,9.019793243E0,9.516460419E0
3.807123333E0,1.683459229E1,8.218958588E0,1.115405502E1
3.817137333E0,1.617281845E1,7.426207123E0,1.207748474E1
3.827150333E0,1.542572205E1,6.713239746E0,1.271770340E1
3.837163333E0,1.437610474E1,5.869594116E0,1.325957657E1
3.847176333E0,1.314581314E1,5.041665802E0,1.331301544E1
3.857190333E0,1.207508972E1,4.393813019E0,1.293699738E1
3.867203333E0,1.097727264E1,3.709136810E0,1.216849548E1
3.877216333E0,9.632169800E0,2.961741028E0,1.111109436E1
3.887229333E0,8.200097809E0,2.318079529E0,1.054422318E1
3.897243333E0,6.821165314E0,1.838776245E0,1.060185333E1
3.907256333E0,5.102589111E0,1.110690308E0,1.120360199E1
3.917269333E0,3.055595856E0,3.438349915E-1,1.150552414E1
3.927282333E0,1.031654663E0,-3.162922668E-1,1.074166260E1
3.937296333E0,-5.679190063E-1,-6.971003723E-1,9.112300873E0
3.947309333E0,-1.722767487E0,-9.023236084E-1,7.056625671E0
3.957322333E0,-2.659669189E0,-1.123413849E0,5.448669434E0
3.967335333E0,-3.430865479E0,-1.347497864E0,3.830085297E0
3.977349333E0,-4.109105072E0,-1.242715759E0,1.851350098E0
3.987362333E0,-5.289400635E0,-1.256187744E0,6.768923950E-1
3.997375333E0,-7.065157928E0,-1.450633392E0,3.384461975E-1
4.007389333E0,-8.646170197E0,-1.484912109E0,-2.052232361E-1
4.017402333E0,-1.013302826E1,-1.350341949E0,-1.433868256E0
4.027415333E0,-1.111199249E1,-1.304387512E0,-3.134481812E0
4.037428333E0,-1.114657059E1,-1.217717743E0,-4.973707123E0
4.047442333E0,-1.055754547E1,-9.610015869E-1,-6.245163116E0
4.057455333E0,-9.405690765E0,-2.778222656E-1,-6.811136169E0
4.067468333E0,-7.783963165E0,9.901908875E-1,-6.632856903E0
4.077481333E0,-6.256389771E0,1.939965820E0,-5.974675598E0
4.087495333E0,-4.967869263E0,2.586471405E0,-5.415139160E0
4.097508333E0,-3.407963104E0,3.610941010E0,-5.118007050E0
4.107520792E0,-2.374661865E0,4.573589172E0,-4.444108429E0
4.117534792E0,-1.683698730E0,5.467380524E0,-3.516337738E0
4.127547792E0,-7.418572998E-1,6.660549316E0,-3.097658386E0
4.137560792E0,8.898994446E-1,8.067323914E0,-3.187022552E0
4.147573792E0,3.651656342E0,9.565258942E0,-3.900738373E0
4.157587792E0,6.915169830E0,1.115869537E1,-5.221741333E0
4.167600792E0,1.004381378E1,1.228136078E1,-5.785319366E0
4.177613792E0,1.210996719E1,1.308009979E1,-4.767885132E0
4.187626792E0,1.226429626E1,1.316871552E1,-2.068997498E0
4.197640792E0,1.206685684E1,1.299163376E1,7.882608032E-1
4.207653792E0,1.296528854E1,1.330747696E1,3.440744934E0
4.217666792E0,1.463401840E1,1.370370300E1,5.407355347E0
4.227680792E0,1.672142761E1,1.399320099E1,6.071374512E0
4.237693792E0,1.906151138E1,1.448807190E1,5.760021973E0
4.247706792E0,2.143647263E1,1.523846146E1,5.712121582E0
4.257719792E0,2.311852478E1,1.587897949E1,6.292315063E0
4.267733792E0,2.322764786E1,1.573842178E1,6.929240570E0
4.277746792E0,2.207294907E1,1.467323685E1,7.706574097E0
4.287759792E0,2.053609497E1,1.368933289E1,8.750952301E0
4.297772792E0,1.922706711E1,1.305854462E1,9.340426483E0
4.307786792E0,1.754770935E1,1.223914856E1,9.022188263E0
4.317799792E0,1.506736725E1,1.112321915E1,8.008945312E0
4.327812792E0,1.234198471E1,1.000699036E1,6.630611572E0
4.337826792E0,1.004650818E1,9.113049316E0,5.461991730E0
4.347839792E0,8.234675903E0,8.185578003E0,4.947212219E0
4.357852792E0,6.413113861E0,7.037315826E0,4.856351166E0
4.367865792E0,4.708159332E0,5.933960266E0,4.668940887E0
4.377879792E0,3.307372284E0,4.959935760E0,4.541106720E0
4.387892792E0,2.135010223E0,4.288282471E0,4.501439209E0
4.397905792E0,1.059347076E0,3.622467041E0,4.079616394E0
4.407919792E0,1.731898499E-1,3.132835236E0,3.538042603E0
4.417932792E0,-5.593867493E-1,2.824476471E0,2.855611725E0
4.427945792E0,-8.023315430E-1,2.905757446E0,1.701062622E0
4.437958792E0,-4.712200928E-1,3.162174225E0,3.080593872E-1
4.447972792E0,-3.779640198E-1,3.284469910E0,-5.077441406E-1
4.457985792E0,-5.536985779E-1,3.718267822E0,-1.145717468E0
4.467998792E0,-5.840853882E-1,4.166435852E0,-1.753902740E0
4.478011792E0,-1.030307465E0,3.945046234E0,-1.292562103E0
4.488025792E0,-2.154619446E0,3.355422363E0,-6.219566345E-1
4.498038792E0,-3.567531281E0,2.629282379E0,-9.199868774E-1
4.508051792E0,-4.959486694E0,1.687440948E0,-1.796713715E0
4.518065792E0,-6.088139648E0,9.389973450E-1,-2.293829956E0
4.528078792E0,-6.597530365E0,5.502557373E-1,-2.755919037E0
4.538091792E0,-6.395450592E0,7.794291687E-1,-3.094365234E0
4.548104792E0,-5.494174805E0,1.468895416E0,-2.983296204E0
4.558118792E0,-4.727618866E0,1.750160522E0,-3.061134338E0
4.568131792E0,-4.315226440E0,1.773961029E0,-3.642525330E0
4.578144792E0,-3.822900238E0,1.726210327E0,-4.654271393E0
4.588158792E0,-2.932252350E0,1.627116394E0,-5.185516663E0
4.598171792E0,-1.824855194E0,1.952689362E0,-4.923411713E0
4.608184792E0,-1.578168182E0,2.332000580E0,-4.162543945E0
4.618197792E0,-2.011217651E0,2.622546387E0,-3.442092133E0
4.628211792E0,-1.953138428E0,3.193459167E0,-2.493963776E0
4.638224792E0,-6.743476868E-1,4.546345825E0,-1.696571960E0
4.648237792E0,1.622176666E0,6.386918335E0,-2.506986694E0
4.658250792E0,4.063000946E0,8.420439606E0,-3.897744598E0
4.668264792E0,5.904621277E0,1.110884903E1,-4.946314087E0
4.678277792E0,7.132068787E0,1.355865463E1,-5.386698303E0
4.688290792E0,8.178991699E0,1.444032120E1,-4.024830322E0
4.698304792E0,9.665700073E0,1.465347794E1,-2.048789520E0
4.708317792E0,1.103984253E1,1.430365540E1,-8.014334106E-1
4.718330792E0,1.242820541E1,1.430111069E1,-7.845185852E-1
4.728343792E0,1.465722015E1,1.523771301E1,-1.012644196E0
4.738357792E0,1.685929092E1,1.587673416E1,-4.757107544E-1
4.748370792E0,1.827504684E1,1.584589828E1,-2.110610962E-1
4.758383792E0,1.870330627E1,1.537452850E1,-3.161425781E-1
4.768396792E0,1.850032837E1,1.457758575E1,5.670208740E-1
4.778410792E0,1.865316055E1,1.367151993E1,2.562221832E0
4.788423792E0,1.884985153E1,1.277892609E1,4.491859131E0
4.798436792E0,1.793615158E1,1.162078445E1,5.982160034E0
4.808450792E0,1.583661758E1,1.006102798E1,6.452781372E0
4.818463792E0,1.273686356E1,8.416098633E0,6.084247742E0
4.828476792E0,9.484427032E0,7.222181396E0,5.424120483E0
4.838489792E0,6.818321228E0,6.484066315E0,4.383334808E0
4.848503792E0,4.726421356E0,5.946683807E0,3.526516571E0
4.858516792E0,3.516786804E0,5.692961426E0,2.738704834E0
4.868529792E0,3.090772705E0,5.818400574E0,2.384092255E0
4.878542792E0,3.278332672E0,6.233936462E0,2.024689636E0
4.888556792E0,3.393293610E0,6.612499237E0,1.408720551E0
4.898569792E0,2.987637177E0,6.598278809E0,7.647596741E-1
4.908582792E0,2.270328827E0,6.426735535E0,-7.843688965E-2
4.918596792E0,1.612147522E0,6.198160858E0,-5.861810303E-1
4.928609792E0,1.149908752E0,6.121819611E0,-5.596861267E-1
4.938622792E0,1.095422058E0,6.164181519E0,9.160949707E-2
4.948635792E0,1.324894867E0,6.265820160E0,6.209088135E-1
4.958649792E0,1.481020203E0,6.399043121E0,6.703060913E-1
4.968662792E0,1.800455933E0,6.665039978E0,5.562432861E-1
4.978675792E0,2.069596252E0,6.774612122E0,2.923420715E-1
4.988688792E0,2.352058868E0,6.909032593E0,1.916015625E-2
4.998702792E0,2.795287170E0,7.267387390E0,-3.367996216E-1
5.008715792E0,3.447630615E0,7.821085968E0,-6.767427063E-1
5.018728792E0,4.213288422E0,8.202792206E0,-9.954299927E-1
5.028742792E0,4.776417389E0,8.413553925E0,-1.154549103E0
5.038755792E0,4.818779297E0,8.162675629E0,-7.402107239E-1
5.048768792E0,4.632267151E0,7.951464844E0,-1.540296936E-1
5.058781792E0,4.433630219E0,7.988887024E0,1.760339355E-1
5.068795792E0,4.456682281E0,8.147108002E0,3.745211792E-1
5.078808792E0,4.556524658E0,8.191715240E0,5.403762817E-1
5.088821792E0,4.597090302E0,8.191864929E0,9.265731812E-1
5.098834792E0,4.770130463E0,8.312813416E0,1.349892883E0
5.108848583E0,5.113217010E0,8.347840576E0,1.496438141E0
5.118861583E0,5.673501892E0,8.513845367E0,1.192120972E0
5.128874583E0,6.010451202E0,8.769663391E0,7.324269104E-1
5.138888583E0,6.034551086E0,9.095984802E0,2.296224976E-1
5.148901583E0,6.064788208E0,9.388476563E0,2.275268555E-1
5.158914583E0,6.036047974E0,9.337732086E0,3.496728516E-1
5.168927583E0,5.865253143E0,9.285191345E0,6.722520447E-1
5.178941583E0,5.819897461E0,9.081614685E0,1.115779724E0
5.188954583E0,5.968388672E0,8.879385223E0,1.509161682E0
5.198967583E0,6.411916351E0,9.024283905E0,1.673370209E0
5.208980583E0,6.594686279E0,9.166488190E0,1.246607666E0
5.218994583E0,6.419999542E0,9.218130798E0,1.794767761E-1
5.229007583E0,6.146069183E0,9.250762939E0,-6.412664795E-1
5.239020583E0,5.862409058E0,9.239087219E0,-6.541397095E-1
5.249034583E0,5.608986053E0,9.069938965E0,-7.319778442E-2
5.259047583E0,5.429209900E0,8.732989655E0,8.075706482E-1
5.269060583E0,5.089715881E0,8.430319061E0,1.449585571E0
5.279073583E0,4.775818634E0,8.087382202E0,1.742676086E0
5.289087583E0,4.614454193E0,7.997119904E0,1.877096558E0
5.299100583E0,4.543202362E0,7.905809784E0,1.611399078E0
5.309113583E0,4.562811584E0,7.891739044E0,9.234297180E-1
5.319126583E0,4.638254700E0,8.085735626E0,4.528083801E-1
5.329140583E0,4.553081818E0,8.299940186E0,3.363505554E-1
5.339153583E0,4.440366211E0,8.181087341E0,3.471281433E-1
5.349166583E0,4.411326599E0,8.017477570E0,7.496411133E-1
5.359179583E0,4.374054108E0,7.805967407E0,1.244961090E0
5.369193583E0,4.625830536E0,7.916886749E0,1.057251434E0
5.379206583E0,5.299878845E0,8.244555359E0,8.523275757E-1
5.389219583E0,5.805826721E0,8.450826416E0,6.933581543E-1
5.399233583E0,5.872887268E0,8.744665375E0,1.366658020E-1
5.409246583E0,5.536536713E0,8.635392609E0,-2.326162720E-1
5.419259583E0,5.306764526E0,8.411009216E0,-2.764750671E-1
5.429272583E0,5.199587402E0,8.350385284E0,-1.005908203E-1
5.439286583E0,5.207520905E0,8.111482086E0,2.055226135E-1
5.449299583E0,4.981940002E0,8.123457184E0,2.556683350E-1
5.459312583E0,4.912484436E0,8.513096924E0,8.966354370E-2
5.469325583E0,4.980443115E0,8.504414978E0,3.682342529E-2
5.479339583E0,5.038073273E0,8.558302917E0,1.531315613E-1
5.489352583E0,4.826712799E0,8.506809998E0,3.628454590E-1
5.499365583E0,4.242926788E0,8.169411621E0,5.161267090E-1
5.509378583E0,3.697461090E0,7.775580597E0,4.282594299E-1
5.519392583E0,3.258274384E0,7.457192688E0,3.802093506E-1
5.529405583E0,3.156785431E0,7.209457855E0,3.481759644E-1
5.539418583E0,3.296894073E0,7.010521545E0,4.287084961E-1
5.549432583E0,3.250340881E0,6.707551575E0,4.749623108E-1
5.559445583E0,2.931503906E0,6.299500122E0,4.691244507E-1
5.569458583E0,2.764151917E0,5.917344818E0,4.650828552E-1
5.579471583E0,2.669698334E0,5.293142853E0,2.647993469E-1
5.589485583E0,2.397863617E0,4.653522949E0,-1.152603149E-1
5.599498583E0,1.948647766E0,4.004622345E0,2.318678284E-1
5.609511583E0,1.261726227E0,3.218307495E0,8.768765259E-1
5.619524583E0,2.149530029E-1,2.523602142E0,1.168320465E0
5.629538583E0,-1.044976959E0,1.748364258E0,1.389560394E0
5.639551583E0,-2.205513611E0,1.492246857E0,1.346899109E0
5.649564583E0,-3.065924377E0,1.737736359E0,1.137933655E0
5.659577583E0,-3.391796722E0,1.667682037E0,1.119222565E0
5.669591583E0,-3.184627533E0,1.872156830E0,1.265019379E0
5.679604583E0,-2.869832153E0,2.138153687E0,8.029302979E-1
5.689617583E0,-2.529290314E0,1.922152863E0,4.565505981E-2
5.699631583E0,-2.137854309E0,1.816472626E0,-4.622387695E-1
5.709644583E0,-1.840422821E0,1.805844727E0,-8.291258240E-1
5.719657583E0,-1.905238037E0,1.538500671E0,-1.175206146E0
5.729670583E0,-2.048490143E0,1.155746613E0,-1.251996460E0
5.739684583E0,-2.255359955E0,8.137078857E-1,-1.120719452E0
5.749697583E0,-2.466271362E0,4.357438660E-1,-7.830216980E-1
5.759710583E0,-2.639760590E0,5.358856201E-2,-6.059399414E-1
5.769723583E0,-2.657423859E0,-2.218386841E-1,-7.327262878E-1
5.779737583E0,-2.135459290E0,-5.059478760E-1,-1.083297272E0
5.789750583E0,-1.370699615E0,-6.083349609E-1,-4.384382629E-1
5.799763583E0,-4.933740234E-1,-1.911524963E-1,8.578660583E-1
5.809777583E0,-2.140548706E-1,-4.083508301E-1,8.406518555E-1
5.819790583E0,-4.638853455E-1,-1.156944122E0,4.234693909E-1
5.829803583E0,-8.216413879E-1,-1.874701538E0,4.216731262E-1
5.839816583E0,-1.403780823E0,-2.809806976E0,4.578977966E-1
5.849830583E0,-1.455722809E0,-3.602708130E0,3.516188049E-1
5.859843583E0,-3.305126953E-1,-4.193679199E0,5.182223511E-1
5.869856583E0,1.412911835E0,-4.463867340E0,7.976911926E-1
5.879869583E0,3.173251190E0,-4.420756989E0,1.638343048E0
5.889883583E0,5.122198334E0,-4.591252441E0,1.905238037E0
5.899896583E0,7.455097046E0,-5.303321686E0,1.985471191E0
5.909909583E0,9.384884033E0,-6.182293854E0,2.700384521E0
5.919922583E0,1.123638382E1,-6.681954803E0,3.511398010E0
5.929936583E0,1.320419174E1,-7.098089447E0,4.148173828E0
5.939949583E0,1.456576035E1,-8.142168274E0,5.418582001E0
5.949962583E0,1.534369263E1,-8.819060669E0,7.792944489E0
5.959975583E0,1.575967758E1,-9.076974335E0,9.204658813E0
5.969989583E0,1.607582016E1,-9.585766296E0,8.383316803E0
5.980002583E0,1.627340927E1,-1.052042267E1,6.978937225E0
5.990015583E0,1.719923401E1,-1.143023071E1,5.517526245E0
6.000029583E0,1.874851227E1,-1.151675079E1,2.795137482E0
6.010042583E0,2.048520081E1,-1.210547653E1,-1.480421448E-1
6.020055583E0,2.287423279E1,-1.381402359E1,-5.402265930E-1
6.030068583E0,2.404285263E1,-1.522528885E1,4.253554688E0
6.040082583E0,2.457185257E1,-1.684252579E1,1.103774689E1
6.050095583E0,2.545890793E1,-1.692500427E1,1.642070297E1
6.060108583E0,2.426768509E1,-1.584215607E1,1.926044769E1
6.070121583E0,2.176234497E1,-1.571881256E1,1.695913330E1
6.080135583E0,1.999332367E1,-1.655976379E1,1.236518646E1
6.090148583E0,1.878294067E1,-1.730072296E1,8.732690277E0
6.100161583E0,1.984408401E1,-1.762015869E1,7.039561157E0
6.110174292E0,2.289309357E1,-1.668295761E1,8.495583344E0
6.120188292E0,2.650403458E1,-1.577225143E1,1.123488693E1
6.130201292E0,3.111324966E1,-1.444436279E1,1.324161392E1
6.140214292E0,3.559807343E1,-1.110929810E1,1.608120895E1
6.150228292E0,3.494049088E1,-9.349258118E0,1.726779144E1
6.160241292E0,3.049922653E1,-1.116707794E1,1.689776093E1
6.170254292E0,2.635778870E1,-1.242835510E1,1.837608673E1
6.180267292E0,2.448787720E1,-1.161090500E1,2.127885040E1
6.190281292E0,2.587653946E1,-1.064855621E1,2.371563309E1
6.200294292E0,2.728466125E1,-8.815917206E0,2.498723877E1
6.210307292E0,2.925321762E1,-7.268435211E0,2.346939514E1
6.220320292E0,3.033531738E1,-5.892646179E0,2.041484711E1
6.230334292E0,2.979808456E1,-5.158722382E0,1.811682587E1
6.240347292E0,2.982083725E1,-5.774541779E0,1.576102478E1
6.250360292E0,3.032947952E1,-6.225404205E0,1.624212433E1
6.260374292E0,2.990017227E1,-7.273973694E0,1.870525223E1
6.270387292E0,2.879561920E1,-9.552086334E0,1.995365616E1
6.280400292E0,2.661899551E1,-1.106678650E1,2.072455307E1
6.290413292E0,2.526850388E1,-1.227267883E1,2.046604065E1
6.300427292E0,2.440330307E1,-1.313713120E1,1.903112457E1
6.310440292E0,2.238115814E1,-1.370834335E1,1.732317627E1
6.320453292E0,2.088217529E1,-1.480211884E1,1.488310043E1
6.330466292E0,2.052666458E1,-1.522139694E1,1.380998199E1
6.340480292E0,1.995006363E1,-1.548230438E1,1.312350952E1
6.350493292E0,1.827310089E1,-1.659030029E1,1.144055923E1
6.360506292E0,1.723036926E1,-1.693413528E1,1.049063461E1
6.370520292E0,1.755264908E1,-1.668655014E1,9.128317566E0
6.380533292E0,1.832384537E1,-1.613898880E1,6.948101349E0
6.390546292E0,1.782089127E1,-1.604318802E1,5.123096466E0
6.400559292E0,1.607402390E1,-1.695853455E1,3.691024475E0
6.410573292E0,1.386446869E1,-1.713127533E1,2.619702301E0
6.420586292E0,1.214993408E1,-1.683818481E1,2.371668091E0
6.430599292E0,1.102981339E1,-1.641935577E1,2.501298523E0
6.440613292E0,9.270222473E0,-1.590158249E1,2.525548096E0
6.450626292E0,7.683222656E0,-1.585038895E1,2.071542206E0
6.460639292E0,6.639293518E0,-1.504491394E1,1.379381561E0
6.470652292E0,6.284680939E0,-1.436876999E1,9.514215088E-1
6.480666292E0,6.982978821E0,-1.253493347E1,4.599934387E-1
6.490679292E0,7.607779541E0,-1.045949936E1,-4.983137512E-1
6.500692292E0,6.864425354E0,-9.660460968E0,-1.852397919E0
6.510706292E0,5.567522278E0,-9.274713135E0,-2.476001129E0
6.520719292E0,4.424499207E0,-9.166188812E0,-1.318757629E0
6.530732292E0,3.035986633E0,-9.095685425E0,1.097517700E0
6.540745292E0,1.316661987E0,-8.738827515E0,2.255509644E0
6.550759292E0,-2.383044434E-1,-8.536148987E0,1.243763580E0
6.560772292E0,7.918533325E-2,-7.165000305E0,-6.286926270E-2
6.570785292E0,6.396199036E-1,-5.572012939E0,-5.777984619E-1
6.580799292E0,7.884104919E-1,-5.137017517E0,-8.683442688E-1
6.590812292E0,4.746629333E-1,-4.822072449E0,-7.830216980E-1
6.600825292E0,2.799179077E-2,-4.288581848E0,1.534309387E-1
6.610839292E0,-1.901046753E-2,-3.861669617E0,4.830455017E-1
6.620852292E0,-6.691085815E-1,-3.945046234E0,3.655398560E-1
6.630865292E0,-1.972298584E0,-3.244203644E0,1.203197937E0
6.640878292E0,-1.472937012E0,-1.328786774E0,2.427352295E0
6.650892292E0,-1.340163116E0,-9.136999512E-1,2.909050598E0
6.660905292E0,-2.452649689E0,-9.770182800E-1,2.001038818E0
6.670918292E0,-3.671265564E0,-5.260061646E-1,6.872209167E-1
6.680932292E0,-5.022655334E0,-6.541397095E-1,3.385958862E-1
6.690945292E0,-6.454427948E0,-6.732998657E-1,1.050515442E0
6.700958292E0,-7.535928955E0,-6.950047302E-1,1.783840485E0
6.710971292E0,-8.083490295E0,-3.614982605E-1,1.607207794E0
6.720985292E0,-7.910150757E0,5.899232483E-1,1.689536591E0
6.730998292E0,-7.832162933E0,1.140328674E0,3.338956604E0
6.741011292E0,-8.412805481E0,8.704399109E-1,5.448220367E0
6.751025292E0,-9.829010468E0,5.307962036E-1,7.333699493E0
6.761038292E0,-9.833052063E0,9.139993286E-1,8.118966522E0
6.771051292E0,-9.000932465E0,1.606758728E0,8.122409363E0
6.781064292E0,-8.892408142E0,2.199376373E0,7.278314667E0
6.791078292E0,-9.043144684E0,2.724634094E0,6.450086975E0
6.801091292E0,-9.141041107E0,2.568808136E0,5.744154968E0
6.811104292E0,-1.034843033E1,2.012415161E0,3.707340546E0
6.821118292E0,-9.767189026E0,2.880310364E0,2.485431519E0
6.831131292E0,-7.230414276E0,4.217779083E0,3.303779755E0
6.841144292E0,-6.021977234E0,4.572541351E0,4.142186279E0
6.851157292E0,-6.224955139E0,4.484225006E0,5.252128143E0
6.861171292E0,-8.445886688E0,3.804638214E0,5.869145050E0
6.871184292E0,-1.020428009E1,2.687511292E0,5.702840881E0
6.881197292E0,-1.124416763E1,1.177900543E0,5.532794495E0
6.891211292E0,-1.249571503E1,1.317260742E-1,4.508474579E0
6.901224292E0,-1.272189468E1,-6.402186584E-1,1.643881531E0
6.911237292E0,-1.170056854E1,-8.873547363E-1,-1.064286804E0
6.921250292E0,-9.119485931E0,1.706451416E-1,-1.748813324E0
6.931264292E0,-5.962251434E0,1.331930237E0,-2.121538239E0
6.941277292E0,-3.234773254E0,2.469564514E0,-2.036215668E0
6.951290292E0,-1.751208344E0,3.589984589E0,-5.472619629E-1
6.961304292E0,-1.169368286E0,4.696483612E0,1.735041962E0
6.971317292E0,-1.187031555E0,5.704487457E0,3.369493103E0
6.981330292E0,-2.774031372E0,4.835394745E0,3.176394653E0
6.991343292E0,-3.802692261E0,3.708238678E0,-4.137396240E-1
7.001357292E0,-2.772684174E0,3.971990204E0,-3.672912140E0
7.011370292E0,-1.496438141E0,4.103117523E0,-4.666695557E0
7.021383292E0,-5.054988098E-1,3.631897430E0,-5.300627289E0
7.031397292E0,-7.095245361E-2,2.643502808E0,-5.037324829E0
7.041410292E0,1.358574829E0,2.467917938E0,-3.015628967E0
7.051423292E0,3.703897705E0,3.415447540E0,-1.280587006E0
7.061436292E0,5.276078339E0,4.502337341E0,-3.501219177E-1
7.071450292E0,5.526507568E0,5.257966003E0,3.375480652E-1
7.081463292E0,4.841981049E0,4.958588562E0,5.816903687E-1
7.091476292E0,4.401147766E0,4.984784088E0,9.142987061E-1
7.101490292E0,4.216282196E0,4.711003418E0,1.512155457E0
7.111503583E0,4.882696381E0,3.936064911E0,2.471809845E0
7.121516583E0,6.155349884E0,3.432212677E0,2.910846863E0
7.131529583E0,7.420219574E0,3.220852203E0,1.683399353E0
7.141543583E0,1.042522064E1,4.443958740E0,4.309538269E-1
7.151556583E0,1.399754196E1,6.684948578E0,-9.635462952E-1
7.161569583E0,1.626218262E1,8.280031586E0,-2.349065094E0
7.171583583E0,1.767793854E1,8.774752808E0,-2.544857941E0
7.181596583E0,1.725267288E1,9.117839355E0,-1.558858337E0
7.191609583E0,1.560534851E1,8.031248932E0,-3.510200500E-1
7.201622583E0,1.633538040E1,7.579937439E0,1.592238922E0
7.211636583E0,1.864043701E1,8.827443237E0,4.199367371E0
7.221649583E0,2.085762634E1,9.565408630E0,5.985902252E0
7.231662583E0,2.302197556E1,1.087593338E1,5.544619904E0
7.241676583E0,2.453323288E1,1.229647934E1,3.997287598E0
7.251689583E0,2.588282639E1,1.337827972E1,2.300565948E0
7.261702583E0,2.713437378E1,1.428449524E1,2.266287231E0
7.271715583E0,2.851330627E1,1.452803879E1,4.151916046E0
7.281729583E0,3.050117249E1,1.476499603E1,6.727609863E0
7.291742583E0,3.262061508E1,1.506212814E1,8.786278839E0
7.301755583E0,3.375555496E1,1.536120621E1,9.432634735E0
7.311769583E0,3.273018723E1,1.533935165E1,8.377029877E0
7.321782583E0,2.979883301E1,1.425949722E1,5.994284821E0
7.331795583E0,2.760858765E1,1.259989838E1,4.177662506E0
7.341808583E0,2.673724960E1,1.173724228E1,4.413122864E0
7.351822583E0,2.620899811E1,1.086829926E1,6.077811127E0
7.361835583E0,2.561503326E1,9.847721558E0,7.654033356E0
7.371848583E0,2.481060608E1,8.836424561E0,8.836274872E0
7.381862583E0,2.321477463E1,7.442972260E0,9.712253265E0
7.391875583E0,2.058639038E1,5.731730804E0,1.031295410E1
7.401888583E0,1.733634888E1,3.991599426E0,1.053075119E1
7.411901583E0,1.476724136E1,2.659818878E0,9.755662994E0
7.421915583E0,1.325448715E1,2.125130768E0,8.242459717E0
7.431928583E0,1.283925064E1,1.764680328E0,6.552324371E0
7.441941583E0,1.312844925E1,1.693129120E0,4.893174591E0
7.451955583E0,1.302681061E1,1.844464417E0,3.312910767E0
7.461968583E0,1.220127731E1,1.584155731E0,2.085463257E0
7.471981583E0,1.030202682E1,7.291337585E-1,1.654210052E0
7.481994583E0,7.956254883E0,-1.196012878E-1,2.086062012E0
7.492008583E0,5.849535828E0,-1.122815094E0,2.875520325E0
7.502021583E0,3.766317902E0,-2.193239136E0,3.951931915E0
7.512034583E0,2.427801361E0,-2.537523193E0,4.989125061E0
7.522048583E0,1.431473236E0,-2.614463196E0,5.356610870E0
7.532061583E0,6.631210327E-2,-2.708018646E0,5.112019501E0
7.542074583E0,-1.190324707E0,-2.915038147E0,3.313060455E0
7.552087583E0,-1.662891998E0,-2.389031982E0,1.957180023E0
7.562101583E0,-1.601220245E0,-1.416953430E0,2.384241943E0
7.572114583E0,-1.648072815E0,-9.349557495E-1,2.547252960E0
7.582127583E0,-2.144290924E0,-7.533833313E-1,1.542691956E0
7.592140583E0,-2.807411957E0,-6.397695923E-1,7.497908020E-1
7.602154583E0,-3.462898865E0,-5.935157776E-1,9.864486694E-2
7.612167583E0,-3.386557617E0,-1.453477478E-1,-3.141966248E-1
7.622180583E0,-2.678230591E0,1.134041748E0,-9.271719360E-1
7.632194583E0,-2.871029663E0,1.682650909E0,-2.074835358E0
7.642207583E0,-4.577481079E0,1.193168793E0,-3.585793304E0
7.652220583E0,-6.594087524E0,7.441026306E-1,-5.304219818E0
7.662233583E0,-8.260422363E0,6.421646118E-1,-6.123915253E0
7.672247583E0,-9.219028931E0,5.936654663E-1,-5.783074036E0
7.682260583E0,-9.736802216E0,5.141807556E-1,-5.010081482E0
7.692273583E0,-9.979597321E0,2.142045593E-1,-3.628005524E0
7.702287583E0,-1.002151016E1,6.569837952E-1,-2.616858215E0
7.712300583E0,-9.941875763E0,1.078058167E0,-3.018772430E0
7.722313583E0,-9.871222687E0,1.360820160E0,-3.999981995E0
7.732326583E0,-9.785151672E0,1.993255005E0,-5.409301300E0
7.742340583E0,-8.808133392E0,2.705473938E0,-6.635551300E0
7.752353583E0,-7.087461548E0,4.401447144E0,-6.882986755E0
7.762366583E0,-6.256389771E0,5.279820557E0,-7.575297089E0
7.772380583E0,-6.138584747E0,5.467979279E0,-8.702004089E0
7.782393583E0,-6.306834869E0,5.586383057E0,-9.067843323E0
7.792406583E0,-6.936874695E0,5.120102692E0,-8.733738098E0
7.802419583E0,-7.356601868E0,4.502636719E0,-8.030051422E0
7.812433583E0,-7.846982117E0,3.527863770E0,-6.523434448E0
7.822446583E0,-8.363108826E0,2.283950500E0,-4.844525757E0
7.832459583E0,-9.012458496E0,2.138902130E0,-3.421285400E0
7.842473583E0,-9.497300262E0,1.850901031E0,-4.647834778E0
7.852486583E0,-9.766590271E0,1.174008636E0,-7.889344025E0
7.862499583E0,-9.176217957E0,1.282832336E0,-1.030052994E1
7.872512583E0,-7.609875183E0,1.838327179E0,-1.243464203E1
7.882526583E0,-6.096522217E0,1.915865936E0,-1.200593353E1
7.892539583E0,-3.460952911E0,2.472258911E0,-8.300538940E0
7.902552583E0,-1.038240967E0,2.468217316E0,-5.737718353E0
7.912565583E0,-2.990780640E-1,1.929786987E0,-4.386627960E0
7.922579583E0,-1.827699280E-1,1.138233032E0,-3.668271790E0
7.932592583E0,-1.275347900E-1,4.810995483E-1,-3.140020294E0
7.942605583E0,-4.568499756E-1,6.611750793E-1,-3.097059631E0
7.952619583E0,-4.348457336E-1,6.447093201E-1,-5.205724640E0
7.962632583E0,-1.788780212E-1,2.805166626E-1,-7.536228333E0
7.972645583E0,-1.324745178E-1,1.956431580E-1,-9.275611267E0
7.982658583E0,3.126997375E-1,6.152206421E-2,-9.554331665E0
7.992672583E0,1.548380127E0,-3.203338623E-2,-8.141270142E0
8.002685583E0,2.427951050E0,-1.710942078E-1,-7.979756012E0
8.012698583E0,3.335513763E0,-1.094972992E0,-9.596693573E0
8.022712583E0,4.525239716E0,-1.338666229E0,-1.018317398E1
8.032725583E0,5.479654999E0,-1.129700775E0,-8.257578278E0
8.042738583E0,6.574777679E0,-1.880539398E0,-5.783523102E0
8.052751583E0,7.738308105E0,-2.110161896E0,-3.601660309E0
8.062765583E0,7.680378571E0,-2.480042725E0,-2.143243103E0
8.072778583E0,6.950945435E0,-3.766766968E0,-1.687890015E0
8.082791583E0,6.698121185E0,-4.582420807E0,-1.324595490E0
8.092804583E0,5.112318878E0,-4.792134705E0,-1.050066376E0
8.102818583E0,5.244643707E0,-5.664370880E0,-1.458716583E0
8.112831417E0,9.356892242E0,-5.065615997E0,-2.391277313E0
8.122844417E0,1.349593506E1,-3.976181488E0,-2.848875732E0
8.132858417E0,1.673160645E1,-3.109483795E0,-3.151546326E0
8.142871417E0,1.757600052E1,-2.224524078E0,-3.340752869E0
8.152884417E0,1.639615402E1,-2.354902954E0,-3.143313446E0
8.162897417E0,1.417671936E1,-3.307222595E0,-2.307451630E0
8.172911417E0,1.043300446E1,-4.222569122E0,-2.171833649E0
8.182924417E0,7.990084534E0,-6.179000702E0,-1.415456543E0
8.192937417E0,8.869954834E0,-6.729855194E0,-3.038681030E-1
8.202951417E0,1.078671890E1,-6.612948303E0,6.701564026E-1
8.212964417E0,1.199590439E1,-6.532415771E0,4.207749939E-1
8.222977417E0,1.187330933E1,-6.352489929E0,-5.119354248E-1
8.232990417E0,1.091155930E1,-6.414910126E0,-1.596130829E0
8.243004417E0,9.090296631E0,-6.755152588E0,-3.344345398E0
8.253017417E0,8.000413055E0,-8.602311401E0,-3.049757996E0
8.263030417E0,9.823172607E0,-9.815388794E0,-6.062393188E-1
8.273043417E0,1.336121521E1,-9.360035706E0,2.160008240E0
8.283057417E0,1.643387558E1,-8.999734955E0,3.898792419E0
8.293070417E0,1.732497253E1,-9.207502899E0,4.214785309E0
8.303083417E0,1.608150833E1,-9.195078735E0,1.928290100E0
8.313097417E0,1.407433228E1,-8.747808838E0,-1.332978058E0
8.323110417E0,1.220247482E1,-8.123157806E0,-3.616778870E0
8.333123417E0,1.232626740E1,-8.170609131E0,-3.024161224E0
8.343136417E0,1.528426620E1,-8.379125519E0,1.033151550E0
8.353150417E0,2.063788330E1,-7.984546051E0,7.789651337E0
8.363163417E0,2.697794907E1,-6.337221680E0,1.332020050E1
8.373176417E0,3.086132355E1,-4.610562286E0,1.518666916E1
8.383190417E0,3.058874039E1,-3.193908234E0,1.346090790E1
8.393203417E0,2.835523499E1,-2.613864441E0,8.424331512E0
8.403216417E0,2.682421875E1,-1.961371307E0,4.538412323E0
8.413229417E0,2.626977173E1,-9.690847778E-1,2.249821472E0
8.423243417E0,2.739797562E1,6.706054688E-2,2.404300232E0
8.433256417E0,2.981155655E1,1.462309113E0,4.826862488E0
8.443269417E0,3.205703705E1,2.743195496E0,7.757617950E0
8.453283417E0,3.283332275E1,3.318598938E0,1.002914429E1
8.463296417E0,3.190255829E1,2.864293671E0,1.168829407E1
8.473309417E0,2.922313019E1,1.697919159E0,1.238988510E1
8.483322417E0,2.565200638E1,3.697311401E-2,1.175071426E1
8.493336417E0,2.190604614E1,-1.177750854E0,1.020143600E1
8.503349417E0,1.834764587E1,-2.211501160E0,7.990683289E0
8.513362417E0,1.548095718E1,-2.673440552E0,5.423671417E0
8.523376417E0,1.421713531E1,-2.401156769E0,2.338137817E0
8.533389417E0,1.411669418E1,-1.545086975E0,-5.987548828E-3
8.543402417E0,1.401849838E1,-1.121168518E0,-1.320404205E0
8.553415417E0,1.345372284E1,-1.384321289E0,-2.311642914E0
8.563429417E0,1.271216492E1,-1.848506012E0,-2.675087128E0
8.573442417E0,1.210203369E1,-2.312091980E0,-1.871258698E0
8.583455417E0,1.160491745E1,-2.742147675E0,-7.352709961E-1
8.593468417E0,1.110525650E1,-3.115770721E0,2.257305908E-1
8.603482417E0,1.043016037E1,-3.651955719E0,7.249424744E-1
8.613495417E0,9.563612366E0,-4.335284729E0,8.572673035E-1
8.623508417E0,8.503666534E0,-4.892875214E0,6.557862854E-1
8.633522417E0,7.872429199E0,-4.956193542E0,3.341052246E-1
8.643535417E0,7.997568970E0,-4.809348907E0,8.187973022E-2
8.653548417E0,8.725954285E0,-4.676425323E0,1.501377869E-1
8.663561417E0,9.351653137E0,-4.459825745E0,1.049916687E0
8.673575417E0,9.826914825E0,-4.256698151E0,2.163600769E0
8.683588417E0,1.036265076E1,-4.388424225E0,2.482587433E0
8.693601417E0,1.071846085E1,-4.359983368E0,2.408641205E0
8.703615417E0,1.055485107E1,-4.281546478E0,2.354453888E0
8.713628417E0,9.976154480E0,-4.310586090E0,2.356250153E0
8.723641417E0,9.846524048E0,-4.416715393E0,2.480192413E0
8.733654417E0,1.010668304E1,-4.579726410E0,2.732268219E0
8.743668417E0,1.090497299E1,-4.385729828E0,3.096011810E0
8.753681417E0,1.212239136E1,-3.964056702E0,3.453917542E0
8.763694417E0,1.361059662E1,-3.334016876E0,3.382665710E0
8.773708417E0,1.466784805E1,-2.680625610E0,3.190315704E0
8.783721417E0,1.437370972E1,-2.115999756E0,3.052302704E0
8.793734417E0,1.361927856E1,-1.757944336E0,2.317480774E0
8.803747417E0,1.250065475E1,-1.206191711E0,1.258582764E0
8.813761417E0,1.112681168E1,-9.331594849E-1,3.173400879E-1
8.823774417E0,1.006611740E1,-1.112636261E0,-1.046324158E-1
8.833787417E0,9.312135315E0,-1.664239197E0,2.930905151E-1
8.843801417E0,8.873846741E0,-1.995051270E0,6.915618896E-1
8.853814417E0,8.725505219E0,-1.647024994E0,7.262896729E-1
8.863827417E0,9.237889709E0,-1.617686005E0,6.836283875E-1
8.873840417E0,1.052102142E1,-7.806266785E-1,4.640350342E-1
8.883854417E0,1.238988510E1,7.384144592E-1,-2.703378296E-1
8.893867417E0,1.538186325E1,4.984634399E-1,-3.475772095E-1
8.903880417E0,1.812685501E1,-4.290078735E-1,1.192719727E0
8.913894417E0,1.976639557E1,-5.040019226E-1,3.045417023E0
8.923907417E0,2.190260330E1,4.349954224E-1,4.965474243E0
8.933920417E0,2.234373596E1,1.918111267E0,7.078779602E0
8.943934417E0,2.116463791E1,1.978585510E0,8.650361481E0
8.953947417E0,1.888502838E1,6.231541443E-1,1.025921585E1
8.963960417E0,1.381492172E1,1.018482056E0,7.647297363E0
8.973974417E0,1.342902420E1,7.767347717E-1,4.066593475E0
8.983987417E0,1.302860687E1,1.117426300E0,-3.891906738E-2
8.994000417E0,1.120509888E1,1.340612183E0,-4.920118561E0
9.004013417E0,1.091964249E1,1.941313019E0,-7.940986633E0
9.014027417E0,1.211625412E1,3.663032684E0,-8.578061829E0
9.024040417E0,1.267174896E1,5.262756042E0,-8.301736450E0
9.034053417E0,1.258927048E1,6.354884949E0,-7.659571838E0
9.044067417E0,1.129116989E1,6.986421661E0,-5.552104340E0
9.054080417E0,9.002878418E0,7.511679382E0,-3.088227997E0
9.064093417E0,5.876629486E0,7.091802521E0,-1.904190216E0
9.074107417E0,2.523003387E0,6.290069733E0,-1.837279358E0
9.084120417E0,-6.703060913E-1,5.308710480E0,-2.580483856E0
9.094133417E0,-3.084036713E0,4.790188751E0,-4.420307922E0
9.104146417E0,-3.971690826E0,4.763095093E0,-6.180198212E0
9.114160333E0,-4.487368469E0,4.047882385E0,-6.291716309E0
9.124173333E0,-5.611530762E0,2.757116547E0,-5.414540405E0
9.134186333E0,-6.472989349E0,1.344354401E0,-5.250631256E0
9.144200333E0,-4.768633575E0,6.722520447E-1,-6.167324982E0
9.154213333E0,-1.121767273E0,1.271755371E0,-7.237599335E0
9.164226333E0,1.695823517E0,9.879455566E-1,-7.058871002E0
9.174240333E0,2.949765930E0,-3.586541748E-1,-5.420378265E0
9.184253333E0,1.146316223E0,-2.621947632E0,-2.526595917E0
9.194266333E0,-1.481618958E0,-5.299729156E0,7.864645386E-1
9.204280333E0,-3.652704163E0,-7.074738007E0,3.407663727E0
9.214293333E0,-5.485941925E0,-8.335566101E0,5.191653900E0
9.224306333E0,-7.102430420E0,-9.616003418E0,5.661975861E0
9.234320333E0,-9.342971191E0,-1.105076981E1,4.989125061E0
9.244333333E0,-1.112277008E1,-1.249227219E1,4.832850037E0
9.254346333E0,-1.129625931E1,-1.322769287E1,5.013524323E0
9.264359333E0,-1.035247192E1,-1.401505554E1,3.879931641E0
9.274373333E0,-8.400381317E0,-1.405636963E1,4.160747681E0
9.284386333E0,-5.373076630E0,-1.325403809E1,5.842500458E0
9.294399333E0,-1.686093750E0,-1.156345367E1,6.868616638E0
9.304413333E0,-2.448907471E-1,-1.069241501E1,6.173013153E0
9.314426333E0,-1.283880157E0,-1.117096985E1,5.025200043E0
9.324439333E0,-2.109862518E0,-1.179142960E1,3.521876221E0
9.334453333E0,-2.063159637E0,-1.186357956E1,1.353635101E0
9.344466333E0,-8.132588196E-1,-1.187450684E1,4.186793518E-1
9.354479333E0,2.218985596E0,-1.102382584E1,1.332229614E0
9.364493333E0,5.017416229E0,-1.028720764E1,3.382516022E0
9.374506333E0,6.043981476E0,-1.041474243E1,4.714745636E0
9.384519333E0,6.678961029E0,-1.086859863E1,4.649032288E0
9.394533333E0,7.827522583E0,-1.094209579E1,3.520828400E0
9.404546333E0,1.044647644E1,-1.112516510E1,2.925666046E0
9.414559333E0,1.349234253E1,-1.150357819E1,3.035387878E0
9.424573333E0,1.727258148E1,-1.111917755E1,2.939886475E0
9.434586333E0,2.103410934E1,-1.038944504E1,2.252665558E0
9.444599333E0,2.356369904E1,-9.486372986E0,1.222208405E0
9.454612333E0,2.430480789E1,-8.700956268E0,1.234782257E0
9.464626333E0,2.545860855E1,-7.942782898E0,2.869532776E-1
9.474639333E0,2.741578857E1,-7.425458679E0,-1.387015686E0
9.484652333E0,3.052452393E1,-6.877747650E0,-4.173321533E-1
9.494666333E0,3.420492050E1,-6.078858948E0,2.029329987E0
9.504679333E0,3.540482529E1,-5.694308624E0,3.279829559E0
9.514692333E0,3.384072784E1,-6.276897125E0,3.629352722E0
9.524706333E0,3.135155411E1,-7.507488098E0,2.796784058E0
9.534719333E0,2.969869125E1,-8.319848785E0,-7.539820862E-1
9.544732333E0,2.996828064E1,-7.936196594E0,-5.164111176E0
9.554746333E0,3.391138092E1,-5.908662872E0,-7.698490906E0
9.564759333E0,3.794279755E1,-3.440295868E0,-7.947722626E0
9.574772333E0,3.866759033E1,-3.294648743E0,-7.182214508E0
9.584786333E0,3.783367447E1,-4.255500641E0,-6.415957947E0
9.594799333E0,3.654500427E1,-4.717889099E0,-6.288722534E0
9.604812333E0,3.604130173E1,-5.078489227E0,-7.398365021E0
9.614825333E0,3.521861252E1,-5.160219269E0,-9.085656281E0
9.624839333E0,3.413591400E1,-5.190306702E0,-1.125554398E1
9.634852333E0,3.337175308E1,-4.962181091E0,-1.253613098E1
9.644865333E0,3.200883728E1,-5.357958069E0,-1.146435974E1
9.654879333E0,3.078198853E1,-5.925278320E0,-1.021490799E1
9.664892333E0,2.974299911E1,-6.740632782E0,-1.039992325E1
9.674905333E0,2.883768173E1,-7.872578888E0,-1.118339401E1
9.684919333E0,2.841151794E1,-8.710686035E0,-1.074121353E1
9.694932333E0,2.725876511E1,-9.462273102E0,-8.772208099E0
9.704945333E0,2.541145660E1,-1.028391449E1,-6.742429047E0
9.714959333E0,2.339619736E1,-1.085737198E1,-6.068680115E0
9.724972333E0,2.168091431E1,-1.121976837E1,-6.987020416E0
9.734985333E0,1.985546036E1,-1.176553345E1,-7.929610291E0
9.744999333E0,1.841949646E1,-1.216146011E1,-8.278534698E0
9.755012333E0,1.790890823E1,-1.255035141E1,-7.306007080E0
9.765025333E0,1.784828430E1,-1.262160324E1,-5.370831299E0
9.775038333E0,1.767464539E1,-1.268058060E1,-3.692521362E0
9.785052333E0,1.687875046E1,-1.322290283E1,-2.588267670E0
9.795065333E0,1.551044586E1,-1.383842285E1,-2.951412506E0
9.805078333E0,1.540311905E1,-1.379276779E1,-3.147654419E0
9.815092333E0,1.551972656E1,-1.322200470E1,-2.380200348E0
9.825105333E0,1.450348984E1,-1.308548859E1,-2.034120026E0
9.835118333E0,1.319790482E1,-1.349578537E1,-1.795665894E0
9.845132333E0,1.180190781E1,-1.388078476E1,-1.398691406E0
9.855145333E0,1.086231171E1,-1.354922424E1,-1.423090668E0
9.865158333E0,1.047476761E1,-1.277683044E1,-1.003064117E0
9.875172333E0,9.509574738E0,-1.225456650E1,-1.162033539E0
9.885185333E0,8.115673370E0,-1.193902267E1,-2.612517242E0
9.895198333E0,6.657106476E0,-1.166299667E1,-3.561693420E0
9.905212333E0,5.463638306E0,-1.131886230E1,-3.585942993E0
9.915225333E0,5.119503937E0,-1.083132614E1,-2.742147675E0
9.925238333E0,5.131628723E0,-1.007689499E1,-1.543739777E0
9.935251333E0,4.839885406E0,-9.233997803E0,-1.171164551E0
9.945265333E0,4.415817261E0,-8.610693970E0,-7.113208008E-1
9.955278333E0,3.342998199E0,-8.173004150E0,2.408491516E-1
9.965291333E0,1.876497803E0,-8.010292511E0,2.568658447E-1
9.975305333E0,4.300556946E-1,-7.627089386E0,-1.189276886E0
9.985318333E0,-3.770658875E-1,-6.852001190E0,-2.370769958E0
9.995331333E0,-1.093027039E0,-6.214476929E0,-2.949616241E0
1.000534533E1,-1.912273407E0,-5.566923523E0,-3.499572601E0
1.001535833E1,-2.729274445E0,-5.203928375E0,-3.841461639E0
1.002537133E1,-2.842139740E0,-4.465962982E0,-3.488944702E0
1.003538533E1,-2.599194946E0,-3.573069763E0,-3.345991974E0
1.004539833E1,-3.123853912E0,-3.116070099E0,-2.812501373E0
1.005541133E1,-4.088148651E0,-2.696791992E0,-2.129022675E0
1.006542433E1,-4.908891907E0,-2.059267731E0,-1.517993317E0
1.007543833E1,-5.222040710E0,-1.248553619E0,-5.607339478E-1
1.008545133E1,-5.583538971E0,-8.954379272E-1,1.920506287E-1
1.009546433E1,-6.687193909E0,-1.105301514E0,6.361770630E-1
1.010547833E1,-8.044870605E0,-1.202898560E0,8.527766418E-1
1.011549158E1,-8.659492493E0,-6.864724731E-1,1.041234741E0
1.012550458E1,-8.388106842E0,2.243833923E-1,8.930429077E-1
1.013551858E1,-7.331154785E0,1.160985718E0,-3.484753418E-1
1.014553158E1,-6.687193909E0,2.071093140E0,-1.646875305E0
1.015554458E1,-6.533014526E0,3.233126678E0,-2.573747864E0
1.016555858E1,-6.722670135E0,4.207300873E0,-2.542612610E0
1.017557158E1,-7.449109497E0,4.266727295E0,-1.560205536E0
1.018558458E1,-8.527467041E0,4.283342743E0,-4.788542175E-1
1.019559758E1,-9.606573029E0,3.893553314E0,-2.074685669E-1
1.020561158E1,-1.135224289E1,2.900368652E0,-2.170486450E-1
1.021562458E1,-1.286185364E1,2.316582642E0,-2.439926147E-2
1.022563758E1,-1.334295319E1,2.527044983E0,1.202449493E0
1.023565158E1,-1.329580124E1,2.582280121E0,2.596949615E0
1.024566458E1,-1.296109726E1,2.261796570E0,3.652704163E0
1.025567758E1,-1.249002686E1,1.923500061E0,3.707789612E0
1.026569158E1,-1.117366425E1,2.235900421E0,3.802692261E0
1.027570458E1,-8.578810272E0,3.724704437E0,4.886438599E0
1.028571758E1,-5.889353027E0,5.005890198E0,6.425238647E0
1.029573158E1,-4.661306763E0,5.493576050E0,7.458090820E0
1.030574458E1,-4.748275909E0,5.108426971E0,7.689359894E0
1.031575758E1,-5.571563873E0,4.181105347E0,7.254364471E0
1.032577058E1,-6.332431641E0,3.297642517E0,6.628815308E0
1.033578458E1,-6.798562317E0,2.618205414E0,7.072642365E0
1.034579758E1,-6.639293518E0,2.853216705E0,7.598947906E0
1.035581058E1,-5.512586517E0,3.191513214E0,6.776408386E0
1.036582458E1,-3.990701294E0,3.574267273E0,5.277724915E0
1.037583758E1,-2.509531403E0,3.729644165E0,3.873195648E0
1.038585058E1,-1.176253967E0,4.010011139E0,3.032843170E0
1.039586458E1,-7.566764832E-1,3.849245453E0,2.636168060E0
1.040587758E1,-1.175954590E0,3.143762512E0,2.871927795E0
1.041589058E1,-1.789079590E0,2.428549805E0,3.407813416E0
1.042590458E1,-1.327738953E0,2.161056061E0,4.470902710E0
1.043591758E1,1.139430542E0,3.014581146E0,5.252726898E0
1.044593058E1,3.964206390E0,3.855382690E0,5.421875153E0
1.045594358E1,6.033802643E0,4.153412933E0,4.318818970E0
1.046595758E1,7.097640381E0,4.592899017E0,2.272274780E0
1.047597058E1,6.374045105E0,3.872297516E0,7.798782349E-1
1.048598358E1,5.426365814E0,2.671195221E0,5.538482666E-2
1.049599758E1,5.061125336E0,2.251468048E0,-3.927832031E-1
1.050601058E1,5.709277496E0,1.798360291E0,-3.830534363E-1
1.051602358E1,8.173453217E0,2.653082886E0,7.990383911E-1
1.052603758E1,1.154414383E1,4.353097687E0,1.139580231E0
1.053605058E1,1.482082993E1,5.775290222E0,-6.933581543E-1
1.054606358E1,1.624930939E1,6.717730408E0,-3.789519653E0
1.055607758E1,1.665376831E1,6.852150879E0,-6.941814423E0
1.056609058E1,1.769350616E1,6.648723907E0,-9.242080994E0
1.057610358E1,2.057606186E1,7.462731171E0,-1.062101349E1
1.058611658E1,2.448159027E1,8.744365997E0,-1.059332108E1
1.059613058E1,2.844564697E1,9.812993774E0,-9.868079224E0
1.060614358E1,3.133643555E1,1.127350662E1,-1.081590820E1
1.061615658E1,3.177217941E1,1.264106277E1,-1.321332275E1
1.062617058E1,3.225088394E1,1.262594421E1,-1.732886444E1
1.063618358E1,3.064577179E1,1.245664627E1,-2.150952072E1
1.064619658E1,2.766097870E1,1.203781723E1,-2.336581055E1
1.065621058E1,2.639161835E1,1.133712433E1,-2.289114761E1
1.066622358E1,2.576966171E1,1.088296875E1,-2.021201889E1
1.067623658E1,2.591231506E1,1.024694138E1,-1.756716888E1
1.068624958E1,2.498454437E1,9.281299438E0,-1.576581482E1
1.069626358E1,2.348750748E1,8.668324127E0,-1.471020996E1
1.070627658E1,2.179467773E1,7.986042938E0,-1.455258774E1
1.071628958E1,1.978839981E1,6.961423645E0,-1.467997284E1
1.072630358E1,1.777972687E1,5.925128632E0,-1.377285919E1
1.073631658E1,1.630828674E1,4.979395294E0,-1.147528702E1
1.074632958E1,1.492172012E1,4.214485931E0,-8.947044525E0
1.075634358E1,1.332618805E1,3.313808899E0,-7.437882843E0
1.076635658E1,1.178693893E1,2.739453278E0,-7.250622253E0
1.077636958E1,1.071397018E1,2.552941132E0,-7.365882568E0
1.078638358E1,9.718689880E0,2.360890503E0,-7.295977936E0
1.079639658E1,8.881929932E0,2.424807587E0,-7.718848572E0
1.080640958E1,8.210426331E0,2.324815521E0,-8.329428864E0
1.081642258E1,7.852520599E0,2.143991547E0,-7.933651886E0
1.082643658E1,7.861651611E0,2.286495209E0,-6.934329987E0
1.083644958E1,7.462282104E0,1.987716522E0,-6.210585022E0
1.084646258E1,6.763235779E0,1.466799774E0,-5.444627838E0
1.085647658E1,5.895340576E0,1.168021088E0,-3.926035767E0
1.086648958E1,4.824467468E0,1.006806335E0,-2.317031708E0
1.087650258E1,3.762126617E0,6.703060913E-1,-1.198258209E0
1.088651658E1,2.641407166E0,5.272036743E-1,-2.445913696E-1
1.089652958E1,1.408271484E0,8.240364075E-1,-2.664459229E-2
1.090654258E1,2.893482971E-1,1.129102020E0,-1.112935638E0
1.091655658E1,-6.786886597E-1,1.467398529E0,-2.545307007E0
1.092656958E1,-1.339863739E0,1.912423096E0,-3.019071808E0
1.093658258E1,-1.765578461E0,2.274520111E0,-2.809507599E0
1.094659558E1,-2.174078979E0,2.330653381E0,-1.999092865E0
1.095660958E1,-2.583178253E0,2.176623688E0,-1.936972046E-1
1.096662258E1,-2.660567322E0,2.436183929E0,1.578617249E0
1.097663558E1,-3.004402313E0,2.477797394E0,2.715054016E0
1.098664958E1,-3.987857208E0,2.402503967E0,2.773432617E0
1.099666258E1,-4.424050140E0,3.086132355E0,1.744322662E0
1.100667558E1,-4.415218506E0,3.846101990E0,2.842588806E-1
1.101668958E1,-4.408033447E0,4.385280762E0,-6.391708374E-1
1.102670258E1,-4.266577606E0,4.705165558E0,-6.851252747E-1
1.103671558E1,-4.057911530E0,5.063819733E0,1.083746338E-1
1.104672858E1,-4.452341309E0,5.383255463E0,7.945477295E-1
1.105674258E1,-5.293142853E0,5.344486084E0,1.536704407E0
1.106675558E1,-6.181994476E0,4.889132996E0,2.971919861E0
1.107676858E1,-7.302863617E0,4.113895111E0,4.366869049E0
1.108678258E1,-8.124654694E0,3.780538330E0,5.456303558E0
1.109679558E1,-8.123457184E0,4.047882385E0,5.597160645E0
1.110680858E1,-8.426576843E0,4.697681122E0,4.017645264E0
1.111682271E1,-8.952133942E0,5.373974762E0,2.437830505E0
1.112683571E1,-8.823850708E0,6.047424316E0,1.660646667E0
1.113684871E1,-8.166717224E0,6.314468994E0,1.784139862E0
1.114686171E1,-7.345375214E0,6.342161407E0,2.652783508E0
1.115687571E1,-6.821015625E0,6.040688324E0,3.742517395E0
1.116688871E1,-6.679709473E0,5.534291382E0,4.693340149E0
1.117690171E1,-6.682852936E0,4.992418213E0,5.404960327E0
1.118691571E1,-6.442452850E0,4.816983032E0,5.490881653E0
1.119692871E1,-5.323080597E0,5.276826782E0,5.599705353E0
1.120694171E1,-4.024680634E0,6.055806885E0,5.930667114E0
1.121695571E1,-3.443589020E0,6.311325531E0,6.244414673E0
1.122696871E1,-3.673660583E0,6.140979767E0,6.364465027E0
1.123698171E1,-3.742367706E0,6.154302063E0,6.061495056E0
1.124699571E1,-3.944896545E0,6.011798401E0,5.784720612E0
1.125700871E1,-3.894601135E0,5.951623535E0,6.123017120E0
1.126702171E1,-3.392545166E0,5.839656372E0,7.015161896E0
1.127703471E1,-3.457360382E0,5.260061646E0,7.642956390E0
1.128704871E1,-3.619922333E0,4.747228088E0,7.470215607E0
1.129706171E1,-3.345542908E0,4.490212555E0,7.012467499E0
1.130707471E1,-2.921025696E0,4.727618866E0,6.384523315E0
1.131708871E1,-1.938019867E0,5.276677094E0,5.629194031E0
1.132710171E1,-7.762857056E-1,5.729335785E0,5.084177399E0
1.133711471E1,3.023712158E-1,5.601052551E0,4.988675995E0
1.134712871E1,1.456620941E0,5.501060486E0,5.083878021E0
1.135714171E1,2.561922455E0,5.556295624E0,5.268743591E0
1.136715471E1,2.678529968E0,5.193899231E0,5.414690094E0
1.137716771E1,1.776655426E0,4.859794006E0,5.201982422E0
1.138718171E1,1.617087250E0,4.483326874E0,5.144651642E0
1.139719471E1,1.789678345E0,4.224664764E0,5.856421509E0
1.140720771E1,2.381397858E0,4.149970093E0,6.499783630E0
1.141722171E1,3.418141937E0,4.294270020E0,6.803352356E0
1.142723471E1,4.136198730E0,4.228556671E0,6.886130219E0
1.143724771E1,4.496948547E0,3.824546814E0,6.528673553E0
1.144726171E1,5.411396942E0,3.846850433E0,5.860463104E0
1.145727471E1,6.246660004E0,4.074526978E0,5.262905731E0
1.146728771E1,6.340664520E0,3.934418335E0,4.547543335E0
1.147730071E1,6.125861206E0,3.873045959E0,3.181783447E0
1.148731471E1,5.986051941E0,3.233426056E0,2.116748199E0
1.149732771E1,6.503825226E0,3.092568970E0,2.029479675E0
1.150734071E1,7.980055389E0,3.041076050E0,3.200045471E0
1.151735471E1,9.170380096E0,3.080743561E0,4.809648285E0
1.152736771E1,9.363029480E0,2.674937439E0,6.002368011E0
1.153738071E1,8.127947845E0,2.419269104E0,5.882916412E0
1.154739471E1,6.585704956E0,1.214873657E0,5.364544373E0
1.155740771E1,7.235354004E0,1.130748596E0,4.779261475E0
1.156742071E1,9.608518982E0,1.617536316E0,3.883075104E0
1.157743371E1,1.090676926E1,1.644779663E0,2.999462585E0
1.158744771E1,1.112980545E1,1.529070282E0,2.205962677E0
1.159746071E1,1.088386688E1,1.214574280E0,2.832260284E0
1.160747371E1,9.570198669E0,9.355545044E-2,4.536616058E0
1.161748771E1,8.220904541E0,-4.516108704E-1,5.534141693E0
1.162750071E1,7.475754089E0,-5.927673340E-1,5.868695984E0
1.163751371E1,7.850574646E0,-1.061442719E0,5.780978394E0
1.164752771E1,8.784632263E0,-1.174607391E0,4.939428406E0
1.165754071E1,9.897717590E0,-1.396895142E0,3.523373108E0
1.166755371E1,1.104478226E1,-1.419348450E0,2.074086914E0
1.167756671E1,1.202329742E1,-1.229243774E0,1.394500122E0
1.168758071E1,1.176283905E1,-1.483714600E0,1.892813873E0
1.169759371E1,1.180280594E1,-2.074386292E0,2.553689575E0
1.170760671E1,1.267698807E1,-2.222278748E0,2.998714142E0
1.171762071E1,1.346015945E1,-2.570454712E0,3.658392334E0
1.172763371E1,1.370370300E1,-3.106190643E0,3.679648132E0
1.173764671E1,1.369831421E1,-3.747606812E0,3.475472717E0
1.174766071E1,1.361897919E1,-4.816683655E0,3.679199066E0
1.175767371E1,1.319715637E1,-5.503006439E0,4.620591431E0
1.176768671E1,1.196716415E1,-5.452411652E0,5.179229736E0
1.177769971E1,1.210068649E1,-6.525530090E0,4.852459259E0
1.178771371E1,1.351150269E1,-6.540049896E0,4.237687683E0
1.179772671E1,1.508203674E1,-5.485492859E0,3.363505554E0
1.180773971E1,1.637205414E1,-4.885241089E0,2.297123108E0
1.181775371E1,1.648985916E1,-5.091212769E0,1.212328949E0
1.182776671E1,1.569725739E1,-5.967490540E0,5.981561279E-1
1.183777971E1,1.486723343E1,-5.465135193E0,1.167871399E0
1.184779371E1,1.563019684E1,-5.043462067E0,1.478475494E0
1.185780671E1,1.782403473E1,-4.552782440E0,-3.932322693E-1
1.186781971E1,2.076990875E1,-3.256777496E0,-2.535726929E0
1.187783271E1,2.333871689E1,-1.600621490E0,-4.267176361E0
1.188784671E1,2.438923233E1,-3.963757324E-1,-5.470823364E0
1.189785971E1,2.447156113E1,-3.547622681E-2,-6.330186310E0
1.190787271E1,2.329860031E1,-6.526428223E-2,-6.187233582E0
1.191788671E1,2.090402985E1,5.483097839E-1,-5.971681824E0
1.192789971E1,1.848640732E1,4.032614136E-1,-6.355783081E0
1.193791271E1,1.739592499E1,5.628295898E-2,-6.727909241E0
1.194792671E1,1.823238556E1,6.459068298E-1,-7.073989563E0
1.195793971E1,2.027728317E1,1.692680054E0,-7.061864777E0
1.196795271E1,2.128992737E1,2.031126251E0,-6.905440063E0
1.197796571E1,2.173540100E1,2.215842133E0,-7.273225250E0
1.198797971E1,2.189122696E1,2.367177429E0,-7.330855408E0
1.199799271E1,2.127301254E1,2.126328278E0,-6.875502319E0
1.200800571E1,2.030557434E1,1.240021362E0,-5.153932343E0
1.201801971E1,1.958632004E1,6.879693604E-1,-3.877835999E0
1.202803271E1,1.815828964E1,1.646575928E-2,-4.897365875E0
1.203804571E1,1.595412323E1,-5.815406799E-1,-6.115981750E0
1.204805971E1,1.420276520E1,-7.509883118E-1,-5.834866333E0
1.205807271E1,1.253837631E1,-1.289867706E0,-4.143084412E0
1.206808571E1,1.047237259E1,-1.837878113E0,-1.734143829E0
1.207809871E1,8.441994781E0,-2.257006531E0,9.029223633E-1
1.208811271E1,7.516619110E0,-2.264191589E0,3.141217804E0
1.209812571E1,7.678432617E0,-1.773062897E0,4.535867615E0
1.210813871E1,8.129744110E0,-1.050066376E0,5.028343506E0
1.211815196E1,9.056766357E0,-3.884422302E-1,5.070406036E0
1.212816496E1,1.012000534E1,-6.167175293E-2,5.028942261E0
1.213817796E1,1.130793503E1,6.671626282E-1,4.417763214E0
1.214819196E1,1.342153976E1,1.615740051E0,3.755240936E0
1.215820496E1,1.491154129E1,2.082469482E0,3.863765259E0
1.216821796E1,1.522304352E1,2.068847809E0,4.539310455E0
1.217823096E1,1.461171478E1,1.833686829E0,4.955594788E0
1.218824496E1,1.420770493E1,1.323547668E0,4.232298889E0
1.219825796E1,1.393587021E1,8.779243469E-1,3.535348206E0
1.220827096E1,1.353350693E1,5.417234802E-1,3.363206177E0
1.221828496E1,1.316093170E1,3.210823059E-1,3.459456024E0
1.222829796E1,1.300809952E1,-5.987548828E-3,3.391497345E0
1.223831096E1,1.277548325E1,-4.490661621E-1,3.351979523E0
1.224832396E1,1.232521957E1,-8.045768738E-1,3.407514038E0
1.225833796E1,1.220247482E1,-1.763782196E0,3.446732483E0
1.226835096E1,1.201162170E1,-2.943029938E0,3.842359772E0
1.227836396E1,1.160985718E1,-3.485052795E0,4.097579041E0
1.228837796E1,1.148067581E1,-3.625161438E0,3.922443237E0
1.229839096E1,1.171808212E1,-3.767665100E0,3.417692871E0
1.230840396E1,1.196701447E1,-4.066743164E0,3.162623291E0
1.231841796E1,1.207209595E1,-4.134701843E0,3.648512878E0
1.232843096E1,1.232656677E1,-4.368964691E0,4.221820679E0
1.233844396E1,1.196716415E1,-4.767136688E0,4.763244781E0
1.234845696E1,1.098595459E1,-4.535268860E0,5.158572693E0
1.235847096E1,1.022673340E1,-3.689976654E0,5.212760010E0
1.236848396E1,9.466913452E0,-2.831212463E0,4.977748718E0
1.237849696E1,7.570057983E0,-1.902693329E0,4.292773132E0
1.238851096E1,4.475243683E0,-1.599423981E0,4.029919739E0
1.239852396E1,1.030906219E0,-1.675765228E0,3.589834900E0
1.240853696E1,-2.277962952E0,-1.845811615E0,2.542911987E0
1.241855096E1,-5.015470276E0,-2.153571625E0,1.187779999E0
1.242856396E1,-6.568640442E0,-2.570903778E0,2.746788025E-1
1.243857696E1,-7.332352295E0,-3.354374542E0,1.128054199E0
1.244858996E1,-7.967182159E0,-2.936593323E0,3.728296967E0
1.245860396E1,-7.421716461E0,-1.304387512E0,6.906338196E0
1.246861696E1,-5.642516327E0,2.544708252E-3,1.046758255E1
1.247862996E1,-4.688400421E0,8.476872253E-1,1.285152512E1
1.248864396E1,-4.100123749E0,7.478448486E-1,1.282862274E1
1.249865696E1,-2.921025696E0,3.311114502E-1,1.057580750E1
1.250866996E1,-1.569037170E0,6.107299805E-2,7.047794037E0
1.251868396E1,-9.394464111E-1,-5.831872559E-1,3.910019073E0
1.252869696E1,2.827619934E-1,-1.014590149E0,1.343605957E0
1.253870996E1,4.084705811E0,4.249662781E-1,-6.215075684E-1
1.254872296E1,9.636211395E0,3.553161163E0,-1.086141357E0
1.255873696E1,1.406580002E1,6.030359802E0,-1.048419800E0
1.256874996E1,1.658341461E1,6.969506836E0,-7.235952759E-1
1.257876296E1,1.710403198E1,6.074068909E0,-8.131091309E-1
1.258877696E1,1.556942322E1,3.779789886E0,-2.136357422E0
1.259878996E1,1.446277451E1,2.076481934E0,-3.948938141E0
1.260880296E1,1.563588501E1,2.349514160E0,-4.523892517E0
1.261881696E1,1.789034683E1,3.475323029E0,-5.300477600E0
1.262882996E1,1.942809906E1,3.955075378E0,-5.986501007E0
1.263884296E1,1.916779037E1,3.771856384E0,-6.032455444E0
1.264885596E1,1.741867767E1,3.048261108E0,-6.286776581E0
1.265886996E1,1.475526627E1,1.817071381E0,-6.724765778E0
1.266888296E1,1.255319550E1,7.626640320E-1,-7.523804169E0
1.267889596E1,1.262205231E1,1.652563477E-1,-7.430099030E0
1.268890996E1,1.298863998E1,-1.559756470E-1,-5.866450653E0
1.269892296E1,1.298370026E1,-1.443148956E0,-3.313958588E0
1.270893596E1,1.347902023E1,-3.502416687E0,-7.750881958E-1
1.271894896E1,1.468670883E1,-3.814218292E0,5.237608337E-1
1.272896296E1,1.848326385E1,-2.762655029E0,8.906478882E-1
1.273897596E1,2.121298737E1,-2.085163879E0,2.020797729E-2
1.274898896E1,2.118798935E1,-2.217638397E0,-1.427431641E0
1.275900296E1,1.947555038E1,-3.179089050E0,-3.201692047E0
1.276901596E1,1.741164230E1,-4.091292114E0,-5.228776703E0
1.277902896E1,1.659823380E1,-4.356091461E0,-6.647526398E0
1.278904296E1,1.676184357E1,-4.228556671E0,-6.385571136E0
1.279905596E1,1.663176407E1,-3.832929382E0,-5.563181305E0
1.280906896E1,1.722423203E1,-3.430566101E0,-5.750591583E0
1.281908196E1,1.787507858E1,-3.169808350E0,-5.068160706E0
1.282909596E1,1.796623901E1,-2.921624451E0,-3.807781677E0
1.283910896E1,1.883952301E1,-2.861150208E0,-2.190245361E0
1.284912196E1,1.820035217E1,-3.291056213E0,-1.814975739E0
1.285913596E1,1.639375900E1,-4.085154877E0,-3.268602905E0
1.286914896E1,1.595771576E1,-4.096381531E0,-4.004921722E0
1.287916196E1,1.517678970E1,-4.400698700E0,-5.528303833E0
1.288917596E1,1.473071732E1,-4.266727295E0,-7.861352234E0
1.289918896E1,1.472817261E1,-4.067940674E0,-8.578959961E0
1.290920196E1,1.457099945E1,-3.805386658E0,-7.960446167E0
1.291921496E1,1.448777252E1,-3.368145905E0,-6.896608429E0
1.292922896E1,1.425815002E1,-3.196153564E0,-6.343957672E0
1.293924196E1,1.422761353E1,-2.736010437E0,-5.833668823E0
1.294925496E1,1.388722137E1,-2.709216156E0,-5.441634064E0
1.295926896E1,1.239093292E1,-3.464096375E0,-5.373825073E0
1.296928196E1,1.098071548E1,-3.886817322E0,-5.353018341E0
1.297929496E1,9.719588013E0,-4.017345886E0,-4.952750702E0
1.298930796E1,8.328530731E0,-4.054019623E0,-4.591551819E0
1.299932196E1,7.020550690E0,-4.010759583E0,-5.232369232E0
1.300933496E1,6.061345367E0,-3.764072571E0,-5.880970459E0
1.301934796E1,5.806425476E0,-3.532354431E0,-5.863007812E0
1.302936196E1,5.749843140E0,-3.559897156E0,-6.187383270E0
1.303937496E1,5.223836975E0,-3.545676727E0,-6.886878662E0
1.304938796E1,4.477189636E0,-3.372187500E0,-6.617139587E0
1.305940196E1,4.249812469E0,-3.161575470E0,-5.721851349E0
1.306941496E1,4.006568298E0,-2.876119080E0,-5.440586243E0
1.307942796E1,3.503015442E0,-2.719394989E0,-5.309159546E0
1.308944096E1,2.786904602E0,-2.575095062E0,-5.310955811E0
1.309945496E1,2.180216217E0,-2.454595642E0,-5.218597870E0
1.310946796E1,1.810934143E0,-2.298769684E0,-4.902604980E0
1.311948179E1,1.026864624E0,-2.086361389E0,-5.151687012E0
1.312949579E1,7.340734863E-1,-1.879042511E0,-5.141059113E0
1.313950879E1,1.334774323E0,-1.275796967E0,-4.991220703E0
1.314952179E1,1.851200409E0,-7.249424744E-1,-4.813091125E0
1.315953479E1,1.439556427E0,-4.816983032E-1,-4.041595459E0
1.316954879E1,7.119195557E-1,-4.578977966E-1,-3.205134888E0
1.317956179E1,2.167492676E-1,-5.240602112E-1,-2.756667480E0
1.318957479E1,8.202941895E-2,-3.489244080E-1,-2.370769958E0
1.319958879E1,4.331991577E-1,2.396516418E-1,-1.925446014E0
1.320960179E1,6.548881531E-1,1.049168243E0,-1.722617798E0
1.321961479E1,2.959346008E-1,1.299896851E0,-1.272204437E0
1.322962879E1,-3.176394653E-1,1.085093536E0,-9.999206543E-1
1.323964179E1,-8.961863708E-1,8.337661743E-1,-1.326391754E0
1.324965479E1,-1.116079102E0,6.393205261E-1,-1.495689697E0
1.325966779E1,-5.399272156E-1,6.810836792E-1,-1.253792725E0
1.326968179E1,5.075944519E-1,1.277443542E0,-5.637277222E-1
1.327969479E1,1.144070892E0,2.180665283E0,6.336323547E-1
1.328970779E1,1.071172485E0,2.815944214E0,1.198407898E0
1.329972179E1,4.661306763E-1,2.866688690E0,7.339237976E-1
1.330973479E1,-3.538641357E-1,2.483635254E0,-1.212478638E-2
1.331974779E1,-4.113446045E-1,2.064806213E0,-1.107696533E-2
1.332976079E1,1.980381775E-1,2.257605286E0,7.268884277E-1
1.333977479E1,1.278341675E0,3.239263916E0,1.384021912E0
1.334978779E1,2.772833862E0,3.989204407E0,1.245260468E0
1.335980079E1,3.279679871E0,4.337829437E0,3.670367432E-1
1.336981479E1,3.145558777E0,4.246818695E0,-4.975653076E-1
1.337982779E1,3.619473267E0,3.724854126E0,-1.006806335E0
1.338984079E1,4.976102142E0,3.517086182E0,-1.199156342E0
1.339985479E1,6.680906982E0,3.664828949E0,-1.403182068E0
1.340986779E1,8.050708466E0,3.513044586E0,-1.276844788E0
1.341988079E1,8.682544556E0,3.172652435E0,-4.014651489E-1
1.342989379E1,9.687704315E0,2.910098419E0,1.604064331E0
1.343990779E1,1.094374237E1,2.498454437E0,2.987337799E0
1.344992079E1,1.191312653E1,1.897903290E0,2.271676025E0
1.345993379E1,1.250634293E1,1.659898224E0,-5.486091614E-1
1.346994779E1,1.319985077E1,2.044598236E0,-4.419559479E0
1.347996079E1,1.398092651E1,2.980003052E0,-8.154143372E0
1.348997379E1,1.463970657E1,4.134552155E0,-1.066786606E1
1.349998679E1,1.529294815E1,4.797822876E0,-1.187675217E1
1.351000079E1,1.622775421E1,4.958289185E0,-1.241353592E1
1.352001379E1,1.739457779E1,4.246669006E0,-1.303130127E1
1.353002679E1,1.839524689E1,3.541784821E0,-1.414438660E1
1.354004079E1,1.943827789E1,3.182232513E0,-1.587972794E1
1.355005379E1,2.049133804E1,3.404370575E0,-1.697215622E1
1.356006679E1,2.087528961E1,3.816912689E0,-1.748888168E1
1.357008079E1,2.084894440E1,4.032614136E0,-1.759441223E1
1.358009379E1,2.025737457E1,3.774999847E0,-1.693922470E1
1.359010679E1,1.902768173E1,3.224744110E0,-1.552227127E1
1.360011979E1,1.758318558E1,2.626887360E0,-1.406071060E1
1.361013379E1,1.595008163E1,1.903591461E0,-1.305809555E1
1.362014679E1,1.431218765E1,1.352736969E0,-1.211550568E1
1.363015979E1,1.320523956E1,1.084494781E0,-1.098086517E1
1.364017379E1,1.220232513E1,9.256750488E-1,-1.049228119E1
1.365018679E1,1.117306549E1,9.395960999E-1,-1.025637177E1
1.366019979E1,1.038300842E1,9.924362183E-1,-1.008512787E1
1.367021379E1,9.448052673E0,7.854167175E-1,-9.582323456E0
1.368022679E1,8.458909607E0,3.514691162E-1,-8.496631165E0
1.369023979E1,7.462431793E0,-7.619155884E-2,-7.382048950E0
1.370025279E1,6.512507172E0,-3.653901672E-1,-7.199279022E0
1.371026679E1,5.887706451E0,-5.504054260E-1,-7.030879211E0
1.372027979E1,5.651497650E0,-4.110452271E-1,-6.572382660E0
1.373029279E1,5.769302673E0,-5.643264771E-2,-6.077661438E0
1.374030679E1,5.610033875E0,1.071771240E-1,-5.745352478E0
1.375031979E1,4.871918793E0,-1.707948303E-1,-5.454357605E0
1.376033279E1,4.042493591E0,-4.114942932E-1,-4.840334473E0
1.377034579E1,3.463647308E0,-6.259982300E-1,-3.918551331E0
1.378035979E1,2.787353668E0,-7.934999084E-1,-3.532803497E0
1.379037279E1,1.709594879E0,-1.011746063E0,-3.391946411E0
1.380038579E1,5.457650757E-1,-1.089135132E0,-3.132984924E0
1.381039979E1,-1.475930786E-1,-9.843530273E-1,-2.634820862E0
1.382041279E1,-4.704716492E-1,-7.168592834E-1,-1.733994141E0
1.383042579E1,-5.135820007E-1,-3.978726196E-1,-7.698490906E-1
1.384043979E1,-6.137237549E-3,2.799179077E-2,-1.589694214E-1
1.385045279E1,3.839515686E-1,3.260220337E-1,-2.028282166E-1
1.386046579E1,5.574407959E-1,5.399272156E-1,1.728904724E-1
1.387047879E1,2.627037048E-1,4.788542175E-1,1.062490540E0
1.388049279E1,-4.209246826E-1,4.622387695E-1,1.770967255E0
1.389050579E1,-7.412585449E-1,3.969744873E-1,2.743494873E0
1.390051879E1,-4.014651489E-1,7.117698669E-1,3.005899200E0
1.391053279E1,4.161346436E-1,1.053209839E0,3.005450134E0
1.392054579E1,1.548679504E0,1.361568604E0,3.514840851E0
1.393055879E1,2.591111755E0,1.489552460E0,4.482279053E0
1.394057179E1,2.860551453E0,1.636097717E0,5.344037018E0
1.395058579E1,3.118614807E0,1.916614380E0,6.387367401E0
1.396059879E1,3.296295319E0,2.045047302E0,7.306007080E0
1.397061179E1,3.478466492E0,2.001936951E0,7.949967957E0
1.398062579E1,3.822002106E0,1.772015076E0,8.079299011E0
1.399063879E1,4.407883759E0,1.548080750E0,7.595205688E0
1.400065179E1,5.253625031E0,1.263821869E0,6.911128235E0
1.401066479E1,6.333928528E0,1.025517426E0,6.313870239E0
1.402067879E1,7.340285797E0,8.270301819E-1,5.589975586E0
1.403069179E1,8.562793579E0,6.310876465E-1,5.018314362E0
1.404070479E1,9.870174866E0,9.000782776E-1,4.886288910E0
1.405071879E1,1.073163345E1,6.786886597E-1,4.773423615E0
1.406073179E1,1.133652557E1,3.221301270E-1,4.067491608E0
1.407074479E1,1.252131180E1,3.261717224E-1,3.630400543E0
1.408075879E1,1.373887985E1,1.944456482E-1,3.574566650E0
1.409077179E1,1.429182999E1,-3.514691162E-1,3.294648743E0
1.410078479E1,1.397613647E1,-1.176403656E0,3.372187500E0
1.411079779E1,1.378064301E1,-1.142124939E0,3.750750275E0
1.412081229E1,1.367960312E1,-1.542991333E0,2.888393555E0
1.413082529E1,1.318069061E1,-2.040706329E0,-1.206640778E0
1.414083829E1,1.350356918E1,-1.160686340E0,-7.220385132E0
1.415085229E1,1.495704666E1,2.044747925E-1,-1.372316254E1
1.416086529E1,1.662113617E1,2.024989014E0,-2.011397278E1
1.417087829E1,1.719249802E1,3.295397186E0,-2.334620132E1
1.418089129E1,2.011741562E1,4.224215698E0,-2.505130554E1
1.419090529E1,2.103695343E1,5.474415894E0,-2.615540955E1
1.420091829E1,2.084430405E1,4.837490387E0,-2.393447800E1
1.421093129E1,2.036395294E1,4.571194153E0,-1.868264923E1
1.422094529E1,1.959410385E1,4.060306549E0,-1.503727982E1
1.423095829E1,1.884266647E1,3.582799530E0,-1.233464996E1
1.424097129E1,1.676483734E1,2.907104645E0,-1.040396484E1
1.425098429E1,1.483385284E1,2.140997772E0,-9.338630219E0
1.426099829E1,1.335328171E1,1.922452240E0,-8.510701904E0
1.427101129E1,1.298893936E1,1.847458191E0,-7.219037933E0
1.428102429E1,1.288984543E1,1.837728424E0,-6.120622101E0
1.429103829E1,1.263941620E1,1.652413788E0,-5.961353302E0
1.430105129E1,1.251203110E1,1.691482544E0,-6.182892609E0
1.431106429E1,1.266890488E1,1.818717957E0,-5.830675049E0
1.432107829E1,1.261381943E1,1.715582428E0,-4.984335022E0
1.433109129E1,1.226729004E1,1.481618958E0,-3.791764984E0
1.434110429E1,1.195369217E1,1.318308563E0,-2.926264801E0
1.435111729E1,1.171029831E1,1.008303223E0,-2.339485016E0
1.436113129E1,1.110989685E1,2.938389587E-1,-1.318158875E0
1.437114429E1,1.019799316E1,-6.168672180E-1,8.247848511E-2
1.438115729E1,9.952952728E0,-1.025218048E0,1.836381226E0
1.439117129E1,1.062460602E1,-9.877958679E-1,3.136876831E0
1.440118429E1,1.148441803E1,-8.601113892E-1,3.751498718E0
1.441119729E1,1.292412415E1,-1.021176453E0,4.732259216E0
1.442121029E1,1.577674210E1,-1.117575989E0,6.534960480E0
1.443122429E1,1.934517151E1,-6.544390869E-1,9.113947449E0
1.444123729E1,2.292827042E1,1.387614441E-1,1.228435455E1
1.445125029E1,2.552147781E1,3.081192627E0,1.470601868E1
1.446126429E1,3.116294632E1,3.587439880E0,1.677905777E1
1.447127729E1,2.881852158E1,6.283932495E0,1.682351532E1
1.448129029E1,2.246782791E1,6.984475708E0,1.243419296E1
1.449130329E1,1.874731476E1,4.214934998E0,8.826545105E0
1.450131729E1,1.428479462E1,3.942950592E0,6.734645233E0
1.451133029E1,1.167033142E1,3.735781403E0,4.096830597E0
1.452134329E1,1.091440338E1,3.415447540E0,9.845027161E-1
1.453135729E1,1.122231308E1,4.136647797E0,-1.020428009E0
1.454137029E1,1.156240585E1,5.104834442E0,-1.719324646E0
1.455138329E1,1.064301773E1,4.597689056E0,-2.326761475E0
1.456139729E1,8.566386108E0,3.306174774E0,-3.542383575E0
1.457141029E1,6.513405304E0,2.762355652E0,-5.546116791E0
1.458142329E1,4.202510834E0,2.393073578E0,-7.438780975E0
1.459143629E1,2.171833649E0,2.313738556E0,-8.075856171E0
1.460145029E1,4.342469788E-1,2.395169220E0,-7.715106354E0
1.461146329E1,-1.600771179E0,2.337539063E0,-7.271878052E0
1.462147629E1,-3.394341431E0,2.246678009E0,-7.310797119E0
1.463149029E1,-4.655319214E0,1.740879822E0,-7.420518951E0
1.464150329E1,-5.355712738E0,1.240021362E0,-7.012766876E0
1.465151629E1,-5.329367523E0,1.109343109E0,-6.031108246E0
1.466152929E1,-5.322332153E0,1.212029572E0,-5.463189240E0
1.467154329E1,-6.355932770E0,8.541238403E-1,-5.911357269E0
1.468155629E1,-7.995623016E0,1.453477478E-1,-6.535708923E0
1.469156929E1,-8.869655457E0,-2.824626160E-1,-6.308481445E0
1.470158329E1,-8.988059235E0,-6.469546509E-1,-5.575455780E0
1.471159629E1,-8.654103699E0,-1.028511200E0,-4.561314697E0
1.472160929E1,-8.237969055E0,-1.617985382E0,-3.861669617E0
1.473162229E1,-8.112080841E0,-2.530338135E0,-3.535946960E0
1.474163629E1,-8.062533875E0,-3.024610291E0,-3.517385559E0
1.475164929E1,-7.036268005E0,-2.967279510E0,-3.716770935E0
1.476166229E1,-4.522245941E0,-1.911375275E0,-4.352947998E0
1.477167629E1,-1.010099487E0,-7.002438354E-1,-4.959935760E0
1.478168929E1,2.952310638E0,7.333250427E-1,-4.056115265E0
1.479170229E1,6.483916626E0,2.014061737E0,-2.753973083E0
1.480171629E1,8.983718262E0,1.032103729E0,-1.999392242E0
1.481172929E1,1.064765808E1,-6.617738342E-1,-2.215093689E0
1.482174229E1,1.085572540E1,-3.018772430E0,-3.713926849E0
1.483175529E1,1.219813385E1,-4.649481354E0,-5.063370667E0
1.484176929E1,1.640528503E1,-3.228486328E0,-6.818770294E0
1.485178229E1,2.200229599E1,-1.948947144E-1,-8.272696838E0
1.486179529E1,2.763208878E1,2.776725769E0,-8.871601410E0
1.487180929E1,3.198892868E1,5.213508453E0,-8.511300659E0
1.488182229E1,3.258349228E1,5.823040924E0,-7.931107178E0
1.489183529E1,3.014566177E1,4.387376404E0,-8.815617828E0
1.490184829E1,2.751652908E1,3.154240723E0,-1.129730713E1
1.491186229E1,2.549647980E1,2.577340393E0,-1.431323547E1
1.492187529E1,2.386262741E1,2.125130768E0,-1.648941010E1
1.493188829E1,2.261093033E1,2.314037933E0,-1.797806442E1
1.494190229E1,2.281974609E1,2.570604401E0,-1.808164902E1
1.495191529E1,2.357492569E1,2.495610352E0,-1.669089111E1
1.496192829E1,2.329650467E1,1.997446289E0,-1.550984711E1
1.497194129E1,2.238340347E1,1.128952332E0,-1.451636307E1
1.498195529E1,2.108186005E1,3.433859253E-1,-1.297935928E1
1.499196829E1,1.971624985E1,-5.017565918E-1,-1.096889008E1
1.500198129E1,1.744322662E1,-1.551074524E0,-9.825417938E0
1.501199529E1,1.494147903E1,-2.560724945E0,-9.588311005E0
1.502200829E1,1.342752731E1,-3.245101776E0,-9.519753571E0
1.503202129E1,1.256681717E1,-3.287014618E0,-1.018212616E1
1.504203429E1,1.130703690E1,-3.352578278E0,-1.136736145E1
1.505204829E1,1.049347870E1,-3.305276642E0,-1.299552567E1
1.506206129E1,1.071531738E1,-2.904410248E0,-1.386207367E1
1.507207429E1,1.103235809E1,-2.685415649E0,-1.375878845E1
1.508208829E1,1.077788727E1,-3.076552277E0,-1.293759613E1
1.509210129E1,9.886341248E0,-3.709286499E0,-1.166554138E1
1.510211429E1,8.784183197E0,-4.665498047E0,-1.013078293E1
1.511212729E1,7.674989777E0,-5.417983246E0,-8.732839966E0
1.512214083E1,7.113956451E0,-5.693260803E0,-7.702233124E0
1.513215383E1,7.132966919E0,-5.322182465E0,-6.537804565E0
1.514216683E1,6.664590912E0,-4.897665253E0,-6.236331482E0
1.515218083E1,5.882167969E0,-4.790937195E0,-6.387966156E0
1.516219383E1,4.916226654E0,-4.851860504E0,-6.615942078E0
1.517220683E1,4.129462738E0,-4.856051788E0,-7.032825165E0
1.518221983E1,3.617826691E0,-4.790488129E0,-7.411387939E0
1.519223383E1,3.488495636E0,-4.871918793E0,-7.201374664E0
1.520224683E1,3.276985474E0,-4.838089142E0,-6.783743134E0
1.521225983E1,2.982847137E0,-4.520299988E0,-7.510631561E0
1.522227383E1,2.757864990E0,-4.007316742E0,-8.361312561E0
1.523228683E1,1.971400452E0,-3.631897430E0,-8.822503510E0
1.524229983E1,7.361691284E-1,-3.372037811E0,-8.946146393E0
1.525231383E1,-5.912704468E-1,-3.313060455E0,-8.299790497E0
1.526232683E1,-2.024390259E0,-3.098556519E0,-7.490124207E0
1.527233983E1,-3.353626099E0,-2.872526550E0,-6.391558685E0
1.528235283E1,-4.132007446E0,-2.539768524E0,-5.424868927E0
1.529236683E1,-4.748724976E0,-2.108964386E0,-5.043611755E0
1.530237983E1,-5.278623047E0,-1.596130829E0,-5.416636047E0
1.531239283E1,-5.668861542E0,-1.096320190E0,-5.216651917E0
1.532240683E1,-5.946683807E0,-7.671546936E-1,-4.485422516E0
1.533241983E1,-6.522386627E0,-6.182144165E-1,-3.484154663E0
1.534243283E1,-7.364235992E0,-6.039939880E-1,-2.726430359E0
1.535244583E1,-8.065078583E0,-6.134243774E-1,-2.332599335E0
1.536245983E1,-8.406967621E0,-5.276527405E-1,-1.709594879E0
1.537247283E1,-8.700806580E0,3.996688843E-2,-1.181193695E0
1.538248583E1,-8.578211517E0,9.270222473E-1,-3.098556519E-1
1.539249983E1,-8.152796173E0,1.516646118E0,6.596781921E-1
1.540251283E1,-7.590864716E0,1.840722198E0,1.617686005E0
1.541252583E1,-7.057823181E0,2.177821198E0,2.498454437E0
1.542253883E1,-6.659800873E0,2.151026917E0,3.063529358E0
1.543255283E1,-6.259533234E0,2.007924500E0,3.800596619E0
1.544256583E1,-6.246210938E0,2.087558899E0,4.254003754E0
1.545257883E1,-6.049519958E0,2.055375824E0,3.949985962E0
1.546259283E1,-5.654042358E0,2.030078430E0,3.610641632E0
1.547260583E1,-4.974455566E0,2.215093689E0,2.830164642E0
1.548261883E1,-3.449127502E0,3.081492004E0,2.581831055E0
1.549263183E1,-1.883533173E0,4.174369354E0,3.589086456E0
1.550264583E1,-6.848258972E-1,4.439767456E0,4.761747894E0
1.551265883E1,-2.564167786E-1,3.727099457E0,5.794151001E0
1.552267183E1,-7.605683899E-1,2.656825104E0,6.007008362E0
1.553268583E1,-1.202599182E0,1.716929626E0,5.619913330E0
1.554269883E1,-8.240364075E-1,1.301393738E0,5.186265106E0
1.555271183E1,2.013313293E-1,1.865570526E0,4.424798584E0
1.556272483E1,1.131946106E0,2.864593048E0,3.812422028E0
1.557273883E1,2.228715363E0,4.498744812E0,2.633473663E0
1.558275183E1,3.240012360E0,5.754034424E0,5.161267090E-1
1.559276483E1,4.009562073E0,6.016588440E0,-1.912123718E0
1.560277883E1,4.833149414E0,5.900280304E0,-4.044439545E0
1.561279183E1,5.871091003E0,6.364465027E0,-6.009253693E0
1.562280483E1,7.045548706E0,6.996001740E0,-8.230334930E0
1.563281783E1,8.103997650E0,7.332501984E0,-9.896819458E0
1.564283183E1,8.991202698E0,7.986192627E0,-1.094703552E1
1.565284483E1,9.739346924E0,8.742120667E0,-1.180355438E1
1.566285783E1,1.039363632E1,9.255852356E0,-1.287787033E1
1.567287183E1,1.169922134E1,9.679621124E0,-1.478939529E1
1.568288483E1,1.398451904E1,1.059571609E1,-1.699865112E1
1.569289783E1,1.684776489E1,1.145687531E1,-1.892155243E1
1.570291183E1,1.941582458E1,1.208347229E1,-1.989228378E1
1.571292483E1,2.081376755E1,1.219020035E1,-2.010394363E1
1.572293783E1,2.125639709E1,1.163530426E1,-2.019615189E1
1.573295083E1,2.151116730E1,1.064137115E1,-1.953677307E1
1.574296483E1,2.151446045E1,9.680818634E0,-1.894894547E1
1.575297783E1,2.141192368E1,9.188043365E0,-1.907198959E1
1.576299083E1,2.094339798E1,9.253756714E0,-1.912378189E1
1.577300483E1,1.969858658E1,9.085955658E0,-1.862861160E1
1.578301783E1,1.744143036E1,8.344248047E0,-1.805201065E1
1.579303083E1,1.443223801E1,7.103328552E0,-1.759171783E1
1.580304383E1,1.144684616E1,5.666616211E0,-1.710597794E1
1.581305783E1,9.420210571E0,4.916975098E0,-1.658356430E1
1.582307083E1,8.602012024E0,4.628824310E0,-1.565878738E1
1.583308383E1,8.183781738E0,4.282594299E0,-1.391057281E1
1.584309783E1,7.338190155E0,3.742667084E0,-1.205338486E1
1.585311083E1,5.848188629E0,3.022065582E0,-1.051473450E1
1.586312383E1,3.967948608E0,2.271376648E0,-8.914711761E0
1.587313683E1,2.245779877E0,1.540147247E0,-7.319179688E0
1.588315083E1,6.024971008E-1,1.223106537E0,-6.027515717E0
1.589316383E1,-6.017486572E-1,1.240171051E0,-5.411995697E0
1.590317683E1,-1.328487396E0,1.279539185E0,-5.012326813E0
1.591318983E1,-2.062560883E0,1.388213196E0,-4.783153381E0
1.592320383E1,-2.289339294E0,1.390308838E0,-4.526437225E0
1.593321683E1,-2.214345245E0,1.456471252E0,-3.522175598E0
1.594322983E1,-2.238594818E0,1.638343048E0,-2.199825439E0
1.595324383E1,-2.741099854E0,1.757794647E0,-1.097966766E0
1.596325683E1,-3.731290741E0,1.908231812E0,-4.839436340E-1
1.597326983E1,-4.586312714E0,2.174977112E0,1.228944397E-1
1.598328283E1,-5.413193207E0,2.163600769E0,7.161108398E-1
1.599329683E1,-6.146218872E0,2.215692444E0,1.014889526E0
1.600330983E1,-6.247408447E0,2.374811554E0,1.580263824E0
1.601332283E1,-5.907016296E0,2.846331024E0,1.888023834E0
1.602333683E1,-5.026996307E0,3.764821014E0,2.160307617E0
1.603334983E1,-4.570296021E0,4.423601074E0,2.723586273E0
1.604336283E1,-4.605622559E0,4.752167816E0,3.274740143E0
1.605337683E1,-4.736300812E0,4.519252167E0,3.875890045E0
1.606338983E1,-4.925956421E0,4.175417175E0,4.333338776E0
1.607340283E1,-4.942871246E0,4.133953400E0,4.083358612E0
1.608341583E1,-4.378245392E0,4.225562897E0,3.571722565E0
1.609342983E1,-3.929029541E0,4.398902435E0,3.592828674E0
1.610344283E1,-3.469335480E0,4.825814667E0,3.907025299E0
1.611345583E1,-2.844534760E0,5.351521454E0,4.215084686E0
1.612346954E1,-2.300416260E0,6.180347900E0,4.459526367E0
1.613348254E1,-2.181713104E0,6.312972107E0,4.572391663E0
1.614349554E1,-1.917362823E0,6.042484589E0,4.756508789E0
1.615350854E1,-9.701325989E-1,5.706583099E0,5.049748993E0
1.616352254E1,3.451821899E-1,5.363346863E0,5.279970245E0
1.617353554E1,1.353635101E0,4.942272491E0,5.259163513E0
1.618354854E1,1.913321228E0,4.705464935E0,5.119953003E0
1.619356254E1,1.915865936E0,4.987478485E0,5.139262848E0
1.620357554E1,1.973496094E0,4.696184235E0,5.457650757E0
1.621358854E1,2.320175171E0,4.579576721E0,5.201084290E0
1.622360154E1,3.835923157E0,5.224435730E0,4.576133881E0
1.623361554E1,6.848258972E0,6.197562103E0,3.947740631E0
1.624362854E1,9.378597107E0,6.538553009E0,2.659070435E0
1.625364154E1,1.140134079E1,6.453829193E0,1.281335449E0
1.626365454E1,1.274943741E1,5.952521667E0,9.231303406E-1
1.627366854E1,1.322739349E1,5.410798187E0,8.454418945E-1
1.628368154E1,1.260319153E1,5.633235626E0,8.695417786E-1
1.629369454E1,1.112741043E1,5.925577698E0,1.578617249E0
1.630370854E1,9.922266541E0,5.711373138E0,1.345551910E0
1.631372154E1,1.021565643E1,6.160139923E0,-9.193881226E-1
1.632373454E1,1.218062027E1,7.313790894E0,-5.125790863E0
1.633374854E1,1.498893036E1,9.039402466E0,-1.032717453E1
1.634376154E1,1.722183701E1,1.068178711E1,-1.509101807E1
1.635377454E1,1.904429718E1,1.212882797E1,-1.802267166E1
1.636378754E1,2.018896683E1,1.276994476E1,-2.003718246E1
1.637380154E1,2.150248535E1,1.268162842E1,-2.167762115E1
1.638381454E1,2.001487885E1,1.227073288E1,-2.117781052E1
1.639382754E1,1.765758087E1,1.106858276E1,-1.917632263E1
1.640384054E1,1.606025253E1,1.045710434E1,-1.666873718E1
1.641385454E1,1.504566238E1,9.752220154E0,-1.427521454E1
1.642386754E1,1.434706512E1,9.228010254E0,-1.257040970E1
1.643388054E1,1.365370697E1,8.957223358E0,-1.280721725E1
1.644389454E1,1.274479706E1,8.521329803E0,-1.280557068E1
1.645390754E1,1.134550690E1,7.643555145E0,-1.201790863E1
1.646392054E1,9.773475952E0,6.666985931E0,-1.039094193E1
1.647393354E1,8.515342255E0,5.851481781E0,-8.325686646E0
1.648394754E1,7.244485016E0,5.295238495E0,-6.644532623E0
1.649396054E1,6.049669647E0,4.781506805E0,-5.588927765E0
1.650397354E1,4.758903809E0,4.124822388E0,-5.111869812E0
1.651398754E1,3.251239014E0,3.141517181E0,-4.638703766E0
1.652400054E1,2.084415436E0,2.048340454E0,-3.404071198E0
1.653401354E1,9.303153992E-1,1.324595490E0,-8.159532166E-1
1.654402654E1,7.524851990E-1,1.019978943E0,1.948049011E0
1.655404054E1,9.575587463E-1,1.003662872E0,4.186344452E0
1.656405354E1,-3.820056152E-1,6.119274902E-1,5.777685242E0
1.657406654E1,-5.533992004E-1,-4.284091187E-1,6.613846436E0
1.658408054E1,-1.428629150E0,-1.497336273E0,7.152725830E0
1.659409354E1,-1.813329163E0,-2.141147461E0,7.353159027E0
1.660410654E1,-1.903292084E0,-2.633024597E0,7.689808960E0
1.661411954E1,-2.026485901E0,-2.658771057E0,8.387059021E0
1.662413354E1,-2.136956177E0,-2.899171143E0,9.349407806E0
1.663414654E1,-2.741399231E0,-3.169808350E0,9.602830811E0
1.664415954E1,-3.392395477E0,-3.328179016E0,8.890162811E0
1.665417354E1,-3.820355530E0,-3.528312836E0,7.906857605E0
1.666418654E1,-3.498524780E0,-3.700305176E0,7.217391357E0
1.667419954E1,-2.412233734E0,-3.116219788E0,7.046297150E0
1.668421254E1,-1.522483978E0,-2.333946533E0,6.666387177E0
1.669422654E1,-1.024469604E0,-1.061442719E0,6.148763580E0
1.670423954E1,-1.548829193E0,5.824388123E-1,5.996380463E0
1.671425254E1,-3.538641357E0,1.933978271E0,6.104904785E0
1.672426654E1,-5.246140594E0,2.631378021E0,5.673950958E0
1.673427954E1,-4.793781281E0,2.884651337E0,4.444557495E0
1.674429254E1,-3.436553650E0,2.404749298E0,2.592009888E0
1.675430554E1,-1.988315277E0,1.389710083E0,4.658312988E-1
1.676431954E1,-3.399430847E-1,5.869294739E-1,-1.070424042E0
1.677433254E1,1.589993591E0,1.207838287E0,-1.825453949E0
1.678434554E1,5.876030731E0,3.227887573E0,-2.377056885E0
1.679435954E1,1.068448151E1,5.976621552E0,-2.690505066E0
1.680437254E1,1.419363419E1,7.205416260E0,-3.046015778E0
1.681438554E1,1.627281052E1,5.902675323E0,-4.506079559E0
1.682439854E1,1.879371826E1,4.593946838E0,-6.173312531E0
1.683441254E1,2.359588211E1,4.185745697E0,-7.581434326E0
1.684442554E1,2.965707779E1,3.971391449E0,-9.477241974E0
1.685443854E1,3.552292969E1,4.882097626E0,-9.534423065E0
1.686445254E1,4.022360458E1,6.397845612E0,-8.315058746E0
1.687446554E1,4.240142578E1,7.325466614E0,-8.249345398E0
1.688447854E1,4.129073547E1,7.266638947E0,-9.243128815E0
1.689449154E1,3.854679153E1,6.014343109E0,-1.047791107E1
1.690450554E1,3.520394302E1,4.647385712E0,-1.091814560E1
1.691451854E1,3.309527802E1,3.797303467E0,-1.114477432E1
1.692453154E1,3.259142578E1,3.956272888E0,-1.310599594E1
1.693454554E1,3.308270416E1,4.571493530E0,-1.483624786E1
1.694455854E1,3.291175964E1,5.145100708E0,-1.603764954E1
1.695457154E1,3.267195831E1,4.898114319E0,-1.730775833E1
1.696458454E1,3.078079102E1,4.472249908E0,-1.755339752E1
1.697459854E1,2.775902481E1,3.802392883E0,-1.606698853E1
1.698461154E1,2.487422379E1,2.727927246E0,-1.426009598E1
1.699462454E1,2.239178604E1,1.821112976E0,-1.283490967E1
1.700463754E1,2.064476898E1,5.875282288E-1,-1.123129440E1
1.701465154E1,1.919293808E1,-1.504371643E-1,-1.050126251E1
1.702466454E1,1.809991104E1,-4.806504822E-1,-9.867480469E0
1.703467754E1,1.695509171E1,-1.183588715E0,-8.854387207E0
1.704469154E1,1.573378143E1,-2.040257263E0,-8.045918427E0
1.705470454E1,1.437266190E1,-2.679577789E0,-7.459587708E0
1.706471754E1,1.332633774E1,-3.228636017E0,-7.248526611E0
1.707473054E1,1.251547394E1,-3.239263916E0,-7.520361328E0
1.708474454E1,1.125329865E1,-3.164269867E0,-8.194858704E0
1.709475754E1,1.019993912E1,-3.523373108E0,-9.036558380E0
1.710477054E1,9.163793793E0,-3.885021057E0,-9.654922485E0
1.711478454E1,8.519982605E0,-3.935166779E0,-9.886341248E0
1.712479808E1,8.493338013E0,-3.836222534E0,-9.771380310E0
1.713481108E1,8.259075165E0,-3.611839142E0,-9.254505157E0
1.714482408E1,7.493567047E0,-3.825444946E0,-8.500822449E0
1.715483808E1,5.994434509E0,-4.076472931E0,-7.954458618E0
1.716485108E1,4.735103302E0,-4.377496948E0,-7.815996552E0
1.717486408E1,4.065395966E0,-4.661157074E0,-7.602091370E0
1.718487808E1,3.639232178E0,-4.772375793E0,-6.759343872E0
1.719489108E1,3.552562408E0,-4.864733734E0,-6.132297821E0
1.720490408E1,3.363206177E0,-4.666096802E0,-6.148613892E0
1.721491708E1,3.099155273E0,-4.427792358E0,-6.569837952E0
1.722493108E1,2.453098755E0,-4.205055542E0,-6.777605896E0
1.723494408E1,1.388063507E0,-4.149820404E0,-6.526428223E0
1.724495708E1,-3.188369751E-2,-4.404291229E0,-5.799390106E0
1.725497108E1,-1.653012543E0,-4.245172119E0,-5.093757477E0
1.726498408E1,-2.714754639E0,-3.807332611E0,-4.765190735E0
1.727499708E1,-3.365451508E0,-3.377127228E0,-4.758604431E0
1.728501008E1,-3.898343353E0,-2.801424408E0,-4.923411713E0
1.729502408E1,-4.390669556E0,-2.079775085E0,-4.743186493E0
1.730503708E1,-5.026846619E0,-1.490450592E0,-3.314557343E0
1.731505008E1,-6.303092651E0,-1.175206146E0,-1.206640778E0
1.732506308E1,-7.967631226E0,-1.395398254E0,5.269042969E-1
1.733507708E1,-9.325607300E0,-1.496138763E0,1.975292358E0
1.734509008E1,-1.014829651E1,-1.386117554E0,2.388732605E0
1.735510308E1,-1.053239777E1,-1.302441559E0,1.753004608E0
1.736511708E1,-1.013871643E1,-8.271798706E-1,1.788929901E0
1.737513008E1,-9.007668457E0,2.469863892E-1,2.992427216E0
1.738514308E1,-8.097860413E0,1.098415833E0,4.691394196E0
1.739515608E1,-7.969427490E0,1.496887207E0,5.818101196E0
1.740517008E1,-7.965834961E0,1.324894867E0,5.901777191E0
1.741518308E1,-7.491920471E0,1.147962799E0,5.376220093E0
1.742519608E1,-6.575825500E0,1.559457092E0,4.228556671E0
1.743521008E1,-5.260959778E0,2.174977112E0,3.272644501E0
1.744522308E1,-3.885619812E0,2.123035126E0,3.082390137E0
1.745523608E1,-2.595153351E0,1.930535431E0,3.744613037E0
1.746524908E1,-1.500030670E0,2.226470032E0,4.339775391E0
1.747526308E1,-7.375163269E-1,2.301913147E0,4.715943146E0
1.748527608E1,-1.971400452E-1,2.611020355E0,4.313430176E0
1.749528908E1,6.218069458E-1,3.610192566E0,3.654201050E0
1.750530308E1,1.360820160E0,4.696633301E0,2.366878052E0
1.751531608E1,2.669997711E0,5.186414795E0,1.231938171E-1
1.752532908E1,4.558919678E0,5.593867493E0,-3.367397461E0
1.753534208E1,7.311096497E0,6.159391479E0,-6.854096832E0
1.754535608E1,1.016371445E1,6.774013367E0,-1.020652542E1
1.755536908E1,1.251023483E1,7.769293671E0,-1.245275436E1
1.756538208E1,1.486873032E1,8.687633972E0,-1.242356506E1
1.757539508E1,1.733919296E1,9.671388245E0,-1.279359558E1
1.758540908E1,1.970786728E1,1.058448944E1,-1.469554047E1
1.759542208E1,2.171219925E1,1.093401260E1,-1.705448502E1
1.760543508E1,2.339649673E1,1.137634277E1,-1.955563385E1
1.761544908E1,2.405692337E1,1.147977768E1,-2.107841721E1
1.762546208E1,2.571846817E1,1.210712311E1,-2.146805695E1
1.763547508E1,2.717449036E1,1.341210938E1,-2.184796692E1
1.764548808E1,2.474414429E1,1.189920547E1,-2.236334518E1
1.765550208E1,2.194017517E1,1.041399399E1,-2.041903839E1
1.766551508E1,1.838087677E1,8.364605713E0,-1.808464279E1
1.767552808E1,1.549278259E1,7.005881195E0,-1.626128448E1
1.768554208E1,1.321466995E1,6.230044556E0,-1.449810104E1
1.769555508E1,1.129416367E1,5.501060486E0,-1.310375061E1
1.770556808E1,9.621392212E0,4.721182251E0,-1.159728333E1
1.771558108E1,7.916587372E0,4.221521301E0,-9.860894165E0
1.772559508E1,5.969436493E0,3.435356140E0,-8.105045471E0
1.773560808E1,3.902983704E0,2.680326233E0,-6.775061188E0
1.774562108E1,2.026485901E0,2.176623688E0,-5.596711578E0
1.775563508E1,3.436853027E-1,1.937271423E0,-4.950655060E0
1.776564808E1,-1.069525909E0,1.592987366E0,-4.521497498E0
1.777566108E1,-2.520458679E0,1.038240967E0,-4.318968658E0
1.778567408E1,-2.867287445E0,1.014889526E0,-4.226910095E0
1.779568808E1,-2.325414276E0,1.352437592E0,-3.667523346E0
1.780570108E1,-1.754501495E0,1.663490753E0,-2.461930389E0
1.781571408E1,-1.941612396E0,1.531614990E0,-4.951702881E-1
1.782572708E1,-2.918331299E0,8.918453979E-1,1.591340790E0
1.783574108E1,-3.949087830E0,4.471202087E-1,3.188519440E0
1.784575408E1,-4.462819519E0,5.420228577E-1,3.893403625E0
1.785576708E1,-4.395908661E0,8.358618164E-1,3.879482574E0
1.786578108E1,-4.138743439E0,1.125958557E0,3.679797821E0
1.787579408E1,-4.123624878E0,1.474733276E0,3.262315979E0
1.788580708E1,-4.143084412E0,2.003733215E0,2.420017548E0
1.789582008E1,-3.390150146E0,2.908002777E0,1.659000092E0
1.790583408E1,-2.015109558E0,4.534221039E0,1.111139374E0
1.791584708E1,-1.892215118E0,5.322332153E0,1.143023071E0
1.792586008E1,-3.485202484E0,4.877008209E0,1.917811890E0
1.793587408E1,-4.763394470E0,4.124972076E0,2.888842621E0
1.794588708E1,-5.750741272E0,3.176843719E0,3.983216858E0
1.795590008E1,-6.851252747E0,2.243684235E0,5.068011017E0
1.796591308E1,-6.763385468E0,1.583407288E0,5.457201691E0
1.797592708E1,-5.249583435E0,1.232686615E0,5.166805573E0
1.798594008E1,-2.488125916E0,1.552421722E0,4.840334473E0
1.799595308E1,8.029302979E-1,2.432741089E0,5.009033661E0
1.800596608E1,3.257825317E0,3.488795013E0,5.802683258E0
1.801598008E1,4.139940948E0,4.334685974E0,6.703959045E0
1.802599308E1,4.292024689E0,5.016518097E0,7.015012207E0
1.803600608E1,4.607269135E0,5.205874329E0,6.404581604E0
1.804602008E1,4.681814117E0,4.368964691E0,4.414470062E0
1.805603308E1,5.014871521E0,3.711531830E0,1.653311920E0
1.806604608E1,6.804699554E0,3.793860626E0,4.323010254E-1
1.807605908E1,9.347012787E0,4.650229797E0,2.176473999E-1
1.808607308E1,1.116617981E1,5.710924072E0,9.798623657E-1
1.809608608E1,1.239332794E1,6.475384369E0,2.364333344E0
1.810609908E1,1.320523956E1,6.318959656E0,2.828518066E0
1.811611308E1,1.283730469E1,5.578599243E0,2.218237152E0
1.812612621E1,1.215292786E1,5.346432037E0,1.164129181E0
1.813613921E1,1.236533615E1,5.775439911E0,7.641609192E-1
1.814615221E1,1.332738556E1,5.999074860E0,5.080435181E-1
1.815616621E1,1.431802551E1,6.002517700E0,8.584648132E-1
1.816617921E1,1.537123535E1,5.933660889E0,2.924917603E-1
1.817619221E1,1.598391129E1,5.125341797E0,-1.521136780E0
1.818620521E1,1.556807602E1,4.221820679E0,-4.136797485E0
1.819621921E1,1.589888809E1,4.105362854E0,-5.552553406E0
1.820623221E1,1.690180252E1,4.286785583E0,-5.694757690E0
1.821624521E1,1.762689468E1,4.280648346E0,-5.826783142E0
1.822625921E1,1.691302917E1,3.669469299E0,-5.568420410E0
1.823627221E1,1.429332687E1,2.212399292E0,-5.236410828E0
1.824628521E1,1.153516251E1,1.214125214E0,-5.003046112E0
1.825629821E1,8.810378723E0,1.575623474E0,-4.498295746E0
1.826631221E1,6.976542206E0,2.067799988E0,-5.341043243E0
1.827632521E1,7.025640106E0,1.878144379E0,-7.027286682E0
1.828633821E1,7.701185303E0,1.545086975E0,-9.460476837E0
1.829635221E1,8.372539215E0,1.764680328E0,-1.205967178E1
1.830636521E1,9.210197296E0,2.487377472E0,-1.490270966E1
1.831637821E1,9.701625366E0,2.915936279E0,-1.747076935E1
1.832639121E1,1.025203079E1,3.582200775E0,-1.921134979E1
1.833640521E1,1.139280853E1,4.304448853E0,-1.921928329E1
1.834641821E1,1.249242188E1,4.795278168E0,-1.748693573E1
1.835643121E1,1.344743591E1,4.702920227E0,-1.483789444E1
1.836644421E1,1.398736313E1,4.478985901E0,-1.221415054E1
1.837645821E1,1.419992111E1,4.225862274E0,-1.016521133E1
1.838647121E1,1.481289642E1,4.086053009E0,-9.139843597E0
1.839648421E1,1.583257599E1,4.080215149E0,-8.541687469E0
1.840649821E1,1.709205688E1,4.357738037E0,-7.577392731E0
1.841651121E1,1.830528397E1,4.611759796E0,-6.237978058E0
1.842652421E1,1.917213135E1,4.683161316E0,-4.697082367E0
1.843653721E1,1.957988342E1,4.684358826E0,-3.385060730E0
1.844655121E1,1.961940125E1,4.922064514E0,-2.326312408E0
1.845656421E1,2.000200562E1,4.875661011E0,-1.095272369E0
1.846657721E1,2.005574387E1,4.370311890E0,-6.466552734E-2
1.847659021E1,1.953812027E1,3.905229034E0,5.761518860E-1
1.848660421E1,1.858714783E1,3.124602356E0,1.730102234E0
1.849661721E1,1.694042221E1,1.880689087E0,2.944826202E0
1.850663021E1,1.436472839E1,1.042432251E0,3.502566376E0
1.851664421E1,1.186732178E1,8.177494812E-1,3.702101440E0
1.852665721E1,9.784852295E0,9.428892517E-1,3.593427429E0
1.853667021E1,7.932304688E0,1.200802917E0,3.249143372E0
1.854668321E1,5.996230774E0,5.894741821E-1,2.643652496E0
1.855669721E1,4.711901550E0,9.677375793E-1,2.332150269E0
1.856671021E1,4.457580414E0,1.769620056E0,2.049687653E0
1.857672321E1,4.365521851E0,1.971101074E0,1.322799225E0
1.858673621E1,4.780009918E0,2.353106689E0,1.117575989E0
1.859675021E1,5.148992615E0,3.719764709E0,1.956281891E0
1.860676321E1,4.790787506E0,4.885690155E0,1.883682861E0
1.861677621E1,4.178261261E0,5.347779236E0,8.508306885E-1
1.862679021E1,2.910098419E0,5.584736481E0,3.140469360E-1
1.863680321E1,1.416204987E0,5.317093048E0,3.106040955E-1
1.864681621E1,8.394543457E-1,4.966671753E0,1.338666229E0
1.865682921E1,9.343569946E-1,5.091961212E0,2.833607483E0
1.866684321E1,1.222358093E0,5.267995148E0,3.208577728E0
1.867685621E1,1.853445740E0,5.172793121E0,3.076851654E0
1.868686921E1,1.956880646E0,5.923332367E0,2.455942841E0
1.869688321E1,2.016905823E0,7.530540161E0,9.824070740E-1
1.870689621E1,2.059118042E0,8.634045410E0,-6.655160522E-1
1.871690921E1,1.802701263E0,9.079219666E0,-1.439257050E0
1.872692221E1,1.214125214E0,9.256451111E0,-7.815248108E-1
1.873693621E1,3.540138245E-1,8.760233002E0,5.147795105E-1
1.874694921E1,-3.109034729E-1,7.970625000E0,1.833686829E0
1.875696221E1,-2.562670898E-1,7.709268494E0,3.013084259E0
1.876697521E1,-3.245251465E-1,7.501201172E0,3.544329529E0
1.877698921E1,-3.854484558E-1,7.791447601E0,3.286415863E0
1.878700221E1,1.511856079E-2,8.384664001E0,2.595003662E0
1.879701521E1,4.700225830E-1,9.041797485E0,2.558180237E0
1.880702921E1,3.251239014E-1,9.572593689E0,3.176095276E0
1.881704221E1,-5.448669434E-2,9.516310730E0,3.193309479E0
1.882705521E1,-5.201683044E-1,9.456884308E0,2.571652222E0
1.883706821E1,-9.936337280E-1,9.393416290E0,1.910626831E0
1.884708221E1,-1.200952606E0,9.260792084E0,1.825154572E0
1.885709521E1,-1.210832062E0,9.078321533E0,2.204765167E0
1.886710821E1,-1.338217163E0,8.995543671E0,2.408491516E0
1.887712121E1,-1.711690521E0,8.896449738E0,2.169139252E0
1.888713521E1,-1.945354614E0,8.691525879E0,2.420915680E0
1.889714821E1,-1.889969788E0,8.539142761E0,3.260519714E0
1.890716121E1,-1.502276001E0,8.538394318E0,4.032165070E0
1.891717521E1,-1.071771240E0,8.557704163E0,4.142785034E0
1.892718821E1,-8.517288208E-1,8.629255371E0,3.714974670E0
1.893720121E1,-1.320553894E0,8.702752533E0,3.142115936E0
1.894721421E1,-2.082768860E0,8.700058136E0,2.587219849E0
1.895722821E1,-2.415377197E0,8.684191132E0,2.210453339E0
1.896724121E1,-2.408341827E0,8.584648132E0,2.452500000E0
1.897725421E1,-2.122436371E0,8.709937592E0,3.302133179E0
1.898726821E1,-1.478026428E0,8.932674408E0,4.383484497E0
1.899728121E1,-1.198557587E0,8.954229584E0,4.711302795E0
1.900729421E1,-1.182989960E0,8.950487366E0,4.517904968E0
1.901730721E1,-1.196461945E0,8.875493317E0,3.897894287E0
1.902732121E1,-1.130598907E0,8.917406158E0,3.301534424E0
1.903733421E1,-1.153351593E0,9.139095154E0,2.950813751E0
1.904734721E1,-9.620494080E-1,9.299711151E0,3.006947021E0
1.905736021E1,1.233435059E-1,9.610464935E0,3.856729889E0
1.906737421E1,1.141077118E0,1.022808060E1,4.716990967E0
1.907738721E1,1.270557861E0,1.053134995E1,4.431833954E0
1.908740021E1,6.524931335E-1,1.018541931E1,3.829486542E0
1.909741321E1,-4.340972900E-3,9.725425873E0,3.614234161E0
1.910742721E1,-4.564009094E-1,9.418414307E0,3.872447205E0
1.911744021E1,-1.066382446E0,8.941506042E0,4.261787567E0
1.912745258E1,-1.418450317E0,8.480315094E0,4.418212280E0
1.913746658E1,-1.170865173E0,8.499026184E0,4.363276520E0
1.914747958E1,-3.267704773E-1,8.993298340E0,4.354744263E0
1.915749258E1,7.741900635E-1,9.739646301E0,4.324207764E0
1.916750558E1,1.331630859E0,9.986183624E0,4.471202087E0
1.917751958E1,1.332978058E0,9.890233154E0,4.252057800E0
1.918753258E1,9.379495239E-1,9.835596771E0,3.946094055E0
1.919754558E1,4.698728943E-1,9.642049255E0,3.571273499E0
1.920755958E1,2.284249878E-1,9.454938354E0,3.068169708E0
1.921757258E1,1.315763855E-1,9.180259552E0,3.081342316E0
1.922758558E1,1.948947144E-1,8.972641296E0,3.565884705E0
1.923759858E1,5.096900940E-1,8.982520752E0,4.199217682E0
1.924761258E1,6.486012268E-1,9.094338226E0,4.451293488E0
1.925762558E1,4.086502075E-1,9.020391998E0,4.159550171E0
1.926763858E1,-4.490661621E-4,8.976383514E0,3.693120117E0
1.927765158E1,-9.714797974E-2,9.018595734E0,3.401227112E0
1.928766558E1,1.784289551E-1,9.184001770E0,3.176694031E0
1.929767858E1,4.528083801E-1,9.266480255E0,3.224295044E0
1.930769158E1,8.848100281E-1,9.376052399E0,3.525169373E0
1.931770558E1,1.135838013E0,9.435478821E0,3.960464172E0
1.932771858E1,1.145867157E0,9.417366486E0,4.349804535E0
1.933773158E1,8.767268372E-1,9.318571930E0,4.691394196E0
1.934774458E1,3.281176758E-1,9.017996979E0,4.618196411E0
1.935775858E1,-1.216969299E-1,8.831035767E0,4.281396790E0
1.936777158E1,-3.035687256E-1,8.850644989E0,3.922592926E0
1.937778458E1,-2.568658447E-1,8.770411835E0,3.421285400E0
1.938779758E1,-1.613644409E-1,8.719218292E0,3.193758545E0
1.939781158E1,1.040336609E-1,8.880732422E0,3.023113403E0
1.940782458E1,6.692582703E-1,9.056317291E0,3.191513214E0
1.941783758E1,9.990225220E-1,9.234746246E0,3.450624390E0
1.942785058E1,1.098715210E0,9.326505432E0,3.488345947E0
1.943786458E1,9.057664490E-1,9.281149750E0,3.509751434E0
1.944787758E1,6.092330933E-1,9.080716553E0,3.581302643E0
1.945789058E1,2.827619934E-1,8.885223083E0,3.832330627E0
1.946790458E1,1.550775146E-1,8.716074829E0,4.042493591E0
1.947791758E1,1.745370483E-1,8.652606812E0,4.404590607E0
1.948793058E1,1.695973206E-1,8.682095490E0,4.622687073E0
1.949794358E1,2.411485291E-1,8.776249695E0,4.559219055E0
1.950795758E1,3.791615295E-1,8.856333160E0,4.496200104E0
1.951797058E1,6.274951172E-1,9.005123749E0,4.391268311E0
1.952798358E1,9.294172668E-1,9.144633636E0,4.308041382E0
1.953799658E1,1.025068359E0,9.217382355E0,4.328399048E0
1.954801058E1,1.016685791E0,9.248816986E0,4.337080994E0
1.955802358E1,8.545729065E-1,9.075028381E0,4.403393097E0
1.956803658E1,6.864724731E-1,8.935817871E0,4.637506256E0
1.957805058E1,5.301974487E-1,8.892108765E0,4.585564270E0
1.958806358E1,4.939727783E-1,8.973539429E0,4.332590332E0
1.959807658E1,4.827461243E-1,9.040749664E0,4.141587524E0
1.960808958E1,5.736071777E-1,9.035061493E0,3.979474640E0
1.961810358E1,8.018824768E-1,9.108408966E0,3.896846466E0
1.962811658E1,9.770182800E-1,9.137747955E0,3.890110474E0
1.963812958E1,1.080303497E0,9.050479431E0,3.950285339E0
1.964814258E1,1.027164001E0,8.940308533E0,3.992796936E0
1.965815658E1,8.952882385E-1,8.908574524E0,4.050576782E0
1.966816958E1,9.413923645E-1,8.902736664E0,4.009262695E0
1.967818258E1,1.011746063E0,9.031768341E0,4.051923981E0
1.968819658E1,8.075706482E-1,9.132209473E0,2.750230865E0
1.969820958E1,8.240364075E-1,9.396110687E0,9.604028320E-1
1.970822258E1,7.141648865E-1,9.155860291E0,3.454366608E0
1.971823558E1,4.718188477E-1,8.601113892E0,3.796105957E0
1.972824958E1,1.899549866E-1,8.464448090E0,4.323908386E0
1.973826258E1,3.001258850E-1,8.376281433E0,4.881798248E0
1.974827558E1,6.224057007E-1,8.280630341E0,5.232668610E0
1.975828858E1,5.801934814E-1,8.369395752E0,5.430706787E0
1.976830258E1,8.680448914E-1,8.433761902E0,5.303621063E0
1.977831558E1,8.405021667E-1,8.685089264E0,4.565955048E0
1.978832858E1,6.432124329E-1,8.935069427E0,3.282523956E0
1.979834258E1,7.685018921E-1,9.178912354E0,2.904110870E0