"Time (s)","X (rad/s)","Y (rad/s)","Z (rad/s)"
8.385833335E-4,-9.033405222E-4,1.672336832E-2,7.115144283E-2
1.085158333E-2,-1.625060476E-2,5.984820426E-2,6.143968925E-2
2.086458333E-2,-2.864270657E-2,9.105423838E-2,5.624171719E-2
3.087758333E-2,-4.763073474E-2,6.959222257E-2,5.457456037E-2
4.089158333E-2,-5.581089854E-2,5.139484257E-2,5.464726686E-2
5.090458333E-2,-5.079521239E-2,3.212241083E-2,5.250074714E-2
6.091758333E-2,-2.304187790E-2,2.485464513E-2,5.759164691E-2
7.093058333E-2,5.172765348E-3,-2.093142830E-4,6.992018223E-2
8.094458333E-2,2.722347341E-2,-2.201660909E-2,7.631203532E-2
9.095758333E-2,1.541298442E-2,-1.506525185E-2,6.973381341E-2
1.009705833E-1,-2.738294937E-2,1.553047448E-2,5.777142197E-2
1.109837083E-1,-7.568491995E-2,7.905951887E-2,4.536506906E-2
1.209977083E-1,-9.865761548E-2,9.995201975E-2,4.094848409E-2
1.310107083E-1,-7.989543676E-2,7.479727268E-2,4.533368349E-2
1.410237083E-1,-3.229995072E-2,3.473295271E-2,4.023905843E-2
1.510367083E-1,1.991129853E-2,2.669235691E-4,3.642216697E-2
1.610497083E-1,4.295590147E-2,-5.404011346E-3,3.252755851E-2
1.710637083E-1,1.957687363E-2,3.947537765E-2,3.448714316E-2
1.810767083E-1,-3.161361068E-2,1.192756668E-1,4.003024846E-2
1.910897083E-1,-6.783115119E-2,1.733862162E-1,3.938308358E-2
2.011027083E-1,-6.183185056E-2,1.700748503E-1,3.546237946E-2
2.111167083E-1,-2.290395088E-2,1.140138879E-1,3.341834992E-2
2.211297083E-1,3.516228124E-2,3.323887661E-2,3.428121656E-2
2.311427083E-1,8.963520080E-2,-2.084167302E-2,4.929433018E-2
2.411557083E-1,1.100517884E-1,-2.721568197E-2,6.942729652E-2
2.511697083E-1,9.688583761E-2,-7.825009525E-4,9.505943954E-2
2.611827083E-1,5.644147843E-2,8.095124364E-2,1.128786504E-1
2.711957083E-1,-1.926362631E-3,1.417196691E-1,1.064787656E-1
2.812087083E-1,-4.377021641E-2,1.261236668E-1,8.688988537E-2
2.912227083E-1,-5.134339631E-2,5.714232475E-2,6.535206735E-2
3.012357083E-1,-3.324508667E-2,1.398260333E-2,4.560526088E-2
3.112487083E-1,-2.155880071E-2,1.071523689E-2,3.713963181E-2
3.212617083E-1,-2.404912189E-2,4.652542993E-2,4.674618691E-2
3.312747083E-1,-4.196111485E-2,9.296807647E-2,5.737403035E-2
3.412887083E-1,-5.149416625E-2,9.709225595E-2,6.304922700E-2
3.513017083E-1,-4.821633548E-2,6.286764890E-2,6.335875392E-2
3.613147083E-1,-2.861147560E-2,4.408011585E-2,6.032435223E-2
3.713277083E-1,-1.970881410E-2,6.076142192E-2,5.383418128E-2
3.813417083E-1,-3.429574519E-2,8.880264312E-2,5.874850973E-2
3.913547083E-1,-5.223914236E-2,8.371146023E-2,6.960970163E-2
4.013677083E-1,-5.533639714E-2,5.056895316E-2,7.662393153E-2
4.113807083E-1,-4.098966345E-2,4.078815505E-2,7.545964420E-2
4.213947083E-1,-3.684924915E-2,7.147469372E-2,7.117088884E-2
4.314077083E-1,-6.999652088E-2,1.355297863E-1,7.126376778E-2
4.414207083E-1,-1.188676581E-1,1.668264568E-1,8.077284694E-2
4.514337083E-1,-1.252530217E-1,1.864485741E-1,9.163591266E-2
4.614477083E-1,-1.004696414E-1,1.939949095E-1,1.044651568E-1
4.714607083E-1,-5.643074214E-2,1.587901115E-1,1.262280196E-1
4.814737083E-1,-5.664503202E-3,1.047761515E-1,1.438996792E-1
4.914867083E-1,2.615624107E-2,5.085683614E-2,1.712229103E-1
5.015007083E-1,3.744138405E-2,4.805465788E-2,1.931428611E-1
5.115137083E-1,2.062217100E-3,1.372169107E-1,1.967146397E-1
5.215267083E-1,-5.132617429E-2,2.624981403E-1,2.121958733E-1
5.315397083E-1,-8.431141078E-2,3.060643375E-1,2.388464063E-1
5.415537083E-1,-7.339750975E-2,2.734824419E-1,2.731436789E-1
5.515667083E-1,-2.907128446E-2,2.255238444E-1,3.004099131E-1
5.615797083E-1,4.042576998E-2,1.490495801E-1,3.127632439E-1
5.715927083E-1,1.166949645E-1,7.919089496E-2,3.401640058E-1
5.816067083E-1,1.726298630E-1,1.194527838E-2,3.645902574E-1
5.916197083E-1,2.375620902E-1,-3.380889073E-2,3.896763921E-1
6.016327083E-1,2.702579796E-1,-2.658399940E-2,4.120205641E-1
6.116457083E-1,2.456365228E-1,4.033165053E-2,4.174057543E-1
6.216587083E-1,2.330323160E-1,1.016575918E-1,4.050963521E-1
6.316727083E-1,2.749267519E-1,1.482523829E-1,3.680584729E-1
6.416857083E-1,3.649218678E-1,9.127219766E-2,3.305411935E-1
6.516987083E-1,5.134818554E-1,-1.271310821E-2,3.470440209E-1
6.617117083E-1,6.997750401E-1,-1.526385248E-1,3.639313877E-1
6.717257083E-1,8.998776078E-1,-2.892629206E-1,3.644224405E-1
6.817387083E-1,1.124884844E0,-4.155817032E-1,4.201222062E-1
6.917517083E-1,1.311293483E0,-4.863537848E-1,5.028024912E-1
7.017647083E-1,1.402139544E0,-5.630227327E-1,5.367950201E-1
7.117787083E-1,1.458049536E0,-7.232964635E-1,5.157338977E-1
7.217917083E-1,1.505112648E0,-7.908009291E-1,4.890285730E-1
7.318047083E-1,1.565177917E0,-9.430896640E-1,4.529089332E-1
7.418177083E-1,1.695274711E0,-1.169019699E0,4.324388206E-1
7.518317083E-1,1.794009447E0,-1.448537111E0,4.316643476E-1
7.618447083E-1,1.840908527E0,-1.618084669E0,4.573217630E-1
7.718577083E-1,1.869982719E0,-1.677937627E0,4.798874855E-1
7.818707083E-1,1.867507577E0,-1.603270292E0,5.055049658E-1
7.918847083E-1,1.828411698E0,-1.479868650E0,5.723402500E-1
8.018977083E-1,1.799968958E0,-1.434923887E0,6.607928872E-1
8.119107083E-1,1.738245249E0,-1.542883277E0,7.077132463E-1
8.219237083E-1,1.588126302E0,-1.649483800E0,6.626078486E-1
8.319377083E-1,1.350761294E0,-1.742546082E0,5.368278027E-1
8.419507083E-1,1.092036247E0,-1.753983021E0,4.021541476E-1
8.519637083E-1,8.874688148E-1,-1.615300298E0,2.752387524E-1
8.619767083E-1,7.373530269E-1,-1.392658234E0,1.613516062E-1
8.719897083E-1,6.328907609E-1,-1.174371004E0,8.684785664E-2
8.820037083E-1,5.861690640E-1,-9.682915807E-1,4.181646183E-2
8.920167083E-1,6.157792807E-1,-8.917141557E-1,9.161090851E-2
9.020297083E-1,7.728016973E-1,-1.037886858E0,2.215247005E-1
9.120427083E-1,9.876619577E-1,-1.380821824E0,3.309161067E-1
9.220567083E-1,1.127745748E0,-1.728957415E0,4.111587405E-1
9.320697083E-1,1.112377286E0,-1.951964140E0,4.290816486E-1
9.420827083E-1,9.072929621E-1,-2.062509537E0,3.397363126E-1
9.520957083E-1,5.322093964E-1,-2.086441278E0,1.423800737E-1
9.621097083E-1,1.465591490E-1,-1.989840388E0,-3.990077600E-2
9.721227083E-1,-9.239026904E-2,-1.820900440E0,-9.234374017E-2
9.821357083E-1,-2.453065813E-1,-1.685197473E0,2.230374701E-2
9.921487083E-1,-4.227884412E-1,-1.435874939E0,1.694444120E-1
1.002162708E0,-5.981554985E-1,-1.079845905E0,3.133115768E-1
1.012175708E0,-6.507776976E-1,-7.631493211E-1,4.535600543E-1
1.022188708E0,-5.382280350E-1,-5.732486248E-1,5.947637558E-1
1.032201708E0,-3.239744306E-1,-7.366675735E-1,7.804284692E-1
1.042215708E0,-1.660982370E-1,-9.848268032E-1,9.371456504E-1
1.052228708E0,-1.608529985E-1,-1.115860939E0,9.882186651E-1
1.062241708E0,-2.383496463E-1,-1.104069471E0,9.442890286E-1
1.072254708E0,-3.489151895E-1,-9.757958055E-1,8.885741234E-1
1.082268708E0,-5.323401093E-1,-7.605985403E-1,8.372912407E-1
1.092281708E0,-7.248750329E-1,-4.567268491E-1,8.064373732E-1
1.102294708E0,-8.481509089E-1,-2.277487963E-1,8.227643967E-1
1.112307083E0,-9.133856893E-1,-8.570138365E-2,8.666564822E-1
1.122321083E0,-9.337769747E-1,-1.318321563E-3,9.407138824E-1
1.132334083E0,-9.410598278E-1,1.937818527E-2,1.088443041E0
1.142347083E0,-9.173116088E-1,-5.323902518E-2,1.302698612E0
1.152360083E0,-8.422818780E-1,-1.938828677E-1,1.537872791E0
1.162373083E0,-8.615013957E-1,-2.372889221E-1,1.710127592E0
1.172387083E0,-9.904880524E-1,-1.300290227E-1,1.781786203E0
1.182400083E0,-1.106948495E0,3.611120582E-2,1.792710304E0
1.192413083E0,-1.247831583E0,2.548628449E-1,1.822610259E0
1.202426083E0,-1.400743365E0,3.922508061E-1,1.826593995E0
1.212440083E0,-1.428761840E0,3.207909465E-1,1.853291035E0
1.222453083E0,-1.279641032E0,7.609783858E-2,2.004301786E0
1.232466083E0,-1.186797976E0,-3.235766888E-1,2.245809317E0
1.242479083E0,-1.227240205E0,-5.437676907E-1,2.506160259E0
1.252493083E0,-1.319237947E0,-5.091934800E-1,2.703664064E0
1.262506083E0,-1.470505714E0,-1.334486157E-1,2.851281404E0
1.272519083E0,-1.753137946E0,3.146806061E-1,2.891854286E0
1.282532083E0,-1.958069444E0,6.216977835E-1,2.835094929E0
1.292546083E0,-1.975573778E0,5.818766952E-1,2.806383610E0
1.302559083E0,-1.827722788E0,3.198373616E-1,2.787116528E0
1.312572083E0,-1.588783503E0,8.061275631E-2,2.713127851E0
1.322585083E0,-1.360025167E0,-8.927694708E-2,2.561586142E0
1.332599083E0,-1.143168807E0,-3.114904463E-1,2.379059315E0
1.342612083E0,-1.118233681E0,-6.060438156E-1,2.100385427E0
1.352625083E0,-1.299859285E0,-6.840823293E-1,1.648352385E0
1.362638083E0,-1.557835221E0,-4.818820655E-1,1.055292845E0
1.372652083E0,-1.751561761E0,-7.446877658E-2,5.116031170E-1
1.382665083E0,-1.806688309E0,2.455838025E-1,8.266828954E-2
1.392678083E0,-1.692434549E0,2.780228853E-1,-2.872826159E-1
1.402691083E0,-1.361225963E0,1.354304515E-2,-5.908545256E-1
1.412704083E0,-8.890728951E-1,-3.138709068E-1,-8.942681551E-1
1.422718083E0,-3.750042021E-1,-5.513615012E-1,-1.271128893E0
1.432731083E0,5.678420141E-2,-6.292650104E-1,-1.713922501E0
1.442744083E0,3.105176687E-1,-6.063463688E-1,-2.137752533E0
1.452757083E0,3.753539622E-1,-6.139897108E-1,-2.480785131E0
1.462771083E0,1.911700070E-1,-5.428383350E-1,-2.830284119E0
1.472784083E0,-1.445310265E-1,-2.192019671E-1,-3.176898718E0
1.482797083E0,-3.549596369E-1,1.690544337E-1,-3.430200815E0
1.492810083E0,-3.560416698E-1,3.047631979E-1,-3.549253464E0
1.502824083E0,-2.366710603E-1,2.660879791E-1,-3.606040239E0
1.512837083E0,1.994892396E-2,5.785516277E-2,-3.625567198E0
1.522850083E0,3.724598289E-1,-4.054107666E-1,-3.629476547E0
1.532863083E0,7.681325674E-1,-9.290884137E-1,-3.553682327E0
1.542877083E0,9.355500340E-1,-1.255220175E0,-3.390951157E0
1.552890083E0,8.938280344E-1,-1.317788720E0,-3.194221258E0
1.562903083E0,7.616755962E-1,-1.168043733E0,-2.909614325E0
1.572916083E0,5.733134151E-1,-9.698097110E-1,-2.540135860E0
1.582930083E0,5.449228287E-1,-8.015184402E-1,-2.113878012E0
1.592943083E0,7.080367208E-1,-6.654233336E-1,-1.636199832E0
1.602956083E0,8.649927974E-1,-5.371021032E-1,-1.173150897E0
1.612969083E0,9.975912571E-1,-3.653516471E-1,-7.538679242E-1
1.622983083E0,1.077326298E0,-1.624142230E-1,-3.887317777E-1
1.632996083E0,1.098581553E0,5.500020832E-2,-1.052683890E-1
1.643009083E0,1.055822730E0,1.974865198E-1,9.413259476E-2
1.653022083E0,9.598535895E-1,1.714535207E-1,2.546836734E-1
1.663036083E0,7.891473770E-1,9.583678842E-2,3.472293317E-1
1.673049083E0,6.415247321E-1,8.245046437E-2,4.738584459E-1
1.683062083E0,5.840068460E-1,4.662908241E-2,6.925469041E-1
1.693075083E0,5.957937241E-1,3.056847723E-3,1.004462361E0
1.703089083E0,5.368614197E-1,1.065111812E-2,1.427149415E0
1.713102083E0,3.723739982E-1,1.698112339E-1,1.891767502E0
1.723115083E0,1.826831698E-1,3.702769578E-1,2.294177294E0
1.733128083E0,1.892069587E-3,4.406299889E-1,2.579762936E0
1.743141083E0,-1.783789098E-1,3.546490371E-1,2.605311632E0
1.753155083E0,-3.169287741E-1,1.330552697E-1,2.393860340E0
1.763168083E0,-3.502568901E-1,-1.117153242E-1,2.134203196E0
1.773181083E0,-3.946129084E-1,-2.916888297E-1,1.937313676E0
1.783194083E0,-4.672809839E-1,-3.413701057E-1,1.836371541E0
1.793208083E0,-5.333439708E-1,-2.901661396E-1,1.787732005E0
1.803221083E0,-6.365023255E-1,-1.550554633E-1,1.646338463E0
1.813234083E0,-7.221788168E-1,8.844047785E-2,1.322711706E0
1.823247083E0,-7.766505480E-1,3.875853717E-1,8.885357380E-1
1.833261083E0,-8.303298950E-1,5.249760151E-1,3.990624845E-1
1.843274083E0,-7.671282887E-1,3.066609800E-1,-8.863103390E-2
1.853287083E0,-5.624262691E-1,-1.581822634E-1,-5.347976685E-1
1.863300083E0,-2.618906796E-1,-5.750300884E-1,-9.364888668E-1
1.873314083E0,9.476716816E-2,-7.301340699E-1,-1.246297598E0
1.883327083E0,4.538656771E-1,-7.135910392E-1,-1.396789551E0
1.893340083E0,7.663514018E-1,-6.581599116E-1,-1.471901417E0
1.903353083E0,1.007846475E0,-5.729736090E-1,-1.513810992E0
1.913367083E0,1.172488451E0,-5.171859264E-1,-1.537690520E0
1.923380083E0,1.308106542E0,-4.736083150E-1,-1.517472863E0
1.933393083E0,1.454117537E0,-4.484139979E-1,-1.470664024E0
1.943406083E0,1.627503991E0,-4.280141890E-1,-1.436612844E0
1.953420083E0,1.778311729E0,-4.562621713E-1,-1.450074434E0
1.963433083E0,1.804934978E0,-4.799954593E-1,-1.509529710E0
1.973446083E0,1.675592422E0,-4.328444898E-1,-1.570910811E0
1.983459083E0,1.544420242E0,-4.562731385E-1,-1.610996962E0
1.993473083E0,1.554130793E0,-5.663319230E-1,-1.594532013E0
2.003486083E0,1.637841463E0,-6.848958731E-1,-1.516987324E0
2.013499083E0,1.657979846E0,-5.935000181E-1,-1.358509541E0
2.023512083E0,1.547538519E0,-3.118672371E-1,-1.135963798E0
2.033526083E0,1.347551584E0,4.387362860E-3,-8.936673999E-1
2.043539083E0,1.214839339E0,1.626113504E-1,-6.700529456E-1
2.053552083E0,1.177360773E0,2.022348195E-1,-5.037606359E-1
2.063565083E0,1.149829030E0,1.836851090E-1,-3.993803859E-1
2.073579083E0,1.035845995E0,1.617099196E-1,-3.001901805E-1
2.083592083E0,8.372012973E-1,1.704794317E-1,-1.603744775E-1
2.093605083E0,6.384501457E-1,1.684350669E-1,8.166134357E-2
2.103618083E0,4.573090672E-1,1.968054622E-1,4.019549489E-1
2.113632083E0,2.899774909E-1,2.819198668E-1,7.215480804E-1
2.123645083E0,2.124462277E-1,3.957809210E-1,1.053397179E0
2.133658083E0,2.380165309E-1,3.567872941E-1,1.418527722E0
2.143671083E0,3.141163588E-1,2.672347724E-1,1.733924270E0
2.153684083E0,3.739134371E-1,1.510488689E-1,1.972543240E0
2.163698083E0,3.745861650E-1,6.512862444E-2,2.122079611E0
2.173711083E0,2.614248991E-1,5.220424011E-2,2.168989658E0
2.183724083E0,6.566099823E-2,9.038970619E-2,2.196488857E0
2.193737083E0,-1.189440563E-1,1.039240956E-1,2.202935934E0
2.203751083E0,-2.671897411E-1,8.934781700E-2,2.080962658E0
2.213764083E0,-3.631382883E-1,1.033721268E-1,1.867907166E0
2.223777083E0,-4.334566593E-1,7.812295854E-2,1.643175483E0
2.233790083E0,-5.343502760E-1,-5.144323409E-2,1.405195117E0
2.243804083E0,-6.937162280E-1,-7.655178010E-2,1.154841185E0
2.253817083E0,-9.488882422E-1,3.115075640E-2,9.253504276E-1
2.263830083E0,-1.175440907E0,2.266832441E-1,6.443315744E-1
2.273843083E0,-1.272122145E0,4.039718211E-1,3.284743428E-1
2.283857083E0,-1.188475490E0,5.170560479E-1,4.644558951E-2
2.293870083E0,-9.508116245E-1,5.287124515E-1,-1.816478223E-1
2.303883083E0,-6.187183857E-1,4.107892811E-1,-3.673641384E-1
2.313896083E0,-3.047773540E-1,2.930365503E-1,-4.991543591E-1
2.323910083E0,-8.756539226E-2,2.303140461E-1,-5.522000194E-1
2.333923083E0,4.157656059E-2,1.931024045E-1,-5.314292908E-1
2.343936083E0,9.296225011E-2,1.621109396E-1,-4.847728014E-1
2.353949083E0,1.047475189E-1,1.651531160E-1,-4.486829340E-1
2.363963083E0,1.521781534E-1,1.451405287E-1,-4.381416142E-1
2.373976083E0,2.081551403E-1,5.429555476E-2,-4.713325799E-1
2.383989083E0,2.525476217E-1,-5.753537267E-2,-4.830616713E-1
2.394002083E0,2.796158493E-1,-1.728846729E-1,-4.520049691E-1
2.404016083E0,2.876628637E-1,-1.782269776E-1,-3.640940189E-1
2.414029083E0,2.841503322E-1,-1.395043880E-1,-2.653535903E-1
2.424042083E0,2.917363346E-1,-1.162568554E-1,-1.953414977E-1
2.434055083E0,2.602420747E-1,-7.000511140E-2,-1.597406417E-1
2.444069083E0,2.189798355E-1,-3.728604689E-2,-1.486363262E-1
2.454082083E0,2.070165128E-1,-6.452899426E-2,-1.593368500E-1
2.464095083E0,2.235494107E-1,-1.434357911E-1,-1.472437084E-1
2.474108083E0,2.312238663E-1,-1.784785092E-1,-1.460791528E-1
2.484122083E0,2.272008955E-1,-1.710810363E-1,-1.323849112E-1
2.494135083E0,2.062664777E-1,-9.809339046E-2,-1.013049856E-1
2.504148083E0,1.566896141E-1,2.332891151E-2,-5.103382468E-2
2.514161083E0,7.582297921E-2,1.375141442E-1,6.307980977E-3
2.524175083E0,3.144805878E-2,1.510097235E-1,1.581626385E-2
2.534188083E0,2.737567946E-2,1.202154458E-1,-1.758770831E-2
2.544201083E0,-1.924188994E-2,1.034026369E-1,-7.285229862E-2
2.554214083E0,-8.067612350E-2,8.087203652E-2,-1.167492121E-1
2.564228083E0,-1.175830066E-1,8.111865073E-2,-1.383690238E-1
2.574241083E0,-1.274518967E-1,8.384732157E-2,-1.380542368E-1
2.584254083E0,-8.356061578E-2,4.595380649E-2,-1.187146753E-1
2.594267083E0,-5.006172508E-2,1.378718317E-1,-6.515446305E-2
2.604281083E0,-9.826093912E-2,3.204720020E-1,5.274429917E-3
2.614294083E0,-1.554753333E-1,4.249131680E-1,6.171537191E-2
2.624307083E0,-1.697466820E-1,3.983518779E-1,9.198991954E-2
2.634320083E0,-1.166799366E-1,2.567812204E-1,9.474179894E-2
2.644334083E0,-3.971191496E-2,9.913460910E-2,8.455893397E-2
2.654347083E0,1.503580716E-2,-1.949466392E-2,5.934001878E-2
2.664360083E0,3.019904718E-2,-1.939160004E-2,4.123717919E-2
2.674373083E0,1.590478793E-2,1.983624883E-2,2.890969627E-2
2.684387083E0,8.998410776E-3,1.092158351E-2,1.851457916E-2
2.694400083E0,4.282918945E-2,-2.791536227E-2,6.807306781E-4
2.704413083E0,8.957325667E-2,-7.553428411E-2,-2.886783890E-2
2.714426083E0,5.307727680E-2,-9.311403334E-2,-7.734638453E-2
2.724440083E0,-4.781604558E-2,-8.345741034E-2,-1.366810650E-1
2.734453083E0,-1.023632586E-1,-9.356919676E-2,-1.710997522E-1
2.744466083E0,-7.002955675E-2,-7.461734116E-2,-1.744180471E-1
2.754479083E0,-2.742865495E-2,-6.973285228E-3,-1.497244835E-1
2.764492083E0,-3.274299204E-2,8.745015413E-2,-1.036286280E-1
2.774506083E0,-5.331771448E-2,1.247555092E-1,-6.495203823E-2
2.784519083E0,-3.734567016E-2,1.041762009E-1,-3.867063299E-2
2.794532083E0,3.722580522E-2,3.063849173E-2,-1.449525543E-2
2.804545083E0,1.773434877E-1,-3.852806613E-2,2.263027616E-2
2.814559083E0,3.292933404E-1,-1.005783826E-1,4.803203791E-2
2.824572083E0,4.073764384E-1,-5.585405976E-2,2.698425669E-4
2.834585083E0,3.275670409E-1,1.596059650E-1,-1.686409563E-1
2.844598083E0,1.764931083E-1,2.952120006E-1,-4.243265390E-1
2.854612083E0,1.438386738E-1,1.978031248E-1,-6.581483483E-1
2.864625083E0,2.117341012E-1,1.939075300E-3,-8.820253611E-1
2.874638083E0,3.089465499E-1,-1.105091423E-1,-1.101982474E0
2.884651083E0,3.759213388E-1,-1.719157696E-1,-1.293040276E0
2.894665083E0,3.939959109E-1,-1.791506708E-1,-1.436928749E0
2.904678083E0,3.750880063E-1,-1.544479877E-1,-1.494078636E0
2.914691083E0,3.402661681E-1,-1.384143680E-1,-1.537332773E0
2.924704083E0,3.080885112E-1,-1.753883660E-1,-1.552025437E0
2.934718083E0,2.756622136E-1,-2.385609150E-1,-1.558750033E0
2.944731083E0,2.344396710E-1,-2.748824358E-1,-1.605340719E0
2.954744083E0,2.029155642E-1,-3.993252814E-1,-1.651958227E0
2.964757083E0,1.557994485E-1,-5.432882905E-1,-1.731455445E0
2.974771083E0,1.197166145E-1,-6.695950031E-1,-1.794163346E0
2.984784083E0,1.858809888E-1,-8.307346106E-1,-1.839014649E0
2.994797083E0,3.330666721E-1,-1.021923065E0,-1.870052457E0
3.004810083E0,4.766616523E-1,-1.075767994E0,-1.868827462E0
3.014824083E0,5.441242456E-1,-1.065145016E0,-1.839697003E0
3.024837083E0,5.553817153E-1,-1.118133068E0,-1.841692448E0
3.034850083E0,5.503355265E-1,-1.132893920E0,-1.771367431E0
3.044863083E0,5.708988905E-1,-1.184712052E0,-1.709413528E0
3.054877083E0,6.806552410E-1,-1.377974153E0,-1.681986451E0
3.064890083E0,8.071841598E-1,-1.736903548E0,-1.624458671E0
3.074903083E0,8.903431296E-1,-2.070684195E0,-1.561022282E0
3.084916083E0,8.736925125E-1,-2.146291256E0,-1.424551249E0
3.094930083E0,7.248314023E-1,-2.025925875E0,-1.236403942E0
3.104944333E0,5.196186304E-1,-1.833341122E0,-1.061532259E0
3.114957333E0,2.724810839E-1,-1.670203805E0,-9.146509171E-1
3.124970333E0,3.437555581E-2,-1.544404387E0,-8.073713183E-1
3.134984333E0,-1.483310312E-1,-1.490404367E0,-7.370356321E-1
3.144997333E0,-2.617186010E-1,-1.618388653E0,-7.032984495E-1
3.155010333E0,-2.984662354E-1,-1.897829413E0,-7.472003698E-1
3.165023333E0,-3.179168999E-1,-2.128025770E0,-7.873036265E-1
3.175037333E0,-4.440654516E-1,-1.921367407E0,-7.068436742E-1
3.185050333E0,-7.399277091E-1,-1.430139422E0,-5.011525154E-1
3.195063333E0,-1.066835403E0,-9.778417349E-1,-1.936482489E-1
3.205076333E0,-1.176879644E0,-7.870398164E-1,1.436208636E-1
3.215090333E0,-1.036382198E0,-8.951951265E-1,4.615343511E-1
3.225103333E0,-6.868137121E-1,-1.218717813E0,7.944092155E-1
3.235116333E0,-2.954309285E-1,-1.501561761E0,9.985288382E-1
3.245129333E0,-8.489926159E-2,-1.585060954E0,1.024680257E0
3.255143333E0,-1.223902479E-1,-1.256934881E0,1.014442086E0
3.265156333E0,-2.884005308E-1,-7.103418112E-1,1.064814687E0
3.275169333E0,-4.674220681E-1,-2.519770563E-1,1.110476375E0
3.285182333E0,-5.243508816E-1,-3.413712978E-2,1.128967762E0
3.295196333E0,-4.628229439E-1,-9.725856781E-2,1.129033327E0
3.305209333E0,-3.128893673E-1,-3.599637151E-1,1.118787050E0
3.315222333E0,-1.146003231E-1,-6.625093222E-1,1.081050038E0
3.325235333E0,4.939047992E-2,-8.683703542E-1,1.035291672E0
3.335249333E0,1.478035152E-1,-9.575154185E-1,1.033982158E0
3.345262333E0,2.013476938E-1,-8.364042044E-1,1.056285620E0
3.355275333E0,1.663533151E-1,-5.794854760E-1,9.957625866E-1
3.365288333E0,4.265587032E-2,-3.507952988E-1,8.238784075E-1
3.375302333E0,-1.314421594E-1,-1.926925182E-1,6.264189482E-1
3.385315333E0,-3.503367007E-1,-1.282666624E-1,4.391449392E-1
3.395328333E0,-5.505775213E-1,-1.125393510E-1,2.600864768E-1
3.405341333E0,-6.707500219E-1,-1.151729524E-1,1.068892032E-1
3.415355333E0,-6.915594935E-1,-1.934073120E-1,1.108924821E-1
3.425368333E0,-5.589553714E-1,-3.405203223E-1,3.478208780E-1
3.435381333E0,-3.711901307E-1,-3.141531348E-1,6.596919298E-1
3.445394333E0,-2.978099287E-1,5.272022635E-2,8.736827970E-1
3.455408333E0,-3.991046548E-1,5.741238594E-1,9.692356586E-1
3.465421333E0,-6.124094129E-1,1.063139439E0,1.014522791E0
3.475434333E0,-8.742410541E-1,1.415419817E0,1.032288432E0
3.485447333E0,-1.109155297E0,1.573720217E0,1.090796471E0
3.495461333E0,-1.240489006E0,1.486408353E0,1.173292398E0
3.505474333E0,-1.219758391E0,1.120479345E0,1.281011105E0
3.515487333E0,-1.135648847E0,6.289350986E-1,1.448797703E0
3.525500333E0,-9.916279316E-1,2.121077627E-1,1.693449616E0
3.535514333E0,-7.303046584E-1,2.038517734E-3,2.091585875E0
3.545527333E0,-4.507973790E-1,-1.854878291E-2,2.562423706E0
3.555540333E0,-3.555857539E-1,2.021588981E-1,2.965122938E0
3.565553333E0,-5.132483840E-1,5.573194027E-1,3.190773249E0
3.575567333E0,-8.908648491E-1,9.837803245E-1,3.272287130E0
3.585580333E0,-1.318139672E0,1.166311502E0,3.331232548E0
3.595593333E0,-1.552378893E0,9.290229678E-1,3.337988615E0
3.605606333E0,-1.601418614E0,4.636914730E-1,3.277014017E0
3.615620333E0,-1.557778358E0,9.501905739E-2,3.117274761E0
3.625633333E0,-1.499776125E0,-1.014953330E-1,2.967900276E0
3.635646333E0,-1.490940928E0,-1.673770994E-1,2.861688375E0
3.645659333E0,-1.573038697E0,-1.289556772E-1,2.656979322E0
3.655673333E0,-1.719859362E0,3.064760752E-2,2.342919588E0
3.665686333E0,-1.843128324E0,2.335746139E-1,2.012713432E0
3.675699333E0,-1.914378405E0,3.071076274E-1,1.661746740E0
3.685712333E0,-1.945466280E0,1.926289946E-1,1.322477937E0
3.695726333E0,-1.946971536E0,3.709857166E-2,9.784153104E-1
3.705739333E0,-1.910553336E0,-8.623646572E-3,6.552074552E-1
3.715752333E0,-1.854851961E0,-6.561534852E-2,3.005468845E-1
3.725765333E0,-1.720490098E0,-6.902685761E-2,-1.493989676E-1
3.735779333E0,-1.603975654E0,-2.306459099E-1,-4.783869982E-1
3.745792333E0,-1.468491316E0,-3.325842619E-1,-8.016362190E-1
3.755805333E0,-1.437924147E0,-3.107876182E-1,-1.035475731E0
3.765818333E0,-1.506872773E0,-2.409867048E-1,-1.218103886E0
3.775832333E0,-1.560589314E0,-2.763756812E-1,-1.394825339E0
3.785845333E0,-1.534880757E0,-3.822320700E-1,-1.575260162E0
3.795858333E0,-1.406364083E0,-4.386640489E-1,-1.764389634E0
3.805871333E0,-1.163606286E0,-5.029370785E-1,-1.940978408E0
3.815885333E0,-8.799676895E-1,-5.933737159E-1,-2.100131035E0
3.825898333E0,-5.947021246E-1,-6.265601516E-1,-2.251104832E0
3.835911333E0,-3.060544431E-1,-5.992133617E-1,-2.357533932E0
3.845924333E0,-3.397845477E-2,-5.085479021E-1,-2.413815975E0
3.855938333E0,1.501931399E-1,-3.343311846E-1,-2.463597536E0
3.865951333E0,2.361461222E-1,-9.659720212E-2,-2.526307821E0
3.875964333E0,2.603248954E-1,3.942855448E-2,-2.581731558E0
3.885977333E0,2.906737626E-1,1.196578816E-1,-2.646789551E0
3.895991333E0,3.820259571E-1,1.288699359E-1,-2.728769779E0
3.906004333E0,6.039593816E-1,1.220434532E-1,-2.769848108E0
3.916017333E0,8.948643208E-1,1.616762131E-1,-2.721933365E0
3.926030333E0,1.184257984E0,1.843354553E-1,-2.591096878E0
3.936044333E0,1.381615758E0,2.414800972E-1,-2.415750265E0
3.946057333E0,1.436889410E0,3.490837812E-1,-2.228676319E0
3.956070333E0,1.426745415E0,5.705807805E-1,-2.032806396E0
3.966083333E0,1.392646074E0,7.960205674E-1,-1.829593301E0
3.976097333E0,1.270127416E0,9.572834969E-1,-1.699898362E0
3.986110333E0,1.213363171E0,9.035986662E-1,-1.605370998E0
3.996123333E0,1.335715890E0,6.718775630E-1,-1.468512416E0
4.006137333E0,1.521018147E0,3.847320974E-1,-1.273527503E0
4.016150333E0,1.636604786E0,1.651858091E-1,-9.751902223E-1
4.026163333E0,1.591605067E0,7.884532958E-2,-5.734513402E-1
4.036176333E0,1.377969503E0,1.249801293E-1,-1.048004627E-1
4.046190333E0,1.102014065E0,2.231088132E-1,3.835865259E-1
4.056203333E0,7.669078112E-1,3.980091810E-1,8.231804371E-1
4.066216333E0,4.669437408E-1,5.479339957E-1,1.141192555E0
4.076229333E0,2.866778672E-1,5.603023767E-1,1.357272029E0
4.086243333E0,1.979578584E-1,4.592055678E-1,1.524361968E0
4.096256333E0,1.092612371E-1,3.233742118E-1,1.607018709E0
4.106268792E0,9.269611537E-2,1.581069380E-1,1.700433016E0
4.116282792E0,1.578676701E-1,-1.119835651E-3,1.848932028E0
4.126295792E0,2.200570107E-1,-1.140578389E-1,2.050784588E0
4.136308792E0,2.373937219E-1,-1.300158948E-1,2.261652470E0
4.146321792E0,1.250344217E-1,-4.547730833E-2,2.367239952E0
4.156335792E0,-2.000306994E-1,5.355726928E-2,2.293366194E0
4.166348792E0,-6.310878396E-1,1.022592932E-1,2.029155970E0
4.176361792E0,-9.606812596E-1,-1.749157533E-2,1.640208721E0
4.186374792E0,-1.052011132E0,-2.783836424E-1,1.354268551E0
4.196388792E0,-9.465900660E-1,-6.123268008E-1,1.226484537E0
4.206401792E0,-7.072962523E-1,-8.517305851E-1,1.188506246E0
4.216414792E0,-4.649504423E-1,-8.256846070E-1,1.204100847E0
4.226428792E0,-3.629377782E-1,-5.479230285E-1,1.213373184E0
4.236441792E0,-4.135066569E-1,-1.977557242E-1,1.103771210E0
4.246454792E0,-5.089865923E-1,8.906832337E-2,7.919769287E-1
4.256467792E0,-5.402626395E-1,2.206919789E-1,2.775232196E-1
4.266481792E0,-4.672526121E-1,1.510521770E-1,-2.778241634E-1
4.276494792E0,-2.828782797E-1,-6.242412329E-2,-7.594428062E-1
4.286507792E0,-8.860181551E-4,-2.527650297E-1,-1.136402607E0
4.296520792E0,2.606636882E-1,-2.862939537E-1,-1.464745760E0
4.306534792E0,4.325856566E-1,-1.517782360E-1,-1.718733788E0
4.316547792E0,5.090995431E-1,7.078342140E-2,-1.857081294E0
4.326560792E0,5.325835347E-1,2.310583293E-1,-1.898181915E0
4.336574792E0,5.539095998E-1,2.247279733E-1,-1.920998096E0
4.346587792E0,6.173069477E-1,1.102434620E-1,-1.946180105E0
4.356600792E0,7.193492055E-1,-4.079727829E-2,-1.931837320E0
4.366613792E0,7.937243581E-1,-1.153484732E-1,-1.861001492E0
4.376627792E0,8.510807753E-1,-9.625664353E-2,-1.743013978E0
4.386640792E0,9.512251616E-1,-2.713376284E-2,-1.602487206E0
4.396653792E0,1.044636488E0,3.224109113E-2,-1.444051385E0
4.406667792E0,1.144660354E0,8.243262023E-2,-1.281400919E0
4.416680792E0,1.247074127E0,9.626840055E-2,-1.132215619E0
4.426693792E0,1.260518789E0,1.274593472E-1,-1.024741054E0
4.436706792E0,1.118514776E0,2.442903370E-1,-9.897586107E-1
4.446720792E0,9.660600424E-1,3.388578594E-1,-9.709649086E-1
4.456733792E0,8.764905930E-1,2.965045273E-1,-9.937956333E-1
4.466746792E0,8.456333280E-1,4.869526252E-2,-1.094660282E0
4.476759792E0,9.545335174E-1,-2.046892941E-1,-1.177836061E0
4.486773792E0,1.077407837E0,-2.720984221E-1,-1.150936842E0
4.496786792E0,1.075564146E0,-1.055480167E-1,-1.002593875E0
4.506799792E0,9.758604765E-1,9.687113017E-2,-7.296057940E-1
4.516813792E0,8.544461131E-1,3.049505055E-1,-3.716969192E-1
4.526826792E0,6.903530359E-1,4.967228770E-1,2.154038101E-2
4.536839792E0,5.541776419E-1,6.538032889E-1,3.861872852E-1
4.546852792E0,5.259577036E-1,7.286090851E-1,6.446241736E-1
4.556866792E0,5.907633901E-1,6.788006425E-1,8.454009295E-1
4.566879792E0,6.401487589E-1,5.586622357E-1,1.009204507E0
4.576892792E0,5.476382375E-1,4.733522832E-1,1.154071689E0
4.586906792E0,3.552554846E-1,4.819604456E-1,1.266266465E0
4.596919792E0,1.492599845E-1,6.014934778E-1,1.306020737E0
4.606932792E0,-2.218100987E-2,7.577360868E-1,1.384250879E0
4.616945792E0,-1.104083061E-1,7.660276294E-1,1.551699996E0
4.626959792E0,-3.451761557E-3,6.124215126E-1,1.783739328E0
4.636972792E0,2.054418325E-1,5.167679191E-1,2.013048649E0
4.646985792E0,2.579266131E-1,5.407288671E-1,2.145481825E0
4.656998792E0,1.041166857E-1,6.931070685E-1,2.182628393E0
4.667012792E0,-1.664138734E-1,7.323663235E-1,2.081328630E0
4.677025792E0,-4.229533374E-1,4.790391922E-1,1.879526138E0
4.687038792E0,-5.065650940E-1,1.090653986E-1,1.671795011E0
4.697052792E0,-4.447095692E-1,-2.330747694E-1,1.515311956E0
4.707065792E0,-2.773067057E-1,-5.257804394E-1,1.472703457E0
4.717078792E0,-1.560998410E-1,-7.800573111E-1,1.468534827E0
4.727091792E0,-2.105998397E-1,-7.822038531E-1,1.384363770E0
4.737105792E0,-3.999248445E-1,-3.673166335E-1,1.212370157E0
4.747118792E0,-7.409175634E-1,2.674166560E-1,1.017264366E0
4.757131792E0,-1.117115855E0,6.823092103E-1,7.711821795E-1
4.767144792E0,-1.312748790E0,7.224038839E-1,4.825727046E-1
4.777158792E0,-1.269047379E0,5.771601200E-1,1.044432446E-1
4.787171792E0,-1.057648301E0,4.017927945E-1,-3.610525429E-1
4.797184792E0,-7.511935234E-1,2.876898050E-1,-8.002323508E-1
4.807198792E0,-4.303635359E-1,2.145780474E-1,-1.139103293E0
4.817211792E0,-1.484310925E-1,1.694935858E-1,-1.297353387E0
4.827224792E0,4.021658748E-2,2.158232629E-1,-1.298103094E0
4.837237792E0,1.204828620E-1,2.772963643E-1,-1.203182459E0
4.847251792E0,1.529095173E-1,3.272026777E-1,-1.033740997E0
4.857264792E0,1.817925721E-1,2.698012292E-1,-8.582600355E-1
4.867277792E0,2.614224255E-1,1.824860126E-1,-7.210904360E-1
4.877290792E0,3.886101246E-1,5.495475605E-2,-6.721302271E-1
4.887304792E0,4.688471556E-1,-5.870309845E-2,-6.838833094E-1
4.897317792E0,4.808999598E-1,-1.072695553E-1,-6.837848425E-1
4.907330792E0,3.981102705E-1,-1.042346209E-1,-6.308206916E-1
4.917344792E0,2.479211688E-1,-5.948171020E-2,-5.215996504E-1
4.927357792E0,1.254309416E-1,-3.674683720E-2,-3.893875182E-1
4.937370792E0,1.161905825E-1,-4.274224117E-2,-2.650727034E-1
4.947383792E0,1.716032475E-1,-4.608264565E-2,-1.533169001E-1
4.957397792E0,2.378158122E-1,-6.122288480E-2,-4.694947228E-2
4.967410792E0,2.662514448E-1,-3.088788129E-2,3.773505613E-2
4.977423792E0,2.540592253E-1,2.548625506E-2,1.136185825E-1
4.987436792E0,2.255181223E-1,9.150920808E-2,1.873689741E-1
4.997450792E0,1.901115626E-1,1.014869213E-1,2.266714573E-1
5.007463792E0,1.618985534E-1,4.651821405E-2,2.078120112E-1
5.017476792E0,1.108927429E-1,-1.515198406E-2,1.350975186E-1
5.027490792E0,2.466518246E-2,-5.617025867E-2,4.955917969E-2
5.037503792E0,-3.629144654E-2,-4.408948123E-2,1.514052413E-2
5.047516792E0,-6.661233306E-2,1.214449666E-2,3.019297682E-2
5.057529792E0,-8.423858881E-2,6.968457252E-2,6.763942540E-2
5.067543792E0,-9.879489988E-2,1.223957166E-1,1.010879353E-1
5.077556792E0,-1.021112651E-1,1.211260557E-1,1.236504614E-1
5.087569792E0,-3.774052858E-2,6.484998763E-2,1.477110684E-1
5.097582792E0,6.182054058E-2,7.729817647E-3,1.709261388E-1
5.107596583E0,1.329730153E-1,5.936711561E-3,1.912617683E-1
5.117609583E0,1.276872903E-1,7.617856562E-2,1.853545904E-1
5.127622583E0,5.253235996E-2,2.265744507E-1,1.796519607E-1
5.137636583E0,-3.304166347E-2,2.872700393E-1,1.644589007E-1
5.147649583E0,-6.417241693E-2,2.768328488E-1,1.179819480E-1
5.157662583E0,-6.840882450E-2,2.211662680E-1,6.966735423E-2
5.167675583E0,-2.837378718E-2,1.310741901E-1,3.000862524E-2
5.177689583E0,3.594283760E-2,6.092284620E-2,1.139852032E-2
5.187702583E0,1.100325137E-1,3.818237782E-2,6.938257720E-3
5.197715583E0,1.917910874E-1,5.305803940E-2,-2.440634370E-2
5.207728583E0,2.259029895E-1,1.376757175E-1,-4.012858123E-2
5.217742583E0,1.445195079E-1,2.211084366E-1,-5.269019678E-2
5.227755583E0,-2.699506469E-3,2.712035477E-1,-7.800753415E-2
5.237768583E0,-1.242544279E-1,2.576749623E-1,-1.168380231E-1
5.247782583E0,-1.641666889E-1,1.817652881E-1,-1.643871665E-1
5.257795583E0,-1.052094102E-1,8.605663478E-2,-2.139339000E-1
5.267808583E0,5.423363764E-3,-1.973344013E-2,-2.342668623E-1
5.277821583E0,1.229354516E-1,-1.051420718E-1,-2.198602706E-1
5.287835583E0,2.159807086E-1,-1.137946844E-1,-1.851238608E-1
5.297848583E0,2.367361784E-1,-4.865046218E-2,-1.237949654E-1
5.307861583E0,1.630712897E-1,1.135991663E-1,-6.031025946E-2
5.317874583E0,7.172723114E-2,2.183553129E-1,-3.048638999E-2
5.327888583E0,3.379982710E-2,2.209582776E-1,-2.890340611E-2
5.337901583E0,2.513400652E-2,1.375717074E-1,-2.835584991E-2
5.347914583E0,1.051132604E-1,1.254242565E-2,-1.821000502E-2
5.357927583E0,2.179487497E-1,-6.040458381E-2,2.302533947E-2
5.367941583E0,2.715392709E-1,-9.976636618E-2,3.404443711E-2
5.377954583E0,2.580992877E-1,-2.190722153E-2,4.223440215E-2
5.387967583E0,2.219343483E-1,1.253932863E-1,-7.333151065E-3
5.397981583E0,1.763592213E-1,1.374064982E-1,-9.645684808E-2
5.407994583E0,1.623667181E-1,4.037475958E-2,-1.635743678E-1
5.418007583E0,1.761527956E-1,-9.372141212E-2,-2.269647866E-1
5.428020583E0,1.841481477E-1,-1.641505659E-1,-2.688560486E-1
5.438034583E0,1.781876534E-1,-1.057913750E-1,-2.679352164E-1
5.448047583E0,1.421399117E-1,2.162788529E-3,-2.503008246E-1
5.458060583E0,5.364293605E-2,1.089614257E-1,-2.583479881E-1
5.468073583E0,-2.975475416E-2,2.163728476E-1,-2.571769953E-1
5.478087583E0,-9.903855622E-2,2.842141390E-1,-3.026779294E-1
5.488100583E0,-1.313802451E-1,3.173135221E-1,-3.575957716E-1
5.498113583E0,-1.089383066E-1,3.105508685E-1,-3.841171265E-1
5.508126583E0,-7.586131245E-2,2.292432338E-1,-3.732506037E-1
5.518140583E0,-5.231828243E-2,1.770259738E-1,-3.445630968E-1
5.528153583E0,-5.858203396E-2,1.801940650E-1,-3.216183782E-1
5.538166583E0,-8.224873990E-2,2.596039176E-1,-3.251894116E-1
5.548180583E0,-9.258339554E-2,3.379565179E-1,-3.302851021E-1
5.558193583E0,-8.141033351E-2,4.150500596E-1,-3.202955425E-1
5.568206583E0,-7.841933519E-2,5.355250835E-1,-3.033956587E-1
5.578219583E0,-1.665381640E-1,7.398665547E-1,-2.883096933E-1
5.588233583E0,-3.298978209E-1,9.364962578E-1,-3.015703559E-1
5.598246583E0,-4.531415403E-1,1.115467429E0,-3.195532858E-1
5.608259583E0,-4.828429818E-1,1.181426525E0,-3.563339412E-1
5.618272583E0,-4.516233802E-1,1.141089678E0,-3.631488085E-1
5.628286583E0,-3.491404355E-1,9.940978289E-1,-2.886985242E-1
5.638299583E0,-2.179595828E-1,8.048567176E-1,-1.481365561E-1
5.648312583E0,-1.493661404E-1,6.440492272E-1,3.540477902E-2
5.658325583E0,-6.470423937E-2,5.375006199E-1,2.443566471E-1
5.668339583E0,7.805371284E-2,4.726885855E-1,4.297105372E-1
5.678352583E0,1.771680415E-1,4.161221981E-1,5.790220499E-1
5.688365583E0,2.057024837E-1,3.748328090E-1,7.183998823E-1
5.698379583E0,1.854140908E-1,3.695812523E-1,8.153586984E-1
5.708392583E0,1.170049533E-1,3.228036463E-1,8.739021420E-1
5.718405583E0,2.949502133E-2,2.797632217E-1,9.417610168E-1
5.728418583E0,-5.863057822E-2,2.005637437E-1,1.028103352E0
5.738432583E0,-1.683123559E-1,1.989000887E-1,1.157662988E0
5.748445583E0,-3.315960765E-1,3.484720290E-1,1.335473657E0
5.758458583E0,-5.177406669E-1,5.993400812E-1,1.572622657E0
5.768471583E0,-7.976735234E-1,9.618764520E-1,1.820802569E0
5.778485583E0,-1.189721465E0,1.298617721E0,2.005913496E0
5.788498583E0,-1.523290396E0,1.618725419E0,2.120679855E0
5.798511583E0,-1.705454707E0,1.923533440E0,2.134547234E0
5.808525583E0,-1.873530269E0,2.010083914E0,2.120155811E0
5.818538583E0,-2.015255451E0,1.929651976E0,2.161793947E0
5.828551583E0,-2.110543489E0,1.800693154E0,2.308001280E0
5.838564583E0,-2.247448206E0,1.741873741E0,2.615986347E0
5.848578583E0,-2.494725227E0,1.773001313E0,3.017742872E0
5.858591583E0,-2.848053932E0,1.920215845E0,3.384960890E0
5.868604583E0,-3.263658047E0,2.082672119E0,3.606134176E0
5.878617583E0,-3.675064325E0,2.372614384E0,3.714979649E0
5.888631583E0,-4.104219437E0,2.544377565E0,3.695346117E0
5.898644583E0,-4.497592449E0,2.532031298E0,3.555631876E0
5.908657583E0,-4.790503025E0,2.350982189E0,3.388542652E0
5.918670583E0,-4.994722843E0,1.999495983E0,3.187433958E0
5.928684583E0,-5.148946285E0,1.544353485E0,2.939479113E0
5.938697583E0,-5.179611206E0,1.078090549E0,2.725653887E0
5.948710583E0,-4.962674141E0,7.563450933E-1,2.595265627E0
5.958723583E0,-4.634800911E0,6.000633836E-1,2.524563789E0
5.968737583E0,-4.467733860E0,5.813317299E-1,2.494614840E0
5.978750583E0,-4.526651859E0,7.763261795E-1,2.558134317E0
5.988763583E0,-4.819974422E0,1.194508791E0,2.636924744E0
5.998777583E0,-5.464671612E0,1.540162921E0,2.556079865E0
6.008790583E0,-6.384057522E0,1.433165312E0,2.284395218E0
6.018803583E0,-7.175651550E0,5.464784503E-1,1.737214327E0
6.028816583E0,-7.310230732E0,-4.370631874E-1,1.239255190E0
6.038830583E0,-6.827797890E0,-1.072414398E0,8.721771836E-1
6.048843583E0,-5.997557163E0,-1.089824915E0,5.226348639E-1
6.058856583E0,-5.196881771E0,-4.579983354E-1,3.353530765E-1
6.068869583E0,-4.840791702E0,2.859812975E-1,3.497732878E-1
6.078883583E0,-5.011075020E0,8.643007278E-1,4.623374045E-1
6.088896583E0,-5.480395794E0,1.008834958E0,6.570150256E-1
6.098909583E0,-5.809044361E0,4.460986257E-1,7.281922698E-1
6.108922292E0,-5.709008694E0,-6.026544571E-1,5.737161636E-1
6.118936292E0,-5.270632267E0,-1.542015553E0,3.005709052E-1
6.128949292E0,-4.880431652E0,-1.874496818E0,-1.644923687E-1
6.138962292E0,-4.681648731E0,-1.140353441E0,-1.009966373E0
6.148976292E0,-4.749269962E0,-1.550300606E-2,-1.760189533E0
6.158989292E0,-4.936134338E0,9.038373232E-1,-2.057886600E0
6.169002292E0,-4.814675808E0,1.327059746E0,-2.045447826E0
6.179015292E0,-4.261003017E0,1.260044813E0,-1.990080714E0
6.189029292E0,-3.347845793E0,8.847872615E-1,-2.082905054E0
6.199042292E0,-2.294800043E0,4.879737198E-1,-2.224276781E0
6.209055292E0,-1.495588422E0,2.526482940E-1,-2.513907194E0
6.219068292E0,-1.119534373E0,2.488076985E-1,-2.880906343E0
6.229082292E0,-1.050654650E0,4.654473364E-1,-3.227914572E0
6.239095292E0,-1.251655221E0,5.666875839E-1,-3.623138666E0
6.249108292E0,-1.375602961E0,7.167940140E-1,-4.107145309E0
6.259122292E0,-1.275540113E0,9.735046029E-1,-4.530048370E0
6.269135292E0,-1.056199074E0,1.257510304E0,-4.828847408E0
6.279148292E0,-6.891193986E-1,1.486980557E0,-4.961325169E0
6.289161292E0,-2.772495449E-1,1.660363317E0,-5.067328453E0
6.299175292E0,6.742686778E-2,1.790915728E0,-5.206376076E0
6.309188292E0,3.895191550E-1,1.674437046E0,-5.237948418E0
6.319201292E0,5.867421031E-1,1.380912066E0,-5.203228474E0
6.329214292E0,7.663587332E-1,1.243294358E0,-5.220096588E0
6.339228292E0,9.549593925E-1,1.248949051E0,-5.255212307E0
6.349241292E0,1.113177299E0,1.226820588E0,-5.172419548E0
6.359254292E0,1.364448786E0,1.210096598E0,-5.060725689E0
6.369268292E0,1.625999928E0,1.109916210E0,-5.051576138E0
6.379281292E0,1.773126721E0,9.529406428E-1,-5.240622044E0
6.389294292E0,1.791635990E0,8.061607480E-1,-5.440644741E0
6.399307292E0,1.724752426E0,6.477505565E-1,-5.519657135E0
6.409321292E0,1.573855877E0,5.731517076E-1,-5.465606213E0
6.419334292E0,1.465060353E0,5.790976286E-1,-5.350664139E0
6.429347292E0,1.421739459E0,6.654064059E-1,-5.255809307E0
6.439361292E0,1.443257570E0,7.182835937E-1,-5.080127239E0
6.449374292E0,1.503954649E0,6.289121509E-1,-4.825471878E0
6.459387292E0,1.542598605E0,3.995676339E-1,-4.523882389E0
6.469400292E0,1.573926449E0,1.860968918E-1,-4.214957714E0
6.479414292E0,1.531014562E0,9.930542856E-2,-4.101312160E0
6.489427292E0,1.413724422E0,8.957797289E-2,-4.168321609E0
6.499440292E0,1.247071147E0,-1.017861739E-1,-4.246441841E0
6.509454292E0,1.083920002E0,-4.189406931E-1,-4.317485332E0
6.519467292E0,1.013634682E0,-6.723192334E-1,-4.342761517E0
6.529480292E0,1.119572639E0,-6.890026331E-1,-4.262947083E0
6.539493292E0,1.303165197E0,-6.669398546E-1,-4.018608093E0
6.549507292E0,1.445450425E0,-8.163415790E-1,-3.645696163E0
6.559520292E0,1.464803457E0,-1.032547116E0,-3.400098085E0
6.569533292E0,1.346664906E0,-1.094283104E0,-3.262100220E0
6.579547292E0,1.115956783E0,-1.023811698E0,-3.148310661E0
6.589560292E0,8.735983968E-1,-9.548177719E-1,-3.001691580E0
6.599573292E0,7.227666378E-1,-8.325785995E-1,-2.867239237E0
6.609587292E0,5.585523844E-1,-6.829731464E-1,-2.812660933E0
6.619600292E0,4.334711134E-1,-6.516093016E-1,-2.699286461E0
6.629613292E0,4.500460923E-1,-7.220680714E-1,-2.515931845E0
6.639626292E0,4.691388011E-1,-5.328890085E-1,-2.482853174E0
6.649640292E0,4.738869369E-1,-1.714015901E-1,-2.445852280E0
6.659653292E0,4.122168124E-1,8.096768707E-2,-2.378138781E0
6.669666292E0,2.575680912E-1,1.796825528E-1,-2.329669714E0
6.679680292E0,1.180789098E-1,1.660483330E-1,-2.202148914E0
6.689693292E0,8.353984356E-2,1.072763652E-1,-2.007115841E0
6.699706292E0,1.313773394E-1,5.425846949E-2,-1.747440338E0
6.709719292E0,1.218149886E-1,-1.119611338E-1,-1.554407239E0
6.719733292E0,1.614178158E-2,-2.335986793E-1,-1.461416841E0
6.729746292E0,-9.304995090E-2,-9.472893924E-2,-1.436336756E0
6.739759292E0,-3.519548848E-2,2.738261968E-2,-1.339105844E0
6.749773292E0,2.027430385E-1,1.267965585E-1,-1.101429582E0
6.759786292E0,4.448477030E-1,2.863475680E-1,-9.046089053E-1
6.769799292E0,6.372733712E-1,5.225164890E-1,-8.109313846E-1
6.779812292E0,7.997749448E-1,6.064500809E-1,-7.335873246E-1
6.789826292E0,8.356407881E-1,7.977463007E-1,-6.138654947E-1
6.799839292E0,6.800642610E-1,1.348473430E0,-3.842536509E-1
6.809852292E0,4.023469090E-1,1.647394419E0,6.430842727E-2
6.819866292E0,2.879665792E-1,1.444413781E0,3.647553921E-1
6.829879292E0,4.111364484E-1,1.033857942E0,3.836089671E-1
6.839892292E0,5.932788253E-1,6.404162645E-1,2.482489347E-1
6.849905292E0,8.702715635E-1,3.494262397E-1,9.439837933E-2
6.859919292E0,1.139577746E0,1.775556207E-1,1.181913614E-1
6.869932292E0,1.379102230E0,1.602719724E-1,2.575479448E-1
6.879945292E0,1.636930585E0,2.747507691E-1,5.109428763E-1
6.889959292E0,1.777162552E0,6.057883501E-1,8.926483989E-1
6.899972292E0,1.635902524E0,9.846295714E-1,1.346788287E0
6.909985292E0,1.332599878E0,1.251028776E0,1.834500909E0
6.919998292E0,1.100642562E0,1.396641850E0,2.159834385E0
6.930012292E0,8.748006821E-1,1.411570191E0,2.293227673E0
6.940025292E0,6.724122763E-1,1.377304792E0,2.246475458E0
6.950038292E0,6.398769617E-1,1.258512974E0,2.152280807E0
6.960052292E0,7.377815843E-1,1.296133161E0,2.049135685E0
6.970065292E0,9.068161249E-1,1.513321757E0,1.965001702E0
6.980078292E0,1.179170012E0,1.668984413E0,2.112882853E0
6.990091292E0,1.202459097E0,1.562752247E0,2.342566729E0
7.000105292E0,9.937312007E-1,1.420648813E0,2.458772659E0
7.010118292E0,6.462395787E-1,1.410558939E0,2.509601593E0
7.020131292E0,1.944977790E-1,1.375352621E0,2.527985811E0
7.030145292E0,-1.635945886E-1,1.110939145E0,2.660516977E0
7.040158292E0,-2.571981549E-1,7.932525873E-1,2.758802652E0
7.050171292E0,-3.161717355E-1,7.247509956E-1,2.736007929E0
7.060184292E0,-4.471080005E-1,9.387869835E-1,2.619720459E0
7.070198292E0,-5.903567672E-1,1.250375986E0,2.513807774E0
7.080211292E0,-6.965610981E-1,1.400600433E0,2.481023550E0
7.090224292E0,-7.437933087E-1,1.384927750E0,2.461371183E0
7.100238292E0,-6.703318954E-1,1.171710014E0,2.508267641E0
7.110251583E0,-4.713918567E-1,9.154446721E-1,2.608389854E0
7.120264583E0,-2.244870067E-1,7.471887469E-1,2.770908356E0
7.130277583E0,-6.496844441E-2,5.319923162E-1,3.018441200E0
7.140291583E0,-4.370516632E-3,4.568965733E-1,3.114840984E0
7.150304583E0,-1.375863552E-1,5.048630238E-1,2.971900702E0
7.160317583E0,-4.451234937E-1,5.485882759E-1,2.710075140E0
7.170331583E0,-8.297063112E-1,6.965636015E-1,2.368372679E0
7.180344583E0,-1.144302368E0,7.281694412E-1,2.082405806E0
7.190357583E0,-1.181113124E0,2.988231480E-1,2.081050634E0
7.200370583E0,-1.002966046E0,-2.124350667E-1,2.099474192E0
7.210384583E0,-7.389916778E-1,-3.908777535E-1,2.069105864E0
7.220397583E0,-5.225871801E-1,-1.225548163E-1,2.056571722E0
7.230410583E0,-4.844382107E-1,2.947028577E-1,1.956312656E0
7.240424583E0,-5.506315827E-1,4.705376923E-1,1.779578090E0
7.250437583E0,-6.604827046E-1,1.629899889E-1,1.482269406E0
7.260450583E0,-6.663895249E-1,-4.941088855E-1,1.124274492E0
7.270463583E0,-5.028826594E-1,-1.187886596E0,7.703052163E-1
7.280477583E0,-2.821865380E-1,-1.474696398E0,4.381299317E-1
7.290490583E0,-1.036018729E-1,-1.191780806E0,8.002264798E-2
7.300503583E0,-1.905748434E-2,-5.136532784E-1,-3.468863368E-1
7.310517583E0,-1.474795863E-2,4.430964217E-2,-7.739822268E-1
7.320530583E0,-6.966206431E-2,1.445553601E-1,-1.061032772E0
7.330543583E0,-1.425836831E-1,-1.570454985E-1,-1.294548035E0
7.340556583E0,-1.480695456E-1,-5.876463056E-1,-1.578393340E0
7.350570583E0,-6.259378791E-2,-8.544386029E-1,-1.854862213E0
7.360583583E0,1.378561184E-2,-8.539011478E-1,-2.102648020E0
7.370596583E0,4.301673546E-2,-5.388995409E-1,-2.339119434E0
7.380610583E0,5.829156935E-2,-3.483759984E-2,-2.534866095E0
7.390623583E0,1.801306456E-1,4.158923030E-1,-2.668123245E0
7.400636583E0,4.809988439E-1,5.834853649E-1,-2.681827307E0
7.410649583E0,8.363324404E-1,5.474810004E-1,-2.663765430E0
7.420663583E0,1.124604225E0,3.944308460E-1,-2.647751808E0
7.430676583E0,1.303134799E0,2.840529382E-1,-2.664080858E0
7.440689583E0,1.362345338E0,2.434056401E-1,-2.785025120E0
7.450703583E0,1.284166098E0,2.674308121E-1,-2.997844458E0
7.460716583E0,1.082291722E0,3.715310097E-1,-3.240336895E0
7.470729583E0,8.862513304E-1,4.302814007E-1,-3.412505627E0
7.480742583E0,7.905246019E-1,3.870669305E-1,-3.519781828E0
7.490756583E0,8.432991505E-1,1.965313107E-1,-3.568671942E0
7.500769583E0,1.050494075E0,-7.813888788E-2,-3.506514549E0
7.510782583E0,1.333978295E0,-2.939060628E-1,-3.438004494E0
7.520796583E0,1.565903068E0,-2.475122213E-1,-3.316328526E0
7.530809583E0,1.625459313E0,2.586244643E-1,-3.093050957E0
7.540822583E0,1.443608761E0,8.687527180E-1,-2.779766083E0
7.550835583E0,1.256956100E0,1.337138295E0,-2.539044619E0
7.560849583E0,1.270945907E0,1.580508828E0,-2.431318521E0
7.570862583E0,1.426129699E0,1.565585256E0,-2.431016922E0
7.580875583E0,1.588167787E0,1.289846659E0,-2.459103346E0
7.590888583E0,1.687137485E0,1.058930874E0,-2.452695847E0
7.600902583E0,1.690249562E0,1.080384016E0,-2.349609137E0
7.610915583E0,1.640170932E0,1.398898602E0,-2.223928690E0
7.620928583E0,1.563563585E0,1.860886216E0,-2.223171234E0
7.630942583E0,1.544808030E0,2.151633978E0,-2.258004665E0
7.640955583E0,1.563355803E0,2.201111794E0,-2.213942528E0
7.650968583E0,1.542724133E0,1.944053769E0,-2.092702389E0
7.660981583E0,1.501840472E0,1.597406745E0,-1.913016081E0
7.670995583E0,1.418199062E0,1.381945014E0,-1.706482291E0
7.681008583E0,1.283711553E0,1.353086233E0,-1.438951492E0
7.691021583E0,1.122292280E0,1.754828930E0,-1.083508134E0
7.701035583E0,9.807317257E-1,2.365129709E0,-7.138755322E-1
7.711048583E0,8.869113922E-1,2.802971125E0,-3.617917299E-1
7.721061583E0,9.011076689E-1,2.956653595E0,-6.172918156E-2
7.731074583E0,9.629760981E-1,2.769315958E0,2.173839509E-1
7.741088583E0,1.047072768E0,2.455373526E0,3.932223320E-1
7.751101583E0,1.116955757E0,2.192558289E0,3.935072720E-1
7.761114583E0,1.114539742E0,1.943178296E0,3.446822166E-1
7.771128583E0,9.563826323E-1,1.781848311E0,3.013424277E-1
7.781141583E0,7.661604881E-1,1.651471257E0,2.694775164E-1
7.791154583E0,6.613634825E-1,1.440514207E0,3.015885651E-1
7.801167583E0,6.297734380E-1,1.132691145E0,3.480258286E-1
7.811181583E0,6.891667247E-1,9.003915787E-1,4.795889258E-1
7.821194583E0,8.128588796E-1,8.413813710E-1,7.178984284E-1
7.831207583E0,1.026269197E0,1.107751250E0,1.014689565E0
7.841221583E0,1.184308529E0,1.269781590E0,1.348070621E0
7.851234583E0,1.163080931E0,1.174124002E0,1.726562500E0
7.861247583E0,1.000786185E0,9.104363322E-1,2.045796633E0
7.871260583E0,5.848042369E-1,5.451105833E-1,2.226641893E0
7.881274583E0,3.085881174E-1,7.019649446E-2,2.417345285E0
7.891287583E0,3.408555090E-1,-2.167146355E-1,2.439512014E0
7.901300583E0,4.634686410E-1,-2.892311811E-1,2.384265900E0
7.911313583E0,5.804778337E-1,-2.320632488E-1,2.372317314E0
7.921327583E0,6.286259294E-1,-1.362228394E-2,2.453513384E0
7.931340583E0,6.139681935E-1,4.387592971E-1,2.580430508E0
7.941353583E0,6.027387977E-1,9.744206667E-1,2.744415522E0
7.951367583E0,4.524219334E-1,1.317238092E0,2.887367964E0
7.961380583E0,1.921565831E-1,1.473917246E0,3.035540581E0
7.971393583E0,-1.491658539E-1,1.352985501E0,3.211836815E0
7.981406583E0,-3.754186332E-1,1.021138668E0,3.363510609E0
7.991420583E0,-4.040907621E-1,7.226709723E-1,3.418190479E0
8.001433583E0,-3.903072476E-1,4.076270759E-1,3.442578793E0
8.011446583E0,-4.887070358E-1,-3.985695541E-2,3.437873125E0
8.021460583E0,-7.024582624E-1,-4.426840842E-1,3.366291046E0
8.031473583E0,-8.545846939E-1,-5.969548821E-1,3.308185816E0
8.041486583E0,-9.443867803E-1,-4.932562709E-1,3.274383545E0
8.051499583E0,-1.102992177E0,5.866628140E-2,3.241316795E0
8.061513583E0,-1.273434401E0,7.182438970E-1,3.291151047E0
8.071526583E0,-1.370345831E0,1.148449063E0,3.437157154E0
8.081539583E0,-1.363830566E0,1.301795125E0,3.560767651E0
8.091552583E0,-1.137735367E0,9.882385731E-1,3.889316559E0
8.101566583E0,-7.241433263E-1,2.420123965E-1,4.238024235E0
8.111579417E0,-3.637579679E-1,-5.455280542E-1,4.261734962E0
8.121592417E0,-1.379799992E-1,-9.784808159E-1,4.033793926E0
8.131606417E0,-1.163487509E-1,-9.410695434E-1,3.619169474E0
8.141619417E0,-3.901295364E-1,-3.619306684E-1,3.236456633E0
8.151632417E0,-9.097921848E-1,6.368786097E-1,3.003400803E0
8.161645417E0,-1.497163057E0,1.820591450E0,2.907365322E0
8.171659417E0,-1.897524595E0,2.390540600E0,3.062697411E0
8.181672417E0,-1.825002313E0,2.084551811E0,3.363234758E0
8.191685417E0,-1.459399581E0,1.329918504E0,3.495447874E0
8.201699417E0,-1.054200649E0,8.207774162E-1,3.471807718E0
8.211712417E0,-9.385845661E-1,7.539491057E-1,3.364443541E0
8.221725417E0,-1.086420178E0,9.760290384E-1,3.265083075E0
8.231738417E0,-1.526196957E0,1.456767440E0,3.210463285E0
8.241752417E0,-2.114698648E0,1.612622142E0,3.296667576E0
8.251765417E0,-2.322993517E0,1.099011302E0,3.552298307E0
8.261778417E0,-2.107163191E0,3.063837886E-1,3.742918491E0
8.271791417E0,-1.719657421E0,-1.656212807E-1,3.701014996E0
8.281805417E0,-1.388552070E0,-1.383704245E-1,3.512251139E0
8.291818417E0,-1.230947256E0,4.598426521E-1,3.344875336E0
8.301831417E0,-1.523748755E0,1.365837216E0,3.302281380E0
8.311845417E0,-2.281646252E0,2.267211199E0,3.329868078E0
8.321858417E0,-3.137406111E0,2.406183720E0,3.414147615E0
8.331871417E0,-3.537868023E0,1.404383063E0,3.466785431E0
8.341884417E0,-3.240262508E0,-3.429343104E-1,3.488289118E0
8.351898417E0,-2.290182114E0,-1.824740887E0,3.436575413E0
8.361911417E0,-1.188554645E0,-2.280580282E0,3.121367216E0
8.371924417E0,-4.255470932E-1,-1.625603914E0,2.676590204E0
8.381938417E0,-2.250242531E-1,-3.400486708E-1,2.357529640E0
8.391951417E0,-5.163250566E-1,7.742522359E-1,2.217501402E0
8.401964417E0,-9.497607350E-1,1.383804440E0,2.114598036E0
8.411977417E0,-1.290230155E0,1.176920533E0,2.024787903E0
8.421991417E0,-1.401070237E0,5.019623637E-1,1.853046298E0
8.432004417E0,-1.320501089E0,-6.090337411E-2,1.557569385E0
8.442017417E0,-1.185659647E0,-1.809622794E-1,1.120430112E0
8.452031417E0,-1.054806590E0,8.786277473E-2,6.107272506E-1
8.462044417E0,-8.469668031E-1,5.267761350E-1,1.035340726E-1
8.472057417E0,-5.601206422E-1,9.912330508E-1,-2.908388078E-1
8.482070417E0,-2.875056565E-1,1.436507463E0,-5.443887711E-1
8.492084417E0,-4.043940827E-2,1.764287710E0,-6.735332012E-1
8.502097417E0,2.305880934E-1,1.761686087E0,-6.758146882E-1
8.512110417E0,5.765390992E-1,1.326288700E0,-6.124482751E-1
8.522124417E0,8.520576954E-1,5.644453764E-1,-6.333578229E-1
8.532137417E0,9.672551155E-1,-1.157499850E-1,-7.850351930E-1
8.542150417E0,9.016563892E-1,-4.841310978E-1,-9.625710845E-1
8.552163417E0,6.390434504E-1,-5.524624586E-1,-1.088674784E0
8.562177417E0,2.645765841E-1,-3.828124404E-1,-1.138664603E0
8.572190417E0,-6.835584342E-2,-6.705421954E-2,-1.142654538E0
8.582203417E0,-2.771100104E-1,2.504722774E-1,-1.158181071E0
8.592216417E0,-3.394695222E-1,4.596401453E-1,-1.200994849E0
8.602230417E0,-3.001843691E-1,5.231952667E-1,-1.237238169E0
8.612243417E0,-2.166393995E-1,4.776828885E-1,-1.240161180E0
8.622256417E0,-1.317082644E-1,3.525018096E-1,-1.178050518E0
8.632270417E0,-7.190618664E-2,1.979194432E-1,-1.102689147E0
8.642283417E0,-5.946664885E-2,-1.464986242E-3,-1.065726638E0
8.652296417E0,-6.442545354E-2,-2.175328434E-1,-1.091590881E0
8.662309417E0,-2.641451545E-3,-3.693682551E-1,-1.139483333E0
8.672323417E0,5.980487913E-2,-2.531327307E-1,-1.168752551E0
8.682336417E0,1.443523541E-2,1.172158867E-1,-1.175876498E0
8.692349417E0,-1.184253469E-1,5.862560868E-1,-1.193016648E0
8.702363417E0,-2.301872373E-1,9.701922536E-1,-1.212929010E0
8.712376417E0,-2.344754487E-1,1.075421214E0,-1.225306749E0
8.722389417E0,-1.709399074E-1,1.085412621E0,-1.214944482E0
8.732402417E0,-5.531397089E-2,1.092815638E0,-1.161522746E0
8.742416417E0,1.283276975E-1,1.015087485E0,-1.123728037E0
8.752429417E0,3.499687612E-1,9.712158442E-1,-1.138207078E0
8.762442417E0,5.457326770E-1,9.742483497E-1,-1.241350174E0
8.772456417E0,6.789786220E-1,1.047470450E0,-1.456503510E0
8.782469417E0,7.689217925E-1,1.189944029E0,-1.674192190E0
8.792482417E0,8.255317807E-1,1.221797585E0,-1.889437437E0
8.802495417E0,8.247910738E-1,1.164066911E0,-2.085681915E0
8.812509417E0,7.432698011E-1,1.012884378E0,-2.230428934E0
8.822522417E0,6.750806570E-1,7.692531943E-1,-2.288161755E0
8.832535417E0,6.860569119E-1,5.637746453E-1,-2.215349913E0
8.842549417E0,7.206873298E-1,4.037977457E-1,-2.078851461E0
8.852562417E0,6.840336919E-1,3.088248968E-1,-1.904209852E0
8.862575417E0,5.428943634E-1,4.415602684E-1,-1.675663233E0
8.872588417E0,2.183623314E-1,8.744831681E-1,-1.486124754E0
8.882602417E0,-3.755457103E-1,1.396091461E0,-1.438185573E0
8.892615417E0,-1.018568039E0,1.794971466E0,-1.506571293E0
8.902628417E0,-1.348416567E0,1.846358299E0,-1.674775839E0
8.912642417E0,-1.227617383E0,1.385350466E0,-1.919590592E0
8.922655417E0,-7.103319764E-1,7.303493023E-1,-2.445132732E0
8.932668417E0,-9.918443859E-3,1.566293240E-1,-3.034332514E0
8.942682417E0,7.901027203E-1,-1.631964147E-1,-3.718575716E0
8.952695417E0,1.620703697E0,1.892428547E-1,-3.973092318E0
8.962708417E0,2.035767078E0,5.276531577E-1,-3.753964186E0
8.972722417E0,2.199793816E0,8.653518558E-1,-3.626138449E0
8.982735417E0,2.139162064E0,9.514095187E-1,-3.490033865E0
8.992748417E0,1.854955792E0,5.097165108E-1,-3.238896370E0
9.002761417E0,1.460417509E0,-2.480905503E-1,-3.073720932E0
9.012775417E0,1.115286469E0,-1.001276970E0,-3.119164944E0
9.022788417E0,7.255741954E-1,-1.466846943E0,-3.316459894E0
9.032801417E0,2.520516813E-1,-1.697223425E0,-3.605163813E0
9.042815417E0,-6.693401933E-2,-1.661679745E0,-3.841432571E0
9.052828417E0,-1.466275305E-1,-1.563718081E0,-4.003513813E0
9.062841417E0,-1.001192480E-1,-1.546686172E0,-3.967285156E0
9.072855417E0,-3.682986833E-3,-1.619720697E0,-3.748143196E0
9.082868417E0,1.757219583E-1,-1.860234499E0,-3.355046034E0
9.092881417E0,2.164331824E-1,-2.294260502E0,-2.893419981E0
9.102894417E0,-4.095632210E-2,-2.585127592E0,-2.468768835E0
9.112908333E0,-4.109431803E-1,-2.675969362E0,-2.042110682E0
9.122921333E0,-6.230569482E-1,-2.853936911E0,-1.564941168E0
9.132934333E0,-6.518848538E-1,-3.314836025E0,-1.014693022E0
9.142948333E0,-8.173926473E-1,-3.711984158E0,-6.451993585E-1
9.152961333E0,-1.242649674E0,-3.925217152E0,-5.955188870E-1
9.162974333E0,-1.772122860E0,-3.930878401E0,-7.816136479E-1
9.172988333E0,-2.302214622E0,-3.784024000E0,-1.067902923E0
9.183001333E0,-2.434833765E0,-3.917103529E0,-1.149606586E0
9.193014333E0,-2.088136435E0,-4.354597569E0,-1.006094933E0
9.203028333E0,-1.537390232E0,-4.771489620E0,-6.826341152E-1
9.213041333E0,-9.757066369E-1,-4.924423218E0,-1.974575371E-1
9.223054333E0,-5.150783658E-1,-4.956048489E0,3.886997402E-1
9.233068333E0,-1.806143522E-1,-4.984960556E0,1.154802442E0
9.243081333E0,-1.316126902E-2,-4.684084892E0,2.087127686E0
9.253094333E0,-2.013295740E-1,-3.603348494E0,3.146478176E0
9.263107333E0,-7.429838777E-1,-2.241560936E0,4.136742592E0
9.273121333E0,-1.229217410E0,-9.982945919E-1,4.921180725E0
9.283134333E0,-1.372020006E0,-1.660130173E-1,5.367928982E0
9.293147333E0,-1.218408823E0,2.589710355E-1,5.385060787E0
9.303161333E0,-9.037634134E-1,9.456440806E-2,5.230377197E0
9.313174333E0,-4.286485314E-1,-5.706660748E-1,5.214230061E0
9.323187333E0,5.944189429E-2,-1.405953407E0,5.305657864E0
9.333201333E0,2.308221608E-1,-1.966074586E0,5.483579636E0
9.343214333E0,1.539488584E-1,-2.107823133E0,5.733675003E0
9.353227333E0,5.221157894E-2,-1.937313914E0,5.858656883E0
9.363241333E0,-1.966104656E-2,-1.350285053E0,5.905181408E0
9.373254333E0,-1.394710839E-1,-4.374098480E-1,6.064033508E0
9.383267333E0,-3.728288114E-1,5.663143992E-1,6.281448364E0
9.393281333E0,-6.388370395E-1,1.120623946E0,6.450106621E0
9.403294333E0,-6.894894838E-1,1.209413052E0,6.558481216E0
9.413307333E0,-5.545074344E-1,1.059937716E0,6.631175518E0
9.423321333E0,-4.561429620E-1,1.218814731E0,6.628023624E0
9.433334333E0,-6.894987226E-1,1.860580087E0,6.573768616E0
9.443347333E0,-1.157482028E0,2.649841309E0,6.438158035E0
9.453360333E0,-1.566877246E0,3.130537271E0,6.261372089E0
9.463374333E0,-1.841727614E0,2.747449875E0,5.861825943E0
9.473387333E0,-1.719540238E0,9.146832228E-1,5.143738747E0
9.483400333E0,-9.497184753E-1,-1.684233308E0,4.266959667E0
9.493414333E0,-3.676127270E-2,-3.501723051E0,3.359153032E0
9.503427333E0,6.295504570E-1,-4.052092552E0,2.698560238E0
9.513440333E0,1.072040081E0,-3.475685358E0,2.499402046E0
9.523454333E0,1.208744287E0,-2.045167208E0,2.689027786E0
9.533467333E0,9.770147204E-1,-5.966762900E-1,2.996715307E0
9.543480333E0,4.828425348E-1,3.405667245E-1,3.183440924E0
9.553494333E0,-3.852025419E-2,7.495518327E-1,2.816096783E0
9.563507333E0,-3.113987148E-1,5.126217604E-1,2.014306545E0
9.573520333E0,-1.185011417E-1,-4.417699277E-1,1.152887940E0
9.583534333E0,4.597854614E-1,-1.867710590E0,4.160775542E-1
9.593547333E0,1.078893185E0,-3.144757032E0,-1.807523072E-1
9.603560333E0,1.418952107E0,-3.732440710E0,-6.469069719E-1
9.613573333E0,1.333675027E0,-3.557327986E0,-9.804862738E-1
9.623587333E0,7.812305093E-1,-2.837774754E0,-1.259759426E0
9.633600333E0,9.440284222E-2,-2.139854908E0,-1.587283850E0
9.643613333E0,-2.050784081E-1,-1.911219239E0,-1.926478863E0
9.653627333E0,-1.141493097E-1,-2.293441772E0,-2.296619415E0
9.663640333E0,1.697456092E-2,-2.838311672E0,-2.595666409E0
9.673653333E0,-1.114460006E-1,-3.189335108E0,-2.817639828E0
9.683667333E0,-3.891765475E-1,-3.233764887E0,-3.038916349E0
9.693680333E0,-6.103059649E-1,-3.170574188E0,-3.243147135E0
9.703693333E0,-6.901226640E-1,-3.096550465E0,-3.378523350E0
9.713707333E0,-8.047485948E-1,-2.987770081E0,-3.459501266E0
9.723720333E0,-1.017096877E0,-2.865020514E0,-3.525447845E0
9.733733333E0,-1.314376473E0,-2.862393379E0,-3.535771370E0
9.743747333E0,-1.585074782E0,-3.056206226E0,-3.519086838E0
9.753760333E0,-1.712251663E0,-3.351750135E0,-3.535828590E0
9.763773333E0,-1.777844787E0,-3.498951674E0,-3.583503962E0
9.773786333E0,-1.859252095E0,-3.429906607E0,-3.641150713E0
9.783800333E0,-1.926803470E0,-3.190320253E0,-3.617235899E0
9.793813333E0,-2.099411726E0,-2.962113619E0,-3.507991076E0
9.803826333E0,-2.344290733E0,-2.576543331E0,-3.485806942E0
9.813840333E0,-2.529125452E0,-2.169122696E0,-3.573935032E0
9.823853333E0,-2.656700850E0,-1.882597566E0,-3.678718567E0
9.833866333E0,-2.641888380E0,-1.843213916E0,-3.756713390E0
9.843880333E0,-2.495953798E0,-2.057556868E0,-3.756931067E0
9.853893333E0,-2.340730429E0,-2.388964653E0,-3.753276587E0
9.863906333E0,-2.170519590E0,-2.542683125E0,-3.764281273E0
9.873920333E0,-2.132988691E0,-2.426856279E0,-3.715537548E0
9.883933333E0,-2.351353645E0,-2.058995485E0,-3.592125893E0
9.893946333E0,-2.675205946E0,-1.605436563E0,-3.429561853E0
9.903960333E0,-2.942040682E0,-1.241863132E0,-3.267226934E0
9.913973333E0,-3.053930044E0,-1.002820015E0,-3.193590879E0
9.923986333E0,-2.986131668E0,-9.034017324E-1,-3.210764170E0
9.933999333E0,-2.898824215E0,-9.750250578E-1,-3.280789375E0
9.944013333E0,-2.756923676E0,-1.076746464E0,-3.359004498E0
9.954026333E0,-2.507074356E0,-1.145176888E0,-3.358120203E0
9.964039333E0,-2.239521742E0,-1.139300585E0,-3.244201660E0
9.974053333E0,-2.132759333E0,-1.051883340E0,-3.059679031E0
9.984066333E0,-2.162984133E0,-8.272402883E-1,-2.885469913E0
9.994079333E0,-2.270910263E0,-5.496201515E-1,-2.734264851E0
1.000409333E1,-2.395923853E0,-3.970577121E-1,-2.596188068E0
1.001410633E1,-2.443795919E0,-4.669326544E-1,-2.447023869E0
1.002411933E1,-2.429794312E0,-5.552932620E-1,-2.363444090E0
1.003413333E1,-2.433960676E0,-6.032615304E-1,-2.362210035E0
1.004414633E1,-2.392421961E0,-6.436247230E-1,-2.326840878E0
1.005415933E1,-2.319720268E0,-6.679577231E-1,-2.237841606E0
1.006417233E1,-2.273174524E0,-6.163399220E-1,-2.122312307E0
1.007418633E1,-2.300428152E0,-3.552430868E-1,-2.023979902E0
1.008419933E1,-2.336687088E0,-7.366230339E-2,-1.923225164E0
1.009421233E1,-2.306325912E0,5.913436785E-2,-1.736297965E0
1.010422633E1,-2.204021692E0,-5.024119280E-3,-1.475762367E0
1.011423958E1,-1.969833851E0,-2.676091492E-1,-1.223241091E0
1.012425258E1,-1.657006145E0,-6.175864935E-1,-1.016347051E0
1.013426658E1,-1.461231232E0,-8.156268597E-1,-9.044687748E-1
1.014427958E1,-1.454042673E0,-7.557282448E-1,-8.141915798E-1
1.015429258E1,-1.613591075E0,-4.717455208E-1,-7.619717717E-1
1.016430658E1,-1.830039382E0,-6.710563600E-2,-7.446620464E-1
1.017431958E1,-1.902915955E0,2.448844761E-1,-7.085239887E-1
1.018433258E1,-1.826867700E0,3.422149420E-1,-6.765893102E-1
1.019434558E1,-1.686423182E0,1.429692209E-1,-6.282483935E-1
1.020435958E1,-1.539413571E0,-3.067011237E-1,-4.581413567E-1
1.021437258E1,-1.414916873E0,-8.657143116E-1,-2.056358755E-1
1.022438558E1,-1.235059738E0,-1.346875191E0,4.343866557E-2
1.023439958E1,-1.073348880E0,-1.575851679E0,3.245196044E-1
1.024441258E1,-9.513811469E-1,-1.479134440E0,6.540505886E-1
1.025442558E1,-9.034628868E-1,-1.292441249E0,1.032108188E0
1.026443958E1,-8.667669296E-1,-1.077647448E0,1.359938025E0
1.027445258E1,-7.585062385E-1,-8.757716417E-1,1.476265907E0
1.028446558E1,-5.729546547E-1,-5.950637460E-1,1.420464158E0
1.029447958E1,-4.033693671E-1,-2.452090830E-1,1.327744961E0
1.030449258E1,-2.932420075E-1,1.516076624E-1,1.308598161E0
1.031450558E1,-2.095271647E-1,4.000726044E-1,1.382598281E0
1.032451858E1,-8.473991603E-2,4.005618691E-1,1.526443124E0
1.033453258E1,2.082655877E-1,2.802514434E-1,1.750197649E0
1.034454558E1,5.351263881E-1,2.392042726E-1,1.982431889E0
1.035455858E1,7.631859183E-1,2.693368793E-1,2.151813507E0
1.036457258E1,8.457196355E-1,3.411863148E-1,2.254743576E0
1.037458558E1,7.490943074E-1,5.865947604E-1,2.297754765E0
1.038459858E1,5.314918160E-1,9.478066564E-1,2.263018131E0
1.039461258E1,3.240616322E-1,1.210550666E0,2.237434864E0
1.040462558E1,2.807675004E-1,1.186199069E0,2.289203405E0
1.041463858E1,4.998902678E-1,7.392089963E-1,2.455512762E0
1.042465258E1,9.310241342E-1,1.130695269E-1,2.644309998E0
1.043466558E1,1.334800363E0,-2.737442255E-1,2.699054241E0
1.044467858E1,1.561010718E0,-1.396327019E-1,2.655999422E0
1.045469158E1,1.434085011E0,5.645712614E-1,2.576772690E0
1.046470558E1,1.057959676E0,1.452297568E0,2.476252556E0
1.047471858E1,7.568493485E-1,1.928542495E0,2.508091211E0
1.048473158E1,6.304112077E-1,1.938077450E0,2.628758669E0
1.049474558E1,7.022614479E-1,1.411759853E0,2.780674458E0
1.050475858E1,9.475959539E-1,6.994869709E-1,2.970869303E0
1.051477158E1,1.288917184E0,3.089900613E-1,3.068883896E0
1.052478558E1,1.466930032E0,5.941101313E-1,3.038107634E0
1.053479858E1,1.345939159E0,1.337686539E0,2.911394119E0
1.054481158E1,1.124210119E0,1.817442894E0,2.815849304E0
1.055482558E1,1.084246755E0,1.467176199E0,2.791093349E0
1.056483858E1,1.284099460E0,4.021526575E-1,2.790826559E0
1.057485158E1,1.581695437E0,-9.197885990E-1,2.640426397E0
1.058486458E1,1.856750250E0,-1.796724558E0,2.394317865E0
1.059487858E1,2.075613976E0,-1.803784013E0,2.089291573E0
1.060489158E1,2.041771650E0,-1.143015027E0,1.693018198E0
1.061490458E1,1.740028620E0,-7.923580706E-2,1.334836364E0
1.062491858E1,1.189270854E0,6.350708008E-1,7.522469163E-1
1.063493158E1,5.642427802E-1,7.353643775E-1,2.761901319E-1
1.064494458E1,7.755698264E-2,2.249505669E-1,-1.046101823E-1
1.065495858E1,-1.862917095E-1,-6.433128715E-1,-4.373716414E-1
1.066497158E1,-2.764967084E-1,-1.293534160E0,-7.377839684E-1
1.067498458E1,-3.925772607E-1,-1.437033534E0,-1.036405087E0
1.068499758E1,-5.458915830E-1,-1.247238517E0,-1.268765450E0
1.069501158E1,-7.608073354E-1,-7.956201434E-1,-1.470102549E0
1.070502458E1,-1.082625866E0,-2.914511561E-1,-1.657890320E0
1.071503758E1,-1.463831067E0,8.633796126E-2,-1.811547756E0
1.072505158E1,-1.742876172E0,1.760778427E-1,-1.928523898E0
1.073506458E1,-1.756409883E0,-3.616464138E-2,-2.061952829E0
1.074507758E1,-1.540283561E0,-4.421348572E-1,-2.163257360E0
1.075509158E1,-1.277396560E0,-8.182006478E-1,-2.193629980E0
1.076510458E1,-1.191213727E0,-9.873508215E-1,-2.174576283E0
1.077511758E1,-1.270514369E0,-9.305791855E-1,-2.162094116E0
1.078513158E1,-1.378244519E0,-8.243968487E-1,-2.140656710E0
1.079514458E1,-1.521041274E0,-7.849993706E-1,-2.143093824E0
1.080515758E1,-1.655597091E0,-9.356852174E-1,-2.151973009E0
1.081517058E1,-1.691261053E0,-1.263952017E0,-2.206213951E0
1.082518458E1,-1.673271418E0,-1.594635129E0,-2.314707518E0
1.083519758E1,-1.733090639E0,-1.797652483E0,-2.406198263E0
1.084521058E1,-1.866402507E0,-1.841239452E0,-2.447876930E0
1.085522458E1,-2.002694845E0,-1.636514306E0,-2.433935881E0
1.086523758E1,-2.141710281E0,-1.184970498E0,-2.384846449E0
1.087525058E1,-2.201708078E0,-7.272186279E-1,-2.302657127E0
1.088526458E1,-2.120232821E0,-3.809863031E-1,-2.199352026E0
1.089527758E1,-1.913428783E0,-2.660895586E-1,-2.083324909E0
1.090529058E1,-1.744061828E0,-4.058123529E-1,-1.985275269E0
1.091530458E1,-1.696243167E0,-6.940010190E-1,-1.904959321E0
1.092531758E1,-1.714323640E0,-1.025340319E0,-1.846291304E0
1.093533058E1,-1.755475640E0,-1.402505398E0,-1.824967623E0
1.094534358E1,-1.763094425E0,-1.768978119E0,-1.800614476E0
1.095535758E1,-1.683438420E0,-1.975136399E0,-1.721748352E0
1.096537058E1,-1.583120227E0,-1.933605433E0,-1.644601703E0
1.097538358E1,-1.421551824E0,-1.750067234E0,-1.519485354E0
1.098539758E1,-1.230498672E0,-1.594111800E0,-1.312185168E0
1.099541058E1,-1.109932661E0,-1.491876721E0,-1.135607719E0
1.100542358E1,-1.084544420E0,-1.481975675E0,-1.017766356E0
1.101543758E1,-1.113100886E0,-1.548057795E0,-9.297081232E-1
1.102545058E1,-1.197798729E0,-1.544284940E0,-8.500063419E-1
1.103546358E1,-1.320466518E0,-1.317059517E0,-7.953385711E-1
1.104547658E1,-1.480535269E0,-1.054698229E0,-7.613990903E-1
1.105549058E1,-1.574372768E0,-9.545547962E-1,-7.353568077E-1
1.106550358E1,-1.501800895E0,-1.013884306E0,-6.820248365E-1
1.107551658E1,-1.221440673E0,-1.270420432E0,-5.328624845E-1
1.108553058E1,-7.963469625E-1,-1.635247469E0,-3.261481524E-1
1.109554358E1,-3.883182406E-1,-1.835547328E0,-1.429407746E-1
1.110555658E1,-2.051444501E-1,-1.923991799E0,3.235566244E-2
1.111557071E1,-2.597563267E-1,-1.786016583E0,2.671258152E-1
1.112558371E1,-5.091279745E-1,-1.460868120E0,4.893641770E-1
1.113559671E1,-7.969509959E-1,-1.034537315E0,6.600099802E-1
1.114560971E1,-1.003208280E0,-6.971467733E-1,7.530198097E-1
1.115562371E1,-1.048306346E0,-5.272797346E-1,8.100239635E-1
1.116563671E1,-9.508374333E-1,-5.238287449E-1,8.819513917E-1
1.117564971E1,-7.456818819E-1,-6.194987893E-1,1.009913325E0
1.118566371E1,-5.521853566E-1,-7.736762762E-1,1.153087378E0
1.119567671E1,-4.382627606E-1,-7.851124406E-1,1.226250768E0
1.120568971E1,-4.054567516E-1,-6.276211739E-1,1.218915701E0
1.121570371E1,-4.376748800E-1,-2.783886194E-1,1.214219451E0
1.122571671E1,-5.005766153E-1,1.043588892E-1,1.274528623E0
1.123572971E1,-5.839972496E-1,4.095789790E-1,1.324145913E0
1.124574371E1,-6.373444796E-1,5.399272442E-1,1.390051603E0
1.125575671E1,-5.881047845E-1,5.122772455E-1,1.445535302E0
1.126576971E1,-4.406832457E-1,4.915260077E-1,1.483500361E0
1.127578271E1,-2.286543548E-1,4.862020612E-1,1.587635756E0
1.128579671E1,-5.373068899E-2,5.131754875E-1,1.740086794E0
1.129580971E1,6.198605895E-2,6.160869598E-1,1.908692360E0
1.130582271E1,1.397149265E-1,6.926833987E-1,2.060705185E0
1.131583671E1,1.560915112E-1,7.400908470E-1,2.137842417E0
1.132584971E1,1.152441874E-1,7.933933139E-1,2.164560080E0
1.133586271E1,8.860645443E-2,8.404303193E-1,2.162216663E0
1.134587671E1,7.881435007E-2,8.445073962E-1,2.123804331E0
1.135588971E1,8.689571172E-2,8.769937158E-1,2.043797016E0
1.136590271E1,1.460044384E-1,8.543900847E-1,2.037824869E0
1.137591571E1,2.485073805E-1,6.386039853E-1,2.106882572E0
1.138592971E1,3.742861152E-1,3.549543619E-1,2.170110464E0
1.139594271E1,5.171476603E-1,1.924195141E-1,2.242917776E0
1.140595571E1,6.310238838E-1,2.464115918E-1,2.299211025E0
1.141596971E1,7.082478404E-1,4.551799893E-1,2.314142227E0
1.142598271E1,7.931037545E-1,7.053822875E-1,2.361271620E0
1.143599571E1,8.857825398E-1,8.919327259E-1,2.442740440E0
1.144600971E1,9.607908130E-1,9.871467948E-1,2.469567776E0
1.145602271E1,1.050028563E0,9.955701232E-1,2.443968773E0
1.146603571E1,1.123991251E0,9.207724333E-1,2.419675350E0
1.147604871E1,1.080146313E0,8.089779615E-1,2.415563583E0
1.148606271E1,1.006093979E0,6.066741347E-1,2.453857899E0
1.149607571E1,9.028261304E-1,4.466629028E-1,2.464786530E0
1.150608871E1,7.928689718E-1,6.222108006E-1,2.418052912E0
1.151610271E1,7.006841898E-1,1.082578897E0,2.339269876E0
1.152611571E1,6.564412117E-1,1.660861611E0,2.297093391E0
1.153612871E1,6.711357236E-1,1.967214108E0,2.384448290E0
1.154614271E1,8.721983433E-1,1.800443172E0,2.632689953E0
1.155615571E1,1.141295671E0,1.339383721E0,2.765013695E0
1.156616871E1,1.346372843E0,9.347008467E-1,2.669463634E0
1.157618171E1,1.372557759E0,7.117287517E-1,2.496349096E0
1.158619571E1,1.185876608E0,7.086917162E-1,2.301542997E0
1.159620871E1,9.922123551E-1,8.861418366E-1,2.151173353E0
1.160622171E1,9.721325636E-1,1.107919455E0,2.170763493E0
1.161623571E1,1.012733221E0,1.318100095E0,2.308672428E0
1.162624871E1,1.197319150E0,1.301364541E0,2.504080534E0
1.163626171E1,1.506674886E0,1.048323512E0,2.663562775E0
1.164627571E1,1.796346545E0,7.240777016E-1,2.746383429E0
1.165628871E1,1.931304097E0,5.109081864E-1,2.754101992E0
1.166630171E1,1.848033786E0,4.490883052E-1,2.682736397E0
1.167631471E1,1.630858302E0,5.607237816E-1,2.567003965E0
1.168632871E1,1.481128454E0,7.136787176E-1,2.555492163E0
1.169634171E1,1.433580875E0,7.758265138E-1,2.592103243E0
1.170635471E1,1.480800748E0,7.378074527E-1,2.571555614E0
1.171636871E1,1.631965160E0,6.506299376E-1,2.500912666E0
1.172638171E1,1.746123195E0,5.881057382E-1,2.404482603E0
1.173639471E1,1.755173922E0,6.418235302E-1,2.294950485E0
1.174640871E1,1.673591256E0,8.650408387E-1,2.203262329E0
1.175642171E1,1.622888088E0,1.273759604E0,2.201280594E0
1.176643471E1,1.767578363E0,1.417878389E0,2.338621855E0
1.177644771E1,2.121194601E0,1.151034117E0,2.477452278E0
1.178646171E1,2.471401215E0,8.053140044E-1,2.521633387E0
1.179647471E1,2.632919073E0,7.172325850E-1,2.455688238E0
1.180648771E1,2.614567280E0,8.171585798E-1,2.286987305E0
1.181650171E1,2.449995041E0,9.611248374E-1,2.105824709E0
1.182651471E1,2.230282545E0,1.090751171E0,2.036460638E0
1.183652771E1,2.214099169E0,1.199056506E0,2.118824720E0
1.184654171E1,2.427071571E0,1.169216752E0,2.216511726E0
1.185655471E1,2.541283131E0,1.166436672E0,2.264290333E0
1.186656771E1,2.490478754E0,1.276299715E0,2.145562172E0
1.187658071E1,2.213978767E0,1.640471339E0,1.880482197E0
1.188659471E1,1.798182011E0,2.105381966E0,1.589063048E0
1.189660771E1,1.357709527E0,2.446920872E0,1.291944623E0
1.190662071E1,1.022490859E0,2.702234745E0,1.079424381E0
1.191663471E1,8.503686786E-1,2.685689688E0,1.009844184E0
1.192664771E1,8.881779909E-1,2.159988403E0,1.071034789E0
1.193666071E1,1.081081986E0,1.286747932E0,1.196428418E0
1.194667471E1,1.278966069E0,4.282191098E-1,1.203855038E0
1.195668771E1,1.377984285E0,-5.524635687E-2,1.038877010E0
1.196670071E1,1.329713821E0,-2.208253741E-1,8.484895825E-1
1.197671371E1,1.096585512E0,-1.646095067E-1,6.141969562E-1
1.198672771E1,7.784942985E-1,-4.806425795E-2,3.411329091E-1
1.199674071E1,5.033003092E-1,-5.395437032E-2,7.702747732E-2
1.200675371E1,3.841749430E-1,2.989482135E-2,-1.047165096E-1
1.201676771E1,2.961617410E-1,3.198800385E-1,-2.719771266E-1
1.202678071E1,3.714203089E-2,6.125136018E-1,-3.899517059E-1
1.203679371E1,-3.856507838E-1,8.585417271E-1,-4.334003925E-1
1.204680771E1,-8.413364291E-1,1.022986174E0,-5.103811622E-1
1.205682071E1,-1.159863234E0,1.059913516E0,-5.812817216E-1
1.206683371E1,-1.234750867E0,8.433838487E-1,-6.163851023E-1
1.207684671E1,-1.035108924E0,3.912893832E-1,-5.446770787E-1
1.208686071E1,-6.762417555E-1,-1.566064358E-1,-4.321191013E-1
1.209687371E1,-2.896002829E-1,-6.785218120E-1,-3.273916245E-1
1.210688671E1,6.739385426E-4,-1.052917838E0,-2.094751149E-1
1.211689996E1,1.961225271E-1,-1.318342328E0,-1.212323532E-1
1.212691296E1,3.398624361E-1,-1.467876077E0,-2.654156461E-2
1.213692596E1,3.373348415E-1,-1.483741879E0,1.515208650E-2
1.214693996E1,1.855238378E-1,-1.308674216E0,-7.675802708E-2
1.215695296E1,2.544946969E-2,-1.054577231E0,-2.724108696E-1
1.216696596E1,-4.117975011E-2,-7.964080572E-1,-4.761068523E-1
1.217697896E1,-1.759108040E-3,-5.824195743E-1,-6.258979440E-1
1.218699296E1,-2.516788663E-3,-4.716655612E-1,-7.698883414E-1
1.219700596E1,-3.771924973E-2,-4.448888004E-1,-9.220334291E-1
1.220701896E1,-6.609299779E-2,-4.415292442E-1,-1.070733786E0
1.221703296E1,-6.904164702E-2,-4.419638813E-1,-1.224314213E0
1.222704596E1,-6.074900925E-2,-4.555442929E-1,-1.411148071E0
1.223705896E1,-3.774195910E-2,-4.603861868E-1,-1.580055356E0
1.224707196E1,-1.774891466E-2,-4.615019858E-1,-1.687977791E0
1.225708596E1,1.733583398E-2,-4.933928251E-1,-1.731439471E0
1.226709896E1,9.195658565E-2,-4.862155318E-1,-1.689340711E0
1.227711196E1,2.103530020E-1,-4.871708155E-1,-1.592243195E0
1.228712596E1,3.325242698E-1,-4.363783300E-1,-1.486582398E0
1.229713896E1,4.155070484E-1,-4.257216752E-1,-1.395256996E0
1.230715196E1,4.697919786E-1,-5.095940828E-1,-1.331648946E0
1.231716596E1,5.397611856E-1,-5.757166147E-1,-1.303486824E0
1.232717896E1,6.290144324E-1,-5.890557170E-1,-1.302137613E0
1.233719196E1,7.996383309E-1,-5.561904311E-1,-1.271385312E0
1.234720496E1,1.026904702E0,-4.574033320E-1,-1.228878617E0
1.235721896E1,1.252066970E0,-2.854584754E-1,-1.235560536E0
1.236723196E1,1.459393501E0,-3.596590832E-2,-1.340241671E0
1.237724496E1,1.604869962E0,1.383025646E-1,-1.528635025E0
1.238725896E1,1.860473394E0,1.359020825E-3,-1.665262341E0
1.239727196E1,2.197778702E0,-4.232934713E-1,-1.693753123E0
1.240728496E1,2.423207521E0,-9.412353635E-1,-1.550195694E0
1.241729896E1,2.354120731E0,-1.293574452E0,-1.207072139E0
1.242731196E1,1.975539207E0,-1.426911235E0,-6.839348078E-1
1.243732496E1,1.470015764E0,-1.133757234E0,2.536447253E-3
1.244733796E1,1.063249946E0,-6.059638858E-1,7.328947783E-1
1.245735196E1,8.885566592E-1,-1.106750444E-1,1.324170351E0
1.246736496E1,1.156240821E0,3.564058840E-1,1.710814118E0
1.247737796E1,1.764055610E0,6.274033189E-1,2.015248537E0
1.248739196E1,2.494889021E0,6.255121827E-1,2.276003361E0
1.249740496E1,3.101936340E0,4.491630197E-1,2.492645979E0
1.250741796E1,3.405068398E0,2.433800846E-1,2.705041647E0
1.251743196E1,3.466133118E0,1.576979458E-1,3.071171522E0
1.252744496E1,3.319548845E0,1.246171445E-1,3.522333145E0
1.253745796E1,2.995176315E0,1.385313570E-1,3.811177731E0
1.254747096E1,2.680492163E0,2.589739263E-1,3.614271641E0
1.255748496E1,2.462577581E0,2.938813269E-1,3.060716391E0
1.256749796E1,2.407822609E0,2.634736300E-1,2.388969183E0
1.257751096E1,2.482029676E0,9.981172532E-2,1.869164824E0
1.258752496E1,2.525875330E0,-2.019830495E-1,1.707529664E0
1.259753796E1,2.479028225E0,-5.098620653E-1,1.767293096E0
1.260755096E1,2.463577509E0,-6.611259580E-1,1.732754350E0
1.261756496E1,2.386560917E0,-7.515271902E-1,1.513921022E0
1.262757796E1,2.220725536E0,-7.151195407E-1,1.152771711E0
1.263759096E1,2.013405085E0,-5.930490494E-1,7.975355387E-1
1.264760396E1,1.796697497E0,-5.117396712E-1,5.508005619E-1
1.265761796E1,1.604075670E0,-6.116076708E-1,4.812100530E-1
1.266763096E1,1.303006768E0,-8.589620590E-1,5.407559872E-1
1.267764396E1,1.011392236E0,-1.166090369E0,5.342248678E-1
1.268765796E1,9.581381083E-1,-1.677266717E0,4.741913378E-1
1.269767096E1,1.135002136E0,-2.192045927E0,5.264787674E-1
1.270768396E1,1.508752465E0,-2.499596834E0,6.786478162E-1
1.271769696E1,1.854323506E0,-2.462723732E0,8.327769637E-1
1.272771096E1,2.007066965E0,-1.832808852E0,7.138627768E-1
1.273772396E1,1.935867906E0,-9.807731509E-1,4.275311828E-1
1.274773696E1,1.793950677E0,-2.699576318E-1,1.660350859E-1
1.275775096E1,1.738353252E0,-8.711671084E-2,3.423099220E-2
1.276776396E1,1.738441586E0,-4.019312561E-1,4.125429690E-2
1.277777696E1,1.683738470E0,-1.055338383E0,-1.972409897E-2
1.278779096E1,1.858269691E0,-1.979575515E0,-1.892718822E-1
1.279780396E1,2.132688999E0,-2.963987112E0,-4.110593796E-1
1.280781696E1,2.156077862E0,-3.580707788E0,-6.880779862E-1
1.281782996E1,1.911126733E0,-3.516803265E0,-9.417733550E-1
1.282784396E1,1.506497264E0,-2.865410805E0,-1.125039101E0
1.283785696E1,1.176653624E0,-1.803478837E0,-1.298770905E0
1.284786996E1,1.010184288E0,-8.933299184E-1,-1.378868699E0
1.285788396E1,9.159453511E-1,-4.706785083E-1,-1.359451771E0
1.286789696E1,1.053472996E0,-4.141740203E-1,-1.416031003E0
1.287790996E1,1.103051782E0,-5.742680430E-1,-1.433481097E0
1.288792396E1,1.014475703E0,-9.926143885E-1,-1.533979416E0
1.289793696E1,8.853939176E-1,-1.515941024E0,-1.666642904E0
1.290794996E1,7.742279768E-1,-1.938994408E0,-1.820122004E0
1.291796296E1,6.421258450E-1,-2.052449703E0,-1.969709039E0
1.292797696E1,4.520010054E-1,-1.972933054E0,-2.108417273E0
1.293798996E1,2.610616982E-1,-1.698161483E0,-2.275355577E0
1.294800296E1,1.002958640E-1,-1.378872037E0,-2.431924582E0
1.295801696E1,-1.181485830E-3,-1.106824517E0,-2.486556292E0
1.296802996E1,-4.668247700E-2,-9.775673747E-1,-2.501240015E0
1.297804296E1,1.245274581E-2,-9.505416155E-1,-2.469700575E0
1.298805596E1,1.542757004E-1,-1.015318513E0,-2.390156507E0
1.299806996E1,2.322525233E-1,-1.166642547E0,-2.278769732E0
1.300808296E1,2.434310019E-1,-1.382965446E0,-2.164687157E0
1.301809596E1,2.291269004E-1,-1.469912291E0,-2.064610243E0
1.302810996E1,9.985697269E-2,-1.365241647E0,-1.969898701E0
1.303812296E1,-1.741713732E-1,-1.199283600E0,-1.874789238E0
1.304813596E1,-4.229003787E-1,-9.996467829E-1,-1.753679752E0
1.305814996E1,-5.393756032E-1,-7.958294749E-1,-1.656712174E0
1.306816296E1,-5.949772596E-1,-6.624106765E-1,-1.596668363E0
1.307817596E1,-5.943168402E-1,-5.878589153E-1,-1.538383245E0
1.308818896E1,-5.923094749E-1,-5.796790123E-1,-1.467568398E0
1.309820296E1,-5.831543207E-1,-6.073151827E-1,-1.383893251E0
1.310821596E1,-5.296332836E-1,-7.209748626E-1,-1.293048263E0
1.311822979E1,-4.664740860E-1,-1.076318264E0,-1.168363333E0
1.312824379E1,-3.972684443E-1,-1.461638451E0,-1.039225578E0
1.313825679E1,-3.951309919E-1,-1.706019402E0,-9.607750177E-1
1.314826979E1,-4.663556516E-1,-1.791776538E0,-9.237293005E-1
1.315828279E1,-5.500468612E-1,-1.677320004E0,-8.476428390E-1
1.316829679E1,-6.056794524E-1,-1.429493189E0,-6.949440837E-1
1.317830979E1,-6.831678748E-1,-1.099803686E0,-5.186403990E-1
1.318832279E1,-7.483699918E-1,-7.027642727E-1,-3.506197333E-1
1.319833679E1,-7.923811078E-1,-3.090332448E-1,-2.494153231E-1
1.320834979E1,-8.044883013E-1,-8.174920827E-2,-2.237089127E-1
1.321836279E1,-7.053816915E-1,-6.678437442E-2,-1.928905398E-1
1.322837679E1,-5.420582891E-1,-1.963603646E-1,-1.287560314E-1
1.323838979E1,-4.410499334E-1,-3.503603041E-1,-9.338567033E-3
1.324840279E1,-4.158169329E-1,-4.309318364E-1,1.476105601E-1
1.325841579E1,-4.641517103E-1,-3.926472962E-1,2.938825488E-1
1.326842979E1,-4.999567270E-1,-2.860191762E-1,3.706929386E-1
1.327844279E1,-4.339832962E-1,-1.524344981E-1,3.997304440E-1
1.328845579E1,-3.215501010E-1,-5.034484901E-3,4.340558946E-1
1.329846979E1,-2.745056152E-1,1.680289060E-1,5.190919042E-1
1.330848279E1,-3.074428141E-1,3.328776360E-1,6.913105845E-1
1.331849579E1,-3.086441755E-1,4.562855959E-1,8.843399286E-1
1.332850879E1,-2.254263908E-1,5.498224497E-1,1.068821430E0
1.333852279E1,-7.284591347E-2,6.170552969E-1,1.170788050E0
1.334853579E1,6.446795911E-2,7.066112161E-1,1.187766433E0
1.335854879E1,1.126267016E-1,7.721617222E-1,1.213502169E0
1.336856279E1,9.676358104E-2,7.600668669E-1,1.291267991E0
1.337857579E1,9.138985723E-2,6.687372327E-1,1.372800469E0
1.338858879E1,1.055678725E-1,5.594729185E-1,1.401040673E0
1.339860279E1,9.792060405E-2,4.958427548E-1,1.368719220E0
1.340861579E1,9.262245893E-2,4.460233450E-1,1.321169972E0
1.341862879E1,1.706227213E-1,3.796618879E-1,1.337186813E0
1.342864179E1,4.492070377E-1,3.935917318E-1,1.356803656E0
1.343865579E1,8.771139383E-1,4.981130660E-1,1.374892831E0
1.344866879E1,1.283750892E0,7.095696330E-1,1.398165703E0
1.345868179E1,1.478255153E0,9.888001680E-1,1.433361292E0
1.346869579E1,1.449509859E0,1.229407787E0,1.434969783E0
1.347870879E1,1.264061689E0,1.316470861E0,1.369831562E0
1.348872179E1,1.031898499E0,1.257061839E0,1.235034347E0
1.349873479E1,8.455826640E-1,1.080569863E0,1.083546042E0
1.350874879E1,7.488436103E-1,8.539074659E-1,9.182409644E-1
1.351876179E1,7.698881626E-1,5.446987748E-1,7.555460930E-1
1.352877479E1,8.383048773E-1,1.625685692E-1,6.027998924E-1
1.353878879E1,8.088756204E-1,-2.275661528E-1,4.199315608E-1
1.354880179E1,6.367539167E-1,-3.789652884E-1,2.052128315E-1
1.355881479E1,3.195975423E-1,-3.255625069E-1,-3.014935553E-2
1.356882879E1,-5.938339978E-2,-1.732714772E-1,-3.023358285E-1
1.357884179E1,-3.936852217E-1,-6.105332449E-2,-5.723680854E-1
1.358885479E1,-5.877505541E-1,-3.460740298E-2,-8.056663871E-1
1.359886779E1,-6.579954028E-1,-1.223431155E-1,-9.981311560E-1
1.360888179E1,-6.660933495E-1,-3.180651963E-1,-1.114790916E0
1.361889479E1,-6.325950623E-1,-5.907902122E-1,-1.161189914E0
1.362890779E1,-5.661203861E-1,-8.013685346E-1,-1.178363681E0
1.363892179E1,-5.798662901E-1,-9.039534926E-1,-1.182252645E0
1.364893479E1,-6.799450517E-1,-8.964638710E-1,-1.175549388E0
1.365894779E1,-8.620700836E-1,-8.196277022E-1,-1.184274197E0
1.366896179E1,-1.030540347E0,-7.759479284E-1,-1.185428858E0
1.367897479E1,-1.078343749E0,-7.917718887E-1,-1.157793760E0
1.368898779E1,-1.027523279E0,-8.329852223E-1,-1.093032122E0
1.369900079E1,-1.021182537E0,-8.821530342E-1,-1.001849174E0
1.370901479E1,-1.060820937E0,-8.845390677E-1,-8.936926126E-1
1.371902779E1,-1.122085571E0,-8.637155890E-1,-8.276669979E-1
1.372904079E1,-1.194788337E0,-7.781953216E-1,-8.250927925E-1
1.373905479E1,-1.288613081E0,-6.665431261E-1,-8.431437016E-1
1.374906779E1,-1.393463373E0,-5.767835975E-1,-8.459123373E-1
1.375908079E1,-1.453397036E0,-5.258996487E-1,-8.223146200E-1
1.376909379E1,-1.418783784E0,-5.444837213E-1,-7.980009317E-1
1.377910779E1,-1.340255976E0,-6.823198795E-1,-7.674659491E-1
1.378912079E1,-1.255611897E0,-9.086986780E-1,-6.968312263E-1
1.379913379E1,-1.216566205E0,-1.075457096E0,-5.545071363E-1
1.380914779E1,-1.233020902E0,-1.098142505E0,-3.800418675E-1
1.381916079E1,-1.262976170E0,-9.594720006E-1,-1.898450106E-1
1.382917379E1,-1.286931992E0,-7.201889753E-1,-2.542404085E-2
1.383918779E1,-1.341576099E0,-3.631314933E-1,7.837346196E-2
1.384920079E1,-1.474139571E0,-3.665555641E-2,1.448210925E-1
1.385921379E1,-1.559574008E0,2.220750749E-1,1.960592419E-1
1.386922679E1,-1.528258681E0,3.117203116E-1,2.625653744E-1
1.387924079E1,-1.397691369E0,2.286744118E-1,3.764900565E-1
1.388925379E1,-1.186919689E0,1.414411068E-1,5.216494203E-1
1.389926679E1,-1.053244114E0,1.358796358E-1,6.608113050E-1
1.390928079E1,-1.021867037E0,2.629131675E-1,7.661997676E-1
1.391929379E1,-1.037837505E0,4.995076060E-1,8.287904263E-1
1.392930679E1,-1.009821296E0,7.710649967E-1,8.555053473E-1
1.393931979E1,-9.145797491E-1,8.997520804E-1,9.010326266E-1
1.394933379E1,-6.896659136E-1,8.798115253E-1,9.355844855E-1
1.395934679E1,-3.536018729E-1,7.274560928E-1,9.816523790E-1
1.396935979E1,5.378734320E-2,5.315856934E-1,1.041985989E0
1.397937379E1,4.317141175E-1,4.356096387E-1,1.143280745E0
1.398938679E1,7.089943290E-1,5.275888443E-1,1.284163356E0
1.399939979E1,8.773348927E-1,7.762705684E-1,1.430251002E0
1.400941279E1,9.818021059E-1,1.100612402E0,1.551523566E0
1.401942679E1,1.027777076E0,1.391854882E0,1.638255239E0
1.402943979E1,1.091245770E0,1.520202994E0,1.645144343E0
1.403945279E1,1.263126969E0,1.505106568E0,1.561165810E0
1.404946679E1,1.522439599E0,1.392202377E0,1.470240712E0
1.405947979E1,1.748668551E0,1.275811791E0,1.387821674E0
1.406949279E1,1.921990633E0,1.332566857E0,1.264204979E0
1.407950679E1,2.023520947E0,1.618085504E0,1.132246733E0
1.408951979E1,2.046846390E0,1.949659705E0,1.040894628E0
1.409953279E1,2.166068792E0,2.157423019E0,1.020688772E0
1.410954579E1,2.554438114E0,2.111093283E0,1.000249743E0
1.411956029E1,3.198752642E0,1.875037193E0,1.045921087E0
1.412957329E1,3.711207151E0,1.529649377E0,1.173255324E0
1.413958629E1,3.956195831E0,1.276625037E0,1.298576236E0
1.414960029E1,3.702708006E0,1.324079752E0,1.366252303E0
1.415961329E1,2.870084524E0,1.650433064E0,1.335478067E0
1.416962629E1,1.925914526E0,1.994321227E0,1.379696369E0
1.417963929E1,1.081727028E0,1.755804777E0,1.027895451E0
1.418965329E1,3.357112110E-1,1.006364346E0,5.854083896E-1
1.419966629E1,-2.052319050E-1,3.274249732E-1,2.022005171E-1
1.420967929E1,-4.000188410E-1,6.595885009E-2,-4.298738390E-2
1.421969329E1,-4.759591222E-1,4.775381181E-3,-2.383590043E-1
1.422970629E1,-5.171653628E-1,1.825716197E-1,-4.142043591E-1
1.423971929E1,-5.798194408E-1,4.323931932E-1,-4.447098076E-1
1.424973229E1,-6.594843268E-1,5.662161708E-1,-4.079496264E-1
1.425974629E1,-6.556257010E-1,4.045287073E-1,-3.592867553E-1
1.426975929E1,-4.848953784E-1,3.077999875E-2,-3.733603060E-1
1.427977229E1,-2.640269101E-1,-3.465427756E-1,-4.052154422E-1
1.428978629E1,-1.662476510E-1,-5.690555573E-1,-4.112761915E-1
1.429979929E1,-2.395679355E-1,-6.266067624E-1,-4.447500110E-1
1.430981229E1,-4.016048610E-1,-5.443744659E-1,-5.274055004E-1
1.431982629E1,-5.586681962E-1,-4.596359134E-1,-6.473931074E-1
1.432983929E1,-6.443454623E-1,-4.255782366E-1,-7.866636515E-1
1.433985229E1,-6.897677779E-1,-5.000115037E-1,-9.684785008E-1
1.434986529E1,-7.358171940E-1,-6.284182072E-1,-1.152423263E0
1.435987929E1,-7.784027457E-1,-6.995477676E-1,-1.255807996E0
1.436989229E1,-8.058118820E-1,-5.776653886E-1,-1.227166772E0
1.437990529E1,-7.912097573E-1,-3.057611585E-1,-1.113538980E0
1.438991929E1,-7.760846019E-1,1.125825271E-1,-1.016574860E0
1.439993229E1,-8.100399375E-1,5.029838681E-1,-9.038842916E-1
1.440994529E1,-8.880223036E-1,9.037035704E-1,-7.742950916E-1
1.441995829E1,-9.381286502E-1,1.266331792E0,-7.223506570E-1
1.442997229E1,-8.055927157E-1,1.451112151E0,-7.608810663E-1
1.443998529E1,-3.974923193E-1,1.702912211E0,-7.383009195E-1
1.444999829E1,1.105492041E-1,2.132154226E0,-9.552276134E-1
1.446001229E1,9.599063993E-1,2.905958414E0,-2.001937628E0
1.447002529E1,1.865844727E0,3.508302689E0,-2.789673805E0
1.448003829E1,2.377572298E0,3.524549007E0,-3.220346212E0
1.449005129E1,2.728886127E0,3.500618219E0,-3.415051460E0
1.450006529E1,3.000873566E0,3.349746466E0,-3.305715084E0
1.451007829E1,3.194551945E0,3.005730629E0,-3.135521173E0
1.452009129E1,3.226990461E0,2.522210360E0,-3.008947611E0
1.453010529E1,3.238850355E0,2.028251171E0,-3.038223028E0
1.454011829E1,3.258523941E0,1.612753630E0,-3.206976175E0
1.455013129E1,3.298819304E0,1.387658715E0,-3.291585922E0
1.456014529E1,3.369150639E0,1.244706631E0,-3.254233122E0
1.457015829E1,3.324242830E0,1.050469518E0,-3.175031900E0
1.458017129E1,3.087851286E0,8.557415605E-1,-3.009510517E0
1.459018429E1,2.800435305E0,7.101225257E-1,-2.808514833E0
1.460019829E1,2.619019747E0,5.769711137E-1,-2.568657875E0
1.461021129E1,2.528591633E0,4.470432401E-1,-2.232281208E0
1.462022429E1,2.407119513E0,2.794694304E-1,-1.820176601E0
1.463023829E1,2.248152494E0,3.712045401E-2,-1.368908763E0
1.464025129E1,2.153808832E0,-2.570137084E-1,-9.128543735E-1
1.465026429E1,2.183763981E0,-5.117542148E-1,-5.580145121E-1
1.466027729E1,2.259287357E0,-7.217745781E-1,-3.254675567E-1
1.467029129E1,2.234252214E0,-8.834582567E-1,-7.143634558E-2
1.468030429E1,2.079325914E0,-9.952106476E-1,2.907045484E-1
1.469031729E1,1.861615896E0,-1.002205849E0,6.894569993E-1
1.470033129E1,1.710207701E0,-1.032729149E0,1.096624255E0
1.471034429E1,1.680255890E0,-1.142133355E0,1.491510034E0
1.472035729E1,1.763519883E0,-1.372094393E0,1.855431557E0
1.473037029E1,1.971992493E0,-1.751761436E0,2.240700483E0
1.474038429E1,2.236742496E0,-2.197692394E0,2.635335207E0
1.475039729E1,2.456845045E0,-2.520192385E0,3.010022402E0
1.476041029E1,2.418733597E0,-2.486477137E0,3.227746010E0
1.477042429E1,2.123041868E0,-2.126995325E0,3.265789509E0
1.478043729E1,1.791560173E0,-1.434577227E0,3.126691818E0
1.479045029E1,1.550582647E0,-7.172117233E-1,2.849704981E0
1.480046429E1,1.479172945E0,-1.235156208E-1,2.646156311E0
1.481047729E1,1.586721063E0,1.157557219E-1,2.580888987E0
1.482049029E1,1.944000602E0,-3.239641190E-1,2.799568892E0
1.483050329E1,2.583283663E0,-1.364070892E0,3.095889568E0
1.484051729E1,3.151719809E0,-2.430746555E0,3.128469944E0
1.485053029E1,3.308426619E0,-2.803657293E0,2.844817400E0
1.486054329E1,2.998860836E0,-2.266356707E0,2.293478727E0
1.487055729E1,2.527630329E0,-1.204505086E0,1.508584857E0
1.488057029E1,2.233411074E0,-1.547399759E-1,7.760539651E-1
1.489058329E1,2.092117310E0,6.394898891E-1,3.098822236E-1
1.490059629E1,1.920699000E0,1.075328708E0,2.692881785E-2
1.491061029E1,1.617199898E0,1.161639571E0,-1.736588329E-1
1.492062329E1,1.322180033E0,7.255733609E-1,-3.636825979E-1
1.493063629E1,1.182775378E0,-5.375051498E-1,-6.325073838E-1
1.494065029E1,1.210863233E0,-2.083423615E0,-1.028136730E0
1.495066329E1,1.204370856E0,-3.114387989E0,-1.455724597E0
1.496067629E1,9.709533453E-1,-3.370004892E0,-1.800449729E0
1.497068929E1,5.998703837E-1,-3.103565693E0,-2.054530382E0
1.498070329E1,2.451283187E-1,-2.585855961E0,-2.256480455E0
1.499071629E1,5.236896873E-2,-1.996910214E0,-2.440293789E0
1.500072929E1,2.019778825E-3,-1.608422995E0,-2.535819530E0
1.501074329E1,7.094021887E-2,-1.472760320E0,-2.531401634E0
1.502075629E1,1.748634279E-1,-1.366338849E0,-2.479358912E0
1.503076929E1,2.148072422E-1,-1.271165133E0,-2.422324896E0
1.504078229E1,1.731607318E-1,-1.250088811E0,-2.311489105E0
1.505079629E1,-1.458346844E-1,-1.182514787E0,-2.217757463E0
1.506080929E1,-4.746003449E-1,-1.291992307E0,-2.238393068E0
1.507082229E1,-7.508072853E-1,-1.575490355E0,-2.356301546E0
1.508083629E1,-9.445405006E-1,-1.950865269E0,-2.490242958E0
1.509084929E1,-1.061815858E0,-2.253511429E0,-2.575967789E0
1.510086229E1,-1.137907147E0,-2.337202311E0,-2.550695419E0
1.511087529E1,-1.294748902E0,-2.056198597E0,-2.403104782E0
1.512088883E1,-1.431647301E0,-1.697189331E0,-2.263002396E0
1.513090183E1,-1.474570751E0,-1.286979675E0,-2.194475651E0
1.514091483E1,-1.491276503E0,-9.773901701E-1,-2.174149513E0
1.515092883E1,-1.509966254E0,-7.154983878E-1,-2.158915520E0
1.516094183E1,-1.548596382E0,-5.406698585E-1,-2.123538971E0
1.517095483E1,-1.583355427E0,-4.989320934E-1,-2.097812891E0
1.518096783E1,-1.639016032E0,-6.194888949E-1,-2.083571672E0
1.519098183E1,-1.602449656E0,-8.243905306E-1,-2.079522848E0
1.520099483E1,-1.493823290E0,-9.579983950E-1,-2.045621872E0
1.521100783E1,-1.536873698E0,-9.197099805E-1,-2.031907797E0
1.522102183E1,-1.720496774E0,-6.795972586E-1,-2.038427353E0
1.523103483E1,-1.970792532E0,-3.477407098E-1,-2.053138971E0
1.524104783E1,-2.225054979E0,-6.489065289E-2,-2.067260027E0
1.525106183E1,-2.370672226E0,1.078995690E-1,-2.068666935E0
1.526107483E1,-2.401209831E0,9.065000713E-2,-2.037781477E0
1.527108783E1,-2.297924519E0,-8.561795950E-2,-1.973180175E0
1.528110083E1,-2.126386881E0,-2.594555318E-1,-1.880052686E0
1.529111483E1,-2.024917603E0,-3.261432052E-1,-1.755687356E0
1.530112783E1,-2.081760168E0,-2.995273173E-1,-1.619223714E0
1.531114083E1,-2.176910400E0,-1.905179471E-1,-1.479180574E0
1.532115483E1,-2.257134438E0,-4.907826334E-2,-1.356164098E0
1.533116783E1,-2.269115210E0,9.890063107E-2,-1.202594280E0
1.534118083E1,-2.248490572E0,2.042528838E-1,-1.013989449E0
1.535119383E1,-2.216346979E0,2.589708269E-1,-7.862975001E-1
1.536120783E1,-2.141176224E0,2.412256598E-1,-5.503169298E-1
1.537122083E1,-2.037476063E0,1.091152430E-1,-3.381740451E-1
1.538123383E1,-1.884356856E0,-5.365316570E-2,-1.785880923E-1
1.539124783E1,-1.693366885E0,-1.944459677E-1,-4.488330334E-2
1.540126083E1,-1.501960039E0,-2.430214286E-1,7.749479264E-2
1.541127383E1,-1.332106709E0,-1.789477915E-1,2.115247697E-1
1.542128683E1,-1.178843141E0,-6.795708835E-2,3.526840210E-1
1.543130083E1,-9.625375867E-1,5.286859721E-2,4.980196655E-1
1.544131383E1,-6.954603195E-1,1.398069561E-1,6.571424603E-1
1.545132683E1,-4.348351061E-1,1.354098171E-1,8.120723963E-1
1.546134083E1,-1.799857765E-1,8.879623562E-2,9.611471295E-1
1.547135383E1,-5.274359137E-2,2.640062571E-2,1.078212500E0
1.548136683E1,-3.182366490E-2,7.935758680E-2,1.094325185E0
1.549137983E1,4.490079358E-2,1.464517564E-1,1.020992279E0
1.550139383E1,2.463596016E-1,1.269680709E-1,8.904532194E-1
1.551140683E1,5.772277117E-1,6.904492527E-2,8.298990726E-1
1.552141983E1,9.734901190E-1,-6.652541459E-2,8.802645206E-1
1.553143383E1,1.337574244E0,-1.336270422E-1,1.041122913E0
1.554144683E1,1.581868052E0,1.675500907E-2,1.252201080E0
1.555145983E1,1.680795670E0,3.935874403E-1,1.439386129E0
1.556147283E1,1.781029582E0,8.548096418E-1,1.593918204E0
1.557148683E1,1.911314249E0,1.141137481E0,1.627670288E0
1.558149983E1,1.988229275E0,1.287384629E0,1.583262086E0
1.559151283E1,2.025789738E0,1.244155884E0,1.537597418E0
1.560152683E1,2.088378429E0,1.115075588E0,1.528809428E0
1.561153983E1,2.117719889E0,1.022982597E0,1.513304114E0
1.562155283E1,1.975996375E0,1.138648152E0,1.507403374E0
1.563156583E1,1.727402806E0,1.359555125E0,1.535993576E0
1.564157983E1,1.511271000E0,1.460318446E0,1.538448811E0
1.565159283E1,1.403993845E0,1.370491982E0,1.520103574E0
1.566160583E1,1.384243846E0,1.114597321E0,1.527443051E0
1.567161983E1,1.374933600E0,7.195439935E-1,1.524612904E0
1.568163283E1,1.326564550E0,2.569846213E-1,1.429342508E0
1.569164583E1,1.130536795E0,-6.252537668E-2,1.222950697E0
1.570165983E1,8.505808115E-1,-1.748434007E-1,9.211887717E-1
1.571167283E1,5.429651737E-1,-1.970146745E-1,5.838432312E-1
1.572168583E1,2.801875770E-1,-3.147037625E-1,2.575092912E-1
1.573169883E1,1.863960028E-1,-5.234981775E-1,-3.507011011E-2
1.574171283E1,1.667037904E-1,-7.087697983E-1,-2.986514270E-1
1.575172583E1,6.435822695E-2,-7.151111960E-1,-5.715876222E-1
1.576173883E1,-1.905480921E-1,-4.328081310E-1,-8.656451106E-1
1.577175283E1,-5.419672132E-1,1.058705747E-1,-1.148433566E0
1.578176583E1,-9.171325564E-1,6.734051108E-1,-1.363274217E0
1.579177883E1,-1.228103995E0,1.010623574E0,-1.475439906E0
1.580179183E1,-1.441689014E0,9.959478974E-1,-1.483200192E0
1.581180583E1,-1.599846721E0,6.503086090E-1,-1.499521375E0
1.582181883E1,-1.708346486E0,1.210335493E-1,-1.578559399E0
1.583183183E1,-1.767569661E0,-3.520387709E-1,-1.704162717E0
1.584184583E1,-1.806449890E0,-7.061758041E-1,-1.812016726E0
1.585185883E1,-1.859310150E0,-9.250683784E-1,-1.857868552E0
1.586187183E1,-1.899961472E0,-9.942895770E-1,-1.812186599E0
1.587188483E1,-1.921140432E0,-8.997216821E-1,-1.689587355E0
1.588189883E1,-1.903464437E0,-7.432894707E-1,-1.508631229E0
1.589191183E1,-1.904114842E0,-5.817646980E-1,-1.329023600E0
1.590192483E1,-1.909569025E0,-4.682519436E-1,-1.163140059E0
1.591193783E1,-1.926738501E0,-4.804772437E-1,-1.015757322E0
1.592195183E1,-1.944950700E0,-6.129119992E-1,-9.050356746E-1
1.593196483E1,-1.907472610E0,-8.023725152E-1,-8.463932872E-1
1.594197783E1,-1.791390538E0,-1.003156781E0,-8.246446252E-1
1.595199183E1,-1.625009775E0,-1.169752955E0,-7.901900411E-1
1.596200483E1,-1.466939688E0,-1.272009850E0,-7.172031403E-1
1.597201783E1,-1.367392182E0,-1.147823453E0,-5.951904058E-1
1.598203083E1,-1.337418795E0,-8.253359199E-1,-4.152943790E-1
1.599204483E1,-1.343730330E0,-4.283320606E-1,-2.068421245E-1
1.600205783E1,-1.353077173E0,2.395259216E-2,-3.511641640E-3
1.601207083E1,-1.376009703E0,3.969120383E-1,1.572359502E-1
1.602208483E1,-1.366460681E0,6.438312531E-1,2.083284259E-1
1.603209783E1,-1.290372849E0,7.475801706E-1,2.149077952E-1
1.604211083E1,-1.131237030E0,6.935544610E-1,2.366229445E-1
1.605212483E1,-8.906577229E-1,5.315597057E-1,2.988511622E-1
1.606213783E1,-5.849068761E-1,3.181859255E-1,4.183280170E-1
1.607215083E1,-3.232975900E-1,5.565226823E-2,5.601927638E-1
1.608216383E1,-1.457963139E-1,-1.167554557E-1,6.941114068E-1
1.609217783E1,-4.435713217E-2,-1.447009295E-1,8.274849057E-1
1.610219083E1,9.183854796E-3,-8.201936260E-3,9.229544401E-1
1.611220383E1,3.374383971E-2,2.528434694E-1,9.876887202E-1
1.612221754E1,5.393033102E-2,5.376651287E-1,1.014833450E0
1.613223054E1,1.372795105E-1,6.872504354E-1,1.068124890E0
1.614224354E1,2.862823009E-1,6.962828040E-1,1.130749702E0
1.615225654E1,4.410479963E-1,7.239036560E-1,1.206318021E0
1.616227054E1,5.724222660E-1,8.336408138E-1,1.243085027E0
1.617228354E1,6.508034468E-1,9.983862638E-1,1.268246770E0
1.618229654E1,6.890723109E-1,1.150180101E0,1.308638930E0
1.619231054E1,8.043720126E-1,1.128380895E0,1.390965819E0
1.620232354E1,1.080626249E0,8.894915581E-1,1.508978009E0
1.621233654E1,1.432669163E0,4.578541815E-1,1.635587573E0
1.622234954E1,1.786331654E0,1.703684032E-2,1.688563704E0
1.623236354E1,2.066874504E0,-9.676563740E-2,1.585198760E0
1.624237654E1,2.125931740E0,1.242080182E-1,1.421059847E0
1.625238954E1,1.991646290E0,6.446443200E-1,1.220299840E0
1.626240254E1,1.788134456E0,1.424553037E0,1.058661103E0
1.627241654E1,1.523025036E0,2.297774792E0,9.300504327E-1
1.628242954E1,1.302828193E0,2.927103043E0,8.637757897E-1
1.629244254E1,1.435988665E0,3.011245966E0,8.903352022E-1
1.630245654E1,2.003708124E0,2.372913837E0,1.006573915E0
1.631246954E1,2.779255390E0,1.359191656E0,1.080643415E0
1.632248254E1,3.337407827E0,5.670596361E-1,1.088804960E0
1.633249654E1,3.378397226E0,4.903412163E-1,1.012944221E0
1.634250954E1,2.903985977E0,1.011071563E0,8.851420879E-1
1.635252254E1,2.123866081E0,2.014566183E0,7.373443842E-1
1.636253554E1,1.218423963E0,2.835772514E0,5.194184184E-1
1.637254954E1,3.736623824E-1,3.074473858E0,9.495448321E-2
1.638256254E1,-1.818631440E-1,2.773934841E0,-2.053720653E-1
1.639257554E1,-4.147217870E-1,2.037407637E0,-3.865282536E-1
1.640258854E1,-3.031523824E-1,9.151469469E-1,-5.656189322E-1
1.641260254E1,9.509451687E-3,-1.990387440E-1,-7.437782884E-1
1.642261554E1,2.909701765E-1,-9.621307850E-1,-9.032949805E-1
1.643262854E1,3.279670179E-1,-1.371017456E0,-1.049272180E0
1.644264254E1,9.943504632E-2,-1.311354637E0,-1.179536343E0
1.645265554E1,-2.801599801E-1,-9.154506922E-1,-1.223425865E0
1.646266854E1,-5.819137096E-1,-4.962848723E-1,-1.229355574E0
1.647268154E1,-7.194831371E-1,-1.971556842E-1,-1.251089096E0
1.648269554E1,-7.265493274E-1,-6.088838726E-2,-1.290964961E0
1.649270854E1,-6.915876865E-1,-5.022099987E-2,-1.351287127E0
1.650272154E1,-6.979308128E-1,-1.367692053E-1,-1.404562354E0
1.651273554E1,-7.951573730E-1,-2.445650399E-1,-1.396220326E0
1.652274854E1,-9.012792706E-1,-3.924085796E-1,-1.341825604E0
1.653276154E1,-8.877155781E-1,-4.873733819E-1,-1.193232536E0
1.654277454E1,-7.487227917E-1,-5.213541985E-1,-1.124740005E0
1.655278854E1,-5.409838557E-1,-4.070805013E-1,-1.099311113E0
1.656280154E1,-3.099825978E-1,-2.677974403E-1,-9.769790173E-1
1.657281454E1,-5.895520002E-2,-1.340245306E-1,-8.895648122E-1
1.658282854E1,1.657807082E-1,-8.562610298E-2,-7.258525491E-1
1.659284154E1,3.683487475E-1,-1.003026962E-1,-5.734523535E-1
1.660285454E1,5.754875541E-1,-1.886458695E-1,-4.696153998E-1
1.661286754E1,8.105595112E-1,-2.262569368E-1,-4.016558528E-1
1.662288154E1,1.102810740E0,-1.365555376E-1,-3.463625014E-1
1.663289454E1,1.418066859E0,5.668325350E-3,-2.420046329E-1
1.664290754E1,1.647372842E0,2.115410715E-1,-1.007870510E-1
1.665292154E1,1.747051001E0,5.106338859E-1,1.078271046E-1
1.666293454E1,1.739798903E0,9.157358408E-1,3.187233508E-1
1.667294754E1,1.738819122E0,1.422159076E0,4.637870491E-1
1.668296054E1,1.738803506E0,1.903891087E0,5.656644106E-1
1.669297454E1,1.706573963E0,2.346335411E0,6.270856857E-1
1.670298754E1,1.695247293E0,2.688931942E0,7.510135174E-1
1.671300054E1,1.840954423E0,2.812196493E0,1.057803392E0
1.672301454E1,2.124240160E0,2.606541634E0,1.477418184E0
1.673302754E1,2.489549637E0,2.233271837E0,1.853243470E0
1.674304054E1,2.739362717E0,1.928064823E0,2.200362206E0
1.675305354E1,2.815916061E0,1.808649063E0,2.536123276E0
1.676306754E1,2.738315582E0,1.885154247E0,2.908580542E0
1.677308054E1,2.529176950E0,2.199707270E0,3.337278605E0
1.678309354E1,2.213108301E0,2.743206978E0,3.544003248E0
1.679310754E1,1.837442756E0,3.504254818E0,3.595540285E0
1.680312054E1,1.596389651E0,4.133559704E0,3.655355930E0
1.681313354E1,1.497707009E0,4.179090977E0,3.911642313E0
1.682314654E1,1.611864209E0,3.576489210E0,4.199626446E0
1.683316054E1,1.945152640E0,2.209372759E0,4.168681622E0
1.684317354E1,2.340892792E0,2.761205733E-1,3.714979172E0
1.685318654E1,2.789700031E0,-1.454514742E0,2.914741516E0
1.686320054E1,3.125627279E0,-2.153393507E0,1.977750778E0
1.687321354E1,3.072809458E0,-1.681690574E0,1.094730139E0
1.688322654E1,2.689561844E0,-5.718860626E-1,4.633141160E-1
1.689323954E1,2.224323750E0,4.751942158E-1,6.225403398E-2
1.690325354E1,2.064518452E0,1.034774184E0,-7.815953344E-2
1.691326654E1,2.236904621E0,1.071722507E0,-1.736122519E-1
1.692327954E1,2.389482260E0,7.291778922E-1,-3.693071902E-1
1.693329354E1,2.385510921E0,4.835348725E-1,-7.067627311E-1
1.694330654E1,2.176128149E0,3.425146341E-1,-1.123648643E0
1.695331954E1,1.807716727E0,7.566615194E-2,-1.670994759E0
1.696333254E1,1.444116116E0,-3.862460852E-1,-2.185048819E0
1.697334654E1,1.223788023E0,-9.316728115E-1,-2.597959995E0
1.698335954E1,1.110652447E0,-1.510082126E0,-2.888492107E0
1.699337254E1,1.053870320E0,-2.063495159E0,-3.076341629E0
1.700338554E1,1.084735632E0,-2.347240686E0,-3.143057585E0
1.701339954E1,9.936973453E-1,-2.344262838E0,-3.137556076E0
1.702341254E1,7.676932812E-1,-1.956319809E0,-3.091393232E0
1.703342554E1,5.554034114E-1,-1.462488890E0,-3.014024496E0
1.704343954E1,4.560189843E-1,-1.134576797E0,-2.941462278E0
1.705345254E1,4.581141770E-1,-1.041373491E0,-2.871889830E0
1.706346554E1,5.311239362E-1,-1.133408427E0,-2.828942299E0
1.707347854E1,5.908955932E-1,-1.311139107E0,-2.835203409E0
1.708349254E1,5.786413550E-1,-1.495071888E0,-2.808263063E0
1.709350554E1,4.059169888E-1,-1.526500106E0,-2.744484425E0
1.710351854E1,1.370913982E-1,-1.489774346E0,-2.622306347E0
1.711353254E1,-1.440203339E-1,-1.484591484E0,-2.517681837E0
1.712354608E1,-3.931345642E-1,-1.560791731E0,-2.483806849E0
1.713355908E1,-5.584571362E-1,-1.752751708E0,-2.513499260E0
1.714357208E1,-6.371170878E-1,-1.968610048E0,-2.541520596E0
1.715358608E1,-7.069088221E-1,-2.092631817E0,-2.482915401E0
1.716359908E1,-8.954553008E-1,-2.010002375E0,-2.360911369E0
1.717361208E1,-1.132827759E0,-1.781866550E0,-2.223637104E0
1.718362608E1,-1.290114403E0,-1.490926862E0,-2.082971096E0
1.719363908E1,-1.371502638E0,-1.163277149E0,-1.977012038E0
1.720365208E1,-1.465964437E0,-8.410618305E-1,-1.911721110E0
1.721366508E1,-1.650901794E0,-4.895080030E-1,-1.900429964E0
1.722367908E1,-1.864989877E0,-2.074153423E-1,-1.912450671E0
1.723369208E1,-2.011362314E0,-1.124183089E-1,-1.929626346E0
1.724370508E1,-2.035149574E0,-2.043495774E-1,-1.894951463E0
1.725371908E1,-1.962524414E0,-4.105283916E-1,-1.805684686E0
1.726373208E1,-1.866991043E0,-6.839292645E-1,-1.705219388E0
1.727374508E1,-1.763520122E0,-9.889876246E-1,-1.606145740E0
1.728375808E1,-1.733210087E0,-1.264042735E0,-1.520390630E0
1.729377208E1,-1.800610185E0,-1.405301332E0,-1.454920769E0
1.730378508E1,-1.884630561E0,-1.256226301E0,-1.359494686E0
1.731379808E1,-1.958851814E0,-7.727130651E-1,-1.183381081E0
1.732381108E1,-1.944610238E0,-2.412664890E-1,-9.246304035E-1
1.733382508E1,-1.767174363E0,1.656338423E-1,-6.245096922E-1
1.734383808E1,-1.516579390E0,3.071502447E-1,-3.160634637E-1
1.735385108E1,-1.336612344E0,2.400355041E-1,-1.009126566E-2
1.736386508E1,-1.236073494E0,1.118719354E-1,2.377070934E-1
1.737387808E1,-1.101743102E0,-1.170294173E-2,3.741762936E-1
1.738389108E1,-8.551876545E-1,-1.124529839E-1,4.405864775E-1
1.739390408E1,-5.255742669E-1,-2.473391443E-1,5.442571640E-1
1.740391808E1,-1.677004993E-1,-4.346848130E-1,7.011708617E-1
1.741393108E1,1.794765145E-1,-6.469622850E-1,8.820958734E-1
1.742394408E1,4.005660117E-1,-7.827267647E-1,1.047706127E0
1.743395808E1,4.903493822E-1,-7.892044783E-1,1.180830240E0
1.744397108E1,5.519932508E-1,-6.542035341E-1,1.314208269E0
1.745398408E1,6.865990162E-1,-4.412111342E-1,1.426536679E0
1.746399708E1,8.876716495E-1,-1.828224510E-1,1.509551883E0
1.747401108E1,1.102552056E0,1.578271091E-1,1.611958623E0
1.748402408E1,1.289784551E0,4.593336880E-1,1.748522520E0
1.749403708E1,1.460202694E0,7.331857681E-1,1.865415931E0
1.750405108E1,1.656251550E0,8.959512711E-1,1.987060428E0
1.751406408E1,1.863792300E0,9.565615654E-1,2.103972197E0
1.752407708E1,1.996192098E0,8.258259296E-1,2.191695213E0
1.753409008E1,1.971636891E0,7.991962433E-1,2.229429483E0
1.754410408E1,1.703441620E0,8.694557548E-1,2.235736609E0
1.755411708E1,1.352125406E0,9.107000828E-1,2.217994690E0
1.756413008E1,1.229336381E0,8.624880910E-1,2.168136597E0
1.757414308E1,1.271597266E0,6.188889146E-1,2.009006023E0
1.758415708E1,1.310102344E0,2.166320086E-1,1.728481293E0
1.759417008E1,1.223059535E0,-5.667875707E-2,1.401975513E0
1.760418308E1,9.402502775E-1,-1.292557567E-1,1.047674894E0
1.761419708E1,5.219632387E-1,8.614704758E-2,7.714465857E-1
1.762421008E1,-7.609274238E-3,5.011157393E-1,2.598608136E-1
1.763422308E1,-6.004868746E-1,9.988046885E-1,-3.896447420E-1
1.764423608E1,-1.299869776E0,1.344399691E0,-9.103299975E-1
1.765425008E1,-1.696535110E0,1.467371702E0,-1.300837874E0
1.766426308E1,-1.878878593E0,1.301045299E0,-1.519718051E0
1.767427608E1,-1.941631436E0,9.503771067E-1,-1.698759794E0
1.768429008E1,-1.986100197E0,6.015897989E-1,-1.831622243E0
1.769430308E1,-2.047775745E0,2.918019593E-1,-1.948765278E0
1.770431608E1,-2.087467432E0,8.082082495E-4,-2.057404518E0
1.771432908E1,-2.111408949E0,-1.886408180E-1,-2.136651039E0
1.772434308E1,-2.150715828E0,-1.834857315E-1,-2.137483597E0
1.773435608E1,-2.177242517E0,-1.314255744E-1,-2.064706326E0
1.774436908E1,-2.148720503E0,-7.586084306E-2,-1.916710615E0
1.775438308E1,-2.063809872E0,-1.183722019E-1,-1.734041929E0
1.776439608E1,-1.917873263E0,-3.258569241E-1,-1.520484090E0
1.777440908E1,-1.728451133E0,-7.697694302E-1,-1.243433356E0
1.778442208E1,-1.561295271E0,-1.258483410E0,-1.004187465E0
1.779443608E1,-1.491511822E0,-1.541530490E0,-8.283752203E-1
1.780444908E1,-1.540697455E0,-1.459644914E0,-7.067230940E-1
1.781446208E1,-1.598008394E0,-1.130030394E0,-5.623081923E-1
1.782447508E1,-1.563636065E0,-6.982417107E-1,-3.464661837E-1
1.783448908E1,-1.425615072E0,-3.164898157E-1,-7.850147039E-2
1.784450208E1,-1.218690395E0,-6.839639693E-2,1.761092544E-1
1.785451508E1,-9.984332919E-1,-5.222069565E-3,3.681471348E-1
1.786452908E1,-7.182991505E-1,-1.054312214E-1,5.186623335E-1
1.787454208E1,-4.248673022E-1,-3.942622840E-1,6.249085665E-1
1.788455508E1,-2.085299492E-1,-7.233964801E-1,6.975609660E-1
1.789456808E1,-1.261878610E-1,-9.395255446E-1,6.859586239E-1
1.790458208E1,-2.641952634E-1,-8.009410501E-1,5.420027971E-1
1.791459508E1,-5.172414184E-1,-3.923090994E-1,4.185101390E-1
1.792460808E1,-6.816998720E-1,-2.579555102E-2,4.529365599E-1
1.793462208E1,-7.011173964E-1,1.544936746E-1,5.675643086E-1
1.794463508E1,-5.089128017E-1,6.855159253E-2,7.812592983E-1
1.795464808E1,-1.414517015E-1,-2.241356522E-1,1.115141869E0
1.796466108E1,2.720765471E-1,-5.695117712E-1,1.486646533E0
1.797467508E1,5.453776717E-1,-7.244910598E-1,1.818868041E0
1.798468808E1,6.114967465E-1,-5.620968342E-1,2.007321835E0
1.799470108E1,5.395113230E-1,-1.264151186E-1,2.021122456E0
1.800471408E1,5.255835056E-1,3.969394267E-1,1.929544568E0
1.801472808E1,6.614441872E-1,7.933830619E-1,1.856438637E0
1.802474108E1,8.945362568E-1,1.065754056E0,1.855639935E0
1.803475408E1,1.179634929E0,1.197106600E0,1.905719638E0
1.804476808E1,1.375807405E0,1.156232357E0,2.043317795E0
1.805478108E1,1.373362184E0,1.029342890E0,2.237734556E0
1.806479408E1,1.292953610E0,9.521663189E-1,2.364531994E0
1.807480708E1,1.143247008E0,9.335126281E-1,2.311880112E0
1.808482108E1,1.038333416E0,9.107607007E-1,2.146911383E0
1.809483408E1,1.110595107E0,8.499866724E-1,1.919204235E0
1.810484708E1,1.361410260E0,5.991997123E-1,1.657640815E0
1.811486108E1,1.665850520E0,2.327826917E-1,1.476125956E0
1.812487421E1,1.856574416E0,-7.771052886E-3,1.372278333E0
1.813488721E1,1.928655028E0,4.846771806E-2,1.287920833E0
1.814490021E1,1.921988845E0,2.862967849E-1,1.177780986E0
1.815491421E1,2.004276276E0,6.455352306E-1,1.104843736E0
1.816492721E1,2.077884674E0,1.024164081E0,1.014079690E0
1.817494021E1,2.086274385E0,1.350728750E0,9.919825196E-1
1.818495321E1,1.950937510E0,1.538528442E0,1.079498768E0
1.819496721E1,1.809390783E0,1.573061705E0,1.114254832E0
1.820498021E1,1.715200901E0,1.507222772E0,1.005169034E0
1.821499321E1,1.573536634E0,1.404093385E0,7.327015400E-1
1.822500721E1,1.451037407E0,1.291558862E0,4.173180461E-1
1.823502021E1,1.368069649E0,1.111833572E0,2.446181327E-1
1.824503321E1,1.362783909E0,1.031834960E0,2.485532314E-1
1.825504621E1,1.543926716E0,9.256081581E-1,3.692373633E-1
1.826506021E1,1.777761817E0,7.349724174E-1,5.218281746E-1
1.827507321E1,1.911383629E0,7.042133808E-1,6.629246473E-1
1.828508621E1,1.910577655E0,7.854259610E-1,7.611170411E-1
1.829510021E1,1.792158961E0,8.337383270E-1,8.330702782E-1
1.830511321E1,1.568411589E0,7.608931661E-1,8.238336444E-1
1.831512621E1,1.273091316E0,4.739613831E-1,7.815436721E-1
1.832513921E1,8.591282964E-1,1.722516119E-1,7.011681199E-1
1.833515321E1,3.164718747E-1,1.524191797E-1,5.769788623E-1
1.834516621E1,-1.945498586E-1,3.567270339E-1,4.323841035E-1
1.835517921E1,-5.488777757E-1,6.283789277E-1,2.826769054E-1
1.836519221E1,-7.118344903E-1,7.972345352E-1,1.505279094E-1
1.837520621E1,-7.124596238E-1,8.307496905E-1,5.550800636E-2
1.838521921E1,-7.050387263E-1,7.942262888E-1,-5.756981298E-2
1.839523221E1,-7.544723749E-1,7.960885167E-1,-2.133432180E-1
1.840524621E1,-8.241254687E-1,8.254773021E-1,-4.525550008E-1
1.841525921E1,-8.787844181E-1,9.271044135E-1,-7.802357078E-1
1.842527221E1,-9.209254980E-1,1.171618104E0,-1.136546373E0
1.843528521E1,-1.001033783E0,1.580398560E0,-1.508041143E0
1.844529921E1,-1.138396978E0,2.154560089E0,-1.883135915E0
1.845531221E1,-1.248434305E0,2.853434086E0,-2.304012299E0
1.846532521E1,-1.296864986E0,3.502314091E0,-2.728620291E0
1.847533821E1,-1.270675063E0,3.994382858E0,-3.184065104E0
1.848535221E1,-1.140081644E0,4.389461040E0,-3.579130173E0
1.849536521E1,-9.308362007E-1,4.776437759E0,-3.856072664E0
1.850537821E1,-7.163375020E-1,5.059487343E0,-3.973560333E0
1.851539221E1,-5.322557092E-1,5.307222366E0,-3.957001209E0
1.852540521E1,-3.423742056E-1,5.472520828E0,-3.863143921E0
1.853541821E1,-1.843949407E-1,5.610284328E0,-3.653502464E0
1.854543121E1,-8.028317988E-2,5.692693710E0,-3.314140081E0
1.855544521E1,-1.263192575E-2,5.716510773E0,-2.998146296E0
1.856545821E1,4.272400960E-2,5.643539429E0,-2.763243675E0
1.857547121E1,5.493696034E-2,5.402360916E0,-2.572303772E0
1.858548421E1,7.922046632E-2,5.002241135E0,-2.487440109E0
1.859549821E1,1.891307831E-1,4.744392872E0,-2.525498152E0
1.860551121E1,2.518005669E-1,4.516140938E0,-2.603674412E0
1.861552421E1,2.110906988E-1,4.244836807E0,-2.680341721E0
1.862553821E1,1.435806304E-1,3.919512987E0,-2.702773571E0
1.863555121E1,9.399405122E-2,3.490634441E0,-2.602554321E0
1.864556421E1,1.022474542E-1,3.177159786E0,-2.416465998E0
1.865557721E1,2.046066076E-1,3.044131517E0,-2.211916685E0
1.866559121E1,3.413069248E-1,2.880531311E0,-2.021603107E0
1.867560421E1,4.526119232E-1,2.758016109E0,-1.812396526E0
1.868561721E1,5.024055839E-1,2.663743734E0,-1.647765279E0
1.869563121E1,4.540416002E-1,2.405360460E0,-1.624117613E0
1.870564421E1,3.117105365E-1,1.976824760E0,-1.696036816E0
1.871565721E1,1.262637228E-1,1.481872320E0,-1.781205297E0
1.872567021E1,7.962653413E-3,1.030349612E0,-1.842691541E0
1.873568421E1,-1.699748822E-2,7.323617935E-1,-1.804955602E0
1.874569721E1,-2.497392148E-2,6.675212383E-1,-1.680714130E0
1.875571021E1,-5.052528158E-2,8.631155491E-1,-1.521800041E0
1.876572321E1,-8.589526266E-2,1.175830364E0,-1.319613814E0
1.877573721E1,-1.316437274E-1,1.412016749E0,-1.122454286E0
1.878575021E1,-1.794205755E-1,1.448900223E0,-9.992316961E-1
1.879576321E1,-1.687923819E-1,1.350875258E0,-9.932028055E-1
1.880577721E1,-1.590589248E-2,1.166428685E0,-1.039211631E0
1.881579021E1,1.912907511E-1,8.381853700E-1,-1.069117308E0
1.882580321E1,3.343522847E-1,4.825002551E-1,-1.079706073E0
1.883581621E1,3.883217275E-1,1.485044956E-1,-1.067094326E0
1.884583021E1,3.940738738E-1,-1.008619219E-1,-1.033849835E0
1.885584321E1,3.441116512E-1,-1.505595297E-1,-9.105404615E-1
1.886585621E1,2.426273674E-1,-3.880743682E-2,-7.085276842E-1
1.887586921E1,1.073120534E-1,3.892417625E-2,-5.317662358E-1
1.888588321E1,6.807286292E-3,8.658251166E-2,-3.891992271E-1
1.889589621E1,-2.081997506E-2,1.600433439E-1,-2.628069222E-1
1.890590921E1,2.601943538E-2,2.754133642E-1,-1.904770732E-1
1.891592321E1,6.052093208E-2,3.958913684E-1,-1.743095815E-1
1.892593621E1,3.113108873E-2,5.132339597E-1,-2.069745809E-1
1.893594921E1,-2.058927342E-2,5.048340559E-1,-2.247375697E-1
1.894596221E1,-4.248285294E-2,2.852375209E-1,-1.915292889E-1
1.895597621E1,-4.884573072E-2,-3.404492140E-2,-1.161706373E-1
1.896598921E1,1.495055761E-2,-4.197806418E-1,-5.872119218E-2
1.897600221E1,9.826103598E-2,-6.814526916E-1,4.813896492E-3
1.898601621E1,1.738460809E-1,-6.460086703E-1,4.300362617E-2
1.899602921E1,1.920454949E-1,-4.712759256E-1,8.562398702E-2
1.900604221E1,1.340093613E-1,-1.888937503E-1,1.707825512E-1
1.901605521E1,1.209735125E-2,5.690454319E-2,2.886189818E-1
1.902606921E1,-1.019189656E-1,1.486634910E-1,3.838663995E-1
1.903608221E1,-1.489207149E-1,3.635586798E-2,4.214214683E-1
1.904609521E1,-9.484443069E-2,-2.799171507E-1,4.060505033E-1
1.905610821E1,6.559962034E-2,-5.538402200E-1,3.025707304E-1
1.906612221E1,2.368549854E-1,-5.868160129E-1,1.167548001E-1
1.907613521E1,2.886376381E-1,-5.448251963E-1,-5.703038722E-2
1.908614821E1,2.295788378E-1,-4.572258592E-1,-1.155269817E-1
1.909616121E1,1.198926494E-1,-3.449763358E-1,-9.305759519E-2
1.910617521E1,3.811922297E-2,-2.441218793E-1,-5.118311942E-2
1.911618821E1,4.485178739E-2,-2.195353657E-1,5.928536505E-2
1.912620058E1,8.845971525E-2,-2.746574581E-1,2.224958539E-1
1.913621458E1,1.353512704E-1,-3.182785809E-1,3.876430392E-1
1.914622758E1,1.361539513E-1,-2.876117527E-1,4.640307426E-1
1.915624058E1,8.200442046E-2,-1.680965424E-1,4.216614366E-1
1.916625358E1,3.078571148E-2,3.662037849E-2,3.556499481E-1
1.917626758E1,8.560284972E-3,1.306660175E-1,2.814827263E-1
1.918628058E1,4.254408553E-2,6.558155268E-2,1.979566813E-1
1.919629358E1,1.255248040E-1,-1.202962250E-1,1.207080036E-1
1.920630758E1,1.892087162E-1,-3.862078190E-1,5.819109455E-2
1.921632058E1,2.376791239E-1,-6.023852825E-1,3.877046704E-2
1.922633358E1,2.600544691E-1,-6.699478030E-1,5.468657985E-2
1.923634658E1,2.638706267E-1,-5.589908361E-1,7.144667953E-2
1.924636058E1,2.428670973E-1,-3.524509370E-1,8.254327625E-2
1.925637358E1,1.981391609E-1,-2.142480612E-1,1.281976551E-1
1.926638658E1,1.377011091E-1,-1.536568850E-1,1.917571872E-1
1.927639958E1,5.445166305E-2,-1.024366096E-1,2.318232954E-1
1.928641358E1,-6.255165488E-2,-3.470017016E-2,2.488488853E-1
1.929642658E1,-1.462285668E-1,8.241789415E-3,2.179298699E-1
1.930643958E1,-1.808723062E-1,-9.109631646E-4,1.555575579E-1
1.931645358E1,-1.562553346E-1,-2.358149923E-2,8.129958063E-2
1.932646658E1,-8.967949450E-2,-5.282354355E-2,-1.608621795E-3
1.933647958E1,8.836541325E-3,-6.096499041E-2,-4.367455095E-2
1.934649258E1,1.091804579E-1,-1.092688739E-1,-3.159072250E-2
1.935650658E1,2.001476139E-1,-2.046665698E-1,3.990126308E-3
1.936651958E1,2.540843487E-1,-2.714767754E-1,4.168104380E-2
1.937653258E1,2.265261263E-1,-2.893438339E-1,8.744852245E-2
1.938654558E1,1.721568853E-1,-2.776043713E-1,1.385322064E-1
1.939655958E1,9.556735307E-2,-2.953105867E-1,1.612514108E-1
1.940657258E1,2.696086466E-2,-2.483465523E-1,1.413477361E-1
1.941658558E1,-3.360811621E-2,-1.744589806E-1,9.639383107E-2
1.942659858E1,-8.332294226E-2,-1.218245327E-1,4.190182686E-2
1.943661258E1,-1.301548034E-1,-7.249274105E-2,5.152458325E-4
1.944662558E1,-1.558649540E-1,-8.519867808E-2,-1.242025942E-2
1.945663858E1,-1.620510072E-1,-9.032823890E-2,8.046392351E-3
1.946665258E1,-1.597585529E-1,-9.277115762E-2,4.001205042E-2
1.947666558E1,-1.295592338E-1,-8.073738962E-2,7.830569893E-2
1.948667858E1,-7.379371673E-2,-9.248166531E-2,1.182190254E-1
1.949669158E1,-2.460539155E-2,-1.307802349E-1,1.396446526E-1
1.950670558E1,1.213371474E-2,-1.475128829E-1,1.561333388E-1
1.951671858E1,1.279284526E-2,-1.377397925E-1,1.518757045E-1
1.952673158E1,-1.200544462E-2,-7.313683629E-2,1.319326162E-1
1.953674458E1,-2.844146267E-2,-2.676601335E-2,9.559300542E-2
1.954675858E1,-4.030797258E-2,-9.557208978E-4,6.108855829E-2
1.955677158E1,-3.438292071E-2,5.858834833E-3,5.248763785E-2
1.956678458E1,1.036564168E-2,2.498991787E-2,6.937607378E-2
1.957679858E1,5.615657941E-2,-3.392358776E-4,9.981283545E-2
1.958681158E1,8.478875458E-2,-4.195432365E-2,1.158439964E-1
1.959682458E1,1.149402186E-1,-1.088077128E-1,1.162743419E-1
1.960683758E1,1.258887500E-1,-1.547491103E-1,1.065199822E-1
1.961685158E1,1.089327335E-1,-1.495729387E-1,7.742707431E-2
1.962686458E1,7.023780048E-2,-1.045077294E-1,3.910978511E-2
1.963687758E1,2.637905255E-2,-4.533508420E-2,1.424436457E-2
1.964689058E1,-4.091771320E-3,7.746510208E-3,-1.735933125E-3
1.965690458E1,-1.631720737E-2,4.075829685E-2,-5.359424278E-3
1.966691758E1,-1.840858907E-2,2.361393347E-2,-7.394345477E-3
1.967693058E1,-8.669266477E-3,1.864615828E-2,-3.255907446E-2
1.968694458E1,-2.981484830E-1,1.688074321E-1,-2.861227095E-2
1.969695758E1,-5.307889581E-1,1.987439543E-1,-2.147262916E-2
1.970697058E1,-5.731254816E-1,3.617011905E-1,-1.248499379E-2
1.971698358E1,-5.162033439E-1,3.434735239E-1,-1.696626842E-2
1.972699758E1,-3.710733056E-1,2.074914426E-1,-1.021655276E-3
1.973701058E1,-1.733418852E-1,8.710390329E-2,1.136855222E-3
1.974702358E1,4.022045806E-2,-3.871500865E-2,-5.698946305E-3
1.975703658E1,2.469334453E-1,-1.884106100E-1,-1.906801201E-2
1.976705058E1,4.016002715E-1,-2.909566760E-1,-6.041119248E-2
1.977706358E1,3.794339895E-1,-2.766869366E-1,-6.463470310E-2
1.978707658E1,1.941679716E-1,-2.133689523E-1,-3.816314042E-2
1.979709058E1,-1.844527014E-2,-9.557572007E-2,-3.310214356E-2