"Time (s)","X (m/s^2)","Y (m/s^2)","Z (m/s^2)"
2.608750000E-3,1.097218323E-1,7.143894196E0,6.882537689E0
1.262175000E-2,-7.484436035E-3,7.261100464E0,6.693331146E0
2.263575000E-2,-8.607101440E-2,7.346572723E0,6.610553284E0
3.264975000E-2,-1.321751404E-1,7.435188446E0,6.651717682E0
4.266275000E-2,-7.828720093E-2,7.515720978E0,6.808441772E0
5.267675000E-2,-1.362167358E-2,7.598199463E0,6.973249054E0
6.268975000E-2,-7.993377686E-2,7.640411682E0,7.117698669E0
7.270375000E-2,-2.652484131E-1,7.567064209E0,7.167545013E0
8.271675000E-2,-6.035449219E-1,7.487130432E0,7.195087738E0
9.273075000E-2,-9.348060608E-1,7.499404907E0,7.253915405E0
1.027437500E-1,-1.070873108E0,7.496111755E0,7.132817230E0
1.127577500E-1,-8.764274597E-1,7.585026855E0,7.203919373E0
1.227707500E-1,-4.661306763E-1,7.662565613E0,7.570656738E0
1.327847500E-1,-4.011657715E-2,7.680228882E0,7.791148224E0
1.427987500E-1,1.851649475E-1,7.871082001E0,7.537126465E0
1.528117500E-1,2.164498901E-1,7.837701416E0,7.386988678E0
1.628257500E-1,2.728825378E-1,7.677983551E0,7.273225250E0
1.728387500E-1,2.293231201E-1,7.723488922E0,7.227719879E0
1.828527500E-1,4.104464722E-1,7.738607483E0,7.674241333E0
1.928657500E-1,4.911286926E-1,7.322023773E0,8.089777222E0
2.028797500E-1,1.496887207E-2,6.555467834E0,8.519832916E0
2.128927500E-1,3.671864319E-1,7.169640656E0,8.577912140E0
2.229067500E-1,1.785786438E-1,7.253166962E0,7.178771667E0
2.329207500E-1,-2.775228882E-1,7.063062286E0,5.484145660E0
2.429337500E-1,-3.155438232E-1,6.592440948E0,3.387904816E0
2.529477500E-1,-5.963598633E-1,6.201603699E0,2.976709900E0
2.629607500E-1,-3.381468201E-1,5.155129852E0,2.104922791E0
2.729747500E-1,2.721340942E-1,4.895419922E0,2.126927032E0
2.829877500E-1,-8.562194824E-2,5.321733398E0,4.054019623E0
2.930017500E-1,-1.356778564E0,4.624483337E0,4.996759186E0
3.030147500E-1,-1.552122345E0,2.844085693E0,6.202651520E0
3.130287500E-1,-2.770738220E-1,5.974076843E-1,6.264772339E0
3.230427500E-1,-4.999603271E-1,6.590794373E-1,5.226531372E0
3.330557500E-1,3.891906738E-2,1.147663422E0,4.705764313E0
3.430697500E-1,1.717678070E0,9.886940002E-1,3.251987457E0
3.530827500E-1,2.233804779E0,5.454656982E-1,2.320175171E0
3.630967500E-1,1.853146362E0,-3.800596619E-1,2.110311584E0
3.731097500E-1,2.223027191E0,-1.300196228E0,1.953138428E0
3.831237500E-1,3.009791107E0,-1.520088959E0,1.392853546E0
3.931367500E-1,3.464545441E0,-1.272952881E0,2.030228119E0
4.031507500E-1,3.894601135E0,-2.055226135E0,3.442241821E0
4.131647500E-1,4.123924255E0,-3.132386169E0,4.544549561E0
4.231777500E-1,5.316793671E0,-4.170028381E0,4.319866791E0
4.331917500E-1,6.425687714E0,-4.361629944E0,2.892734528E0
4.432047500E-1,7.714208221E0,-4.561165009E0,1.597178650E0
4.532187500E-1,9.122779083E0,-4.799918518E0,1.101110229E0
4.632317500E-1,1.007869125E1,-5.385351105E0,4.517605591E-1
4.732457500E-1,9.897118835E0,-6.300847321E0,-5.183720398E-1
4.832587500E-1,1.091575058E1,-6.352938995E0,-2.073787537E0
4.932727500E-1,1.179113022E1,-6.661447449E0,-3.778442688E0
5.032867500E-1,1.217223770E1,-7.304959259E0,-4.280947723E0
5.132997500E-1,1.373528732E1,-7.346273346E0,-3.933819580E0
5.233137500E-1,1.468940323E1,-7.716004486E0,-3.626808014E0
5.333267500E-1,1.453103256E1,-8.805289307E0,-3.187920685E0
5.433407500E-1,1.456965225E1,-9.923763428E0,-2.125729523E0
5.533537500E-1,1.507230698E1,-1.120629639E1,-1.268462219E0
5.633677500E-1,1.549532730E1,-1.134086655E1,-1.543889465E0
5.733807500E-1,1.588975708E1,-1.166733765E1,-2.029180298E0
5.833947500E-1,1.631128052E1,-1.179412399E1,-2.775677948E0
5.934087500E-1,1.605157059E1,-1.165566193E1,-3.861669617E0
6.034217500E-1,1.580473389E1,-1.153366562E1,-4.734354858E0
6.134357500E-1,1.529324753E1,-1.129266678E1,-5.683081970E0
6.234487500E-1,1.417597092E1,-1.175789932E1,-6.437363434E0
6.334627500E-1,1.318922287E1,-1.266112106E1,-6.483168182E0
6.434757500E-1,1.341704910E1,-1.327364731E1,-4.920417938E0
6.534897500E-1,1.463671280E1,-1.302591248E1,-3.047063599E0
6.635037500E-1,1.534848267E1,-1.239003479E1,-2.185006256E0
6.735165417E-1,1.539698181E1,-1.273267227E1,-2.304906921E0
6.835305417E-1,1.443283676E1,-1.302471497E1,-3.310665436E0
6.935435417E-1,1.347168549E1,-1.282098862E1,-4.611460419E0
7.035575417E-1,1.255184830E1,-1.236832993E1,-6.199058990E0
7.135705417E-1,1.168664749E1,-1.197479828E1,-8.186176758E0
7.235845417E-1,1.120464981E1,-1.222238342E1,-9.517807617E0
7.335975417E-1,1.108310257E1,-1.163739990E1,-1.026131149E1
7.436115417E-1,1.243763580E1,-1.143996048E1,-9.439670105E0
7.536255417E-1,1.353320755E1,-1.119641693E1,-8.487949219E0
7.636385417E-1,1.358365265E1,-1.003258713E1,-7.984096985E0
7.736525417E-1,1.358769424E1,-9.358089752E0,-7.069498901E0
7.836655417E-1,1.335732330E1,-8.930878143E0,-6.932982788E0
7.936795417E-1,1.246652573E1,-8.595126343E0,-7.062164154E0
8.036925417E-1,1.111857880E1,-8.868158569E0,-6.915768585E0
8.137065417E-1,9.815688171E0,-9.078471222E0,-7.222780151E0
8.237195417E-1,9.544452209E0,-9.042396240E0,-7.569309540E0
8.337335417E-1,1.000444565E1,-8.954079895E0,-6.806944885E0
8.437475417E-1,9.956245880E0,-8.704698486E0,-6.336473236E0
8.537605417E-1,9.774074707E0,-8.743168488E0,-6.408772888E0
8.637745417E-1,9.125024414E0,-9.433532867E0,-6.385720825E0
8.737875417E-1,8.709039459E0,-9.870174866E0,-6.077362061E0
8.838015417E-1,7.946824493E0,-1.077264816E1,-5.396128693E0
8.938145417E-1,7.219337311E0,-1.178244827E1,-5.104085999E0
9.038285417E-1,6.697522430E0,-1.279030243E1,-4.740043030E0
9.138425417E-1,6.894662476E0,-1.338067474E1,-4.578528900E0
9.238555417E-1,6.275849304E0,-1.364203125E1,-4.451143799E0
9.338695417E-1,6.183042297E0,-1.388078476E1,-4.363126831E0
9.438825417E-1,6.249653778E0,-1.348425934E1,-4.026027832E0
9.538965417E-1,5.762716370E0,-1.318757629E1,-3.475323029E0
9.639095417E-1,4.973407745E0,-1.303669006E1,-3.190764771E0
9.739235417E-1,4.221072235E0,-1.317425400E1,-2.955753479E0
9.839375417E-1,3.342100067E0,-1.310105621E1,-2.717898102E0
9.939505417E-1,3.082689514E0,-1.254316635E1,-2.869682465E0
1.003964542E0,3.045117645E0,-1.195683563E1,-3.175945587E0
1.013977542E0,3.055446167E0,-1.135793106E1,-3.704346771E0
1.023991542E0,3.074456635E0,-1.042522064E1,-4.244573364E0
1.034004542E0,2.521656189E0,-9.205706635E0,-4.718038788E0
1.044018542E0,1.594334564E0,-8.722511444E0,-5.178481293E0
1.054032542E0,5.539979553E-1,-8.749455414E0,-5.232818298E0
1.064045542E0,2.395019531E-1,-8.953032074E0,-4.806953888E0
1.074059542E0,-7.497908020E-1,-9.228758698E0,-3.761527863E0
1.084072542E0,-1.438209229E0,-9.177565155E0,-2.569257202E0
1.094086542E0,-1.473386078E0,-8.369844818E0,-1.579665070E0
1.104099542E0,-1.980980530E0,-6.868466949E0,-1.411714325E0
1.114113542E0,-3.762425995E0,-4.675527191E0,-1.336720276E0
1.124127542E0,-4.740342407E0,-3.450923767E0,-3.165916443E-1
1.134140542E0,-4.685855713E0,-3.257076874E0,7.155120850E-1
1.144154542E0,-4.705464935E0,-3.074756012E0,1.133143616E0
1.154167542E0,-4.609364777E0,-2.950065308E0,1.436712341E0
1.164181542E0,-4.088897095E0,-2.694396973E0,1.603764954E0
1.174194542E0,-3.801794128E0,-1.763931885E0,1.890269165E0
1.184208542E0,-3.910468140E0,-5.096900940E-1,2.872676239E0
1.194222542E0,-3.265459442E0,-8.382568359E-3,4.338577881E0
1.204235542E0,-2.281854858E0,-1.585203552E-1,5.113516388E0
1.214249542E0,-1.620380402E0,-1.681004333E-1,5.389542389E0
1.224262542E0,-9.377998352E-1,-4.176315308E-1,5.999673615E0
1.234276542E0,-1.672023010E-1,-6.797364807E-1,7.842940521E0
1.244289542E0,1.261726227E0,-4.189787292E-1,9.265582123E0
1.254303542E0,3.290756836E0,-6.915618896E-1,9.242380371E0
1.264317542E0,5.539979553E0,-1.620380402E0,7.324418793E0
1.274330542E0,8.333171082E0,-1.573378143E0,4.589755554E0
1.284344542E0,1.115285751E1,-1.558109894E0,1.302740936E0
1.294357542E0,1.390473495E1,-1.297501831E0,-1.922452240E0
1.304371542E0,1.521705597E1,-1.343306580E0,-5.090314636E0
1.314384542E0,1.523382111E1,-2.702180786E0,-8.125403137E0
1.324398542E0,1.511586639E1,-3.883524170E0,-1.003483246E1
1.334412542E0,1.574830124E1,-3.969595184E0,-1.103610031E1
1.344425542E0,1.708681778E1,-4.254303131E0,-1.185744232E1
1.354439542E0,1.777793060E1,-4.496499481E0,-1.140687927E1
1.364452542E0,1.829555420E1,-4.683161316E0,-9.905052338E0
1.374466542E0,1.825229416E1,-4.991071014E0,-9.654772797E0
1.384479542E0,1.784663773E1,-5.797144775E0,-1.021505768E1
1.394493542E0,1.742227020E1,-6.643484802E0,-1.155267609E1
1.404507542E0,1.647174683E1,-7.192842407E0,-1.242281662E1
1.414520542E0,1.644989227E1,-7.117548981E0,-1.307830353E1
1.424534542E0,1.626233231E1,-7.508685608E0,-1.489133331E1
1.434547542E0,1.542721893E1,-7.805817719E0,-1.620185806E1
1.444561542E0,1.458432175E1,-7.797435150E0,-1.569935303E1
1.454574542E0,1.349847977E1,-7.794141998E0,-1.452489532E1
1.464588542E0,1.248493744E1,-8.466394043E0,-1.368589005E1
1.474602542E0,1.191582092E1,-8.853938141E0,-1.420560928E1
1.484615542E0,1.099328934E1,-8.044122162E0,-1.363349899E1
1.494629542E0,1.074330917E1,-7.590415649E0,-1.230905319E1
1.504642542E0,1.020847137E1,-6.969656525E0,-1.178065201E1
1.514656542E0,9.782008209E0,-7.029831390E0,-1.218615875E1
1.524670542E0,9.825567627E0,-6.908134460E0,-1.350506607E1
1.534683542E0,9.776170349E0,-6.390810242E0,-1.345117813E1
1.544697542E0,9.198371887E0,-6.042634277E0,-1.224977646E1
1.554710542E0,8.681945801E0,-6.510561218E0,-1.171748337E1
1.564724542E0,8.010292511E0,-6.372997284E0,-1.207014999E1
1.574737542E0,7.408693542E0,-5.627098389E0,-1.102622086E1
1.584751542E0,7.166497192E0,-5.211263123E0,-1.019110748E1
1.594765542E0,6.952292633E0,-5.111420746E0,-1.074884766E1
1.604778542E0,6.534212036E0,-5.042114868E0,-1.149205215E1
1.614792542E0,6.174510040E0,-5.054089966E0,-1.037672150E1
1.624805542E0,6.298152924E0,-5.165608063E0,-8.657247162E0
1.634819542E0,6.120921478E0,-5.348976746E0,-7.699987793E0
1.644832542E0,5.756429443E0,-5.700894928E0,-7.153474274E0
1.654846542E0,5.327720947E0,-6.076912994E0,-6.495592346E0
1.664860542E0,4.890180817E0,-6.334826660E0,-6.206842804E0
1.674873500E0,4.486470337E0,-6.183042297E0,-6.375991058E0
1.684887500E0,3.849844208E0,-5.821843414E0,-6.214027863E0
1.694900500E0,3.620521088E0,-5.695655823E0,-6.102958832E0
1.704914500E0,2.845582581E0,-5.358856201E0,-6.039341125E0
1.714928500E0,2.198927307E0,-5.211412811E0,-5.330565033E0
1.724941500E0,1.752106476E0,-4.938230896E0,-4.409230957E0
1.734955500E0,1.579665070E0,-4.666096802E0,-3.454965363E0
1.744968500E0,1.816322937E0,-4.440665588E0,-2.961441650E0
1.754982500E0,1.408570862E0,-3.367098083E0,-3.229534149E0
1.764996500E0,8.695417786E-1,-2.175575867E0,-3.438649292E0
1.775009500E0,6.764433289E-1,-1.310075684E0,-3.296145630E0
1.785023500E0,1.041234741E0,-7.149133301E-1,-3.165018311E0
1.795036500E0,9.059161377E-1,-5.616320801E-1,-3.193908234E0
1.805050500E0,4.734654236E-1,-7.899073792E-1,-2.587668915E0
1.815063500E0,1.272354126E-1,-8.861572266E-1,-2.223027191E0
1.825077500E0,-8.584648132E-1,-5.608836365E-1,-1.704655151E0
1.835091500E0,-1.946701813E0,-1.407073975E-2,-5.140310669E-1
1.845104500E0,-2.378404083E0,7.732919312E-1,8.759783936E-1
1.855118500E0,-2.075134735E0,1.338815918E0,2.027683411E0
1.865131500E0,-1.781445465E0,1.924996948E0,3.527414703E0
1.875145500E0,-1.258882141E0,2.043101349E0,5.038372650E0
1.885159500E0,-4.522096252E-1,1.700912933E0,6.171815643E0
1.895172500E0,3.085084534E-1,1.574126587E0,6.628066864E0
1.905186500E0,1.150657196E0,1.253792725E0,5.952072601E0
1.915199500E0,2.098635864E0,8.309220886E-1,4.603975983E0
1.925213500E0,3.562741241E0,1.020278320E0,3.269800415E0
1.935226500E0,5.815257111E0,1.533710632E0,1.641037445E0
1.945240500E0,7.698640594E0,2.017504578E0,3.019221497E-1
1.955254500E0,8.939260712E0,2.406395874E0,-1.137634277E-1
1.965267500E0,9.850715332E0,2.556982727E0,-1.957928467E-1
1.975281500E0,1.029065048E1,2.244282990E0,-5.791456604E-1
1.985294500E0,1.085527634E1,1.909579010E0,-1.347946930E0
1.995308500E0,1.127724884E1,1.522633667E0,-2.728076935E0
2.005322500E0,1.108415039E1,3.673361206E-1,-4.734205170E0
2.015335500E0,1.140328674E1,-3.501219177E-1,-6.774013367E0
2.025349500E0,1.243883331E1,-6.530918884E-1,-8.301137695E0
2.035362500E0,1.300016602E1,-8.051756287E-1,-9.019643555E0
2.045376500E0,1.401086426E1,-7.523355103E-1,-8.965605927E0
2.055390500E0,1.453821762E1,-3.725752258E-1,-9.225764923E0
2.065403500E0,1.504730896E1,1.910028076E-1,-9.448352051E0
2.075417500E0,1.619646927E1,1.044078827E0,-1.010578491E1
2.085430500E0,1.616159180E1,8.460406494E-1,-1.121542740E1
2.095444500E0,1.483011063E1,-7.360194397E-1,-1.097727264E1
2.105458500E0,1.308578796E1,-2.647095337E0,-1.086874832E1
2.115471500E0,1.145522873E1,-3.768563232E0,-1.139520355E1
2.125485500E0,1.070139633E1,-4.491859131E0,-1.132963989E1
2.135498500E0,1.076695999E1,-4.630919952E0,-1.167751648E1
2.145512500E0,1.099313965E1,-4.302353210E0,-1.204335571E1
2.155526500E0,1.110001740E1,-3.873345337E0,-1.224004669E1
2.165539500E0,1.094778397E1,-3.353326721E0,-1.199740128E1
2.175553500E0,1.089389603E1,-2.755619659E0,-1.179397430E1
2.185566500E0,1.081530945E1,-2.040856018E0,-1.163455582E1
2.195580500E0,1.094404175E1,-1.675914917E0,-1.131302444E1
2.205593500E0,1.119746475E1,-1.998344421E0,-1.218511093E1
2.215607500E0,1.010054581E1,-2.315385132E0,-1.321496933E1
2.225621500E0,9.038654022E0,-2.644550629E0,-1.223780136E1
2.235634500E0,8.004005585E0,-2.799179077E0,-1.105555984E1
2.245648500E0,7.105274506E0,-3.313659210E0,-1.015712814E1
2.255661500E0,5.970634003E0,-3.780388641E0,-9.086704102E0
2.265675500E0,5.222190399E0,-4.012406158E0,-8.266260223E0
2.275689500E0,4.638404388E0,-3.866160278E0,-7.921078033E0
2.285702500E0,4.224814453E0,-3.549418945E0,-7.206464081E0
2.295716500E0,4.100722504E0,-3.017275543E0,-6.285878448E0
2.305729500E0,4.223916321E0,-2.381996613E0,-5.706882477E0
2.315743500E0,4.471351776E0,-1.861379242E0,-5.217250671E0
2.325757500E0,4.442312164E0,-1.585053864E0,-5.006488953E0
2.335770500E0,4.512516174E0,-1.589843903E0,-5.402265930E0
2.345784500E0,4.399501190E0,-1.531614990E0,-6.585106201E0
2.355797500E0,4.153412933E0,-1.816472626E0,-8.100554810E0
2.365811500E0,3.827989655E0,-2.319576416E0,-8.996441803E0
2.375825500E0,2.877915344E0,-1.940414886E0,-8.864715729E0
2.385838500E0,2.224973145E0,-1.770817566E0,-7.939489746E0
2.395852500E0,2.252066803E0,-9.214837646E-1,-7.567213898E0
2.405865500E0,2.357148285E0,-2.227368164E-1,-7.049141235E0
2.415879500E0,2.431393890E0,-1.972897339E-1,-6.327940979E0
2.425893500E0,2.171085205E0,-2.423460388E-1,-5.777535553E0
2.435906500E0,2.070793762E0,-3.390449524E-1,-4.675078125E0
2.445920500E0,1.986818390E0,-1.667532349E-1,-3.019670563E0
2.455933500E0,2.603086853E0,5.685177612E-1,-2.083816681E0
2.465947500E0,2.492616577E0,1.566193085E0,-2.172282715E0
2.475961500E0,1.941163330E0,1.889520721E0,-2.241738281E0
2.485974500E0,1.823807373E0,1.616338806E0,-2.152823181E0
2.495988500E0,1.667232971E0,1.492246857E0,-2.061812439E0
2.506001500E0,1.994602203E0,1.433269501E0,-1.743125153E0
2.516015500E0,2.417323151E0,1.272653503E0,-8.358618164E-1
2.526029500E0,2.554587708E0,1.063238983E0,3.769161987E-1
2.536042500E0,2.665357361E0,1.204844513E0,1.462608490E0
2.546056500E0,2.279759216E0,1.189576263E0,1.692380676E0
2.556069500E0,2.923869781E0,2.122735748E0,2.657723236E0
2.566083500E0,3.998036041E0,2.224374390E0,2.037113800E0
2.576097500E0,4.821473694E0,2.054028625E0,1.021326141E0
2.586110500E0,5.225184174E0,2.263592834E0,6.749464417E-1
2.596124500E0,6.025569763E0,2.643203430E0,7.059320068E-1
2.606137500E0,6.829847260E0,2.563269653E0,7.854167175E-1
2.616151500E0,6.663243713E0,2.121538239E0,1.147962799E0
2.626165500E0,6.501879272E0,1.770069122E0,8.586145020E-1
2.636178500E0,6.731501770E0,1.405876465E0,-2.685415649E-1
2.646192500E0,7.277266846E0,1.317410431E0,-1.373094635E0
2.656205500E0,8.034841461E0,1.310524750E0,-2.231709137E0
2.666219500E0,9.134754181E0,1.072968750E0,-3.421435089E0
2.676233500E0,9.936786346E0,1.002165985E0,-4.935237122E0
2.686246500E0,1.047461792E1,6.219566345E-1,-5.914800110E0
2.696260500E0,1.074944641E1,2.438429260E-1,-5.719905396E0
2.706274500E0,1.183663559E1,4.002676392E-1,-5.677693176E0
2.716287500E0,1.331526077E1,7.532336426E-1,-6.173312531E0
2.726301500E0,1.459524902E1,7.755372620E-1,-6.758595428E0
2.736314500E0,1.564217194E1,9.828561401E-1,-6.929240570E0
2.746328500E0,1.618494324E1,8.999285889E-1,-7.221882019E0
2.756342500E0,1.590068436E1,4.659809875E-1,-7.558232574E0
2.766355500E0,1.510763351E1,-1.887574768E-1,-7.509733429E0
2.776369500E0,1.434227509E1,-8.180488586E-1,-7.783813477E0
2.786382500E0,1.389380768E1,-1.335223389E0,-8.126900024E0
2.796396500E0,1.452504501E1,-8.951385498E-1,-7.599696350E0
2.806410500E0,1.546374298E1,-2.562670898E-1,-7.498357086E0
2.816423500E0,1.559606781E1,-9.520202637E-2,-8.643625488E0
2.826437500E0,1.534010010E1,-8.457412720E-2,-9.239685974E0
2.836450500E0,1.448807190E1,-4.234693909E-1,-9.251661072E0
2.846464500E0,1.370475082E1,-4.553530884E-1,-9.354497223E0
2.856478500E0,1.299313065E1,-6.713539124E-1,-9.118887177E0
2.866491500E0,1.203287750E1,-1.033600616E0,-8.653205566E0
2.876505500E0,1.081860260E1,-1.455872498E0,-8.201744385E0
2.886518500E0,1.006177643E1,-1.942809906E0,-8.115373993E0
2.896532500E0,1.001627106E1,-1.976938934E0,-8.476123810E0
2.906546500E0,9.880054321E0,-1.413211212E0,-7.863148499E0
2.916559500E0,9.677375793E0,-9.587562561E-1,-6.512956238E0
2.926573500E0,9.357041931E0,-6.123765564E-1,-5.739364929E0
2.936586500E0,8.981921997E0,-2.990780640E-1,-5.715714111E0
2.946600500E0,8.525521088E0,-1.106199646E-1,-5.892197113E0
2.956614500E0,7.985444183E0,-7.738906860E-2,-6.121071167E0
2.966627500E0,7.501500549E0,1.767823792E-1,-6.556365967E0
2.976641500E0,7.231611786E0,7.035369873E-2,-6.329437866E0
2.986655500E0,6.440207520E0,-2.716850281E-1,-5.716612244E0
2.996668500E0,5.780978394E0,-3.607498169E-1,-5.092859344E0
3.006682500E0,5.501808929E0,-5.388793945E-1,-4.491110687E0
3.016695500E0,5.152136078E0,-5.831872559E-1,-4.363575897E0
3.026709500E0,4.814138947E0,-3.177891541E-1,-4.272864532E0
3.036723500E0,4.561913452E0,1.287322998E-2,-4.255650330E0
3.046736500E0,4.207300873E0,1.698966980E-1,-4.259691925E0
3.056750500E0,3.694018250E0,1.529818726E-1,-4.264931030E0
3.066763500E0,3.384611664E0,3.387455750E-1,-4.251009979E0
3.076777500E0,3.174897766E0,5.854325867E-1,-3.621419220E0
3.086791500E0,3.069217529E0,4.035607910E-1,-2.393971710E0
3.096804500E0,3.229234772E0,2.906954956E-1,-1.616338806E0
3.106818500E0,3.375181274E0,4.519102478E-1,-1.646126862E0
3.116831500E0,3.691772919E0,7.463479614E-1,-1.794917450E0
3.126845500E0,4.160897369E0,9.452842712E-1,-1.965113525E0
3.136859500E0,4.250560913E0,9.449848938E-1,-2.937641144E0
3.146872500E0,3.881278839E0,1.237626343E0,-3.375780029E0
3.156886500E0,4.022734680E0,1.514550476E0,-3.207679596E0
3.166900500E0,4.163741455E0,1.751358032E0,-2.986888733E0
3.176913500E0,4.212539978E0,1.547332306E0,-2.336191864E0
3.186927500E0,4.168232117E0,1.222956848E0,-1.346150665E0
3.196940500E0,4.581223297E0,1.558259583E0,-7.258406067E-1
3.206954500E0,5.449118500E0,1.925595703E0,-4.706213379E-1
3.216968500E0,6.015091553E0,2.004631348E0,-6.688092041E-1
3.226981500E0,6.087989960E0,1.933379517E0,-1.223854980E0
3.236995500E0,6.302493896E0,1.764231262E0,-1.681453400E0
3.247008500E0,6.900650024E0,1.626817017E0,-1.806892548E0
3.257022500E0,7.587571564E0,1.541943512E0,-1.554966431E0
3.267036500E0,7.847730560E0,1.235680389E0,-1.170416107E0
3.277049500E0,8.458909607E0,1.039887543E0,-9.008267212E-1
3.287063500E0,9.823471985E0,1.112037506E0,-8.123606873E-1
3.297077500E0,1.071816147E1,1.253044281E0,-1.239572296E0
3.307090500E0,1.135628448E1,1.314716034E0,-1.710343323E0
3.317104500E0,1.191073151E1,1.105900269E0,-2.093696136E0
3.327117500E0,1.147693359E1,7.047344971E-1,-2.597099304E0
3.337131500E0,1.094733490E1,3.059637451E-1,-3.106340332E0
3.347145500E0,1.094434113E1,-2.351609802E-1,-3.680396576E0
3.357158500E0,1.150268005E1,-6.792874146E-1,-3.823498993E0
3.367172500E0,1.259645554E1,-6.887178040E-1,-3.863016815E0
3.377185500E0,1.320224579E1,-6.622229004E-1,-4.644242249E0
3.387199500E0,1.367346588E1,-6.867718506E-1,-5.106780396E0
3.397213500E0,1.408211609E1,-6.393205261E-1,-5.534740448E0
3.407226500E0,1.432910248E1,-4.444258118E-1,-6.275250549E0
3.417240500E0,1.442205917E1,-3.568579102E-1,-7.032675476E0
3.427253500E0,1.430500259E1,-2.880010986E-1,-7.672295380E0
3.437267500E0,1.422970917E1,-1.821711731E-1,-7.986941071E0
3.447281500E0,1.414947601E1,-2.213896179E-1,-7.964936829E0
3.457294500E0,1.395443161E1,-4.059558105E-1,-7.983198853E0
3.467308500E0,1.408017014E1,-7.164102173E-1,-7.618407440E0
3.477322500E0,1.422866135E1,-9.987231445E-1,-7.176077271E0
3.487335500E0,1.340851685E1,-1.097368011E0,-6.822362823E0
3.497349500E0,1.269360352E1,-1.070723419E0,-6.178102570E0
3.507362500E0,1.223136475E1,-1.193767548E0,-5.877826996E0
3.517376500E0,1.135823044E1,-1.381477203E0,-6.105054474E0
3.527390500E0,1.052865555E1,-1.691931610E0,-6.678062897E0
3.537403500E0,9.762398987E0,-1.561852112E0,-7.327861633E0
3.547417500E0,9.389374695E0,-1.127754822E0,-7.540419617E0
3.557431500E0,9.386231232E0,-5.932164001E-1,-7.384893036E0
3.567444500E0,9.464368744E0,-4.191284180E-3,-7.224726105E0
3.577458500E0,9.400002594E0,3.698808289E-1,-7.131320343E0
3.587471500E0,9.062304840E0,4.824467468E-1,-6.963219910E0
3.597485500E0,8.244555359E0,8.038284302E-2,-6.561754761E0
3.607499500E0,7.097191315E0,-6.789880371E-1,-5.973927155E0
3.617512500E0,6.255192261E0,-1.146465912E0,-5.233866119E0
3.627526500E0,5.691913605E0,-1.363664246E0,-4.291875000E0
3.637540500E0,5.433101807E0,-1.226998444E0,-3.483256531E0
3.647553500E0,5.440885620E0,-6.749464417E-1,-2.766846313E0
3.657567500E0,5.273234253E0,-8.696914673E-2,-1.898202667E0
3.667580500E0,5.472170563E0,-3.502716064E-2,-1.693129120E0
3.677594792E0,5.630541229E0,4.529580688E-1,-2.858156433E0
3.687608792E0,6.153254242E0,1.222208405E0,-4.315525818E0
3.697621792E0,6.509663086E0,1.480271759E0,-4.960384827E0
3.707635792E0,5.924978943E0,1.075663147E0,-4.874912567E0
3.717648792E0,4.935087433E0,5.707630920E-1,-4.418361969E0
3.727662792E0,4.492757263E0,1.157093811E-1,-4.146826630E0
3.737676792E0,4.065845032E0,-1.892065430E-1,-3.830833740E0
3.747689792E0,3.844305725E0,-2.019300842E-1,-3.033890991E0
3.757703792E0,4.086951141E0,9.235794067E-2,-1.990410919E0
3.767717792E0,4.689747620E0,5.297483826E-1,-1.037492523E0
3.777730792E0,5.485043793E0,9.870474243E-1,-1.127156067E-1
3.787744792E0,6.089486847E0,1.273551636E0,7.212002563E-1
3.797757792E0,6.305337982E0,1.118923187E0,1.335522766E0
3.807771792E0,5.855673065E0,7.045848083E-1,1.424587555E0
3.817785792E0,5.529052277E0,4.462220764E-1,6.360273743E-1
3.827798792E0,5.687273254E0,4.839436340E-1,-1.285826111E-1
3.837812792E0,6.186634827E0,1.063837738E0,-3.540138245E-1
3.847826792E0,7.188800812E0,1.808838501E0,-4.857398987E-1
3.857839792E0,8.199349365E0,2.176473999E0,-6.581813049E-1
3.867853792E0,8.876541138E0,2.227667542E0,-6.069877625E-1
3.877867792E0,9.153614960E0,2.029329987E0,-5.941145325E-1
3.887880792E0,9.205706635E0,1.851799164E0,-7.819738770E-1
3.897894792E0,9.442214813E0,1.900148621E0,-1.311123505E0
3.907907792E0,9.433981934E0,1.918410645E0,-1.924398193E0
3.917921792E0,9.175319824E0,1.518143005E0,-2.568957825E0
3.927935792E0,9.185648346E0,1.218915253E0,-2.500550079E0
3.937948792E0,9.454638977E0,1.351539459E0,-5.722599792E-1
3.947962792E0,9.530980225E0,7.810757446E-1,5.786965942E-1
3.957976792E0,9.452992401E0,4.324507141E-1,5.349874878E-1
3.967989792E0,9.333091736E0,1.938468933E-1,-2.954855347E-1
3.978003792E0,1.006372238E1,7.937992859E-1,-5.962101746E-1
3.988016792E0,1.047626450E1,1.010847931E0,-1.275347900E0
3.998030792E0,1.068537964E1,8.521778870E-1,-2.167492676E0
4.008044792E0,1.066876419E1,4.457730103E-1,-3.125650177E0
4.018057792E0,1.065798660E1,1.526824951E-1,-4.095034332E0
4.028071792E0,1.127724884E1,-2.294728088E-1,-4.233197021E0
4.038085792E0,1.167946243E1,-1.778302002E-1,-3.361858978E0
4.048098792E0,1.198437836E1,-2.121089172E-1,-3.316802673E0
4.058112792E0,1.324775116E1,9.819580078E-2,-3.621718597E0
4.068125792E0,1.424722275E1,7.870632935E-1,-3.623365173E0
4.078139792E0,1.555729843E1,1.724713440E0,-3.670068054E0
4.088153792E0,1.698981949E1,2.561623077E0,-4.213587799E0
4.098166792E0,1.775981827E1,2.992876282E0,-5.346432037E0
4.108180792E0,1.759231659E1,2.534679108E0,-6.401138763E0
4.118194792E0,1.679178131E1,1.629960480E0,-7.044051819E0
4.128207792E0,1.562226334E1,9.449848938E-1,-6.935826874E0
4.138221792E0,1.476065506E1,6.135740662E-1,-6.047723694E0
4.148234792E0,1.426773010E1,6.179150391E-1,-4.668491821E0
4.158248792E0,1.367451370E1,7.887098694E-1,-3.359913025E0
4.168262792E0,1.295046936E1,9.526190186E-1,-2.392624512E0
4.178275792E0,1.222447906E1,9.280700684E-1,-1.608105927E0
4.188289792E0,1.129012207E1,5.089416504E-1,-1.396146698E0
4.198303792E0,1.027298721E1,1.556762695E-1,-1.387464752E0
4.208316792E0,9.863438873E0,6.644682312E-1,-9.737251282E-1
4.218330792E0,9.681567078E0,1.000070343E0,-3.237767029E-1
4.228344792E0,9.162446594E0,7.164102173E-1,7.274871826E-2
4.238357792E0,7.623945923E0,7.625143433E-1,-2.186952209E-1
4.248371792E0,6.812034302E0,4.508624268E-1,-7.445516968E-1
4.258384792E0,7.677833862E0,-7.110214233E-2,-1.049467621E0
4.268398792E0,7.690258026E0,6.664141846E-1,-1.448088684E0
4.278412792E0,7.133116608E0,1.876348114E0,-1.704505463E0
4.288425792E0,7.854017487E0,1.619332581E0,-1.446292419E0
4.298439792E0,7.888146515E0,1.034349060E0,-7.491920471E-1
4.308453792E0,7.170688477E0,7.586224365E-1,3.402424622E-1
4.318466792E0,5.924978943E0,1.389111328E-1,1.305585022E0
4.328480792E0,4.701123962E0,-4.267625427E-1,2.158211975E0
4.338493792E0,3.890858917E0,-2.363584900E-1,4.177363129E0
4.348507792E0,3.204835510E0,2.121089172E-1,5.723946991E0
4.358521792E0,3.787573700E0,-2.731819153E-1,4.493056641E0
4.368534792E0,4.472249908E0,3.147953796E-1,3.856430511E0
4.378548792E0,5.348677368E0,9.770182800E-1,3.286415863E0
4.388562792E0,5.824088745E0,1.209185486E0,3.115022278E0
4.398575792E0,5.657485199E0,1.237177277E0,2.674787750E0
4.408589792E0,5.312452698E0,1.100212097E0,2.804867249E0
4.418603792E0,4.457879791E0,7.717950439E-1,3.237168274E0
4.428616792E0,3.943998413E0,6.331832886E-1,3.578009491E0
4.438630792E0,4.617897034E0,1.417552185E0,3.716321869E0
4.448643792E0,6.375541992E0,1.776356049E0,3.302731934E0
4.458657792E0,7.802674255E0,2.021396484E0,3.990401917E0
4.468671792E0,7.964487762E0,2.115401001E0,5.047952728E0
4.478684792E0,8.180638275E0,1.700613556E0,5.246290283E0
4.488698792E0,8.194559326E0,1.257834320E0,5.301375732E0
4.498712792E0,8.359815674E0,1.116528168E0,4.604125671E0
4.508725792E0,8.874295807E0,1.285377045E0,3.446133728E0
4.518739792E0,9.289981384E0,1.567240906E0,2.527643738E0
4.528752792E0,9.309590607E0,1.974693604E0,2.317181396E0
4.538766792E0,9.725126495E0,2.419119415E0,2.263742523E0
4.548780792E0,9.658964081E0,1.931433563E0,2.140848083E0
4.558793792E0,9.189989319E0,9.282197571E-1,2.440375214E0
4.568807792E0,9.571845245E0,1.987866211E-1,3.252586212E0
4.578821792E0,9.870923309E0,-8.384065247E-1,4.025578766E0
4.588834792E0,9.420659637E0,-1.850152588E0,4.273612976E0
4.598848792E0,9.356892242E0,-1.873204651E0,3.391647034E0
4.608862792E0,9.666897583E0,-2.039359131E0,1.569486237E0
4.618875792E0,1.094284424E1,-1.044827271E0,-1.154100037E0
4.628889792E0,1.379381561E1,-9.879455566E-3,-4.557123413E0
4.638902792E0,1.561432983E1,2.125579834E-2,-7.917335815E0
4.648916792E0,1.590292969E1,1.803749084E-1,-1.015428406E1
4.658930792E0,1.560504913E1,5.275030518E-1,-1.071247330E1
4.668943792E0,1.469479202E1,-1.437011719E-2,-9.454938354E0
4.678957875E0,1.336016739E1,-9.731263733E-1,-7.217091980E0
4.688971875E0,1.156060959E1,-2.033221893E0,-5.666765900E0
4.698984875E0,1.007435028E1,-3.318149872E0,-5.198838959E0
4.708998875E0,9.201964417E0,-4.454736328E0,-5.475314026E0
4.719012875E0,8.031847687E0,-4.755161591E0,-6.298152924E0
4.729025875E0,7.715705109E0,-5.433550873E0,-8.335266724E0
4.739039875E0,7.139702911E0,-5.911806335E0,-9.980794830E0
4.749052875E0,6.665638733E0,-5.560037842E0,-1.054976166E1
4.759066875E0,7.479047241E0,-5.047803040E0,-1.114567245E1
4.769080875E0,9.111103363E0,-3.617078247E0,-1.230650848E1
4.779093875E0,1.083731369E1,-2.072739716E0,-1.329235840E1
4.789107875E0,1.163784897E1,-1.868863678E0,-1.418345535E1
4.799121875E0,1.062430664E1,-2.917732544E0,-1.322993820E1
4.809134875E0,7.779472504E0,-4.719535675E0,-1.062116318E1
4.819148875E0,6.268963623E0,-6.553521881E0,-9.886191559E0
4.829162875E0,5.718707886E0,-6.875502319E0,-9.319470062E0
4.839175875E0,5.353168030E0,-6.547833710E0,-8.456065521E0
4.849189875E0,5.664520569E0,-6.227050781E0,-8.881331177E0
4.859202875E0,5.941145325E0,-5.614823914E0,-9.992320862E0
4.869216875E0,5.913303223E0,-4.377347260E0,-9.858199768E0
4.879230875E0,6.578968964E0,-3.008144531E0,-8.783584442E0
4.889243875E0,7.281158752E0,-1.795815582E0,-8.549321594E0
4.899257875E0,7.852969666E0,-9.247769165E-1,-8.318501587E0
4.909271875E0,8.338110809E0,-7.740403748E-1,-7.901319122E0
4.919284875E0,6.433022461E0,-1.660047913E0,-7.768545227E0
4.929298875E0,3.389850769E0,-3.093766479E0,-8.116122437E0
4.939312875E0,1.894610138E0,-5.009183350E0,-8.640931091E0
4.949325875E0,-1.715432739E-1,-6.023623810E0,-8.550519104E0
4.959339875E0,-4.698728943E-1,-6.291865997E0,-8.399782562E0
4.969352875E0,-3.068618774E-2,-5.828729095E0,-9.105714569E0
4.979366875E0,-1.347198486E-1,-4.509223022E0,-8.796008606E0
4.989380875E0,5.095404053E-1,-4.018393707E0,-7.904013519E0
4.999393875E0,1.287023621E0,-3.002156982E0,-7.937244415E0
5.009407875E0,2.139201508E0,-1.885628815E0,-8.173752594E0
5.019421875E0,2.239043884E0,-1.577868805E0,-7.771988068E0
5.029434875E0,1.062191162E0,-2.488275604E0,-7.247778168E0
5.039448875E0,8.337661743E-2,-3.149450684E0,-7.468419342E0
5.049462875E0,-4.528083801E-1,-3.032244415E0,-7.831713867E0
5.059475875E0,-5.993536377E-1,-2.662812653E0,-7.804320831E0
5.069489875E0,-3.673361206E-1,-2.106120300E0,-7.846533051E0
5.079502875E0,-2.200424194E-1,-1.974094849E0,-8.187823334E0
5.089516875E0,-2.186952209E-1,-2.158211975E0,-8.565487976E0
5.099530875E0,-4.192781067E-1,-2.443967743E0,-8.885223083E0
5.109543875E0,-1.247206421E0,-2.138453064E0,-7.942034454E0
5.119557875E0,-1.040037231E0,-1.570833435E0,-7.125033417E0
5.129571875E0,-9.354048157E-1,-5.363346863E-1,-5.953419800E0
5.139584875E0,-2.082170105E-1,-2.386038208E-1,-5.509892120E0
5.149598875E0,-1.146615601E-1,2.700384521E-1,-5.666616211E0
5.159612875E0,5.463638306E-2,4.492158508E-1,-5.774990845E0
5.169625875E0,2.532733154E-1,3.537144470E-1,-6.522686005E0
5.179639875E0,2.104623413E-1,6.858737183E-1,-6.924151154E0
5.189653875E0,3.011737061E-1,6.716532898E-1,-6.819967804E0
5.199666875E0,4.764591980E-1,9.675878906E-1,-6.500232697E0
5.209680875E0,7.610174561E-1,1.206640778E0,-5.604345703E0
5.219693875E0,7.042854309E-1,1.280736694E0,-3.907624054E0
5.229707875E0,1.634900208E0,1.331481171E0,-1.910177765E0
5.239721875E0,2.298021240E0,1.037791901E0,-9.267228699E-1
5.249734875E0,2.354004822E0,7.521858215E-1,-5.619314575E-1
5.259748875E0,2.540516968E0,2.561174011E-1,-5.060975647E-1
5.269762875E0,2.785258026E0,-2.092648315E-1,-1.241069183E0
5.279775875E0,3.608845367E0,-3.388952637E-1,-2.197280731E0
5.289789875E0,4.911286926E0,-2.128573608E-1,-3.078797607E0
5.299803875E0,6.374643860E0,4.282594299E-1,-3.597019958E0
5.309816875E0,7.773784332E0,1.161135406E0,-3.574866028E0
5.319830875E0,8.606352997E0,1.252595215E0,-3.322490845E0
5.329843875E0,8.855285339E0,9.527687073E-1,-3.444936218E0
5.339857875E0,9.061406708E0,5.547463989E-1,-4.700525208E0
5.349871875E0,9.036558380E0,-6.900650024E-2,-6.143075409E0
5.359884875E0,8.796607361E0,-4.408332825E-1,-6.366860046E0
5.369898875E0,9.350755005E0,-7.500901794E-1,-6.018833771E0
5.379912875E0,9.692494354E0,-7.578739929E-1,-6.071524200E0
5.389925875E0,8.605604553E0,-1.656156006E0,-6.208190002E0
5.399939875E0,8.485105133E0,-2.367776184E0,-7.041207733E0
5.409953875E0,8.944799194E0,-2.353406067E0,-7.914042664E0
5.419966875E0,9.543703766E0,-2.414479065E0,-8.874146118E0
5.429980875E0,1.029514114E1,-2.519859924E0,-1.022463776E1
5.439994875E0,1.042686722E1,-2.264341278E0,-1.131317413E1
5.450007875E0,1.084479813E1,-2.166594543E0,-1.257744507E1
5.460021875E0,1.123099503E1,-2.411634979E0,-1.390293869E1
5.470034875E0,1.151061356E1,-2.625390472E0,-1.486408997E1
5.480048875E0,1.195384186E1,-2.515219574E0,-1.511362106E1
5.490062875E0,1.249391876E1,-2.407593384E0,-1.494297592E1
5.500075875E0,1.260947845E1,-2.187401276E0,-1.490001526E1
5.510089875E0,1.257909164E1,-1.995650024E0,-1.490899658E1
5.520103875E0,1.209754303E1,-2.224973145E0,-1.475227249E1
5.530116875E0,1.119432129E1,-2.719993744E0,-1.436682404E1
5.540130875E0,1.029529083E1,-3.352129211E0,-1.360760284E1
5.550144875E0,9.241781616E0,-3.666176147E0,-1.322425003E1
5.560157875E0,8.765322418E0,-3.658392334E0,-1.322425003E1
5.570171875E0,8.514144745E0,-3.309767303E0,-1.267294647E1
5.580185875E0,8.373137970E0,-3.000510406E0,-1.195473999E1
5.590198875E0,8.070617065E0,-2.924767914E0,-1.156779465E1
5.600212875E0,7.620952148E0,-2.884202271E0,-1.142648849E1
5.610225875E0,7.239545288E0,-2.696342926E0,-1.109867020E1
5.620239875E0,6.974147186E0,-2.565065918E0,-1.061487625E1
5.630253875E0,6.154002686E0,-2.508333893E0,-1.001686981E1
5.640266875E0,5.425617371E0,-2.476150818E0,-9.179810486E0
5.650280875E0,4.936584320E0,-2.750979309E0,-8.444689178E0
5.660294875E0,4.421355743E0,-2.872676239E0,-8.329129486E0
5.670307875E0,4.050427094E0,-2.616708527E0,-7.980354767E0
5.680321667E0,4.096680908E0,-2.326162720E0,-7.612419891E0
5.690335667E0,4.038302307E0,-1.979783020E0,-7.508086853E0
5.700348667E0,3.713926849E0,-1.696871338E0,-7.295528870E0
5.710362667E0,3.298241272E0,-1.566791840E0,-6.840325470E0
5.720376667E0,2.955005035E0,-1.598525848E0,-6.621929626E0
5.730389667E0,2.885100403E0,-1.560804291E0,-6.412964172E0
5.740403667E0,2.533032532E0,-1.393601990E0,-6.109395447E0
5.750417667E0,2.127226410E0,-1.448238373E0,-5.679938507E0
5.760430667E0,1.725461884E0,-1.354682922E0,-5.265450439E0
5.770444667E0,1.587748260E0,-1.102307739E0,-5.005740509E0
5.780457667E0,1.422491913E0,-9.156459045E-1,-4.748126221E0
5.790471667E0,1.337319031E0,-7.714956665E-1,-4.450844421E0
5.800485667E0,1.137035522E0,-7.009922791E-1,-3.928879852E0
5.810498667E0,7.890092468E-1,-7.463479614E-1,-3.209176483E0
5.820512667E0,4.972659302E-1,-9.280700684E-1,-2.728376312E0
5.830526667E0,7.020401001E-2,-5.810916138E-1,-1.991608429E0
5.840539667E0,1.110540619E0,-2.869532776E-1,-2.086960144E0
5.850553667E0,1.734592896E0,8.247848511E-2,-2.569706268E0
5.860567667E0,2.436183929E0,4.855902100E-1,-2.589315491E0
5.870580667E0,3.028502197E0,7.674540710E-1,-2.798879700E0
5.880594667E0,3.138373718E0,7.232958984E-1,-2.962339783E0
5.890608667E0,3.022664337E0,4.150868225E-1,-2.932252350E0
5.900621667E0,3.226690063E0,3.754193115E-1,-3.341800690E0
5.910635667E0,3.511547699E0,1.378633118E-1,-3.459306335E0
5.920648667E0,3.680546265E0,-1.519340515E-1,-3.352727966E0
5.930662667E0,3.901486816E0,-2.493814087E-1,-3.820205841E0
5.940676667E0,4.425996094E0,-2.314187622E-1,-4.396357727E0
5.950689667E0,5.138215027E0,-8.786727905E-2,-4.678670654E0
5.960703667E0,5.523214417E0,-1.146615601E-1,-5.201233978E0
5.970717667E0,5.673950958E0,-6.773414612E-1,-5.817352753E0
5.980730667E0,6.071673889E0,-1.012494507E0,-6.434219971E0
5.990744667E0,6.470594330E0,-1.234333191E0,-7.282206573E0
6.000758667E0,7.061415710E0,-1.101259918E0,-7.605833588E0
6.010771667E0,7.733518066E0,-7.339237976E-1,-7.670199738E0
6.020785667E0,8.106093292E0,-5.541476440E-1,-7.842940521E0
6.030799667E0,8.097111969E0,-8.168513489E-1,-7.948620758E0
6.040812667E0,8.162076874E0,-1.003962250E0,-8.452622681E0
6.050826667E0,8.425978088E0,-1.334924011E0,-9.392218781E0
6.060840667E0,8.619226227E0,-1.801952820E0,-1.025098297E1
6.070853667E0,9.059610443E0,-1.753303986E0,-1.043824356E1
6.080867667E0,1.010623398E1,-1.574276276E0,-1.058149567E1
6.090880667E0,1.087473587E1,-1.247805176E0,-1.130284561E1
6.100894667E0,1.171508835E1,-7.310797119E-1,-1.224094482E1
6.110908667E0,1.221280334E1,-6.197113037E-1,-1.298804123E1
6.120921667E0,1.225291992E1,-8.421487427E-1,-1.370789429E1
6.130935667E0,1.229692841E1,-1.066831512E0,-1.399484756E1
6.140949667E0,1.218930222E1,-1.156495056E0,-1.354443420E1
6.150962667E0,1.134281250E1,-1.461710358E0,-1.236832993E1
6.160976667E0,1.009919861E1,-2.138752441E0,-1.128129044E1
6.170990667E0,9.229806519E0,-2.820434875E0,-1.060170364E1
6.181003667E0,8.503816223E0,-2.970872040E0,-1.005504044E1
6.191017667E0,8.262967072E0,-2.558030548E0,-9.442065125E0
6.201031667E0,8.419840851E0,-2.058070221E0,-8.877289581E0
6.211044667E0,8.476423187E0,-1.484912109E0,-8.451125793E0
6.221058667E0,8.428223419E0,-8.891510010E-1,-8.089627533E0
6.231072667E0,8.378077698E0,-3.841012573E-1,-7.887847137E0
6.241085667E0,8.354726257E0,-1.122665405E-1,-7.910599823E0
6.251099667E0,8.051756287E0,-9.759704590E-2,-7.975564728E0
6.261113667E0,7.382498016E0,-4.769082642E-1,-7.868836670E0
6.271126667E0,6.458020477E0,-8.496331787E-1,-7.540419617E0
6.281140667E0,5.740263062E0,-9.951306152E-1,-7.045997772E0
6.291153667E0,5.307662659E0,-9.033714294E-1,-6.732848969E0
6.301167667E0,4.981341248E0,-7.246430969E-1,-6.406677246E0
6.311181667E0,4.613855438E0,-7.060816956E-1,-5.784121857E0
6.321194667E0,4.274960175E0,-4.885839844E-1,-5.093757477E0
6.331208667E0,4.256249084E0,-2.022294617E-1,-4.590054932E0
6.341222667E0,4.311633911E0,-1.541793823E-1,-4.245471497E0
6.351235667E0,4.612957306E0,-8.741821289E-2,-3.942202148E0
6.361249667E0,4.260290680E0,2.448907471E-1,-3.180136871E0
6.371263667E0,4.271966400E0,-4.415817261E-2,-2.253264313E0
6.381276667E0,4.121379547E0,-2.698887634E-1,-1.364113312E0
6.391290667E0,3.843407593E0,-4.567002869E-1,-5.831872559E-1
6.401304667E0,3.749552765E0,-5.167254639E-1,8.098159790E-2
6.411317667E0,3.942800903E0,-4.372407532E-1,4.484674072E-1
6.421331667E0,4.144730988E0,-3.290158081E-1,5.742059326E-1
6.431345667E0,4.418661346E0,-1.357676697E-1,4.453239441E-1
6.441358667E0,4.788392487E0,-2.005828857E-2,-4.683760071E-1
6.451372667E0,4.928650818E0,-1.878593445E-1,-1.390009460E0
6.461386667E0,4.997357941E0,-4.216731262E-1,-1.857038269E0
6.471399667E0,5.419929199E0,-5.192701721E-1,-2.610122223E0
6.481413667E0,6.055058441E0,-5.547463989E-1,-3.165317688E0
6.491427667E0,6.771768036E0,-5.390290833E-1,-3.516337738E0
6.501440667E0,7.462880859E0,-6.047424316E-1,-4.332740021E0
6.511454667E0,8.657696228E0,-1.472937012E-1,-5.604794769E0
6.521467667E0,9.977202301E0,4.584965515E-1,-7.295229492E0
6.531481667E0,1.079270645E1,6.279441833E-1,-8.872798920E0
6.541495667E0,1.164712967E1,6.237528992E-1,-1.039258850E1
6.551508667E0,1.204290665E1,9.310638428E-1,-1.166314636E1
6.561522667E0,1.219753510E1,9.475296021E-1,-1.220202576E1
6.571536667E0,1.214065338E1,1.013841705E0,-1.259106674E1
6.581549667E0,1.190264832E1,1.011746063E0,-1.279344589E1
6.591563667E0,1.142514130E1,9.401948547E-1,-1.259630585E1
6.601577667E0,1.065065186E1,7.292834473E-1,-1.178364578E1
6.611590667E0,9.757459259E0,4.561015320E-1,-1.062460602E1
6.621604667E0,8.932225342E0,3.297642517E-1,-9.516310730E0
6.631618667E0,8.091872864E0,1.296304321E-1,-8.360713806E0
6.641631667E0,7.097341003E0,-1.678010559E-1,-6.462660828E0
6.651645667E0,6.738537140E0,-4.799020386E-1,-4.196523285E0
6.661659667E0,6.850055237E0,-6.673123169E-1,-3.298690338E0
6.671672667E0,6.366560669E0,-6.635700989E-1,-2.009720764E0
6.681686917E0,6.197412415E0,-8.888516235E-1,-8.655001831E-1
6.691700917E0,5.828729095E0,-6.722520447E-1,3.312611389E-1
6.701713917E0,5.907914429E0,-4.358935547E-1,1.419049072E0
6.711727917E0,7.190297699E0,-1.135388947E0,1.814676361E0
6.721740917E0,7.985444183E0,-1.450184326E0,2.301613770E0
6.731754917E0,8.683442688E0,-1.620829468E0,2.482437744E0
6.741768917E0,9.553732910E0,-2.184706879E0,1.862277374E0
6.751781917E0,1.080468155E1,-2.522554321E0,5.842350769E-1
6.761795917E0,1.275781998E1,-2.060465240E0,-3.149450684E-1
6.771809917E0,1.459599747E1,-1.030906219E0,-8.138575745E-1
6.781822917E0,1.570399338E1,-2.665956116E-1,-1.511257324E0
6.791836917E0,1.612057709E1,-2.185455322E-2,-2.466121674E0
6.801850917E0,1.596879272E1,-9.011260986E-2,-3.699107666E0
6.811863917E0,1.553873703E1,-3.537144470E-1,-4.619842987E0
6.821877917E0,1.422581726E1,-4.279600525E-1,-4.730313263E0
6.831891917E0,1.318263657E1,-1.242865448E0,-4.357738037E0
6.841904917E0,1.186941742E1,-1.703008575E0,-3.155438232E0
6.851918917E0,1.092892319E1,-1.324445801E0,-1.489702148E0
6.861932917E0,1.029888336E1,-1.132095795E0,-6.286926270E-3
6.871945917E0,9.392967224E0,-4.653822327E-1,1.672172699E0
6.881959917E0,9.024283905E0,1.395098877E-1,2.911445618E0
6.891973917E0,9.122479706E0,-2.664459229E-2,2.817890167E0
6.901986917E0,9.018745422E0,-3.248245239E-1,2.046095123E0
6.912000917E0,8.438252563E0,-3.396437073E-1,1.494192810E0
6.922014917E0,7.691754913E0,-2.305206299E-2,1.210832062E0
6.932027917E0,6.497687988E0,7.493417358E-1,8.571176147E-1
6.942041917E0,6.583609314E0,1.457219696E0,3.564088440E-1
6.952054917E0,6.986271973E0,2.409539337E0,3.299139404E-1
6.962068917E0,7.115902405E0,3.165916443E0,6.692582703E-1
6.972082917E0,6.968459015E0,2.968177643E0,8.041278076E-1
6.982095917E0,6.755152588E0,2.685265961E0,3.990701294E-1
6.992109917E0,6.345604248E0,3.177442474E0,4.011657715E-1
7.002123917E0,6.620582428E0,2.826721802E0,7.634124756E-2
7.012136917E0,6.211632843E0,1.903292084E0,-8.955876160E-1
7.022150917E0,5.965993652E0,1.336720276E0,-3.047512665E0
7.032164917E0,6.546935577E0,1.673519897E0,-5.452561340E0
7.042177917E0,7.264094238E0,2.921325073E0,-7.154372406E0
7.052191917E0,6.997947693E0,3.939208374E0,-7.452851715E0
7.062205917E0,7.503895569E0,4.642445984E0,-7.118147736E0
7.072218917E0,7.319479065E0,3.697012024E0,-6.360423431E0
7.082232917E0,5.993237000E0,8.069718933E-1,-4.763544159E0
7.092246917E0,5.354664917E0,-1.043929138E0,-3.228785706E0
7.102259917E0,6.603517914E0,-1.300944672E0,-1.764081573E0
7.112273917E0,9.074579315E0,-1.535207520E0,-3.887416077E-1
7.122287917E0,1.159309204E1,-2.757116547E0,1.518741760E0
7.132300917E0,1.306557999E1,-4.003724213E0,4.066892853E0
7.142314917E0,1.326975540E1,-6.597230988E0,4.732408905E0
7.152328917E0,1.313129333E1,-9.773775330E0,3.328777771E0
7.162341917E0,1.422222473E1,-1.025996429E1,2.773881683E0
7.172355917E0,1.602956635E1,-9.425898743E0,2.318229218E0
7.182369917E0,1.731449432E1,-9.111552429E0,7.899073792E-1
7.192382917E0,1.720941284E1,-8.760981445E0,-1.817520447E0
7.202396917E0,1.574994781E1,-7.982001343E0,-5.389841766E0
7.212410917E0,1.316407516E1,-7.478598175E0,-9.217232666E0
7.222423917E0,1.175894714E1,-7.946674805E0,-1.236024673E1
7.232437917E0,1.167227737E1,-1.011686188E1,-1.403661072E1
7.242450917E0,1.291214905E1,-9.767937469E0,-1.382225647E1
7.252464917E0,1.445978073E1,-7.358248444E0,-1.296019913E1
7.262478917E0,1.453507416E1,-5.886059875E0,-1.155177795E1
7.272491917E0,1.352826782E1,-5.480852509E0,-1.067939209E1
7.282505917E0,1.161165344E1,-6.157744904E0,-1.143247604E1
7.292519917E0,9.310488739E0,-8.043822784E0,-1.271186554E1
7.302532917E0,8.531358948E0,-7.207661591E0,-1.308159668E1
7.312546917E0,8.825347595E0,-5.053191833E0,-1.313578400E1
7.322560917E0,9.892777863E0,-4.195774841E0,-1.360745316E1
7.332573917E0,1.034438873E1,-4.393214264E0,-1.461575638E1
7.342587917E0,9.934840393E0,-5.156926117E0,-1.547616714E1
7.352601917E0,8.949439545E0,-7.297175446E0,-1.559022995E1
7.362614917E0,7.767796783E0,-8.606652374E0,-1.521121811E1
7.372628917E0,7.037615204E0,-8.475375366E0,-1.443553116E1
7.382642917E0,6.616989899E0,-8.413404236E0,-1.392045227E1
7.392655917E0,6.895261230E0,-8.167315979E0,-1.419423294E1
7.402669917E0,7.620652771E0,-7.433990936E0,-1.346090790E1
7.412683917E0,8.358468475E0,-6.812633057E0,-1.180280594E1
7.422696917E0,8.839717712E0,-6.420149231E0,-1.027388535E1
7.432710917E0,8.751551056E0,-6.721472626E0,-9.274563446E0
7.442724917E0,7.600295105E0,-7.702981567E0,-9.164841614E0
7.452737917E0,6.200855255E0,-8.579858093E0,-9.705068207E0
7.462751917E0,5.707181854E0,-8.903335419E0,-1.032702484E1
7.472765917E0,5.752537537E0,-8.840915222E0,-1.059107574E1
7.482778917E0,6.084846497E0,-8.542286224E0,-1.055110886E1
7.492792917E0,6.325246582E0,-8.340356140E0,-1.022852966E1
7.502806917E0,6.673422546E0,-8.478219452E0,-1.000938538E1
7.512819917E0,7.287745056E0,-8.587941284E0,-9.592651978E0
7.522833917E0,7.673941956E0,-8.001610565E0,-8.554560699E0
7.532846917E0,7.698041840E0,-7.679031372E0,-7.810158691E0
7.542860917E0,6.985972595E0,-7.811505890E0,-7.369325409E0
7.552874917E0,6.222111053E0,-8.042325897E0,-7.229665833E0
7.562887917E0,5.485043793E0,-8.172405396E0,-7.174131317E0
7.572901917E0,4.508923645E0,-8.404422913E0,-7.507188721E0
7.582915917E0,3.820654907E0,-8.343798981E0,-8.026009827E0
7.592928917E0,3.373385010E0,-7.872279510E0,-8.298293610E0
7.602942917E0,3.162323914E0,-7.247179413E0,-8.451874237E0
7.612956917E0,3.329376526E0,-6.513255615E0,-8.178842010E0
7.622969917E0,3.452570343E0,-5.993985443E0,-7.691455536E0
7.632983917E0,3.289409637E0,-5.752238159E0,-7.472610626E0
7.642997917E0,3.202290802E0,-5.403762817E0,-7.086413727E0
7.653010917E0,2.772983551E0,-5.278024292E0,-6.392606506E0
7.663024917E0,1.933229828E0,-5.119503937E0,-5.493875427E0
7.673038917E0,1.585951996E0,-4.883295135E0,-4.379891968E0
7.683051125E0,9.930349731E-1,-4.704866180E0,-3.528312836E0
7.693065125E0,4.725672913E-1,-4.446653137E0,-3.159330139E0
7.703079125E0,3.811074829E-1,-4.185296631E0,-2.846929779E0
7.713092125E0,3.465293884E-1,-3.939208374E0,-2.309547272E0
7.723106125E0,2.261796570E-1,-3.605701904E0,-1.829944611E0
7.733120125E0,1.660047913E-1,-3.125350800E0,-1.461860046E0
7.743133125E0,7.694000244E-2,-2.840493164E0,-1.430425415E0
7.753147125E0,1.793270874E-1,-2.380350037E0,-1.184187469E0
7.763161125E0,5.069956970E-1,-1.642384644E0,-1.755848694E-1
7.773174125E0,7.855664063E-1,-1.019529877E0,5.614823914E-1
7.783188125E0,1.112785950E0,-5.921685791E-1,9.848020935E-1
7.793202125E0,1.107097778E0,-4.131408691E-1,1.137185211E0
7.803215125E0,8.973838806E-1,-4.665797424E-1,1.283880157E0
7.813229125E0,1.157991943E0,-6.521937561E-1,1.781146088E0
7.823243125E0,1.420695648E0,-4.140390015E-1,2.129322052E0
7.833256125E0,1.683549042E0,-2.567161560E-1,1.849404144E0
7.843270125E0,2.146087189E0,6.227050781E-2,9.876461792E-1
7.853284125E0,2.807262268E0,7.405101013E-1,3.375480652E-1
7.863297125E0,3.819457397E0,1.172811127E0,4.490661621E-2
7.873311125E0,4.590653687E0,1.214125214E0,-4.252656555E-1
7.883324125E0,4.892725525E0,9.681866455E-1,-1.376088409E0
7.893338125E0,5.039270782E0,5.950126648E-1,-2.885549469E0
7.903352125E0,5.144501953E0,4.306544495E-1,-4.249812469E0
7.913365125E0,5.068310394E0,1.270857239E-1,-5.225034485E0
7.923379125E0,5.248834991E0,-3.387455750E-1,-5.639672241E0
7.933393125E0,5.697302399E0,-9.201365662E-1,-5.863307190E0
7.943406125E0,6.548881531E0,-1.310824127E0,-6.727460175E0
7.953420125E0,7.919730835E0,-1.559906158E0,-8.284372559E0
7.963434125E0,9.606123962E0,-1.554966431E0,-1.010219238E1
7.973447125E0,1.119357285E1,-1.367107086E0,-1.202584213E1
7.983461125E0,1.253987320E1,-8.589138794E-1,-1.401325928E1
7.993475125E0,1.356673782E1,-1.141077118E0,-1.573602676E1
8.003488125E0,1.385414017E1,-1.625619507E0,-1.752241196E1
8.013502125E0,1.301049454E1,-1.656156006E0,-1.802731201E1
8.023516125E0,1.211864914E1,-1.764081573E0,-1.811517929E1
8.033529125E0,1.137454651E1,-1.965113525E0,-1.834734650E1
8.043543125E0,1.059856018E1,-2.186503143E0,-1.816891754E1
8.053557125E0,9.687105560E0,-2.363135834E0,-1.779035477E1
8.063570125E0,8.873697052E0,-2.587519226E0,-1.737182510E1
8.073584125E0,8.527616730E0,-2.528092804E0,-1.648282379E1
8.083598125E0,8.302035828E0,-2.325563965E0,-1.506242752E1
8.093611125E0,7.950117645E0,-2.316732330E0,-1.385354141E1
8.103625125E0,7.507488098E0,-2.308798828E0,-1.297412018E1
8.113639125E0,7.043902130E0,-2.250120850E0,-1.231369354E1
8.123652125E0,6.510710907E0,-2.290387115E0,-1.188827820E1
8.133666125E0,5.857469330E0,-2.608475647E0,-1.154743698E1
8.143680125E0,5.138963470E0,-2.809657288E0,-1.083551743E1
8.153693125E0,4.788242798E0,-2.983745270E0,-9.653575287E0
8.163707125E0,4.610562286E0,-2.906356201E0,-8.469687195E0
8.173721125E0,4.495301971E0,-2.692151642E0,-7.564220123E0
8.183734125E0,4.308041382E0,-2.505789185E0,-6.812183990E0
8.193748125E0,4.235592041E0,-2.099384308E0,-5.978268127E0
8.203762125E0,4.280798035E0,-1.715582428E0,-5.352419586E0
8.213775125E0,4.035607910E0,-1.502425690E0,-4.883594513E0
8.223789125E0,3.713627472E0,-1.429527283E0,-4.444707184E0
8.233803125E0,3.429518280E0,-1.366957397E0,-3.973636780E0
8.243816125E0,3.234024811E0,-1.166374512E0,-3.388802948E0
8.253830125E0,3.141816559E0,-1.061742096E0,-2.722837830E0
8.263843125E0,2.681074677E0,-1.184486847E0,-2.074985046E0
8.273857125E0,2.093696136E0,-1.327888641E0,-1.339264984E0
8.283871125E0,1.665586395E0,-1.414857788E0,-6.659651184E-1
8.293884125E0,1.363215179E0,-1.415606232E0,-4.083508301E-1
8.303898125E0,1.387764130E0,-1.318308563E0,-4.463717651E-1
8.313912125E0,1.724114685E0,-1.016985168E0,-5.367837524E-1
8.323925125E0,2.145488434E0,-6.286926270E-1,-8.122109985E-1
8.333939125E0,2.778971100E0,-1.161584473E-1,-9.008267212E-1
8.343953125E0,3.705394592E0,2.056723022E-1,-7.896080017E-1
8.353966125E0,4.691693573E0,3.933819580E-1,-1.077010345E0
8.363980125E0,5.304219818E0,3.861968994E-1,-1.773961029E0
8.373994125E0,5.761967926E0,1.898052979E-1,-2.618355103E0
8.384007125E0,6.292614441E0,1.279838562E-1,-3.439248047E0
8.394021125E0,7.049440613E0,3.255729675E-1,-4.416416016E0
8.404035125E0,8.072113953E0,6.876699829E-1,-5.285059662E0
8.414048125E0,8.502768402E0,3.082090759E-1,-6.024072876E0
8.424062125E0,8.555907898E0,-4.685256958E-2,-6.907535706E0
8.434076125E0,8.907077637E0,-2.499801636E-2,-8.209528198E0
8.444089125E0,9.380243683E0,-1.193019104E-1,-9.514065399E0
8.454103125E0,9.892777863E0,-2.028282166E-1,-1.037776932E1
8.464117125E0,1.052012329E1,-1.335223389E-1,-1.122545654E1
8.474130125E0,1.120569763E1,-1.796264648E-1,-1.233464996E1
8.484144125E0,1.179172897E1,-1.335223389E-1,-1.317380493E1
8.494158125E0,1.194156738E1,4.490661621E-3,-1.387689285E1
8.504171125E0,1.179532150E1,-5.987548828E-3,-1.466096237E1
8.514185125E0,1.144534927E1,-1.329235840E-1,-1.517304749E1
8.524199125E0,1.082264420E1,-3.324586487E-1,-1.541958481E1
8.534212125E0,1.023107437E1,-4.948709106E-1,-1.540177185E1
8.544226125E0,9.537416840E0,-6.566844177E-1,-1.472113724E1
8.554240125E0,8.836574249E0,-9.904902649E-1,-1.375444748E1
8.564253125E0,8.123606873E0,-1.166224823E0,-1.282248550E1
8.574267125E0,7.623945923E0,-1.190773773E0,-1.187660248E1
8.584281125E0,7.080126801E0,-1.066083069E0,-1.104328537E1
8.594294125E0,6.662495270E0,-8.738827515E-1,-1.020203476E1
8.604308125E0,6.305787048E0,-6.807843018E-1,-9.210945740E0
8.614322125E0,5.785768433E0,-6.230044556E-1,-8.360713806E0
8.624335125E0,5.303022308E0,-7.680528259E-1,-7.453450470E0
8.634349125E0,4.765041046E0,-8.406518555E-1,-6.224057007E0
8.644363125E0,4.341571655E0,-9.159452820E-1,-5.006189575E0
8.654376125E0,3.810326385E0,-1.152303772E0,-4.148922272E0
8.664390125E0,3.367996216E0,-1.224603424E0,-3.610342255E0
8.674404125E0,3.143313446E0,-1.200952606E0,-3.062182159E0
8.684418000E0,2.929557953E0,-1.104553070E0,-2.325863342E0
8.694432000E0,2.879861298E0,-8.235873413E-1,-1.523082733E0
8.704445000E0,2.918930054E0,-6.990463257E-1,-7.583230591E-1
8.714459000E0,2.783461761E0,-7.472460938E-1,-1.242416382E-1
8.724473000E0,2.687810669E0,-7.240443420E-1,1.272354126E-1
8.734486000E0,2.906056824E0,-7.053332520E-1,4.311035156E-2
8.744500000E0,3.054847412E0,-7.484436035E-1,-2.471360779E-1
8.754514000E0,3.517235870E0,-5.557942200E-1,-8.219407654E-1
8.764527000E0,4.365072784E0,-2.071691895E-1,-1.581910400E0
8.774541000E0,5.227579193E0,1.685494995E-1,-2.386636963E0
8.784555000E0,6.126909027E0,4.628375244E-1,-3.655248871E0
8.794568000E0,7.453151093E0,8.539741516E-1,-5.327571259E0
8.804582000E0,8.467890930E0,1.063688049E0,-7.208410034E0
8.814596000E0,9.401649170E0,1.008303223E0,-9.040899353E0
8.824609000E0,1.022493713E1,9.078620911E-1,-1.060439804E1
8.834623000E0,1.049901718E1,5.063969421E-1,-1.180565002E1
8.844637000E0,1.060245209E1,-1.167572021E-2,-1.235440887E1
8.854650000E0,1.068717590E1,-3.628454590E-1,-1.254376511E1
8.864664000E0,1.065514252E1,-4.885839844E-1,-1.279928375E1
8.874678000E0,1.063538361E1,-3.643423462E-1,-1.320883209E1
8.884691000E0,1.066247726E1,1.222956848E-1,-1.339699081E1
8.894705000E0,1.058104660E1,6.108796692E-1,-1.343695770E1
8.904719000E0,1.025846741E1,8.605604553E-1,-1.335986801E1
8.914732000E0,9.634864197E0,8.842112732E-1,-1.282982025E1
8.924746000E0,8.901389465E0,7.303312683E-1,-1.185804108E1
8.934760000E0,8.159382477E0,3.423381042E-1,-1.081935104E1
8.944773000E0,7.124734039E0,-5.628295898E-2,-9.791438599E0
8.954787000E0,6.221512299E0,-3.833528137E-1,-8.742270355E0
8.964801000E0,5.549859009E0,-5.510041809E-1,-7.602241058E0
8.974814000E0,4.962779846E0,-6.249504089E-1,-6.373596039E0
8.984828000E0,4.504283295E0,-5.854325867E-1,-5.180876312E0
8.994842000E0,4.203408966E0,-4.516108704E-1,-4.112996979E0
9.004855000E0,4.046235809E0,-3.411405945E-1,-3.018023987E0
9.014869000E0,3.864813080E0,-1.896556091E-1,-2.167492676E0
9.024883000E0,3.643423462E0,-6.451583862E-2,-1.544937286E0
9.034896000E0,3.532803497E0,-1.474433899E-1,-8.321195984E-1
9.044910000E0,3.223097534E0,-3.610491943E-1,-2.330653381E-1
9.054924000E0,2.845133514E0,-6.218069458E-1,9.669891357E-2
9.064937000E0,2.700384521E0,-8.433462524E-1,1.728904724E-1
9.074951000E0,2.993774414E0,-1.058898010E0,-2.290237427E-1
9.084965000E0,3.762425995E0,-9.617500305E-1,-1.120120697E0
9.094978000E0,5.098547516E0,-4.456233215E-1,-2.129771118E0
9.104992000E0,6.553072815E0,9.280700684E-2,-3.479364624E0
9.115006000E0,7.984845428E0,7.420069885E-1,-5.081632690E0
9.125019000E0,9.194479980E0,1.026864624E0,-6.793173523E0
9.135033000E0,9.511969757E0,5.695655823E-1,-8.707243195E0
9.145047000E0,9.738598480E0,1.309776306E-1,-1.065678909E1
9.155060000E0,9.996661835E0,-3.981719971E-2,-1.249346970E1
9.165074000E0,9.938432922E0,-1.414558411E-1,-1.435320236E1
9.175087000E0,9.945168915E0,-2.279759216E-1,-1.560998886E1
9.185101000E0,1.028436356E1,-2.052232361E-1,-1.603001541E1
9.195115000E0,1.028166916E1,7.604187012E-2,-1.561986832E1
9.205128000E0,1.031235535E1,2.983296204E-1,-1.423629547E1
9.215142000E0,9.940079498E0,4.553530884E-1,-1.255244705E1
9.225156000E0,9.218280487E0,3.683839417E-1,-1.102562210E1
9.235169000E0,8.477171631E0,1.077758789E-1,-1.012674133E1
9.245183000E0,7.358847198E0,-2.329156494E-1,-9.120234375E0
9.255197000E0,6.370153198E0,-3.266207886E-1,-7.675139465E0
9.265210000E0,5.903872833E0,-3.619473267E-1,-6.266119537E0
9.275224000E0,5.448819122E0,-3.203338623E-1,-4.968018951E0
9.285238000E0,4.920867004E0,-3.781137085E-1,-3.893104248E0
9.295251000E0,4.289779358E0,-5.450166321E-1,-3.064876556E0
9.305265000E0,4.102668457E0,-4.978646851E-1,-2.449206848E0
9.315279000E0,4.277055817E0,-3.567082214E-1,-1.668280792E0
9.325292000E0,4.319268036E0,-3.649411011E-1,-7.527845764E-1
9.335306000E0,4.230802002E0,-6.445596313E-1,-2.014810181E-1
9.345320000E0,3.938160553E0,-1.082099762E0,-6.861730957E-1
9.355333000E0,3.991749115E0,-1.329086151E0,-1.639989624E0
9.365347000E0,4.667593689E0,-1.065184937E0,-2.417472839E0
9.375361000E0,5.542224884E0,-6.747967529E-1,-3.309916992E0
9.385374000E0,6.384523315E0,-3.835025024E-1,-4.696034546E0
9.395388000E0,7.719297638E0,1.118174744E-1,-6.458469543E0
9.405402000E0,9.347012787E0,8.710386658E-1,-8.611741791E0
9.415415000E0,1.023975632E1,1.250948639E0,-1.098655334E1
9.425429000E0,1.062460602E1,1.225351868E0,-1.300061508E1
9.435443000E0,1.059541672E1,9.383985901E-1,-1.432071991E1
9.445456000E0,1.046788193E1,4.429289246E-1,-1.470167770E1
9.455470000E0,1.036729111E1,2.800675964E-1,-1.400068542E1
9.465484000E0,9.452094269E0,-1.167572021E-1,-1.223780136E1
9.475497000E0,8.234526215E0,-7.970924377E-1,-1.027283752E1
9.485511000E0,7.466623077E0,-1.123563538E0,-9.391620026E0
9.495525000E0,6.603817291E0,-1.080752563E0,-8.519832916E0
9.505538000E0,6.139782257E0,-1.041833496E0,-7.434589691E0
9.515552000E0,5.974525909E0,-8.108638000E-1,-6.890471191E0
9.525566000E0,5.621110840E0,-1.722917175E-1,-6.219566345E0
9.535579000E0,5.695206757E0,-3.906875610E-2,-5.124144287E0
9.545593000E0,5.511389008E0,-9.834548950E-2,-4.152814178E0
9.555607000E0,5.176834717E0,-1.031355286E-1,-3.082090759E0
9.565620000E0,4.949008484E0,-2.249821472E-1,-1.783541107E0
9.575634000E0,4.703968048E0,-3.998185730E-1,-5.291496277E-1
9.585648000E0,4.266577606E0,-7.493417358E-1,-1.781295776E-2
9.595661000E0,3.858376465E0,-1.190324707E0,-6.580316162E-1
9.605675000E0,3.730991364E0,-1.430126038E0,-1.555116119E0
9.615689000E0,3.830983429E0,-1.574126587E0,-2.200573883E0
9.625702000E0,4.378245392E0,-1.479223938E0,-3.226839752E0
9.635716000E0,6.109545135E0,-4.734654236E-1,-5.518125000E0
9.645730000E0,8.391250305E0,1.565444641E0,-8.794212341E0
9.655743000E0,1.009800110E1,3.255280609E0,-1.208032883E1
9.665757000E0,1.057880127E1,3.329975281E0,-1.407523041E1
9.675771000E0,1.029094986E1,2.123334503E0,-1.500045639E1
9.685784000E0,9.789043579E0,1.153351593E0,-1.403167099E1
9.695798000E0,8.905580750E0,1.362167358E-2,-1.090392517E1
9.705811000E0,7.068900146E0,-1.188378754E0,-5.673801270E0
9.715825000E0,6.728058929E0,-1.728455658E0,-3.148552551E0
9.725839000E0,6.153852997E0,-1.827399902E0,-7.101232910E-1
9.735852000E0,5.360053711E0,-1.669478302E0,5.667214966E-1
9.745866000E0,5.425916748E0,-1.686542816E0,1.235979767E0
9.755880000E0,5.380860443E0,-1.709295502E0,1.656754761E0
9.765893000E0,5.569318542E0,-1.935475159E0,1.431622925E0
9.775907000E0,5.259612579E0,-2.061363373E0,1.294058990E0
9.785921000E0,5.766907654E0,-2.262994080E0,9.731263733E-1
9.795934000E0,6.733148346E0,-2.123035126E0,2.758763123E-1
9.805948000E0,7.765401764E0,-1.823358307E0,-5.766009521E-1
9.815962000E0,8.965605927E0,-1.483714600E0,-1.683848419E0
9.825975000E0,9.655970306E0,-1.322200470E0,-2.965483246E0
9.835989000E0,9.922565918E0,-1.382075958E0,-3.804638214E0
9.846003000E0,1.028391449E1,-1.283131714E0,-4.318220215E0
9.856016000E0,1.139969421E1,-8.421487427E-1,-4.951403503E0
9.866030000E0,1.196357162E1,-2.644999695E-1,-5.652246094E0
9.876044000E0,1.187765030E1,-2.677931213E-1,-6.013145599E0
9.886057000E0,1.269659729E1,-5.147795105E-1,-6.412066040E0
9.896071000E0,1.303998322E1,-4.158352661E-1,-6.458768921E0
9.906085000E0,1.333097809E1,-6.396199036E-1,-5.814209290E0
9.916098000E0,1.331451233E1,-7.042854309E-1,-4.234544220E0
9.926112000E0,1.311437851E1,-5.153782654E-1,-3.160677338E0
9.936126000E0,1.317290680E1,-7.397616577E-1,-3.632196808E0
9.946139000E0,1.342049194E1,-6.201603699E-1,-4.006418610E0
9.956153000E0,1.408960052E1,-4.158352661E-1,-4.067641296E0
9.966167000E0,1.478685059E1,-5.381309509E-1,-4.508025513E0
9.976180000E0,1.498443970E1,-5.393284607E-1,-4.418212280E0
9.986194000E0,1.497381180E1,-4.749623108E-1,-3.828438721E0
9.996208000E0,1.547541870E1,-1.890568542E-1,-4.067341919E0
1.000622100E1,1.639795029E1,2.863545227E-1,-4.972509613E0
1.001623500E1,1.703771988E1,6.456074524E-1,-5.811814270E0
1.002624900E1,1.720417374E1,8.845106506E-1,-6.880292358E0
1.003626200E1,1.723515930E1,1.249002686E0,-8.286468201E0
1.004627600E1,1.718441483E1,9.328601074E-1,-9.305998077E0
1.005629000E1,1.674268341E1,4.578977966E-1,-9.564959564E0
1.006630300E1,1.645049103E1,2.761756897E-1,-9.289532318E0
1.007631700E1,1.628358810E1,-3.115022278E-1,-9.462123413E0
1.008633100E1,1.592358673E1,-1.275647278E0,-1.006911118E1
1.009634400E1,1.528157181E1,-1.424886932E0,-9.974208527E0
1.010635800E1,1.466665054E1,-1.128652954E0,-9.760003967E0
1.011637200E1,1.450813019E1,-1.397344208E0,-9.655670929E0
1.012638500E1,1.385054764E1,-1.771566010E0,-9.873917084E0
1.013639900E1,1.305420364E1,-2.017504578E0,-1.038959473E1
1.014641300E1,1.247251328E1,-2.436034241E0,-1.068957092E1
1.015642600E1,1.175879745E1,-2.758912811E0,-1.059975769E1
1.016644000E1,1.059107574E1,-2.548151093E0,-1.030741562E1
1.017645300E1,9.588610382E0,-2.596949615E0,-1.006641678E1
1.018646700E1,8.937015381E0,-2.865042114E0,-9.849966888E0
1.019648100E1,7.823480988E0,-2.997816010E0,-9.172026672E0
1.020649500E1,6.838080139E0,-3.142714691E0,-8.298892365E0
1.021650800E1,5.982459412E0,-3.182232513E0,-6.996750183E0
1.022652200E1,4.812043304E0,-3.032394104E0,-5.653593292E0
1.023653500E1,4.321363678E0,-2.361938324E0,-5.331014099E0
1.024654900E1,4.954846344E0,-5.878276062E-1,-6.153104553E0
1.025656300E1,5.293891296E0,1.177750854E0,-7.591762848E0
1.026657600E1,4.864434357E0,2.013163605E0,-8.665330353E0
1.027659000E1,4.423601074E0,1.525926819E0,-9.322912903E0
1.028660400E1,3.893253937E0,1.204694824E0,-9.348509674E0
1.029661700E1,3.088377686E0,7.978408813E-1,-7.786058807E0
1.030663100E1,2.157014465E0,1.260379028E-1,-6.165229340E0
1.031664500E1,1.169967041E0,-3.486250305E-1,-5.111271057E0
1.032665800E1,2.032772827E-1,-5.743556213E-1,-3.920646973E0
1.033667200E1,-5.334906006E-1,-5.117857361E-1,-2.519859924E0
1.034668600E1,-1.013093262E0,-4.064048767E-1,-1.008602600E0
1.035669900E1,-1.807341614E0,-5.740562439E-1,2.275268555E-2
1.036671300E1,-2.623294830E0,-9.765692139E-1,5.001100159E-1
1.037672700E1,-3.319347382E0,-1.806742859E0,8.032296753E-1
1.038674000E1,-4.158801727E0,-3.142265625E0,1.232387238E0
1.039675400E1,-4.596940613E0,-4.077670441E0,1.478176117E0
1.040676800E1,-4.489913177E0,-4.291725311E0,1.210832062E0
1.041678100E1,-3.632795563E0,-4.227808228E0,6.044430542E-1
1.042679500E1,-2.002984772E0,-3.870800629E0,-3.300636292E-1
1.043680900E1,-4.712200928E-1,-3.240162048E0,-1.696721649E0
1.044682200E1,1.963167572E0,-2.211650848E0,-4.148024139E0
1.045683600E1,4.324207764E0,-2.975811768E-1,-7.217541046E0
1.046685000E1,4.647086334E0,4.465214539E-1,-1.038285873E1
1.047686300E1,3.523822174E0,-2.793191528E-1,-1.308399170E1
1.048687700E1,2.046394501E0,-1.514550476E0,-1.455273743E1
1.049689100E1,-8.861572266E-2,-3.351231079E0,-1.625454849E1
1.050690400E1,-2.229763184E0,-4.623136139E0,-1.676588516E1
1.051691800E1,-3.615132294E0,-5.715265045E0,-1.576521606E1
1.052693200E1,-4.508025513E0,-6.367458801E0,-1.511766266E1
1.053694500E1,-4.476291504E0,-6.405030670E0,-1.494507156E1
1.054695900E1,-3.974684601E0,-6.143674164E0,-1.452444626E1
1.055697300E1,-3.466042328E0,-5.853128357E0,-1.433149750E1
1.056698600E1,-2.533780975E0,-5.247787170E0,-1.441667038E1
1.057700000E1,-1.346749420E0,-4.237687683E0,-1.462368988E1
1.058701400E1,-5.956114197E-1,-3.397933960E0,-1.480301697E1
1.059702700E1,-2.522254944E-1,-3.023712158E0,-1.472697510E1
1.060704100E1,-2.336640930E-1,-2.896925812E0,-1.441786789E1
1.061705400E1,-5.547463989E-1,-2.968027954E0,-1.406310562E1
1.062706800E1,-1.166224823E0,-3.184328156E0,-1.365221008E1
1.063708200E1,-1.831441498E0,-3.493734741E0,-1.306557999E1
1.064709500E1,-2.445764008E0,-3.795956268E0,-1.222582626E1
1.065710900E1,-2.988235931E0,-3.775748291E0,-1.135942795E1
1.066712300E1,-2.898123322E0,-3.569028168E0,-1.046084656E1
1.067713600E1,-2.727029114E0,-3.201542358E0,-9.559421082E0
1.068714975E1,-2.626138916E0,-2.882705383E0,-8.794062653E0
1.069716375E1,-2.427951050E0,-2.568359070E0,-8.086184692E0
1.070717675E1,-2.142195282E0,-2.327509918E0,-7.517517242E0
1.071719075E1,-1.877096558E0,-2.029180298E0,-7.220834198E0
1.072720475E1,-1.452429657E0,-1.439107361E0,-6.954837341E0
1.073721775E1,-7.867639160E-1,-7.879614258E-1,-6.598727875E0
1.074723175E1,-8.367599487E-1,-1.486408997E-1,-5.898783417E0
1.075724575E1,-7.002438354E-1,-1.323248291E-1,-5.501060486E0
1.076725875E1,-6.954537964E-1,-2.180964661E-1,-5.422773285E0
1.077727275E1,-1.263372803E0,3.125500488E-1,-4.427792358E0
1.078728675E1,-1.390308838E0,6.357279968E-1,-3.267106018E0
1.079729975E1,-1.489702148E0,5.882766724E-1,-2.903961182E0
1.080731375E1,-1.754202118E0,5.807922363E-1,-2.850671997E0
1.081732775E1,-1.783990173E0,6.629713440E-1,-2.554887085E0
1.082734075E1,-1.701960754E0,6.478527832E-1,-2.487078094E0
1.083735475E1,-1.411265259E0,7.304809570E-1,-2.725681915E0
1.084736875E1,-8.497828674E-1,1.145418091E0,-2.677332458E0
1.085738175E1,-1.499880981E-1,1.856140137E0,-2.656825104E0
1.086739575E1,4.938230896E-1,2.518213348E0,-2.815944214E0
1.087740975E1,7.918533325E-1,2.906655579E0,-3.091072083E0
1.088742275E1,1.053658905E0,3.220552826E0,-3.533252563E0
1.089743675E1,1.847907257E0,3.702400818E0,-4.258344727E0
1.090745075E1,2.518063660E0,4.043990479E0,-5.329367523E0
1.091746375E1,2.707270203E0,3.879033508E0,-6.528523865E0
1.092747775E1,2.990032196E0,3.765868835E0,-7.739655304E0
1.093749175E1,3.210074615E0,3.817810822E0,-9.315727844E0
1.094750475E1,3.096460876E0,3.930676117E0,-1.084345093E1
1.095751875E1,2.659369812E0,3.808679810E0,-1.236847961E1
1.096753175E1,2.345472565E0,3.477867737E0,-1.400831955E1
1.097754575E1,1.982327728E0,3.129691772E0,-1.543934372E1
1.098755975E1,1.650318146E0,2.627186737E0,-1.668370605E1
1.099757275E1,1.493893433E0,2.116149445E0,-1.739233246E1
1.100758675E1,1.507215729E0,1.713636475E0,-1.742526398E1
1.101760075E1,1.765129395E0,1.621278534E0,-1.672621765E1
1.102761375E1,1.974394226E0,1.447040863E0,-1.576641357E1
1.103762775E1,1.991608429E0,1.274898834E0,-1.510104721E1
1.104764175E1,1.751807098E0,1.218166809E0,-1.486723343E1
1.105765475E1,1.411714325E0,1.298399963E0,-1.476529541E1
1.106766875E1,9.630972290E-1,1.353335724E0,-1.443882431E1
1.107768275E1,4.942721558E-1,1.216071167E0,-1.366223923E1
1.108769575E1,-1.471440125E-1,1.017583923E0,-1.275662247E1
1.109770975E1,-6.656657410E-1,8.704399109E-1,-1.198901871E1
1.110772375E1,-8.656498718E-1,8.933422852E-1,-1.085752167E1
1.111773675E1,-9.889933777E-1,1.037342834E0,-9.514813843E0
1.112775075E1,-9.970765686E-1,1.264121246E0,-8.556656342E0
1.113776475E1,-7.607180786E-1,1.481469269E0,-7.542066193E0
1.114777775E1,-4.543052673E-1,1.671873322E0,-6.371201019E0
1.115779175E1,-2.953358459E-1,1.705702972E0,-5.313650208E0
1.116780575E1,-3.110531616E-1,1.726958771E0,-4.225413208E0
1.117781875E1,-4.198768616E-1,1.750010834E0,-3.321143646E0
1.118783275E1,-6.747967529E-1,1.672472076E0,-2.829266510E0
1.119784675E1,-8.424481201E-1,1.907034302E0,-2.619402924E0
1.120785975E1,-6.379733276E-1,2.290237427E0,-2.731070709E0
1.121787375E1,-2.749781799E-1,2.699037323E0,-3.166066132E0
1.122788775E1,1.450483704E-1,2.964285736E0,-3.651506653E0
1.123790075E1,4.290078735E-1,3.138074341E0,-4.318968658E0
1.124791475E1,8.373587036E-1,3.254532166E0,-5.134323120E0
1.125792875E1,1.293909302E0,3.249891815E0,-5.758076019E0
1.126794175E1,2.077829132E0,3.705095215E0,-6.461014252E0
1.127795575E1,2.929557953E0,4.529131622E0,-7.937992859E0
1.128796875E1,3.265609131E0,4.874613190E0,-9.316775665E0
1.129798275E1,3.074606323E0,4.691693573E0,-1.009051666E1
1.130799675E1,2.520009613E0,4.363426208E0,-1.136885834E1
1.131800975E1,2.152374115E0,3.963757324E0,-1.279539185E1
1.132802375E1,1.780996399E0,3.358865204E0,-1.354503296E1
1.133803775E1,1.314416656E0,2.550246735E0,-1.376058472E1
1.134805075E1,1.120719452E0,1.904190216E0,-1.410157562E1
1.135806475E1,1.172511749E0,1.672322388E0,-1.453971451E1
1.136807875E1,1.775607605E0,1.853894806E0,-1.497456024E1
1.137809175E1,2.563868408E0,2.168690186E0,-1.525941788E1
1.138810575E1,3.207978973E0,2.462828522E0,-1.523082733E1
1.139811975E1,3.499722290E0,2.615211639E0,-1.522439072E1
1.140813275E1,3.464695129E0,2.589465179E0,-1.486274277E1
1.141814675E1,3.078049164E0,2.531984711E0,-1.387180344E1
1.142816075E1,2.593506775E0,2.421215057E0,-1.264615219E1
1.143817375E1,2.123184814E0,2.185904388E0,-1.115480347E1
1.144818775E1,1.475032654E0,2.114802246E0,-9.703421631E0
1.145820175E1,9.014254761E-1,1.997745667E0,-8.527616730E0
1.146821475E1,5.116360474E-1,1.961820374E0,-7.530989227E0
1.147822875E1,2.017803955E-1,1.970202942E0,-6.504573669E0
1.148824275E1,2.409988403E-2,2.076781311E0,-5.541326752E0
1.149825575E1,-2.409988403E-2,2.267933807E0,-4.725822601E0
1.150826975E1,-5.673202515E-2,2.475402374E0,-4.071233826E0
1.151828375E1,-1.140628052E-1,2.651735687E0,-3.499123535E0
1.152829675E1,-1.025367737E-1,2.815495148E0,-3.174897766E0
1.153831075E1,-1.103205872E-1,2.987337799E0,-3.171005859E0
1.154832375E1,8.666976929E-2,2.992277527E0,-3.299887848E0
1.155833775E1,4.788542175E-1,2.952460327E0,-3.525019684E0
1.156835175E1,7.845185852E-1,2.953508148E0,-3.586990814E0
1.157836475E1,1.155297546E0,3.052003326E0,-3.864813080E0
1.158837875E1,1.569635925E0,3.344794464E0,-4.736151123E0
1.159839275E1,2.278412018E0,3.900438995E0,-6.007756805E0
1.160840575E1,3.343147888E0,4.756808167E0,-7.590265961E0
1.161841975E1,3.987857208E0,5.322631531E0,-9.560917969E0
1.162843375E1,3.891158295E0,5.413193207E0,-1.141556122E1
1.163844675E1,3.515439606E0,5.074148254E0,-1.287667282E1
1.164846075E1,3.207978973E0,4.557722168E0,-1.372001907E1
1.165847475E1,2.865491180E0,3.808230743E0,-1.401266052E1
1.166848775E1,2.674787750E0,3.025658112E0,-1.410995819E1
1.167850175E1,2.614612885E0,2.364932098E0,-1.394784531E1
1.168851512E1,2.697540436E0,2.021097107E0,-1.342558136E1
1.169852812E1,3.068020020E0,2.101330261E0,-1.283505936E1
1.170854212E1,3.549568634E0,2.550695801E0,-1.237761063E1
1.171855612E1,3.867058411E0,3.044219513E0,-1.232057922E1
1.172856912E1,3.894750824E0,3.299289093E0,-1.236249207E1
1.173858312E1,3.503614197E0,3.329376526E0,-1.212972610E1
1.174859712E1,3.016527100E0,3.188669128E0,-1.164204025E1
1.175861012E1,2.412084045E0,3.005300446E0,-1.073986633E1
1.176862412E1,1.778451691E0,2.753224640E0,-9.303153992E0
1.177863812E1,1.016536102E0,2.489323425E0,-7.986192627E0
1.178865112E1,4.308041382E-1,2.414179688E0,-7.116501160E0
1.179866512E1,1.155596924E-1,2.574346619E0,-6.260281677E0
1.180867812E1,1.345701599E-1,2.790048065E0,-5.279970245E0
1.181869212E1,4.519102478E-1,3.043620758E0,-4.224215698E0
1.182870612E1,8.336164856E-1,3.155138855E0,-3.054548035E0
1.183871912E1,1.000669098E0,3.066373444E0,-2.336042175E0
1.184873312E1,9.898915100E-1,2.820434875E0,-2.552042999E0
1.185874712E1,9.621990967E-1,2.828967133E0,-3.235072632E0
1.186876012E1,1.309925995E0,3.056344299E0,-4.076921997E0
1.187877412E1,2.034120026E0,3.383563843E0,-5.261708221E0
1.188878812E1,3.034489746E0,4.185146942E0,-7.242838440E0
1.189880112E1,3.795507202E0,4.994513855E0,-1.002031265E1
1.190881512E1,3.789669342E0,4.924010468E0,-1.255828491E1
1.191882912E1,3.620072021E0,4.674778748E0,-1.450079544E1
1.192884212E1,3.393592987E0,4.247716827E0,-1.580832642E1
1.193885612E1,3.288960571E0,3.675456848E0,-1.575563599E1
1.194887012E1,3.385210419E0,3.397484894E0,-1.457354416E1
1.195888312E1,3.547173615E0,3.223696289E0,-1.285541702E1
1.196889712E1,3.599115601E0,2.862048340E0,-1.169832321E1
1.197891112E1,2.946472778E0,2.364782410E0,-1.121557709E1
1.198892412E1,2.250569916E0,2.132465515E0,-1.086216202E1
1.199893812E1,1.938319244E0,2.315684509E0,-1.035606445E1
1.200895212E1,1.763931885E0,2.671793976E0,-1.003543121E1
1.201896512E1,1.524579620E0,2.996319122E0,-9.900411987E0
1.202897912E1,1.341809692E0,3.257975006E0,-9.804760895E0
1.203899212E1,8.885522461E-1,3.630250854E0,-9.571096802E0
1.204900612E1,5.174739075E-1,3.668870544E0,-8.465046844E0
1.205902012E1,6.045927429E-1,3.252735901E0,-7.179969177E0
1.206903312E1,5.881269836E-1,3.051254883E0,-5.543422394E0
1.207904712E1,1.028361511E0,2.975362701E0,-3.516487427E0
1.208906112E1,1.290915527E0,2.737806702E0,-2.198178864E0
1.209907412E1,1.127605133E0,2.425406342E0,-1.726360016E0
1.210908812E1,8.599617004E-1,2.367626495E0,-2.268831940E0
1.211910212E1,8.708889771E-1,2.361339569E0,-3.088078308E0
1.212911512E1,1.101409607E0,2.462828522E0,-3.765419769E0
1.213912912E1,1.423390045E0,2.744991760E0,-5.658533020E0
1.214914312E1,2.260149994E0,3.506607971E0,-8.512348480E0
1.215915612E1,3.241209869E0,4.268224182E0,-1.122934845E1
1.216917012E1,4.505181427E0,5.090763702E0,-1.320000046E1
1.217918412E1,5.427413635E0,5.648354187E0,-1.451022583E1
1.218919712E1,5.573060760E0,4.984035645E0,-1.556687851E1
1.219921112E1,6.020929413E0,4.265679474E0,-1.599319199E1
1.220922512E1,5.573060760E0,4.193230133E0,-1.504581207E1
1.221923812E1,4.550836487E0,3.426374817E0,-1.338771011E1
1.222925212E1,3.673810272E0,2.935844879E0,-1.159728333E1
1.223926612E1,3.249143372E0,2.781066742E0,-1.015832565E1
1.224927912E1,2.571502533E0,2.493514709E0,-8.901838531E0
1.225929313E1,1.861379242E0,2.355352020E0,-7.926616516E0
1.226930612E1,1.422192535E0,2.347119141E0,-7.016958160E0
1.227932012E1,1.389560394E0,2.581082611E0,-6.081403656E0
1.228933413E1,1.678010559E0,2.847678223E0,-5.083728333E0
1.229934712E1,1.811233521E0,2.842139740E0,-4.231999512E0
1.230936112E1,1.731599121E0,2.752027130E0,-3.835773468E0
1.231937513E1,1.579665070E0,2.799777832E0,-4.186943207E0
1.232938812E1,1.329235840E0,2.780767365E0,-5.256319427E0
1.233940212E1,1.150208130E0,2.760709076E0,-6.382427673E0
1.234941613E1,1.414558411E0,3.162323914E0,-7.583829346E0
1.235942912E1,2.012564850E0,3.578308868E0,-8.941206665E0
1.236944312E1,2.835403748E0,4.063450012E0,-1.030891251E1
1.237945713E1,3.969295807E0,4.813839569E0,-1.215442474E1
1.238947013E1,5.169499969E0,5.214406586E0,-1.375654312E1
1.239948412E1,5.782774658E0,5.241051178E0,-1.440723999E1
1.240949813E1,5.609285431E0,4.857548676E0,-1.424901901E1
1.241951113E1,4.982987823E0,4.315076752E0,-1.303324722E1
1.242952512E1,4.067192230E0,3.608246613E0,-1.132275421E1
1.243953913E1,2.915636902E0,2.801274719E0,-9.465566254E0
1.244955213E1,1.670077057E0,2.105371857E0,-7.642207947E0
1.245956612E1,6.457571411E-1,1.626667328E0,-6.225553894E0
1.246958012E1,8.726852417E-2,1.403930511E0,-5.372627563E0
1.247959313E1,6.885681152E-2,1.527423706E0,-5.053341522E0
1.248960712E1,1.422042847E-1,1.709145813E0,-5.170098724E0
1.249962012E1,2.857557678E-1,1.973196716E0,-5.720504150E0
1.250963413E1,5.751040649E-1,2.085463257E0,-6.483916626E0
1.251964812E1,7.075785828E-1,2.322420502E0,-6.974895630E0
1.252966112E1,8.351133728E-1,2.588866425E0,-7.562723236E0
1.253967513E1,1.149459686E0,2.816992035E0,-7.883655853E0
1.254968912E1,1.194965057E0,3.017425232E0,-7.784262543E0
1.255970212E1,1.163829803E0,3.024310913E0,-7.568261719E0
1.256971613E1,1.662592621E0,2.998115387E0,-7.334897003E0
1.257973012E1,2.441273346E0,3.382965088E0,-7.484436035E0
1.258974312E1,3.098406830E0,3.715274048E0,-8.097261658E0
1.259975712E1,3.504512329E0,3.706292725E0,-8.811426544E0
1.260977112E1,4.715045013E0,4.109554138E0,-9.370962982E0
1.261978412E1,5.527854767E0,4.145180054E0,-9.742939453E0
1.262979812E1,5.351820831E0,3.243155823E0,-9.561217346E0
1.263981212E1,4.947212219E0,2.453248444E0,-8.381370850E0
1.264982512E1,4.727169800E0,2.170187073E0,-7.003635864E0
1.265983912E1,4.564308472E0,1.871109009E0,-6.214626617E0
1.266985213E1,4.258045349E0,1.486708374E0,-5.492079163E0
1.267986612E1,4.220174103E0,1.456770630E0,-4.559069366E0
1.268988000E1,4.708159332E0,1.498384094E0,-3.811374207E0
1.269989300E1,5.500761108E0,1.358275452E0,-3.724255371E0
1.270990700E1,6.452332306E0,1.493893433E0,-4.152065735E0
1.271992100E1,7.566914520E0,2.041305084E0,-4.065395966E0
1.272993400E1,8.714877319E0,3.079096985E0,-3.876638489E0
1.273994800E1,9.359886017E0,3.860472107E0,-3.984713745E0
1.274996200E1,9.246871033E0,4.194876709E0,-3.921395416E0
1.275997500E1,8.744216309E0,4.198768616E0,-3.212918701E0
1.276998900E1,8.219257965E0,3.970193939E0,-2.407443695E0
1.278000300E1,7.617509308E0,3.611988831E0,-2.104922791E0
1.279001600E1,7.202272797E0,3.200943604E0,-2.061513062E0
1.280003000E1,6.721173248E0,3.038531342E0,-2.255958710E0
1.281004400E1,5.689967651E0,2.227667542E0,-2.899171143E0
1.282005700E1,4.560266876E0,1.156495056E0,-2.957400055E0
1.283007100E1,3.876788177E0,1.069675598E0,-2.616259460E0
1.284008500E1,4.210893402E0,1.658700714E0,-3.060984650E0
1.285009800E1,4.296665039E0,2.715353394E0,-3.532354431E0
1.286011200E1,4.846022644E0,3.320844269E0,-4.269870758E0
1.287012500E1,4.702471161E0,4.207300873E0,-4.607418823E0
1.288013900E1,4.775818634E0,5.078489227E0,-4.085603943E0
1.289015300E1,5.341791687E0,6.005511475E0,-2.358944550E0
1.290016600E1,6.386918335E0,5.758375397E0,-1.084794159E0
1.291018000E1,6.139033813E0,4.844226379E0,-3.978726196E-1
1.292019400E1,4.957540741E0,3.592828674E0,-8.098159790E-2
1.293020700E1,4.086352386E0,2.266436920E0,-1.127754822E0
1.294022100E1,3.867657166E0,1.615590363E0,-3.017874298E0
1.295023500E1,4.298161926E0,1.710642700E0,-4.448449402E0
1.296024800E1,5.814059601E0,2.284399567E0,-5.850733337E0
1.297026200E1,7.755073242E0,2.845732269E0,-7.330406342E0
1.298027600E1,9.160051575E0,3.228486328E0,-8.867110748E0
1.299028900E1,9.941726074E0,3.039429474E0,-1.077728851E1
1.300030300E1,9.807604980E0,1.952240295E0,-1.263552429E1
1.301031600E1,9.321565704E0,6.053411865E-1,-1.385129608E1
1.302033000E1,8.525371399E0,-1.353784790E0,-1.423614578E1
1.303034400E1,7.187303925E0,-3.766916656E0,-1.460662537E1
1.304035700E1,7.011419678E0,-4.402944031E0,-1.491318787E1
1.305037100E1,8.032446442E0,-3.623514862E0,-1.511481857E1
1.306038500E1,9.890532532E0,-2.606529694E0,-1.505883499E1
1.307039800E1,1.181912201E1,-1.714833984E0,-1.489612335E1
1.308041200E1,1.284658539E1,-1.431024170E0,-1.492606110E1
1.309042600E1,1.264435593E1,-2.454595642E0,-1.523995834E1
1.310043900E1,1.139640106E1,-4.162094879E0,-1.519355484E1
1.311045300E1,9.785001984E0,-6.223308563E0,-1.542078232E1
1.312046700E1,7.918233948E0,-8.859626312E0,-1.608614868E1
1.313048000E1,6.674769745E0,-9.743388519E0,-1.656605072E1
1.314049400E1,6.724765778E0,-8.408913574E0,-1.682920349E1
1.315050800E1,6.961723022E0,-7.520061951E0,-1.646321457E1
1.316052100E1,7.056326294E0,-7.324568481E0,-1.607222763E1
1.317053500E1,7.721692657E0,-6.583759003E0,-1.636741379E1
1.318054800E1,8.326584778E0,-6.339766388E0,-1.678744034E1
1.319056200E1,8.029003601E0,-6.649921417E0,-1.741897705E1
1.320057600E1,7.331154785E0,-6.808890839E0,-1.775787231E1
1.321058900E1,6.837930450E0,-6.880591736E0,-1.702799011E1
1.322060300E1,6.553072815E0,-6.840325470E0,-1.526435760E1
1.323061700E1,5.562881927E0,-7.313491516E0,-1.352048401E1
1.324063000E1,4.189936981E0,-8.582253113E0,-1.267429367E1
1.325064400E1,3.308420105E0,-9.277407532E0,-1.260648468E1
1.326065800E1,2.551144867E0,-9.162296906E0,-1.193992081E1
1.327067100E1,2.917283478E0,-9.122479706E0,-1.130568970E1
1.328068500E1,3.343746643E0,-8.635841675E0,-1.077354630E1
1.329069900E1,4.164938965E0,-7.769742737E0,-1.096454910E1
1.330071200E1,4.989723816E0,-6.958130493E0,-1.151300858E1
1.331072600E1,5.423072662E0,-6.430627441E0,-1.180954193E1
1.332074000E1,5.688470764E0,-6.331832886E0,-1.153112091E1
1.333075300E1,5.555846558E0,-6.737788696E0,-1.111543533E1
1.334076700E1,5.115162964E0,-7.277865601E0,-1.103550156E1
1.335078000E1,4.637805634E0,-7.448660431E0,-1.081515976E1
1.336079400E1,3.965254211E0,-7.154372406E0,-1.056907150E1
1.337080800E1,3.506607971E0,-6.885681152E0,-1.016236725E1
1.338082100E1,3.465443573E0,-6.776109009E0,-1.008153534E1
1.339083500E1,3.341950378E0,-6.213578796E0,-1.025622208E1
1.340084900E1,3.479963379E0,-6.028713226E0,-1.035651352E1
1.341086200E1,3.926035767E0,-5.824837189E0,-1.007659561E1
1.342087600E1,4.093088379E0,-5.581143951E0,-9.856403503E0
1.343089000E1,3.766467590E0,-5.685476990E0,-9.992320862E0
1.344090300E1,3.629352722E0,-5.625002747E0,-1.046713348E1
1.345091700E1,3.746858368E0,-5.224136353E0,-1.099328934E1
1.346093100E1,3.850442963E0,-5.232668610E0,-1.093730576E1
1.347094400E1,3.851490784E0,-5.376070404E0,-1.072714279E1
1.348095800E1,3.680097198E0,-5.367089081E0,-1.049123337E1
1.349097100E1,3.295696564E0,-5.980812836E0,-1.007929001E1
1.350098500E1,2.049088898E0,-6.310277710E0,-9.007818146E0
1.351099900E1,8.373587036E-1,-5.763315125E0,-6.835236053E0
1.352101200E1,3.369493103E-1,-5.486091614E0,-5.476511536E0
1.353102600E1,-2.800675964E-1,-4.979095917E0,-5.076543274E0
1.354104000E1,-5.435197449E-1,-3.898343353E0,-4.956492920E0
1.355105300E1,-5.340893555E-1,-3.396886139E0,-4.841232605E0
1.356106700E1,-1.142873383E0,-3.502117310E0,-4.712051239E0
1.357108100E1,-1.952090607E0,-3.959865417E0,-4.342320099E0
1.358109400E1,-3.104244690E0,-3.834875336E0,-3.771107941E0
1.359110800E1,-4.245920563E0,-3.677253113E0,-3.154839478E0
1.360112200E1,-5.104834442E0,-3.869453430E0,-2.660866699E0
1.361113500E1,-4.753365326E0,-2.312391357E0,-1.390308838E0
1.362114900E1,-4.686155090E0,-1.993853760E0,-1.275946655E0
1.363116200E1,-4.765789490E0,-9.327104187E-1,-1.572330322E0
1.364117600E1,-4.731211395E0,1.320254517E-1,-1.636546783E0
1.365119000E1,-4.430636444E0,3.308120728E-2,-1.121916962E0
1.366120300E1,-4.269571381E0,-1.805245972E-1,-3.757186890E-1
1.367121700E1,-3.715872803E0,1.311273193E-1,6.486012268E-1
1.368123100E1,-2.996618500E0,5.060975647E-1,1.621128845E0
1.369124417E1,-2.370470581E0,1.018482056E0,2.061363373E0
1.370125817E1,-1.453178101E0,1.448986816E0,2.430196381E0
1.371127217E1,-4.849914551E-1,1.681752777E0,2.356250153E0
1.372128517E1,2.543211365E-1,1.567390594E0,1.347497864E0
1.373129917E1,8.340655518E-1,1.196911011E0,4.580474854E-2
1.374131317E1,1.628014526E0,9.177415466E-1,-7.822732544E-1
1.375132617E1,2.543660431E0,7.059320068E-1,-1.303339691E0
1.376134017E1,4.653672638E0,7.819738770E-1,-1.808239746E0
1.377135317E1,8.036637726E0,1.541195068E0,-2.643951874E0
1.378136717E1,1.011042526E1,1.888772278E0,-3.765419769E0
1.379138117E1,1.144834305E1,1.757944336E0,-4.532275085E0
1.380139417E1,1.303893539E1,1.530716858E0,-5.742658081E0
1.381140817E1,1.481873428E1,2.027084656E0,-7.483687592E0
1.382142217E1,1.599962860E1,2.653981018E0,-9.112749939E0
1.383143517E1,1.658266617E1,2.442620544E0,-1.056607773E1
1.384144917E1,1.660796356E1,1.907034302E0,-1.208481949E1
1.385146317E1,1.646920212E1,1.459914093E0,-1.374456802E1
1.386147617E1,1.722108856E1,1.440155182E0,-1.492216919E1
1.387149017E1,1.862412094E1,1.895358582E0,-1.561986832E1
1.388150417E1,1.901136566E1,2.161205750E0,-1.513831970E1
1.389151717E1,1.854807907E1,2.313888245E0,-1.371852219E1
1.390153117E1,1.850257370E1,2.306254120E0,-1.329969315E1
1.391154417E1,1.815963684E1,2.201022949E0,-1.351853806E1
1.392155817E1,1.745265701E1,2.030078430E0,-1.328652054E1
1.393157217E1,1.621413254E1,1.830243988E0,-1.313473618E1
1.394158517E1,1.454615112E1,1.317111053E0,-1.268806503E1
1.395159917E1,1.259031830E1,7.280859375E-1,-1.235710327E1
1.396161317E1,1.100586319E1,4.126918030E-1,-1.211565536E1
1.397162617E1,9.869276733E0,4.257147217E-1,-1.155941208E1
1.398164017E1,9.016949158E0,6.274951172E-1,-1.088207062E1
1.399165417E1,8.358618164E0,8.566685486E-1,-9.962532806E0
1.400166717E1,7.774233398E0,9.457333374E-1,-9.048683167E0
1.401168117E1,6.722370758E0,7.725434875E-1,-8.239615631E0
1.402169517E1,5.393434296E0,3.005749512E-1,-7.706125031E0
1.403170817E1,4.269421692E0,-1.166075134E-1,-7.116650848E0
1.404172217E1,3.432961121E0,-2.002835083E-1,-6.504423981E0
1.405173517E1,2.986888733E0,-1.532812500E-1,-6.087091827E0
1.406174917E1,2.573149109E0,2.154020691E-1,-5.629942474E0
1.407176317E1,2.018402710E0,5.334906006E-1,-5.007536774E0
1.408177617E1,1.476978607E0,8.066725159E-1,-4.476291504E0
1.409179017E1,9.873468018E-1,8.915460205E-1,-4.157753906E0
1.410180417E1,3.338058472E-1,6.727011108E-1,-3.896547089E0
1.411181717E1,-2.124082947E-1,4.616400146E-1,-3.683090973E0
1.412183117E1,-2.471360779E-1,3.953279114E-1,-3.816164246E0
1.413184517E1,2.309696960E-1,7.969427490E-1,-3.896397400E0
1.414185817E1,7.996371460E-1,1.332828369E0,-3.620072021E0
1.415187217E1,1.224004669E0,1.796114960E0,-2.983445892E0
1.416188617E1,1.493294678E0,2.428400116E0,-2.242935791E0
1.417189917E1,1.608255615E0,2.894530792E0,-1.686093750E0
1.418191317E1,1.437909851E0,2.935844879E0,-1.264720001E0
1.419192617E1,1.367705841E0,2.693648529E0,-1.281036072E0
1.420194017E1,1.508712616E0,2.395767975E0,-1.358125763E0
1.421195417E1,1.638792114E0,2.005828857E0,-1.169218597E0
1.422196717E1,1.949396210E0,1.841620331E0,-8.966354370E-1
1.423198117E1,2.332449646E0,1.874701538E0,-2.480342102E-1
1.424199517E1,3.054847412E0,2.187550964E0,2.285746765E-1
1.425200817E1,4.182452545E0,2.746937714E0,7.993377686E-2
1.426202217E1,5.324427795E0,3.116968231E0,-2.915936279E-1
1.427203617E1,5.939349060E0,3.185525665E0,-1.175355835E0
1.428204917E1,6.384972382E0,3.053051147E0,-2.530787201E0
1.429206317E1,7.177274780E0,3.157982941E0,-3.641776886E0
1.430207617E1,8.035589905E0,3.152294769E0,-4.509971466E0
1.431209017E1,9.149423676E0,3.217409363E0,-5.210664368E0
1.432210417E1,1.042776535E1,3.316353607E0,-6.252797241E0
1.433211717E1,1.137604340E1,3.204536133E0,-7.557933197E0
1.434213117E1,1.225486588E1,3.204386444E0,-8.838969269E0
1.435214517E1,1.332035019E1,3.366798706E0,-9.927505646E0
1.436215817E1,1.479119156E1,3.695664825E0,-1.057490936E1
1.437217217E1,1.589319992E1,3.860023041E0,-1.033795212E1
1.438218617E1,1.613868942E1,3.818110199E0,-9.990823975E0
1.439219917E1,1.600052673E1,3.381468201E0,-1.004950195E1
1.440221317E1,1.595157852E1,2.822081451E0,-1.022598495E1
1.441222617E1,1.601429810E1,2.703378296E0,-1.048105453E1
1.442224017E1,1.616937561E1,2.913690948E0,-1.102577179E1
1.443225417E1,1.587538696E1,3.038531342E0,-1.122380997E1
1.444226717E1,1.503174133E1,2.969225464E0,-1.114178055E1
1.445228117E1,1.392913422E1,2.898722076E0,-1.097996704E1
1.446229517E1,1.266995270E1,2.756068726E0,-1.033271301E1
1.447230817E1,1.120554794E1,2.451901245E0,-9.349707184E0
1.448232217E1,9.703271942E0,2.144141235E0,-8.462651825E0
1.449233617E1,8.246950378E0,1.780098267E0,-7.530091095E0
1.450234917E1,6.836283875E0,1.415007477E0,-6.514153748E0
1.451236317E1,5.525609436E0,1.157093811E0,-5.607339478E0
1.452237617E1,4.336931305E0,1.016985168E0,-4.825515289E0
1.453239017E1,3.343447266E0,1.111438751E0,-4.214785309E0
1.454240417E1,2.894979858E0,1.493444366E0,-3.832180939E0
1.455241717E1,2.629731445E0,1.829046478E0,-3.545826416E0
1.456243117E1,2.185305634E0,2.089205475E0,-3.514391785E0
1.457244517E1,1.467099152E0,2.112706604E0,-3.677851868E0
1.458245817E1,8.342152405E-1,1.849853210E0,-3.975582733E0
1.459247217E1,4.587959290E-1,1.635349274E0,-4.021237793E0
1.460248617E1,8.252339172E-1,1.931283875E0,-3.666325836E0
1.461249917E1,1.470841370E0,2.317181396E0,-3.283122711E0
1.462251317E1,1.826950836E0,2.516117706E0,-2.720293121E0
1.463252717E1,1.888622589E0,2.742746429E0,-2.023641815E0
1.464254017E1,1.997296600E0,3.036735077E0,-1.608704681E0
1.465255417E1,1.882934418E0,3.135230255E0,-1.299447784E0
1.466256717E1,1.674867096E0,3.055745544E0,-9.891430664E-1
1.467258117E1,1.760638733E0,2.919977875E0,-6.649172974E-1
1.468259517E1,2.265688477E0,2.569556580E0,-4.601431274E-1
1.469260904E1,2.743794250E0,2.073937225E0,-5.004093933E-1
1.470262304E1,3.886517944E0,2.077080688E0,-7.131170654E-1
1.471263704E1,5.083428955E0,2.275118866E0,-1.059646454E0
1.472265004E1,6.091881866E0,2.383343811E0,-1.587897949E0
1.473266404E1,7.317233734E0,2.571652222E0,-2.126627655E0
1.474267804E1,8.377029877E0,2.665357361E0,-2.986289978E0
1.475269104E1,9.629475403E0,3.040327606E0,-4.231400757E0
1.476270504E1,1.147783173E1,3.510499878E0,-5.855523376E0
1.477271804E1,1.365310822E1,4.164938965E0,-7.533384247E0
1.478273204E1,1.555340652E1,4.692442017E0,-8.867260437E0
1.479274604E1,1.685539902E1,4.868925018E0,-9.472002869E0
1.480275904E1,1.692754898E1,4.287833405E0,-9.663454742E0
1.481277304E1,1.645677795E1,3.580105133E0,-9.702523499E0
1.482278704E1,1.591101288E1,3.004851379E0,-9.843230896E0
1.483280004E1,1.556627975E1,2.632874908E0,-9.807155914E0
1.484281404E1,1.531989212E1,2.521805878E0,-9.624685364E0
1.485282704E1,1.511436951E1,2.543361053E0,-9.852661285E0
1.486284104E1,1.486438934E1,2.764600983E0,-1.034259247E1
1.487285504E1,1.427371765E1,3.092868347E0,-1.041264679E1
1.488286804E1,1.322350159E1,3.264112244E0,-9.702972565E0
1.489288204E1,1.156300461E1,3.064277802E0,-8.436156921E0
1.490289604E1,9.506580963E0,2.514321442E0,-7.174580383E0
1.491290904E1,7.429649963E0,2.018253021E0,-6.188431091E0
1.492292304E1,5.696404266E0,1.688638458E0,-5.231920166E0
1.493293704E1,4.268373871E0,1.459315338E0,-4.507277069E0
1.494295004E1,3.219205627E0,1.560654602E0,-4.210444336E0
1.495296404E1,2.485730896E0,1.781744843E0,-4.114942932E0
1.496297704E1,2.048789520E0,1.970502319E0,-3.830684052E0
1.497299104E1,1.739981689E0,2.161505127E0,-3.143313446E0
1.498300504E1,1.261726227E0,2.141147461E0,-2.144290924E0
1.499301804E1,5.905220032E-1,1.897005157E0,-1.156195679E0
1.500303204E1,-2.333647156E-1,1.281185760E0,-2.927911377E-1
1.501304604E1,-7.324269104E-1,6.843768311E-1,2.763253784E-1
1.502305904E1,-5.917195129E-1,5.016069031E-1,6.292913818E-1
1.503307304E1,3.128494263E-2,4.321513367E-1,1.257085876E0
1.504308704E1,1.076411591E0,4.861889648E-1,1.749711456E0
1.505310004E1,2.428250427E0,8.734336853E-1,1.325792999E0
1.506311404E1,4.299359436E0,1.749262390E0,5.043013000E-1
1.507312704E1,6.271059265E0,2.513423309E0,-5.507048035E-1
1.508314104E1,7.506589966E0,2.620750122E0,-2.271975403E0
1.509315504E1,8.685837708E0,2.504292297E0,-3.951632538E0
1.510316804E1,9.891879730E0,2.277962952E0,-5.612279205E0
1.511318204E1,1.111498627E1,2.329755249E0,-7.301815796E0
1.512319604E1,1.249182312E1,2.464924164E0,-8.481362915E0
1.513320904E1,1.384845200E1,2.776127014E0,-9.214837646E0
1.514322304E1,1.491214005E1,2.934647369E0,-9.432784424E0
1.515323704E1,1.576072540E1,2.980152740E0,-9.515262909E0
1.516325004E1,1.692500427E1,3.510799255E0,-1.001447479E1
1.517326404E1,1.800605621E1,4.022734680E0,-1.043090881E1
1.518327704E1,1.806054291E1,3.898642731E0,-1.042462189E1
1.519329104E1,1.694236816E1,3.484603729E0,-9.977202301E0
1.520330504E1,1.525028687E1,2.873873749E0,-9.406439209E0
1.521331804E1,1.321496933E1,2.119143219E0,-8.761280823E0
1.522333204E1,1.125015518E1,1.810036011E0,-8.060587921E0
1.523334604E1,9.865534515E0,1.795366516E0,-7.732470245E0
1.524335904E1,8.842262421E0,2.077080688E0,-7.299570465E0
1.525337304E1,7.960146790E0,2.561174011E0,-7.166646881E0
1.526338704E1,6.890022125E0,2.941982117E0,-6.886429596E0
1.527340004E1,5.863905945E0,2.842738495E0,-5.484445038E0
1.528341404E1,4.636608124E0,2.306703186E0,-3.939956818E0
1.529342704E1,3.291804657E0,1.859283600E0,-3.022364960E0
1.530344104E1,2.081870728E0,1.428030396E0,-2.521057434E0
1.531345504E1,1.129251709E0,1.344055023E0,-2.223775635E0
1.532346804E1,3.502716064E-1,1.508862305E0,-1.847009125E0
1.533348204E1,-1.842668152E-1,1.435065765E0,-1.179846497E0
1.534349604E1,-5.989045715E-1,1.155297546E0,-3.722758484E-1
1.535350904E1,-1.012045441E0,4.641847229E-1,5.715115356E-1
1.536352304E1,-8.940907288E-1,2.424957275E-2,1.277593231E0
1.537353604E1,-1.404080200E-1,-1.800755310E-1,1.410367126E0
1.538355004E1,1.151705017E0,-2.565664673E-1,1.602118378E0
1.539356404E1,3.282374268E0,7.274871826E-2,1.658850403E0
1.540357704E1,5.621260529E0,4.957690430E-1,8.981323242E-1
1.541359104E1,7.891888733E0,9.208850098E-1,-4.677772522E-1
1.542360504E1,1.083761307E1,2.025288391E0,-2.797682190E0
1.543361804E1,1.423315201E1,3.807482300E0,-6.198460236E0
1.544363204E1,1.666918625E1,5.087470551E0,-9.155860291E0
1.545364604E1,1.710582825E1,5.032385101E0,-1.123144409E1
1.546365904E1,1.665062485E1,4.419559479E0,-1.202808746E1
1.547367304E1,1.588227264E1,3.781586151E0,-1.153785690E1
1.548368604E1,1.487950790E1,3.424428864E0,-1.026400589E1
1.549370004E1,1.398751282E1,3.223546600E0,-9.167386322E0
1.550371404E1,1.302441559E1,3.080743561E0,-8.689879303E0
1.551372704E1,1.183618652E1,2.998265076E0,-8.081993408E0
1.552374104E1,1.025307861E1,3.093616791E0,-7.491920471E0
1.553375504E1,8.337811432E0,2.909349976E0,-6.989864502E0
1.554376804E1,6.371650085E0,2.411036224E0,-6.247258759E0
1.555378204E1,4.656516724E0,2.042053528E0,-5.276826782E0
1.556379504E1,3.339555359E0,1.810934143E0,-4.096082153E0
1.557380904E1,2.289488983E0,1.574126587E0,-2.854414215E0
1.558382304E1,1.249451752E0,1.058898010E0,-2.010918274E0
1.559383604E1,3.800596619E-1,5.709127808E-1,-1.482666779E0
1.560385004E1,-5.358856201E-2,3.561094666E-1,-9.693841553E-1
1.561386404E1,-4.888833618E-1,6.569837952E-1,-1.407073975E-1
1.562387704E1,-4.189787292E-1,8.126600647E-1,7.963439941E-1
1.563389104E1,-1.193019104E-1,6.812333679E-1,1.685195618E0
1.564390504E1,5.447172546E-1,3.745211792E-1,2.361938324E0
1.565391804E1,1.556313629E0,-8.487350464E-2,2.670147400E0
1.566393204E1,2.635419617E0,-3.180885315E-1,2.985541534E0
1.567394504E1,3.896397400E0,4.311035156E-2,3.363655243E0
1.568395904E1,5.307512970E0,7.050338745E-1,3.236719208E0
1.569397267E1,7.069199524E0,1.231339417E0,2.875969391E0
1.570398567E1,8.640631714E0,1.617686005E0,2.533780975E0
1.571399967E1,9.823322296E0,1.799408112E0,2.500999146E0
1.572401367E1,1.100301910E1,1.679058380E0,2.963836670E0
1.573402667E1,1.185983734E1,1.543440399E0,3.406765594E0
1.574404067E1,1.208182571E1,1.606309662E0,3.290008392E0
1.575405367E1,1.158830200E1,1.814975739E0,2.858006744E0
1.576406767E1,1.025008484E1,1.714833984E0,2.299967194E0
1.577408167E1,8.537645874E0,1.603764954E0,1.612596588E0
1.578409467E1,7.050039368E0,1.727557526E0,8.583151245E-1
1.579410867E1,6.010600891E0,1.668580170E0,1.990859985E-1
1.580412267E1,5.465434570E0,1.409468994E0,-2.401007080E-1
1.581413567E1,5.431754608E0,1.387015686E0,-1.076112213E0
1.582414967E1,5.448070679E0,1.172362061E0,-2.158960419E0
1.583416367E1,5.986351318E0,1.107696533E0,-3.221001892E0
1.584417667E1,7.789351959E0,1.839824066E0,-4.093238068E0
1.585419067E1,1.011626312E1,2.736908569E0,-4.124073944E0
1.586420367E1,1.167152893E1,3.492237854E0,-4.081562347E0
1.587421767E1,1.191971283E1,3.671415253E0,-4.586312714E0
1.588423167E1,1.121108643E1,3.157384186E0,-5.500611420E0
1.589424467E1,9.925559692E0,1.919308777E0,-6.329288177E0
1.590425867E1,9.240434418E0,3.014730835E-1,-6.546785889E0
1.591427267E1,1.006057892E1,-1.137035522E0,-5.841752014E0
1.592428567E1,1.222223373E1,-1.700014801E0,-4.401297455E0
1.593429967E1,1.530207916E1,-1.794767761E0,-3.883224792E0
1.594431267E1,1.898352356E1,-1.164877625E0,-4.417314148E0
1.595432667E1,2.189422073E1,-4.469705200E-1,-5.333409119E0
1.611454467E1,1.689012680E1,-5.106181641E0,1.074166260E0
1.612455867E1,1.508203674E1,-4.704566803E0,8.008346558E-1
1.613457167E1,1.327514420E1,-4.630321198E0,7.888595581E-2
1.614458567E1,1.145223495E1,-4.549339600E0,-9.984237671E-1
1.615459967E1,9.910890198E0,-4.334685974E0,-1.799108734E0
1.616461267E1,8.745264130E0,-4.072131958E0,-1.731449432E0
1.617462667E1,7.558831329E0,-3.832929382E0,-8.710386658E-1
1.618463967E1,6.572682037E0,-3.544030151E0,2.064207458E-1
1.619465367E1,5.692961426E0,-3.396137695E0,1.072819061E0
1.620466767E1,4.498744812E0,-3.631298676E0,1.829794922E0
1.621468067E1,2.997067566E0,-3.836970978E0,2.492915955E0
1.622469467E1,1.584006042E0,-3.876488800E0,3.060086517E0
1.623470867E1,6.313870239E-1,-3.494932251E0,3.378923492E0
1.624472167E1,2.275268555E-2,-2.956052856E0,3.600313110E0
1.625473567E1,-8.071215820E-1,-2.625839539E0,3.835923157E0
1.626474867E1,-2.111958160E0,-2.535427551E0,3.805536346E0
1.627476267E1,-3.504212952E0,-2.551893311E0,3.398233337E0
1.628477667E1,-4.390669556E0,-2.560874634E0,3.058140564E0
1.629478967E1,-4.755311279E0,-2.243085480E0,2.783761139E0
1.630480367E1,-5.502856750E0,-1.559457092E0,2.891686707E0
1.631481767E1,-5.091362457E0,-1.673370209E0,2.426753540E0
1.632483067E1,-5.052892456E0,-1.386117554E0,1.706750793E0
1.633484467E1,-4.387975159E0,-1.161584473E0,7.741900635E-1
1.634485767E1,-2.122136993E0,-3.757186890E-1,-5.330415344E-1
1.635487167E1,4.240681458E-1,8.126600647E-1,-1.722767487E0
1.636488567E1,2.392025757E0,1.703757019E0,-2.914888458E0
1.637489867E1,3.526217194E0,2.024989014E0,-4.272415466E0
1.638491267E1,4.277055817E0,1.787433014E0,-6.108647003E0
1.639492667E1,4.747078400E0,1.175505524E0,-8.076604614E0
1.640493967E1,5.739215240E0,9.144483948E-1,-9.770631866E0
1.641495367E1,7.871680756E0,9.270222473E-1,-1.127290787E1
1.642496667E1,1.088311844E1,1.398841095E0,-1.279943344E1
1.643498067E1,1.448358124E1,2.659669189E0,-1.420171738E1
1.644499467E1,1.796713715E1,3.989354095E0,-1.546179703E1
1.645500767E1,2.088097778E1,4.661905518E0,-1.657503204E1
1.651508967E1,1.813418976E1,1.545835419E0,-8.101153564E0
1.652510367E1,1.663700317E1,1.172511749E0,-6.720424805E0
1.653511667E1,1.508173737E1,9.175918579E-1,-5.477559357E0
1.654513067E1,1.341330688E1,7.096742249E-1,-4.183200989E0
1.655514467E1,1.149534531E1,5.664221191E-1,-2.680775299E0
1.656515767E1,9.808503113E0,1.898052979E-1,-1.190324707E0
1.657517167E1,8.352480927E0,-1.776805115E-1,-1.140628052E-1
1.658518467E1,6.698420563E0,-3.450325012E-1,8.541238403E-1
1.659519867E1,5.910908203E0,-5.644761658E-1,8.276289368E-1
1.660521267E1,5.157973938E0,-2.227368164E-1,2.299218750E-1
1.661522567E1,4.383634186E0,-2.559677124E-2,1.079255676E-1
1.662523967E1,3.708538055E0,1.814227295E-1,1.487905884E-1
1.663525367E1,3.016676788E0,4.562512207E-1,2.121089172E-1
1.664526667E1,2.222129059E0,4.918771362E-1,5.361849976E-1
1.665528067E1,1.205592957E0,3.815565491E-1,9.153465271E-1
1.666529367E1,-1.242416382E-2,5.673202515E-2,1.188229065E0
1.667530767E1,-1.070424042E0,-3.074606323E-1,1.207389221E0
1.668532167E1,-1.916913757E0,-6.240522766E-1,1.330732727E0
1.669533413E1,-2.181264038E0,-9.340576172E-1,8.258326721E-1
1.670534812E1,-2.838397522E0,-4.317022705E-1,8.810678101E-1
1.671536112E1,-1.682800598E0,-4.872367859E-1,2.661465454E-1
1.672537513E1,-4.611909485E-1,3.324586487E-1,-7.649093628E-1
1.673538912E1,8.363108826E-1,7.908055115E-1,-1.631008301E0
1.674540212E1,1.725461884E0,9.529183960E-1,-2.896476746E0
1.675541613E1,2.421065369E0,1.062340851E0,-4.256398773E0
1.676543012E1,2.859952698E0,8.373587036E-1,-5.795797577E0
1.677544312E1,3.430266724E0,7.309300232E-1,-7.341034241E0
1.678545712E1,4.259542236E0,8.339158630E-1,-8.847351837E0
1.679547013E1,5.379213867E0,1.146316223E0,-1.057011932E1
1.680548412E1,7.701484680E0,1.682501221E0,-1.227282852E1
1.681549812E1,1.132934052E1,2.762655029E0,-1.391311752E1
1.682551113E1,1.530028290E1,4.149820404E0,-1.540266998E1
1.683552512E1,1.810979050E1,4.781207428E0,-1.655317749E1
1.684553912E1,1.994706985E1,4.837490387E0,-1.699386108E1
1.688559313E1,1.835138809E1,1.419049072E0,-1.191492279E1
1.689560712E1,1.765952682E1,1.172661438E0,-1.021835083E1
1.690562012E1,1.712648529E1,1.242865448E0,-8.407266998E0
1.691563412E1,1.629960480E1,1.420695648E0,-6.657854919E0
1.692564713E1,1.482337463E1,1.246757355E0,-5.339546356E0
1.693566112E1,1.284688477E1,7.300318909E-1,-4.320166168E0
1.694567512E1,1.057805283E1,9.460327148E-2,-3.286715240E0
1.695568813E1,8.261769562E0,-4.082011414E-1,-2.262095947E0
1.696570212E1,6.270909576E0,-6.490502930E-1,-1.446741486E0
1.697571612E1,4.486470337E0,-8.310717773E-1,-1.247206421E0
1.698572913E1,2.712060242E0,-8.933422852E-1,-1.673070831E0
1.699574312E1,1.392404480E0,-6.515950012E-1,-1.907333679E0
1.700575612E1,3.478765869E-1,-2.871029663E-1,-1.765877838E0
1.701577013E1,-7.158114624E-1,3.861968994E-2,-1.441951447E0
1.702578412E1,-1.710792389E0,1.125659180E-1,-8.851094055E-1
1.703579712E1,-2.626887360E0,-1.356179810E-1,-1.121168518E-1
1.704581112E1,-3.291205902E0,-5.328918457E-1,7.732919312E-1
1.705582413E1,-3.603606262E0,-9.246272278E-1,1.522483978E0
1.706583812E1,-3.287912750E0,-9.505233765E-1,1.888472900E0
1.707585212E1,-2.466271362E0,-5.975573730E-1,1.489552460E0
1.708586513E1,-1.292412415E0,-1.182540894E-1,2.594105530E-1
1.709587912E1,1.998344421E-1,3.255729675E-1,-1.124311981E0
1.710589312E1,1.940714264E0,8.247848511E-1,-2.778522034E0
1.711590613E1,3.616329803E0,1.251547394E0,-4.744533691E0
1.712592012E1,5.792803802E0,1.537752228E0,-7.320227509E0
1.713593312E1,8.173902283E0,1.930385742E0,-1.041114990E1
1.714594713E1,1.010832962E1,2.409090271E0,-1.398227371E1
1.715596112E1,1.205398361E1,2.947969666E0,-1.727811996E1
1.716597412E1,1.410591660E1,3.448079681E0,-1.926718369E1
1.717598813E1,1.591101288E1,3.857777710E0,-1.964574646E1
1.718600113E1,1.751837036E1,4.012555847E0,-1.863459915E1
1.719601512E1,1.837743393E1,3.736230469E0,-1.670256683E1
1.720602912E1,1.862262405E1,3.228785706E0,-1.391611130E1
1.721604213E1,1.817909637E1,2.676284637E0,-1.089509354E1
1.722605612E1,1.717737946E1,2.001188507E0,-8.712332611E0
1.723607012E1,1.596011078E1,1.447190552E0,-7.317233734E0
1.724608313E1,1.481993179E1,1.162332916E0,-5.941744080E0
1.725609712E1,1.351659210E1,9.318122864E-1,-4.492308197E0
1.726611012E1,1.192076065E1,6.664141846E-1,-3.327280884E0
1.727612413E1,1.032807266E1,3.553610229E-1,-2.435136108E0
1.728613812E1,8.810528412E0,9.026229858E-2,-1.830992432E0
1.729615112E1,7.321125641E0,-8.876541138E-2,-1.520088959E0
1.730616513E1,5.888305206E0,-2.570155334E-1,-1.588646393E0
1.731617813E1,4.448599091E0,-4.314028931E-1,-1.665586395E0
1.732619212E1,3.041824493E0,-4.821473694E-1,-1.786534882E0
1.733620612E1,1.705253906E0,-4.564009094E-1,-1.901944885E0
1.734621913E1,6.638694763E-1,-4.279600525E-1,-1.685195618E0
1.735623312E1,-3.399430847E-1,-5.032534790E-1,-1.284329224E0
1.736624712E1,-1.535656586E0,-6.584806824E-1,-6.051914978E-1
1.737626013E1,-2.383044434E0,-7.985893250E-1,-1.746867371E-1
1.738627412E1,-2.783761139E0,-8.789721680E-1,-2.420466614E-1
1.739628712E1,-2.779270477E0,-7.126679993E-1,-8.313711548E-1
1.740630113E1,-2.003882904E0,-2.466870117E-1,-1.573527832E0
1.741631512E1,-2.243833923E-1,5.408253479E-1,-2.432890778E0
1.742632812E1,2.552791443E0,1.428928528E0,-3.730093231E0
1.743634213E1,4.975802765E0,2.096540222E0,-5.744454346E0
1.744635513E1,6.916517029E0,2.539169769E0,-9.192084961E0
1.745636912E1,8.735833740E0,3.087180176E0,-1.315165100E1
1.746638312E1,1.064750839E1,3.589535522E0,-1.655572220E1
1.747639613E1,1.262729141E1,4.021986237E0,-1.885434219E1
1.748641012E1,1.469793549E1,4.161047058E0,-1.939142532E1
1.749642412E1,1.677157333E1,3.926933899E0,-1.812850159E1
1.750643713E1,1.840243195E1,3.455863495E0,-1.618838608E1
1.751645112E1,1.921554108E1,2.955903168E0,-1.412851959E1
1.753647813E1,1.849838242E1,1.469494171E0,-9.588460693E0
1.754649212E1,1.726285172E1,8.869056702E-1,-7.819289703E0
1.755650512E1,1.543335617E1,3.697311401E-1,-6.158044281E0
1.756651913E1,1.342618011E1,-1.272354126E-2,-4.888234863E0
1.757653213E1,1.146540756E1,-3.369493103E-1,-3.964505768E0
1.758654612E1,9.597591705E0,-4.486170959E-1,-3.116219788E0
1.759656012E1,7.932454376E0,-5.469625854E-1,-2.301015015E0
1.760657313E1,6.327791290E0,-7.421566772E-1,-1.456471252E0
1.761658712E1,4.559817810E0,-8.625064087E-1,-6.122268677E-1
1.762660012E1,2.331850891E0,-8.388555908E-1,-6.930587769E-2
1.763661413E1,1.399589539E-1,-1.023421783E0,3.043171692E-1
1.764662812E1,-1.627415771E0,-1.042282562E0,1.134041748E0
1.765664112E1,-2.670746155E0,-7.619155884E-1,1.701661377E0
1.766665513E1,-3.465293884E0,-6.830296326E-1,2.010918274E0
1.767666813E1,-4.067341919E0,-7.423063660E-1,1.688039703E0
1.768668212E1,-3.707639923E0,-5.403762817E-1,6.737489319E-1
1.769669629E1,-2.720293121E0,-3.562591553E-1,-3.472778320E-1
1.770670929E1,-9.671388245E-1,3.891906738E-2,-1.445693665E0
1.771672329E1,1.798659668E0,8.231382751E-1,-3.597618713E0
1.772673729E1,5.528752899E0,2.153571625E0,-6.428980865E0
1.773675029E1,8.998687134E0,3.124003601E0,-9.134305115E0
1.774676429E1,1.137304962E1,3.456611938E0,-1.171389084E1
1.775677729E1,1.311422882E1,3.821702728E0,-1.398347122E1
1.776679129E1,1.449031723E1,3.896247711E0,-1.626128448E1
1.777680529E1,1.539563461E1,3.616479492E0,-1.822325455E1
1.778681829E1,1.590757004E1,3.148851929E0,-1.912961975E1
1.779683229E1,1.669044205E1,3.103496246E0,-1.867501511E1
1.780684529E1,1.773961029E1,3.397335205E0,-1.655197998E1
1.781685929E1,1.830423615E1,3.416944427E0,-1.345881226E1
1.782687329E1,1.793106216E1,2.907254333E0,-1.017853363E1
1.783688629E1,1.664718201E1,2.064357147E0,-7.423961792E0
1.784690029E1,1.458701614E1,1.229692841E0,-5.166356506E0
1.785691329E1,1.245964005E1,4.528083801E-1,-3.053649902E0
1.786692729E1,1.038779846E1,-1.143621826E-1,-1.534309387E0
1.787694129E1,8.595276031E0,-4.110452271E-1,-5.346881104E-1
1.788695429E1,7.028334503E0,-5.369334412E-1,1.251397705E-1
1.789696829E1,5.597160645E0,-4.198768616E-1,5.192701721E-1
1.790698129E1,4.256398773E0,-4.784051514E-1,9.330097961E-1
1.791699529E1,2.950963440E0,-7.367678833E-1,1.283880157E0
1.792700929E1,1.535207520E0,-1.103954315E0,1.304237823E0
1.793702229E1,6.960525513E-2,-1.536255341E0,1.044976959E0
1.794703629E1,-1.179098053E0,-1.832639008E0,7.321275330E-1
1.795705029E1,-2.161804504E0,-1.908980255E0,7.960446167E-1
1.796706329E1,-2.880310364E0,-2.024689636E0,8.716374207E-1
1.797707729E1,-3.070864105E0,-2.098486176E0,6.384223938E-1
1.798709029E1,-2.647095337E0,-2.175426178E0,6.812333679E-1
1.799710429E1,-1.462009735E0,-1.855242004E0,3.956272888E-1
1.800711829E1,1.261875916E-1,-1.335971832E0,-1.037941589E0
1.801713129E1,2.356399841E0,-6.849755859E-1,-2.913241882E0
1.802714529E1,4.859794006E0,-5.987548828E-4,-5.315745850E0
1.803715829E1,7.250921631E0,6.631210327E-1,-8.677754517E0
1.804717229E1,9.295519867E0,1.477577362E0,-1.243494141E1
1.805718629E1,1.078073135E1,2.047891388E0,-1.623613678E1
1.806719929E1,1.210981750E1,2.631527710E0,-1.896690811E1
1.807721329E1,1.336316116E1,3.211571503E0,-2.012639694E1
1.809724029E1,1.681827621E1,3.982318726E0,-1.813703384E1
1.810725429E1,1.805350754E1,4.100872192E0,-1.636591690E1
1.811726729E1,1.842772934E1,3.659140778E0,-1.405562119E1
1.812728129E1,1.809886322E1,3.206781464E0,-1.133607651E1
1.813729429E1,1.727931747E1,2.463127899E0,-8.905580750E0
1.814730829E1,1.585862183E1,1.649420013E0,-6.988367615E0
1.815732229E1,1.426743073E1,8.616082764E-1,-5.487438812E0
1.816733529E1,1.262833923E1,2.324665833E-1,-4.551884308E0
1.817734929E1,1.115914444E1,-2.568658447E-1,-4.027973785E0
1.818736229E1,9.927805023E0,-6.855743408E-1,-3.719914398E0
1.819737629E1,8.896000671E0,-9.009764099E-1,-3.134930878E0
1.820739029E1,7.977360992E0,-8.470884705E-1,-2.243833923E0
1.821740329E1,7.221133575E0,-5.746549988E-1,-1.422342224E0
1.822741729E1,6.604565735E0,-5.641767883E-1,-6.195616150E-1
1.823743029E1,5.861810303E0,-7.182064819E-1,3.264710999E-1
1.824744429E1,4.787045288E0,-1.057251434E0,1.097517700E0
1.825745829E1,3.373834076E0,-1.666634216E0,1.441203003E0
1.826747129E1,1.890568542E0,-2.336640930E0,1.525477753E0
1.827748529E1,4.601431274E-1,-2.963088226E0,1.672621765E0
1.828749929E1,-9.966275024E-1,-3.281476135E0,1.693727875E0
1.829751229E1,-2.345472565E0,-3.287613373E0,1.499880981E0
1.830752629E1,-2.894979858E0,-3.428320770E0,1.322350159E0
1.831753929E1,-2.877765656E0,-3.902684326E0,1.510359192E0
1.832755329E1,-3.154989166E0,-4.537065125E0,1.119671631E0
1.833756729E1,-3.158581696E0,-4.989424438E0,-9.635462952E-1
1.834758029E1,-2.025288391E0,-4.886887665E0,-3.222498779E0
1.835759429E1,3.576063538E-1,-4.148622894E0,-4.933740234E0
1.836760729E1,3.010838928E0,-3.407514038E0,-6.831942902E0
1.837762129E1,5.464536438E0,-2.906056824E0,-9.095236359E0
1.838763529E1,9.202712860E0,-1.682650909E0,-1.163186142E1
1.839764829E1,1.340896591E1,-1.576222229E-1,-1.444436279E1
1.840766229E1,1.517873566E1,-2.778222656E-1,-1.774544815E1
1.841767529E1,1.639690247E1,-1.242266693E0,-2.199570969E1
1.845647829E1,1.571881256E1,-1.775308228E-1,-1.820020248E1
1.846774329E1,1.459330307E1,3.824546814E-1,-1.354802673E1
1.847775729E1,1.400757111E1,7.891589355E-1,-1.039573196E1
1.848777129E1,1.249047592E1,8.852590942E-1,-7.189848633E0
1.849778429E1,1.047177383E1,5.143304443E-1,-3.732637939E0
1.850779829E1,8.291258240E0,-3.616479492E-1,-1.480421448E-1
1.851781129E1,6.057453461E0,-1.335223389E0,2.800376587E0
1.852782529E1,4.207300873E0,-2.101330261E0,4.974006500E0
1.853783929E1,3.015329590E0,-2.573897552E0,6.419251099E0
1.854785229E1,2.316582642E0,-3.348686371E0,7.474107513E0
1.855786629E1,1.262774048E0,-4.042044525E0,8.202043762E0
1.856787929E1,3.336561584E-1,-4.168381805E0,8.150700531E0
1.857789329E1,2.933898926E-2,-4.442312164E0,7.368576965E0
1.858790729E1,4.703219604E-1,-4.837789764E0,6.470145264E0
1.859792029E1,1.664987640E0,-5.159620514E0,5.113666077E0
1.860793429E1,3.026256866E0,-5.557792511E0,3.069516907E0
1.861794729E1,5.151088257E0,-5.456602936E0,2.896476746E-1
1.862796129E1,7.953111420E0,-4.514911194E0,-2.771336975E0
1.863797529E1,1.012913635E1,-3.347189484E0,-5.481600952E0
1.864798829E1,1.141900406E1,-3.052302704E0,-7.612719269E0
1.865800229E1,1.177256882E1,-3.508703613E0,-9.269923096E0
1.866801529E1,1.202015396E1,-3.919898529E0,-1.099478622E1
1.867802929E1,1.332035019E1,-3.591930542E0,-1.236069580E1
1.868804354E1,1.525343033E1,-2.814297638E0,-1.262369888E1
1.869805654E1,1.684387299E1,-1.755399628E0,-1.192959229E1
1.870807054E1,1.808404404E1,-8.457412720E-1,-1.082174606E1
1.871808354E1,1.905088348E1,5.239105225E-2,-9.765991516E0
1.872809754E1,1.976699432E1,8.788224792E-1,-8.731193390E0
1.878817954E1,1.839958786E1,1.149160309E0,-5.329816589E0
1.879819254E1,1.672921143E1,7.945477295E-1,-4.527485046E0
1.880820654E1,1.457803482E1,5.474116516E-1,-3.122506714E0
1.881821954E1,1.325179276E1,-8.831634521E-2,-2.464774475E0
1.882823354E1,1.184127594E1,1.706451416E-2,-1.961520996E0
1.883824754E1,1.069974976E1,1.670526123E-1,-2.908152466E0
1.884826054E1,1.041144928E1,1.260977783E0,-2.448907471E0
1.885827454E1,1.020787262E1,2.145488434E0,-1.517544250E0
1.886828754E1,9.276509399E0,3.123404846E0,-2.002835083E-1
1.887830154E1,8.815767517E0,3.708238678E0,1.382075958E0
1.888831554E1,8.360264740E0,3.827540588E0,1.888472900E0
1.889832854E1,7.786058807E0,3.913761292E0,2.316133575E0
1.890834254E1,7.023843842E0,3.588787079E0,3.158132629E0
1.891835554E1,5.899382172E0,3.100801849E0,3.750899963E0
1.892836954E1,4.249812469E0,2.633473663E0,3.376528473E0
1.893838354E1,2.215542755E0,2.393223267E0,2.989882507E0
1.894839654E1,3.754193115E-1,2.697241058E0,2.788102112E0
1.895841054E1,-8.373587036E-1,3.232827301E0,2.757565613E0
1.896842354E1,-1.334774323E0,3.740870819E0,3.167263641E0
1.897843754E1,-1.171763306E0,4.354744263E0,3.935615845E0
1.898845154E1,-8.933422852E-1,4.650379486E0,4.775818634E0
1.899846454E1,-6.569837952E-1,4.579427032E0,5.689069519E0
1.900847854E1,-1.806742859E-1,4.309538269E0,6.656058655E0
1.901849154E1,3.770658875E-1,4.244872742E0,8.528365173E0
1.902850554E1,7.955955505E-1,4.376898193E0,1.104388412E1
1.903851954E1,6.090834045E-1,4.196223907E0,1.218076996E1
1.904853254E1,-1.444496155E-1,3.973187714E0,1.144160706E1
1.905854654E1,-6.650669861E-1,3.894601135E0,9.992320862E0
1.906855954E1,-1.010548553E0,4.216731262E0,9.077573090E0
1.907857354E1,-9.744735718E-1,4.553830261E0,8.720266113E0
1.908858754E1,-7.626640320E-1,5.048701172E0,7.931855621E0
1.909860054E1,-3.763174438E-1,5.367987213E0,7.155869293E0
1.910861454E1,8.803193665E-1,5.456453247E0,8.872200165E0
1.911862754E1,1.351539459E0,5.620212708E0,9.851912842E0
1.912864154E1,1.337319031E0,5.410349121E0,1.040845551E1
1.913865554E1,7.385641479E-1,5.006638641E0,1.005040009E1
1.914866854E1,1.945953369E-1,4.439917145E0,1.004171814E1
1.915868254E1,-2.573149109E-1,4.188889160E0,9.533674622E0
1.916869554E1,-5.575904846E-1,4.194427643E0,9.025032349E0
1.917870954E1,-5.040019226E-1,4.412973175E0,8.669521637E0
1.918872354E1,-5.739065552E-1,4.788242798E0,8.117469635E0
1.919873654E1,-5.138813782E-1,4.754263458E0,7.706424408E0
1.920875054E1,-3.571572876E-1,4.705165558E0,8.225694580E0
1.921876354E1,-1.950444031E-1,4.582271118E0,8.993448029E0
1.922877754E1,-4.689747620E-1,4.302203522E0,9.353599091E0
1.923879054E1,-8.089178467E-1,3.948040009E0,9.035211182E0
1.924880454E1,-7.726931763E-1,3.883823547E0,8.733139343E0
1.925881854E1,-6.997947693E-1,4.014052734E0,8.279881897E0
1.926883154E1,-4.655319214E-1,4.417014771E0,7.800578613E0
1.927884554E1,-4.981640625E-1,4.687053223E0,7.255861359E0
1.928885854E1,-5.769003296E-1,4.746629333E0,7.004084930E0
1.929887254E1,-4.135899353E-1,4.895120544E0,6.997199249E0
1.930888654E1,-1.073268127E-1,5.048701172E0,7.084018707E0
1.931889954E1,7.065307617E-2,5.181175690E0,7.130272522E0
1.932891354E1,-3.083587646E-2,5.247637482E0,7.194488983E0
1.933892654E1,-2.700384521E-1,5.234315186E0,7.439080353E0
1.934894054E1,-6.240522766E-1,5.174439697E0,7.628436584E0
1.935895454E1,-9.406439209E-1,5.101391602E0,7.638465729E0
1.936896754E1,-8.705895996E-1,5.100643158E0,7.398065643E0
1.937898154E1,-4.643344116E-1,5.395829315E0,7.233258362E0
1.938899454E1,-2.354603577E-1,5.574407959E0,7.021897888E0
1.939900854E1,-1.332229614E-1,5.696404266E0,6.707701263E0
1.940902254E1,-3.727249146E-2,5.976022797E0,6.681356049E0
1.941903554E1,1.845661926E-1,6.130202179E0,6.783892822E0
1.942904954E1,4.602928162E-1,6.288273468E0,6.951993256E0
1.943906254E1,5.770500183E-1,6.399791565E0,7.111112366E0
1.944907654E1,2.830613708E-1,6.347849579E0,7.129823456E0
1.945909054E1,3.592529297E-2,6.284082184E0,7.123237152E0
1.946910354E1,1.104702759E-1,6.343059540E0,7.431446228E0
1.947911754E1,3.930825806E-1,6.448739777E0,7.761360168E0
1.948913054E1,6.429130554E-1,6.488257599E0,7.661368103E0
1.949914454E1,6.649172974E-1,6.462960205E0,7.301516418E0
1.950915854E1,8.488847351E-1,6.582711182E0,6.839726715E0
1.951917154E1,1.038091278E0,6.794221344E0,6.451134796E0
1.952918554E1,1.043629761E0,6.898853760E0,6.561605072E0
1.953919854E1,1.001118164E0,6.753506012E0,7.089856567E0
1.954921254E1,7.966433716E-1,6.593488770E0,7.531438293E0
1.955922654E1,5.653742981E-1,6.500232697E0,7.775281219E0
1.956923954E1,4.460723877E-1,6.448290710E0,7.656578064E0
1.957925354E1,2.139051819E-1,6.436764679E0,7.301666107E0
1.958926654E1,1.751358032E-1,6.542145538E0,6.966063995E0
1.959928054E1,4.300556946E-1,6.622229004E0,7.080725555E0
1.960929354E1,7.117698669E-1,6.631958771E0,7.321275330E0
1.961930754E1,9.294172668E-1,6.757397919E0,7.087910614E0
1.962932154E1,1.050665131E0,6.859635315E0,6.773264923E0
1.963933454E1,1.191522217E0,6.899153137E0,6.694229279E0
1.964934854E1,1.149010620E0,6.915918274E0,6.664740601E0
1.965936154E1,9.800120544E-1,6.890620880E0,6.838828583E0
1.966937554E1,8.696914673E-1,6.861581268E0,7.177274780E0
1.967938954E1,8.572673035E-1,6.876400452E0,7.395221558E0
1.968940213E1,7.574249268E-1,6.768774261E0,7.383994904E0
1.969941612E1,4.857398987E-1,6.588099976E0,7.155120850E0
1.970942912E1,4.608915710E-1,6.500681763E0,7.144942017E0
1.971944312E1,8.328680420E-1,6.609655151E0,7.172185364E0
1.972945712E1,1.094673615E0,6.718329163E0,7.035818939E0
1.973947012E1,1.161584473E0,6.648574219E0,6.982380066E0
1.974948412E1,1.102008362E0,6.731651459E0,6.972650299E0
1.975949713E1,1.019679565E0,6.770720215E0,7.119944000E0
1.976951112E1,9.014254761E-1,6.654262390E0,7.362140350E0
1.977952412E1,7.294331360E-1,6.633006592E0,7.436535645E0
1.978953813E1,5.038522339E-1,6.580465851E0,7.375911713E0
1.979955212E1,4.519102478E-1,6.493496704E0,7.424710236E0
1.980956512E1,4.478686523E-1,6.455326080E0,7.394473114E0
1.981957913E1,4.951702881E-1,6.426735535E0,7.251969452E0
1.982959213E1,8.526269531E-1,6.546935577E0,7.089557190E0
1.983960612E1,1.165326691E0,6.715634766E0,6.960076447E0
1.984962012E1,1.386716309E0,7.007378082E0,4.722529449E0
1.985963313E1,1.520388336E0,7.116650848E0,5.168901215E0
1.986964712E1,1.416354675E0,6.824608154E0,5.961502991E0
1.987966012E1,1.243164825E0,6.767876129E0,6.255791016E0
1.988967413E1,1.215023346E0,6.837331696E0,7.028783569E0
1.989968812E1,1.360670471E0,6.731950836E0,7.704328766E0
1.990970112E1,1.218765564E0,6.619235229E0,7.555987244E0
1.991971513E1,9.412426758E-1,6.599326630E0,6.873556366E0