"Time (s)","X (m/s^2)","Y (m/s^2)","Z (m/s^2)"
8.785416667E-3,1.470242615E0,6.835834808E0,6.547384644E0
1.879941667E-2,1.465302887E0,6.866970062E0,6.335724792E0
2.881341667E-2,1.453327789E0,6.864724731E0,6.390211487E0
3.882741667E-2,1.383273468E0,6.859335938E0,6.611152039E0
4.884179167E-2,1.309476929E0,6.848558350E0,6.667584686E0
5.885679167E-2,1.310075684E0,6.884184265E0,6.504573669E0
6.887079167E-2,1.236279144E0,6.979985046E0,6.398893433E0
7.888479167E-2,1.151705017E0,7.001240845E0,6.336922302E0
8.889879167E-2,1.130149841E0,7.040908356E0,6.349346466E0
9.891379167E-2,1.085542603E0,7.068750458E0,6.447392578E0
1.089277917E-1,1.041683807E0,7.017107849E0,6.505172424E0
1.189417917E-1,1.050216064E0,6.993906097E0,6.449937286E0
1.289557917E-1,1.110091553E0,7.038513336E0,6.428980865E0
1.389707917E-1,1.209933929E0,7.044201508E0,6.482419739E0
1.489847917E-1,1.230291595E0,7.016658783E0,6.544091492E0
1.589987917E-1,1.195414124E0,7.036417694E0,6.482719116E0
1.690127917E-1,1.087787933E0,6.968459015E0,6.231691132E0
1.790277917E-1,9.671388245E-1,6.910679169E0,6.200106812E0
1.890417917E-1,9.565109253E-1,6.884932709E0,6.301895142E0
1.990557917E-1,1.030906219E0,6.809190216E0,6.435567169E0
2.090697917E-1,1.194515991E0,6.800358582E0,6.531667328E0
2.190847917E-1,1.271006927E0,6.712341614E0,6.619534607E0
2.290987917E-1,1.133592682E0,6.497987366E0,6.537654877E0
2.391127917E-1,9.547146606E-1,6.387517090E0,6.282136230E0
2.491267917E-1,9.621990967E-1,6.314618683E0,5.995182953E0
2.591407917E-1,1.148561554E0,6.336323547E0,5.909261627E0
2.691557917E-1,1.187929688E0,6.304439850E0,6.015839996E0
2.791697917E-1,1.021026764E0,6.152954865E0,5.835315399E0
2.891837917E-1,7.692503357E-1,5.935756531E0,5.522765350E0
2.991977917E-1,3.650907898E-1,5.693410492E0,5.398673401E0
3.092127917E-1,1.856140137E-2,5.470673676E0,5.397176514E0
3.192267917E-1,-3.272195435E-1,5.008285217E0,5.213807831E0
3.292407917E-1,-7.958949280E-1,4.928052063E0,4.900509338E0
3.392547917E-1,-1.135089569E0,4.982538757E0,3.962110748E0
3.492697917E-1,-1.195264435E0,4.456083527E0,3.402873688E0
3.592837917E-1,8.382568359E-3,4.526137848E0,3.091521149E0
3.692977917E-1,1.776356049E0,4.904700623E0,2.900368652E0
3.793117917E-1,3.650159454E0,5.064268799E0,2.682721252E0
3.893267917E-1,2.441872101E0,6.978937225E0,5.317841492E0
3.993407917E-1,4.430935822E0,6.036497040E0,7.227420502E0
4.093547917E-1,6.113586731E0,5.694009247E0,8.463849335E0
4.193687917E-1,6.252048798E0,6.415957947E0,9.316176910E0
4.293837917E-1,6.306834869E0,6.375242615E0,9.567504272E0
4.393977917E-1,6.079008636E0,6.217321014E0,9.365424500E0
4.494117917E-1,5.631139984E0,6.085744629E0,8.393944702E0
4.594257917E-1,5.344486084E0,5.864804077E0,7.411088562E0
4.694407917E-1,5.731730804E0,5.928870850E0,7.365283813E0
4.794547917E-1,6.852749634E0,6.343957672E0,7.861651611E0
4.894687917E-1,7.934699707E0,6.883884888E0,7.978708191E0
4.994827917E-1,8.663683777E0,7.209308167E0,7.570357361E0
5.094977917E-1,9.146280212E0,7.659721527E0,7.460336151E0
5.195117917E-1,9.407936096E0,7.916437683E0,7.307054901E0
5.295257917E-1,9.256151733E0,7.848179626E0,7.140151978E0
5.395397917E-1,8.641529846E0,7.595804443E0,7.402855682E0
5.495547917E-1,8.011040955E0,7.282056885E0,7.660469971E0
5.595687917E-1,7.407346344E0,6.765331421E0,7.425608368E0
5.695827917E-1,7.184010773E0,6.190077667E0,7.252268829E0
5.795967917E-1,8.021668854E0,5.712570648E0,7.723039856E0
5.896117917E-1,9.232500916E0,5.722899170E0,8.126750336E0
5.996257917E-1,1.036983582E1,6.197412415E0,7.721243591E0
6.096397917E-1,1.093730576E1,5.983656921E0,6.822063446E0
6.196537917E-1,1.082563797E1,6.114634552E0,5.763315125E0
6.296687917E-1,1.026280838E1,6.241121521E0,4.690196686E0
6.396827917E-1,9.667196960E0,5.632487183E0,4.010759583E0
6.496967917E-1,9.072483673E0,4.699327698E0,3.873195648E0
6.597107917E-1,8.704698486E0,4.076921997E0,4.010609894E0
6.697257917E-1,8.609646149E0,3.361409912E0,4.015549622E0
6.797397917E-1,9.709109802E0,2.534529419E0,4.029770050E0
6.897537917E-1,1.318757629E1,3.760480042E0,3.993096313E0
6.997677917E-1,1.609602814E1,5.864953766E0,3.851041718E0
7.097827917E-1,1.640603348E1,5.778283997E0,3.301085358E0
7.197967917E-1,1.501063522E1,4.910987549E0,2.978057098E0
7.298107917E-1,1.355521179E1,3.858077087E0,2.815794525E0
7.398257917E-1,1.295780411E1,3.081042938E0,2.677931213E0
7.498397917E-1,1.254406448E1,2.439028015E0,2.598147125E0
7.598537917E-1,1.211520630E1,1.802850952E0,2.003284149E0
7.698677917E-1,1.221459961E1,1.194366302E0,7.785310364E-1
7.798827917E-1,1.398736313E1,1.785187683E0,-1.010847931E0
7.898967917E-1,1.618359604E1,2.734513550E0,-1.803749084E0
7.999107917E-1,1.778376846E1,2.893782349E0,-1.235530701E0
8.099247917E-1,1.908770691E1,3.138373718E0,5.468128967E-1
8.199397917E-1,1.963152603E1,3.340453491E0,1.781445465E0
8.299537917E-1,1.873818375E1,2.661764832E0,2.020049286E0
8.399677917E-1,1.723515930E1,1.829944611E0,2.030377808E0
8.499817917E-1,1.593631027E1,1.179996185E0,2.021246796E0
8.599967917E-1,1.530971329E1,9.614506531E-1,1.179547119E0
8.700107917E-1,1.525717255E1,1.211879883E0,-5.336402893E-1
8.800247917E-1,1.501018616E1,1.474882965E0,-1.731299744E0
8.900387917E-1,1.452908661E1,1.186432800E0,-2.887794800E0
9.000537917E-1,1.373259293E1,5.239105225E-1,-4.180207214E0
9.100677917E-1,1.387135437E1,2.718347168E-1,-5.024451599E0
9.200817917E-1,1.479418533E1,3.484753418E-1,-5.381608887E0
9.300957917E-1,1.579500412E1,5.716612244E-1,-4.950205994E0
9.401107917E-1,1.652548508E1,4.896318054E-1,-3.720363464E0
9.501247917E-1,1.568603073E1,3.493734741E-1,-2.126777344E0
9.601387917E-1,1.460183533E1,-6.795867920E-2,-1.452729034E0
9.701537917E-1,1.353021378E1,-7.583230591E-1,-1.555714874E0
9.801677917E-1,1.256981094E1,-1.343306580E0,-1.737436981E0
9.901817917E-1,1.214454529E1,-1.678459625E0,-1.843117218E0
1.000195792E0,1.158351196E1,-1.862277374E0,-1.733694763E0
1.010210792E0,1.085213287E1,-1.870809631E0,-1.647923126E0
1.020224792E0,1.051697983E1,-1.472338257E0,-1.386267242E0
1.030238792E0,1.053748718E1,-9.517208862E-1,-1.154848480E0
1.040252792E0,1.055215668E1,-1.281335449E-1,-1.990710297E0
1.050267667E0,1.127500351E1,8.876541138E-2,-3.842060394E0
1.060281667E0,1.154070099E1,6.502478027E-1,-5.214256897E0
1.070295667E0,1.089838669E1,1.080303497E0,-6.018534393E0
1.080309667E0,9.306297455E0,4.269122314E-1,-6.030958557E0
1.090324667E0,7.558382263E0,1.739382935E-1,-5.155429230E0
1.100338667E0,6.899003448E0,3.987707520E-1,-2.210603027E0
1.110352667E0,6.371799774E0,1.892065430E-1,3.873944092E-1
1.120367667E0,5.510640564E0,7.469467163E-2,1.163231049E0
1.130381667E0,4.109404449E0,-2.835104370E-1,1.170865173E0
1.140395667E0,2.336191864E0,-8.707392883E-1,1.012644196E0
1.150409667E0,4.944218445E-1,-9.108558655E-1,4.468208313E-1
1.160424667E0,-9.747729492E-1,-4.496649170E-1,3.376977539E-1
1.170438667E0,-1.751956787E0,1.646575928E-1,-2.486329651E-1
1.180452667E0,-2.088007965E0,9.148974609E-1,-1.589993591E0
1.190466667E0,-2.223176880E0,1.561403046E0,-2.880310364E0
1.200481667E0,-2.023192749E0,2.245630188E0,-3.050506439E0
1.210495667E0,-1.466350708E0,2.689606934E0,-1.413660278E0
1.220509667E0,-1.432970123E0,2.465822296E0,-4.076023865E-1
1.230524667E0,-1.724264374E0,2.400408325E0,-7.280859375E-1
1.240538667E0,-2.355202332E0,2.352358246E0,-9.151968384E-1
1.250552667E0,-3.463796997E0,1.870210876E0,-5.557942200E-1
1.260566667E0,-4.952301636E0,1.657054138E0,-7.707472229E-1
1.270581667E0,-5.956114197E0,2.060016174E0,-1.436562653E0
1.280595667E0,-5.626349945E0,2.743943939E0,-2.024090881E0
1.290609667E0,-4.693340149E0,3.407064972E0,-1.500330048E0
1.300623667E0,-3.978426819E0,3.831582184E0,-3.309617615E-1
1.310638667E0,-3.174149323E0,4.459226990E0,3.293151855E-3
1.320652667E0,-2.454745331E0,4.893024902E0,-2.646496582E-1
1.330666667E0,-2.429298248E0,4.684957581E0,-3.101550293E-1
1.340681667E0,-3.022664337E0,4.400549011E0,1.856140137E-1
1.350695667E0,-3.775897980E0,4.141737213E0,1.082099762E0
1.360709667E0,-4.083508301E0,4.177662506E0,1.749112701E0
1.370723667E0,-3.933669891E0,4.618495789E0,1.506766663E0
1.380738667E0,-3.521876221E0,5.115013275E0,8.105644226E-1
1.390752667E0,-3.448079681E0,4.973108368E0,1.496887207E-1
1.400766667E0,-3.389102325E0,4.881947937E0,-1.478176117E0
1.410781667E0,-2.910547485E0,4.893773346E0,-3.412753143E0
1.420795667E0,-2.391876068E0,4.942871246E0,-4.458029480E0
1.430809667E0,-1.751807098E0,5.362149353E0,-4.790488129E0
1.440823667E0,-1.014739838E0,5.841602325E0,-4.751718750E0
1.450838667E0,-3.802093506E-2,6.333629150E0,-4.001029816E0
1.460852667E0,8.635542297E-1,6.634653168E0,-2.903661804E0
1.470866667E0,1.504820709E0,7.410489807E0,-2.196831665E0
1.480880667E0,1.986069946E0,7.400760040E0,-2.168241119E0
1.490895667E0,2.075883179E0,6.681206360E0,-2.822680206E0
1.500909667E0,1.952389984E0,6.311475220E0,-3.798351288E0
1.510923667E0,2.126328278E0,6.168821869E0,-4.611310730E0
1.520938667E0,2.075434113E0,6.221961365E0,-5.730084229E0
1.530952667E0,1.913770294E0,6.124064941E0,-6.731501770E0
1.540966667E0,2.345622253E0,6.365512848E0,-6.635401611E0
1.550980667E0,3.131637726E0,6.959477692E0,-5.454058228E0
1.560995667E0,3.350183258E0,7.220235443E0,-3.830085297E0
1.571009667E0,3.393143921E0,7.165898438E0,-2.745889893E0
1.581023667E0,3.440595245E0,6.887627106E0,-2.460433502E0
1.591038667E0,3.293600922E0,6.045777740E0,-2.402503967E0
1.601052667E0,3.534749451E0,5.750741272E0,-1.990410919E0
1.611066667E0,3.968697052E0,5.876479797E0,-2.030826874E0
1.621080667E0,5.242697754E0,6.076763306E0,-2.360441437E0
1.631095667E0,6.535559235E0,6.738537140E0,-2.753823395E0
1.641109667E0,7.051835632E0,7.134613495E0,-3.112327881E0
1.651123667E0,6.545139313E0,6.906637573E0,-3.262914734E0
1.661138667E0,5.480702820E0,6.119424591E0,-3.242108002E0
1.671152667E0,5.276976471E0,5.136718140E0,-2.946772156E0
1.681166667E0,5.380261688E0,5.293142853E0,-2.778821411E0
1.691180667E0,6.257587280E0,6.033952332E0,-2.563868408E0
1.701195667E0,7.543413391E0,6.383475494E0,-2.669099579E0
1.711209667E0,7.477250977E0,6.767576752E0,-3.334016876E0
1.721223667E0,6.468049622E0,6.691983948E0,-3.885619812E0
1.731238667E0,6.316115570E0,5.554948425E0,-3.526217194E0
1.741252667E0,6.533313904E0,4.508773956E0,-2.636018372E0
1.751266667E0,7.127278748E0,4.446054382E0,-1.482217712E0
1.761280667E0,8.651558990E0,5.066065063E0,-1.968256989E0
1.771295667E0,9.797276459E0,5.773493958E0,-3.323089600E0
1.781309667E0,1.011356873E1,6.727011108E0,-4.556374969E0
1.791323667E0,9.969119110E0,7.834258575E0,-6.137087860E0
1.801338667E0,9.556726685E0,8.396938477E0,-6.573280792E0
1.811352667E0,9.519753571E0,8.001909943E0,-5.842799835E0
1.821366667E0,1.010982651E1,7.460934906E0,-4.554578705E0
1.831381667E0,1.168604874E1,7.745193787E0,-3.642974396E0
1.841395667E0,1.390907593E1,8.355923767E0,-3.627706146E0
1.851409667E0,1.549547699E1,8.897647247E0,-4.425996094E0
1.861423667E0,1.612866028E1,9.246871033E0,-5.640570374E0
1.871438667E0,1.631322647E1,9.155560913E0,-6.911577301E0
1.881452667E0,1.597208588E1,8.324339447E0,-7.819738770E0
1.891466667E0,1.596055984E1,7.891888733E0,-8.279133453E0
1.901481667E0,1.654569305E1,8.195008392E0,-9.137598267E0
1.911495667E0,1.756582169E1,7.998766479E0,-1.061442719E1
1.921509667E0,1.725536728E1,7.983797607E0,-1.217074081E1
1.931523667E0,1.608704681E1,7.739804993E0,-1.325029587E1
1.941538667E0,1.505883499E1,7.002588043E0,-1.354413483E1
1.951552667E0,1.389934616E1,6.367608490E0,-1.286739212E1
1.961566667E0,1.289568329E1,5.587580566E0,-1.065065186E1
1.971581667E0,1.224842926E1,4.764142914E0,-8.517437897E0
1.981595667E0,1.121767273E1,3.761228485E0,-7.212152252E0
1.991609667E0,9.788594513E0,2.743943939E0,-6.961273956E0
2.001623667E0,8.549171906E0,2.045346680E0,-7.390730896E0
2.011638667E0,7.573201447E0,1.879641266E0,-7.635322266E0
2.021652667E0,6.585854645E0,2.122735748E0,-7.909402313E0
2.031666667E0,5.950875092E0,1.994452515E0,-8.483907623E0
2.041681667E0,5.682483215E0,1.660946045E0,-8.676257629E0
2.051695625E0,5.703439636E0,1.708696747E0,-8.402776337E0
2.061709625E0,6.414910126E0,2.009122009E0,-7.787855072E0
2.071724625E0,6.959777069E0,2.018851776E0,-6.838978271E0
2.081738625E0,7.079977112E0,1.849404144E0,-5.904920654E0
2.091752625E0,6.885082397E0,1.796114960E0,-5.386099548E0
2.101766625E0,6.744674377E0,1.778152313E0,-5.237758026E0
2.111781625E0,6.619833984E0,1.902543640E0,-5.397026825E0
2.121795625E0,6.421795807E0,1.715133362E0,-5.805677032E0
2.131809625E0,5.910608826E0,1.348845062E0,-6.197262726E0
2.141824625E0,5.680537262E0,1.407373352E0,-6.280190277E0
2.151838625E0,5.633984070E0,1.439257050E0,-6.337670746E0
2.161852625E0,5.526657257E0,1.597927094E0,-6.416856079E0
2.171867625E0,5.831573181E0,1.825154572E0,-6.622827759E0
2.181881625E0,6.357878723E0,2.067201233E0,-6.989864502E0
2.191895625E0,6.947502594E0,2.385888519E0,-6.997947693E0
2.201909625E0,7.308701477E0,2.580483856E0,-6.619833984E0
2.211924625E0,7.369325409E0,2.522704010E0,-6.282285919E0
2.221938625E0,6.926995239E0,2.659369812E0,-5.642067261E0
2.231952625E0,6.750512238E0,2.593806152E0,-5.285808105E0
2.241967625E0,6.683152313E0,2.357896729E0,-5.658832397E0
2.251981625E0,6.500831451E0,2.441572723E0,-6.087091827E0
2.261995625E0,6.473139038E0,2.251767426E0,-6.609206085E0
2.272010625E0,6.611900482E0,2.108365631E0,-6.782695313E0
2.282024625E0,6.804549866E0,2.119442596E0,-6.182892609E0
2.292038625E0,6.819668427E0,2.281555481E0,-5.523663483E0
2.302052625E0,6.887926483E0,2.605032806E0,-5.300477600E0
2.312067625E0,7.298522644E0,2.780168610E0,-5.566025391E0
2.322081625E0,7.694748688E0,2.775378571E0,-5.775140533E0
2.332095625E0,7.860304413E0,2.821183319E0,-5.466332703E0
2.342110625E0,7.920179901E0,2.708467712E0,-5.272336121E0
2.352124625E0,7.606731720E0,2.545905762E0,-5.061424713E0
2.362138625E0,7.135212250E0,2.628234558E0,-4.857698364E0
2.372153625E0,6.792425079E0,2.844534760E0,-5.082231445E0
2.382167625E0,6.699917450E0,3.068768463E0,-5.545518036E0
2.392181625E0,7.076683960E0,3.096460876E0,-6.124663696E0
2.402196625E0,7.411387939E0,3.137475586E0,-6.382727051E0
2.412210625E0,7.659721527E0,3.194207611E0,-6.499334564E0
2.422224625E0,8.161627808E0,3.200344849E0,-6.392456818E0
2.432238625E0,8.123606873E0,3.321443024E0,-5.942492523E0
2.442253625E0,7.819738770E0,3.333268433E0,-5.635031891E0
2.452267625E0,7.108417969E0,3.266806641E0,-5.580245819E0
2.462281625E0,6.808142395E0,3.292702789E0,-5.483696594E0
2.472296625E0,7.136709137E0,3.119662628E0,-5.184169464E0
2.482310625E0,7.262148285E0,3.204685822E0,-4.635709991E0
2.492324625E0,7.466473389E0,3.369493103E0,-4.229155426E0
2.502339625E0,7.706723785E0,3.092718658E0,-4.021686859E0
2.512353625E0,7.492070160E0,2.902913361E0,-3.647614746E0
2.522367625E0,7.300767975E0,3.145558777E0,-3.238964539E0
2.532382625E0,7.490573273E0,3.613485718E0,-2.881058807E0
2.542396625E0,7.608078918E0,4.174668732E0,-2.938090210E0
2.552410625E0,7.498207397E0,4.551435242E0,-3.511847076E0
2.562425625E0,7.142397308E0,4.357288971E0,-4.237537994E0
2.572439625E0,6.736441498E0,4.148473206E0,-4.561015320E0
2.582453625E0,6.661148071E0,3.986809387E0,-4.412673798E0
2.592467625E0,6.464906158E0,3.961362305E0,-3.841012573E0
2.602482625E0,6.244564362E0,3.619173889E0,-3.221151581E0
2.612496625E0,5.776487732E0,2.847827911E0,-2.677182770E0
2.622510625E0,5.003644867E0,2.825524292E0,-1.476529541E0
2.632525625E0,5.225932617E0,3.017425232E0,-1.751358032E-1
2.642539625E0,6.563251648E0,3.108585663E0,1.342258759E0
2.652553625E0,7.986641693E0,3.831133118E0,3.452570343E0
2.662568625E0,8.946745148E0,4.398752747E0,5.734125824E0
2.672582625E0,9.540410614E0,4.160897369E0,6.607260132E0
2.682596625E0,9.720785522E0,4.387376404E0,6.322552185E0
2.692611625E0,9.609267426E0,4.504133606E0,7.171586609E0
2.702625625E0,9.266779633E0,4.576582947E0,8.913214874E0
2.712639625E0,8.721763000E0,4.239034882E0,1.069555847E1
2.722654625E0,8.574768677E0,4.133953400E0,1.196117661E1
2.732668625E0,8.629854126E0,4.524491272E0,1.252595215E1
2.742682625E0,8.713530121E0,5.072651367E0,1.203811661E1
2.752696625E0,9.430539093E0,5.412444763E0,1.157033936E1
2.762711625E0,1.068732559E1,5.708079987E0,1.175116333E1
2.772725625E0,1.153501282E1,5.993087311E0,1.182436111E1
2.782739625E0,1.148741180E1,5.963898010E0,1.154968231E1
2.792754625E0,1.134640503E1,5.865702209E0,1.053733749E1
2.802768625E0,1.143861328E1,5.935157776E0,8.911119232E0
2.812782625E0,1.136526581E1,6.009253693E0,7.156018982E0
2.822797625E0,1.096844101E1,5.813011780E0,5.438191223E0
2.832811625E0,1.032912048E1,5.482798462E0,4.291126556E0
2.842825625E0,1.001537292E1,5.247338104E0,4.409979401E0
2.852840625E0,1.046189438E1,5.095553741E0,4.277953949E0
2.862854625E0,1.083042801E1,5.066514130E0,3.676504669E0
2.872868625E0,1.093760513E1,5.396278381E0,2.541564789E0
2.882883625E0,1.110375961E1,5.658383331E0,1.260977783E0
2.892897625E0,1.140298737E1,5.878425751E0,4.433779907E-1
2.902911625E0,1.154294632E1,6.281238098E0,-2.739303589E-1
2.912926625E0,1.062745010E1,5.704637146E0,-1.215023346E0
2.922940625E0,8.771309967E0,4.650828552E0,-1.637744293E0
2.932954625E0,7.906109161E0,4.459676056E0,-1.858535156E0
2.942968625E0,8.430917816E0,4.817282410E0,-2.128872986E0
2.952983625E0,9.494156799E0,5.457052002E0,-2.015708313E0
2.962997625E0,1.023691223E1,5.705684967E0,-1.695374451E0
2.973011625E0,1.044587769E1,5.552104340E0,-1.416354675E0
2.983026625E0,1.007599686E1,5.036576385E0,-1.366658020E0
2.993040625E0,8.849597168E0,4.674629059E0,-1.031205597E0
3.003054625E0,7.912246399E0,4.653073883E0,-7.032376099E-1
3.013069625E0,8.077353058E0,4.455933838E0,-1.109941864E0
3.023083625E0,8.562943268E0,4.412673798E0,-1.521735535E0
3.033097625E0,9.046288147E0,4.482877808E0,-1.599873047E0
3.043112625E0,9.556427307E0,4.321363678E0,-1.867965546E0
3.053127250E0,1.003977219E1,4.371958466E0,-1.960772552E0
3.063141250E0,1.030067963E1,4.522695007E0,-2.155367889E0
3.073156250E0,9.956694946E0,4.647685089E0,-2.597548370E0
3.083170250E0,9.485624542E0,4.736450500E0,-2.447260895E0
3.093184250E0,9.415270844E0,4.524042206E0,-1.997296600E0
3.103199250E0,9.698781281E0,4.203708344E0,-1.586101685E0
3.113213250E0,1.031579819E1,4.164340210E0,-9.442364502E-1
3.123227250E0,1.079989151E1,4.071832581E0,-5.218148804E-1
3.133242250E0,1.076276871E1,3.703149261E0,-5.523513794E-1
3.143256250E0,1.041953247E1,3.818708954E0,-9.331594849E-1
3.153270250E0,9.797276459E0,3.971092072E0,-1.373394012E0
3.163285250E0,9.091344452E0,3.821852417E0,-1.737436981E0
3.173299250E0,8.933871918E0,3.777245178E0,-2.040706329E0
3.183313250E0,9.249116364E0,3.916306000E0,-2.298470306E0
3.193328250E0,9.663305054E0,3.673061829E0,-1.861079865E0
3.203342250E0,9.968071289E0,3.376678162E0,-1.474134521E0
3.213356250E0,1.041893372E1,3.281027069E0,-1.627266083E0
3.223370250E0,1.060933777E1,3.412453766E0,-2.705923004E0
3.233385250E0,1.045635590E1,3.559747467E0,-4.803810425E0
3.243399250E0,1.037148239E1,3.595223694E0,-7.123686218E0
3.253413250E0,9.967921600E0,3.692671051E0,-8.325087891E0
3.263428250E0,8.983718262E0,3.672762451E0,-8.012537842E0
3.273442250E0,7.851472778E0,3.433709564E0,-7.270081787E0
3.283456250E0,6.897506561E0,3.059188385E0,-6.607260132E0
3.293471250E0,5.964646454E0,2.875969391E0,-5.672903137E0
3.303485250E0,5.089566193E0,2.744243317E0,-4.785099335E0
3.313499250E0,4.409380646E0,2.364033966E0,-4.908442841E0
3.323514250E0,4.077520752E0,2.243085480E0,-6.138584747E0
3.333528250E0,3.835474091E0,2.611768799E0,-7.651788025E0
3.343542250E0,3.737577667E0,2.964734802E0,-8.899293823E0
3.353557250E0,4.017345886E0,3.409310303E0,-1.013153137E1
3.363571250E0,4.325405273E0,3.559448090E0,-1.055140823E1
3.373585250E0,4.399052124E0,3.242706757E0,-9.903405762E0
3.383600250E0,4.561015320E0,2.874472504E0,-8.723858643E0
3.393614250E0,5.077142029E0,2.616708527E0,-7.297175446E0
3.403628250E0,5.510191498E0,2.385589142E0,-6.472091217E0
3.413643250E0,5.865552521E0,2.259850616E0,-6.385421448E0
3.423657250E0,6.179749146E0,2.205064545E0,-6.405629425E0
3.433671250E0,6.210285645E0,2.082918549E0,-6.471193085E0
3.443686250E0,6.101761322E0,1.616488495E0,-6.725663910E0
3.453700250E0,5.839207306E0,1.333127747E0,-6.822362823E0
3.463714250E0,5.858666840E0,1.309925995E0,-6.306535492E0
3.473729250E0,6.316265259E0,1.425934753E0,-4.773273926E0
3.483743250E0,6.659651184E0,1.820214844E0,-3.279530182E0
3.493757250E0,6.388265533E0,2.041155396E0,-2.570903778E0
3.503772250E0,5.929020538E0,2.010169830E0,-2.590063934E0
3.513786250E0,5.654641113E0,1.982776794E0,-3.223995667E0
3.523800250E0,5.671705627E0,2.060614929E0,-3.646716614E0
3.533815250E0,5.814059601E0,1.871109009E0,-3.803440704E0
3.543829250E0,5.725443878E0,1.598226471E0,-4.246369629E0
3.553843250E0,5.724396057E0,1.586251373E0,-4.108057251E0
3.563858250E0,6.279890900E0,1.517394562E0,-3.563190308E0
3.573872250E0,6.862778778E0,1.771266632E0,-3.201242981E0
3.583886250E0,7.159761200E0,2.079775085E0,-3.084036713E0
3.593901250E0,7.525450745E0,2.200124817E0,-3.251388702E0
3.603915250E0,7.863148499E0,2.156715088E0,-3.468736725E0
3.613929250E0,8.097411346E0,2.021995239E0,-3.438499603E0
3.623944250E0,8.117170258E0,1.923799438E0,-3.154989166E0
3.633958250E0,7.955955505E0,1.602118378E0,-2.647095337E0
3.643972250E0,7.884404297E0,1.289568329E0,-2.341430969E0
3.653987250E0,8.012986908E0,1.250050507E0,-1.984872437E0
3.664001250E0,8.660390625E0,1.246457977E0,-1.613195343E0
3.674015250E0,9.494755554E0,1.570384369E0,-1.936073914E0
3.684030250E0,9.623637543E0,1.799707489E0,-2.565814362E0
3.694044250E0,9.574839020E0,1.469494171E0,-2.963537292E0
3.704058250E0,9.244925079E0,1.325643311E0,-3.157982941E0
3.714073250E0,8.610993347E0,1.191971283E0,-3.186274109E0
3.724087250E0,8.370892639E0,6.749464417E-1,-3.025358734E0
3.734101250E0,8.413553925E0,4.625381470E-1,-2.765648804E0
3.744116250E0,8.855734406E0,4.300556946E-1,-2.473456421E0
3.754130250E0,9.369915161E0,3.001258850E-1,-2.077380066E0
3.764144250E0,9.874216461E0,7.619155884E-2,-1.438059540E0
3.774159250E0,1.020053787E1,-1.163081360E-1,-7.741900635E-1
3.784173250E0,9.884994049E0,-8.382568359E-3,-4.225712585E-1
3.794187250E0,9.535470886E0,-2.754272461E-1,-4.007167053E-1
3.804202250E0,9.364526367E0,-5.716612244E-1,-6.632707214E-1
3.814216250E0,9.205856323E0,-6.292913818E-1,-1.379680939E0
3.824230250E0,9.405541077E0,-6.435118103E-1,-1.935774536E0
3.834245250E0,9.764045563E0,-4.941224670E-1,-1.936972046E0
3.844259250E0,1.007449997E1,-4.809498596E-1,-1.758692780E0
3.854273250E0,1.007854156E1,-5.734574890E-1,-1.693278809E0
3.864288250E0,9.917775879E0,-6.917115784E-1,-1.716330872E0
3.874302250E0,1.001746857E1,-1.014590149E0,-1.644330597E0
3.884316250E0,1.024544449E1,-1.230890350E0,-1.107546844E0
3.894331250E0,1.046009811E1,-1.371747437E0,-5.575904846E-1
3.904345250E0,1.076845688E1,-1.579814758E0,-1.568737793E-1
3.914359250E0,1.119387222E1,-1.636397095E0,2.722837830E-1
3.924374250E0,1.108594666E1,-1.601070557E0,1.282832336E-1
3.934388250E0,1.046728317E1,-1.700314178E0,-3.623963928E-1
3.944402250E0,9.692494354E0,-1.741328888E0,-1.045276337E0
3.954417250E0,9.035360870E0,-1.995949402E0,-1.637893982E0
3.964431250E0,8.884175262E0,-2.301913147E0,-1.685794373E0
3.974445250E0,9.086404724E0,-2.642305298E0,-1.318158875E0
3.984460250E0,9.388626251E0,-2.881358185E0,-7.553292847E-1
3.994474250E0,9.786349182E0,-2.913840637E0,-2.305206299E-2
4.004488250E0,1.034738251E1,-2.816093903E0,3.776646423E-1
4.014503250E0,1.086186264E1,-2.617756348E0,3.728746033E-1
4.024517250E0,1.068942123E1,-2.168091431E0,-3.909869385E-1
4.034531250E0,1.049931656E1,-2.300266571E0,-1.706301727E0
4.044546250E0,1.066786606E1,-2.689457245E0,-2.107617188E0
4.054559792E0,1.073866882E1,-2.859803009E0,-1.694176941E0
4.064573792E0,1.036923706E1,-3.232078857E0,-1.156794434E0
4.074588792E0,9.725725250E0,-3.520379333E0,-9.006770325E-1
4.084602792E0,9.575737152E0,-3.743864594E0,-2.957849121E-1
4.094616792E0,9.335636444E0,-3.663481750E0,7.566764832E-1
4.104631792E0,9.563013611E0,-3.733835449E0,1.270857239E0
4.114645792E0,1.066337540E1,-3.799399109E0,1.683249664E0
4.124659792E0,1.158111694E1,-3.820205841E0,2.157762909E0
4.134674792E0,1.237761063E1,-3.622916107E0,2.129172363E0
4.144688792E0,1.338292007E1,-3.501069489E0,2.052531738E0
4.154703792E0,1.432251617E1,-3.183280334E0,1.384021912E0
4.164717792E0,1.499551666E1,-2.750380554E0,7.857160950E-1
4.174731792E0,1.562510742E1,-2.587070160E0,9.367520142E-1
4.184746792E0,1.625963791E1,-2.524500275E0,1.326092377E0
4.194760792E0,1.684956116E1,-2.463576965E0,2.211800537E0
4.204774792E0,1.743439499E1,-2.356848907E0,3.069516907E0
4.214789792E0,1.806129135E1,-2.073488159E0,3.999233551E0
4.224803792E0,1.827893875E1,-1.899400177E0,4.253854065E0
4.234817792E0,1.767434601E1,-1.902244263E0,3.459456024E0
4.244832792E0,1.655108185E1,-2.143841858E0,2.528990936E0
4.254846792E0,1.575309128E1,-2.369123383E0,1.839824066E0
4.264860792E0,1.590397751E1,-2.352208557E0,1.717229004E0
4.274875792E0,1.637879013E1,-1.950144653E0,2.084265747E0
4.284889792E0,1.606145004E1,-2.012265472E0,2.842439117E0
4.294903792E0,1.558214676E1,-2.457290039E0,3.700305176E0
4.304918792E0,1.555041275E1,-2.609523468E0,4.149970093E0
4.314932792E0,1.597942062E1,-2.398761749E0,3.595672760E0
4.324946792E0,1.612611557E1,-2.361339569E0,2.043101349E0
4.334961792E0,1.603151230E1,-2.356399841E0,3.493734741E-1
4.344975792E0,1.592777802E1,-2.396666107E0,-5.526507568E-1
4.354989792E0,1.592568237E1,-2.521656189E0,-6.914122009E-1
4.365004792E0,1.642848679E1,-2.380200348E0,-6.788383484E-1
4.375018792E0,1.711585739E1,-2.121238861E0,-8.363108826E-1
4.385032792E0,1.747960098E1,-2.195484467E0,-1.334924011E0
4.395047792E0,1.762405060E1,-2.179018707E0,-1.903890839E0
4.405061792E0,1.719938370E1,-2.342927856E0,-2.429897003E0
4.415075792E0,1.673519897E1,-2.783012695E0,-3.133883057E0
4.425090792E0,1.653207138E1,-3.004252625E0,-3.556454315E0
4.435104792E0,1.660107788E1,-3.025209045E0,-3.467988281E0
4.445119792E0,1.700403992E1,-2.971171417E0,-3.090772705E0
4.455133792E0,1.740550507E1,-3.154989166E0,-2.716850281E0
4.465147792E0,1.732003281E1,-3.387455750E0,-2.811453552E0
4.475162792E0,1.669253769E1,-3.717369690E0,-3.255729675E0
4.485176792E0,1.611384109E1,-4.024830322E0,-3.394042053E0
4.495190792E0,1.607522141E1,-4.224365387E0,-3.245401154E0
4.505205792E0,1.618973328E1,-4.140689392E0,-2.872227173E0
4.515219792E0,1.595112946E1,-4.274211731E0,-3.013533325E0
4.525233792E0,1.540461594E1,-4.662504272E0,-3.595523071E0
4.535248792E0,1.482771561E1,-4.829556885E0,-4.048331451E0
4.545262792E0,1.461425949E1,-4.795128479E0,-4.393513641E0
4.555276792E0,1.449495758E1,-4.575385437E0,-4.631668396E0
4.565291792E0,1.420501053E1,-4.683610382E0,-4.586612091E0
4.575305792E0,1.371313339E1,-4.782854004E0,-4.332590332E0
4.585319792E0,1.308863205E1,-4.824617157E0,-4.039499817E0
4.595334792E0,1.235096603E1,-4.843328247E0,-3.776945801E0
4.605348792E0,1.177990356E1,-5.055586853E0,-3.267405396E0
4.615362792E0,1.130030090E1,-5.028792572E0,-3.158881073E0
4.625377792E0,1.076710968E1,-4.619393921E0,-2.917732544E0
4.635391792E0,1.047985703E1,-4.511767731E0,-2.612367554E0
4.645405792E0,1.026729904E1,-4.359234924E0,-2.573598175E0
4.655420792E0,9.901459808E0,-4.260440369E0,-2.601440277E0
4.665434792E0,9.072034607E0,-4.319417725E0,-2.957549744E0
4.675448792E0,8.254584503E0,-4.279899902E0,-3.314557343E0
4.685463792E0,7.618557129E0,-4.017046509E0,-3.474125519E0
4.695477792E0,6.780000916E0,-3.550317078E0,-3.510200500E0
4.705492792E0,6.081253967E0,-3.378474426E0,-3.277584229E0
4.715506792E0,5.367687836E0,-3.291804657E0,-3.321293335E0
4.725520792E0,4.652175751E0,-3.407514038E0,-3.195255432E0
4.735535792E0,3.757186890E0,-3.359613647E0,-2.794089661E0
4.745549792E0,3.081042938E0,-3.177592163E0,-2.472109222E0
4.755563792E0,2.829715576E0,-3.091820526E0,-2.104623413E0
4.765578792E0,2.684667206E0,-2.667153625E0,-1.638193359E0
4.775592792E0,2.516566772E0,-2.290536804E0,-1.117276611E0
4.785606792E0,2.446662140E0,-1.860630798E0,-7.587721252E-1
4.795621792E0,2.626138916E0,-1.380579071E0,-6.882687378E-1
4.805635792E0,2.316432953E0,-1.202150116E0,-1.171014862E0
4.815649792E0,1.055155792E0,-1.152303772E0,-1.801803131E0
4.825664792E0,-4.403842163E-1,-1.096469879E0,-1.888472900E0
4.835678792E0,-1.227597198E0,-1.151405640E0,-1.320104828E0
4.845692792E0,-1.435814209E0,-1.202299805E0,-3.959266663E-1
4.855707792E0,-1.614841919E0,-1.115929413E0,5.535488892E-1
4.865721792E0,-1.518592072E0,-1.026565247E0,1.268312531E0
4.875736792E0,-1.522933044E0,-8.659492493E-1,1.799408112E0
4.885750792E0,-1.329235840E0,-1.041833496E-1,2.228715363E0
4.895764792E0,-5.631289673E-1,7.089257812E-1,2.151176605E0
4.905779792E0,3.867956543E-1,1.005608826E0,2.036365356E0
4.915793792E0,7.942483521E-1,1.230441284E0,1.987566833E0
4.925807792E0,6.309379578E-1,1.227746887E0,1.949845276E0
4.935822792E0,4.977149963E-1,1.230291595E0,1.770967255E0
4.945836792E0,7.538323975E-1,1.405427399E0,1.310524750E0
4.955850792E0,1.349443817E0,1.645228729E0,7.336244202E-1
4.965865792E0,1.873953094E0,1.571731567E0,5.072950745E-1
4.975879792E0,2.659669189E0,1.481918335E0,8.884025574E-1
4.985893792E0,3.701802063E0,1.778751068E0,1.582359467E0
4.995908792E0,4.574337616E0,2.027683411E0,2.029629364E0
5.005922792E0,5.250930634E0,2.089654541E0,2.424807587E0
5.015936792E0,6.114035797E0,2.292183380E0,2.730322266E0
5.025951792E0,6.991960144E0,2.479144592E0,2.876568146E0
5.035965792E0,7.352859650E0,2.371668091E0,2.833906860E0
5.045980792E0,7.241640930E0,1.882934418E0,2.460134125E0
5.055994500E0,7.104226685E0,1.367107086E0,1.840123444E0
5.066008500E0,7.156468048E0,1.416055298E0,1.212778015E0
5.076023500E0,7.583380280E0,1.664837952E0,8.601113892E-1
5.086037500E0,8.059540100E0,1.471290436E0,9.828561401E-1
5.096051500E0,8.342751160E0,1.068478088E0,1.212778015E0
5.106066500E0,8.555608521E0,5.680686951E-1,1.487157440E0
5.116080500E0,8.836274872E0,1.898052979E-1,1.664837952E0
5.126094500E0,9.015901337E0,2.710862732E-1,1.707199860E0
5.136109500E0,8.895850983E0,5.888754272E-1,1.553768921E0
5.146123500E0,8.838220825E0,4.393363953E-1,1.269210663E0
5.156137500E0,9.053922272E0,7.155120850E-2,1.352287903E0
5.166152500E0,9.129515076E0,-4.689747620E-1,1.770518188E0
5.176166500E0,9.351802826E0,-1.028810577E0,1.907183990E0
5.186180500E0,9.964478760E0,-1.414708099E0,1.695823517E0
5.196195500E0,1.052371582E1,-1.511706390E0,1.181942139E0
5.206209500E0,1.072190369E1,-1.333277435E0,4.129911804E-1
5.216223500E0,1.060215271E1,-1.424587555E0,-4.819976807E-2
5.226238500E0,1.060664337E1,-1.716181183E0,-1.499880981E-1
5.236252500E0,1.096125595E1,-1.848056946E0,-1.061293030E-1
5.246267500E0,1.149863846E1,-2.085612946E0,2.097138977E-1
5.256281500E0,1.166733765E1,-2.629282379E0,3.915856934E-1
5.266295500E0,1.134954849E1,-3.184926910E0,4.908293152E-1
5.276310500E0,1.139565262E1,-3.141367493E0,1.050066376E0
5.286324500E0,1.205533081E1,-3.081941071E0,1.169068909E0
5.296338500E0,1.247326172E1,-3.457659760E0,8.461903381E-1
5.306353500E0,1.304776703E1,-3.674409027E0,4.812492371E-1
5.316367500E0,1.327604233E1,-3.620072021E0,-5.718109131E-2
5.326381500E0,1.293056076E1,-3.972139893E0,-3.263214111E-2
5.336396500E0,1.247655487E1,-4.548890533E0,2.430944824E-1
5.346410500E0,1.195863190E1,-4.917723541E0,2.139051819E-1
5.356424500E0,1.132365234E1,-5.003644867E0,6.456074524E-1
5.366439500E0,1.099388809E1,-5.199288025E0,1.403780823E0
5.376453500E0,1.093191696E1,-5.347779236E0,9.993218994E-1
5.386468500E0,1.065439407E1,-5.593867493E0,2.236349487E-1
5.396482500E0,1.031370255E1,-5.796096954E0,-5.189707947E-1
5.406496500E0,1.027463379E1,-6.006858673E0,-1.247954865E0
5.416511500E0,1.073342972E1,-6.184539185E0,-1.613943787E0
5.426525500E0,1.097861984E1,-6.065985718E0,-1.598226471E0
5.436539500E0,1.063508423E1,-6.108946381E0,-7.741900635E-1
5.446554500E0,1.036235138E1,-6.310128021E0,-5.423222351E-1
5.456568500E0,1.037477554E1,-6.468648376E0,-1.065484314E0
5.466582500E0,1.060574524E1,-6.428232422E0,-1.810036011E0
5.476597500E0,1.089868607E1,-6.248755646E0,-2.754721527E0
5.486611500E0,1.093431198E1,-6.295608215E0,-3.010389862E0
5.496625500E0,1.069406158E1,-6.500083008E0,-2.567161560E0
5.506640500E0,1.026879593E1,-6.530918884E0,-2.102378082E0
5.516654500E0,1.016296600E1,-6.201454010E0,-1.822609863E0
5.526668500E0,1.064406555E1,-5.857169952E0,-2.529739380E0
5.536683500E0,1.130718658E1,-5.874833221E0,-3.844754791E0
5.546697500E0,1.162527512E1,-5.848637695E0,-4.689747620E0
5.556712500E0,1.187271057E1,-5.738017731E0,-5.296436005E0
5.566726500E0,1.233809280E1,-5.488786011E0,-5.690865784E0
5.576740500E0,1.270617737E1,-5.155578918E0,-5.847739563E0
5.586755500E0,1.302935532E1,-4.652175751E0,-6.236630859E0
5.596769500E0,1.315329758E1,-4.407434692E0,-7.033723297E0
5.606783500E0,1.338097412E1,-4.386478271E0,-8.052055664E0
5.616798500E0,1.425575500E1,-4.088897095E0,-8.649912415E0
5.626812500E0,1.525522659E1,-3.571273499E0,-8.397387543E0
5.636826500E0,1.579425568E1,-3.298540649E0,-7.647746429E0
5.646841500E0,1.593855560E1,-3.290457458E0,-6.500232697E0
5.656855500E0,1.566133209E1,-3.355422363E0,-5.854325867E0
5.666870500E0,1.517693939E1,-3.696712646E0,-5.785169678E0
5.676884500E0,1.500988678E1,-3.946842499E0,-5.449717255E0
5.686898500E0,1.507844421E1,-4.000730438E0,-5.253774719E0
5.696913500E0,1.527558426E1,-3.828588409E0,-5.669609985E0
5.706927500E0,1.595771576E1,-3.540287933E0,-6.114933929E0
5.716941500E0,1.701556595E1,-2.963537292E0,-6.508315887E0
5.726956500E0,1.762420029E1,-2.537074127E0,-6.853947144E0
5.736970500E0,1.734024078E1,-2.557731171E0,-7.140750732E0
5.746984500E0,1.666095337E1,-2.938239899E0,-7.136409760E0
5.756999500E0,1.618494324E1,-3.376229095E0,-6.599476318E0
5.767013500E0,1.572240509E1,-3.604803772E0,-6.108347626E0
5.777027500E0,1.531255737E1,-3.844904480E0,-6.040089569E0
5.787042500E0,1.500928802E1,-4.332141266E0,-5.939498749E0
5.797056500E0,1.474673401E1,-4.710105286E0,-6.068979492E0
5.807071500E0,1.451351898E1,-4.883893890E0,-6.372248840E0
5.817085500E0,1.433074905E1,-5.054688721E0,-6.211632843E0
5.827099500E0,1.408975021E1,-5.365592194E0,-5.756728821E0
5.837114500E0,1.389006546E1,-5.584137726E0,-5.448519745E0
5.847128500E0,1.404394547E1,-5.569019165E0,-5.581742706E0
5.857142500E0,1.408196640E1,-5.600304108E0,-5.850883026E0
5.867157500E0,1.372690475E1,-5.865851898E0,-5.642516327E0
5.877171500E0,1.332379303E1,-6.174809418E0,-5.432652740E0
5.887185500E0,1.296334259E1,-6.326893158E0,-5.271437988E0
5.897200500E0,1.271411087E1,-6.499633942E0,-4.435127106E0
5.907214500E0,1.249421814E1,-6.817722473E0,-3.361260223E0
5.917228500E0,1.204380478E1,-6.992858276E0,-2.684816895E0
5.927243500E0,1.160611496E1,-7.103328552E0,-2.418520660E0
5.937257500E0,1.162602356E1,-6.838678894E0,-2.446811829E0
5.947272500E0,1.168065994E1,-6.620133362E0,-2.607876892E0
5.957286500E0,1.116228790E1,-6.479875031E0,-2.884202271E0
5.967300500E0,1.043105850E1,-6.386169891E0,-2.933300171E0
5.977315500E0,9.928254089E0,-6.380332031E0,-2.789898376E0
5.987329500E0,9.812095642E0,-6.200106812E0,-2.608026581E0
5.997343500E0,9.833800507E0,-5.867947540E0,-2.395019531E0
6.007358500E0,9.799671478E0,-5.869743805E0,-2.203567657E0
6.017372500E0,9.861941986E0,-5.583538971E0,-2.283950500E0
6.027386500E0,9.828262024E0,-5.298831024E0,-2.500101013E0
6.037401500E0,9.624984741E0,-5.220992889E0,-2.259700928E0
6.047415500E0,9.172475739E0,-5.094505920E0,-1.648372192E0
6.057429792E0,8.385113068E0,-5.104984131E0,-7.439529419E-1
6.067444792E0,7.613018646E0,-4.902604980E0,1.041833496E-1
6.077458792E0,6.876101074E0,-4.616549835E0,6.770420837E-1
6.087473792E0,6.410718842E0,-4.385430450E0,1.059646454E0
6.097487792E0,5.960305481E0,-4.135001221E0,1.193168793E0
6.107501792E0,5.477709045E0,-3.879781952E0,1.240620117E0
6.117516792E0,5.205724640E0,-3.523522797E0,1.361718292E0
6.127530792E0,4.909939728E0,-3.161725159E0,1.351988525E0
6.137544792E0,4.628824310E0,-2.784359894E0,1.450633392E0
6.147559792E0,4.714595947E0,-2.510130157E0,1.473984833E0
6.157573792E0,4.795876923E0,-2.190095673E0,2.018552399E0
6.167587792E0,4.759951630E0,-2.157014465E0,3.125650177E0
6.177602792E0,4.205654297E0,-2.226020966E0,4.689597931E0
6.187616792E0,2.894680481E0,-2.214944000E0,6.784940643E0
6.197631792E0,1.297202454E0,-1.956431580E0,8.434959412E0
6.207645792E0,6.137237549E-2,-1.110091553E0,9.676327972E0
6.217659792E0,-2.894979858E-1,-8.053253174E-1,1.035262161E1
6.227674792E0,-2.589614868E-1,-6.176156616E-1,1.013063324E1
6.237688792E0,3.495231628E-1,-1.854643250E-1,9.364676056E0
6.247702792E0,1.877096558E0,2.463876343E-1,8.104746094E0
6.257717792E0,3.465443573E0,7.846682739E-1,6.606062622E0
6.267731792E0,4.728367310E0,1.699416046E0,5.986051941E0
6.277745792E0,5.507497101E0,2.198328552E0,6.234086151E0
6.287760792E0,6.428831177E0,2.494412842E0,6.683302002E0
6.297774792E0,7.437284088E0,2.776875458E0,7.049141235E0
6.307788792E0,8.408314819E0,3.018772430E0,7.283553772E0
6.317803792E0,9.435927887E0,2.751428375E0,7.315287781E0
6.327817792E0,1.068852310E1,2.527194672E0,7.118147736E0
6.337832792E0,1.190145081E1,2.786156158E0,6.802903290E0
6.347846792E0,1.270423141E1,2.824177094E0,6.508615265E0
6.357860792E0,1.292157944E1,2.808160400E0,5.980812836E0
6.367875792E0,1.246428040E1,2.511177979E0,5.369633789E0
6.377889792E0,1.217972214E1,2.327060852E0,4.667294312E0
6.387903792E0,1.224558517E1,2.320175171E0,4.136348419E0
6.397918792E0,1.217313583E1,2.404150543E0,3.838467865E0
6.407932792E0,1.182825302E1,2.414179688E0,4.092339935E0
6.417946792E0,1.172062683E1,2.425556030E0,4.683760071E0
6.427961792E0,1.220127731E1,2.596201172E0,4.645739136E0
6.437975792E0,1.256801468E1,2.651885376E0,3.994443512E0
6.447990792E0,1.243853394E1,2.353406067E0,3.529510345E0
6.458004792E0,1.185684357E1,1.823807373E0,3.063679047E0
6.468018792E0,1.095377151E1,1.309476929E0,2.755769348E0
6.478033792E0,1.002300705E1,7.445516968E-1,2.877765656E0
6.488047792E0,9.399104462E0,2.859054565E-1,3.527265015E0
6.498061792E0,9.516759796E0,1.776805115E-1,4.371509399E0
6.508076792E0,1.016715729E1,4.155358887E-1,4.101920013E0
6.518090792E0,1.090796677E1,4.101470947E-1,3.078947296E0
6.528104792E0,1.121677460E1,3.236270142E-1,1.886526947E0
6.538119792E0,1.091335556E1,2.133064270E-1,8.646020508E-1
6.548133792E0,1.004067032E1,-1.246907043E-1,7.753875732E-2
6.558147792E0,9.105864258E0,-4.279600525E-1,-9.325607300E-2
6.568162792E0,8.761729889E0,-6.140231323E-1,6.520440674E-1
6.578176792E0,9.091643829E0,-7.414082336E-1,1.569935303E0
6.588191792E0,9.401200104E0,-7.921527100E-1,1.842668152E0
6.598205792E0,9.433981934E0,-9.654922485E-1,1.825004883E0
6.608219792E0,9.175170135E0,-1.232686615E0,1.531614990E0
6.618234792E0,8.622818756E0,-1.156495056E0,6.114784241E-1
6.628248792E0,8.271499329E0,-1.201401672E0,-6.539900208E-1
6.638262792E0,8.186625824E0,-7.334747314E-1,-1.643282776E0
6.648277792E0,8.696615295E0,-1.698966980E-1,-1.717827759E0
6.658291792E0,9.493707733E0,-4.126918030E-1,-1.255139923E0
6.668305792E0,9.931547241E0,-7.758366394E-1,-5.676196289E-1
6.678320792E0,1.035396881E1,-1.092877350E0,1.890568542E-1
6.688334792E0,1.062071411E1,-1.595831451E0,6.475534058E-1
6.698349792E0,1.069555847E1,-1.964365082E0,1.128203888E0
6.708363792E0,1.048629364E1,-2.171234894E0,1.541943512E0
6.718377792E0,9.739945679E0,-2.325563965E0,1.350940704E0
6.728392792E0,8.784482574E0,-2.606230316E0,5.968089294E-1
6.738406792E0,8.208929443E0,-3.080444183E0,-4.126918030E-1
6.748420792E0,7.695796509E0,-3.284769287E0,-1.513802032E0
6.758435792E0,7.570357361E0,-3.375031586E0,-2.490670624E0
6.768449792E0,7.802374878E0,-3.091221771E0,-3.479813690E0
6.778463792E0,8.059091034E0,-2.552492065E0,-4.544549561E0
6.788478792E0,8.192463684E0,-2.065554657E0,-5.524112549E0
6.798492792E0,8.290360107E0,-1.759141846E0,-6.385122070E0
6.808506792E0,8.761580200E0,-1.368304596E0,-7.191794586E0
6.818521792E0,9.428742828E0,-1.281934204E0,-7.550897827E0
6.828535792E0,1.005519012E1,-1.208137665E0,-7.623347168E0
6.838550792E0,1.058912979E1,-9.087602234E-1,-7.568561096E0
6.848564792E0,1.094508957E1,-3.920347595E-1,-7.815397797E0
6.858578792E0,1.129431335E1,-2.978805542E-2,-8.312214661E0
6.868593792E0,1.158860138E1,2.210902405E-1,-8.739276581E0
6.878607792E0,1.185220322E1,1.830693054E-1,-9.056616669E0
6.888621792E0,1.216415451E1,-7.484436035E-4,-8.895551605E0
6.898636792E0,1.235455856E1,-1.549278259E-1,-8.499175873E0
6.908650792E0,1.234378098E1,-3.960763550E-1,-8.282276917E0
6.918664792E0,1.210757217E1,-2.186952209E-1,-8.251291351E0
6.928679792E0,1.221115677E1,2.194436646E-1,-9.007069702E0
6.938693792E0,1.255109985E1,5.523513794E-1,-9.810000000E0
6.948708792E0,1.303040314E1,9.211843872E-1,-9.967622223E0
6.958722792E0,1.334325256E1,1.184337158E0,-9.929451599E0
6.968736792E0,1.370759491E1,1.062490540E0,-9.942773895E0
6.978751792E0,1.406145905E1,9.476792908E-1,-9.728120270E0
6.988765792E0,1.409394150E1,9.656419373E-1,-9.446406097E0
6.998779792E0,1.403152130E1,8.143066406E-1,-9.228159943E0
7.008794792E0,1.379860565E1,5.857319641E-1,-8.725505219E0
7.018808792E0,1.327694046E1,2.821632385E-1,-8.342451782E0
7.028822792E0,1.283520905E1,2.026785278E-1,-8.086633759E0
7.038837792E0,1.256696686E1,2.568658447E-1,-7.679181061E0
7.048851167E0,1.232761459E1,2.210902405E-1,-7.633825378E0
7.058866167E0,1.215158066E1,2.674937439E-1,-7.914641418E0
7.068880167E0,1.210248276E1,3.710783386E-1,-8.366701355E0
7.078894167E0,1.217238739E1,4.340972900E-1,-8.798253937E0
7.088909167E0,1.237297028E1,3.918850708E-1,-8.496631165E0
7.098923167E0,1.230411346E1,5.822891235E-2,-7.696095886E0
7.108937167E0,1.186163361E1,-2.883004761E-1,-7.017556915E0
7.118952167E0,1.142828476E1,-2.915936279E-1,-6.582561493E0
7.128966167E0,1.117516113E1,-5.516029358E-1,-6.346203003E0
7.138980167E0,1.106828339E1,-6.426136780E-1,-5.929319916E0
7.148995167E0,1.118384308E1,-5.435197449E-1,-5.526806946E0
7.159009167E0,1.118414246E1,-5.649252319E-1,-5.409600677E0
7.169024167E0,1.084913910E1,-5.828878784E-1,-5.522765350E0
7.179038167E0,1.054572006E1,-6.589297485E-1,-5.425018616E0
7.189052167E0,1.052446426E1,-8.101153564E-1,-5.104984131E0
7.199067167E0,1.053763687E1,-9.325607300E-1,-4.486470337E0
7.209081167E0,1.034064651E1,-1.212478638E0,-3.955524445E0
7.219095167E0,9.790989532E0,-1.345252533E0,-3.857178955E0
7.229110167E0,9.272916870E0,-1.330133972E0,-4.129612427E0
7.239124167E0,9.017996979E0,-1.095272369E0,-4.116739197E0
7.249138167E0,8.788224792E0,-7.854167175E-1,-4.130660248E0
7.259153167E0,8.406967621E0,-7.976911926E-1,-4.190236359E0
7.269167167E0,8.050558777E0,-7.917036438E-1,-3.531306610E0
7.279182167E0,8.031248932E0,-6.749464417E-1,-2.508932648E0
7.289196167E0,8.324339447E0,-5.171745300E-1,-1.302591248E0
7.299210167E0,8.497678986E0,-4.930746460E-1,-4.303550720E-1
7.309225167E0,8.277486877E0,-6.641688538E-1,-5.439688110E-1
7.319239167E0,8.068671112E0,-4.605921936E-1,-1.205293579E0
7.329253167E0,8.086334381E0,-1.848655701E-1,-1.759141846E0
7.339268167E0,8.142617340E0,2.335144043E-2,-1.947599945E0
7.349282167E0,7.993377686E0,4.180805969E-1,-2.051334229E0
7.359296167E0,7.701933746E0,7.538323975E-1,-2.093097382E0
7.369311167E0,7.656727753E0,5.676196289E-1,-1.746867371E0
7.379325167E0,7.596702576E0,4.125421143E-1,-6.105802917E-1
7.389340167E0,7.764204254E0,3.662882996E-1,8.301736450E-1
7.399354167E0,8.313861237E0,1.444496155E-1,2.897674255E0
7.409368167E0,8.393046570E0,1.016386414E-1,5.702840881E0
7.419383167E0,8.182284851E0,4.385879517E-1,7.444918213E0
7.429397167E0,7.659721527E0,5.923182678E-1,8.608149261E0
7.439411167E0,6.538253632E0,7.981402588E-1,9.548643494E0
7.449426167E0,5.074297943E0,7.625143433E-1,9.654174042E0
7.459440167E0,3.981420593E0,4.049079895E-1,9.736502838E0
7.469454167E0,3.789819031E0,7.415579224E-1,9.475146332E0
7.479469167E0,4.666246490E0,1.594035187E0,9.243128815E0
7.489483167E0,5.899531860E0,2.336790619E0,8.894204407E0
7.499497167E0,6.794820099E0,2.702629852E0,7.941585388E0
7.509512167E0,7.729326782E0,3.256478119E0,6.906637573E0
7.519526167E0,8.934919739E0,4.031416626E0,5.659131775E0
7.529541167E0,9.797875214E0,4.808899841E0,4.338727570E0
7.539555167E0,9.852062531E0,5.121599579E0,3.195405121E0
7.549569167E0,9.753118286E0,5.073250122E0,2.718945923E0
7.559584167E0,9.184301147E0,4.656816101E0,2.662812653E0
7.569598167E0,8.590935059E0,4.133504333E0,2.658172302E0
7.579612167E0,8.744365997E0,4.078568573E0,2.166145477E0
7.589627167E0,9.402996368E0,4.392316132E0,8.773255920E-1
7.599641167E0,1.032193542E1,4.858446808E0,-1.331331482E0
7.609655167E0,1.130119904E1,5.543721771E0,-3.724854126E0
7.619670167E0,1.278042297E1,6.029162292E0,-5.896238708E0
7.629684167E0,1.456620941E1,6.631509705E0,-8.026758270E0
7.639699167E0,1.662023804E1,7.202572174E0,-9.549242249E0
7.649713167E0,1.870210876E1,7.723638611E0,-1.015413437E1
7.659727167E0,2.040571609E1,8.147557068E0,-1.013272888E1
7.669742167E0,2.103949814E1,8.009544067E0,-1.002136047E1
7.679756167E0,2.082589233E1,7.643405457E0,-1.023242157E1
7.689770167E0,2.006068359E1,7.139852600E0,-1.040725800E1
7.699785167E0,1.897184784E1,6.338868256E0,-9.909393311E0
7.709799167E0,1.781011368E1,5.770500183E0,-8.790470123E0
7.719813167E0,1.686108719E1,5.287304993E0,-7.957153015E0
7.729828167E0,1.601744156E1,4.886887665E0,-7.625742188E0
7.739842167E0,1.531450333E1,4.598886566E0,-7.746540985E0
7.749857167E0,1.503593262E1,4.416865082E0,-7.475005646E0
7.759871167E0,1.459015961E1,4.137695618E0,-6.712191925E0
7.769885167E0,1.369292542E1,3.703598328E0,-5.554499359E0
7.779900167E0,1.247430954E1,3.328777771E0,-4.633913727E0
7.789914167E0,1.141047180E1,2.999163208E0,-4.165088654E0
7.799928167E0,1.052147049E1,2.662213898E0,-3.941603394E0
7.809943167E0,1.015143997E1,2.619851990E0,-3.909420319E0
7.819957167E0,1.033825150E1,2.955753479E0,-4.055965576E0
7.829971167E0,1.049168243E1,3.168311462E0,-4.404740295E0
7.839986167E0,1.027373566E1,3.218756561E0,-4.603377228E0
7.850000167E0,1.009605515E1,3.162473602E0,-4.483925629E0
7.860014167E0,9.763446808E0,3.119363251E0,-4.482728119E0
7.870029167E0,9.297166443E0,3.071762238E0,-4.283791809E0
7.880043167E0,8.602760468E0,2.858306122E0,-3.817511444E0
7.890058167E0,7.896828461E0,2.728675690E0,-3.388952637E0
7.900072167E0,7.035968628E0,2.726729736E0,-2.885848846E0
7.910086167E0,6.074368286E0,2.612517242E0,-2.371817780E0
7.920101167E0,5.154082031E0,2.625989227E0,-2.247426453E0
7.930115167E0,4.340673523E0,2.752326508E0,-1.947001190E0
7.940129167E0,3.701352997E0,2.767145691E0,-1.451681213E0
7.950144167E0,3.256478119E0,2.799777832E0,-1.396895142E0
7.960158167E0,2.785258026E0,2.774630127E0,-1.707349548E0
7.970172167E0,2.437680817E0,2.953208771E0,-1.761985931E0
7.980187167E0,2.209106140E0,3.075354767E0,-1.522483978E0
7.990201167E0,1.993255005E0,3.313808899E0,-1.304686890E0
8.000216167E0,1.525777130E0,3.463198242E0,-1.123862915E0
8.010230167E0,8.882528687E-1,3.542982330E0,-9.845027161E-1
8.020244167E0,3.309617615E-1,3.749852142E0,-9.178912354E-1
8.030259167E0,-2.185455322E-2,4.222569122E0,-7.650590515E-1
8.040273167E0,-2.853067017E-1,4.655917969E0,-1.006207581E0
8.050287375E0,-8.921447754E-1,4.647086334E0,-1.074615326E0
8.060302375E0,-1.982477417E0,4.413272552E0,-1.227447510E0
8.070316375E0,-3.041076050E0,4.017794952E0,-1.255588989E0
8.080330375E0,-3.516936493E0,3.937561798E0,-9.358538818E-1
8.090345375E0,-3.926784210E0,4.227359161E0,-8.134085083E-1
8.100359375E0,-4.077221375E0,4.824916534E0,-2.522254944E-1
8.110373375E0,-4.058809662E0,5.092559967E0,4.002676392E-1
8.120388375E0,-4.364923096E0,4.965025177E0,6.322851562E-1
8.130402375E0,-4.519102478E0,4.919370117E0,7.319778442E-1
8.140417375E0,-4.364174652E0,4.735103302E0,1.013392639E0
8.150431375E0,-3.865860901E0,4.755161591E0,1.148112488E0
8.160445375E0,-3.660937042E0,4.834795990E0,3.703298950E-1
8.170460375E0,-3.433559875E0,4.723577271E0,-5.559439087E-1
8.180474375E0,-2.889740753E0,5.156926117E0,-1.306932220E0
8.190488375E0,-1.977537689E0,5.843847656E0,-2.300416260E0
8.200503375E0,-1.387165375E0,6.391109619E0,-2.643203430E0
8.210517375E0,-1.536854095E0,6.143674164E0,-2.476749573E0
8.220531375E0,-1.764380951E0,5.356461182E0,-2.114951935E0
8.230546375E0,-1.517544250E0,5.076842651E0,-1.908980255E0
8.240560375E0,-1.178199921E0,4.843777313E0,-1.671573944E0
8.250574375E0,-9.958790588E-1,4.306394806E0,-1.787433014E0
8.260589375E0,-8.954379272E-1,3.831881561E0,-1.990261230E0
8.270603375E0,-1.054856415E0,3.999981995E0,-1.618284760E0
8.280618375E0,-1.484463043E0,4.454586639E0,-6.786886597E-1
8.290632375E0,-1.868414612E0,4.513264618E0,4.689747620E-1
8.300646375E0,-1.642833710E0,4.365072784E0,6.150709534E-1
8.310661375E0,-4.409829712E-1,4.187092896E0,-2.095642090E-2
8.320675375E0,1.050964508E0,3.944597168E0,-9.473799133E-1
8.330689375E0,1.981728973E0,3.340603180E0,-2.000290375E0
8.340704375E0,2.425256653E0,2.758613434E0,-2.694846039E0
8.350718375E0,3.167563019E0,3.028651886E0,-3.274291077E0
8.360732375E0,3.403322754E0,3.922443237E0,-3.801045685E0
8.370747375E0,3.235222321E0,3.975732422E0,-3.716770935E0
8.380761375E0,3.446882172E0,3.823049927E0,-4.429888000E0
8.390776375E0,3.980971527E0,3.546275482E0,-5.383554840E0
8.400790375E0,4.921465759E0,3.151995392E0,-5.638325043E0
8.410804375E0,5.801635437E0,3.066972198E0,-5.566474457E0
8.420819375E0,6.486760712E0,3.178490295E0,-4.949756927E0
8.430833375E0,6.655759277E0,3.435505829E0,-4.185446320E0
8.440847375E0,6.402186584E0,3.453318787E0,-4.245770874E0
8.450862375E0,6.401737518E0,3.202141113E0,-4.711153107E0
8.460876375E0,7.294481049E0,3.288062439E0,-5.294789429E0
8.470890375E0,9.023236084E0,3.886667633E0,-6.011049957E0
8.480905375E0,1.126287872E1,4.778213654E0,-6.555916901E0
8.490919375E0,1.332798431E1,5.228477325E0,-7.003336487E0
8.500933375E0,1.449435883E1,5.215753784E0,-7.132517853E0
8.510948375E0,1.438793015E1,4.716841278E0,-6.795119476E0
8.520962375E0,1.481319580E1,4.512216797E0,-7.056625671E0
8.530977375E0,1.673594742E1,5.435796204E0,-8.088579712E0
8.540991375E0,1.897154846E1,6.650370483E0,-8.835227051E0
8.551005375E0,2.050720505E1,7.506739655E0,-9.464967499E0
8.561020375E0,2.140488831E1,7.589068451E0,-9.442364502E0
8.571034375E0,2.183509369E1,7.525600433E0,-8.818312225E0
8.581048375E0,2.133483398E1,7.214547272E0,-7.854765930E0
8.591063375E0,2.048535049E1,6.623725891E0,-6.558162231E0
8.601077375E0,1.983959335E1,5.991440735E0,-5.666167145E0
8.611091375E0,1.912482971E1,5.481151886E0,-5.422174530E0
8.621106375E0,1.864941833E1,5.293741608E0,-5.152734833E0
8.631120375E0,1.842293930E1,5.262456665E0,-4.341871033E0
8.641134375E0,1.796668808E1,5.111420746E0,-3.638483734E0
8.651149375E0,1.706032288E1,4.814737701E0,-3.278182983E0
8.661163375E0,1.546793427E1,4.682412872E0,-3.170257416E0
8.671178375E0,1.460213470E1,3.995641022E0,-3.313808899E0
8.681192375E0,1.270887177E1,2.494562531E0,-2.728825378E0
8.691206375E0,1.191342590E1,1.446142731E0,-2.177072754E0
8.701221375E0,1.356928253E1,1.709445190E0,-9.663903809E-1
8.711235375E0,1.423270294E1,1.567989349E0,2.673440552E-1
8.721249375E0,1.395009064E1,4.652325439E-1,1.621877289E0
8.731264375E0,1.316108139E1,-1.270557861E0,3.196602631E0
8.741278375E0,1.187869812E1,-2.205962677E0,4.195774841E0
8.751292375E0,9.991572418E0,-2.029479675E0,4.608616333E0
8.761307375E0,8.852441254E0,-1.425036621E0,4.708309021E0
8.771321375E0,8.704249420E0,-1.648970947E0,5.308111725E0
8.781335375E0,8.307873688E0,-1.730102234E0,5.917045441E0
8.791350375E0,6.872059479E0,-2.008523254E0,5.050796814E0
8.801364375E0,4.381688232E0,-2.988385620E0,2.481838989E0
8.811378375E0,1.769919434E0,-3.418740692E0,3.180885315E-1
8.821393375E0,-6.334826660E-1,-2.667003937E0,-6.291416931E-1
8.831407375E0,-1.895208893E0,-2.009720764E0,-5.659730530E-1
8.841422375E0,-1.819316711E0,-8.705895996E-1,-8.487350464E-2
8.851436375E0,-2.028731232E0,1.742227020E0,2.098486176E0
8.861450375E0,-9.969268799E-1,3.629352722E0,3.996688843E0
8.871465375E0,2.031275940E-1,4.437372437E0,4.371808777E0
8.881479375E0,-4.445755005E-1,4.179458771E0,2.870281219E0
8.891493375E0,-8.761280823E-1,3.661984863E0,1.261726227E0
8.901508375E0,-7.604187012E-2,3.562591553E0,1.742376709E-1
8.911522375E0,1.784738617E0,4.259242859E0,-8.812174988E-1
8.921536375E0,3.278182983E0,4.900659027E0,-1.799258423E0
8.931551375E0,3.672762451E0,5.078938293E0,-2.384990387E0
8.941565375E0,3.764821014E0,4.924010468E0,-3.017574921E0
8.951579375E0,3.676055603E0,4.315974884E0,-3.022215271E0
8.961594375E0,3.222199402E0,2.855312347E0,-2.747536469E0
8.971608375E0,2.926414490E0,2.228565674E0,-2.983745270E0
8.981623375E0,3.255879364E0,2.295476532E0,-3.373385010E0
8.991637375E0,4.158652039E0,2.493065643E0,-3.570674744E0
9.001651375E0,5.574258270E0,2.616858215E0,-3.442840576E0
9.011666375E0,6.729555817E0,2.870281219E0,-3.433260498E0
9.021680375E0,5.793103180E0,2.398312683E0,-3.724704437E0
9.031694375E0,5.617069244E0,7.932005310E-1,-3.650458832E0
9.041709375E0,6.085295563E0,-7.424560547E-1,-3.154540100E0
9.051723125E0,7.419620819E0,-9.268725586E-1,-2.901865540E0
9.061737125E0,8.827293549E0,-1.561253357E0,-2.863096161E0
9.071752125E0,9.259444885E0,-1.858684845E0,-2.638563080E0
9.081766125E0,9.718091125E0,-1.868264923E0,-3.007845154E0
9.091780125E0,1.065379532E1,-2.401605835E0,-4.176914062E0
9.101795125E0,1.131197662E1,-3.768712921E0,-5.003495178E0
9.111809125E0,1.176313843E1,-4.828509064E0,-5.598058777E0
9.121824125E0,1.270782394E1,-5.232069855E0,-6.813830566E0
9.131838125E0,1.446591797E1,-5.417833557E0,-8.025261383E0
9.141852125E0,1.607716736E1,-5.258265381E0,-8.832832031E0
9.151867125E0,1.594633942E1,-5.091212769E0,-9.043444061E0
9.161881125E0,1.500464767E1,-5.573509827E0,-9.224866791E0
9.171895125E0,1.413151337E1,-6.132896576E0,-1.004306534E1
9.181910125E0,1.429003372E1,-6.824757843E0,-1.115839600E1
9.191924125E0,1.472023911E1,-6.896309052E0,-1.258852203E1
9.201938125E0,1.526420792E1,-6.644832001E0,-1.434511917E1
9.211953125E0,1.615111359E1,-7.235653381E0,-1.454016357E1
9.221967125E0,1.717049377E1,-7.683522034E0,-1.450887863E1
9.231981125E0,1.784334457E1,-7.412884827E0,-1.331930237E1
9.241996125E0,1.802776108E1,-8.280181274E0,-1.164772842E1
9.252010125E0,1.786909103E1,-9.972861328E0,-1.140313705E1
9.262024125E0,1.824480972E1,-1.009006760E1,-1.310599594E1
9.272039125E0,1.891451706E1,-9.367669830E0,-1.477442642E1
9.282053125E0,1.979393829E1,-8.738378448E0,-1.611399078E1
9.292068125E0,1.978301102E1,-7.829917603E0,-1.742765900E1
9.302082125E0,1.872306519E1,-7.045548706E0,-1.863429977E1
9.312096125E0,1.720567062E1,-6.829697571E0,-1.984902374E1
9.322111125E0,1.556762695E1,-6.882388000E0,-2.004676254E1
9.332125125E0,1.411130539E1,-6.958429871E0,-1.961985031E1
9.342139125E0,1.285751266E1,-7.268135834E0,-1.924547882E1
9.352154125E0,1.186058578E1,-7.114555206E0,-1.859089005E1
9.362168125E0,1.145253433E1,-6.865173798E0,-1.814062637E1
9.372182125E0,1.161764099E1,-6.725364532E0,-1.750534744E1
9.382197125E0,1.187480621E1,-6.583010559E0,-1.611129639E1
9.392211125E0,1.169173691E1,-6.750661926E0,-1.445184723E1
9.402225125E0,1.125554398E1,-7.176825714E0,-1.316182983E1
9.412240125E0,1.085617447E1,-7.494764557E0,-1.175625275E1
9.422254125E0,1.044542862E1,-7.629334717E0,-1.158336227E1
9.432268125E0,1.045141617E1,-7.187603302E0,-1.244362335E1
9.442283125E0,1.090871521E1,-6.496490479E0,-1.280302597E1
9.452297125E0,1.117620895E1,-6.158942413E0,-1.293520111E1
9.462312125E0,1.079345490E1,-6.398444366E0,-1.325882812E1
9.472326125E0,9.899513855E0,-7.016808472E0,-1.321362213E1
9.482340125E0,9.173822937E0,-7.412585449E0,-1.268567001E1
9.492355125E0,9.149124298E0,-7.660769348E0,-1.186597458E1
9.502369125E0,9.231303406E0,-7.853568420E0,-1.109328140E1
9.512383125E0,9.238937531E0,-8.293653259E0,-9.738748169E0
9.522398125E0,9.308542786E0,-8.251890106E0,-7.612569580E0
9.532412125E0,9.713001709E0,-8.027506714E0,-5.302423553E0
9.542426125E0,9.324409790E0,-8.089178467E0,-3.056793365E0
9.552441125E0,8.074958038E0,-8.260272675E0,-1.826352081E0
9.562455125E0,6.628815308E0,-8.143964539E0,-1.750609589E0
9.572469125E0,5.708529053E0,-7.638316040E0,-2.488724670E0
9.582484125E0,5.206173706E0,-6.984326019E0,-3.376977539E0
9.592498125E0,5.004992065E0,-6.114185486E0,-3.922892303E0
9.602512125E0,5.078040161E0,-5.247637482E0,-4.081113281E0
9.612527125E0,4.954097900E0,-4.626429291E0,-3.569327545E0
9.622541125E0,3.964056702E0,-4.446503448E0,-2.718646545E0
9.632555125E0,2.687810669E0,-4.331692200E0,-2.018103333E0
9.642570125E0,1.694626007E0,-3.914958801E0,-1.777703247E0
9.652584125E0,5.545967102E-1,-3.428769836E0,-2.302811279E0
9.662598125E0,-5.632786560E-1,-2.980452118E0,-2.911146240E0
9.672613125E0,-1.156644745E0,-2.459984436E0,-2.602188721E0
9.682627125E0,-1.820514221E0,-2.046244812E0,-1.592238922E0
9.692642125E0,-2.157014465E0,-1.528770905E0,3.115022278E-1
9.702656125E0,-2.237097931E0,-8.473878479E-1,2.332150269E0
9.712670125E0,-2.879112854E0,-2.157014465E-1,3.885470123E0
9.722685125E0,-3.971391449E0,2.650987244E-1,5.177134094E0
9.732699125E0,-5.251828766E0,7.274871826E-1,5.445675659E0
9.742713125E0,-6.369704132E0,9.030720520E-1,5.153333588E0
9.752728125E0,-6.910080414E0,1.350192261E0,4.871918793E0
9.762742125E0,-6.852001190E0,2.428400116E0,4.071084137E0
9.772756125E0,-6.341562653E0,3.405418396E0,3.146606598E0
9.782771125E0,-5.977070618E0,3.898343353E0,2.459984436E0
9.792785125E0,-5.717210999E0,4.376149750E0,1.557660828E0
9.802799125E0,-5.513035583E0,4.903802490E0,4.767585754E-1
9.812814125E0,-5.185516663E0,5.118156738E0,-1.136137390E-1
9.822828125E0,-4.795427856E0,5.223537598E0,-2.992277527E-1
9.832842125E0,-4.352648621E0,5.185516663E0,-4.457730103E-1
9.842857125E0,-4.020189972E0,5.214256897E0,-6.930587769E-1
9.852871125E0,-4.165088654E0,5.029391327E0,-5.318440247E-1
9.862885125E0,-4.529281311E0,4.445904694E0,3.134481812E-1
9.872900125E0,-4.721182251E0,4.145180054E0,1.223705292E0
9.882914125E0,-4.660708008E0,4.226910095E0,1.510508881E0
9.892929125E0,-4.241280212E0,4.245471497E0,1.262025604E0
9.902943125E0,-3.869902496E0,4.207600250E0,9.553134155E-1
9.912957125E0,-3.518283691E0,3.898942108E0,4.842430115E-1
9.922972125E0,-2.973865814E0,3.824097748E0,-1.457968140E-1
9.932986125E0,-2.558778992E0,3.864214325E0,-6.744973755E-1
9.943000125E0,-2.599344635E0,3.500620422E0,-1.721719666E0
9.953015125E0,-2.906954956E0,3.118465118E0,-2.719544678E0
9.963029125E0,-2.948867798E0,3.025508423E0,-3.419189758E0
9.973043125E0,-2.688559113E0,2.708318024E0,-3.980372772E0
9.983058125E0,-2.294129333E0,2.272125092E0,-4.365072784E0
9.993072125E0,-1.404080200E0,2.038610687E0,-4.545896759E0
1.000308612E1,-6.650669861E-1,1.836081848E0,-4.455035706E0
1.001310112E1,-3.382965088E-1,1.426084442E0,-3.649111633E0
1.002311512E1,-5.941145325E-1,6.141728210E-1,-2.831362152E0
1.003312913E1,-1.035845947E-1,2.975811768E-1,-3.162922668E0
1.004314413E1,9.147477722E-1,5.123844910E-1,-3.744163971E0
1.005315867E1,2.055076447E0,7.032376099E-1,-4.173321533E0
1.006317267E1,3.132984924E0,5.822891235E-1,-4.349056091E0
1.007318767E1,3.132984924E0,1.067280579E-1,-3.828139343E0
1.008320167E1,2.192939758E0,-1.119821320E0,-1.688488770E0
1.009321567E1,1.199006653E0,-2.254461823E0,-6.735992432E-2
1.010323067E1,1.303489380E0,-2.131866760E0,-4.701722717E-1
1.011324467E1,2.380799103E0,-1.659000092E0,-1.701362000E0
1.012325967E1,2.898422699E0,-1.390757904E0,-4.671186218E0
1.013327367E1,2.095342712E0,-1.830393677E0,-8.200846252E0
1.014328767E1,9.385482788E-2,-3.024460602E0,-9.580527191E0
1.015330267E1,-4.490661621E-2,-4.065994720E0,-9.821076965E0
1.016331667E1,2.297422485E0,-3.763473816E0,-9.762249298E0
1.017333067E1,6.035598907E0,-2.017803955E0,-1.018182678E1
1.018334567E1,1.060305084E1,3.948788452E-1,-1.334819229E1
1.019335967E1,1.407597885E1,2.405946808E0,-1.867890701E1
1.020337367E1,1.512350052E1,2.257006531E0,-2.366189484E1
1.021338867E1,1.431817520E1,1.097218323E0,-2.644281189E1
1.022340267E1,1.440828781E1,-5.581892395E-1,-2.745635422E1
1.023341667E1,1.451711151E1,-2.002835083E-1,-2.555066711E1
1.024343167E1,1.622341324E1,-1.483415222E-1,-2.269026535E1
1.025344567E1,1.672367294E1,4.137396240E-1,-2.087049957E1
1.026345967E1,1.592747864E1,5.710624695E-1,-2.064761307E1
1.027347467E1,1.453597229E1,4.212240601E-1,-2.111733627E1
1.028348867E1,1.289478516E1,-1.764830017E-1,-2.123154877E1
1.029350267E1,1.100900665E1,-7.153623962E-1,-2.148916306E1
1.030351767E1,8.967252502E0,-1.409618683E0,-2.178524734E1
1.031353167E1,7.224127350E0,-1.784738617E0,-2.175830338E1
1.032354567E1,5.874234467E0,-1.745819550E0,-2.204121506E1
1.033356067E1,4.567751312E0,-1.767823792E0,-2.260524216E1
1.034357467E1,3.105142822E0,-2.172881470E0,-2.257066406E1
1.035358867E1,1.493594055E0,-2.834056549E0,-2.150727539E1
1.036360367E1,6.468049622E-1,-3.356619873E0,-1.949081863E1
1.037361767E1,5.664221191E-1,-3.840563507E0,-1.718187012E1
1.038363167E1,4.052073669E-1,-3.830534363E0,-1.536225403E1
1.039364667E1,2.664459229E-2,-3.848946075E0,-1.415606232E1
1.040366067E1,-5.783972168E-1,-4.157903595E0,-1.348800156E1
1.041367467E1,-1.002315674E0,-4.161196747E0,-1.281979111E1
1.042368967E1,-9.693841553E-1,-4.073778534E0,-1.228570175E1
1.043370367E1,-1.132544861E0,-3.955823822E0,-1.243524078E1
1.044371867E1,-9.406439209E-1,-3.857927399E0,-1.306049057E1
1.045373267E1,-4.354444885E-1,-3.641926575E0,-1.342902420E1
1.046374667E1,-2.439926147E-1,-3.534150696E0,-1.348081650E1
1.047376167E1,-3.692820740E-1,-3.244503021E0,-1.341240875E1
1.048377567E1,-5.578898621E-1,-3.160827026E0,-1.374292145E1
1.049378967E1,-5.700146484E-1,-3.093317413E0,-1.391805725E1
1.050380467E1,-3.546125793E-1,-3.105891266E0,-1.335567673E1
1.051381867E1,4.691244507E-1,-3.145558777E0,-1.209604614E1
1.052383267E1,1.455423431E0,-3.032394104E0,-1.004770569E1
1.053384767E1,2.599344635E0,-3.067121887E0,-8.274343414E0
1.054386167E1,3.247496796E0,-2.829715576E0,-6.989864502E0
1.055387567E1,3.243305511E0,-2.476899261E0,-6.822662201E0
1.056389067E1,3.187621307E0,-2.517614594E0,-7.750432892E0
1.057390467E1,3.291654968E0,-2.075583801E0,-8.417296143E0
1.058391867E1,4.063749390E0,-1.271755371E0,-8.947643280E0
1.059393367E1,4.853656769E0,-7.226971436E-1,-9.696386261E0
1.060394767E1,4.912334747E0,-3.767665100E-1,-1.027987289E1
1.061396167E1,4.524491272E0,-3.579057312E-1,-1.044168640E1
1.062397667E1,3.919299774E0,-6.801855469E-1,-1.000354752E1
1.063399067E1,3.324885864E0,-8.297245789E-1,-8.964558105E0
1.064400467E1,3.503165131E0,-6.285429382E-1,-7.437284088E0
1.065401967E1,4.273313599E0,-2.183958435E-1,-5.859415283E0
1.066403367E1,5.428461456E0,1.549278259E-1,-4.802163849E0
1.067404767E1,6.134992218E0,3.552113342E-1,-4.132007446E0
1.068406267E1,6.385271759E0,5.960604858E-1,-3.843856659E0
1.069407667E1,6.542893982E0,5.138813782E-1,-3.768263855E0
1.070409067E1,6.313870239E0,7.057823181E-1,-3.139421539E0
1.071410567E1,6.343059540E0,1.036893768E0,-3.165467377E0
1.072411967E1,6.676266632E0,1.702858887E0,-3.751199341E0
1.073413367E1,6.961273956E0,2.667003937E0,-4.228556671E0
1.074414867E1,7.254214783E0,3.175795898E0,-4.489314423E0
1.075416267E1,7.232958984E0,2.731220398E0,-4.298910370E0
1.076417667E1,7.474107513E0,2.752027130E0,-4.039649506E0
1.077419167E1,8.358169098E0,3.510050812E0,-2.665656738E0
1.078420567E1,8.921597443E0,3.684438171E0,-1.353784790E0
1.079421967E1,8.786129150E0,3.547772369E0,-8.500822449E-1
1.080423467E1,8.187374268E0,3.531755676E0,5.983058167E-1
1.081424867E1,8.267607422E0,3.786376190E0,1.554966431E0
1.082426267E1,8.303233337E0,3.830983429E0,2.196532288E0
1.083427767E1,8.475974121E0,4.261188812E0,2.078876953E0
1.084429167E1,9.024583282E0,4.598287811E0,1.500479736E0
1.085430567E1,9.376501465E0,4.879403229E0,1.174457703E0
1.086432067E1,9.320068817E0,5.069507904E0,1.758543091E0
1.087433467E1,9.353150024E0,5.048102417E0,2.234403534E0
1.088434867E1,9.406888275E0,4.975802765E0,2.531086578E0
1.089436367E1,9.034163361E0,5.088218994E0,2.574496307E0
1.090437767E1,8.624165955E0,5.187612305E0,2.367925873E0
1.091439167E1,7.378755798E0,4.869972839E0,2.032323761E0
1.092440667E1,6.114035797E0,4.634662170E0,9.207353210E-1
1.093442067E1,5.606890411E0,4.989274750E0,-1.398092651E-1
1.094443567E1,5.686973877E0,5.447771301E0,-8.195457458E-1
1.095444967E1,6.048322449E0,5.354515228E0,-1.096619568E0
1.096446367E1,5.916596375E0,4.742737427E0,-1.132694550E0
1.097447867E1,5.377866669E0,3.918251953E0,-1.235830078E0
1.098449267E1,4.896168365E0,3.509601746E0,-1.502126312E0
1.099450667E1,4.771777039E0,3.258873138E0,-1.407223663E0
1.100452167E1,6.024222565E0,3.651057587E0,-1.525627441E0
1.101453567E1,8.243058472E0,4.274361420E0,-1.520687714E0
1.102454967E1,9.464069366E0,4.394411774E0,-1.719624023E0
1.103456467E1,1.012554382E1,3.963158569E0,-2.061662750E0
1.104457867E1,1.154444321E1,3.823349304E0,-2.453248444E0
1.105459275E1,1.309626617E1,4.142186279E0,-2.109413452E0
1.106460775E1,1.424901901E1,4.280498657E0,-1.656156006E0
1.107462175E1,1.473865082E1,4.134252777E0,-1.321452026E0
1.108463575E1,1.562675400E1,4.280049591E0,-1.666185150E0
1.109465075E1,1.625859009E1,4.327351227E0,-2.699636078E0
1.110466475E1,1.593421463E1,4.380041656E0,-3.072660370E0
1.111467875E1,1.603031479E1,4.193679199E0,-3.076851654E0
1.112469375E1,1.594005249E1,3.472179565E0,-3.434907074E0
1.113470775E1,1.565773956E1,2.887046356E0,-3.741020508E0
1.114472175E1,1.531330582E1,2.590063934E0,-3.266806641E0
1.115473675E1,1.394559998E1,2.131866760E0,-2.252216492E0
1.116475075E1,1.267010239E1,1.060095520E0,-1.957329712E0
1.117476475E1,1.200997513E1,2.947370911E-1,-2.682721252E0
1.118477975E1,1.155477173E1,1.237925720E-1,-4.022884369E0
1.119479375E1,1.119671631E1,-2.559677124E-1,-5.105283508E0
1.120480775E1,1.105765549E1,-7.774832153E-1,-5.070256348E0
1.121482275E1,1.065229843E1,-9.139993286E-1,-3.384761353E0
1.122483675E1,9.852212219E0,-1.748364258E0,-2.154320068E0
1.123485075E1,9.258397064E0,-2.809507599E0,-3.517086182E0
1.124486575E1,8.915310516E0,-3.053649902E0,-6.241570587E0
1.125487975E1,7.896828461E0,-2.592159576E0,-8.931177521E0
1.126489375E1,5.423521729E0,-2.041604462E0,-1.266576141E1
1.127490875E1,2.087409210E0,-1.809137878E0,-1.731120117E1
1.128492275E1,-7.197033691E-1,-2.044598236E0,-2.113859207E1
1.129493675E1,-2.291734314E0,-2.043849792E0,-2.310370560E1
1.130495175E1,-2.105820923E0,-1.773212585E0,-2.420526489E1
1.131496575E1,-7.644602966E-1,-1.270857239E0,-2.435734863E1
1.132497975E1,2.582130432E-1,-8.943901062E-1,-2.431678299E1
1.133499475E1,1.571731567E-1,-9.780661011E-1,-2.475117966E1
1.134500875E1,-4.200265503E-1,-1.013242950E0,-2.439297455E1
1.135502275E1,-7.476951599E-1,-1.355730743E0,-2.390019928E1
1.136503775E1,-1.445394287E0,-1.881437531E0,-2.298260742E1
1.137505175E1,-1.637295227E0,-2.159110107E0,-2.163690582E1
1.138506575E1,-1.134191437E0,-1.873354340E0,-1.984722748E1
1.139508075E1,-6.167175293E-1,-1.665586395E0,-1.795067139E1
1.140509475E1,-2.420466614E-1,-1.709894257E0,-1.577509552E1
1.141510875E1,3.745211792E-1,-1.592538300E0,-1.330867447E1
1.142512375E1,7.412585449E-1,-1.652413788E0,-1.141945312E1
1.143513775E1,9.153465271E-1,-1.810185699E0,-9.750274200E0
1.144515175E1,4.809498596E-1,-2.165846100E0,-8.384813690E0
1.145516675E1,-2.073188782E-1,-2.490221558E0,-7.321874084E0
1.146518075E1,-1.483415222E-1,-2.461930389E0,-6.108647003E0
1.147519475E1,7.143145752E-1,-2.032772827E0,-4.936284943E0
1.148520975E1,1.519789581E0,-1.650767212E0,-4.123624878E0
1.149522375E1,1.468296661E0,-1.437011719E0,-3.324736176E0
1.150523775E1,4.785548401E-1,-1.463207245E0,-2.781964874E0
1.151525275E1,-9.538165283E-1,-2.070344696E0,-3.006348267E0
1.152526675E1,-1.906136169E0,-2.616109772E0,-3.572171631E0
1.153528075E1,-1.623972931E0,-2.885399780E0,-3.297642517E0
1.154529575E1,-1.721420288E-1,-2.524949341E0,-2.750679932E0
1.155530975E1,1.475631409E0,-1.876797180E0,-2.323618011E0
1.156532375E1,2.614463196E0,-1.583706665E0,-1.995200958E0
1.157533875E1,2.878364410E0,-1.516646118E0,-1.662891998E0
1.158535275E1,2.461481323E0,-1.441352692E0,-1.251846771E0
1.159536675E1,1.712888031E0,-1.786983948E0,-1.419348450E0
1.160538175E1,1.178050232E0,-1.982477417E0,-1.795665894E0
1.161539575E1,1.124611359E0,-2.264191589E0,-2.034269714E0
1.162540975E1,1.048120422E0,-2.486329651E0,-2.665357361E0
1.163542475E1,1.077160034E0,-2.668949890E0,-3.193758545E0
1.164543875E1,1.696422272E0,-2.671644287E0,-3.154540100E0
1.165545275E1,2.366428986E0,-2.240989838E0,-2.673141174E0
1.166546775E1,2.925067291E0,-1.965412903E0,-2.926264801E0
1.167548175E1,3.248694305E0,-2.448458405E0,-3.316503296E0
1.168549575E1,3.247197418E0,-3.229683838E0,-3.617826691E0
1.169551075E1,3.715423737E0,-4.123026123E0,-3.741918640E0
1.170552475E1,4.597988434E0,-4.700974274E0,-3.863316193E0
1.171553875E1,5.872288513E0,-4.706961823E0,-4.247716827E0
1.172555275E1,6.581663361E0,-4.202361145E0,-4.724176025E0
1.173556775E1,6.953789520E0,-3.825894012E0,-5.137017517E0
1.174558175E1,7.491621094E0,-4.348157959E0,-4.767286377E0
1.175559575E1,7.490872650E0,-4.883744202E0,-4.728367310E0
1.176561075E1,7.636519775E0,-5.512586517E0,-4.821922760E0
1.177562475E1,8.171806641E0,-5.991889801E0,-5.107079773E0
1.178563875E1,8.806486816E0,-6.332132263E0,-5.856122131E0
1.179565375E1,9.226213989E0,-6.339616699E0,-6.724765778E0
1.180566775E1,9.235494690E0,-5.674100647E0,-6.894512787E0
1.181568175E1,9.149573364E0,-5.368585968E0,-5.953569489E0
1.182569675E1,9.455537109E0,-5.976771240E0,-4.861889648E0
1.183571075E1,9.464518433E0,-6.677763519E0,-4.080664215E0
1.184572475E1,9.340276794E0,-7.348967743E0,-3.933819580E0
1.185573975E1,9.527836761E0,-7.580087128E0,-4.270619202E0
1.186575375E1,1.012344818E1,-7.560777283E0,-4.926555176E0
1.187576775E1,1.094449081E1,-7.155569916E0,-5.465733948E0
1.188578275E1,1.162228134E1,-6.608906708E0,-5.788911896E0
1.189579675E1,1.208886108E1,-6.513105927E0,-5.292244720E0
1.190581075E1,1.253328690E1,-6.286028137E0,-5.198689270E0
1.191582575E1,1.313967590E1,-6.450536041E0,-5.168003082E0
1.192583975E1,1.383947067E1,-6.601272583E0,-5.606441345E0
1.193585375E1,1.520118896E1,-6.539900208E0,-6.332581329E0
1.194586875E1,1.703682175E1,-6.145021362E0,-7.693401489E0
1.195588275E1,1.869237900E1,-5.500312042E0,-8.681945801E0
1.196589675E1,1.991548553E1,-4.533472595E0,-8.782536621E0
1.197591175E1,2.029764084E1,-3.835474091E0,-8.630752258E0
1.198592575E1,2.007026367E1,-3.921096039E0,-8.610993347E0
1.199593975E1,2.004511597E1,-3.896397400E0,-9.066047058E0
1.200595475E1,1.993180161E1,-3.666325836E0,-1.049961594E1
1.201596875E1,1.983480331E1,-3.431164856E0,-1.166209854E1
1.202598275E1,2.029479675E1,-3.187321930E0,-1.115615067E1
1.203599775E1,2.039239380E1,-3.178939362E0,-1.004501129E1
1.204601175E1,1.968810837E1,-3.833827515E0,-9.282496948E0
1.205602600E1,1.893128220E1,-4.323908386E0,-9.246272278E0
1.206604100E1,1.876737305E1,-4.275708618E0,-9.008716278E0
1.207605500E1,1.893068344E1,-4.233945465E0,-8.959169312E0
1.208606900E1,1.907528275E1,-4.202660522E0,-9.497300262E0
1.209608400E1,1.947105972E1,-3.965254211E0,-9.976004791E0
1.210609800E1,1.934696777E1,-4.007915497E0,-1.062086380E1
1.211611200E1,1.844913483E1,-4.592150574E0,-1.100900665E1
1.212612700E1,1.708352463E1,-5.508694611E0,-1.070513855E1
1.213614100E1,1.620440277E1,-6.134094086E0,-1.046204407E1
1.214615500E1,1.591999420E1,-6.242768097E0,-1.034453842E1
1.215616900E1,1.581491272E1,-6.396348724E0,-9.626182251E0
1.216618400E1,1.577764023E1,-6.775659943E0,-8.656798096E0
1.217619800E1,1.549173477E1,-6.961723022E0,-7.972570953E0
1.218621200E1,1.493234802E1,-7.212900696E0,-7.381300507E0
1.219622700E1,1.388003632E1,-7.470365295E0,-7.660919037E0
1.220624100E1,1.308339294E1,-7.398514709E0,-8.898246002E0
1.221625500E1,1.244676682E1,-7.645650787E0,-9.561816101E0
1.222627000E1,1.223615479E1,-7.758067017E0,-9.247170410E0
1.223628400E1,1.197300201E1,-8.020321655E0,-8.934919739E0
1.224629800E1,1.168619843E1,-8.225245514E0,-9.388925629E0
1.225631300E1,1.147573608E1,-8.010292511E0,-1.011416748E1
1.226632700E1,1.095017899E1,-7.923323364E0,-1.061322968E1
1.227634100E1,1.012719040E1,-8.113278351E0,-1.016625916E1
1.228635600E1,9.233399048E0,-8.259224854E0,-9.352551270E0
1.229637000E1,8.067473602E0,-8.371192017E0,-8.683592377E0
1.230638400E1,6.930887146E0,-8.362210693E0,-7.889194336E0
1.231639900E1,5.879772949E0,-8.383316803E0,-6.783144379E0
1.232641300E1,4.949756927E0,-8.330476685E0,-5.969436493E0
1.233642700E1,4.091142426E0,-7.968529358E0,-5.832770691E0
1.234644200E1,3.136577454E0,-7.660170593E0,-5.731581116E0
1.235645600E1,1.999990997E0,-7.482939148E0,-4.925058289E0
1.236647000E1,8.779243469E-1,-7.013665009E0,-3.592529297E0
1.237648500E1,-4.701722717E-1,-6.358178101E0,-2.783761139E0
1.238649900E1,-2.050885162E0,-5.890849915E0,-2.711012421E0
1.239651300E1,-3.657045135E0,-5.815855865E0,-1.964664459E0
1.240652800E1,-5.118156738E0,-5.834716644E0,-8.400531006E-1
1.241654200E1,-6.165079651E0,-5.650599518E0,1.437011719E-2
1.242655600E1,-6.949149170E0,-5.422024841E0,1.254241791E0
1.243657000E1,-7.123237152E0,-4.767735443E0,2.429597626E0
1.244658500E1,-6.386020203E0,-4.362977142E0,3.172502747E0
1.245659900E1,-5.287005615E0,-4.095633087E0,3.137325897E0
1.246661300E1,-3.816014557E0,-3.466790771E0,2.723885651E0
1.247662800E1,-2.452350311E0,-2.959645386E0,2.177222443E0
1.248664200E1,-9.499246216E-1,-2.443069611E0,1.762135620E0
1.249665600E1,1.448986816E-1,-1.833836517E0,1.280287628E0
1.250667100E1,3.567082214E-1,-1.087638245E0,5.272036743E-1
1.251668500E1,2.224374390E-1,-7.291337585E-1,1.010398865E-1
1.252669900E1,1.287322998E-1,-8.220904541E-1,1.032852173E-2
1.253671400E1,3.577560425E-1,-9.313632202E-1,1.372645569E-1
1.254672800E1,1.066681824E0,-1.013542328E0,5.090913391E-1
1.255674200E1,2.729873199E0,-9.074130249E-1,1.304088135E0
1.256675700E1,5.168003082E0,-1.047821045E-1,1.579216003E0
1.257677100E1,7.280110931E0,6.497987366E-1,1.470991058E0
1.258678500E1,8.119565277E0,7.210505676E-1,1.234183502E0
1.259680000E1,8.230933685E0,9.355545044E-2,1.369502106E0
1.260681400E1,8.776100006E0,-2.728825378E-1,2.335742798E0
1.261682800E1,9.593699799E0,-3.667373657E-1,3.196452942E0
1.262684300E1,1.001118164E1,-6.143225098E-1,3.242557068E0
1.263685700E1,1.008482849E1,-8.427474976E-1,3.231779480E0
1.264687100E1,1.005459137E1,-6.710545349E-1,3.043471069E0
1.265688600E1,9.818831635E0,-6.222560120E-1,2.357447662E0
1.266690000E1,9.685608673E0,-3.103047180E-1,1.685345306E0
1.267691400E1,9.525890808E0,-3.341052246E-1,1.548529816E0
1.268692800E1,8.989256744E0,-1.034947815E0,1.700912933E0
1.269694300E1,8.292306061E0,-2.186652832E0,1.650767212E0
1.270695700E1,7.332352295E0,-3.399281158E0,4.538562012E-1
1.271697100E1,7.153174896E0,-4.416565704E0,-7.846682739E-1
1.272698600E1,7.923772430E0,-4.730912018E0,-4.879852295E-1
1.273700000E1,8.355175323E0,-4.589605865E0,1.811233521E-2
1.274701400E1,8.621022491E0,-4.750221863E0,-6.735992432E-3
1.275702900E1,8.355175323E0,-4.920118561E0,-8.622070313E-1
1.276704300E1,8.270301819E0,-5.308560791E0,-1.272054749E0
1.277705700E1,8.445437622E0,-5.750292206E0,-1.082099762E0
1.278707200E1,8.644523621E0,-6.372997284E0,-1.046623535E0
1.279708600E1,9.150471497E0,-6.932982788E0,-1.170565796E0
1.280710000E1,9.332043915E0,-7.422614594E0,-1.725910950E0
1.281711500E1,8.878936157E0,-7.518115997E0,-4.127816162E0
1.282712900E1,9.013057251E0,-7.619006195E0,-6.605164490E0
1.283714300E1,9.565109253E0,-7.728578339E0,-7.580685883E0
1.284715700E1,9.889784088E0,-7.444020081E0,-8.031248932E0
1.285717200E1,9.803413696E0,-7.572902069E0,-8.108338623E0
1.286718600E1,9.044192505E0,-8.184380493E0,-8.004604340E0
1.287720000E1,7.877368927E0,-8.911418610E0,-7.539521484E0
1.288721500E1,7.208260345E0,-9.373807068E0,-6.304888916E0
1.289722900E1,7.117548981E0,-9.543554077E0,-4.491410065E0
1.290724300E1,7.332202606E0,-9.964478760E0,-5.380112000E0
1.291725800E1,7.986941071E0,-1.012329849E1,-7.811356201E0
1.292727200E1,9.276060333E0,-9.669292603E0,-9.507928162E0
1.293728600E1,1.013287857E1,-9.144783325E0,-1.036684204E1
1.294730100E1,9.975256348E0,-9.098080444E0,-1.057850189E1
1.295731500E1,9.490863647E0,-9.342222748E0,-1.076800781E1
1.296732900E1,9.347461853E0,-9.399553528E0,-1.087997498E1
1.297734400E1,9.414073334E0,-8.945547638E0,-1.044632675E1
1.298735800E1,9.589957581E0,-8.282127228E0,-8.890611877E0
1.299737200E1,9.415869598E0,-8.488547974E0,-8.384963379E0
1.300738600E1,9.345964966E0,-8.767118683E0,-9.139244843E0
1.301740100E1,9.551487579E0,-8.747060394E0,-9.799521790E0
1.302741500E1,9.100924530E0,-8.774603119E0,-1.121123611E1
1.303742900E1,8.853938141E0,-8.546327820E0,-1.223331070E1
1.304744400E1,9.439071350E0,-7.656877441E0,-1.302261932E1
1.305745838E1,1.038300842E1,-6.633904724E0,-1.424482773E1
1.306747237E1,1.075887680E1,-6.181246033E0,-1.514385818E1
1.307748737E1,1.081665665E1,-6.207591248E0,-1.550835022E1
1.308750137E1,1.099987564E1,-6.399342499E0,-1.554412582E1
1.309751538E1,1.110884903E1,-6.746171265E0,-1.587209381E1
1.310753038E1,1.117291580E1,-6.991810455E0,-1.637235352E1
1.311754437E1,1.136945709E1,-6.975045319E0,-1.678878754E1
1.312755837E1,1.176583282E1,-6.767876129E0,-1.720357498E1
1.313757337E1,1.234423004E1,-6.550228729E0,-1.724937973E1
1.314758738E1,1.267968246E1,-6.441405029E0,-1.716854782E1
1.315760138E1,1.265109192E1,-6.641239471E0,-1.686842194E1
1.316761537E1,1.240215958E1,-6.998396759E0,-1.631636993E1
1.317763037E1,1.227716949E1,-7.313341827E0,-1.580593140E1
1.318764437E1,1.217942276E1,-7.579787750E0,-1.577225143E1
1.319765838E1,1.203632034E1,-7.843389587E0,-1.632879410E1
1.320767338E1,1.234527786E1,-8.129145355E0,-1.651021683E1
1.321768737E1,1.256472153E1,-8.453670502E0,-1.610740448E1
1.322770137E1,1.210203369E1,-9.061257019E0,-1.514011597E1
1.323771637E1,1.149115402E1,-9.668544159E0,-1.397463959E1
1.324773038E1,1.119776413E1,-1.008797195E1,-1.278386581E1
1.325774437E1,1.101424576E1,-1.045665527E1,-1.167452271E1
1.326775937E1,1.065184937E1,-1.066711761E1,-1.060170364E1
1.327777337E1,1.046788193E1,-1.068657715E1,-9.476343842E0
1.328778738E1,1.036639297E1,-1.070708450E1,-8.253536682E0
1.329780137E1,1.016610947E1,-1.042462189E1,-7.308402100E0
1.330781637E1,9.806407471E0,-1.009036697E1,-7.142996063E0
1.331783037E1,9.148226166E0,-1.013961456E1,-6.755751343E0
1.332784438E1,8.681347046E0,-1.013796799E1,-5.999374237E0
1.333785938E1,8.096812592E0,-1.003617966E1,-6.238576813E0
1.334787337E1,7.426057434E0,-9.834698639E0,-6.145320740E0
1.335788737E1,7.135361938E0,-9.600585480E0,-5.301076355E0
1.336790237E1,6.972201233E0,-9.135802002E0,-4.691244507E0
1.337791638E1,6.500981140E0,-8.499175873E0,-3.841162262E0
1.338793037E1,5.510341187E0,-8.163424072E0,-2.760709076E0
1.339794537E1,4.103117523E0,-8.229137421E0,-1.689686279E0
1.340795937E1,2.757415924E0,-8.325536957E0,-7.936495972E-1
1.341797338E1,2.169288940E0,-8.243507538E0,1.047821045E-1
1.342798738E1,2.458188171E0,-7.877368927E0,1.330433350E0
1.343800237E1,3.049308929E0,-7.464826813E0,1.388961639E0
1.344801637E1,3.245550842E0,-6.575226746E0,8.846603394E-1
1.345803037E1,3.130290527E0,-5.548511810E0,1.912423096E0
1.346804538E1,2.279609528E0,-4.705165558E0,4.122577057E0
1.347805938E1,5.998027039E-1,-4.114044800E0,6.339317322E0
1.348807337E1,-1.172811127E0,-3.976480865E0,8.386909332E0
1.349808837E1,-2.692151642E0,-4.240531769E0,9.592502289E0
1.350810237E1,-3.092718658E0,-4.492158508E0,1.071920929E1
1.351811638E1,-1.782044220E0,-4.151317291E0,1.190953400E1
1.352813138E1,9.635462952E-1,-2.720742188E0,1.290032364E1
1.353814537E1,4.090094604E0,-1.336420898E0,1.448462906E1
1.354815937E1,6.400689697E0,-3.670367432E-1,1.509610748E1
1.355817338E1,8.073610840E0,-1.077758789E-2,1.416953430E1
1.356818838E1,9.994416504E0,2.225871277E-1,1.197584610E1
1.357820237E1,1.172885971E1,5.093907166E-1,8.578361206E0
1.358821637E1,1.275093430E1,1.809736633E-1,5.244494019E0
1.359823137E1,1.375564499E1,-2.246827698E-1,3.035238190E0
1.360824538E1,1.535761368E1,2.568658447E-1,2.181413727E0
1.361825937E1,1.760698608E1,1.189725952E0,2.916385345E0
1.362827437E1,1.947375412E1,1.653162231E0,3.808081055E0
1.363828837E1,1.994901581E1,1.337768097E0,4.005221100E0
1.364830238E1,1.918844742E1,4.791535950E-1,3.938160553E0
1.365831638E1,1.809961166E1,-4.863386536E-1,3.299139404E0
1.366833137E1,1.671963135E1,-1.420995026E0,1.923200684E0
1.367834537E1,1.521765472E1,-2.285896454E0,6.941065979E-1
1.368835937E1,1.400218231E1,-2.476150818E0,7.574249268E-2
1.369837438E1,1.317290680E1,-2.729274445E0,-7.470964050E-1
1.370838838E1,1.286664368E1,-3.411106567E0,-1.738784180E0
1.371840237E1,1.291708878E1,-3.934418335E0,-2.062860260E0
1.372841737E1,1.282353333E1,-4.166435852E0,-3.237916718E0
1.373843137E1,1.240410553E1,-4.554129639E0,-4.681065674E0
1.374844538E1,1.178619049E1,-4.542603607E0,-5.279072113E0
1.375846038E1,1.073702225E1,-4.709207153E0,-6.173611908E0
1.376847437E1,1.002255798E1,-5.272635498E0,-6.251300354E0
1.377848837E1,9.543554077E0,-5.655389557E0,-4.901557159E0
1.378850238E1,8.757688293E0,-6.010002136E0,-5.752238159E0
1.379851738E1,7.939789124E0,-6.395749969E0,-7.046895905E0
1.380853137E1,7.538024597E0,-6.634802856E0,-7.325466614E0
1.381854537E1,7.290439453E0,-6.312223663E0,-7.513625336E0
1.382856037E1,7.266489258E0,-5.652545471E0,-7.058571625E0
1.383857438E1,6.749614105E0,-5.676196289E0,-7.206314392E0
1.384858837E1,6.448739777E0,-6.066883850E0,-7.741451569E0
1.385860337E1,6.239325256E0,-5.980363770E0,-8.929830322E0
1.386861737E1,5.465284882E0,-5.728886719E0,-1.181822388E1
1.387863138E1,4.290527802E0,-5.944887543E0,-1.314281937E1
1.388864538E1,3.046464844E0,-6.161337433E0,-1.258298355E1
1.389866037E1,2.170187073E0,-5.632936249E0,-1.139161102E1
1.390867437E1,1.955084381E0,-5.228776703E0,-1.142109970E1
1.391868837E1,1.902843018E0,-5.037923584E0,-1.294463150E1
1.392870338E1,1.925146637E0,-4.939877472E0,-1.372450974E1
1.393871738E1,1.868863678E0,-4.788991241E0,-1.431937271E1
1.394873137E1,1.509910126E0,-4.610113220E0,-1.470122864E1
1.395874537E1,7.688012695E-1,-4.566404114E0,-1.444406342E1
1.396876037E1,1.953437805E-1,-4.439468079E0,-1.390174118E1
1.397877438E1,-1.936972046E-1,-4.414769440E0,-1.334819229E1
1.398878837E1,-5.418731689E-2,-4.437671814E0,-1.284329224E1
1.399880337E1,3.119512939E-1,-4.406686249E0,-1.232042953E1
1.400881737E1,3.206332397E-1,-4.710404663E0,-1.244092896E1
1.401883138E1,1.077758789E-2,-4.981041870E0,-1.329041245E1
1.402884638E1,2.049238586E-1,-5.036127319E0,-1.422342224E1
1.403886037E1,6.881190491E-1,-4.618196411E0,-1.510044846E1
1.404887437E1,9.566606140E-1,-4.040847015E0,-1.586520813E1
1.405888937E1,1.508862305E0,-3.673211517E0,-1.565758987E1
1.406890338E1,1.959125977E0,-3.480861511E0,-1.475376938E1
1.407891737E1,1.832189941E0,-3.939507751E0,-1.395518005E1
1.408893137E1,1.715283051E0,-4.413122864E0,-1.375669281E1
1.409894637E1,2.085912323E0,-4.638853455E0,-1.399140472E1
1.410896038E1,2.741698608E0,-4.541106720E0,-1.459929062E1
1.411897438E1,3.608396301E0,-4.102668457E0,-1.483774475E1
1.412898937E1,4.119134216E0,-3.532204742E0,-1.476275070E1
1.413900337E1,4.512067108E0,-3.444636841E0,-1.415770889E1
1.414901737E1,4.916226654E0,-3.433559875E0,-1.316078201E1
1.415903138E1,4.562811584E0,-3.532354431E0,-1.245200592E1
1.416904638E1,3.561992798E0,-3.922143860E0,-1.242610977E1
1.417906037E1,3.337160339E0,-4.102818146E0,-1.242985199E1
1.418907437E1,3.517684937E0,-4.146078186E0,-1.242131973E1
1.419908937E1,3.961212616E0,-4.120481415E0,-1.233360214E1
1.420910338E1,4.713099060E0,-3.972738647E0,-1.175535461E1
1.421911737E1,5.252726898E0,-3.848646698E0,-1.097293167E1
1.422913237E1,5.892945557E0,-3.809128876E0,-1.006836273E1
1.423914637E1,6.448889465E0,-3.623814240E0,-9.256750488E0
1.424916038E1,6.597829742E0,-3.546724548E0,-8.907377014E0
1.425917437E1,6.541097717E0,-3.710034943E0,-8.490643616E0
1.426918937E1,6.366410980E0,-3.808081055E0,-8.325237579E0
1.427920337E1,6.191275177E0,-3.890110474E0,-8.480464783E0
1.428921738E1,6.138135681E0,-3.756438446E0,-8.297395477E0
1.429923238E1,5.827980652E0,-3.309467926E0,-8.045020294E0
1.430924637E1,5.352269897E0,-3.164569244E0,-7.607180786E0
1.431926037E1,5.176685028E0,-3.001109161E0,-6.742279358E0
1.432927437E1,5.719456329E0,-2.587219849E0,-5.703289948E0
1.433928938E1,6.488556976E0,-2.413281555E0,-4.616100769E0
1.434930338E1,7.374863892E0,-2.545157318E0,-3.901037750E0
1.435931737E1,8.325536957E0,-2.221081238E0,-3.270249481E0
1.436933237E1,8.980275421E0,-1.726360016E0,-2.529440002E0
1.437934637E1,9.270970917E0,-1.447040863E0,-1.712588654E0
1.438936038E1,9.628128204E0,-1.152303772E0,-5.111869812E-1
1.439937538E1,9.867630157E0,-5.310955811E-1,1.295406189E0
1.440938937E1,9.746681671E0,-1.833686829E-1,3.387455750E0
1.441940337E1,1.046788193E1,-4.983137512E-1,5.870641937E0
1.442941738E1,1.175176208E1,-1.131646729E-1,7.974516907E0
1.443943238E1,1.252580246E1,7.937992859E-1,9.241033173E0
1.444944637E1,1.298729279E1,1.357527008E0,9.703870697E0
1.445946037E1,1.314281937E1,1.875599670E0,8.129744110E0
1.446947537E1,1.340477463E1,2.525548096E0,5.978118439E0
1.447948938E1,1.316048264E1,3.278182983E0,3.535797272E0
1.448950337E1,1.180834442E1,3.304528198E0,1.072669373E0
1.449951737E1,1.016581009E1,2.940784607E0,-1.059496765E0
1.450953237E1,9.184001770E0,2.840193787E0,-2.925666046E0
1.451954638E1,8.913813629E0,3.136427765E0,-3.998335419E0
1.452956038E1,9.557325439E0,3.404520264E0,-4.919070740E0
1.453957537E1,9.931996307E0,3.560795288E0,-6.477779388E0
1.454958937E1,1.014650024E1,3.954177246E0,-8.533304901E0
1.455960337E1,1.101559296E1,4.146227875E0,-1.038764877E1
1.456961738E1,1.216610046E1,4.611011353E0,-1.179202835E1
1.457963238E1,1.175146271E1,4.805756378E0,-1.213346832E1
1.458964637E1,9.868079224E0,4.160148926E0,-1.200787949E1
1.459966037E1,7.927963715E0,3.000510406E0,-1.210053680E1
1.460967537E1,6.961423645E0,2.357896729E0,-1.150687134E1
1.461968938E1,7.782765656E0,2.347268829E0,-1.018152740E1
1.462970337E1,9.641001434E0,2.475701752E0,-9.566157074E0
1.463971737E1,1.157468033E1,1.892215118E0,-9.887987823E0
1.464973237E1,1.349877914E1,1.409918060E0,-1.047072601E1
1.465974638E1,1.429108154E1,8.964857483E-1,-1.194366302E1
1.466976037E1,1.496318390E1,-1.601669312E-2,-1.441382629E1
1.467977537E1,1.677471680E1,2.128573608E-1,-1.687605606E1
1.468978937E1,1.825438980E1,1.571731567E0,-1.907797714E1
1.469980338E1,1.948692673E1,1.146765289E0,-2.102662491E1
1.470981738E1,1.888487869E1,5.571414185E-1,-2.270014481E1
1.471983237E1,1.728740067E1,7.274871826E-2,-2.089085724E1
1.472984637E1,1.586969879E1,-1.189426575E0,-1.895388519E1
1.473986037E1,1.400921768E1,-2.104773102E0,-1.697979034E1
1.474987538E1,1.185205353E1,-3.120261383E0,-1.541135193E1
1.475988938E1,9.981094208E0,-3.791615295E0,-1.425964691E1
1.476990337E1,8.703950043E0,-3.996090088E0,-1.302441559E1
1.477991737E1,7.831863556E0,-3.854035492E0,-1.201910614E1
1.478993237E1,6.936725006E0,-3.737727356E0,-1.094194611E1
1.479994638E1,5.990392914E0,-3.699556732E0,-9.994715881E0
1.480996037E1,4.844226379E0,-3.670966187E0,-9.376800842E0
1.481997537E1,3.161725159E0,-3.988755341E0,-9.702822876E0
1.482998937E1,1.670226746E0,-3.914210358E0,-1.054287598E1
1.484000338E1,9.882449341E-1,-3.828289032E0,-1.091709778E1
1.485001737E1,9.870474243E-1,-3.608545990E0,-1.094194611E1
1.486003237E1,1.212328949E0,-3.069965973E0,-1.062909668E1
1.487004637E1,1.448837128E0,-2.745590515E0,-9.942175140E0
1.488006038E1,1.355581055E0,-2.723436584E0,-8.625513153E0
1.489007538E1,7.084767151E-1,-2.878065033E0,-7.025041351E0
1.490008937E1,-1.210981750E-1,-2.994223480E0,-5.811365204E0
1.491010337E1,-1.033001862E0,-2.950963440E0,-4.635410614E0
1.492011737E1,-1.885628815E0,-2.577490082E0,-3.857029266E0
1.493013238E1,-2.612517242E0,-2.077230377E0,-3.154240723E0
1.494014638E1,-3.398832092E0,-1.612446899E0,-2.381547546E0
1.495016037E1,-4.094585266E0,-1.331930237E0,-1.500330048E0
1.496017537E1,-4.367617493E0,-1.100661163E0,-1.006207581E0
1.497018937E1,-4.576433258E0,-8.505313110E-1,-7.292834473E-1
1.498020338E1,-5.185067596E0,-5.206173706E-1,-1.156794434E0
1.499021737E1,-5.667813721E0,-8.801696777E-2,-1.125808868E0
1.500023237E1,-5.946833496E0,4.513114929E-1,-3.011737061E-1
1.501024637E1,-6.427483978E0,9.005273438E-1,5.429209900E-1
1.502026038E1,-7.155869293E0,1.137035522E0,1.149908752E0
1.503027538E1,-7.757318573E0,1.351389771E0,1.492246857E0
1.504028937E1,-7.904612274E0,1.881736908E0,1.481319580E0
1.505030337E1,-7.852221222E0,2.436034241E0,1.142124939E0
1.506031725E1,-8.079897766E0,2.963088226E0,8.057743835E-1
1.507033225E1,-8.502169647E0,3.325783997E0,4.161346436E-1
1.508034625E1,-8.736133118E0,3.621718597E0,2.155517578E-1
1.509036025E1,-8.608598328E0,3.798201599E0,3.079096985E-1
1.510037525E1,-8.481961670E0,3.705244904E0,3.456312561E-1
1.511038925E1,-8.281528473E0,3.561244354E0,2.070195007E-1
1.512040325E1,-7.676786041E0,3.519181824E0,5.194198608E-1
1.513041725E1,-7.154522095E0,3.288511505E0,1.231638794E0
1.514043225E1,-6.857539673E0,2.909200287E0,1.269809418E0
1.515044625E1,-6.660399628E0,2.504891052E0,6.809339905E-1
1.516046025E1,-6.375242615E0,2.334545288E0,4.523593140E-1
1.517047525E1,-5.733078003E0,2.414029999E0,1.953437805E-1
1.518048925E1,-4.665348358E0,2.521955566E0,8.232879639E-2
1.519050325E1,-3.802093506E0,2.585872650E0,-1.466949463E-2
1.520051725E1,-3.101550293E0,2.346819763E0,-3.487747192E-2
1.521053225E1,-2.776426392E0,1.893262939E0,-6.116281128E-1
1.522054625E1,-2.273023224E0,1.187031555E0,-1.305435333E0
1.523056025E1,-2.173180847E0,5.773493958E-1,-1.697021027E0
1.524057425E1,-2.619103546E0,2.412982178E-1,-2.558928680E0
1.525058925E1,-2.733615417E0,1.965412903E-1,-3.312162323E0
1.526060325E1,-2.410736847E0,6.867718506E-1,-3.470532990E0
1.527061725E1,-1.892065430E0,8.605604553E-1,-3.342100067E0
1.528063225E1,-1.710942078E0,2.748284912E-1,-3.419339447E0
1.529064625E1,-1.058898010E0,-6.231541443E-1,-4.625082092E0
1.530066025E1,-1.197509766E-2,-1.397044830E0,-6.058351593E0
1.531067425E1,8.303233337E-1,-2.152673492E0,-6.655759277E0
1.532068925E1,1.656605072E0,-2.391127625E0,-6.263724518E0
1.533070325E1,2.648143158E0,-1.945354614E0,-5.869743805E0
1.534071725E1,3.773353271E0,-9.675878906E-1,-6.411616974E0
1.535073225E1,3.963757324E0,-1.095721436E-1,-6.621929626E0
1.536074625E1,3.752247162E0,-2.585124207E-1,-7.423213348E0
1.537076025E1,3.330274658E0,-8.333171082E-1,-8.718769226E0
1.538077425E1,3.013233948E0,-1.657503204E0,-1.011865814E1
1.539078925E1,3.111729126E0,-2.427801361E0,-1.192465256E1
1.540080325E1,4.231550446E0,-2.619253235E0,-1.395263535E1
1.541081725E1,6.244414673E0,-1.951491852E0,-1.594110031E1
1.542083125E1,7.971373444E0,-9.377998352E-1,-1.775847107E1
1.543084625E1,9.627679138E0,-5.089416504E-1,-1.861618744E1
1.544086025E1,1.125748993E1,-3.860472107E-1,-1.821591980E1
1.545087425E1,1.255648865E1,-3.016227722E-1,-1.740325974E1
1.546088925E1,1.380159943E1,-2.510279846E-1,-1.637175476E1
1.547090325E1,1.506931320E1,-6.047424316E-2,-1.585218521E1
1.548091725E1,1.561313232E1,1.284329224E-1,-1.586520813E1
1.549093125E1,1.574261307E1,2.089654541E-1,-1.619826553E1
1.550094625E1,1.597792374E1,3.915856934E-1,-1.606489288E1
1.551096025E1,1.565654205E1,7.833210754E-1,-1.515134262E1
1.552097425E1,1.467413498E1,1.000818787E0,-1.370864273E1
1.553098825E1,1.273491760E1,1.466949463E-2,-1.307845322E1
1.554100325E1,1.080078964E1,-6.222560120E-1,-1.284568726E1
1.555101725E1,1.087518494E1,-5.616320801E-1,-1.085437820E1
1.556103125E1,1.186163361E1,3.712280273E-2,-8.934919739E0
1.557104625E1,1.311363007E1,5.510041809E-1,-8.272247772E0
1.558106025E1,1.440095306E1,1.300196228E0,-7.745942230E0
1.559107425E1,1.547496964E1,1.889371033E0,-7.016509094E0
1.560108825E1,1.572090820E1,2.253863068E0,-6.249204712E0
1.561110325E1,1.360176498E1,2.170636139E0,-6.030659180E0
1.562111725E1,1.131062943E1,1.229842529E0,-5.607788544E0
1.563113125E1,9.715396729E0,6.060896301E-1,-5.086871796E0
1.564114625E1,8.915460205E0,4.608915710E-1,-4.793781281E0
1.565116025E1,8.229736176E0,5.355862427E-1,-4.008214874E0
1.566117425E1,8.021369476E0,8.045768738E-1,-3.218157806E0
1.567118825E1,9.243727570E0,1.251397705E0,-2.855162659E0
1.568120325E1,1.092832443E1,2.691403198E0,-3.168610840E0
1.569121725E1,1.204230789E1,4.489464111E0,-3.905678101E0
1.570123125E1,1.154264694E1,6.047873383E0,-3.568130035E0
1.571124525E1,1.132290390E1,6.340215454E0,-3.159030762E0
1.572126025E1,9.843530273E0,5.992937622E0,-2.990331573E0
1.573127425E1,7.592660980E0,4.571343842E0,-2.768043823E0
1.574128825E1,5.429209900E0,3.179238739E0,-2.196981354E0
1.575130225E1,4.630919952E0,2.804867249E0,-1.225800934E0
1.576131725E1,5.368136902E0,3.664978638E0,3.932322693E-1
1.577133125E1,6.427633667E0,5.575156403E0,1.129551086E0
1.578134525E1,6.799460449E0,6.933282166E0,3.742218018E-1
1.579136025E1,6.920558624E0,7.830965424E0,1.824705505E-1
1.580137425E1,6.803502045E0,8.493936768E0,-1.707948303E-1
1.581138825E1,6.175108795E0,8.467441864E0,-6.454577637E-1
1.582140225E1,5.670807495E0,8.363857269E0,-3.773652649E-1
1.583141725E1,4.689148865E0,7.627538452E0,-1.963916016E-1
1.584143125E1,3.019520874E0,7.404801636E0,9.394464111E-1
1.585144525E1,1.297202454E0,7.264842682E0,1.670226746E0
1.586145925E1,-1.026864624E-1,6.462960205E0,2.196232910E0
1.587147425E1,1.347348175E0,7.866291962E0,3.639232178E0
1.588148825E1,3.125051422E0,9.236093445E0,3.635340271E0
1.589150225E1,4.145180054E0,9.745933228E0,3.216660919E0
1.590151625E1,4.093836823E0,9.980944519E0,3.174748077E0
1.591153125E1,2.895728302E0,9.789792023E0,2.355801086E0
1.592154525E1,1.391955414E0,9.660760345E0,1.657952271E0
1.593155925E1,-4.710704041E-1,8.660540314E0,2.024390259E0
1.594157425E1,-1.353335724E0,8.630901947E0,3.194656677E0
1.595158825E1,-9.584568787E-1,8.859626312E0,3.780388641E0
1.596160225E1,-1.898052979E-1,9.217681732E0,4.535418549E0
1.597161625E1,3.540138245E-1,9.436526642E0,4.619393921E0
1.598163125E1,5.034031677E-1,9.580078125E0,3.928879852E0
1.599164525E1,1.860630798E-1,9.627379761E0,2.777923279E0
1.600165925E1,-3.945794678E-1,9.510472870E0,2.429897003E0
1.601167325E1,-1.066382446E0,9.184750214E0,2.990780640E0
1.602168825E1,-1.507215729E0,8.924142151E0,3.877386932E0
1.603170225E1,-1.479523315E0,8.819958801E0,4.354145508E0
1.604171625E1,-1.324445801E0,8.973988495E0,4.100722504E0
1.605173125E1,-1.054107971E0,9.009913788E0,4.223616943E0
1.606174412E1,-4.357438660E-1,9.107361145E0,4.677922211E0
1.607175812E1,3.412902832E-2,9.190887451E0,4.520449677E0
1.608177213E1,6.855743408E-2,9.357790375E0,3.886368256E0
1.609178713E1,-2.148033142E-1,9.344318390E0,3.853137360E0
1.610180112E1,-1.649569702E-1,9.236093445E0,4.745581512E0
1.611181512E1,7.170089722E-2,9.311386871E0,5.762416992E0
1.612182913E1,2.155517578E-2,9.369166718E0,5.658982086E0
1.613184413E1,-4.399351501E-1,8.976832581E0,5.311554565E0
1.614185812E1,-7.595205688E-1,8.770262146E0,5.136119385E0
1.615187212E1,-5.718109131E-1,8.658444672E0,5.275329895E0
1.616188612E1,-7.454498291E-2,8.376131744E0,5.464237061E0
1.617190113E1,6.902146912E-1,8.362210693E0,5.143154755E0
1.618191513E1,1.035097504E0,8.607849884E0,4.717140656E0
1.619192912E1,7.506889343E-1,8.593030701E0,4.387825470E0
1.620194312E1,6.879693604E-1,8.618028717E0,4.179009705E0
1.621195812E1,9.307644653E-1,8.799900513E0,4.332740021E0
1.622197213E1,1.161584473E0,8.826844482E0,4.649780731E0
1.623198612E1,9.312135315E-1,8.749006348E0,4.753664703E0
1.624200112E1,3.224295044E-1,8.434510345E0,4.655169525E0
1.625201512E1,-5.089416504E-2,8.219856720E0,4.998256073E0
1.626202913E1,3.451821899E-1,8.306077423E0,5.846242676E0
1.627204312E1,9.539662170E-1,8.556806030E0,6.276747437E0
1.628205812E1,1.332528992E0,8.689280548E0,6.616391144E0
1.629207212E1,1.470541992E0,8.713829498E0,6.607260132E0
1.630208613E1,1.480571136E0,8.818761292E0,6.160888367E0
1.631210013E1,1.512155457E0,8.860524445E0,5.695506134E0
1.632211512E1,1.256936188E0,8.754993896E0,5.545967102E0
1.633212912E1,4.074526978E-1,8.290659485E0,5.549559631E0
1.634214312E1,-3.025209045E-1,7.935747528E0,5.633235626E0
1.635215713E1,-5.191204834E-1,7.815098419E0,5.909561005E0
1.636217213E1,-3.493734741E-1,7.894583130E0,6.256090393E0
1.637218612E1,-8.277786255E-2,8.034242706E0,6.424639893E0
1.638220012E1,1.224453735E-1,8.230484619E0,6.012247467E0
1.639221413E1,-4.191284180E-3,8.191565552E0,5.673651581E0
1.640222913E1,-1.417552185E-1,8.055199127E0,5.564827881E0
1.641224312E1,-1.131646729E-1,8.023315430E0,5.553451538E0
1.642225712E1,1.751358032E-1,8.090825043E0,5.514382782E0
1.643227113E1,6.483018494E-1,8.334218903E0,5.397924957E0
1.644228613E1,1.041983185E0,8.511600037E0,5.479505310E0
1.645230012E1,1.182690582E0,8.479416962E0,5.558241577E0
1.646231412E1,8.590635681E-1,8.379574585E0,5.265600128E0
1.647232812E1,5.060975647E-1,8.330027618E0,4.711602173E0
1.648234313E1,4.082011414E-1,8.224197693E0,4.614154816E0
1.649235713E1,6.956034851E-1,8.235723724E0,4.965923309E0
1.650237112E1,6.885681152E-1,8.229436798E0,5.279970245E0
1.651238512E1,2.775228882E-1,8.060587921E0,5.476810913E0
1.652240012E1,-2.709365845E-2,7.882907410E0,5.710924072E0
1.653241413E1,-1.210981750E-1,7.820936279E0,5.860612793E0
1.654242812E1,2.469863892E-2,7.822433167E0,5.981112213E0
1.655244312E1,2.293231201E-1,7.783514099E0,5.923032990E0
1.656245712E1,6.649172974E-1,7.924371185E0,5.588029633E0
1.657247113E1,1.057401123E0,8.186925201E0,5.058430939E0
1.658248512E1,1.233734436E0,8.434959412E0,4.750371552E0
1.659250012E1,1.039139099E0,8.365503845E0,4.895868988E0
1.660251412E1,5.926176453E-1,8.146808624E0,5.054389343E0
1.661252813E1,4.519102478E-1,8.322692871E0,3.455713806E0
1.662254213E1,2.239343262E-1,8.113877106E0,4.871320038E0
1.663255712E1,9.250762939E-2,7.878865814E0,4.534071350E0
1.664257112E1,3.513194275E-1,7.999963989E0,4.645589447E0
1.665258512E1,1.228046265E0,8.192014618E0,5.048102417E0
1.666259913E1,1.575623474E0,8.435558167E0,4.996310120E0
1.667261413E1,1.256786499E0,8.409811707E0,4.894372101E0
1.668262812E1,7.900570679E-1,8.256829834E0,4.756209412E0
1.669264212E1,6.581813049E-1,8.123756561E0,5.042563934E0
1.670265613E1,8.162525940E-1,8.143814850E0,5.064268799E0
1.671267113E1,9.729766846E-1,8.262368317E0,4.878654785E0
1.672268512E1,1.163829803E0,8.356821899E0,4.868475952E0
1.673269912E1,1.121916962E0,8.415050812E0,4.905598755E0
1.674271313E1,8.583151245E-1,8.344397736E0,5.066663818E0
1.675272813E1,8.568182373E-1,8.321944427E0,5.476511536E0
1.676274212E1,1.011147308E0,8.313262482E0,5.857918396E0
1.677275612E1,9.490264893E-1,8.236023102E0,5.992338867E0
1.678277012E1,8.632548523E-1,8.176297302E0,5.862708435E0
1.679278513E1,8.089178467E-1,8.207133179E0,5.567522278E0
1.680279913E1,8.987310791E-1,8.272547150E0,5.160518646E0
1.681281312E1,1.114582214E0,8.415799255E0,4.979994049E0
1.682282712E1,1.262474670E0,8.479716339E0,4.892875214E0
1.683284212E1,1.419498138E0,8.642577667E0,4.918771362E0
1.684285613E1,1.424138489E0,8.611592102E0,5.300627289E0
1.685287012E1,1.335373077E0,8.468489685E0,5.493276672E0
1.686288412E1,1.196911011E0,8.401728516E0,5.483397217E0
1.687289912E1,9.747729492E-1,8.284671936E0,5.500611420E0
1.688291313E1,8.526269531E-1,8.095016327E0,5.433550873E0
1.689292712E1,7.140151978E-1,7.951464844E0,5.448968811E0
1.690294112E1,6.221063232E-1,7.897277527E0,5.177583160E0
1.691295612E1,5.920188904E-1,7.955955505E0,4.739444275E0
1.692297013E1,8.152047729E-1,8.111631775E0,4.802163849E0
1.693298413E1,1.149459686E0,8.135731659E0,4.850513306E0
1.694299812E1,1.302291870E0,8.162825317E0,4.920268250E0
1.695301312E1,1.238524475E0,8.158634033E0,5.160818024E0
1.696302712E1,1.102457428E0,8.018375702E0,5.479056244E0
1.697304113E1,1.276994476E0,7.943231964E0,5.833369446E0
1.698305512E1,1.435514832E0,7.939190369E0,5.901926880E0
1.699307012E1,1.475182343E0,8.042475586E0,5.982459412E0
1.700308412E1,1.489552460E0,7.981402588E0,5.981561279E0
1.701309813E1,1.474433899E0,8.110134888E0,5.700894928E0
1.702311212E1,1.462159424E0,8.133186951E0,5.432203674E0
1.703312712E1,1.223854980E0,8.005053406E0,5.355113983E0
1.704314112E1,9.707313538E-1,7.907606049E0,5.312303009E0
1.705315513E1,1.106349335E0,7.924969940E0,5.357359314E0
1.706316979E1,1.335971832E0,8.037086792E0,5.431754608E0
1.707318379E1,1.348994751E0,8.120463409E0,5.220843201E0
1.708319879E1,1.231040039E0,8.066126404E0,5.129982147E0
1.709321279E1,1.462159424E0,8.113577728E0,5.325625305E0
1.710322679E1,1.621428223E0,8.159532166E0,5.449268188E0
1.711324079E1,1.414408722E0,8.100255432E0,5.346132660E0
1.712325579E1,1.174906769E0,7.936046906E0,5.061574402E0
1.713326979E1,1.247505798E0,7.995173950E0,4.806355133E0
1.714328379E1,1.387315063E0,8.032147064E0,4.905898132E0
1.715329779E1,1.276246033E0,7.927065582E0,5.105732574E0
1.716331279E1,1.429377594E0,8.007897491E0,5.219945068E0
1.717332679E1,1.734443207E0,8.147856445E0,5.303321686E0
1.718334079E1,1.796414337E0,8.231532440E0,5.255421295E0
1.719335479E1,1.660946045E0,8.116870880E0,5.194497986E0
1.720336979E1,1.528172150E0,8.022716675E0,5.189707947E0
1.721338379E1,1.417701874E0,7.949069824E0,5.136568451E0
1.722339779E1,1.323547668E0,7.898475037E0,5.125192108E0
1.723341179E1,1.439855804E0,7.950117645E0,5.098996582E0
1.724342679E1,1.747316437E0,8.048762512E0,5.133724365E0
1.725344079E1,1.977537689E0,8.167615356E0,5.265600128E0
1.726345479E1,1.948348389E0,8.135881348E0,5.330864410E0
1.727346879E1,1.808239746E0,8.058941345E0,5.381908264E0
1.728348379E1,1.684297485E0,7.996670837E0,5.470224609E0
1.729349779E1,1.656006317E0,8.009843445E0,5.449567566E0
1.730351179E1,1.626517639E0,8.009394379E0,5.508095856E0
1.731352579E1,1.603315887E0,7.911348267E0,5.706283722E0
1.732354079E1,1.624421997E0,7.926766205E0,5.774691467E0
1.733355479E1,1.606609039E0,7.878716125E0,5.775589600E0
1.734356879E1,1.637145538E0,7.828121338E0,5.831722870E0
1.735358279E1,1.714085541E0,7.888146515E0,5.668861542E0
1.736359779E1,1.688189392E0,7.896978149E0,5.474864960E0
1.737361179E1,1.832040253E0,7.959098969E0,5.331163788E0
1.738362579E1,2.222129059E0,8.304131470E0,3.338806915E0
1.739363979E1,1.940714264E0,8.531059570E0,3.702251129E0
1.740365379E1,1.720522156E0,7.978259125E0,5.207969971E0
1.741366879E1,1.558109894E0,7.933951263E0,5.235512695E0
1.742368279E1,1.572330322E0,7.866591339E0,6.126609650E0
1.743369679E1,1.776056671E0,7.782466278E0,6.161187744E0
1.744371079E1,1.829046478E0,7.864944763E0,6.154751129E0
1.745372579E1,1.804048462E0,7.773484955E0,6.020480347E0
1.746373979E1,2.016756134E0,7.904462585E0,5.755681000E0
1.747375379E1,2.280507660E0,8.106242981E0,5.315296783E0
1.748376779E1,2.393822021E0,8.250842285E0,4.935686188E0
1.749378279E1,2.438129883E0,8.378077698E0,4.889432373E0
1.750379679E1,2.331850891E0,8.389154663E0,4.959037628E0
1.751381079E1,2.191293182E0,8.365653534E0,5.173691254E0
1.752382479E1,2.163900146E0,8.278085632E0,5.384752350E0
1.753383979E1,2.219584351E0,8.253836060E0,5.564827881E0
1.754385379E1,2.267035675E0,8.202343140E0,5.719755707E0
1.755386779E1,2.237397308E0,8.146658936E0,5.765111389E0
1.756388179E1,2.095193024E0,8.151448975E0,5.631738739E0
1.757389679E1,1.808838501E0,8.005053406E0,5.566175079E0
1.758391079E1,1.612297211E0,7.887847137E0,5.682483215E0
1.759392479E1,1.449884949E0,7.893834686E0,5.695805511E0
1.760393879E1,1.282982025E0,7.962990875E0,5.516328735E0
1.761395279E1,1.289418640E0,7.990234222E0,5.351072388E0
1.762396779E1,1.266965332E0,7.949967957E0,5.324128418E0
1.763398179E1,1.274898834E0,7.870932312E0,5.486390991E0
1.764399579E1,1.313219147E0,7.839946747E0,5.749394073E0
1.765400979E1,1.279239807E0,7.724686432E0,5.774691467E0
1.766402479E1,1.322948914E0,7.652835846E0,5.844596100E0
1.767403879E1,1.390458527E0,7.623347168E0,5.985902252E0
1.768405279E1,1.278191986E0,7.570357361E0,5.974525909E0
1.769406679E1,1.188229065E0,7.515421600E0,6.042783966E0
1.770408079E1,1.177601166E0,7.528145142E0,6.078559570E0
1.771409579E1,1.173110504E0,7.527097321E0,5.943989410E0
1.772410979E1,1.271905060E0,7.525600433E0,5.900879059E0
1.773412379E1,1.366807709E0,7.697592773E0,5.708379364E0
1.774413779E1,1.455722809E0,7.866890717E0,5.535488892E0
1.775415279E1,1.540296936E0,7.979157257E0,5.512586517E0
1.776416679E1,1.552421722E0,8.003855896E0,5.696254578E0
1.777418079E1,1.454824677E0,7.881410522E0,6.049519958E0
1.778419479E1,1.314266968E0,7.742050323E0,6.279142456E0
1.779420979E1,1.116977234E0,7.667505341E0,6.333180084E0
1.780422379E1,1.128652954E0,7.613617401E0,6.360423431E0
1.781423779E1,1.201850739E0,7.611671448E0,6.344406738E0
1.782425179E1,1.337768097E0,7.614814911E0,6.203699341E0
1.783426679E1,1.460662537E0,7.686964874E0,5.988297272E0
1.784428079E1,1.504521332E0,7.815547485E0,5.522765350E0
1.785429479E1,1.434017944E0,7.865693207E0,5.096751251E0
1.786430879E1,1.387015686E0,7.850424957E0,5.117857361E0
1.787432279E1,1.410516815E0,7.819439392E0,5.268444214E0
1.788433779E1,1.489402771E0,7.854616241E0,5.506449280E0
1.789435179E1,1.525028687E0,7.855214996E0,5.629792786E0
1.790436579E1,1.385668488E0,7.771089935E0,5.654042358E0
1.791437979E1,1.172511749E0,7.726782074E0,5.771548004E0
1.792439479E1,1.045276337E0,7.714357910E0,5.901627502E0
1.793440879E1,9.095086670E-1,7.600145416E0,6.024072876E0
1.794442279E1,8.801696777E-1,7.513176270E0,6.142027588E0
1.795443679E1,1.200952606E0,7.571105804E0,6.196065216E0
1.796445079E1,1.482666779E0,7.730524292E0,5.959407349E0
1.797446579E1,1.501826935E0,7.854616241E0,5.721701660E0
1.798447979E1,1.391356659E0,7.897427216E0,5.682183838E0
1.799449379E1,1.332229614E0,7.851173401E0,5.763764191E0
1.800450779E1,1.416953430E0,7.889493713E0,5.930218048E0
1.801452279E1,1.453776855E0,7.828570404E0,6.256389771E0
1.802453679E1,1.303938446E0,7.740703125E0,6.389912109E0
1.803455079E1,1.128652954E0,7.695946198E0,6.120322723E0
1.804456479E1,1.093326416E0,7.714806976E0,5.783822479E0
1.805457879E1,1.178798676E0,7.788603516E0,5.726940765E0
1.806459400E1,1.261277161E0,7.768694916E0,5.783972168E0
1.807460800E1,1.351838837E0,7.803871765E0,5.787714386E0
1.808462200E1,1.323996735E0,7.836054840E0,5.823489990E0
1.809463600E1,1.196012878E0,7.786208496E0,5.769302673E0
1.810465100E1,1.121018829E0,7.741900635E0,5.870791626E0
1.811466500E1,1.174607391E0,7.630831604E0,6.315516815E0
1.812467900E1,1.049018555E0,7.571854248E0,6.447691956E0
1.813469300E1,9.482780457E-1,7.517217865E0,6.246660004E0
1.814470700E1,1.039737854E0,7.552993469E0,6.042783966E0
1.815472200E1,1.328637085E0,7.730823669E0,6.018235016E0
1.816473600E1,1.494342499E0,7.886350250E0,5.979166260E0
1.817475000E1,1.322200470E0,7.938441925E0,5.824088745E0
1.818476400E1,1.144370270E0,7.887996826E0,5.794749756E0
1.819477900E1,9.568103027E-1,7.753426666E0,5.885760498E0
1.820479300E1,7.604187012E-1,7.592511292E0,6.015690308E0
1.821480700E1,7.295828247E-1,7.488627319E0,6.095923462E0
1.822482100E1,6.987469482E-1,7.493117981E0,6.000122681E0
1.823483500E1,6.824308777E-1,7.514523468E0,5.964347076E0
1.824485000E1,8.565188599E-1,7.597750397E0,5.882167969E0
1.825486400E1,8.966354370E-1,7.704029388E0,5.770200806E0
1.826487800E1,8.068222046E-1,7.694149933E0,5.841302948E0
1.827489200E1,7.216493225E-1,7.623347168E0,5.874683533E0
1.828490700E1,5.748046875E-1,7.567213898E0,6.127956848E0
1.829492100E1,4.396357727E-1,7.432943115E0,6.508764954E0
1.830493500E1,2.420466614E-1,7.234306183E0,6.735693054E0
1.831494900E1,1.182540894E-1,7.206015015E0,6.584806824E0
1.832496300E1,3.141966248E-1,7.323820038E0,6.176006927E0
1.833497800E1,9.189390564E-1,7.633675690E0,5.770949249E0
1.834499200E1,1.260678406E0,7.903714142E0,5.575755157E0
1.835500600E1,1.065035248E0,7.911198578E0,5.209466858E0
1.836502000E1,6.277944946E-1,7.893385620E0,5.258265381E0
1.837503500E1,4.634362793E-1,7.757019196E0,5.752387848E0
1.838504900E1,4.685256958E-1,7.637567596E0,6.215225372E0
1.839506300E1,5.767506409E-1,7.659272461E0,6.437213745E0
1.840507700E1,6.394702148E-1,7.606132965E0,6.366710358E0
1.841509100E1,5.875282288E-1,7.558531952E0,6.303691406E0
1.842510600E1,5.736071777E-1,7.560028839E0,6.225104828E0
1.843512000E1,6.590794373E-1,7.570507050E0,6.164031830E0
1.844513400E1,7.252418518E-1,7.601342926E0,6.005810852E0
1.845514800E1,9.666897583E-1,7.684869232E0,5.912255402E0
1.846516300E1,1.231788483E0,7.730673981E0,5.691763916E0
1.847517700E1,1.140029297E0,7.787256317E0,5.724994812E0
1.848519100E1,9.996212769E-1,7.708669739E0,6.009553070E0
1.849520500E1,8.312214661E-1,7.630382538E0,6.296506348E0
1.850521900E1,7.397616577E-1,7.578889618E0,6.645131378E0
1.851523400E1,6.953041077E-1,7.488477631E0,6.733447723E0
1.852524800E1,7.824229431E-1,7.472910004E0,6.641538849E0
1.853526200E1,9.108558655E-1,7.532037048E0,6.328539734E0
1.854527600E1,8.963360596E-1,7.569459229E0,5.899831238E0
1.855529000E1,8.945397949E-1,7.579488373E0,5.843099213E0
1.856530500E1,9.732760620E-1,7.552095337E0,6.045328674E0
1.857531900E1,1.036744080E0,7.644902344E0,5.968388672E0
1.858533300E1,9.889933777E-1,7.752079468E0,5.595214691E0
1.859534700E1,9.556127930E-1,7.825426941E0,5.339246979E0
1.860536200E1,9.520202637E-1,7.788453827E0,5.328469391E0
1.861537600E1,8.716374207E-1,7.797135773E0,5.481900330E0
1.862539000E1,8.271798706E-1,7.698041840E0,5.706882477E0
1.863540400E1,8.575666809E-1,7.686066742E0,5.789510651E0
1.864541800E1,9.172924805E-1,7.761509857E0,5.784421234E0
1.865543300E1,1.022224274E0,7.771688690E0,5.821544037E0
1.866544700E1,9.756710815E-1,7.763306122E0,5.790109406E0
1.867546100E1,8.482859802E-1,7.744445343E0,5.868246918E0
1.868547500E1,7.307803345E-1,7.671247559E0,5.955066376E0
1.869548900E1,7.963439941E-1,7.642806702E0,5.940247192E0
1.870550400E1,9.891430664E-1,7.770940247E0,5.900879059E0
1.871551800E1,1.199455719E0,7.851472778E0,5.820047150E0
1.872553200E1,1.331331482E0,7.927364960E0,5.838309174E0
1.873554600E1,1.306183777E0,7.930358734E0,6.040089569E0
1.874556100E1,1.164877625E0,7.757168884E0,6.275400238E0
1.875557500E1,1.102756805E0,7.698939972E0,6.547983398E0
1.876558900E1,9.244775391E-1,7.624095612E0,6.345604248E0
1.877560300E1,8.812174988E-1,7.604935455E0,5.957910461E0
1.878561700E1,1.034349060E0,7.757468262E0,5.966442719E0
1.879563200E1,1.354982300E0,7.877817993E0,5.200186157E0
1.880564600E1,1.923500061E0,8.507408752E0,2.606230316E0
1.881566000E1,2.169139252E0,8.414002991E0,4.818030853E0
1.882567400E1,1.684447174E0,8.108338623E0,5.083728333E0
1.883568800E1,9.907896423E-1,7.881111145E0,6.239474945E0
1.884570300E1,1.137484589E0,7.619455261E0,6.706354065E0
1.885571700E1,1.166673889E0,7.594606934E0,6.934030609E0
1.886573100E1,1.163530426E0,7.588619385E0,6.665189667E0
1.887574500E1,1.326840820E0,7.649093628E0,6.321504364E0
1.888575900E1,1.511706390E0,7.767647095E0,6.128405914E0
1.889577400E1,1.520388336E0,7.853269043E0,6.012097778E0
1.890578800E1,1.388662262E0,7.842491455E0,5.973178711E0
1.891580200E1,1.195114746E0,7.761060791E0,5.898334351E0
1.892581600E1,1.094972992E0,7.710316315E0,5.964347076E0
1.893583000E1,9.771679688E-1,7.723189545E0,5.994135132E0
1.894584500E1,8.376580811E-1,7.694000244E0,6.097719727E0
1.895585900E1,8.762777710E-1,7.667355652E0,6.373895416E0
1.896587300E1,8.967851257E-1,7.738906860E0,6.370153198E0
1.897588700E1,8.080197144E-1,7.765252075E0,6.195167084E0
1.898590100E1,7.204518127E-1,7.763904877E0,5.884712677E0
1.899591600E1,6.186634827E-1,7.746091919E0,5.749394073E0
1.900593000E1,5.875282288E-1,7.732021179E0,5.792803802E0
1.901594400E1,6.345304871E-1,7.693102112E0,5.875132599E0
1.902595800E1,9.431886292E-1,7.726782074E0,5.983207855E0
1.903597300E1,1.180295563E0,7.849975891E0,6.067482605E0
1.904598700E1,1.145118713E0,7.838449860E0,6.094276886E0
1.905600100E1,1.021475830E0,7.714208221E0,6.111491089E0
1.906601462E1,9.400451660E-1,7.676786041E0,6.134094086E0
1.907602863E1,9.132508850E-1,7.666607208E0,6.146368561E0
1.908604363E1,9.632469177E-1,7.594756622E0,6.039939880E0
1.909605762E1,9.575587463E-1,7.646548920E0,5.988297272E0
1.910607162E1,8.966354370E-1,7.643405457E0,5.871390381E0
1.911608562E1,9.377998352E-1,7.627538452E0,5.826932831E0
1.912609963E1,9.717791748E-1,7.717950439E0,5.871240692E0
1.913611463E1,8.261320496E-1,7.689958649E0,5.823939056E0
1.914612862E1,6.366261292E-1,7.624694366E0,5.867348785E0
1.915614262E1,6.297404480E-1,7.589068451E0,5.882018280E0
1.916615663E1,6.277944946E-1,7.601492615E0,5.888005829E0
1.917617062E1,5.287005615E-1,7.537725220E0,5.899232483E0
1.918618562E1,5.393284607E-1,7.533384247E0,5.918692017E0
1.919619962E1,7.361691284E-1,7.595654755E0,5.931415558E0
1.920621363E1,9.801617432E-1,7.658823395E0,5.935157776E0
1.921622763E1,1.199605408E0,7.745792542E0,5.892346802E0
1.922624162E1,1.198856964E0,7.785160675E0,5.689368896E0
1.923625662E1,1.257235565E0,7.904312897E0,4.599036255E0
1.924627062E1,1.368005219E0,8.282276917E0,3.328628082E0
1.925628463E1,1.379980316E0,7.924071808E0,5.616919556E0
1.926629862E1,1.167122955E0,7.760911102E0,5.870342560E0
1.927631262E1,1.065035248E0,7.665559387E0,6.630910950E0
1.928632762E1,1.165775757E0,7.576494598E0,6.600224762E0
1.929634163E1,1.152752838E0,7.696095886E0,6.465654602E0
1.930635562E1,1.073118439E0,7.604486389E0,6.113886108E0
1.931636962E1,1.133892059E0,7.678282928E0,5.962101746E0
1.932638362E1,1.332828369E0,7.825426941E0,5.747597809E0
1.933639863E1,1.389410706E0,7.906408539E0,5.466183014E0
1.934641263E1,1.261576538E0,7.870483246E0,5.407654724E0
1.935642662E1,1.070424042E0,7.787555695E0,5.640121307E0
1.936644062E1,9.569599915E-1,7.712262268E0,5.989494781E0
1.937645463E1,8.921447754E-1,7.686665497E0,6.139931946E0
1.938646963E1,8.110134888E-1,7.689958649E0,6.128106537E0
1.939648362E1,7.301815796E-1,7.751780090E0,5.832920380E0
1.940649762E1,7.150630188E-1,7.761809235E0,5.537734222E0
1.941651163E1,8.252339172E-1,7.810607758E0,5.680836639E0
1.942652563E1,8.640032959E-1,7.825426941E0,5.844446411E0
1.943654062E1,7.423063660E-1,7.775879974E0,5.944288788E0
1.944655462E1,5.984555054E-1,7.641758881E0,6.136938171E0
1.945656862E1,6.221063232E-1,7.588918762E0,6.299051056E0
1.946658263E1,7.583230591E-1,7.591762848E0,6.463409271E0
1.947659662E1,9.181906128E-1,7.599546661E0,6.415209503E0
1.948661162E1,9.285191345E-1,7.693850555E0,6.254743195E0
1.949662562E1,9.069639587E-1,7.665260010E0,6.121669922E0
1.950663963E1,8.946894836E-1,7.630382538E0,6.169121246E0
1.951665362E1,8.554710388E-1,7.638765106E0,6.238726501E0
1.952666762E1,8.119116211E-1,7.603737946E0,6.230792999E0
1.953668262E1,7.328759766E-1,7.555238800E0,6.241720276E0
1.954669663E1,7.695497131E-1,7.564220123E0,6.061644745E0
1.955671063E1,9.885443115E-1,7.662864990E0,5.833369446E0
1.956672462E1,1.135987701E0,7.708070984E0,5.923182678E0
1.957673862E1,1.044078827E0,7.675289154E0,6.107299805E0
1.958675263E1,8.898994446E-1,7.595954132E0,6.172713776E0
1.959676763E1,8.409512329E-1,7.576793976E0,6.302344208E0
1.960678162E1,9.648934937E-1,7.595954132E0,6.400839386E0
1.961679562E1,1.032103729E0,7.643405457E0,6.257736969E0
1.962680963E1,9.566606140E-1,7.623796234E0,5.979016571E0
1.963682363E1,1.094224548E0,7.671546936E0,5.841452637E0
1.964683862E1,1.306632843E0,7.805368652E0,5.892197113E0
1.965685262E1,1.240171051E0,7.792495422E0,5.859564972E0
1.966686662E1,1.124012604E0,7.722890167E0,5.811514893E0
1.967688063E1,1.075363770E0,7.666756897E0,5.938750305E0
1.968689462E1,1.084045715E0,7.652386780E0,6.026767273E0
1.969690962E1,1.043480072E0,7.651039581E0,5.990542603E0
1.970692362E1,9.883946228E-1,7.629933472E0,5.913752289E0
1.971693763E1,1.018931122E0,7.644453278E0,5.938750305E0
1.972695162E1,1.429826660E0,7.750432892E0,5.991740112E0
1.973696562E1,1.710792389E0,7.909402313E0,5.858217773E0
1.974698062E1,1.437311096E0,7.886949005E0,5.741161194E0
1.975699463E1,1.048719177E0,7.724387054E0,5.925128632E0
1.976700863E1,8.683442688E-1,7.634723511E0,6.258335724E0
1.977702262E1,8.684939575E-1,7.557035065E0,6.446943512E0
1.978703662E1,8.872050476E-1,7.563172302E0,6.253545685E0
1.979705162E1,8.460406494E-1,7.590265961E0,5.914201355E0
1.980706563E1,9.111552429E-1,7.625442810E0,5.697452087E0
1.981707962E1,1.044527893E0,7.686366119E0,5.785918121E0
1.982709362E1,1.189576263E0,7.686366119E0,6.064488831E0
1.983710763E1,1.067729645E0,7.597900085E0,6.127507782E0
1.984712162E1,8.741821289E-1,7.530091095E0,6.119873657E0
1.985713662E1,8.015830994E-1,7.487130432E0,6.202202454E0
1.986715062E1,8.397537231E-1,7.503147125E0,6.296656036E0
1.987716463E1,9.488768005E-1,7.556585999E0,6.251300354E0
1.988717863E1,1.012943573E0,7.617958374E0,6.043981476E0
1.989719262E1,1.060095520E0,7.645201721E0,6.007756805E0
1.990720762E1,1.056353302E0,7.671247559E0,6.008205872E0
1.991722162E1,9.346563721E-1,7.686216431E0,5.891897736E0
1.992723563E1,8.131091309E-1,7.650440826E0,5.847889252E0
1.993724962E1,8.473878479E-1,7.639962616E0,5.989794159E0
1.994726362E1,1.212179260E0,7.669600983E0,6.179449768E0
1.995727862E1,1.369202728E0,7.768096161E0,6.179000702E0
1.996729263E1,1.200204163E0,7.758216705E0,6.021827545E0
1.997730662E1,1.002465363E0,7.711962891E0,5.984555054E0
1.998732062E1,8.910969543E-1,7.673941956E0,6.101911011E0
1.999733462E1,8.912466431E-1,7.597151642E0,6.225853271E0
2.000734863E1,9.467811584E-1,7.585625610E0,6.336024170E0
2.001736363E1,9.214837646E-1,7.545209656E0,6.295458527E0
2.002737762E1,7.613168335E-1,7.493417358E0,6.326893158E0
2.003739162E1,5.821394348E-1,7.379204865E0,6.391109619E0
2.004740563E1,5.650749207E-1,7.313940582E0,6.460265808E0
2.005741962E1,7.213499451E-1,7.462731171E0,6.182892609E0
2.006743454E1,1.385069733E0,8.159981232E0,1.750310211E0
2.007744854E1,1.705852661E0,8.128396912E0,5.084925842E0
2.008746254E1,1.425934753E0,7.711663513E0,5.130431213E0
2.009747654E1,8.020321655E-1,7.487579498E0,6.459966431E0
2.010749054E1,7.315287781E-1,7.121440887E0,7.052883453E0
2.011750554E1,9.695338440E-1,7.201224976E0,7.151079254E0
2.012751954E1,1.147813110E0,7.243287506E0,7.103927307E0
2.013753354E1,1.113833771E0,7.383396149E0,6.323899384E0
2.014754754E1,1.274898834E0,7.660170593E0,6.041287079E0