"Time (s)","X (m/s^2)","Y (m/s^2)","Z (m/s^2)"
2.469208333E-3,3.177891541E-1,7.285948792E0,6.292913818E0
1.248320833E-2,3.629951477E-1,7.240443420E0,6.349496155E0
2.249620833E-2,3.692820740E-1,7.291487274E0,6.392606506E0
3.251020833E-2,4.391867065E-1,7.370373230E0,6.435866547E0
4.252320833E-2,5.577401733E-1,7.550299072E0,6.460565186E0
5.253620833E-2,6.589297485E-1,7.644602966E0,6.548133087E0
6.255020833E-2,5.384303284E-1,7.616162109E0,6.563850403E0
7.256320833E-2,3.218307495E-1,7.493267670E0,6.534661102E0
8.257620833E-2,9.939331055E-2,7.419022064E0,6.419400787E0
9.259020833E-2,4.535568237E-2,7.424410858E0,6.330635376E0
1.026032083E-1,8.427474976E-2,7.470664673E0,6.353088684E0
1.126162083E-1,1.880090332E-1,7.487280121E0,6.386768646E0
1.226302083E-1,3.165916443E-1,7.568112030E0,6.564000092E0
1.326432083E-1,2.278262329E-1,7.585625610E0,6.676865387E0
1.426562083E-1,5.059478760E-2,7.576494598E0,6.486611023E0
1.526702083E-1,-1.258882141E-1,7.623646545E0,6.331982574E0
1.626832083E-1,-1.661544800E-1,7.660020905E0,6.389762421E0
1.726972083E-1,-5.254074097E-2,7.652985535E0,6.417305145E0
1.827102083E-1,9.041198730E-2,7.671247559E0,6.369255066E0
1.927232083E-1,3.418890381E-1,7.738906860E0,6.426585846E0
2.027372083E-1,5.930667114E-1,7.760911102E0,6.757098541E0
2.127502083E-1,6.303392029E-1,7.741750946E0,7.061415710E0
2.227632083E-1,4.345463562E-1,7.705077209E0,6.934329987E0
2.327772083E-1,1.139131165E-1,7.692054291E0,6.486760712E0
2.427902083E-1,-4.939727783E-3,7.774233398E0,6.045628052E0
2.528032083E-1,-3.532653809E-2,7.911947021E0,5.959557037E0
2.628172083E-1,-6.406677246E-2,7.947722626E0,6.134543152E0
2.728302083E-1,-3.652404785E-2,7.923922119E0,6.477929077E0
2.828432083E-1,-1.028361511E-1,7.945327606E0,6.895261230E0
2.928572083E-1,-1.948947144E-1,8.065677338E0,7.048841858E0
3.028702083E-1,-2.833607483E-1,8.023165741E0,7.466174011E0
3.128842083E-1,-5.842350769E-1,7.726033630E0,7.633226624E0
3.228972083E-1,-2.939886475E-1,8.051307220E0,7.206314392E0
3.329102083E-1,3.583547974E-1,8.741372223E0,6.816375275E0
3.429242083E-1,4.415817261E-1,9.389524384E0,6.229894867E0
3.529372083E-1,4.834945679E-1,9.842332764E0,5.412444763E0
3.629502083E-1,6.849755859E-1,1.006491989E1,4.987478485E0
3.729642083E-1,9.553134155E-1,9.996811523E0,4.973856812E0
3.829772083E-1,1.960622864E0,9.132658539E0,3.800446930E0
3.929902083E-1,-4.471202087E-1,1.032897079E1,4.895868988E0
4.030042083E-1,-4.495152283E-1,9.627379761E0,5.353617096E0
4.130172083E-1,8.794212341E-1,9.945917358E0,5.901926880E0
4.230312083E-1,1.414558411E0,1.095242432E1,5.961502991E0
4.330442083E-1,2.064506836E0,1.153710846E1,5.458399200E0
4.430572083E-1,2.300715637E0,1.192734695E1,5.169949036E0
4.530712083E-1,1.951192474E0,1.216550171E1,5.309907990E0
4.630842083E-1,1.753453674E0,1.239617203E1,6.257138214E0
4.730972083E-1,1.938618622E0,1.260379028E1,6.276747437E0
4.831112083E-1,4.004472656E0,1.196402069E1,7.100035400E0
4.931242083E-1,6.213578796E0,1.099972595E1,9.524393921E0
5.031372083E-1,5.878126373E0,1.032986893E1,9.906998291E0
5.131512083E-1,4.767436066E0,9.472451935E0,9.592651978E0
5.231642083E-1,5.159770203E0,8.714428253E0,1.013811768E1
5.331782083E-1,6.252348175E0,8.358318787E0,1.029798523E1
5.431912083E-1,6.923402710E0,9.156159668E0,6.793023834E0
5.532042083E-1,6.511758728E0,8.543184357E0,4.939129028E0
5.632182083E-1,7.091802521E0,9.839338989E0,4.117487640E0
5.732312083E-1,9.344019012E0,1.027553192E1,3.216511230E0
5.832442083E-1,9.936037903E0,9.832303619E0,2.652933197E0
5.932582083E-1,8.851543121E0,9.519603882E0,1.903890839E0
6.032712083E-1,8.391250305E0,8.696315918E0,1.546434174E0
6.132852083E-1,8.912915497E0,8.149952087E0,9.629475403E-1
6.232982083E-1,9.210496674E0,7.875123596E0,-8.981323242E-4
6.333112083E-1,9.257349243E0,7.807763672E0,-5.370831299E-1
6.433252083E-1,9.297765198E0,7.487878876E0,-1.187929688E0
6.533382083E-1,9.265881500E0,6.779252472E0,-1.910776520E0
6.633512083E-1,8.863368530E0,6.113886108E0,-2.565215607E0
6.733652083E-1,8.866961060E0,5.548362122E0,-3.053799591E0
6.833782083E-1,8.966653748E0,4.927902374E0,-3.241808624E0
6.933912083E-1,8.720864868E0,4.085603943E0,-3.479065247E0
7.034052083E-1,8.112978973E0,3.326981506E0,-3.267704773E0
7.134182083E-1,7.331005096E0,2.596500549E0,-2.310595093E0
7.234322083E-1,6.523135071E0,1.824406128E0,-1.292562103E0
7.334452083E-1,5.832471313E0,1.488354950E0,-3.296145630E-1
7.434582083E-1,5.576503601E0,1.481169891E0,5.427713013E-1
7.534722083E-1,4.772525482E0,1.112187195E0,1.761387177E0
7.634852083E-1,3.954476624E0,6.707551575E-1,2.772983551E0
7.734982083E-1,4.052822113E0,1.416055298E-1,2.506537628E0
7.835122083E-1,3.713777161E0,-7.379653931E-2,1.991309052E0
7.935252083E-1,3.472928009E0,-1.332229614E-1,1.375938721E0
8.035392083E-1,2.991678772E0,-4.261637878E-1,1.297501831E0
8.135522083E-1,2.292931824E0,-5.263055420E-1,1.197809143E0
8.235652083E-1,2.173330536E0,-4.296066284E-1,1.061891785E0
8.335792083E-1,1.147962799E0,-4.143383789E-1,1.312770081E0
8.435922083E-1,5.944139099E-1,-6.224057007E-1,1.296154633E0
8.536052083E-1,4.475692749E-1,-6.532415771E-1,1.484912109E0
8.636192083E-1,-1.580712891E-1,-5.939648438E-1,1.976938934E0
8.736322083E-1,-2.296224976E-1,-6.782395935E-1,2.362836456E0
8.836462083E-1,-3.680845642E-1,-8.409512329E-1,3.143612823E0
8.936592083E-1,-8.210426331E-1,-6.840774536E-1,3.878883820E0
9.036722083E-1,-1.175804901E0,-3.507206726E-1,4.009113007E0
9.136868333E-1,-1.152303772E0,-2.109114075E-1,3.604654083E0
9.236998333E-1,-9.072633362E-1,5.179229736E-2,3.566782837E0
9.337138333E-1,-2.746788025E-1,3.704795837E-1,3.842659149E0
9.437268333E-1,6.578819275E-1,7.110214233E-1,3.883823547E0
9.537398333E-1,1.120869141E0,1.274000702E0,3.756438446E0
9.637538333E-1,1.331032104E0,1.615440674E0,3.701053619E0
9.737668333E-1,1.591041412E0,1.281335449E0,3.583398285E0
9.837798333E-1,1.920057220E0,8.614585876E-1,3.599414978E0
9.937938333E-1,2.422711945E0,8.900491333E-1,3.814817047E0
1.003806833E0,3.447331238E0,8.839118958E-1,4.522096252E0
1.013820833E0,4.768633575E0,1.135388947E0,5.007985840E0
1.023833833E0,6.302344208E0,1.596280518E0,4.270170135E0
1.033846833E0,7.565417633E0,1.822909241E0,3.085832977E0
1.043860833E0,8.061785431E0,1.702110443E0,2.761008453E0
1.053873833E0,8.358917542E0,1.397044830E0,2.647394714E0
1.063886833E0,8.597521362E0,1.146765289E0,2.384541321E0
1.073900833E0,9.165140991E0,1.108894043E0,2.781066742E0
1.083913833E0,1.037058426E1,9.283694458E-1,3.540587311E0
1.093927833E0,1.137424713E1,6.936575317E-1,3.862268372E0
1.103940833E0,1.255843460E1,8.571176147E-1,3.501518555E0
1.113953833E0,1.409828247E1,1.215322723E0,2.850522308E0
1.123967833E0,1.507410324E1,1.136436768E0,2.089804230E0
1.133980833E0,1.557077042E1,6.218069458E-1,1.873354340E0
1.143993833E0,1.660452072E1,1.170565796E-1,2.408641205E0
1.154007833E0,1.787687485E1,3.251239014E-1,2.366728363E0
1.164020833E0,1.922287582E1,9.593550110E-1,8.496331787E-1
1.174034833E0,2.071916428E1,1.676064606E0,-1.172811127E0
1.244127833E0,1.788465866E1,-2.973416748E0,-1.764830017E0
1.254141833E0,1.696392334E1,-3.542233887E0,-2.907553711E0
1.264154833E0,1.682426376E1,-3.687132568E0,-4.742438049E0
1.274167833E0,1.706601105E1,-3.773203583E0,-6.669380951E0
1.284181833E0,1.782927383E1,-3.413800964E0,-8.806786194E0
1.294194833E0,1.862891098E1,-2.474204865E0,-1.089958420E1
1.304208833E0,1.889565628E1,-2.372266846E0,-1.150327881E1
1.314221833E0,1.838357117E1,-2.545905762E0,-1.036444702E1
1.324234833E0,1.765443741E1,-2.794838104E0,-8.672216034E0
1.334248833E0,1.706196945E1,-3.185076599E0,-7.942483521E0
1.344261833E0,1.629241974E1,-3.404220886E0,-7.885601807E0
1.354275833E0,1.538171356E1,-3.559597778E0,-8.464298401E0
1.364288833E0,1.474089615E1,-3.636986847E0,-8.870553589E0
1.374301833E0,1.379621063E1,-4.135749664E0,-9.141041107E0
1.384315833E0,1.241144028E1,-4.753365326E0,-9.174870758E0
1.394328833E0,1.165611099E1,-5.382656708E0,-8.938063202E0
1.404341833E0,1.091530151E1,-5.355113983E0,-9.289083252E0
1.414355833E0,1.101229980E1,-4.455933838E0,-1.078806610E1
1.424368833E0,1.237985596E1,-3.137325897E0,-1.103999222E1
1.434382833E0,1.302097275E1,-2.983445892E0,-1.136930740E1
1.444395833E0,1.231144821E1,-3.159030762E0,-1.232851273E1
1.454408833E0,1.136047577E1,-3.569327545E0,-1.272024811E1
1.464422833E0,1.061023590E1,-4.267176361E0,-1.270318359E1
1.474435833E0,9.774673462E0,-4.389472046E0,-1.124027573E1
1.484449833E0,9.271569672E0,-4.520299988E0,-9.590556335E0
1.494462833E0,8.722361755E0,-4.806504822E0,-8.324638824E0
1.504475833E0,8.108937378E0,-5.095853119E0,-7.099436646E0
1.514489833E0,7.350464630E0,-5.389542389E0,-5.948480072E0
1.524502833E0,6.778504028E0,-5.588478699E0,-4.941524048E0
1.534516833E0,6.245013428E0,-5.575904846E0,-4.686454468E0
1.544529833E0,5.573060760E0,-5.395529938E0,-4.995861053E0
1.554542833E0,5.277874603E0,-5.180427246E0,-5.483846283E0
1.564556833E0,5.517376556E0,-4.689897308E0,-5.918093262E0
1.574569833E0,5.790857849E0,-4.137246552E0,-6.306984558E0
1.584583833E0,5.531297607E0,-3.829336853E0,-6.390510864E0
1.594596833E0,5.491480408E0,-3.496429138E0,-5.251230011E0
1.604609833E0,5.565726013E0,-3.178639984E0,-3.685635681E0
1.614623833E0,5.176984406E0,-3.080593872E0,-3.149450684E0
1.624636833E0,4.547393646E0,-3.178490295E0,-2.666105804E0
1.634650833E0,3.732637939E0,-3.231779480E0,-1.948198700E0
1.644663833E0,3.209326172E0,-3.069217529E0,-1.514700165E0
1.654676833E0,2.960393829E0,-2.952310638E0,-1.756896515E0
1.664690833E0,2.506238251E0,-2.793191528E0,-2.255060577E0
1.674703833E0,1.769470367E0,-2.467019806E0,-2.629881134E0
1.684717833E0,1.290616150E0,-1.933828583E0,-2.636018372E0
1.694730833E0,6.857240295E-1,-1.302591248E0,-2.106719055E0
1.704743833E0,4.840933228E-1,-9.520202637E-1,-1.801204376E0
1.714757833E0,7.011419678E-1,-9.889933777E-1,-1.523681488E0
1.724770833E0,7.940986633E-1,-9.833052063E-1,-6.396199036E-1
1.734784833E0,2.808160400E-1,-6.629713440E-1,2.932402039E-1
1.744797833E0,-2.136058044E-1,-4.969665527E-1,9.092092896E-1
1.754810833E0,-2.591111755E-1,6.885681152E-3,1.556912384E0
1.764824833E0,1.404080200E-1,9.045689392E-1,1.763183441E0
1.774837833E0,5.798941040E-1,1.746118927E0,1.706601105E0
1.784851833E0,1.091829529E0,2.293829956E0,1.571432190E0
1.794864833E0,1.384021912E0,2.636467438E0,1.351689148E0
1.804877833E0,1.062490540E0,3.291505280E0,1.127455444E0
1.814891833E0,3.680845642E-1,4.159250793E0,7.361691284E-1
1.824904833E0,-2.133064270E-1,4.321513367E0,5.418731689E-2
1.834918833E0,-3.188369751E-1,4.355941772E0,-2.763253784E-1
1.844931833E0,-4.430786133E-1,4.746329956E0,-4.924758911E-2
1.854944833E0,-6.947053528E-1,4.779860229E0,-5.882766724E-2
1.864958833E0,-1.001118164E0,4.414619751E0,9.999206543E-2
1.874971833E0,-1.361119537E0,4.238885193E0,7.283853149E-1
1.884985833E0,-1.268761597E0,4.558620300E0,1.699565735E0
1.894998833E0,-1.149609375E0,5.128784637E0,2.961291962E0
1.905011833E0,-9.704319763E-1,5.234913940E0,3.249293060E0
1.915025625E0,-6.026467896E-1,5.097200317E0,2.509830780E0
1.925038625E0,9.325607300E-2,5.134472809E0,1.862726440E0
1.935052625E0,1.375040588E0,5.512137451E0,1.586999817E0
1.945065625E0,2.287093964E0,5.758525085E0,1.401834869E0
1.955078625E0,2.341880035E0,6.064039764E0,1.593137054E0
1.965092625E0,2.446662140E0,6.181695099E0,2.069895630E0
1.975105625E0,3.071911926E0,6.107000427E0,2.333647156E0
1.985119625E0,3.715274048E0,6.037245483E0,2.069745941E0
1.995132625E0,4.403842163E0,5.810018005E0,1.725611572E0
2.005145625E0,4.749473419E0,5.703140259E0,2.247426453E0
2.015159625E0,4.418361969E0,5.926924896E0,3.059487762E0
2.025172625E0,3.961811371E0,5.776787109E0,3.205434265E0
2.035186625E0,3.278482361E0,5.229824524E0,3.118016052E0
2.045199625E0,3.121009827E0,4.874164124E0,3.472478943E0
2.055212625E0,3.813320160E0,4.781656494E0,3.516038361E0
2.065226625E0,4.553680573E0,4.745132446E0,3.231929169E0
2.075239625E0,5.386099548E0,4.721781006E0,3.196602631E0
2.085253625E0,6.053262177E0,4.666396179E0,2.841391296E0
2.095266625E0,6.220913544E0,4.567002869E0,1.929637299E0
2.105279625E0,6.680457916E0,4.090244293E0,1.351539459E0
2.115293625E0,7.331603851E0,3.589535522E0,1.505569153E0
2.125306625E0,8.017327881E0,3.108435974E0,1.814676361E0
2.135320625E0,9.221573639E0,2.792742462E0,1.989961853E0
2.145333625E0,1.062475571E1,2.477348328E0,1.359472961E0
2.155346625E0,1.181582886E1,2.381248169E0,2.481838989E-1
2.165360625E0,1.233000961E1,2.302511902E0,-8.894503784E-1
2.175373625E0,1.246502884E1,1.262175293E0,-2.313289490E0
2.185387625E0,1.314401688E1,3.254232788E-1,-2.902015228E0
2.195400625E0,1.467233871E1,1.100212097E-1,-2.675236816E0
2.205414625E0,1.606219849E1,-5.912704468E-2,-2.640059967E0
2.215427625E0,1.728635284E1,-2.055226135E-1,-2.553240509E0
2.225440625E0,1.821502167E1,-4.403842163E-1,-2.372416534E0
2.235454625E0,1.803329956E1,-1.076710968E0,-2.129771118E0
2.245467625E0,1.710014008E1,-2.592758331E0,-2.577639771E0
2.255481625E0,1.612027771E1,-4.466112671E0,-2.875071259E0
2.265494625E0,1.665601364E1,-5.002746735E0,-3.103047180E0
2.275507625E0,1.781759811E1,-4.708009644E0,-4.749922485E0
2.285521625E0,1.868444550E1,-4.581073608E0,-6.540049896E0
2.295534625E0,1.931238968E1,-4.374203796E0,-7.318131866E0
2.315561625E0,1.855795853E1,-4.381538544E0,-1.047072601E1
2.325574625E0,1.782747757E1,-4.096680908E0,-1.186283112E1
2.335588625E0,1.675705353E1,-4.150119781E0,-1.248209335E1
2.345601625E0,1.565803894E1,-4.769082642E0,-1.148366959E1
2.355615625E0,1.500958740E1,-5.441933441E0,-1.001522324E1
2.365628625E0,1.460482910E1,-5.858666840E0,-9.000034332E0
2.375642625E0,1.417237839E1,-6.272705841E0,-8.225993958E0
2.385655625E0,1.391117157E1,-6.612349548E0,-7.664661255E0
2.395668625E0,1.357781479E1,-6.778354340E0,-7.385491791E0
2.405682625E0,1.327574295E1,-6.719227295E0,-7.249724121E0
2.415695625E0,1.269375320E1,-6.652615814E0,-7.667505341E0
2.425709625E0,1.197524734E1,-6.524631958E0,-8.739725647E0
2.435722625E0,1.129206802E1,-6.594237213E0,-9.964029694E0
2.445736625E0,1.097158447E1,-6.469995575E0,-1.074899734E1
2.455749625E0,1.142080032E1,-6.274951172E0,-1.154579041E1
2.465762625E0,1.141301651E1,-5.951473846E0,-1.186073547E1
2.475776625E0,1.119521942E1,-5.774242401E0,-1.150717072E1
2.485789625E0,1.076546310E1,-5.622907104E0,-1.052641022E1
2.495803625E0,1.000803818E1,-6.125412140E0,-9.543105011E0
2.505816625E0,9.369915161E0,-6.455475769E0,-8.599766693E0
2.515829625E0,9.103618927E0,-6.500831451E0,-7.699389038E0
2.525843625E0,8.760532379E0,-6.614145813E0,-7.253765717E0
2.535856625E0,8.463999023E0,-6.426436157E0,-6.824757843E0
2.545870625E0,8.197702789E0,-6.307134247E0,-6.759792938E0
2.555883625E0,7.413184204E0,-6.242768097E0,-7.373217316E0
2.565897625E0,7.119794312E0,-6.072272644E0,-8.039481812E0
2.575910625E0,7.138655090E0,-6.148913269E0,-8.021968231E0
2.585923625E0,6.674470367E0,-6.403384094E0,-7.682324524E0
2.595937625E0,6.198310547E0,-6.548282776E0,-7.698041840E0
2.605950625E0,5.888903961E0,-6.599027252E0,-7.998616791E0
2.615964625E0,5.617518311E0,-6.660100250E0,-7.921527100E0
2.625977625E0,5.920488281E0,-6.927893372E0,-7.351961517E0
2.635990625E0,6.306535492E0,-6.763086090E0,-6.423143005E0
2.646004625E0,6.188131714E0,-6.515500946E0,-6.152954865E0
2.656017625E0,6.163732452E0,-6.029162292E0,-6.613846436E0
2.666031625E0,6.323300629E0,-5.458099823E0,-7.239545288E0
2.676044625E0,6.343658295E0,-5.161117401E0,-7.849227448E0
2.686058625E0,6.208788757E0,-5.037773895E0,-8.420738983E0
2.696071625E0,5.838758240E0,-5.222789154E0,-8.996591492E0
2.706084625E0,5.418881378E0,-5.486989746E0,-9.276060333E0
2.716098625E0,5.190905457E0,-5.397176514E0,-9.203161926E0
2.726111625E0,4.835544434E0,-5.361550598E0,-8.146209869E0
2.736125625E0,5.380710754E0,-4.772675171E0,-6.983577576E0
2.746138625E0,5.272785187E0,-4.393813019E0,-6.871460724E0
2.756152625E0,5.091512146E0,-4.140839081E0,-6.977889404E0
2.766165625E0,4.857848053E0,-3.790268097E0,-7.055428162E0
2.776178625E0,4.632566528E0,-3.927233276E0,-7.365433502E0
2.786192625E0,4.331243134E0,-4.339176636E0,-7.645501099E0
2.796205625E0,4.002526703E0,-4.673581238E0,-7.716453552E0
2.806219625E0,3.708538055E0,-4.766238556E0,-7.493117981E0
2.816232625E0,3.771706696E0,-4.631219330E0,-6.780150604E0
2.826245625E0,3.902085571E0,-4.268673248E0,-5.988596649E0
2.836259625E0,4.098626862E0,-3.876488800E0,-5.273833008E0
2.846272625E0,4.370012512E0,-3.348686371E0,-4.158053284E0
2.856286625E0,4.640500031E0,-2.743943939E0,-2.856360168E0
2.866299625E0,4.667444000E0,-2.327809296E0,-2.069147186E0
2.876313625E0,4.516108704E0,-2.101779327E0,-1.770069122E0
2.886326625E0,4.144431610E0,-1.924248505E0,-1.559008026E0
2.896339625E0,3.610491943E0,-1.630259857E0,-1.198856964E0
2.906353625E0,3.231180725E0,-1.205892334E0,-8.419990540E-1
2.916366208E0,2.799179077E0,-9.306147766E-1,-5.493576050E-1
2.926380208E0,2.120041351E0,-7.192543030E-1,-6.731501770E-1
2.936393208E0,1.234482880E0,-4.989125061E-1,-1.257235565E0
2.946407208E0,5.119354248E-1,-2.356100464E-1,-1.683698730E0
2.956420208E0,5.538482666E-3,-1.451980591E-2,-1.875599670E0
2.966433208E0,-6.122268677E-1,1.257385254E-1,-2.068548431E0
2.976447208E0,-1.368903351E0,4.345463562E-1,-1.870659943E0
2.986460208E0,-1.354832611E0,4.423301697E-1,-1.977537689E0
2.996474208E0,-1.364562378E0,5.617817688E-1,-2.187251587E0
3.006487208E0,-1.506916351E0,8.503816223E-1,-2.168241119E0
3.016501208E0,-1.663490753E0,1.201701050E0,-1.763183441E0
3.026514208E0,-1.837429047E0,1.393152924E0,-1.359323273E0
3.036528208E0,-2.011067963E0,1.330882416E0,-1.098864899E0
3.046541208E0,-2.339035950E0,1.303489380E0,-7.581733704E-1
3.056554208E0,-2.871478729E0,1.526824951E0,-3.864962769E-1
3.066568208E0,-3.348686371E0,1.490001526E0,-1.345701599E-1
3.076581208E0,-3.822151794E0,1.150058441E0,7.488926697E-1
3.086595208E0,-4.188739471E0,1.345402222E0,1.808988190E0
3.096608208E0,-3.881877594E0,1.914818115E0,2.006876678E0
3.106622208E0,-3.753294983E0,2.639910278E0,1.795665894E0
3.116635208E0,-3.675606537E0,2.919379120E0,1.819316711E0
3.126648208E0,-3.575614471E0,2.859803009E0,1.800904999E0
3.136662208E0,-3.702550507E0,3.060984650E0,1.933828583E0
3.146675208E0,-3.643273773E0,3.007695465E0,2.649640045E0
3.156689208E0,-4.072131958E0,2.698288879E0,3.637435913E0
3.166702208E0,-4.920417938E0,2.268382874E0,4.649780731E0
3.176716208E0,-5.672005005E0,2.061513062E0,5.469625854E0
3.186729208E0,-6.132896576E0,2.150877228E0,5.298232269E0
3.196742208E0,-5.996230774E0,2.268682251E0,4.553830261E0
3.206756208E0,-5.087320862E0,2.659369812E0,4.435276794E0
3.216769208E0,-4.462520142E0,3.312461700E0,4.853207703E0
3.226783208E0,-4.457580414E0,3.567231903E0,4.908891907E0
3.236796208E0,-4.209845581E0,3.301235046E0,4.550088043E0
3.246810208E0,-4.430636444E0,3.183879089E0,4.236789551E0
3.256823208E0,-4.622687073E0,3.160228271E0,4.125570831E0
3.266836208E0,-4.316723328E0,2.914589081E0,4.225712585E0
3.276850208E0,-4.026925964E0,2.593506775E0,4.497547302E0
3.286863208E0,-4.204756165E0,2.551743622E0,4.780009918E0
3.296877208E0,-4.618944855E0,3.687282257E0,4.419559479E0
3.306890208E0,-3.257376251E0,3.744762726E0,4.023034058E0
3.316904208E0,-1.452279968E0,2.989583130E0,4.471052399E0
3.326917208E0,2.993774414E-2,2.199975128E0,6.196813660E0
3.336931208E0,1.464853821E0,1.113235016E0,7.668702850E0
3.346944208E0,1.893113251E0,2.374063110E-1,8.893156586E0
3.356957208E0,1.354233856E0,-8.038284302E-2,1.026086243E1
3.366971208E0,1.938917999E0,-8.641529846E-1,1.127859604E1
3.376984208E0,3.711831207E0,-1.603914642E0,1.185863983E1
3.386998208E0,5.926924896E0,-2.244732056E0,1.179457306E1
3.397011208E0,8.399782562E0,-2.451302490E0,1.101244949E1
3.407025208E0,1.002210892E1,-2.208357697E0,9.280850372E0
3.417038208E0,9.795480194E0,-3.087928619E0,7.711962891E0
3.427051208E0,1.109283234E1,-4.465663605E0,8.557853851E0
3.437065208E0,1.451456680E1,-4.251159668E0,9.361382904E0
3.447078208E0,1.699236420E1,-4.374054108E0,8.877888336E0
3.457092208E0,1.836171661E1,-5.530698853E0,7.878865814E0
3.467105208E0,1.789678345E1,-7.319179688E0,5.505102081E0
3.477119208E0,1.726704300E1,-9.696236572E0,4.039799194E0
3.487132208E0,1.895897461E1,-1.111753098E1,2.597099304E0
3.497146208E0,2.152538773E1,-1.312365921E1,9.686357117E-1
3.707428208E0,1.695075073E1,-1.153156998E1,-5.920787659E0
3.717441208E0,1.342543167E1,-1.304177948E1,-2.210004272E0
3.727455208E0,1.073253159E1,-1.445169754E1,-4.758604431E-1
3.737468208E0,8.870553589E0,-1.557451263E1,-6.821315002E-1
3.747482208E0,6.343358917E0,-1.583991074E1,-1.473236389E0
3.757495208E0,4.830604706E0,-1.535087769E1,-3.469784546E0
3.767509208E0,4.089944916E0,-1.501273087E1,-5.995033264E0
3.777522208E0,4.109554138E0,-1.531614990E1,-7.964787140E0
3.787535208E0,5.078638916E0,-1.600621490E1,-9.363927612E0
3.797549208E0,6.577621765E0,-1.609348343E1,-9.743987274E0
3.807562208E0,7.611970825E0,-1.527528488E1,-9.466913452E0
3.817576208E0,8.429420929E0,-1.438733139E1,-9.787696381E0
3.827589208E0,8.796457672E0,-1.359562775E1,-9.858199768E0
3.837603208E0,8.286318512E0,-1.291304718E1,-8.831784210E0
3.847616208E0,7.102729797E0,-1.227522354E1,-7.499105530E0
3.857630208E0,6.453230438E0,-1.249781067E1,-6.299799500E0
3.867643208E0,5.524112549E0,-1.319131851E1,-5.114264832E0
3.877656208E0,5.018014984E0,-1.436697372E1,-4.395010529E0
3.887670208E0,4.708608398E0,-1.551688248E1,-4.618645477E0
3.897683208E0,4.384981384E0,-1.622595795E1,-5.616470490E0
3.907697208E0,3.396137695E0,-1.555445435E1,-6.733148346E0
3.917710833E0,3.373235321E0,-1.290690994E1,-7.895481262E0
3.927724833E0,5.424719238E0,-1.114642090E1,-8.668473816E0
3.937737833E0,6.301595764E0,-1.255379425E1,-8.665480042E0
3.947751833E0,5.245092773E0,-1.602312973E1,-6.267616425E0
3.957764833E0,2.708318024E0,-1.893577286E1,-2.762954407E0
3.967777833E0,1.505718842E0,-2.034658905E1,-2.270777893E-1
3.987804833E0,1.617386627E0,-1.757300674E1,8.607101440E-1
3.997818833E0,1.774859161E0,-1.545655792E1,-5.134323120E-1
4.007831833E0,2.703677673E0,-1.329340622E1,-2.041903839E0
4.017845833E0,2.986888733E0,-1.261801071E1,-3.134332123E0
4.027858833E0,2.518812103E0,-1.278626083E1,-2.091450806E0
4.037872833E0,2.380948792E0,-1.338007599E1,1.766326904E-1
4.047885833E0,2.212998047E0,-1.364038467E1,1.909579010E0
4.057899833E0,2.089504852E0,-1.313907715E1,2.815495148E0
4.067912833E0,1.902992706E0,-1.237850876E1,3.232827301E0
4.077925833E0,2.195035400E0,-1.194980026E1,3.042273560E0
4.087939833E0,1.849404144E0,-1.124027573E1,2.214345245E0
4.097952833E0,1.319057007E0,-1.069540878E1,9.668394470E-1
4.107966833E0,1.174308014E0,-1.034214340E1,-4.475692749E-2
4.117979833E0,1.154998169E0,-9.534123688E0,-2.029779053E-1
4.127993833E0,1.265318756E0,-8.541088715E0,3.179388428E-1
4.138006833E0,1.659000092E0,-7.556136932E0,1.217268677E0
4.148020833E0,2.245480499E0,-6.234684906E0,2.086062012E0
4.158033833E0,1.938917999E0,-5.032085724E0,1.782792664E0
4.168047833E0,1.279838562E0,-5.390290833E0,7.613168335E-1
4.178060833E0,5.224136353E-1,-6.561156006E0,2.653981018E-1
4.188073833E0,-7.568261719E-1,-7.401508484E0,7.652087402E-1
4.198087833E0,-2.018253021E0,-7.470065918E0,1.363364868E0
4.208100833E0,-2.973566437E0,-6.735243988E0,1.723815308E0
4.218114833E0,-3.985611877E0,-5.203928375E0,1.781894531E0
4.228127833E0,-4.847818909E0,-3.686084747E0,1.901196442E0
4.238141833E0,-5.301076355E0,-3.038231964E0,2.042801971E0
4.248154833E0,-5.747747498E0,-3.059487762E0,1.869312744E0
4.258168833E0,-5.904770966E0,-2.996319122E0,2.048041077E0
4.268181833E0,-6.055357819E0,-2.694546661E0,2.572700043E0
4.278195833E0,-6.278992767E0,-2.380799103E0,2.513722687E0
4.288208833E0,-6.114784241E0,-1.838327179E0,1.076860657E0
4.298221833E0,-5.586981812E0,-1.653461609E0,-1.425485687E0
4.308235833E0,-7.128775635E0,-1.889221344E0,-2.390678558E0
4.318248833E0,-9.151519318E0,-2.619702301E0,-1.688937836E0
4.328262833E0,-1.092263626E1,-3.081791382E0,1.060394897E0
4.338275833E0,-1.256786499E1,-2.522404633E0,3.803590393E0
4.348289833E0,-1.377031448E1,-1.854942627E0,5.088967438E0
4.358302833E0,-1.394275589E1,-1.506467285E0,5.259612579E0
4.368316833E0,-1.263507523E1,-1.007255402E0,3.318898315E0
4.378329833E0,-1.067026108E1,-6.149212646E-1,1.012793884E0
4.388343833E0,-9.202862549E0,-7.589218140E-2,2.528242493E-1
4.398356833E0,-7.137158203E0,8.273295593E-1,2.736309814E-1
4.408370833E0,-6.351442108E0,1.126257935E0,-4.013154602E-1
4.418383833E0,-6.778354340E0,5.087919617E-1,-1.071621552E0
4.428396833E0,-7.252268829E0,1.111438751E0,-1.205742645E0
4.438410833E0,-6.374045105E0,2.374362488E0,7.176077271E-1
4.448423833E0,-7.057074738E0,1.976938934E0,3.871249695E0
4.458437833E0,-7.720195770E0,1.011596375E0,5.551954651E0
4.468450833E0,-7.319029999E0,1.319206696E0,4.548291779E0
4.478464833E0,-6.949598236E0,8.375083923E-1,2.064057770E0
4.488477833E0,-6.969506836E0,-2.827619934E-1,1.003812561E0
4.498491833E0,-7.020401001E0,-9.909393311E-2,1.978286133E0
4.508504833E0,-6.001320190E0,4.827461243E-1,3.269501038E0
4.518518833E0,-5.783223724E0,9.361532593E-1,3.564088440E0
4.528531833E0,-6.169270935E0,1.741628265E0,2.663710785E0
4.538545833E0,-6.192772064E0,1.435814209E0,2.399959259E0
4.548558833E0,-6.474785614E0,7.812254333E-1,3.679797821E0
4.558571833E0,-5.980214081E0,1.081800385E0,4.800517273E0
4.568585833E0,-4.866679688E0,1.938768311E0,5.022206268E0
4.578598833E0,-3.223546600E0,2.279010773E0,4.840484161E0
4.588612833E0,-1.464255066E0,2.056573334E0,5.507197723E0
4.598625833E0,-8.505313110E-1,1.252146149E0,5.900280304E0
4.608639833E0,-1.734293518E0,8.083190918E-2,4.872517548E0
4.618652833E0,-3.925586700E0,9.624984741E-2,3.638184357E0
4.628666833E0,-3.881727905E0,-1.263372803E-1,2.727178802E0
4.638679833E0,-2.233505402E0,-1.017883301E0,2.185305634E0
4.648693833E0,-2.938389587E-1,-1.591640167E0,3.068768463E0
4.658706833E0,1.469194794E0,-1.776954803E0,5.201683044E0
4.668720833E0,4.100273438E0,-2.306403809E0,7.232060852E0
4.678733833E0,6.891668701E0,-2.558479614E0,8.371790771E0
4.688746833E0,7.790549469E0,-2.246228943E0,8.466394043E0
4.698760833E0,7.754474487E0,-1.056053925E0,8.326584778E0
4.708773833E0,8.994046783E0,-2.270777893E-1,8.912765808E0
4.718787833E0,1.008617569E1,-1.618135071E-1,1.018691620E1
4.728800833E0,9.607471161E0,-2.890489197E-1,1.152228928E1
4.738814833E0,8.473878479E0,-8.408015442E-1,1.190758804E1
4.748827833E0,8.243806915E0,-2.696791992E0,1.095736404E1
4.758841833E0,7.839946747E0,-3.774550781E0,9.159752197E0
4.768854833E0,6.714137878E0,-3.605103149E0,7.200925598E0
4.778868833E0,7.610324249E0,-4.272116089E0,6.160289612E0
4.788881833E0,1.052386551E1,-5.472020874E0,5.806425476E0
4.798895833E0,1.580458420E1,-5.763165436E0,7.519612885E0
4.808908833E0,2.036080948E1,-5.625302124E0,1.194515991E1
4.818922833E0,2.151505920E1,-6.541846161E0,1.680151108E1
4.848962833E0,1.662338150E1,-1.075558365E1,1.325328964E1
4.858975833E0,2.009077103E1,-9.504934387E0,4.830005951E0
4.868989833E0,2.325923218E1,-8.558751984E0,-1.176403656E0
5.079272500E0,1.831606155E1,-1.867471573E1,-1.403795792E1
5.089285500E0,1.732527191E1,-1.768407578E1,-1.278461426E1
5.099299500E0,1.515912643E1,-1.718037323E1,-1.140238861E1
5.109312500E0,1.282323395E1,-1.753812927E1,-1.020607635E1
5.119326500E0,1.110525650E1,-1.867501511E1,-9.407936096E0
5.129339500E0,9.688602448E0,-1.885913223E1,-7.360643463E0
5.139352500E0,9.355545044E0,-1.861843277E1,-5.496420135E0
5.149366500E0,8.900790710E0,-1.802701263E1,-5.258415070E0
5.159379500E0,8.541986847E0,-1.716764969E1,-5.551355896E0
5.169393500E0,8.474477234E0,-1.642564270E1,-5.166057129E0
5.179406500E0,8.884025574E0,-1.591954514E1,-5.283113708E0
5.189420500E0,8.906628571E0,-1.493773682E1,-4.813689880E0
5.199433500E0,9.111851807E0,-1.548649567E1,-4.803960114E0
5.209447500E0,7.880362701E0,-1.586116653E1,-3.625760193E0
5.219460500E0,7.025191040E0,-1.625439880E1,-1.247356110E0
5.229474500E0,6.845265198E0,-1.628283966E1,-1.020877075E-1
5.239487500E0,6.607409821E0,-1.531555115E1,2.228865051E-1
5.249501500E0,6.274352417E0,-1.418644913E1,-1.791773987E-1
5.259514500E0,6.186784515E0,-1.317200867E1,-1.038390656E0
5.269528500E0,5.976172485E0,-1.213646210E1,-1.575773163E0
5.279541500E0,6.143524475E0,-1.153531219E1,-2.487078094E0
5.289555500E0,6.276597748E0,-1.136302048E1,-2.466271362E0
5.299568500E0,5.267546082E0,-1.228076202E1,-1.440155182E0
5.309581500E0,4.049828339E0,-1.427371765E1,-1.541793823E0
5.319595500E0,2.187550964E0,-1.369906265E1,-1.435065765E0
5.329608500E0,1.763333130E0,-1.341315720E1,-2.405048676E0
5.339622500E0,1.306483154E0,-1.170999893E1,-4.133803711E0
5.349635500E0,2.662812653E0,-1.071786209E1,-5.224435730E0
5.359649500E0,3.535198517E0,-1.045934967E1,-4.661606140E0
5.369662500E0,3.837869110E0,-1.044887146E1,-2.338287506E0
5.379676500E0,4.008364563E0,-1.067085983E1,-4.333488464E-1
5.389689500E0,3.830534363E0,-1.098565521E1,7.484436035E-1
5.399703500E0,3.664529572E0,-1.122380997E1,1.947899323E0
5.409716500E0,3.146007843E0,-1.046623535E1,2.738854523E0
5.419730500E0,2.889291687E0,-9.285041656E0,1.290167084E0
5.429743500E0,2.876268768E0,-9.257947998E0,-1.385818176E0
5.439757500E0,2.354603577E0,-8.820557556E0,-1.750459900E0
5.449770500E0,2.299069061E0,-8.496631165E0,-8.681945801E-1
5.459784500E0,2.264940033E0,-8.111781464E0,-9.744735718E-2
5.469797500E0,2.164947968E0,-7.639064484E0,5.996530151E-1
5.479811500E0,1.978884888E0,-7.315587158E0,1.043031006E0
5.489824500E0,2.038311310E0,-7.173532562E0,8.267308044E-1
5.499837500E0,2.421664124E0,-7.109765167E0,6.071374512E-1
5.509851500E0,2.643652496E0,-6.603966980E0,1.148262177E0
5.519865500E0,2.009720764E0,-5.037773895E0,1.864822083E0
5.529878500E0,8.985813904E-1,-3.079695740E0,1.501377869E0
5.539891500E0,9.011260986E-2,-2.308349762E0,1.158590698E-1
5.549905500E0,-1.003812561E0,-2.592009888E0,-1.044827271E-1
5.559918500E0,-2.050735474E0,-3.549868011E0,1.775158539E0
5.569932500E0,-2.411036224E0,-4.718188477E0,3.645070038E0
5.579945500E0,-2.676733704E0,-5.654042358E0,5.316194916E0
5.589959500E0,-3.271746368E0,-5.839806061E0,6.270460510E0
5.599972500E0,-3.602259064E0,-5.421725464E0,6.223757629E0
5.609986500E0,-4.165088654E0,-4.129013672E0,5.704637146E0
5.619999500E0,-4.204756165E0,-2.940934296E0,4.295916595E0
5.630013500E0,-3.922293549E0,-1.372645569E0,2.190844116E0
5.640026500E0,-3.667673035E0,7.357200623E-1,7.268884277E-1
5.650040500E0,-2.807861023E0,2.049388275E0,-4.595443726E-1
5.660053500E0,-2.365231476E0,2.605631561E0,-1.438957672E0
5.670067500E0,-2.432890778E0,2.607128448E0,-1.240320740E0
5.680080500E0,-2.687062225E0,2.633323975E0,-4.523593140E-1
5.690094500E0,-3.076402588E0,2.521057434E0,3.995191956E-1
5.700107500E0,-3.547023926E0,2.125130768E0,1.043629761E0
5.710121500E0,-4.351750488E0,2.102827148E0,1.680704956E0
5.720134500E0,-5.188061371E0,2.626737671E0,2.625839539E0
5.730147500E0,-5.400020599E0,2.971620483E0,2.856509857E0
5.740161500E0,-5.191803589E0,2.980302429E0,2.785856781E0
5.750174500E0,-4.731660461E0,2.916535034E0,2.340981903E0
5.760188500E0,-4.105063477E0,2.827769623E0,1.817969513E0
5.770201500E0,-3.826941833E0,2.728675690E0,2.190245361E0
5.780215500E0,-3.857777710E0,2.972518616E0,3.045267334E0
5.790228500E0,-3.524271240E0,3.179837494E0,3.371439056E0
5.800242500E0,-3.330124969E0,3.457959137E0,3.205583954E0
5.810255500E0,-3.520978088E0,3.851490784E0,2.677332458E0
5.820269500E0,-3.801345062E0,3.807332611E0,2.214644623E0
5.830282500E0,-3.926634521E0,3.163970490E0,1.762584686E0
5.840296500E0,-3.898043976E0,2.372416534E0,1.739083557E0
5.850309500E0,-3.666176147E0,1.922901306E0,2.290985870E0
5.860323500E0,-3.308120728E0,1.964365082E0,3.607797546E0
5.870336500E0,-2.928210754E0,2.323917389E0,5.380860443E0
5.880350500E0,-2.554438019E0,2.846929779E0,6.829248505E0
5.890363500E0,-2.296374664E0,3.115920410E0,7.156617737E0
5.900377500E0,-2.728975067E0,3.121458893E0,6.451583862E0
5.910390500E0,-3.445984039E0,2.847827911E0,5.195695496E0
5.920405125E0,-3.935615845E0,2.337389374E0,3.872447205E0
5.930418125E0,-3.859573975E0,2.066153412E0,2.922073517E0
5.940432125E0,-3.371888123E0,2.578986969E0,2.395169220E0
5.950445125E0,-2.950065308E0,3.918551331E0,2.221979370E0
5.960459125E0,-1.903441772E0,4.497397614E0,2.592159576E0
5.970472125E0,-8.434959412E-1,4.748724976E0,2.929557953E0
5.980486125E0,-1.796264648E-3,4.640949097E0,2.985691223E0
5.990499125E0,8.479866028E-1,4.193230133E0,2.920277252E0
6.000512125E0,1.674567719E0,3.393143921E0,2.949017487E0
6.010526125E0,2.277214508E0,2.888992310E0,2.729424133E0
6.020539125E0,9.882449341E-1,3.241958313E0,2.507286072E0
6.030553125E0,-2.436932373E-1,3.301983490E0,2.620600433E0
6.040566125E0,-3.635939026E-1,3.225642242E0,2.176923065E0
6.050580125E0,1.251397705E-1,3.490591278E0,1.303788757E0
6.060593125E0,4.564009094E-1,3.452420654E0,1.185983734E0
6.070607125E0,5.358856201E-1,2.875819702E0,1.684147797E0
6.080620125E0,1.577569427E0,3.001258850E0,3.007695465E0
6.090634125E0,2.397264862E0,4.612807617E0,4.281097412E0
6.100647125E0,2.960842896E0,5.025050354E0,4.167932739E0
6.110661125E0,2.734812927E0,4.802014160E0,3.407813416E0
6.120674125E0,2.239492950E0,3.584895172E0,2.844834137E0
6.130688125E0,1.768422546E0,1.806443481E0,2.491718445E0
6.140701125E0,1.351689148E0,3.124003601E-1,2.073937225E0
6.150715125E0,2.227368164E-1,-9.108558655E-1,1.879491577E0
6.160728125E0,2.016307068E-1,-1.513802032E0,3.457959137E0
6.170742125E0,2.187401276E0,-1.433419189E0,5.551804962E0
6.180755125E0,3.894601135E0,-9.945318604E-1,6.751410370E0
6.190769125E0,5.407505035E0,-5.652246094E-1,8.050409088E0
6.200782125E0,6.528972931E0,-7.315287781E-1,9.090146942E0
6.210796125E0,6.969207458E0,-1.932331696E0,9.948013000E0
6.220809125E0,6.078409882E0,-3.776047668E0,1.018197647E1
6.230823125E0,3.374133453E0,-5.723198547E0,9.230554962E0
6.240836125E0,1.440753937E0,-7.651488647E0,1.013407608E1
6.250850125E0,2.888094177E0,-8.480015717E0,1.271246429E1
6.260863125E0,6.720275116E0,-7.931406555E0,1.345746506E1
6.270876125E0,1.100541412E1,-6.997199249E0,1.329280746E1
6.280890125E0,1.338785980E1,-6.613846436E0,1.346779358E1
6.290903125E0,1.179457306E1,-7.725285187E0,1.333696564E1
6.300917125E0,9.123228149E0,-9.954150238E0,1.301962555E1
6.310930125E0,9.583520966E0,-1.256397308E1,1.472263412E1
6.320944125E0,1.260349091E1,-1.416115173E1,1.712423996E1
6.330957125E0,1.528875687E1,-1.459300369E1,1.755609192E1
6.340971125E0,1.857681931E1,-1.568707855E1,1.475870911E1
6.350984125E0,2.141611496E1,-1.580129105E1,9.378148041E0
6.741510125E0,8.904083862E0,-1.800560715E1,-3.670068054E0
6.751524125E0,9.900561676E0,-1.628762970E1,-4.749323730E0
6.761537125E0,1.064750839E1,-1.468326599E1,-5.298980713E0
6.771551125E0,1.074824890E1,-1.397284332E1,-4.185895386E0
6.781564125E0,1.081845291E1,-1.379321686E1,-2.095492401E0
6.791578125E0,1.060799057E1,-1.429796722E1,-4.894821167E-2
6.801591125E0,9.982441406E0,-1.498414032E1,2.521656189E0
6.811605125E0,9.402397614E0,-1.490974503E1,4.213288422E0
6.821618125E0,8.604407043E0,-1.434362228E1,2.949915619E0
6.831632125E0,7.252568207E0,-1.299717224E1,2.724334717E-1
6.841645125E0,6.280938721E0,-1.132395172E1,-2.556234283E0
6.851659125E0,6.327042847E0,-9.969717865E0,-4.403991852E0
6.861672125E0,6.495592346E0,-8.475375366E0,-4.434977417E0
6.871686125E0,6.385720825E0,-8.109386444E0,-2.848576355E0
6.881699125E0,7.251670074E0,-1.023017624E1,-2.970422974E0
6.891713125E0,4.734055481E0,-1.110465775E1,-3.207829285E-1
6.901726125E0,3.297792206E0,-1.167452271E1,2.999612274E0
6.911740125E0,3.221450958E0,-1.128652954E1,2.888094177E0
6.921752583E0,3.672762451E0,-9.909692688E0,1.865869904E0
6.931766583E0,3.342249756E0,-8.263715515E0,2.237846375E-1
6.941779583E0,2.157613220E0,-6.072721710E0,-1.770667877E0
6.951793583E0,1.605411530E0,-4.731061707E0,-4.003574524E0
6.961806583E0,1.359173584E0,-4.250560913E0,-5.179080048E0
6.971820583E0,1.270707550E0,-4.277205505E0,-4.334386597E0
6.981833583E0,1.871258698E0,-4.705914001E0,-2.811752930E0
6.991847583E0,2.374661865E0,-5.366939392E0,-1.311871948E0
7.001860583E0,1.905986481E0,-5.808970184E0,1.600172424E-1
7.011874583E0,1.511257324E0,-5.851332092E0,8.003855896E-1
7.021887583E0,1.565294952E0,-5.570366364E0,9.363029480E-1
7.031901583E0,1.304686890E0,-4.795876923E0,2.755769348E-1
7.041914583E0,7.608677673E-1,-4.338278503E0,-1.357077942E0
7.051928583E0,-1.434017944E-1,-3.922143860E0,-2.364932098E0
7.061941583E0,-8.608598328E-1,-3.780238953E0,-3.275638275E0
7.071955583E0,-1.217568054E0,-3.869004364E0,-4.005370789E0
7.081968583E0,-1.165476379E0,-3.788920898E0,-3.585044861E0
7.091982583E0,-8.168513489E-1,-3.914809113E0,-2.714155884E0
7.101995583E0,-5.400769043E-1,-3.835923157E0,-1.920057220E0
7.112009583E0,-5.116360474E-1,-3.551664276E0,-1.096320190E0
7.122022583E0,-2.453398132E-1,-3.169808350E0,-1.396595764E-1
7.132035583E0,-2.176473999E-1,-2.595452728E0,5.113366699E-1
7.142049583E0,-3.984713745E-1,-2.255509644E0,3.722758484E-1
7.152062583E0,-5.590873718E-1,-2.277064819E0,-3.344046021E-1
7.162076583E0,-1.047072601E0,-2.472707977E0,-8.881031799E-1
7.172089583E0,-1.418300629E0,-2.996618500E0,-9.099577332E-1
7.182103583E0,-2.004481659E0,-3.440894623E0,-1.032852173E-1
7.192116583E0,-2.639311523E0,-3.670068054E0,7.990383911E-1
7.202130583E0,-2.871628418E0,-3.544329529E0,1.563348999E0
7.212143583E0,-2.844983826E0,-3.008892975E0,2.056573334E0
7.222157583E0,-2.998863831E0,-2.635419617E0,1.961820374E0
7.232170583E0,-3.351231079E0,-2.607876892E0,2.113005981E0
7.242184583E0,-3.620371399E0,-2.801574097E0,2.860850830E0
7.252197583E0,-4.141737213E0,-2.620450745E0,3.589834900E0
7.262211583E0,-4.754263458E0,-1.541494446E0,4.466561737E0
7.272224583E0,-4.833448792E0,-1.425036621E-1,5.308710480E0
7.282238583E0,-4.633314972E0,6.194119263E-1,5.377716980E0
7.292251583E0,-4.284989319E0,6.518943787E-1,4.641996918E0
7.302265583E0,-3.496878204E0,5.825885010E-1,4.144581299E0
7.312278583E0,-3.002007294E0,4.986131287E-1,4.426445160E0
7.322292583E0,-3.311413879E0,5.978567505E-1,5.132377167E0
7.332305583E0,-3.783382416E0,5.517526245E-1,5.825885010E0
7.342319583E0,-4.229754181E0,4.688250732E-1,6.119125214E0
7.352332583E0,-4.711602173E0,6.783892822E-1,6.083948364E0
7.362346583E0,-5.153932343E0,8.479866028E-1,5.816304932E0
7.372359583E0,-5.511688385E0,1.014290771E0,5.703289948E0
7.382373583E0,-5.767057343E0,1.484163666E0,5.475164337E0
7.392386583E0,-5.726791077E0,2.306852875E0,5.284460907E0
7.402400583E0,-5.130431213E0,2.872676239E0,5.085823975E0
7.412413583E0,-4.245770874E0,3.082090759E0,4.487667847E0
7.422427583E0,-3.350482635E0,3.349734192E0,3.788920898E0
7.432440583E0,-2.578388214E0,3.590433655E0,3.337609406E0
7.442454583E0,-2.187850342E0,3.596870270E0,3.160377960E0
7.452467583E0,-2.355052643E0,3.486998749E0,3.348386993E0
7.462481583E0,-2.808459778E0,3.190465393E0,3.311114502E0
7.472494583E0,-3.262016602E0,2.447111206E0,2.783910828E0
7.482508583E0,-3.555705872E0,1.927541656E0,2.665357361E0
7.492521583E0,-3.199746094E0,2.508184204E0,3.759282532E0
7.502535583E0,-2.278711395E0,3.487597504E0,5.362598419E0
7.512548583E0,-1.618733826E0,4.120930481E0,6.706952820E0
7.522562583E0,-1.328637085E0,3.903133392E0,6.745722198E0
7.532575583E0,-1.461410980E0,3.095562744E0,5.503006439E0
7.542589583E0,-2.040257263E0,2.775977325E0,4.276457062E0
7.552602583E0,-2.216440887E0,2.130519562E0,3.101849670E0
7.562616583E0,-2.388133850E0,1.261127472E0,1.651964722E0
7.572629583E0,-2.390229492E0,6.897656250E-1,8.411009216E-1
7.582643583E0,-2.257455597E0,1.319506073E0,1.377435608E0
7.592656583E0,-1.476379852E0,2.912194061E0,2.837798767E0
7.602670583E0,5.689668274E-1,3.733087006E0,3.818409576E0
7.612683583E0,2.583327942E0,3.857478333E0,4.258494415E0
7.622697583E0,4.061653748E0,3.463647308E0,5.643863525E0
7.632710583E0,4.334685974E0,2.436632996E0,6.371500397E0
7.642724583E0,3.146756287E0,1.627565460E0,4.698130188E0
7.652737583E0,1.603764954E0,1.471739502E0,2.856659546E0
7.662751583E0,9.713301086E-1,1.150956573E0,2.094294891E0
7.672764583E0,7.285350037E-1,1.012793884E0,1.147663422E0
7.682778583E0,1.897753601E0,5.855822754E-1,1.121617584E0
7.692791583E0,4.012705536E0,-5.870791626E-1,3.419189758E0
7.702805583E0,4.870421906E0,-2.406545563E0,5.849535828E0
7.712818583E0,4.025129700E0,-4.771477661E0,7.949069824E0
7.722832583E0,4.010160828E0,-5.103636932E0,1.081381256E1
7.732845583E0,5.323829041E0,-4.733157349E0,1.264076340E1
7.742859583E0,8.015830994E0,-4.302652588E0,1.293041107E1
7.752872583E0,1.198078583E1,-3.356919250E0,1.232072891E1
7.762886583E0,1.481783615E1,-3.015179901E0,1.106289459E1
7.772899583E0,1.442325668E1,-4.602928162E0,9.503736877E0
7.782913583E0,1.079046112E1,-8.188571777E0,7.555987244E0
7.792926583E0,8.723110199E0,-1.174053543E1,7.612719269E0
7.802940583E0,1.272324188E1,-1.241458374E1,1.034154465E1
7.812953583E0,1.919548279E1,-1.193528046E1,9.791887665E0
7.822967583E0,2.620675278E1,-1.261651382E1,7.547155609E0
8.063290833E0,1.889475815E1,-1.644465317E1,-8.549920349E0
8.073303833E0,1.544802567E1,-1.769440430E1,-7.942932587E0
8.083317833E0,1.225546463E1,-1.898352356E1,-7.725135498E0
8.093330833E0,9.368567963E0,-2.019734940E1,-6.923402710E0
8.193465833E0,1.354428452E1,-1.859148880E1,-3.284769287E0
8.203479833E0,1.247266296E1,-1.844599136E1,-2.946921844E0
8.213492833E0,1.152273834E1,-1.875749359E1,-3.578009491E0
8.223506833E0,1.072325089E1,-1.893532379E1,-4.225413208E0
8.233519833E0,1.018976028E1,-1.850032837E1,-4.553680573E0
8.243533833E0,1.056952057E1,-1.800156555E1,-4.983885956E0
8.253546833E0,1.117920273E1,-1.721764572E1,-4.975653076E0
8.263560833E0,1.147828079E1,-1.590742035E1,-4.517755280E0
8.273573833E0,1.181672699E1,-1.434736450E1,-4.266577606E0
8.283587833E0,1.179906372E1,-1.305046143E1,-3.961961060E0
8.293600833E0,1.149295029E1,-1.197434921E1,-3.808979187E0
8.303614833E0,1.146121628E1,-1.153156998E1,-4.205354919E0
8.313627833E0,1.083312241E1,-1.148950745E1,-4.134701843E0
8.323641833E0,1.065154999E1,-1.218975128E1,-3.703149261E0
8.333654833E0,1.019949005E1,-1.286649399E1,-2.334694977E0
8.343668833E0,8.961714020E0,-1.293819489E1,-9.741741943E-1
8.353681833E0,7.623197479E0,-1.262220200E1,-1.078507233E0
8.363695833E0,6.244564362E0,-1.167212769E1,-2.168390808E0
8.373708833E0,5.111271057E0,-1.001312759E1,-3.618874512E0
8.383722833E0,5.098547516E0,-9.697883148E0,-4.795727234E0
8.393735833E0,5.041665802E0,-1.014470398E1,-4.223317566E0
8.403749833E0,5.144052887E0,-1.028870453E1,-2.740201721E0
8.413762833E0,5.578299866E0,-1.070753357E1,-2.175426178E0
8.423776833E0,5.673501892E0,-1.162587387E1,-1.406026154E0
8.433789833E0,5.215005341E0,-1.177137131E1,2.398013306E-1
8.443803833E0,5.232518921E0,-1.107022934E1,1.603615265E0
8.453816833E0,5.028792572E0,-1.003797592E1,1.202299805E0
8.463830833E0,5.085374908E0,-9.257648621E0,-1.945953369E-1
8.473843833E0,5.161416779E0,-8.947942657E0,-1.398691406E0
8.483857833E0,4.411027222E0,-8.873397675E0,-1.648372192E0
8.493870833E0,2.986888733E0,-9.099277954E0,-2.214944000E0
8.503884833E0,1.983824615E0,-8.809480591E0,-3.003504181E0
8.513897833E0,1.393601990E0,-8.407266998E0,-3.131188660E0
8.523911833E0,1.079854431E0,-8.024213562E0,-2.994522858E0
8.533924833E0,1.107995911E0,-7.589218140E0,-2.601739655E0
8.543938833E0,1.272354126E0,-7.440876617E0,-1.893113251E0
8.553951833E0,1.318009186E0,-7.031927032E0,-5.507048035E-1
8.563965833E0,1.192270660E0,-6.304589539E0,6.628216553E-1
8.573978833E0,7.119195557E-1,-5.951174469E0,6.915618896E-1
8.583992833E0,5.343887329E-2,-5.942342834E0,6.054908752E-1
8.594005833E0,-6.286926270E-1,-5.786367188E0,8.873547363E-1
8.604019833E0,-1.273102570E0,-5.639971619E0,7.298822021E-1
8.614032833E0,-1.752405853E0,-5.411846008E0,3.827540588E-1
8.624046833E0,-2.184856567E0,-5.181624756E0,5.544470215E-1
8.634059833E0,-2.724334717E0,-5.033432922E0,1.093925171E0
8.644073833E0,-3.233276367E0,-4.606969757E0,1.671573944E0
8.654086833E0,-3.244353333E0,-3.928281097E0,2.543959808E0
8.664100833E0,-3.222199402E0,-3.165167999E0,3.344345398E0
8.674113833E0,-3.504362640E0,-2.672841797E0,2.986289978E0
8.684127833E0,-3.889212341E0,-2.556833038E0,2.255809021E0
8.694140833E0,-4.506378937E0,-2.179767151E0,2.002086639E0
8.704154833E0,-4.698429565E0,-1.485660553E0,1.756297760E0
8.714167833E0,-4.607418823E0,-1.192570038E0,1.281036072E0
8.724181833E0,-4.771477661E0,-7.952961731E-1,9.910890198E-1
8.734194833E0,-5.068909149E0,-1.990859985E-1,7.448510742E-1
8.744208833E0,-5.427862701E0,4.733157349E-1,8.864566040E-1
8.754221833E0,-5.612129517E0,9.915380859E-1,1.513053589E0
8.764235833E0,-5.647156677E0,1.191222839E0,1.960473175E0
8.774248833E0,-5.906267853E0,1.377285919E0,2.211950226E0
8.784262833E0,-5.940696259E0,1.504671021E0,2.750530243E0
8.794275833E0,-5.841602325E0,1.080303497E0,3.295097809E0
8.804289833E0,-5.846691742E0,8.542735291E-1,3.275937653E0
8.814302833E0,-5.464985504E0,1.160985718E0,3.145409088E0
8.824316833E0,-5.242548065E0,1.122066650E0,3.313210144E0
8.834329833E0,-5.381908264E0,8.345146179E-1,3.483555908E0
8.844343833E0,-5.591771851E0,6.727011108E-1,3.559448090E0
8.854356833E0,-5.729186096E0,7.441026306E-1,3.757037201E0
8.864370833E0,-6.231391754E0,1.037642212E0,3.907923431E0
8.874383833E0,-6.468947754E0,1.170116730E0,3.688330078E0
8.884397833E0,-6.898255005E0,1.060394897E0,3.648812256E0
8.894410833E0,-7.502099304E0,1.254990234E0,3.667223969E0
8.904424833E0,-7.884853363E0,1.455124054E0,2.880160675E0
8.914437833E0,-7.927215271E0,1.455872498E0,1.338815918E0
8.924451833E0,-8.018525391E0,1.106648712E0,-1.767823792E-1
8.934464833E0,-8.414152679E0,5.346881104E-1,-1.263372803E0
8.944478833E0,-8.616980896E0,2.918930054E-1,-1.438957672E0
8.954491833E0,-8.395591278E0,1.993853760E-1,-8.643026733E-1
8.964505833E0,-8.082741852E0,1.014889526E-1,-5.882766724E-2
8.974518833E0,-7.695347443E0,8.427474976E-2,9.273216248E-1
8.984532833E0,-7.296576691E0,1.414558411E-1,2.075434113E0
8.994545833E0,-6.869215393E0,7.155120850E-2,3.291355591E0
9.004559833E0,-6.611451416E0,-1.317260742E-1,3.774550781E0
9.014572833E0,-6.199358368E0,2.017803955E-1,2.908152466E0
9.024586833E0,-4.854854279E0,5.182223511E-1,2.443518677E0
9.034599833E0,-3.001109161E0,5.557942200E-1,3.545377350E0
9.044613833E0,-1.206341400E0,4.317022705E-1,5.385351105E0
9.054626833E0,-1.553768921E-1,-3.459306335E-1,7.347919922E0
9.064640833E0,1.438508606E-1,-1.463207245E0,8.636440430E0
9.074653833E0,-4.096980286E-1,-2.213297424E0,9.061556396E0
9.084667833E0,-9.907896423E-1,-2.053579559E0,9.382039948E0
9.094680833E0,-1.678010559E-1,-1.147813110E0,9.674082642E0
9.104694833E0,2.237846375E0,-8.469387817E-1,1.022433838E1
9.114707833E0,4.807852020E0,-1.024170227E0,1.082952988E1
9.124721833E0,7.060816956E0,-1.634002075E0,1.115794693E1
9.134734833E0,8.062234497E0,-2.093396759E0,1.099897751E1
9.144748833E0,7.665260010E0,-2.793790283E0,1.038001465E1
9.154761833E0,5.614524536E0,-3.426374817E0,1.054467224E1
9.164775833E0,4.807253265E0,-3.291654968E0,1.197973801E1
9.174788833E0,6.228547668E0,-2.920576630E0,1.380728760E1
9.184802833E0,7.847131805E0,-2.525398407E0,1.403092255E1
9.194815833E0,9.950408020E0,-2.690954132E0,1.333037933E1
9.204829833E0,1.135373978E1,-3.422782288E0,1.283745438E1
9.214842833E0,1.145777344E1,-4.816833344E0,1.256412277E1
9.224856833E0,9.984537048E0,-6.141728210E0,1.213721054E1
9.234870833E0,8.419990540E0,-6.968758392E0,1.343396393E1
9.244883833E0,8.965007172E0,-7.755522308E0,1.562106583E1
9.254896833E0,1.162781982E1,-8.452922058E0,1.584604797E1
9.264910833E0,1.474658432E1,-8.376880188E0,1.413675247E1
9.274924833E0,1.740565475E1,-7.824528809E0,1.147139511E1
9.284937833E0,1.760518982E1,-8.393345947E0,8.954079895E0
9.294951833E0,1.543560150E1,-9.876162415E0,7.459887085E0
9.304964833E0,1.454570206E1,-1.276904663E1,7.896229706E0
9.314978833E0,1.772793457E1,-1.389261017E1,7.541766815E0
9.324991833E0,2.348376526E1,-1.341585159E1,4.586462402E0
9.535275833E0,1.779035477E1,-1.832189941E1,-1.447714462E1
9.545288833E0,1.768617142E1,-1.664329010E1,-1.480870514E1
9.555302833E0,1.701002747E1,-1.596355362E1,-1.147588577E1
9.565315833E0,1.500689301E1,-1.643507309E1,-8.621172180E0
9.575329833E0,1.280841476E1,-1.723411148E1,-6.074517975E0
9.585342833E0,1.098445770E1,-1.815843933E1,-3.927981720E0
9.595356833E0,9.594148865E0,-1.863669479E1,-2.398911438E0
9.605369833E0,8.948990479E0,-1.874671600E1,-2.333048401E0
9.615383833E0,8.401578827E0,-1.865690277E1,-3.753145294E0
9.625396833E0,8.916358337E0,-1.790875854E1,-6.392606506E0
9.635410833E0,9.625583496E0,-1.693503342E1,-9.045240326E0
9.645423833E0,1.041623932E1,-1.604932526E1,-1.120494919E1
9.655437833E0,1.131242569E1,-1.499776199E1,-1.221579712E1
9.665450833E0,1.242012222E1,-1.376193192E1,-1.082069824E1
9.675464833E0,1.448013840E1,-1.323891953E1,-1.054452255E1
9.685477833E0,1.445214661E1,-1.208032883E1,-8.148305511E0
9.695491833E0,1.424392960E1,-1.240650055E1,-4.396507416E0
9.705504833E0,1.344683716E1,-1.252430557E1,-2.243235168E0
9.715518833E0,1.242610977E1,-1.246637604E1,-1.402733002E0
9.725531833E0,1.128682892E1,-1.276769943E1,-2.295326843E0
9.735545833E0,1.007719437E1,-1.293879364E1,-3.299139404E0
9.745558833E0,8.020171967E0,-1.324385925E1,-3.727997589E0
9.755572833E0,6.019731903E0,-1.259735367E1,-4.429139557E0
9.765585833E0,5.398074646E0,-1.203901474E1,-5.579048309E0
9.775599833E0,5.369633789E0,-1.177586197E1,-5.338199158E0
9.785612833E0,5.793402557E0,-1.198677338E1,-3.783382416E0
9.795626833E0,6.170318756E0,-1.238255035E1,-2.179916840E0
9.805639833E0,6.482120361E0,-1.299073563E1,-4.921765137E-1
9.815653833E0,5.950276337E0,-1.333487000E1,1.110989685E0
9.825666833E0,4.311484222E0,-1.301917648E1,1.762584686E0
9.835680833E0,3.189716949E0,-1.164548309E1,7.641609192E-1
9.845693833E0,3.693868561E0,-1.031549881E1,-8.783734131E-1
9.855707833E0,4.035308533E0,-9.653126221E0,-1.441502380E0
9.865720833E0,4.058210907E0,-9.510772247E0,-5.502557373E-1
9.875734833E0,4.001478882E0,-9.788145447E0,6.848258972E-1
9.885747833E0,3.891008606E0,-9.682016144E0,1.836680603E0
9.895761833E0,3.130440216E0,-9.400301971E0,1.605411530E0
9.905774833E0,2.136656799E0,-9.412426758E0,9.894424438E-2
9.915788833E0,1.427132263E0,-9.368268585E0,-1.261576538E0
9.925803208E0,1.794169006E0,-9.262139282E0,-1.880389709E0
9.935816208E0,2.880010986E0,-8.687783661E0,-1.647623749E0
9.945830208E0,3.778292999E0,-7.817194061E0,-1.293460236E0
9.955843208E0,4.396956482E0,-6.697971497E0,-5.367837524E-1
9.965857208E0,4.515809326E0,-5.238207092E0,-3.667373657E-1
9.975870208E0,4.043691101E0,-4.069437561E0,-1.894161072E0
9.985884208E0,3.353626099E0,-3.842958527E0,-4.116290131E0
9.995897208E0,2.209704895E0,-4.456831970E0,-5.423072662E0
1.000591121E1,6.406677246E-1,-4.741390228E0,-4.968468018E0
1.001592421E1,-2.832110596E-1,-4.759053497E0,-3.679797821E0
1.002593821E1,-3.221301270E-1,-4.952301636E0,-2.631677399E0
1.003595121E1,6.735992432E-3,-4.803660736E0,-1.198707275E0
1.004596521E1,7.653584290E-1,-4.295168152E0,2.739303589E-1
1.005597821E1,1.413360901E0,-3.515888672E0,1.061891785E0
1.006599221E1,1.963017883E0,-2.656226349E0,1.492246857E0
1.007600521E1,1.544637909E0,-2.581082611E0,1.096170502E0
1.008601921E1,-3.062631226E-1,-2.912643127E0,-4.345463562E-1
1.009603221E1,-2.888992310E0,-3.084635468E0,-2.584974518E0
1.010604621E1,-4.772076416E0,-2.894231415E0,-3.705843658E0
1.011605921E1,-5.371729431E0,-2.504441986E0,-3.468886414E0
1.012607321E1,-5.284460907E0,-2.174078979E0,-2.808609467E0
1.013608621E1,-5.007237396E0,-2.185006256E0,-1.895508270E0
1.014610021E1,-5.136867828E0,-2.415077820E0,-7.209008789E-1
1.015611321E1,-5.848937073E0,-2.550097046E0,-4.676275635E-1
1.016612721E1,-6.462660828E0,-2.747237091E0,-1.151255951E0
1.017614021E1,-6.732250214E0,-3.014281769E0,-1.701511688E0
1.018615421E1,-6.816824341E0,-3.120860138E0,-1.767075348E0
1.019616721E1,-7.372618561E0,-3.251239014E0,-9.659413147E-1
1.020618121E1,-8.242010651E0,-2.917433167E0,-1.363664246E-1
1.021619421E1,-8.696465607E0,-2.062560883E0,1.263372803E-1
1.022620821E1,-8.532107391E0,-1.229692841E0,5.727090454E-1
1.023622121E1,-7.724985809E0,-5.981561279E-1,1.430724792E0
1.024623521E1,-6.710096283E0,-1.686991882E-1,2.022593994E0
1.025624821E1,-6.162834320E0,3.236270142E-1,2.153871002E0
1.026626221E1,-6.239924011E0,7.387138367E-1,1.907183990E0
1.027627521E1,-6.882238312E0,4.766088867E-1,1.363215179E0
1.028628921E1,-7.847880249E0,4.532574463E-1,5.818400574E-1
1.029630221E1,-8.529263306E0,5.349874878E-1,-3.549119568E-1
1.030631621E1,-9.061556396E0,4.171824646E-1,-1.023721161E0
1.031632921E1,-9.176816711E0,4.664300537E-1,-9.758207703E-1
1.032634321E1,-8.836574249E0,5.902226257E-1,-6.114784241E-1
1.033635621E1,-8.386609955E0,6.179150391E-1,-6.256988525E-2
1.034637021E1,-8.051756287E0,8.032296753E-1,8.074209595E-1
1.035638321E1,-7.859406281E0,9.849517822E-1,1.990111542E0
1.036639721E1,-7.330855408E0,9.496252441E-1,2.915786591E0
1.037641021E1,-6.311175842E0,1.003213806E0,2.871778107E0
1.038642421E1,-5.269492035E0,1.131796417E0,2.198178864E0
1.039643721E1,-4.535717926E0,1.113534393E0,1.387015686E0
1.040645121E1,-4.493805084E0,1.594783630E0,6.004014587E-1
1.041646421E1,-5.297034760E0,2.181862793E0,4.411326599E-1
1.042647821E1,-6.478677521E0,1.981279907E0,8.437953186E-1
1.043649121E1,-7.182513885E0,1.916015625E0,1.079555054E0
1.044650521E1,-6.686894531E0,1.922003174E0,1.091829529E0
1.045651821E1,-5.394033051E0,1.570534058E0,1.467099152E0
1.046653221E1,-4.059408417E0,1.304686890E0,2.219584351E0
1.047654521E1,-3.606001282E0,1.575024719E0,3.005450134E0
1.048655921E1,-4.078418884E0,1.599723358E0,4.124223633E0
1.049657221E1,-4.800217896E0,1.238973541E0,5.353467407E0
1.050658621E1,-4.524940338E0,1.075812836E0,5.681435394E0
1.051659921E1,-2.606829071E0,1.276246033E0,4.341421967E0
1.052661321E1,1.188528442E-1,1.823807373E0,2.373464355E0
1.053662721E1,2.019749908E0,3.024759979E0,4.158352661E-1
1.054664021E1,2.540816345E0,4.198469238E0,-9.084608459E-1
1.055665421E1,3.159779205E0,4.542603607E0,-5.614823914E-1
1.056666721E1,4.840334473E0,3.936064911E0,1.579365692E0
1.057668121E1,7.268135834E0,3.961062927E0,5.208419037E0
1.058669421E1,9.939031677E0,4.517455902E0,8.165519714E0
1.059670821E1,1.125210114E1,4.631518707E0,8.769962769E0
1.060672121E1,1.014410522E1,3.770808563E0,7.540868683E0
1.061673521E1,9.616302795E0,3.468587036E0,6.028264160E0
1.062674821E1,1.086799988E1,4.782854004E0,4.549189911E0
1.063676221E1,1.356045090E1,6.374643860E0,2.922073517E0
1.064677521E1,1.600726273E1,7.222630463E0,1.400337982E0
1.065678921E1,1.639450745E1,7.083869019E0,1.189426575E0
1.066680221E1,1.481574051E1,5.220843201E0,2.000589752E0
1.067681621E1,1.250574417E1,2.676434326E0,3.616329803E0
1.068682921E1,1.213676147E1,1.228944397E0,5.900429993E0
1.069684321E1,1.357811417E1,1.135388947E0,7.794591064E0
1.070685621E1,1.547571808E1,1.580114136E0,8.581504669E0
1.071687021E1,1.689371933E1,1.566043396E0,7.885452118E0
1.072688321E1,1.778870819E1,1.035546570E0,6.225104828E0
1.073689721E1,1.754441620E1,6.529421997E-1,3.790717163E0
1.074691021E1,1.622700577E1,-3.020718384E-1,1.378034363E0
1.075692421E1,1.418330566E1,-1.675016785E0,-1.673519897E-1
1.076693721E1,1.373932892E1,-2.901566162E0,-4.222718811E-1
1.077695121E1,1.602193222E1,-3.510200500E0,-8.846603394E-2
1.078696421E1,1.891331955E1,-4.009711761E0,-2.932402039E-1
1.079697821E1,2.170231979E1,-4.464765472E0,-5.430706787E-1
1.095719487E1,1.758438309E1,-1.490510468E1,-1.253882538E1
1.096720787E1,1.700433929E1,-1.522094788E1,-1.110106522E1
1.097722187E1,1.875090729E1,-1.447295334E1,-1.045440994E1
1.098723487E1,1.919638092E1,-1.379366592E1,-1.174008636E1
1.099724887E1,1.764500702E1,-1.319521042E1,-1.295930099E1
1.100726188E1,1.736014938E1,-1.357482101E1,-1.382165771E1
1.101727587E1,1.666724030E1,-1.342543167E1,-1.552840851E1
1.102728887E1,1.455977280E1,-1.307201660E1,-1.405816589E1
1.103730288E1,1.151330795E1,-1.444810501E1,-1.323652451E1
1.104731588E1,8.730744324E0,-1.603809860E1,-1.334010910E1
1.105732987E1,7.852071533E0,-1.651126465E1,-1.266680923E1
1.106734287E1,9.370513916E0,-1.615021545E1,-1.090153015E1
1.107735688E1,1.226010498E1,-1.502320908E1,-9.002429352E0
1.108736987E1,1.456456284E1,-1.355566086E1,-8.033494263E0
1.109738387E1,1.501467682E1,-1.232042953E1,-8.499924316E0
1.110739687E1,1.429123123E1,-1.166449356E1,-8.884474640E0
1.111741087E1,1.308683578E1,-1.168021088E1,-8.950936432E0
1.112742387E1,1.215098190E1,-1.206206680E1,-8.312064972E0
1.113743787E1,1.120420074E1,-1.281619858E1,-7.120842133E0
1.114745087E1,1.021445892E1,-1.440005493E1,-5.522016907E0
1.115746487E1,8.795709229E0,-1.578946564E1,-4.110601959E0
1.116747787E1,7.632777557E0,-1.598436035E1,-3.420237579E0
1.117749187E1,7.069648590E0,-1.546239578E1,-3.745810547E0
1.118750587E1,6.625671844E0,-1.431697769E1,-5.003944244E0
1.119751887E1,6.564598846E0,-1.343501175E1,-6.408174133E0
1.120753287E1,6.623127136E0,-1.307980042E1,-7.094646606E0
1.121754587E1,6.606062622E0,-1.265857635E1,-6.490053864E0
1.122755987E1,7.272476807E0,-1.265288818E1,-6.012247467E0
1.123757287E1,7.587122498E0,-1.365954483E1,-5.126838684E0
1.124758687E1,7.187453613E0,-1.445214661E1,-2.792742462E0
1.125759987E1,7.593110046E0,-1.484867203E1,-1.666634216E0
1.126761387E1,7.502099304E0,-1.383812347E1,-1.579964447E0
1.127762687E1,7.187453613E0,-1.220861206E1,-2.332150269E0
1.128764087E1,7.445816345E0,-1.101514389E1,-3.533402252E0
1.129765387E1,7.699538727E0,-9.976453857E0,-3.239563293E0
1.130766787E1,7.828570404E0,-9.326804810E0,-2.198927307E0
1.131768087E1,7.304959259E0,-9.041198730E0,-1.660796356E0
1.132769487E1,7.151678009E0,-9.070537720E0,-1.513352966E0
1.133770787E1,6.553671570E0,-8.413853302E0,-1.563049622E0
1.134772187E1,5.608836365E0,-7.577243042E0,-1.295406189E0
1.135773487E1,4.985382843E0,-7.474855957E0,-2.137255554E0
1.136774887E1,4.416116638E0,-7.097790070E0,-2.315684509E0
1.137776188E1,3.805985413E0,-6.712790680E0,-2.548300781E0
1.138777587E1,3.033741302E0,-6.463558960E0,-2.746788025E0
1.139778887E1,2.550845490E0,-6.202052765E0,-2.470312958E0
1.140780288E1,2.290387115E0,-5.863307190E0,-2.279310150E0
1.141781588E1,1.772314453E0,-5.767805786E0,-1.977537689E0
1.142782987E1,8.617579651E-1,-5.857619019E0,-1.818867645E0
1.143784287E1,2.046244812E-1,-6.016289062E0,-1.791175232E0
1.144785688E1,-6.661148071E-2,-6.064189453E0,-1.628912659E0
1.145786987E1,-2.176473999E-1,-5.638325043E0,-1.115480347E0
1.146788387E1,-4.887336731E-1,-4.616998901E0,-5.480104065E-1
1.147789687E1,-8.946894836E-1,-4.177662506E0,-1.018182678E0
1.148791087E1,-1.624421997E0,-4.274810486E0,-1.173409882E0
1.149792387E1,-2.265987854E0,-4.257596283E0,-3.561094666E-1
1.150793787E1,-2.679428101E0,-4.019591217E0,3.357518005E-1
1.151795087E1,-3.293002167E0,-4.169429626E0,4.173321533E-1
1.152796487E1,-4.065246277E0,-4.646936646E0,5.089416504E-3
1.153797787E1,-4.809199219E0,-4.950505371E0,-5.313949585E-2
1.154799187E1,-5.340145111E0,-4.895868988E0,1.990859985E-1
1.155800487E1,-5.568719788E0,-4.529281311E0,3.306623840E-1
1.156801887E1,-5.573809204E0,-3.778891754E0,2.637515259E-1
1.157803187E1,-5.283562775E0,-2.557132416E0,3.359014893E-1
1.158804587E1,-4.758155365E0,-1.124611359E0,3.070115662E-1
1.159805887E1,-3.980672150E0,3.861968994E-2,7.439529419E-2
1.160807287E1,-3.276536407E0,7.714956665E-1,3.203338623E-2
1.161808587E1,-3.089126129E0,9.327104187E-1,-4.460723877E-2
1.162809987E1,-3.678899689E0,9.355545044E-1,-4.478686523E-1
1.163811287E1,-4.458179169E0,7.822732544E-1,-8.086184692E-1
1.164812687E1,-5.158423004E0,1.448986816E-1,-8.978329468E-1
1.165813987E1,-5.407954102E0,7.424560547E-2,-1.088237000E0
1.166815387E1,-5.237159271E0,3.911366272E-1,-1.232387238E0
1.167816687E1,-5.061873779E0,6.833290100E-1,-1.025667114E0
1.168818087E1,-5.085674286E0,9.870474243E-1,-1.015338593E0
1.169819387E1,-5.129832458E0,9.054670715E-1,-1.273252258E0
1.170820787E1,-5.247038727E0,5.406756592E-1,-1.143023071E0
1.171822088E1,-5.482798462E0,2.682421875E-1,-5.719606018E-1
1.172823487E1,-6.044430542E0,4.739144897E-1,5.671705627E-1
1.173824787E1,-6.503525848E0,6.991960144E-1,2.100132751E0
1.174826188E1,-6.539451141E0,6.481521606E-1,3.200045471E0
1.175827488E1,-6.461463318E0,4.546046448E-1,3.691024475E0
1.176828887E1,-6.213878174E0,4.608915710E-1,4.038601685E0
1.177830187E1,-6.140830078E0,9.333091736E-1,4.343966675E0
1.178831588E1,-5.971981201E0,1.663041687E0,4.098028107E0
1.179832887E1,-5.624403992E0,2.247576141E0,3.398832092E0
1.180834287E1,-5.119204559E0,2.489323425E0,2.786754913E0
1.181835587E1,-4.229305115E0,2.507585449E0,2.176024933E0
1.182836987E1,-4.050876160E0,2.545456696E0,2.544259186E0
1.183838287E1,-3.028053131E0,1.999541931E0,4.077670441E0
1.184839687E1,-2.671045532E0,1.119372253E0,6.740782471E0
1.185840987E1,-3.563639374E0,7.289840698E-2,8.396639099E0
1.186842387E1,-4.916226654E0,-1.715432739E-1,8.836424561E0
1.187843687E1,-6.113586731E0,3.745211792E-1,8.278385010E0
1.188845087E1,-6.701264648E0,7.261399841E-1,7.088209991E0
1.189846387E1,-6.205196228E0,6.671626282E-1,5.694907379E0
1.190847787E1,-5.073549500E0,2.230361938E-1,4.482578430E0
1.191849087E1,-3.394491119E0,-5.162763977E-1,3.832031250E0
1.192850587E1,-1.109642487E0,-1.271306305E0,3.828289032E0
1.193851887E1,9.099577332E-1,-1.588796082E0,5.059478760E0
1.194853287E1,1.638043671E0,-9.337582397E-1,7.760761414E0
1.195854587E1,1.532662811E0,-6.345304871E-1,9.832303619E0
1.196855987E1,9.729766846E-1,-1.344803467E0,9.576635284E0
1.197857287E1,1.225800934E0,-2.648442535E0,7.796686707E0
1.198858687E1,2.600542145E0,-3.773053894E0,6.038592682E0
1.199860087E1,5.021008759E0,-4.750221863E0,4.393214264E0
1.200861387E1,7.564818878E0,-4.691094818E0,3.387006683E0
1.201862687E1,9.411528625E0,-3.609893188E0,3.256478119E0
1.202864087E1,1.088491470E1,-3.879931641E0,3.825744324E0
1.203865387E1,1.253478378E1,-4.261039124E0,5.049150238E0
1.204866787E1,1.553993454E1,-4.183949432E0,6.518195343E0
1.205868187E1,1.670690781E1,-4.852309570E0,6.163283386E0
1.206869487E1,1.656021286E1,-6.185437317E0,5.602699127E0
1.207870887E1,1.627505585E1,-7.648644562E0,5.493576050E0
1.208872187E1,1.550161423E1,-1.011716125E1,5.469625854E0
1.209873587E1,1.569650894E1,-1.285002823E1,7.840395813E0
1.210874887E1,1.863145569E1,-1.311243256E1,8.670419769E0
1.211876287E1,2.249177811E1,-1.306707687E1,6.210585022E0
1.223892487E1,1.880599274E1,-1.423734329E1,-5.623056793E0
1.224893787E1,1.672576859E1,-1.440140213E1,-7.108118591E0
1.225895188E1,1.572075851E1,-1.706675949E1,-7.089706879E0
1.226896487E1,1.663969757E1,-2.099758530E1,-3.509302368E0
1.227897887E1,1.937181610E1,-2.322929443E1,1.155896301E0
1.259941088E1,1.110226273E1,-1.754112305E1,2.706072693E0
1.260942387E1,1.107172623E1,-1.653746017E1,2.105820923E0
1.261943787E1,1.116617981E1,-1.530357605E1,1.986668701E0
1.262945087E1,1.130074997E1,-1.423464890E1,2.729873199E0
1.263946487E1,1.088730972E1,-1.345686630E1,3.630400543E0
1.264947787E1,1.018437149E1,-1.247715363E1,4.410727844E0
1.265949187E1,9.563762054E0,-1.200458633E1,4.874613190E0
1.266950487E1,8.739126892E0,-1.216280731E1,4.759951630E0
1.267951887E1,7.579488373E0,-1.255334518E1,4.643643494E0
1.268953187E1,6.003415833E0,-1.263028519E1,4.880001984E0
1.269954587E1,4.717140656E0,-1.211341003E1,4.686454468E0
1.270955887E1,3.928580475E0,-1.135433853E1,4.320315857E0
1.271957287E1,3.672762451E0,-1.025262955E1,4.021237793E0
1.272958587E1,3.988306274E0,-8.718619537E0,3.726949768E0
1.273959987E1,4.182901611E0,-7.730823669E0,3.902534637E0
1.274961287E1,3.755540314E0,-7.322921906E0,4.468058624E0
1.275962687E1,2.840942230E0,-7.202272797E0,5.043162689E0
1.276963987E1,1.806443481E0,-6.957681427E0,5.226231995E0
1.277965387E1,8.857081604E-1,-6.959028625E0,5.130880280E0
1.278966687E1,-1.745370483E-1,-6.953340454E0,5.216801605E0
1.279968087E1,-1.074465637E0,-6.652915192E0,5.051245880E0
1.280969387E1,-1.689985657E0,-5.935606842E0,3.912713470E0
1.281970787E1,-2.162552948E0,-5.113366699E0,2.181114349E0
1.282972088E1,-2.624642029E0,-4.512965240E0,1.599423981E0
1.283973487E1,-2.558479614E0,-3.723057861E0,1.274898834E0
1.284974787E1,-2.023791504E0,-2.759212189E0,1.672921143E0
1.285976188E1,-1.161285095E0,-2.262395325E0,2.683769073E0
1.286977488E1,-5.625302124E-1,-1.972148895E0,3.101101227E0
1.287978887E1,-5.078938293E-1,-1.489402771E0,3.325634308E0
1.288980187E1,-1.201102295E0,-1.641187134E0,3.399879913E0
1.289981588E1,-2.554587708E0,-2.411934357E0,2.706222382E0
1.290982887E1,-3.918102264E0,-2.939437408E0,1.704355774E0
1.291984287E1,-4.704716492E0,-3.672463074E0,1.401086426E0
1.292985512E1,-5.472619629E0,-4.336182861E0,1.693578186E0
1.293986912E1,-6.128854980E0,-4.172124023E0,1.834135895E0
1.294988212E1,-5.967490540E0,-3.481160889E0,2.145787811E0
1.295989612E1,-4.906347198E0,-3.082988892E0,2.566862183E0
1.296990912E1,-4.073329468E0,-2.171983337E0,3.235222321E0
1.297992312E1,-3.162174225E0,-1.798360291E0,3.866908722E0
1.298993612E1,-2.574795685E0,-1.820065155E0,4.101171570E0
1.299995012E1,-1.992207184E0,-1.995051270E0,4.393813019E0
1.300996312E1,-1.143023071E0,-2.039808197E0,3.640729065E0
1.301997712E1,-9.445358276E-1,-2.179018707E0,2.376607819E0
1.302999013E1,-1.732646942E0,-2.764600983E0,1.425934753E0
1.304000412E1,-2.724185028E0,-3.551963654E0,1.157542877E0
1.305001712E1,-3.280578003E0,-4.413422241E0,4.305047607E-1
1.306003113E1,-3.414100342E0,-4.485422516E0,-6.477030945E-1
1.307004413E1,-3.405867462E0,-3.865561523E0,-8.014334106E-1
1.308005812E1,-3.064726868E0,-3.339705048E0,-8.752299500E-1
1.309007112E1,-2.443967743E0,-3.064726868E0,-9.508227539E-1
1.310008513E1,-1.811233521E0,-3.265010376E0,-3.694317627E-1
1.311009812E1,-8.951385498E-1,-4.149970093E0,-1.496887207E-2
1.312011212E1,1.516047363E0,-4.675527191E0,-1.037043457E0
1.313012512E1,3.607498169E0,-3.509751434E0,-3.252885590E0
1.314013912E1,3.670367432E0,-2.940185852E0,-3.752845917E0
1.315015212E1,2.799777832E0,-3.975582733E0,-3.894451447E0
1.316016612E1,2.705773315E0,-5.526058502E0,-5.169499969E0
1.317017912E1,4.578828278E0,-6.890022125E0,-6.453679504E0
1.318019312E1,7.629185028E0,-7.529642029E0,-7.572153625E0
1.319020612E1,9.386231232E0,-6.500532074E0,-7.536228333E0
1.320022012E1,1.006806335E1,-6.428531799E0,-5.220992889E0
1.321023312E1,1.115615067E1,-7.151827698E0,-2.735711060E0
1.322024712E1,1.361598541E1,-8.123756561E0,-8.707392883E-1
1.323026012E1,1.675166473E1,-9.710906067E0,2.418969727E-1
1.324027412E1,1.942854813E1,-1.026340714E1,1.098565521E0
1.325028712E1,2.143422729E1,-9.940678253E0,1.218316498E0
1.335042212E1,1.425321030E1,-1.277817764E1,6.298152924E0
1.336043612E1,1.525747192E1,-1.442175980E1,9.294172668E0
1.337044913E1,2.035527100E1,-1.302770874E1,1.348171463E1
1.338046312E1,2.610825760E1,-1.173424850E1,1.459450058E1
1.358073312E1,1.874462036E1,-1.265348694E1,1.060349991E1
1.359074612E1,1.763557663E1,-1.249302063E1,9.826914825E0
1.360076012E1,1.678534470E1,-1.255319550E1,9.712702332E0
1.361077312E1,1.620036118E1,-1.262789017E1,9.144483948E0
1.362078712E1,1.546254547E1,-1.238629257E1,8.690328369E0
1.363080012E1,1.441996353E1,-1.251203110E1,8.074359283E0
1.364081412E1,1.373214386E1,-1.248778152E1,7.974367218E0
1.365082712E1,1.281080978E1,-1.240425522E1,8.196056213E0
1.366084112E1,1.199859879E1,-1.253628067E1,7.963140564E0
1.367085413E1,1.180565002E1,-1.292038193E1,7.689659271E0
1.368086812E1,1.159009827E1,-1.263956589E1,8.074658661E0
1.369088112E1,1.050964508E1,-1.274779083E1,7.917934570E0
1.370089512E1,8.921148376E0,-1.382749557E1,5.847889252E0
1.371090813E1,7.635471954E0,-1.426937668E1,2.871778107E0
1.372092212E1,6.719826050E0,-1.396146698E1,3.538641357E-1
1.373093512E1,5.836063843E0,-1.373468857E1,-4.915777588E-1
1.374094913E1,4.935536499E0,-1.288939636E1,2.189945984E-1
1.375096213E1,4.229903870E0,-1.169308411E1,1.641037445E0
1.376097612E1,3.834276581E0,-1.132110764E1,2.587369537E0
1.377098912E1,3.659290466E0,-1.115809662E1,2.612367554E0
1.378100313E1,3.298241272E0,-1.082144669E1,2.045945435E0
1.379101612E1,2.763403473E0,-1.066831512E1,8.833131409E-1
1.380103012E1,1.825603638E0,-1.052446426E1,-2.683918762E-1
1.381104312E1,7.065307617E-1,-1.036714142E1,-1.667083282E0
1.382105712E1,-4.861889648E-1,-1.046443909E1,-3.066074066E0
1.383107012E1,-2.088756409E0,-1.057999878E1,-3.939358063E0
1.384108412E1,-4.040098572E0,-1.045171555E1,-4.401596832E0
1.385109712E1,-6.189478912E0,-9.883796539E0,-4.418361969E0
1.386111112E1,-7.590565338E0,-8.709338837E0,-3.642974396E0
1.387112412E1,-7.360942841E0,-6.841223602E0,-1.705702972E0
1.388113812E1,-6.410718842E0,-4.823569336E0,6.857240295E-1
1.389115112E1,-6.100713501E0,-3.829785919E0,1.878443756E0
1.390116512E1,-6.566245422E0,-3.736080780E0,1.427731018E0
1.391117812E1,-7.594157867E0,-3.834875336E0,1.886077881E-1
1.392119212E1,-8.383017426E0,-3.642375641E0,-1.077758789E0
1.393120471E1,-8.888216858E0,-3.244503021E0,-1.522633667E0
1.394121871E1,-8.997190247E0,-2.701432343E0,-1.274150391E0
1.395123171E1,-8.774902496E0,-2.283651123E0,-5.327421570E-1
1.396124571E1,-8.477321320E0,-2.045496368E0,6.725514221E-1
1.397125871E1,-8.075407104E0,-1.679208069E0,1.464255066E0
1.398127271E1,-7.479047241E0,-1.142124939E0,1.481768646E0
1.399128571E1,-6.837182007E0,-8.828640747E-1,8.786727905E-1
1.400129971E1,-5.976322174E0,-4.450245667E-1,7.035369873E-3
1.401131271E1,-4.927453308E0,4.878355408E-1,-7.499404907E-1
1.402132671E1,-3.947441254E0,1.330283661E0,-1.491648102E0
1.403133971E1,-3.210074615E0,1.938768311E0,-1.240021362E0
1.404135371E1,-2.940485229E0,2.189796295E0,-1.505868530E-1
1.405136671E1,-2.739004211E0,1.973496094E0,1.342258759E0
1.406138071E1,-2.397264862E0,1.855391693E0,2.497256927E0
1.407139371E1,-2.170336761E0,2.022144928E0,2.923720093E0
1.408140771E1,-1.882635040E0,2.055076447E0,2.418221283E0
1.409142071E1,-1.460812225E0,2.063758392E0,2.041604462E0
1.410143471E1,-1.110540619E0,2.305206299E0,2.299817505E0
1.411144771E1,-9.930349731E-1,2.350112915E0,2.631677399E0
1.412146171E1,-1.120869141E0,1.775308228E0,2.353855133E0
1.413147471E1,-1.075663147E0,7.655081177E-1,5.210664368E-1
1.414148871E1,-3.947291565E-1,-1.053808594E-1,-1.893562317E0
1.415150171E1,9.440867615E-1,-4.863386536E-1,-3.538641357E0
1.416151571E1,2.243384857E0,-6.322851562E-1,-4.289479980E0
1.417152871E1,2.637814636E0,-3.052153015E-1,-4.256698151E0
1.418154271E1,2.878065033E0,-1.514849854E-1,-3.180436249E0
1.419155571E1,3.351680145E0,-8.062234497E-1,-1.182091827E0
1.420156971E1,4.226161652E0,-2.163002014E0,9.698332214E-1
1.421158271E1,5.437442780E0,-3.983067169E0,2.925366669E0
1.422159671E1,7.501500549E0,-5.943091278E0,4.776716766E0
1.423160971E1,1.014754807E1,-7.841892700E0,6.217919769E0
1.424162371E1,1.203018311E1,-8.664432220E0,7.070397034E0
1.425163671E1,1.274225235E1,-8.001460876E0,7.524851990E0
1.426165071E1,1.319655762E1,-7.860603790E0,8.942553864E0
1.427166371E1,1.336016739E1,-8.603658600E0,1.251307892E1
1.428167771E1,1.471380249E1,-9.776020660E0,1.643507309E1
1.429169071E1,1.701122498E1,-1.087338867E1,1.854957596E1
1.430170371E1,1.933963303E1,-1.095377151E1,1.970846603E1
1.433174471E1,1.319715637E1,-1.088057373E1,1.656126068E1
1.434175771E1,8.389004974E0,-1.252265900E1,1.345402222E1
1.435177171E1,6.338119812E0,-1.430230820E1,1.320898178E1
1.436178471E1,6.798412628E0,-1.443313614E1,1.477592331E1
1.437179871E1,9.179810486E0,-1.442445419E1,1.559008026E1
1.438181171E1,1.181103882E1,-1.533995041E1,1.662682434E1
1.439182571E1,1.369472168E1,-1.594409409E1,1.870165970E1
1.440183871E1,1.556089096E1,-1.526750107E1,2.116538635E1
1.449196071E1,1.601998627E1,-1.219199661E1,1.875405075E1
1.450197371E1,1.769365585E1,-1.119941071E1,1.744651978E1
1.451198771E1,1.974903168E1,-1.021266266E1,1.629017441E1
1.452200071E1,2.113694550E1,-9.717791748E0,1.566612213E1
1.456205471E1,1.826846054E1,-1.104687790E1,1.695943268E1
1.457206871E1,1.601534592E1,-1.250454666E1,1.532243683E1
1.458208171E1,1.423285263E1,-1.317170929E1,1.350611389E1
1.459209571E1,1.276710068E1,-1.311662384E1,1.209245361E1
1.460210871E1,1.170281387E1,-1.340821747E1,1.086710175E1
1.461212271E1,1.092533066E1,-1.338351883E1,1.015907410E1
1.462213571E1,1.051458481E1,-1.291888504E1,9.730515289E0
1.463214971E1,1.068448151E1,-1.275961624E1,8.957822113E0
1.464216271E1,1.110450806E1,-1.216639984E1,7.684120789E0
1.465217671E1,1.164428558E1,-1.157542877E1,5.604944458E0
1.466218971E1,1.194336365E1,-1.093431198E1,3.560196533E0
1.467220371E1,1.205458237E1,-1.049228119E1,2.302062836E0
1.468221671E1,1.195743439E1,-9.926457825E0,2.069745941E0
1.469223071E1,1.140119110E1,-8.987460480E0,2.591261444E0
1.470224371E1,1.073507629E1,-8.625812531E0,2.894231415E0
1.471225771E1,1.002390518E1,-8.650062103E0,3.432062988E0
1.472227071E1,8.755143585E0,-9.390871582E0,3.928879852E0
1.473228471E1,6.862030334E0,-1.064601151E1,3.196752319E0
1.474229771E1,4.953648834E0,-1.094359268E1,2.983595581E0
1.475231171E1,3.472778320E0,-1.065349594E1,3.065325623E0
1.476232471E1,1.693578186E0,-1.071157516E1,2.817590790E0
1.477233871E1,-8.756790161E-2,-1.052176987E1,2.115550690E0
1.478235171E1,-9.731263733E-1,-9.810898132E0,1.782343597E0
1.479236571E1,-1.475032654E0,-9.169481964E0,1.922003174E0
1.480237871E1,-2.231260071E0,-8.677455139E0,1.925595703E0
1.481239271E1,-2.901715851E0,-8.297844543E0,1.268312531E0
1.482240571E1,-3.454067230E0,-7.770640869E0,5.679190063E-1
1.483241971E1,-3.934867401E0,-6.800208893E0,5.174739075E-1
1.484243271E1,-4.127816162E0,-5.900579681E0,1.165027313E0
1.485244671E1,-4.140090637E0,-5.086273041E0,2.053878937E0
1.486245971E1,-4.058809662E0,-4.247567139E0,2.969674530E0
1.487247371E1,-4.191134491E0,-3.815116425E0,3.312312012E0
1.488248671E1,-4.324507141E0,-3.405418396E0,3.329376526E0
1.489250071E1,-4.391567688E0,-2.754571838E0,2.999612274E0
1.490251371E1,-4.626279602E0,-2.310595093E0,2.561772766E0
1.491252771E1,-4.760849762E0,-2.507735138E0,2.195035400E0
1.492254087E1,-4.931195526E0,-2.593955841E0,1.976040802E0
1.493255487E1,-4.864134979E0,-2.302960968E0,1.803000641E0
1.494256787E1,-4.430337067E0,-2.049537964E0,1.607357483E0
1.495258087E1,-4.253854065E0,-2.076931000E0,1.339414673E0
1.496259487E1,-4.528682556E0,-2.306703186E0,3.303630066E-1
1.497260787E1,-4.421505432E0,-2.259850616E0,-8.737330627E-1
1.498262187E1,-3.849993896E0,-1.882036285E0,-1.691781921E0
1.499263487E1,-2.926414490E0,-1.505120087E0,-2.073338470E0
1.500264887E1,-1.385668488E0,-1.197210388E0,-1.919757843E0
1.501266188E1,4.996609497E-1,-8.122109985E-1,-1.039887543E0
1.502267587E1,1.701212311E0,-7.104226685E-1,-3.872447205E-1
1.503268887E1,2.064057770E0,-1.215173035E0,-3.261717224E-1
1.504270288E1,2.121987305E0,-2.082918549E0,-7.316784668E-1
1.505271588E1,2.617007904E0,-2.514620819E0,-1.467548218E0
1.506272987E1,3.534001007E0,-1.981878662E0,-2.144141235E0
1.507274287E1,4.235741730E0,-1.758842468E0,-2.368374939E0
1.508275688E1,4.389921112E0,-2.528242493E0,-2.363584900E0
1.509276987E1,4.868026886E0,-3.299738159E0,-2.217339020E0
1.510278387E1,5.972280579E0,-3.946992188E0,-1.512454834E0
1.511279687E1,7.981103210E0,-4.426445160E0,-4.903802490E-1
1.512281087E1,1.010758118E1,-4.219874725E0,-2.829116821E-2
1.513282387E1,1.151046387E1,-4.470154266E0,-8.861572266E-2
1.514283787E1,1.167347488E1,-4.569098511E0,-1.097218323E-1
1.515285087E1,1.130793503E1,-4.249962158E0,-3.848497009E-1
1.516286487E1,1.175041489E1,-4.637805634E0,-2.483335876E-1
1.517287787E1,1.264540375E1,-4.999902649E0,3.344046021E-1
1.518289187E1,1.431368454E1,-5.207520905E0,7.578739929E-1
1.519290487E1,1.618284760E1,-5.898783417E0,7.188052368E-1
1.520291887E1,1.737706421E1,-6.536457367E0,2.053729248E-1
1.521293187E1,1.826471832E1,-6.835535431E0,-8.960366821E-1
1.522294587E1,1.859074036E1,-6.978787537E0,-1.754351807E0
1.523295887E1,1.735790405E1,-6.756499786E0,-1.819017334E0
1.524297287E1,1.603226074E1,-7.486681366E0,-1.305734711E0
1.525298587E1,1.593481339E1,-8.730145569E0,1.067130890E0
1.526299987E1,1.688608521E1,-9.597442017E0,3.376079407E0
1.527301287E1,1.835692657E1,-9.785750427E0,4.301455078E0
1.528302687E1,1.936897202E1,-9.956096191E0,4.994962921E0
1.529303987E1,1.892170212E1,-1.022104523E1,4.976700897E0
1.530305387E1,1.707693832E1,-1.045021866E1,3.029550018E0
1.531306688E1,1.583257599E1,-1.081081879E1,1.553619232E0
1.532308087E1,1.615126328E1,-1.154309601E1,2.462529144E0
1.533309387E1,1.770009247E1,-1.164817749E1,3.526067505E0
1.534310787E1,1.985770569E1,-1.099822906E1,3.317102051E0
1.535312088E1,2.161864380E1,-1.014769775E1,2.690954132E0
1.544324187E1,1.813418976E1,-1.152154083E1,3.565285950E0
1.545325587E1,1.759171783E1,-1.242745697E1,2.206411743E0
1.546326887E1,1.789004745E1,-1.251577332E1,1.741777954E0
1.547328287E1,1.871752670E1,-1.207553879E1,5.758525085E-1
1.548329587E1,1.956042389E1,-1.118369339E1,-1.872605896E-1
1.554337687E1,1.826097610E1,-8.468040619E0,9.916877747E-1
1.555339087E1,1.739607468E1,-8.521329803E0,7.544311523E-1
1.556340387E1,1.695823517E1,-8.510851593E0,9.587562561E-1
1.557341787E1,1.659688660E1,-8.247100067E0,1.230740662E0
1.558343087E1,1.663146469E1,-7.387737122E0,4.818479919E-1
1.559344487E1,1.692485458E1,-6.730304260E0,-9.897418213E-1
1.560345787E1,1.670226746E1,-6.033353577E0,-2.517165527E0
1.561347187E1,1.672906174E1,-5.200485535E0,-3.076701965E0
1.562348488E1,1.681917435E1,-4.275409241E0,-3.324287109E0
1.563349887E1,1.648881134E1,-3.679199066E0,-2.785856781E0
1.564351187E1,1.566866684E1,-3.351231079E0,-9.725276184E-1
1.565352588E1,1.491707977E1,-3.410956879E0,1.111438751E0
1.566353888E1,1.393587021E1,-3.658092957E0,2.203268280E0
1.567355287E1,1.259810211E1,-4.220174103E0,2.847079468E0
1.568356587E1,1.121707397E1,-4.621639252E0,3.304079132E0
1.569357988E1,1.017973114E1,-4.378245392E0,3.569177856E0
1.570359287E1,9.595346375E0,-4.073928223E0,3.525319061E0
1.571360687E1,9.284891968E0,-3.652404785E0,2.917133789E0
1.572361987E1,9.048533478E0,-2.839744720E0,1.947450256E0
1.573363287E1,9.314979401E0,-1.833237762E0,1.177451477E0
1.574364687E1,1.002644989E1,-9.990225220E-1,1.297651520E0
1.575366087E1,1.020248383E1,-6.180647278E-1,2.539618835E0
1.576367387E1,9.778864746E0,-7.969427490E-1,3.917054443E0
1.577368687E1,9.042545929E0,-1.034798126E0,5.095703430E0
1.578370087E1,8.082741852E0,-1.352287903E0,5.378764801E0
1.579371387E1,6.840175781E0,-1.421444092E0,4.993915100E0
1.580372787E1,5.845194855E0,-1.565145264E0,4.528083801E0
1.581374087E1,5.083129578E0,-1.827699280E0,4.391417999E0
1.582375487E1,4.620591431E0,-1.872905273E0,4.573589172E0
1.583376787E1,4.589605865E0,-1.407223663E0,5.314248962E0
1.584378187E1,4.696184235E0,-1.205143890E0,5.964496765E0
1.585379487E1,4.463717651E0,-1.250649261E0,6.161337433E0
1.586380887E1,4.022584991E0,-1.162033539E0,6.314319305E0
1.587382187E1,3.459755402E0,-8.360115051E-1,6.052813110E0
1.588383587E1,2.911445618E0,-5.640270996E-1,5.222190399E0
1.589384888E1,2.611619110E0,-2.987786865E-1,4.711901550E0
1.590386287E1,2.552641754E0,-1.601669312E-1,5.240602112E0
1.591387587E1,2.723137207E0,1.817221069E-1,6.299500122E0
1.592388933E1,2.932851105E0,7.164102173E-1,6.623276825E0
1.593390233E1,3.120710449E0,8.818162537E-1,5.793402557E0
1.594391633E1,3.027304688E0,7.613168335E-1,4.611909485E0
1.595392933E1,2.650538177E0,4.939727783E-1,3.212769012E0
1.596394333E1,1.724264374E0,2.758763123E-1,2.087409210E0
1.597395633E1,7.860154724E-1,6.271957397E-2,1.548380127E0
1.598397033E1,2.477348328E-1,-2.014810181E-1,1.555265808E0
1.599398333E1,1.730401611E-1,-1.281335449E-1,2.255210266E0
1.600399733E1,5.188211060E-1,1.664538574E-1,3.452420654E0
1.601401033E1,9.021739197E-1,6.653663635E-1,4.892575836E0
1.602402333E1,1.198856964E0,1.198108521E0,5.919590149E0
1.603403733E1,1.185684357E0,1.531614990E0,6.141279144E0
1.604405033E1,5.390290833E-1,1.321751404E0,5.589676208E0
1.605406433E1,-6.704557800E-1,1.149908752E0,4.718188477E0
1.606407733E1,-1.795366516E0,1.103954315E0,3.548969879E0
1.607409133E1,-2.703977051E0,6.902146912E-1,2.221530304E0
1.608410433E1,-3.636687469E0,-7.963439941E-2,8.557704163E-1
1.609411833E1,-4.278403015E0,-4.144880676E-1,-3.240760803E-1
1.610413133E1,-4.301455078E0,-2.829116821E-2,-1.104253693E0
1.611414533E1,-4.112248535E0,3.249742126E-1,-1.157991943E0
1.612415833E1,-3.738326111E0,4.122427368E-1,-1.101259918E0
1.613417233E1,-3.148851929E0,3.276686096E-1,-1.193318481E0
1.614418533E1,-2.433489532E0,2.953358459E-1,-1.297651520E0
1.615419933E1,-1.862427063E0,-2.484832764E-2,-1.249002686E0
1.616421233E1,-1.299747162E0,-5.385800171E-1,-1.167272644E0
1.617422633E1,-5.275030518E-1,-8.666976929E-1,-1.168619843E0
1.618423933E1,-2.639012146E-1,-1.527573395E0,-1.371148682E0
1.619425333E1,-4.230203247E-1,-2.108814697E0,-2.107766876E0
1.620426633E1,-1.237925720E-1,-2.065854034E0,-2.741848297E0
1.621428033E1,7.951464844E-1,-2.246977386E0,-3.298690338E0
1.622429333E1,1.396296387E0,-2.555785217E0,-4.673132172E0
1.623430733E1,1.840123444E0,-2.670895844E0,-6.288273468E0
1.624432033E1,2.480641479E0,-2.923420715E0,-7.334747314E0
1.625433433E1,3.278332672E0,-2.922821960E0,-7.952662354E0
1.626434733E1,3.864364014E0,-2.339485016E0,-8.144413605E0
1.627436033E1,4.076622620E0,-2.349364471E0,-7.308701477E0
1.628437433E1,4.093836823E0,-3.271297302E0,-5.743406525E0
1.629438733E1,4.252656555E0,-4.650828552E0,-4.906347198E0
1.630440133E1,4.553381195E0,-5.966592407E0,-5.147495728E0
1.631441433E1,4.645888824E0,-6.853348389E0,-5.733078003E0
1.632442833E1,4.959636383E0,-7.369026031E0,-6.520590363E0
1.633444133E1,5.191803589E0,-7.682174835E0,-7.021897888E0
1.634445533E1,5.625451813E0,-8.038883057E0,-6.985074463E0
1.635446833E1,6.750661926E0,-8.245154114E0,-7.018155670E0
1.636448233E1,8.027656403E0,-8.568930817E0,-7.300019531E0
1.637449533E1,8.986861725E0,-9.455537109E0,-7.695347443E0
1.638450933E1,9.682016144E0,-1.030277527E1,-8.127349091E0
1.639452233E1,1.024424698E1,-1.059796143E1,-9.171278229E0
1.640453633E1,1.047985703E1,-1.059466827E1,-1.066861450E1
1.641454933E1,1.046129562E1,-1.043480072E1,-1.152333710E1
1.642456333E1,1.044393173E1,-1.079001205E1,-1.139325760E1
1.643457633E1,1.037851776E1,-1.124371857E1,-1.036669235E1
1.644459033E1,1.079614929E1,-1.182795364E1,-9.436975708E0
1.645460333E1,1.163560364E1,-1.232521957E1,-9.333241425E0
1.646461733E1,1.260259277E1,-1.254316635E1,-9.193581848E0
1.647463033E1,1.505733810E1,-1.309267365E1,-8.534502411E0
1.648464333E1,1.727332993E1,-1.375998596E1,-8.342900848E0
1.649465733E1,1.745909363E1,-1.416938461E1,-9.220974884E0
1.650467033E1,1.762390091E1,-1.471410187E1,-1.006626709E1
1.651468433E1,1.820843536E1,-1.548305283E1,-1.072744217E1
1.652469733E1,1.874207565E1,-1.581176926E1,-1.155492142E1
1.653471133E1,1.863175507E1,-1.638926834E1,-1.308099792E1
1.654472433E1,1.794378571E1,-1.676633423E1,-1.475571533E1
1.655473833E1,1.784154831E1,-1.647983002E1,-1.547811310E1
1.656475133E1,1.826875992E1,-1.590292969E1,-1.536869064E1
1.657476533E1,1.961116837E1,-1.522678574E1,-1.422027878E1
1.658477833E1,2.153137527E1,-1.489357864E1,-1.193962143E1
1.663484633E1,1.853281082E1,-1.816607346E1,-1.046593597E1
1.664485933E1,1.754366776E1,-1.752600449E1,-1.353096222E1
1.665487333E1,1.852577545E1,-1.507425293E1,-1.462967743E1
1.666488633E1,1.959260696E1,-1.259660522E1,-1.395937134E1
1.669492633E1,1.847428253E1,-1.300944672E1,-7.983498230E0
1.670494033E1,1.748184631E1,-1.339699081E1,-4.644841003E0
1.671495333E1,1.716256027E1,-1.279075150E1,-2.718496857E0
1.672496733E1,1.730296829E1,-1.226339813E1,-2.727627869E0
1.673498033E1,1.754366776E1,-1.158800262E1,-4.077820129E0
1.674499433E1,1.703966583E1,-1.126976440E1,-5.441184998E0
1.675500733E1,1.595517105E1,-1.126377686E1,-6.422394562E0
1.676502133E1,1.411834076E1,-1.118040024E1,-7.356302490E0
1.677503433E1,1.225456650E1,-1.066068100E1,-8.166567535E0
1.678504833E1,1.098924774E1,-1.012539413E1,-8.300239563E0
1.679506133E1,9.929900665E0,-9.515262909E0,-7.938890991E0
1.680507533E1,9.270072784E0,-9.072633362E0,-7.422315216E0
1.681508833E1,9.484876099E0,-8.863368530E0,-6.711892548E0
1.682510233E1,1.093685669E1,-7.693401489E0,-5.399122467E0
1.683511533E1,1.261621445E1,-6.664890289E0,-4.136049042E0
1.684512933E1,1.343695770E1,-6.607260132E0,-3.556005249E0
1.685514233E1,1.269016068E1,-7.159761200E0,-3.668421478E0
1.686515533E1,1.078656921E1,-8.238867188E0,-4.058510284E0
1.687516933E1,8.099357300E0,-9.727970581E0,-4.114194489E0
1.688518233E1,5.334007874E0,-1.083955902E1,-3.776945801E0
1.689519633E1,3.671714630E0,-1.055739578E1,-3.260968781E0
1.690520933E1,3.503913574E0,-1.003992188E1,-2.781366119E0
1.691522333E1,5.165158997E0,-9.428293762E0,-2.097138977E0
1.692523646E1,8.845405884E0,-7.726183319E0,-5.797444153E-1
1.693525046E1,1.152483398E1,-6.526428223E0,6.649172974E-1
1.694526346E1,1.032433044E1,-7.483986969E0,1.126557312E0
1.695527746E1,5.703439636E0,-1.033944901E1,8.985813904E-1
1.696529046E1,5.384303284E-1,-1.187929688E1,9.547146606E-1
1.697530446E1,-2.852468262E0,-1.147124542E1,1.702858887E0
1.698531746E1,-4.667893066E0,-1.061966629E1,2.480791168E0
1.699533146E1,-4.737049255E0,-9.223669281E0,3.199446716E0
1.700534446E1,-2.534379730E0,-7.427404633E0,3.635939026E0
1.701535846E1,1.496887207E-3,-5.878725128E0,3.277584229E0
1.702537146E1,8.159532166E-1,-4.862787781E0,3.136278076E0
1.703538446E1,-2.674937439E-1,-4.781357117E0,2.779719543E0
1.704539846E1,-2.399360504E0,-5.163362732E0,2.125130768E0
1.705541146E1,-4.627327423E0,-5.761967926E0,2.011666718E0
1.706542546E1,-6.784192200E0,-6.219865723E0,2.538121948E0
1.707543846E1,-7.985893250E0,-6.153553619E0,3.183280334E0
1.708545246E1,-8.333919525E0,-5.935307465E0,3.739523621E0
1.709546546E1,-7.912096710E0,-5.891149292E0,3.992946625E0
1.710547946E1,-6.368356934E0,-5.588329010E0,4.848118286E0
1.711549246E1,-4.734205170E0,-5.137466583E0,5.820496216E0
1.712550646E1,-2.822979584E0,-4.627776489E0,6.079308014E0
1.713551946E1,-1.980082397E0,-4.488865356E0,6.342311096E0
1.714553346E1,-2.668800201E0,-4.938380585E0,6.339916077E0
1.715554646E1,-2.131717072E0,-5.690566406E0,5.783074036E0
1.716556046E1,1.209484863E-1,-5.614973602E0,5.948779449E0
1.717557346E1,2.573747864E0,-4.420307922E0,6.855893097E0
1.718558746E1,3.714226227E0,-3.582649841E0,6.756948853E0
1.719560046E1,2.887196045E0,-3.095113678E0,6.010750580E0
1.720561346E1,1.728305969E0,-3.376528473E0,4.970863037E0
1.721562746E1,1.669627991E0,-4.229454803E0,4.286037140E0
1.722564046E1,2.739303589E0,-4.425247650E0,3.625610504E0
1.723565446E1,5.578299866E0,-3.929478607E0,2.711311798E0
1.724566746E1,8.388256531E0,-3.567082214E0,2.689906311E0
1.725568146E1,9.945468292E0,-3.908073120E0,2.913541260E0
1.726569446E1,1.033331177E1,-4.651427307E0,2.738555145E0
1.727570846E1,9.949060822E0,-4.977299652E0,1.878144379E0
1.728572146E1,1.047701294E1,-4.389022980E0,9.101074219E-1
1.729573546E1,1.252894592E1,-3.696413269E0,7.550299072E-1
1.730574846E1,1.391117157E1,-3.701652374E0,7.691006470E-1
1.731576246E1,1.465841766E1,-4.909340973E0,8.381071472E-1
1.732577546E1,1.535626648E1,-6.937174072E0,1.715133362E0
1.733578946E1,1.599947891E1,-8.953930206E0,3.680097198E0
1.734580246E1,1.624347153E1,-1.027223877E1,4.826413422E0
1.735581546E1,1.628358810E1,-1.130089966E1,3.617078247E0
1.736582946E1,1.715687210E1,-1.095646591E1,2.021695862E0
1.737584246E1,1.871722733E1,-9.394913177E0,2.089654541E-1
1.738585646E1,1.938708435E1,-9.770931244E0,-1.004860382E0
1.754607146E1,1.734922211E1,-1.370205643E1,-5.155129852E0
1.755608546E1,1.549757263E1,-1.467937408E1,-5.475463715E0
1.756609846E1,1.355805588E1,-1.567255875E1,-8.384813690E0
1.757611246E1,1.169562881E1,-1.599364105E1,-1.175266022E1
1.758612546E1,1.070304291E1,-1.591445572E1,-1.432521057E1
1.759613946E1,1.247056732E1,-1.483055969E1,-1.406565033E1
1.760615246E1,1.672502014E1,-1.237027588E1,-1.056398209E1
1.761616646E1,1.880913620E1,-1.084569626E1,-9.442364502E0
1.762617946E1,1.948483109E1,-1.136885834E1,-9.775571594E0
1.763619346E1,1.775712387E1,-1.169682632E1,-9.243877258E0
1.764620646E1,1.523636581E1,-1.223944794E1,-8.121660919E0
1.765621946E1,1.305510178E1,-1.345956070E1,-8.602610779E0
1.766623346E1,1.095422058E1,-1.440963501E1,-9.423204346E0
1.767624646E1,9.228758698E0,-1.482547028E1,-9.902657318E0
1.768626046E1,8.281079407E0,-1.489103394E1,-1.033974838E1
1.769627346E1,7.874674530E0,-1.448328186E1,-1.057176590E1
1.770628746E1,8.763825531E0,-1.351928650E1,-1.003573059E1
1.771630046E1,1.042566971E1,-1.247161514E1,-9.524842987E0
1.772631446E1,1.174263107E1,-1.180684753E1,-9.698182526E0
1.773632746E1,1.254750732E1,-1.149983597E1,-9.420360260E0
1.774634146E1,1.219259537E1,-1.129551086E1,-9.197623444E0
1.775635446E1,1.203153030E1,-1.168799469E1,-9.070388031E0
1.776636846E1,1.083866089E1,-1.297920959E1,-7.639064484E0
1.777638146E1,9.335486755E0,-1.398092651E1,-5.972430267E0
1.778639446E1,8.290210419E0,-1.441277847E1,-5.159770203E0
1.779640846E1,7.175179138E0,-1.452803879E1,-4.615651703E0
1.780642146E1,6.456972656E0,-1.442535233E1,-3.926484833E0
1.781643546E1,5.910459137E0,-1.435499863E1,-3.050207062E0
1.782644846E1,5.295238495E0,-1.427237045E1,-1.958227844E0
1.783646246E1,4.759502563E0,-1.383243530E1,-1.051114197E0
1.784647546E1,4.392016754E0,-1.328771805E1,-1.025667114E0
1.785648946E1,3.951333160E0,-1.318039124E1,-8.288264465E-1
1.786650246E1,2.873873749E0,-1.279299683E1,-1.577719116E-1
1.787651646E1,1.743873596E0,-1.256337433E1,3.556604004E-1
1.788652946E1,1.517843628E-1,-1.190878555E1,6.655160522E-1
1.789654346E1,-9.404942322E-1,-1.112172226E1,1.069226532E0
1.790655646E1,-1.403631134E0,-1.014964371E1,1.391506348E0
1.791657046E1,-1.572629700E0,-8.691974945E0,1.837279358E0
1.792658425E1,-1.723515930E0,-7.260651398E0,2.611918488E0
1.793659725E1,-2.270777893E0,-6.057154083E0,2.791994019E0
1.794661125E1,-3.164569244E0,-5.110971680E0,2.403551788E0
1.795662425E1,-4.142934723E0,-4.686155090E0,2.364632721E0
1.796663825E1,-5.185516663E0,-4.370910645E0,2.150727539E0
1.797665125E1,-5.837710419E0,-3.966002655E0,1.874402161E0
1.798666525E1,-6.102958832E0,-3.426674194E0,1.606459351E0
1.799667825E1,-5.606141968E0,-3.069666595E0,1.594633942E0
1.800669225E1,-5.325026550E0,-2.288141785E0,1.510059814E0
1.801670525E1,-5.366939392E0,-2.080224152E0,1.563947754E0
1.802671925E1,-5.061574402E0,-2.106719055E0,2.505489807E0
1.803673225E1,-4.724325714E0,-1.905986481E0,3.977229309E0
1.804674625E1,-4.806654510E0,-1.850901031E0,5.079686737E0
1.805675925E1,-4.646786957E0,-1.925745392E0,5.577850800E0
1.806677225E1,-4.351750488E0,-2.204316101E0,6.033054199E0
1.807678625E1,-4.064348145E0,-2.386786652E0,6.531367950E0
1.808679925E1,-3.062631226E0,-1.987866211E0,6.425538025E0
1.809681325E1,-1.524130554E0,-1.120719452E0,5.692811737E0
1.810682625E1,-3.475772095E-1,-4.908293152E-1,4.400698700E0
1.811684025E1,3.158432007E-1,-3.942800903E-1,3.071911926E0
1.812685325E1,4.397854614E-1,-7.204518127E-1,1.976040802E0
1.813686725E1,1.438508606E-1,-1.117276611E0,1.278491364E0
1.814688025E1,-1.871109009E-1,-1.689386902E0,1.516197052E0
1.815689425E1,1.309776306E-1,-2.555635529E0,2.628833313E0
1.816690725E1,9.220825195E-1,-3.313659210E0,3.712280273E0
1.817692125E1,2.114353180E0,-3.598067780E0,4.253854065E0
1.818693425E1,4.398153992E0,-3.213816833E0,4.237238617E0
1.819694725E1,5.975573730E0,-2.730471954E0,3.351081390E0
1.820696125E1,5.836512909E0,-3.237018585E0,1.519939270E0
1.821697425E1,5.439538422E0,-4.291875000E0,-4.044589233E-1
1.822698825E1,5.809718628E0,-5.809419250E0,-1.655108185E0
1.823700125E1,7.954009552E0,-7.041656799E0,-2.190844116E0
1.824701525E1,1.129865433E1,-7.145840149E0,-2.721640320E0
1.825702825E1,1.461889984E1,-7.198530579E0,-2.489622803E0
1.826704225E1,1.669867493E1,-7.573650513E0,-1.609303436E0
1.827705525E1,1.832863541E1,-7.245981903E0,-1.605112152E0
1.828706925E1,1.945160019E1,-6.341113586E0,-3.245850220E0
1.845729725E1,1.876692398E1,-1.347976868E1,-1.267998184E1
1.846731125E1,1.624706406E1,-1.378812744E1,-1.152318741E1
1.847732425E1,1.352916595E1,-1.407897263E1,-1.143921204E1
1.848733825E1,1.125314896E1,-1.350102448E1,-1.217762650E1
1.849735125E1,9.888885956E0,-1.314820816E1,-1.267968246E1
1.850736525E1,1.035636383E1,-1.291948380E1,-1.361823074E1
1.851737825E1,1.142873383E1,-1.210727280E1,-1.232866241E1
1.852739225E1,1.162527512E1,-1.158246414E1,-1.034438873E1
1.853740525E1,1.156914185E1,-1.151914581E1,-9.221423950E0
1.854741925E1,1.088072342E1,-1.238988510E1,-8.530460815E0
1.855743225E1,9.001082153E0,-1.328547272E1,-7.394473114E0
1.856744525E1,7.397017822E0,-1.419857391E1,-5.711971893E0
1.857745925E1,6.640041962E0,-1.458102859E1,-5.079237671E0
1.858747225E1,6.005661163E0,-1.400697235E1,-5.049000549E0
1.859748625E1,5.568719788E0,-1.344369370E1,-5.858068085E0
1.860749925E1,6.547234955E0,-1.292562103E1,-6.272855530E0
1.861751325E1,7.745942230E0,-1.162677200E1,-5.388344879E0
1.862752625E1,9.387877808E0,-1.043420197E1,-4.679119720E0
1.863754025E1,1.013677048E1,-9.568252716E0,-4.458478546E0
1.864755325E1,1.006626709E1,-9.275760956E0,-4.073329468E0
1.865756725E1,9.355395355E0,-9.555529175E0,-3.388503571E0
1.866758025E1,8.501720581E0,-9.994715881E0,-3.028202820E0
1.867759325E1,7.581883392E0,-1.006357269E1,-2.712658997E0
1.868760725E1,6.884333954E0,-9.788893890E0,-2.565365295E0
1.869762025E1,6.496041412E0,-9.089697876E0,-2.994971924E0
1.870763425E1,5.669160919E0,-7.909102936E0,-3.566483459E0
1.871764725E1,4.575385437E0,-6.834038544E0,-4.267176361E0
1.872766125E1,4.007316742E0,-6.178252258E0,-5.303621063E0
1.873767425E1,3.882775726E0,-5.274132385E0,-5.079686737E0
1.874768825E1,3.916605377E0,-4.793930969E0,-4.224066010E0
1.875770125E1,3.975433044E0,-4.821473694E0,-3.265908508E0
1.876771525E1,3.948040009E0,-4.612957306E0,-1.893113251E0
1.877772825E1,3.785777435E0,-3.926634521E0,-1.199306030E0
1.878774125E1,3.735332336E0,-3.493585052E0,-1.092278595E0
1.879775525E1,3.328478394E0,-3.203338623E0,-5.634283447E-1
1.880776825E1,3.068918152E0,-2.553689575E0,-7.529342651E-2
1.881778225E1,3.066972198E0,-1.675765228E0,2.748284912E-1
1.882779525E1,3.137176208E0,-9.901908875E-1,7.090754700E-1
1.883780925E1,3.281326447E0,-4.162843323E-1,1.161584473E0
1.884782225E1,3.297941895E0,2.826123047E-1,1.230441284E0
1.885783625E1,3.455863495E0,7.084767151E-1,1.046324158E0
1.886784925E1,3.583098907E0,1.046324158E0,8.740324402E-1
1.887786325E1,3.272794189E0,1.461710358E0,8.286767578E-1
1.888787625E1,2.948568420E0,1.770368500E0,8.596623230E-1
1.889788925E1,2.777174835E0,1.748813324E0,8.267308044E-1
1.890790325E1,2.446961517E0,1.821562042E0,8.448431396E-1
1.891791625E1,2.121987305E0,1.909279633E0,9.253756714E-1
1.892793171E1,1.750010834E0,2.029629364E0,1.067430267E0
1.893794471E1,1.442999268E0,2.140099640E0,1.145418091E0
1.894795871E1,1.118474121E0,2.459834747E0,1.101559296E0
1.895797171E1,5.998027039E-1,2.872376862E0,1.351389771E0
1.896798571E1,1.773811340E-1,2.934797058E0,1.769170990E0
1.897799871E1,1.896556091E-1,2.800526276E0,1.904489594E0
1.898801271E1,4.686753845E-1,2.630030823E0,1.545835419E0
1.899802571E1,8.120613098E-1,2.638413391E0,8.619076538E-1
1.900803871E1,1.052162018E0,3.040477295E0,5.077441406E-1
1.901805271E1,1.158740387E0,3.410358124E0,5.572911072E-1
1.902806571E1,1.233884125E0,3.592678986E0,8.860075378E-1
1.903807971E1,1.457519073E0,3.924538879E0,1.675914917E0
1.904809271E1,1.582359467E0,4.273163910E0,2.165995789E0
1.905810671E1,1.782792664E0,4.432881775E0,1.922302551E0
1.906811971E1,2.129022675E0,4.323309631E0,1.246757355E0
1.907813371E1,2.187101898E0,3.959116974E0,7.571255493E-1
1.908814671E1,2.273472290E0,3.539988556E0,4.872367859E-1
1.909816071E1,2.739752655E0,3.695814514E0,-7.529342651E-2
1.910817371E1,2.777923279E0,3.579506378E0,-5.339396667E-1
1.911818671E1,2.111359406E0,2.800526276E0,-6.291416931E-1
1.912820071E1,1.689686279E0,2.105820923E0,-5.740562439E-1
1.913821371E1,2.056872711E0,1.765428772E0,-8.544232178E-1
1.914822771E1,3.140619049E0,1.477876740E0,-1.397942963E0
1.915824071E1,4.688699799E0,1.634151764E0,-2.389481049E0
1.916825471E1,5.561983795E0,1.479074249E0,-4.100123749E0
1.917826771E1,5.817502441E0,1.201401672E0,-5.730982361E0
1.918828171E1,6.270161133E0,7.225474548E-1,-6.981332245E0
1.919829471E1,6.329138489E0,-7.424560547E-2,-7.539671173E0
1.920830871E1,6.946903839E0,-2.677931213E-1,-7.532336426E0
1.921832171E1,8.361013184E0,-3.233276367E-2,-7.913144531E0
1.922833471E1,9.560169525E0,-2.395019531E-3,-8.102949829E0
1.923834871E1,1.044976959E1,-2.951861572E-1,-7.433990936E0
1.924836171E1,1.108010880E1,-8.747808838E-1,-6.731651459E0
1.925837571E1,1.164982407E1,-2.007774811E0,-6.179150391E0
1.926838871E1,1.230261658E1,-3.101699982E0,-5.506149902E0
1.927840271E1,1.297007858E1,-3.451672211E0,-5.982309723E0
1.928841571E1,1.375160339E1,-3.773053894E0,-7.446415100E0
1.929842971E1,1.488489670E1,-3.989653473E0,-7.755971375E0
1.930844271E1,1.546374298E1,-4.139641571E0,-7.423363037E0
1.931845571E1,1.574994781E1,-4.001179504E0,-7.166646881E0
1.932846971E1,1.628748001E1,-2.949915619E0,-7.138355713E0
1.933848271E1,1.723426117E1,-2.431543579E0,-7.391479340E0
1.934849671E1,1.680899551E1,-3.270698547E0,-7.540868683E0
1.935850971E1,1.537677383E1,-4.414769440E0,-8.889414368E0
1.936852371E1,1.483639755E1,-5.550158386E0,-9.769434357E0
1.937853671E1,1.484702545E1,-6.155200195E0,-9.281898193E0
1.938855071E1,1.434931046E1,-7.002288666E0,-9.630672913E0
1.939856371E1,1.428928528E1,-7.216044159E0,-9.133107605E0
1.940857771E1,1.439227112E1,-6.916966095E0,-8.308622131E0
1.941859071E1,1.439885742E1,-6.685547333E0,-7.624245300E0
1.942860371E1,1.470242615E1,-6.263574829E0,-7.578739929E0
1.943861771E1,1.474778183E1,-5.960305481E0,-8.058043213E0
1.944863071E1,1.428584244E1,-6.236630859E0,-8.809480591E0
1.945864471E1,1.372780289E1,-6.829996948E0,-9.395212555E0
1.946865771E1,1.309970901E1,-7.725734253E0,-9.773475952E0
1.947867171E1,1.296199539E1,-8.389454041E0,-1.009620483E1
1.948868471E1,1.308833267E1,-8.750652924E0,-9.834998016E0
1.949869871E1,1.358140732E1,-8.998088379E0,-8.879385223E0
1.950871171E1,1.407612854E1,-9.037157135E0,-7.667655029E0
1.951872471E1,1.455722809E1,-8.341553650E0,-6.320456543E0
1.952873871E1,1.520133865E1,-7.296427002E0,-5.263803864E0
1.953875171E1,1.590891724E1,-5.973178711E0,-4.600982208E0
1.954876571E1,1.674986847E1,-4.434378662E0,-4.330794067E0
1.955877871E1,1.741388763E1,-3.417992249E0,-4.863985291E0
1.956879271E1,1.763273254E1,-3.106639709E0,-6.212980042E0
1.957880571E1,1.807685898E1,-2.500250702E0,-8.261769562E0
1.958881971E1,1.836081848E1,-1.868115234E0,-9.784552917E0
1.959883271E1,1.760908173E1,-2.209106140E0,-1.001207977E1
1.960884571E1,1.592298798E1,-3.237168274E0,-9.184899902E0
1.961885971E1,1.398841095E1,-3.806135101E0,-7.861501923E0
1.962887271E1,1.230037125E1,-3.590134277E0,-5.862259369E0
1.963888671E1,1.101200043E1,-3.612737274E0,-3.045716400E0
1.964889971E1,1.099733093E1,-3.355272675E0,-3.344644775E0
1.965891371E1,1.103295685E1,-2.214794312E0,-4.101321259E0
1.966892671E1,1.133203491E1,-1.147364044E0,-3.836072845E0
1.967894071E1,1.208077789E1,-1.440005493E-1,-4.612657928E0
1.968895371E1,1.291619064E1,5.065466309E-1,-5.880371704E0
1.969896771E1,1.316826645E1,-1.338217163E-1,-6.758595428E0
1.970898071E1,1.239632172E1,-1.775158539E0,-6.070177002E0
1.971899371E1,1.050081345E1,-2.771037598E0,-3.122057648E0
1.972900771E1,9.252858582E0,-2.468666382E0,1.269360352E-1
1.973902071E1,8.680748291E0,-1.896556091E0,1.981878662E0
1.974903471E1,8.149203644E0,2.421963501E-1,4.039799194E0
1.975904771E1,9.747280426E0,1.858684845E0,5.196593628E0
1.976906171E1,1.175086395E1,2.960543518E0,4.045786743E0
1.977907471E1,1.362391891E1,4.260739746E0,1.199455719E0
1.978908871E1,1.380144974E1,4.692591705E0,-8.792715454E-1
1.979910171E1,1.199770065E1,3.718118134E0,-1.974394226E0
1.980911471E1,8.699010315E0,1.404080200E0,-2.060914307E0
1.981912871E1,4.335584106E0,-3.354524231E-1,-1.090182953E0
1.982914171E1,1.787283325E0,-4.486170959E-1,-1.169068909E-1
1.983915571E1,1.330583038E0,4.815486145E-1,1.052760773E0
1.984916871E1,2.128723297E0,1.982776794E0,1.764231262E0
1.985918271E1,3.263214111E0,3.068169708E0,2.208208008E0
1.986919571E1,4.180656281E0,4.522844696E0,3.187770996E0
1.987920971E1,4.520898743E0,5.734275513E0,3.758384399E0
1.988922271E1,3.827241211E0,5.575156403E0,3.252137146E0
1.989923571E1,2.566862183E0,5.158123627E0,2.316732330E0
1.990924971E1,1.067579956E0,5.069358215E0,1.437909851E0
1.991926271E1,-3.823049927E-1,4.890480194E0,-1.333726501E-1
1.992927458E1,-1.442699890E0,4.905299377E0,-6.884184265E-1
1.993928758E1,-1.579814758E0,5.009632416E0,-1.564247131E-1
1.994930158E1,-6.917115784E-1,5.596861267E0,1.552421722E0
1.995931458E1,2.038760376E-1,6.453529816E0,3.318598938E0
1.996932858E1,8.517288208E-1,6.934928741E0,3.806434479E0
1.997934158E1,1.144070892E0,7.298073578E0,3.100053406E0
1.998935458E1,4.378395081E-1,7.296427002E0,1.299747162E0
1.999936858E1,-9.678872681E-1,7.544760590E0,-3.245251465E-1
2.000938158E1,-2.833457794E0,7.958649902E0,-3.323089600E-1
2.001939558E1,-3.717968445E0,7.918233948E0,-8.484356689E-1
2.002940858E1,-4.030518494E0,7.870183868E0,-6.944059753E-1
2.003942258E1,-3.635939026E0,7.828570404E0,5.957611084E-1
2.004943558E1,-2.626737671E0,7.879165192E0,2.295027466E0
2.005944958E1,-1.743274841E0,7.973918152E0,3.209924927E0
2.006946258E1,-2.053429871E0,7.914940796E0,3.387306061E0
2.007947558E1,-3.273093567E0,7.922125854E0,3.256478119E0
2.008948958E1,-3.937112732E0,7.766449585E0,3.023861847E0
2.009950258E1,-3.864813080E0,7.953261108E0,3.180436249E0
2.010951658E1,-2.967578888E0,8.522078247E0,3.782933350E0
2.011952958E1,-1.793270874E0,9.167236633E0,4.258494415E0
2.012954358E1,-9.485774231E-1,9.518556061E0,3.935765533E0
2.013955658E1,-8.795709229E-1,9.387578430E0,3.309018860E0
2.014957058E1,-1.435514832E0,8.912167053E0,2.519560547E0
2.015958358E1,-2.434986420E0,8.560997314E0,1.616189117E0
2.016959658E1,-2.960244141E0,8.293952637E0,1.131347351E0
2.017961058E1,-2.879561920E0,8.441396027E0,2.629132690E0
2.018962358E1,-2.324665833E0,9.063951416E0,4.558021545E0
2.019963758E1,-1.227447510E0,8.880433044E0,5.113217010E0
2.020965058E1,-9.919871521E-1,8.959468689E0,4.912035370E0
2.021966458E1,-7.738906860E-1,9.061257019E0,4.451443176E0
2.022967758E1,-7.200027466E-1,8.883426819E0,3.134032745E0
2.023969158E1,-1.556163940E0,9.098828888E0,1.560654602E0
2.024970458E1,-1.760039978E0,9.214538269E0,1.712438965E0
2.025971758E1,-8.125103760E-1,9.097481689E0,3.491339722E0
2.026973158E1,3.173400879E-2,9.336684265E0,5.067112885E0
2.027974458E1,3.228785706E-1,9.426946564E0,6.107898560E0
2.028975858E1,1.917512512E-1,9.074579315E0,6.120023346E0
2.029977158E1,-2.594105530E-1,8.797655182E0,5.263654175E0
2.030978558E1,-1.354682922E0,8.483907623E0,3.464994507E0
2.031979858E1,-2.102527771E0,8.543184357E0,1.853745117E0
2.032981258E1,-1.512005768E0,8.449179840E0,1.344055023E0
2.033982558E1,-4.793032837E-1,8.870403900E0,2.808908844E0
2.034983858E1,5.053491211E-1,9.103918304E0,4.254303131E0
2.035985258E1,1.093027039E0,9.147477722E0,4.908891907E0
2.036986558E1,9.172924805E-1,9.252409515E0,4.660408630E0
2.037987958E1,6.188131714E-1,9.225315857E0,3.221900024E0
2.038989258E1,1.437011719E-1,9.377399597E0,1.118773499E0
2.039990658E1,-5.688171387E-2,9.617949371E0,2.541714478E-1
2.040991958E1,2.793191528E-1,9.836794281E0,1.306183777E0
2.041993258E1,8.946894836E-1,1.003064117E1,2.857707367E0
2.042994658E1,1.475332031E0,9.877659302E0,4.027075653E0
2.043995958E1,1.499132538E0,9.669591980E0,4.931045837E0
2.044997358E1,1.261426849E0,9.267677765E0,5.404062195E0
2.045998658E1,6.749464417E-1,8.946745148E0,5.119653625E0
2.047000058E1,1.944456482E-1,8.754993896E0,4.564308472E0
2.048001358E1,3.580554199E-1,8.908724213E0,4.641547852E0
2.049002758E1,8.684939575E-1,9.373507690E0,4.816084900E0
2.050004058E1,1.240620117E0,9.677974548E0,4.636757812E0
2.051005358E1,1.508413239E0,9.853110352E0,4.151766357E0
2.052006758E1,1.568887482E0,1.002106110E1,3.714675293E0
2.053008058E1,1.685345306E0,1.000055374E1,3.017724609E0
2.054009458E1,1.842668152E0,1.010054581E1,2.334395599E0
2.055010758E1,1.993704071E0,1.023257126E1,1.974992981E0
2.056012158E1,1.975891113E0,1.013467484E1,2.207758942E0
2.057013458E1,1.483415222E0,9.908495178E0,3.172502747E0
2.058014858E1,1.092727661E0,9.503138123E0,4.155807953E0
2.059016158E1,9.020242310E-1,9.252110138E0,4.906047821E0
2.060017458E1,8.045768738E-1,9.286688232E0,5.389991455E0
2.061018858E1,1.091979218E0,9.282646637E0,5.474116516E0
2.062020158E1,1.244212646E0,9.362281036E0,4.895868988E0
2.063021558E1,1.283730469E0,9.405541077E0,3.834725647E0
2.064022858E1,1.209933929E0,9.357940063E0,3.328628082E0
2.065024258E1,1.243464203E0,9.314380646E0,3.539240112E0
2.066025558E1,1.517244873E0,9.403894501E0,4.177512817E0
2.067026858E1,1.597028961E0,9.476044464E0,4.542603607E0
2.068028258E1,1.426832886E0,9.412726135E0,4.481680298E0
2.069029558E1,1.033301239E0,9.242230682E0,4.181554413E0
2.070030958E1,7.212002563E-1,9.097930756E0,3.731290741E0
2.071032258E1,5.712121582E-1,9.044791260E0,3.297792206E0
2.072033658E1,3.336561584E-1,8.819659424E0,3.265609131E0
2.073034958E1,1.827699280E-1,8.665629730E0,3.549269257E0
2.074036358E1,4.011657715E-1,8.658444672E0,4.013004913E0
2.075037658E1,1.290017395E0,9.008865967E0,4.887336731E0
2.076038958E1,1.841021576E0,9.226663055E0,5.336851959E0
2.077040358E1,1.811383209E0,9.011859741E0,5.213658142E0
2.078041658E1,1.603764954E0,8.882229309E0,4.814288635E0
2.079043058E1,1.325792999E0,8.869056702E0,4.342619476E0
2.080044358E1,1.002764740E0,8.713081055E0,4.093238068E0
2.081045758E1,9.316625977E-1,8.563092957E0,4.273612976E0
2.082047058E1,1.069076843E0,8.645721130E0,4.731510773E0
2.083048358E1,1.371298370E0,8.834777985E0,4.946912842E0
2.084049758E1,1.673519897E0,9.073980560E0,4.827760620E0
2.085051058E1,1.721120911E0,9.257648621E0,4.707560577E0
2.086052458E1,1.653162231E0,9.238638153E0,4.427792358E0
2.087053758E1,1.462758179E0,9.088949432E0,4.100423126E0
2.088055158E1,1.220861206E0,8.977281647E0,3.981869659E0
2.089056458E1,1.168919220E0,8.939111023E0,4.010011139E0
2.090057758E1,1.189725952E0,8.925189972E0,4.192631378E0
2.091059158E1,1.043480072E0,8.771609344E0,4.485721893E0
2.092060458E1,8.009843445E-1,8.614286499E0,4.594545593E0
2.093061925E1,6.487509155E-1,8.583151245E0,4.603526917E0
2.094063225E1,7.316784668E-1,8.669970703E0,4.536616058E0
2.095064625E1,1.009351044E0,8.810378723E0,4.439917145E0
2.096065925E1,1.140777740E0,8.872499542E0,4.361180878E0
2.097067325E1,1.109642487E0,8.828940125E0,4.298311615E0
2.098068625E1,1.001417542E0,8.728349304E0,4.323908386E0
2.099069925E1,9.930349731E-1,8.667875061E0,4.526736603E0
2.100071325E1,1.028810577E0,8.602610779E0,4.680766296E0
2.101072625E1,1.085692291E0,8.540489960E0,4.681365051E0
2.102074025E1,1.050066376E0,8.570427704E0,4.614603882E0
2.103075325E1,9.536668396E-1,8.548124084E0,4.372108154E0
2.104076725E1,7.800279236E-1,8.524473267E0,4.179758148E0
2.105078025E1,6.409671021E-1,8.485853577E0,4.131558380E0
2.106079325E1,5.771997070E-1,8.463400269E0,4.184248810E0
2.107080725E1,6.792874146E-1,8.523275757E0,4.200115814E0
2.108082025E1,8.219407654E-1,8.593030701E0,4.108656006E0
2.109083425E1,1.052012329E0,8.677305450E0,4.062701569E0
2.110084725E1,1.429826660E0,8.975635071E0,2.537223816E0
2.111086125E1,1.807341614E0,9.425749054E0,6.074368286E-1
2.112087425E1,1.842817841E0,9.338630219E0,2.915038147E0
2.113088725E1,1.573378143E0,8.940308533E0,3.358565826E0
2.114090125E1,9.126521301E-1,8.564589844E0,4.340074768E0
2.115091425E1,7.744894409E-1,8.349487152E0,5.262007599E0
2.116092825E1,9.686357117E-1,8.271199951E0,5.850583649E0
2.117094125E1,1.185384979E0,8.215366058E0,5.889053650E0
2.118095525E1,1.398242340E0,8.368497620E0,5.568420410E0
2.119096825E1,1.645977173E0,8.663983154E0,4.925507355E0