"Time (s)","X (rad/s)","Y (rad/s)","Z (rad/s)"
2.984125000E-3,-1.955947131E-1,7.289099097E-1,3.903914690E-1
1.299812500E-2,-4.095689952E-1,7.562997937E-1,3.725860715E-1
2.301112500E-2,-4.822722077E-1,8.597726226E-1,3.149001598E-1
3.302412500E-2,-4.642097354E-1,8.991887569E-1,2.090535015E-1
4.303812500E-2,-3.978056908E-1,9.528504014E-1,4.699962214E-2
5.305112500E-2,-3.799936771E-1,9.291260839E-1,-9.102158993E-2
6.306412500E-2,-4.497229457E-1,9.334102869E-1,-2.000700533E-1
7.307712500E-2,-5.166900158E-1,1.125187039E0,-2.542831898E-1
8.309112500E-2,-5.497648716E-1,1.318175912E0,-2.434486598E-1
9.310412500E-2,-5.566918850E-1,1.458752036E0,-2.060389370E-1
1.031171250E-1,-5.069658756E-1,1.453731179E0,-1.246404797E-1
1.131311250E-1,-4.241640866E-1,1.337745547E0,-1.055848319E-2
1.231441250E-1,-4.939290583E-1,1.134852290E0,4.617856443E-2
1.331571250E-1,-8.116992116E-1,1.067970157E0,8.585549891E-3
1.431711250E-1,-1.227051020E0,1.120889306E0,6.901214272E-2
1.531841250E-1,-1.539052486E0,1.288839459E0,2.001114935E-1
1.631971250E-1,-1.715933442E0,1.376568556E0,3.342756629E-1
1.732101250E-1,-1.821141601E0,1.344985723E0,4.635863602E-1
1.832241250E-1,-1.854260445E0,1.248301268E0,5.834150314E-1
1.932371250E-1,-1.738105893E0,1.079246640E0,6.830323935E-1
2.032501250E-1,-1.479430437E0,9.772406220E-1,7.255729437E-1
2.132641250E-1,-1.188862443E0,9.842612147E-1,6.363957524E-1
2.232771250E-1,-9.485157728E-1,9.792003632E-1,3.713187873E-1
2.332901250E-1,-7.171463966E-1,9.517883658E-1,4.166752566E-3
2.433031250E-1,-5.489562750E-1,9.201468229E-1,-3.319465518E-1
2.533171250E-1,-3.581604660E-1,9.532364011E-1,-5.166819096E-1
2.633301250E-1,-9.874645621E-2,9.963052869E-1,-6.342104077E-1
2.733431250E-1,1.760030538E-1,8.423900008E-1,-7.006270289E-1
2.833571250E-1,4.672279954E-1,7.855155468E-1,-3.868874609E-1
2.933701250E-1,5.637170076E-1,4.370402694E-1,5.718078837E-2
3.033831250E-1,3.498641253E-1,8.631276488E-1,5.212948918E-1
3.133971250E-1,2.292028517E-1,9.461588264E-1,1.098121285E0
3.234101250E-1,9.532600641E-2,6.402638555E-1,1.818039417E0
3.334231250E-1,-9.809503704E-2,-1.436966956E-1,2.488760948E0
3.434361250E-1,-5.678209662E-1,-1.901993394E0,2.295956373E0
3.534501250E-1,-1.199562907E0,-3.547567844E0,1.474753976E0
3.634631250E-1,-1.200428247E0,-3.350919724E0,4.865736365E-1
3.734761250E-1,-6.688145399E-1,-1.479621768E0,-5.554667711E-1
3.834901250E-1,-1.786109954E-1,-6.417777389E-2,-7.709753513E-1
3.935031250E-1,-7.706400752E-2,-1.882084906E-1,-4.992252588E-2
4.035161250E-1,-4.931972921E-2,-4.422793984E-1,2.406725436E-1
4.135291250E-1,6.650634110E-2,-1.167265475E-1,7.697357237E-2
4.235431250E-1,-8.168658614E-2,-1.468740702E-1,-1.041882262E-1
4.335561250E-1,-1.906403899E-1,-5.364953279E-1,1.469608098E-1
4.435691250E-1,-1.612452269E-1,-1.230991006E0,8.486901522E-1
4.535831250E-1,1.471557170E-1,-2.125239611E0,1.496312380E0
4.635961250E-1,6.897327304E-1,-2.973418474E0,1.349939704E0
4.736091250E-1,1.012039661E0,-3.875511646E0,8.283700347E-1
4.836221250E-1,8.994857073E-1,-4.643386841E0,7.339604497E-1
4.936361250E-1,4.394478500E-1,-4.019692898E0,8.781316876E-1
5.036491250E-1,-8.764482141E-1,-1.776091456E0,1.259553909E0
5.136621250E-1,-1.908166051E0,-5.120118260E-1,1.958414912E0
5.236761250E-1,-2.368145704E0,-1.382033527E-1,2.657703876E0
5.336891250E-1,-2.420506001E0,-7.125279903E-1,3.153308392E0
5.437021250E-1,-2.130100489E0,-2.146094084E0,3.551618576E0
5.537151250E-1,-1.549153447E0,-3.973235607E0,3.939623117E0
5.637291250E-1,-7.745399475E-1,-5.609729290E0,4.228315830E0
5.737421250E-1,-6.964873523E-2,-6.491885185E0,5.112336636E0
5.837551250E-1,5.868542790E-1,-6.920814037E0,5.877840042E0
5.937691250E-1,5.738500357E-1,-7.499358177E0,6.948657990E0
6.037821250E-1,2.747743428E-1,-7.661865234E0,7.442413330E0
6.137951250E-1,-1.139753759E-1,-7.707069397E0,7.351728439E0
6.238081250E-1,-4.182260633E-1,-7.557404995E0,7.052120686E0
6.338221250E-1,-6.139659882E-1,-7.842213631E0,7.605086327E0
6.438351250E-1,-6.039333344E-1,-7.476931095E0,8.489564896E0
6.538481250E-1,-6.611344814E-1,-8.058535576E0,9.240302086E0
6.638621250E-1,-1.208935499E0,-8.897825241E0,9.597476959E0
6.738751250E-1,-1.728083968E0,-9.127873421E0,9.286817551E0
6.838881250E-1,-1.768794537E0,-8.198220253E0,8.101736069E0
6.939011250E-1,-1.865922570E0,-6.685687065E0,6.931842804E0
7.039151250E-1,-2.347129345E0,-5.370267868E0,6.214575291E0
7.139281250E-1,-2.754181623E0,-4.567221165E0,5.767658710E0
7.239411250E-1,-2.818038940E0,-4.245791435E0,5.322945118E0
7.339551250E-1,-2.712388992E0,-4.443971157E0,4.951104641E0
7.439681250E-1,-2.683650255E0,-5.013041973E0,4.620193481E0
7.539811250E-1,-2.831132650E0,-5.841591835E0,4.239714622E0
7.639941250E-1,-3.201507092E0,-7.035626411E0,3.914413929E0
7.740081250E-1,-3.878186226E0,-7.594655991E0,3.659362555E0
7.840211250E-1,-4.676457405E0,-6.644478321E0,3.300053358E0
7.940341250E-1,-5.715334415E0,-4.799360275E0,2.818702936E0
8.040481250E-1,-6.759146214E0,-2.907571316E0,2.207499266E0
8.140611250E-1,-7.578441143E0,-1.705432892E0,1.614859700E0
8.240741250E-1,-8.173960686E0,-1.006901264E0,1.033979058E0
8.340871250E-1,-8.638967514E0,-7.221027613E-1,4.757321179E-1
8.441011250E-1,-9.074613571E0,-4.249977767E-1,5.382084101E-2
8.541141250E-1,-9.467091560E0,4.954515696E-1,-3.066293895E-1
8.641271250E-1,-9.943233490E0,1.358104944E0,-6.785185933E-1
8.741401250E-1,-1.033960056E1,1.864527464E0,-1.183963180E0
8.841541250E-1,-1.054436398E1,2.071411371E0,-1.887714863E0
8.941671250E-1,-1.054246902E1,2.194008827E0,-2.624692917E0
9.041801250E-1,-1.025136852E1,2.177618265E0,-3.252324820E0
9.141941250E-1,-9.493393898E0,1.694627523E0,-3.502520084E0
9.242071250E-1,-8.690604210E0,1.432421207E0,-3.370479345E0
9.342191667E-1,-7.823666573E0,1.130838990E0,-2.927887678E0
9.442321667E-1,-7.142588615E0,1.293625832E0,-2.476634026E0
9.542461667E-1,-6.682310581E0,1.528280139E0,-1.997956872E0
9.642591667E-1,-6.361143112E0,1.864773989E0,-1.493071914E0
9.742721667E-1,-5.961617470E0,2.174784422E0,-8.971676826E-1
9.842861667E-1,-5.471956730E0,2.279664755E0,-2.242566794E-1
9.942991667E-1,-4.741739750E0,1.937360883E0,5.228981972E-1
1.004312167E0,-3.642957687E0,1.247099042E0,1.316253304E0
1.014325167E0,-2.614606142E0,3.497068882E-1,1.880867004E0
1.024339167E0,-1.123967767E0,-5.068227053E-1,2.710485220E0
1.034352167E0,5.949167013E-1,-1.112705827E0,3.507008076E0
1.044365167E0,2.160494328E0,-1.351749659E0,4.286385059E0
1.054379167E0,3.666738987E0,-1.023782849E0,5.034995556E0
1.064392167E0,4.597462654E0,-2.551871240E-1,5.467710972E0
1.074405167E0,4.871036053E0,9.176307321E-1,5.629816532E0
1.084418167E0,4.483524799E0,1.935644865E0,5.600200176E0
1.094432167E0,3.668051481E0,2.163580894E0,5.320574284E0
1.104445167E0,3.072891712E0,1.420890808E0,5.095887661E0
1.114458167E0,3.719313622E0,-3.447602093E-1,5.159575462E0
1.124471167E0,5.370669842E0,-2.243535519E0,5.284512520E0
1.134485167E0,7.062423229E0,-3.797262669E0,5.331129551E0
1.144498167E0,8.358290672E0,-4.718727112E0,5.421072960E0
1.154511167E0,8.913059235E0,-4.702911854E0,5.541482925E0
1.164525167E0,8.738883018E0,-4.120218754E0,5.565224648E0
1.174538167E0,7.691325188E0,-3.333319426E0,5.414572239E0
1.184551167E0,6.107432365E0,-2.612571478E0,5.077673912E0
1.194564167E0,4.813367367E0,-2.227535963E0,4.780349731E0
1.204578167E0,4.190582275E0,-2.166920662E0,4.406535149E0
1.214591167E0,3.843499899E0,-2.535821199E0,3.902954578E0
1.224604167E0,3.430896759E0,-2.892440796E0,3.521871567E0
1.234618167E0,3.142760515E0,-3.078781366E0,3.244812250E0
1.244631167E0,2.972474813E0,-3.345589638E0,3.131713152E0
1.254644167E0,2.945426941E0,-3.627292871E0,3.047551155E0
1.264657167E0,2.944300652E0,-3.631419897E0,3.109761715E0
1.274671167E0,2.696725845E0,-3.200086594E0,3.333892822E0
1.284684167E0,1.963330626E0,-2.110220194E0,3.320961237E0
1.294697167E0,8.829136491E-1,-1.166513324E0,3.153945923E0
1.304710167E0,-5.633609891E-1,-1.654508114E-1,2.696731091E0
1.314724167E0,-2.252691507E0,4.962416589E-1,2.287207365E0
1.324737167E0,-3.554338455E0,9.698590040E-1,1.992300153E0
1.334750167E0,-4.355768681E0,1.154633999E0,1.708675027E0
1.344764167E0,-4.847081184E0,8.514690399E-1,1.361501336E0
1.354777167E0,-5.099958897E0,5.598401427E-1,1.008160233E0
1.364790167E0,-5.421380043E0,4.312883019E-1,6.730231047E-1
1.374803167E0,-5.869686127E0,4.998748302E-1,3.638463020E-1
1.384817167E0,-6.397811890E0,6.800566316E-1,5.574467033E-2
1.394830167E0,-6.914865971E0,8.807795048E-1,-3.050875664E-1
1.404843167E0,-7.362861156E0,1.051775336E0,-6.450096965E-1
1.414856167E0,-7.700901031E0,1.164660454E0,-9.892857075E-1
1.424870167E0,-7.908972740E0,1.277875900E0,-1.295770407E0
1.434883167E0,-8.094614983E0,1.380230546E0,-1.608210802E0
1.444896167E0,-8.300070763E0,1.495006919E0,-1.940688848E0
1.454910167E0,-8.282399178E0,1.673875690E0,-2.181714058E0
1.464923167E0,-8.162355423E0,1.835049629E0,-2.345738411E0
1.474936167E0,-7.920919418E0,2.075752020E0,-2.507007122E0
1.484949167E0,-7.582580566E0,2.496676445E0,-2.639400005E0
1.494963167E0,-7.387213230E0,2.808578730E0,-2.715374231E0
1.504976167E0,-7.202276707E0,3.012536287E0,-2.738007307E0
1.514989167E0,-6.928708076E0,3.118144989E0,-2.651909113E0
1.525002167E0,-6.604449749E0,3.101608515E0,-2.500909090E0
1.535016167E0,-6.304684162E0,2.993230820E0,-2.348926544E0
1.545029167E0,-6.082310200E0,2.930303812E0,-2.078952312E0
1.555042167E0,-5.947679043E0,2.975304127E0,-1.740348101E0
1.565056167E0,-5.680128574E0,2.919522285E0,-1.283669829E0
1.575069167E0,-5.159315586E0,2.609745979E0,-7.115504742E-1
1.585082167E0,-4.362801552E0,2.177063227E0,-6.564281881E-2
1.595095167E0,-3.394517899E0,1.702901483E0,6.344465017E-1
1.605109167E0,-2.339942694E0,1.141360879E0,1.399527431E0
1.615122167E0,-1.110120416E0,5.774292350E-1,2.167707682E0
1.625135167E0,3.161713779E-1,3.729808331E-2,2.861588001E0
1.635148167E0,1.702322721E0,-3.333789706E-1,3.490545750E0
1.645162167E0,2.892662525E0,-4.580442011E-1,4.131135464E0
1.655175167E0,3.874129057E0,-2.909013033E-1,4.537286282E0
1.665188167E0,4.518949986E0,-2.446549684E-1,4.637459755E0
1.675202167E0,4.814406395E0,-5.224872231E-1,4.656560421E0
1.685215167E0,5.081111431E0,-1.048042417E0,4.669156075E0
1.695228167E0,5.487742901E0,-1.684380412E0,4.815211773E0
1.705241167E0,6.170535088E0,-2.280528545E0,5.084599495E0
1.715255167E0,6.977999210E0,-2.590046883E0,5.295495033E0
1.725268167E0,7.541328430E0,-2.793634176E0,5.376312733E0
1.735281167E0,7.751170158E0,-3.054451227E0,5.380493164E0
1.745294167E0,7.542452812E0,-2.990250111E0,5.545516491E0
1.755308167E0,7.048361301E0,-2.409041643E0,5.829911232E0
1.765321167E0,6.231690407E0,-1.448339939E0,5.967839718E0
1.775334167E0,5.231288433E0,-8.759875894E-1,6.023369312E0
1.785348167E0,4.541508675E0,-7.717895508E-1,6.100963116E0
1.795361167E0,4.342393398E0,-9.048125744E-1,6.171520710E0
1.805374167E0,4.342486382E0,-1.175915480E0,6.178373814E0
1.815387167E0,4.358662605E0,-1.533594728E0,6.078543663E0
1.825401167E0,4.543426037E0,-1.908982515E0,5.765038490E0
1.835414167E0,4.714129925E0,-2.173861265E0,5.415157795E0
1.845427167E0,4.340774536E0,-2.175293446E0,5.070534706E0
1.855440167E0,3.741619587E0,-1.918660283E0,4.880331516E0
1.865454167E0,3.014728546E0,-1.290734053E0,4.686059475E0
1.875467167E0,2.107709169E0,-8.199405074E-1,4.403532505E0
1.885480167E0,1.187500358E0,-7.488622665E-1,4.141096115E0
1.895494167E0,2.508799136E-1,-1.077367425E0,3.901416540E0
1.905507167E0,-5.640199184E-1,-1.573911905E0,3.732341766E0
1.915520167E0,-1.219416976E0,-1.867536545E0,3.630578279E0
1.925533167E0,-1.784517884E0,-1.872916222E0,3.550421715E0
1.935547250E0,-2.393518925E0,-1.750467539E0,3.515691042E0
1.945560250E0,-2.865626097E0,-1.622424841E0,3.404299974E0
1.955573250E0,-3.109181166E0,-1.687028646E0,3.231230497E0
1.965586250E0,-3.159247398E0,-2.034387827E0,3.015957832E0
1.975600250E0,-3.086483002E0,-2.482614994E0,2.815904140E0
1.985613250E0,-2.959915638E0,-2.789467812E0,2.751181126E0
1.995626250E0,-2.966012716E0,-2.858424902E0,2.750275135E0
2.005640250E0,-2.966397285E0,-3.024444580E0,2.756088495E0
2.015653250E0,-2.951720715E0,-3.158693314E0,2.811057091E0
2.025666250E0,-3.031729460E0,-3.145301104E0,2.851294756E0
2.035679250E0,-3.038610220E0,-2.938657522E0,2.779154778E0
2.045693250E0,-2.962533236E0,-2.494674921E0,2.746565342E0
2.055706250E0,-3.124131918E0,-1.841101766E0,2.693511724E0
2.065719250E0,-3.703633547E0,-1.374763846E0,2.597966909E0
2.075732250E0,-4.522839069E0,-8.133640289E-1,2.419556618E0
2.085746250E0,-5.275719166E0,-1.424868554E-1,2.036588192E0
2.095759250E0,-5.844932556E0,4.712134302E-1,1.566662192E0
2.105772250E0,-6.216206551E0,9.116363525E-1,1.179280281E0
2.115785250E0,-6.521273613E0,1.185291767E0,8.266982436E-1
2.125799250E0,-6.725769043E0,1.364654064E0,4.064165652E-1
2.135812250E0,-6.948528290E0,1.700096488E0,1.114148796E-1
2.145825250E0,-7.424263477E0,2.207482338E0,4.083578289E-2
2.155839250E0,-7.996543407E0,2.653409243E0,4.662777483E-2
2.165852250E0,-8.394398689E0,2.797098398E0,1.346519142E-1
2.175865250E0,-8.679787636E0,2.465353966E0,2.375501990E-1
2.185878250E0,-8.883890152E0,1.863442898E0,3.038693070E-1
2.195892250E0,-9.012231827E0,1.091700554E0,2.752832770E-1
2.205905250E0,-9.157266617E0,3.748945594E-1,1.702604294E-1
2.215918250E0,-9.289174080E0,-6.940013170E-2,2.533209324E-2
2.225931250E0,-9.381124496E0,-1.053386927E-1,-1.467392743E-1
2.235945250E0,-9.589797020E0,5.999510288E-1,-2.415766567E-1
2.245958250E0,-1.013142967E1,1.784431100E0,-1.150453538E-1
2.255971250E0,-1.090243340E1,3.226205111E0,2.077817768E-1
2.265985250E0,-1.157382202E1,4.838696957E0,5.829154253E-1
2.275998250E0,-1.190008450E1,5.966814995E0,8.076181412E-1
2.286011250E0,-1.142252636E1,6.068635941E0,8.660100698E-1
2.296024250E0,-1.012216187E1,5.445542812E0,7.000946999E-1
2.306038250E0,-8.465888023E0,4.551139355E0,2.802796066E-1
2.316051250E0,-7.001282692E0,3.696457624E0,-2.450337857E-1
2.326064250E0,-5.989235878E0,3.171365023E0,-5.801958442E-1
2.336077250E0,-5.299980164E0,3.081769228E0,-4.732714295E-1
2.346091250E0,-4.718808651E0,3.341812134E0,-4.337384552E-2
2.356104250E0,-4.127699375E0,3.407426357E0,4.321600795E-1
2.366117250E0,-3.442039490E0,3.002259970E0,7.490988970E-1
2.376130250E0,-2.674978495E0,2.455357790E0,9.117200375E-1
2.386143250E0,-1.981100678E0,2.072408199E0,1.052115321E0
2.396156250E0,-1.386802673E0,2.078483105E0,1.152649283E0
2.406170250E0,-9.681370854E-1,2.310093403E0,1.249530315E0
2.416183250E0,-5.875748992E-1,2.602800846E0,1.312271118E0
2.426196250E0,-1.216018870E-1,2.817466021E0,1.416354060E0
2.436209250E0,3.447109759E-1,2.957203150E0,1.666715980E0
2.446223250E0,7.475439310E-1,2.918813705E0,2.096295118E0
2.456236250E0,1.177775860E0,2.646553993E0,2.509695768E0
2.466249250E0,1.694737434E0,2.330670118E0,2.946429729E0
2.476262250E0,2.076844692E0,2.333255529E0,3.765064478E0
2.486276250E0,2.543871164E0,2.323933363E0,4.797966003E0
2.496289250E0,3.231167793E0,2.068253040E0,5.859055042E0
2.506302250E0,3.713573217E0,1.960875630E0,6.834713936E0
2.516316250E0,3.510495186E0,2.382338524E0,7.772375584E0
2.526329250E0,2.630915642E0,3.327596903E0,8.755941391E0
2.536342250E0,1.496382356E0,4.395411015E0,9.854074478E0
2.546355250E0,5.339332819E-1,5.067461014E0,1.095376682E1
2.556369250E0,-1.085631177E-1,4.556420326E0,1.199283981E1
2.566382250E0,-6.856482625E-1,3.071592569E0,1.295441818E1
2.576395250E0,-1.458116531E0,2.617055893E0,1.372433186E1
2.586408250E0,-2.596065760E0,3.074804544E0,1.396835709E1
2.596422250E0,-3.571985483E0,4.041934013E0,1.388830662E1
2.606435250E0,-3.784813643E0,4.958924770E0,1.340312195E1
2.616448250E0,-3.230274439E0,5.569924355E0,1.245457172E1
2.626462250E0,-1.768975496E0,5.794202805E0,1.007636070E1
2.636475250E0,-3.094974905E-2,4.882291317E0,7.331412315E0
2.646488250E0,7.352704406E-1,2.934437037E0,4.084880829E0
2.656501250E0,5.019946694E-1,8.436803818E-1,1.122218490E0
2.666515250E0,-4.498379529E-1,-5.266371965E-1,-1.174659491E0
2.676528250E0,-1.995499849E0,2.466616593E-2,-2.321968794E0
2.686541250E0,-3.112989664E0,1.845637441E0,-2.222287416E0
2.696554250E0,-2.721379042E0,3.666606188E0,-1.441505075E0
2.706568250E0,-2.229326487E0,4.204629421E0,-9.027776122E-1
2.716581250E0,-1.851457477E0,3.973495722E0,-6.465398669E-1
2.726594250E0,-1.448154569E0,3.595896959E0,-6.205263734E-1
2.736607250E0,-1.166464925E0,3.446725607E0,-8.961243629E-1
2.746621250E0,-8.238923550E-1,3.482002020E0,-1.463601828E0
2.756634250E0,-3.633098304E-1,3.589211702E0,-2.187994957E0
2.766647250E0,3.013435304E-1,3.580274105E0,-2.886391878E0
2.776660250E0,1.169026375E0,3.172715902E0,-3.452889919E0
2.786674250E0,2.218982220E0,2.312324286E0,-3.896094561E0
2.796687250E0,3.380939722E0,1.322742820E0,-4.364791393E0
2.806700250E0,4.233191013E0,5.683948398E-1,-4.804178238E0
2.816714250E0,4.675164223E0,3.762846291E-1,-5.094185352E0
2.826727250E0,4.880643368E0,5.201733708E-1,-5.196124077E0
2.836740250E0,5.092882633E0,9.283766747E-1,-5.216183662E0
2.846753250E0,5.388260841E0,1.460506082E0,-5.245601177E0
2.856767250E0,5.700271130E0,1.912356138E0,-5.305007458E0
2.866780250E0,6.005744934E0,2.108390331E0,-5.414555550E0
2.876793250E0,6.397414684E0,1.962632060E0,-5.621051788E0
2.886806250E0,6.883203983E0,1.477325559E0,-5.941685200E0
2.896820250E0,7.347064495E0,7.791487575E-1,-6.289267063E0
2.906833250E0,7.669935226E0,-5.866889283E-2,-6.550632477E0
2.916846250E0,7.744544983E0,-9.492183328E-1,-6.680710316E0
2.926859250E0,7.599663734E0,-1.551383018E0,-6.639841080E0
2.936873417E0,7.067209244E0,-1.087102056E0,-6.214941025E0
2.946886417E0,5.873672485E0,3.485297859E-1,-5.275401115E0
2.956899417E0,4.338699818E0,2.106166840E0,-3.942389011E0
2.966913417E0,3.066391468E0,3.845303297E0,-2.676090240E0
2.976926417E0,2.355301857E0,4.909995079E0,-1.734822392E0
2.986939417E0,2.040737867E0,5.001115799E0,-1.077262402E0
2.996952417E0,2.045883179E0,4.360004425E0,-5.868464112E-1
3.006966417E0,2.294669628E0,3.210036516E0,-2.010904402E-1
3.016979417E0,2.705337524E0,1.835478306E0,1.411465853E-1
3.026992417E0,2.974324226E0,1.098287940E0,6.175831556E-1
3.037005417E0,2.564609766E0,1.176793814E0,1.328633547E0
3.047019417E0,1.595667839E0,1.778254867E0,2.267731905E0
3.057032417E0,4.399493039E-1,2.776680470E0,3.425095797E0
3.067045417E0,-7.867916226E-1,3.834366083E0,4.910066605E0
3.077058417E0,-1.815431237E0,4.464946270E0,6.582467556E0
3.087072417E0,-2.224049807E0,3.990104437E0,8.337739944E0
3.097085417E0,-1.939407706E0,2.867714882E0,1.013373280E1
3.107098417E0,-1.370333552E0,1.960628152E0,1.168276787E1
3.117111417E0,-8.362064958E-1,1.499465823E0,1.266197777E1
3.127125417E0,-5.189497471E-1,2.000646114E0,1.341808224E1
3.137138417E0,-7.389011979E-1,3.985234022E0,1.378174496E1
3.147151417E0,-1.893012643E0,5.721200943E0,1.342682266E1
3.157165417E0,-2.711349726E0,6.224606037E0,1.263843060E1
3.167178417E0,-2.178232908E0,5.615423203E0,1.137586212E1
3.177191417E0,-1.005285144E0,3.930725813E0,9.321437836E0
3.187204417E0,2.865397334E-1,1.973725200E0,6.787957191E0
3.197218417E0,1.882942557E0,2.003000826E-1,4.418725491E0
3.207231417E0,3.312811136E0,-1.155804634E0,2.654217243E0
3.217244417E0,3.762063026E0,-1.791905999E0,1.589033484E0
3.227257417E0,3.064149618E0,-1.738110185E0,1.186495304E0
3.237271417E0,1.751013756E0,-1.882075429E0,9.317091703E-1
3.247284417E0,8.557865620E-1,-2.311365366E0,5.551219583E-1
3.257297417E0,4.519490302E-1,-1.948770285E0,-4.177717865E-1
3.267310417E0,5.014609098E-1,-1.116392612E0,-1.933783889E0
3.277324417E0,7.904920578E-1,-2.658320963E-1,-3.260913372E0
3.287337417E0,8.770160675E-1,3.669531047E-1,-4.031838894E0
3.297350417E0,5.600768924E-1,1.014767289E0,-4.445949554E0
3.307364417E0,6.877478957E-2,2.059448481E0,-4.769504070E0
3.317377417E0,-4.594645798E-1,3.545038700E0,-5.063067913E0
3.327390417E0,-7.041618824E-1,4.805148602E0,-5.172369003E0
3.337403417E0,-4.470718503E-1,5.245612621E0,-4.915929794E0
3.347417417E0,1.585773081E-1,5.027547359E0,-4.421887398E0
3.357430417E0,8.832479119E-1,4.606831551E0,-3.955702066E0
3.367443417E0,1.394820690E0,4.214042187E0,-3.680101156E0
3.377456417E0,1.556963921E0,3.930934906E0,-3.553997278E0
3.387470417E0,1.596876979E0,3.770491362E0,-3.473358154E0
3.397483417E0,1.601178288E0,3.660873652E0,-3.223374844E0
3.407496417E0,1.485977769E0,3.564354420E0,-2.801087856E0
3.417509417E0,1.262797236E0,3.464591265E0,-2.354009390E0
3.427523417E0,1.065816998E0,3.320296526E0,-1.882190347E0
3.437536417E0,1.061380267E0,3.060246944E0,-1.389182568E0
3.447549417E0,1.263595462E0,2.531653166E0,-9.507585764E-1
3.457562417E0,1.612925172E0,1.835952282E0,-6.352473497E-1
3.467576417E0,1.893426895E0,1.745586991E0,-3.516827226E-1
3.477589417E0,1.867984295E0,2.133411646E0,8.185768872E-2
3.487602417E0,1.751442432E0,2.599961758E0,5.782769918E-1
3.497615417E0,1.802240849E0,2.913801908E0,1.018220305E0
3.507629417E0,2.042748690E0,2.936273336E0,1.378148079E0
3.517642417E0,2.468036652E0,2.505634546E0,1.620409012E0
3.527655417E0,3.159924030E0,1.512530327E0,1.837970257E0
3.537668417E0,4.015431881E0,-1.892298311E-1,1.991191506E0
3.547682417E0,4.704716682E0,-2.076824903E0,1.972685456E0
3.557695417E0,5.129117012E0,-3.442490339E0,1.963178515E0
3.567708417E0,5.361249924E0,-3.903372526E0,2.337076426E0
3.577722417E0,5.189718246E0,-3.276922464E0,3.007030964E0
3.587735417E0,4.617413998E0,-2.079891205E0,3.966342211E0
3.597748417E0,3.903963804E0,-4.977333546E-1,5.098001003E0
3.607761417E0,3.096245766E0,1.222345114E0,6.159473419E0
3.617775417E0,2.286743641E0,2.177754164E0,7.119193554E0
3.627788417E0,1.870917797E0,2.141128302E0,7.966878414E0
3.637801417E0,1.855507016E0,1.233643413E0,8.502107620E0
3.647814417E0,1.687072992E0,8.469126374E-2,8.099293709E0
3.657828417E0,1.222719908E0,-1.079320669E0,6.769642353E0
3.667841417E0,9.360697269E-1,-2.179574013E0,5.097779751E0
3.677854417E0,1.075350046E0,-2.556089163E0,3.679456472E0
3.687867417E0,1.534977198E0,-2.462486744E0,2.630067825E0
3.697881417E0,2.034731627E0,-2.336348295E0,1.861390591E0
3.707894417E0,2.584417820E0,-2.307326555E0,1.402855992E0
3.717907417E0,3.150548935E0,-2.101202965E0,1.226346850E0
3.727920417E0,3.662808657E0,-1.516910195E0,1.287530661E0
3.737934417E0,3.717513800E0,-1.016328037E-1,1.260949612E0
3.747947417E0,2.906819820E0,1.478435636E0,6.793165803E-1
3.757960417E0,1.901161075E0,2.448883295E0,-2.448341846E-1
3.767973417E0,1.041642904E0,2.619927406E0,-1.020332098E0
3.777987417E0,5.372841358E-1,2.257693291E0,-1.722078919E0
3.788000417E0,3.643410802E-1,1.638657928E0,-2.323207617E0
3.798013417E0,4.861708879E-1,1.061640620E0,-2.714892864E0
3.808027417E0,7.798169255E-1,7.946981192E-1,-2.884059906E0
3.818040417E0,1.028521419E0,9.318201542E-1,-2.894866467E0
3.828053417E0,1.066909909E0,1.330121994E0,-2.871096134E0
3.838066417E0,8.691092730E-1,1.801706553E0,-2.853401423E0
3.848080417E0,6.337563992E-1,2.162058830E0,-2.868956566E0
3.858093417E0,5.322660804E-1,2.249566793E0,-2.918497562E0
3.868106417E0,5.712957978E-1,1.993911266E0,-3.034159660E0
3.878119417E0,7.100273371E-1,1.403110862E0,-3.267207146E0
3.888133417E0,9.766545296E-1,6.962589025E-1,-3.579831362E0
3.898146417E0,1.293770194E0,7.385150194E-1,-3.791662216E0
3.908159417E0,1.424886227E0,1.210923314E0,-3.699821234E0
3.918172417E0,1.332575202E0,1.691588759E0,-3.419792891E0
3.928186417E0,1.183460832E0,2.093781471E0,-3.028162479E0
3.938199792E0,1.111151695E0,2.471121311E0,-2.568673611E0
3.948212792E0,1.107077599E0,2.640329361E0,-2.074007273E0
3.958225792E0,1.150011539E0,2.506227016E0,-1.633642673E0
3.968239792E0,1.278209209E0,2.178195000E0,-1.340997219E0
3.978252792E0,1.559723854E0,1.797231197E0,-1.145029545E0
3.988265792E0,1.905073285E0,1.701220155E0,-9.372622967E-1
3.998278792E0,2.086903572E0,1.908236861E0,-6.887310147E-1
4.008292792E0,2.012846231E0,2.191792488E0,-4.232476950E-1
4.018305792E0,1.843577743E0,2.338641167E0,-1.524543613E-1
4.028318792E0,1.739990115E0,2.282403231E0,1.470295638E-1
4.038331792E0,1.715826035E0,2.038756371E0,4.611276388E-1
4.048345792E0,1.796807647E0,1.703505397E0,7.286030054E-1
4.058358792E0,2.002799273E0,1.438861370E0,9.704434872E-1
4.068371792E0,2.296456814E0,1.374325752E0,1.242679477E0
4.078385792E0,2.615752697E0,1.329598308E0,1.633042455E0
4.088398792E0,2.930345535E0,1.215023875E0,2.197335720E0
4.098411792E0,3.311474800E0,9.793026447E-1,2.791174650E0
4.108424792E0,3.722974300E0,6.777169704E-1,3.399116755E0
4.118438792E0,4.009979725E0,6.057828665E-1,4.023669243E0
4.128451792E0,4.124372482E0,6.531282663E-1,4.606114864E0
4.138464792E0,4.107031345E0,7.346299291E-1,5.086147308E0
4.148477792E0,3.896692753E0,1.083423615E0,5.306223869E0
4.158491792E0,3.397920370E0,1.408109069E0,5.175331593E0
4.168504792E0,2.981605530E0,1.123029113E0,4.843569756E0
4.178517792E0,3.053513527E0,1.708454639E-1,4.419499397E0
4.188530792E0,3.677600861E0,-1.186346769E0,4.086186409E0
4.198544792E0,4.390406609E0,-2.102872133E0,3.723708630E0
4.208557792E0,4.724736691E0,-1.850839734E0,3.136864424E0
4.218570792E0,4.435316563E0,-8.490321040E-1,2.466801643E0
4.228583792E0,3.666513920E0,4.463880360E-1,1.888895869E0
4.238597792E0,2.590742111E0,1.525299668E0,1.481369734E0
4.248610792E0,1.649837613E0,2.033344984E0,1.276258111E0
4.258623792E0,1.139030933E0,1.912094474E0,1.097465396E0
4.268636792E0,9.945310354E-1,1.558123589E0,7.895628810E-1
4.278650792E0,1.008255601E0,1.422490835E0,2.146556079E-1
4.288663792E0,9.552780986E-1,1.500136018E0,-5.379454494E-1
4.298676792E0,9.024649858E-1,1.637761116E0,-1.194927573E0
4.308689792E0,9.591655135E-1,1.790755510E0,-1.652295470E0
4.318703792E0,1.094720244E0,1.999031663E0,-1.947772145E0
4.328716792E0,1.272102237E0,2.299642086E0,-2.067727566E0
4.338729792E0,1.427488446E0,2.601675034E0,-2.092237473E0
4.348742792E0,1.399388075E0,2.851494312E0,-2.241410732E0
4.358756792E0,1.291733027E0,3.180029869E0,-2.557971954E0
4.368769792E0,1.297931075E0,3.299301863E0,-2.914769650E0
4.378782792E0,1.538733363E0,3.267601252E0,-3.217854023E0
4.388795792E0,1.832613111E0,3.015609503E0,-3.482647657E0
4.398809792E0,1.986710906E0,2.654567242E0,-3.752612352E0
4.408822792E0,1.880339146E0,2.283031464E0,-4.000977039E0
4.418835792E0,1.622626662E0,1.854288697E0,-4.184114456E0
4.428849792E0,1.330848932E0,1.477672458E0,-4.240976334E0
4.438862792E0,1.065347791E0,1.499113798E0,-4.310388088E0
4.448875792E0,8.612136245E-1,1.858622074E0,-4.377353668E0
4.458888792E0,7.183334231E-1,2.260162115E0,-4.309648037E0
4.468902792E0,6.359538436E-1,2.707047701E0,-4.041413784E0
4.478915792E0,6.481385827E-1,3.116289854E0,-3.824090481E0
4.488928792E0,5.907264352E-1,3.341742039E0,-3.878993273E0
4.498941792E0,4.228504002E-1,3.305093050E0,-4.170866966E0
4.508955792E0,1.482902020E-1,2.895686388E0,-4.491678715E0
4.518968792E0,-1.335781515E-1,2.300486565E0,-4.681020737E0
4.528981792E0,-3.713468015E-1,1.783458829E0,-4.680609703E0
4.538994792E0,-5.357806087E-1,1.458152175E0,-4.419818401E0
4.549008792E0,-6.343410015E-1,1.413093328E0,-3.879113197E0
4.559021792E0,-7.319590449E-1,1.733158827E0,-3.266258478E0
4.569034792E0,-9.553338289E-1,2.217893362E0,-2.831368446E0
4.579047792E0,-1.146569490E0,2.695308924E0,-2.651531458E0
4.589061792E0,-1.241844177E0,3.089217424E0,-2.621306419E0
4.599074792E0,-1.191257715E0,3.111429214E0,-2.647555828E0
4.609087792E0,-1.060172915E0,2.492034435E0,-2.521706820E0
4.619100792E0,-1.019030094E0,1.260910511E0,-2.237633944E0
4.629114792E0,-1.224251390E0,7.074864954E-2,-1.956842422E0
4.639127792E0,-1.522889614E0,-3.033162355E-1,-1.606575847E0
4.649140792E0,-1.854541063E0,-7.163142320E-3,-1.130540013E0
4.659153792E0,-2.194000483E0,4.134508669E-1,-5.761704445E-1
4.669167792E0,-2.379334927E0,8.293005228E-1,-6.310556084E-2
4.679180792E0,-2.428675175E0,9.850631952E-1,3.079221547E-1
4.689193792E0,-2.413839817E0,7.942743301E-1,3.871967494E-1
4.699206792E0,-2.366572380E0,2.427671552E-1,2.877645195E-1
4.709220792E0,-2.138633728E0,-5.454624891E-1,2.230417281E-1
4.719233792E0,-1.712154388E0,-1.472012997E0,3.179569840E-1
4.729246792E0,-1.285145760E0,-2.363453865E0,5.541271567E-1
4.739259792E0,-9.857384562E-1,-2.945828199E0,9.197620153E-1
4.749273792E0,-8.140175939E-1,-2.996512413E0,1.457815051E0
4.759286792E0,-6.319236159E-1,-2.475475550E0,2.132532597E0
4.769299792E0,-3.535514176E-1,-1.769800305E0,2.791224957E0
4.779312792E0,2.077725902E-2,-1.345590830E0,3.396372557E0
4.789326792E0,4.716554880E-1,-1.482122064E0,3.800155163E0
4.799339792E0,9.321213961E-1,-2.147192001E0,3.951032877E0
4.809352792E0,1.551763535E0,-3.451347113E0,4.090632915E0
4.819365792E0,2.083855391E0,-4.986379623E0,4.184147835E0
4.829379792E0,2.424216509E0,-6.017378807E0,4.206560135E0
4.839392792E0,2.827050924E0,-6.415593624E0,4.431869507E0
4.849405792E0,3.246492624E0,-6.280171871E0,4.893723488E0
4.859418792E0,3.532576323E0,-5.646028042E0,5.446366787E0
4.869432792E0,3.435959101E0,-5.039064884E0,6.020911694E0
4.879445792E0,3.053132772E0,-4.875492573E0,6.560370922E0
4.889458792E0,2.759789467E0,-5.495647907E0,7.017387390E0
4.899472792E0,2.231687069E0,-6.759790421E0,6.938429832E0
4.909485792E0,1.396487474E0,-7.349465370E0,6.434648514E0
4.919498792E0,6.141174436E-1,-7.000203133E0,5.796397686E0
4.929511792E0,1.984129101E-1,-5.662769794E0,5.307387829E0
4.939524667E0,-1.159356758E-1,-4.231435776E0,4.883292198E0
4.949538667E0,-4.525408745E-1,-3.465566397E0,4.602944374E0
4.959551667E0,-8.194500208E-1,-3.490918159E0,4.427314758E0
4.969564667E0,-1.083853483E0,-4.437576771E0,4.404555321E0
4.979578667E0,-1.055096269E0,-5.892319202E0,4.625174999E0
4.989591667E0,-9.716975689E-1,-6.690289497E0,4.837292671E0
4.999604667E0,-1.184893370E0,-6.230219841E0,4.823569298E0
5.009617667E0,-1.690162897E0,-4.731708527E0,4.554331779E0
5.019631667E0,-2.345541954E0,-3.407039404E0,3.965064049E0
5.029644667E0,-3.099583626E0,-2.939127207E0,3.017957211E0
5.039657667E0,-3.662436962E0,-3.165676832E0,2.012120485E0
5.049670667E0,-4.041828156E0,-3.747381210E0,1.231741071E0
5.059684667E0,-4.528898716E0,-4.101192951E0,6.185891628E-1
5.069697667E0,-5.252029896E0,-2.948360682E0,4.607979208E-2
5.079710667E0,-6.193782806E0,-1.033338308E0,-4.978551567E-1
5.089723667E0,-7.057956696E0,6.170682907E-1,-1.062626600E0
5.099737667E0,-7.347860813E0,1.632801771E0,-1.595171452E0
5.109750667E0,-7.315917969E0,2.175442934E0,-2.160228491E0
5.119763667E0,-7.121657848E0,2.495170116E0,-2.758465290E0
5.129776667E0,-6.729429722E0,2.526470900E0,-3.282144070E0
5.139790667E0,-6.038973808E0,2.044145584E0,-3.755474567E0
5.149803667E0,-5.129603863E0,1.739704132E0,-4.210234165E0
5.159816667E0,-4.480216503E0,1.737879872E0,-4.634801388E0
5.169829667E0,-3.971322775E0,1.932194948E0,-4.938245773E0
5.179843667E0,-3.600777149E0,2.078807592E0,-4.978590965E0
5.189856667E0,-3.494110107E0,2.204465389E0,-4.795749664E0
5.199869667E0,-3.472916126E0,2.381104708E0,-4.409148216E0
5.209882667E0,-3.468861103E0,2.625911474E0,-3.836793184E0
5.219896667E0,-3.172857761E0,2.656086445E0,-3.128312826E0
5.229909667E0,-2.355771542E0,2.291058540E0,-2.324710369E0
5.239922667E0,-1.063448906E0,1.691672325E0,-1.445869327E0
5.249935667E0,1.669573486E-1,1.205566287E0,-5.768291950E-1
5.259949667E0,9.934680462E-1,8.975237012E-1,1.711589992E-1
5.269962667E0,1.478388190E0,7.195627689E-1,8.465754986E-1
5.279975667E0,1.795379162E0,7.130411267E-1,1.454985499E0
5.289988667E0,1.964433908E0,6.139435768E-1,1.902993202E0
5.300002667E0,2.123503923E0,3.463175297E-1,2.265432835E0
5.310015667E0,2.426333189E0,-5.376568437E-2,2.619382143E0
5.320028667E0,2.568373919E0,-4.855633080E-1,2.774765491E0
5.330041667E0,2.479146719E0,-7.809805870E-1,2.706945181E0
5.340055667E0,2.363833427E0,-8.890194893E-1,2.608447313E0
5.350068667E0,2.355396032E0,-7.231498361E-1,2.687508345E0
5.360081667E0,2.237413406E0,-2.606583834E-1,2.901271343E0
5.370094667E0,2.146541595E0,1.867953092E-1,3.213284492E0
5.380108667E0,2.234338760E0,4.426198900E-1,3.550988197E0
5.390121667E0,2.319783449E0,2.687833607E-1,3.829883099E0
5.400134667E0,2.153239012E0,-3.780760467E-1,3.999670506E0
5.410147667E0,1.499740720E0,-1.028979301E0,3.929029942E0
5.420161667E0,5.338720083E-1,-1.338389993E0,3.760652304E0
5.430174667E0,-3.011778891E-1,-1.230512261E0,3.696147203E0
5.440187667E0,-8.447435498E-1,-1.158892035E0,3.761917353E0
5.450200667E0,-1.086170435E0,-1.255301595E0,3.910960913E0
5.460214667E0,-1.062101483E0,-1.515894771E0,4.181752682E0
5.470227667E0,-8.614572883E-1,-2.078934908E0,4.525970936E0
5.480240667E0,-6.532746553E-1,-2.816802740E0,4.756344795E0
5.490253667E0,-6.558526158E-1,-3.415935278E0,4.847887516E0
5.500267667E0,-6.769515872E-1,-3.396676302E0,4.908352375E0
5.510280667E0,-1.299581051E0,-3.131017208E0,4.573550224E0
5.520293667E0,-2.101604223E0,-2.768485546E0,4.155448914E0
5.530306667E0,-2.627372026E0,-2.417403698E0,3.696303129E0
5.540320667E0,-2.873099804E0,-2.185008049E0,3.067183495E0
5.550333667E0,-3.045087337E0,-2.071527719E0,2.337989092E0
5.560346667E0,-3.234806299E0,-1.744604349E0,1.531329632E0
5.570359667E0,-3.558280230E0,-1.177124381E0,7.253279090E-1
5.580373667E0,-3.946269035E0,-5.426610112E-1,-2.851983160E-2
5.590386667E0,-4.280830383E0,-7.169874851E-3,-6.987528205E-1
5.600399667E0,-4.446318626E0,6.400290728E-1,-1.282085896E0
5.610412667E0,-4.488791466E0,1.227868080E0,-1.751585007E0
5.620426667E0,-4.484339714E0,1.381210804E0,-2.131127834E0
5.630439667E0,-4.385477543E0,1.126477242E0,-2.410428524E0
5.640452667E0,-4.244567871E0,6.222259402E-1,-2.617563248E0
5.650465667E0,-4.108727455E0,-2.878902247E-3,-2.792608261E0
5.660479667E0,-3.970057487E0,-6.733508110E-1,-2.897711277E0
5.670492667E0,-3.837050438E0,-1.338865876E0,-2.925019741E0
5.680505667E0,-3.762189865E0,-1.766831994E0,-2.892316103E0
5.690518667E0,-3.759780169E0,-1.449286461E0,-2.788053036E0
5.700532667E0,-3.741336823E0,-7.514654994E-1,-2.552670479E0
5.710545667E0,-3.459171534E0,5.475614965E-2,-2.263056517E0
5.720558667E0,-2.902349710E0,5.856083632E-1,-1.894920707E0
5.730571667E0,-2.176269293E0,7.450044155E-1,-1.492820740E0
5.740585667E0,-1.397379637E0,6.618698239E-1,-1.147698998E0
5.750598667E0,-6.898224950E-1,4.792155623E-1,-8.835811019E-1
5.760611667E0,-1.161551476E-1,4.445446730E-1,-6.409326792E-1
5.770624667E0,2.383696437E-1,5.917133689E-1,-4.258393049E-1
5.780638667E0,3.860398233E-1,9.316771626E-1,-2.514323592E-1
5.790651667E0,4.646140039E-1,1.221245289E0,-1.018106192E-1
5.800664667E0,7.299219370E-1,1.348753929E0,-3.684930503E-2
5.810677667E0,1.183453441E0,1.232204318E0,8.476687223E-2
5.820691667E0,1.694363117E0,1.005648613E0,3.758107126E-1
5.830704667E0,2.164103985E0,8.524827361E-1,8.140759468E-1
5.840717667E0,2.430540323E0,9.165487885E-1,1.339097500E0
5.850730667E0,2.603530645E0,1.083064556E0,1.948736310E0
5.860744667E0,2.755855799E0,1.167502880E0,2.517816544E0
5.870757667E0,2.839155436E0,1.183234453E0,2.900842905E0
5.880770667E0,2.738203287E0,8.514669538E-1,3.281816959E0
5.890783667E0,2.739201307E0,2.426728606E-1,3.783899784E0
5.900797667E0,2.897787809E0,-5.148920417E-1,4.371504784E0
5.910810667E0,3.086558342E0,-1.270129681E0,5.046428680E0
5.920823667E0,3.213600159E0,-1.954435349E0,5.652589798E0
5.930836667E0,3.064108372E0,-2.194999456E0,6.061866283E0
5.940850542E0,2.888793468E0,-1.851058960E0,6.328629971E0
5.950863542E0,2.288290739E0,-1.849272013E0,6.194789410E0
5.960876542E0,1.424526334E0,-2.416398764E0,5.865437984E0
5.970889542E0,7.917254567E-1,-2.883425236E0,5.474312305E0
5.980903542E0,1.438043714E-1,-3.228849411E0,5.072082996E0
5.990916542E0,-6.789512634E-1,-3.444011211E0,4.749857426E0
6.000929542E0,-1.582878351E0,-3.474103451E0,4.550569534E0
6.010942542E0,-2.693903685E0,-2.527294874E0,4.107526779E0
6.020956542E0,-4.069323063E0,-9.559751749E-1,3.388119221E0
6.030969542E0,-5.325149536E0,4.926323891E-1,2.489735842E0
6.040982542E0,-6.242403507E0,1.548528910E0,1.527421951E0
6.050995542E0,-6.903060436E0,2.036983013E0,5.910347700E-1
6.061009542E0,-7.324366570E0,2.030094385E0,-2.557042241E-1
6.071022542E0,-7.382517815E0,1.720892191E0,-1.004344344E0
6.081035542E0,-7.114118099E0,1.067492127E0,-1.678029656E0
6.091048542E0,-6.693482399E0,2.505551875E-1,-2.309998512E0
6.101062542E0,-6.273201942E0,-3.340511620E-1,-2.885299206E0
6.111075542E0,-5.756089211E0,-7.052758336E-1,-3.379289627E0
6.121088542E0,-5.086182117E0,-8.407790065E-1,-3.669750214E0
6.131101542E0,-4.428320408E0,-8.100697994E-1,-3.831584215E0
6.141115542E0,-3.792896986E0,-6.621035337E-1,-3.900053263E0
6.151128542E0,-3.069514990E0,-5.203085542E-1,-3.920662642E0
6.161141542E0,-1.893515348E0,-7.516719103E-1,-3.937348604E0
6.171154542E0,-1.642639041E-1,-1.716522455E0,-3.949501991E0
6.181168542E0,1.403139353E0,-3.111083984E0,-3.869261026E0
6.191181542E0,2.348557711E0,-4.136674881E0,-3.601863384E0
6.201194542E0,2.732808113E0,-4.468056202E0,-3.209179878E0
6.211207542E0,2.714729548E0,-4.144190788E0,-2.837103844E0
6.221221542E0,2.451848984E0,-3.406333685E0,-2.580282450E0
6.231234542E0,2.061615467E0,-2.414996862E0,-2.450311899E0
6.241247542E0,1.678645492E0,-1.437849879E0,-2.461727381E0
6.251260542E0,1.552097678E0,-1.015083194E0,-2.584624529E0
6.261274542E0,1.795567751E0,-1.336167812E0,-2.708558559E0
6.271287542E0,2.116333723E0,-2.275198698E0,-2.766947985E0
6.281300542E0,2.526399136E0,-3.882843971E0,-2.752991915E0
6.291313542E0,3.118089914E0,-5.478334904E0,-2.633381367E0
6.301327542E0,3.489422321E0,-6.478027821E0,-2.463785887E0
6.311340542E0,3.398694754E0,-6.708883286E0,-2.330727816E0
6.321353542E0,2.968029976E0,-6.129469872E0,-2.270609617E0
6.331366542E0,2.367606640E0,-4.886838436E0,-2.350503922E0
6.341380542E0,1.610198379E0,-3.265345573E0,-2.549862862E0
6.351393542E0,8.656688333E-1,-1.876320839E0,-2.722264767E0
6.361406542E0,4.651568830E-1,-9.431431890E-1,-2.780416489E0
6.371419542E0,3.495895565E-1,-6.279090643E-1,-2.771984816E0
6.381433542E0,5.910195708E-1,-7.761209607E-1,-2.741088867E0
6.391446542E0,1.065030932E0,-1.269689679E0,-2.625452042E0
6.401459542E0,1.710813284E0,-2.094519854E0,-2.393201590E0
6.411472542E0,2.647331476E0,-2.251275539E0,-2.046536207E0
6.421486542E0,3.441931248E0,-1.690220237E0,-1.661774635E0
6.431499542E0,3.932958126E0,-5.603460073E-1,-1.359392047E0
6.441512542E0,4.494531155E0,9.674446583E-1,-1.137437582E0
6.451525542E0,4.813075066E0,2.453899860E0,-1.167207479E0
6.461539542E0,4.739377499E0,3.678832293E0,-1.353911161E0
6.471552542E0,4.576039314E0,4.444452763E0,-1.456020236E0
6.481565542E0,4.684694290E0,4.282022476E0,-1.555221558E0
6.491578542E0,5.384189606E0,3.057535172E0,-1.598492622E0
6.501592542E0,6.577784061E0,1.496780515E0,-1.529436469E0
6.511605542E0,7.114306927E0,5.436242819E-1,-1.620470047E0
6.521618542E0,7.080165386E0,9.953347594E-2,-1.820690513E0
6.531631542E0,6.966127872E0,5.750683546E-1,-2.378132582E0
6.541645542E0,6.213469028E0,2.205361843E0,-3.200592041E0
6.551658542E0,4.962432861E0,4.250425339E0,-3.897182941E0
6.561671542E0,3.913175106E0,6.261711597E0,-4.366927624E0
6.571684542E0,3.274784327E0,7.793773174E0,-4.681871891E0
6.581698542E0,2.908331871E0,8.296928406E0,-4.529045582E0
6.591711542E0,2.580938816E0,8.048403740E0,-4.098807812E0
6.601724542E0,2.304530382E0,7.343201160E0,-3.504595518E0
6.611737542E0,1.836462736E0,5.920851231E0,-2.984395266E0
6.621751542E0,1.122653484E0,4.349702835E0,-2.941964626E0
6.631764542E0,1.130869314E-1,3.113768578E0,-3.255954981E0
6.641777542E0,-1.142559886E0,2.704064131E0,-3.668830872E0
6.651790542E0,-2.310066462E0,2.823752642E0,-4.102759361E0
6.661804542E0,-3.105774879E0,3.136536121E0,-4.460636616E0
6.671817542E0,-3.601310492E0,3.307790518E0,-4.666078091E0
6.681830542E0,-3.779006720E0,3.389004707E0,-4.597249985E0
6.691843542E0,-3.757248402E0,3.462945700E0,-4.285275936E0
6.701857542E0,-3.560310841E0,3.577069521E0,-3.931243896E0
6.711870542E0,-3.372641563E0,3.370225906E0,-3.639943600E0
6.721883542E0,-2.947074652E0,2.798161268E0,-3.457053185E0
6.731896542E0,-2.433172464E0,1.961453557E0,-3.437456131E0
6.741910542E0,-2.109294653E0,1.122540712E0,-3.482038736E0
6.751923542E0,-2.053083658E0,5.773705244E-1,-3.558115244E0
6.761936542E0,-2.205135345E0,3.293291032E-1,-3.632387877E0
6.771949542E0,-2.347735882E0,3.553351462E-1,-3.700062513E0
6.781963542E0,-2.336324930E0,3.494294286E-1,-3.724138260E0
6.791976542E0,-2.028574944E0,-3.195413202E-2,-3.689524651E0
6.801989542E0,-1.498671770E0,-7.902855277E-1,-3.656041861E0
6.812002542E0,-8.589914441E-1,-1.879785776E0,-3.628887653E0
6.822016542E0,-2.749888599E-1,-2.860126019E0,-3.582313538E0
6.832029542E0,1.383715421E-1,-3.558788538E0,-3.526680946E0
6.842042542E0,5.316671133E-1,-4.103345871E0,-3.438665390E0
6.852055542E0,9.085150361E-1,-4.487619400E0,-3.323640108E0
6.862069542E0,1.237065911E0,-4.963768959E0,-3.253432751E0
6.872082542E0,1.561528683E0,-5.532881260E0,-3.173171282E0
6.882095542E0,1.977115154E0,-5.957506657E0,-2.935026407E0
6.892108542E0,2.398784876E0,-6.685472012E0,-2.531316757E0
6.902122542E0,3.211482048E0,-7.061137676E0,-1.990938187E0
6.912135542E0,3.993531704E0,-6.997287273E0,-1.416138530E0
6.922148542E0,4.534899235E0,-6.564540386E0,-9.501596689E-1
6.932161542E0,4.935586929E0,-5.663734436E0,-5.832565427E-1
6.942175667E0,5.084980965E0,-4.288256645E0,-3.867456019E-1
6.952188667E0,5.106537342E0,-2.838103294E0,-3.848707378E-1
6.962201667E0,5.205121994E0,-1.990650177E0,-5.469642282E-1
6.972214667E0,5.530827522E0,-2.224693537E0,-7.497543097E-1
6.982228667E0,6.017160416E0,-2.672780037E0,-8.655419946E-1
6.992241667E0,6.126653671E0,-2.824688196E0,-9.177745581E-1
7.002254667E0,5.893975258E0,-2.579594374E0,-9.313355684E-1
7.012267667E0,5.567697525E0,-2.110599518E0,-1.080187321E0
7.022281667E0,5.182693958E0,-1.365523458E0,-1.522072196E0
7.032294667E0,4.754261494E0,-2.137299031E-1,-2.023886204E0
7.042307667E0,4.326341152E0,1.422260046E0,-2.445505619E0
7.052320667E0,4.019866467E0,3.603046417E0,-2.787662506E0
7.062334667E0,3.649648428E0,5.817590714E0,-3.018933535E0
7.072347667E0,3.317921400E0,7.361376762E0,-3.208465338E0
7.082360667E0,3.219617844E0,7.924603939E0,-3.315582275E0
7.092373667E0,3.056834698E0,7.888338566E0,-3.322148323E0
7.102387667E0,2.578385353E0,7.451189041E0,-3.513412714E0
7.112400667E0,1.981093526E0,6.581959724E0,-3.908553600E0
7.122413667E0,1.254328370E0,5.289216518E0,-4.529449463E0
7.132426667E0,4.267825186E-1,3.679777622E0,-5.247094631E0
7.142440667E0,-1.528609693E-1,2.006703138E0,-5.817434788E0
7.152453667E0,-4.857795238E-1,1.221164227E0,-5.614153385E0
7.162466667E0,-1.374812484E0,1.650519013E0,-5.124599457E0
7.172479667E0,-2.155905962E0,2.450369120E0,-4.855959415E0
7.182493667E0,-2.392023087E0,3.156698704E0,-4.754123688E0
7.192506667E0,-2.397866488E0,3.480826139E0,-4.812850475E0
7.202519667E0,-2.411875963E0,3.725817204E0,-4.895155430E0
7.212532667E0,-2.583110094E0,3.968620539E0,-5.001760483E0
7.222546667E0,-2.851745605E0,4.037048817E0,-5.051085949E0
7.232559667E0,-2.921435118E0,3.217632294E0,-5.027896404E0
7.242572667E0,-2.783260107E0,1.755895376E0,-4.955932140E0
7.252585667E0,-2.508472681E0,3.030070662E-1,-4.845898151E0
7.262599667E0,-2.319731474E0,-7.652906775E-1,-4.599626541E0
7.272612667E0,-2.238447428E0,-1.506747961E0,-4.289165497E0
7.282625667E0,-2.203609943E0,-1.948428988E0,-3.876168728E0
7.292638667E0,-2.300162315E0,-2.095037937E0,-3.374685764E0
7.302651667E0,-2.465367556E0,-2.104045630E0,-2.793740988E0
7.312665667E0,-2.677262783E0,-2.179785728E0,-2.095021486E0
7.322678667E0,-2.920307159E0,-2.155720711E0,-1.407184839E0
7.332691667E0,-3.025637388E0,-2.068177462E0,-8.296732903E-1
7.342704667E0,-2.865565062E0,-1.824239135E0,-3.895572424E-1
7.352718667E0,-2.400367260E0,-1.696707487E0,-1.338738054E-1
7.362731667E0,-1.359630585E0,-1.690900207E0,-8.373993635E-2
7.372744667E0,6.685541570E-2,-1.611201048E0,-2.229252458E-1
7.382757667E0,1.460113168E0,-1.432731390E0,-4.773495197E-1
7.392771667E0,2.488380671E0,-1.266975164E0,-6.716459990E-1
7.402784667E0,3.247123718E0,-1.647189260E0,-7.704430819E-1
7.412797667E0,4.058827400E0,-2.172901154E0,-8.882580996E-1
7.422810667E0,4.808644772E0,-2.524493456E0,-1.144443154E0
7.432824667E0,5.348248959E0,-3.022411823E0,-1.404850602E0
7.442837667E0,5.825683117E0,-3.837019682E0,-1.634219885E0
7.452850667E0,6.431231499E0,-4.782695770E0,-1.842083335E0
7.462863667E0,7.113537312E0,-5.643983364E0,-1.976125836E0
7.472877667E0,7.744335175E0,-6.185034752E0,-2.097951412E0
7.482890667E0,7.974422455E0,-5.799006462E0,-2.167052746E0
7.492903667E0,7.603989601E0,-5.136010647E0,-2.126621246E0
7.502916667E0,7.451741219E0,-5.071036339E0,-2.065793753E0
7.512930667E0,7.900753975E0,-5.483661652E0,-1.963422179E0
7.522943667E0,8.529713631E0,-6.145854950E0,-1.681449771E0
7.532956667E0,9.081010818E0,-6.222524166E0,-1.231742024E0
7.542969667E0,9.035004616E0,-5.461364746E0,-5.771072507E-1
7.552983667E0,8.551288605E0,-4.193533421E0,-1.228570100E-2
7.562996667E0,7.836626530E0,-2.725218773E0,-9.347616881E-2
7.573009667E0,6.851130962E0,-1.508553386E0,-5.038359761E-1
7.583022667E0,5.735904694E0,-6.140233874E-1,-1.368581772E0
7.593036667E0,4.400506496E0,6.098061800E-1,-2.188306093E0
7.603049667E0,2.606692314E0,1.745452166E0,-2.662638903E0
7.613062667E0,1.200068593E0,2.452919722E0,-2.807337761E0
7.623075667E0,5.633841157E-1,2.830754995E0,-2.772499800E0
7.633089667E0,1.623901129E-1,2.576254845E0,-2.860723734E0
7.643102667E0,1.211487353E-1,2.146835327E0,-3.083237171E0
7.653115667E0,1.247378737E-1,1.910420179E0,-3.336808681E0
7.663128667E0,-3.151910007E-1,2.167639256E0,-3.605579138E0
7.673142667E0,-1.069614172E0,2.951993942E0,-3.991371393E0
7.683155667E0,-1.882101536E0,3.774016619E0,-4.350380898E0
7.693168667E0,-2.654781580E0,4.508072376E0,-4.559164047E0
7.703181667E0,-3.286407709E0,4.994959354E0,-4.652131557E0
7.713195667E0,-3.678424597E0,5.203317165E0,-4.633897781E0
7.723208667E0,-3.861872435E0,5.018283844E0,-4.593985081E0
7.733221667E0,-3.972654104E0,4.497040272E0,-4.691910744E0
7.743234667E0,-4.173401833E0,4.012322903E0,-4.949496269E0
7.753248667E0,-4.534002304E0,3.748385429E0,-5.369340420E0
7.763261667E0,-4.958253384E0,3.651003361E0,-5.841110229E0
7.773274667E0,-4.959331036E0,3.911189318E0,-6.237722874E0
7.783287667E0,-4.654368401E0,4.633916855E0,-6.362573147E0
7.793301667E0,-4.368724346E0,5.329523563E0,-5.983973503E0
7.803314667E0,-4.238235950E0,5.839005470E0,-5.379479885E0
7.813327667E0,-4.157345295E0,5.966941357E0,-4.790572166E0
7.823340667E0,-4.119787216E0,5.741921425E0,-4.423167706E0
7.833353667E0,-4.156709194E0,5.292315006E0,-4.325816154E0
7.843367667E0,-4.228416443E0,4.805912971E0,-4.566546440E0
7.853380667E0,-4.263987541E0,4.399862766E0,-5.386404037E0
7.863393667E0,-4.553527832E0,3.929422379E0,-6.325717926E0
7.873406667E0,-4.985721588E0,3.582444906E0,-6.718136311E0
7.883420667E0,-5.133929729E0,3.608676434E0,-6.389703274E0
7.893433667E0,-5.004056454E0,4.019690037E0,-5.602751732E0
7.903446667E0,-4.795574188E0,4.337083817E0,-4.688880444E0
7.913459667E0,-4.546545982E0,4.371516228E0,-3.810459852E0
7.923473667E0,-4.197258472E0,4.118068218E0,-2.997695446E0
7.933486667E0,-3.795202732E0,3.693893909E0,-2.312026501E0
7.943499917E0,-3.440336943E0,3.284660101E0,-1.798444867E0
7.953512917E0,-3.255316734E0,2.884144306E0,-1.417238832E0
7.963526917E0,-3.066124201E0,2.080471754E0,-9.491161704E-1
7.973539917E0,-2.519603968E0,1.088058591E0,-2.060146630E-1
7.983552917E0,-1.664617062E0,4.590631276E-2,7.838713527E-1
7.993565917E0,-6.267734170E-1,-7.800818682E-1,1.743999004E0
8.003579917E0,5.777233243E-1,-6.518527865E-1,2.398310661E0
8.013592917E0,1.677505612E0,3.582690358E-1,2.452876806E0
8.023605917E0,2.464678288E0,1.322364211E0,2.038524389E0
8.033618917E0,3.021862507E0,1.890570402E0,1.393634439E0
8.043632917E0,3.159859419E0,1.784873605E0,5.816518664E-1
8.053645917E0,2.828696012E0,8.861812949E-1,-2.788473964E-1
8.063658917E0,2.211510420E0,-3.620766103E-1,-1.137284756E0
8.073671917E0,1.518244267E0,-1.136305928E0,-1.724200726E0
8.083685917E0,7.946735620E-1,-1.127877593E0,-1.956524134E0
8.093698917E0,-3.521700203E-2,-4.608396292E-1,-1.887747765E0
8.103711917E0,-8.603943586E-1,6.106605530E-1,-1.619413614E0
8.113724917E0,-1.514716506E0,1.730068684E0,-1.269549131E0
8.123738917E0,-2.010623932E0,2.579851866E0,-9.212340713E-1
8.133751917E0,-2.376958609E0,3.182356358E0,-6.955982447E-1
8.143764917E0,-2.560812235E0,3.685719967E0,-7.236514688E-1
8.153777917E0,-2.595153093E0,3.679168701E0,-9.963344336E-1
8.163791917E0,-2.554022551E0,3.232470274E0,-1.347312093E0
8.173804917E0,-2.557458401E0,2.566053391E0,-1.646870255E0
8.183817917E0,-2.576527596E0,1.914860129E0,-1.719712615E0
8.193830917E0,-2.549291372E0,1.058814883E0,-1.339671254E0
8.203844917E0,-2.625562906E0,5.815109611E-2,-5.749977231E-1
8.213857917E0,-2.740615606E0,-9.246559739E-1,4.439071417E-1
8.223870917E0,-2.837839842E0,-1.877125025E0,1.745829701E0
8.233883917E0,-2.980657816E0,-2.609388828E0,3.155619144E0
8.243896917E0,-3.048898458E0,-2.900661945E0,4.318694115E0
8.253910917E0,-2.759619236E0,-2.704397678E0,4.777651310E0
8.263923917E0,-2.056244612E0,-3.245793104E0,4.339748383E0
8.273936917E0,-8.340098262E-1,-5.200348377E0,3.971798420E0
8.283949917E0,3.451514244E-1,-7.937679768E0,4.330826759E0
8.293963917E0,1.026887059E0,-1.015041637E1,5.372321606E0
8.303976917E0,8.312181830E-1,-1.067970085E1,6.429842949E0
8.313989917E0,-5.981147289E-1,-9.051330566E0,6.873310089E0
8.324002917E0,-2.677433014E0,-6.361722946E0,6.766560078E0
8.334016917E0,-4.185123920E0,-4.275394917E0,6.166195393E0
8.344029917E0,-4.475677967E0,-3.569109678E0,5.161754608E0
8.354042917E0,-3.720942974E0,-4.140245438E0,4.019164562E0
8.364055917E0,-2.527870417E0,-4.977804184E0,3.033464432E0
8.374069917E0,-1.915899396E0,-5.421464443E0,2.458152294E0
8.384082917E0,-2.146468878E0,-5.008666039E0,2.157331228E0
8.394095917E0,-2.829918623E0,-3.416128159E0,1.730655551E0
8.404108917E0,-3.550763130E0,-1.643168330E0,8.123093247E-1
8.414122917E0,-4.013933182E0,-7.366724610E-1,-3.322789669E-1
8.424135917E0,-4.363295555E0,-5.771098733E-1,-1.276053071E0
8.434148917E0,-4.900753975E0,-5.481743813E-1,-1.895625234E0
8.444161917E0,-5.613586903E0,-3.352754414E-1,-2.305079222E0
8.454175917E0,-6.032821178E0,-3.497079015E-1,-2.653186321E0
8.464188917E0,-5.911709309E0,-7.764295936E-1,-2.947092772E0
8.474201917E0,-5.444338799E0,-1.515431762E0,-3.164333582E0
8.484214917E0,-4.850715160E0,-2.353125811E0,-3.302294493E0
8.494228917E0,-4.301136494E0,-2.353266239E0,-3.393431425E0
8.504241917E0,-3.936880112E0,-1.459204793E0,-3.324690819E0
8.514254917E0,-3.868850470E0,-4.725904465E-1,-3.249302149E0
8.524267917E0,-3.867307425E0,1.241275594E-1,-3.351821661E0
8.534280917E0,-3.746543646E0,3.411948979E-1,-3.646107912E0
8.544294917E0,-3.504586935E0,9.903891385E-2,-4.038823605E0
8.554307917E0,-3.178888321E0,-5.328282714E-1,-4.376235962E0
8.564320917E0,-2.765816689E0,-1.210251808E0,-4.603428841E0
8.574333917E0,-2.324996471E0,-1.662063241E0,-4.730826855E0
8.584347917E0,-1.783692241E0,-1.942586422E0,-4.793731689E0
8.594360917E0,-1.143495440E0,-1.581028700E0,-4.762941360E0
8.604373917E0,-7.001418471E-1,-7.699134946E-1,-4.578223705E0
8.614386917E0,-3.784380555E-1,-1.550120115E-1,-4.283433437E0
8.624400917E0,-4.440546781E-2,1.339030117E-1,-3.898845911E0
8.634413917E0,3.983248174E-1,1.910243481E-1,-3.401816607E0
8.644426917E0,7.141875029E-1,7.172533870E-2,-2.885111809E0
8.654439917E0,8.413119316E-1,-4.558397457E-2,-2.471101522E0
8.664453917E0,8.520994782E-1,1.593972147E-1,-2.172558546E0
8.674466917E0,1.027901173E0,2.346613407E-1,-1.942024827E0
8.684479917E0,1.742301106E0,-1.930614561E-1,-1.594808817E0
8.694492917E0,2.538503647E0,-9.562469721E-1,-1.083510399E0
8.704506917E0,2.999012709E0,-1.691266894E0,-5.526672602E-1
8.714519917E0,3.220381737E0,-2.122795820E0,1.345310081E-2
8.724532917E0,3.034260511E0,-1.660469055E0,5.129870176E-1
8.734545917E0,2.426833153E0,-8.261162043E-1,9.363923669E-1
8.744559917E0,1.830409646E0,-1.664578915E-1,1.172603726E0
8.754572917E0,1.552199602E0,1.518457830E-1,1.345390916E0
8.764585917E0,1.863615513E0,-9.164775908E-2,1.655427575E0
8.774598917E0,2.312537432E0,-9.902118444E-1,2.170009851E0
8.784612917E0,2.283873558E0,-1.908223748E0,2.634351730E0
8.794625917E0,1.800507426E0,-2.401453495E0,2.984671593E0
8.804638917E0,1.054278135E0,-2.332859278E0,3.278954506E0
8.814651917E0,8.625777066E-2,-1.971643448E0,3.334690094E0
8.824664917E0,-7.797601819E-1,-1.482263088E0,3.090647221E0
8.834678917E0,-1.283290863E0,-8.623935580E-1,2.775769711E0
8.844691917E0,-1.753352165E0,-4.928459227E-1,2.442541361E0
8.854704917E0,-2.466001511E0,-3.134463429E-1,2.152700663E0
8.864717917E0,-3.364843130E0,7.476606965E-2,1.876364470E0
8.874731917E0,-4.431110859E0,7.378591299E-1,1.470797062E0
8.884744917E0,-5.343015671E0,1.353902102E0,9.068114161E-1
8.894757917E0,-5.717140198E0,1.787889481E0,3.202837110E-1
8.904770917E0,-5.640269279E0,1.969198465E0,-1.539224386E-1
8.914784917E0,-5.364287376E0,1.874793172E0,-4.757404327E-1
8.924797917E0,-5.111900330E0,1.612201095E0,-5.639941096E-1
8.934810917E0,-4.952307224E0,1.159997106E0,-4.736532569E-1
8.944823500E0,-4.832432270E0,6.448586583E-1,-2.139996141E-1
8.954837500E0,-4.835957050E0,3.428724110E-1,1.378465742E-1
8.964850500E0,-4.990113258E0,3.065077960E-1,5.062127709E-1
8.974863500E0,-5.058024883E0,3.115496933E-1,9.047553539E-1
8.984876500E0,-4.813582420E0,4.762650430E-1,1.425291657E0
8.994890500E0,-4.273535728E0,5.892184973E-1,2.085237980E0
9.004903500E0,-3.230056763E0,1.552367508E-1,2.920428753E0
9.014916500E0,-1.702103376E0,-6.598865390E-1,3.751889706E0
9.024929500E0,-2.787492573E-1,-1.317627788E0,4.546836853E0
9.034942500E0,9.320156574E-1,-1.760437250E0,5.183291912E0
9.044956500E0,2.004355192E0,-2.222640038E0,5.748493671E0
9.054969500E0,2.619777441E0,-2.575980186E0,6.017313004E0
9.064982500E0,2.545038462E0,-2.880873919E0,5.933220863E0
9.074995500E0,2.044245958E0,-2.857244968E0,5.404524803E0
9.085009500E0,1.178396583E0,-2.430298090E0,4.376308441E0
9.095022500E0,2.095372230E-1,-1.963567972E0,3.154009342E0
9.105035500E0,-6.566346288E-1,-1.646756530E0,2.131095409E0
9.115048500E0,-1.457989573E0,-1.479096770E0,1.506771326E0
9.125062500E0,-2.059900999E0,-1.551075220E0,1.234695554E0
9.135075500E0,-2.471921206E0,-1.603691578E0,1.068717480E0
9.145088500E0,-2.817511797E0,-1.570131779E0,8.150119781E-1
9.155101500E0,-2.999875546E0,-1.581114173E0,5.935264826E-1
9.165115500E0,-2.949551582E0,-1.579010367E0,3.903609812E-1
9.175128500E0,-2.809583902E0,-1.506755352E0,1.386302263E-1
9.185141500E0,-2.730292082E0,-1.282214642E0,-1.306496710E-1
9.195154500E0,-2.901288033E0,-6.657690406E-1,-4.736770689E-1
9.205168500E0,-3.248986959E0,1.217200682E-1,-7.841666937E-1
9.215181500E0,-3.611079216E0,6.214073896E-1,-1.056796074E0
9.225194500E0,-3.822203159E0,7.613722086E-1,-1.379245281E0
9.235207500E0,-3.856289864E0,5.844671726E-1,-1.762106419E0
9.245220500E0,-3.774210691E0,2.249138355E-1,-2.194200277E0
9.255234500E0,-3.630990028E0,-1.127603501E-1,-2.576910734E0
9.265247500E0,-3.524042845E0,-5.153974295E-1,-2.912083149E0
9.275260500E0,-3.432012796E0,-1.079010248E0,-3.162573338E0
9.285273500E0,-3.154825926E0,-1.699416518E0,-3.268878698E0
9.295287500E0,-2.695300341E0,-2.278775692E0,-3.198670387E0
9.305300500E0,-2.228024006E0,-2.807577372E0,-3.041523457E0
9.315313500E0,-1.920420170E0,-3.103115082E0,-2.779488087E0
9.325326500E0,-1.881763697E0,-2.746778011E0,-2.369697332E0
9.335340500E0,-2.117868662E0,-1.572054744E0,-1.878947139E0
9.345353500E0,-2.448420286E0,-2.189434767E-1,-1.340922236E0
9.355366500E0,-2.609377384E0,8.816967607E-1,-7.935316563E-1
9.365379500E0,-2.327880144E0,1.417981029E0,-2.035075128E-1
9.375393500E0,-1.572329879E0,1.325622320E0,4.476215243E-1
9.385406500E0,-3.669944406E-1,7.819890976E-1,1.252328157E0
9.395419500E0,9.337432384E-1,8.174555749E-2,2.317527771E0
9.405432500E0,1.624718189E0,-3.913239539E-1,3.493816614E0
9.415445500E0,1.788251996E0,-5.663695335E-1,4.661104679E0
9.425459500E0,1.731518865E0,-3.888627589E-1,5.584404469E0
9.435472500E0,1.464331150E0,-4.411611259E-1,5.883461475E0
9.445485500E0,1.162168503E0,-1.118979454E0,5.576023102E0
9.455498500E0,8.911347985E-1,-2.180898666E0,4.926133633E0
9.465512500E0,4.965222776E-1,-3.250066042E0,4.243586063E0
9.475525500E0,-1.216312051E-1,-4.009871006E0,3.720985889E0
9.485538500E0,-1.310267448E0,-4.001533985E0,3.243595839E0
9.495551500E0,-2.896766186E0,-3.174645662E0,2.679411411E0
9.505565500E0,-4.078108311E0,-1.914832830E0,1.972596049E0
9.515578500E0,-4.618293285E0,-7.139461040E-1,1.164640188E0
9.525591500E0,-4.679570675E0,2.510897219E-1,3.238096237E-1
9.535604500E0,-4.389457226E0,1.019894838E0,-2.876840830E-1
9.545618500E0,-4.019998074E0,1.491774321E0,-5.966962576E-1
9.555631500E0,-3.816377163E0,1.567455411E0,-7.959659696E-1
9.565644500E0,-3.586532354E0,1.412035584E0,-1.035177350E0
9.575657500E0,-3.165579796E0,1.111018777E0,-1.292529821E0
9.585671500E0,-2.705229282E0,4.854134023E-1,-1.496156216E0
9.595684500E0,-2.136779785E0,-4.505899549E-1,-1.455459952E0
9.605697500E0,-1.270036578E0,-1.527724028E0,-1.141114831E0
9.615710500E0,-1.789520681E-1,-2.531709194E0,-5.237900615E-1
9.625723500E0,7.668898106E-1,-2.981154919E0,2.194403857E-1
9.635737500E0,1.256646991E0,-2.518358469E0,9.165725708E-1
9.645750500E0,1.426311970E0,-1.571709514E0,1.621234775E0
9.655763500E0,1.565953970E0,-5.976518989E-1,2.291877031E0
9.665776500E0,1.628673077E0,-4.719355702E-2,2.798013449E0
9.675790500E0,1.698860168E0,-1.928080022E-1,3.094828606E0
9.685803500E0,1.680846930E0,-1.024615765E0,2.939578772E0
9.695816500E0,1.010636330E0,-2.070016623E0,2.318842411E0
9.705829500E0,-4.473786950E-1,-2.522330046E0,1.577040076E0
9.715843500E0,-2.157648802E0,-2.209816456E0,1.023389697E0
9.725856500E0,-3.882585764E0,-1.687108874E0,5.035603642E-1
9.735869500E0,-4.942914486E0,-1.209519148E0,2.609708905E-1
9.745882500E0,-5.260750771E0,-1.187156677E0,2.007247657E-1
9.755896500E0,-4.894766331E0,-1.522576451E0,3.864554763E-1
9.765909500E0,-3.687186956E0,-1.623718381E0,7.563632727E-1
9.775922500E0,-2.127974749E0,-1.586702585E0,1.355748177E0
9.785935500E0,-7.839578986E-1,-1.215575218E0,1.918505549E0
9.795948500E0,2.764012516E-1,-5.577880740E-1,2.473938465E0
9.805962500E0,8.476570845E-1,1.748578995E-1,3.111063719E0
9.815975500E0,8.171254992E-1,6.091246605E-1,3.665539265E0
9.825988500E0,2.804032862E-1,6.388272643E-1,4.005304813E0
9.836001500E0,-3.832828403E-1,5.132653713E-1,4.252688885E0
9.846015500E0,-6.817184687E-1,-1.105240062E-1,4.169960976E0
9.856028500E0,-8.994992375E-1,-1.455359817E0,3.585186958E0
9.866041500E0,-1.374892354E0,-2.469456911E0,2.953433514E0
9.876054500E0,-1.979625702E0,-2.722184420E0,2.677362204E0
9.886068500E0,-2.631753445E0,-2.072097540E0,2.397052526E0
9.896081500E0,-3.355708361E0,-7.710023522E-1,1.923637271E0
9.906094500E0,-3.983081102E0,4.239087701E-1,1.417508841E0
9.916107500E0,-4.290877819E0,1.273247838E0,1.000059843E0
9.926120500E0,-4.283803940E0,1.739817262E0,6.565397978E-1
9.936134500E0,-4.055377007E0,2.025745392E0,4.068346322E-1
9.946147042E0,-3.779085159E0,2.072468758E0,2.630799115E-1
9.956160042E0,-3.457247019E0,1.820471644E0,2.224992067E-1
9.966173042E0,-3.041077614E0,9.102236629E-1,1.436416507E-1
9.976187042E0,-2.614075422E0,-7.324958444E-1,-1.911747009E-1
9.986200042E0,-2.377664566E0,-2.432286739E0,-6.746904254E-1
9.996213042E0,-2.432198048E0,-3.647653103E0,-1.246327639E0
1.000622604E1,-2.840671301E0,-3.895689487E0,-1.874103665E0
1.001624004E1,-3.647072792E0,-3.127887964E0,-2.537973404E0
1.002625304E1,-4.817734718E0,-1.798388124E0,-3.212782860E0
1.003626604E1,-5.880819798E0,-8.981774747E-2,-3.775240183E0
1.004627904E1,-6.530919552E0,1.398867011E0,-4.094393730E0
1.005629304E1,-6.810061455E0,1.822189689E0,-4.435872078E0
1.006630604E1,-6.588697433E0,1.225714207E0,-4.800326824E0
1.007631904E1,-5.868774891E0,3.589338809E-2,-5.115088463E0
1.008633204E1,-5.010887146E0,-1.229473948E0,-5.399417877E0
1.009634504E1,-4.338708401E0,-2.043589115E0,-5.625856876E0
1.010635904E1,-3.844588041E0,-2.257574797E0,-5.576222897E0
1.011637204E1,-3.315778494E0,-2.004871130E0,-5.374256134E0
1.012638504E1,-2.669013500E0,-1.475926280E0,-5.182165146E0
1.013639804E1,-2.092773676E0,-1.151328683E0,-5.037570477E0
1.014641204E1,-1.508473039E0,-1.559381127E0,-4.947085857E0
1.015642504E1,-7.955630422E-1,-2.806967258E0,-4.881391048E0
1.016643804E1,-5.806856602E-2,-4.439988613E0,-4.722688675E0
1.017645104E1,4.608954787E-1,-5.785005569E0,-4.438816547E0
1.018646504E1,7.196162939E-1,-6.515906334E0,-4.172708035E0
1.019647804E1,7.613978386E-1,-6.681368351E0,-3.899494171E0
1.020649104E1,6.766958237E-1,-6.241438866E0,-3.665680170E0
1.021650404E1,4.878329635E-1,-5.389917850E0,-3.534039021E0
1.022651804E1,2.797863781E-1,-4.229681492E0,-3.441573381E0
1.023653104E1,2.394040674E-1,-2.778959036E0,-3.340639591E0
1.024654404E1,4.792923331E-1,-1.431879759E0,-3.191489697E0
1.025655704E1,9.969881773E-1,-8.054352403E-1,-2.950415373E0
1.026657004E1,1.605849504E0,-9.647983909E-1,-2.601483822E0
1.027658404E1,2.185525417E0,-1.800336480E0,-2.235988140E0
1.028659704E1,2.825438261E0,-3.039521694E0,-1.892031908E0
1.029661004E1,3.420785427E0,-4.436800003E0,-1.562382817E0
1.030662304E1,3.734594822E0,-5.340246677E0,-1.290109634E0
1.031663704E1,3.778894663E0,-5.398761749E0,-1.063118815E0
1.032665004E1,3.604228973E0,-4.729082584E0,-8.913430572E-1
1.033666304E1,3.361656904E0,-3.442811012E0,-8.156405687E-1
1.034667604E1,3.164496422E0,-1.681928992E0,-8.460226059E-1
1.035669004E1,3.002110958E0,-1.498255432E-1,-1.068592906E0
1.036670304E1,3.103140593E0,5.440300107E-1,-1.424721599E0
1.037671604E1,3.289188385E0,4.318147600E-1,-1.711403489E0
1.038672904E1,3.362457752E0,-2.111004740E-1,-1.906304717E0
1.039674204E1,3.343530178E0,-8.766428232E-1,-2.047353745E0
1.040675604E1,3.159628868E0,-1.377456546E0,-2.190394402E0
1.041676904E1,3.029133320E0,-1.582086921E0,-2.312234402E0
1.042678204E1,3.177210808E0,-1.527777195E0,-2.527177334E0
1.043679504E1,3.173446894E0,-1.166161895E0,-2.826763153E0
1.044680904E1,2.952882528E0,-4.038443565E-1,-3.133417606E0
1.045682204E1,2.737103462E0,3.688212335E-1,-3.304497004E0
1.046683504E1,2.638362646E0,3.581615686E-1,-3.405592680E0
1.047684804E1,2.779853106E0,-2.086403221E-1,-3.540085793E0
1.048686204E1,2.984934807E0,-1.105082273E0,-3.862851143E0
1.049687504E1,3.247017145E0,-1.742660403E0,-4.206123352E0
1.050688804E1,3.383463383E0,-1.445443630E0,-4.352764606E0
1.051690104E1,2.614825964E0,-6.028588116E-2,-4.525155067E0
1.052691404E1,1.235952139E0,2.262548685E0,-4.826694965E0
1.053692804E1,-4.717703536E-2,4.731362343E0,-5.210694790E0
1.054694104E1,-7.457449436E-1,6.963481903E0,-5.679211617E0
1.055695404E1,-1.058831334E0,8.275856972E0,-5.645285606E0
1.056696704E1,-1.262834787E0,8.841533661E0,-5.345510006E0
1.057698104E1,-1.264124036E0,9.258882523E0,-5.048650742E0
1.058699404E1,-1.162777781E0,8.533029556E0,-4.440912247E0
1.059700704E1,-8.847602010E-1,7.436443329E0,-3.955218792E0
1.060702004E1,-7.056571841E-1,6.687502384E0,-3.537142992E0
1.061703404E1,-7.345815301E-1,6.355142117E0,-3.206192493E0
1.062704704E1,-1.056684613E0,6.452801704E0,-2.932209969E0
1.063706004E1,-1.390452385E0,6.816948414E0,-2.686975718E0
1.064707304E1,-1.691520333E0,6.878728390E0,-2.429503202E0
1.065708604E1,-1.790368080E0,6.473168373E0,-2.252804756E0
1.066710004E1,-1.799427986E0,5.600059509E0,-2.189929008E0
1.067711304E1,-1.841027856E0,4.466719151E0,-2.169305086E0
1.068712604E1,-2.013010502E0,3.611292124E0,-2.280743122E0
1.069713904E1,-2.293368101E0,3.165603399E0,-2.520133257E0
1.070715304E1,-2.673271894E0,2.938580036E0,-2.744032383E0
1.071716604E1,-3.017703056E0,2.831701517E0,-2.897493124E0
1.072717904E1,-3.209842920E0,2.889167786E0,-2.926092386E0
1.073719204E1,-3.137043953E0,3.195750237E0,-2.823367357E0
1.074720604E1,-2.810432196E0,3.497117996E0,-2.625891685E0
1.075721904E1,-2.521433592E0,3.365520477E0,-2.542331696E0
1.076723204E1,-2.300052643E0,2.984223604E0,-2.548858166E0
1.077724504E1,-2.171316862E0,2.595823288E0,-2.628912926E0
1.078725804E1,-2.146304369E0,2.104969025E0,-2.797617197E0
1.079727204E1,-2.126772404E0,1.594002604E0,-2.922641993E0
1.080728504E1,-2.074911356E0,9.860029817E-1,-2.970062017E0
1.081729804E1,-1.961975813E0,2.315974236E-1,-3.022760153E0
1.082731104E1,-1.836450577E0,-5.854575634E-1,-3.132129192E0
1.083732504E1,-1.699067473E0,-1.325431228E0,-3.265771627E0
1.084733804E1,-1.611261606E0,-1.948073745E0,-3.380505323E0
1.085735104E1,-1.646401048E0,-2.286981106E0,-3.487175941E0
1.086736404E1,-1.805415154E0,-2.470847607E0,-3.532361507E0
1.087737704E1,-1.883737326E0,-2.512580156E0,-3.503641605E0
1.088739104E1,-1.911377549E0,-2.534276962E0,-3.472007513E0
1.089740404E1,-1.875702858E0,-2.650721550E0,-3.426415682E0
1.090741704E1,-1.845307589E0,-2.774695158E0,-3.379696131E0
1.091743004E1,-1.855449080E0,-2.855011463E0,-3.352149010E0
1.092744404E1,-1.826480150E0,-2.938271761E0,-3.265531778E0
1.093745779E1,-1.720254660E0,-3.024830818E0,-3.172369719E0
1.094747079E1,-1.559859395E0,-3.310606003E0,-3.155462980E0
1.095748379E1,-1.347484231E0,-4.013573170E0,-3.197726011E0
1.096749779E1,-1.066257358E0,-4.843487740E0,-3.311743259E0
1.097751079E1,-6.609945297E-1,-5.523875237E0,-3.510131359E0
1.098752379E1,-1.965440214E-1,-5.961884499E0,-3.682423592E0
1.099753679E1,1.282063723E-1,-6.178423882E0,-3.738281965E0
1.100754979E1,2.299307734E-1,-6.155841351E0,-3.569361448E0
1.101756379E1,1.657358110E-1,-5.675395489E0,-3.273380041E0
1.102757679E1,2.801240049E-2,-4.814034939E0,-2.939012527E0
1.103758979E1,-4.716011509E-2,-3.761052132E0,-2.622594833E0
1.104760279E1,-8.174619079E-2,-2.894508123E0,-2.403943062E0
1.105761679E1,-2.384081483E-2,-2.358883619E0,-2.314899921E0
1.106762979E1,2.099615186E-1,-1.894903779E0,-2.317747355E0
1.107764279E1,5.179100037E-1,-1.779462934E0,-2.345940113E0
1.108765579E1,8.402635455E-1,-2.152264833E0,-2.388182878E0
1.109766879E1,1.278073072E0,-2.768178701E0,-2.482072353E0
1.110768279E1,1.838358045E0,-3.356002808E0,-2.488995075E0
1.111769579E1,2.421380758E0,-3.826225519E0,-2.434688330E0
1.112770879E1,2.897892952E0,-4.089784622E0,-2.342052221E0
1.113772179E1,3.119256973E0,-4.157685757E0,-2.212036371E0
1.114773579E1,3.104932547E0,-3.986092806E0,-2.072393417E0
1.115774879E1,2.873446226E0,-3.473849058E0,-2.041032076E0
1.116776179E1,2.251746893E0,-2.872066259E0,-2.225144148E0
1.117777479E1,1.541221261E0,-2.354048729E0,-2.407053232E0
1.118778879E1,1.216169357E0,-1.835776687E0,-2.438671589E0
1.119780179E1,1.046736836E0,-1.747604251E0,-2.451320648E0
1.120781479E1,1.222902775E0,-1.770112872E0,-2.466966152E0
1.121782779E1,1.669738054E0,-1.805111885E0,-2.579104900E0
1.122784079E1,2.275808573E0,-1.702002883E0,-2.740901232E0
1.123785479E1,2.839023113E0,-1.363718867E0,-2.857769251E0
1.124786779E1,3.078286648E0,-7.614257932E-1,-2.961995363E0
1.125788079E1,2.776906013E0,-1.781500876E-1,-3.078227758E0
1.126789379E1,2.336747646E0,3.148390949E-1,-3.159104824E0
1.127790779E1,1.995939970E0,8.534922004E-1,-3.166488647E0
1.128792079E1,1.579176068E0,1.271568060E0,-3.275877714E0
1.129793379E1,1.426641107E0,1.733995080E0,-3.487934351E0
1.130794679E1,1.597534537E0,2.343636513E0,-3.788572311E0
1.131796079E1,1.612856269E0,3.090651512E0,-4.276159763E0
1.132797379E1,1.473444700E0,3.849144459E0,-4.950960636E0
1.133798679E1,1.306811571E0,3.979981422E0,-5.581889153E0
1.134799979E1,1.334355831E0,4.225727558E0,-5.933086872E0
1.135801279E1,9.781908989E-1,4.405335903E0,-5.993964672E0
1.136802679E1,4.101184011E-1,4.454373837E0,-5.924098015E0
1.137803979E1,1.109412834E-1,4.528038502E0,-5.747398853E0
1.138805279E1,-5.496276915E-2,4.406965733E0,-5.489562988E0
1.139806579E1,-1.997795999E-1,3.885603189E0,-5.218501091E0
1.140807979E1,-1.637498140E-1,3.430806875E0,-5.090929985E0
1.141809279E1,-3.677403554E-2,3.276264906E0,-5.081223965E0
1.142810579E1,5.876141414E-2,3.235440731E0,-5.090806484E0
1.143811879E1,8.228191733E-2,3.287308931E0,-5.134347439E0
1.144813179E1,4.363302141E-2,3.424938679E0,-5.178276062E0
1.145814579E1,-1.196618974E-1,3.463043451E0,-5.131645679E0
1.146815879E1,-3.094069362E-1,3.283491850E0,-5.074994087E0
1.147817179E1,-4.439178705E-1,3.046743393E0,-5.057613850E0
1.148818479E1,-6.659533381E-1,2.781451941E0,-4.981395245E0
1.149819879E1,-9.967781305E-1,2.452728271E0,-4.897226334E0
1.150821179E1,-1.374830961E0,2.130381107E0,-4.865549088E0
1.151822479E1,-1.726348042E0,1.829008102E0,-4.930236340E0
1.152823779E1,-1.996788263E0,1.667568207E0,-4.952077389E0
1.153825079E1,-2.299965382E0,2.039591074E0,-5.004921913E0
1.154826479E1,-2.541004419E0,2.655788660E0,-4.945497513E0
1.155827779E1,-2.617541790E0,3.064218998E0,-4.735446930E0
1.156829079E1,-2.508805275E0,3.175225973E0,-4.521886349E0
1.157830379E1,-2.285222769E0,3.113516092E0,-4.379898548E0
1.158831779E1,-2.136048317E0,2.913142204E0,-4.271652699E0
1.159833079E1,-2.219051361E0,2.687363148E0,-4.333905697E0
1.160834379E1,-2.411648273E0,2.645204544E0,-4.551735878E0
1.161835679E1,-2.586033821E0,2.709190845E0,-4.675993919E0
1.162836979E1,-2.816502571E0,2.785911798E0,-4.700159073E0
1.163838379E1,-3.034815788E0,2.929280758E0,-4.706023216E0
1.164839679E1,-3.122998714E0,3.072662592E0,-4.653354645E0
1.165840979E1,-2.917574167E0,3.070091486E0,-4.586431503E0
1.166842279E1,-2.537509680E0,2.831659794E0,-4.487518311E0
1.167843679E1,-2.286176205E0,2.604095697E0,-4.453913212E0
1.168844979E1,-2.237456083E0,2.423134089E0,-4.575867176E0
1.169846279E1,-2.406034470E0,2.557739735E0,-4.853738785E0
1.170847579E1,-2.625692129E0,2.963342905E0,-5.261928082E0
1.171848979E1,-2.710751772E0,3.287233353E0,-5.640908241E0
1.172850279E1,-2.699200630E0,3.413980961E0,-5.788797379E0
1.173851579E1,-2.781730652E0,3.548590660E0,-5.724974155E0
1.174852879E1,-2.981777668E0,3.723847389E0,-5.507608891E0
1.175854179E1,-3.157689333E0,3.936985016E0,-5.198862076E0
1.176855579E1,-3.168287039E0,3.955711126E0,-5.006750107E0
1.177856879E1,-3.127539396E0,3.844691277E0,-4.944708347E0
1.178858179E1,-2.976652622E0,3.844248772E0,-4.970103264E0
1.179859479E1,-2.729292154E0,3.823118448E0,-4.970407009E0
1.180860779E1,-2.482414722E0,3.668785572E0,-4.923065662E0
1.181862179E1,-2.320014715E0,3.403709888E0,-4.794925690E0
1.182863479E1,-2.301126242E0,3.004194975E0,-4.735739708E0
1.183864779E1,-2.422670364E0,2.722063541E0,-4.655135632E0
1.184866079E1,-2.588173151E0,2.680907011E0,-4.439802647E0
1.185867479E1,-2.793369055E0,2.725836754E0,-4.097844601E0
1.186868779E1,-2.925568342E0,2.721881628E0,-3.720455170E0
1.187870079E1,-2.913813353E0,2.623788357E0,-3.400610209E0
1.188871379E1,-2.747202396E0,2.434959888E0,-3.107461214E0
1.189872779E1,-2.557998896E0,1.955781102E0,-2.808427334E0
1.190874079E1,-2.459609270E0,1.187711000E0,-2.522206068E0
1.191875379E1,-2.361842632E0,4.206928015E-1,-2.194714785E0
1.192876679E1,-2.337659836E0,-2.084677815E-1,-1.831423044E0
1.193878125E1,-2.439998388E0,-5.556276441E-1,-1.445114017E0
1.194879525E1,-2.599525690E0,-6.196022630E-1,-9.964765310E-1
1.195880825E1,-2.707913160E0,-4.294890463E-1,-6.131422520E-1
1.196882125E1,-2.624597788E0,-1.472581178E-1,-3.681313097E-1
1.197883425E1,-2.306374311E0,-8.707440645E-2,-3.061885834E-1
1.198884825E1,-1.852465987E0,-2.891069055E-1,-2.991891801E-1
1.199886125E1,-1.339547873E0,-6.574588418E-1,-2.118220627E-1
1.200887425E1,-9.746719599E-1,-1.138875723E0,-7.257285714E-2
1.201888725E1,-9.310691357E-1,-1.565405846E0,6.433971971E-2
1.202890025E1,-1.121251702E0,-1.938416123E0,3.124679625E-1
1.203891425E1,-1.547960997E0,-2.073571444E0,6.538192034E-1
1.204892725E1,-2.101645231E0,-1.825501323E0,1.000318289E0
1.205894025E1,-2.584439278E0,-1.343270421E0,1.407030940E0
1.206895325E1,-2.944233656E0,-1.071060181E0,1.826299071E0
1.207896725E1,-3.130540848E0,-1.279244304E0,2.269562721E0
1.208898025E1,-3.069218397E0,-2.124398232E0,2.868542194E0
1.209899325E1,-2.549129248E0,-3.404406786E0,3.653399706E0
1.210900625E1,-1.560288906E0,-4.965173721E0,4.554297924E0
1.211901925E1,-6.210476756E-1,-6.393177509E0,5.103789330E0
1.212903325E1,-1.979581416E-1,-7.052247047E0,5.219004154E0
1.213904625E1,-1.859406382E-1,-7.210637093E0,5.193638325E0
1.214905925E1,-5.222176909E-1,-6.698437214E0,5.154309273E0
1.215907225E1,-1.059648871E0,-5.558058739E0,5.189044476E0
1.216908625E1,-1.479544163E0,-4.389993191E0,5.362533569E0
1.217909925E1,-1.641050696E0,-3.690774441E0,5.441469193E0
1.218911225E1,-1.408312798E0,-3.972604036E0,5.253898144E0
1.219912525E1,-1.033194065E0,-5.145605564E0,4.916183949E0
1.220913825E1,-1.310011983E0,-5.928367615E0,4.364919186E0
1.221915225E1,-1.950599432E0,-5.989589691E0,3.646555424E0
1.222916525E1,-2.377936363E0,-5.739554882E0,2.932502508E0
1.223917825E1,-2.380234957E0,-5.607043743E0,2.274549246E0
1.224919125E1,-1.978912592E0,-6.263183117E0,1.777905464E0
1.225920525E1,-1.229883552E0,-7.906944275E0,1.533879280E0
1.226921825E1,-3.209798336E-1,-1.037119293E1,1.349243641E0
1.227923125E1,4.212002754E-1,-1.289203548E1,1.067663908E0
1.228924425E1,5.919889212E-1,-1.345432186E1,8.138721585E-1
1.229925725E1,-4.063721597E-1,-1.070784664E1,6.086615324E-1
1.230927125E1,-2.082940102E0,-6.019168377E0,4.889292121E-1
1.231928425E1,-3.209881067E0,-2.679847479E0,1.346451640E-1
1.232929725E1,-3.174097061E0,-1.386650681E0,-3.941847980E-1
1.233931025E1,-2.533421278E0,-1.767494082E0,-9.618138671E-1
1.234932425E1,-1.939748049E0,-3.024485826E0,-1.354293942E0
1.235933725E1,-1.747539520E0,-4.427288532E0,-1.505289078E0
1.236935025E1,-1.773026109E0,-5.550169945E0,-1.418953538E0
1.237936325E1,-1.985100031E0,-6.317924500E0,-1.272718668E0
1.238937625E1,-2.224895716E0,-6.422250271E0,-1.068300247E0
1.239939025E1,-2.578618288E0,-5.902757168E0,-8.463535309E-1
1.240940325E1,-2.995665550E0,-5.062115669E0,-6.290455461E-1
1.241941625E1,-3.329593182E0,-3.570574522E0,-3.481901884E-1
1.242942925E1,-3.548983097E0,-1.705395699E0,1.494121403E-1
1.243944225E1,-3.720747471E0,-9.784289449E-2,7.728506923E-1
1.244945625E1,-3.907837629E0,1.175791740E0,1.322385788E0
1.245946925E1,-4.226848602E0,2.141004086E0,1.660038471E0
1.246948225E1,-4.673050880E0,2.904644489E0,1.769475818E0
1.247949525E1,-5.150265217E0,3.634060383E0,1.786222100E0
1.248950925E1,-5.503338337E0,4.521071911E0,1.795316577E0
1.249952225E1,-5.700562000E0,5.410763264E0,1.757167101E0
1.250953525E1,-5.673597813E0,6.043642521E0,1.660336375E0
1.251954825E1,-5.317135334E0,6.616738319E0,1.543807626E0
1.252956125E1,-4.826064587E0,7.023970127E0,1.436213970E0
1.253957525E1,-4.317243576E0,7.141614437E0,1.391583323E0
1.254958825E1,-3.836575747E0,7.511568069E0,1.423645020E0
1.255960125E1,-3.435860395E0,7.841443062E0,1.566871405E0
1.256961425E1,-3.174626589E0,7.960094452E0,1.745303869E0
1.257962825E1,-2.979656696E0,8.029175758E0,1.954525232E0
1.258964125E1,-2.737352133E0,7.942916870E0,2.173614740E0
1.259965425E1,-2.564243793E0,7.540637016E0,2.359034777E0
1.260966725E1,-2.484460592E0,6.756135464E0,2.452682257E0
1.261968025E1,-2.349024773E0,5.467910290E0,2.371131659E0
1.262969425E1,-1.917569041E0,3.550297976E0,2.252379656E0
1.263970725E1,-1.331622958E0,1.432660818E0,2.066296577E0
1.264972025E1,-9.285557866E-1,-3.821372390E-1,1.800745130E0
1.265973325E1,-6.298630834E-1,-1.600615382E0,1.557036519E0
1.266974725E1,-4.148341417E-1,-1.933536172E0,1.588767409E0
1.267976025E1,-4.717155397E-1,-1.639734149E0,1.862972260E0
1.268977325E1,-6.800361276E-1,-1.265887022E0,2.233594656E0
1.269978625E1,-8.300817609E-1,-1.270409346E0,2.595729113E0
1.270979925E1,-8.551977873E-1,-1.828832507E0,2.901890516E0
1.271981325E1,-7.339465022E-1,-2.910999775E0,3.100505829E0
1.272982625E1,-3.833767474E-1,-4.426289082E0,3.239483118E0
1.273983925E1,9.049145877E-2,-5.768597126E0,3.327945709E0
1.274985225E1,4.658918381E-1,-6.590815067E0,3.268383265E0
1.275986625E1,7.685731649E-1,-6.506386757E0,2.969029427E0
1.276987925E1,9.608463645E-1,-5.293903351E0,2.526191711E0
1.277989225E1,9.113895893E-1,-3.522350788E0,2.122771025E0
1.278990525E1,7.035053372E-1,-2.218404055E0,1.734874725E0
1.279991825E1,6.390224695E-1,-1.866983414E0,1.355946302E0
1.280993225E1,6.801757216E-1,-2.053384781E0,9.920472503E-1
1.281994525E1,5.452722311E-1,-2.137350082E0,5.709381104E-1
1.282995825E1,3.357201815E-1,-1.747464299E0,1.646569818E-1
1.283997125E1,1.661708057E-1,-9.453066587E-1,-2.214907259E-1
1.284998425E1,1.731560752E-2,-3.843328729E-2,-6.770440340E-1
1.285999825E1,-1.049056351E-1,6.398234963E-1,-1.189804316E0
1.287001125E1,-2.684956789E-1,1.098408580E0,-1.798172593E0
1.288002425E1,-5.620409846E-1,1.349399567E0,-2.400849819E0
1.289003725E1,-9.606378675E-1,1.475339651E0,-2.882863760E0
1.290005125E1,-1.420625806E0,1.535250425E0,-3.210330963E0
1.291006425E1,-1.758665800E0,1.567501187E0,-3.342288494E0
1.292007725E1,-1.966244459E0,1.638390899E0,-3.273255348E0
1.293009025E1,-2.255028725E0,1.746338248E0,-3.210914135E0
1.294010188E1,-2.560631037E0,1.878589988E0,-3.334220171E0
1.295011587E1,-2.775610447E0,2.082052231E0,-3.588711977E0
1.296012888E1,-2.909909487E0,2.356084108E0,-3.874696493E0
1.297014188E1,-2.992127895E0,2.670537949E0,-4.171827793E0
1.298015488E1,-2.976362467E0,2.925175428E0,-4.364914894E0
1.299016887E1,-2.848876953E0,3.150483608E0,-4.356778622E0
1.300018187E1,-2.695229530E0,3.166142702E0,-4.242167473E0
1.301019487E1,-2.576867819E0,2.964468002E0,-4.087956905E0
1.302020787E1,-2.517746687E0,2.585530758E0,-3.897063494E0
1.303022087E1,-2.526296377E0,2.194215536E0,-3.681347847E0
1.304023488E1,-2.687007904E0,1.982847452E0,-3.437744856E0
1.305024788E1,-2.970823050E0,1.967514277E0,-3.168598890E0
1.306026088E1,-3.253240585E0,2.085958004E0,-2.840173721E0
1.307027387E1,-3.459331036E0,2.119544744E0,-2.449180365E0
1.308028687E1,-3.554980516E0,1.806398749E0,-2.063630581E0
1.309030088E1,-3.454895973E0,1.130113959E0,-1.621670604E0
1.310031388E1,-3.134727001E0,2.138934135E-1,-1.052013278E0
1.311032688E1,-2.682715416E0,-7.706716061E-1,-3.553758860E-1
1.312033988E1,-2.216189146E0,-1.605007410E0,4.037272930E-1
1.313035387E1,-1.795102835E0,-2.104126692E0,1.285652757E0
1.314036687E1,-1.464695334E0,-2.334296942E0,2.240423203E0
1.315037987E1,-1.242513537E0,-2.488815784E0,3.133417606E0
1.316039288E1,-1.174506068E0,-2.726245880E0,3.867218256E0
1.317040588E1,-1.271726966E0,-3.195601463E0,4.307586193E0
1.318041987E1,-1.328391314E0,-4.042864799E0,4.505536556E0
1.319043287E1,-1.170177341E0,-5.126814365E0,4.577992439E0
1.320044587E1,-1.003941774E0,-6.307816982E0,4.542225361E0
1.321045887E1,-9.889230728E-1,-7.325743675E0,4.603465557E0
1.322047187E1,-1.047794938E0,-7.578889370E0,4.837937832E0
1.323048588E1,-1.286746383E0,-6.795680523E0,5.027308941E0
1.324049888E1,-1.625107408E0,-5.518436909E0,4.914276123E0
1.325051188E1,-1.807375431E0,-4.405712128E0,4.462575912E0
1.326052487E1,-1.782539606E0,-3.533934593E0,3.756872654E0
1.327053888E1,-1.769998550E0,-3.087406397E0,2.835941792E0
1.328055188E1,-1.886968851E0,-2.816576719E0,1.674502134E0
1.329056488E1,-2.133111954E0,-2.451275110E0,5.489555001E-1
1.330057788E1,-2.490632534E0,-1.960855484E0,-3.638786376E-1
1.331059088E1,-2.898834229E0,-8.551355600E-1,-1.099651694E0
1.332060487E1,-3.198546410E0,5.607758164E-1,-1.707795262E0
1.333061787E1,-3.280965328E0,1.646149158E0,-2.217252254E0
1.334063087E1,-3.150699854E0,2.304041147E0,-2.643446922E0
1.335064388E1,-2.953309774E0,2.519073725E0,-2.965399504E0
1.336065688E1,-2.730203629E0,2.360190153E0,-3.254336357E0
1.337067087E1,-2.563591003E0,1.957635999E0,-3.536070585E0
1.338068387E1,-2.486335754E0,1.460841656E0,-3.801763058E0
1.339069687E1,-2.456606150E0,1.034046531E0,-4.040797710E0
1.340070987E1,-2.443201303E0,6.716355681E-1,-4.236256123E0
1.341072388E1,-2.402190208E0,3.290085495E-1,-4.370795727E0
1.342073688E1,-2.395380259E0,1.161796451E-1,-4.360161781E0
1.343074988E1,-2.484590530E0,2.715837061E-1,-4.182582378E0
1.344076288E1,-2.593078613E0,6.067577004E-1,-3.824155331E0
1.345077587E1,-2.653362513E0,9.344884157E-1,-3.405067682E0
1.346078988E1,-2.580582380E0,1.157002211E0,-3.003248692E0
1.347080288E1,-2.393018246E0,1.214330912E0,-2.653328657E0
1.348081588E1,-2.141413927E0,1.166742086E0,-2.395700693E0
1.349082888E1,-1.833632588E0,1.137284040E0,-2.186153173E0
1.350084188E1,-1.488463521E0,1.116939902E0,-1.919420004E0
1.351085587E1,-1.155008078E0,1.013108730E0,-1.544368386E0
1.352086887E1,-8.428369164E-1,8.161416054E-1,-1.085893393E0
1.353088187E1,-6.474790573E-1,5.717819333E-1,-5.733585358E-1
1.354089488E1,-5.558095574E-1,2.824792564E-1,-6.735898554E-3
1.355090888E1,-5.133340955E-1,-2.747408859E-2,6.200407147E-1
1.356092187E1,-4.858731329E-1,-3.760051727E-1,1.298050165E0
1.357093487E1,-5.633450747E-1,-6.835905910E-1,2.010714293E0
1.358094787E1,-7.986987233E-1,-8.820879459E-1,2.704526424E0
1.359096087E1,-1.040281415E0,-1.155822754E0,3.350675344E0
1.360097488E1,-1.235995293E0,-1.563292742E0,3.908903837E0
1.361098788E1,-1.342871785E0,-2.121432781E0,4.365256310E0
1.362100088E1,-1.290931582E0,-2.937473536E0,4.617285252E0
1.363101388E1,-1.240393519E0,-3.762347221E0,4.620671749E0
1.364102687E1,-1.364117026E0,-4.450448513E0,4.553414345E0
1.365104088E1,-1.694228768E0,-4.682369709E0,4.578449249E0
1.366105388E1,-2.162162304E0,-4.374091148E0,4.764474392E0
1.367106688E1,-2.676027775E0,-3.797423124E0,4.931761742E0
1.368107988E1,-3.022345066E0,-3.274589777E0,4.947628021E0
1.369109387E1,-3.062787533E0,-2.744753599E0,4.755091190E0
1.370110687E1,-2.948194027E0,-2.264132261E0,4.307583809E0
1.371111987E1,-2.775064707E0,-1.950175643E0,3.679931879E0
1.372113287E1,-2.517150402E0,-1.878008723E0,3.072588444E0
1.373114588E1,-2.345322371E0,-2.061368227E0,2.622228622E0
1.374115988E1,-2.367458820E0,-2.184337854E0,2.254991293E0
1.375117287E1,-2.591337681E0,-1.698998451E0,1.805700302E0
1.376118587E1,-2.917327404E0,-8.100813031E-1,1.167686582E0
1.377119887E1,-3.265207291E0,5.019681901E-2,3.754431605E-1
1.378121187E1,-3.528430939E0,6.455469728E-1,-4.088391364E-1
1.379122588E1,-3.657994747E0,8.959264159E-1,-1.023738623E0
1.380123888E1,-3.830360413E0,9.197180271E-1,-1.504961729E0
1.381125188E1,-4.015879154E0,1.111064315E0,-1.961860418E0
1.382126488E1,-4.146165371E0,1.226951241E0,-2.290189266E0
1.383127887E1,-4.146399021E0,1.212076426E0,-2.551583529E0
1.384129188E1,-4.046210289E0,1.210190654E0,-2.806493282E0
1.385130488E1,-3.913928747E0,1.291524053E0,-3.075483799E0
1.386131788E1,-3.807112217E0,1.459030747E0,-3.371340036E0
1.387133088E1,-3.704903126E0,1.723714113E0,-3.682697535E0
1.388134487E1,-3.609606028E0,1.874292493E0,-3.931735992E0
1.389135787E1,-3.408987045E0,1.902804017E0,-4.039037704E0
1.390137087E1,-3.015818357E0,1.764140725E0,-4.066761971E0
1.391138387E1,-2.538172722E0,1.456158638E0,-3.999415398E0
1.392139688E1,-2.019501448E0,1.138006806E0,-3.841726303E0
1.393141088E1,-1.505987287E0,1.358155966E0,-3.612119913E0
1.394142363E1,-1.117332816E0,2.067118406E0,-3.272499561E0
1.395143663E1,-7.903977633E-1,2.873644590E0,-2.906761169E0
1.396144962E1,-4.094275236E-1,3.487667084E0,-2.544495821E0
1.397146262E1,6.088632718E-2,3.722813606E0,-2.143493414E0
1.398147663E1,6.154400706E-1,3.496828794E0,-1.607454658E0
1.399148963E1,1.119527817E0,2.722717047E0,-9.230315685E-1
1.400150263E1,1.291432738E0,1.716518641E0,-6.526496261E-2
1.401151563E1,1.160989642E0,6.191100478E-1,1.032203197E0
1.402152962E1,8.446623087E-1,-5.371583104E-1,2.157873154E0
1.403154262E1,4.797071218E-1,-1.521339893E0,3.000455141E0
1.404155562E1,8.285859227E-2,-2.387445211E0,3.558153629E0
1.405156863E1,-3.084074259E-1,-3.063998461E0,3.808229208E0
1.406158163E1,-6.608524919E-1,-3.757241964E0,3.816783905E0
1.407159562E1,-8.869728446E-1,-4.443736076E0,3.821275949E0
1.408160862E1,-9.081172943E-1,-4.812617779E0,3.889675856E0
1.409162162E1,-8.800016046E-1,-4.799368858E0,3.925145388E0
1.410163462E1,-9.890436530E-1,-4.438133717E0,3.755578041E0
1.411164762E1,-1.191576838E0,-3.811437607E0,3.311842203E0
1.412166163E1,-1.306030750E0,-3.257616997E0,2.645406246E0
1.413167463E1,-1.345656872E0,-2.829688787E0,1.897080064E0
1.414168763E1,-1.396528840E0,-2.273748159E0,1.079836607E0
1.415170062E1,-1.694776297E0,-1.522995830E0,1.740589142E-1
1.416171362E1,-2.338347435E0,-6.726458669E-1,-7.127601504E-1
1.417172763E1,-3.063206434E0,1.276596785E-1,-1.502126813E0
1.418174063E1,-3.621181250E0,6.760823131E-1,-2.104357004E0
1.419175363E1,-3.791696310E0,7.587349415E-1,-2.477073669E0
1.420176663E1,-3.637024403E0,5.167742372E-1,-2.716259480E0
1.421178062E1,-3.254951000E0,3.635003865E-1,-2.882398844E0
1.422179362E1,-2.744240046E0,5.273113847E-1,-2.972617149E0
1.423180662E1,-2.164249659E0,9.053199291E-1,-2.999147177E0
1.424181963E1,-1.472823739E0,1.448075175E0,-2.969995022E0
1.425183263E1,-8.222882152E-1,2.047410250E0,-2.958339930E0
1.426184662E1,-4.386323988E-1,2.441565990E0,-2.943665504E0
1.427185962E1,-1.737553477E-1,2.499441862E0,-2.790424824E0
1.428187262E1,1.430289894E-1,2.285007238E0,-2.489897728E0
1.429188562E1,4.368613958E-1,1.778080344E0,-2.060072660E0
1.430189862E1,5.983173847E-1,1.187976003E0,-1.454817891E0
1.431191263E1,6.716623902E-1,5.885352492E-1,-6.988621354E-1
1.432192563E1,7.371537685E-1,5.269501358E-2,6.791360676E-2
1.433193863E1,7.778715491E-1,-4.269271791E-1,7.479064465E-1
1.434195162E1,7.429835796E-1,-1.027420163E0,1.464105725E0
1.435196462E1,5.063439012E-1,-1.650507212E0,2.074578524E0
1.436197863E1,1.030150801E-1,-2.260448694E0,2.512318134E0
1.437199163E1,-3.084331751E-1,-2.797816515E0,2.831382275E0
1.438200463E1,-6.832022667E-1,-3.162746191E0,3.070648909E0
1.439201763E1,-1.062879562E0,-3.474323750E0,3.222538710E0
1.440203063E1,-1.395132542E0,-3.793969154E0,3.244913340E0
1.441204462E1,-1.685321927E0,-3.838231325E0,3.122556925E0
1.442205762E1,-1.921097636E0,-3.675100327E0,2.926913977E0
1.443207063E1,-2.250475645E0,-3.736466169E0,2.811051369E0
1.444208363E1,-2.532668591E0,-4.013717651E0,2.751236677E0
1.445209762E1,-2.695038557E0,-4.457250595E0,2.603556871E0
1.446211062E1,-2.745866537E0,-4.956672192E0,2.402961969E0
1.447212362E1,-2.727613211E0,-5.072571278E0,2.176724911E0
1.448213662E1,-2.745395660E0,-4.825760365E0,1.984493494E0
1.449214962E1,-2.801796198E0,-4.467298031E0,1.755875587E0
1.450216363E1,-2.820106506E0,-4.090520859E0,1.525050879E0
1.451217663E1,-2.842160463E0,-3.664505005E0,1.286630392E0
1.452218963E1,-3.032695055E0,-3.003059626E0,8.559051156E-1
1.453220262E1,-3.304169416E0,-2.159656286E0,2.246150076E-1
1.454221562E1,-3.529559374E0,-1.180313945E0,-5.480924249E-1
1.455222963E1,-3.677680254E0,-3.148100153E-2,-1.381947994E0
1.456224263E1,-3.755838394E0,1.259613276E0,-2.176212788E0
1.457225563E1,-3.789370537E0,2.534569979E0,-2.877820253E0
1.458226863E1,-3.750760078E0,3.529010057E0,-3.438096762E0
1.459228163E1,-3.617381811E0,4.339720726E0,-3.870226622E0
1.460229562E1,-3.374195576E0,5.068995476E0,-4.224616528E0
1.461230862E1,-3.067953825E0,5.783092022E0,-4.594171047E0
1.462232163E1,-2.852271557E0,6.379606247E0,-5.105710983E0
1.463233463E1,-2.719672203E0,7.026096821E0,-5.786191463E0
1.464234763E1,-2.607684135E0,7.957544804E0,-6.381136894E0
1.465236162E1,-2.399388075E0,8.988804817E0,-6.738756657E0
1.466237462E1,-2.146938801E0,9.941708565E0,-6.821434498E0
1.467238762E1,-1.935781956E0,1.050620556E1,-6.553579807E0
1.468240062E1,-1.691292644E0,1.044651318E1,-6.008472919E0
1.469241362E1,-1.355759025E0,9.715312958E0,-5.420377731E0
1.470242763E1,-9.847223163E-1,8.601728439E0,-4.959227562E0
1.471244063E1,-7.224250436E-1,7.610639095E0,-4.780395031E0
1.472245362E1,-6.600194573E-1,6.982187271E0,-5.036753654E0
1.473246662E1,-7.029954195E-1,6.838540077E0,-5.558923244E0
1.474248063E1,-7.097625136E-1,7.181075573E0,-5.979393482E0
1.475249363E1,-4.507771432E-1,7.689694405E0,-6.103576183E0
1.476250663E1,1.989689022E-1,8.087650299E0,-5.815149307E0
1.477251963E1,1.109234929E0,7.988977432E0,-5.149565697E0
1.478253263E1,2.046664000E0,7.594815254E0,-4.282012463E0
1.479254662E1,2.773662567E0,7.252079487E0,-3.319334030E0
1.480255962E1,3.117035389E0,7.082116127E0,-2.462177992E0
1.481257263E1,3.213670731E0,6.945815086E0,-1.827684164E0
1.482258563E1,3.300651550E0,6.857238293E0,-1.422208905E0
1.483259863E1,3.404919624E0,6.720966816E0,-1.187669039E0
1.484261262E1,3.474345207E0,6.454847813E0,-1.098153472E0
1.485262562E1,3.461915970E0,6.243549347E0,-1.073982120E0
1.486263862E1,3.292230368E0,6.246255875E0,-1.025963187E0
1.487265162E1,2.994338989E0,6.360059738E0,-8.870394230E-1
1.488266462E1,2.668183327E0,6.436679363E0,-6.268749833E-1
1.489267863E1,2.418193579E0,6.345778465E0,-3.735272586E-1
1.490269163E1,2.309256315E0,6.112167358E0,-1.617180556E-1
1.491270462E1,2.295955658E0,5.831659794E0,1.310988665E-1
1.492271762E1,2.303887129E0,5.631299019E0,5.519107580E-1
1.493273062E1,2.204381943E0,5.425423622E0,1.075482607E0
1.494274467E1,1.968986869E0,5.166566849E0,1.678825498E0
1.495275767E1,1.746823907E0,4.950746059E0,2.330121994E0
1.496277067E1,1.595199227E0,4.769169807E0,2.884581089E0
1.497278367E1,1.478708863E0,4.615356445E0,3.230690002E0
1.498279667E1,1.354067326E0,4.398880482E0,3.381841183E0
1.499281067E1,1.213424087E0,4.259863853E0,3.374195337E0
1.500282367E1,1.062612414E0,4.358692169E0,3.358564615E0
1.501283667E1,9.163551927E-1,4.507406712E0,3.465575457E0
1.502284967E1,8.563709855E-1,4.521727562E0,3.821381569E0
1.503286367E1,8.529997468E-1,4.570549965E0,4.459643841E0
1.504287667E1,8.367110491E-1,4.318784237E0,5.092707157E0
1.505288967E1,7.818312049E-1,3.654546976E0,5.526319504E0
1.506290267E1,6.589185596E-1,2.922343969E0,5.866096497E0
1.507291567E1,6.171114445E-1,2.266842365E0,6.097676754E0
1.508292967E1,4.864180982E-1,1.637601376E0,6.268787861E0
1.509294267E1,1.210986674E-1,8.697364926E-1,6.604026794E0
1.510295567E1,-1.714085639E-1,-2.370929718E-1,7.066497326E0
1.511296867E1,-1.376510412E-1,-1.283695817E0,7.475331783E0
1.512298167E1,1.201842353E-1,-1.774514556E0,7.902307510E0
1.513299567E1,4.319391549E-1,-1.374389887E0,8.286695480E0
1.514300867E1,5.184224248E-1,-3.107440770E-1,8.543636322E0
1.515302167E1,3.495761752E-1,6.137835979E-1,8.828187943E0
1.516303467E1,1.869947016E-1,5.324429274E-1,9.252321243E0
1.517304767E1,2.894134223E-1,-9.996579885E-1,9.651254654E0
1.518306167E1,9.043216705E-1,-3.175161123E0,1.006197071E1
1.519307467E1,2.019205570E0,-5.033003807E0,1.015279675E1
1.520308767E1,3.053680897E0,-5.997359276E0,9.965125084E0
1.521310067E1,3.399510860E0,-5.187838078E0,9.615862846E0
1.522311367E1,2.889975786E0,-3.022635460E0,9.125697136E0
1.523312767E1,1.820261121E0,-1.101489782E0,8.581534386E0
1.524314067E1,8.837869167E-1,-4.285542071E-1,8.125798225E0
1.525315367E1,6.219720244E-1,-8.758704066E-1,7.801858425E0
1.526316667E1,7.871122360E-1,-1.837830782E0,7.524832249E0
1.527317967E1,1.005889654E0,-2.594200134E0,7.276138783E0
1.528319367E1,1.073909760E0,-2.770846128E0,6.899764061E0
1.529320667E1,8.184842467E-1,-2.251900911E0,6.314945698E0
1.530321967E1,3.364646435E-1,-1.152085304E0,5.523777008E0
1.531323267E1,-2.694526017E-1,-8.525292575E-2,4.574279308E0
1.532324567E1,-8.425635099E-1,7.404457927E-1,3.586838961E0
1.533325967E1,-1.353693008E0,1.377339363E0,2.636083364E0
1.534327267E1,-1.966755629E0,1.665686011E0,1.722536564E0
1.535328567E1,-2.562355518E0,1.596400619E0,9.358718395E-1
1.536329867E1,-3.144204855E0,1.554186583E0,2.260826379E-1
1.537331167E1,-3.772414684E0,1.918574214E0,-4.312167168E-1
1.538332567E1,-4.484018803E0,2.452944279E0,-1.048495650E0
1.539333867E1,-5.206253529E0,2.960096359E0,-1.731534481E0
1.540335167E1,-5.855269909E0,3.269493341E0,-2.393574953E0
1.541336467E1,-6.385964870E0,3.347887039E0,-2.946885586E0
1.542337767E1,-6.865331173E0,3.361922503E0,-3.493967295E0
1.543339167E1,-7.369441032E0,3.382737875E0,-4.117517471E0
1.544340467E1,-7.845192909E0,3.491023540E0,-4.807200432E0
1.545341767E1,-8.304310799E0,3.757694006E0,-5.459084511E0
1.546343067E1,-8.703867912E0,4.157803535E0,-6.010316372E0
1.547344367E1,-8.947154045E0,4.589244366E0,-6.441255093E0
1.548345767E1,-9.044281006E0,4.900868893E0,-6.719964027E0
1.549347067E1,-9.026561737E0,5.081106186E0,-6.929474831E0
1.550348367E1,-8.710668564E0,5.007904053E0,-6.975667953E0
1.551349667E1,-8.251905441E0,4.775378704E0,-6.872159004E0
1.552350967E1,-7.768591404E0,4.460372925E0,-6.531666279E0
1.553352367E1,-7.284050941E0,4.155256748E0,-6.014279366E0
1.554353667E1,-6.775638103E0,3.750102282E0,-5.412776947E0
1.555354967E1,-6.283778191E0,3.209518909E0,-4.835097313E0
1.556356267E1,-5.834834099E0,2.647452116E0,-4.293067932E0
1.557357567E1,-5.352699280E0,2.119350195E0,-3.811507225E0
1.558358967E1,-4.768474579E0,1.333955884E0,-3.246516705E0
1.559360267E1,-4.193683147E0,4.693576992E-1,-2.552239895E0
1.560361567E1,-3.636808157E0,-3.180311620E-1,-1.662603021E0
1.561362867E1,-3.016891718E0,-9.664731026E-1,-4.957064092E-1
1.562364167E1,-2.247431993E0,-1.530755997E0,1.018399715E0
1.563365567E1,-1.166066527E0,-2.245029449E0,2.857558012E0
1.564366867E1,1.758262664E-1,-3.108086348E0,4.882471085E0
1.565368167E1,1.563945174E0,-3.885229111E0,6.767479897E0
1.566369467E1,2.852627039E0,-4.529727936E0,8.123523712E0
1.567370767E1,4.160596371E0,-5.075839996E0,8.954025269E0
1.568372167E1,5.275117397E0,-5.640520573E0,9.010249138E0
1.569373467E1,5.625976562E0,-6.580402374E0,8.232011795E0
1.570374767E1,5.039084435E0,-7.647264957E0,7.393122196E0
1.571376067E1,4.206913948E0,-8.135103226E0,7.173240185E0
1.572377367E1,3.381670952E0,-7.563242435E0,7.420270920E0
1.573378767E1,2.530623198E0,-6.442954063E0,7.617257118E0
1.574380067E1,2.075446129E0,-5.097566128E0,7.531508446E0
1.575381367E1,2.052657843E0,-4.066924095E0,7.205622673E0
1.576382667E1,2.173024416E0,-3.844325066E0,6.874609947E0
1.577383967E1,2.442228079E0,-4.300985336E0,6.752850533E0
1.578385367E1,2.734388351E0,-5.046164513E0,6.728391171E0
1.579386667E1,2.868463993E0,-5.719994545E0,6.767104149E0
1.580387967E1,2.697655439E0,-5.395633698E0,6.588831425E0
1.581389267E1,2.079394341E0,-3.822056770E0,6.009478092E0
1.582390567E1,1.026393175E0,-2.305988789E0,5.147315979E0
1.583391967E1,-2.710094750E-1,-8.596128821E-1,3.920238733E0
1.584393267E1,-1.747464418E0,3.269383311E-1,2.451767445E0
1.585394567E1,-3.113326550E0,9.657840133E-1,1.009136796E0
1.586395867E1,-4.218316078E0,1.296369672E0,-2.943036258E-1
1.587397167E1,-5.080687523E0,1.562070847E0,-1.413551450E0
1.588398567E1,-5.841086388E0,1.731614351E0,-2.317854881E0
1.589399867E1,-6.478761673E0,1.871044159E0,-2.976834774E0
1.590401167E1,-6.934791565E0,2.197825909E0,-3.472972631E0
1.591402467E1,-7.188141823E0,2.888701439E0,-3.945724726E0
1.592403767E1,-7.323460102E0,3.667261124E0,-4.389782429E0
1.593405167E1,-7.427301884E0,4.268686771E0,-4.767877102E0
1.594406592E1,-7.484305382E0,4.678399563E0,-5.087196350E0
1.595407892E1,-7.510558128E0,4.896384239E0,-5.296804428E0
1.596409192E1,-7.471813202E0,4.805931091E0,-5.249715328E0
1.597410492E1,-7.363649845E0,4.536148071E0,-4.975611687E0
1.598411892E1,-7.009087086E0,4.143832684E0,-4.442450047E0
1.599413192E1,-6.362260342E0,3.603353262E0,-3.752047539E0
1.600414492E1,-5.705268383E0,2.861942053E0,-2.979704618E0
1.601415792E1,-5.062361717E0,2.022896767E0,-2.173855782E0
1.602417092E1,-4.321907043E0,1.187791824E0,-1.308257818E0
1.603418492E1,-3.397821188E0,3.676278293E-1,-3.335904181E-1
1.604419792E1,-2.315480232E0,-3.398366570E-1,6.755859852E-1
1.605421092E1,-1.185045481E0,-8.680254221E-1,1.659857988E0
1.606422392E1,-1.522647291E-1,-1.177814007E0,2.571783304E0
1.607423692E1,7.173354030E-1,-1.405713439E0,3.424575567E0
1.608425092E1,1.475876689E0,-1.671205044E0,4.280484676E0
1.609426392E1,2.138799429E0,-2.066616058E0,5.168272972E0
1.610427692E1,2.867534637E0,-2.726883411E0,5.966577530E0
1.611428992E1,3.612474680E0,-3.555109501E0,6.409922600E0
1.612430292E1,4.158237934E0,-4.288856506E0,6.530957699E0
1.613431692E1,4.340463638E0,-4.577843189E0,6.431231022E0
1.614432992E1,4.144318104E0,-4.248537540E0,6.277828693E0
1.615434292E1,3.516599894E0,-3.436341524E0,6.261842728E0
1.616435592E1,2.639815092E0,-2.473381758E0,6.353535652E0
1.617436892E1,1.900490165E0,-1.874352574E0,6.444934845E0
1.618438292E1,1.522472262E0,-2.032903910E0,6.464254856E0
1.619439592E1,1.415690660E0,-2.650543690E0,6.304916382E0
1.620440892E1,1.272372365E0,-2.997803926E0,5.845057964E0
1.621442192E1,9.682480693E-1,-2.708133698E0,5.182396889E0
1.622443492E1,5.091337562E-1,-1.904911518E0,4.443483829E0
1.623444892E1,-8.997958153E-2,-9.224468470E-1,3.687680960E0
1.624446192E1,-6.423085332E-1,-3.589917719E-1,2.958235264E0
1.625447492E1,-1.199018717E0,-3.868437707E-1,2.293837786E0
1.626448792E1,-1.967433095E0,-4.560934007E-1,1.520254731E0
1.627450092E1,-2.906260014E0,-5.682100542E-3,5.565191507E-1
1.628451492E1,-4.005061626E0,7.239422798E-1,-5.101530552E-1
1.629452792E1,-5.031535149E0,1.693928838E0,-1.663265467E0
1.630454092E1,-5.858952522E0,2.759068012E0,-2.823457003E0
1.631455392E1,-6.450590611E0,3.683769226E0,-3.831677437E0
1.632456692E1,-6.826871872E0,4.407542706E0,-4.610582829E0
1.633458092E1,-7.000240326E0,4.974232197E0,-5.163402081E0
1.634459392E1,-6.977748871E0,5.389588833E0,-5.547296047E0
1.635460692E1,-6.744631767E0,5.575270653E0,-5.797739029E0
1.636461992E1,-6.350350380E0,5.419964790E0,-5.811843395E0
1.637463292E1,-5.904496193E0,4.900939941E0,-5.597793579E0
1.638464692E1,-5.490274429E0,4.189441681E0,-5.219408989E0
1.639465992E1,-5.147103310E0,3.387292862E0,-4.671580791E0
1.640467292E1,-4.804344177E0,2.491797686E0,-3.909575224E0
1.641468592E1,-4.379707813E0,1.527348757E0,-2.945383787E0
1.642469892E1,-3.846752405E0,5.324391723E-1,-1.812288165E0
1.643471292E1,-3.132919312E0,-5.350415707E-1,-5.615859032E-1
1.644472592E1,-2.223087311E0,-1.661284924E0,7.649141550E-1
1.645473892E1,-1.246933937E0,-2.415021420E0,2.021280766E0
1.646475192E1,-4.350208044E-1,-2.733278513E0,3.154931545E0
1.647476492E1,1.294752806E-1,-2.928338528E0,4.101261139E0
1.648477892E1,6.398482919E-1,-3.158650398E0,4.839403629E0
1.649479192E1,1.227513433E0,-3.686799526E0,5.324044704E0
1.650480492E1,1.899116397E0,-4.578543186E0,5.621086121E0
1.651481792E1,2.642114401E0,-5.447560310E0,5.886884689E0
1.652483092E1,3.365470171E0,-5.616628170E0,6.014243126E0
1.653484492E1,3.640240669E0,-4.977792263E0,6.144819736E0
1.654485792E1,3.296591520E0,-3.902646780E0,6.328173637E0
1.655487092E1,2.562874794E0,-2.773490191E0,6.345645905E0
1.656488392E1,1.800532818E0,-2.050938606E0,6.090369225E0
1.657489692E1,1.194882154E0,-1.797237277E0,5.598125458E0
1.658490992E1,8.664937019E-1,-2.055931807E0,4.883916855E0
1.659492392E1,6.484175920E-1,-2.560464621E0,4.021573544E0
1.660493692E1,3.760135546E-2,-2.607841969E0,3.030685186E0
1.661494992E1,-1.157318950E0,-1.935279012E0,1.911546946E0
1.662496292E1,-2.705716133E0,-1.058751822E0,8.530396819E-1
1.663497592E1,-4.092797279E0,-1.630523056E-1,-8.036326617E-2
1.664498992E1,-4.898650646E0,9.186699390E-1,-9.525314569E-1
1.665500292E1,-5.369520664E0,1.915174723E0,-1.746652484E0
1.666501592E1,-5.673984051E0,2.570106506E0,-2.346147776E0
1.667502892E1,-5.742164612E0,3.092602968E0,-2.706455708E0
1.668504192E1,-5.529337883E0,3.474085093E0,-2.825502634E0
1.669505592E1,-5.088840008E0,3.592283487E0,-2.767281771E0
1.670506892E1,-4.549779415E0,3.335543871E0,-2.583796978E0
1.671508192E1,-4.024506569E0,2.764683723E0,-2.270340919E0
1.672509492E1,-3.527254105E0,2.014790058E0,-1.785594225E0
1.673510792E1,-3.091961622E0,1.206563473E0,-1.163811803E0
1.674512192E1,-2.648919106E0,3.624614477E-1,-4.122059345E-1
1.675513492E1,-2.146148682E0,-5.121537447E-1,4.783827066E-1
1.676514792E1,-1.575552106E0,-1.426461339E0,1.451189995E0
1.677516092E1,-9.253354073E-1,-2.208150864E0,2.436304331E0
1.678517392E1,-2.492325306E-1,-2.869738579E0,3.449601412E0
1.679518792E1,4.852926433E-1,-3.395174503E0,4.425014496E0
1.680520092E1,1.230287671E0,-3.555194139E0,5.298241138E0
1.681521392E1,1.927034736E0,-3.357092381E0,5.864181042E0
1.682522692E1,2.506588459E0,-3.143322706E0,6.041017532E0
1.683523992E1,2.983509064E0,-2.980618477E0,5.973964214E0
1.684525392E1,3.309328079E0,-2.603714228E0,5.724147797E0
1.685526692E1,3.167849064E0,-2.190711260E0,5.320089817E0
1.686527992E1,2.333287954E0,-1.980716228E0,4.907356262E0
1.687529292E1,1.015267491E0,-1.717510462E0,4.477317810E0
1.688530592E1,-3.846012652E-1,-1.165963411E0,3.901396513E0
1.689531892E1,-1.395384908E0,-6.757832170E-1,3.245546818E0
1.690533292E1,-1.882613420E0,-4.288615882E-1,2.619221210E0
1.691534592E1,-2.024267197E0,-5.165607929E-1,2.085079670E0
1.692535892E1,-1.977763891E0,-9.086793065E-1,1.650535226E0
1.693537192E1,-1.860071301E0,-1.428303003E0,1.386702061E0
1.694538379E1,-1.949950337E0,-1.562837958E0,1.361526847E0
1.695539779E1,-2.555396557E0,-1.946790576E0,1.624312520E0
1.696541079E1,-3.080858231E0,-1.973682046E0,2.001819372E0
1.697542379E1,-3.323547840E0,-1.575302958E0,2.328334808E0
1.698543679E1,-3.465932608E0,-1.178207278E0,2.569409609E0
1.699544979E1,-3.495147467E0,-1.015512466E0,2.701788664E0
1.700546379E1,-3.364488363E0,-1.144074917E0,2.802224398E0
1.701547679E1,-3.103275537E0,-1.465243459E0,2.963729858E0
1.702548979E1,-2.795292854E0,-1.910262942E0,3.208293915E0
1.703550279E1,-2.457849503E0,-2.370719671E0,3.476089954E0
1.704551579E1,-2.080554724E0,-2.691487312E0,3.794693232E0
1.705552979E1,-1.632550120E0,-2.844171524E0,4.077890396E0
1.706554279E1,-1.109495521E0,-2.777839661E0,4.294025898E0
1.707555579E1,-7.201305032E-1,-2.356625795E0,4.482653141E0
1.708556879E1,-5.764667988E-1,-1.888747334E0,4.511303902E0
1.709558179E1,-5.483857393E-1,-1.357668281E0,4.390517712E0
1.710559579E1,-6.240059733E-1,-8.332250714E-1,4.125708580E0
1.711560879E1,-9.365563989E-1,-5.426551104E-1,3.679540157E0
1.712562179E1,-1.468589187E0,-1.828244925E-1,3.092118263E0
1.713563479E1,-1.997379780E0,2.290607840E-1,2.571836710E0
1.714564779E1,-2.409339190E0,5.234704018E-1,2.088876963E0
1.715566079E1,-2.657390118E0,6.967515349E-1,1.627031565E0
1.716567479E1,-2.828329325E0,8.672335148E-1,1.220987201E0
1.717568779E1,-2.988890886E0,8.053380847E-1,8.975873590E-1
1.718570079E1,-3.107023478E0,6.045831442E-1,6.217321157E-1
1.719571379E1,-3.345114231E0,4.112360477E-1,3.995995224E-1
1.720572679E1,-3.651811361E0,2.166239619E-1,1.455381960E-1
1.721574079E1,-3.906467915E0,5.657205731E-2,-5.242881551E-2
1.722575379E1,-4.339257240E0,2.810387313E-1,-1.051844358E-1
1.723576679E1,-5.073791981E0,2.347271889E-1,-3.358605504E-2
1.724577979E1,-6.099683285E0,4.680975974E-1,-1.825382560E-1
1.725579279E1,-6.804559231E0,9.359208345E-1,-2.191055715E-1
1.726580679E1,-7.046943188E0,1.443361640E0,-1.313149929E-1
1.727581979E1,-6.961722374E0,1.742360115E0,-5.885067582E-2
1.728583279E1,-6.750185966E0,1.764139652E0,2.313713357E-2
1.729584579E1,-6.544097424E0,1.493250966E0,4.537388682E-2
1.730585879E1,-6.334535599E0,1.295769572E0,-2.293566056E-2
1.731587279E1,-6.133081436E0,1.290986180E0,-1.270709932E-1
1.732588579E1,-5.993788719E0,1.559107900E0,-2.267730981E-1
1.733589879E1,-5.828328609E0,2.073188782E0,-2.435104698E-1
1.734591179E1,-5.594072819E0,2.827821255E0,-1.739052832E-1
1.735592479E1,-5.281650066E0,3.763013601E0,-9.821741283E-2
1.736593879E1,-4.776916504E0,4.648742199E0,4.444572330E-2
1.737595179E1,-4.050718784E0,5.386394024E0,2.961156368E-1
1.738596479E1,-3.232165337E0,6.103439331E0,5.502979159E-1
1.739597779E1,-2.454774857E0,6.900657177E0,6.097378731E-1
1.740599079E1,-1.869534254E0,7.608593464E0,3.969219923E-1
1.741600379E1,-1.565748096E0,8.144584656E0,5.145210773E-2
1.742601779E1,-1.460129261E0,8.568313599E0,-3.697707653E-1
1.743603079E1,-1.337557912E0,8.940386772E0,-8.067225814E-1
1.744604379E1,-1.006810308E0,9.129379272E0,-1.164778709E0
1.745605679E1,-4.879540205E-1,8.866271019E0,-1.387545705E0
1.746606979E1,1.440662742E-1,8.171063423E0,-1.467332244E0
1.747608379E1,7.442851067E-1,7.347469330E0,-1.508449793E0
1.748609679E1,1.198661447E0,6.717897892E0,-1.625397444E0
1.749610979E1,1.423110843E0,6.386735916E0,-1.869647145E0
1.750612279E1,1.395601749E0,6.249565601E0,-2.191392660E0
1.751613579E1,1.197841287E0,6.035046101E0,-2.437651634E0
1.752614979E1,1.062502623E0,5.764747143E0,-2.571712494E0
1.753616279E1,1.125696778E0,5.541786194E0,-2.509676695E0
1.754617579E1,1.211055636E0,5.505960941E0,-2.225130796E0
1.755618879E1,1.169631481E0,5.950278759E0,-1.888704419E0
1.756620179E1,9.893733263E-1,6.888887405E0,-1.547149777E0
1.757621479E1,6.850119233E-1,8.028280258E0,-1.193582177E0
1.758622879E1,3.589092195E-1,8.759370804E0,-9.158552885E-1
1.759624179E1,1.360352039E-1,8.907505989E0,-7.469465733E-1
1.760625479E1,-1.675249543E-3,8.479855537E0,-6.129618883E-1
1.761626779E1,-1.226275638E-1,7.608961105E0,-5.121152401E-1
1.762628079E1,-2.409696579E-1,6.753498077E0,-4.697337151E-1
1.763629479E1,-3.348447680E-1,5.809225082E0,-4.362361431E-1
1.764630779E1,-3.054445088E-1,5.178238392E0,-3.053031862E-1
1.765632079E1,-1.054567173E-1,4.823296070E0,-1.408257037E-1
1.766633379E1,1.672937721E-2,4.963964462E0,-1.585421264E-1
1.767634679E1,4.391523451E-2,5.156867027E0,-2.102575004E-1
1.768636079E1,-4.634914920E-2,5.160617352E0,-2.226947248E-1
1.769637379E1,-1.433288604E-1,5.003786087E0,-2.135328650E-1
1.770638679E1,-2.311764210E-1,4.670162201E0,-1.751492471E-1
1.771639979E1,-4.644758403E-1,4.274150848E0,-2.972021140E-2
1.772641279E1,-5.939062238E-1,3.717811346E0,2.696891427E-1
1.773642679E1,-5.628564358E-1,3.774900913E0,4.818229675E-1
1.774643979E1,-4.436901212E-1,3.999372482E0,4.776135683E-1
1.775645279E1,-4.327684641E-1,4.273784161E0,2.567989230E-1
1.776646579E1,-5.010186434E-1,4.289566517E0,6.495518982E-2
1.777647879E1,-6.506363750E-1,4.067462444E0,-1.159180887E-2
1.778649179E1,-9.216247201E-1,3.588639498E0,1.558011770E-1
1.779650579E1,-1.121750951E0,2.880739927E0,6.122435927E-1
1.780651879E1,-1.036186457E0,2.279542923E0,1.062741995E0
1.781653179E1,-7.393241525E-1,2.002835274E0,1.228681207E0
1.782654479E1,-3.567275405E-1,2.028884172E0,1.124538302E0
1.783655779E1,5.692217499E-3,2.114825249E0,9.003091455E-1
1.784657179E1,2.090788931E-1,2.502021790E0,7.088238597E-1
1.785658479E1,3.166037798E-1,2.418564796E0,6.362597346E-1
1.786659779E1,2.141037732E-1,2.144025087E0,5.936238766E-1
1.787661079E1,2.866478870E-3,1.706411362E0,6.306298375E-1
1.788662379E1,-1.044091135E-1,1.227598429E0,6.868784428E-1
1.789663679E1,-2.702843212E-2,9.109294415E-1,6.618875861E-1
1.790665079E1,-9.318144992E-3,1.043300033E0,5.882905722E-1
1.791666379E1,-1.660565287E-1,1.485606432E0,5.505248904E-1
1.792667679E1,-4.480592012E-1,1.855731845E0,5.405300260E-1
1.793668979E1,-4.804778993E-1,2.853312492E0,2.394388318E-1
1.794670250E1,-7.087361217E-1,3.049778700E0,9.560683370E-2
1.795671650E1,-1.081037641E0,2.372802973E0,1.324650198E-1
1.796672950E1,-1.143448234E0,1.499800086E0,2.460946441E-1
1.797674250E1,-9.154049754E-1,1.043865561E0,3.941692114E-1
1.798675550E1,-6.233773828E-1,9.849964976E-1,5.338264704E-1
1.799676850E1,-3.252254128E-1,1.044507861E0,7.041163445E-1
1.800678250E1,-5.771033838E-2,1.048893213E0,8.067625761E-1
1.801679550E1,1.726087034E-1,1.008746505E0,8.157902360E-1
1.802680850E1,3.470598757E-1,9.546979666E-1,9.447772503E-1
1.803682150E1,4.185067713E-1,8.900852203E-1,1.076140761E0
1.804683450E1,4.719798565E-1,7.766207457E-1,1.133509755E0
1.805684750E1,4.641746283E-1,7.863909006E-1,1.066420436E0
1.806686150E1,4.093611836E-1,8.488313556E-1,9.364835024E-1
1.807687450E1,3.165444732E-1,9.351523519E-1,7.844526768E-1
1.808688750E1,1.191477627E-1,1.052493691E0,6.474127769E-1
1.809690050E1,-2.267370820E-1,1.114224315E0,5.850197077E-1
1.810691350E1,-5.831623077E-1,8.937856555E-1,6.829539537E-1
1.811692750E1,-8.082495332E-1,5.830068588E-1,8.375660777E-1
1.812694050E1,-7.954322696E-1,4.872739315E-1,9.426704049E-1
1.813695350E1,-6.016427279E-1,4.928135276E-1,1.027619720E0
1.814696650E1,-4.246778488E-1,5.682039261E-1,1.080519438E0
1.815697950E1,-4.060367942E-1,6.720785499E-1,1.078130007E0
1.816699350E1,-5.065013766E-1,7.411282063E-1,1.030287862E0
1.817700650E1,-6.385742426E-1,6.500318050E-1,8.994594812E-1
1.818701950E1,-7.422606945E-1,5.390560031E-1,7.094860673E-1
1.819703250E1,-7.390365005E-1,5.307351351E-1,5.724318027E-1
1.820704550E1,-6.247922182E-1,4.688925147E-1,4.998801053E-1
1.821705850E1,-4.791745245E-1,3.925908804E-1,4.744307101E-1
1.822707250E1,-3.993457556E-1,3.861574829E-1,4.796467721E-1
1.823708550E1,-3.626141548E-1,3.634724021E-1,5.028324127E-1
1.824709850E1,-3.309710026E-1,3.181020021E-1,5.199471712E-1
1.825711150E1,-2.867414951E-1,3.571493030E-1,4.888393879E-1
1.826712450E1,-2.333973199E-1,3.831907809E-1,4.531008303E-1
1.827713850E1,-1.788648963E-1,3.144913614E-1,4.631381631E-1
1.828715150E1,-1.287356913E-1,1.851624101E-1,5.266207457E-1
1.829716450E1,-4.886857048E-2,1.391286254E-1,5.724543929E-1
1.830717750E1,1.797330938E-2,2.068924904E-1,5.554682016E-1
1.831719050E1,3.410868719E-2,2.861712277E-1,4.909861386E-1
1.832720450E1,3.094085492E-2,3.725330234E-1,3.972473741E-1
1.833721750E1,5.594100431E-2,4.022054076E-1,2.906708419E-1
1.834723050E1,9.365803003E-2,3.282099962E-1,1.997041851E-1
1.835724350E1,1.353244036E-1,1.967014670E-1,1.431902051E-1
1.836725650E1,1.914052516E-1,4.208552837E-2,1.503735483E-1
1.837726950E1,2.490196079E-1,-1.057357788E-1,2.087386250E-1
1.838728350E1,2.843450904E-1,-2.046647519E-1,2.719559371E-1
1.839729650E1,2.657645941E-1,-2.036332339E-1,3.199899197E-1
1.840730950E1,1.939212978E-1,-8.315901458E-2,3.531888723E-1
1.841732250E1,8.430587500E-2,1.088177413E-1,3.564939499E-1
1.842733550E1,-4.708729684E-2,2.942150533E-1,3.266106248E-1
1.843734950E1,-1.559237093E-1,4.026794136E-1,2.951223254E-1
1.844736250E1,-2.263962775E-1,4.171896279E-1,2.515644431E-1
1.845737550E1,-2.247956842E-1,3.316073716E-1,1.910325885E-1
1.846738850E1,-1.538096666E-1,2.123765945E-1,1.343493462E-1
1.847740150E1,-4.438727722E-2,1.191530153E-1,8.249901235E-2
1.848741450E1,7.108152658E-2,8.086075634E-2,6.009437516E-2
1.849742850E1,1.428185999E-1,8.534773439E-2,6.784070283E-2
1.850744150E1,1.648764908E-1,8.941970766E-2,9.149010479E-2
1.851745450E1,1.363797784E-1,1.285442114E-1,1.261138022E-1
1.852746750E1,7.864644378E-2,1.579798609E-1,1.692426205E-1
1.853748050E1,5.291439593E-2,1.458207518E-1,1.952038407E-1
1.854749450E1,5.510830507E-2,1.442558765E-1,1.877272874E-1
1.855750750E1,8.591330796E-2,1.029929966E-1,1.741621941E-1
1.856752050E1,1.421981603E-1,2.686600387E-2,1.471071392E-1
1.857753350E1,1.946847886E-1,-2.890252322E-2,1.047588289E-1
1.858754650E1,1.874583066E-1,-6.599822640E-2,8.332251012E-2
1.859755950E1,1.486673057E-1,-4.646424949E-2,9.225698560E-2
1.860757350E1,1.161956340E-1,-2.481994033E-2,1.297998279E-1
1.861758650E1,8.710751683E-2,-2.965707332E-2,1.831541061E-1
1.862759950E1,9.446369857E-2,-3.501269221E-2,2.138978988E-1
1.863761250E1,1.144076660E-1,-2.020359039E-2,2.384617478E-1
1.864762550E1,8.474244177E-2,1.433574408E-2,2.601574659E-1
1.865763950E1,8.087910712E-3,4.751448333E-2,2.584924102E-1
1.866765250E1,-8.147419244E-2,8.469967544E-2,2.247738391E-1
1.867766550E1,-1.493658274E-1,7.010041177E-2,1.877943277E-1
1.868767850E1,-1.728794128E-1,4.797486588E-2,1.641648859E-1
1.869769150E1,-1.727792472E-1,-2.160859294E-4,1.432574242E-1
1.870770450E1,-1.496475637E-1,-3.051460348E-2,1.177379489E-1
1.871771850E1,-1.056531966E-1,-4.875608906E-2,1.112215370E-1
1.872773150E1,-5.675649643E-2,-4.360713065E-2,1.230366528E-1
1.873774450E1,4.939873703E-3,-1.434229128E-2,1.601746231E-1
1.874775750E1,6.382849067E-2,-2.959155105E-2,1.793299466E-1
1.875777050E1,1.028573811E-1,-8.143620938E-2,2.009978741E-1
1.876778450E1,1.248819977E-1,-4.908733070E-2,2.105290741E-1
1.877779750E1,1.171607003E-1,-3.264452890E-2,2.595183253E-1
1.878781050E1,6.499230862E-2,2.696819976E-2,3.067350984E-1
1.879782350E1,-1.903360593E-3,5.115216970E-2,3.328788579E-1
1.880783650E1,-8.124744892E-2,7.472433895E-2,3.311100006E-1
1.881784950E1,-4.512403607E-1,2.328765094E-1,3.054187298E-1
1.882786350E1,-5.479677320E-1,3.445156813E-1,2.518527210E-1
1.883787650E1,-5.485562086E-1,4.256438315E-1,1.646556258E-1
1.884788950E1,-4.370802939E-1,3.308435380E-1,9.733357280E-2
1.885790250E1,-2.611913979E-1,1.885573864E-1,4.786520824E-2
1.886791550E1,-9.677635133E-2,1.273497101E-2,3.703812510E-2
1.887792950E1,2.928749472E-2,-1.294473708E-1,4.402280599E-2
1.888794250E1,1.061428636E-1,-1.842778623E-1,4.308191314E-2