"Time (s)","X (m/s^2)","Y (m/s^2)","Z (m/s^2)"
1.229125000E-3,5.733078003E-1,6.350693665E0,7.005881195E0
1.124212500E-2,5.092410278E-1,6.417754211E0,6.977590027E0
2.125512500E-2,5.239105225E-1,6.501430206E0,7.099286957E0
3.126812500E-2,6.012995911E-1,6.560108185E0,7.094047852E0
4.128212500E-2,6.938072205E-1,6.638245697E0,7.042854309E0
5.129512500E-2,7.105723572E-1,6.620881805E0,6.986571350E0
6.130812500E-2,6.432124329E-1,6.515500946E0,6.919361115E0
7.132112500E-2,4.538562012E-1,6.380481720E0,6.891069946E0
8.133412500E-2,2.609074402E-1,6.236780548E0,7.008425903E0
9.134812500E-2,1.594184875E-1,6.098019104E0,7.021299133E0
1.013611250E-1,9.999206543E-2,6.109545135E0,7.019502869E0
1.113741250E-1,8.382568359E-2,6.180796967E0,6.902745667E0
1.213871250E-1,1.945953369E-3,6.159541168E0,6.658004608E0
1.314001250E-1,-1.263372803E-1,6.185886383E0,6.487958221E0
1.414141250E-1,-2.007325745E-1,6.189029846E0,6.409221954E0
1.514271250E-1,-1.321751404E-1,6.155798950E0,6.496640167E0
1.614401250E-1,6.735992432E-3,6.179749146E0,6.630611572E0
1.714531250E-1,1.089733887E-1,6.222709808E0,6.744824066E0
1.814661250E-1,2.209405518E-1,6.244564362E0,6.784940643E0
1.914801250E-1,3.221301270E-1,6.242468719E0,6.741530914E0
2.014931250E-1,4.433779907E-1,6.288872223E0,6.880741425E0
2.115061250E-1,6.099815369E-1,6.289920044E0,6.965764618E0
2.215191250E-1,7.426057434E-1,6.328090668E0,6.937174072E0
2.315321250E-1,8.586145020E-1,6.408473511E0,6.989116058E0
2.415461250E-1,9.285191345E-1,6.451733551E0,7.087461548E0
2.515591250E-1,1.029858398E0,6.576124878E0,7.026089172E0
2.615721250E-1,1.123862915E0,6.709497528E0,6.877298584E0
2.715851250E-1,1.165626068E0,6.839127960E0,7.084767151E0
2.815981250E-1,1.138682098E0,6.876699829E0,7.318580933E0
2.916121250E-1,1.049766998E0,6.861730957E0,7.329208832E0
3.016251250E-1,1.081650696E0,6.896608429E0,7.124883728E0
3.116381250E-1,1.217268677E0,6.981931000E0,6.902146912E0
3.216511250E-1,1.103056183E0,6.994504852E0,6.773414612E0
3.316641250E-1,1.013093262E0,7.002438354E0,6.605014801E0
3.416781250E-1,1.226998444E0,7.033274231E0,6.302044830E0
3.516911250E-1,1.434766388E0,7.012168121E0,6.116879883E0
3.617041250E-1,1.208736420E0,7.148983612E0,5.263504486E0
3.717171250E-1,6.245013428E-1,6.433621216E0,5.842650146E0
3.817301250E-1,3.044668579E-1,5.596112823E0,6.104904785E0
3.917441250E-1,1.685494995E-1,5.356760559E0,6.229445801E0
4.017571250E-1,3.809577942E-1,5.240452423E0,6.031407623E0
4.117701250E-1,1.772314453E0,5.098248138E0,6.534062347E0
4.217831250E-1,2.468816071E0,5.275030518E0,7.139253845E0
4.317961250E-1,1.556163940E0,6.028713226E0,7.060068512E0
4.418101250E-1,9.551637268E-1,6.032006378E0,6.012995911E0
4.518231250E-1,1.119821320E0,5.899531860E0,5.039270782E0
4.618361250E-1,1.498533783E0,5.622607727E0,4.990621948E0
4.718491250E-1,2.182012482E0,5.820945282E0,6.055357819E0
4.818621250E-1,2.944676514E0,6.353088684E0,7.428751831E0
4.918761250E-1,3.344794464E0,6.002218323E0,8.186176758E0
5.018891250E-1,2.715054016E0,5.379662933E0,8.210875397E0
5.119021250E-1,2.201022949E0,5.149591370E0,7.319628754E0
5.219151250E-1,2.008373566E0,4.374353485E0,5.918841705E0
5.319281250E-1,1.958377533E0,4.376149750E0,5.147346039E0
5.419421250E-1,2.886896667E0,4.807552643E0,5.032983856E0
5.519551250E-1,3.122656403E0,4.189637604E0,4.415966949E0
5.619681250E-1,3.431613922E0,4.352199554E0,5.119503937E0
5.719811250E-1,3.571123810E0,5.382507019E0,6.353388062E0
5.819941250E-1,3.098107452E0,5.332660675E0,6.337221680E0
5.920081250E-1,3.453468475E0,5.048401794E0,5.868246918E0
6.020211250E-1,4.915927277E0,5.336851959E0,4.517904968E0
6.120341250E-1,6.594087524E0,6.470294952E0,2.461032257E0
6.220471250E-1,8.380772095E0,8.253536682E0,1.885628815E0
6.320601250E-1,1.026220963E1,9.160650330E0,2.509681091E0
6.420741250E-1,1.002989273E1,8.251291351E0,3.454965363E0
6.520871250E-1,9.384135590E0,6.983427887E0,4.924010468E0
6.621001250E-1,7.809260559E0,5.356311493E0,5.535039825E0
6.721131250E-1,5.944588165E0,3.688779144E0,5.489534454E0
6.821271250E-1,4.892875214E0,3.079246674E0,5.317841492E0
6.921401250E-1,5.292544098E0,3.838318176E0,4.570296021E0
7.021531250E-1,6.682104492E0,4.074526978E0,3.593427429E0
7.121661250E-1,7.967780914E0,4.208498383E0,2.989283752E0
7.221791250E-1,9.616452484E0,4.962779846E0,2.464026031E0
7.321931250E-1,1.080992065E1,5.583239594E0,2.399061127E0
7.422061250E-1,1.149669250E1,5.422024841E0,2.545756073E0
7.522191250E-1,1.189246948E1,5.911956024E0,2.642155609E0
7.622321250E-1,1.119806351E1,5.937103729E0,2.418520660E0
7.722451250E-1,1.030142807E1,5.116959229E0,1.868115234E0
7.822591250E-1,9.313033447E0,4.607269135E0,1.352886658E0
7.922721250E-1,8.816665649E0,4.411027222E0,1.477128296E0
8.022851250E-1,8.957223358E0,4.342469788E0,2.246228943E0
8.122981250E-1,9.614955597E0,4.358785858E0,3.221600647E0
8.223111250E-1,1.050500473E1,4.708159332E0,3.853586426E0
8.323251250E-1,1.117665802E1,4.997956696E0,4.034560089E0
8.423380417E-1,1.183528839E1,5.108127594E0,3.873644714E0
8.523510417E-1,1.215831665E1,5.046306152E0,3.556454315E0
8.623640417E-1,1.162228134E1,4.703668671E0,2.939287720E0
8.723770417E-1,1.143412262E1,4.340972900E0,1.881886597E0
8.823910417E-1,1.218915253E1,4.629273376E0,6.833290100E-1
8.924040417E-1,1.327230011E1,4.824766846E0,-9.538165283E-1
9.024170417E-1,1.422027878E1,4.661905518E0,-1.958676910E0
9.124300417E-1,1.470871307E1,4.823120270E0,-1.246008911E0
9.224430417E-1,1.470062988E1,5.194198608E0,6.533912659E-1
9.324570417E-1,1.495105911E1,5.506449280E0,2.000440063E0
9.424700417E-1,1.557376419E1,5.549709320E0,2.074685669E0
9.524830417E-1,1.589918747E1,5.541476440E0,1.264869690E0
9.624960417E-1,1.619422394E1,5.651946716E0,2.032772827E-1
9.725090417E-1,1.716151245E1,5.343887329E0,-1.547781372E0
9.825230417E-1,1.682561096E1,4.799020386E0,-3.323987732E0
9.925360417E-1,1.562555649E1,4.416416016E0,-3.288810883E0
1.002549042E0,1.462114517E1,3.934867401E0,-2.831811218E0
1.012562042E0,1.391416534E1,3.629502411E0,-3.047362976E0
1.022576042E0,1.383378250E1,3.306923218E0,-3.122057648E0
1.032589042E0,1.435933960E1,3.377127228E0,-3.408561859E0
1.042602042E0,1.517050278E1,3.683090973E0,-4.855453033E0
1.052615042E0,1.590263031E1,3.479514313E0,-6.615343323E0
1.062628042E0,1.546194672E1,3.151995392E0,-7.614365845E0
1.072642042E0,1.469883362E1,2.530338135E0,-7.767048340E0
1.082655042E0,1.385578674E1,1.683998108E0,-7.641758881E0
1.092668042E0,1.314760941E1,9.334588623E-1,-7.105573883E0
1.102681042E0,1.226444595E1,2.071691895E-1,-6.508764954E0
1.112694042E0,1.137140305E1,-3.924838257E-1,-6.979236603E0
1.122708042E0,1.072968750E1,-5.966592407E-1,-8.024363251E0
1.132721042E0,1.021550674E1,-6.973997498E-1,-9.178163910E0
1.142734042E0,9.420210571E0,-9.553134155E-1,-9.866432648E0
1.152747042E0,8.765023041E0,-1.223854980E0,-1.017613861E1
1.162760042E0,8.430169373E0,-1.261426849E0,-1.042611877E1
1.172774042E0,8.336464233E0,-1.139879608E0,-1.039318726E1
1.182787042E0,8.385861511E0,-1.114881592E0,-1.014859589E1
1.192800042E0,8.087980957E0,-1.114582214E0,-9.876461792E0
1.202813042E0,7.799680481E0,-1.224453735E0,-9.413624268E0
1.212826042E0,7.207362213E0,-1.401385803E0,-8.610394592E0
1.222840042E0,6.621031494E0,-1.874102783E0,-7.882907410E0
1.232853042E0,5.204377441E0,-2.704875183E0,-7.586224365E0
1.242866042E0,3.282973022E0,-3.433110809E0,-8.042924652E0
1.252879042E0,2.010169830E0,-3.519032135E0,-8.501870270E0
1.262892042E0,1.749262390E0,-3.100053406E0,-8.355025635E0
1.272906042E0,2.115401001E0,-2.954106903E0,-7.883655853E0
1.282919042E0,2.305505676E0,-2.698438568E0,-7.259603577E0
1.292932042E0,2.708617401E0,-2.188000031E0,-6.486012268E0
1.302945042E0,3.340154114E0,-1.532363434E0,-5.441184998E0
1.312959042E0,3.662882996E0,-1.013093262E0,-4.994962921E0
1.322972042E0,3.360511780E0,-1.069974976E0,-5.295388184E0
1.332985042E0,2.614612885E0,-1.130299530E0,-6.187982025E0
1.342998042E0,2.334096222E0,-1.041534119E0,-7.134613495E0
1.353011042E0,2.520758057E0,-6.221063232E-1,-7.463030548E0
1.363025042E0,2.617007904E0,-1.932481384E-1,-7.498207397E0
1.373038042E0,2.454146576E0,1.881587219E-1,-7.973469086E0
1.383051042E0,2.361788635E0,5.294490051E-1,-8.675060120E0
1.393064042E0,2.095492401E0,6.813830566E-1,-9.019493866E0
1.403077042E0,1.720372467E0,8.149053955E-1,-8.840166779E0
1.413091042E0,1.438358917E0,9.550140381E-1,-8.318351898E0
1.423104042E0,1.339264984E0,1.056502991E0,-7.740852814E0
1.433117042E0,1.140927429E0,1.090632019E0,-7.056026917E0
1.443130042E0,1.038540344E0,1.188079376E0,-6.410419464E0
1.453143042E0,1.016985168E0,1.133892059E0,-6.125112762E0
1.463157042E0,8.890013123E-1,1.174308014E0,-6.142476654E0
1.473170042E0,8.153544617E-1,1.298549652E0,-6.256389771E0
1.483183042E0,1.186133423E0,1.573827209E0,-6.267616425E0
1.493196042E0,1.642085266E0,1.959125977E0,-6.100114746E0
1.503210042E0,1.820214844E0,2.280956726E0,-6.182144165E0
1.513223042E0,1.685944061E0,2.407892761E0,-6.670129395E0
1.523236042E0,1.373094635E0,2.372566223E0,-7.277715912E0
1.533249042E0,9.774673462E-1,2.240540771E0,-7.701933746E0
1.543262042E0,5.134323120E-1,2.161355438E0,-8.115074615E0
1.553276042E0,5.068460083E-1,2.449206848E0,-8.136629791E0
1.563289042E0,8.770262146E-1,2.845881958E0,-7.561974792E0
1.573302042E0,1.096769257E0,3.058140564E0,-6.954687653E0
1.583315042E0,1.021924896E0,3.147055664E0,-6.376140747E0
1.593328042E0,8.551716614E-1,2.939138031E0,-5.595813446E0
1.603342042E0,4.454736328E-1,2.887944489E0,-4.758754120E0
1.613355042E0,8.068222046E-2,2.794688416E0,-4.253404999E0
1.623368042E0,-4.939727783E-3,2.739004211E0,-3.878584442E0
1.633381042E0,3.230282593E-1,3.070714417E0,-4.036356354E0
1.643394042E0,6.044430542E-1,3.387156372E0,-4.418661346E0
1.653408042E0,5.041516113E-1,3.570075989E0,-4.573140106E0
1.663421042E0,-1.826202393E-1,3.696862335E0,-4.639452209E0
1.673434042E0,-8.791218567E-1,3.733236694E0,-4.661456451E0
1.683447042E0,-1.125808868E0,3.671714630E0,-4.790488129E0
1.693461042E0,-9.210346985E-1,3.858077087E0,-5.145100708E0
1.703474042E0,-5.038522339E-1,4.052971802E0,-4.783153381E0
1.713487042E0,-2.806663513E-1,4.424499207E0,-4.020189972E0
1.723500042E0,-2.567161560E-1,4.839885406E0,-3.780688019E0
1.733513042E0,-3.465293884E-1,5.029840393E0,-3.780538330E0
1.743527042E0,-5.665718079E-1,5.102439423E0,-3.587140503E0
1.753540042E0,-3.710783386E-1,5.170847168E0,-3.012036438E0
1.763553042E0,1.407073975E-1,5.265450439E0,-2.259401550E0
1.773566042E0,3.867956543E-1,5.223836975E0,-2.078278198E0
1.783579042E0,3.935316467E-1,5.262306976E0,-2.204316101E0
1.793593042E0,6.632707214E-1,5.369184723E0,-2.296374664E0
1.803606042E0,1.255139923E0,5.604794769E0,-2.495310974E0
1.813619042E0,1.732796631E0,6.001918945E0,-2.432292023E0
1.823632042E0,2.432591400E0,6.523733826E0,-1.729653168E0
1.833646042E0,3.403173065E0,6.946454773E0,-8.250842285E-1
1.843658792E0,4.042643280E0,6.840026093E0,-5.105882263E-1
1.853671792E0,3.914060669E0,6.339766388E0,-6.545887756E-1
1.863684792E0,3.762126617E0,6.111491089E0,-7.988887024E-1
1.873697792E0,3.560495911E0,6.248905334E0,-4.680766296E-1
1.883711792E0,3.399580536E0,6.363417206E0,-5.020559692E-1
1.893724792E0,3.731440430E0,6.632707214E0,-1.620829468E0
1.903737792E0,4.760849762E0,7.477849731E0,-3.188369751E0
1.913750792E0,6.589147797E0,8.789272614E0,-5.094206543E0
1.923763792E0,7.685917053E0,9.048982544E0,-7.886949005E0
1.933777792E0,7.679779816E0,8.483458557E0,-1.124311981E1
1.943790792E0,7.664212189E0,8.250243530E0,-1.420007080E1
1.953803792E0,9.265582123E0,7.932304688E0,-1.689431808E1
1.963816792E0,1.106304428E1,8.278085632E0,-1.931313812E1
1.973829792E0,1.222867035E1,8.627459106E0,-2.023147842E1
2.003869792E0,1.227118195E1,7.896828461E0,-1.845946335E1
2.013882792E0,1.150687134E1,7.363038483E0,-1.689746155E1
2.023896792E0,1.075154205E1,6.857090607E0,-1.595337479E1
2.033909792E0,9.658664703E0,6.273304596E0,-1.514206192E1
2.043922792E0,8.362659760E0,5.750292206E0,-1.461800171E1
2.053935792E0,7.198979645E0,5.068160706E0,-1.434646637E1
2.063948792E0,6.132896576E0,4.586312714E0,-1.384141663E1
2.073962792E0,4.972060547E0,4.260590057E0,-1.299642380E1
2.083975792E0,4.286785583E0,3.987857208E0,-1.188528442E1
2.093988792E0,4.012256470E0,3.971990204E0,-1.058673477E1
2.104001792E0,3.464545441E0,4.013154602E0,-9.516161041E0
2.114014792E0,2.784060516E0,3.749253387E0,-8.546926575E0
2.124028792E0,2.109114075E0,3.404969330E0,-7.707023163E0
2.134041792E0,1.663041687E0,3.349135437E0,-6.924450531E0
2.144054792E0,1.579066315E0,3.373983765E0,-6.158643036E0
2.154067792E0,1.418450317E0,3.461551666E0,-5.741310883E0
2.164081792E0,1.291813660E0,3.391347656E0,-5.419629822E0
2.174094792E0,1.304686890E0,3.511098633E0,-5.327271881E0
2.184107792E0,1.259480896E0,3.670666809E0,-5.531746674E0
2.194120792E0,1.122515717E0,3.766018524E0,-5.440586243E0
2.204133792E0,9.666897583E-1,3.779939575E0,-5.217250671E0
2.214147792E0,5.328918457E-1,3.510499878E0,-5.012326813E0
2.224160792E0,1.402583313E-1,3.318748627E0,-4.785847778E0
2.234173792E0,1.248403931E-1,3.457360382E0,-4.482578430E0
2.244186792E0,3.109034729E-1,3.688330078E0,-3.898942108E0
2.254199792E0,7.702981567E-1,3.841162262E0,-3.424129486E0
2.264213792E0,1.288520508E0,4.145629120E0,-3.328628082E0
2.274226792E0,1.786385193E0,4.592599640E0,-3.304079132E0
2.284239792E0,1.939965820E0,4.917723541E0,-3.385509796E0
2.294252792E0,1.514101410E0,4.946613464E0,-3.287763062E0
2.304266792E0,1.224902802E0,4.984484711E0,-3.069516907E0
2.314279792E0,1.225501556E0,4.889432373E0,-2.886597290E0
2.324292792E0,1.356778564E0,4.900509338E0,-2.592758331E0
2.334305792E0,1.620829468E0,4.837041321E0,-2.209555206E0
2.344318792E0,2.035766602E0,4.800367584E0,-2.135908356E0
2.354332792E0,2.520308990E0,4.931644592E0,-2.053130493E0
2.364345792E0,3.030448151E0,5.217100983E0,-1.436113586E0
2.374358792E0,3.226540375E0,5.721701660E0,-5.132826233E-1
2.384371792E0,3.254083099E0,6.051316223E0,2.655477905E-1
2.394384792E0,3.391197968E0,6.121819611E0,5.303471375E-1
2.404398792E0,3.166215820E0,5.964347076E0,7.511380005E-1
2.414411792E0,2.810106354E0,5.887407074E0,1.102607117E0
2.424424792E0,2.964136047E0,5.807622986E0,1.267414398E0
2.434437792E0,3.157833252E0,5.845793610E0,1.379231873E0
2.444451792E0,3.629203033E0,6.455326080E0,1.433718567E0
2.454464792E0,4.498146057E0,6.905739441E0,1.661694489E0
2.464477792E0,5.205275574E0,7.226522369E0,1.797761536E0
2.474490792E0,5.569917297E0,7.639812927E0,1.953437805E0
2.484503792E0,5.870941315E0,7.664511566E0,2.149380341E0
2.494517792E0,6.337521057E0,7.551945648E0,2.250569916E0
2.504530792E0,6.519392853E0,7.573800201E0,2.046993256E0
2.514543792E0,6.849905548E0,7.381749573E0,1.399589539E0
2.524556792E0,7.425009613E0,7.166347504E0,8.135581970E-1
2.534570792E0,7.675738220E0,7.339088287E0,3.965254211E-1
2.544583792E0,8.064479828E0,7.495213623E0,2.692900085E-1
2.554596792E0,8.721313934E0,7.242838440E0,5.357359314E-1
2.564609792E0,9.053622894E0,6.968758392E0,6.415658569E-1
2.574622792E0,9.358239441E0,6.763535156E0,1.140628052E0
2.584636792E0,9.643845520E0,6.535259857E0,1.688488770E0
2.594649792E0,1.008213409E1,6.385271759E0,1.801803131E0
2.604662792E0,1.033720367E1,6.418652344E0,1.596579895E0
2.614675792E0,9.895172882E0,6.787185974E0,7.385641479E-1
2.624688792E0,9.011710052E0,6.833290100E0,9.999206543E-2
2.634702792E0,8.253686371E0,6.512806549E0,2.649490356E-2
2.644715792E0,7.641160126E0,6.274352417E0,6.560856628E-1
2.654728792E0,7.189698944E0,5.743855591E0,1.913171539E0
2.664741792E0,6.717580719E0,4.989125061E0,2.762056274E0
2.674755792E0,6.021079102E0,4.287983093E0,2.787802734E0
2.684768792E0,6.088588715E0,4.491260376E0,5.680686951E-1
2.694781792E0,6.556066589E0,4.795427856E0,-1.826052704E0
2.704794792E0,7.106172638E0,4.991520081E0,-3.452570343E0
2.714807792E0,7.783214722E0,5.408253479E0,-4.981041870E0
2.724821792E0,7.834857330E0,6.075266418E0,-5.654042358E0
2.734834792E0,7.989485779E0,6.592440948E0,-5.965843964E0
2.744847792E0,8.058192902E0,6.879244537E0,-8.659791870E0
2.754860792E0,8.197253723E0,7.043303375E0,-1.269001099E1
2.764874792E0,8.560548248E0,7.107669525E0,-1.611803238E1
2.774887792E0,9.258397064E0,7.839048615E0,-1.861334335E1
2.784900792E0,1.015383499E1,8.923842773E0,-1.984243744E1
2.814940792E0,1.079510147E1,8.717571716E0,-1.779230072E1
2.824953792E0,1.043704605E1,7.899822235E0,-1.545970139E1
2.834966792E0,1.080752563E1,7.140451355E0,-1.288340881E1
2.844979500E0,1.165805695E1,6.345454559E0,-1.030771500E1
2.854993500E0,1.172197403E1,5.362897797E0,-7.844437408E0
2.865006500E0,1.068537964E1,4.090693359E0,-6.715934143E0
2.875019500E0,9.902357941E0,3.130589905E0,-6.792724457E0
2.885032500E0,9.641749878E0,2.919229431E0,-6.554869080E0
2.895045500E0,8.963210907E0,2.905158691E0,-6.393055573E0
2.905059500E0,8.064330139E0,2.514471130E0,-6.765481110E0
2.915072500E0,7.944878540E0,2.310445404E0,-6.737189941E0
2.925085500E0,7.611372070E0,1.824406128E0,-5.779631195E0
2.935098500E0,7.941884766E0,1.018182678E0,-5.026696930E0
2.945111500E0,8.553363190E0,6.810836792E-2,-4.742288361E0
2.955125500E0,9.540260925E0,-3.399430847E-1,-4.720134430E0
2.965138500E0,1.054407349E1,2.561174011E-1,-4.189787292E0
2.975151500E0,1.120614670E1,1.187929688E0,-3.401676178E0
2.985164500E0,1.110660370E1,1.993255005E0,-3.082539825E0
2.995178500E0,9.924062805E0,2.498304749E0,-3.211272125E0
3.005191500E0,8.370443573E0,2.511627045E0,-3.362757111E0
3.015204500E0,6.661447449E0,2.378104706E0,-3.260070648E0
3.025217500E0,3.893553314E0,1.883233795E0,-3.303031311E0
3.035230500E0,1.423240356E0,2.141596527E0,-3.853586426E0
3.045244500E0,-1.974394226E-1,2.724334717E0,-4.156556396E0
3.055257500E0,-8.994795227E-1,3.023412781E0,-4.482129364E0
3.065270500E0,-1.525926819E0,2.872975616E0,-4.699178009E0
3.075283500E0,-9.598040771E-1,3.212170258E0,-5.082081757E0
3.085297500E0,-5.339396667E-1,3.458408203E0,-5.160967712E0
3.095310500E0,-1.142574005E0,2.882855072E0,-5.729186096E0
3.105323500E0,-1.528172150E0,2.335892487E0,-6.525679779E0
3.115336500E0,-1.914967804E0,2.142195282E0,-6.646777954E0
3.125349500E0,-2.102976837E0,2.756068726E0,-6.272855530E0
3.135363500E0,-1.411864014E0,3.914809113E0,-5.764512634E0
3.145376500E0,-4.906796265E-1,4.925956421E0,-5.158273315E0
3.155389500E0,2.275268555E-1,5.503455505E0,-4.426145782E0
3.165402500E0,2.113604736E-1,5.512137451E0,-3.948638763E0
3.175416500E0,-3.315605164E-1,5.240602112E0,-3.943399658E0
3.185429500E0,-7.111711121E-1,4.785698090E0,-4.158053284E0
3.195442500E0,-1.044827271E0,4.425696716E0,-4.581971741E0
3.205455500E0,-1.107846222E0,4.373305664E0,-5.128335571E0
3.215468500E0,-8.348139954E-1,4.377646637E0,-5.197940826E0
3.225482500E0,-2.022294617E-1,4.175117798E0,-4.624483337E0
3.235495500E0,1.775308228E-1,3.933220825E0,-3.748055878E0
3.245508500E0,9.208850098E-1,3.982618103E0,-3.056943054E0
3.255521500E0,1.967358856E0,4.333338776E0,-2.851420441E0
3.265535500E0,2.878214722E0,4.510420532E0,-3.146157532E0
3.275548500E0,4.175117798E0,4.839136963E0,-3.621119843E0
3.285561500E0,5.827232208E0,5.669759674E0,-3.850143585E0
3.295574500E0,6.398294678E0,6.373446350E0,-4.027674408E0
3.305587500E0,6.175707550E0,5.865702209E0,-4.034260712E0
3.315601500E0,5.600453796E0,4.633913727E0,-3.954925690E0
3.325614500E0,4.933590546E0,3.232378235E0,-3.942651215E0
3.335627500E0,4.471800842E0,1.697021027E0,-4.249213715E0
3.345640500E0,4.597988434E0,7.310797119E-1,-5.802383881E0
3.355654500E0,5.971382446E0,5.331912231E-1,-7.562573547E0
3.365667500E0,8.878786469E0,1.175056458E0,-8.522078247E0
3.375680500E0,1.258777359E1,2.713407440E0,-9.765243073E0
3.385693500E0,1.564531540E1,3.993096313E0,-1.002525238E1
3.395706500E0,1.761027924E1,4.299509125E0,-1.039947418E1
3.405720500E0,1.768781799E1,3.777993622E0,-1.198841995E1
3.415733500E0,1.783032166E1,2.604733429E0,-1.312141388E1
3.425746500E0,1.708232712E1,1.622476044E0,-1.330508194E1
3.435759500E0,1.592208984E1,1.263821869E0,-1.308114761E1
3.445773500E0,1.462219299E1,1.080752563E0,-1.303474411E1
3.455786500E0,1.303594162E1,9.117539978E-1,-1.351853806E1
3.465799500E0,1.291334656E1,-7.768844604E-2,-1.394994095E1
3.475812500E0,1.434601730E1,-1.173409882E0,-1.433553909E1
3.485825500E0,1.732557129E1,-4.707710266E-1,-1.442026291E1
3.495839500E0,1.977777191E1,8.047265625E-1,-1.491558289E1
3.505852500E0,2.001068756E1,1.354233856E0,-1.571477097E1
3.515865500E0,1.836081848E1,1.322499847E0,-1.702873856E1
3.525878500E0,1.634406235E1,7.881111145E-1,-1.781984344E1
3.535892500E0,1.449301163E1,5.644761658E-1,-1.726449829E1
3.545905500E0,1.307785446E1,5.249583435E-1,-1.574575653E1
3.555918500E0,1.216460358E1,5.806425476E-1,-1.440110275E1
3.565931500E0,1.139250916E1,4.998106384E-1,-1.344069992E1
3.575944500E0,1.046563660E1,2.691403198E-1,-1.293310547E1
3.585958500E0,9.431586914E0,-2.201921082E-1,-1.239377701E1
3.595971500E0,8.210126953E0,-8.961863708E-1,-1.202763840E1
3.605984500E0,7.018005981E0,-1.433868256E0,-1.185834045E1
3.615997500E0,6.472240906E0,-1.512454834E0,-1.170206543E1
3.626011500E0,6.692133636E0,-1.220711517E0,-1.202584213E1
3.636024500E0,6.889573059E0,-1.247655487E0,-1.244781464E1
3.646037500E0,7.074887695E0,-1.643582153E0,-1.230920288E1
3.656050500E0,6.860982513E0,-2.126178589E0,-1.175221115E1
3.666064500E0,6.295159149E0,-2.674488373E0,-1.100391724E1
3.676077500E0,5.904321899E0,-3.137176208E0,-1.040291702E1
3.686090500E0,5.378166046E0,-3.394940186E0,-1.015218842E1
3.696103500E0,4.713099060E0,-3.519780579E0,-1.004156845E1
3.706116500E0,3.912563782E0,-3.725303192E0,-1.006970993E1
3.716130500E0,3.149600372E0,-3.555406494E0,-1.029124924E1
3.726143500E0,2.694396973E0,-3.324287109E0,-9.881850586E0
3.736156500E0,2.263293457E0,-3.144061890E0,-9.177116089E0
3.746169500E0,1.709594879E0,-3.106340332E0,-8.541088715E0
3.756183500E0,9.518705750E-1,-3.187321930E0,-8.410410461E0
3.766196500E0,3.493734741E-1,-3.141367493E0,-8.593928833E0
3.776209500E0,-1.736389160E-1,-2.887944489E0,-8.642877045E0
3.786222500E0,-6.089337158E-1,-2.832409973E0,-8.571026459E0
3.796235500E0,-1.059047699E0,-2.783162384E0,-8.538244629E0
3.806249500E0,-1.515448608E0,-2.654579773E0,-8.677904205E0
3.816262500E0,-1.872905273E0,-2.458487549E0,-8.891510010E0
3.826275500E0,-2.238295441E0,-2.297123108E0,-9.069040833E0
3.836288500E0,-2.400258636E0,-2.208806763E0,-8.996741180E0
3.846303375E0,-2.551743622E0,-2.145189056E0,-8.350834351E0
3.856316375E0,-2.954555969E0,-1.890568542E0,-7.637866974E0
3.866329375E0,-3.214565277E0,-1.471739502E0,-6.630611572E0
3.876342375E0,-3.636986847E0,-1.168170776E0,-5.675896912E0
3.886355375E0,-4.174369354E0,-1.015637970E0,-5.246739349E0
3.896369375E0,-4.427343292E0,-7.354206848E-1,-5.269941101E0
3.906382375E0,-4.451742554E0,-5.025050354E-1,-5.401966553E0
3.916395375E0,-4.457879791E0,-3.399430847E-1,-5.741909637E0
3.926408375E0,-4.428091736E0,-1.161584473E-1,-5.989494781E0
3.936422375E0,-4.242477722E0,1.778302002E-1,-5.925278320E0
3.946435375E0,-4.213737488E0,6.971003723E-1,-6.015241241E0
3.956448375E0,-4.135150909E0,1.150208130E0,-5.923182678E0
3.966461375E0,-3.925886078E0,1.363963623E0,-5.387895813E0
3.976474375E0,-3.498225403E0,1.347198486E0,-5.102289734E0
3.986488375E0,-2.829565887E0,1.208886108E0,-4.664150848E0
3.996501375E0,-2.307002563E0,1.397942963E0,-4.450844421E0
4.006514375E0,-1.883982239E0,1.695374451E0,-4.037254486E0
4.016527375E0,-1.753902740E0,2.108814697E0,-3.348237305E0
4.026541375E0,-2.008822632E0,2.399061127E0,-3.020868073E0
4.036554375E0,-1.994751892E0,2.925216980E0,-2.568957825E0
4.046567375E0,-1.512903900E0,3.465293884E0,-2.000589752E0
4.056580375E0,-9.795629883E-1,3.710334320E0,-1.765129395E0
4.066594375E0,-5.791456604E-1,4.051025848E0,-1.950593719E0
4.076607375E0,-2.299218750E-1,4.348457336E0,-2.166893921E0
4.086620375E0,-2.350112915E-1,4.796625366E0,-2.179467773E0
4.096633375E0,1.616638184E-2,5.274880829E0,-1.707199860E0
4.106646375E0,8.440946960E-1,5.371879120E0,-8.033793640E-1
4.116660375E0,1.303339691E0,5.265151062E0,-7.319778442E-2
4.126673375E0,1.174906769E0,5.130131836E0,5.613327026E-1
4.136686375E0,5.451663208E-1,4.925058289E0,5.153782654E-1
4.146699375E0,4.032614136E-1,4.819228363E0,2.847079468E-1
4.156713375E0,9.630972290E-1,5.168751526E0,4.105961609E-1
4.166726375E0,1.689087524E0,5.877527618E0,2.041754150E-1
4.176739375E0,3.241509247E0,7.006779327E0,-1.486408997E-1
4.186752375E0,4.411625977E0,8.508905640E0,-3.606001282E-1
4.196765375E0,4.350702667E0,8.790470123E0,-3.730242920E-1
4.206779375E0,3.879482574E0,8.056696014E0,5.089416504E-3
4.216792375E0,2.759062500E0,6.550228729E0,-8.637039185E-2
4.226805375E0,1.091230774E0,4.756359100E0,-9.656419373E-1
4.236818375E0,-4.662803650E-1,3.540287933E0,-2.273621979E0
4.246832375E0,-8.535250854E-1,3.344794464E0,-4.402345276E0
4.256845375E0,2.544708252E-2,3.972139893E0,-7.445367279E0
4.266858375E0,1.132544861E0,4.771028595E0,-1.038196060E1
4.276871375E0,3.050057373E0,6.213578796E0,-1.318084030E1
4.286885375E0,5.553451538E0,7.860454102E0,-1.543575119E1
4.296898375E0,7.125931549E0,8.543633423E0,-1.680540298E1
4.306911375E0,6.943011932E0,8.041427765E0,-1.793435532E1
4.316924375E0,5.577401733E0,6.481521606E0,-1.874641663E1
4.326937375E0,4.242627411E0,5.032534790E0,-1.954081467E1
4.427070375E0,3.099604340E0,3.837270355E0,-1.836680603E1
4.437083375E0,2.533930664E0,3.379522247E0,-1.683758606E1
4.447096375E0,1.911075897E0,2.991828461E0,-1.538485703E1
4.457109375E0,1.357826385E0,2.641856232E0,-1.384905075E1
4.467123375E0,9.392967224E-1,2.349364471E0,-1.219334381E1
4.477136375E0,6.306385803E-1,2.101479950E0,-1.049362839E1
4.487149375E0,3.306623840E-1,1.974992981E0,-8.888067169E0
4.497162375E0,-4.730163574E-2,1.817071381E0,-7.562423859E0
4.507176375E0,-5.216651917E-1,1.808239746E0,-6.772666168E0
4.517189375E0,-8.955876160E-1,1.962419128E0,-6.333030396E0
4.527202375E0,-8.668473816E-1,2.338586884E0,-5.958509216E0
4.537215375E0,-5.087919617E-1,2.825973358E0,-5.357509003E0
4.547228375E0,-2.321672058E-1,3.133284302E0,-4.630470886E0
4.557242375E0,-5.388793945E-3,3.269501038E0,-3.876339111E0
4.567255375E0,-7.963439941E-2,3.207978973E0,-3.270548859E0
4.577268375E0,-4.129911804E-1,2.981200562E0,-2.970123596E0
4.587281375E0,-7.333250427E-1,2.801574097E0,-2.747985535E0
4.597295375E0,-9.575587463E-1,2.736309814E0,-2.895428925E0
4.607308375E0,-9.898915100E-1,2.955753479E0,-2.984344025E0
4.617321375E0,-7.469467163E-1,3.463048553E0,-2.659220123E0
4.627334375E0,-6.803352356E-1,3.960164795E0,-2.608026581E0
4.637348375E0,-7.162605286E-1,4.524341583E0,-2.847528534E0
4.647361375E0,-5.782475281E-1,4.929698639E0,-2.927761688E0
4.657374375E0,-4.320016479E-1,5.031936035E0,-2.705473938E0
4.667387375E0,-7.774832153E-1,4.871769104E0,-2.358794861E0
4.677400375E0,-1.276994476E0,4.607269135E0,-2.036215668E0
4.687414375E0,-1.254391479E0,4.603826294E0,-1.413061523E0
4.697427375E0,-7.689509583E-1,4.813689880E0,-9.220825195E-1
4.707440375E0,-2.790197754E-1,5.382806396E0,-9.392967224E-1
4.717453375E0,2.462379456E-1,6.031407623E0,-1.000818787E0
4.727467375E0,9.624984741E-1,6.467450867E0,-4.974156189E-1
4.737480375E0,1.633852386E0,6.774163055E0,7.559280396E-2
4.747493375E0,2.252964935E0,6.936575317E0,2.160008240E-1
4.757506375E0,2.457439728E0,6.755302277E0,1.916015625E-2
4.767520375E0,2.124232635E0,6.292315063E0,-4.123924255E-1
4.777533375E0,1.874102783E0,6.220165100E0,-6.234535217E-1
4.787546375E0,1.934577026E0,6.536607056E0,-7.020401001E-1
4.797559375E0,2.572400665E0,7.023394775E0,-9.333091736E-1
4.807572375E0,3.307521973E0,7.430697784E0,-1.015937347E0
4.817586375E0,3.339705048E0,7.651338959E0,-8.562194824E-1
4.827599375E0,3.321443024E0,7.528145142E0,-6.565347290E-1
4.837612375E0,3.606300659E0,7.334148560E0,-6.078858948E-1
4.847625750E0,4.076023865E0,7.049590302E0,-5.379812622E-1
4.857639750E0,4.522545319E0,6.634802856E0,-6.252497864E-1
4.867652750E0,5.143903198E0,6.606661377E0,-5.483097839E-1
4.877665750E0,5.770500183E0,6.970554657E0,-3.435356140E-1
4.887678750E0,6.218368835E0,7.309150543E0,-5.255570984E-1
4.897692750E0,6.649023285E0,7.372019806E0,-5.542973328E-1
4.907705750E0,6.943161621E0,7.007378082E0,-4.799020386E-1
4.917718750E0,6.946754150E0,6.562503204E0,-4.111949158E-1
4.927731750E0,6.838978271E0,6.400989075E0,-2.854563904E-1
4.937744750E0,6.608008575E0,6.595434723E0,5.999523926E-1
4.947758750E0,6.816824341E0,6.461463318E0,1.369502106E0
4.957771750E0,7.394622803E0,6.238876190E0,1.570384369E0
4.967784750E0,7.852670288E0,6.015390930E0,1.504820709E0
4.977797750E0,8.356372833E0,6.056555328E0,1.359922028E0
4.987811750E0,8.925938416E0,6.652615814E0,2.232756958E0
4.997824750E0,9.262288971E0,6.955286407E0,4.491709442E0
5.007837750E0,8.404871979E0,5.841153259E0,6.956334229E0
5.017850750E0,6.757098541E0,3.935765533E0,8.207731934E0
5.027864750E0,5.177583160E0,2.022294617E0,6.286626892E0
5.037877750E0,5.008285217E0,8.818162537E-1,2.463427277E0
5.047890750E0,5.864205322E0,7.584727478E-1,-4.812492371E-1
5.057903750E0,7.530091095E0,1.880090332E0,-5.751489716E0
5.067916750E0,1.001686981E1,4.041745148E0,-1.269869293E1
5.077930750E0,1.183783310E1,6.592740326E0,-1.949366272E1
5.087943750E0,1.239781860E1,8.524323578E0,-2.646197205E1
5.148022750E0,1.160252243E1,6.048921204E0,-1.877889908E1
5.158036750E0,1.034528687E1,5.094206543E0,-1.310390030E1
5.168049750E0,8.442593536E0,4.431833954E0,-5.049150238E0
5.178062750E0,1.016820511E1,4.620591431E0,-2.727478180E0
5.188075750E0,1.005563919E1,4.325854340E0,9.295669556E-2
5.198089750E0,9.942773895E0,4.357588348E0,1.880240021E0
5.208102750E0,9.092392273E0,4.245022430E0,3.052602081E0
5.218115750E0,8.714727631E0,4.249363403E0,3.096909943E0
5.228128750E0,7.800129547E0,3.859274597E0,2.185305634E0
5.238141750E0,6.296057281E0,3.459306335E0,1.106199646E-1
5.248155750E0,5.632337494E0,3.437002716E0,-1.675615540E0
5.258168750E0,5.996230774E0,3.695066071E0,-2.246079254E0
5.268181750E0,6.510411530E0,3.941603394E0,-1.841770020E0
5.278194750E0,6.608307953E0,3.473526764E0,-1.138382721E0
5.288208750E0,6.702312469E0,3.061733093E0,-7.881111145E-1
5.298221750E0,7.529492340E0,3.200793915E0,-7.277865601E-1
5.308234750E0,8.989855499E0,3.310665436E0,-9.270222473E-1
5.318247750E0,1.025158173E1,3.001109161E0,-1.040785675E0
5.328261750E0,1.138906631E1,2.959495697E0,-5.114863586E-1
5.338274750E0,1.247730331E1,3.421135712E0,4.263134766E-1
5.348287750E0,1.287742126E1,3.771257629E0,8.939410400E-1
5.358300750E0,1.191402466E1,3.935466156E0,7.086264038E-1
5.368313750E0,1.068388275E1,3.659589844E0,6.605763245E-1
5.378327750E0,1.006012985E1,3.134631500E0,1.351240082E0
5.388340750E0,9.264833679E0,3.160976715E0,2.512974243E0
5.398353750E0,8.182584229E0,3.445534973E0,3.724854126E0
5.408366750E0,6.996750183E0,3.066822510E0,4.016747131E0
5.418380750E0,6.282435608E0,3.050656128E0,3.347638550E0
5.428393750E0,6.205794983E0,3.811823273E0,2.302212524E0
5.438406750E0,6.455026703E0,4.947810974E0,1.114582214E0
5.448419750E0,7.643555145E0,6.715185699E0,-9.924362183E-2
5.458433750E0,8.609197083E0,8.050558777E0,-5.291496277E-1
5.468446750E0,8.649014282E0,8.459059296E0,-9.819580078E-1
5.478459750E0,7.917784882E0,8.031099243E0,-1.409319305E0
5.488472750E0,7.212451630E0,6.710245972E0,-1.632205811E0
5.498486750E0,7.051985321E0,6.013145599E0,-1.125060425E0
5.508499750E0,6.495292969E0,6.216722260E0,1.172062683E-1
5.518512750E0,5.517526245E0,6.429878998E0,1.004411316E0
5.528525750E0,4.670138397E0,6.357279968E0,6.683601379E-1
5.538538750E0,3.581602020E0,5.950126648E0,-5.095404053E-1
5.548552750E0,3.109633484E0,5.625451813E0,-2.109263763E0
5.558565750E0,3.875890045E0,6.156547394E0,-3.534001007E0
5.568578750E0,4.816533966E0,6.554719391E0,-4.046535187E0
5.578591750E0,5.212909698E0,6.509214020E0,-3.993994446E0
5.588605750E0,4.953648834E0,6.379134521E0,-3.788322144E0
5.598618750E0,3.904480591E0,5.536836090E0,-3.776945801E0
5.608631750E0,2.374362488E0,4.339775391E0,-3.450025635E0
5.618644750E0,1.121916962E0,3.515738983E0,-3.225941620E0
5.628658750E0,4.595443726E-1,3.061284027E0,-3.996838531E0
5.638671750E0,2.725831604E-1,3.004252625E0,-5.353018341E0
5.648684750E0,1.661544800E-2,3.347788239E0,-6.786736908E0
5.658697750E0,-4.311035156E-1,4.018992462E0,-7.367379456E0
5.668711750E0,-8.009843445E-1,3.859573975E0,-7.045698395E0
5.678724750E0,-1.983974304E0,2.327509918E0,-6.624324646E0
5.688737750E0,-2.550246735E0,1.611848145E0,-6.693780212E0
5.698750750E0,-2.091301117E0,1.471739502E0,-7.672145691E0
5.708763750E0,-9.322613525E-1,1.724863129E0,-8.369695129E0
5.718777750E0,1.264869690E-1,2.213147736E0,-8.295150146E0
5.728790750E0,5.499563599E-1,2.414329376E0,-7.801027679E0
5.738803750E0,7.698490906E-1,2.748584290E0,-7.623496857E0
5.748816750E0,2.142045593E-1,2.806214447E0,-7.657925262E0
5.758830750E0,-9.985734558E-1,1.832938385E0,-7.409441986E0
5.768843750E0,-1.749561768E0,8.011340332E-1,-9.083710327E0
5.778856750E0,-1.327589264E0,1.791773987E-1,-1.138876694E1
5.788869750E0,2.550695801E-1,-2.924917603E-1,-1.152857620E1
5.798883750E0,3.398981781E0,6.673123169E-1,-1.084315155E1
5.808896750E0,8.039332123E0,2.360441437E0,-1.016835480E1
5.818909750E0,1.281170792E1,4.637057190E0,-1.049153275E1
5.828922750E0,1.563678314E1,5.104684753E0,-1.304731796E1
5.838936000E0,1.652249130E1,2.670446777E0,-1.641531418E1
5.848949000E0,1.677262115E1,1.031355286E-1,-1.968122269E1
5.858962000E0,1.836456070E1,-1.556912384E0,-2.083023331E1
5.919042000E0,1.622580826E1,9.879455566E-2,-1.524145523E1
5.929055000E0,1.380579071E1,-7.569758606E-1,-1.594514191E1
5.939068000E0,1.198752182E1,-2.174228668E0,-1.788795181E1
5.949081000E0,1.115555191E1,-2.957849121E0,-1.918455551E1
5.959095000E0,1.151884644E1,-2.755619659E0,-1.925371170E1
5.969108000E0,1.235710327E1,-2.363734589E0,-1.781774780E1
5.979121000E0,1.271650589E1,-2.137554932E0,-1.604438553E1
5.989134000E0,1.204844513E1,-2.584824829E0,-1.479852631E1
5.999148000E0,1.152303772E1,-2.805466003E0,-1.403271881E1
6.009161000E0,1.073552536E1,-2.980302429E0,-1.376896729E1
6.019174000E0,9.404343567E0,-3.471431122E0,-1.332558929E1
6.029187000E0,7.643704834E0,-4.018543396E0,-1.233270401E1
6.039201000E0,6.122418365E0,-4.723128204E0,-1.147738266E1
6.049214000E0,4.786895599E0,-5.352868652E0,-1.160132492E1
6.059227000E0,3.733835449E0,-5.813460846E0,-1.242640915E1
6.069240000E0,3.339854736E0,-6.029761047E0,-1.320389236E1
6.079254000E0,2.756218414E0,-6.027366028E0,-1.438972641E1
6.089267000E0,2.481988678E0,-5.873935089E0,-1.522873169E1
6.099280000E0,2.722837830E0,-5.365891571E0,-1.491782822E1
6.109293000E0,3.087180176E0,-5.120701447E0,-1.394679749E1
6.119307000E0,3.047961731E0,-5.277425537E0,-1.266007324E1
6.129320000E0,2.609224091E0,-5.540877686E0,-1.128009293E1
6.139333000E0,1.990410919E0,-6.140979767E0,-1.020562729E1
6.149347000E0,1.081650696E0,-6.992409210E0,-1.007599686E1
6.159360000E0,4.546046448E-1,-7.521259460E0,-1.055964111E1
6.169373000E0,4.890330505E-1,-7.033274231E0,-1.127949417E1
6.179386000E0,5.378315735E-1,-6.560407562E0,-1.167871399E1
6.189400000E0,8.211923218E-1,-5.986201630E0,-1.176628189E1
6.199413000E0,9.720785522E-1,-5.590873718E0,-1.121033798E1
6.209426000E0,9.499246216E-1,-5.365143127E0,-1.019574783E1
6.219439000E0,7.711962891E-1,-5.435945892E0,-8.680748291E0
6.229453000E0,2.168989563E-1,-5.747597809E0,-6.866071930E0
6.239466000E0,-7.629634094E-1,-5.962550812E0,-4.990322571E0
6.249479000E0,-1.711391144E0,-5.923032990E0,-3.439547424E0
6.259492000E0,-2.538870392E0,-5.482050018E0,-2.283800812E0
6.269506000E0,-2.895578613E0,-4.737049255E0,-1.932032318E0
6.279519000E0,-2.858605499E0,-4.046535187E0,-1.999990997E0
6.289532000E0,-2.929108887E0,-3.228186951E0,-2.278262329E0
6.299545000E0,-2.966231689E0,-2.630928955E0,-2.301314392E0
6.309559000E0,-2.951412506E0,-2.158511353E0,-2.327659607E0
6.319572000E0,-2.879711609E0,-1.654359741E0,-1.969903564E0
6.329585000E0,-3.002306671E0,-1.252445526E0,-1.354832611E0
6.339599000E0,-3.357368317E0,-9.166937256E-1,-9.397457886E-1
6.349612000E0,-3.839365997E0,-5.770500183E-1,-5.566923523E-1
6.359625000E0,-4.368066559E0,-1.248403931E-1,-6.280938721E-1
6.369638000E0,-4.356839905E0,5.007087708E-1,-7.363188171E-1
6.379652000E0,-4.086202698E0,1.388662262E0,-6.381230164E-1
6.389665000E0,-3.822301483E0,1.889969788E0,-8.174501038E-1
6.399678000E0,-3.641477509E0,2.273771667E0,-1.043180695E0
6.409691000E0,-3.569327545E0,2.737207947E0,-1.038989410E0
6.419705000E0,-3.560346222E0,3.346740417E0,-6.884184265E-1
6.429718000E0,-3.587290192E0,3.917503510E0,-7.797285461E-1
6.439731000E0,-3.306623840E0,4.088597717E0,-9.824070740E-1
6.449744000E0,-3.196902008E0,4.128714294E0,-1.068178711E0
6.459758000E0,-2.833906860E0,4.349804535E0,-1.049916687E0
6.469771000E0,-1.933529205E0,4.554429016E0,-3.350033569E-1
6.479784000E0,-8.289761353E-1,5.099894714E0,5.777984619E-2
6.489798000E0,-2.104623413E-1,5.547613678E0,-4.781057739E-1
6.499811000E0,-3.682342529E-2,5.928122406E0,-1.080004120E0
6.509824000E0,2.303709412E-1,6.217171326E0,-1.429377594E0
6.519837000E0,4.864883423E-1,6.128256226E0,-1.436113586E0
6.529851000E0,3.803590393E-1,6.355932770E0,-8.331674194E-1
6.539864000E0,1.062789917E0,6.766977997E0,5.273533630E-1
6.549877000E0,1.957030334E0,6.914720764E0,1.653012543E0
6.559890000E0,2.073338470E0,6.881040802E0,1.922901306E0
6.569904000E0,1.576970673E0,6.900350647E0,1.152004395E0
6.579917000E0,1.239123230E0,7.076983337E0,-4.810995483E-1
6.589930000E0,1.654210052E0,7.318131866E0,-1.560804291E0
6.599943000E0,2.076332245E0,7.467820587E0,-2.038460999E0
6.609957000E0,2.163900146E0,7.514673157E0,-2.203717346E0
6.619970000E0,2.239043884E0,7.751331024E0,-1.872007141E0
6.629983000E0,2.591261444E0,8.155490570E0,-1.548080750E0
6.639997000E0,2.933000793E0,8.455915833E0,-3.010090485E0
6.650010000E0,3.243904266E0,8.509055328E0,-5.859115906E0
6.660023000E0,3.262914734E0,8.452922058E0,-8.659193115E0
6.670036000E0,3.138074341E0,8.200097809E0,-1.091245743E1
6.680050000E0,3.313509521E0,8.371491394E0,-1.212613358E1
6.690063000E0,3.998934174E0,8.908724213E0,-1.313398773E1
6.700076000E0,4.779860229E0,9.053024139E0,-1.491453506E1
6.710089000E0,5.466781769E0,8.895551605E0,-1.635439087E1
6.720103000E0,5.646258545E0,8.334518280E0,-1.819481369E1
6.730116000E0,5.462141418E0,7.395371246E0,-2.029509613E1
6.840261792E0,-1.766326904E-2,3.112477570E0,-1.631981277E1
6.850274792E0,-3.748205566E-1,2.873873749E0,-1.365744919E1
6.860287792E0,-4.668791199E-1,2.851121063E0,-1.157228531E1
6.870301792E0,-3.966751099E-1,2.709814911E0,-1.002854553E1
6.880314792E0,-6.149212646E-1,2.467169495E0,-8.818461914E0
6.890327792E0,-9.987231445E-1,2.188898163E0,-7.746990051E0
6.900340792E0,-1.270108795E0,2.009870453E0,-6.699618073E0
6.910354792E0,-1.269959106E0,1.915566559E0,-5.975873108E0
6.920367792E0,-1.249302063E0,1.991758118E0,-5.575006714E0
6.930380792E0,-1.062789917E0,2.162852325E0,-5.063969421E0
6.940393792E0,-4.659809875E-1,2.466870117E0,-4.310436401E0
6.950407792E0,-5.119354248E-2,2.791994019E0,-3.555556183E0
6.960420792E0,-2.158511353E-1,2.823428650E0,-2.842888184E0
6.970433792E0,-6.550378418E-1,2.852917328E0,-1.973047028E0
6.980447792E0,-1.105600891E0,2.816842346E0,-1.053359528E0
6.990460792E0,-1.401984558E0,2.837050323E0,-5.510041809E-1
7.000473792E0,-1.545835419E0,3.012485504E0,-1.579216003E-1
7.010486792E0,-1.639390869E0,3.101849670E0,2.447410583E-1
7.020500792E0,-1.640738068E0,3.283871155E0,5.972579956E-1
7.030513792E0,-1.539698181E0,3.428769836E0,6.075865173E-1
7.040526792E0,-1.035696259E0,3.972738647E0,5.870791626E-1
7.050539792E0,-1.091230774E-1,4.703219604E0,8.833131409E-1
7.060553792E0,6.135740662E-1,5.144651642E0,1.260528717E0
7.070566792E0,7.026388550E-1,5.422024841E0,1.487007751E0
7.080579792E0,2.642005920E-1,5.563181305E0,1.344055023E0
7.090592792E0,-1.237925720E-1,5.773943024E0,1.006956024E0
7.100606792E0,4.580474854E-2,6.150859222E0,8.764274597E-1
7.110619792E0,3.978726196E-1,6.335425415E0,8.569679260E-1
7.120632792E0,6.626719666E-1,6.347550201E0,1.162781982E0
7.130645792E0,6.493496704E-1,6.137536926E0,1.386416931E0
7.140659792E0,5.034031677E-1,6.414461060E0,1.555714874E0
7.150672792E0,9.520202637E-1,6.956633606E0,2.032323761E0
7.160685792E0,1.552870789E0,7.215146027E0,2.627336426E0
7.170699792E0,1.909429321E0,7.233557739E0,2.689756622E0
7.180712792E0,2.331102448E0,7.160509644E0,2.242187347E0
7.190725792E0,2.775228882E0,7.304061127E0,1.856289825E0
7.200738792E0,3.096460876E0,8.025411072E0,1.896556091E0
7.210752792E0,3.551364899E0,8.556356964E0,2.139650574E0
7.220765792E0,3.852987671E0,8.950936432E0,1.990710297E0
7.230778792E0,4.210294647E0,9.138346710E0,1.653910675E0
7.240791792E0,4.223616943E0,9.126970367E0,8.017327881E-1
7.250805792E0,4.329746246E0,8.955427094E0,-1.489402771E-1
7.260818792E0,4.692591705E0,8.588839417E0,-5.785469055E-1
7.270831792E0,4.924609222E0,8.572373657E0,-5.501060486E-1
7.280844792E0,5.086422729E0,8.804989929E0,-1.059796143E-1
7.290858792E0,5.528004456E0,8.761580200E0,2.739303589E-1
7.300871792E0,6.056255951E0,8.455017700E0,5.780978394E-1
7.310884792E0,6.123017120E0,7.841144257E0,1.161584473E-1
7.320897792E0,5.857169952E0,7.459887085E0,-8.490344238E-1
7.330911792E0,6.032904510E0,7.702233124E0,-1.420096893E0
7.340924792E0,6.503825226E0,7.950117645E0,-1.282383270E0
7.350937792E0,6.946305084E0,8.158334656E0,-8.728349304E-1
7.360950792E0,7.658224640E0,8.072413330E0,3.088078308E-1
7.370964792E0,8.179141388E0,7.422764282E0,1.990111542E0
7.380977792E0,8.041427765E0,6.260281677E0,3.819457397E0
7.390990792E0,7.657925262E0,5.156027985E0,6.213129730E0
7.401004792E0,8.007448425E0,4.651427307E0,9.533375244E0
7.411017792E0,8.104446716E0,4.035907288E0,1.246697479E1
7.421030792E0,6.233038330E0,2.125729523E0,1.152154083E1
7.431043792E0,3.637585602E0,2.652484131E-1,6.769073639E0
7.441057792E0,2.402653656E0,-2.284249878E-1,-5.716612244E-1
7.451070792E0,1.598525848E0,1.369651794E-1,-1.082473984E1
7.461083792E0,1.027313690E0,8.159532166E-1,-2.271676025E1
7.471096792E0,1.008602600E0,2.853965149E0,-3.367696838E1
7.541189792E0,6.985373840E0,6.133345642E0,-1.923245590E1
7.551202792E0,7.021299133E0,6.046376495E0,-1.355880432E1
7.561216792E0,7.812853088E0,5.716163177E0,-9.973759460E0
7.571229792E0,8.275840302E0,5.671106873E0,-7.256759491E0
7.581242792E0,8.707841949E0,5.561983795E0,-4.910089417E0
7.591256792E0,8.236621857E0,6.201753387E0,-1.410367126E0
7.601269792E0,8.034093018E0,6.232738953E0,1.073268127E0
7.611282792E0,6.736142120E0,6.095923462E0,2.524051208E0
7.621295792E0,5.293591919E0,5.670657806E0,3.368594971E0
7.631309792E0,3.387755127E0,4.955744476E0,3.198398895E0
7.641322792E0,2.626438293E0,4.870122528E0,3.127296753E0
7.651335792E0,2.667003937E0,5.112468567E0,3.584595795E0
7.661348792E0,3.142115936E0,5.074597321E0,3.817810822E0
7.671362792E0,4.267026672E0,5.245242462E0,3.672912140E0
7.681375792E0,6.226302338E0,5.942342834E0,2.727029114E0
7.691388792E0,7.815397797E0,7.008126526E0,1.164877625E0
7.701401792E0,8.186176758E0,8.136779480E0,-5.095404053E-1
7.711415792E0,8.116571503E0,8.090076599E0,-1.704804840E0
7.721428792E0,7.626939697E0,7.633076935E0,-2.465223541E0
7.731441792E0,7.107220459E0,7.404801636E0,-2.945574646E0
7.741454792E0,8.153993683E0,7.829318848E0,-3.667373657E0
7.751468792E0,8.523874512E0,8.138426056E0,-5.529351654E0
7.761481792E0,7.363786926E0,7.679779816E0,-7.881111145E0
7.771494792E0,6.159391479E0,7.222181396E0,-9.338779907E0
7.781507792E0,4.728516998E0,6.819518738E0,-9.966873779E0
7.791521792E0,3.316503296E0,7.217391357E0,-9.321116638E0
7.801534792E0,2.045945435E0,7.465275879E0,-8.139623566E0
7.811547792E0,1.320703583E0,7.813451843E0,-7.376959534E0
7.821561792E0,6.462062073E-1,8.194709015E0,-6.963070221E0
7.831574792E0,-1.243913269E-1,8.048463135E0,-6.957831116E0
7.841587917E0,-1.178050232E0,7.462282104E0,-7.045548706E0
7.851600917E0,-2.218985596E0,6.894662476E0,-6.767876129E0
7.861614917E0,-2.139351196E0,7.114555206E0,-5.380261688E0
7.871627917E0,-1.901645508E0,7.520810394E0,-3.544479218E0
7.881640917E0,-2.184108124E0,7.486531677E0,-2.870730286E0
7.891653917E0,-2.878963165E0,6.875951385E0,-2.670446777E0
7.901667917E0,-3.714076538E0,5.964496765E0,-2.365231476E0
7.911680917E0,-4.566853180E0,5.120252380E0,-1.558109894E0
7.921693917E0,-5.239703979E0,4.778962097E0,-2.073188782E-1
7.931706917E0,-5.523513794E0,4.482129364E0,1.269360352E0
7.941720917E0,-5.971382446E0,4.021537170E0,1.822460175E0
7.951733917E0,-6.847809906E0,3.236270142E0,1.652413788E0
7.961746917E0,-7.263944550E0,2.416574707E0,1.734143829E0
7.971759917E0,-6.672973480E0,1.830543365E0,1.960173798E0
7.981773917E0,-5.178780670E0,1.476828918E0,1.698966980E0
7.991786917E0,-2.421065369E0,1.793121185E0,2.125579834E-1
8.001799917E0,1.178050232E-1,2.014660492E0,-2.240241394E0
8.011812917E0,1.654210052E0,1.703757019E0,-4.834346924E0
8.021826917E0,3.495381317E0,2.225871277E0,-8.289461975E0
8.031839917E0,4.764292603E0,2.565365295E0,-1.184846100E1
8.041852917E0,5.143454132E0,2.442321167E0,-1.382120865E1
8.051865917E0,5.239404602E0,1.960323486E0,-1.383707565E1
8.061879917E0,5.989644470E0,1.088237000E-1,-1.285945862E1
8.071892917E0,7.683072968E0,-2.826871490E0,-1.271066803E1
8.081905917E0,1.025128235E1,-5.044659576E0,-1.374097549E1
8.091919917E0,1.418255722E1,-4.738995209E0,-1.449301163E1
8.101932917E0,1.714474731E1,-3.617826691E0,-1.567046310E1
8.111945917E0,1.812625626E1,-2.487078094E0,-1.698143692E1
8.121958917E0,1.847682724E1,-1.657054138E0,-1.796893341E1
8.131972917E0,1.738574615E1,-1.713935852E0,-1.891781021E1
8.141985917E0,1.456022186E1,-2.550396423E0,-2.027713348E1
8.232104917E0,4.716541901E0,-8.033793640E0,-1.787313263E1
8.242117917E0,4.207749939E0,-8.905281372E0,-1.671139847E1
8.252131917E0,3.816613312E0,-9.082512817E0,-1.658925247E1
8.262144917E0,3.883823547E0,-9.012159119E0,-1.693069244E1
8.272157917E0,4.002826080E0,-8.754395142E0,-1.683668793E1
8.282170917E0,3.799548798E0,-8.559949493E0,-1.627176270E1
8.292184917E0,3.068319397E0,-8.377478943E0,-1.549038757E1
8.302197917E0,2.145937500E0,-8.415200500E0,-1.486738312E1
8.312210917E0,1.512903900E0,-8.579558716E0,-1.407807449E1
8.322223917E0,7.256909180E-1,-8.928183746E0,-1.344414276E1
8.332237917E0,-1.173559570E-1,-9.472302246E0,-1.310030777E1
8.342250917E0,-4.492158508E-1,-9.704319763E0,-1.212164291E1
8.352263917E0,-2.935395813E-1,-9.354197845E0,-1.088102280E1
8.362276917E0,4.161346436E-2,-8.817114716E0,-9.875114594E0
8.372290917E0,2.484832764E-1,-8.479716339E0,-9.219328308E0
8.382303917E0,-1.218466187E-1,-8.344996490E0,-8.763825531E0
8.392316917E0,-6.921606445E-1,-7.967331848E0,-8.616980896E0
8.402330917E0,-1.036444702E0,-7.384743347E0,-8.123606873E0
8.412343917E0,-1.244961090E0,-6.947951660E0,-7.339537354E0
8.422356917E0,-1.341959381E0,-6.748865662E0,-6.739584961E0
8.432369917E0,-1.511407013E0,-6.564299469E0,-6.945706329E0
8.442383917E0,-1.566941528E0,-6.257587280E0,-7.225474548E0
8.452396917E0,-1.667382660E0,-5.921536102E0,-6.879394226E0
8.462409917E0,-1.841171265E0,-5.680836639E0,-6.068231049E0
8.472422917E0,-2.163151703E0,-5.439987488E0,-5.145998840E0
8.482436917E0,-2.353855133E0,-5.139861603E0,-3.921844482E0
8.492449917E0,-2.445015564E0,-4.661157074E0,-3.020269318E0
8.502462917E0,-2.701432343E0,-4.220323792E0,-2.851270752E0
8.512475917E0,-3.239413605E0,-3.858376465E0,-2.462828522E0
8.522489917E0,-3.508553925E0,-3.328777771E0,-2.064656525E0
8.532502917E0,-3.528761902E0,-2.913840637E0,-1.721120911E0
8.542515917E0,-3.989803162E0,-2.288291473E0,-1.658700714E0
8.552528917E0,-4.579277344E0,-1.450783081E0,-1.611399078E0
8.562542917E0,-4.923711090E0,-9.451345825E-1,-1.427731018E0
8.572555917E0,-4.903952179E0,-4.083508301E-1,-1.057550812E0
8.582568917E0,-4.775668945E0,-3.582051086E-1,-8.062234497E-1
8.592581917E0,-4.983436890E0,-4.147874451E-1,-1.740580444E0
8.602595917E0,-4.913532257E0,-1.348695374E-1,-2.358645172E0
8.612608917E0,-4.517006836E0,1.275347900E-1,-2.308649139E0
8.622621917E0,-4.243974609E0,7.607180786E-1,-2.549498291E0
8.632634917E0,-3.914809113E0,1.685045929E0,-2.573149109E0
8.642648917E0,-3.345542908E0,2.229014740E0,-1.927691345E0
8.652661917E0,-3.025209045E0,2.618055725E0,-1.390159149E0
8.662674917E0,-2.788401489E0,2.817590790E0,-6.382727051E-1
8.672688917E0,-2.587968292E0,2.893782349E0,4.772076416E-1
8.682701917E0,-1.979932709E0,2.918630676E0,1.188827820E0
8.692714917E0,-1.449585571E0,3.093467102E0,1.312770081E0
8.702727917E0,-1.795665894E0,3.875440979E0,5.709127808E-1
8.712741917E0,-1.819616089E0,4.835993500E0,-6.496490479E-2
8.722754917E0,-1.218915253E0,5.472619629E0,-4.186793518E-1
8.732767917E0,-8.000862122E-1,5.789510651E0,-1.022373962E0
8.742780917E0,-4.930746460E-1,5.723497925E0,-1.216819611E0
8.752794917E0,-8.039781189E-1,5.469925232E0,-6.861730957E-1
8.762807917E0,-1.144669647E0,5.215604095E0,4.388873291E-1
8.772820917E0,-5.899232483E-1,5.083428955E0,1.541195068E0
8.782833917E0,-1.377136230E-1,5.495222626E0,2.064506836E0
8.792847917E0,8.683442688E-1,6.359824677E0,2.395767975E0
8.802860917E0,1.779649200E0,6.593937836E0,2.608924713E0
8.812873917E0,2.535427551E0,6.840475159E0,1.859582977E0
8.822886917E0,3.456162872E0,7.681576080E0,1.375339966E0
8.832900917E0,4.662204895E0,8.547525330E0,1.721420288E-2
8.842914250E0,5.558241577E0,9.297166443E0,-2.210303650E0
8.852927250E0,5.659281464E0,9.443262634E0,-4.093238068E0
8.862940250E0,5.181624756E0,8.431366882E0,-5.269492035E0
8.872954250E0,3.761228485E0,6.312822418E0,-6.940467224E0
8.882967250E0,3.025059357E0,4.489913177E0,-8.931027832E0
8.892980250E0,3.418740692E0,3.744163971E0,-1.156644745E1
8.902993250E0,4.184248810E0,3.482059021E0,-1.610276413E1
8.913007250E0,5.210215302E0,3.873644714E0,-2.176758408E1
8.923020250E0,6.304589539E0,4.458029480E0,-2.767744446E1
9.023153250E0,4.210743713E-1,2.519261169E-1,-1.796788559E1
9.033166250E0,-8.439450073E-1,-1.577719116E-1,-1.526450729E1
9.043179250E0,-1.949845276E0,-1.218466187E-1,-1.245035934E1
9.053192250E0,-2.605781250E0,7.140151978E-2,-9.995164948E0
9.063206250E0,-3.328328705E0,5.102888489E-1,-8.041876831E0
9.073219250E0,-3.842359772E0,5.333409119E-1,-6.608008575E0
9.083232250E0,-4.244273987E0,4.156855774E-1,-6.044280853E0
9.093245250E0,-4.408033447E0,5.682183838E-1,-5.829627228E0
9.103259250E0,-4.122127991E0,9.604028320E-1,-5.783074036E0
9.113272250E0,-3.580105133E0,1.549128571E0,-5.563929749E0
9.123285250E0,-3.066523132E0,2.075434113E0,-4.831203461E0
9.133298250E0,-2.634222107E0,2.394720154E0,-3.887715454E0
9.143312250E0,-2.276915131E0,2.577789459E0,-2.740800476E0
9.153325250E0,-2.265688477E0,2.394869843E0,-1.603166199E0
9.163338250E0,-2.533780975E0,2.153721313E0,-1.238674164E0
9.173351250E0,-2.891836395E0,1.862427063E0,-1.447789307E0
9.183365250E0,-2.948568420E0,1.932930450E0,-1.398841095E0
9.193378250E0,-2.640509033E0,2.312391357E0,-7.390132141E-1
9.203391250E0,-2.307152252E0,2.671943665E0,-4.520599365E-2
9.213405250E0,-2.285447388E0,2.774480438E0,5.099894714E-1
9.223418250E0,-2.189347229E0,2.918930054E0,1.145118713E0
9.233431250E0,-1.612746277E0,3.324287109E0,2.356399841E0
9.243444250E0,-1.071920929E0,3.877835999E0,3.926185455E0
9.253458250E0,-6.165678406E-1,4.288881226E0,4.791535950E0
9.263471250E0,-3.465293884E-1,4.402494965E0,5.215604095E0
9.273484250E0,8.876541138E-2,4.871170349E0,5.226231995E0
9.283497250E0,7.852670288E-1,5.357958069E0,4.634662170E0
9.293511250E0,9.752220154E-1,5.676345978E0,3.387156372E0
9.303524250E0,3.878434753E-1,5.961053925E0,2.511776733E0
9.313537250E0,1.661544800E-2,6.135141907E0,2.398312683E0
9.323550250E0,4.670288086E-2,6.180946655E0,2.908601532E0
9.333564250E0,1.646575928E-1,6.065985718E0,3.524570618E0
9.343577250E0,1.692979431E-1,6.067482605E0,3.903881836E0
9.353590250E0,3.866459656E-1,6.057902527E0,4.445605316E0
9.363603250E0,1.467847595E0,6.727160797E0,5.226231995E0
9.373617250E0,3.228037262E0,7.684420166E0,6.229146423E0
9.383630250E0,4.450545044E0,8.009394379E0,6.706204376E0
9.393643250E0,4.589156799E0,7.624694366E0,6.172115021E0
9.403656250E0,4.744084625E0,7.366331635E0,5.280569000E0
9.413670250E0,5.182223511E0,7.030130768E0,4.592449951E0
9.423683250E0,5.239554291E0,6.694378967E0,3.880530396E0
9.433696250E0,5.254523163E0,6.219716034E0,3.111878815E0
9.443709250E0,5.518873444E0,6.490802307E0,3.387904816E0
9.453723250E0,6.116430817E0,6.876400452E0,3.401077423E0
9.463736250E0,7.469317474E0,6.959627380E0,2.413281555E0
9.473749250E0,8.969048767E0,7.207212524E0,1.265917511E0
9.483762250E0,1.003737717E1,7.198829956E0,3.576063538E-1
9.493776250E0,1.084449875E1,6.402785339E0,3.162922668E-1
9.503789250E0,1.158276352E1,5.728287964E0,1.278341675E0
9.513802250E0,1.237596405E1,5.696254578E0,3.312461700E0
9.523815250E0,1.290211990E1,5.173691254E0,6.569987640E0
9.533829250E0,1.362676300E1,4.308490448E0,1.053179901E1
9.543842250E0,1.460557755E1,2.987337799E0,1.317006271E1
9.553855250E0,1.463641342E1,1.201850739E0,1.245230530E1
9.563868250E0,1.462728241E1,-3.764671326E-1,8.980275421E0
9.573882250E0,1.485031860E1,-1.694775696E0,5.902226257E0
9.583895250E0,1.477188171E1,-2.813399506E0,3.440595245E0
9.593908250E0,1.292921356E1,-3.466042328E0,-3.271596680E0
9.603922250E0,1.054197784E1,-3.231779480E0,-1.323742264E1
9.613935250E0,9.374256134E0,-1.853894806E0,-2.284444473E1
9.623948250E0,1.054661819E1,1.035396881E0,-3.017994049E1
9.714067250E0,4.785249023E0,3.016078033E0,-1.801758224E1
9.724081250E0,4.448449402E0,1.905687103E0,-1.316542236E1
9.734094250E0,4.188140717E0,1.641935577E0,-9.377249908E0
9.744107250E0,5.264252930E0,1.933978271E0,-7.309150543E0
9.754120250E0,6.299350433E0,2.145189056E0,-6.050418091E0
9.764134250E0,7.198380890E0,2.273023224E0,-5.041216736E0
9.774147250E0,7.672145691E0,2.282004547E0,-3.718866577E0
9.784160250E0,8.330326996E0,2.043400726E0,-2.927013245E0
9.794173250E0,7.949818268E0,1.411714325E0,-1.910926208E0
9.804187250E0,7.338639221E0,2.734812927E-1,-9.617500305E-1
9.814200250E0,5.728437653E0,-4.029620361E-1,3.016227722E-1
9.824213250E0,4.585713959E0,-1.207239532E0,7.565267944E-1
9.834226250E0,2.986289978E0,-2.049687653E0,-2.083666992E-1
9.844240250E0,2.436483307E0,-2.232457581E0,-9.433383179E-1
9.854253250E0,2.557282104E0,-2.071392517E0,-1.293909302E0
9.864266250E0,2.813399506E0,-2.013912048E0,-1.631307678E0
9.874279250E0,3.175496521E0,-1.763482819E0,-2.041903839E0
9.884293250E0,3.175197144E0,-1.773811340E0,-2.766696625E0
9.894306250E0,2.640359344E0,-2.157164154E0,-3.895648956E0
9.904319250E0,2.404599609E0,-2.073039093E0,-4.792284393E0
9.914333250E0,2.904859314E0,-1.517095184E0,-4.694387970E0
9.924346250E0,3.825145569E0,-1.046623535E0,-4.105063477E0
9.934359250E0,4.313430176E0,-7.475454712E-1,-3.623664551E0
9.944372250E0,4.745731201E0,3.975732422E-1,-3.802692261E0
9.954386250E0,5.119653625E0,1.564247131E0,-4.565955048E0
9.964399250E0,4.441563721E0,1.554068298E0,-5.049000549E0
9.974412250E0,2.692301331E0,1.407672729E0,-5.093009033E0
9.984425250E0,1.607207794E0,1.110540619E0,-5.069507904E0
9.994439250E0,5.210664368E-1,5.605842590E-1,-4.352199554E0
1.000445225E1,-7.207511902E-1,6.855743408E-2,-3.801794128E0
1.001446525E1,-1.545386353E0,-2.110610962E-2,-4.291575623E0
1.002447825E1,-1.568288727E0,2.625540161E-1,-4.768034821E0
1.003449225E1,-2.556383972E0,8.931925964E-1,-3.909120941E0
1.004450525E1,-1.907932434E0,2.568658447E0,-3.782633972E0
1.005451825E1,-1.229243774E0,3.827540588E0,-4.130660248E0
1.006453125E1,-8.213420105E-1,4.378095703E0,-4.453089752E0
1.007454525E1,-3.592529297E-3,4.520898743E0,-3.908821564E0
1.008455825E1,6.310876465E-1,3.821553040E0,-2.748284912E0
1.009457125E1,1.293909302E0,3.143163757E0,-1.512005768E0
1.010458425E1,2.386337585E0,2.359393616E0,-5.164260864E-2
1.011459825E1,4.209246826E0,2.020198975E0,3.031196594E-1
1.012461125E1,6.668033752E0,2.476749573E0,-7.470964050E-1
1.013462425E1,8.613238678E0,3.287313995E0,-2.418370972E0
1.014463725E1,9.218280487E0,3.926035767E0,-4.063000946E0
1.015465125E1,8.568182373E0,3.849395142E0,-4.940476227E0
1.016466425E1,8.289012909E0,3.479364624E0,-5.071154480E0
1.017467725E1,8.800499268E0,2.140548706E0,-4.860392761E0
1.018469125E1,1.034708313E1,9.726773071E-1,-5.013374634E0
1.019470425E1,1.319461166E1,1.416654053E0,-5.185067596E0
1.020471725E1,1.675780197E1,2.741249542E0,-6.105802917E0
1.021473025E1,1.923170746E1,4.295018463E0,-8.297545166E0
1.022474425E1,1.992536499E1,4.935686188E0,-1.018916153E1
1.023475725E1,1.879701141E1,3.617078247E0,-1.154579041E1
1.024477025E1,1.750175491E1,7.364685059E-2,-1.269779480E1
1.025478325E1,1.851050720E1,-2.572700043E0,-1.227028381E1
1.026479725E1,2.186488174E1,-1.390009460E0,-1.130060028E1
1.032487625E1,1.772269547E1,-5.843847656E-1,-1.671903259E1
1.033488925E1,1.648686539E1,-1.698817291E0,-1.804228088E1
1.034490325E1,1.607058105E1,-2.065105591E0,-1.927990723E1
1.035491625E1,1.658970154E1,-2.118245087E0,-1.947270630E1
1.036492925E1,1.721749603E1,-2.050136719E0,-1.848805389E1
1.037494225E1,1.662278275E1,-2.373464355E0,-1.754651184E1
1.038495625E1,1.515613266E1,-3.024310913E0,-1.732063156E1
1.039496925E1,1.383857254E1,-3.422782288E0,-1.746927246E1
1.040498225E1,1.278850616E1,-3.777095490E0,-1.730416580E1
1.041499525E1,1.124057510E1,-4.428091736E0,-1.680210983E1
1.042500925E1,9.519753571E0,-5.347629547E0,-1.713950821E1
1.043502225E1,8.415350189E0,-6.022575989E0,-1.746912277E1
1.044503525E1,7.583679657E0,-6.438411255E0,-1.737706421E1
1.045504825E1,7.229665833E0,-6.865173798E0,-1.645587982E1
1.046506225E1,7.147486725E0,-7.077282715E0,-1.499087631E1
1.047507525E1,6.810387726E0,-7.264543304E0,-1.393482239E1
1.048508825E1,6.333180084E0,-7.475305023E0,-1.296903076E1
1.049510125E1,5.786666565E0,-7.596702576E0,-1.199246155E1
1.050511525E1,5.213508453E0,-7.715106354E0,-1.112606323E1
1.051512825E1,4.912334747E0,-7.719746704E0,-1.008363098E1
1.052514125E1,4.514611816E0,-7.619155884E0,-9.613009644E0
1.053515425E1,3.887565765E0,-7.490872650E0,-9.953252106E0
1.054516825E1,3.685935059E0,-7.303612061E0,-9.856253815E0
1.055518125E1,3.382815399E0,-7.051985321E0,-9.705517273E0
1.056519425E1,2.884651337E0,-6.962770844E0,-9.457932129E0
1.057520825E1,2.388283539E0,-6.669979706E0,-8.803193665E0
1.058522125E1,2.429897003E0,-6.267616425E0,-8.153993683E0
1.059523425E1,2.397863617E0,-5.967640228E0,-7.648494873E0
1.060524725E1,1.819316711E0,-5.909111938E0,-7.483687592E0
1.061526125E1,1.185085602E0,-5.855972443E0,-7.437583466E0
1.062527425E1,9.599537659E-1,-5.609435120E0,-6.907086639E0
1.063528725E1,9.259744263E-1,-5.233566742E0,-6.472390594E0
1.064530025E1,6.658154297E-1,-4.954546967E0,-6.615642700E0
1.065531425E1,4.680766296E-1,-4.627028046E0,-6.296206970E0
1.066532725E1,4.474195862E-1,-4.262985077E0,-5.349725189E0
1.067534025E1,2.689906311E-1,-3.931723938E0,-4.205654297E0
1.068535325E1,-1.859133911E-1,-3.829785919E0,-3.027454376E0
1.069536725E1,-6.316864014E-1,-3.474424896E0,-2.158211975E0
1.070538025E1,-8.646020508E-1,-2.947670288E0,-1.899998932E0
1.071539325E1,-9.641450500E-1,-2.580034790E0,-2.488724670E0
1.072540625E1,-6.306385803E-1,-2.019001465E0,-2.346221008E0
1.073542025E1,-8.083190918E-3,-1.357377319E0,-1.433119812E0
1.074543325E1,5.650749207E-1,-8.393046570E-1,-3.002755737E-1
1.075544625E1,8.114625549E-1,-6.453080750E-1,8.758287048E-1
1.076545925E1,1.866618347E-1,-5.638774109E-1,1.494342499E0
1.077547325E1,-5.646258545E-1,-3.616479492E-1,2.017803955E0
1.078548625E1,-1.025667114E0,-4.580474854E-2,3.058290253E0
1.079549925E1,-9.104067993E-1,4.550537109E-1,3.205134888E0
1.080551225E1,-5.095404053E-1,9.237290955E-1,2.378254395E0
1.081552625E1,7.589218140E-2,1.443897400E0,1.991309052E0
1.082553925E1,3.478765869E-1,1.998943176E0,1.897753601E0
1.083555225E1,6.222560120E-1,2.767594757E0,1.816921692E0
1.084556550E1,1.290316772E0,3.389252014E0,2.310146027E0
1.085557950E1,1.575922852E0,3.690126343E0,2.546205139E0
1.086559250E1,1.233734436E0,3.873644714E0,3.196902008E0
1.087560550E1,1.021475830E0,3.677702179E0,4.335733795E0
1.088561950E1,1.075812836E0,3.452420654E0,4.816983032E0
1.089563250E1,1.324595490E0,3.286715240E0,4.283193054E0
1.090564550E1,1.409169617E0,3.373235321E0,3.080294495E0
1.091565850E1,1.390308838E0,3.575165405E0,1.807191925E0
1.092567250E1,1.539249115E0,4.154760132E0,1.219663696E0
1.093568550E1,2.101929016E0,4.975503387E0,1.742227020E0
1.094569850E1,3.307372284E0,5.260959778E0,2.781066742E0
1.095571150E1,3.827989655E0,4.741390228E0,3.381168823E0
1.096572550E1,3.932472382E0,3.773952026E0,3.129392395E0
1.097573850E1,4.509372711E0,2.913541260E0,9.134005737E-1
1.098575150E1,5.367687836E0,2.713108063E0,-2.423759766E0
1.099576450E1,6.380781097E0,3.412004700E0,-6.432124329E0
1.100577850E1,6.991810455E0,4.002377014E0,-1.102217926E1
1.101579150E1,7.396718445E0,4.115391998E0,-1.507949203E1
1.102580450E1,9.111851807E0,4.462669830E0,-1.787103699E1
1.103581750E1,1.165476379E1,4.892725525E0,-1.967538483E1
1.104583150E1,1.290406586E1,4.613406372E0,-2.173869415E1
1.116599050E1,8.036787415E0,9.693841553E-1,-1.860930176E1
1.117600350E1,6.729705505E0,5.646258545E-1,-1.687291260E1
1.118601650E1,5.697901154E0,4.525090027E-1,-1.553245010E1
1.119603050E1,4.944218445E0,4.082011414E-1,-1.399230286E1
1.120604350E1,4.329895935E0,1.047821045E-1,-1.255903336E1
1.121605650E1,3.666625214E0,-1.553768921E-1,-1.107052872E1
1.122606950E1,3.252885590E0,-1.939965820E-1,-9.447304230E0
1.123608350E1,2.906206512E0,-6.271957397E-2,-8.542884979E0
1.124609650E1,2.381248169E0,-1.592687988E-1,-8.256530457E0
1.125610950E1,1.369053040E0,-4.875361633E-1,-7.500602417E0
1.126612250E1,6.334826660E-1,-4.186793518E-1,-6.170468445E0
1.127613650E1,2.248324585E-1,-4.314028931E-1,-4.775369568E0
1.128614950E1,-2.068698120E-1,-3.579057312E-1,-3.381168823E0
1.129616250E1,-5.507048035E-1,-3.517684937E-1,-2.041454773E0
1.130617550E1,-4.504133606E-1,-2.116598511E-1,-1.087488556E0
1.131618950E1,-1.124162292E-1,9.325607300E-2,-5.516029358E-1
1.132620250E1,-3.251239014E-1,2.511776733E-1,-7.970924377E-1
1.133621550E1,-7.818241882E-1,5.104385376E-2,-9.867480469E-1
1.134622850E1,-8.698411560E-1,4.460723877E-2,-2.456391907E-1
1.135624250E1,-9.054670715E-1,2.803669739E-1,7.800279236E-1
1.136625550E1,-1.013542328E0,5.626799011E-1,1.812880096E0
1.137626850E1,-9.978250122E-1,8.214916992E-1,2.771786041E0
1.138628150E1,-5.746549988E-1,1.140029297E0,3.247646484E0
1.139629550E1,2.799179077E-2,1.512454834E0,2.988235931E0
1.140630850E1,2.718347168E-1,1.484013977E0,2.809657288E0
1.141632150E1,1.830693054E-1,1.470691681E0,3.085533600E0
1.142633450E1,-1.737886047E-1,1.770817566E0,3.515738983E0
1.143634850E1,-1.392105103E-1,2.067500610E0,4.328848114E0
1.144636150E1,4.899311829E-1,2.394570465E0,5.313201141E0
1.145637450E1,1.087488556E0,2.613115997E0,6.017785950E0
1.146638750E1,1.252295837E0,2.304757233E0,5.875881042E0
1.147640150E1,1.400936737E0,1.844015350E0,5.666466522E0
1.148641450E1,2.208507385E0,1.777852936E0,6.074817352E0
1.149642750E1,3.551813965E0,2.356399841E0,6.508764954E0
1.150644150E1,4.453688507E0,2.955005035E0,6.942562866E0
1.151645450E1,4.663701782E0,3.482208710E0,7.358697510E0
1.152646750E1,4.433630219E0,3.685485992E0,8.243507538E0
1.153648050E1,4.103865967E0,3.619922333E0,8.824599152E0
1.154649450E1,3.885619812E0,3.242706757E0,9.078620911E0
1.155650750E1,4.084107056E0,2.861748962E0,8.766968994E0
1.156652050E1,4.919669495E0,2.774779816E0,7.842192078E0
1.157653350E1,5.802234192E0,2.790197754E0,6.863826599E0
1.158654750E1,6.547384644E0,3.002755737E0,6.286926270E0
1.159656050E1,7.188052368E0,3.133134613E0,5.943390656E0
1.160657350E1,7.611970825E0,3.100801849E0,6.335126038E0
1.161658650E1,8.032147064E0,3.022364960E0,6.722221069E0
1.162660050E1,8.201145630E0,2.215542755E0,6.583459625E0
1.163661350E1,8.228089600E0,1.497336273E0,6.397845612E0
1.164662650E1,8.743018799E0,7.509883118E-1,6.454727325E0
1.165663950E1,9.500743103E0,8.068222046E-2,6.345604248E0
1.166665350E1,1.012165192E1,2.321672058E-1,5.876779175E0
1.167666650E1,1.105017105E1,7.328759766E-1,5.143454132E0
1.168667950E1,1.240186020E1,1.077758789E0,4.550836487E0
1.169669250E1,1.327738953E1,7.682025146E-1,4.732408905E0
1.170670650E1,1.331436264E1,-1.936972046E-1,5.611381073E0
1.171671950E1,1.292142975E1,-1.631307678E0,6.893015900E0
1.172673250E1,1.255783585E1,-3.544479218E0,8.350235596E0
1.173674550E1,1.219588852E1,-5.469925232E0,9.822124786E0
1.174675950E1,1.147977768E1,-7.490124207E0,1.110076584E1
1.175677250E1,1.054646851E1,-9.377399597E0,1.161315033E1
1.176678550E1,9.813293152E0,-1.129970215E1,1.177556259E1
1.177679950E1,9.717192993E0,-1.240066269E1,1.185519699E1
1.178681250E1,1.140164017E1,-1.239961487E1,1.146675476E1
1.179682550E1,1.441607162E1,-1.189471481E1,1.080962128E1
1.180683850E1,1.746059052E1,-1.238419693E1,7.562723236E0
1.181685250E1,1.823987000E1,-1.267983215E1,1.758543091E0
1.182686550E1,1.932256851E1,-1.262504608E1,-3.799249420E0
1.183687850E1,2.107063339E1,-1.120569763E1,-1.005668701E1
1.193701163E1,1.831471436E1,8.686436462E-1,-1.838416992E1
1.194702463E1,1.798509979E1,6.668632507E-1,-1.615081421E1
1.195703763E1,1.776655426E1,4.424798584E-1,-1.454929459E1
1.196705063E1,1.782089127E1,4.632865906E-1,-1.323862015E1
1.197706462E1,1.798165695E1,2.749781799E-1,-1.223735229E1
1.198707762E1,1.795186890E1,-2.140548706E-1,-1.100391724E1
1.199709063E1,1.724279343E1,-1.238823853E0,-9.447304230E0
1.200710463E1,1.494043121E1,-3.117267609E0,-7.138804779E0
1.201711763E1,1.347961899E1,-4.572092285E0,-5.109923859E0
1.202713063E1,1.273012756E1,-5.391039276E0,-3.393892365E0
1.203714363E1,1.144714554E1,-5.836662598E0,-1.426982574E0
1.204715763E1,1.147199387E1,-5.703888702E0,3.350033569E-1
1.205717063E1,1.050305878E1,-5.500012665E0,1.945354614E0
1.206718363E1,9.109307098E0,-5.582491150E0,3.514242096E0
1.207719663E1,7.859855347E0,-5.811814270E0,4.271367645E0
1.208721062E1,6.037993927E0,-6.083499298E0,4.416715393E0
1.209722362E1,4.268673248E0,-6.264772339E0,3.973636780E0
1.210723663E1,2.862048340E0,-6.226302338E0,3.186124420E0
1.211724963E1,2.132016449E0,-6.159541168E0,2.298170929E0
1.212726363E1,1.741478577E0,-5.959856415E0,8.247848511E-1
1.213727663E1,6.339317322E-1,-5.973627777E0,-1.554816742E0
1.214728963E1,-6.737489319E-1,-6.379882965E0,-4.326902161E0
1.215730262E1,-3.351530457E-1,-5.995632019E0,-7.107070770E0
1.216731663E1,1.074765015E0,-4.466561737E0,-8.933273163E0
1.217732963E1,2.692600708E0,-3.366798706E0,-9.751322021E0
1.218734263E1,5.358706512E0,-1.741328888E0,-9.493857422E0
1.219735563E1,7.575147400E0,1.044827271E-1,-8.455616455E0
1.220736962E1,7.869435425E0,2.763253784E-1,-7.290439453E0
1.221738263E1,7.245832214E0,-3.998185730E-1,-5.979615326E0
1.222739563E1,6.218668213E0,-1.164278870E0,-5.440286865E0
1.223740863E1,5.067561951E0,-1.792971497E0,-5.436095581E0
1.224742263E1,4.398004303E0,-2.062710571E0,-5.093158722E0
1.225743563E1,4.179159393E0,-2.196681976E0,-4.630171509E0
1.226744862E1,4.344415741E0,-2.014061737E0,-4.076472931E0
1.227746263E1,5.372028809E0,-1.740580444E0,-3.861819305E0
1.228747563E1,7.189998322E0,-1.621577911E0,-4.141288147E0
1.229748863E1,1.015548157E1,-1.559457092E0,-4.973407745E0
1.230750163E1,1.379276779E1,-4.074526978E-1,-5.775290222E0
1.231751562E1,1.694371536E1,1.223405914E0,-6.225254517E0
1.232752863E1,1.811787369E1,1.931583252E0,-6.548432465E0
1.233754163E1,1.697724564E1,1.210532684E0,-6.734495544E0
1.234755463E1,1.524534714E1,-3.770658875E-1,-7.297624512E0
1.235756863E1,1.514894760E1,-1.569336548E0,-8.834777985E0
1.236758163E1,1.751417908E1,-1.207538910E0,-9.332642670E0
1.237759462E1,2.093935638E1,-3.291654968E-1,-9.552086334E0
1.238760762E1,2.397234924E1,5.373825073E-1,-1.017733612E1
1.246771363E1,1.830678085E1,-3.142864380E0,-1.241652969E1
1.247772763E1,1.706885513E1,-3.121608582E0,-1.126018433E1
1.248774062E1,1.638657394E1,-3.211421814E0,-9.715396729E0
1.249775362E1,1.545760574E1,-3.590583344E0,-7.752378845E0
1.250776763E1,1.349339035E1,-4.474495239E0,-7.376211090E0
1.251778063E1,1.151989426E1,-5.349575500E0,-8.146808624E0
1.252779363E1,9.890233154E0,-5.821244659E0,-8.956923981E0
1.253780663E1,8.707392883E0,-6.026018829E0,-9.786049805E0
1.254782062E1,7.784112854E0,-6.118825836E0,-9.985734558E0
1.255783363E1,7.104675751E0,-6.332880707E0,-9.989626465E0
1.256784663E1,6.286477203E0,-6.780899048E0,-9.644743652E0
1.257785963E1,5.244943085E0,-7.235354004E0,-9.174721069E0
1.258787363E1,4.446204071E0,-7.672145691E0,-9.044042816E0
1.259788663E1,3.957919464E0,-8.026758270E0,-9.040599976E0
1.260789962E1,3.409909058E0,-8.134534149E0,-9.513316956E0
1.261791262E1,3.007096710E0,-7.934400330E0,-1.028107040E1
1.262792663E1,2.837050323E0,-7.455845490E0,-1.087024521E1
1.263793963E1,2.414029999E0,-7.248526611E0,-1.079540085E1
1.264795263E1,1.664089508E0,-7.172335052E0,-9.757159882E0
1.265796563E1,4.299060059E-1,-7.446265411E0,-8.877439270E0
1.266797963E1,-8.833131409E-1,-7.650740204E0,-8.521928558E0
1.267799263E1,-1.414708099E0,-7.472311249E0,-7.772586823E0
1.268800563E1,-1.613494720E0,-7.256609802E0,-6.587201843E0
1.269801963E1,-2.092199249E0,-7.134613495E0,-5.507048035E0
1.270803263E1,-2.855462036E0,-6.768175507E0,-4.257745972E0
1.271804562E1,-3.230132904E0,-6.147117004E0,-3.116070099E0
1.272805862E1,-3.484004974E0,-5.362748108E0,-2.103126526E0
1.273807263E1,-3.771706696E0,-4.750221863E0,-1.240470428E0
1.274808563E1,-4.098477173E0,-4.237687683E0,-4.968168640E-1
1.275809863E1,-4.170477448E0,-3.627556458E0,3.047662354E-1
1.276811163E1,-3.818858643E0,-2.807262268E0,8.153544617E-1
1.277812563E1,-3.925586700E0,-2.438728638E0,4.849914551E-2
1.278813863E1,-4.455335083E0,-2.353855133E0,-8.837622070E-1
1.279815163E1,-4.632117462E0,-1.938768311E0,-1.060095520E0
1.280816463E1,-4.252506866E0,-1.522633667E0,-1.058149567E0
1.281817863E1,-3.660487976E0,-7.837701416E-1,-5.423222351E-1
1.282819162E1,-2.665207672E0,4.174818420E-1,1.698966980E-1
1.283820462E1,-1.531315613E0,1.173260193E0,8.328680420E-1
1.284821712E1,-8.250842285E-1,1.361568604E0,1.651665344E0
1.285823113E1,-4.834945679E-1,1.603914642E0,2.550097046E0
1.286824413E1,-1.438508606E-1,1.672023010E0,3.553610229E0
1.287825713E1,6.777905273E-1,2.053579559E0,4.588857422E0
1.288827112E1,1.476679230E0,2.879412231E0,4.984484711E0
1.289828412E1,2.359543304E0,3.891906738E0,4.720733185E0
1.290829712E1,3.388353882E0,5.326972504E0,4.182602234E0
1.291831013E1,4.794829102E0,6.569239197E0,3.937112732E0
1.292832413E1,5.640720062E0,7.120692444E0,4.033063202E0
1.293833713E1,5.852080536E0,7.187603302E0,4.327351227E0
1.294835013E1,6.180497589E0,6.733597412E0,4.544549561E0
1.295836312E1,6.101312256E0,6.138734436E0,4.045786743E0
1.296837713E1,6.570137329E0,5.885311432E0,2.936892700E0
1.297839013E1,7.796537018E0,5.955066376E0,1.326541443E0
1.298840313E1,9.528136139E0,6.123765564E0,-1.097667389E0
1.299841613E1,1.111768066E1,6.060596924E0,-4.902904358E0
1.300843012E1,1.188169189E1,5.512287140E0,-9.915979614E0
1.301844312E1,1.132784363E1,4.229155426E0,-1.559846283E1
1.302845613E1,1.039947418E1,3.369044037E0,-2.133198990E1
1.303846913E1,1.026146118E1,3.058889008E0,-2.580738327E1
1.313860213E1,4.272864532E0,6.186634827E-1,-1.760788422E1
1.314861513E1,3.748355255E0,7.720944214E-1,-1.617925507E1
1.315862913E1,3.489543457E0,8.180488586E-1,-1.469509140E1
1.316864213E1,2.962788849E0,8.571176147E-1,-1.276470566E1
1.317865513E1,2.326162720E0,8.358618164E-1,-1.046294220E1
1.318866812E1,1.609153748E0,6.158193970E-1,-8.149652710E0
1.319868213E1,7.517367554E-1,3.547622681E-2,-6.005960541E0
1.320869513E1,-3.085084534E-1,-7.114704895E-1,-3.954027557E0
1.321870813E1,-9.169931030E-1,-1.018781433E0,-2.223176880E0
1.322872113E1,-9.548643494E-1,-1.224154358E0,-7.448510742E-1
1.323873512E1,-5.667214966E-1,-8.107141113E-1,6.167175293E-1
1.324874813E1,1.646575928E-1,-4.715194702E-2,1.743723907E0
1.325876113E1,5.800437927E-1,6.345304871E-1,2.469863892E0
1.326877513E1,5.568420410E-1,8.568182373E-1,3.151097260E0
1.327878813E1,1.796264648E-1,7.343728638E-1,3.745062103E0
1.328880113E1,-7.020401001E-2,8.593629456E-1,4.099674683E0
1.329881412E1,6.676116943E-2,1.063688049E0,4.143234100E0
1.330882813E1,-3.375480652E-1,1.107995911E0,3.816313934E0
1.331884113E1,-7.926017761E-1,1.033600616E0,3.891457672E0
1.332885413E1,-9.690847778E-1,1.148711243E0,4.354145508E0
1.333886713E1,-7.530839539E-1,1.284927979E0,5.115013275E0
1.334888112E1,1.128652954E-1,1.582658844E0,6.202950897E0
1.335889413E1,1.429976349E0,2.010020142E0,7.400011597E0
1.336890713E1,2.704276428E0,2.446063385E0,8.209378510E0
1.337892013E1,3.394790497E0,2.725083160E0,8.322543182E0
1.338893413E1,3.464695129E0,2.742746429E0,7.717052307E0
1.339894713E1,3.480861511E0,3.019520874E0,7.180867310E0
1.340896012E1,3.502416687E0,3.692521362E0,7.039112091E0
1.341897413E1,3.320544891E0,4.476141815E0,6.897207184E0
1.342898713E1,3.274291077E0,4.751569061E0,7.306755524E0
1.343900013E1,3.449127502E0,4.710853729E0,8.194709015E0
1.344901313E1,4.028422852E0,4.582869873E0,8.582253113E0
1.345902712E1,4.813540192E0,4.215683441E0,8.831634521E0
1.346904012E1,5.601651306E0,3.695515137E0,9.057814178E0
1.347905313E1,6.148015137E0,3.382216644E0,9.336833954E0
1.348906613E1,6.718329163E0,3.342399445E0,1.001971390E1
1.349908013E1,7.953859863E0,2.946472778E0,1.109941864E1
1.350909313E1,9.567055206E0,2.157613220E0,1.173454788E1
1.351910612E1,1.098595459E1,1.375040588E0,1.172541687E1
1.352911912E1,1.224034607E1,5.173242188E-1,1.113414642E1
1.353913313E1,1.307366318E1,-4.096980286E-1,1.110256210E1
1.354914613E1,1.340567276E1,-1.497186584E0,1.159249329E1
1.355915913E1,1.325433746E1,-2.351011047E0,1.261067596E1
1.356917312E1,1.289149200E1,-2.692151642E0,1.449376007E1
1.357918612E1,1.265932480E1,-4.071233826E0,1.536030807E1
1.358919913E1,1.227791794E1,-5.933660889E0,1.448358124E1
1.359921213E1,1.234677475E1,-7.105873260E0,1.112456635E1
1.360922613E1,1.234857101E1,-7.780071259E0,5.851781158E0
1.361923913E1,1.279748749E1,-7.077582092E0,-6.439608765E-1
1.362925213E1,1.405756714E1,-4.368216248E0,-6.192322998E0
1.363926512E1,1.520103928E1,-1.429227905E0,-1.019335281E1
1.364927913E1,1.543515244E1,1.182540894E-2,-1.106379272E1
1.365929213E1,1.515972519E1,3.547622681E-1,-1.067624863E1
1.366930513E1,1.554262894E1,1.200802917E0,-1.329101120E1
1.367931813E1,1.716405716E1,2.838397522E0,-1.856753860E1
1.368933212E1,1.891331955E1,4.753664703E0,-2.433205124E1
1.373939813E1,1.654314835E1,6.141129456E0,-1.639016647E1
1.374941112E1,1.537737259E1,5.102888489E0,-1.322814194E1
1.375942513E1,1.527857803E1,4.198169861E0,-1.112666199E1
1.376943813E1,1.568064194E1,3.716920624E0,-9.736203461E0
1.377945113E1,1.608300522E1,3.494183807E0,-8.284671936E0
1.378946413E1,1.580144073E1,2.989283752E0,-7.217690735E0
1.379947812E1,1.483849319E1,2.047741699E0,-6.570586395E0
1.380949113E1,1.350536545E1,9.714797974E-1,-6.305637360E0
1.381950413E1,1.222762253E1,6.376739502E-2,-5.937253418E0
1.382951713E1,1.127395569E1,-6.486012268E-1,-5.384752350E0
1.383953113E1,1.094628708E1,-8.678952026E-1,-4.582271118E0
1.384954392E1,1.076142151E1,-1.035845947E0,-3.693718872E0
1.385955692E1,1.033286270E1,-1.178050232E0,-2.853815460E0
1.386957092E1,9.837692413E0,-1.199306030E0,-2.071991272E0
1.387958392E1,9.621242523E0,-1.209484863E0,-1.773062897E0
1.388959692E1,9.433532867E0,-1.285975800E0,-1.937720490E0
1.389960992E1,8.888366547E0,-1.526226196E0,-2.260898438E0
1.390962392E1,7.799680481E0,-1.969005432E0,-2.455942841E0
1.391963692E1,6.615043945E0,-2.476749573E0,-2.381846924E0
1.392964992E1,5.672304382E0,-3.023263092E0,-2.058070221E0
1.393966292E1,4.914729767E0,-3.356769562E0,-1.377734985E0
1.394967692E1,4.183051300E0,-3.635040894E0,-2.585124207E-1
1.395968992E1,3.453019409E0,-3.888763275E0,2.549198914E-1
1.396970292E1,3.095113678E0,-4.067940674E0,-1.466949463E-2
1.397971592E1,3.330124969E0,-3.644770660E0,-6.128256226E-1
1.398972992E1,4.313280487E0,-2.514920197E0,-1.805395660E0
1.399974292E1,4.760700073E0,-1.518891449E0,-2.941982117E0
1.400975592E1,4.454886017E0,-1.260977783E0,-3.694617004E0
1.401976992E1,3.456013184E0,-1.453327789E0,-4.117038574E0
1.402978292E1,2.482288055E0,-2.188898163E0,-3.980073395E0
1.403979592E1,1.679208069E0,-3.230881348E0,-3.097508698E0
1.404980892E1,9.211843872E-1,-4.164190521E0,-2.909649353E0
1.405982292E1,1.058898010E0,-4.387675781E0,-4.222868500E0
1.406983592E1,2.480641479E0,-3.623215485E0,-5.725443878E0
1.407984892E1,4.217330017E0,-2.588866425E0,-6.633605347E0
1.408986192E1,5.657934265E0,-1.758243713E0,-6.902595978E0
1.409987592E1,6.990612946E0,-9.289682007E-1,-7.073989563E0
1.410988892E1,7.805218964E0,-4.085005188E-1,-7.482490082E0
1.411990192E1,7.467970276E0,-9.053173828E-1,-8.002658386E0
1.412991492E1,6.333180084E0,-2.273023224E0,-8.183931427E0
1.413992892E1,5.812263336E0,-3.589535522E0,-7.714058533E0
1.414994192E1,6.806196442E0,-4.331841888E0,-6.210585022E0
1.415995492E1,8.658744049E0,-5.093009033E0,-4.748275909E0
1.416996892E1,1.209634552E1,-5.101690979E0,-4.573589172E0
1.417998192E1,1.628298935E1,-4.304897919E0,-5.536387024E0
1.418999492E1,1.968765930E1,-3.706891479E0,-6.743476868E0
1.420000792E1,2.259521301E1,-2.644101562E0,-7.589667206E0
1.433018092E1,1.816233124E1,-2.969524841E0,-1.038884628E1
1.434019392E1,1.633298538E1,-3.788621521E0,-1.068942123E1
1.435020692E1,1.430949326E1,-4.603227539E0,-1.158725418E1
1.436022092E1,1.261262192E1,-5.187462616E0,-1.243194763E1
1.437023392E1,1.151600235E1,-5.301076355E0,-1.283550842E1
1.438024692E1,1.083731369E1,-5.323080597E0,-1.243269608E1
1.439026092E1,1.010578491E1,-5.441783752E0,-1.115989288E1
1.440027392E1,9.021439819E0,-5.743107147E0,-9.663903809E0
1.441028692E1,7.513775024E0,-6.463409271E0,-8.517138519E0
1.442029992E1,6.368207245E0,-6.929090881E0,-8.097561035E0
1.443031392E1,5.725443878E0,-7.026089172E0,-7.797135773E0
1.444032692E1,4.957690430E0,-7.111711121E0,-7.838749237E0
1.445033992E1,4.306843872E0,-6.879244537E0,-8.891809387E0
1.446035292E1,4.209097137E0,-6.475234680E0,-9.918374634E0
1.447036692E1,4.278253326E0,-5.949976959E0,-9.797575836E0
1.448037992E1,4.327949982E0,-5.541476440E0,-9.532327423E0
1.449039292E1,3.910168762E0,-5.651946716E0,-9.491911469E0
1.450040592E1,3.171754303E0,-5.972430267E0,-9.397158508E0
1.451041992E1,2.267933807E0,-6.498436432E0,-9.307045898E0
1.452043292E1,1.619182892E0,-6.763684845E0,-9.112899628E0
1.453044592E1,1.347797241E0,-6.555916901E0,-8.260572052E0
1.454045992E1,1.242117004E0,-5.907016296E0,-7.134164429E0
1.455047292E1,1.250349884E0,-5.427862701E0,-6.194119263E0
1.456048592E1,8.126600647E-1,-5.237009583E0,-5.508694611E0
1.457049892E1,-1.386117554E-1,-5.261408844E0,-5.574258270E0
1.458051292E1,-7.863148499E-1,-5.238057404E0,-5.904321899E0
1.459052592E1,-8.066725159E-1,-4.554279327E0,-5.965095520E0
1.460053892E1,-5.084925842E-1,-3.735631714E0,-6.084247742E0
1.461055192E1,-4.933740234E-1,-3.496279449E0,-5.979914703E0
1.462056592E1,-7.710466003E-1,-3.458408203E0,-5.797444153E0
1.463057892E1,-8.774752808E-1,-3.244503021E0,-6.365213470E0
1.464059192E1,-7.758366394E-1,-2.867886200E0,-6.437662811E0
1.465060592E1,-5.539979553E-1,-2.399210815E0,-5.871689758E0
1.466061892E1,-3.544628906E-1,-1.740730133E0,-5.229824524E0
1.467063192E1,-2.862048340E-1,-1.066532135E0,-4.533173218E0
1.468064492E1,-7.039860535E-1,-9.524693298E-1,-4.047433319E0
1.469065892E1,-1.434766388E0,-9.882449341E-1,-4.195325775E0
1.470067192E1,-2.122885437E0,-8.646020508E-1,-4.009711761E0
1.471068492E1,-2.499502258E0,-7.592211914E-1,-3.595373383E0
1.472069792E1,-2.585273895E0,-1.007255402E0,-3.209625549E0
1.473071192E1,-2.796035614E0,-1.061442719E0,-2.953807526E0
1.474072492E1,-2.915487213E0,-6.149212646E-1,-2.980452118E0
1.475073792E1,-2.739902344E0,-1.766326904E-2,-2.762355652E0
1.476075192E1,-2.641856232E0,7.929011536E-1,-2.478695526E0
1.477076492E1,-2.406246185E0,1.611848145E0,-2.299967194E0
1.478077792E1,-2.205962677E0,1.852547607E0,-1.763931885E0
1.479079092E1,-2.503543854E0,2.086511078E0,-9.949809265E-1
1.480080492E1,-2.447859650E0,2.010169830E0,-6.035449219E-1
1.481081792E1,-1.762734375E0,1.915566559E0,-2.125579834E-1
1.482083092E1,-1.319955139E0,2.430346069E0,2.715353394E-1
1.483084392E1,-2.032473450E0,3.028202820E0,9.794132996E-1
1.484085792E1,-2.859353943E0,3.504212952E0,1.672472076E0
1.485087104E1,-3.394491119E0,4.374353485E0,1.933978271E0
1.486088404E1,-3.658242645E0,5.136718140E0,2.415975952E0
1.487089804E1,-3.519032135E0,5.585335236E0,3.088677063E0
1.488091104E1,-3.531755676E0,5.893095245E0,3.674109650E0
1.489092404E1,-3.694167938E0,5.557193756E0,4.190086670E0
1.490093704E1,-3.940555573E0,5.315895538E0,4.517455902E0
1.491095104E1,-3.581302643E0,5.235812073E0,4.370910645E0
1.492096404E1,-2.053130493E0,5.581742706E0,3.956422577E0
1.493097704E1,2.709365845E-2,6.023025055E0,3.469934235E0
1.494099004E1,2.045047302E0,5.454806671E0,2.472558289E0
1.495100404E1,4.031865692E0,4.207300873E0,4.689747620E-1
1.496101704E1,6.041736145E0,2.658471680E0,-2.610720978E0
1.497103004E1,7.822582855E0,1.016087036E0,-7.261998596E0
1.498104404E1,1.058433975E1,2.447410583E-1,-1.341255844E1
1.499105704E1,1.441427536E1,1.350641327E0,-1.998673737E1
1.500107004E1,1.760938110E1,3.141666870E0,-2.555815155E1
1.511121604E1,1.003153931E1,2.200573883E0,-1.723785370E1
1.512122904E1,7.659272461E0,1.502126312E0,-1.524205399E1
1.513124304E1,4.738695831E0,5.471122742E-1,-1.372929977E1
1.514125604E1,2.303559723E0,-2.832110596E-1,-1.261381943E1
1.515126904E1,1.044527893E0,-4.170327759E-1,-1.121901993E1
1.516128204E1,5.014572144E-1,-3.502716064E-2,-9.579629059E0
1.517129604E1,2.851570129E-1,1.528321838E-1,-7.919880524E0
1.518130904E1,8.457412720E-2,3.079096985E-1,-6.577472076E0
1.519132204E1,-1.480421448E-1,5.866300964E-1,-5.546715546E0
1.520133604E1,-1.757345581E-1,9.809101868E-1,-4.690795441E0
1.521134904E1,-3.338058472E-2,1.291813660E0,-3.829785919E0
1.522136204E1,1.911524963E-1,1.413660278E0,-2.979404297E0
1.523137504E1,2.642005920E-1,1.238524475E0,-2.356250153E0
1.524138904E1,1.752854919E-1,1.360071716E0,-1.885329437E0
1.525140204E1,-1.856140137E-2,1.464255066E0,-1.395697632E0
1.526141504E1,-8.500822449E-1,1.491648102E0,-9.692344666E-1
1.527142804E1,-1.962568817E0,1.385818176E0,-5.025050354E-1
1.528144204E1,-2.670297089E0,1.064286804E0,1.619631958E-1
1.529145504E1,-3.034340057E0,1.156345367E0,7.080276489E-1
1.530146804E1,-3.147055664E0,1.636846161E0,9.792636108E-1
1.531148204E1,-2.846780090E0,2.042203217E0,1.132544861E0
1.532149504E1,-2.520159302E0,2.724185028E0,1.200353851E0
1.533150804E1,-2.824626160E0,3.431164856E0,1.149908752E0
1.534152104E1,-3.026855621E0,3.677702179E0,1.244062958E0
1.535153504E1,-2.783312073E0,4.218228149E0,1.722917175E0
1.536154804E1,-2.370171204E0,4.595294037E0,2.138003998E0
1.537156104E1,-2.331401825E0,4.339026947E0,2.404449921E0
1.538157404E1,-2.528691559E0,4.231999512E0,2.504142609E0
1.539158804E1,-2.802921295E0,4.891827393E0,2.615960083E0
1.540160104E1,-3.169059906E0,5.656287689E0,2.755619659E0
1.541161404E1,-3.977079620E0,5.820795593E0,3.193908234E0
1.542162804E1,-4.146976318E0,6.010750580E0,4.134701843E0
1.543164104E1,-3.818110199E0,5.916746063E0,5.411995697E0
1.544165404E1,-3.243904266E0,5.682932281E0,6.591542816E0
1.545166704E1,-2.354453888E0,5.468428345E0,7.597900085E0
1.546168104E1,-1.389410706E0,5.197192383E0,8.343200226E0
1.547169404E1,-1.192570038E0,5.170398102E0,8.699908447E0
1.548170704E1,-1.177152100E0,5.004542999E0,9.060807953E0
1.549172104E1,-5.358856201E-1,5.121000824E0,9.540709991E0
1.550173404E1,5.174739075E-1,5.130281525E0,9.571096802E0
1.551174704E1,1.787732391E0,4.449048157E0,9.556726685E0
1.552176004E1,3.230581970E0,4.157454529E0,9.945617981E0
1.553177404E1,4.967270508E0,4.086951141E0,1.050410660E1
1.554178704E1,6.271957397E0,4.377496948E0,1.097263229E1
1.555180004E1,7.160359955E0,5.245841217E0,1.167093018E1
1.556181304E1,8.338709564E0,5.279820557E0,1.268013153E1
1.557182704E1,9.369017029E0,4.788841553E0,1.298714310E1
1.558184004E1,1.000699036E1,3.937561798E0,1.151016449E1
1.559185304E1,1.041983185E1,2.876568146E0,9.597591705E0
1.560186704E1,1.090796677E1,1.921105042E0,8.428822174E0
1.561188004E1,1.095272369E1,1.485211487E0,7.512128448E0
1.562189304E1,1.051727921E1,1.226549377E0,7.737110596E0
1.563190604E1,1.051144135E1,2.227368164E-1,8.706195374E0
1.564192004E1,1.115465378E1,-8.193960571E-1,9.535021820E0
1.565193304E1,1.220891144E1,-1.594933319E0,1.007285339E1
1.566194604E1,1.341330688E1,-2.127675476E0,1.061906754E1
1.567195904E1,1.414318909E1,-2.958447876E0,1.015428406E1
1.568197304E1,1.371867188E1,-3.886517944E0,8.963210907E0
1.569198604E1,1.396505951E1,-3.956871643E0,7.201524353E0
1.570199904E1,1.516241959E1,-3.736529846E0,2.668351135E0
1.571201304E1,1.743050308E1,-2.402953033E0,-2.349364471E0
1.572202604E1,2.074880264E1,6.571334839E-1,-6.701863403E0
1.573203904E1,2.267903870E1,3.633993073E0,-1.145552811E1
1.582215904E1,1.809557007E1,7.103178864E0,-9.744735718E0
1.583217204E1,1.660167664E1,5.838758240E0,-6.523284760E0
1.584218504E1,1.557615921E1,4.827311554E0,-4.220473480E0
1.585219813E1,1.466620148E1,4.121080170E0,-2.084864502E0
1.586221213E1,1.430964294E1,3.822900238E0,-6.843768311E-1
1.587222513E1,1.431173859E1,3.807931366E0,-7.689509583E-1
1.588223813E1,1.395862289E1,3.357518005E0,-1.435514832E0
1.589225213E1,1.317844528E1,2.644400940E0,-1.718426514E0
1.590226513E1,1.118908218E1,1.527423706E0,-1.576371918E0
1.591227812E1,8.044571228E0,2.362088013E-1,-2.193388824E0
1.592229112E1,5.723048859E0,-8.342152405E-1,-2.812950439E0
1.593230513E1,4.530179443E0,-1.467398529E0,-2.502945099E0
1.594231813E1,3.913910980E0,-1.970801697E0,-1.849404144E0
1.595233113E1,4.091292114E0,-2.171683960E0,-1.681752777E0
1.596234413E1,4.167633362E0,-2.859653320E0,-1.990560608E0
1.597235813E1,4.307891693E0,-3.806733856E0,-2.525847473E0
1.598237113E1,6.718029785E0,-2.622247009E0,-3.851640472E0
1.599238413E1,8.751551056E0,-9.533674622E-1,-6.144572296E0
1.600239813E1,9.526040497E0,2.757266235E-1,-8.193361816E0
1.601241113E1,8.878936157E0,7.101232910E-1,-9.220825195E0
1.602242412E1,6.084397430E0,-3.480262756E-1,-9.805659027E0
1.603243712E1,3.854334869E0,-1.384620667E0,-9.750423889E0
1.604245113E1,2.984194336E0,-2.382445679E0,-8.987759857E0
1.605246413E1,2.644400940E0,-3.070714417E0,-8.034392395E0
1.606247713E1,2.526446228E0,-3.470682678E0,-7.010371857E0
1.607249013E1,2.426753540E0,-4.115092621E0,-6.203998718E0
1.608250413E1,2.037862244E0,-5.000501404E0,-5.458997955E0
1.609251713E1,1.681902466E0,-5.658533020E0,-4.915478210E0
1.610253013E1,1.749711456E0,-6.480922852E0,-4.717290344E0
1.611254413E1,2.774779816E0,-6.582262115E0,-5.367089081E0
1.612255713E1,6.316265259E0,-4.286037140E0,-7.294780426E0
1.613257012E1,8.471782837E0,-2.302212524E0,-9.339678040E0
1.614258312E1,8.483757935E0,-1.448687439E0,-1.067879333E1
1.615259713E1,8.768465881E0,-8.638536072E-1,-1.111453720E1
1.616261013E1,7.650590515E0,-1.967807922E0,-1.151600235E1
1.617262313E1,6.858587494E0,-3.113375702E0,-1.117605927E1
1.618263712E1,6.970404968E0,-4.080664215E0,-8.319699097E0
1.619265012E1,7.562423859E0,-5.829776917E0,-6.270460510E0
1.620266313E1,8.287965088E0,-7.443870392E0,-6.049669647E0
1.621267613E1,8.946745148E0,-8.153694305E0,-7.048692169E0
1.622269013E1,1.084779190E1,-8.086484070E0,-8.779842224E0
1.623270313E1,1.401161270E1,-7.704927521E0,-1.158126663E1
1.624271612E1,1.665032547E1,-6.638694763E0,-1.510478943E1
1.625272912E1,1.704250992E1,-7.109016724E0,-1.883443359E1
1.626274313E1,1.659164749E1,-9.139693909E0,-2.099983063E1
1.629278312E1,1.710268478E1,-1.184591629E1,-1.818882614E1
1.630279612E1,1.631038239E1,-1.185534668E1,-1.840826981E1
1.631280913E1,1.557541077E1,-1.164697998E1,-1.930101334E1
1.632282213E1,1.461964828E1,-1.122994720E1,-1.974064911E1
1.633283613E1,1.351988525E1,-1.040561142E1,-1.864642456E1
1.634284913E1,1.237880814E1,-1.015623001E1,-1.724728409E1
1.635286213E1,1.112097382E1,-1.019499939E1,-1.604348740E1
1.636287512E1,1.009036697E1,-9.915680237E0,-1.468012253E1
1.637288913E1,8.545729065E0,-9.999954987E0,-1.353994354E1
1.638290213E1,5.842650146E0,-1.080662750E1,-1.325703186E1
1.639291513E1,3.985312500E0,-1.113040421E1,-1.350491638E1
1.640292912E1,3.522774353E0,-1.058404037E1,-1.260663437E1
1.641294212E1,4.193679199E0,-1.000758911E1,-1.080528030E1
1.642295513E1,3.681594086E0,-9.854906616E0,-9.794432373E0
1.643296813E1,1.961820374E0,-9.975705414E0,-1.011611343E1
1.644298213E1,7.699987793E-1,-9.920320587E0,-1.024694138E1
1.645299513E1,-1.056802368E-1,-9.724378052E0,-9.872719574E0
1.646300813E1,-6.740483093E-1,-9.643097076E0,-9.045539703E0
1.647302213E1,-6.701564026E-1,-9.341474304E0,-7.186106415E0
1.648303513E1,-6.417155457E-1,-8.736432495E0,-5.328170013E0
1.649304813E1,-8.710386658E-1,-8.652756500E0,-3.639980621E0
1.650306113E1,-1.935924225E0,-8.605754242E0,-2.864742737E0
1.651307512E1,-2.758613434E0,-8.265811157E0,-3.042572937E0
1.652308812E1,-3.528163147E0,-7.926766205E0,-3.154390411E0
1.653310113E1,-4.146078186E0,-7.149732056E0,-3.301085358E0
1.654311413E1,-4.197571106E0,-6.275400238E0,-3.551813965E0
1.655312813E1,-3.948489075E0,-5.488187256E0,-4.176464996E0
1.656314113E1,-3.873495026E0,-5.021607513E0,-4.757406921E0
1.657315413E1,-4.228107605E0,-4.884492645E0,-5.097649384E0
1.658316813E1,-4.834496613E0,-4.855752411E0,-4.985083466E0
1.659318113E1,-5.377716980E0,-4.311633911E0,-4.713248749E0
1.660319413E1,-5.806425476E0,-3.687581635E0,-4.746629333E0
1.661320713E1,-5.749693451E0,-3.446732483E0,-4.262086945E0
1.662322112E1,-5.329367523E0,-3.454216919E0,-3.001109161E0
1.663323412E1,-5.198090515E0,-3.447331238E0,-2.582878876E0
1.664324713E1,-5.127437439E0,-3.303330688E0,-2.844085693E0
1.665326113E1,-4.810546417E0,-2.762205963E0,-2.697241058E0
1.666327413E1,-4.378395081E0,-2.049088898E0,-2.441572723E0
1.667328713E1,-3.973187714E0,-1.301393738E0,-2.131866760E0
1.668330013E1,-3.420237579E0,-6.499484253E-1,-1.982627106E0
1.669331413E1,-2.784509583E0,5.478607178E-2,-2.200124817E0
1.670332713E1,-2.484683075E0,5.490582275E-1,-1.884431305E0
1.671334013E1,-3.061284027E0,6.753955078E-1,-1.739832001E0
1.672335313E1,-3.710034943E0,6.057902527E-1,-2.380799103E0
1.673336712E1,-4.161346436E0,5.701643372E-1,-2.373314667E0
1.674338012E1,-4.002826080E0,7.499404907E-1,-1.716630249E0
1.675339313E1,-3.647465057E0,1.126407623E0,-1.529818726E0
1.676340713E1,-3.866609344E0,1.921404419E0,-2.626138916E0
1.677342013E1,-4.070186005E0,2.970572662E0,-3.600013733E0
1.678343313E1,-3.638184357E0,4.139940948E0,-3.053949280E0
1.679344613E1,-2.834505615E0,4.955744476E0,-2.201771393E0
1.680346013E1,-1.888323212E0,5.149142303E0,-1.387165375E0
1.681347313E1,-1.734293518E0,4.667893066E0,-2.417472839E-1
1.682348613E1,-2.915337524E0,3.976780243E0,1.237776031E0
1.683349913E1,-3.008593597E0,4.118385773E0,2.497705994E0
1.684351312E1,-1.856140137E0,5.449417877E0,2.810555420E0
1.685352575E1,-8.165519714E-1,6.541995850E0,3.524720306E0
1.686353875E1,-4.426295471E-1,7.455546112E0,4.920567627E0
1.687355275E1,1.328188019E0,8.739426270E0,7.344626770E0
1.688356575E1,3.556903381E0,1.026415558E1,1.117875366E1
1.689357875E1,5.238656158E0,9.436975708E0,1.348695374E1
1.690359175E1,5.811065826E0,6.943760376E0,1.357107880E1
1.691360575E1,6.866520996E0,4.203109589E0,1.113818802E1
1.692361875E1,7.985444183E0,1.057101746E0,5.531596985E0
1.693363175E1,7.076534271E0,-2.633623352E0,-3.891906738E0
1.694364575E1,7.065606995E0,-3.845652924E0,-1.640812912E1
1.695365875E1,9.499994659E0,-1.484463043E0,-2.655432999E1
1.703376475E1,1.015203873E1,5.438191223E-1,-1.911509995E1
1.704377775E1,5.508993988E0,-2.513273621E-1,-1.008467880E1
1.705379175E1,2.477348328E0,-2.673440552E-1,-6.554569702E0
1.706380475E1,8.999285889E-1,-1.115180969E-1,-6.894363098E0
1.707381775E1,-1.119671631E0,8.485853577E-1,-6.671925659E0
1.708383075E1,-1.887574768E0,2.080373840E0,-6.757098541E0
1.709384475E1,-2.005679169E0,2.319875793E0,-7.154821472E0
1.710385775E1,-2.038311310E0,2.658471680E0,-6.322851562E0
1.711387075E1,-2.340383148E0,1.886976013E0,-5.046156464E0
1.712388475E1,-3.171454926E0,9.852511597E-1,-3.229085083E0
1.713389775E1,-3.784579926E0,8.102650452E-1,-1.354682922E0
1.714391075E1,-4.420457611E0,4.150868225E-1,5.643264771E-2
1.715392375E1,-5.356311493E0,5.135820007E-1,8.657995605E-1
1.716393775E1,-5.600004730E0,1.285676422E0,1.242715759E0
1.717395075E1,-4.924609222E0,2.530637512E0,1.352736969E0
1.718396375E1,-3.608995056E0,3.691623230E0,1.476679230E0
1.719397775E1,-2.359842682E0,4.440964966E0,1.735341339E0
1.720399075E1,-1.551972656E0,5.033732300E0,2.218386841E0
1.721400375E1,-1.786684570E0,4.713548126E0,2.702330475E0
1.722401675E1,-2.705473938E0,4.097878418E0,3.456462250E0
1.723403075E1,-3.875890045E0,3.901935883E0,4.341272278E0
1.724404375E1,-4.778812408E0,3.530258789E0,5.273982697E0
1.725405675E1,-5.175637207E0,3.636388092E0,6.254892883E0
1.726406975E1,-5.247936859E0,3.878584442E0,7.136559448E0
1.727408375E1,-4.860991516E0,3.787723389E0,7.921227722E0
1.728409675E1,-4.278103638E0,3.721261597E0,8.712033234E0
1.729410975E1,-3.582051086E0,3.975283356E0,9.774972839E0
1.730412375E1,-2.777623901E0,4.331841888E0,1.055874298E1
1.731413675E1,-1.664987640E0,5.127886505E0,1.003992188E1
1.732414975E1,-8.896000671E-1,5.749094696E0,8.705895996E0
1.733416275E1,-9.354048157E-1,5.847290497E0,7.727680206E0
1.734417675E1,-1.044827271E0,6.231990509E0,6.982679443E0
1.735418975E1,-1.162332916E0,6.150110779E0,6.217021637E0
1.736420275E1,-1.225950623E0,5.594915314E0,5.689368896E0
1.737421575E1,-6.644682312E-1,5.155578918E0,5.296136627E0
1.738422975E1,-2.475851440E-1,5.090015259E0,5.485193481E0
1.739424275E1,1.481918335E-1,4.933440857E0,7.007976837E0
1.740425575E1,1.279389496E0,5.273982697E0,8.427774353E0
1.741426975E1,2.695295105E0,5.663472748E0,8.887767792E0
1.742428275E1,4.066294098E0,5.873635712E0,8.630602570E0
1.743429575E1,4.839136963E0,6.020180969E0,8.002059631E0
1.744430875E1,4.678520966E0,5.371879120E0,7.347919922E0
1.745432275E1,4.419110413E0,4.651876373E0,6.196364594E0
1.746433575E1,5.585933990E0,5.321883087E0,5.605094147E0
1.747434875E1,6.712640991E0,5.848787384E0,5.483397217E0
1.748436275E1,7.191345520E0,6.158044281E0,5.362897797E0
1.749437575E1,7.991132355E0,6.825506287E0,5.665119324E0
1.750438875E1,8.616980896E0,6.811136169E0,5.515879669E0
1.751440175E1,8.341553650E0,6.332431641E0,4.711153107E0
1.752441575E1,7.380552063E0,4.896018677E0,4.491559753E0
1.753442875E1,6.370602264E0,4.161346436E0,5.733826447E0
1.754444175E1,7.349716187E0,4.842729492E0,7.298522644E0
1.755445575E1,9.920320587E0,5.751789093E0,5.681435394E0
1.756446875E1,1.218570969E1,6.730903015E0,3.657494202E0
1.757448175E1,1.301393738E1,7.248376923E0,2.788850555E0
1.758449475E1,1.195728470E1,6.445296936E0,2.754272461E0
1.759450875E1,1.010728180E1,4.718188477E0,3.750301208E0
1.760452175E1,8.874146118E0,2.449506226E0,5.517077179E0
1.761453475E1,7.959098969E0,4.125421143E-1,8.587641907E0
1.762454875E1,6.537355499E0,-1.813927917E0,1.184726349E1
1.763456175E1,4.869523773E0,-4.302053833E0,1.406804535E1
1.764457475E1,3.748804321E0,-5.056934052E0,1.706152039E1
1.765458775E1,3.730242920E0,-6.195316772E0,1.863070724E1
1.766460175E1,5.907165985E0,-7.486381989E0,1.532123932E1
1.767461475E1,1.375549530E1,-5.132975922E0,6.136489105E0
1.768462775E1,2.512225800E1,1.240021362E0,-7.225624237E0
1.769464075E1,3.324571518E1,8.345295868E0,-1.707678864E1
1.774470775E1,1.806144104E1,1.184980820E1,-7.895331573E0
1.775472075E1,1.713367035E1,1.133742371E1,-7.764503632E0
1.776473375E1,1.636142624E1,1.082638641E1,-7.256160736E0
1.777474775E1,1.597627716E1,1.067445236E1,-7.136709137E0
1.778476075E1,1.572973984E1,1.051278854E1,-6.163133698E0
1.779477375E1,1.503787857E1,9.931098175E0,-4.288132782E0
1.780478775E1,1.408211609E1,8.982071686E0,-2.149530029E0
1.781480075E1,1.294597870E1,8.085436249E0,2.142045593E-1
1.782481375E1,1.187645279E1,6.793472900E0,2.483036499E0
1.783482675E1,1.103984253E1,5.719606018E0,5.278772736E0
1.784484075E1,1.109343109E1,5.134622498E0,7.865842896E0
1.785485467E1,1.213975525E1,4.196972351E0,8.917705536E0
1.786486767E1,1.322948914E1,3.542832642E0,8.625662842E0
1.787488167E1,1.356958191E1,2.996169434E0,7.664661255E0
1.788489467E1,1.381327515E1,2.746189270E0,5.693709869E0
1.789490767E1,1.675061691E1,4.647086334E0,2.044598236E0
1.790492067E1,2.014465897E1,8.162076874E0,-2.793640594E0
1.791493467E1,2.021875488E1,9.866732025E0,-7.230114899E0
1.792494767E1,1.796444275E1,8.789122925E0,-7.855813751E0
1.793496067E1,1.546509018E1,7.583679657E0,-3.994593201E0
1.794497467E1,1.367960312E1,6.671925659E0,8.577163696E-2
1.795498767E1,1.279988251E1,6.230643311E0,1.912123718E0
1.796500067E1,1.280557068E1,6.337071991E0,2.957250366E0
1.797501367E1,1.233734436E1,6.224655762E0,2.797083435E0
1.798502767E1,1.181448166E1,6.047723694E0,1.509311371E0
1.799504067E1,1.113878677E1,5.764213257E0,2.890489197E-1
1.800505367E1,1.005803421E1,5.689219208E0,-1.003962250E0
1.801506767E1,9.409432983E0,5.654042358E0,-2.797233124E0
1.802508067E1,8.635392609E0,5.378764801E0,-3.893104248E0
1.803509367E1,7.179071045E0,4.987628174E0,-4.014501801E0
1.804510667E1,5.436844025E0,4.380191345E0,-4.161047058E0
1.805512067E1,3.501518555E0,4.146527252E0,-3.688779144E0
1.806513367E1,1.948797455E0,3.921545105E0,-2.856060791E0
1.807514667E1,8.017327881E-1,3.581901398E0,-2.030527496E0
1.808515967E1,-1.877096558E-1,3.520828400E0,-1.082997894E0
1.809517367E1,-1.050964508E0,2.789299622E0,-2.005828857E-1
1.810518667E1,-2.127675476E0,2.007924500E0,3.370989990E-1
1.811519967E1,-3.326382751E0,1.510209503E0,2.353106689E-1
1.812521367E1,-4.518803101E0,9.542655945E-1,-1.092727661E-2
1.813522667E1,-5.524711304E0,6.363267517E-1,6.541397095E-1
1.814523967E1,-5.951473846E0,-2.095642090E-2,1.851200409E0
1.815525267E1,-5.745053101E0,-1.318009186E0,2.074685669E0
1.816526667E1,-4.355941772E0,-2.561174011E0,1.154399414E0
1.817527967E1,-1.636397095E0,-3.384012909E0,8.337661743E-2
1.818529267E1,2.102527771E0,-2.880609741E0,-1.400188293E0
1.819530667E1,6.273753662E0,-9.973759460E-1,-2.942730560E0
1.820531967E1,8.781638489E0,3.463796997E-1,-4.501888275E0
1.821533267E1,9.887089691E0,4.385879517E-1,-5.910159760E0
1.822534667E1,1.013108231E1,1.960922241E-2,-7.148534546E0
1.823535967E1,9.861642609E0,-1.237626343E0,-7.815697174E0
1.824537267E1,9.477241974E0,-2.847678223E0,-8.469387817E0
1.825538567E1,8.269253998E0,-4.809498596E0,-1.025442581E1
1.826539967E1,7.773035889E0,-6.511159973E0,-1.229004272E1
1.827541267E1,8.831484833E0,-7.116650848E0,-1.344069992E1
1.828542567E1,1.018212616E1,-7.081024933E0,-1.432715652E1
1.829543967E1,1.180864380E1,-6.123615875E0,-1.562346085E1
1.830545267E1,1.337917786E1,-5.120851135E0,-1.685135742E1
1.831546567E1,1.408091858E1,-4.954846344E0,-1.811218552E1
1.832547867E1,1.368933289E1,-5.763614502E0,-1.913890045E1
1.833549267E1,1.286095551E1,-6.923702087E0,-1.936508011E1
1.838305567E1,5.170248413E0,-9.740993500E0,-1.971744736E1
1.839557167E1,4.110152893E0,-9.410031738E0,-1.744637009E1
1.840558567E1,2.946921844E0,-9.786049805E0,-1.559052933E1
1.841559867E1,1.630259857E0,-1.065604065E1,-1.410082718E1
1.842561167E1,1.692979431E-1,-1.134655472E1,-1.278730865E1
1.843562467E1,-5.364843750E-1,-1.146331192E1,-1.181463135E1
1.844563867E1,-5.983058167E-1,-1.118010086E1,-1.122949814E1
1.845565167E1,-1.048868866E0,-1.083985840E1,-1.125060425E1
1.846566467E1,-2.465522919E0,-1.099194214E1,-1.219094879E1
1.847567867E1,-3.603606262E0,-1.158141632E1,-1.321901093E1
1.848569167E1,-4.287534027E0,-1.187061493E1,-1.363948654E1
1.849570467E1,-4.106710052E0,-1.149968628E1,-1.343291611E1
1.850571767E1,-3.147804108E0,-1.068822372E1,-1.288310944E1
1.851573167E1,-2.383792877E0,-9.978699188E0,-1.256532028E1
1.852574467E1,-2.424208832E0,-9.732161865E0,-1.218136871E1
1.853575767E1,-2.932851105E0,-1.000294876E1,-1.113489487E1
1.854577167E1,-3.991449738E0,-1.055425232E1,-9.945767670E0
1.855578467E1,-4.619094543E0,-1.061846878E1,-8.672365723E0
1.856579767E1,-5.124144287E0,-1.055754547E1,-7.234306183E0
1.857581067E1,-5.650449829E0,-1.047566574E1,-6.609954529E0
1.858582467E1,-5.988746338E0,-1.026744873E1,-6.920109558E0
1.859583767E1,-6.298152924E0,-9.696386261E0,-7.648195496E0
1.860585067E1,-5.821993103E0,-8.798253937E0,-8.350385284E0
1.861586467E1,-4.926704865E0,-7.823181610E0,-8.590036926E0
1.862587767E1,-4.529730377E0,-7.218439178E0,-8.573122101E0
1.863589067E1,-5.081333313E0,-6.883435822E0,-8.722361755E0
1.864590467E1,-5.678890686E0,-6.746770020E0,-8.364905090E0
1.865591767E1,-6.134992218E0,-6.662345581E0,-7.434290314E0
1.866593067E1,-6.073619843E0,-6.134842529E0,-6.004164276E0
1.867594367E1,-5.637875977E0,-5.650000763E0,-4.598138123E0
1.868595767E1,-5.663921814E0,-5.399421844E0,-3.597019958E0
1.869597067E1,-5.851032715E0,-4.883145447E0,-3.283721466E0
1.870598367E1,-5.695057068E0,-4.060605927E0,-3.432062988E0
1.871599767E1,-5.564528503E0,-3.424428864E0,-3.508404236E0
1.872601067E1,-5.561834106E0,-2.897524567E0,-3.982169037E0
1.873602367E1,-5.557193756E0,-2.399510193E0,-4.179159393E0
1.874603667E1,-5.764362946E0,-2.084864502E0,-3.767515411E0
1.875605067E1,-6.233936462E0,-2.058070221E0,-3.043321381E0
1.876606367E1,-6.821315002E0,-1.976190491E0,-2.207459564E0
1.877607667E1,-6.859635315E0,-1.865720215E0,-1.239572296E0
1.878609067E1,-6.747967529E0,-1.689386902E0,-4.995112610E-1
1.879610367E1,-6.497987366E0,-1.414708099E0,1.380130005E-1
1.880611667E1,-6.097270660E0,-9.214837646E-1,-6.331832886E-2
1.881612967E1,-5.412744141E0,-2.824626160E-1,-5.771997070E-1
1.882614367E1,-4.653223572E0,5.656736755E-1,-6.614744568E-1
1.883615667E1,-3.879632263E0,1.614692230E0,-4.037104797E-1
1.884616967E1,-3.284320221E0,2.496508484E0,-8.981323242E-2
1.885618338E1,-2.985990601E0,2.825823669E0,-1.950444031E-1
1.886619638E1,-2.988684998E0,2.817740479E0,-2.531236267E-1
1.887620938E1,-3.433260498E0,2.608625336E0,-9.729766846E-2
1.888622238E1,-3.667972412E0,2.499801636E0,4.468208313E-1
1.889623638E1,-3.328478394E0,2.873125305E0,1.354533234E0
1.890624937E1,-2.993475037E0,3.457061005E0,2.117346954E0
1.891626237E1,-2.481389923E0,3.730542297E0,3.357817383E0
1.892627638E1,-2.025138702E0,4.111799469E0,4.756508789E0
1.893628938E1,-1.613195343E0,4.547243958E0,5.780828705E0
1.894630238E1,-1.287472687E0,5.226830750E0,6.655010834E0
1.895631538E1,-9.668394470E-1,6.125861206E0,6.787485352E0
1.896632937E1,-4.936734009E-1,7.140151978E0,6.249354401E0
1.897634238E1,5.213658142E-1,8.385861511E0,5.996230774E0
1.898635538E1,1.543440399E0,9.589508514E0,5.525459747E0
1.899636938E1,2.153421936E0,9.550888824E0,3.872746582E0
1.900638238E1,1.723665619E0,7.765102386E0,1.212328949E0
1.901639538E1,-6.002517700E-2,4.564158783E0,-2.408042450E0
1.902640938E1,-1.414408722E0,1.265318756E0,-7.113058319E0
1.903642238E1,-1.405577087E0,-8.237370300E-1,-1.229408432E1
1.904643538E1,8.229885864E-1,-9.333091736E-1,-1.784993088E1
1.905644838E1,4.232747955E0,5.682183838E-1,-2.324800552E1
1.915658138E1,2.696941681E0,1.108744354E0,-1.865944748E1
1.916659537E1,-2.408491516E-1,3.616479492E-1,-1.517574188E1
1.917660837E1,-1.682351532E0,9.490264893E-2,-1.371852219E1
1.918662137E1,-2.608475647E0,-1.863624573E-1,-1.237027588E1
1.919663438E1,-3.171903992E0,2.185455322E-1,-1.098939743E1
1.920664838E1,-3.687431946E0,6.385720825E-1,-9.907746735E0
1.921666138E1,-4.169579315E0,1.003662872E0,-8.893006897E0
1.922667438E1,-4.246369629E0,1.281335449E0,-7.777077484E0
1.923668838E1,-4.241429901E0,1.335822144E0,-6.890620880E0
1.924670138E1,-4.358187103E0,1.432670746E0,-6.192772064E0
1.925671438E1,-4.315675507E0,1.382225647E0,-5.511089630E0
1.926672838E1,-3.962559814E0,1.514849854E0,-5.076243896E0
1.927674137E1,-3.248544617E0,1.664987640E0,-4.994813232E0
1.928675437E1,-2.387235718E0,2.266287231E0,-5.040617981E0
1.929676737E1,-1.563648376E0,2.917882233E0,-4.936284943E0
1.930678138E1,-1.043031006E0,3.162473602E0,-4.280199280E0
1.931679438E1,-9.608518982E-1,3.399430847E0,-3.393293610E0
1.932680738E1,-1.260977783E0,3.515738983E0,-2.231260071E0
1.933682138E1,-1.747915192E0,3.521427155E0,-7.360194397E-1
1.934683438E1,-1.733245697E0,3.266507263E0,2.453398132E-1
1.935684738E1,-1.619631958E0,3.565884705E0,3.796105957E-1
1.936686038E1,-1.349294128E0,3.932322693E0,-3.056643677E-1
1.937687438E1,-1.037642212E0,4.298161926E0,-1.148411865E0
1.938688737E1,-8.264314270E-1,4.818479919E0,-1.878443756E0
1.939690037E1,-5.662724304E-1,5.449417877E0,-2.523153076E0
1.940691438E1,-8.053253174E-2,5.978567505E0,-2.456990662E0
1.941692738E1,2.398013306E-1,6.106102295E0,-1.334924011E0
1.942694038E1,9.849517822E-2,5.712870026E0,1.508862305E-1
1.943695437E1,-3.613485718E-1,5.085973663E0,1.285377045E0
1.944696737E1,-6.426136780E-1,4.748874664E0,2.443668365E0
1.945698038E1,-4.555027771E-1,4.832999725E0,2.587818604E0
1.946699338E1,-3.278182983E-2,5.452411652E0,1.422791290E0
1.947700738E1,5.966592407E-1,6.216871948E0,4.138893127E-1
1.948702038E1,1.450184326E0,6.784940643E0,4.140390015E-1
1.949703338E1,2.015558624E0,7.075486450E0,9.014254761E-1
1.950704738E1,2.389780426E0,6.990762634E0,1.630708923E0
1.951706038E1,2.458337860E0,6.351591797E0,2.737507324E0
1.952707338E1,2.221679993E0,5.790109406E0,3.971690826E0
1.953708638E1,1.899549866E0,5.976920929E0,4.695884857E0
1.954710037E1,1.721270599E0,6.272855530E0,4.799170074E0
1.955711337E1,1.817819824E0,6.784641266E0,4.183799744E0
1.956712638E1,2.397863617E0,7.204518127E0,3.680396576E0
1.957714038E1,3.485651550E0,7.430248718E0,3.481160889E0
1.958715338E1,4.715943146E0,7.662266235E0,3.316054230E0
1.959716638E1,5.732928314E0,7.763605499E0,2.962938538E0
1.960717938E1,6.195616150E0,7.915090485E0,2.757715302E0
1.961719338E1,5.922733612E0,7.851023712E0,3.035537567E0
1.962720638E1,5.495372314E0,7.635621643E0,3.864962769E0
1.963721938E1,5.402864685E0,7.073690186E0,4.831353149E0
1.964723337E1,5.811215515E0,6.760990448E0,5.178032227E0
1.965724637E1,6.341562653E0,6.384074249E0,4.947212219E0
1.966725937E1,6.730603638E0,6.013894043E0,4.355193329E0
1.967727338E1,7.110214233E0,6.046675873E0,3.714824982E0
1.968728638E1,7.184010773E0,6.570287018E0,3.771257629E0
1.969729938E1,6.995852051E0,6.645281067E0,4.870721283E0
1.970731238E1,7.177873535E0,6.923253021E0,5.437143402E0
1.971732638E1,8.004155273E0,7.193740540E0,5.017266541E0
1.972733938E1,8.729696503E0,7.050039368E0,4.208498383E0
1.973735238E1,9.112450562E0,6.409072266E0,3.776047668E0
1.974736638E1,8.893306274E0,5.191653900E0,3.505859528E0
1.975737937E1,8.144114227E0,3.902534637E0,3.736380157E0
1.976739237E1,7.109316101E0,3.172951813E0,4.880001984E0
1.977740537E1,6.923253021E0,2.921923828E0,5.523513794E0
1.978741938E1,7.844736786E0,3.538042603E0,5.451064453E0
1.979743238E1,9.151219940E0,4.067491608E0,4.483027496E0
1.980744538E1,9.754764862E0,3.652404785E0,3.133433990E0
1.981745938E1,9.861343231E0,2.835553436E0,2.219284973E0
1.982747238E1,9.861642609E0,2.651436310E0,1.973945160E0
1.983748538E1,9.545350342E0,2.623444519E0,2.590812378E0
1.984749938E1,9.019044800E0,1.838476868E0,3.486100616E0
1.985751175E1,8.059689789E0,4.828958130E-1,4.370162201E0
1.986752475E1,7.517666931E0,-5.728587341E-1,5.324876862E0
1.987753775E1,7.824977875E0,-1.385369110E0,5.540278931E0
1.988755175E1,9.162147217E0,-1.738335114E0,4.135450287E0
1.989756475E1,1.166314636E1,-3.977229309E-1,9.587562561E-1
1.990757775E1,1.595666794E1,3.584745483E0,-4.679119720E0
1.991759175E1,2.018342834E1,7.890990601E0,-1.060828995E1
1.992760475E1,2.083816681E1,9.665101318E0,-1.495809448E1
1.994763075E1,1.671873322E1,9.677525482E0,-1.840243195E1
1.995764475E1,1.509281433E1,9.244775391E0,-1.693772781E1
1.996765775E1,1.450064575E1,9.240883484E0,-1.521106842E1
1.997767075E1,1.407717636E1,9.536219330E0,-1.366463425E1
1.998768475E1,1.327125229E1,9.746082916E0,-1.316602112E1
1.999769775E1,1.232297424E1,9.755064240E0,-1.244541962E1
2.000771075E1,1.165940414E1,9.791588287E0,-1.056338333E1
2.001772475E1,1.147513733E1,9.813891907E0,-8.794212341E0
2.002773775E1,1.161809006E1,9.475445709E0,-8.389903107E0
2.003775075E1,1.223151443E1,9.083560638E0,-8.583001556E0
2.004776375E1,1.308384201E1,8.713081055E0,-8.723110199E0
2.005777775E1,1.275003616E1,8.008196869E0,-7.790848846E0
2.006779075E1,1.300570450E1,6.981332245E0,-6.341862030E0
2.007780375E1,1.248942810E1,6.180048523E0,-4.888234863E0
2.008781775E1,1.178738800E1,5.280718689E0,-3.650309143E0
2.009783075E1,1.065738785E1,4.086651764E0,-2.422113190E0
2.010784375E1,9.709858246E0,3.182681580E0,-1.691033478E0
2.011785775E1,9.626930695E0,3.229234772E0,-1.454225922E0
2.012787075E1,9.256750488E0,3.189417572E0,-1.458267517E0
2.013788375E1,8.203989716E0,2.776875458E0,-1.684297485E0
2.014789675E1,6.867119751E0,2.153721313E0,-2.000589752E0
2.015791075E1,5.522316284E0,1.487456818E0,-2.196232910E0
2.016792375E1,4.318818970E0,1.011596375E0,-2.174827423E0
2.017793675E1,2.983894958E0,4.287084961E-1,-1.865869904E0
2.018795075E1,1.452729034E0,8.831634521E-3,-1.611848145E0
2.019796375E1,3.606001282E-1,-1.474433899E-1,-1.219663696E0
2.020797675E1,-1.481918335E-1,-4.722679138E-1,-6.499484253E-1
2.021799075E1,-2.644999695E-1,-7.943980408E-1,-2.457888794E-1
2.022800375E1,-3.249742126E-1,-1.016835480E0,6.242019653E-2
2.023801675E1,-2.365081787E-2,-1.289268951E0,3.763174438E-1
2.024802975E1,4.189787292E-1,-1.530417480E0,5.746549988E-1
2.025804375E1,5.623805237E-1,-1.844763794E0,4.604425049E-1
2.026805675E1,5.875282288E-1,-2.139351196E0,2.261796570E-1
2.027806975E1,1.441652069E0,-2.292033691E0,-1.347198486E-2
2.028808375E1,2.652334442E0,-2.283052368E0,-5.260061646E-1
2.029809675E1,3.717369690E0,-1.945204926E0,-1.454076233E0
2.030810975E1,4.755910034E0,-1.274300079E0,-2.858156433E0
2.031812375E1,5.453758850E0,-8.831634521E-1,-4.274960175E0
2.032813675E1,6.219266968E0,-2.724334717E-2,-5.497767334E0
2.033814975E1,6.979086914E0,6.512956238E-1,-6.313870239E0
2.034816275E1,7.444618835E0,3.589535522E-1,-6.608307953E0
2.035817675E1,7.907905426E0,-2.772235107E-1,-6.333928528E0
2.036818975E1,8.487200775E0,-9.831555176E-1,-5.326972504E0
2.037820275E1,8.839418335E0,-1.483864288E0,-4.458328857E0
2.038821675E1,9.108109589E0,-1.978884888E0,-4.639751587E0
2.039822975E1,9.615254974E0,-2.141596527E0,-5.144801331E0
2.040824275E1,1.019155655E1,-2.140548706E0,-6.047424316E0
2.041825675E1,1.076561279E1,-2.382894745E0,-6.990612946E0
2.042826975E1,1.132290390E1,-2.175575867E0,-7.547454987E0
2.043828275E1,1.195518906E1,-1.965562592E0,-7.197033691E0
2.044829575E1,1.303309753E1,-2.170935516E0,-6.442752228E0
2.045830975E1,1.355146957E1,-2.752326508E0,-6.189478912E0
2.046832275E1,1.327394669E1,-3.479065247E0,-6.928941193E0
2.047833575E1,1.302261932E1,-4.255350952E0,-8.062982941E0
2.048834975E1,1.290676025E1,-4.946164398E0,-9.023984528E0
2.049836275E1,1.259465927E1,-5.325475616E0,-9.729916534E0
2.050837575E1,1.240919495E1,-5.851781158E0,-1.011581406E1
2.051838975E1,1.265034348E1,-6.391858063E0,-9.885443115E0
2.052840275E1,1.259870087E1,-6.555467834E0,-1.019844223E1
2.053841575E1,1.249436783E1,-6.847660217E0,-1.160416901E1
2.054842875E1,1.222193436E1,-7.301666107E0,-1.301184174E1
2.055844275E1,1.175670181E1,-7.566465454E0,-1.400816986E1
2.056845575E1,1.141586060E1,-7.389683075E0,-1.505224869E1
2.057846875E1,1.146825165E1,-7.384294281E0,-1.531600021E1
2.058848275E1,1.102008362E1,-7.532785492E0,-1.499297195E1
2.059849575E1,1.001657043E1,-8.318351898E0,-1.526690231E1
2.060850875E1,9.260792084E0,-9.509275360E0,-1.592702957E1
2.061852275E1,8.412805481E0,-1.029199768E1,-1.683863388E1
2.062853575E1,7.589068451E0,-1.048868866E1,-1.752331009E1
2.063854875E1,7.017706604E0,-1.042043060E1,-1.787388107E1
2.064856275E1,6.884633331E0,-1.026430527E1,-1.750444931E1
2.065857575E1,6.935377808E0,-1.030067963E1,-1.634525986E1
2.066858875E1,6.481072540E0,-1.088461533E1,-1.514610352E1
2.067860175E1,5.514083405E0,-1.156539963E1,-1.456052124E1
2.068861575E1,4.387376404E0,-1.236728210E1,-1.410022842E1
2.069862875E1,3.432362366E0,-1.284059784E1,-1.376327911E1
2.070864175E1,3.303480377E0,-1.263208145E1,-1.357751541E1
2.071865575E1,3.623065796E0,-1.215008377E1,-1.309611649E1
2.072866875E1,3.907025299E0,-1.173933792E1,-1.266321671E1
2.073868175E1,3.986060944E0,-1.132993927E1,-1.270213577E1
2.074869575E1,3.782933350E0,-1.107921066E1,-1.253193970E1
2.075870875E1,3.530558167E0,-1.108459946E1,-1.184591629E1
2.076872175E1,2.880160675E0,-1.130344437E1,-1.094119766E1
2.077873475E1,1.854493561E0,-1.159833115E1,-1.021475830E1
2.078874875E1,1.329834595E0,-1.164742905E1,-9.472901001E0
2.079876175E1,1.056053925E0,-1.137304962E1,-8.840615845E0
2.080877475E1,9.101074219E-1,-1.113130234E1,-8.619226227E0
2.081878875E1,9.635462952E-1,-1.094209579E1,-8.250542908E0
2.082880175E1,1.278940430E0,-1.026909531E1,-7.951015778E0
2.083881475E1,1.831740875E0,-9.390721893E0,-7.910300446E0
2.084882875E1,2.189197540E0,-8.665330353E0,-7.971523132E0
2.085884163E1,2.323618011E0,-8.121810608E0,-8.170758820E0
2.086885463E1,1.961820374E0,-7.900121613E0,-8.026009827E0
2.087886862E1,1.224902802E0,-7.985294495E0,-7.645052032E0
2.088888163E1,4.825964355E-1,-8.020022278E0,-7.085814972E0
2.089889463E1,1.182540894E-1,-7.894134064E0,-6.577322388E0
2.090890763E1,-9.295669556E-2,-7.953710175E0,-6.178401947E0
2.091892163E1,-4.736151123E-1,-7.637118530E0,-6.184688873E0
2.092893462E1,-4.986131287E-1,-7.050638123E0,-6.495592346E0
2.093894762E1,3.981719971E-2,-6.031407623E0,-7.005731506E0
2.094896163E1,4.629872131E-1,-5.138065338E0,-7.162305908E0
2.095897463E1,4.343966675E-1,-4.838089142E0,-6.796766052E0
2.096898763E1,1.306782532E-1,-4.539160767E0,-6.314468994E0
2.097900162E1,-3.230282593E-1,-4.485721893E0,-5.742957458E0
2.098901462E1,-8.560697937E-1,-4.656367035E0,-5.157225494E0
2.099902763E1,-1.169517975E0,-4.710404663E0,-4.460274811E0
2.100904063E1,-1.148711243E0,-4.576732635E0,-4.277953949E0
2.101905463E1,-1.111139374E0,-4.302802277E0,-4.310436401E0
2.102906763E1,-1.007255402E0,-3.534150696E0,-4.286785583E0
2.103908063E1,-8.491841125E-1,-3.020419006E0,-4.501738586E0
2.104909463E1,-8.643026733E-1,-2.344275055E0,-4.683610382E0
2.105910763E1,-8.876541138E-1,-1.326691132E0,-4.643344116E0
2.106912063E1,-6.809339905E-1,-6.981481934E-1,-4.543801117E0
2.107913462E1,-6.192622375E-1,-3.195854187E-1,-4.173171844E0
2.108914762E1,-8.955876160E-1,-2.429447937E-1,-3.838168488E0
2.109916062E1,-1.284329224E0,-3.278182983E-1,-3.410507812E0
2.110917463E1,-1.604812775E0,-3.670367432E-1,-2.802771606E0
2.111918763E1,-2.122286682E0,-1.375639343E-1,-2.337688751E0
2.112920063E1,-2.630779266E0,4.561015320E-1,-2.184706879E0
2.113921363E1,-2.661315765E0,8.494834900E-1,-1.864971771E0
2.114922763E1,-2.483784943E0,1.287322998E0,-1.172661438E0
2.115924063E1,-2.098785553E0,1.747166748E0,-7.222480774E-1
2.116925363E1,-1.704655151E0,2.211800537E0,-3.577560425E-1
2.117926763E1,-1.291065216E0,2.660417633E0,2.022294617E-1
2.118928062E1,-5.855822754E-1,3.338058472E0,1.041833496E0
2.119929362E1,-2.092648315E-1,4.332290955E0,2.350561981E0
2.120930763E1,-3.399430847E-1,4.955744476E0,3.992946625E0
2.121932063E1,-9.647438049E-1,5.519322510E0,5.754782867E0
2.122933363E1,-1.572030945E0,5.597460022E0,7.242539063E0
2.123934762E1,-1.875599670E0,5.489833832E0,7.905211029E0
2.124936063E1,-1.832489319E0,5.244793396E0,7.233857117E0
2.125937363E1,-1.158590698E0,5.161416779E0,5.107379150E0
2.126938663E1,-8.879534912E-1,4.870571594E0,1.969903564E0
2.127940063E1,1.107696533E-1,4.935087433E0,-1.639390869E0
2.128941363E1,1.659000092E0,4.886737976E0,-4.777315521E0
2.129942662E1,2.989283752E0,3.631448364E0,-7.160210266E0
2.130944063E1,4.279001770E0,2.053429871E0,-9.634265442E0
2.131945363E1,5.480104065E0,9.827064514E-1,-1.395577881E1
2.132946663E1,7.115603027E0,8.872050476E-1,-1.877201340E1
2.133948062E1,8.926686859E0,1.898951111E0,-2.298170929E1
2.141958663E1,5.237308960E0,1.097218323E-1,-1.764021698E1
2.142959963E1,3.843557281E0,3.068618774E-1,-1.532677780E1
2.143961363E1,2.922223206E0,7.114704895E-1,-1.340118210E1
2.144962662E1,1.821262665E0,9.792636108E-1,-1.192405380E1
2.145963962E1,7.271878052E-1,1.024170227E0,-9.917326813E0
2.146965363E1,-1.751358032E-2,1.420695648E0,-8.540639648E0
2.147966663E1,-4.270619202E-1,1.294358368E0,-7.534132690E0
2.148967963E1,-9.909393311E-1,9.475296021E-1,-5.856720886E0
2.149969362E1,-1.321002960E0,8.563691711E-1,-4.668791199E0
2.150970663E1,-1.376537476E0,1.032852173E0,-4.355193329E0
2.151971963E1,-1.484463043E0,1.387913818E0,-3.891607361E0
2.152973263E1,-1.536405029E0,1.738784180E0,-3.051254883E0
2.153974663E1,-1.584006042E0,2.211201782E0,-2.155517578E0
2.154975963E1,-1.204245758E0,2.986439667E0,-1.132544861E0
2.155977262E1,-6.063890076E-1,3.669768677E0,-1.685494995E-1
2.156978663E1,-3.863465881E-1,3.767216034E0,5.131329346E-1
2.157979963E1,-4.102967834E-1,3.392545166E0,1.174308014E0
2.158981263E1,-5.674699402E-1,3.076402588E0,1.425635376E0
2.159982662E1,-6.846762085E-1,3.042123871E0,1.358425140E0
2.160983962E1,-7.794291687E-1,3.434907074E0,6.798861694E-1
2.161985263E1,-6.590794373E-1,4.005819855E0,-2.683918762E-1
2.162986663E1,-4.191284180E-3,4.800068207E0,-4.692741394E-1
2.163987963E1,1.010398865E0,5.484894104E0,-2.595602417E-1
2.164989263E1,1.559307404E0,5.865702209E0,7.768844604E-2
2.165990663E1,1.753154297E0,6.029461670E0,5.191204834E-1
2.166991963E1,1.637145538E0,5.494025116E0,5.528004456E-1
2.167993263E1,1.352587280E0,5.059329071E0,5.384303284E-1
2.168994563E1,1.183139648E0,5.177283783E0,4.056564331E-1
2.169995962E1,1.263372803E0,5.797893219E0,-3.742218018E-2
2.170997262E1,1.866468658E0,6.645131378E0,-1.480421448E-1
2.171998562E1,2.683769073E0,7.038213959E0,1.231938171E-1
2.172999963E1,3.321892090E0,6.823560333E0,8.427474976E-1
2.174001263E1,3.640579376E0,6.586303711E0,1.451830902E0
2.175002563E1,3.765270081E0,5.952072601E0,1.813478851E0
2.176003962E1,3.768263855E0,5.538632355E0,1.922152863E0
2.177005263E1,3.803141327E0,5.832770691E0,1.556762695E0
2.178006563E1,4.258793793E0,6.272256775E0,1.113684082E0
2.179007963E1,4.885091400E0,6.696474609E0,1.023870850E0
2.180009263E1,5.550308075E0,6.983577576E0,1.230740662E0
2.181010562E1,5.892346802E0,6.958579559E0,1.550924835E0
2.182011862E1,5.857020264E0,6.205794983E0,1.983225861E0
2.183013263E1,6.007607117E0,5.691464539E0,2.686762848E0
2.184014563E1,6.138135681E0,5.859864349E0,3.323089600E0
2.185015863E1,6.429729309E0,5.914500732E0,3.321742401E0
2.186017287E1,6.663243713E0,6.104306030E0,2.758164368E0
2.187018588E1,6.291416931E0,6.178551636E0,2.101929016E0
2.188019888E1,6.199358368E0,6.117478638E0,1.825603638E0
2.189021288E1,7.076833649E0,6.241271210E0,2.313139801E0
2.190022588E1,8.434959412E0,6.337970123E0,3.040477295E0
2.191023888E1,9.237889709E0,5.888604584E0,3.741469574E0
2.192025288E1,9.418863373E0,5.452711029E0,4.436324615E0
2.193026588E1,9.527537384E0,5.052742767E0,3.657793579E0
2.194027888E1,9.821675720E0,5.182073822E0,2.601889343E0
2.195029287E1,1.024739044E1,5.760920105E0,2.170037384E0
2.196030587E1,9.961035919E0,5.597160645E0,1.428180084E0
2.197031887E1,8.829538879E0,4.844525757E0,4.444258118E-1
2.198033188E1,7.221432953E0,3.955973511E0,-5.613327026E-2
2.199034588E1,6.698719940E0,3.319646759E0,-2.366578674E-1
2.200035888E1,7.747588806E0,3.366948395E0,4.986131287E-1
2.201037188E1,9.487720184E0,3.653452606E0,1.911524963E0
2.202038588E1,1.016251694E1,4.001029816E0,2.033970337E0
2.203039888E1,9.621092834E0,4.395160217E0,1.819915466E0
2.204041188E1,9.802365875E0,4.331243134E0,2.359692993E0
2.205042588E1,9.930649109E0,3.938908997E0,2.644251251E0
2.206043887E1,9.188043365E0,3.149450684E0,2.270029449E0
2.207045187E1,7.618407440E0,1.871558075E0,1.565744019E0
2.208046588E1,5.825585632E0,3.601510620E-1,1.266216888E0
2.209047888E1,5.058131561E0,-5.722599792E-1,1.969304810E0
2.210049188E1,6.735393677E0,-4.466711426E-1,3.062780914E0
2.211050488E1,9.426796875E0,3.365002441E-1,2.709814911E0
2.212051888E1,1.111468689E1,1.213975525E0,1.450334015E0
2.213053188E1,1.229183899E1,2.323318634E0,3.338058472E-1
2.214054488E1,1.309641586E1,2.478845215E0,-3.737727356E-1
2.215055888E1,1.272758286E1,1.776356049E0,-1.902543640E-1
2.216057188E1,1.373169479E1,1.534309387E0,1.277593231E0
2.217058487E1,1.530986298E1,2.078128510E0,-1.339414673E0
2.218059888E1,1.712917969E1,2.875520325E0,-5.786965942E0
2.219061188E1,1.990186386E1,4.393962708E0,-7.774981842E0
2.220062488E1,2.198642899E1,5.894741821E0,-8.486901398E0
2.229074488E1,1.806398575E1,5.948031006E0,5.223387909E0
2.230075788E1,1.654284897E1,5.517825623E0,6.347101135E0
2.231077188E1,1.420007080E1,4.741689606E0,6.177354126E0
2.232078487E1,1.157183624E1,3.857178955E0,5.938001862E0
2.233079787E1,9.583221588E0,3.387755127E0,5.650898895E0
2.234081188E1,8.101452942E0,3.321443024E0,5.124892731E0
2.235082488E1,6.909481659E0,3.247347107E0,5.401218109E0
2.236083788E1,5.577551422E0,3.345991974E0,6.338269501E0
2.237085187E1,4.136647797E0,3.504212952E0,6.698121185E0
2.238086488E1,3.075953522E0,3.751498718E0,7.183561707E0
2.239087788E1,2.588117981E0,3.782035217E0,8.072413330E0
2.240089088E1,2.711012421E0,3.809577942E0,9.081914063E0
2.241090488E1,2.740201721E0,3.968547363E0,9.642797699E0
2.242091788E1,2.798879700E0,3.895798645E0,9.145082703E0
2.243093087E1,3.026107178E0,4.374952240E0,8.564889221E0
2.244094488E1,2.994073792E0,4.974904633E0,7.979905701E0
2.245095788E1,2.754871216E0,5.368735657E0,6.737489319E0
2.246097088E1,2.642155609E0,5.823639679E0,5.997577972E0
2.247098487E1,2.590962067E0,6.210884399E0,5.886359253E0
2.248099787E1,2.339784393E0,6.309229889E0,5.693111115E0
2.249101088E1,2.470762024E0,6.464457092E0,5.701942749E0
2.250102488E1,2.900967407E0,6.506968689E0,5.902825012E0
2.251103788E1,3.374432831E0,6.645281067E0,6.804100800E0
2.252105088E1,3.576362915E0,6.690936127E0,7.886649628E0
2.253106488E1,2.791994019E0,6.249953156E0,8.057294769E0
2.254107788E1,1.923200684E0,5.943540344E0,7.943681030E0
2.255109088E1,1.448537750E0,5.960155792E0,7.561525726E0
2.256110388E1,1.512604523E0,6.266867981E0,6.632108459E0
2.257111787E1,1.971400452E0,6.643335114E0,6.131549377E0
2.258113087E1,1.752106476E0,6.655759277E0,6.338269501E0
2.259114387E1,1.516945496E0,6.416107635E0,7.023843842E0
2.260115788E1,1.299597473E0,6.442752228E0,7.863747253E0
2.261117088E1,6.167175293E-1,5.898034973E0,8.452323303E0
2.262118388E1,1.862127686E-1,5.643863525E0,8.520281982E0
2.263119787E1,4.352947998E-1,6.059399414E0,7.938890991E0
2.264121088E1,1.505868530E-1,5.663622437E0,7.273973694E0
2.265122388E1,2.287243652E-1,5.887856140E0,7.266189880E0
2.266123788E1,4.481680298E-1,6.076613617E0,7.060367889E0
2.267125088E1,3.538641357E-1,6.088888092E0,7.042854309E0
2.268126387E1,-2.198927307E-1,5.347330170E0,7.320826263E0
2.269127788E1,-3.118016052E-1,5.419480133E0,7.261699219E0
2.270129088E1,-2.080673218E-1,5.810616760E0,6.371500397E0
2.271130388E1,-8.361611938E-1,5.626200256E0,5.836961975E0
2.272131688E1,-1.372645569E0,5.620212708E0,5.905369720E0
2.273133087E1,-1.657054138E0,5.315147095E0,6.271957397E0
2.274134387E1,-1.663939819E0,5.341492310E0,6.695576477E0
2.275135688E1,-1.281335449E0,5.282514954E0,6.951095123E0
2.276137088E1,6.496490479E-2,5.591771851E0,7.065906372E0
2.277138388E1,9.502239990E-1,6.012397156E0,6.416107635E0
2.278139688E1,1.069226532E0,6.292614441E0,5.800737305E0
2.279141088E1,7.048841858E-1,6.408174133E0,5.462590485E0
2.280142388E1,-8.217910767E-2,6.117628326E0,5.519322510E0
2.281143688E1,-6.096821594E-1,5.766608276E0,6.025120697E0
2.282145088E1,-1.188229065E0,5.395829315E0,6.517147522E0
2.283146387E1,-1.311871948E0,5.351072388E0,7.555238800E0
2.284147687E1,-9.894424438E-1,5.520370331E0,8.320447540E0
2.285148987E1,-1.603764954E0,5.380561066E0,7.732470245E0
2.286150475E1,-1.635199585E0,5.670807495E0,7.613168335E0
2.287151775E1,-6.168672180E-1,6.257886658E0,7.172185364E0
2.288153075E1,6.951544189E-1,6.678811340E0,6.245462494E0
2.289154475E1,1.607656860E0,7.519014130E0,5.542075195E0
2.290155775E1,1.683998108E0,7.699838104E0,5.008434906E0
2.291157075E1,1.479523315E0,7.478448486E0,4.921016693E0
2.292158475E1,9.946815491E-1,7.273824005E0,5.289999390E0
2.293159775E1,7.729925537E-1,7.128625946E0,5.729934540E0
2.294161075E1,1.193019104E0,7.172335052E0,6.465654602E0
2.295162475E1,1.574725342E0,7.129075012E0,6.620732117E0
2.296163775E1,1.311422882E0,7.058871002E0,6.583160248E0
2.297165075E1,1.046773224E0,6.960076447E0,6.879693604E0
2.298166475E1,9.496252441E-1,6.828200684E0,6.798861694E0
2.299167775E1,8.068222046E-1,7.033723297E0,6.483317871E0
2.300169075E1,7.665559387E-1,7.163204041E0,6.556365967E0
2.301170375E1,7.728428650E-1,7.081473999E0,7.106022949E0
2.302171775E1,1.042881317E0,7.302564240E0,7.307953033E0
2.303173075E1,1.352587280E0,7.552394714E0,6.878795471E0
2.304174375E1,1.116827545E0,7.451504517E0,6.432423706E0
2.305175775E1,7.328759766E-1,7.072941742E0,6.510112152E0
2.306177075E1,8.077203369E-1,6.917714539E0,6.674170990E0
2.307178375E1,1.151255951E0,6.877298584E0,6.985673218E0
2.308179775E1,1.369352417E0,6.837032318E0,7.211852875E0
2.309181075E1,1.279838562E0,6.818321228E0,7.171586609E0
2.310182375E1,1.145418091E0,6.903344421E0,6.975045319E0
2.311183775E1,1.115180969E0,7.038363647E0,6.879543915E0
2.312185075E1,1.207688599E0,7.158563690E0,6.681056671E0
2.313186375E1,1.446891174E0,7.386090546E0,6.430926819E0
2.314187775E1,1.550176392E0,7.505841522E0,6.476881256E0
2.315189075E1,1.518891449E0,7.427105255E0,6.342760162E0
2.316190375E1,1.198856964E0,7.354057159E0,6.116131439E0
2.317191675E1,9.330097961E-1,7.180717621E0,6.276148682E0
2.318193075E1,1.270108795E0,7.294031982E0,6.390061798E0
2.319194375E1,1.462907867E0,7.144343262E0,6.653963013E0
2.320195675E1,1.298100586E0,7.137307892E0,6.326444092E0
2.321197075E1,1.717827759E0,7.579787750E0,4.599784698E0
2.322198375E1,2.187401276E0,7.581883392E0,6.093079376E0
2.323199675E1,2.221679993E0,7.239245911E0,6.445296936E0
2.324201075E1,2.146685944E0,7.293882294E0,6.836134186E0
2.325202375E1,1.961520996E0,7.152276764E0,6.833439789E0
2.326203675E1,1.938468933E0,7.158264313E0,6.695726166E0
2.327205075E1,2.140548706E0,7.247329102E0,6.931635590E0
2.328206375E1,2.308948517E0,7.181316376E0,7.114255829E0
2.329207675E1,2.037862244E0,6.863676910E0,7.365583191E0
2.330208975E1,2.191293182E0,7.185956726E0,6.713688812E0