"Time (s)","X (rad/s)","Y (rad/s)","Z (rad/s)"
-2.287499956E-5,2.839674428E-2,-2.295735478E-2,1.223124564E-2
9.990125001E-3,-9.558681399E-2,1.079066470E-1,5.123929679E-2
2.000312500E-2,-1.618617177E-1,1.936260760E-1,6.924253702E-2
3.001612500E-2,-1.719772816E-1,1.964708418E-1,5.601551756E-2
4.003012500E-2,-1.414747685E-1,1.596632898E-1,2.093822137E-2
5.004312500E-2,-1.116388664E-1,1.209491342E-1,-1.596622914E-2
6.005612500E-2,-1.072662175E-1,9.836153686E-2,-3.093585558E-2
7.006912500E-2,-1.045142338E-1,8.700540662E-2,-2.343950421E-2
8.008212500E-2,-8.520525694E-2,8.149399608E-2,-4.497505724E-3
9.009612500E-2,-6.891035289E-2,8.041943610E-2,2.192600630E-2
1.001091250E-1,-6.322556734E-2,1.111070365E-1,5.020158738E-2
1.101221250E-1,-8.078425378E-2,1.567260921E-1,7.843347639E-2
1.201351250E-1,-1.220741645E-1,1.804244965E-1,1.093940511E-1
1.301481250E-1,-1.645192504E-1,1.864627600E-1,1.461420655E-1
1.401621250E-1,-2.032320201E-1,1.618317217E-1,1.851520538E-1
1.501751250E-1,-2.251324803E-1,1.383286715E-1,2.234425098E-1
1.601881250E-1,-2.317525595E-1,1.105630919E-1,2.534017265E-1
1.702011250E-1,-2.212848067E-1,9.091246128E-2,2.802795768E-1
1.802141250E-1,-2.265096754E-1,8.043452352E-2,3.082222641E-1
1.902281250E-1,-2.464823425E-1,7.583432645E-2,3.394083977E-1
2.002411250E-1,-2.654842734E-1,1.043807492E-1,3.730007112E-1
2.102541250E-1,-2.717779577E-1,1.258324832E-1,4.059481025E-1
2.202671250E-1,-2.664654553E-1,1.238564178E-1,4.293719232E-1
2.302801250E-1,-2.409075946E-1,1.082004309E-1,4.440405369E-1
2.402941250E-1,-2.028861791E-1,9.351949394E-2,4.504433274E-1
2.503071250E-1,-1.999839097E-1,9.565865993E-2,4.502248764E-1
2.603201250E-1,-2.325679511E-1,9.330283105E-2,4.551099241E-1
2.703331250E-1,-2.500067651E-1,1.111151576E-1,4.465522170E-1
2.803461250E-1,-2.349785417E-1,1.165176407E-1,4.384364784E-1
2.903601250E-1,-1.967565715E-1,8.725702763E-2,4.364383817E-1
3.003731250E-1,-1.572488546E-1,3.526173905E-2,4.269101322E-1
3.103861250E-1,-1.339724660E-1,-2.062319964E-2,4.101707935E-1
3.203991250E-1,-1.193578541E-1,-7.569257915E-2,3.901368976E-1
3.304121250E-1,-1.337709725E-1,-9.177384526E-2,3.864840269E-1
3.404261250E-1,-2.316538692E-1,-4.259831086E-2,3.827449381E-1
3.504391250E-1,-3.764046431E-1,-4.740361497E-2,3.815780282E-1
3.604521250E-1,-5.676478148E-1,-2.190190405E-1,3.171183467E-1
3.704651250E-1,-6.398240328E-1,-2.397795618E-1,3.913694620E-1
3.804781250E-1,-6.675637364E-1,-4.098072052E-1,5.381615758E-1
3.904921250E-1,-6.987399459E-1,-5.965960622E-1,7.182189226E-1
4.005051250E-1,-7.737476230E-1,-9.520465732E-1,9.343954325E-1
4.105181250E-1,-7.907249331E-1,-9.940448999E-1,9.211399555E-1
4.205311250E-1,-7.355956435E-1,-1.019738317E0,8.373204470E-1
4.305441250E-1,-6.441993713E-1,-1.086186409E0,8.780561090E-1
4.405581250E-1,-6.332250237E-1,-1.317854524E0,9.137589335E-1
4.505711250E-1,-6.631692648E-1,-1.735860944E0,9.425452352E-1
4.605841250E-1,-6.534937620E-1,-2.189507246E0,1.046416163E0
4.705971250E-1,-5.770182610E-1,-2.413897514E0,1.098583341E0
4.806101250E-1,-3.921799660E-1,-2.387841463E0,1.034598231E0
4.906241250E-1,-1.334906667E-1,-2.373367786E0,1.009891629E0
5.006371250E-1,2.233705223E-1,-2.477962017E0,1.068477154E0
5.106501250E-1,5.978710055E-1,-2.869802237E0,1.125683904E0
5.206631250E-1,8.651559353E-1,-3.459524155E0,1.341295242E0
5.306761250E-1,9.793756604E-1,-3.832636595E0,1.561621070E0
5.406901250E-1,9.370396733E-1,-3.892367363E0,1.718144059E0
5.507031250E-1,1.074126720E0,-4.238434792E0,1.981554270E0
5.607161250E-1,1.254437566E0,-4.262502193E0,2.177487373E0
5.707291250E-1,1.378559470E0,-3.838053465E0,2.205279350E0
5.807421250E-1,1.498199582E0,-3.430577278E0,2.251580477E0
5.907561250E-1,1.673384428E0,-3.276268959E0,2.328812361E0
6.007691250E-1,1.728522778E0,-3.149198532E0,2.296948195E0
6.107821250E-1,1.513595581E0,-3.115424395E0,2.158771992E0
6.207951250E-1,1.239851594E0,-3.080781221E0,1.785883546E0
6.308081250E-1,1.086630821E0,-3.167994738E0,1.247220874E0
6.408221250E-1,1.085754156E0,-3.313028336E0,8.512269258E-1
6.508351250E-1,1.275633216E0,-3.369773865E0,6.365822554E-1
6.608481250E-1,1.605362892E0,-3.523721933E0,6.864648461E-1
6.708611250E-1,1.946227312E0,-3.650010109E0,9.954990745E-1
6.808751250E-1,2.119570017E0,-3.452108145E0,1.419577360E0
6.908881250E-1,2.095263481E0,-3.179890394E0,1.694447994E0
7.009011250E-1,1.979337454E0,-3.028016090E0,1.847447157E0
7.109141250E-1,1.819498777E0,-2.815408468E0,1.903245568E0
7.209271250E-1,1.622666478E0,-2.658899784E0,1.833510995E0
7.309411250E-1,1.366551638E0,-2.378408670E0,1.739434242E0
7.409541250E-1,1.078772902E0,-1.959807515E0,1.636287093E0
7.509671250E-1,1.013907552E0,-1.850833297E0,1.373796344E0
7.609801250E-1,1.028923988E0,-1.889463544E0,1.183389664E0
7.709931250E-1,1.071101189E0,-2.045391560E0,1.092493057E0
7.810071250E-1,1.085846305E0,-2.274116039E0,1.071707964E0
7.910201250E-1,1.143076181E0,-2.519935846E0,1.087369442E0
8.010331250E-1,1.224276304E0,-2.617704391E0,1.176394224E0
8.110461250E-1,1.296317935E0,-2.502145052E0,1.264750481E0
8.210591250E-1,1.334482908E0,-2.218047142E0,1.268565536E0
8.310731250E-1,1.322676420E0,-1.851844549E0,1.206791282E0
8.410860417E-1,1.297758222E0,-1.493901372E0,1.105046034E0
8.510990417E-1,1.326131701E0,-1.183516026E0,9.847654700E-1
8.611120417E-1,1.403817534E0,-1.052374601E0,9.103152156E-1
8.711250417E-1,1.518346667E0,-1.156580806E0,9.063633084E-1
8.811390417E-1,1.509920478E0,-1.201488614E0,8.538883328E-1
8.911520417E-1,1.264786601E0,-1.300368428E0,7.544261813E-1
9.011650417E-1,9.337753654E-1,-1.530364394E0,5.982176661E-1
9.111780417E-1,8.215888143E-1,-1.937859893E0,4.187764525E-1
9.211910417E-1,1.093278885E0,-2.522243977E0,2.295543253E-1
9.312050417E-1,1.566314220E0,-3.112991095E0,-4.444016144E-3
9.412180417E-1,1.965745807E0,-3.453133583E0,-2.349845469E-1
9.512310417E-1,2.150428295E0,-3.412720680E0,-3.772215247E-1
9.612440417E-1,2.146819592E0,-2.996958971E0,-4.322975576E-1
9.712570417E-1,1.924240232E0,-2.459166050E0,-5.587728024E-1
9.812710417E-1,1.570964575E0,-2.018660545E0,-6.349927783E-1
9.912840417E-1,1.360127687E0,-1.692030787E0,-6.262540221E-1
1.001297042E0,1.311713815E0,-1.510597348E0,-5.845713019E-1
1.011310042E0,1.306335688E0,-1.471719742E0,-5.476362705E-1
1.021324042E0,1.382895947E0,-1.494197369E0,-5.177654624E-1
1.031337042E0,1.504848480E0,-1.528943300E0,-5.517536998E-1
1.041350042E0,1.597210884E0,-1.787643790E0,-7.028180361E-1
1.051363042E0,1.608616352E0,-2.265878439E0,-9.778442979E-1
1.061376042E0,1.557940960E0,-2.742619514E0,-1.218452096E0
1.071390042E0,1.460412860E0,-3.056304932E0,-1.399979472E0
1.081403042E0,1.324784160E0,-3.208298922E0,-1.494471908E0
1.091416042E0,1.212952137E0,-3.123990774E0,-1.512044191E0
1.101429042E0,1.138898969E0,-2.765047789E0,-1.437818170E0
1.111442042E0,1.008374453E0,-2.306363106E0,-1.310712218E0
1.121456042E0,7.952472568E-1,-1.793919563E0,-1.198132753E0
1.131469042E0,5.217267871E-1,-1.382400513E0,-1.112255931E0
1.141482042E0,2.787309289E-1,-1.100544810E0,-1.027822018E0
1.151495042E0,7.685939968E-2,-9.534092546E-1,-9.609000683E-1
1.161508042E0,-1.108247489E-1,-9.682151079E-1,-9.349970818E-1
1.171522042E0,-2.489328086E-1,-1.109952807E0,-9.765996337E-1
1.181535042E0,-3.099341393E-1,-1.384782434E0,-1.083218217E0
1.191548042E0,-3.713621199E-1,-1.678563714E0,-1.232578516E0
1.201561042E0,-4.277667999E-1,-1.929572821E0,-1.389803052E0
1.211574042E0,-4.522716105E-1,-2.096604347E0,-1.514544964E0
1.221588042E0,-4.362868071E-1,-2.191781759E0,-1.580693960E0
1.231601042E0,-3.937177062E-1,-2.223635912E0,-1.504064560E0
1.241614042E0,-4.249637723E-1,-2.241984129E0,-1.292824507E0
1.251627042E0,-5.482742786E-1,-2.204399824E0,-1.017494440E0
1.261640042E0,-7.353623509E-1,-1.985962868E0,-7.602173686E-1
1.271654042E0,-9.897507429E-1,-1.570010900E0,-5.285326838E-1
1.281667042E0,-1.233860373E0,-1.099133134E0,-3.256988823E-1
1.291680042E0,-1.348214269E0,-7.336100340E-1,-2.069584280E-1
1.301693042E0,-1.280020595E0,-4.799735546E-1,-1.946282685E-1
1.311707042E0,-1.097517610E0,-3.761135042E-1,-2.556204796E-1
1.321720042E0,-8.828658462E-1,-3.708431125E-1,-2.875661552E-1
1.331733042E0,-7.524785995E-1,-4.542044699E-1,-2.568876743E-1
1.341746042E0,-7.211020589E-1,-5.702543855E-1,-2.111273706E-1
1.351759042E0,-7.217903137E-1,-6.456320882E-1,-1.892366260E-1
1.361773042E0,-7.259283066E-1,-6.968936920E-1,-1.697856933E-1
1.371786042E0,-7.597627640E-1,-7.790384293E-1,-1.573232263E-1
1.381799042E0,-8.328114152E-1,-9.131250978E-1,-1.685156822E-1
1.391812042E0,-9.338793755E-1,-1.052674890E0,-1.748030931E-1
1.401825042E0,-1.029417872E0,-1.123069167E0,-1.603866071E-1
1.411839042E0,-1.109098673E0,-1.105746746E0,-1.341938972E-1
1.421852042E0,-1.170175910E0,-9.975734353E-1,-1.067596227E-1
1.431865042E0,-1.209604979E0,-8.345931768E-1,-6.003546715E-2
1.441878042E0,-1.201592565E0,-6.431992054E-1,-2.172966953E-3
1.451891042E0,-1.170997620E0,-4.803974330E-1,7.024984807E-2
1.461905042E0,-1.100965023E0,-3.853529394E-1,1.557668895E-1
1.471918042E0,-1.009833336E0,-3.890010417E-1,2.459351420E-1
1.481931042E0,-8.923247457E-1,-4.443910718E-1,2.952249348E-1
1.491944042E0,-7.492238283E-1,-4.930843711E-1,2.965341210E-1
1.501958042E0,-6.287395358E-1,-5.330256224E-1,2.750946283E-1
1.511971042E0,-5.760561824E-1,-5.640147328E-1,2.478696555E-1
1.521984042E0,-5.898779631E-1,-6.225414276E-1,2.494028509E-1
1.531997042E0,-6.217773557E-1,-6.825265884E-1,2.838651538E-1
1.542010042E0,-7.043228745E-1,-7.703981400E-1,3.462909758E-1
1.552024042E0,-8.141013384E-1,-8.136865497E-1,3.788556159E-1
1.562037042E0,-9.242113233E-1,-7.471900582E-1,3.741631210E-1
1.572050042E0,-1.030827761E0,-6.192027330E-1,3.408307731E-1
1.582063042E0,-1.119207978E0,-5.091363788E-1,2.873110771E-1
1.592076042E0,-1.125229478E0,-4.499653280E-1,2.340061069E-1
1.602090042E0,-1.043208361E0,-4.335037768E-1,2.101130188E-1
1.612103042E0,-9.122397900E-1,-4.758163989E-1,2.153953761E-1
1.622116042E0,-7.342826128E-1,-4.972047508E-1,2.489101887E-1
1.632129042E0,-6.069050431E-1,-4.833655655E-1,2.463400960E-1
1.642142042E0,-5.670883656E-1,-3.667697012E-1,2.251722366E-1
1.652156042E0,-5.895254016E-1,-1.655851007E-1,2.045190334E-1
1.662169042E0,-6.296773553E-1,9.677793831E-3,2.318997830E-1
1.672182042E0,-6.708487868E-1,1.385062337E-1,3.090124130E-1
1.682195042E0,-7.072310448E-1,1.866332889E-1,4.034608603E-1
1.692209042E0,-7.729603648E-1,1.215346754E-1,4.647490978E-1
1.702222042E0,-7.762719989E-1,6.124816835E-2,5.054507256E-1
1.712235042E0,-7.029582858E-1,1.286714571E-3,5.277624726E-1
1.722248042E0,-6.400299668E-1,-3.731633723E-2,5.487340689E-1
1.732261042E0,-6.249487400E-1,-3.293916583E-2,5.717235208E-1
1.742275042E0,-6.250046492E-1,-4.781877995E-2,6.216682196E-1
1.752288042E0,-6.043627262E-1,-1.713631302E-2,6.704760194E-1
1.762301042E0,-5.207455754E-1,5.692939460E-2,7.073112726E-1
1.772314042E0,-4.253424108E-1,1.336945593E-1,7.490139008E-1
1.782327042E0,-3.436696529E-1,2.179636359E-1,8.217136860E-1
1.792341042E0,-2.809054554E-1,3.061429560E-1,9.006191492E-1
1.802354042E0,-2.929501534E-1,4.529925883E-1,9.565817118E-1
1.812367042E0,-3.364022374E-1,6.134771705E-1,9.923204184E-1
1.822380042E0,-3.108089864E-1,7.276436687E-1,9.901371598E-1
1.832394042E0,-1.854212731E-1,8.018118143E-1,9.250444174E-1
1.842406792E0,1.609333092E-3,7.997449636E-1,8.291035295E-1
1.852419792E0,2.036772966E-1,7.091127634E-1,7.938652635E-1
1.862432792E0,4.128946960E-1,5.502431989E-1,7.925901413E-1
1.872445792E0,7.281048894E-1,3.721635342E-1,8.328842521E-1
1.882459792E0,1.125322461E0,1.682479382E-1,9.239840508E-1
1.892472792E0,1.413314462E0,1.528231427E-2,1.015757322E0
1.902485792E0,1.627125263E0,-1.089671999E-1,1.049062610E0
1.912498792E0,1.761431575E0,-7.068308443E-2,9.442393184E-1
1.922511792E0,1.840123177E0,1.486350968E-2,8.366526961E-1
1.932525792E0,1.846032739E0,9.070859104E-2,8.429080844E-1
1.942538792E0,1.777896881E0,1.941952854E-1,9.591431022E-1
1.952551792E0,1.579106688E0,2.431819737E-1,9.671810269E-1
1.962564792E0,1.201198578E0,1.947167069E-1,8.427429199E-1
1.972577792E0,7.987790108E-1,8.931639045E-2,6.274155974E-1
1.982591792E0,3.815599382E-1,-7.689921558E-2,3.579225838E-1
1.992604792E0,1.088145562E-2,-2.332529724E-1,8.610485494E-2
2.002617792E0,-2.345086038E-1,-2.796188891E-1,-1.468913704E-1
2.012630792E0,-3.716886342E-1,-2.943391204E-1,-3.437038064E-1
2.022644792E0,-4.666646719E-1,-2.641125023E-1,-5.162116885E-1
2.032657792E0,-5.947296619E-1,-1.615831256E-1,-6.347057819E-1
2.042670792E0,-7.445836067E-1,-1.598811522E-2,-6.907456517E-1
2.052683792E0,-9.242351651E-1,6.582777947E-2,-7.077987790E-1
2.062696792E0,-1.098124504E0,8.105253428E-2,-6.942546964E-1
2.072710792E0,-1.266976357E0,1.102314591E-1,-6.346966028E-1
2.082723792E0,-1.366384268E0,5.633680522E-2,-5.784953833E-1
2.092736792E0,-1.410239577E0,3.788251057E-2,-5.500425696E-1
2.102749792E0,-1.437073827E0,7.536052726E-3,-5.288317800E-1
2.112762792E0,-1.434612751E0,-1.899713837E-2,-4.842662215E-1
2.122776792E0,-1.429836988E0,-5.773600936E-2,-4.170278013E-1
2.132789792E0,-1.403082609E0,-9.621437639E-2,-3.471100032E-1
2.142802792E0,-1.338009119E0,-1.332395226E-1,-3.010162711E-1
2.152815792E0,-1.277455091E0,-1.774611622E-1,-2.650472224E-1
2.162829792E0,-1.192673922E0,-2.332219034E-1,-2.265525758E-1
2.172842792E0,-1.123526216E0,-2.661888301E-1,-2.047306448E-1
2.182855792E0,-1.120358706E0,-2.698472142E-1,-1.897442341E-1
2.192868792E0,-1.147917390E0,-2.143805325E-1,-1.754664481E-1
2.202881792E0,-1.194302201E0,-1.374822855E-1,-1.483879685E-1
2.212895792E0,-1.227336884E0,-7.018932700E-2,-6.559288502E-2
2.222908792E0,-1.270080447E0,-2.364286222E-2,4.417222738E-2
2.232921792E0,-1.312919021E0,3.236887604E-2,1.495932490E-1
2.242934792E0,-1.313343048E0,8.558549732E-2,2.462239116E-1
2.252947792E0,-1.278252125E0,1.250401139E-1,3.143354952E-1
2.262961792E0,-1.263582110E0,1.848134398E-1,3.408752382E-1
2.272974792E0,-1.251183152E0,2.642456591E-1,3.267805278E-1
2.282987792E0,-1.276988387E0,3.908393085E-1,3.084585071E-1
2.293000792E0,-1.324753642E0,5.509961247E-1,3.455094099E-1
2.303014792E0,-1.373838902E0,6.874554157E-1,4.007231295E-1
2.313027792E0,-1.404959559E0,7.595351338E-1,4.634452164E-1
2.323040792E0,-1.369669795E0,6.910082698E-1,5.120193958E-1
2.333053792E0,-1.277027488E0,5.708683133E-1,5.400019884E-1
2.343066792E0,-1.204920292E0,4.238796532E-1,5.449589491E-1
2.353080792E0,-1.174276352E0,3.486686349E-1,5.342708826E-1
2.363093792E0,-1.178845525E0,4.409964383E-1,5.143059492E-1
2.373106792E0,-1.170552850E0,6.435846090E-1,5.129086971E-1
2.383119792E0,-1.164171100E0,9.246479273E-1,5.397970676E-1
2.393132792E0,-1.190455317E0,1.190349340E0,5.696632266E-1
2.403146792E0,-1.198783278E0,1.400340080E0,6.222292185E-1
2.413159792E0,-1.140588522E0,1.445825338E0,6.915499568E-1
2.423172792E0,-1.011323690E0,1.345984697E0,7.536492348E-1
2.433185792E0,-8.529730439E-1,1.190047622E0,8.278009295E-1
2.443199792E0,-6.812446713E-1,9.740171432E-1,8.581388593E-1
2.453212792E0,-5.070096850E-1,8.372116685E-1,8.572137952E-1
2.463225792E0,-3.763864040E-1,7.796996236E-1,8.397807479E-1
2.473238792E0,-2.468984276E-1,7.281527519E-1,8.087634444E-1
2.483251792E0,-9.890362620E-2,6.653577685E-1,7.728816271E-1
2.493265792E0,6.661015004E-2,6.111875176E-1,7.298148274E-1
2.503278792E0,2.312081456E-1,5.429951549E-1,7.040644884E-1
2.513291792E0,3.258954287E-1,5.298836231E-1,6.941720247E-1
2.523304792E0,3.587194383E-1,6.021553874E-1,6.826349497E-1
2.533318792E0,3.517942429E-1,6.876440048E-1,6.738715768E-1
2.543331792E0,3.472895026E-1,7.339286804E-1,6.382794380E-1
2.553344792E0,3.739168644E-1,7.755205631E-1,5.864456296E-1
2.563357792E0,4.139185846E-1,7.264693975E-1,5.261801481E-1
2.573370792E0,5.281547308E-1,6.337371469E-1,4.561551213E-1
2.583384792E0,7.043289542E-1,5.272114873E-1,3.684977293E-1
2.593397792E0,9.202076793E-1,4.506670535E-1,2.455399781E-1
2.603410792E0,1.108139873E0,5.023049116E-1,1.347705871E-1
2.613423792E0,1.156667829E0,6.117169261E-1,5.516111851E-2
2.623436792E0,1.121183276E0,7.363232970E-1,3.878933936E-2
2.633450792E0,1.066009045E0,7.603544593E-1,2.612771466E-2
2.643463792E0,1.069735408E0,6.872853041E-1,3.062077099E-3
2.653476792E0,1.244239450E0,5.457926989E-1,-3.428297490E-2
2.663489792E0,1.624817967E0,3.564510345E-1,6.172304973E-3
2.673503792E0,2.116439342E0,2.497057766E-1,1.374690384E-1
2.683516792E0,2.398795605E0,1.981525719E-1,2.455238700E-1
2.693529792E0,2.478838682E0,2.751970589E-1,3.194953799E-1
2.703542792E0,2.386027098E0,5.177900195E-1,3.670152426E-1
2.713555792E0,2.105532169E0,8.686726689E-1,3.552333415E-1
2.723569792E0,1.945768476E0,1.016158462E0,3.201192915E-1
2.733582792E0,2.098027945E0,1.005039215E0,2.678330243E-1
2.743595792E0,2.224685192E0,8.540254831E-1,2.261103243E-1
2.753608792E0,2.160154819E0,6.637938619E-1,2.144285589E-1
2.763622792E0,1.895654202E0,5.404602289E-1,2.466349602E-1
2.773635792E0,1.452046990E0,5.085721612E-1,2.387450635E-1
2.783648792E0,9.087873101E-1,5.457789302E-1,1.546970308E-1
2.793661792E0,3.204917014E-1,5.631896853E-1,1.096582040E-2
2.803674792E0,-1.888636798E-1,5.536547303E-1,-1.333626062E-1
2.813688792E0,-5.913365483E-1,5.551123023E-1,-2.603231966E-1
2.823701792E0,-8.383175731E-1,5.466711521E-1,-3.560196161E-1
2.833714792E0,-9.100235105E-1,4.238534570E-1,-4.829816222E-1
2.843727500E0,-8.105842471E-1,2.761513591E-1,-6.505665779E-1
2.853741500E0,-5.472819209E-1,9.835875034E-2,-7.543692589E-1
2.863754500E0,-2.417762727E-1,-6.469941139E-2,-7.013326883E-1
2.873767500E0,-9.459158033E-2,-1.976030171E-1,-5.833693147E-1
2.883780500E0,4.844461102E-3,-2.953346372E-1,-4.962128103E-1
2.893793500E0,4.127095267E-2,-3.727104962E-1,-3.906727135E-1
2.903807500E0,-4.374114424E-2,-4.563191235E-1,-2.726784348E-1
2.913820500E0,-1.504276246E-1,-5.634902120E-1,-2.230813205E-1
2.923833500E0,-1.600174010E-1,-7.257521152E-1,-1.724407822E-1
2.933846500E0,-6.423054636E-2,-1.001938581E0,-1.193861663E-1
2.943859500E0,7.167908549E-2,-1.347700715E0,-5.083560944E-2
2.953873500E0,1.916543394E-1,-1.709614873E0,-3.773512691E-2
2.963886500E0,3.115122914E-1,-1.930554748E0,-1.296565384E-1
2.973899500E0,4.401569366E-1,-1.959463358E0,-3.312698007E-1
2.983912500E0,5.255900621E-1,-1.838862658E0,-5.866624117E-1
2.993926500E0,5.097945333E-1,-1.644992709E0,-8.171058297E-1
3.003939500E0,4.408559799E-1,-1.421599269E0,-9.819402695E-1
3.013952500E0,3.949727416E-1,-1.109276652E0,-1.062232494E0
3.023965500E0,3.789860606E-1,-8.628553748E-1,-9.569790959E-1
3.033978500E0,3.827420175E-1,-7.965147495E-1,-7.455142140E-1
3.043992500E0,4.301079214E-1,-8.165464997E-1,-5.009159446E-1
3.054005500E0,5.145267248E-1,-8.250255585E-1,-2.321530432E-1
3.064018500E0,5.712653995E-1,-8.568769097E-1,5.985777825E-2
3.074031500E0,5.926578045E-1,-8.863199353E-1,2.539708018E-1
3.084045500E0,6.246716976E-1,-8.588949442E-1,3.963609636E-1
3.094058500E0,5.572234988E-1,-7.972065210E-1,6.099042296E-1
3.104071500E0,3.462137878E-1,-6.960527301E-1,8.609098196E-1
3.114084500E0,9.556335956E-2,-5.136277676E-1,1.160422683E0
3.124097500E0,-1.189571917E-1,-3.432666957E-1,1.450232625E0
3.134111500E0,-3.105072081E-1,-2.129015625E-1,1.629030704E0
3.144124500E0,-4.747648537E-1,-9.926047921E-2,1.693313241E0
3.154137500E0,-5.780455470E-1,-2.231043950E-2,1.676302433E0
3.164150500E0,-6.589744687E-1,5.809758604E-2,1.680871606E0
3.174164500E0,-7.045363784E-1,3.328149440E-3,1.761487365E0
3.184177500E0,-6.914807558E-1,-1.390838623E-1,1.891793728E0
3.194190500E0,-6.763682365E-1,-3.638944626E-1,2.069587946E0
3.204203500E0,-7.035329938E-1,-6.923159957E-1,2.245511532E0
3.214216500E0,-7.378461957E-1,-1.005287647E0,2.413172245E0
3.224230500E0,-7.245237827E-1,-1.219167709E0,2.569413662E0
3.234243500E0,-6.136121154E-1,-1.402737617E0,2.742364645E0
3.244256500E0,-3.943473399E-1,-1.578614593E0,2.882582188E0
3.254269500E0,-1.512697041E-1,-1.618054628E0,2.976309776E0
3.264283500E0,-3.848609049E-4,-1.479087949E0,3.059968233E0
3.274296500E0,-6.665014662E-3,-1.116130471E0,3.111617088E0
3.284309500E0,-1.119711921E-1,-5.607559085E-1,3.041789770E0
3.294322500E0,-2.599272132E-1,-9.260786325E-2,2.942520857E0
3.304335500E0,-3.053348958E-1,9.904731810E-2,2.880922318E0
3.314349500E0,-1.288456619E-1,-1.235494539E-1,2.877252817E0
3.324362500E0,3.482029140E-1,-7.971827388E-1,2.959600687E0
3.334375500E0,1.018685222E0,-1.637958050E0,3.127180815E0
3.344388500E0,1.540198803E0,-2.337546349E0,3.353499651E0
3.354402500E0,1.723323226E0,-2.541968822E0,3.578281403E0
3.364415500E0,1.619232297E0,-2.327261209E0,3.629690409E0
3.374428500E0,1.317646742E0,-2.034278154E0,3.369631767E0
3.384441500E0,1.194691062E0,-1.871474981E0,2.914578438E0
3.394454500E0,1.189006567E0,-1.812289357E0,2.401138067E0
3.404468500E0,1.015030026E0,-1.749278188E0,2.015341520E0
3.414481500E0,8.287389278E-1,-1.733463049E0,1.648544550E0
3.424494500E0,7.353474498E-1,-1.812616229E0,1.429668188E0
3.434507500E0,8.323761225E-1,-1.998824358E0,1.233139992E0
3.444521500E0,1.086820602E0,-2.283994675E0,1.098944902E0
3.454534500E0,1.287723660E0,-2.438900232E0,1.091576934E0
3.464547500E0,1.291171908E0,-2.220271349E0,1.208086491E0
3.474560500E0,1.143847704E0,-1.726631522E0,1.330894232E0
3.484573500E0,9.860771894E-1,-1.239086390E0,1.180816293E0
3.494587500E0,8.692258596E-1,-9.531702995E-1,8.000504375E-1
3.504600500E0,7.795764208E-1,-9.421173930E-1,3.448445797E-1
3.514613500E0,5.771360397E-1,-1.122528911E0,-1.852517948E-2
3.524626500E0,2.855100930E-1,-1.344029307E0,-2.817949057E-1
3.534640500E0,2.959190682E-2,-1.528644443E0,-4.632745385E-1
3.544653500E0,-1.167221665E-1,-1.641286612E0,-6.068543792E-1
3.554666500E0,-1.919407696E-1,-1.695034862E0,-7.545183897E-1
3.564679500E0,-2.527332604E-1,-1.648714781E0,-9.020383954E-1
3.574692500E0,-3.510057032E-1,-1.538365841E0,-1.023128152E0
3.584706500E0,-4.174608886E-1,-1.409749866E0,-1.095897675E0
3.594719500E0,-4.567784965E-1,-1.301905513E0,-1.109013557E0
3.604732500E0,-4.916834831E-1,-1.213662267E0,-1.072431326E0
3.614745500E0,-5.071268082E-1,-1.190994740E0,-1.053900003E0
3.624759500E0,-5.521909595E-1,-1.279984474E0,-1.116082668E0
3.634772500E0,-6.352525949E-1,-1.489322901E0,-1.217510343E0
3.644785500E0,-7.119284272E-1,-1.753160954E0,-1.324054122E0
3.654798500E0,-7.683669925E-1,-1.982029438E0,-1.388978601E0
3.664812500E0,-7.930185199E-1,-2.126962185E0,-1.396696210E0
3.674825500E0,-7.995024323E-1,-2.144440889E0,-1.393524289E0
3.684838500E0,-8.252690434E-1,-2.062633991E0,-1.377692103E0
3.694851500E0,-8.800458908E-1,-1.886874914E0,-1.346788883E0
3.704864500E0,-9.799125791E-1,-1.678873777E0,-1.292927980E0
3.714878500E0,-1.124744892E0,-1.511225104E0,-1.247999787E0
3.724891500E0,-1.241792679E0,-1.353248358E0,-1.218511462E0
3.734904500E0,-1.313996673E0,-1.188062429E0,-1.206452489E0
3.744917500E0,-1.335551739E0,-1.004148602E0,-1.188226938E0
3.754931500E0,-1.360414028E0,-8.352638483E-1,-1.145632505E0
3.764944500E0,-1.393716097E0,-7.121291757E-1,-1.102006197E0
3.774957500E0,-1.423746109E0,-6.325198412E-1,-1.064548612E0
3.784970500E0,-1.448226094E0,-5.846042633E-1,-1.029382348E0
3.794983500E0,-1.479696035E0,-5.696738958E-1,-9.848142266E-1
3.804997500E0,-1.517652988E0,-6.284608245E-1,-9.413282275E-1
3.815010500E0,-1.551566720E0,-7.678072453E-1,-9.060487747E-1
3.825023500E0,-1.608890772E0,-9.287764430E-1,-8.601382971E-1
3.835036500E0,-1.681154609E0,-1.044984341E0,-8.113372326E-1
3.845051375E0,-1.731765509E0,-1.060927272E0,-7.420308590E-1
3.855064375E0,-1.769434452E0,-1.012250662E0,-6.557751894E-1
3.865077375E0,-1.747872949E0,-8.952490687E-1,-5.791448355E-1
3.875090375E0,-1.674521923E0,-7.213189006E-1,-4.804012775E-1
3.885103375E0,-1.601300120E0,-5.185964108E-1,-3.676401079E-1
3.895117375E0,-1.558472753E0,-3.164591193E-1,-2.525690496E-1
3.905130375E0,-1.530297995E0,-9.149206430E-2,-1.491926014E-1
3.915143375E0,-1.554286480E0,7.517970353E-2,-3.871784359E-2
3.925156375E0,-1.599674940E0,1.984523833E-1,6.796971709E-2
3.935170375E0,-1.622699142E0,2.509359717E-1,1.587307602E-1
3.945183375E0,-1.652690053E0,2.322312593E-1,2.359459251E-1
3.955196375E0,-1.662082076E0,1.395661831E-1,2.869840860E-1
3.965209375E0,-1.616447210E0,3.204478696E-2,3.304380774E-1
3.975222375E0,-1.570510387E0,-7.043327391E-2,3.699209690E-1
3.985236375E0,-1.514222622E0,-6.475381553E-2,4.082185626E-1
3.995249375E0,-1.524929643E0,2.185043693E-2,4.422991276E-1
4.005262375E0,-1.540403366E0,1.652158648E-1,4.691754580E-1
4.015275375E0,-1.505285621E0,2.848322093E-1,5.030050874E-1
4.025289375E0,-1.443452597E0,3.052240312E-1,5.597168207E-1
4.035302375E0,-1.323343515E0,2.305995077E-1,6.017838120E-1
4.045315375E0,-1.155244827E0,1.145440042E-1,6.138029695E-1
4.055328375E0,-1.011872530E0,9.770571440E-2,6.281554699E-1
4.065342375E0,-9.557445645E-1,2.031466514E-1,6.329598427E-1
4.075355375E0,-9.735867977E-1,4.246115685E-1,6.398631334E-1
4.085368375E0,-1.040791631E0,6.807850599E-1,6.574389338E-1
4.095381375E0,-1.056036830E0,8.614898920E-1,6.562492251E-1
4.105394375E0,-9.854058027E-1,9.915304184E-1,6.178597212E-1
4.115408375E0,-8.534672856E-1,1.028655887E0,5.667684674E-1
4.125421375E0,-6.320254207E-1,9.592106938E-1,5.533272624E-1
4.135434375E0,-3.565893471E-1,6.545393467E-1,6.024001837E-1
4.145447375E0,-3.663079068E-2,1.709913164E-1,6.520340443E-1
4.155461375E0,3.166187406E-1,-2.583072186E-1,6.771600842E-1
4.165474375E0,5.664778352E-1,-4.514836073E-1,6.741967797E-1
4.175487375E0,6.971988082E-1,-3.468110859E-1,5.573771596E-1
4.185500375E0,7.642958164E-1,-1.424300298E-2,3.482324779E-1
4.195513375E0,8.450341821E-1,3.589707017E-1,1.597673446E-1
4.205527375E0,1.049628735E0,6.706715822E-1,3.926649690E-2
4.215540375E0,1.326678514E0,8.420998454E-1,6.411242485E-2
4.225553375E0,1.668696523E0,7.840703726E-1,2.302484065E-1
4.235566375E0,2.125190496E0,4.233464301E-1,5.184258223E-1
4.245580375E0,2.593568802E0,-1.656635702E-1,7.782219648E-1
4.255593375E0,2.880559683E0,-6.774465442E-1,9.220951200E-1
4.265606375E0,2.899242878E0,-8.699462414E-1,1.006973982E0
4.275619375E0,2.615400076E0,-7.542006969E-1,9.267911911E-1
4.285633375E0,2.153694868E0,-3.967062533E-1,6.574848890E-1
4.295646375E0,1.664610624E0,5.843732506E-2,2.891713083E-1
4.305659375E0,1.236698985E0,4.290800989E-1,-1.687038131E-2
4.315672375E0,9.470610619E-1,6.657872796E-1,-1.423807144E-1
4.325685375E0,7.725456953E-1,6.776697636E-1,-1.167025119E-1
4.335699375E0,6.668123603E-1,5.327922106E-1,-3.622551635E-2
4.345712375E0,5.617583394E-1,2.975026965E-1,4.312588833E-3
4.355725375E0,4.114576876E-1,7.314257324E-2,-1.808093116E-2
4.365738375E0,1.962764263E-1,-4.022499546E-2,-1.005755365E-1
4.375752375E0,-4.777630419E-2,-5.453609675E-2,-1.831589490E-1
4.385765375E0,-3.484261334E-1,1.564455451E-3,-2.431325465E-1
4.395778375E0,-7.003020644E-1,8.057671785E-2,-3.137009144E-1
4.405791375E0,-1.043717265E0,1.779544055E-1,-3.821734488E-1
4.415805375E0,-1.377282739E0,2.506515980E-1,-4.396938384E-1
4.425818375E0,-1.676333308E0,3.186727166E-1,-4.753663540E-1
4.435831375E0,-1.883235216E0,2.547348440E-1,-5.023099780E-1
4.445844375E0,-2.004950762E0,6.682673842E-2,-5.144507885E-1
4.455857375E0,-2.083232403E0,-1.473986208E-1,-5.023471117E-1
4.465871375E0,-2.130770445E0,-2.842355371E-1,-4.764705300E-1
4.475884375E0,-2.154500008E0,-3.061223030E-1,-4.319340289E-1
4.485897375E0,-2.151418209E0,-2.077755034E-1,-3.749844730E-1
4.495910375E0,-2.123367786E0,-6.067886949E-2,-2.985629439E-1
4.505924375E0,-2.070665598E0,4.490667954E-2,-2.082820386E-1
4.515937375E0,-2.005261660E0,4.474871978E-2,-1.156500727E-1
4.525950375E0,-1.946066380E0,-1.638041437E-2,-5.005880445E-2
4.535963375E0,-1.891774058E0,-6.877913326E-2,-2.813557163E-2
4.545976375E0,-1.849748015E0,-4.968240485E-2,-2.422152273E-2
4.555990375E0,-1.792647481E0,3.237444907E-2,-3.905399889E-2
4.566003375E0,-1.720587611E0,1.563179642E-1,-3.267040104E-2
4.576016375E0,-1.643766165E0,2.652947307E-1,2.448027255E-3
4.586029375E0,-1.538662076E0,3.612215221E-1,7.373765111E-2
4.596043375E0,-1.472295523E0,4.255156815E-1,1.718137711E-1
4.606056375E0,-1.434295416E0,4.711619914E-1,2.681573629E-1
4.616069375E0,-1.370072603E0,4.914168417E-1,3.169871569E-1
4.626082375E0,-1.306895137E0,4.577337205E-1,3.435990512E-1
4.636096375E0,-1.292726994E0,3.862521946E-1,3.407078385E-1
4.646109375E0,-1.326634049E0,3.637924492E-1,3.288698494E-1
4.656122375E0,-1.358513713E0,4.066272378E-1,3.172091544E-1
4.666135375E0,-1.356464982E0,4.688940644E-1,3.653479218E-1
4.676148375E0,-1.324514985E0,4.981377721E-1,4.768941998E-1
4.686162375E0,-1.229699016E0,5.201829076E-1,6.068695188E-1
4.696175375E0,-1.105846047E0,5.702068806E-1,7.183299661E-1
4.706188375E0,-1.030650139E0,6.429750919E-1,7.907168269E-1
4.716201375E0,-1.001400590E0,7.083173394E-1,8.174896240E-1
4.726215375E0,-9.289130569E-1,7.694318295E-1,8.031522632E-1
4.736228375E0,-8.083413243E-1,8.346755505E-1,7.660508752E-1
4.746241375E0,-6.846870780E-1,9.104861617E-1,7.078394890E-1
4.756254375E0,-5.772655010E-1,1.036095500E0,6.788219810E-1
4.766268375E0,-5.089306831E-1,1.156823754E0,7.165161371E-1
4.776281375E0,-4.512025416E-1,1.263824105E0,7.923138142E-1
4.786294375E0,-4.060755670E-1,1.375249147E0,8.744294643E-1
4.796307375E0,-3.987764120E-1,1.496391296E0,9.124867320E-1
4.806320375E0,-4.144784212E-1,1.607961774E0,9.073718786E-1
4.816334375E0,-3.840232193E-1,1.593614697E0,9.049695134E-1
4.826347375E0,-2.385919839E-1,1.333876610E0,8.962673545E-1
4.836360375E0,-4.049142450E-2,9.642438293E-1,8.689582348E-1
4.846373750E0,1.414765120E-1,6.958739161E-1,8.404088616E-1
4.856387750E0,2.234192193E-1,6.298516989E-1,8.436792493E-1
4.866400750E0,2.474856526E-1,7.684833407E-1,8.520769477E-1
4.876413750E0,2.759128511E-1,9.859274626E-1,8.454912901E-1
4.886426750E0,2.914257646E-1,1.160316586E0,8.132888675E-1
4.896440750E0,3.193351924E-1,1.285641551E0,7.518755198E-1
4.906453750E0,3.444645107E-1,1.374813557E0,6.905397177E-1
4.916466750E0,3.386961520E-1,1.455155253E0,6.432386041E-1
4.926479750E0,3.182199001E-1,1.482390881E0,5.990096331E-1
4.936492750E0,4.782449007E-1,1.376169682E0,5.727376342E-1
4.946506750E0,7.591769099E-1,1.160080791E0,5.332387090E-1
4.956519750E0,1.041746497E0,9.762161970E-1,4.531523585E-1
4.966532750E0,1.204807758E0,9.811074138E-1,3.656478226E-1
4.976545750E0,1.185657859E0,1.217799902E0,2.582858801E-1
4.986559750E0,1.118488431E0,1.517555118E0,7.167474180E-2
4.996572750E0,1.244467616E0,1.729892135E0,-1.630413830E-1
5.006585750E0,1.729093432E0,1.842521429E0,-2.820996046E-1
5.016598750E0,2.558445930E0,1.810686231E0,-1.623862684E-1
5.026612750E0,3.288892984E0,1.672019720E0,1.413246095E-1
5.036625750E0,3.767120838E0,1.548013806E0,4.735946953E-1
5.046638750E0,4.272258282E0,1.450663090E0,7.961351871E-1
5.056651750E0,4.562759399E0,1.362621784E0,9.684258699E-1
5.066664750E0,4.590869904E0,1.381660461E0,9.207851291E-1
5.076678750E0,4.250437737E0,1.629151464E0,7.237452865E-1
5.086691750E0,3.432111740E0,1.899319291E0,4.386011958E-1
5.096704750E0,2.069440126E0,1.706502795E0,1.496748477E-1
5.106717750E0,3.476490378E-1,1.168927670E0,-1.164340526E-1
5.116731750E0,-1.284465551E0,7.566687465E-1,-3.845044971E-1
5.126744750E0,-2.390474796E0,6.636519432E-1,-5.985773206E-1
5.136757750E0,-3.082816124E0,6.573478580E-1,-7.843091488E-1
5.146770750E0,-3.466952085E0,6.981048584E-1,-9.002532959E-1
5.156784750E0,-3.548398733E0,8.112419248E-1,-8.841760159E-1
5.166797750E0,-3.137134552E0,6.766750216E-1,-7.124857903E-1
5.176810750E0,-2.548567057E0,5.821155310E-1,-8.045781255E-1
5.186823750E0,-2.123953819E0,3.586720526E-1,-8.735231161E-1
5.196837750E0,-1.605818033E0,3.620776236E-1,-9.724825025E-1
5.206850750E0,-1.134114146E0,4.780108929E-1,-9.690238237E-1
5.216863750E0,-6.617462039E-1,6.189349890E-1,-9.773111343E-1
5.226876750E0,-2.051986009E-1,5.834334493E-1,-8.808637261E-1
5.236889750E0,1.194884554E-1,3.783437908E-1,-6.937468052E-1
5.246903750E0,2.611422539E-1,1.541312188E-1,-4.768885076E-1
5.256916750E0,3.317570984E-1,-8.082536049E-3,-3.238791823E-1
5.266929750E0,3.935139477E-1,-5.334269255E-2,-2.121121585E-1
5.276942750E0,5.173590779E-1,-4.398220405E-2,-8.070448041E-2
5.286956750E0,6.973557472E-1,-1.230876818E-1,3.609484434E-2
5.296969750E0,8.830037713E-1,-2.866105437E-1,6.692697108E-2
5.306982750E0,1.013819814E0,-4.280661941E-1,-1.507335901E-2
5.316995750E0,1.072096825E0,-5.405815840E-1,-1.605888456E-1
5.327009750E0,1.106417298E0,-5.240787864E-1,-3.784492612E-1
5.337022750E0,1.151080132E0,-3.203882873E-1,-7.044087052E-1
5.347035750E0,1.155414462E0,-7.052194327E-3,-1.095902443E0
5.357048750E0,1.103123069E0,1.784008741E-1,-1.428194642E0
5.367061750E0,1.022261500E0,2.187999636E-1,-1.636270404E0
5.377075750E0,9.528678656E-1,3.491938412E-1,-1.764801860E0
5.387088750E0,9.691866636E-1,6.400123835E-1,-1.830467463E0
5.397101750E0,1.155144453E0,9.674413800E-1,-1.800775170E0
5.407114750E0,1.412724018E0,1.274076700E0,-1.642334580E0
5.417128750E0,1.591116428E0,1.627920747E0,-1.447119713E0
5.427141750E0,1.674562216E0,2.022743702E0,-1.274177670E0
5.437154750E0,1.630956531E0,2.417525768E0,-1.146479964E0
5.447167750E0,1.507115245E0,2.709217072E0,-1.206533909E0
5.457181750E0,1.438327074E0,2.845306873E0,-1.440503001E0
5.467194750E0,1.419954896E0,2.759777546E0,-1.722578883E0
5.477207750E0,1.385950327E0,2.633579493E0,-1.876187444E0
5.487220750E0,1.296329379E0,2.606148005E0,-1.877939582E0
5.497234750E0,1.248148322E0,2.632500887E0,-1.866662860E0
5.507247750E0,1.374257326E0,2.707371712E0,-1.828563213E0
5.517260750E0,1.692659140E0,2.735110521E0,-1.769209981E0
5.527273750E0,2.073899269E0,2.603234768E0,-1.725457668E0
5.537286750E0,2.428414822E0,2.296070337E0,-1.607721686E0
5.547300750E0,2.654400587E0,1.909918308E0,-1.478997469E0
5.557313750E0,2.659799814E0,1.728079796E0,-1.446718931E0
5.567326750E0,2.550636292E0,1.792777061E0,-1.488041043E0
5.577339750E0,2.372960329E0,2.015906096E0,-1.537790298E0
5.587353750E0,2.204461813E0,2.290216208E0,-1.585306168E0
5.597366750E0,2.122353077E0,2.486692429E0,-1.560593843E0
5.607379750E0,2.251098633E0,2.571627140E0,-1.374965668E0
5.617392750E0,2.547392130E0,2.473587751E0,-1.090639830E0
5.627406750E0,2.832592964E0,2.214074612E0,-7.909244299E-1
5.637419750E0,3.036944628E0,1.783453226E0,-5.767648816E-1
5.647432750E0,3.194849968E0,1.045046210E0,-4.693595469E-1
5.657445750E0,3.298864126E0,1.803300679E-1,-4.511079192E-1
5.667459750E0,3.414269209E0,-5.612543225E-1,-4.493235946E-1
5.677472750E0,3.609290361E0,-1.043512702E0,-2.282015085E-1
5.687485750E0,3.763705492E0,-1.209364295E0,9.140472114E-2
5.697498750E0,3.740881443E0,-1.167047977E0,4.068827331E-1
5.707511750E0,3.541944981E0,-8.125574589E-1,6.294449568E-1
5.717525750E0,3.256272793E0,-1.595478058E-1,8.227375746E-1
5.727538750E0,2.950600624E0,6.065717340E-1,1.008842111E0
5.737551750E0,2.704709768E0,1.170903087E0,1.136046767E0
5.747564750E0,2.643823385E0,1.301823616E0,1.234682322E0
5.757578750E0,2.870712757E0,1.035072327E0,1.459200501E0
5.767591750E0,3.124366283E0,3.838657439E-1,1.756856680E0
5.777604750E0,3.229607821E0,-3.461899757E-1,2.119373322E0
5.787617750E0,3.292312384E0,-7.785363197E-1,2.526792049E0
5.797631750E0,3.319815397E0,-8.339838982E-1,2.782250643E0
5.807644750E0,3.323737860E0,-5.271638036E-1,2.723430395E0
5.817657750E0,3.218225241E0,1.726190187E-2,2.273044109E0
5.827670750E0,2.906130075E0,3.710577786E-1,1.773349285E0
5.837684000E0,2.531146526E0,2.200395167E-1,1.440468073E0
5.847697000E0,2.286925077E0,-8.321844935E-1,1.262597203E0
5.857710000E0,2.246779442E0,-2.316916466E0,1.170246243E0
5.867723000E0,2.364937782E0,-3.262048006E0,8.789928555E-1
5.877737000E0,2.418862820E0,-3.313553333E0,3.633290529E-1
5.887750000E0,2.209200144E0,-2.603130579E0,-1.653110832E-1
5.897763000E0,1.827887654E0,-1.554289579E0,-5.622192025E-1
5.907776000E0,1.493703127E0,-6.486060023E-1,-7.708864212E-1
5.917790000E0,1.350908518E0,-8.402638882E-2,-8.690412641E-1
5.927803000E0,1.313011289E0,3.453301638E-2,-9.126273394E-1
5.937816000E0,1.275891900E0,-4.057515264E-1,-8.694610000E-1
5.947829000E0,1.216920257E0,-1.202654362E0,-8.227837682E-1
5.957843000E0,1.102213264E0,-2.010488987E0,-8.622540236E-1
5.967856000E0,9.661955237E-1,-2.512395620E0,-9.919925928E-1
5.977869000E0,8.051221967E-1,-2.681331158E0,-1.170463562E0
5.987882000E0,6.227113605E-1,-2.590155840E0,-1.304658055E0
5.997896000E0,4.333550930E-1,-2.321203709E0,-1.464206696E0
6.007909000E0,1.783619523E-1,-1.935924768E0,-1.618562222E0
6.017922000E0,-8.521658182E-2,-1.513392091E0,-1.728262663E0
6.027935000E0,-2.572919428E-1,-1.160042048E0,-1.747224689E0
6.037949000E0,-2.851492167E-1,-9.939311743E-1,-1.707476497E0
6.047962000E0,-2.193105817E-1,-1.138829231E0,-1.628665328E0
6.057975000E0,-1.304132789E-1,-1.548163176E0,-1.521220684E0
6.067988000E0,-9.617274255E-2,-1.980437875E0,-1.421981454E0
6.078002000E0,-2.518242002E-1,-2.312101126E0,-1.297520041E0
6.088015000E0,-5.777415633E-1,-2.463482141E0,-1.184681416E0
6.098028000E0,-9.607229233E-1,-2.419000149E0,-1.135040760E0
6.108041000E0,-1.329572797E0,-2.212572336E0,-1.146461129E0
6.118055000E0,-1.643455982E0,-1.906379342E0,-1.170934796E0
6.128068000E0,-1.875849247E0,-1.557946444E0,-1.180876613E0
6.138081000E0,-2.001185417E0,-1.273137450E0,-1.145373106E0
6.148095000E0,-2.057928324E0,-1.215619564E0,-1.034601212E0
6.158108000E0,-2.061034679E0,-1.471580267E0,-9.069519639E-1
6.168121000E0,-2.034215689E0,-2.001301289E0,-8.459957242E-1
6.178134000E0,-2.071622610E0,-2.554785013E0,-8.200814128E-1
6.188148000E0,-2.263641119E0,-2.838847399E0,-8.272368312E-1
6.198161000E0,-2.597683668E0,-2.706736326E0,-8.260169029E-1
6.208174000E0,-3.006597281E0,-2.279748440E0,-8.243241906E-1
6.218187000E0,-3.378254414E0,-1.667844176E0,-8.213347793E-1
6.228201000E0,-3.624885082E0,-1.024082303E0,-7.848902345E-1
6.238214000E0,-3.717581034E0,-4.167741239E-1,-6.922259331E-1
6.248227000E0,-3.665460110E0,7.968969643E-2,-5.788165331E-1
6.258240000E0,-3.490818977E0,3.939622045E-1,-4.343919754E-1
6.268254000E0,-3.268845081E0,4.836984873E-1,-3.249951601E-1
6.278267000E0,-3.007438183E0,3.279899955E-1,-2.718092203E-1
6.288280000E0,-2.743798018E0,-3.824843839E-2,-2.464817315E-1
6.298293000E0,-2.509602785E0,-3.948923945E-1,-2.246621549E-1
6.308307000E0,-2.386481762E0,-5.723041892E-1,-1.931630820E-1
6.318320000E0,-2.319339275E0,-5.309625268E-1,-1.414375305E-1
6.328333000E0,-2.266439199E0,-3.377981484E-1,-7.212503254E-2
6.338347000E0,-2.189902306E0,-9.524350613E-2,-3.449761774E-3
6.348360000E0,-2.051105738E0,1.125464365E-1,8.958697319E-2
6.358373000E0,-1.904317975E0,2.180818617E-1,1.982297450E-1
6.368386000E0,-1.749713659E0,2.306338549E-1,2.794734836E-1
6.378400000E0,-1.583787799E0,2.098374516E-1,3.282419443E-1
6.388413000E0,-1.440268397E0,1.742605567E-1,3.545539677E-1
6.398426000E0,-1.300982356E0,7.898308337E-2,3.834967613E-1
6.408439000E0,-1.151362181E0,-4.607470334E-2,4.079730809E-1
6.418453000E0,-9.630809426E-1,-1.362272948E-1,4.392308295E-1
6.428466000E0,-8.308768272E-1,-1.458881795E-1,4.897403419E-1
6.438479000E0,-7.725850344E-1,-3.334094957E-2,5.632303357E-1
6.448492000E0,-7.690555453E-1,1.385365278E-1,6.775853634E-1
6.458506000E0,-7.584267855E-1,2.417097092E-1,7.784590721E-1
6.468519000E0,-6.190001965E-1,2.270559371E-1,8.149625063E-1
6.478532000E0,-3.857446313E-1,1.047112718E-1,7.686452866E-1
6.488546000E0,-1.924206913E-1,-2.480065264E-2,7.022638917E-1
6.498559000E0,-9.154807031E-2,-7.966150343E-2,6.750062704E-1
6.508572000E0,-7.816381752E-2,-1.210083254E-2,6.672396660E-1
6.518585000E0,-1.179980487E-1,1.472863853E-1,6.812639236E-1
6.528599000E0,-1.409736872E-1,2.575750649E-1,7.434492707E-1
6.538612000E0,2.362630889E-2,2.269030362E-1,7.455987334E-1
6.548625000E0,3.495942950E-1,8.759228140E-2,6.856701970E-1
6.558638000E0,7.581223845E-1,-2.309322171E-2,6.366482973E-1
6.568652000E0,1.072975993E0,-3.622446954E-2,6.624388695E-1
6.578665000E0,1.201712608E0,7.003413886E-2,7.203032374E-1
6.588678000E0,1.225553274E0,2.807327807E-1,7.437084317E-1
6.598691000E0,1.213345051E0,5.132319927E-1,7.440509200E-1
6.608705000E0,1.245210528E0,6.234399676E-1,7.361556888E-1
6.618718000E0,1.448325753E0,5.323292017E-1,7.083682418E-1
6.628731000E0,1.832512856E0,3.699725568E-1,6.467906237E-1
6.638745000E0,2.165946484E0,2.391081899E-1,5.668045878E-1
6.648758000E0,2.304999113E0,2.399542779E-1,4.948920310E-1
6.658771000E0,2.260727882E0,3.247467875E-1,4.607825279E-1
6.668784000E0,2.097378731E0,3.878597319E-1,4.740847349E-1
6.678798000E0,1.956542373E0,4.033198655E-1,4.725115299E-1
6.688811000E0,1.857398510E0,3.800188005E-1,4.159774184E-1
6.698824000E0,1.753951073E0,2.317671031E-1,2.924760878E-1
6.708837000E0,1.731870055E0,8.240272291E-3,1.377999783E-1
6.718851000E0,1.701395273E0,-2.463125736E-1,1.770305634E-2
6.728864000E0,1.555366993E0,-4.059440494E-1,-4.445752129E-2
6.738877000E0,1.294255972E0,-4.479205906E-1,-7.694208622E-2
6.748890000E0,9.799025655E-1,-3.952962458E-1,-1.241684631E-1
6.758904000E0,6.460933685E-1,-3.542417884E-1,-2.143591195E-1
6.768917000E0,3.061459064E-1,-3.246849477E-1,-3.338200152E-1
6.778930000E0,-6.562146544E-2,-2.883560359E-1,-4.335615337E-1
6.788944000E0,-4.750915170E-1,-2.770498693E-1,-4.688955545E-1
6.798957000E0,-9.078183174E-1,-2.920327783E-1,-4.753978252E-1
6.808970000E0,-1.295175910E0,-3.601412475E-1,-4.782010615E-1
6.818983000E0,-1.641669393E0,-4.714365304E-1,-4.691489339E-1
6.828997000E0,-1.949263930E0,-5.622527599E-1,-4.202623665E-1
6.839009792E0,-2.159926891E0,-5.999639630E-1,-3.520095646E-1
6.849022792E0,-2.262089968E0,-6.169266701E-1,-2.674086392E-1
6.859035792E0,-2.287898779E0,-6.218065023E-1,-2.046817392E-1
6.869049792E0,-2.282186985E0,-6.159288883E-1,-1.607638299E-1
6.879062792E0,-2.274507523E0,-6.098358631E-1,-9.911460429E-2
6.889075792E0,-2.272174835E0,-5.783759356E-1,-1.115065999E-2
6.899088792E0,-2.252593040E0,-5.210770369E-1,9.489170462E-2
6.909102792E0,-2.249499321E0,-4.327938259E-1,1.894379258E-1
6.919115792E0,-2.247786283E0,-4.337262809E-1,2.567094862E-1
6.929128792E0,-2.238558531E0,-5.126237273E-1,2.864415646E-1
6.939141792E0,-2.233313084E0,-5.635280609E-1,2.607268989E-1
6.949155792E0,-2.236155272E0,-5.431529880E-1,2.116328478E-1
6.959168792E0,-2.261785269E0,-4.465841353E-1,1.962464899E-1
6.969181792E0,-2.254528046E0,-3.108580112E-1,2.161381692E-1
6.979195792E0,-2.183094263E0,-1.850328296E-1,2.670824230E-1
6.989208792E0,-2.081900358E0,-1.002590880E-1,3.281188607E-1
6.999221792E0,-1.968741655E0,-3.920325637E-2,4.009670019E-1
7.009234792E0,-1.844263554E0,4.129451513E-2,4.881983101E-1
7.019248792E0,-1.701950550E0,1.231795996E-1,5.807400346E-1
7.029261792E0,-1.609607935E0,2.202254534E-1,6.865783334E-1
7.039274792E0,-1.574729204E0,3.384646773E-1,7.610901594E-1
7.049287792E0,-1.556609631E0,4.834317267E-1,7.579990625E-1
7.059301792E0,-1.492412090E0,5.998141170E-1,6.849760413E-1
7.069314792E0,-1.346902013E0,5.911524296E-1,6.087465286E-1
7.079327792E0,-1.193120956E0,5.336486101E-1,5.799059272E-1
7.089340792E0,-1.087187767E0,4.817662239E-1,5.909580588E-1
7.099354792E0,-1.028030396E0,5.125687122E-1,5.944999456E-1
7.109367792E0,-1.012316942E0,6.118268371E-1,6.040260792E-1
7.119380792E0,-9.812204242E-1,7.586418390E-1,6.178383827E-1
7.129393792E0,-9.448599815E-1,9.489880800E-1,6.696701646E-1
7.139407792E0,-9.051797390E-1,1.086108565E0,7.476102114E-1
7.149420792E0,-8.005092740E-1,1.140475154E0,7.857890129E-1
7.159433792E0,-6.234993339E-1,1.144255519E0,7.953544855E-1
7.169447792E0,-4.381843209E-1,1.102108717E0,7.957326770E-1
7.179460792E0,-2.930640876E-1,1.050062537E0,7.939375043E-1
7.189473792E0,-1.939966381E-1,1.035450578E0,7.893344760E-1
7.199486792E0,-8.476761729E-2,1.063353181E0,7.856321931E-1
7.209500792E0,9.567645937E-2,1.052949786E0,7.577395439E-1
7.219513792E0,2.812965512E-1,1.011425257E0,7.138172388E-1
7.229526792E0,4.621363878E-1,9.979078770E-1,6.538444757E-1
7.239539792E0,5.597401261E-1,9.952205420E-1,6.222540140E-1
7.249553792E0,5.971357226E-1,9.955656528E-1,6.052747965E-1
7.259566792E0,6.035811305E-1,9.706372023E-1,5.886164904E-1
7.269579792E0,6.259043217E-1,9.317851067E-1,5.657553673E-1
7.279592792E0,7.093532681E-1,8.430081606E-1,5.295615792E-1
7.289606792E0,8.436024189E-1,7.305124998E-1,4.506472945E-1
7.299619792E0,1.018818021E0,7.228518724E-1,3.671801686E-1
7.309632792E0,1.111037374E0,8.173677325E-1,3.353093266E-1
7.319645792E0,1.094797850E0,9.790697098E-1,3.527617157E-1
7.329659792E0,1.041938901E0,1.122368336E0,3.550626934E-1
7.339672792E0,1.024480343E0,1.197154880E0,3.125326037E-1
7.349685792E0,1.002283931E0,1.177643776E0,2.219111025E-1
7.359698792E0,1.058066249E0,1.110930562E0,7.221061736E-2
7.369712792E0,1.204006672E0,1.039855838E0,-9.448169917E-2
7.379725792E0,1.452730656E0,9.264352918E-1,-2.325012386E-1
7.389738792E0,1.872612119E0,7.553974986E-1,-3.390841484E-1
7.399752792E0,2.590206861E0,5.347425342E-1,-5.255588889E-1
7.409765792E0,3.678361654E0,4.324592650E-1,-7.131870985E-1
7.419778792E0,4.735224247E0,4.352365732E-1,-7.608084679E-1
7.429791792E0,5.547566891E0,5.777153969E-1,-6.210172772E-1
7.439805792E0,5.973168373E0,9.547874928E-1,-4.571500719E-1
7.449818792E0,5.880062103E0,1.433676839E0,-2.083034962E-1
7.459831792E0,5.119296551E0,1.886533022E0,9.004296362E-2
7.469844792E0,3.885528564E0,1.994783759E0,3.490819931E-1
7.479858792E0,2.616068840E0,1.493621707E0,5.441831350E-1
7.489871792E0,1.412432075E0,5.400598049E-1,3.640216291E-1
7.499884792E0,2.049193680E-1,4.317916185E-2,8.974209428E-2
7.509897792E0,-1.044447303E0,2.683094740E-1,-1.403267980E-1
7.519911792E0,-2.129418850E0,7.365406752E-1,-3.160662353E-1
7.529924792E0,-2.943000793E0,1.170320749E0,-4.519225955E-1
7.539937792E0,-3.110892534E0,1.359903216E0,-4.136721790E-1
7.549950792E0,-2.861202955E0,1.064630270E0,-4.692510366E-1
7.559964792E0,-2.542548180E0,5.810419321E-1,-5.823993087E-1
7.569977792E0,-2.245498419E0,2.208081633E-1,-7.430158854E-1
7.579990792E0,-2.005737305E0,-1.025157887E-2,-9.297456145E-1
7.590004792E0,-1.594871044E0,-8.901696652E-2,-1.069464087E0
7.600017792E0,-1.145589590E0,3.770768270E-2,-1.188336253E0
7.610030792E0,-7.006097436E-1,3.205247521E-1,-1.167478561E0
7.620043792E0,-2.285617888E-1,5.571563244E-1,-1.009228110E0
7.630057792E0,2.225654423E-1,6.022335291E-1,-6.845408678E-1
7.640070792E0,6.739917397E-1,4.848344624E-1,-3.538185954E-1
7.650083792E0,1.126345158E0,3.502324522E-1,-4.320238158E-2
7.660096792E0,1.564541578E0,2.509868145E-1,2.305769771E-1
7.670110792E0,1.996043205E0,1.104467660E-1,3.775152564E-1
7.680123792E0,2.356639147E0,5.068816617E-2,2.783342302E-1
7.690136792E0,2.578549147E0,7.119716704E-2,-7.947328500E-3
7.700149792E0,2.613320351E0,1.416627318E-1,-3.269081712E-1
7.710163792E0,2.483258963E0,3.703260124E-1,-6.058570147E-1
7.720176792E0,2.299983740E0,6.491447687E-1,-8.334364295E-1
7.730189792E0,2.199995518E0,7.067111731E-1,-1.004114151E0
7.740202792E0,2.218895435E0,5.690042973E-1,-1.315550089E0
7.750216792E0,2.192368984E0,3.597005904E-1,-1.642402530E0
7.760229792E0,1.991045594E0,1.518592685E-1,-1.869324446E0
7.770242792E0,1.720707536E0,-1.492683440E-1,-2.031547546E0
7.780255792E0,1.424766183E0,-4.666956067E-1,-2.140516281E0
7.790269792E0,1.218302250E0,-6.833338737E-1,-2.164573431E0
7.800282792E0,1.091550946E0,-7.642895579E-1,-2.131900549E0
7.810295792E0,9.699714780E-1,-6.716091633E-1,-2.099013090E0
7.820309792E0,7.846531272E-1,-4.247600138E-1,-2.061367989E0
7.830322792E0,4.977845252E-1,-8.903020620E-2,-1.974983692E0
7.840335917E0,1.935144216E-1,1.719343662E-1,-1.812089920E0
7.850348917E0,-8.644399047E-2,2.942943573E-1,-1.594209790E0
7.860362917E0,-1.511256397E-1,2.920614481E-1,-1.457273722E0
7.870375917E0,1.425559446E-2,1.714636683E-1,-1.400684953E0
7.880388917E0,2.209293693E-1,-2.371339686E-2,-1.356050134E0
7.890401917E0,3.752563596E-1,-1.567617357E-1,-1.237779140E0
7.900415917E0,4.680852890E-1,-1.560573578E-1,-1.022384882E0
7.910428917E0,5.589590073E-1,-3.299242258E-2,-7.250727415E-1
7.920441917E0,7.735025883E-1,6.715057045E-2,-3.938317895E-1
7.930454917E0,1.193728328E0,7.595738024E-2,-7.659737021E-2
7.940468917E0,1.725059986E0,-1.630121469E-2,2.606482804E-1
7.950481917E0,2.213404417E0,-8.306001127E-2,6.983347535E-1
7.960494917E0,2.685137510E0,-3.954194486E-2,1.199188232E0
7.970507917E0,3.181362391E0,9.268506616E-2,1.679654956E0
7.980521917E0,3.699909210E0,2.614027858E-1,2.070040464E0
7.990534917E0,4.128318310E0,4.680209458E-1,2.214282513E0
8.000547917E0,4.351587772E0,8.000074029E-1,2.199655771E0
8.010560917E0,4.370870113E0,1.188513041E0,2.170619011E0
8.020574917E0,4.214721203E0,1.290930510E0,2.008959293E0
8.030587917E0,3.912620544E0,1.079322934E0,1.792979836E0
8.040600917E0,3.601947546E0,6.201304793E-1,1.595058322E0
8.050613917E0,3.462204456E0,7.739220746E-3,1.478130102E0
8.060627917E0,3.567150116E0,-4.926772118E-1,1.473586679E0
8.070640917E0,3.756740332E0,-7.775193453E-1,1.597693682E0
8.080653917E0,3.923487663E0,-1.014364362E0,1.717312455E0
8.090667917E0,4.070653915E0,-1.078968883E0,1.588301182E0
8.100680917E0,4.008951187E0,-8.573212028E-1,1.243036032E0
8.110693917E0,3.756318808E0,-4.345118999E-1,8.094142079E-1
8.120706917E0,3.394445419E0,1.099420562E-1,3.113074601E-1
8.130720917E0,3.046017408E0,4.755791426E-1,-1.664375365E-1
8.140733917E0,2.858059645E0,2.420330942E-1,-5.098934770E-1
8.150746917E0,2.749710321E0,-4.368727207E-1,-7.157425284E-1
8.160759917E0,2.625121593E0,-1.297509074E0,-7.816347480E-1
8.170773917E0,2.336471558E0,-2.004173994E0,-7.665252686E-1
8.180786917E0,1.880980134E0,-2.449720621E0,-7.787888050E-1
8.190799917E0,1.382189751E0,-2.681936264E0,-8.703024387E-1
8.200812917E0,9.782928824E-1,-2.703262091E0,-1.007851720E0
8.210826917E0,6.317700744E-1,-2.647674322E0,-1.122295499E0
8.220839917E0,3.386693001E-1,-2.504914522E0,-1.158373713E0
8.230852917E0,9.883725643E-2,-2.268178940E0,-1.131950974E0
8.240865917E0,-7.519632578E-2,-1.920343041E0,-1.081748247E0
8.250879917E0,-3.021605015E-1,-1.581073165E0,-1.047407269E0
8.260892917E0,-5.755723119E-1,-1.319561839E0,-1.066897035E0
8.270905917E0,-8.499516845E-1,-1.176435471E0,-1.137325406E0
8.280918917E0,-1.083029866E0,-1.156405449E0,-1.236519456E0
8.290932917E0,-1.259491682E0,-1.267944217E0,-1.306404233E0
8.300945917E0,-1.444626808E0,-1.443416119E0,-1.332715869E0
8.310958917E0,-1.586670280E0,-1.627442360E0,-1.323412418E0
8.320971917E0,-1.735362649E0,-1.756892085E0,-1.235156536E0
8.330985917E0,-1.946427464E0,-1.799051046E0,-1.077891827E0
8.340998917E0,-2.129424334E0,-1.758350849E0,-9.111168981E-1
8.351011917E0,-2.262029886E0,-1.678403854E0,-7.959862947E-1
8.361024917E0,-2.367254496E0,-1.548163652E0,-7.326211333E-1
8.371038917E0,-2.483360291E0,-1.349147320E0,-6.952058077E-1
8.381051917E0,-2.614305735E0,-1.117752433E0,-6.394962072E-1
8.391064917E0,-2.769844294E0,-9.408569932E-1,-5.903369188E-1
8.401078917E0,-2.893995762E0,-8.227828741E-1,-5.545704365E-1
8.411091917E0,-2.946727037E0,-7.581200004E-1,-5.451377630E-1
8.421104917E0,-2.940895319E0,-6.959602833E-1,-5.263573527E-1
8.431117917E0,-3.013481379E0,-6.029193401E-1,-5.006775856E-1
8.441131917E0,-3.154090405E0,-5.079029799E-1,-4.838642478E-1
8.451144917E0,-3.292289257E0,-4.184526801E-1,-4.769224524E-1
8.461157917E0,-3.381820917E0,-3.502624035E-1,-4.730235040E-1
8.471170917E0,-3.418654919E0,-3.358006477E-1,-4.613063931E-1
8.481184917E0,-3.334221125E0,-3.076815903E-1,-4.516660869E-1
8.491197917E0,-3.211766481E0,-2.499562353E-1,-4.474178255E-1
8.501210917E0,-3.136041403E0,-1.631496698E-1,-4.314365685E-1
8.511223917E0,-3.049623966E0,-9.168240428E-2,-3.819467723E-1
8.521237917E0,-2.936669111E0,-6.653737277E-2,-3.273724318E-1
8.531250917E0,-2.791082621E0,-2.727678604E-2,-2.768788934E-1
8.541263917E0,-2.677044868E0,3.636727855E-2,-2.051363438E-1
8.551276917E0,-2.588763952E0,1.044480652E-1,-1.303116381E-1
8.561290917E0,-2.523540020E0,1.893398762E-1,-5.547024310E-2
8.571303917E0,-2.401971579E0,2.634372711E-1,5.946219899E-4
8.581316917E0,-2.190357685E0,3.721356988E-1,6.942788512E-2
8.591329917E0,-2.078207254E0,4.413059950E-1,1.693491638E-1
8.601343917E0,-1.990536571E0,4.770720005E-1,2.744599581E-1
8.611356917E0,-1.909323812E0,5.403040051E-1,3.752070665E-1
8.621369917E0,-1.909298778E0,6.100860238E-1,4.802261591E-1
8.631382917E0,-1.950955629E0,6.465870142E-1,5.524755716E-1
8.641396917E0,-1.933393240E0,6.108016372E-1,5.887126327E-1
8.651409917E0,-1.859859347E0,4.314100146E-1,6.024087667E-1
8.661422917E0,-1.652876973E0,1.001628861E-1,6.086577773E-1
8.671436917E0,-1.321310759E0,-2.538553774E-1,6.372979283E-1
8.681449917E0,-9.372078180E-1,-4.942618608E-1,6.510225534E-1
8.691462917E0,-5.942621827E-1,-4.645710588E-1,6.624422669E-1
8.701475917E0,-4.280718565E-1,-2.609046102E-1,7.152132988E-1
8.711489917E0,-3.823733330E-1,5.380086973E-2,7.674501538E-1
8.721502917E0,-4.105969667E-1,3.746231794E-1,7.790951133E-1
8.731515917E0,-4.748995304E-1,5.942684412E-1,7.557677031E-1
8.741528917E0,-4.749800265E-1,6.036950350E-1,6.831566691E-1
8.751542917E0,-3.534999490E-1,4.274752736E-1,6.668797135E-1
8.761555917E0,-8.717251569E-2,1.287323684E-1,7.105442882E-1
8.771568917E0,2.698303759E-1,-1.319849789E-1,7.491321564E-1
8.781581917E0,5.878776312E-1,-2.835538089E-1,8.159086108E-1
8.791595917E0,9.501575828E-1,-2.866143286E-1,8.131831288E-1
8.801608917E0,1.328348041E0,-1.735311896E-1,8.006553650E-1
8.811621917E0,1.607382655E0,2.748100646E-2,7.353418469E-1
8.821634917E0,1.856680632E0,3.260684907E-1,6.228578687E-1
8.831648917E0,2.000128746E0,7.537266016E-1,4.330189228E-1
8.841662250E0,1.989882350E0,1.240956306E0,1.850990802E-1
8.851675250E0,1.970225096E0,1.520605803E0,-5.974157900E-2
8.861688250E0,2.110038280E0,1.620932341E0,-1.959861070E-1
8.871702250E0,2.377923727E0,1.393436313E0,-1.038926616E-1
8.881715250E0,2.824282408E0,9.151470065E-1,7.410862297E-2
8.891728250E0,3.395882607E0,3.220634460E-1,2.201233506E-1
8.901741250E0,3.757041454E0,-5.157208443E-2,3.089433908E-1
8.911755250E0,3.691115618E0,-2.983776154E-3,3.312441707E-1
8.921768250E0,3.126826286E0,3.593299687E-1,2.696577907E-1
8.931781250E0,2.258701086E0,8.146412969E-1,2.129335105E-1
8.941795250E0,1.188391685E0,9.109678864E-1,-1.122847572E-1
8.951808250E0,2.029587030E-1,7.832269669E-1,-4.095478654E-1
8.961821250E0,-4.987776577E-1,5.252793431E-1,-7.238019705E-1
8.971834250E0,-9.198367596E-1,1.564153135E-1,-8.863765597E-1
8.981848250E0,-1.311736107E0,-2.460694760E-1,-9.693179727E-1
8.991861250E0,-1.674847245E0,-5.061221123E-1,-1.015984058E0
9.001874250E0,-2.037794590E0,-5.836977363E-1,-1.062185168E0
9.011887250E0,-2.380704165E0,-4.905523062E-1,-1.093947887E0
9.021901250E0,-2.702410698E0,-3.127493858E-1,-1.069412947E0
9.031914250E0,-2.931596756E0,-1.682931483E-1,-9.972698092E-1
9.041927250E0,-2.996085882E0,-1.233394817E-1,-8.903645277E-1
9.051940250E0,-2.928532839E0,-1.692659557E-1,-7.766520977E-1
9.061954250E0,-2.764933348E0,-2.820494175E-1,-6.424642205E-1
9.071967250E0,-2.558395624E0,-3.547209501E-1,-4.839627147E-1
9.081980250E0,-2.413851738E0,-3.692750931E-1,-2.943755984E-1
9.091993250E0,-2.339362383E0,-3.407811522E-1,-9.638262540E-2
9.102007250E0,-2.366766691E0,-2.826105058E-1,5.706758797E-2
9.112020250E0,-2.458304882E0,-2.102316618E-1,1.403920501E-1
9.122033250E0,-2.559130192E0,-1.233406141E-1,1.664777845E-1
9.132046250E0,-2.625082970E0,-7.221325487E-2,1.528280228E-1
9.142060250E0,-2.608604193E0,-2.496261708E-2,1.214857996E-1
9.152073250E0,-2.487729073E0,-4.701066017E-2,1.106174365E-1
9.162086250E0,-2.316530704E0,-1.311700493E-1,1.443051100E-1
9.172099250E0,-2.188875198E0,-2.626066208E-1,2.308149636E-1
9.182113250E0,-2.107928991E0,-3.741702139E-1,3.315223753E-1
9.192126250E0,-2.061356783E0,-3.656702042E-1,4.157152772E-1
9.202139250E0,-2.041126251E0,-2.675785720E-1,4.953828454E-1
9.212153250E0,-2.080466270E0,-1.030918807E-1,6.016137004E-1
9.222166250E0,-2.125660896E0,5.815558881E-2,7.069138288E-1
9.232179250E0,-2.076193333E0,1.991835535E-1,7.787858844E-1
9.242192250E0,-1.889572024E0,3.758353591E-1,8.266082406E-1
9.252206250E0,-1.636559486E0,5.187038779E-1,8.433606029E-1
9.262219250E0,-1.359014392E0,6.543651223E-1,8.642632961E-1
9.272232250E0,-1.107509732E0,8.425483704E-1,8.783263564E-1
9.282245250E0,-9.453677535E-1,1.136987209E0,8.624208570E-1
9.292259250E0,-9.628604650E-1,1.480117679E0,8.543632030E-1
9.302272250E0,-1.084528327E0,1.817469001E0,9.071536660E-1
9.312285250E0,-1.224298835E0,2.068513155E0,9.868417978E-1
9.322298250E0,-1.272693992E0,2.224991560E0,1.073799253E0
9.332312250E0,-1.203428984E0,2.161723375E0,1.128957748E0
9.342325250E0,-1.007136464E0,1.837778807E0,1.181359410E0
9.352338250E0,-7.355994582E-1,1.362802148E0,1.238490582E0
9.362351250E0,-4.254636168E-1,9.749564528E-1,1.254040003E0
9.372365250E0,-7.585182041E-2,8.105115891E-1,1.192406178E0
9.382378250E0,2.898854911E-1,8.647276163E-1,1.123834729E0
9.392391250E0,5.516644120E-1,1.058904767E0,1.127381802E0
9.402404250E0,7.178790569E-1,1.290495276E0,1.157510757E0
9.412418250E0,8.258052468E-1,1.534467220E0,1.199246287E0
9.422431250E0,8.777223825E-1,1.712809443E0,1.268157721E0
9.432444250E0,8.906285763E-1,1.781075358E0,1.352866173E0
9.442457250E0,1.074134707E0,1.756870508E0,1.444132924E0
9.452471250E0,1.374075651E0,1.583711505E0,1.499236345E0
9.462484250E0,1.611013174E0,1.405408859E0,1.484494090E0
9.472497250E0,1.689425111E0,1.358618975E0,1.405529737E0
9.482510250E0,1.591504455E0,1.453834176E0,1.296713591E0
9.492524250E0,1.395349860E0,1.680683017E0,1.214498281E0
9.502537250E0,1.201735139E0,1.888072968E0,1.115127444E0
9.512550250E0,1.175987363E0,1.954284191E0,9.520054460E-1
9.522563250E0,1.539612412E0,1.746616125E0,7.437266111E-1
9.532577250E0,2.461376905E0,1.269413829E0,4.856282771E-1
9.542590250E0,3.704590559E0,7.992088199E-1,1.921613663E-1
9.552603250E0,4.830583572E0,4.743667543E-1,-2.423219942E-2
9.562616250E0,5.517387867E0,3.947180212E-1,-1.871896386E-1
9.572630250E0,6.009035110E0,7.039294243E-1,-2.798969150E-1
9.582643250E0,6.636084080E0,1.334798455E0,-3.133034706E-1
9.592656250E0,7.025564671E0,1.751842499E0,-1.562331617E-1
9.602670250E0,6.860053062E0,2.029835224E0,1.782639027E-1
9.612683250E0,6.146145344E0,2.099479675E0,5.520784855E-1
9.622696250E0,5.096991539E0,1.868309379E0,6.245287657E-1
9.632709250E0,4.183797836E0,1.547665238E0,3.405013382E-1
9.642723250E0,3.319205761E0,1.295327663E0,1.778532565E-2
9.652736250E0,2.438548565E0,8.762202263E-1,-3.975093365E-1
9.662749250E0,1.328258753E0,5.254151821E-1,-5.790487528E-1
9.672762250E0,-1.123020351E-1,3.592371345E-1,-6.610746980E-1
9.682776250E0,-1.396562576E0,3.690108359E-1,-8.016216159E-1
9.692789250E0,-2.492929220E0,3.933326900E-1,-9.685201049E-1
9.702802250E0,-3.027524710E0,4.541017413E-1,-1.033397079E0
9.712815250E0,-2.908378839E0,2.214154974E-2,-9.246157408E-1
9.722829250E0,-2.490373135E0,-3.675908744E-1,-8.092835546E-1
9.732842250E0,-2.052518845E0,-7.209910750E-1,-6.550444365E-1
9.742855250E0,-1.726097226E0,-7.635251284E-1,-5.611401796E-1
9.752868250E0,-1.502430081E0,-7.109453082E-1,-5.718045235E-1
9.762882250E0,-1.298913479E0,-6.243788004E-1,-6.275713444E-1
9.772895250E0,-1.049894929E0,-5.710508823E-1,-7.443051934E-1
9.782908250E0,-8.075485229E-1,-4.974537492E-1,-8.918828964E-1
9.792921250E0,-5.564159155E-1,-3.489463031E-1,-9.875468612E-1
9.802935250E0,-2.953761220E-1,-1.642446965E-1,-9.863607287E-1
9.812948250E0,6.129836291E-2,2.802302316E-2,-8.412482738E-1
9.822961250E0,4.575350583E-1,1.877870858E-1,-6.050725579E-1
9.832974250E0,7.366231680E-1,2.540334761E-1,-2.556695342E-1
9.842988250E0,9.698320627E-1,2.767267823E-1,8.101055026E-2
9.853001250E0,1.157803297E0,2.759603262E-1,3.469554186E-1
9.863014250E0,1.295158863E0,2.969120443E-1,5.223405361E-1
9.873027250E0,1.388209105E0,2.571342587E-1,6.171900630E-1
9.883041250E0,1.426564097E0,2.105362266E-1,7.068991065E-1
9.893054250E0,1.298964500E0,1.920855790E-1,8.573418260E-1
9.903067250E0,1.043459535E0,2.037634701E-1,1.021063924E0
9.913081250E0,7.736195326E-1,3.059872985E-1,1.132089734E0
9.923094250E0,5.585568547E-1,4.341128469E-1,1.163568497E0
9.933107250E0,4.423322678E-1,4.863134623E-1,1.158456087E0
9.943120250E0,4.122123122E-1,3.541339040E-1,1.041997433E0
9.953134250E0,3.883032501E-1,1.081086919E-1,8.384594917E-1
9.963147250E0,3.476978242E-1,-1.031850204E-1,7.189554572E-1
9.973160250E0,2.729777694E-1,-2.583959103E-1,7.288030386E-1
9.983173250E0,1.766983867E-1,-3.509718776E-1,8.247932196E-1
9.993187250E0,1.410692781E-1,-3.518233001E-1,1.046748519E0
1.000320025E1,1.603546143E-1,-2.736646831E-1,1.386758924E0
1.001321325E1,8.164436370E-2,-1.153168678E-1,1.762107491E0
1.002322625E1,-5.123853683E-2,1.014374103E-2,2.142018795E0
1.003324025E1,-8.984903991E-2,1.181218773E-1,2.612532139E0
1.004325325E1,-8.420777321E-2,1.360084116E-1,2.953379154E0
1.005326625E1,-1.249227077E-1,1.038033515E-1,3.208737135E0
1.006327925E1,-2.498030365E-1,2.237933129E-2,3.432119131E0
1.007329325E1,-3.484571874E-1,-9.615397453E-2,3.598329782E0
1.008330625E1,-3.282458782E-1,-2.680597901E-1,3.735352755E0
1.009331925E1,-1.674679071E-1,-4.782314003E-1,3.847644091E0
1.010333225E1,1.326789856E-1,-5.423184037E-1,3.986972094E0
1.011334625E1,4.188446999E-1,-3.959380686E-1,4.060840130E0
1.012335925E1,5.712603331E-1,-1.093779355E-1,3.997359276E0
1.013337225E1,5.991942286E-1,1.424569786E-1,3.795339823E0
1.014338525E1,5.728500485E-1,1.833380461E-1,3.580792665E0
1.015339925E1,5.820944309E-1,9.793694131E-3,3.461621046E0
1.016341225E1,7.145048976E-1,-3.091332614E-1,3.380804777E0
1.017342525E1,9.668601751E-1,-6.302713156E-1,3.451198816E0
1.018343925E1,1.188411832E0,-6.908609271E-1,3.599727869E0
1.019345225E1,1.303048134E0,-3.198863268E-1,3.666372061E0
1.020346525E1,1.272740245E0,2.982845306E-1,3.462333679E0
1.021347825E1,1.099159718E0,6.854748130E-1,3.002715826E0
1.022349225E1,9.547871351E-1,6.084537506E-1,2.423048496E0
1.023350525E1,9.813883901E-1,4.504150525E-2,2.005980253E0
1.024351825E1,1.122387409E0,-8.738637567E-1,1.975852489E0
1.025353125E1,1.392303586E0,-1.605823994E0,2.077395916E0
1.026354525E1,1.706805944E0,-1.795738459E0,1.929085493E0
1.027355825E1,1.845822930E0,-1.519911051E0,1.492352605E0
1.028357125E1,1.669692874E0,-1.121926904E0,8.748323321E-1
1.029358425E1,1.294457197E0,-8.057209849E-1,3.381515443E-1
1.030359825E1,1.009386778E0,-6.795695424E-1,-1.754901372E-2
1.031361125E1,8.923400640E-1,-7.417695522E-1,-2.527348995E-1
1.032362425E1,9.083545804E-1,-9.624602199E-1,-4.085533321E-1
1.033363725E1,8.944904208E-1,-1.459649444E0,-4.925046861E-1
1.034365125E1,7.820107937E-1,-1.955624938E0,-5.649300814E-1
1.035366425E1,5.499937534E-1,-2.225130558E0,-7.162916660E-1
1.036367725E1,3.269261718E-1,-2.142397642E0,-9.499234557E-1
1.037369025E1,1.045455709E-1,-1.853520155E0,-1.163815856E0
1.038370425E1,-1.185153425E-1,-1.521096230E0,-1.328869939E0
1.039371725E1,-3.615519404E-1,-1.266096115E0,-1.489983678E0
1.040373025E1,-5.656149387E-1,-1.126724839E0,-1.648039818E0
1.041374325E1,-7.026180625E-1,-1.099820256E0,-1.737889767E0
1.042375725E1,-8.933236599E-1,-1.205088258E0,-1.750969529E0
1.043377025E1,-1.113490343E0,-1.402304053E0,-1.743159533E0
1.044378325E1,-1.360968947E0,-1.642651081E0,-1.704366565E0
1.045379625E1,-1.567496538E0,-1.813607693E0,-1.664344311E0
1.046381025E1,-1.693892717E0,-1.885654569E0,-1.635659456E0
1.047382325E1,-1.808697343E0,-1.870465159E0,-1.597941995E0
1.048383625E1,-1.918236136E0,-1.763447762E0,-1.545245886E0
1.049384925E1,-2.035166502E0,-1.555916667E0,-1.478887558E0
1.050386325E1,-2.164401293E0,-1.250245452E0,-1.390194535E0
1.051387625E1,-2.239464521E0,-8.804223537E-1,-1.307168365E0
1.052388925E1,-2.298128605E0,-5.620686412E-1,-1.229146957E0
1.053390225E1,-2.383702993E0,-3.977428079E-1,-1.153395772E0
1.054391625E1,-2.426960468E0,-3.740628660E-1,-1.116276383E0
1.055392925E1,-2.459711790E0,-4.585117102E-1,-1.091738820E0
1.056394225E1,-2.477103949E0,-6.248086691E-1,-1.044533849E0
1.057395625E1,-2.451608896E0,-8.439652324E-1,-9.768500924E-1
1.058396925E1,-2.394759655E0,-1.032399535E0,-9.398984313E-1
1.059398225E1,-2.337631226E0,-1.127856493E0,-9.125528336E-1
1.060399525E1,-2.349381208E0,-1.142408252E0,-8.362869620E-1
1.061400925E1,-2.427771568E0,-1.076838613E0,-7.225140929E-1
1.062402225E1,-2.488093615E0,-9.405649304E-1,-6.135024428E-1
1.063403525E1,-2.555020809E0,-7.370349765E-1,-5.222742558E-1
1.064404825E1,-2.718897581E0,-4.860932827E-1,-4.206705689E-1
1.065406225E1,-2.904410124E0,-2.316433936E-1,-3.289931118E-1
1.066407525E1,-3.027705908E0,-4.745913669E-2,-2.708905041E-1
1.067408825E1,-3.032895327E0,2.140568011E-2,-2.254069149E-1
1.068410125E1,-2.880470753E0,-7.429665327E-2,-1.621081829E-1
1.069411525E1,-2.605859280E0,-3.128229380E-1,-9.469506145E-2
1.070412825E1,-2.338590860E0,-5.675634742E-1,-1.363855042E-2
1.071414125E1,-2.206516027E0,-7.954137325E-1,6.092090532E-2
1.072415425E1,-2.134153605E0,-9.296174645E-1,1.090014130E-1
1.073416825E1,-2.104663610E0,-8.626490831E-1,1.317421496E-1
1.074418125E1,-2.097658396E0,-6.219011545E-1,1.337157488E-1
1.075419425E1,-2.065152407E0,-2.742201686E-1,1.553121209E-1
1.076420725E1,-2.037266970E0,3.813767433E-2,2.502446175E-1
1.077422125E1,-1.942966223E0,2.573382258E-1,3.848543763E-1
1.078423425E1,-1.671710610E0,3.824782073E-1,5.406041741E-1
1.079424725E1,-1.368032217E0,4.088522792E-1,6.616618633E-1
1.080426025E1,-1.135258675E0,3.471175432E-1,7.322124839E-1
1.081427425E1,-9.382504821E-1,2.774367332E-1,7.596997619E-1
1.082428725E1,-8.035492301E-1,2.358868271E-1,7.917693853E-1
1.083430025E1,-7.100791931E-1,1.146299019E-1,7.937185764E-1
1.084431350E1,-5.794107318E-1,-1.025545970E-2,7.657718658E-1
1.085432750E1,-4.956937432E-1,-8.997399360E-2,7.408265471E-1
1.086434050E1,-3.627324104E-1,-9.997077286E-2,7.762663960E-1
1.087435350E1,-9.376939386E-2,-7.790169120E-2,8.415830731E-1
1.088436750E1,2.495556176E-1,-2.926871739E-2,9.269804358E-1
1.089438050E1,5.309531689E-1,6.859658659E-2,1.002167583E0
1.090439350E1,6.818354726E-1,2.287424356E-1,1.102970839E0
1.091440650E1,7.205432057E-1,3.676563799E-1,1.213878751E0
1.092442050E1,7.719060779E-1,3.102170527E-1,1.271950126E0
1.093443350E1,9.618224502E-1,1.045397967E-1,1.256179452E0
1.094444650E1,1.299522519E0,-5.790785700E-2,1.158475399E0
1.095445950E1,1.746267200E0,-1.348239481E-1,1.101605892E0
1.096447350E1,2.263546705E0,-5.581274629E-2,1.131003737E0
1.097448650E1,2.637986183E0,1.941267848E-1,1.208712935E0
1.098449950E1,2.845157146E0,5.741179585E-1,1.305037856E0
1.099451250E1,2.869352579E0,9.936233163E-1,1.375559688E0
1.100452650E1,2.717471838E0,1.283818603E0,1.463470340E0
1.101453950E1,2.499612808E0,1.270888448E0,1.576936960E0
1.102455250E1,2.312040091E0,1.028584838E0,1.570043564E0
1.103456550E1,2.196651936E0,7.989758849E-1,1.389044762E0
1.104457950E1,2.020467043E0,6.892631054E-1,1.197808146E0
1.105459250E1,1.732637167E0,7.266650200E-1,1.072925806E0
1.106460550E1,1.395662069E0,8.677799106E-1,1.019680381E0
1.107461850E1,9.816366434E-1,9.871255159E-1,8.477715254E-1
1.108463250E1,4.595234692E-1,1.074245572E0,6.369600296E-1
1.109464550E1,-1.197462678E-1,1.068982959E0,3.091394901E-1
1.110465850E1,-6.786367893E-1,8.105428815E-1,-8.419378102E-2
1.111467150E1,-1.059704185E0,3.644202650E-1,-4.667531550E-1
1.112468550E1,-1.303484082E0,-1.701939255E-1,-7.611020803E-1
1.113469850E1,-1.531736135E0,-6.582221985E-1,-9.610666037E-1
1.114471150E1,-1.775524616E0,-9.510900974E-1,-1.106046200E0
1.115472550E1,-2.013951302E0,-1.024200439E0,-1.178690314E0
1.116473850E1,-2.216106415E0,-9.173937440E-1,-1.172276258E0
1.117475150E1,-2.416870117E0,-7.111183405E-1,-1.125213504E0
1.118476450E1,-2.612915039E0,-5.034260154E-1,-1.069628954E0
1.119477850E1,-2.763845444E0,-3.095659614E-1,-1.011837125E0
1.120479150E1,-2.900444269E0,-1.490376145E-1,-9.499405026E-1
1.121480450E1,-2.991585016E0,-2.201761492E-2,-8.800114393E-1
1.122481750E1,-2.981700897E0,7.053130120E-2,-8.263383508E-1
1.123483150E1,-2.955660582E0,1.004793495E-1,-7.960774302E-1
1.124484450E1,-2.983572721E0,8.920188993E-2,-7.575849891E-1
1.125485750E1,-3.024756908E0,3.340706974E-2,-6.738661528E-1
1.126487050E1,-3.027478933E0,-6.146785989E-2,-5.839175582E-1
1.127488450E1,-2.999166489E0,-1.583746970E-1,-4.933533072E-1
1.128489750E1,-2.920787334E0,-2.709448338E-1,-4.049617052E-1
1.129491050E1,-2.785345554E0,-4.063708484E-1,-3.149551153E-1
1.130492350E1,-2.614124298E0,-5.636368394E-1,-2.536582053E-1
1.131493750E1,-2.448828459E0,-6.497370601E-1,-2.240886092E-1
1.132495050E1,-2.390219450E0,-6.956061125E-1,-1.606110781E-1
1.133496350E1,-2.412860632E0,-7.234771848E-1,-4.371348023E-2
1.134497650E1,-2.406458139E0,-7.395270467E-1,7.718925923E-2
1.135499050E1,-2.348528147E0,-7.254439592E-1,1.946490407E-1
1.136500350E1,-2.253212452E0,-6.733530760E-1,3.236050904E-1
1.137501650E1,-2.134783506E0,-5.143557191E-1,4.630335569E-1
1.138502950E1,-2.039716005E0,-2.558572292E-1,5.802347660E-1
1.139504350E1,-2.046033859E0,7.390176505E-2,6.747474074E-1
1.140505650E1,-2.108593941E0,4.162349105E-1,7.798962593E-1
1.141506950E1,-2.126896620E0,6.701747775E-1,9.025404453E-1
1.142508250E1,-2.113506079E0,7.960423231E-1,1.048847198E0
1.143509650E1,-2.075799704E0,9.094953537E-1,1.197874427E0
1.144510950E1,-2.021518707E0,1.097458720E0,1.307020664E0
1.145512250E1,-1.933151722E0,1.364508867E0,1.390050530E0
1.146513550E1,-1.857441664E0,1.516129136E0,1.483229399E0
1.147514950E1,-1.774651408E0,1.529808402E0,1.602789402E0
1.148516250E1,-1.682166100E0,1.548573017E0,1.688636184E0
1.149517550E1,-1.610791087E0,1.672322989E0,1.720654130E0
1.150518950E1,-1.543875575E0,1.867423415E0,1.710442305E0
1.151520250E1,-1.448932767E0,1.985269904E0,1.696659088E0
1.152521550E1,-1.248725772E0,1.997030973E0,1.700898051E0
1.153522850E1,-9.708393812E-1,1.892196178E0,1.719612837E0
1.154524250E1,-6.419809461E-1,1.792701244E0,1.791743040E0
1.155525550E1,-2.995847166E-1,1.663558245E0,1.887971163E0
1.156526850E1,-2.830761112E-2,1.541709542E0,1.945554614E0
1.157528150E1,1.259575933E-1,1.502064109E0,1.977014780E0
1.158529550E1,1.810110062E-1,1.597488046E0,2.001200914E0
1.159530850E1,1.697085500E-1,1.738706946E0,2.019423246E0
1.160532150E1,1.977314204E-1,1.891713381E0,2.047743320E0
1.161533450E1,2.820758820E-1,1.968307018E0,2.077527523E0
1.162534850E1,4.168817997E-1,1.874039888E0,2.137005091E0
1.163536150E1,6.274994612E-1,1.600395560E0,2.210845947E0
1.164537450E1,9.134022593E-1,1.236061215E0,2.272931337E0
1.165538750E1,1.203846812E0,9.089267850E-1,2.330007792E0
1.166540150E1,1.418320894E0,7.496532798E-1,2.386157274E0
1.167541450E1,1.508562922E0,7.163507342E-1,2.388689995E0
1.168542750E1,1.457066774E0,8.285236955E-1,2.310729265E0
1.169544050E1,1.352682114E0,1.073381662E0,2.205357313E0
1.170545450E1,1.320073724E0,1.259693027E0,2.129854918E0
1.171546750E1,1.443045616E0,1.356847286E0,2.114949703E0
1.172548050E1,1.753636003E0,1.334571123E0,2.154615641E0
1.173549350E1,2.251395702E0,1.259169817E0,2.242012978E0
1.174550750E1,2.934184790E0,1.085033059E0,2.417975426E0
1.175552050E1,3.661347151E0,8.495289683E-1,2.667377710E0
1.176553350E1,4.347237587E0,7.043653727E-1,3.041992188E0
1.177554750E1,4.946136951E0,7.055672407E-1,3.444121361E0
1.178556050E1,5.470137119E0,8.649931550E-1,3.705422640E0
1.179557350E1,6.119498253E0,9.884762168E-1,3.711122274E0
1.180558650E1,6.776930332E0,9.113998413E-1,3.508126020E0
1.181560050E1,7.128596783E0,6.223267317E-1,3.295432568E0
1.182561350E1,7.275066376E0,4.229840636E-1,3.142235518E0
1.183562650E1,7.213239670E0,3.097872138E-1,3.040871382E0
1.184563963E1,6.708994389E0,2.469452918E-1,2.946524620E0
1.185565362E1,5.727299690E0,4.926341474E-1,2.715033770E0
1.186566662E1,4.554905891E0,7.364776134E-1,2.018987417E0
1.187567962E1,3.129703522E0,1.099918365E0,1.159346461E0
1.188569263E1,1.719096065E0,1.417887568E0,3.849990070E-1
1.189570663E1,7.539936304E-1,1.613377213E0,-6.537026912E-2
1.190571963E1,9.514152072E-3,1.655526042E0,-2.688321173E-1
1.191573263E1,-3.626527488E-1,1.412381887E0,-3.636592925E-1
1.192574563E1,-4.951882064E-1,8.422534466E-1,-4.963166416E-1
1.193575963E1,-5.474079847E-1,1.787425876E-1,-6.425934434E-1
1.194577263E1,-5.702540278E-1,-3.513878584E-1,-7.938588858E-1
1.195578563E1,-6.765413284E-1,-6.737331152E-1,-9.348072410E-1
1.196579863E1,-8.704013824E-1,-7.386881113E-1,-1.104162812E0
1.197581262E1,-1.148780346E0,-6.774201989E-1,-1.299218297E0
1.198582562E1,-1.435950994E0,-5.458743572E-1,-1.521265268E0
1.199583863E1,-1.681673169E0,-4.360512197E-1,-1.703065157E0
1.200585263E1,-1.810294032E0,-3.432759941E-1,-1.661498070E0
1.201586563E1,-1.839542985E0,-3.552908599E-1,-1.557733774E0
1.202587863E1,-1.871604919E0,-3.013375401E-1,-1.427984715E0
1.203589163E1,-1.857939243E0,-1.282539219E-1,-1.236775875E0
1.204590563E1,-1.729339242E0,-1.056214236E-2,-1.171138048E0
1.205591863E1,-1.468773961E0,4.589687288E-2,-1.087177992E0
1.206593163E1,-1.054174781E0,5.420780182E-2,-9.874142408E-1
1.207594463E1,-5.372113585E-1,-1.734414510E-2,-8.416178823E-1
1.208595862E1,-8.930170909E-3,-1.060175523E-1,-6.106925607E-1
1.209597162E1,4.496134520E-1,-2.051558495E-1,-3.076578081E-1
1.210598463E1,8.247473836E-1,-3.260595202E-1,4.887314513E-2
1.211599763E1,1.138175845E0,-4.116290212E-1,4.293943942E-1
1.212601163E1,1.352010131E0,-5.560607910E-1,8.109858036E-1
1.213602463E1,1.462445617E0,-8.216165900E-1,1.303133130E0
1.214603763E1,1.395340681E0,-1.149419308E0,1.943265200E0
1.215605062E1,1.036849737E0,-1.381660819E0,2.505402088E0
1.216606463E1,4.233880639E-1,-1.492639065E0,2.841302395E0
1.217607763E1,-3.886491656E-1,-1.450292945E0,2.949948788E0
1.218609063E1,-1.162322164E0,-1.348718882E0,2.769413948E0
1.219610363E1,-1.751487136E0,-1.356982470E0,2.369844913E0
1.220611762E1,-2.128923655E0,-1.580481648E0,1.974377513E0
1.221613063E1,-2.244714499E0,-1.921862364E0,1.702198744E0
1.222614363E1,-2.250611782E0,-2.317823172E0,1.597219825E0
1.223615663E1,-2.213943005E0,-2.747033358E0,1.678326130E0
1.224617063E1,-2.090771675E0,-3.194183350E0,1.856129527E0
1.225618363E1,-1.821636677E0,-3.749499083E0,2.085364103E0
1.226619662E1,-1.413416624E0,-4.357501984E0,2.348142624E0
1.227621063E1,-9.833748937E-1,-4.784033298E0,2.605753422E0
1.228622363E1,-7.122209072E-1,-4.799143314E0,2.833267212E0
1.229623663E1,-6.924975514E-1,-4.327978611E0,2.964121580E0
1.230624963E1,-8.813810945E-1,-3.558445692E0,2.866307020E0
1.231626362E1,-1.145514488E0,-2.723583460E0,2.535597324E0
1.232627662E1,-1.299728394E0,-2.161516428E0,2.144083500E0
1.233628963E1,-1.153262734E0,-2.136223078E0,1.908743143E0
1.234630263E1,-7.984619141E-1,-2.573980331E0,1.940154552E0
1.235631663E1,-4.609208405E-1,-3.292373419E0,2.098188639E0
1.236632963E1,-1.196842492E-1,-3.821296692E0,2.133492947E0
1.237634262E1,1.062109321E-1,-3.978103638E0,1.968583822E0
1.238635562E1,1.142901331E-1,-3.754623652E0,1.624454975E0
1.239636963E1,-3.483905923E-3,-3.301603794E0,1.156374574E0
1.240638263E1,-1.384634078E-1,-2.764741421E0,5.760740638E-1
1.241639563E1,-2.735053897E-1,-2.254254341E0,-7.429091632E-2
1.242640863E1,-4.541231990E-1,-1.812224746E0,-6.303960085E-1
1.243642262E1,-6.764846444E-1,-1.523147464E0,-1.021916151E0
1.244643563E1,-8.687213659E-1,-1.423163176E0,-1.288470864E0
1.245644863E1,-9.990010858E-1,-1.635143518E0,-1.510042667E0
1.246646163E1,-1.035500526E0,-2.051637650E0,-1.697681665E0
1.247647563E1,-1.063105226E0,-2.472092152E0,-1.878219247E0
1.248648863E1,-1.042542934E0,-2.742735863E0,-2.081803083E0
1.249650162E1,-8.920531273E-1,-2.742523193E0,-2.248841286E0
1.250651563E1,-8.134771585E-1,-2.498461485E0,-2.306677818E0
1.251652863E1,-8.568049073E-1,-2.125095367E0,-2.264485836E0
1.252654163E1,-9.719159007E-1,-1.747138262E0,-2.181135654E0
1.253655463E1,-1.138824105E0,-1.472419977E0,-2.119438648E0
1.254656862E1,-1.294285297E0,-1.317274094E0,-2.091859579E0
1.255658163E1,-1.422058344E0,-1.278093934E0,-2.088032484E0
1.256659463E1,-1.470602036E0,-1.339586616E0,-2.068810463E0
1.257660763E1,-1.468968272E0,-1.429832578E0,-2.009918690E0
1.258662163E1,-1.478293300E0,-1.464035392E0,-1.932974935E0
1.259663463E1,-1.501846075E0,-1.372635722E0,-1.845204115E0
1.260664762E1,-1.626727462E0,-1.124998093E0,-1.743786335E0
1.261666062E1,-1.859031200E0,-7.998251319E-1,-1.664803028E0
1.262667463E1,-2.097195625E0,-6.807502508E-1,-1.665765762E0
1.263668763E1,-2.217163563E0,-8.979129195E-1,-1.707284093E0
1.264670063E1,-2.209194183E0,-1.267425179E0,-1.737098694E0
1.265671363E1,-2.173910141E0,-1.628309608E0,-1.675770164E0
1.266672763E1,-2.229705095E0,-1.851812720E0,-1.525779724E0
1.267674063E1,-2.302708864E0,-1.919462085E0,-1.363239288E0
1.268675363E1,-2.370733500E0,-1.802224755E0,-1.207211137E0
1.269676763E1,-2.441593647E0,-1.572352171E0,-1.035227180E0
1.270678063E1,-2.480598211E0,-1.284120321E0,-8.396911621E-1
1.271679362E1,-2.483119965E0,-9.921625257E-1,-6.622388363E-1
1.272680662E1,-2.451159477E0,-7.223944068E-1,-5.125212073E-1
1.273682063E1,-2.385495663E0,-4.673853219E-1,-3.657953739E-1
1.274683363E1,-2.284114599E0,-2.662033141E-1,-2.142239213E-1
1.275684663E1,-2.128209352E0,-1.079838425E-1,-8.308774233E-2
1.276685963E1,-1.902099371E0,2.155269682E-2,1.794705726E-2
1.277687363E1,-1.798006177E0,1.544944942E-1,1.289193779E-1
1.278688663E1,-1.784713864E0,2.856677473E-1,3.000703454E-1
1.279689963E1,-1.778924227E0,3.394643962E-1,4.807397127E-1
1.280691263E1,-1.748440623E0,2.794860601E-1,6.311016679E-1
1.281692663E1,-1.679049015E0,1.647741050E-1,7.366901636E-1
1.282693962E1,-1.605263233E0,7.029736042E-2,7.749116421E-1
1.283695262E1,-1.543581009E0,3.264026344E-2,7.768906355E-1
1.284696513E1,-1.468954921E0,1.084294170E-1,7.922328115E-1
1.285697913E1,-1.368038893E0,2.447814047E-1,8.298254609E-1
1.286699213E1,-1.207752228E0,4.389407337E-1,9.013212323E-1
1.287700513E1,-9.882239103E-1,6.948662400E-1,9.628487825E-1
1.288701912E1,-8.017532825E-1,1.036112189E0,1.039235592E0
1.289703212E1,-6.984457970E-1,1.470529079E0,1.103990078E0
1.290704512E1,-6.716704965E-1,1.845660686E0,1.131352544E0
1.291705813E1,-5.946550369E-1,2.035853386E0,1.055488467E0
1.292707213E1,-3.242226243E-1,1.762491345E0,9.114174843E-1
1.293708513E1,1.688174307E-1,1.091492653E0,7.675287724E-1
1.294709813E1,7.745852470E-1,4.176273346E-1,6.564055085E-1
1.295711113E1,1.358555913E0,-6.643947959E-2,6.600213051E-1
1.296712513E1,1.883107185E0,-2.227894366E-1,7.036564350E-1
1.297713813E1,2.319494724E0,-2.878827415E-2,7.435463071E-1
1.298715113E1,2.644772053E0,4.888784587E-1,7.236554623E-1
1.299716413E1,2.796448231E0,1.104846239E0,6.397944093E-1
1.300717812E1,2.813808441E0,1.635253906E0,5.326978564E-1
1.301719112E1,2.722936630E0,1.836754560E0,5.136882067E-1
1.302720413E1,2.483505249E0,1.715710044E0,5.703166723E-1
1.303721713E1,2.130029202E0,1.411397576E0,6.279762387E-1
1.304723113E1,1.679667473E0,1.041588187E0,6.016918421E-1
1.305724413E1,1.059410572E0,6.804823875E-1,3.386019170E-1
1.306725713E1,2.500270605E-1,4.403474927E-1,-1.538338698E-2
1.307727113E1,-6.409428120E-1,4.331201911E-1,-4.149230719E-1
1.308728413E1,-1.373576999E0,5.199213624E-1,-7.144593596E-1
1.309729713E1,-1.860315442E0,6.009645462E-1,-9.184140563E-1
1.310731013E1,-2.183209181E0,6.247171760E-1,-1.011926055E0
1.311732412E1,-2.361772299E0,6.382340789E-1,-1.002014518E0
1.312733712E1,-2.518382549E0,5.525993705E-1,-9.450712204E-1
1.313735013E1,-2.698343754E0,3.978545368E-1,-8.884577751E-1
1.314736313E1,-2.917059422E0,2.538211644E-1,-8.714160323E-1
1.315737713E1,-3.202715397E0,1.940949857E-1,-8.840689659E-1
1.316739013E1,-3.481061935E0,1.943761259E-1,-9.018477201E-1
1.317740313E1,-3.689545393E0,2.029563040E-1,-9.091990590E-1
1.318741612E1,-3.812500715E0,2.112206966E-1,-8.920685053E-1
1.319743013E1,-3.847843409E0,2.266419977E-1,-8.213698864E-1
1.320744313E1,-3.785109043E0,1.898223162E-1,-6.798328161E-1
1.321745613E1,-3.640077353E0,7.729630917E-2,-5.068122745E-1
1.322746913E1,-3.501127958E0,-3.644653130E-3,-3.211860061E-1
1.323748312E1,-3.365710735E0,7.629040629E-3,-1.799292862E-1
1.324749612E1,-3.251693487E0,1.129534096E-1,-1.057845578E-1
1.325750913E1,-3.164656878E0,2.886826396E-1,-6.924679130E-2
1.326752313E1,-3.078826904E0,4.911847115E-1,-2.061032504E-2
1.327753613E1,-2.979677677E0,6.889262795E-1,8.618056774E-2
1.328754913E1,-2.892736435E0,9.276224971E-1,2.291742265E-1
1.329756212E1,-2.833958387E0,1.238722563E0,3.700634241E-1
1.330757613E1,-2.849675179E0,1.538427234E0,5.544051528E-1
1.331758913E1,-2.839486599E0,1.725670099E0,7.712466717E-1
1.332760213E1,-2.736550331E0,1.641241550E0,9.853860736E-1
1.333761513E1,-2.557978392E0,1.395327568E0,1.177057981E0
1.334762912E1,-2.318256617E0,1.102770805E0,1.309051275E0
1.335764212E1,-2.027866125E0,9.570607543E-1,1.364441395E0
1.336765513E1,-1.737690926E0,9.698566794E-1,1.359121680E0
1.337766813E1,-1.513812542E0,1.144394875E0,1.351145148E0
1.338768213E1,-1.413898110E0,1.418824196E0,1.382787347E0
1.339769513E1,-1.430880547E0,1.808910370E0,1.456820011E0
1.340770813E1,-1.478612304E0,2.219209909E0,1.558728337E0
1.341772213E1,-1.505690575E0,2.431631565E0,1.653020978E0
1.342773513E1,-1.412228465E0,2.349107027E0,1.743431568E0
1.343774813E1,-1.193398476E0,2.126796722E0,1.827918530E0
1.344776113E1,-9.490913153E-1,1.875269651E0,1.884867311E0
1.345777512E1,-7.122020721E-1,1.693076372E0,1.930867076E0
1.346778812E1,-4.776698053E-1,1.580848336E0,1.989163995E0
1.347780113E1,-2.422066927E-1,1.508228898E0,2.079185247E0
1.348781413E1,6.345737725E-2,1.395912051E0,2.203668833E0
1.349782813E1,4.570139945E-1,1.284717321E0,2.313039064E0
1.350784113E1,8.712017536E-1,1.247520089E0,2.398185015E0
1.351785413E1,1.248831630E0,1.279291034E0,2.442864895E0
1.352786712E1,1.570688248E0,1.221129894E0,2.391047716E0
1.353788113E1,1.978063226E0,9.331053495E-1,2.267681599E0
1.354789413E1,2.498943567E0,4.476805031E-1,2.096890688E0
1.355790713E1,3.083838463E0,-5.929908901E-2,1.919692874E0
1.356792112E1,3.724388838E0,-2.536267638E-1,1.802912354E0
1.357793412E1,4.413394928E0,-1.947559714E-1,1.787996531E0
1.358794713E1,5.130224228E0,2.864123508E-2,1.887234211E0
1.359796013E1,5.703855515E0,2.729945183E-1,2.012219429E0
1.360797413E1,6.044007778E0,3.987432122E-1,2.137558937E0
1.361798713E1,5.945689678E0,4.809797704E-1,2.178958178E0
1.362800013E1,5.480348110E0,6.436607838E-1,2.066822529E0
1.363801312E1,4.770682812E0,7.393153906E-1,1.799147248E0
1.364802713E1,4.360081196E0,6.745763421E-1,1.576180935E0
1.365804013E1,4.444681644E0,4.071840048E-1,1.487137079E0
1.366805313E1,4.550089359E0,1.769535393E-1,1.459325790E0
1.367806613E1,4.246861458E0,2.829407156E-1,1.392205834E0
1.368808012E1,3.295721054E0,7.430111766E-1,1.225505829E0
1.369809313E1,1.985261321E0,1.403715849E0,9.691885710E-1
1.370810613E1,6.604238153E-1,1.992634654E0,6.273213625E-1
1.371812013E1,-2.732988298E-1,2.188617468E0,2.811296582E-1
1.372813313E1,-6.782827377E-1,1.932661533E0,2.017003298E-2
1.373814613E1,-7.464439273E-1,1.245581746E0,-1.891147345E-1
1.374815912E1,-5.617349744E-1,4.443642795E-1,-3.311674297E-1
1.375817313E1,-3.751634955E-1,-2.279664278E-1,-4.550627470E-1
1.376818613E1,-2.460065782E-1,-6.913996339E-1,-6.181634665E-1
1.377819913E1,-1.231208742E-1,-9.729330540E-1,-8.228883743E-1
1.378821213E1,-1.557991654E-2,-1.117899418E0,-9.995461106E-1
1.379822612E1,7.207882404E-2,-1.165881634E0,-1.071789980E0
1.380823912E1,8.992949873E-2,-1.155225992E0,-1.022044420E0
1.381825213E1,1.902816072E-2,-9.568939805E-1,-8.753405213E-1
1.382826513E1,-7.976601273E-2,-6.353530288E-1,-6.552747488E-1
1.383827913E1,-1.192838624E-1,-3.085501492E-1,-4.547767937E-1
1.384829192E1,-1.084398478E-1,-2.485681558E-3,-2.925272286E-1
1.385830492E1,-5.083753914E-2,2.025034279E-1,-1.755010188E-1
1.386831892E1,4.775544629E-2,2.921692133E-1,-9.696330875E-2
1.387833192E1,1.575703621E-1,2.697011828E-1,-6.352385879E-2
1.388834492E1,2.114332765E-1,2.075641155E-1,-7.961491495E-2
1.389835792E1,2.096886337E-1,8.706352860E-2,-1.051959097E-1
1.390837192E1,1.817114204E-1,-1.203903258E-1,-8.181942999E-2
1.391838492E1,1.461094767E-1,-3.672272563E-1,-1.795124263E-6
1.392839792E1,1.180952564E-1,-6.303262115E-1,1.346876770E-1
1.393841092E1,1.669115424E-1,-9.133033156E-1,2.896301150E-1
1.394842492E1,3.805843294E-1,-1.139472246E0,4.952897131E-1
1.395843792E1,6.094865203E-1,-1.241700411E0,7.648998499E-1
1.396845092E1,7.337784171E-1,-1.193747759E0,1.066960454E0
1.397846392E1,7.283008099E-1,-1.018088341E0,1.324395776E0
1.398847792E1,5.537919402E-1,-7.500920892E-1,1.440057158E0
1.399849092E1,2.561605275E-1,-4.653468728E-1,1.468559980E0
1.400850392E1,-9.817845374E-2,-2.202124894E-1,1.496949434E0
1.401851792E1,-4.348456860E-1,-9.462580085E-2,1.616395593E0
1.402853092E1,-6.139417291E-1,-1.806826144E-1,1.829317451E0
1.403854392E1,-4.868977964E-1,-4.582812190E-1,2.165838242E0
1.404855692E1,-2.010937631E-1,-8.986842036E-1,2.626343250E0
1.405857092E1,-1.002979279E-2,-1.386921287E0,3.089462280E0
1.406858392E1,-1.146684773E-2,-1.712123394E0,3.420213223E0
1.407859692E1,-1.715350747E-1,-1.850409627E0,3.607151031E0
1.408860992E1,-3.693131208E-1,-1.868296504E0,3.679148436E0
1.409862392E1,-5.411440134E-1,-1.893245220E0,3.612821341E0
1.410863692E1,-6.886205077E-1,-1.981578708E0,3.468960762E0
1.411864992E1,-8.485398293E-1,-2.082223654E0,3.426160812E0
1.412866292E1,-1.065371275E0,-2.019196749E0,3.624062061E0
1.413867692E1,-1.289440036E0,-1.858477712E0,3.992298365E0
1.414868992E1,-1.324263573E0,-1.672100663E0,4.388278008E0
1.415870292E1,-1.193828583E0,-1.546889544E0,4.779006481E0
1.416871692E1,-9.625968933E-1,-1.639272809E0,4.973355293E0
1.417872992E1,-6.479164958E-1,-2.074220657E0,4.869595528E0
1.418874292E1,-2.624621689E-1,-2.663261175E0,4.554859161E0
1.419875592E1,1.675203890E-1,-3.175547361E0,4.067817211E0
1.420876992E1,4.147048593E-1,-3.404319525E0,3.551369667E0
1.421878292E1,3.336949646E-1,-3.207956314E0,3.106014252E0
1.422879592E1,8.299279213E-2,-2.728913069E0,2.614435434E0
1.423880892E1,-1.784989834E-1,-2.187324047E0,2.028481722E0
1.424882292E1,-2.973902822E-1,-1.701377153E0,1.491897464E0
1.425883592E1,-1.758169681E-1,-1.315688372E0,1.126839876E0
1.426884892E1,5.277753249E-2,-1.147882700E0,9.092081785E-1
1.427886292E1,2.498421371E-1,-1.175993204E0,7.366896868E-1
1.428887592E1,3.642206788E-1,-1.356622458E0,5.163168907E-1
1.429888892E1,3.702231646E-1,-1.654564142E0,2.160462290E-1
1.430890192E1,2.751790583E-1,-2.059021711E0,-1.375375837E-1
1.431891592E1,2.373294234E-1,-2.304006815E0,-5.035328865E-1
1.432892892E1,2.658235729E-1,-2.361240625E0,-8.197181225E-1
1.433894192E1,1.911733150E-1,-2.315430880E0,-1.031207919E0
1.434895492E1,-3.635556996E-2,-2.156032562E0,-1.137992263E0
1.435896892E1,-3.723205328E-1,-1.983665109E0,-1.186518788E0
1.436898192E1,-7.662053108E-1,-1.857632279E0,-1.261693239E0
1.437899492E1,-1.108212233E0,-1.815361023E0,-1.389179826E0
1.438900892E1,-1.298886895E0,-1.881335735E0,-1.549260616E0
1.439902192E1,-1.325062513E0,-2.025000095E0,-1.659845233E0
1.440903492E1,-1.253994465E0,-2.139701366E0,-1.673758864E0
1.441904792E1,-1.205891132E0,-2.151894093E0,-1.649021029E0
1.442906192E1,-1.196544170E0,-2.018778801E0,-1.616379976E0
1.443907492E1,-1.238033295E0,-1.785230637E0,-1.544577479E0
1.444908792E1,-1.469169974E0,-1.389685154E0,-1.474425316E0
1.445910092E1,-1.812128425E0,-9.549148083E-1,-1.469358921E0
1.446911492E1,-2.039256096E0,-6.321861148E-1,-1.543555140E0
1.447912792E1,-2.178192377E0,-4.483593106E-1,-1.678857088E0
1.448914092E1,-2.287163496E0,-3.424148262E-1,-1.795014501E0
1.449915392E1,-2.397454977E0,-2.668614686E-1,-1.852664471E0
1.450916792E1,-2.508221388E0,-2.119418085E-1,-1.820992231E0
1.451918092E1,-2.607592344E0,-2.226341367E-1,-1.759532690E0
1.452919392E1,-2.608972788E0,-2.779464126E-1,-1.708473682E0
1.453920792E1,-2.540853024E0,-3.435674906E-1,-1.703639746E0
1.454922092E1,-2.434646845E0,-3.329739571E-1,-1.727360249E0
1.455923392E1,-2.338328600E0,-2.070945650E-1,-1.716566801E0
1.456924692E1,-2.327013254E0,-1.755772531E-2,-1.631773353E0
1.457926092E1,-2.350713015E0,1.705679744E-1,-1.518042207E0
1.458927392E1,-2.341984272E0,2.638402879E-1,-1.439784765E0
1.459928692E1,-2.348472595E0,3.337615728E-1,-1.420840859E0
1.460929992E1,-2.294428825E0,3.362476826E-1,-1.392364025E0
1.461931392E1,-2.198349237E0,3.139868677E-1,-1.325409770E0
1.462932692E1,-2.216220856E0,2.699826062E-1,-1.251836419E0
1.463933992E1,-2.264540672E0,2.184738517E-1,-1.199719906E0
1.464935392E1,-2.272464991E0,1.508061737E-1,-1.175933480E0
1.465936692E1,-2.253279209E0,6.825883687E-2,-1.197316051E0
1.466937992E1,-2.184155464E0,-2.787861414E-2,-1.246914268E0
1.467939292E1,-2.076841354E0,-9.549228102E-2,-1.254406810E0
1.468940692E1,-2.067435503E0,-1.244528964E-1,-1.219054222E0
1.469941992E1,-2.079023838E0,-1.427488178E-1,-1.147020459E0
1.470943292E1,-2.067782879E0,-1.900020391E-1,-1.060779810E0
1.471944592E1,-2.008128405E0,-2.125238627E-1,-9.452362061E-1
1.472945992E1,-1.945041299E0,-1.686205864E-1,-8.063635826E-1
1.473947292E1,-1.944595456E0,-7.869602740E-2,-6.938812137E-1
1.474948592E1,-1.972594857E0,8.139518648E-2,-6.145743132E-1
1.475949992E1,-2.046988964E0,3.291314542E-1,-5.589440465E-1
1.476951292E1,-2.177800655E0,5.892286301E-1,-5.565280914E-1
1.477952592E1,-2.306141615E0,8.485619426E-1,-5.667642355E-1
1.478953892E1,-2.389780283E0,1.049629807E0,-5.419136882E-1
1.479955292E1,-2.437489986E0,1.139792681E0,-5.097339153E-1
1.480956592E1,-2.409187078E0,1.141497374E0,-5.058072805E-1
1.481957892E1,-2.317951441E0,1.108560443E0,-5.045207143E-1
1.482959192E1,-2.165024757E0,1.138665318E0,-3.925281167E-1
1.483960592E1,-1.960357785E0,1.146120548E0,-2.045987099E-1
1.484961904E1,-1.763200402E0,1.148503661E0,1.854481874E-3
1.485963204E1,-1.528746605E0,1.096884966E0,1.945594847E-1
1.486964604E1,-1.224045634E0,9.447623491E-1,3.414289355E-1
1.487965904E1,-8.763553500E-1,7.402725816E-1,5.119535923E-1
1.488967204E1,-4.473456740E-1,4.856462479E-1,7.420948148E-1
1.489968504E1,5.123218149E-2,1.853971779E-1,1.069603682E0
1.490969904E1,5.368100405E-1,-5.398450419E-3,1.432022452E0
1.491971204E1,1.052405477E0,-5.579344928E-2,1.740121961E0
1.492972504E1,1.666694641E0,4.946619645E-2,1.965057015E0
1.493973804E1,2.373486280E0,2.087844759E-1,2.162750959E0
1.494975204E1,3.102924824E0,2.817534804E-1,2.349867105E0
1.495976504E1,3.798228264E0,2.449723333E-1,2.531907320E0
1.496977804E1,4.289840221E0,1.545358896E-1,2.751611233E0
1.497979204E1,4.418185711E0,6.956081837E-2,2.860138416E0
1.498980504E1,4.100989819E0,-4.399276525E-2,2.706270933E0
1.499981804E1,3.331411123E0,-1.630195528E-1,2.302935600E0
1.500983104E1,2.432832718E0,-4.056187272E-1,1.809483528E0
1.501984504E1,1.453407049E0,-8.445779681E-1,1.177903771E0
1.502985804E1,7.422959208E-1,-1.278249860E0,6.494898200E-1
1.503987104E1,4.431478083E-1,-1.743327737E0,2.304044068E-1
1.504988404E1,3.629680574E-1,-2.057377815E0,-1.002008915E-1
1.505989804E1,2.775540948E-1,-2.168342829E0,-3.904494941E-1
1.506991104E1,1.058366448E-1,-1.928627133E0,-6.854045987E-1
1.507992404E1,-2.505036294E-1,-1.398816824E0,-9.918792844E-1
1.508993804E1,-7.899470329E-1,-6.973658204E-1,-1.305489182E0
1.509995104E1,-1.358464718E0,-2.770307288E-2,-1.602961063E0
1.510996404E1,-1.824254751E0,4.493242204E-1,-1.858259797E0
1.511997704E1,-2.133284807E0,7.026103139E-1,-2.019258499E0
1.512999104E1,-2.374756813E0,7.578736544E-1,-2.008421659E0
1.514000404E1,-2.602328777E0,6.927567124E-1,-1.890843868E0
1.515001704E1,-2.765161991E0,4.897547066E-1,-1.771633863E0
1.516003004E1,-2.823260307E0,1.717327982E-1,-1.698584437E0
1.517004404E1,-2.796966314E0,-1.594855636E-1,-1.654628038E0
1.518005704E1,-2.745847464E0,-4.475192130E-1,-1.623349190E0
1.519007004E1,-2.719573021E0,-6.376130581E-1,-1.591380477E0
1.520008404E1,-2.742315531E0,-7.218043804E-1,-1.571878195E0
1.521009704E1,-2.791415453E0,-6.913277507E-1,-1.578228354E0
1.522011004E1,-2.811264753E0,-6.076709032E-1,-1.612788677E0
1.523012304E1,-2.770477057E0,-5.652060509E-1,-1.647046208E0
1.524013704E1,-2.719968081E0,-5.374215841E-1,-1.683916330E0
1.525015004E1,-2.677633286E0,-4.476227760E-1,-1.708011031E0
1.526016304E1,-2.671464920E0,-3.310503364E-1,-1.669083834E0
1.527017604E1,-2.686117887E0,-2.149993330E-1,-1.532472730E0
1.528019004E1,-2.675935268E0,-8.130173385E-2,-1.324453115E0
1.529020304E1,-2.655278444E0,5.045279488E-2,-1.081227064E0
1.530021604E1,-2.646718025E0,2.052077502E-1,-8.572676778E-1
1.531023004E1,-2.638662577E0,3.534591198E-1,-6.839820147E-1
1.532024304E1,-2.642274618E0,5.336952209E-1,-5.594320893E-1
1.533025604E1,-2.702863216E0,7.671250701E-1,-4.262532890E-1
1.534026904E1,-2.800621748E0,9.707389474E-1,-2.889913023E-1
1.535028304E1,-2.863955021E0,1.176441550E0,-2.205148041E-1
1.536029604E1,-2.901716709E0,1.388958335E0,-1.895070821E-1
1.537030904E1,-2.935370207E0,1.576186538E0,-1.433634311E-1
1.538032204E1,-2.978054762E0,1.711798191E0,-6.765349209E-2
1.539033604E1,-3.025886536E0,1.784621477E0,2.715679258E-2
1.540034904E1,-3.084463358E0,1.798139095E0,1.475199610E-1
1.541036204E1,-3.134753227E0,1.640401006E0,3.210056722E-1
1.542037604E1,-3.090321064E0,1.369820356E0,5.053819418E-1
1.543038904E1,-2.934231997E0,1.061247587E0,6.760095954E-1
1.544040204E1,-2.674697161E0,6.608330607E-1,8.172059059E-1
1.545041504E1,-2.357447624E0,3.013927639E-1,9.322776794E-1
1.546042904E1,-2.034823179E0,1.368376315E-1,1.067975998E0
1.547044204E1,-1.773121834E0,1.285960674E-1,1.291647911E0
1.548045504E1,-1.555009484E0,1.929324567E-1,1.592370510E0
1.549046904E1,-1.366434455E0,3.682672381E-1,1.904136062E0
1.550048204E1,-1.271353960E0,6.208909750E-1,2.213914394E0
1.551049504E1,-1.248669982E0,8.915050626E-1,2.508537054E0
1.552050804E1,-1.203235626E0,1.127756715E0,2.737296343E0
1.553052204E1,-1.095007062E0,1.353872180E0,2.878332376E0
1.554053504E1,-9.428977966E-1,1.569089413E0,2.962704659E0
1.555054804E1,-6.153774858E-1,1.656985164E0,2.976991892E0
1.556056104E1,-2.216103859E-2,1.537934184E0,2.928554773E0
1.557057504E1,6.955652833E-1,1.354868889E0,2.846286297E0
1.558058804E1,1.207293510E0,1.217099547E0,2.796145678E0
1.559060104E1,1.442595243E0,1.214100838E0,2.798899889E0
1.560061504E1,1.471216440E0,1.416221976E0,2.832056761E0
1.561062804E1,1.415565729E0,1.661623240E0,2.915538788E0
1.562064104E1,1.587885737E0,1.642586708E0,3.059594870E0
1.563065404E1,2.015234709E0,1.360059500E0,3.254235744E0
1.564066804E1,2.516514778E0,1.171204090E0,3.436953545E0
1.565068104E1,2.940518618E0,1.251946926E0,3.582173586E0
1.566069404E1,3.237071276E0,1.721009493E0,3.668389559E0
1.567070704E1,3.346772671E0,2.439437866E0,3.751259089E0
1.568072104E1,3.491780758E0,2.963456631E0,3.952478170E0
1.569073404E1,4.022595882E0,2.781275272E0,4.131576061E0
1.570074704E1,4.601362705E0,1.810588479E0,4.160418987E0
1.571076104E1,4.986971378E0,6.983222365E-1,3.908926964E0
1.572077404E1,5.050207615E0,-1.380019933E-1,3.309588194E0
1.573078704E1,4.593922615E0,-5.228500366E-1,2.580356359E0
1.574080004E1,3.999184608E0,-5.748128295E-1,2.117156267E0
1.575081404E1,3.682589531E0,-2.984168231E-1,1.932501554E0
1.576082704E1,2.922549963E0,2.780272961E-1,1.765693665E0
1.577084004E1,1.567492127E0,1.067623854E0,1.414550424E0
1.578085304E1,1.051394567E-1,1.919705510E0,9.386397600E-1
1.579086704E1,-1.066991448E0,2.528226614E0,4.934797585E-1
1.580088004E1,-1.707586884E0,2.670147657E0,1.698367149E-1
1.581089304E1,-1.885768652E0,2.337038517E0,-3.297936916E-2
1.582090704E1,-1.720389247E0,1.739594102E0,-1.641142219E-1
1.583092004E1,-1.388222337E0,9.924991131E-1,-2.962536812E-1
1.584093304E1,-9.911749959E-1,2.458331734E-1,-4.348443151E-1
1.585094613E1,-4.838954806E-1,-3.943096101E-1,-5.315036774E-1
1.586096013E1,8.715015650E-2,-8.977855444E-1,-6.137415171E-1
1.587097313E1,5.626427531E-1,-1.259443521E0,-7.358215451E-1
1.588098613E1,8.949879408E-1,-1.447069407E0,-8.387244940E-1
1.589100013E1,1.148349762E0,-1.493863463E0,-9.080237746E-1
1.590101313E1,1.400879979E0,-1.510259748E0,-8.069946170E-1
1.591102612E1,1.559475064E0,-1.572082281E0,-4.518821239E-1
1.592103912E1,1.626432180E0,-1.623002410E0,4.778895527E-2
1.593105313E1,1.738091588E0,-1.681308389E0,5.916470885E-1
1.594106613E1,1.978137732E0,-1.778432608E0,1.117849708E0
1.595107913E1,2.309021711E0,-1.938794494E0,1.545928836E0
1.596109213E1,2.650547028E0,-2.125455856E0,1.933419108E0
1.597110613E1,2.959610224E0,-2.306603909E0,2.297610044E0
1.598111913E1,3.131985903E0,-2.370647430E0,2.345324278E0
1.599113213E1,3.027373791E0,-2.371537685E0,2.164983034E0
1.600114613E1,2.667492390E0,-2.330023766E0,1.864157557E0
1.601115913E1,2.213551521E0,-2.259413242E0,1.650521874E0
1.602117212E1,1.748631597E0,-2.333784103E0,1.733996511E0
1.603118512E1,1.356070518E0,-2.479608059E0,2.017076254E0
1.604119913E1,1.114818931E0,-2.687350750E0,2.378547430E0
1.605121213E1,1.046055436E0,-2.982771397E0,2.758278131E0
1.606122513E1,1.109819293E0,-3.290015697E0,3.120866776E0
1.607123813E1,1.248475194E0,-3.523591757E0,3.498287201E0
1.608125212E1,1.459831119E0,-3.613942385E0,3.930455208E0
1.609126513E1,1.732899547E0,-3.640322924E0,4.382243633E0
1.610127813E1,1.978618741E0,-3.546602488E0,4.839438915E0
1.611129213E1,2.121995211E0,-3.362051725E0,5.222208023E0
1.612130513E1,2.044641018E0,-3.036265373E0,5.203697205E0
1.613131812E1,1.735075235E0,-2.677781820E0,5.003983021E0
1.614133112E1,1.283531308E0,-2.451440334E0,4.755469799E0
1.615134513E1,8.039836884E-1,-2.179048538E0,4.498616695E0
1.616135813E1,2.430684716E-1,-2.073470354E0,4.380199909E0
1.617137113E1,-1.893021166E-1,-2.179407835E0,4.393281937E0
1.618138512E1,-2.462844402E-1,-2.408233881E0,4.487016678E0
1.619139812E1,6.332206540E-3,-2.735301971E0,4.644412994E0
1.620141113E1,4.489653111E-1,-3.247151852E0,4.840567112E0
1.621142413E1,9.811173677E-1,-3.920053720E0,5.036446571E0
1.622143813E1,1.425170183E0,-4.364197254E0,5.097889900E0
1.623145113E1,1.676659942E0,-4.452559948E0,4.903080463E0
1.624146413E1,1.622536421E0,-4.168787003E0,4.465684891E0
1.625147712E1,1.286358595E0,-3.881787300E0,4.067528725E0
1.626149113E1,9.079174995E-1,-3.879573584E0,3.751516342E0
1.627150413E1,7.299544215E-1,-4.046495914E0,3.401815414E0
1.628151713E1,7.860230207E-1,-4.113857746E0,3.020221710E0
1.629153112E1,8.085178733E-1,-3.840663195E0,2.633198738E0
1.630154412E1,5.797246695E-1,-3.131808043E0,2.251368999E0
1.631155713E1,3.509369865E-2,-2.219353676E0,1.855572462E0
1.632157013E1,-6.396338940E-1,-1.388550282E0,1.427787304E0
1.633158413E1,-1.147413731E0,-8.449211121E-1,9.735530019E-1
1.634159713E1,-1.488020062E0,-6.110127568E-1,5.210478902E-1
1.635161013E1,-1.722579837E0,-6.212521791E-1,8.743014932E-2
1.636162312E1,-1.845529795E0,-7.500378489E-1,-3.403177261E-1
1.637163713E1,-1.963632107E0,-7.852736115E-1,-6.302738190E-1
1.638165013E1,-2.290388346E0,-4.745577872E-1,-6.680757999E-1
1.639166313E1,-2.848231077E0,2.848921157E-2,-6.350128651E-1
1.640167712E1,-3.307325602E0,3.792107701E-1,-6.876137853E-1
1.641169012E1,-3.499860764E0,4.892086089E-1,-9.120864272E-1
1.642170313E1,-3.532618761E0,3.599118888E-1,-1.128331184E0
1.643171613E1,-3.548269033E0,-6.628561765E-2,-1.239637613E0
1.644173013E1,-3.575396538E0,-5.731626749E-1,-1.276121616E0
1.645174313E1,-3.687704802E0,-9.115745425E-1,-1.246681213E0
1.646175613E1,-3.851680279E0,-1.060758710E0,-1.200253725E0
1.647177013E1,-3.901161194E0,-1.048368692E0,-1.190384030E0
1.648178313E1,-3.820564270E0,-9.879224896E-1,-1.223855615E0
1.649179613E1,-3.632445574E0,-8.184350133E-1,-1.235131979E0
1.650180913E1,-3.470289946E0,-5.508094430E-1,-1.169355631E0
1.651182312E1,-3.384805679E0,-1.890258342E-1,-1.080988765E0
1.652183612E1,-3.343706369E0,2.060889900E-1,-9.675732255E-1
1.653184913E1,-3.302086592E0,4.903855622E-1,-8.714646101E-1
1.654186213E1,-3.244648695E0,6.739413142E-1,-8.241239786E-1
1.655187613E1,-3.232231379E0,7.751917839E-1,-8.212014437E-1
1.656188913E1,-3.275741339E0,8.963304758E-1,-8.214147687E-1
1.657190213E1,-3.344065189E0,9.738166332E-1,-7.763590813E-1
1.658191613E1,-3.321375847E0,8.618991971E-1,-7.102035284E-1
1.659192913E1,-3.160366058E0,4.733414054E-1,-6.444529295E-1
1.660194213E1,-2.981792688E0,-5.783243850E-2,-5.726373196E-1
1.661195513E1,-2.808425188E0,-5.117005706E-1,-4.884001017E-1
1.662196912E1,-2.581986189E0,-7.028824687E-1,-3.885512650E-1
1.663198212E1,-2.458459377E0,-6.514838934E-1,-2.416202277E-1
1.664199512E1,-2.474816561E0,-3.836881518E-1,-7.726988941E-2
1.665200913E1,-2.546082258E0,-3.224897757E-2,6.185100973E-2
1.666202213E1,-2.625001192E0,3.098849356E-1,1.673958153E-1
1.667203513E1,-2.675963163E0,5.933914781E-1,2.341912985E-1
1.668204813E1,-2.704933167E0,7.443879247E-1,2.530363798E-1
1.669206213E1,-2.695423365E0,7.033751607E-1,2.095483392E-1
1.670207513E1,-2.594499826E0,6.462615728E-1,1.359412223E-1
1.671208813E1,-2.500124693E0,6.652726531E-1,1.188708022E-1
1.672210113E1,-2.530306339E0,8.002099991E-1,1.784795374E-1
1.673211512E1,-2.581842661E0,1.061934114E0,2.957402468E-1
1.674212812E1,-2.560489893E0,1.376153588E0,3.957049251E-1
1.675214112E1,-2.506034136E0,1.697624683E0,4.871159792E-1
1.676215513E1,-2.601019144E0,1.957455158E0,5.959732533E-1
1.677216813E1,-2.781053066E0,2.034119606E0,7.045137882E-1
1.678218113E1,-2.894118309E0,1.983476281E0,7.720842957E-1
1.679219413E1,-2.991167545E0,1.871417165E0,8.004365563E-1
1.680220813E1,-3.070629120E0,1.712761998E0,7.816796303E-1
1.681222113E1,-3.082422256E0,1.635157824E0,8.164702058E-1
1.682223413E1,-2.972463131E0,1.587548256E0,1.021543384E0
1.683224713E1,-2.712907553E0,1.422180533E0,1.239167571E0
1.684226112E1,-2.378126860E0,1.162158728E0,1.356714129E0
1.685227375E1,-1.961089373E0,1.032633901E0,1.475940704E0
1.686228675E1,-1.519615054E0,1.043267369E0,1.664667249E0
1.687230075E1,-9.677552581E-1,1.257290602E0,1.715090156E0
1.688231375E1,-6.418997794E-2,1.592189193E0,1.624440193E0
1.689232675E1,1.135431409E0,1.855118752E0,1.460613847E0
1.690233975E1,2.522355080E0,2.062594652E0,1.394328237E0
1.691235375E1,3.996800184E0,2.137541533E0,1.350980997E0
1.692236675E1,5.444642544E0,1.890131950E0,1.410319209E0
1.693237975E1,6.305775642E0,1.567784309E0,1.759699464E0
1.694239375E1,6.158215046E0,1.124060988E0,2.192587137E0
1.695240675E1,5.327576160E0,5.519187450E-1,2.360129356E0
1.696241975E1,4.234212875E0,-9.574393928E-2,2.197907686E0
1.697243275E1,2.852358580E0,-1.022154212E0,1.599729896E0
1.698244675E1,1.272465110E0,-2.076718092E0,6.048624516E-1
1.699245975E1,-5.279791355E-1,-2.587861300E0,-4.454381168E-1
1.700247275E1,-2.211527109E0,-2.251913548E0,-1.251991034E0
1.701248575E1,-3.624801636E0,-1.488319039E0,-1.803671956E0
1.702249975E1,-4.719205856E0,-5.253815055E-1,-2.178727150E0
1.703251275E1,-5.315061092E0,3.477295339E-1,-2.397027969E0
1.704252575E1,-4.984763622E0,1.336400628E0,-2.326563597E0
1.705253975E1,-4.572797775E0,1.584965229E0,-2.214804173E0
1.706255275E1,-4.263589859E0,1.901205778E0,-2.117496967E0
1.707256575E1,-4.108813286E0,2.079893112E0,-2.016561508E0
1.708257875E1,-4.085741043E0,2.180054426E0,-1.921797872E0
1.709259275E1,-4.170785904E0,2.181791067E0,-1.911569238E0
1.710260575E1,-4.226549625E0,2.124247313E0,-1.931267858E0
1.711261875E1,-4.200462818E0,2.009523869E0,-1.889598131E0
1.712263275E1,-4.039596558E0,1.823444247E0,-1.753283978E0
1.713264575E1,-3.793234110E0,1.644386053E0,-1.568472266E0
1.714265875E1,-3.542468786E0,1.571164012E0,-1.315450072E0
1.715267175E1,-3.354734182E0,1.539081573E0,-9.882677197E-1
1.716268575E1,-3.238435984E0,1.473432779E0,-6.902967691E-1
1.717269875E1,-3.174664497E0,1.273707986E0,-5.192348957E-1
1.718271175E1,-3.143204451E0,1.062079668E0,-4.981802106E-1
1.719272575E1,-3.138325214E0,8.543192744E-1,-6.114531755E-1
1.720273875E1,-3.109561443E0,6.506620646E-1,-8.027179837E-1
1.721275175E1,-3.088969469E0,5.158590674E-1,-9.286870360E-1
1.722276475E1,-3.047350883E0,4.464887679E-1,-9.240118861E-1
1.723277875E1,-2.987547159E0,3.698779643E-1,-7.895625830E-1
1.724279175E1,-2.905286074E0,3.258308768E-1,-5.711529851E-1
1.725280475E1,-2.787363052E0,3.173559010E-1,-3.229270279E-1
1.726281775E1,-2.623490334E0,3.126130700E-1,-6.367282569E-2
1.727283175E1,-2.410305500E0,3.435565233E-1,1.708597094E-1
1.728284475E1,-2.144791603E0,3.946703076E-1,3.791785836E-1
1.729285775E1,-1.796299815E0,5.034154058E-1,5.407587886E-1
1.730287175E1,-1.419059157E0,7.209908366E-1,6.725189686E-1
1.731288475E1,-1.152827978E0,1.016815901E0,7.583875060E-1
1.732289775E1,-1.063052058E0,1.310723186E0,8.150334954E-1
1.733291075E1,-1.082506299E0,1.613662601E0,9.187535048E-1
1.734292475E1,-1.168005705E0,1.851092100E0,1.033429503E0
1.735293775E1,-1.310802817E0,2.019949675E0,1.177416444E0
1.736295075E1,-1.474961996E0,2.128822803E0,1.352635026E0
1.737296375E1,-1.568583012E0,2.006229877E0,1.478295922E0
1.738297775E1,-1.428990245E0,1.442995787E0,1.561255097E0
1.739299075E1,-9.656409621E-1,6.143004894E-1,1.627527714E0
1.740300375E1,-3.593262732E-1,-1.564891487E-1,1.668667436E0
1.741301775E1,1.873978972E-1,-6.515002251E-1,1.691266060E0
1.742303075E1,5.223513842E-1,-7.087160349E-1,1.694163561E0
1.743304375E1,6.105792522E-1,-3.540042639E-1,1.742127657E0
1.744305675E1,5.016839504E-1,2.187466174E-1,1.899795890E0
1.745307075E1,2.174497396E-1,7.548035979E-1,2.127596140E0
1.746308375E1,-5.471360683E-2,1.301523089E0,2.272537470E0
1.747309675E1,-2.338531315E-1,1.713281631E0,2.352450848E0
1.748311075E1,-2.846398652E-1,1.899700999E0,2.382543087E0
1.749312375E1,-2.366078049E-1,2.006314039E0,2.333657742E0
1.750313675E1,-2.738001943E-1,2.217819691E0,2.235267401E0
1.751314975E1,-4.619765282E-1,2.408182859E0,2.170179844E0
1.752316375E1,-6.705265641E-1,2.464107990E0,2.215748549E0
1.753317675E1,-6.489536166E-1,2.384184599E0,2.394536734E0
1.754318975E1,-2.749035656E-1,2.145488739E0,2.554865837E0
1.755320375E1,-5.834773928E-2,1.846488714E0,2.518910646E0
1.756321675E1,-4.178847000E-2,1.649072647E0,2.276921272E0
1.757322975E1,-1.308568865E-1,1.399162769E0,1.934015512E0
1.758324275E1,-2.278801054E-1,9.874543548E-1,1.685330033E0
1.759325675E1,-3.219037652E-1,5.939902663E-1,1.607643843E0
1.760326975E1,-4.120514989E-1,4.865271747E-1,1.693807721E0
1.761328275E1,-3.300141096E-1,7.405745387E-1,1.920647025E0
1.762329675E1,-2.795598283E-2,1.190447092E0,2.384124517E0
1.763330975E1,4.435369074E-1,1.660966277E0,3.110090494E0
1.764332275E1,1.241199732E0,2.185503006E0,3.987922192E0
1.765333575E1,2.244101763E0,2.641518354E0,4.983403683E0
1.766334975E1,3.273109674E0,2.728090763E0,5.944092274E0
1.767336275E1,3.990442038E0,2.121935844E0,6.250882626E0
1.768337575E1,4.044492245E0,8.140347600E-1,5.465025425E0
1.769338875E1,3.374338388E0,-4.317019284E-1,3.902425051E0
1.770340275E1,2.532870293E0,-9.328108430E-1,2.433703661E0
1.771341575E1,1.936387539E0,-7.120044231E-1,1.588860273E0
1.772342875E1,1.637457371E0,-3.473021090E-1,1.253450513E0
1.773344275E1,1.469738960E0,-4.207477719E-2,1.174781561E0
1.774345575E1,1.345373154E0,9.660533816E-2,1.131139994E0
1.775346875E1,1.221856117E0,1.051087752E-1,1.071856856E0
1.776348175E1,1.114246607E0,-5.112823471E-2,9.833669662E-1
1.777349575E1,1.001061320E0,-4.549806416E-1,8.249553442E-1
1.778350875E1,8.950022459E-1,-8.708271384E-1,6.504216194E-1
1.779352175E1,8.018103838E-1,-1.221459746E0,5.237292051E-1
1.780353575E1,7.463923693E-1,-1.477797270E0,4.720793366E-1
1.781354875E1,7.435551882E-1,-1.629928470E0,5.082764030E-1
1.782356175E1,8.325545788E-1,-1.726935387E0,6.849318147E-1
1.783357475E1,1.181291223E0,-1.752895951E0,9.873821139E-1
1.784358875E1,1.853941798E0,-1.797145128E0,1.338342905E0
1.785360267E1,2.664080620E0,-1.815029740E0,1.641595602E0
1.786361567E1,3.438242912E0,-1.771809578E0,1.813997626E0
1.787362967E1,4.142675400E0,-1.830412030E0,1.881314397E0
1.788364267E1,4.744588375E0,-2.201155186E0,1.806720018E0
1.789365567E1,5.007007122E0,-2.518203974E0,1.334524751E0
1.790366867E1,4.644745827E0,-2.674507856E0,4.479829371E-1
1.791368267E1,3.612254858E0,-2.711512804E0,-4.664604664E-1
1.792369567E1,2.441346169E0,-2.640003920E0,-1.055638313E0
1.793370867E1,1.812614560E0,-2.428569555E0,-1.313431263E0
1.794372267E1,1.716580987E0,-2.233042717E0,-1.339917302E0
1.795373567E1,1.895611167E0,-2.260846376E0,-1.318746090E0
1.796374867E1,2.268069029E0,-2.384816647E0,-1.371340275E0
1.797376167E1,2.627621889E0,-2.488555193E0,-1.454087019E0
1.798377567E1,2.805330753E0,-2.568782806E0,-1.535501957E0
1.799378867E1,2.855512381E0,-2.609264374E0,-1.589815140E0
1.800380167E1,2.802633524E0,-2.651645660E0,-1.592992783E0
1.801381567E1,2.583320618E0,-2.737451315E0,-1.621185184E0
1.802382867E1,2.334167957E0,-2.983064651E0,-1.645630598E0
1.803384167E1,2.148927450E0,-3.278340340E0,-1.659331918E0
1.804385467E1,2.077512741E0,-3.740601540E0,-1.644975185E0
1.805386867E1,2.127348661E0,-4.231112957E0,-1.564583302E0
1.806388167E1,2.162011862E0,-4.494236946E0,-1.420819759E0
1.807389467E1,2.147277117E0,-4.437211037E0,-1.242795110E0
1.808390767E1,2.123203278E0,-4.155275345E0,-1.048469782E0
1.809392167E1,2.121198416E0,-3.714331388E0,-7.994691730E-1
1.810393467E1,2.155072451E0,-3.280006886E0,-4.919244349E-1
1.811394767E1,2.220714331E0,-3.038268805E0,-1.539346576E-1
1.812396167E1,2.389519453E0,-3.151448965E0,2.109495699E-1
1.813397467E1,2.745921373E0,-3.533463001E0,6.323772073E-1
1.814398767E1,3.241689920E0,-3.838581085E0,1.128334999E0
1.815400067E1,3.681058407E0,-3.977520227E0,1.706843853E0
1.816401467E1,3.977978945E0,-3.950392246E0,2.243934393E0
1.817402767E1,4.190338612E0,-3.798182487E0,2.644216537E0
1.818404067E1,4.286295891E0,-3.603836060E0,2.789709091E0
1.819405467E1,4.271226406E0,-3.269458055E0,2.585318089E0
1.820406767E1,4.114771843E0,-2.849718571E0,2.204203367E0
1.821408067E1,3.908113718E0,-2.495591402E0,1.792366147E0
1.822409467E1,3.769602060E0,-2.448109865E0,1.373522282E0
1.823410767E1,3.801623583E0,-2.672758818E0,1.016189337E0
1.824412067E1,3.992031097E0,-3.065665722E0,7.426506281E-1
1.825413367E1,4.104243279E0,-3.486802340E0,6.677302122E-1
1.826414767E1,4.031849861E0,-3.704416513E0,7.133488059E-1
1.827416067E1,3.885294914E0,-3.597739458E0,7.365157008E-1
1.828417367E1,3.647161961E0,-3.273449898E0,6.845108271E-1
1.829418767E1,3.283712387E0,-2.838604689E0,4.615308046E-1
1.830420067E1,2.811871052E0,-2.338089943E0,6.830175221E-2
1.831421367E1,2.259250402E0,-1.910859227E0,-4.112338722E-1
1.832422667E1,1.756688952E0,-1.770353556E0,-8.882243633E-1
1.833424067E1,1.424090385E0,-1.915077686E0,-1.344196320E0
1.834425367E1,1.208685160E0,-2.113732815E0,-1.652799606E0
1.835426667E1,8.558887243E-1,-2.260617018E0,-1.754516959E0
1.836428067E1,3.966433406E-1,-2.349838734E0,-1.799541473E0
1.837429367E1,-7.338994741E-2,-2.387554407E0,-1.898010492E0
1.838430667E1,-5.033876300E-1,-2.372441053E0,-2.055174828E0
1.839431967E1,-8.273088336E-1,-2.291391611E0,-2.232175589E0
1.840433367E1,-1.082473516E0,-2.143630505E0,-2.363368988E0
1.841434667E1,-1.266772032E0,-1.964382291E0,-2.397789717E0
1.842435967E1,-1.368740797E0,-1.771811843E0,-2.328209162E0
1.843437267E1,-1.404071212E0,-1.588335633E0,-2.256499529E0
1.844438667E1,-1.363721728E0,-1.436682701E0,-2.262722015E0
1.845439967E1,-1.289929152E0,-1.374621511E0,-2.282216787E0
1.846441267E1,-1.282057643E0,-1.438181281E0,-2.209566832E0
1.847442667E1,-1.415043473E0,-1.453860760E0,-2.039633989E0
1.848443967E1,-1.647674799E0,-1.403479099E0,-1.824194431E0
1.849445267E1,-1.892330885E0,-1.333557844E0,-1.657299876E0
1.850446567E1,-2.109472275E0,-1.258191705E0,-1.600897312E0
1.851447967E1,-2.355999231E0,-1.175187111E0,-1.627959728E0
1.852449267E1,-2.624786615E0,-1.058362722E0,-1.670227051E0
1.853450567E1,-2.869018078E0,-8.141103387E-1,-1.674802303E0
1.854451967E1,-3.072157145E0,-5.117597580E-1,-1.598361611E0
1.855453267E1,-3.170385361E0,-2.594707012E-1,-1.518699169E0
1.856454567E1,-3.071592808E0,-1.146051288E-1,-1.418348908E0
1.857455867E1,-2.868077040E0,-7.361081988E-2,-1.297731161E0
1.858457267E1,-2.722435951E0,3.477300517E-3,-1.163379550E0
1.859458567E1,-2.726446867E0,1.609756649E-1,-9.979128838E-1
1.860459867E1,-2.864144325E0,3.936110437E-1,-8.976174593E-1
1.861461267E1,-3.070600986E0,6.388661861E-1,-8.750171661E-1
1.862462567E1,-3.287101746E0,8.235987425E-1,-8.970545530E-1
1.863463867E1,-3.484540701E0,7.869535089E-1,-8.870460987E-1
1.864465267E1,-3.591277599E0,5.800822973E-1,-8.305535316E-1
1.865466567E1,-3.602529287E0,2.535821795E-1,-7.302503586E-1
1.866467867E1,-3.491066933E0,-8.845559508E-2,-6.686666012E-1
1.867469167E1,-3.298289537E0,-3.545112312E-1,-6.347191930E-1
1.868470567E1,-3.102169275E0,-4.565300047E-1,-5.533478856E-1
1.869471867E1,-2.992708445E0,-4.032182992E-1,-4.479980171E-1
1.870473167E1,-2.966527700E0,-2.482691854E-1,-3.705647290E-1
1.871474567E1,-3.001565933E0,1.832754351E-4,-3.000305593E-1
1.872475867E1,-3.127296209E0,2.490740567E-1,-2.389608175E-1
1.873477167E1,-3.273374081E0,4.466023445E-1,-1.952691227E-1
1.874478467E1,-3.364372730E0,5.282029510E-1,-1.686159372E-1
1.875479867E1,-3.347722769E0,4.574950039E-1,-1.169313565E-1
1.876481167E1,-3.217778206E0,2.733954787E-1,-1.089653187E-2
1.877482467E1,-2.973068476E0,5.198564008E-2,1.275570393E-1
1.878483867E1,-2.659263849E0,-1.492361575E-1,2.959061265E-1
1.879485167E1,-2.302317619E0,-2.596372664E-1,4.871420562E-1
1.880486467E1,-2.064638376E0,-2.323356122E-1,6.667816043E-1
1.881487767E1,-1.978764176E0,-7.524680346E-2,8.071560264E-1
1.882489167E1,-1.977177501E0,1.565592736E-1,8.921495080E-1
1.883490467E1,-1.954349518E0,3.735394776E-1,8.978699446E-1
1.884491767E1,-1.885932326E0,5.574701428E-1,8.422889709E-1
1.885493137E1,-1.836971641E0,7.062956691E-1,7.803452015E-1
1.886494438E1,-1.806509137E0,8.459733725E-1,7.514309883E-1
1.887495738E1,-1.808696151E0,9.920449853E-1,8.071663976E-1
1.888497038E1,-1.785424113E0,1.059981704E0,9.152305722E-1
1.889498438E1,-1.692763686E0,1.036531806E0,1.012476921E0
1.890499738E1,-1.549075961E0,8.738541603E-1,1.084324002E0
1.891501037E1,-1.272319078E0,5.960963964E-1,1.128896952E0
1.892502438E1,-8.635118604E-1,2.453192174E-1,1.162425876E0
1.893503738E1,-3.623835742E-1,-1.270257682E-1,1.193493724E0
1.894505038E1,2.434623837E-1,-4.145379663E-1,1.213831306E0
1.895506338E1,8.322021961E-1,-5.765491128E-1,1.221322894E0
1.896507737E1,1.297780037E0,-5.007337332E-1,1.206861734E0
1.897509038E1,1.725358486E0,-2.104237229E-1,1.114460707E0
1.898510338E1,2.151791573E0,2.091503888E-1,9.423502088E-1
1.899511738E1,2.517750740E0,6.935637593E-1,7.524467111E-1
1.900513038E1,2.876352310E0,1.140646458E0,6.944379807E-1
1.901514338E1,3.285300970E0,1.256217241E0,9.172772765E-1
1.902515738E1,3.742933512E0,9.903982282E-1,1.381084919E0
1.903517038E1,4.147026062E0,4.676781297E-1,1.936367631E0
1.904518338E1,4.324197292E0,-1.077063233E-1,2.324813843E0
1.905519638E1,4.114884377E0,-5.443916321E-1,2.410293341E0
1.906521037E1,3.543198586E0,-8.469110131E-1,2.253403664E0
1.907522337E1,2.899397135E0,-1.087272167E0,1.941186070E0
1.908523638E1,2.167471409E0,-1.398426890E0,1.403155923E0
1.909525038E1,1.324162602E0,-1.623607993E0,8.856449127E-1
1.910526338E1,4.261231720E-1,-1.588038564E0,4.081324339E-1
1.911527638E1,-4.727562964E-1,-1.381186604E0,1.645132434E-3
1.912528938E1,-1.242188334E0,-1.037343144E0,-3.753189147E-1
1.913530338E1,-1.860115767E0,-6.766309142E-1,-7.319002748E-1
1.914531638E1,-2.322402954E0,-2.936818898E-1,-1.001231074E0
1.915532938E1,-2.654874563E0,1.206186116E-1,-1.102460027E0
1.916534337E1,-2.767961502E0,4.199363589E-1,-1.024150372E0
1.917535637E1,-2.827492476E0,5.979071259E-1,-9.298034906E-1
1.918536937E1,-2.896718025E0,6.483386159E-1,-8.077870607E-1
1.919538238E1,-2.904623270E0,7.013368607E-1,-6.935908198E-1
1.920539638E1,-2.937917233E0,7.285746336E-1,-5.545064211E-1
1.921540938E1,-2.944395781E0,7.120863199E-1,-4.100793302E-1
1.922542238E1,-2.895603180E0,6.389407516E-1,-2.712900341E-1
1.923543638E1,-2.792431116E0,4.767106771E-1,-1.444516629E-1
1.924544938E1,-2.662373066E0,2.209153771E-1,-1.708545908E-2
1.925546238E1,-2.481020927E0,-1.142617762E-1,1.258904785E-1
1.926547638E1,-2.320331097E0,-4.193564355E-1,2.579742074E-1
1.927548937E1,-2.219380379E0,-6.173162460E-1,3.617000878E-1
1.928550237E1,-2.224247932E0,-7.062815428E-1,4.154538512E-1
1.929551537E1,-2.334111214E0,-6.393498778E-1,4.302516282E-1
1.930552938E1,-2.466672421E0,-4.627124965E-1,4.299890399E-1
1.931554238E1,-2.572759151E0,-2.302697599E-1,4.419417083E-1
1.932555538E1,-2.573069334E0,-8.300067857E-3,4.764765203E-1
1.933556937E1,-2.410818577E0,1.550960094E-1,5.581181049E-1
1.934558238E1,-2.115595818E0,2.755302489E-1,6.606314182E-1
1.935559538E1,-1.814521313E0,3.773652017E-1,7.592696548E-1
1.936560838E1,-1.661275268E0,5.349000096E-1,8.339452147E-1
1.937562238E1,-1.652669787E0,7.318825126E-1,9.019234180E-1
1.938563538E1,-1.787973285E0,9.551337361E-1,9.563626647E-1
1.939564837E1,-2.065558195E0,1.193128586E0,9.638983607E-1
1.940566238E1,-2.368579388E0,1.386221051E0,9.114138484E-1
1.941567538E1,-2.523275137E0,1.487149596E0,8.291798830E-1
1.942568838E1,-2.480939150E0,1.478235960E0,7.751944065E-1
1.943570237E1,-2.286001205E0,1.339802504E0,7.889310122E-1
1.944571537E1,-1.915149570E0,1.129336834E0,8.692804575E-1
1.945572838E1,-1.536389470E0,9.489666820E-1,9.750057459E-1
1.946574138E1,-1.391903400E0,9.082994461E-1,1.069780469E0
1.947575538E1,-1.461438298E0,9.732125998E-1,1.116856098E0
1.948576838E1,-1.616727710E0,1.176845074E0,1.115205169E0
1.949578138E1,-1.796435595E0,1.444538355E0,1.073389411E0
1.950579538E1,-1.937549353E0,1.722363353E0,1.006243944E0
1.951580838E1,-1.956253171E0,1.998573184E0,9.863744378E-1
1.952582138E1,-1.787183166E0,2.158368587E0,1.038740635E0
1.953583438E1,-1.496201873E0,2.272061348E0,1.167793155E0
1.954584837E1,-1.212540388E0,2.373271465E0,1.345300317E0
1.955586137E1,-1.029591203E0,2.436088324E0,1.535469651E0
1.956587438E1,-9.373454452E-1,2.493221283E0,1.687726021E0
1.957588838E1,-9.083484411E-1,2.563352108E0,1.756113768E0
1.958590138E1,-9.238283038E-1,2.627701759E0,1.722924113E0
1.959591438E1,-9.977524281E-1,2.705571890E0,1.624104381E0
1.960592738E1,-1.113063097E0,2.795189857E0,1.514079809E0
1.961594138E1,-1.142572880E0,2.752539635E0,1.441175461E0
1.962595438E1,-9.673630595E-1,2.469076395E0,1.424465179E0
1.963596738E1,-6.188008189E-1,2.019523621E0,1.437614083E0
1.964598137E1,-2.307872921E-1,1.535142064E0,1.446073294E0
1.965599437E1,8.939573169E-2,1.182754040E0,1.451071382E0
1.966600737E1,2.427493334E-1,9.879664779E-1,1.450740337E0
1.967602138E1,1.953099221E-1,9.786508083E-1,1.423063874E0
1.968603438E1,1.382900476E-1,1.047084212E0,1.398539066E0
1.969604738E1,2.764692605E-1,1.026910782E0,1.415634513E0
1.970606038E1,5.460901260E-1,9.287381768E-1,1.443758845E0
1.971607438E1,7.757986188E-1,8.572193384E-1,1.413380384E0
1.972608738E1,8.805060983E-1,8.815265894E-1,1.342854381E0
1.973610038E1,8.536178470E-1,1.030506015E0,1.272118568E0
1.974611438E1,7.186158299E-1,1.228249192E0,1.244824529E0
1.975612737E1,6.385583878E-1,1.359431028E0,1.314276814E0
1.976614037E1,8.096857071E-1,1.370103598E0,1.493370652E0
1.977615337E1,1.155434847E0,1.239799500E0,1.704875708E0
1.978616738E1,1.551776767E0,1.129373550E0,1.822377563E0
1.979618038E1,1.805976868E0,1.073818564E0,1.796368599E0
1.980619338E1,1.843862653E0,1.120508075E0,1.730608702E0
1.981620737E1,1.700274587E0,1.254548669E0,1.665771484E0
1.982622038E1,1.496551514E0,1.459583879E0,1.605772853E0
1.983623338E1,1.425692677E0,1.565751553E0,1.549532890E0
1.984624738E1,1.572526574E0,1.420824409E0,1.517831087E0
1.985625975E1,1.933725119E0,1.045448780E0,1.557309389E0
1.986627275E1,2.508813620E0,5.361111760E-1,1.655591488E0
1.987628575E1,3.170067072E0,1.071542799E-1,1.812135696E0
1.988629975E1,3.836063385E0,-1.670567691E-1,2.016602516E0
1.989631275E1,4.306533337E0,-2.171133161E-1,2.092136145E0
1.990632575E1,4.214806080E0,4.696733505E-2,1.792929769E0
1.991633975E1,3.650869608E0,5.116321445E-1,1.120867848E0
1.992635275E1,2.834911108E0,9.260008335E-1,5.027125478E-1
1.993636575E1,2.014161587E0,1.027559400E0,9.474867582E-2
1.994637875E1,1.398545504E0,8.648517132E-1,-4.793497175E-2
1.995639275E1,1.016815186E0,7.789404988E-1,-6.482650340E-2
1.996640575E1,7.828385830E-1,7.942387462E-1,-4.238883778E-2
1.997641875E1,6.250057220E-1,9.303821325E-1,-1.777964085E-2
1.998643275E1,3.766364455E-1,1.089165926E0,1.882364601E-2
1.999644575E1,1.125486121E-1,1.203756809E0,1.026809961E-1
2.000645875E1,5.031293258E-2,1.165377975E0,2.168097049E-1
2.001647275E1,2.087946236E-1,9.169473648E-1,3.400977254E-1
2.002648575E1,3.954172134E-1,5.423160195E-1,4.336332679E-1
2.003649875E1,5.052260160E-1,1.355066448E-1,4.646041691E-1
2.004651175E1,5.293148160E-1,-3.230848908E-1,4.005551636E-1
2.005652575E1,5.804023147E-1,-7.525358200E-1,3.480972052E-1
2.006653875E1,6.502847075E-1,-1.069228768E0,2.704490125E-1
2.007655175E1,7.361229658E-1,-1.305784702E0,1.759850532E-1
2.008656575E1,8.123288155E-1,-1.438036680E0,1.074416637E-1
2.009657875E1,8.912565708E-1,-1.439058304E0,1.003093645E-1
2.010659175E1,9.680341482E-1,-1.434886456E0,1.288794875E-1
2.011660575E1,1.026076436E0,-1.382919788E0,7.503113151E-2
2.012661875E1,1.066297889E0,-1.320496917E0,-3.105748631E-2
2.013663175E1,1.089101791E0,-1.318136215E0,-1.108859628E-1
2.014664475E1,1.111251831E0,-1.377245069E0,-1.298902780E-1
2.015665875E1,1.135166526E0,-1.488479137E0,-8.693873137E-2
2.016667175E1,1.167211294E0,-1.616704226E0,-1.032347325E-3
2.017668475E1,1.220231295E0,-1.739238977E0,1.446798593E-1
2.018669875E1,1.304836273E0,-1.936720610E0,3.419718742E-1
2.019671175E1,1.440654159E0,-2.163919926E0,5.755362511E-1
2.020672475E1,1.626940608E0,-2.325821161E0,8.249673843E-1
2.021673875E1,1.799364805E0,-2.384775162E0,1.077768803E0
2.022675175E1,1.937929630E0,-2.313406706E0,1.346606135E0
2.023676475E1,2.056933641E0,-2.077424049E0,1.614945412E0
2.024677775E1,2.163367987E0,-1.769282818E0,1.868772388E0
2.025679175E1,2.257964611E0,-1.500320554E0,2.138534784E0
2.026680475E1,2.400428772E0,-1.378437519E0,2.419537544E0
2.027681775E1,2.603918314E0,-1.330223203E0,2.633655310E0
2.028683175E1,2.812896490E0,-1.297428846E0,2.767347574E0
2.029684475E1,2.984494448E0,-1.298912644E0,2.815500259E0
2.030685775E1,3.044691324E0,-1.251889706E0,2.783740520E0
2.031687175E1,2.981375217E0,-1.162757039E0,2.730324984E0
2.032688475E1,2.821676016E0,-1.075076461E0,2.621170521E0
2.033689775E1,2.572248459E0,-9.309359193E-1,2.474723339E0
2.034691075E1,2.274717331E0,-7.691113353E-1,2.355701923E0
2.035692475E1,2.065864086E0,-7.945945263E-1,2.259955883E0
2.036693775E1,2.114925861E0,-1.017279029E0,2.174126625E0
2.037695075E1,2.358223200E0,-1.348839879E0,2.110336065E0
2.038696475E1,2.648122072E0,-1.673647523E0,2.062049627E0
2.039697775E1,2.921436071E0,-1.855419874E0,2.023704529E0
2.040699075E1,3.013951540E0,-1.762279391E0,2.002927303E0
2.041700475E1,2.903382778E0,-1.456171274E0,1.973496079E0
2.042701775E1,2.645855188E0,-1.107737660E0,1.918738842E0
2.043703075E1,2.430419922E0,-8.377792239E-1,1.801458240E0
2.044704375E1,2.453847170E0,-8.474858999E-1,1.576554775E0
2.045705775E1,2.723628283E0,-1.219920278E0,1.313776612E0
2.046707075E1,3.013044357E0,-1.743365645E0,1.097233891E0
2.047708375E1,3.189517975E0,-2.195605516E0,9.224325418E-1
2.048709775E1,3.233069658E0,-2.515890837E0,7.886283994E-1
2.049711075E1,3.171152353E0,-2.737132788E0,6.916556358E-1
2.050712375E1,3.115577459E0,-2.979136467E0,5.880067348E-1
2.051713775E1,3.237939596E0,-3.185547352E0,4.330444634E-1
2.052715075E1,3.373870134E0,-3.292096615E0,2.681287229E-1
2.053716375E1,3.381453514E0,-3.251444340E0,7.583574206E-2
2.054717675E1,3.233593225E0,-3.055041552E0,-8.934868872E-2
2.055719075E1,2.947065115E0,-2.724818468E0,-2.289169431E-1
2.056720375E1,2.537862301E0,-2.409540415E0,-3.926353157E-1
2.057721675E1,2.177633762E0,-2.203059912E0,-6.197447777E-1
2.058723075E1,1.935521364E0,-2.096099615E0,-8.479768634E-1
2.059724375E1,1.734107852E0,-2.069803715E0,-1.016733885E0
2.060725675E1,1.545651078E0,-2.050821781E0,-1.141996264E0
2.061727075E1,1.260595560E0,-1.971488595E0,-1.214177847E0
2.062728375E1,8.897690177E-1,-1.865634561E0,-1.269348621E0
2.063729675E1,4.344652891E-1,-1.807696462E0,-1.334780335E0
2.064731075E1,-7.277218159E-3,-1.792031407E0,-1.431274652E0
2.065732375E1,-3.128819466E-1,-1.838776469E0,-1.570726871E0
2.066733675E1,-4.969204962E-1,-1.891661048E0,-1.670783877E0
2.067734975E1,-6.838757992E-1,-1.898538113E0,-1.702919841E0
2.068736375E1,-8.555700779E-1,-1.879849672E0,-1.626279950E0
2.069737675E1,-1.031202078E0,-1.857046723E0,-1.489906311E0
2.070738975E1,-1.221088290E0,-1.858661890E0,-1.388548493E0
2.071740375E1,-1.360893846E0,-1.914817095E0,-1.342902899E0
2.072741675E1,-1.500865340E0,-1.945263147E0,-1.342253685E0
2.073742975E1,-1.716034055E0,-1.943037629E0,-1.361304641E0
2.074744375E1,-1.962280035E0,-1.927036524E0,-1.373061419E0
2.075745675E1,-2.174639463E0,-1.864948034E0,-1.378702760E0
2.076746975E1,-2.329992056E0,-1.763119102E0,-1.322603583E0
2.077748275E1,-2.437007427E0,-1.691670895E0,-1.195157647E0
2.078749675E1,-2.456004381E0,-1.666233182E0,-1.045561552E0
2.079750975E1,-2.420425177E0,-1.684675932E0,-8.951628804E-1
2.080752275E1,-2.390692234E0,-1.741741300E0,-7.576699853E-1
2.081753675E1,-2.359002590E0,-1.763105273E0,-6.256426573E-1
2.082754975E1,-2.341002703E0,-1.745786786E0,-5.428135395E-1
2.083756275E1,-2.353405952E0,-1.668810010E0,-5.299379826E-1
2.084757675E1,-2.430239439E0,-1.498831630E0,-5.596551299E-1
2.085758963E1,-2.576580524E0,-1.268610597E0,-6.146852374E-1
2.086760263E1,-2.748441696E0,-9.652842283E-1,-6.553940177E-1
2.087761662E1,-2.896183729E0,-7.041788101E-1,-6.539401412E-1
2.088762963E1,-2.959335566E0,-5.462909341E-1,-6.100342274E-1
2.089764263E1,-2.938795805E0,-4.899463654E-1,-5.648922920E-1
2.090765563E1,-2.822827578E0,-5.233740807E-1,-4.933336973E-1
2.091766963E1,-2.706575155E0,-5.978680253E-1,-4.124962389E-1
2.092768263E1,-2.658954620E0,-5.986638069E-1,-3.337388337E-1
2.093769562E1,-2.722270250E0,-5.126577020E-1,-3.330092728E-1
2.094770963E1,-2.858408928E0,-3.319281638E-1,-3.682610095E-1
2.095772263E1,-2.984802246E0,-1.378090978E-1,-4.002874196E-1
2.096773563E1,-3.055933952E0,-2.607057616E-2,-4.133411646E-1
2.097774962E1,-3.057790518E0,2.432784252E-2,-3.969503939E-1
2.098776262E1,-2.946727037E0,-5.084600300E-2,-3.391033113E-1
2.099777563E1,-2.723084211E0,-2.084017247E-1,-2.460594326E-1
2.100778863E1,-2.508851767E0,-3.431057632E-1,-1.527193785E-1
2.101780263E1,-2.333512783E0,-4.280470014E-1,-5.874516815E-2
2.102781563E1,-2.232468605E0,-4.141932428E-1,1.099316217E-2
2.103782863E1,-2.211685419E0,-3.186496198E-1,5.742914602E-2
2.104784263E1,-2.246621847E0,-1.381893158E-1,1.027947664E-1
2.105785563E1,-2.307540655E0,5.592754483E-2,1.064626947E-1
2.106786863E1,-2.366717339E0,2.184706479E-1,6.232692301E-2
2.107788262E1,-2.374421358E0,3.551498950E-1,-2.486960031E-3
2.108789562E1,-2.369313717E0,4.687116146E-1,-4.718732089E-2
2.109790862E1,-2.345788479E0,5.793843269E-1,-6.224013120E-2
2.110792263E1,-2.293224096E0,6.772126555E-1,-5.732766166E-2
2.111793563E1,-2.216735125E0,7.641921639E-1,-1.302654389E-3
2.112794863E1,-2.180855751E0,8.181986809E-1,7.597402483E-2
2.113796163E1,-2.134036541E0,7.990385294E-1,1.524775475E-1
2.114797563E1,-2.049778223E0,7.357906103E-1,2.312506586E-1
2.115798863E1,-1.976580739E0,6.603628397E-1,3.043253422E-1
2.116800163E1,-1.928474665E0,6.033472419E-1,3.519554436E-1
2.117801563E1,-1.866912365E0,4.629039764E-1,3.625107408E-1
2.118802862E1,-1.759190917E0,2.284254283E-1,2.981754243E-1
2.119804162E1,-1.569166183E0,-2.082684776E-3,2.081405371E-1
2.120805563E1,-1.266930461E0,-2.486477196E-1,1.402499080E-1
2.121806863E1,-8.240765929E-1,-4.703478813E-1,1.493687779E-1
2.122808163E1,-2.333445996E-1,-6.622683406E-1,2.584660053E-1
2.123809562E1,4.789375067E-1,-8.128959537E-1,4.421018064E-1
2.124810862E1,1.210879087E0,-8.415699601E-1,6.661612988E-1
2.125812163E1,1.834079623E0,-6.636102200E-1,8.829225302E-1
2.126813463E1,2.216274023E0,-2.841143012E-1,1.160058022E0
2.127814863E1,2.355871916E0,1.569036543E-1,1.388678312E0
2.128816163E1,2.424667597E0,4.962588251E-1,1.530053377E0
2.129817463E1,2.659255266E0,6.150401831E-1,1.645658970E0
2.130818863E1,3.079313993E0,4.746226370E-1,1.759804130E0
2.131820163E1,3.381104469E0,2.013585418E-1,1.852897286E0
2.132821463E1,3.436113358E0,2.254672348E-2,1.869448543E0
2.133822862E1,3.187084436E0,-3.859005868E-2,1.756422400E0
2.134824162E1,2.476201534E0,-3.385975212E-2,1.388746977E0
2.135825462E1,1.360727072E0,1.057459414E-2,9.198208451E-1
2.136826863E1,1.674011350E-2,3.848718479E-2,3.827582002E-1
2.137828163E1,-1.211142063E0,9.664012492E-2,-8.947601169E-2
2.138829463E1,-2.022303343E0,1.298313737E-1,-4.439227581E-1
2.139830763E1,-2.500453949E0,8.643173426E-2,-6.949843168E-1
2.140832163E1,-2.805924892E0,3.260791674E-2,-8.660141230E-1
2.141833463E1,-3.043128490E0,4.750149325E-2,-9.414627552E-1
2.142834763E1,-3.228874445E0,1.997323036E-1,-9.751970172E-1
2.143836163E1,-3.408130646E0,4.576669335E-1,-9.989697933E-1
2.144837462E1,-3.589156389E0,7.973465323E-1,-9.870217443E-1
2.145838762E1,-3.680373907E0,1.157564521E0,-9.362915754E-1
2.146840163E1,-3.722901583E0,1.332090735E0,-8.891592026E-1
2.147841463E1,-3.718226910E0,1.435764790E0,-8.464443684E-1
2.148842763E1,-3.597250462E0,1.399254680E0,-7.622852921E-1
2.149844162E1,-3.414976120E0,1.291592836E0,-6.531881690E-1
2.150845463E1,-3.299910545E0,1.138739347E0,-5.533276200E-1
2.151846763E1,-3.224526644E0,1.006205201E0,-4.469988048E-1
2.152848063E1,-3.132746220E0,8.361765146E-1,-3.556755483E-1
2.153849463E1,-3.017758608E0,6.298760772E-1,-2.707886100E-1
2.154850763E1,-2.829412222E0,3.701185584E-1,-2.319961786E-1
2.155852062E1,-2.576153040E0,9.266825020E-2,-2.395146042E-1
2.156853463E1,-2.282867908E0,-1.639073491E-1,-2.317331135E-1
2.157854763E1,-1.960622907E0,-3.539582193E-1,-1.744131744E-1
2.158856063E1,-1.637990236E0,-5.287519097E-1,-5.456507578E-2
2.159857462E1,-1.339436531E0,-6.441071033E-1,1.245085821E-1
2.160858762E1,-1.161705971E0,-6.577802896E-1,3.336008191E-1
2.161860062E1,-1.134594560E0,-5.513993502E-1,5.323845744E-1
2.162861463E1,-1.163835168E0,-3.381459415E-1,6.527048349E-1
2.163862763E1,-1.214993954E0,-6.638540328E-2,6.784585714E-1
2.164864063E1,-1.250848055E0,2.254413962E-1,6.679774523E-1
2.165865463E1,-1.226595283E0,4.797823727E-1,6.521720290E-1
2.166866763E1,-1.189154506E0,6.562136412E-1,6.725965738E-1
2.167868063E1,-1.088702798E0,8.152760863E-1,7.492696047E-1
2.168869363E1,-9.972760677E-1,9.766098857E-1,8.736642599E-1
2.169870763E1,-1.006721377E0,1.189744353E0,9.970742464E-1
2.170872062E1,-1.105201125E0,1.462212682E0,1.072363615E0
2.171873362E1,-1.228972435E0,1.780275583E0,1.091664791E0
2.172874763E1,-1.290017605E0,2.086935043E0,1.090761900E0
2.173876063E1,-1.271283150E0,2.280265331E0,1.081496954E0
2.174877363E1,-1.160418630E0,2.330344915E0,1.087900281E0
2.175878762E1,-9.675273299E-1,2.250711203E0,1.129093885E0
2.176880063E1,-8.044435978E-1,2.069787025E0,1.181622863E0
2.177881363E1,-7.146262527E-1,1.891427398E0,1.200723886E0
2.178882763E1,-6.873828769E-1,1.785112143E0,1.194050312E0
2.179884063E1,-6.878248453E-1,1.743640304E0,1.156895518E0
2.180885363E1,-7.156003118E-1,1.770659566E0,1.105644345E0
2.181886662E1,-7.412526608E-1,1.857645750E0,1.096635342E0
2.182888063E1,-6.666204929E-1,1.917171597E0,1.107516766E0
2.183889363E1,-4.773692787E-1,1.979157209E0,1.143810987E0
2.184890663E1,-2.831246853E-1,2.007887363E0,1.170769334E0
2.185892087E1,-1.477494091E-1,1.951225758E0,1.191282392E0
2.186893388E1,-7.522407174E-2,1.828486800E0,1.254370570E0
2.187894688E1,-5.139185116E-2,1.698620677E0,1.323357821E0
2.188896088E1,-2.929800004E-2,1.615332961E0,1.306394339E0
2.189897388E1,-6.869111676E-4,1.676587343E0,1.193233728E0
2.190898688E1,1.303363591E-1,1.773471832E0,1.077412248E0
2.191900088E1,4.577126205E-1,1.863950729E0,1.026510358E0
2.192901388E1,7.399125695E-1,1.871679783E0,1.001753569E0
2.193902688E1,9.086099267E-1,1.866544962E0,9.317327142E-1
2.194904087E1,9.972159863E-1,1.915404677E0,7.997064590E-1
2.195905387E1,9.742451906E-1,1.949989200E0,6.935763359E-1
2.196906687E1,9.000388384E-1,1.816362143E0,7.020462155E-1
2.197907988E1,8.879898190E-1,1.535450101E0,8.726423383E-1
2.198909388E1,8.613779545E-1,1.251149178E0,1.083347678E0
2.199910688E1,8.976122141E-1,1.109390497E0,1.214703441E0
2.200911988E1,1.036350846E0,1.248728156E0,1.215535164E0
2.201913388E1,1.076924443E0,1.484844446E0,1.175180554E0
2.202914688E1,1.074585080E0,1.697922111E0,1.155793309E0
2.203915988E1,1.122412801E0,1.867788434E0,1.080369234E0
2.204917388E1,1.183483362E0,2.011264801E0,9.862368703E-1
2.205918687E1,1.254840851E0,2.002800226E0,9.541186690E-1
2.206919987E1,1.301398158E0,1.785974145E0,1.037901998E0
2.207921388E1,1.406605363E0,1.370620966E0,1.288044930E0
2.208922688E1,1.689983010E0,9.424930215E-1,1.677805424E0
2.209923988E1,2.095420837E0,8.174371123E-1,1.987924218E0
2.210925288E1,2.300463915E0,1.106386065E0,2.119968891E0
2.211926687E1,2.236318827E0,1.646355629E0,2.134781599E0
2.212927988E1,2.036164284E0,2.087179184E0,2.012073517E0
2.213929288E1,1.791483760E0,2.408935785E0,1.810539603E0
2.214930688E1,1.759047031E0,2.461488724E0,1.752130628E0
2.215931988E1,2.189577341E0,2.396837234E0,1.734236360E0
2.216933287E1,2.492258310E0,2.078266859E0,1.690831900E0
2.217934688E1,2.495252132E0,1.646010160E0,1.552367926E0
2.218935988E1,2.264253616E0,1.569749236E0,1.252783060E0
2.219937288E1,1.759874344E0,1.952378154E0,8.816153407E-1
2.220938687E1,1.054490328E0,2.821569920E0,5.317681432E-1
2.221939987E1,2.138932496E-1,4.233765125E0,2.227752805E-1
2.222941287E1,-6.729241610E-1,5.912085533E0,-2.634799667E-2
2.223942588E1,-1.445101142E0,7.220781803E0,-2.158404738E-1
2.224943988E1,-1.955928445E0,7.889670849E0,-4.204692543E-1
2.225945288E1,-2.142034769E0,7.959922314E0,-7.377187014E-1
2.226946588E1,-1.925290823E0,7.653867245E0,-1.108480334E0
2.227947988E1,-1.482672095E0,6.970919609E0,-1.486317039E0
2.228949288E1,-9.029096961E-1,6.137348652E0,-1.830138564E0
2.229950588E1,-3.885951936E-1,5.409964085E0,-2.092821598E0
2.230951988E1,-1.307002753E-1,4.968533039E0,-2.182859898E0
2.231953287E1,-1.314873993E-1,4.848741055E0,-2.082519293E0
2.232954587E1,-3.441293240E-1,5.003262997E0,-1.864904523E0
2.233955988E1,-6.871041656E-1,5.241595745E0,-1.637718558E0
2.234957288E1,-9.705334902E-1,5.429958344E0,-1.394966364E0
2.235958588E1,-1.069676995E0,5.480863094E0,-1.130895257E0
2.236959987E1,-1.017795086E0,5.189787865E0,-8.586021662E-1
2.237961288E1,-8.611811399E-1,4.715649605E0,-6.202365756E-1
2.238962588E1,-5.853548646E-1,4.151311398E0,-4.119947255E-1
2.239963888E1,-1.863159537E-1,3.551836729E0,-2.853910029E-1
2.240965288E1,2.534579635E-1,3.005815983E0,-2.083058059E-1
2.241966588E1,6.205968857E-1,2.443266392E0,-1.647574902E-1
2.242967887E1,8.971517682E-1,1.965251923E0,-1.616642326E-1
2.243969288E1,1.021887660E0,1.752486587E0,-1.567852348E-1
2.244970588E1,9.290360212E-1,1.685918689E0,-1.340783238E-1
2.245971888E1,7.481485009E-1,1.679469705E0,-1.193656847E-1
2.246973287E1,5.832839012E-1,1.694385529E0,-1.206493303E-1
2.247974587E1,4.307549894E-1,1.651160359E0,-1.126214117E-1
2.248975888E1,2.771228254E-1,1.628050804E0,-1.311151981E-1
2.249977288E1,1.650008261E-1,1.564885020E0,-2.046035379E-1
2.250978588E1,2.062305510E-1,1.411219835E0,-3.395195305E-1
2.251979888E1,3.586682081E-1,1.294422626E0,-4.942920804E-1
2.252981288E1,5.091802478E-1,1.137972593E0,-5.561801791E-1
2.253982588E1,6.292225122E-1,1.005852580E0,-5.440628529E-1
2.254983888E1,7.032107115E-1,8.987544775E-1,-5.274801254E-1
2.255985188E1,6.547079086E-1,7.678413987E-1,-5.675252676E-1
2.256986588E1,5.411065221E-1,6.491541266E-1,-6.740375757E-1
2.257987887E1,4.470234215E-1,5.317793489E-1,-7.265090346E-1
2.258989187E1,4.073258042E-1,4.611205757E-1,-7.495786548E-1
2.259990588E1,4.591702223E-1,3.976586163E-1,-7.691940069E-1
2.260991888E1,6.098172665E-1,2.981858253E-1,-7.013995051E-1
2.261993188E1,7.545721531E-1,2.263288796E-1,-5.929939747E-1
2.262994587E1,7.191385627E-1,3.398687541E-1,-5.670577288E-1
2.263995888E1,7.295054197E-1,2.621358037E-1,-4.610531926E-1
2.264997188E1,7.120705247E-1,2.533271313E-1,-4.365606308E-1
2.265998588E1,6.871038675E-1,2.439372540E-1,-4.933994114E-1
2.266999888E1,6.522018313E-1,1.998438239E-1,-5.819335580E-1
2.268001188E1,7.708310485E-1,1.056082547E-2,-5.138538480E-1
2.269002588E1,8.586064577E-1,-1.192277968E-1,-4.735239744E-1
2.270003888E1,8.136894107E-1,-2.241606414E-1,-4.528584778E-1
2.271005188E1,7.316454053E-1,-3.453896046E-1,-3.679899275E-1
2.272006488E1,7.129006982E-1,-5.318064690E-1,-2.749780118E-1
2.273007887E1,8.229984641E-1,-8.191892505E-1,-1.634938270E-1
2.274009187E1,9.836609960E-1,-1.122711420E0,-8.487903327E-2
2.275010488E1,1.134780169E0,-1.347483993E0,-2.322765812E-2
2.276011888E1,1.152345538E0,-1.256977677E0,-4.816496372E-2
2.277013188E1,9.834383726E-1,-9.828066230E-1,-1.178199425E-1
2.278014488E1,7.047280669E-1,-6.209450364E-1,-1.913262606E-1
2.279015888E1,3.943070471E-1,-2.693846226E-1,-2.486396134E-1
2.280017188E1,1.710505188E-1,-1.089850217E-1,-2.479913533E-1
2.281018488E1,8.955459297E-2,-1.473957896E-1,-2.151827961E-1
2.282019888E1,1.670575887E-1,-3.498812318E-1,-1.477932483E-1
2.283021187E1,4.682579041E-1,-6.923765540E-1,-1.103689075E-1
2.284022487E1,8.695717454E-1,-1.108206511E0,-8.684653789E-2
2.285023787E1,1.242476344E0,-1.718905807E0,2.024178766E-2
2.286025275E1,1.607133508E0,-2.259639263E0,9.628493339E-2
2.287026575E1,1.690044045E0,-2.446081161E0,1.581472307E-1
2.288027875E1,1.456785321E0,-2.146431684E0,1.550482064E-1
2.289029275E1,1.033866286E0,-1.607853055E0,6.084527448E-2
2.290030575E1,5.590823293E-1,-1.020540595E0,-1.759339590E-3
2.291031875E1,1.516492963E-1,-5.486523509E-1,-3.153374419E-2
2.292033275E1,-1.011904478E-1,-2.823723257E-1,-2.237194031E-2
2.293034575E1,-1.969747692E-1,-1.943487376E-1,-3.734716028E-2
2.294035875E1,-1.723760366E-1,-1.634837240E-1,-9.182784706E-2
2.295037275E1,-1.426770091E-1,-2.115207464E-1,-1.470546275E-1
2.296038575E1,-7.148569077E-2,-2.955748737E-1,-1.866025478E-1
2.297039875E1,2.797671594E-2,-3.538720012E-1,-1.929970682E-1
2.298041275E1,1.123567000E-1,-3.965225816E-1,-1.800894886E-1
2.299042575E1,1.730115265E-1,-5.163110495E-1,-1.711167693E-1
2.300043875E1,2.167878598E-1,-6.415880919E-1,-1.532707363E-1
2.301045175E1,2.557080984E-1,-7.124713063E-1,-1.039745733E-1
2.302046575E1,2.228779048E-1,-6.578234434E-1,-5.772940069E-2
2.303047875E1,9.865982085E-2,-4.710386395E-1,-3.172070161E-2
2.304049175E1,-1.284448337E-2,-3.236769736E-1,1.549803279E-2
2.305050575E1,-4.642774537E-2,-2.950946093E-1,6.483095884E-2
2.306051875E1,-3.215404600E-2,-3.094979525E-1,8.258435130E-2
2.307053175E1,1.440972555E-2,-2.681127191E-1,6.587567180E-2
2.308054575E1,6.645900011E-2,-2.381616384E-1,3.113198653E-2
2.309055875E1,1.250629276E-1,-2.368745357E-1,7.967811078E-3
2.310057175E1,1.707737595E-1,-2.538603246E-1,-1.586122438E-2
2.311058575E1,2.168637663E-1,-2.928644717E-1,-2.460997179E-2
2.312059875E1,2.226065248E-1,-3.156855404E-1,-2.968418226E-2
2.313061175E1,1.998274475E-1,-3.158937991E-1,-5.096443743E-2
2.314062575E1,1.634581685E-1,-2.973721027E-1,-5.598591641E-2
2.315063875E1,1.020557806E-1,-3.066249788E-1,-5.931539834E-2
2.316065175E1,7.277619094E-2,-3.334873319E-1,-4.083874449E-2
2.317066475E1,7.736481726E-2,-4.344134033E-1,-2.865798026E-2
2.318067875E1,1.119622886E-1,-4.800588191E-1,-2.831216529E-2
2.319069175E1,1.619149297E-1,-4.600337148E-1,-2.346681058E-2
2.320070475E1,1.026422903E-1,-3.838068545E-1,1.599431224E-2
2.321071875E1,-1.038645506E-1,-1.667885035E-1,1.552692801E-2
2.322073175E1,-1.457255036E-1,5.685588345E-2,1.570851170E-2
2.323074475E1,-1.836832613E-1,1.558724791E-1,-3.738690168E-3
2.324075875E1,-1.023748294E-1,1.026209816E-1,-3.227552399E-2
2.325077175E1,-2.644916810E-2,2.789933421E-2,-4.214067385E-2
2.326078475E1,2.965435944E-2,-4.903756082E-2,-4.514844716E-2
2.327079875E1,8.572428674E-2,-1.255360693E-1,-5.312461406E-2
2.328081175E1,1.430707276E-1,-1.598619968E-1,-6.308927387E-2
2.329082475E1,2.062054873E-1,-1.521811783E-1,-5.630726740E-2
2.330083775E1,1.899041682E-1,-1.202766299E-1,-7.258322835E-2