"Time (s)","X (m/s^2)","Y (m/s^2)","Z (m/s^2)"
7.259708333E-3,1.521735535E0,7.293133850E0,6.281687164E0
1.727370833E-2,1.658700714E0,7.309300232E0,6.351292419E0
2.728770833E-2,1.604064331E0,7.279811554E0,6.386918335E0
3.730170833E-2,1.592687988E0,7.249424744E0,6.505022736E0
4.731670833E-2,1.631906433E0,7.223229218E0,6.540948029E0
5.733070833E-2,1.553170166E0,7.208410034E0,6.467899933E0
6.734470833E-2,1.353186035E0,7.219636688E0,6.193819885E0
7.735870833E-2,1.265618134E0,7.197333069E0,6.040089569E0
8.737270833E-2,1.292412415E0,7.157815247E0,6.050118713E0
9.738670833E-2,1.309776306E0,7.128925323E0,6.091432800E0
1.074007083E-1,1.332229614E0,7.093149719E0,6.097420349E0
1.174157083E-1,1.336121521E0,7.094496918E0,6.069578247E0
1.274297083E-1,1.343306580E0,7.147786102E0,5.887856140E0
1.374437083E-1,1.356179810E0,7.163653107E0,5.816005554E0
1.474577083E-1,1.369053040E0,7.106921082E0,5.877527618E0
1.574717083E-1,1.529669037E0,7.132368164E0,5.919889526E0
1.674857083E-1,1.672472076E0,7.200925598E0,5.964646454E0
1.775007083E-1,1.569635925E0,7.097490692E0,5.993686066E0
1.875147083E-1,1.390009460E0,6.964866486E0,6.064339142E0
1.975287083E-1,1.378932495E0,6.888974304E0,6.152505798E0
2.075427083E-1,1.404678955E0,6.857090607E0,6.140231323E0
2.175567083E-1,1.372046814E0,6.829697571E0,5.930517426E0
2.275707083E-1,1.385967865E0,6.928492126E0,5.815257111E0
2.375847083E-1,1.504970398E0,6.997348938E0,5.936654663E0
2.475997083E-1,1.655856628E0,7.015161896E0,6.096821594E0
2.576137083E-1,1.712738342E0,6.987768860E0,6.325096893E0
2.676277083E-1,1.698368225E0,6.966363373E0,6.385122070E0
2.776417083E-1,1.690135345E0,6.933431854E0,6.269412689E0
2.876557083E-1,1.888472900E0,6.950795746E0,6.261479187E0
2.976697083E-1,2.249222717E0,7.038663025E0,6.389612732E0
3.076847083E-1,2.161804504E0,7.018005981E0,6.292015686E0
3.176987083E-1,1.848056946E0,6.931336212E0,6.024971008E0
3.277127083E-1,1.661095734E0,6.866221619E0,5.667065277E0
3.377267083E-1,1.695075073E0,6.868466949E0,5.408702545E0
3.477407083E-1,1.655706940E0,6.875801697E0,5.433850250E0
3.577547083E-1,1.780697021E0,6.851552124E0,5.463787994E0
3.677697083E-1,2.270777893E0,6.991511078E0,5.824986877E0
3.777837083E-1,2.688259735E0,7.026538239E0,6.243366852E0
3.877977083E-1,2.968926086E0,7.040159912E0,6.428831177E0
3.978117083E-1,2.978206787E0,7.040908356E0,6.532565460E0
4.078257083E-1,2.702180786E0,6.907236328E0,6.502927094E0
4.178397083E-1,2.619253235E0,6.821165314E0,6.483168182E0
4.278537083E-1,2.684816895E0,6.784790955E0,6.555467834E0
4.378687083E-1,2.657124481E0,6.838379517E0,6.537804565E0
4.478827083E-1,2.480791168E0,6.824308777E0,6.071075134E0
4.578967083E-1,2.303410034E0,6.857389984E0,5.255121918E0
4.679107083E-1,3.539240112E0,7.191495209E0,6.107000427E0
4.779247083E-1,5.182672577E0,7.793842621E0,8.069569244E0
4.879387083E-1,5.396877136E0,7.853718109E0,8.371940460E0
4.979537083E-1,4.952301636E0,7.796836395E0,7.846682739E0
5.079677083E-1,4.555027771E0,7.864346008E0,7.666607208E0
5.179817083E-1,4.496798859E0,7.787555695E0,7.869435425E0
5.279957083E-1,4.842280426E0,7.924071808E0,7.857160950E0
5.380097083E-1,5.031486969E0,8.225245514E0,7.336244202E0
5.480237083E-1,4.697980499E0,8.235274658E0,6.508465576E0
5.580387083E-1,4.976700897E0,8.117020569E0,6.466552734E0
5.680527083E-1,6.862329712E0,8.520731049E0,8.192164307E0
5.780667083E-1,8.906927948E0,9.233099670E0,9.697583771E0
5.880807083E-1,9.284143524E0,9.416468353E0,9.447902985E0
5.980947083E-1,8.368946686E0,8.891510010E0,8.574768677E0
6.081087083E-1,7.387886810E0,8.375832367E0,7.829019470E0
6.181237083E-1,6.957681427E0,8.228688354E0,7.468569031E0
6.281377083E-1,6.772666168E0,8.140521698E0,7.637118530E0
6.381517083E-1,6.649921417E0,8.084388428E0,8.006400604E0
6.481657083E-1,6.743177490E0,8.278834076E0,7.892637177E0
6.581797083E-1,7.185208282E0,8.270900574E0,7.621999969E0
6.681947083E-1,8.112080841E0,8.254285126E0,8.062234497E0
6.782087083E-1,1.017583923E1,8.812025299E0,9.771529999E0
6.882227083E-1,1.166284698E1,9.565109253E0,1.070888077E1
6.982367083E-1,1.121527771E1,9.200916595E0,9.916728058E0
7.082507083E-1,1.013138168E1,8.132737885E0,9.100475464E0
7.182647083E-1,8.672515411E0,8.243357849E0,7.427254944E0
7.282797083E-1,7.806266785E0,7.783214722E0,6.114035797E0
7.382937083E-1,7.956254883E0,7.493117981E0,6.321354675E0
7.483077083E-1,8.245603180E0,7.446714478E0,6.769073639E0
7.583217083E-1,7.993527374E0,7.060367889E0,6.943760376E0
7.683357083E-1,7.270381165E0,6.579118652E0,6.694229279E0
7.783497083E-1,6.616690521E0,6.278094635E0,6.028413849E0
7.883647083E-1,6.614145813E0,6.015241241E0,5.907764740E0
7.983787083E-1,7.065157928E0,5.936504974E0,6.443350983E0
8.083927083E-1,7.365732880E0,5.975424042E0,6.578220520E0
8.184067083E-1,7.432643738E0,5.769152985E0,6.726562042E0
8.284207083E-1,7.372468872E0,5.352569275E0,7.069798279E0
8.384357083E-1,6.824608154E0,4.791086884E0,6.558311920E0
8.484497083E-1,5.804030457E0,4.335584106E0,5.315895538E0
8.584637083E-1,4.975353699E0,4.107009430E0,4.517904968E0
8.684777083E-1,4.563410339E0,4.116589508E0,4.169579315E0
8.784917083E-1,4.491410065E0,4.206702118E0,3.803740082E0
8.885057083E-1,4.728966064E0,4.539011078E0,3.230731659E0
8.985207083E-1,4.961133270E0,4.759053497E0,2.781366119E0
9.085347083E-1,4.811145172E0,4.736600189E0,2.819985809E0
9.185496667E-1,4.202810211E0,4.808450775E0,3.500620422E0
9.285636667E-1,4.328099670E0,4.365072784E0,3.588487701E0
9.385776667E-1,4.126618652E0,4.377946014E0,3.550167389E0
9.485926667E-1,4.381837921E0,4.457281036E0,3.274291077E0
9.586066667E-1,4.467759247E0,4.630919952E0,2.607577515E0
9.686206667E-1,4.100872192E0,4.721032562E0,1.703906708E0
9.786346667E-1,3.803740082E0,4.610711975E0,1.132245483E0
9.886486667E-1,3.711681519E0,4.747677155E0,8.803193665E-1
9.986626667E-1,3.718866577E0,4.774172058E0,9.809101868E-1
1.008677667E0,3.624412994E0,4.572241974E0,1.219813385E0
1.018691667E0,3.720962219E0,4.795278168E0,9.487271118E-1
1.028705667E0,4.079766083E0,4.907095642E0,5.388793945E-1
1.038719667E0,4.225263519E0,4.874912567E0,6.265969849E-1
1.048733667E0,3.987408142E0,4.939578094E0,7.747888184E-1
1.058748667E0,3.509152679E0,4.812342682E0,9.066645813E-1
1.068762667E0,3.317251740E0,4.672832794E0,9.056167603E-1
1.078776667E0,3.309018860E0,4.780758362E0,6.997947693E-1
1.088790667E0,3.482807465E0,5.128934326E0,2.537223816E-1
1.098804667E0,3.885320435E0,5.440436554E0,-6.316864014E-2
1.108819667E0,4.136647797E0,5.473068695E0,4.326004028E-2
1.118833667E0,4.289929047E0,5.468727722E0,9.864486694E-2
1.128847667E0,4.219874725E0,5.578449554E0,-1.206491089E-1
1.138861667E0,4.207600250E0,5.622008972E0,-5.502557373E-1
1.148875667E0,4.176165619E0,5.590424652E0,-1.340612183E0
1.158889667E0,3.967649231E0,5.675447845E0,-2.043700104E0
1.168904667E0,3.732488251E0,5.553900604E0,-1.976190491E0
1.178918667E0,3.162473602E0,5.191504211E0,-1.253193970E0
1.188932667E0,2.817590790E0,4.857099609E0,-4.143383789E-1
1.198946667E0,2.937192078E0,4.727319489E0,8.906478882E-2
1.208960667E0,2.770438843E0,4.777764587E0,-1.408570862E-1
1.218975667E0,2.651136932E0,4.719385986E0,-6.077362061E-1
1.228989667E0,2.728076935E0,4.908293152E0,-8.674461365E-1
1.239003667E0,2.833158417E0,5.225932617E0,-8.855584717E-1
1.249017667E0,3.145708466E0,5.223687286E0,-2.676434326E-1
1.259031667E0,3.512146454E0,5.291945343E0,3.902384949E-1
1.269046667E0,3.702101440E0,5.362299042E0,4.028123474E-1
1.279060667E0,3.740421753E0,5.292544098E0,2.874023438E-2
1.289074667E0,3.756438446E0,5.328170013E0,-4.352947998E-1
1.299088667E0,3.674558716E0,5.529201965E0,-8.092172241E-1
1.309102667E0,3.336112518E0,5.574108582E0,-6.372248840E-1
1.319117667E0,3.258124695E0,5.639223175E0,-1.739382935E-1
1.329131667E0,3.766916656E0,5.847889252E0,3.315605164E-1
1.339145667E0,4.453838196E0,6.036946106E0,9.404942322E-1
1.349159667E0,4.908592529E0,6.096971283E0,1.122216339E0
1.359173667E0,5.211712189E0,6.044430542E0,9.204359436E-1
1.369188667E0,5.260061646E0,5.872887268E0,7.661068726E-1
1.379202667E0,5.040917358E0,5.870492249E0,6.795867920E-1
1.389216667E0,5.259013824E0,6.058501282E0,9.593550110E-1
1.399230667E0,5.667963409E0,6.030359802E0,1.278641052E0
1.409244667E0,5.800437927E0,6.200256500E0,1.254990234E0
1.419259667E0,6.017486572E0,6.251300354E0,1.225202179E0
1.429273667E0,6.461912384E0,6.173162842E0,9.984237671E-1
1.439287667E0,6.548731842E0,6.221362610E0,7.348219299E-1
1.449301667E0,6.705605621E0,6.307882690E0,9.325607300E-1
1.459315667E0,7.217690735E0,6.166277161E0,1.561403046E0
1.469330667E0,7.541916504E0,6.199508057E0,2.050585785E0
1.479344667E0,7.939938812E0,6.295308838E0,2.268382874E0
1.489358667E0,8.232729950E0,6.466103668E0,2.493215332E0
1.499372667E0,8.048762512E0,6.549031219E0,2.281106415E0
1.509386667E0,7.455097046E0,6.365662537E0,1.851799164E0
1.519401667E0,7.319329376E0,6.220913544E0,2.014959869E0
1.529415667E0,8.065228271E0,6.479276276E0,2.499801636E0
1.539429667E0,8.906778259E0,6.652765503E0,2.694097595E0
1.549443667E0,9.171427917E0,6.582860870E0,2.451601868E0
1.559457667E0,9.026828613E0,6.477629700E0,2.037712555E0
1.569472667E0,8.425529022E0,6.499484253E0,1.854792938E0
1.579486667E0,7.787855072E0,6.414161682E0,1.987417145E0
1.589500667E0,8.195756836E0,6.622079315E0,2.925216980E0
1.599514667E0,9.421408081E0,7.265291748E0,3.456013184E0
1.609528667E0,1.043405228E1,7.777077484E0,3.378175049E0
1.619543667E0,1.117276611E1,7.961493988E0,3.781885529E0
1.629557667E0,1.135254227E1,7.887996826E0,4.072581024E0
1.639571667E0,1.101469482E1,7.712711334E0,3.744613037E0
1.649585667E0,1.091290649E1,7.509134674E0,3.159928894E0
1.659600667E0,1.139131165E1,7.572602692E0,2.799179077E0
1.669614667E0,1.226100311E1,7.791746979E0,2.837948456E0
1.679628667E0,1.298714310E1,7.840545502E0,2.921923828E0
1.689642667E0,1.353006409E1,7.668852539E0,3.117716675E0
1.699656667E0,1.372166565E1,7.516020355E0,3.504362640E0
1.709671667E0,1.348006805E1,7.338339844E0,3.515439606E0
1.719685667E0,1.306138870E1,7.016359406E0,3.369942169E0
1.729699667E0,1.273551636E1,6.687642975E0,3.310665436E0
1.739713667E0,1.263058456E1,6.537056122E0,2.879412231E0
1.749727667E0,1.251652176E1,6.515950012E0,2.347717896E0
1.759742667E0,1.218690720E1,6.242468719E0,2.037712555E0
1.769756667E0,1.163605270E1,5.886508942E0,1.780547333E0
1.779770667E0,1.103041214E1,5.523663483E0,1.536255341E0
1.789784667E0,1.056398209E1,5.166057129E0,1.251846771E0
1.799799667E0,1.007479935E1,4.930596771E0,1.206341400E0
1.809813667E0,9.747579803E0,4.804558868E0,1.285526733E0
1.819827667E0,9.528136139E0,4.691543884E0,1.326391754E0
1.829841667E0,9.288933563E0,4.503834229E0,1.392105103E0
1.839855667E0,8.886869659E0,4.275708618E0,1.335073700E0
1.849870667E0,8.421487427E0,4.109554138E0,1.244362335E0
1.859884667E0,8.068671112E0,4.167932739E0,1.210233307E0
1.869898667E0,7.744744720E0,4.153712311E0,9.990225220E-1
1.879912667E0,7.368726654E0,4.029171295E0,6.978488159E-1
1.889926667E0,7.104376373E0,4.054319000E0,2.912942505E-1
1.899941667E0,7.016060028E0,4.020339661E0,6.032455444E-2
1.909955667E0,7.350614319E0,4.076323242E0,3.920347595E-1
1.919968583E0,7.694299622E0,4.236340485E0,8.237370300E-1
1.929982583E0,7.617658997E0,4.291575623E0,1.133442993E0
1.939997583E0,7.350764008E0,4.214934998E0,1.323847046E0
1.950011583E0,7.001540222E0,4.203408966E0,1.450334015E0
1.960025583E0,6.757248230E0,4.272864532E0,1.513203278E0
1.970039583E0,6.807992706E0,4.377946014E0,1.506317596E0
1.980053583E0,6.956483917E0,4.642445984E0,1.188827820E0
1.990068583E0,7.140301666E0,4.830155640E0,8.255332947E-1
2.000082583E0,7.249724121E0,5.019960938E0,6.959028625E-1
2.010096583E0,7.242239685E0,5.104684753E0,6.270460510E-1
2.020110583E0,7.192243652E0,5.058281250E0,7.762857056E-1
2.030125583E0,7.199279022E0,5.060526581E0,9.418414307E-1
2.040139583E0,7.276817780E0,5.065166931E0,1.187031555E0
2.050153583E0,7.184908905E0,5.093308411E0,1.319356384E0
2.060167583E0,7.060068512E0,5.020410004E0,1.330433350E0
2.070181583E0,7.127578125E0,4.927004242E0,1.715133362E0
2.080196583E0,7.262747040E0,5.056035919E0,1.979034576E0
2.090210583E0,7.301815796E0,5.154231720E0,1.894011383E0
2.100224583E0,7.283254395E0,5.186714172E0,1.920805664E0
2.110238583E0,6.922654266E0,5.252128143E0,1.903741150E0
2.120253583E0,6.784341888E0,5.350773010E0,2.006277924E0
2.130267583E0,6.830146637E0,5.394332428E0,2.519111481E0
2.140281583E0,6.500981140E0,5.338797913E0,2.837050323E0
2.150295583E0,6.119424591E0,5.280119934E0,2.940036163E0
2.160309583E0,5.985752563E0,5.354664917E0,3.157833252E0
2.170324583E0,5.727240143E0,5.361101532E0,3.295546875E0
2.180338583E0,5.388494568E0,5.375321960E0,3.639381866E0
2.190352583E0,5.293591919E0,5.552254028E0,4.177063751E0
2.200366583E0,5.250182190E0,5.664370880E0,4.710105286E0
2.210381583E0,5.231620789E0,5.800587616E0,5.051545258E0
2.220395583E0,5.463638306E0,6.010301514E0,4.944368134E0
2.230409583E0,5.618266754E0,6.115832062E0,4.902455292E0
2.240423583E0,5.690865784E0,6.250252533E0,5.254074097E0
2.250438583E0,5.684279480E0,6.423292694E0,5.797294464E0
2.260452583E0,5.550757141E0,6.472091217E0,6.156098328E0
2.270466583E0,5.366041260E0,6.518943787E0,6.537804565E0
2.280480583E0,5.217999115E0,6.447242889E0,6.793023834E0
2.290494583E0,5.034929810E0,6.382727051E0,7.020401001E0
2.300509583E0,4.869074707E0,6.267466736E0,7.217241669E0
2.310523583E0,4.808001709E0,6.164031830E0,7.515271912E0
2.320537583E0,4.870721283E0,6.073170776E0,7.892637177E0
2.330551583E0,5.153932343E0,6.120023346E0,8.093968506E0
2.340566583E0,5.619763641E0,6.220314789E0,8.309819641E0
2.350580583E0,6.228996735E0,6.319708099E0,8.203540649E0
2.360594583E0,6.612199860E0,6.457721100E0,7.797734528E0
2.370608583E0,6.634952545E0,6.387517090E0,7.410639496E0
2.380623583E0,6.442303162E0,6.182443542E0,7.035519562E0
2.390637583E0,6.221212921E0,5.951773224E0,6.772366791E0
2.400651583E0,6.017187195E0,5.752687225E0,6.518794098E0
2.410665583E0,6.031856689E0,5.766009521E0,6.337820435E0
2.420680583E0,6.252048798E0,5.911956024E0,6.398294678E0
2.430694583E0,6.419849854E0,6.104605408E0,6.325246582E0
2.440708583E0,6.466702423E0,6.119574280E0,5.936355286E0
2.450722583E0,6.413862305E0,5.997428284E0,5.808371429E0
2.460736583E0,6.251000977E0,5.761219482E0,5.413492584E0
2.470751583E0,6.166426849E0,5.539231110E0,4.842280426E0
2.480765583E0,6.233637085E0,5.566324768E0,4.777315521E0
2.490779583E0,6.440806274E0,5.512736206E0,5.095703430E0
2.500793583E0,6.458918610E0,5.249583435E0,5.206173706E0
2.510808583E0,6.337371368E0,5.033283234E0,4.946164398E0
2.520822583E0,6.272705841E0,4.881349182E0,4.716392212E0
2.530836583E0,6.180198212E0,4.783602448E0,4.614753571E0
2.540850583E0,6.180796967E0,4.788392487E0,4.283043365E0
2.550865583E0,5.979914703E0,4.745731201E0,4.063300323E0
2.560879583E0,5.512586517E0,4.593048706E0,3.980223083E0
2.570893583E0,5.507197723E0,4.616998901E0,3.860771484E0
2.580907583E0,6.020330658E0,4.697531433E0,3.603157196E0
2.590922583E0,6.829248505E0,4.950655060E0,3.546874237E0
2.600936583E0,7.573650513E0,5.362149353E0,3.359613647E0
2.610950583E0,7.842042389E0,5.557792511E0,3.215762787E0
2.620964583E0,7.804470520E0,5.505102081E0,3.080743561E0
2.630979583E0,7.385491791E0,5.327720947E0,2.848875732E0
2.640993583E0,6.627617798E0,4.988975372E0,3.055446167E0
2.651007583E0,6.488706665E0,4.799918518E0,3.601211243E0
2.661021583E0,7.422315216E0,5.039121094E0,3.635489960E0
2.671035583E0,8.283025360E0,5.256469116E0,3.366948395E0
2.681050583E0,8.918004913E0,5.243895264E0,3.097508698E0
2.691064583E0,9.556876373E0,5.422024841E0,2.540067902E0
2.701078583E0,9.899663544E0,5.568270721E0,1.904040527E0
2.711092583E0,1.008827133E1,5.527256012E0,1.129700775E0
2.721107583E0,1.025262955E1,5.579347687E0,2.818638611E-1
2.731121583E0,1.008108627E1,5.445076904E0,-2.115101624E-1
2.741135583E0,9.787846069E0,5.114713898E0,-2.109114075E-1
2.751149583E0,9.613159332E0,4.966522064E0,1.199006653E-1
2.761164583E0,9.763446808E0,5.169200592E0,4.637356567E-1
2.771178583E0,1.011446686E1,5.526956635E0,5.944139099E-1
2.781192583E0,1.025457550E1,5.823489990E0,5.556445312E-1
2.791206583E0,1.008108627E1,5.921236725E0,5.774990845E-1
2.801221583E0,9.897118835E0,5.919739838E0,4.128414917E-1
2.811235583E0,9.693093109E0,5.899382172E0,7.828720093E-2
2.821249583E0,9.520052948E0,5.849236450E0,6.436614990E-2
2.831263583E0,9.517059174E0,5.732030182E0,5.143304443E-1
2.841278583E0,9.638756104E0,5.741909637E0,1.126557312E0
2.851292583E0,9.492360535E0,5.686075745E0,1.555265808E0
2.861306583E0,9.007668457E0,5.354515228E0,1.708547058E0
2.871320583E0,8.462502136E0,5.118306427E0,1.517394562E0
2.881335583E0,7.919281769E0,4.954097900E0,1.350940704E0
2.891349583E0,7.448211365E0,4.842879181E0,1.280287628E0
2.901363583E0,6.968908081E0,4.670138397E0,1.203197937E0
2.911377583E0,6.423442383E0,4.410428467E0,1.198407898E0
2.921393042E0,5.853427734E0,4.114044800E0,1.338815918E0
2.931407042E0,5.077890472E0,3.700305176E0,1.598376160E0
2.941421042E0,4.315226440E0,3.198847961E0,1.550026703E0
2.951435042E0,3.912863159E0,2.956052856E0,1.195863190E0
2.961450042E0,3.974235535E0,3.021017761E0,1.153351593E0
2.971464042E0,4.230652313E0,3.138074341E0,1.493144989E0
2.981478042E0,4.371958466E0,3.234024811E0,1.682800598E0
2.991492042E0,4.276007996E0,3.171005859E0,1.309776306E0
3.001507042E0,4.090693359E0,3.053350525E0,7.680528259E-1
3.011521042E0,4.055217133E0,3.074007568E0,7.920030212E-1
3.021535042E0,4.404590607E0,3.142415314E0,1.372795258E0
3.031549042E0,4.884492645E0,3.147205353E0,1.891017609E0
3.041564042E0,5.151986389E0,3.033292236E0,2.212099915E0
3.051578042E0,5.218747559E0,2.871927795E0,2.523153076E0
3.061592042E0,5.416186981E0,2.781366119E0,2.631976776E0
3.071606042E0,5.518873444E0,2.780917053E0,2.640958099E0
3.081621042E0,5.468428345E0,2.824476471E0,2.768193512E0
3.091635042E0,5.572162628E0,2.796334991E0,2.984044647E0
3.101649042E0,5.823040924E0,2.823578339E0,3.265758820E0
3.111663042E0,6.246510315E0,2.774330750E0,3.466192017E0
3.121678042E0,6.862629089E0,2.722388763E0,3.407663727E0
3.131692042E0,7.422315216E0,2.791844330E0,3.193908234E0
3.141706042E0,7.721842346E0,2.757415924E0,2.791095886E0
3.151721042E0,7.694000244E0,2.777174835E0,2.426903229E0
3.161735042E0,7.421117706E0,2.690954132E0,2.470612335E0
3.171749042E0,7.078929291E0,2.410287781E0,2.830314331E0
3.181763042E0,7.049590302E0,2.386636963E0,3.314407654E0
3.191778042E0,7.432044983E0,2.355501709E0,3.838467865E0
3.201792042E0,7.964487762E0,2.280208282E0,4.090992737E0
3.211806042E0,8.391100616E0,2.108066254E0,3.810476074E0
3.221820042E0,8.737031250E0,2.029180298E0,3.702251129E0
3.231835042E0,9.018595734E0,1.936373291E0,3.991449738E0
3.241849042E0,8.945996704E0,1.770368500E0,4.307442627E0
3.251863042E0,8.796607361E0,1.433269501E0,4.750072174E0
3.261877042E0,8.972641296E0,1.239721985E0,5.308411102E0
3.271892042E0,9.448202362E0,1.248852997E0,5.446573792E0
3.281906042E0,9.934840393E0,1.311422882E0,5.375172272E0
3.291920042E0,1.034229309E1,1.365460510E0,4.877157898E0
3.301934042E0,1.070618637E1,1.418749695E0,4.420307922E0
3.311949042E0,1.080093933E1,1.459764404E0,4.582420807E0
3.321963042E0,1.075378738E1,1.310075684E0,5.106181641E0
3.331977042E0,1.108205475E1,1.342109070E0,5.713169403E0
3.341991042E0,1.155252640E1,1.463506622E0,6.277795258E0
3.352006042E0,1.187241119E1,1.448238373E0,6.825356598E0
3.362020042E0,1.194590836E1,1.317709808E0,6.813980255E0
3.372034042E0,1.156824371E1,1.217418365E0,6.418203278E0
3.382048042E0,1.103265747E1,1.082249451E0,6.060746613E0
3.392063042E0,1.085722229E1,9.589059448E-1,6.168821869E0
3.402077042E0,1.132245483E1,1.049617310E0,6.658303986E0
3.412091042E0,1.217283646E1,1.310225372E0,7.000193024E0
3.422106042E0,1.278850616E1,1.498384094E0,6.960226135E0
3.432120042E0,1.330089066E1,1.763033752E0,6.810088348E0
3.442134042E0,1.360745316E1,1.899998932E0,6.741381226E0
3.452148042E0,1.339294922E1,1.817221069E0,6.374494171E0
3.462163042E0,1.282937119E1,1.631307678E0,5.810616760E0
3.472177042E0,1.226579315E1,1.487157440E0,5.878575439E0
3.482191042E0,1.204545135E1,1.497485962E0,6.252198486E0
3.492205042E0,1.197569641E1,1.393751678E0,6.557413788E0
3.502220042E0,1.213182175E1,1.409468994E0,6.716981964E0
3.512234042E0,1.232836304E1,1.463207245E0,6.759942627E0
3.522248042E0,1.248493744E1,1.463356934E0,7.022346954E0
3.532262042E0,1.263896713E1,1.435365143E0,7.038663025E0
3.542277042E0,1.282278488E1,1.545835419E0,6.846163330E0
3.552291042E0,1.308608734E1,1.680255890E0,6.688241730E0
3.562305042E0,1.349249222E1,1.823657684E0,6.308032379E0
3.572319042E0,1.374262207E1,2.043849792E0,5.994733887E0
3.582334042E0,1.373274261E1,2.103575592E0,5.987399139E0
3.592348042E0,1.359592712E1,2.094444580E0,6.055956573E0
3.602362042E0,1.329595093E1,1.942211151E0,5.995632019E0
3.612377042E0,1.306183777E1,1.859582977E0,6.014043732E0
3.622391042E0,1.295256500E1,1.627116394E0,6.246360626E0
3.632405042E0,1.295705566E1,1.449884949E0,6.485413513E0
3.642419042E0,1.298534683E1,1.367855530E0,6.821764069E0
3.652434042E0,1.307770477E1,1.266216888E0,6.907535706E0
3.662448042E0,1.301154236E1,1.341510315E0,6.445446625E0
3.672462042E0,1.269749542E1,1.350042572E0,5.865402832E0
3.682476042E0,1.250035538E1,1.506018219E0,5.282814331E0
3.692491042E0,1.214439560E1,1.626667328E0,4.813540192E0
3.702505042E0,1.152213959E1,1.641486511E0,4.481979675E0
3.712519042E0,1.093850327E1,1.553020477E0,4.242926788E0
3.722534042E0,1.035187317E1,1.280437317E0,4.112398224E0
3.732548042E0,1.006477020E1,1.164727936E0,3.873045959E0
3.742562042E0,1.010054581E1,1.226250000E0,3.656446381E0
3.752576042E0,1.001282822E1,1.223555603E0,3.696263580E0
3.762591042E0,9.736203461E0,1.208886108E0,3.626808014E0
3.772605042E0,9.343719635E0,1.327738953E0,3.374432831E0
3.782619042E0,9.075477448E0,1.458566895E0,3.146756287E0
3.792633042E0,8.767867126E0,1.516047363E0,2.935545502E0
3.802648042E0,8.050558777E0,1.420545959E0,2.847977600E0
3.812662042E0,7.402556305E0,1.387315063E0,2.857557678E0
3.822676042E0,6.834188232E0,1.339414673E0,2.829565887E0
3.832691042E0,6.102809143E0,1.166374512E0,2.593057709E0
3.842705042E0,5.404211884E0,1.091230774E0,2.240840149E0
3.852719042E0,4.908592529E0,1.095422058E0,1.969155121E0
3.862733042E0,4.468807068E0,1.120270386E0,1.610950012E0
3.872748042E0,3.925736389E0,1.103654938E0,1.221459961E0
3.882762042E0,3.382366333E0,1.001267853E0,9.824070740E-1
3.892776042E0,2.805166626E0,1.044527893E0,7.981402588E-1
3.902790042E0,2.453996887E0,1.010249176E0,9.586065674E-1
3.912805042E0,1.957030334E0,1.467697906E0,7.497908020E-1
3.922818667E0,1.103954315E0,1.376088409E0,1.029858398E0
3.932832667E0,9.366023254E-1,1.363065491E0,1.447639618E0
3.942846667E0,1.188079376E0,1.888023834E0,1.450783081E0
3.952861667E0,1.536405029E0,2.291884003E0,1.641187134E0
3.962875667E0,1.685195618E0,2.474504242E0,1.543141022E0
3.972889667E0,1.643731842E0,2.502795410E0,1.240769806E0
3.982904667E0,1.814077606E0,2.421963501E0,1.228794708E0
3.992918667E0,2.149530029E0,2.414479065E0,1.563648376E0
4.002932667E0,2.548151093E0,2.474504242E0,2.158960419E0
4.012946667E0,2.794838104E0,2.621947632E0,2.926863556E0
4.022961667E0,2.828368378E0,2.666854248E0,3.694916382E0
4.032975667E0,2.987637177E0,2.694995728E0,3.899690552E0
4.042989667E0,3.353925476E0,2.874472504E0,4.096531219E0
4.053004667E0,3.799698486E0,2.810405731E0,4.437372437E0
4.063018667E0,4.065994720E0,2.570754089E0,4.588258667E0
4.073032667E0,4.117337952E0,2.309696960E0,4.759352875E0
4.083046667E0,4.109254761E0,2.065404968E0,5.274731140E0
4.093061667E0,4.473746796E0,1.906734924E0,5.911656647E0
4.103075667E0,5.115162964E0,1.986519012E0,6.402635651E0
4.113089667E0,5.781277771E0,2.130220184E0,6.594835968E0
4.123103667E0,6.374194794E0,2.332749023E0,6.029012604E0
4.133118667E0,6.640041962E0,2.567760315E0,5.188061371E0
4.143132667E0,6.544241180E0,2.395169220E0,4.454886017E0
4.153146667E0,5.954317932E0,2.217788086E0,4.176315308E0
4.163161667E0,5.808221741E0,2.212698669E0,4.660857697E0
4.173175667E0,6.532415771E0,2.407593384E0,5.060376892E0
4.183189667E0,7.055577850E0,2.521207123E0,5.061873779E0
4.193203667E0,7.369774475E0,2.312990112E0,5.078788605E0
4.203218667E0,7.283104706E0,1.995051270E0,4.876858521E0
4.213232667E0,7.096143494E0,1.658101959E0,4.350552979E0
4.223246667E0,7.251221008E0,1.272354126E0,4.127666473E0
4.233261667E0,7.874973907E0,1.410067749E0,4.037254486E0
4.243275667E0,9.043893127E0,1.837878113E0,4.040996704E0
4.253289667E0,1.021086639E1,2.117047577E0,3.849694519E0
4.263303667E0,1.100721039E1,2.503843231E0,3.516786804E0
4.273318667E0,1.152588181E1,2.825823669E0,3.392694855E0
4.283332667E0,1.145492935E1,2.637066193E0,3.435805206E0
4.293346667E0,1.068567902E1,1.774410095E0,3.726201324E0
4.303360667E0,1.025607239E1,1.215921478E0,4.337829437E0
4.313375667E0,1.100706070E1,1.452130280E0,4.827311554E0
4.323389667E0,1.212104416E1,1.752705231E0,4.732259216E0
4.333403667E0,1.288475601E1,1.969005432E0,4.297712860E0
4.343418667E0,1.320419174E1,2.006427612E0,3.953728180E0
4.353432667E0,1.319730606E1,1.922601929E0,3.706592102E0
4.363446667E0,1.307381287E1,2.016007690E0,3.149001617E0
4.373460667E0,1.257160721E1,1.667981415E0,2.936144257E0
4.383475667E0,1.270303391E1,1.645977173E0,3.360362091E0
4.393489667E0,1.343695770E1,2.096540222E0,3.434607697E0
4.403503667E0,1.385668488E1,2.164947968E0,3.390748901E0
4.413518667E0,1.408106827E1,2.394570465E0,2.955304413E0
4.423532667E0,1.429272812E1,2.832110596E0,2.368674316E0
4.433546667E0,1.434781357E1,2.769690399E0,2.127226410E0
4.443560667E0,1.407163788E1,2.694396973E0,1.986818390E0
4.453575667E0,1.361344070E1,2.535427551E0,1.993404694E0
4.463589667E0,1.331885330E1,2.264940033E0,2.265838165E0
4.473603667E0,1.321242462E1,2.171384583E0,2.690205688E0
4.483618667E0,1.315973419E1,2.061662750E0,2.997067566E0
4.493632667E0,1.306034088E1,2.156266022E0,3.158432007E0
4.503646667E0,1.280212784E1,2.187101898E0,3.169958038E0
4.513660667E0,1.239093292E1,1.883533173E0,2.867586823E0
4.523675667E0,1.214334778E1,1.855990448E0,2.588267670E0
4.533689667E0,1.233270401E1,2.063758392E0,2.634371796E0
4.543703667E0,1.263926651E1,2.152523804E0,2.571951599E0
4.553718667E0,1.274614426E1,2.194586334E0,2.491568756E0
4.563732667E0,1.269914200E1,2.096240845E0,2.587968292E0
4.573746667E0,1.254885452E1,2.060016174E0,2.707868958E0
4.583760667E0,1.236638397E1,2.121538239E0,2.711012421E0
4.593775667E0,1.214933533E1,1.952539673E0,2.749332733E0
4.603789667E0,1.182690582E1,1.780098267E0,2.710862732E0
4.613803667E0,1.153725815E1,1.760938110E0,2.630330200E0
4.623818667E0,1.156405243E1,1.856439514E0,2.772534485E0
4.633832667E0,1.181807419E1,2.170935516E0,2.912194061E0
4.643846667E0,1.196297287E1,2.296524353E0,2.881358185E0
4.653860667E0,1.183528839E1,2.320025482E0,2.818788300E0
4.663875667E0,1.156869278E1,2.314187622E0,2.670895844E0
4.673889667E0,1.125314896E1,2.107766876E0,2.636168060E0
4.683903667E0,1.094943054E1,2.047741699E0,2.598147125E0
4.693918667E0,1.077294754E1,2.026485901E0,2.675087128E0
4.703932667E0,1.060005707E1,1.966311035E0,2.948269043E0
4.713946667E0,1.038270905E1,2.029180298E0,3.168461151E0
4.723960667E0,1.018661682E1,1.974394226E0,3.293151855E0
4.733975667E0,9.973460083E0,1.886676636E0,3.303181000E0
4.743989667E0,9.691147156E0,1.839225311E0,3.244503021E0
4.754003667E0,9.384285278E0,1.790875854E0,3.128943329E0
4.764018667E0,8.963809662E0,1.679956512E0,3.078049164E0
4.774032667E0,8.322842560E0,1.499581604E0,3.030298462E0
4.784046667E0,7.761060791E0,1.478924561E0,3.079546051E0
4.794061667E0,7.366481323E0,1.542093201E0,3.136577454E0
4.804075667E0,6.851402435E0,1.447489929E0,3.179837494E0
4.814089667E0,6.165528717E0,1.206491089E0,3.391497345E0
4.824103667E0,5.321583710E0,8.613088989E-1,3.588936768E0
4.834118667E0,4.459825745E0,6.539900208E-1,3.910617828E0
4.844132667E0,3.577111359E0,3.911366272E-1,4.291575623E0
4.854146667E0,2.827919312E0,2.237846375E-1,4.508175201E0
4.864161667E0,2.318827972E0,2.291734314E-1,4.871619415E0
4.874175667E0,2.017354889E0,2.028282166E-1,5.464536438E0
4.884189667E0,1.835632782E0,3.245251465E-1,5.907914429E0
4.894203667E0,1.914069672E0,5.978567505E-1,6.205046539E0
4.904218667E0,2.511776733E0,9.068142700E-1,6.427184601E0
4.914232667E0,3.006348267E0,1.294058990E0,6.255491638E0
4.924246292E0,3.026855621E0,1.474284210E0,5.980513458E0
4.934261292E0,3.197201385E0,1.753004608E0,5.884413300E0
4.944275292E0,3.665727081E0,2.158211975E0,6.036197662E0
4.954289292E0,3.997886353E0,2.452649689E0,6.408174133E0
4.964303292E0,4.152963867E0,2.671045532E0,6.994355164E0
4.974318292E0,4.410877533E0,2.771486664E0,7.643854523E0
4.984332292E0,4.691543884E0,2.905458069E0,8.062833252E0
4.994346292E0,4.953199768E0,2.910248108E0,8.343349915E0
5.004361292E0,5.258714447E0,2.848276978E0,8.401728516E0
5.014375292E0,5.731281738E0,2.778671722E0,8.452772369E0
5.024389292E0,6.430926819E0,2.937042389E0,8.462053070E0
5.034403292E0,6.983727264E0,3.169808350E0,8.311166840E0
5.044418292E0,7.448211365E0,3.166664886E0,8.142018585E0
5.054432292E0,7.778125305E0,3.229833527E0,7.874075775E0
5.064446292E0,8.016729126E0,3.353177032E0,7.456144867E0
5.074461292E0,8.174201660E0,3.465593262E0,6.905589752E0
5.084475292E0,7.956105194E0,3.258424072E0,6.366860046E0
5.094489292E0,7.681276703E0,3.012635193E0,6.011199646E0
5.104504292E0,7.486082611E0,2.853067017E0,5.912105713E0
5.114518292E0,7.179071045E0,2.583627319E0,6.196963348E0
5.124532292E0,6.923103333E0,2.366878052E0,6.436315613E0
5.134546292E0,6.948700104E0,2.124981079E0,6.351442108E0
5.144561292E0,7.466024323E0,2.261048126E0,5.965394897E0
5.154575292E0,8.118218079E0,2.549947357E0,5.385201416E0
5.164589292E0,8.402776337E0,2.609673157E0,4.960384827E0
5.174604292E0,8.295599213E0,2.481838989E0,4.558320923E0
5.184618292E0,8.081394653E0,2.210603027E0,4.317920837E0
5.194632292E0,8.064779205E0,2.014361115E0,4.354295197E0
5.204647292E0,8.725355530E0,2.264041901E0,4.341122589E0
5.214661292E0,9.536518707E0,2.615361328E0,3.968697052E0
5.224675292E0,9.996063080E0,2.641706543E0,3.489244080E0
5.234689292E0,1.035426819E1,2.962339783E0,2.815046082E0
5.244704292E0,1.046728317E1,3.383414154E0,1.949246521E0
5.254718292E0,1.058703415E1,3.340303802E0,1.260379028E0
5.264732292E0,1.049572403E1,3.196003876E0,1.100810852E0
5.274747292E0,1.021221359E1,2.969973907E0,1.507964172E0
5.284761292E0,1.011386810E1,2.662064209E0,2.435734863E0
5.294775292E0,1.017030075E1,2.356848907E0,3.072510681E0
5.304789292E0,1.017389328E1,2.049987030E0,3.265160065E0
5.314804292E0,1.030517029E1,1.914818115E0,2.915786591E0
5.324818292E0,1.053943314E1,2.094444580E0,2.012564850E0
5.334832292E0,1.057850189E1,2.224224701E0,1.086291046E0
5.344847292E0,1.039019348E1,2.333347778E0,4.890330505E-1
5.354861292E0,1.041474243E1,2.501897278E0,3.927832031E-1
5.364875292E0,1.080258591E1,2.635569305E0,5.445675659E-1
5.374890292E0,1.103250778E1,2.662213898E0,7.006929016E-1
5.384904292E0,1.094493988E1,2.392923889E0,8.384065247E-1
5.394918292E0,1.078477295E1,2.277064819E0,7.506889343E-1
5.404932292E0,1.062161224E1,2.349813538E0,5.736071777E-1
5.414947292E0,1.054871384E1,2.436333618E0,4.959187317E-1
5.424961292E0,1.046443909E1,2.493963776E0,3.809577942E-1
5.434975292E0,1.050515442E1,2.627486115E0,8.517288208E-2
5.444990292E0,1.063628174E1,2.923869781E0,-2.212399292E-1
5.455004292E0,1.102846619E1,3.158581696E0,-2.839595032E-1
5.465018292E0,1.155132889E1,3.274440765E0,-1.818717957E-1
5.475033292E0,1.198018707E1,3.352428589E0,1.347198486E-3
5.485047292E0,1.213002548E1,3.228636017E0,2.034269714E-1
5.495061292E0,1.192734695E1,3.130889282E0,2.803669739E-1
5.505075292E0,1.166314636E1,3.289559326E0,4.436773682E-1
5.515090292E0,1.158934982E1,3.299887848E0,7.300318909E-1
5.525104292E0,1.149414780E1,3.370690613E0,8.686436462E-1
5.535118292E0,1.139909546E1,3.385060730E0,9.559121704E-1
5.545133292E0,1.132574799E1,3.171005859E0,1.079405365E0
5.555147292E0,1.127545258E1,3.187471619E0,1.120869141E0
5.565161292E0,1.133338211E1,3.409609680E0,1.182391205E0
5.575176292E0,1.157423126E1,3.478915558E0,1.350341949E0
5.585190292E0,1.138053406E1,3.342249756E0,1.580263824E0
5.595204292E0,1.080303497E1,3.129991150E0,1.888921967E0
5.605218292E0,1.034304153E1,2.925815735E0,2.364333344E0
5.615233292E0,9.955647125E0,2.661166077E0,2.828218689E0
5.625247292E0,9.628876648E0,2.429747314E0,3.176394653E0
5.635261292E0,9.538314972E0,2.248623962E0,3.329226837E0
5.645276292E0,9.904154205E0,2.342927856E0,3.211421814E0
5.655290292E0,1.005593857E1,2.665357361E0,3.072360992E0
5.665304292E0,9.761949921E0,3.089575195E0,2.968776398E0
5.675319292E0,9.452094269E0,3.113824768E0,2.765050049E0
5.685333292E0,9.092242584E0,3.025957489E0,2.717449036E0
5.695347292E0,8.643924866E0,2.881058807E0,2.978506165E0
5.705361292E0,8.163124695E0,2.663561096E0,3.532504120E0
5.715376292E0,7.778274994E0,2.509830780E0,4.304448853E0
5.725390292E0,7.605234833E0,2.642904053E0,4.853956146E0
5.735404292E0,7.303462372E0,2.733166351E0,5.156926117E0
5.745419292E0,6.779252472E0,2.471660156E0,5.281018066E0
5.755433292E0,6.127657471E0,2.215243378E0,5.364843750E0
5.765447292E0,5.421725464E0,1.981878662E0,5.578748932E0
5.775462292E0,4.626429291E0,1.827549591E0,5.756429443E0
5.785476292E0,4.162394257E0,1.660946045E0,5.939049683E0
5.795490292E0,4.379891968E0,2.027234344E0,5.927373962E0
5.805504292E0,4.821922760E0,3.096909943E0,5.550008698E0
5.815519292E0,5.304668884E0,3.539689178E0,5.477709045E0
5.825533292E0,5.353317719E0,3.635190582E0,5.807024231E0
5.835547292E0,4.907395020E0,3.411256256E0,5.932762756E0
5.845562292E0,4.331542511E0,2.867137756E0,6.085744629E0
5.855576292E0,4.216880951E0,2.720293121E0,6.425088959E0
5.865590292E0,4.935985565E0,2.879711609E0,6.841373291E0
5.875605292E0,5.745352478E0,2.943479004E0,7.299570465E0
5.885619292E0,6.120322723E0,3.046315155E0,7.449109497E0
5.895633292E0,6.271957397E0,3.180436249E0,7.285200348E0
5.905647292E0,6.608457642E0,3.235970764E0,7.063062286E0
5.915662292E0,6.857240295E0,3.356619873E0,6.661297760E0
5.925676708E0,7.029532013E0,3.407963104E0,6.247258759E0
5.935690708E0,7.587870941E0,3.561244354E0,5.801336060E0
5.945705708E0,8.092770996E0,3.827390900E0,5.330115967E0
5.955719708E0,8.199948120E0,3.858825531E0,5.234913940E0
5.965733708E0,7.945926361E0,3.664828949E0,5.178780670E0
5.975748708E0,7.418423309E0,3.505410461E0,4.762047272E0
5.985762708E0,7.020850067E0,3.432362366E0,4.636757812E0
5.995776708E0,6.538253632E0,3.126847687E0,4.736300812E0
6.005790708E0,5.696104889E0,2.715652771E0,4.296665039E0
6.015805708E0,5.771398315E0,3.039130096E0,3.827241211E0
6.025819708E0,6.427184601E0,3.296594696E0,3.956572266E0
6.035833708E0,6.763235779E0,3.212769012E0,3.947441254E0
6.045848708E0,6.625222778E0,3.024610291E0,3.800746307E0
6.055862708E0,6.486311646E0,2.940335541E0,3.837120667E0
6.065876708E0,6.278693390E0,3.145558777E0,3.625161438E0
6.075891708E0,6.139183502E0,3.347039795E0,3.448528748E0
6.085905708E0,6.021528168E0,3.266806641E0,3.088227997E0
6.095919708E0,5.718558197E0,3.234922943E0,2.541265411E0
6.105934708E0,5.383554840E0,3.299438782E0,2.158810730E0
6.115948708E0,5.624853058E0,3.443439331E0,2.199376373E0
6.125962708E0,6.138584747E0,3.890559540E0,2.217189331E0
6.135976708E0,6.708449707E0,4.224365387E0,2.060165863E0
6.145991708E0,7.347021790E0,4.526886292E0,1.878593445E0
6.156005708E0,7.907456360E0,4.847818909E0,1.603465576E0
6.166019708E0,8.668174438E0,5.037773895E0,1.425785065E0
6.176034708E0,9.832752686E0,5.427263947E0,1.501677246E0
6.186048708E0,1.165715881E1,6.101761322E0,1.493144989E0
6.196062708E0,1.302815781E1,6.475234680E0,1.305734711E0
6.206077708E0,1.372555756E1,6.681954803E0,1.097517700E0
6.216091708E0,1.437879913E1,6.547085266E0,1.465602264E0
6.226105708E0,1.483520004E1,6.133944397E0,2.250270538E0
6.236120708E0,1.527259048E1,6.076763306E0,2.814746704E0
6.246134708E0,1.544847473E1,6.148613892E0,3.357518005E0
6.256148708E0,1.547646652E1,6.065985718E0,3.991000671E0
6.266162708E0,1.556328598E1,6.058201904E0,4.506678314E0
6.276177708E0,1.587433914E1,6.176006927E0,4.541705475E0
6.286191708E0,1.619826553E1,6.274053040E0,4.140390015E0
6.296205708E0,1.612821121E1,5.980513458E0,3.611539764E0
6.306220708E0,1.562929871E1,5.489534454E0,3.138224030E0
6.316234708E0,1.517214935E1,5.168152771E0,3.065924377E0
6.326248708E0,1.505284744E1,4.989424438E0,3.272794189E0
6.336263708E0,1.486214401E1,4.891078949E0,3.554508362E0
6.346277708E0,1.440379715E1,4.860841827E0,3.699107666E0
6.356291708E0,1.382016083E1,4.620741119E0,3.739224243E0
6.366306708E0,1.318548065E1,4.270319824E0,3.773203583E0
6.376320708E0,1.269929169E1,4.038601685E0,3.692521362E0
6.386334708E0,1.224842926E1,3.920497284E0,3.393293610E0
6.396348708E0,1.169038971E1,3.777394867E0,2.987936554E0
6.406363708E0,1.120824234E1,3.606300659E0,2.707719269E0
6.416377708E0,1.081635727E1,3.502716064E0,2.634521484E0
6.426391708E0,1.036295013E1,3.414399719E0,2.550995178E0
6.436406708E0,1.002330643E1,3.456761627E0,2.453098755E0
6.446420708E0,9.610614624E0,3.325185242E0,2.440225525E0
6.456434708E0,8.972790985E0,3.123404846E0,2.339185638E0
6.466449708E0,8.197553101E0,2.924169159E0,2.153272247E0
6.476463708E0,7.380102997E0,2.750979309E0,1.814826050E0
6.486477708E0,6.629563751E0,2.681374054E0,1.471589813E0
6.496492708E0,6.025869141E0,2.638413391E0,1.198707275E0
6.506506708E0,5.675896912E0,2.784659271E0,9.969268799E-1
6.516520708E0,5.572462006E0,2.988385620E0,8.964857483E-1
6.526534708E0,5.440885620E0,2.957849121E0,7.999365234E-1
6.536549708E0,5.105133820E0,2.914589081E0,7.330256653E-1
6.546563708E0,4.564757538E0,2.749033356E0,4.168830872E-1
6.556577708E0,3.781286774E0,2.522704010E0,1.359173584E-1
6.566592708E0,2.909948730E0,2.448757782E0,-3.278182983E-2
6.576606708E0,2.293530579E0,2.392175446E0,-1.290316772E-1
6.586620708E0,1.904639282E0,2.433938599E0,-1.924996948E-1
6.596635708E0,1.417701874E0,2.671644287E0,-8.786727905E-2
6.606649708E0,1.270258484E0,2.741698608E0,3.064128113E-1
6.616663708E0,1.172212372E0,2.935695190E0,6.782395935E-1
6.626678708E0,7.643106079E-1,3.234922943E0,6.509962463E-1
6.636692708E0,5.117857361E-1,3.241359558E0,2.558180237E-1
6.646706708E0,2.604583740E-1,3.313808899E0,-3.556604004E-1
6.656720708E0,1.886077881E-2,3.493435364E0,-5.989045715E-1
6.666735708E0,3.308120728E-2,3.697012024E0,-4.445755005E-1
6.676749708E0,2.260299683E-2,3.819158020E0,-2.089654541E-1
6.686763708E0,-1.435514832E-1,3.708088989E0,4.370910645E-2
6.696778708E0,-1.654060364E-1,3.481310577E0,4.852908325E-1
6.706792708E0,8.382568359E-2,3.728746033E0,3.556604004E-1
6.716806708E0,4.058061218E-1,4.111799469E0,-6.286926270E-2
6.726821708E0,9.618997192E-1,4.221521301E0,-9.804611206E-2
6.736835708E0,1.483115845E0,4.273912354E0,-1.230441284E-1
6.746849708E0,1.869761810E0,4.254602509E0,-4.218228149E-1
6.756864708E0,2.039059753E0,4.275259552E0,-5.369334412E-1
6.766878708E0,2.398162994E0,4.291725311E0,-4.682263184E-1
6.776892708E0,3.026855621E0,4.217928772E0,-1.679507446E-1
6.786907708E0,3.809877319E0,4.061054993E0,1.591191101E-1
6.796921708E0,4.560266876E0,3.785777435E0,2.594105530E-1
6.806935708E0,4.898114319E0,3.664828949E0,3.757186890E-1
6.816949708E0,4.918022919E0,3.592828674E0,4.204756165E-1
6.826964708E0,4.749772797E0,3.691922607E0,6.066883850E-1
6.836978708E0,4.376149750E0,4.008663940E0,1.171763306E0
6.846992708E0,4.852459259E0,4.509223022E0,1.885179749E0
6.857007708E0,6.266867981E0,5.188360748E0,2.273322601E0
6.867021708E0,7.917335815E0,5.782624969E0,2.286345520E0
6.877035708E0,1.010353958E1,6.661896515E0,2.376757507E0
6.887050708E0,1.218017120E1,7.501051483E0,2.718945923E0
6.897064708E0,1.402643188E1,8.127498779E0,3.016826477E0
6.907078708E0,1.560594727E1,8.560248871E0,2.968926086E0
6.917093708E0,1.681333649E1,8.698411560E0,2.870281219E0
6.927108292E0,1.771356445E1,8.674012299E0,2.943928070E0
6.937122292E0,1.852577545E1,8.497229919E0,3.361709290E0
6.947137292E0,1.899370239E1,8.075407104E0,3.936364288E0
6.957151292E0,1.874237503E1,7.586673431E0,4.073479156E0
6.967165292E0,1.842234055E1,7.668403473E0,3.923041992E0
6.977179292E0,1.822085953E1,7.705376587E0,3.996239777E0
6.987194292E0,1.786340286E1,7.465275879E0,4.206253052E0
6.997208292E0,1.697739532E1,7.182813263E0,4.184398499E0
7.007222292E0,1.591879669E1,6.712790680E0,4.276606750E0
7.017237292E0,1.525911850E1,6.261628876E0,4.531077576E0
7.027251292E0,1.511317200E1,5.874533844E0,4.947361908E0
7.037265292E0,1.506587036E1,5.536686401E0,5.142106934E0
7.047280292E0,1.468521194E1,4.964725800E0,5.127587128E0
7.057294292E0,1.409319305E1,3.969295807E0,5.028044128E0
7.067308292E0,1.350671265E1,3.324586487E0,5.072501678E0
7.077323292E0,1.286065613E1,3.610192566E0,5.871540070E0
7.087337292E0,1.189366699E1,4.082610168E0,6.884333954E0
7.097351292E0,1.083342178E1,4.205803986E0,7.027885437E0
7.107366292E0,9.652377777E0,4.258195038E0,6.293961639E0
7.117380292E0,8.346493378E0,4.219575348E0,5.340594177E0
7.127394292E0,7.633975067E0,4.503834229E0,4.481680298E0
7.137408292E0,8.224048004E0,5.957012329E0,3.100203094E0
7.147423292E0,9.157806244E0,7.232958984E0,1.596130829E0
7.157437292E0,9.376501465E0,7.846083984E0,6.712042236E-1
7.167451292E0,8.386609955E0,7.540718994E0,5.703140259E-2
7.177466292E0,6.807393951E0,6.792425079E0,-5.439688110E-1
7.187480292E0,5.276228027E0,6.612349548E0,-1.261726227E0
7.197494292E0,4.445305939E0,7.367978210E0,-2.062560883E0
7.207509292E0,4.434977417E0,8.063282318E0,-2.764451294E0
7.217523292E0,3.979025574E0,8.064928894E0,-3.362008667E0
7.227537292E0,2.412832489E0,7.442074127E0,-4.086202698E0
7.237552292E0,9.560618591E-1,7.226672058E0,-5.917195129E0
7.247566292E0,5.667214966E-1,6.826404419E0,-7.604037323E0
7.257580292E0,5.101391602E-1,6.244714050E0,-8.167315979E0
7.267595292E0,1.237476654E0,6.336922302E0,-8.131091309E0
7.277609292E0,3.632346497E0,7.717501373E0,-8.511749725E0
7.287623292E0,4.822970581E0,8.486152954E0,-1.034169434E1
7.297638292E0,4.125421143E0,8.155939636E0,-1.224513611E1
7.307652292E0,2.839744720E0,7.387437744E0,-1.259645554E1
7.317666292E0,9.440867615E-1,6.766079865E0,-1.247146545E1
7.327680292E0,-4.987628174E-1,5.833070068E0,-1.166524200E1
7.337695292E0,-1.639989624E0,5.009782104E0,-1.055769516E1
7.347709292E0,-2.332449646E0,4.471501465E0,-8.771609344E0
7.357723292E0,-2.809208221E0,3.698808289E0,-6.040388947E0
7.367738292E0,-3.878434753E0,3.271297302E0,-2.110610962E0
7.377752292E0,-3.345243530E0,2.849624176E0,-1.824705505E0
7.387766292E0,-4.497996368E0,2.041005707E0,-4.056564331E-2
7.397781292E0,-5.510790253E0,1.329834595E0,1.265318756E0
7.407795292E0,-5.949827271E0,7.915539551E-1,2.361638947E0
7.417809292E0,-5.785918121E0,7.426057434E-1,3.356619873E0
7.427824292E0,-5.209616547E0,5.089416504E-1,3.752845917E0
7.437838292E0,-4.520299988E0,2.110610962E-1,3.577111359E0
7.447852292E0,-3.780238953E0,-1.254391479E-1,2.410437469E0
7.457867292E0,-2.882705383E0,-1.504371643E-1,5.266049194E-1
7.467881292E0,-1.395847321E0,2.023791504E-1,-1.050964508E0
7.477895292E0,6.212081909E-2,5.131329346E-1,-2.734962616E0
7.487910292E0,1.007854156E0,6.087840271E-1,-4.938380585E0
7.497924292E0,2.808908844E0,8.521778870E-1,-7.236252136E0
7.507938292E0,4.061653748E0,1.161734161E0,-1.000130219E1
7.517952292E0,3.689826965E0,6.953041077E-1,-1.304731796E1
7.527967292E0,2.933000793E0,-1.508862305E-1,-1.520552994E1
7.537981292E0,2.398462372E0,-6.030958557E-1,-1.588062607E1
7.547995292E0,2.149679718E0,-8.901988220E-1,-1.569141953E1
7.558010292E0,2.227218475E0,-1.182540894E0,-1.550011734E1
7.568024292E0,2.920127563E0,-1.346749420E0,-1.572165665E1
7.578038292E0,4.002077637E0,-1.509461060E0,-1.639720184E1
7.588053292E0,5.124743042E0,-1.714534607E0,-1.758064087E1
7.598067292E0,6.162534943E0,-1.441951447E0,-1.883278702E1
7.608081292E0,7.042704620E0,-1.385069733E0,-1.957419525E1
7.618096292E0,7.371870117E0,-1.295705566E0,-2.014271301E1
7.628110292E0,7.204817505E0,-1.250499573E0,-2.033191956E1
7.638124292E0,6.928941193E0,-1.582658844E0,-2.044972458E1
7.648139292E0,6.444249115E0,-2.019600220E0,-2.020453445E1
7.658153292E0,6.024521942E0,-2.294728088E0,-2.005125320E1
7.668167292E0,5.562283173E0,-2.329605560E0,-1.990111542E1
7.678182292E0,5.360802155E0,-2.229463806E0,-1.912917068E1
7.688196292E0,5.395080872E0,-2.009571075E0,-1.790262131E1
7.698210292E0,5.508544922E0,-1.677411804E0,-1.682126999E1
7.708224292E0,5.403313751E0,-1.442550201E0,-1.602507568E1
7.718239292E0,5.105882263E0,-1.244062958E0,-1.537093597E1
7.728253292E0,4.607867889E0,-1.245859222E0,-1.452923630E1
7.738267292E0,3.950734406E0,-1.410965881E0,-1.339055420E1
7.748282292E0,3.653901672E0,-1.521286469E0,-1.175340866E1
7.758296292E0,3.416645050E0,-1.283431091E0,-1.035681290E1
7.768310292E0,3.128045197E0,-1.223256226E0,-9.605674896E0
7.778325292E0,2.464475098E0,-1.344953156E0,-8.890312500E0
7.788339292E0,1.863025818E0,-1.413211212E0,-8.357720032E0
7.798353292E0,1.134490814E0,-1.423539734E0,-7.541766815E0
7.808368292E0,4.837939453E-1,-1.166673889E0,-6.442752228E0
7.818382292E0,2.490820312E-1,-9.250762939E-1,-5.420677643E0
7.828396292E0,-1.529818726E-1,-4.137396240E-1,-4.257895660E0
7.838411292E0,-8.897497559E-1,1.685494995E-1,-3.128045197E0
7.848425292E0,-1.572480011E0,3.251239014E-1,-2.640808411E0
7.858439292E0,-1.916764069E0,4.752616882E-1,-2.422113190E0
7.868454292E0,-2.318378906E0,6.475534058E-1,-2.182611237E0
7.878468292E0,-2.400108948E0,1.186881866E0,-2.350561981E0
7.888482292E0,-2.590662689E0,1.863624573E0,-2.576741638E0
7.898496292E0,-3.031645660E0,2.335293732E0,-2.037562866E0
7.908511292E0,-3.289259949E0,2.638563080E0,-5.553451538E-1
7.918525292E0,-3.802841949E0,2.730921021E0,4.881349182E-1
7.928540042E0,-4.254003754E0,3.020269318E0,6.245013428E-1
7.938555042E0,-4.227209473E0,3.309916992E0,5.457650757E-1
7.948569042E0,-3.944597168E0,3.481460266E0,6.024971008E-1
7.958583042E0,-3.806434479E0,3.463647308E0,6.451583862E-1
7.968598042E0,-3.653153229E0,3.442840576E0,4.465214539E-1
7.978612042E0,-3.405568085E0,3.774999847E0,-3.076103210E-1
7.988626042E0,-3.475772095E0,3.732488251E0,-6.659651184E-1
7.998641042E0,-3.694617004E0,3.509751434E0,-3.573069763E-1
8.008655042E0,-4.359683990E0,2.844385071E0,8.307723999E-2
8.018669042E0,-4.919819183E0,2.272424469E0,8.649014282E-1
8.028684042E0,-4.915029144E0,2.094594269E0,1.167871399E0
8.038698042E0,-4.459226990E0,2.187251587E0,1.224453735E0
8.048712042E0,-3.937112732E0,2.500400391E0,8.443940735E-1
8.058727042E0,-3.483855286E0,2.670746155E0,-7.279362488E-1
8.068741042E0,-3.362757111E0,2.029180298E0,-2.112556915E0
8.078755042E0,-3.041824493E0,1.071172485E0,-4.831652527E0
8.088770042E0,-2.502046967E0,7.873626709E-2,-8.161178741E0
8.098784042E0,-1.190624084E0,-3.508703613E-1,-1.091111023E1
8.108798042E0,1.864073639E0,9.018745422E-1,-1.414513504E1
8.118812042E0,5.060376892E0,2.915636902E0,-1.734952148E1
8.128827042E0,7.111411743E0,4.052971802E0,-1.987686584E1
8.138841042E0,7.856861572E0,4.067641296E0,-2.104952728E1
8.148855042E0,7.619006195E0,3.376977539E0,-2.055525513E1
8.158870042E0,7.197333069E0,2.573598175E0,-1.832414474E1
8.168884042E0,6.465654602E0,1.402283936E0,-1.603824829E1
8.178898042E0,5.216801605E0,1.359173584E-1,-1.502695129E1
8.188913042E0,4.412075043E0,-6.397695923E-1,-1.441771820E1
8.198927042E0,4.439468079E0,-7.707472229E-1,-1.373768234E1
8.208941042E0,4.811743927E0,-4.996609497E-1,-1.362586487E1
8.218956042E0,5.093607788E0,-1.437011719E-2,-1.368753662E1
8.228970042E0,4.906945953E0,5.022056580E-1,-1.345177689E1
8.238984042E0,4.332740021E0,8.199948120E-1,-1.292981232E1
8.248999042E0,3.573069763E0,8.514294434E-1,-1.262324982E1
8.259013042E0,2.675536194E0,6.203100586E-1,-1.295585815E1
8.269027042E0,1.774709473E0,4.722679138E-1,-1.325598404E1
8.279042042E0,1.253044281E0,4.834945679E-1,-1.314955536E1
8.289056042E0,7.225474548E-1,4.602928162E-1,-1.232821335E1
8.299070042E0,-1.469943237E-1,3.936813354E-1,-1.148471741E1
8.309085042E0,-5.766009521E-1,5.631289673E-1,-1.067774551E1
8.319099042E0,-6.129753113E-1,8.400531006E-1,-1.011835876E1
8.329113042E0,-5.897735596E-1,1.140328674E0,-9.881401520E0
8.339127042E0,-8.878038025E-1,1.209634552E0,-9.300609283E0
8.349142042E0,-1.720073090E0,1.200802917E0,-8.642427979E0
8.359156042E0,-3.144660645E0,1.015039215E0,-8.140671387E0
8.369170042E0,-4.455933838E0,7.966433716E-1,-7.932903442E0
8.379185042E0,-5.433700562E0,5.950126648E-1,-8.666078796E0
8.389199042E0,-6.866371307E0,2.490820312E-1,-1.009410919E1
8.399213042E0,-7.821834412E0,-1.695973206E-1,-1.087264023E1
8.409228042E0,-7.810458069E0,-3.468287659E-1,-1.114163086E1
8.419242042E0,-7.518415375E0,-4.070036316E-1,-1.189995392E1
8.429256042E0,-6.648574219E0,-2.835104370E-1,-1.220127731E1
8.439271042E0,-5.374872894E0,9.729766846E-2,-1.188259003E1
8.449285042E0,-4.041894836E0,2.559677124E-1,-1.117156860E1
8.459299042E0,-2.922821960E0,9.729766846E-2,-1.009470795E1
8.469314042E0,-2.058519287E0,-1.199006653E-1,-9.831106110E0
8.479328042E0,-1.469943237E0,-4.504133606E-1,-9.967173157E0
8.489342042E0,-4.852908325E-1,-4.813989258E-1,-9.584419098E0
8.499357042E0,9.758207703E-1,-2.594105530E-1,-9.435329132E0
8.509371042E0,2.443368988E0,-1.472937012E-1,-9.098080444E0
8.519385042E0,4.180207214E0,-2.170486450E-2,-8.441845093E0
8.529400042E0,5.970484314E0,1.658551025E-1,-7.862549744E0
8.539414042E0,7.399861908E0,3.899391174E-1,-7.370073853E0
8.549428042E0,8.659193115E0,8.604107666E-1,-6.608906708E0
8.559442042E0,8.948691101E0,1.307680664E0,-7.399263153E0
8.569457042E0,8.677904205E0,1.463356934E0,-8.593030701E0
8.579471042E0,8.539292450E0,1.344504089E0,-8.371940460E0
8.589485042E0,8.402626648E0,1.163979492E0,-8.562643890E0
8.599500042E0,8.283474426E0,1.057850189E0,-8.731043701E0
8.609514042E0,8.217461700E0,8.698411560E-1,-8.540190582E0
8.619528042E0,8.113577728E0,8.108638000E-1,-8.354875946E0
8.629543042E0,7.463030548E0,5.894741821E-1,-8.364456024E0
8.639557042E0,7.039561157E0,2.106120300E-1,-8.269403687E0
8.649571042E0,6.997199249E0,-1.586700439E-2,-7.737409973E0
8.659586042E0,7.091952209E0,-3.861968994E-2,-7.635771332E0
8.669600042E0,7.711064758E0,2.909948730E-1,-7.232659607E0
8.679614042E0,8.285270691E0,8.678952026E-1,-6.487509155E0
8.689629042E0,8.680748291E0,1.808988190E0,-6.824159088E0
8.699643042E0,8.965755615E0,2.679428101E0,-7.144942017E0
8.709657042E0,8.975485382E0,3.055296478E0,-7.489675140E0
8.719672042E0,8.154742126E0,2.664608917E0,-8.213120728E0
8.729686042E0,7.250322876E0,1.745520172E0,-8.701704712E0
8.739700042E0,6.819219360E0,8.756790161E-1,-8.945996704E0
8.749714042E0,6.767277374E0,3.188369751E-1,-9.224417725E0
8.759729042E0,7.203619995E0,1.263372803E-1,-9.410929871E0
8.769743042E0,7.885302429E0,4.519102478E-1,-9.295968933E0
8.779757042E0,7.640411682E0,3.341052246E-1,-8.239915009E0
8.789772042E0,6.509962463E0,-4.909790039E-1,-6.822811890E0
8.799786042E0,4.924609222E0,-1.117575989E0,-6.385571136E0
8.809800042E0,3.453468475E0,-8.620573425E-1,-6.252497864E0
8.819815042E0,5.490582275E-1,-1.243164825E0,-9.167386322E0
8.829829042E0,-2.555186462E0,-1.382375336E0,-1.350820953E1
8.839843042E0,-4.599784698E0,-8.234376526E-1,-1.676229263E1
8.849858042E0,-6.095474396E0,-4.294569397E-1,-1.869088211E1
8.859872042E0,-6.268813934E0,4.885839844E-1,-1.841949646E1
8.869886042E0,-5.934109955E0,1.291813660E0,-1.666289932E1
8.879901042E0,-5.614524536E0,1.721869354E0,-1.476200226E1
8.889915042E0,-5.132227478E0,1.985022125E0,-1.259346176E1
8.899929042E0,-4.675078125E0,2.000889130E0,-1.047162415E1
8.909944042E0,-4.038152618E0,1.639989624E0,-9.110953674E0
8.919958042E0,-3.299738159E0,1.031355286E0,-8.277636566E0
8.929971958E0,-2.727927246E0,6.116281128E-1,-7.611372070E0
8.939986958E0,-1.978286133E0,6.316864014E-1,-8.103997650E0
8.950000958E0,-1.152453461E0,9.324110413E-1,-8.704548798E0
8.960014958E0,-7.343728638E-1,1.018332367E0,-9.157806244E0
8.970029958E0,-5.072950745E-1,1.050814819E0,-1.008767258E1
8.980043958E0,-3.814068604E-1,1.100661163E0,-1.071127579E1
8.990057958E0,-4.315525818E-1,9.651928711E-1,-1.057326279E1
9.000071958E0,-7.177574158E-1,7.454498291E-1,-1.036774017E1
9.010086958E0,-8.412506104E-1,8.376580811E-1,-1.006027954E1
9.020100958E0,-8.891510010E-1,1.173260193E0,-9.524543610E0
9.030114958E0,-8.785231018E-1,1.510658569E0,-9.334289246E0
9.040129958E0,-7.294331360E-1,1.872456207E0,-9.569599915E0
9.050143958E0,-5.207670593E-1,2.259251862E0,-1.014036301E1
9.060157958E0,-3.761677551E-1,2.635569305E0,-1.082653610E1
9.070172958E0,-2.061213684E-1,3.124302979E0,-1.183573746E1
9.080186958E0,-3.841012573E-1,3.390150146E0,-1.294328430E1
9.090200958E0,-7.939489746E-1,3.009042664E0,-1.261546600E1
9.100215958E0,-1.013093262E0,2.154619446E0,-1.021041733E1
9.110229958E0,-7.911048889E-1,1.490151215E0,-5.856421509E0
9.120243958E0,-1.094374237E0,1.568737793E0,-1.209933929E0
9.130258958E0,-2.032473450E0,1.066232758E0,2.039508820E0
9.140272958E0,-3.333867188E0,-1.733395386E-1,5.060825958E0
9.150286958E0,-4.877906342E0,-1.843865662E0,7.826624451E0
9.160301958E0,-6.374344482E0,-3.592678986E0,7.724536743E0
9.170315958E0,-6.313421173E0,-4.388873291E0,6.072422333E0
9.180329958E0,-5.451064453E0,-5.195396118E0,4.433031464E0
9.190344958E0,-4.212689667E0,-5.484594727E0,4.192781067E-1
9.200358958E0,-3.092868347E0,-5.333708496E0,-4.936135254E0
9.210372958E0,-2.178419952E0,-5.097649384E0,-1.032612671E1
9.220386958E0,-1.558109894E0,-4.725523224E0,-1.335807175E1
9.230401958E0,-9.473799133E-1,-4.373155975E0,-1.448792221E1
9.240415958E0,8.358618164E-1,-3.185825043E0,-1.634930145E1
9.250429958E0,3.459156647E0,-1.329235840E0,-1.856529327E1
9.260444958E0,4.876409454E0,-8.294252014E-1,-2.014989807E1
9.270458958E0,5.257966003E0,-1.172212372E0,-2.068967560E1
9.280472958E0,5.152285767E0,-1.590891724E0,-1.974469070E1
9.290487958E0,3.496578827E0,-2.585722961E0,-1.829974548E1
9.300501958E0,1.503772888E0,-3.990401917E0,-1.781864594E1
9.310515958E0,3.059637451E-1,-4.966522064E0,-1.642684021E1
9.320530958E0,-8.449928284E-1,-6.138584747E0,-1.532932251E1
9.330544958E0,-1.034349060E0,-6.447991333E0,-1.394485153E1
9.340558958E0,-4.840933228E-1,-6.077511749E0,-1.239377701E1
9.350573958E0,-2.636018372E-1,-5.748795319E0,-1.177646072E1
9.360587958E0,-5.034031677E-1,-5.617967377E0,-1.139370667E1
9.370601958E0,-7.705975342E-1,-5.480253754E0,-1.130164810E1
9.380616958E0,-7.107220459E-1,-5.097499695E0,-1.136421799E1
9.390630958E0,-6.514453125E-1,-4.824617157E0,-1.122635468E1
9.400644958E0,-7.315287781E-1,-4.555177460E0,-1.157273438E1
9.410658958E0,-5.420228577E-1,-4.379293213E0,-1.137649246E1
9.420673958E0,-2.302212524E-1,-4.230652313E0,-1.081680634E1
9.430687958E0,-2.210902405E-1,-4.077520752E0,-1.131497040E1
9.440701958E0,1.481918335E-2,-3.843557281E0,-1.163081360E1
9.450716958E0,7.891589355E-1,-3.406915283E0,-1.159384048E1
9.460730958E0,1.412612457E0,-2.959944763E0,-1.192914322E1
9.470744958E0,1.242266693E0,-2.843936005E0,-1.280197815E1
9.480759958E0,6.912625122E-1,-3.039279785E0,-1.364966537E1
9.490773958E0,2.071691895E-1,-3.368145905E0,-1.370624771E1
9.500787958E0,4.296066284E-2,-3.587739258E0,-1.401325928E1
9.510802958E0,1.941462708E-1,-3.724704437E0,-1.382719620E1
9.520816958E0,5.284011841E-1,-3.531306610E0,-1.376507538E1
9.530830958E0,6.756948853E-1,-3.073857880E0,-1.514415756E1
9.540845958E0,5.610333252E-1,-2.706072693E0,-1.699086731E1
9.550859958E0,1.398092651E-1,-2.833158417E0,-1.830348770E1
9.560873958E0,-7.367678833E-1,-2.991229706E0,-1.785382278E1
9.570888958E0,-9.327104187E-1,-2.956501923E0,-1.480765732E1
9.580902958E0,-1.170865173E0,-3.449875946E0,-1.086186264E1
9.590916958E0,-1.978136444E0,-3.752696228E0,-7.711214447E0
9.600931958E0,-2.700683899E0,-3.714076538E0,-5.793701935E0
9.610945958E0,-2.518213348E0,-3.050207062E0,-3.804937592E0
9.620959958E0,-1.538650360E0,-1.846859436E0,-1.436412964E0
9.630973958E0,-8.098159790E-1,-9.445358276E-1,-4.641847229E-1
9.640988958E0,-4.845423889E-1,-1.633103943E-1,-4.547543335E-1
9.651002958E0,-8.562194824E-1,1.052311707E-1,-8.666976929E-1
9.661016958E0,-1.135688324E0,4.079017639E-1,-2.176623688E0
9.671031958E0,-1.057700500E0,7.985893250E-1,-3.346890106E0
9.681045958E0,-8.198451233E-1,1.079255676E0,-3.904480591E0
9.691059958E0,-6.999444580E-1,1.168769531E0,-4.884492645E0
9.701074958E0,-9.087602234E-1,1.010249176E0,-5.983656921E0
9.711088958E0,-1.109792175E0,1.230291595E0,-7.302564240E0
9.721102958E0,-1.298250275E0,1.669178925E0,-9.105415192E0
9.731117958E0,-1.448687439E0,1.887574768E0,-1.038989410E1
9.741131958E0,-1.440304871E0,1.783241730E0,-1.103101089E1
9.751145958E0,-9.237290955E-1,1.727856903E0,-1.101723953E1
9.761160958E0,-2.085163879E-1,1.786385193E0,-1.052940399E1
9.771174958E0,2.002835083E-1,1.608554993E0,-9.616153107E0
9.781188958E0,3.272195435E-1,1.410516815E0,-8.658145294E0
9.791203958E0,3.456312561E-1,1.201401672E0,-7.928861847E0
9.801217958E0,3.064128113E-1,9.494755554E-1,-7.530989227E0
9.811231958E0,2.948867798E-1,6.598278809E-1,-7.426955566E0
9.821245958E0,3.945794678E-1,4.718188477E-1,-7.490573273E0
9.831260958E0,7.958949280E-1,4.656816101E-1,-7.563172302E0
9.841274958E0,1.565893707E0,4.975653076E-1,-7.478448486E0
9.851288958E0,2.463876343E0,6.848258972E-1,-8.226742401E0
9.861303958E0,3.052302704E0,7.238946533E-1,-8.953331451E0
9.871317958E0,3.704646149E0,8.202941895E-1,-9.567653961E0
9.881331958E0,5.341791687E0,1.503772888E0,-9.800120544E0
9.891346958E0,7.526797943E0,2.011966095E0,-9.044042816E0
9.901360958E0,9.048683167E0,1.698068848E0,-7.121590576E0
9.911374958E0,1.036489609E1,1.225052490E0,-3.545676727E0
9.921389958E0,1.130988098E1,1.381926270E0,1.393152924E0
9.931402583E0,1.072459808E1,7.882608032E-1,5.016967163E0
9.941416583E0,8.653954010E0,-1.038839722E0,6.211782532E0
9.951431583E0,6.867269440E0,-3.223845978E0,4.909490662E0
9.961445583E0,5.256319427E0,-5.834267578E0,2.213596802E0
9.971459583E0,4.335883484E0,-7.814799042E0,-2.242187347E0
9.981474583E0,4.319866791E0,-8.228838043E0,-7.996221771E0
9.991488583E0,1.919608154E0,-8.120613098E0,-1.681019302E1
1.000150258E1,-6.828799438E-1,-6.997348938E0,-2.402997940E1
1.001151658E1,-2.407443695E0,-5.500611420E0,-2.621827881E1
1.002153158E1,-2.663112030E0,-4.251758423E0,-2.534589294E1
1.003154558E1,-1.627266083E0,-3.130440216E0,-2.318738159E1
1.004155958E1,-7.220983887E-1,-2.518063660E0,-2.026710434E1
1.005157458E1,-7.185058594E-3,-2.567610626E0,-1.716420685E1
1.006158858E1,4.555027771E-1,-2.866838379E0,-1.512948807E1
1.007160258E1,5.857319641E-1,-3.271596680E0,-1.384845200E1
1.008161758E1,9.517208862E-1,-3.377875671E0,-1.345327377E1
1.009163158E1,1.847907257E0,-3.152444458E0,-1.275722122E1
1.010164558E1,2.384241943E0,-2.902763672E0,-1.272743317E1
1.011166058E1,1.964963837E0,-3.083288269E0,-1.368095032E1
1.012167458E1,1.070124664E0,-3.688629456E0,-1.376941635E1
1.013168858E1,8.719367981E-1,-3.952830048E0,-1.287113434E1
1.014170358E1,1.613644409E0,-3.723806305E0,-1.141361526E1
1.015171758E1,2.248773651E0,-3.631448364E0,-1.051997360E1
1.016173158E1,2.516716461E0,-3.470083923E0,-9.760902100E0
1.017174558E1,2.504591675E0,-3.496429138E0,-9.262887726E0
1.018176058E1,2.220781860E0,-3.496429138E0,-9.426048431E0
1.019177458E1,2.219434662E0,-3.362757111E0,-9.714049530E0
1.020178858E1,2.332749023E0,-3.152294769E0,-1.015742752E1
1.021180358E1,2.016756134E0,-3.161874847E0,-1.060604462E1
1.022181758E1,1.760788422E0,-3.079845428E0,-1.105541016E1
1.023183158E1,2.115401001E0,-2.803520050E0,-1.040456360E1
1.024184658E1,2.581531677E0,-2.660118256E0,-9.999805298E0
1.025186058E1,2.910098419E0,-2.547252960E0,-1.037672150E1
1.026187458E1,3.208428040E0,-2.353705444E0,-1.087278992E1
1.027188958E1,3.189716949E0,-2.247725830E0,-1.168440216E1
1.028190358E1,2.247127075E0,-2.324965210E0,-1.405023239E1
1.029191758E1,1.001567230E0,-2.612517242E0,-1.603270981E1
1.030193258E1,3.113525391E-2,-2.891387329E0,-1.712888031E1
1.031194658E1,-4.595443726E-2,-2.852468262E0,-1.763901947E1
1.032196058E1,1.026864624E0,-2.658022614E0,-1.612207397E1
1.033197458E1,2.134860535E0,-2.457888794E0,-1.449435883E1
1.034198958E1,3.090623016E0,-2.183209991E0,-1.301872742E1
1.035200358E1,3.831432495E0,-1.892364807E0,-1.239048386E1
1.036201758E1,4.024830322E0,-1.620530090E0,-1.299208282E1
1.037203258E1,3.707939301E0,-1.724114685E0,-1.279419434E1
1.038204658E1,3.337609406E0,-1.894909515E0,-1.145178589E1
1.039206058E1,2.875969391E0,-1.937121735E0,-1.076411591E1
1.040207558E1,2.905308380E0,-1.931433563E0,-8.860374756E0
1.041208958E1,3.012186127E0,-1.877246246E0,-6.924899597E0
1.042210358E1,3.770209808E0,-1.447340240E0,-4.989424438E0
1.043211858E1,4.651427307E0,-1.082997894E0,-2.130818939E0
1.044213258E1,4.991969147E0,-1.156944122E0,-7.735913086E-1
1.045214658E1,4.966821442E0,-1.155896301E0,-2.944377136E-1
1.046216158E1,4.497098236E0,-9.556127930E-1,-1.039139099E0
1.047217558E1,3.751498718E0,-5.779481506E-1,-2.425106964E0
1.048218958E1,3.025807800E0,-8.996292114E-2,-3.964206390E0
1.049220358E1,2.920876007E0,6.533912659E-1,-5.313799896E0
1.050221858E1,3.716022491E0,1.508113861E0,-5.295238495E0
1.051223258E1,4.859794006E0,2.106120300E0,-4.838538208E0
1.052224658E1,5.203329620E0,2.171085205E0,-4.368964691E0
1.053226158E1,4.612059174E0,1.884880371E0,-4.230802002E0
1.054227558E1,3.812571716E0,1.636846161E0,-5.216651917E0
1.055228958E1,3.254981232E0,1.547931061E0,-6.673422546E0
1.056230458E1,3.005300446E0,1.477128296E0,-7.303761749E0
1.057231858E1,2.835553436E0,1.055904236E0,-7.814349976E0
1.058233258E1,2.816243591E0,8.427474976E-1,-8.554860077E0
1.059234758E1,3.178789673E0,1.054257660E0,-8.587641907E0
1.060236158E1,3.648961945E0,1.617835693E0,-8.477021942E0
1.061237558E1,3.774550781E0,1.880539398E0,-8.787176971E0
1.062239058E1,3.953877869E0,1.939067688E0,-9.019942932E0
1.063240458E1,4.191284180E0,2.018552399E0,-9.125473480E0
1.064241858E1,4.165537720E0,1.745669861E0,-9.133856049E0
1.065243258E1,3.937711487E0,1.393751678E0,-9.605974274E0
1.066244758E1,3.480113068E0,1.021475830E0,-1.042641815E1
1.067246158E1,3.272345123E0,9.144483948E-1,-1.094943054E1
1.068247558E1,3.669918365E0,1.034049683E0,-1.075139236E1
1.069249058E1,4.143533478E0,1.337169342E0,-1.065125061E1
1.070250458E1,4.750221863E0,1.499880981E0,-9.689650269E0
1.071251858E1,5.248984680E0,1.426234131E0,-8.537645874E0
1.072253358E1,5.296735382E0,1.435365143E0,-8.088579712E0
1.073254758E1,5.314698029E0,1.402733002E0,-8.004304962E0
1.074256158E1,5.297034760E0,1.292562103E0,-8.082143097E0
1.075257658E1,5.345234528E0,1.070573730E0,-7.824977875E0
1.076259058E1,5.766757965E0,8.972341919E-1,-6.901248779E0
1.077260458E1,6.587800598E0,7.924520874E-1,-5.894592133E0
1.078261958E1,7.934999084E0,9.587562561E-1,-5.394781494E0
1.079263358E1,9.729018402E0,1.778451691E0,-4.539460144E0
1.080264758E1,1.180175812E1,2.868335266E0,-3.732637939E0
1.081266158E1,1.319326447E1,3.067570953E0,-3.362457733E0
1.082267658E1,1.232596802E1,1.619182892E0,-3.929478607E0
1.083269058E1,1.162572418E1,5.435197449E-1,-5.136867828E0
1.084270458E1,1.119207596E1,-1.830693054E-1,-6.029311981E0
1.085271958E1,1.007345215E1,-1.258882141E0,-6.077362061E0
1.086273358E1,9.298962708E0,-1.750908966E0,-5.551954651E0
1.087274758E1,8.715176697E0,-2.110610962E0,-4.638703766E0
1.088276258E1,7.662266235E0,-3.048261108E0,-4.603077850E0
1.089277658E1,5.903423767E0,-3.890260162E0,-8.590485992E0
1.090279058E1,5.282215576E0,-2.863994293E0,-1.338127350E1
1.091280558E1,3.763024750E0,-2.240241394E0,-1.710612762E1
1.092281958E1,1.521286469E0,-1.696571960E0,-2.076541809E1
1.093283458E1,5.691165161E-1,-5.078938293E-1,-2.165816162E1
1.094284858E1,9.801617432E-1,2.347119141E-1,-1.893697037E1
1.095286358E1,1.958078156E0,8.123606873E-1,-1.498908005E1
1.096287758E1,2.810405731E0,1.097817078E0,-1.211565536E1
1.097289158E1,2.515069885E0,7.038363647E-1,-1.030936157E1
1.098290658E1,1.607507172E0,-4.490661621E-4,-9.236392822E0
1.099292058E1,9.542655945E-1,-4.486170959E-1,-9.487121429E0
1.100293458E1,1.224902802E0,-4.296066284E-1,-1.049243088E1
1.101294958E1,1.905537415E0,-6.361770630E-2,-1.118429214E1
1.102296358E1,2.355501709E0,8.562194824E-2,-1.131541946E1
1.103297758E1,2.371518402E0,-4.490661621E-3,-1.120270386E1
1.104299258E1,2.100881195E0,-2.664459229E-1,-1.090018295E1
1.105300658E1,1.797312469E0,-7.923023987E-1,-1.018152740E1
1.106302058E1,1.585802307E0,-1.300046539E0,-9.714498596E0
1.107303458E1,1.476379852E0,-1.478026428E0,-9.771829376E0
1.108304958E1,1.854044495E0,-1.369651794E0,-9.876461792E0
1.109306358E1,2.471360779E0,-8.680448914E-1,-1.149564468E1
1.110307758E1,2.958747253E0,-1.841171265E-1,-1.415860703E1
1.111309258E1,3.745810547E0,5.490582275E-1,-1.593301712E1
1.112310658E1,3.939507751E0,7.785310364E-1,-1.691362793E1
1.113312058E1,3.826043701E0,5.839356995E-1,-1.652428757E1
1.114313558E1,3.995790710E0,2.034269714E-1,-1.535057831E1
1.115314958E1,4.176914062E0,-9.310638428E-2,-1.372495880E1
1.116316358E1,4.117337952E0,-4.843927002E-1,-1.201581299E1
1.117317858E1,3.670816498E0,-8.779243469E-1,-1.109193420E1
1.118319258E1,3.056643677E0,-1.093775482E0,-1.102397552E1
1.119320658E1,2.369871826E0,-1.265169067E0,-1.142439285E1
1.120322058E1,1.700314178E0,-1.361269226E0,-1.235246292E1
1.121323558E1,2.759361877E0,-9.297166443E-1,-1.038839722E1
1.122324958E1,5.034480743E0,-3.683839417E-1,-6.188431091E0
1.123326358E1,7.951165466E0,8.666976929E-1,-3.109034729E0
1.124327858E1,1.016745667E1,1.686542816E0,-8.801696777E-1
1.125329258E1,1.036878799E1,1.542841644E0,-8.277786255E-2
1.126330658E1,9.534273376E0,1.068178711E0,-2.508782959E-1
1.127332158E1,8.649762726E0,6.532415771E-1,-7.680528259E-1
1.128333558E1,8.381370850E0,7.743397522E-1,-9.659413147E-1
1.129334958E1,8.435857544E0,1.136436768E0,-8.373587036E-1
1.130336458E1,8.536747742E0,1.710792389E0,-5.096900940E-1
1.131337858E1,8.022267609E0,1.876797180E0,-3.484753418E-1
1.132339258E1,6.597380676E0,1.837129669E0,-2.016905823E0
1.133340658E1,5.648503876E0,2.192191315E0,-4.020639038E0
1.134342158E1,5.438191223E0,2.479294281E0,-5.041366425E0
1.135343558E1,5.431455231E0,2.769690399E0,-7.159012756E0
1.136344958E1,5.583089905E0,3.126548309E0,-8.808133392E0
1.137346458E1,5.809568939E0,3.377276917E0,-8.815318451E0
1.138347858E1,6.261179810E0,3.550616455E0,-7.392227783E0
1.139349258E1,6.535259857E0,3.338657227E0,-6.179898834E0
1.140350758E1,6.196813660E0,2.878364410E0,-5.969436493E0
1.141352158E1,5.362897797E0,2.204765167E0,-6.222410431E0
1.142353558E1,4.647535400E0,1.695075073E0,-6.858288116E0
1.143354958E1,4.535717926E0,1.430425415E0,-7.713010712E0
1.144356458E1,4.606969757E0,1.241069183E0,-8.292006683E0
1.145357858E1,5.010530548E0,1.096320190E0,-8.011190643E0
1.146359258E1,5.595813446E0,9.618997192E-1,-7.531587982E0
1.147360758E1,6.004014587E0,8.259823608E-1,-7.638465729E0
1.148362158E1,7.161557465E0,8.756790161E-1,-7.574848022E0
1.149363558E1,8.050409088E0,7.976911926E-1,-7.834557953E0
1.150365058E1,8.107290802E0,-4.565505981E-2,-8.515192566E0
1.151366458E1,8.605155487E0,-2.722837830E-1,-1.100945572E1
1.152367858E1,9.972412262E0,5.384303284E-1,-1.376073441E1
1.153369358E1,1.150238068E1,1.402733002E0,-1.593122086E1
1.154370758E1,1.220561829E1,1.867815857E0,-1.795800613E1
1.155372158E1,1.221340210E1,1.998793488E0,-1.922736649E1
1.156373558E1,1.151570297E1,1.656904449E0,-1.913321228E1
1.157375058E1,1.026879593E1,8.382568359E-1,-1.823552902E1
1.158376458E1,8.791218567E0,-2.859054565E-2,-1.721569977E1
1.159377858E1,7.805218964E0,-2.612068176E-1,-1.652638321E1
1.160379358E1,7.836354218E0,4.305047607E-1,-1.667412598E1
1.161380758E1,8.644972687E0,1.598675537E0,-1.694147003E1
1.162382158E1,9.114246826E0,2.061962128E0,-1.627385834E1
1.163383658E1,8.842861176E0,1.785337372E0,-1.553379730E1
1.164385058E1,7.853867798E0,9.626481628E-1,-1.457788513E1
1.165386458E1,5.966592407E0,-2.300715637E-1,-1.343620926E1
1.166387958E1,3.718118134E0,-1.351539459E0,-1.178783707E1
1.167389358E1,1.684746552E0,-1.797611847E0,-9.580527191E0
1.168390758E1,6.807843018E-1,-1.396446075E0,-6.030958557E0
1.169392158E1,1.672023010E-1,-6.912625122E-1,-2.127376099E0
1.170393658E1,-7.023394775E-1,1.347198486E-2,-2.716850281E-1
1.171395058E1,-1.517394562E0,7.655081177E-1,2.944377136E-1
1.172396458E1,-2.469265137E0,1.309626617E0,9.410929871E-1
1.173397958E1,-3.586541748E0,1.629810791E0,1.280886383E0
1.174399358E1,-4.511618042E0,1.858235779E0,1.292113037E0
1.175400758E1,-5.481451263E0,2.002835083E0,1.412612457E0
1.176402258E1,-6.569987640E0,1.707050171E0,1.323996735E0
1.177403658E1,-7.328161011E0,1.546733551E0,4.328997803E-1
1.178405058E1,-6.951843567E0,2.255659332E0,-1.098715210E-1
1.179406458E1,-5.858517151E0,2.878514099E0,2.106120300E-1
1.180407958E1,-4.336182861E0,3.582500153E0,9.836045837E-1
1.181409358E1,-3.025059357E0,4.096231842E0,2.170486450E0
1.182410758E1,-2.541564789E0,3.974085846E0,3.589685211E0
1.183412258E1,-2.756218414E0,3.252735901E0,3.876638489E0
1.184413658E1,-3.360960846E0,2.556683350E0,3.980522461E0
1.185415058E1,-3.914360046E0,1.896107025E0,4.279899902E0
1.186416558E1,-4.537364502E0,7.545808411E-1,4.567152557E0
1.187417958E1,-4.921316071E0,-6.500981140E-1,4.888384552E0
1.188419358E1,-5.328170013E0,-2.306852875E0,4.118236084E0
1.189420758E1,-4.637356567E0,-3.372037811E0,1.742825775E0
1.190422258E1,-1.563348999E0,-2.819237366E0,-2.555485840E0
1.191423658E1,3.234324188E0,-5.089416504E-3,-8.711733856E0
1.192425058E1,7.430697784E0,2.731968842E0,-1.466605179E1
1.193426517E1,1.032223480E1,4.520000610E0,-1.903711212E1
1.194427917E1,1.128293701E1,5.423671417E0,-2.358495483E1
1.195429317E1,9.915380859E0,4.068988495E0,-2.582459747E1
1.196430817E1,8.546926575E0,2.395468597E0,-2.453323288E1
1.197432217E1,8.397986298E0,1.860481110E0,-2.212638794E1
1.198433617E1,8.729397125E0,1.677112427E0,-1.992296997E1
1.199435017E1,8.776998138E0,1.521735535E0,-1.815828964E1
1.200436517E1,8.764873352E0,1.400787048E0,-1.676618454E1
1.201437917E1,8.422684937E0,1.158141632E0,-1.554801773E1
1.202439317E1,7.798482971E0,8.898994446E-1,-1.459599747E1
1.203440817E1,7.110363922E0,3.588038635E-1,-1.382749557E1
1.204442217E1,6.754404144E0,1.221459961E-1,-1.337334000E1
1.205443617E1,7.241790619E0,4.101470947E-1,-1.291933411E1
1.206445117E1,8.763975220E0,1.343905334E0,-1.251667145E1
1.207446517E1,7.252418518E0,1.160386963E0,-1.090033264E1
1.208447917E1,8.269553375E0,4.104464722E-1,-9.384434967E0
1.209449317E1,8.251590729E0,-4.688250732E-1,-7.855813751E0
1.210450817E1,6.880591736E0,-1.719923401E0,-6.094426575E0
1.211452217E1,6.185886383E0,-2.151625671E0,-4.167333984E0
1.212453617E1,5.399721222E0,-1.832339630E0,-2.487377472E0
1.213455117E1,5.356311493E0,-1.379531250E0,-1.327439575E0
1.214456517E1,5.266647949E0,-8.825646973E-1,-6.345304871E-1
1.215457917E1,4.811743927E0,-3.522175598E-1,-3.614982605E-1
1.216459417E1,4.963378601E0,2.339634705E-1,3.385958862E-1
1.217460817E1,5.553451538E0,7.273374939E-1,1.185085602E0
1.218462217E1,6.109545135E0,9.666897583E-1,1.147513733E0
1.219463617E1,6.074517975E0,1.207089844E0,1.613644409E-1
1.220465117E1,5.083578644E0,1.837728424E0,-1.400637360E0
1.221466517E1,4.469106445E0,2.733615417E0,-2.905757446E0
1.222467917E1,4.543801117E0,4.124822388E0,-3.489393768E0
1.223469417E1,4.380041656E0,5.118755493E0,-3.744613037E0
1.224470817E1,3.420536957E0,4.871020660E0,-3.366349640E0
1.225472217E1,2.177821198E0,4.470753021E0,-3.201542358E0
1.226473717E1,1.603914642E0,5.181026001E0,-4.938530273E0
1.227475117E1,5.125341797E-1,6.473887482E0,-7.796537018E0
1.228476517E1,4.203259277E-1,7.419471130E0,-9.713001709E0
1.229477917E1,1.035396881E0,7.456294556E0,-1.001297791E1
1.230479417E1,4.138893127E-1,6.550528107E0,-9.845476227E0
1.231480817E1,-1.244212646E0,5.320685577E0,-9.788295135E0
1.232482217E1,-3.517086182E0,3.830983429E0,-9.626032562E0
1.233483717E1,-5.090913391E0,2.767594757E0,-1.196911011E1
1.234485117E1,-5.638325043E0,2.715054016E0,-1.435514832E1
1.235486517E1,-6.012247467E0,2.975961456E0,-1.515882706E1
1.236488017E1,-6.753206635E0,2.275268555E0,-1.503293884E1
1.237489417E1,-7.165599060E0,1.175655212E0,-1.481080078E1
1.238490817E1,-7.216642914E0,-9.654922485E-2,-1.423270294E1
1.239492217E1,-7.562423859E0,-1.802102509E0,-1.274554550E1
1.240493717E1,-7.341333618E0,-2.669698334E0,-1.220187607E1
1.241495117E1,-6.466103668E0,-2.935695190E0,-1.244781464E1
1.242496517E1,-5.969586182E0,-3.493435364E0,-1.233420090E1
1.243498017E1,-5.704188080E0,-3.944896545E0,-1.292666885E1
1.244499417E1,-5.992338867E0,-4.536166992E0,-1.257340347E1
1.245500817E1,-4.637805634E0,-4.894821167E0,-1.332588867E1
1.246502217E1,-3.402873688E0,-4.867428131E0,-1.459524902E1
1.247503717E1,-2.371668091E0,-5.634582825E0,-1.558933182E1
1.248505117E1,-1.311123505E0,-6.006409607E0,-1.722962082E1
1.249506517E1,-1.737736359E0,-6.515500946E0,-1.845272736E1
1.250508017E1,-2.310595093E0,-7.270680542E0,-1.963077759E1
1.251509417E1,-2.623294830E0,-7.916138306E0,-2.067740112E1
1.252510817E1,-2.695893860E0,-9.009614410E0,-2.210183899E1
1.253512317E1,-1.922751617E0,-1.003049149E1,-2.283082306E1
1.254513717E1,-1.234632568E0,-1.061697189E1,-2.281196228E1
1.255515117E1,-4.483177185E-1,-1.079570023E1,-2.336820557E1
1.256516517E1,3.802093506E-1,-1.023466690E1,-2.371802811E1
1.257518017E1,9.815089417E-1,-9.246272278E0,-2.405587555E1
1.258519417E1,1.214723969E0,-9.016500092E0,-2.439087891E1
1.259520817E1,9.705816650E-1,-9.385333099E0,-2.394735123E1
1.260522317E1,5.203179932E-1,-9.622739410E0,-2.281330948E1
1.261523717E1,8.981323242E-3,-9.634714508E0,-2.159589111E1
1.262525117E1,-3.263214111E-1,-9.482032013E0,-2.007385620E1
1.263526517E1,-5.095404053E-1,-8.979377289E0,-1.824525879E1
1.264528017E1,-7.858657837E-1,-8.442593536E0,-1.688997711E1
1.265529417E1,-8.678952026E-1,-8.141120453E0,-1.570354431E1
1.266530817E1,-9.864486694E-1,-8.054450684E0,-1.434766388E1
1.267532317E1,-1.538500671E0,-8.459358673E0,-1.264944534E1
1.268533717E1,-3.066972198E0,-9.706415405E0,-1.024993515E1
1.269535117E1,-4.662055206E0,-1.028586044E1,-7.216493225E0
1.270536617E1,-4.884642334E0,-9.872569885E0,-3.742068329E0
1.271538017E1,-4.677922211E0,-8.708740082E0,-1.046623535E0
1.272539417E1,-3.922592926E0,-6.914571075E0,6.331832886E-1
1.273540817E1,-3.297043762E0,-5.460045776E0,2.256557465E0
1.274542317E1,-3.388653259E0,-4.264931030E0,4.215084686E0
1.275543717E1,-3.896098022E0,-3.428171082E0,6.246360626E0
1.276545117E1,-4.446054382E0,-3.042123871E0,7.505242767E0
1.277546617E1,-4.969366150E0,-2.445314941E0,8.214617615E0
1.278548017E1,-5.385351105E0,-1.576222229E0,8.755293274E0
1.279549417E1,-5.504503326E0,-9.222322083E-1,9.040150909E0
1.280550917E1,-5.695506134E0,-2.335144043E-2,9.358089752E0
1.281552317E1,-5.870791626E0,9.996212769E-1,9.244625702E0
1.282553717E1,-5.909411316E0,1.602118378E0,8.156538391E0
1.283555117E1,-5.716013489E0,2.220781860E0,6.692283325E0
1.284556617E1,-5.398224335E0,2.982398071E0,5.791157227E0
1.285558017E1,-5.275030518E0,3.377875671E0,5.792055359E0
1.286559417E1,-5.566773834E0,2.814297638E0,6.038143616E0
1.287560917E1,-6.103707275E0,1.368454285E0,8.037535858E0
1.288562317E1,-5.979016571E0,-3.592529297E-2,1.009066635E1
1.289563717E1,-5.225184174E0,-8.726852417E-1,1.008168503E1
1.290565117E1,-3.891757050E0,-1.323547668E0,8.129594421E0
1.291566617E1,-2.095043335E0,-1.096170502E0,4.837939453E0
1.292568017E1,-5.207670593E-1,-4.861889648E-1,2.340682526E0
1.293569454E1,8.128097534E-1,7.150630188E-1,1.871109009E-2
1.294570954E1,1.585053864E0,1.726659393E0,-3.281027069E0
1.295572354E1,1.293460236E0,2.384241943E0,-8.526419220E0
1.296573754E1,-1.537303162E-1,2.706671448E0,-1.608031082E1
1.297575154E1,-2.369273071E0,1.743125153E0,-2.332928650E1
1.298576654E1,-3.802841949E0,3.182382202E-1,-2.632455780E1
1.299578054E1,-3.417692871E0,-1.919009399E-1,-2.567550751E1
1.300579454E1,-1.244062958E0,3.802093506E-2,-2.173016190E1
1.301580954E1,1.483864288E0,5.134323120E-2,-1.648926041E1
1.302582354E1,2.698737946E0,-6.051914978E-1,-1.257400223E1
1.303583754E1,2.538421326E0,-1.608854370E0,-1.270542892E1
1.304585254E1,3.181035004E0,-1.455722809E0,-1.440679092E1
1.305586654E1,4.162244568E0,-1.067729645E0,-1.599783234E1
1.306588054E1,4.586911469E0,-9.874964905E-1,-1.801638474E1
1.307589454E1,4.007167053E0,-9.337582397E-1,-2.024644730E1
1.308590954E1,3.157982941E0,-6.213578796E-1,-2.119652161E1
1.309592354E1,2.452050934E0,-5.951623535E-1,-2.084669907E1
1.310593754E1,1.377884674E0,-8.357121277E-1,-2.016217255E1
1.311595254E1,1.204395447E0,-6.267466736E-1,-1.941717178E1
1.312596654E1,1.385668488E0,3.427871704E-2,-1.796114960E1
1.313598054E1,7.131170654E-1,2.880010986E-1,-1.661993866E1
1.314599454E1,-4.559518433E-1,2.746788025E-1,-1.463551529E1
1.315600954E1,-1.888622589E0,8.921447754E-2,-1.267923340E1
1.316602354E1,-3.362906799E0,-2.433938599E-1,-1.152767807E1
1.317603754E1,-4.287234650E0,-4.808001709E-1,-1.085497696E1
1.318605254E1,-4.738546143E0,-6.390211487E-1,-1.013168106E1
1.319606654E1,-5.220693512E0,-7.223977661E-1,-9.276958466E0
1.320608054E1,-5.889502716E0,-9.099577332E-1,-7.707472229E0
1.321609454E1,-6.485563202E0,-1.243314514E0,-6.673721924E0
1.322610954E1,-6.879543915E0,-1.460812225E0,-6.140381012E0
1.323612354E1,-7.206314392E0,-1.358724518E0,-5.468278656E0
1.324613754E1,-7.682623901E0,-1.107995911E0,-5.987848206E0
1.325615254E1,-8.067772980E0,-9.036708069E-1,-6.883136444E0
1.326616654E1,-8.066575470E0,-9.255253601E-1,-6.996450806E0
1.327618054E1,-8.414601746E0,-1.007554779E0,-7.734116821E0
1.328619454E1,-8.802894287E0,-1.413959656E0,-8.381370850E0
1.329620954E1,-8.906029816E0,-1.871408386E0,-8.419092407E0
1.330622354E1,-8.449928284E0,-1.942660217E0,-8.830736389E0
1.331623754E1,-7.552394714E0,-1.692680054E0,-8.816815338E0
1.332625254E1,-6.045628052E0,-1.428329773E0,-7.991431732E0
1.333626654E1,-4.420158234E0,-1.196461945E0,-7.504344635E0
1.334628054E1,-2.629731445E0,-7.518864441E-1,-7.868237915E0
1.335629454E1,-1.099912720E0,-3.447331238E-1,-8.339757385E0
1.336630954E1,5.718109131E-2,-2.996768188E-1,-8.799601135E0
1.337632354E1,9.352551270E-1,-5.423222351E-1,-9.183403015E0
1.338633754E1,1.691183167E0,-1.050665131E0,-9.041947174E0
1.339635254E1,2.636467438E0,-1.373244324E0,-8.925040283E0
1.340636654E1,3.946243744E0,-1.360520782E0,-8.875044250E0
1.341638054E1,5.862558746E0,-5.764512634E-1,-9.012907562E0
1.342639554E1,7.865992584E0,7.508386230E-1,-9.643695831E0
1.343640954E1,9.001231842E0,1.963616638E0,-1.063852707E1
1.344642354E1,9.168883209E0,1.887874146E0,-1.139729919E1
1.345643754E1,8.571625214E0,9.660910034E-1,-1.116034195E1
1.346645254E1,7.800728302E0,-1.064286804E-1,-1.002600082E1
1.347646654E1,8.206684113E0,-9.475296021E-1,-8.336763611E0
1.348648054E1,9.110803986E0,-1.480720825E0,-7.369325409E0
1.349649554E1,1.029993118E1,-8.466394043E-1,-7.796686707E0
1.350650954E1,1.150253036E1,2.480342102E-1,-7.975265350E0
1.351652354E1,1.251801865E1,1.271605682E0,-8.228388977E0
1.352653754E1,1.272279282E1,1.824106750E0,-8.899742889E0
1.353655254E1,1.252131180E1,1.723665619E0,-8.872499542E0
1.354656654E1,1.286544617E1,1.384470978E0,-7.512876892E0
1.355658054E1,1.305764648E1,1.100511475E0,-6.482868805E0
1.356659454E1,1.283490967E1,5.650749207E-1,-5.920787659E0
1.357660954E1,1.221385117E1,-5.195695496E-1,-4.501439209E0
1.358662354E1,1.102801712E1,-1.341809692E0,-3.593427429E0
1.359663754E1,8.801098022E0,-2.467169495E0,-2.641407166E0
1.360665254E1,6.218668213E0,-3.611090698E0,-1.599723358E0
1.361666654E1,5.658083954E0,-2.870879974E0,-1.428180084E0
1.362668054E1,4.984933777E0,-1.520837402E0,-1.325044556E0
1.363669454E1,3.743415527E0,-6.685098267E-1,-3.861070862E0
1.364670954E1,7.993377686E-1,-7.346722412E-1,-8.967551880E0
1.365672354E1,-3.149151306E0,-1.401685181E0,-1.564651291E1
1.366673754E1,-6.109096069E0,-1.696272583E0,-2.122151962E1
1.367675254E1,-7.613318024E0,-1.796264648E0,-2.463711685E1
1.368676654E1,-8.053552551E0,-1.334924011E0,-2.519994644E1
1.369678054E1,-7.817643127E0,-9.108558655E-1,-2.303335190E1
1.370679454E1,-6.643784180E0,-7.542814636E-1,-2.074221634E1
1.371680954E1,-5.606591034E0,-8.804690552E-1,-1.898112854E1
1.372682354E1,-4.386178894E0,-1.193617859E0,-1.770173904E1
1.373683754E1,-3.049458618E0,-1.630259857E0,-1.651530624E1
1.374685254E1,-1.672472076E0,-1.938768311E0,-1.566926559E1
1.375686654E1,-4.117936707E-1,-2.035018158E0,-1.489881775E1
1.376688054E1,1.140328674E0,-2.060764618E0,-1.439197174E1
1.377689454E1,2.347268829E0,-1.694476318E0,-1.416025360E1
1.378690954E1,3.064577179E0,-1.578766937E0,-1.333352280E1
1.379692354E1,3.351231079E0,-1.188079376E0,-1.278775772E1
1.380693754E1,3.590583344E0,-4.400848389E-1,-1.262354919E1
1.381695254E1,3.391197968E0,5.987548828E-2,-1.195249466E1
1.382696654E1,2.842588806E0,1.004411316E-1,-1.132859207E1
1.383698054E1,1.869462433E0,-3.312611389E-1,-1.082444046E1
1.384699454E1,4.858895874E-1,-3.977229309E-1,-9.150022430E0
1.385700954E1,-1.347497864E0,-7.527845764E-1,-5.752986603E0
1.386702354E1,-3.094963989E0,-1.571731567E0,-2.913092194E0
1.387703754E1,-5.086422729E0,-1.957778778E0,2.050735474E-2
1.388705254E1,-6.931635590E0,-1.974843292E0,3.368744659E0
1.389706654E1,-7.508236542E0,-2.328108673E0,5.943690033E0
1.390708054E1,-7.643106079E0,-2.881507874E0,7.447911987E0
1.391709454E1,-7.749983826E0,-3.726800079E0,7.406597900E0
1.392710954E1,-7.606432343E0,-4.592000885E0,5.730682983E0
1.393712292E1,-7.788453827E0,-5.939199371E0,3.029100952E0
1.394713692E1,-7.349865875E0,-7.117848358E0,4.812492371E-1
1.395715192E1,-5.738616486E0,-7.572153625E0,-2.546354828E0
1.396716592E1,-3.398532715E0,-7.354506226E0,-5.385201416E0
1.397717992E1,-1.601669312E-1,-6.159092102E0,-7.259004822E0
1.398719392E1,3.971092072E0,-3.909570007E0,-8.839717712E0
1.399720892E1,8.371641083E0,-1.263073425E0,-1.111079498E1
1.400722292E1,1.198512680E1,1.121916962E0,-1.407073975E1
1.401723692E1,1.295600784E1,7.267387390E-1,-1.629197067E1
1.402725092E1,1.108669510E1,-1.568288727E0,-1.630244888E1
1.403726592E1,7.980803833E0,-4.188739471E0,-1.576835953E1
1.404727992E1,5.825735321E0,-5.861660614E0,-1.525717255E1
1.405729392E1,4.186344452E0,-7.303162994E0,-1.479732880E1
1.406730892E1,3.035088501E0,-8.339607697E0,-1.558948151E1
1.407732292E1,3.356769562E0,-8.198600922E0,-1.634735550E1
1.408733692E1,4.597389679E0,-7.587272186E0,-1.626218262E1
1.409735092E1,6.094276886E0,-6.768624573E0,-1.692575272E1
1.410736592E1,6.949448547E0,-6.196813660E0,-1.752630386E1
1.411737992E1,6.541995850E0,-6.372697906E0,-1.800066742E1
1.412739392E1,5.301375732E0,-6.894961853E0,-1.864193390E1
1.413740892E1,3.913312225E0,-7.364984436E0,-1.843222000E1
1.414742292E1,3.090922394E0,-7.428901520E0,-1.764365982E1
1.415743692E1,3.000510406E0,-7.027885437E0,-1.686243439E1
1.416745092E1,3.441942444E0,-6.215225372E0,-1.662038773E1
1.417746592E1,4.159699860E0,-5.197940826E0,-1.686033875E1
1.418747992E1,5.027445374E0,-4.163741455E0,-1.750070709E1
1.419749392E1,5.745801544E0,-3.360062714E0,-1.894879578E1
1.420750792E1,5.706583099E0,-3.512296143E0,-2.092812973E1
1.421752292E1,4.609215088E0,-5.198988647E0,-2.174453201E1
1.422753692E1,2.303260345E0,-7.424410858E0,-2.011861313E1
1.423755092E1,6.128256226E-1,-8.808133392E0,-1.669493271E1
1.424756592E1,3.487747192E-2,-9.069340210E0,-1.292008255E1
1.425757992E1,-4.323010254E-1,-8.132288818E0,-8.996741180E0
1.426759392E1,2.734812927E-1,-6.874604187E0,-4.826413422E0
1.427760792E1,1.562001801E0,-5.483097839E0,-1.728156281E0
1.428762292E1,3.047961731E0,-3.779939575E0,-6.885681152E-2
1.429763692E1,4.168830872E0,-2.581232300E0,1.107546844E0
1.430765092E1,3.603755951E0,-2.215093689E0,2.275867310E0
1.431766592E1,1.938319244E0,-2.412682800E0,3.012635193E0
1.432767992E1,3.469784546E-1,-2.440824280E0,2.570305023E0
1.433769392E1,-9.418414307E-1,-2.097288666E0,1.888921967E0
1.434770792E1,-1.857337646E0,-1.777852936E0,1.268312531E0
1.435772292E1,-1.781295776E0,-1.071771240E0,3.996688843E-2
1.436773692E1,-1.031654663E0,-4.894821167E-2,-5.330415344E-1
1.437775092E1,-3.574566650E-1,9.755213928E-1,-2.094145203E0
1.438776492E1,-2.353106689E-1,1.407373352E0,-4.533472595E0
1.439777992E1,-4.831951904E-1,1.343007202E0,-6.465953979E0
1.440779392E1,1.908531189E-1,1.910926208E0,-9.145382080E0
1.441780792E1,9.782157898E-1,2.636467438E0,-1.163275955E1
1.442782292E1,1.057401123E0,2.651885376E0,-1.265558258E1
1.443783692E1,6.667135620E-1,2.084265747E0,-1.243299545E1
1.444785092E1,-8.247848511E-2,1.193767548E0,-1.177586197E1
1.445786492E1,-7.737409973E-1,4.354444885E-1,-1.097158447E1
1.446787992E1,-8.592132568E-1,-1.639091492E-1,-9.851912842E0
1.447789392E1,-3.290158081E-1,-6.650669861E-1,-8.397237854E0
1.448790792E1,7.099736023E-1,-8.693920898E-1,-7.186256104E0
1.449792192E1,2.376158752E0,-1.022523651E0,-6.231840820E0
1.450793692E1,4.806804199E0,-9.749226379E-1,-4.710404663E0
1.451795092E1,7.958350525E0,-2.621049500E-1,-2.945424957E0
1.452796492E1,1.032073792E1,1.371148682E-1,-8.360115051E-1
1.453797992E1,1.181223633E1,-2.885998535E-1,2.343975677E0
1.454799392E1,1.270872208E1,-9.490264893E-1,4.633464661E0
1.455800792E1,1.263627274E1,-2.201621704E0,4.983736267E0
1.456802192E1,1.169622757E1,-3.726201324E0,5.053940277E0
1.457803692E1,1.057341248E1,-4.717589722E0,3.172652435E0
1.458805092E1,1.031340317E1,-5.721551971E0,-3.685336304E-1
1.459806492E1,9.466913452E0,-6.723867645E0,-3.900139618E0
1.460807892E1,6.685547333E0,-8.252937927E0,-9.563013611E0
1.461809392E1,3.608695679E0,-9.000782776E0,-1.627041550E1
1.462810792E1,1.000519409E0,-8.553662567E0,-2.094339798E1
1.463812192E1,-1.282532959E0,-7.893086243E0,-2.438474167E1
1.464813692E1,-1.785187683E0,-6.633156281E0,-2.615810394E1
1.465815092E1,-1.234931946E0,-5.109774170E0,-2.583851852E1
1.466816492E1,3.942800903E-1,-3.654650116E0,-2.502241562E1
1.467817892E1,2.242486725E0,-2.712060242E0,-2.405422897E1
1.468819392E1,3.711831207E0,-2.507435760E0,-2.255210266E1
1.469820792E1,4.745282135E0,-2.718646545E0,-1.967463638E1
1.470822192E1,4.820725250E0,-3.436104584E0,-1.621877289E1
1.471823592E1,3.836821289E0,-4.709506531E0,-1.334295319E1
1.472825092E1,2.957549744E0,-5.806275787E0,-1.136810989E1
1.473826492E1,2.708168335E0,-6.211183777E0,-1.070289322E1
1.474827892E1,3.167712708E0,-5.965843964E0,-1.088760910E1
1.475829392E1,3.718866577E0,-5.671106873E0,-1.065693878E1
1.476830792E1,3.951931915E0,-5.547164612E0,-1.036100418E1
1.477832192E1,3.901337128E0,-5.534141693E0,-9.971514130E0
1.478833592E1,4.041894836E0,-5.159919891E0,-1.016610947E1
1.479835092E1,4.272864532E0,-4.921166382E0,-1.148172363E1
1.480836492E1,4.058061218E0,-4.809199219E0,-1.383468063E1
1.481837892E1,3.125949554E0,-5.009183350E0,-1.576716202E1
1.482839292E1,1.523681488E0,-5.141657867E0,-1.673385178E1
1.483840792E1,-2.933898926E-2,-5.140759735E0,-1.951012848E1
1.484842192E1,-2.692900085E-1,-4.424199829E0,-2.112766479E1
1.485843592E1,9.120533752E-1,-3.866010590E0,-2.046184937E1
1.486844992E1,2.356399841E0,-3.836072845E0,-1.909309570E1
1.487846492E1,3.360362091E0,-3.891008606E0,-1.700508774E1
1.488847892E1,4.745731201E0,-3.974534912E0,-1.418959259E1
1.489849292E1,5.720055084E0,-4.178410950E0,-1.078626984E1
1.490850792E1,5.826184387E0,-4.594395905E0,-8.190368042E0
1.491852192E1,5.414989471E0,-4.847818909E0,-6.152206421E0
1.492853592E1,4.732408905E0,-4.693489838E0,-4.722828827E0
1.493855029E1,4.438270569E0,-4.032913513E0,-3.968996429E0
1.494856529E1,4.316274261E0,-3.134182434E0,-2.984942780E0
1.495857929E1,5.056934052E0,-2.279459839E0,-9.750723267E-1
1.496859329E1,6.198909302E0,-1.610650635E0,1.026415558E0
1.497860729E1,7.666158142E0,-2.730322266E-1,1.678160248E0
1.498862229E1,7.987689514E0,5.804928589E-1,1.591939545E0
1.499863629E1,6.561455383E0,2.332150269E-1,1.030157776E0
1.500865029E1,4.350403290E0,-4.632865906E-1,-4.415817261E-1
1.501866429E1,2.585573273E0,-8.783734131E-1,-1.818867645E0
1.502867929E1,1.882784729E0,-1.081950073E0,-2.546504517E0
1.503869329E1,1.951641541E0,-9.325607300E-1,-3.529809723E0
1.504870729E1,2.655926971E0,-1.924996948E-1,-4.575086060E0
1.505872229E1,3.774401093E0,7.568261719E-1,-5.307363281E0
1.506873629E1,4.479285278E0,1.611997833E0,-6.071524200E0
1.507875029E1,4.785548401E0,2.049238586E0,-7.125482483E0
1.508876429E1,4.865033112E0,2.072739716E0,-7.641010437E0
1.509877929E1,4.894222412E0,1.829645233E0,-8.232280884E0
1.510879329E1,4.467759247E0,1.289718018E0,-8.595725098E0
1.511880729E1,4.060007172E0,7.195536804E-1,-8.821755066E0
1.512882129E1,3.813170471E0,4.025129700E-1,-9.216184845E0
1.513883629E1,3.810775452E0,4.454736328E-1,-1.008512787E1
1.514885029E1,4.214186554E0,3.942800903E-1,-9.765991516E0
1.515886429E1,4.776267700E0,4.647834778E-1,-8.938362579E0
1.516887829E1,5.505251770E0,8.481362915E-1,-8.614585876E0
1.517889329E1,6.781647491E0,1.285227356E0,-8.224197693E0
1.518890729E1,8.245603180E0,1.635049896E0,-7.751780090E0
1.519892129E1,9.146579590E0,1.428030396E0,-7.228168945E0
1.520893629E1,9.908195801E0,8.966354370E-1,-6.132148132E0
1.521895029E1,1.041444305E1,5.417234802E-1,-4.062851257E0
1.522896429E1,9.944270782E0,2.411485291E-1,-1.872605896E0
1.523897829E1,9.340276794E0,-5.508544922E-1,3.945794678E-1
1.524899329E1,8.278385010E0,-1.443298645E0,8.232879639E-1
1.525900729E1,6.758296051E0,-2.262545013E0,-2.510429535E0
1.526902129E1,6.629114685E0,-2.225272522E0,-7.619904327E0
1.527903529E1,7.610024872E0,-1.160985718E0,-1.105466171E1
1.528905029E1,8.888366547E0,-1.068777466E-1,-1.271605682E1
1.529906429E1,9.830657043E0,2.944377136E-1,-1.260528717E1
1.530907829E1,8.343649292E0,-4.522096252E-1,-1.280482224E1
1.531909229E1,5.800288239E0,-1.598525848E0,-1.310584625E1
1.532910729E1,4.548890533E0,-2.035467224E0,-1.210906906E1
1.533912129E1,4.266427917E0,-1.521585846E0,-1.019544846E1
1.534913529E1,3.667972412E0,-1.204694824E0,-9.544901276E0
1.535914929E1,3.186872864E0,-1.049018555E0,-1.030472122E1
1.536916429E1,3.629801788E0,-8.476872253E-1,-1.128787674E1
1.537917829E1,3.114273834E0,-7.652087402E-1,-1.240545273E1
1.538919229E1,2.158062286E0,-1.303788757E0,-1.368813538E1
1.539920729E1,1.644629974E0,-1.447938995E0,-1.464793945E1
1.540922129E1,1.920206909E0,-7.966433716E-1,-1.479089218E1
1.541923529E1,2.262694702E0,-4.906796265E-1,-1.420037018E1
1.542924929E1,2.254312134E0,-5.833369446E-1,-1.306258621E1
1.543926429E1,2.227817230E0,-8.216413879E-1,-1.190728867E1
1.544927829E1,2.226919098E0,-1.083297272E0,-1.108130630E1
1.545929229E1,2.167492676E0,-1.387165375E0,-1.090572144E1
1.546930629E1,2.526595917E0,-1.550924835E0,-1.083611618E1
1.547932129E1,3.227288818E0,-1.505269775E0,-1.075573334E1
1.548933529E1,3.325484619E0,-1.635199585E0,-1.122800125E1
1.549934929E1,3.217409363E0,-1.702110443E0,-1.144100830E1
1.550936329E1,3.423830109E0,-1.668879547E0,-1.105600891E1
1.551937829E1,3.642225952E0,-1.627266083E0,-1.116198853E1
1.552939229E1,3.353027344E0,-1.754800873E0,-1.212807953E1
1.553940629E1,3.448528748E0,-1.867067413E0,-1.204290665E1
1.554942029E1,3.455863495E0,-2.196532288E0,-1.216310669E1
1.555943529E1,3.193758545E0,-2.289488983E0,-1.387479721E1
1.556944929E1,3.674109650E0,-1.806293793E0,-1.423105637E1
1.557946329E1,4.432432709E0,-1.087937622E0,-1.388018600E1
1.558947729E1,4.674329681E0,-7.599696350E-1,-1.421848251E1
1.559949229E1,4.155059509E0,-9.542655945E-1,-1.543455368E1
1.560950629E1,3.647764435E0,-1.331481171E0,-1.673235489E1
1.561952029E1,3.937561798E0,-1.401236115E0,-1.576551544E1
1.562953429E1,4.433630219E0,-1.549877014E0,-1.295660660E1
1.563954929E1,5.613776093E0,-1.050216064E0,-1.090227859E1
1.564956329E1,7.154821472E0,-3.939807129E-1,-7.894882507E0
1.565957729E1,8.355175323E0,-4.393363953E-1,-3.869154053E0
1.566959229E1,9.226213989E0,-4.046086121E-1,-8.421487427E-1
1.567960629E1,9.240883484E0,-7.469467163E-1,1.340462494E0
1.568962029E1,8.443192291E0,-1.564696198E0,2.640658722E0
1.569963429E1,7.464078369E0,-1.925595703E0,2.651436310E0
1.570964929E1,7.249574432E0,-1.667083282E0,2.138752441E0
1.571966329E1,8.004604340E0,-7.632627869E-1,2.179318085E0
1.572967729E1,9.002878418E0,6.075865173E-1,1.820214844E0
1.573969129E1,9.218130798E0,1.785636749E0,6.614744568E-1
1.574970629E1,8.797355804E0,1.957629089E0,-6.695576477E-1
1.575972029E1,8.315058746E0,1.648970947E0,-2.590213623E0
1.576973429E1,7.899971924E0,1.607357483E0,-4.631518707E0
1.577974829E1,7.278763733E0,1.490001526E0,-5.071902924E0
1.578976329E1,6.508465576E0,1.415755920E0,-5.341941376E0
1.579977729E1,5.684878235E0,1.220412140E0,-6.475084991E0
1.580979129E1,5.036726074E0,8.343649292E-1,-7.418722687E0
1.581980529E1,4.441563721E0,1.149609375E-1,-8.778045959E0
1.582982029E1,4.564607849E0,-9.325607300E-2,-1.047506699E1
1.583983429E1,5.754333801E0,2.011816406E-1,-1.208317291E1
1.584984829E1,7.858208771E0,1.139729919E0,-1.420156769E1
1.585986229E1,9.732910309E0,1.824406128E0,-1.584889206E1
1.586987729E1,1.097188385E1,2.203717346E0,-1.708996124E1
1.587989129E1,1.201446579E1,2.633323975E0,-1.848520981E1
1.588990529E1,1.212478638E1,2.087558899E0,-1.913650543E1
1.589991929E1,1.225845840E1,1.198407898E0,-1.912542847E1
1.590993429E1,1.248179398E1,5.153782654E-1,-1.894550262E1
1.591994829E1,1.265034348E1,2.429447937E-1,-1.822699677E1
1.592996317E1,1.300884796E1,3.992198181E-1,-1.715552490E1
1.593997717E1,1.326496536E1,6.499484253E-1,-1.526884827E1
1.594999217E1,1.310464874E1,6.547384644E-1,-1.254496262E1
1.596000617E1,1.201895645E1,6.361770630E-1,-1.000908600E1
1.597002017E1,1.041668839E1,1.492396545E-1,-8.906478882E0
1.598003417E1,8.486602020E0,-5.096900940E-1,-8.983867950E0
1.599004917E1,7.535180511E0,-6.810836792E-2,-1.023661285E1
1.600006317E1,6.355783081E0,-1.422042847E-1,-1.106469086E1
1.601007717E1,4.305945740E0,-7.723937988E-1,-1.034708313E1
1.602009117E1,1.954485626E0,-1.751956787E0,-8.926686859E0
1.603010617E1,-1.006057892E0,-1.285077667E0,-5.651946716E0
1.604012017E1,-1.887125702E0,-8.508306885E-1,-2.602637787E0
1.605013417E1,-2.712359619E0,2.278262329E-1,-3.731739807E-1
1.606014817E1,-3.016227722E0,1.122515717E0,1.785786438E-1
1.607016317E1,-3.705993347E0,1.762734375E0,-1.192120972E0
1.608017717E1,-4.305496674E0,2.276016998E0,-1.384171600E0
1.609019117E1,-4.922663269E0,2.408341827E0,-9.303153992E-1
1.610020517E1,-5.240003357E0,2.387385406E0,-2.694396973E-1
1.611022017E1,-5.472619629E0,2.232906647E0,5.556445312E-1
1.612023417E1,-5.770350494E0,2.377206573E0,1.588347015E0
1.613024817E1,-6.058052216E0,2.578238525E0,1.913021851E0
1.614026217E1,-5.345533905E0,2.997217255E0,9.565109253E-1
1.615027717E1,-4.219725037E0,3.409010925E0,-1.166075134E-1
1.616029117E1,-3.272644501E0,3.601660309E0,-6.610253906E-1
1.617030517E1,-2.071991272E0,3.872447205E0,-1.514700165E0
1.618031917E1,-8.981323242E-1,4.212689667E0,-1.773511963E0
1.619033417E1,-4.581971741E-1,4.069736938E0,-1.006357269E0
1.620034817E1,-7.813751221E-1,3.357218628E0,-8.301736450E-1
1.621036217E1,-1.170416107E0,2.489622803E0,-2.050735474E-1
1.622037617E1,-1.624721375E0,1.117276611E0,1.938019867E0
1.623039117E1,-2.738704834E0,-6.783892822E-1,3.575315094E0
1.624040517E1,-4.651427307E0,-2.402204590E0,4.188140717E0
1.625041917E1,-5.850583649E0,-3.311114502E0,2.728975067E0
1.626043317E1,-4.592449951E0,-3.300785980E0,-8.202941895E-1
1.627044817E1,-5.903723145E-1,-1.755100250E0,-3.971391449E0
1.628046217E1,5.028343506E0,1.666484528E0,-7.148384857E0
1.629047617E1,8.960366821E0,3.961062927E0,-1.059436890E1
1.630049017E1,1.061891785E1,4.333787842E0,-1.313772995E1
1.631050517E1,1.125823837E1,4.570146332E0,-1.625305161E1
1.632051917E1,1.131152756E1,4.652924194E0,-1.975980927E1
1.633053317E1,1.067445236E1,4.062102814E0,-2.236379425E1
1.634054717E1,1.028511200E1,3.597768402E0,-2.214420090E1
1.635056217E1,1.000639160E1,2.971770172E0,-1.981639160E1
1.636057617E1,9.656269684E0,2.285447388E0,-1.721899292E1
1.637059017E1,9.183253326E0,1.678010559E0,-1.515059418E1
1.638060417E1,8.734336853E0,1.117426300E0,-1.348291214E1
1.639061917E1,8.989855499E0,9.620494080E-1,-1.222432938E1
1.640063317E1,9.688752136E0,1.318458252E0,-1.128548172E1
1.641064717E1,9.902507629E0,1.618434448E0,-1.124267075E1
1.642066117E1,9.877060547E0,1.820514221E0,-1.151959488E1
1.643067617E1,9.631271667E0,2.068698120E0,-1.103400467E1
1.644069017E1,9.069938965E0,2.075733490E0,-1.034304153E1
1.645070417E1,8.515941010E0,2.086511078E0,-9.537416840E0
1.646071817E1,8.096812592E0,1.741777954E0,-8.381969604E0
1.647073317E1,7.550748138E0,1.240919495E0,-7.059320068E0
1.648074717E1,7.470065918E0,9.202862549E-1,-6.184389496E0
1.649076117E1,7.638615417E0,5.935157776E-1,-5.885012054E0
1.650077517E1,8.054001617E0,3.308120728E-1,-5.832770691E0
1.651079017E1,8.634195099E0,3.228785706E-1,-6.069129181E0
1.652080417E1,6.936275940E0,1.207089844E0,-5.424270172E0
1.653081817E1,6.635102234E0,1.922003174E-1,-5.567522278E0
1.654083217E1,5.628146210E0,-7.798782349E-2,-6.443949738E0
1.655084717E1,5.238506470E0,2.157014465E-1,-6.406377869E0
1.656086117E1,5.938151550E0,3.059637451E-1,-6.258036346E0
1.657087517E1,6.472540283E0,3.070115662E-1,-6.372248840E0
1.658088917E1,6.554719391E0,4.487667847E-1,-6.184389496E0
1.659090417E1,6.162834320E0,1.170266418E0,-6.031257935E0
1.660091817E1,5.475463715E0,1.983076172E0,-6.129304047E0
1.661093217E1,4.808600464E0,2.540067902E0,-6.100114746E0
1.662094617E1,4.268673248E0,3.317401428E0,-5.817652130E0
1.663096117E1,3.388952637E0,3.894451447E0,-5.080135803E0
1.664097517E1,3.220702515E0,3.904480591E0,-4.221970367E0
1.665098917E1,3.279979248E0,3.990401917E0,-3.644022217E0
1.666100317E1,3.161874847E0,4.619244232E0,-3.348536682E0
1.667101817E1,3.329975281E0,5.708379364E0,-3.224744110E0
1.668103217E1,3.424877930E0,7.048542480E0,-3.104544067E0
1.669104617E1,2.938838654E0,8.023764496E0,-2.878514099E0
1.670106017E1,1.650916901E0,8.327333221E0,-2.343077545E0
1.671107517E1,5.189707947E-1,8.244106293E0,-1.591191101E0
1.672108917E1,5.688171387E-2,8.002808075E0,-7.411088562E-1
1.673110317E1,1.035696259E0,8.822503510E0,-2.948867798E-1
1.674111717E1,1.451531525E0,8.385412445E0,3.947291565E-1
1.675113117E1,7.228468323E-1,8.251441040E0,1.531165924E0
1.676114617E1,5.797444153E-1,9.927206268E0,1.130449219E0
1.677116017E1,5.933660889E-1,1.127679977E1,-3.427871704E-2
1.678117417E1,-2.436932373E-1,1.123518631E1,-3.776646423E-1
1.679118817E1,-8.631051636E-1,1.115749786E1,-1.101708984E-1
1.680120317E1,-9.250762939E-1,1.073357941E1,1.758842468E-1
1.681121717E1,-8.021818542E-1,1.013871643E1,4.165837097E-1
1.682123117E1,-5.632786560E-1,9.810449066E0,3.716770935E-1
1.683124517E1,2.442919922E-1,9.979597321E0,6.459068298E-1
1.684126017E1,1.201102295E0,1.078641953E1,1.177601166E0
1.685127417E1,2.096689911E0,1.175056458E1,1.517843628E0
1.686128817E1,2.245779877E0,1.238449631E1,1.701511688E0
1.687130217E1,1.333876190E0,1.232312393E1,1.744023285E0
1.688131717E1,4.182302856E-1,1.204230789E1,1.483115845E0
1.689133117E1,-4.317022705E-1,1.129581024E1,1.217867432E0
1.690134517E1,-7.768844604E-1,1.079914307E1,1.817969513E0
1.691135917E1,-6.020480347E-1,1.092368408E1,2.282603302E0
1.692137417E1,-6.593788147E-1,1.071202423E1,2.084265747E0
1.693138742E1,-6.785389709E-1,1.055844360E1,2.139800262E0
1.694140142E1,7.050338745E-2,1.090108109E1,2.495310974E0
1.695141542E1,1.608854370E0,1.148696274E1,2.357747040E0
1.696143042E1,2.830314331E0,1.215472412E1,2.512674866E0
1.697144442E1,2.793341217E0,1.204919357E1,2.390229492E0
1.698145842E1,2.207908630E0,1.159758270E1,2.613565063E0
1.699147242E1,1.268761597E0,1.112935638E1,3.350632324E0
1.700148642E1,-1.296304321E-1,1.031669632E1,4.101171570E0
1.701150142E1,-9.488768005E-1,9.810299377E0,5.123395844E0
1.702151542E1,-7.445516968E-1,9.867779846E0,5.634133759E0
1.703152942E1,2.335144043E-2,1.020053787E1,5.009033661E0
1.704154342E1,8.652008057E-1,1.053179901E1,3.948938141E0
1.705155842E1,1.270108795E0,1.056068893E1,3.223845978E0
1.706157242E1,1.107247467E0,1.036714142E1,2.771187286E0
1.707158642E1,8.231382751E-1,1.023825943E1,2.302511902E0
1.708160042E1,5.911207581E-1,1.005848328E1,2.513872375E0
1.709161542E1,5.968089294E-1,9.738299103E0,3.538042603E0
1.710162942E1,1.190025330E0,9.556726685E0,5.186115417E0
1.711164342E1,1.310375061E0,9.385333099E0,6.548881531E0
1.712165742E1,1.086291046E0,9.114396515E0,6.856042786E0
1.713167242E1,9.657916260E-1,9.145831146E0,6.323150940E0
1.714168642E1,7.921527100E-1,9.238787842E0,5.339696045E0
1.715170042E1,6.608757019E-1,9.143436127E0,4.855303345E0
1.716171442E1,7.125183105E-1,9.298962708E0,4.693789215E0
1.717172942E1,9.211843872E-1,9.565708008E0,4.248465271E0
1.718174342E1,1.109492798E0,9.689650269E0,4.132905579E0
1.719175742E1,1.160536652E0,9.681118011E0,4.273612976E0
1.720177142E1,9.934840393E-1,9.555978241E0,4.224814453E0
1.721178542E1,5.950126648E-1,9.363179169E0,3.966302032E0
1.722180042E1,5.545967102E-1,9.264833679E0,3.565735016E0
1.723181442E1,1.035396881E0,9.226663055E0,3.483256531E0
1.724182842E1,1.392554169E0,9.189091187E0,3.754193115E0
1.725184242E1,8.589138794E-1,8.914861450E0,4.055217133E0
1.726185742E1,3.701802063E-1,8.646918640E0,4.378694458E0
1.727187142E1,4.619393921E-1,8.569080505E0,4.558620300E0
1.728188542E1,1.330283661E0,8.943451996E0,4.595443726E0
1.729189942E1,2.168989563E0,9.376202087E0,4.919669495E0
1.730191442E1,2.033820648E0,9.253157959E0,5.299130402E0
1.731192842E1,1.351988525E0,8.788374481E0,5.011278992E0
1.732194242E1,1.077908478E0,8.648265839E0,4.856051788E0
1.733195642E1,9.798623657E-1,8.653055878E0,4.960085449E0
1.734197142E1,9.454339600E-1,8.746311951E0,4.835095367E0
1.735198542E1,1.050665131E0,8.815318451E0,5.091063080E0
1.736199942E1,9.120533752E-1,8.709039459E0,5.052293701E0
1.737201342E1,5.351371765E-1,8.670868835E0,4.888983307E0
1.738202742E1,3.400927734E-1,8.531209259E0,4.844974823E0
1.739204242E1,4.077520752E-1,8.558452606E0,4.606071625E0
1.740205642E1,6.429130554E-1,8.548722839E0,4.627477112E0
1.741207042E1,8.797206116E-1,8.478818207E0,4.896018677E0
1.742208442E1,1.279239807E0,8.538843384E0,4.933141479E0
1.743209942E1,1.381926270E0,8.677155762E0,4.761448517E0
1.744211342E1,1.359772339E0,8.809480591E0,4.395609283E0
1.745212742E1,1.375040588E0,8.873247986E0,4.088148651E0
1.746214142E1,1.410217438E0,8.865164795E0,4.046235809E0
1.747215642E1,1.420845337E0,8.867110748E0,4.165837097E0
1.748217042E1,1.356778564E0,8.785530396E0,4.093387756E0
1.749218442E1,1.275048523E0,8.664731598E0,3.909869385E0
1.750219842E1,1.303639069E0,8.635093231E0,3.857178955E0
1.751221242E1,1.454974365E0,8.634943542E0,3.928131409E0
1.752222742E1,1.586999817E0,8.634045410E0,4.174219666E0
1.753224142E1,1.566941528E0,8.675808563E0,4.372407532E0
1.754225542E1,1.343007202E0,8.616382141E0,4.339775391E0
1.755226942E1,1.087638245E0,8.601113892E0,4.001478882E0
1.756228442E1,1.074465637E0,8.712182922E0,3.606600037E0
1.757229842E1,1.378483429E0,8.770411835E0,3.758234711E0
1.758231242E1,1.716929626E0,8.840017090E0,3.982618103E0
1.759232642E1,1.917362823E0,8.919801178E0,4.022135925E0
1.760234142E1,1.941911774E0,8.944799194E0,4.197571106E0
1.761235542E1,1.709295502E0,8.901389465E0,3.764671326E0
1.762236942E1,1.470841370E0,9.042545929E0,2.545157318E0
1.763238342E1,1.334624634E0,8.928932190E0,3.476969604E0
1.764239742E1,1.080303497E0,8.706794128E0,3.127147064E0
1.765241242E1,9.056167603E-1,8.572822723E0,3.750301208E0
1.766242642E1,1.371597748E0,8.486751709E0,4.375550995E0
1.767244042E1,1.821262665E0,8.611891479E0,4.698429565E0
1.768245442E1,1.910177765E0,8.714128876E0,4.755311279E0
1.769246942E1,1.808838501E0,8.726103973E0,4.392316132E0
1.770248342E1,1.821861420E0,8.818461914E0,4.486021271E0
1.771249742E1,1.757345581E0,8.800798645E0,4.539909210E0
1.772251142E1,1.435065765E0,8.738079071E0,4.283342743E0