"Time (s)","X (rad/s)","Y (rad/s)","Z (rad/s)"
-1.855208333E-3,-1.726367325E-2,3.958754614E-2,1.894306093E-1
8.158791667E-3,-1.799324751E-1,1.255799532E-1,2.566466630E-1
1.817179167E-2,-2.645726800E-1,1.759481281E-1,2.960717082E-1
2.818579167E-2,-2.729903758E-1,1.912189722E-1,2.854507565E-1
3.819879167E-2,-2.524253130E-1,1.934441030E-1,2.377054989E-1
4.821179167E-2,-2.359818816E-1,1.691392958E-1,1.915856749E-1
5.822579167E-2,-2.250928730E-1,1.409288794E-1,1.541189700E-1
6.823879167E-2,-2.317638248E-1,1.071978062E-1,1.435571313E-1
7.825279167E-2,-2.288893908E-1,2.303829417E-2,1.623201817E-1
8.826579167E-2,-1.859741509E-1,-6.724579632E-2,1.788466871E-1
9.827879167E-2,-1.146574095E-1,-1.397843361E-1,1.819777191E-1
1.082927917E-1,-4.757051170E-2,-1.415864974E-1,1.783425063E-1
1.183057917E-1,-1.749867015E-2,-7.214082778E-2,1.767701656E-1
1.283197917E-1,-3.707982972E-2,7.878901437E-3,1.696147770E-1
1.383327917E-1,-7.496675104E-2,6.689748168E-2,1.517753303E-1
1.483467917E-1,-1.093811840E-1,8.142236620E-2,1.254001856E-1
1.583597917E-1,-1.234895959E-1,6.985301524E-2,1.066213772E-1
1.683727917E-1,-1.287946105E-1,2.678543888E-2,1.071079373E-1
1.783867917E-1,-1.223676950E-1,-7.341150194E-2,1.167825833E-1
1.883997917E-1,-1.042376980E-1,-1.527998149E-1,9.396888316E-2
1.984137917E-1,-1.080441102E-1,-2.286679447E-1,6.590609998E-2
2.084267917E-1,-1.281816065E-1,-3.122544289E-1,2.822849900E-2
2.184397917E-1,-1.412172019E-1,-3.821353614E-1,-4.152038600E-3
2.284537917E-1,-1.411844492E-1,-4.373389781E-1,-2.481736988E-2
2.384667917E-1,-1.351428181E-1,-4.509070218E-1,-2.848033607E-2
2.484807917E-1,-1.400928348E-1,-3.917225301E-1,-2.563181892E-2
2.584937917E-1,-1.555122733E-1,-3.001438677E-1,-1.315757353E-2
2.685077917E-1,-1.669241786E-1,-3.100758791E-1,-4.911627620E-3
2.785207917E-1,-1.561152339E-1,-4.074696004E-1,5.606593564E-3
2.885337917E-1,-1.225205138E-1,-5.442757010E-1,1.088098437E-2
2.985477917E-1,-8.251448721E-2,-6.309258938E-1,3.541318700E-2
3.085607917E-1,-5.409749225E-2,-5.897587538E-1,8.000089228E-2
3.185747917E-1,-8.572642505E-2,-4.392424226E-1,1.334618479E-1
3.285877917E-1,-1.868961751E-1,-2.303168923E-1,2.118208408E-1
3.386007917E-1,-3.456422091E-1,2.097239718E-2,2.741799951E-1
3.486147917E-1,-5.109670162E-1,1.954185069E-1,3.747060895E-1
3.586277917E-1,-6.604391336E-1,2.073567659E-1,5.155023336E-1
3.686417917E-1,-7.849957347E-1,9.148290008E-2,5.706158876E-1
3.786547917E-1,-8.208257556E-1,-1.928798109E-1,5.151076913E-1
3.886680417E-1,-7.089008093E-1,-6.825613379E-1,4.260678291E-1
3.986820417E-1,-4.566281736E-1,-1.262781739E0,3.623047471E-1
4.086950417E-1,-1.011992320E-1,-1.791995883E0,2.227758616E-1
4.187090417E-1,3.099298477E-1,-2.271016121E0,1.264207065E-1
4.287220417E-1,6.980264783E-1,-2.449306726E0,2.235120982E-1
4.387360417E-1,1.004785061E0,-2.418765783E0,4.457202256E-1
4.487490417E-1,1.167015791E0,-2.197062016E0,6.346954703E-1
4.587620417E-1,1.191116333E0,-1.996764660E0,7.982451916E-1
4.687760417E-1,1.105738878E0,-1.992494226E0,9.174517393E-1
4.787890417E-1,9.376332760E-1,-2.265392542E0,9.491574764E-1
4.888030417E-1,7.157464027E-1,-2.916245222E0,9.566510916E-1
4.988160417E-1,3.916363120E-1,-3.444360256E0,1.066073895E0
5.088290417E-1,5.288116261E-2,-3.584416389E0,1.395301223E0
5.188430417E-1,-2.383130193E-1,-3.545479774E0,1.783883452E0
5.288560417E-1,-4.503357708E-1,-3.497202635E0,2.075993538E0
5.388700417E-1,-4.949664176E-1,-4.054450035E0,2.265771627E0
5.488830417E-1,-9.403495491E-2,-4.778389931E0,2.528892279E0
5.588970417E-1,5.731946230E-1,-5.059636116E0,2.843797922E0
5.689100417E-1,1.242192388E0,-4.699409485E0,3.026986837E0
5.789230417E-1,1.577357054E0,-4.336585045E0,3.040158749E0
5.889370417E-1,1.446753263E0,-4.291877747E0,3.192895174E0
5.989500417E-1,9.871600270E-1,-4.233347416E0,3.571983099E0
6.089640417E-1,3.616317511E-1,-3.927032232E0,3.836820126E0
6.189770417E-1,-2.980101407E-1,-3.532566309E0,3.837004423E0
6.289900417E-1,-9.416208267E-1,-3.333571196E0,3.751113415E0
6.390040417E-1,-1.345731258E0,-3.209224463E0,3.751879215E0
6.490170417E-1,-1.430846453E0,-2.823624372E0,3.912742615E0
6.590310417E-1,-1.284716845E0,-2.579043627E0,4.058321476E0
6.690440417E-1,-9.987097979E-1,-2.601763248E0,4.266698837E0
6.790570417E-1,-7.574326992E-1,-2.722631454E0,4.591325760E0
6.890710417E-1,-6.780980825E-1,-2.693827152E0,4.896417618E0
6.990840417E-1,-7.219627500E-1,-2.602287769E0,5.041129589E0
7.090980417E-1,-7.077726722E-1,-2.660451651E0,4.995602131E0
7.191110417E-1,-3.705468476E-1,-3.160073757E0,4.774021626E0
7.291250417E-1,3.912407756E-1,-4.040424824E0,4.478881836E0
7.391380417E-1,1.306191683E0,-5.018449783E0,4.211557388E0
7.491510417E-1,2.197480679E0,-5.647583008E0,3.964007139E0
7.591650417E-1,2.873155594E0,-5.459417820E0,3.859356642E0
7.691780417E-1,3.164038658E0,-4.463813782E0,3.888027906E0
7.791920417E-1,3.022037983E0,-3.144103289E0,3.918025970E0
7.892050417E-1,2.699554443E0,-1.862952113E0,3.893788099E0
7.992180417E-1,2.482610226E0,-1.030281544E0,3.734637022E0
8.092320417E-1,2.445633650E0,-8.408991098E-1,3.432575464E0
8.192450417E-1,2.570772171E0,-1.079598427E0,2.987001181E0
8.292590417E-1,2.843091726E0,-1.649115324E0,2.321078777E0
8.392720417E-1,3.189851999E0,-2.725880861E0,1.472168088E0
8.492860417E-1,3.554355145E0,-3.844640255E0,5.903571844E-1
8.592990417E-1,3.836798191E0,-4.598452091E0,-2.496024817E-1
8.693120417E-1,3.980452061E0,-5.041572571E0,-9.117895365E-1
8.793260417E-1,3.906285763E0,-4.984937668E0,-1.451815367E0
8.893390417E-1,3.769078016E0,-4.719056606E0,-1.834842086E0
8.993530417E-1,3.606318474E0,-4.475087643E0,-1.941523314E0
9.093660417E-1,3.252046585E0,-4.134421825E0,-1.910677791E0
9.193790417E-1,2.553036213E0,-3.745883465E0,-1.908195496E0
9.293930417E-1,1.717372894E0,-3.359653234E0,-2.056841135E0
9.394060417E-1,9.968665242E-1,-3.128324032E0,-2.257112265E0
9.494200417E-1,5.596788526E-1,-3.034159422E0,-2.440815687E0
9.594330417E-1,3.966193199E-1,-2.945624828E0,-2.616230726E0
9.694470417E-1,4.363203943E-1,-3.057909489E0,-2.815981150E0
9.794600417E-1,5.421124101E-1,-3.179449320E0,-3.042080402E0
9.894730417E-1,6.129010916E-1,-3.234882593E0,-3.211988926E0
9.994870417E-1,5.970546603E-1,-3.205882549E0,-3.302236795E0
1.009500042E0,4.179131389E-1,-3.108638287E0,-3.340317965E0
1.019514042E0,1.547105908E-1,-3.053368330E0,-3.296189547E0
1.029527042E0,-1.993510872E-1,-3.028849602E0,-3.211903095E0
1.039540042E0,-6.318931580E-1,-2.905450106E0,-3.092588902E0
1.049554042E0,-1.082073092E0,-2.731857061E0,-3.005201578E0
1.059567042E0,-1.478088021E0,-2.583570242E0,-2.986583948E0
1.069581042E0,-1.670786381E0,-2.512475729E0,-2.993177414E0
1.079594042E0,-1.650084019E0,-2.541435480E0,-2.955791235E0
1.089608042E0,-1.508662105E0,-2.619631052E0,-2.882823467E0
1.099621042E0,-1.368826747E0,-2.771569729E0,-2.817873716E0
1.109634042E0,-1.285393715E0,-2.944605827E0,-2.747045755E0
1.119648042E0,-1.216928005E0,-3.046872377E0,-2.655045509E0
1.129661042E0,-1.190319061E0,-3.061893463E0,-2.552808523E0
1.139675042E0,-1.228090882E0,-2.928551435E0,-2.411767721E0
1.149688042E0,-1.365443349E0,-2.636329651E0,-2.223476410E0
1.159701042E0,-1.615753651E0,-2.380759954E0,-2.048215628E0
1.169715042E0,-1.920614243E0,-2.210021019E0,-1.912061810E0
1.179728042E0,-2.197762251E0,-2.083715439E0,-1.829139709E0
1.189742042E0,-2.379803419E0,-2.022537470E0,-1.786087513E0
1.199755042E0,-2.391980886E0,-1.975655317E0,-1.753198028E0
1.209769042E0,-2.289259434E0,-2.001954556E0,-1.693260908E0
1.219782042E0,-2.105170727E0,-2.057176352E0,-1.645638466E0
1.229795042E0,-1.865925908E0,-2.101042271E0,-1.543485999E0
1.239809042E0,-1.666625023E0,-2.038832426E0,-1.421713591E0
1.249822042E0,-1.533602476E0,-1.872828484E0,-1.286801219E0
1.259836042E0,-1.475156426E0,-1.735235095E0,-1.149113297E0
1.269849042E0,-1.472857833E0,-1.679325461E0,-1.008244395E0
1.279863042E0,-1.468710899E0,-1.732352853E0,-8.818631172E-1
1.289876042E0,-1.401460767E0,-1.835136533E0,-8.057537079E-1
1.299889042E0,-1.241996288E0,-1.961822748E0,-7.437514067E-1
1.309903042E0,-1.087011456E0,-2.120884657E0,-6.894969344E-1
1.319916042E0,-1.013359189E0,-2.295290232E0,-6.677824855E-1
1.329930042E0,-9.835855961E-1,-2.341959238E0,-6.188202500E-1
1.339943042E0,-1.028282881E0,-2.245773792E0,-5.153794289E-1
1.349956042E0,-1.130298495E0,-2.128201485E0,-4.375053942E-1
1.359970042E0,-1.210388899E0,-2.014178991E0,-3.722659945E-1
1.369983042E0,-1.286211491E0,-1.964438319E0,-3.495692313E-1
1.379997042E0,-1.318717480E0,-1.950413704E0,-3.530460000E-1
1.390010333E0,-1.311292648E0,-1.917489529E0,-3.608386815E-1
1.400023333E0,-1.280770063E0,-1.873306036E0,-3.630006015E-1
1.410037333E0,-1.225373387E0,-1.803315520E0,-3.677727282E-1
1.420050333E0,-1.149235964E0,-1.778802991E0,-3.631121218E-1
1.430064333E0,-1.044618726E0,-1.770831704E0,-3.337750137E-1
1.440077333E0,-9.180764556E-1,-1.766156793E0,-2.548242509E-1
1.450091333E0,-8.592131138E-1,-1.798014522E0,-1.221101508E-1
1.460104333E0,-8.719033599E-1,-1.796325445E0,3.615865856E-2
1.470117333E0,-9.277165532E-1,-1.710431337E0,2.317728996E-1
1.480131333E0,-9.771237969E-1,-1.545987844E0,3.998790383E-1
1.490144333E0,-1.018341541E0,-1.388772607E0,4.906984270E-1
1.500158333E0,-1.025334597E0,-1.243103504E0,5.323175192E-1
1.510171333E0,-1.006098032E0,-1.106125593E0,5.645351410E-1
1.520185333E0,-9.992687702E-1,-1.033723593E0,5.907200575E-1
1.530198333E0,-1.004358888E0,-9.716086984E-1,6.176408529E-1
1.540211333E0,-1.036114216E0,-8.980359435E-1,6.962110400E-1
1.550225333E0,-1.075551629E0,-8.112552762E-1,8.048541546E-1
1.560238333E0,-1.092488050E0,-7.491040230E-1,8.936260343E-1
1.570252333E0,-1.087686419E0,-6.751837134E-1,9.355077147E-1
1.580265333E0,-1.092702985E0,-5.694636703E-1,9.149444103E-1
1.590278333E0,-1.127392769E0,-4.063706100E-1,8.425815701E-1
1.600292333E0,-1.182402849E0,-1.612822115E-1,7.159888744E-1
1.610305333E0,-1.273372412E0,5.574889854E-2,5.867137313E-1
1.620319333E0,-1.338022828E0,1.978209019E-1,5.302002430E-1
1.630332333E0,-1.355322242E0,2.380780429E-1,5.704140067E-1
1.640346333E0,-1.301785588E0,1.575061977E-1,6.379019022E-1
1.650359333E0,-1.171713591E0,-8.442296647E-3,7.029482722E-1
1.660372333E0,-1.018852949E0,-2.115016282E-1,7.811976075E-1
1.670386333E0,-9.367489815E-1,-3.582862914E-1,8.882191181E-1
1.680399333E0,-9.288131595E-1,-4.094547629E-1,9.841774702E-1
1.690413333E0,-9.650140405E-1,-4.022690058E-1,1.029752970E0
1.700426333E0,-1.021313190E0,-3.299330175E-1,1.006299615E0
1.710440333E0,-1.089384317E0,-2.365365177E-1,9.352783561E-1
1.720453333E0,-1.112752676E0,-2.043783963E-1,8.830178380E-1
1.730466333E0,-1.095852017E0,-1.993330419E-1,8.490100503E-1
1.740480333E0,-1.057832122E0,-1.832210869E-1,8.786411881E-1
1.750493333E0,-1.001735330E0,-1.408310086E-1,9.159044027E-1
1.760507333E0,-9.387760162E-1,-8.451612666E-3,9.435490966E-1
1.770520333E0,-8.928098679E-1,2.057014257E-1,9.861471653E-1
1.780533333E0,-9.210062027E-1,5.211164355E-1,1.046390891E0
1.790547333E0,-1.085604429E0,8.873612881E-1,1.061537385E0
1.800560333E0,-1.301048398E0,1.240259528E0,1.057298899E0
1.810574333E0,-1.493915319E0,1.621337891E0,1.175682545E0
1.820587333E0,-1.647529006E0,2.103311539E0,1.421025276E0
1.830601333E0,-1.783658385E0,2.599756241E0,1.640432119E0
1.840614333E0,-1.941814899E0,3.055691004E0,1.862416267E0
1.850627333E0,-1.982447863E0,3.109837294E0,2.007637262E0
1.860641333E0,-1.498272657E0,2.278761148E0,2.109256983E0
1.870654333E0,-1.812465638E-1,8.173089623E-1,2.277079821E0
1.880668333E0,1.705196023E0,-8.341050148E-1,2.534082651E0
1.890681333E0,3.461411715E0,-2.163047075E0,2.811836243E0
1.900695333E0,4.525187016E0,-2.687680483E0,2.991059542E0
1.910708333E0,4.756560802E0,-2.366933346E0,2.881097317E0
1.920721333E0,4.370939255E0,-1.436859608E0,2.605195284E0
1.930735333E0,3.887376547E0,-4.077509940E-1,2.287444592E0
1.940748333E0,3.705960035E0,1.315086931E-1,2.065490961E0
1.950762333E0,4.021428108E0,-9.577772766E-2,1.984509230E0
1.960775333E0,4.802373409E0,-1.039958954E0,1.985768437E0
1.970788333E0,5.628469944E0,-2.535873413E0,1.942353368E0
1.980802333E0,6.152865410E0,-4.087258816E0,1.679719806E0
1.990815333E0,5.955928326E0,-5.297534466E0,1.105566740E0
2.000829333E0,5.227696419E0,-5.464636326E0,4.502941370E-1
2.010842333E0,4.117299080E0,-4.846359253E0,-9.580329806E-2
2.020856333E0,2.918689728E0,-4.012465000E0,-5.445772409E-1
2.030869333E0,1.938892841E0,-3.460310698E0,-9.377266765E-1
2.040882333E0,1.389262915E0,-3.231909990E0,-1.267636061E0
2.050896333E0,1.114953876E0,-3.129379034E0,-1.451911330E0
2.060909333E0,7.824174166E-1,-3.027991295E0,-1.393140793E0
2.070923333E0,3.148776591E-1,-2.826720238E0,-1.248693585E0
2.080936333E0,-2.153044492E-1,-2.486697912E0,-1.138959408E0
2.090950333E0,-6.998506784E-1,-2.117253542E0,-1.063824177E0
2.100963333E0,-1.109603286E0,-1.756289482E0,-1.011715770E0
2.110976333E0,-1.413540840E0,-1.436395645E0,-9.782142043E-1
2.120990333E0,-1.618741989E0,-1.152440667E0,-8.537548184E-1
2.131003333E0,-1.683637381E0,-1.104595065E0,-6.169584990E-1
2.141017333E0,-1.655642271E0,-1.428264976E0,-3.811885118E-1
2.151030333E0,-1.605203629E0,-1.953682661E0,-1.680269688E-1
2.161043333E0,-1.614422917E0,-2.465051651E0,4.168831557E-2
2.171057333E0,-1.717297435E0,-2.807406902E0,2.540858090E-1
2.181070333E0,-1.915992618E0,-2.926274776E0,4.772971869E-1
2.191084333E0,-2.210932255E0,-2.844841957E0,6.852613091E-1
2.201097333E0,-2.585855961E0,-2.635556936E0,8.425672054E-1
2.211111333E0,-2.951317310E0,-2.288362503E0,9.608946443E-1
2.221124333E0,-3.291379929E0,-1.814589739E0,1.049725056E0
2.231137333E0,-3.630318642E0,-1.283073425E0,1.103787184E0
2.241151333E0,-3.897583485E0,-7.932723165E-1,1.116115808E0
2.251164333E0,-4.074584484E0,-3.161810935E-1,1.090592146E0
2.261178333E0,-4.307768345E0,1.136540845E-1,9.646680951E-1
2.271191333E0,-4.694448948E0,4.872702956E-1,7.544679642E-1
2.281204333E0,-5.189251900E0,7.745774984E-1,4.591776133E-1
2.291218333E0,-5.740185738E0,9.956587553E-1,6.594270468E-2
2.301231333E0,-6.224390030E0,1.125609398E0,-3.122983575E-1
2.311245333E0,-6.506573677E0,1.184907079E0,-5.160089135E-1
2.321258333E0,-6.558815479E0,1.203648210E0,-5.462884903E-1
2.331272333E0,-6.355886936E0,1.069321990E0,-4.037062526E-1
2.341285333E0,-5.765366554E0,8.095688224E-1,4.762018565E-3
2.351298333E0,-4.815066338E0,6.225179434E-1,5.839250088E-1
2.361312333E0,-3.852254629E0,4.184453785E-1,1.232334018E0
2.371325333E0,-3.131924152E0,2.238889486E-1,1.782905340E0
2.381339333E0,-2.672618866E0,1.325686574E-1,2.148247719E0
2.391351833E0,-2.511533260E0,2.161956429E-1,2.271648884E0
2.401365833E0,-2.672843933E0,4.477353990E-1,2.076803684E0
2.411378833E0,-3.003553629E0,8.021443486E-1,1.755070567E0
2.421391833E0,-3.337895155E0,1.234929323E0,1.540633678E0
2.431405833E0,-3.513191462E0,1.492175579E0,1.510051489E0
2.441418833E0,-3.393456936E0,1.438019276E0,1.611840010E0
2.451432833E0,-2.905082703E0,1.177348852E0,1.793029547E0
2.461445833E0,-2.203721046E0,8.597399592E-1,2.008756876E0
2.471459833E0,-1.399096966E0,6.305595040E-1,2.269587278E0
2.481472833E0,-5.181393027E-1,5.597294569E-1,2.473567247E0
2.491485833E0,1.953271031E-1,7.627185583E-1,2.618020058E0
2.501499833E0,6.526142955E-1,1.245350122E0,2.778980255E0
2.511512833E0,9.672992826E-1,1.865331411E0,2.942389488E0
2.521526833E0,1.208649158E0,2.395933867E0,3.077960491E0
2.531539833E0,1.370347261E0,2.823617458E0,3.216688395E0
2.541552833E0,1.462540746E0,3.084527016E0,3.368098259E0
2.551566833E0,1.450460911E0,3.018876553E0,3.412355423E0
2.561579833E0,1.263382554E0,2.555433989E0,3.214192152E0
2.571593833E0,1.096223950E0,1.983010650E0,2.894659758E0
2.581606833E0,1.038013220E0,1.482521534E0,2.602849245E0
2.591620833E0,1.130114675E0,1.223887324E0,2.336999893E0
2.601633833E0,1.195946932E0,1.437772989E0,2.217195749E0
2.611646833E0,8.905925751E-1,2.007267952E0,2.304030418E0
2.621660833E0,2.626900375E-1,2.496573687E0,2.409315348E0
2.631673833E0,-3.676224053E-1,2.777296305E0,2.533695459E0
2.641687833E0,-7.688359618E-1,3.034464598E0,2.622701168E0
2.651700833E0,-9.237232804E-1,3.147032499E0,2.672410011E0
2.661714833E0,-6.121773124E-1,2.913269043E0,2.759915590E0
2.671727833E0,4.368170798E-1,2.453136683E0,2.927799463E0
2.681740833E0,1.539410114E0,1.910864830E0,2.861397505E0
2.691754833E0,1.884518027E0,1.410603404E0,2.507712364E0
2.701767833E0,1.583809614E0,7.736250758E-1,2.002377987E0
2.711781833E0,1.300455213E0,4.090671241E-1,1.686169386E0
2.721794833E0,1.221034169E0,5.298931003E-1,1.613986373E0
2.731807833E0,1.275225759E0,8.515550494E-1,1.615923882E0
2.741821833E0,1.494886160E0,1.093594313E0,1.763920903E0
2.751834833E0,2.045943022E0,1.271269798E0,2.083051443E0
2.761848833E0,2.684725285E0,1.414506197E0,2.394732237E0
2.771861833E0,2.760400295E0,1.501133204E0,2.491325855E0
2.781875833E0,2.364854574E0,1.452961683E0,2.406432629E0
2.791888833E0,1.754251719E0,1.414851546E0,2.279296875E0
2.801901833E0,1.132326841E0,1.584168077E0,2.063866854E0
2.811915833E0,7.208043933E-1,1.657932878E0,1.774401426E0
2.821928833E0,8.188715577E-1,1.685115218E0,1.654690146E0
2.831942833E0,1.459060550E0,1.638157010E0,1.695270538E0
2.841955833E0,2.027861357E0,1.332483530E0,1.654678941E0
2.851969833E0,2.221822500E0,1.216546297E0,1.566531777E0
2.861982833E0,2.063925266E0,1.329465866E0,1.495656729E0
2.871995833E0,1.734830737E0,1.454149723E0,1.468159318E0
2.882009833E0,1.403139234E0,1.470357060E0,1.434260845E0
2.892022833E0,1.389671445E0,1.351677299E0,1.431459427E0
2.902036833E0,2.117302418E0,1.242852211E0,1.408615708E0
2.912049833E0,2.857582331E0,8.459051251E-1,1.271812797E0
2.922063833E0,3.434620142E0,2.353751212E-1,9.507324100E-1
2.932076833E0,3.646825075E0,-3.124365807E-1,6.211348176E-1
2.942089833E0,3.275670290E0,-5.956263542E-1,4.369352758E-1
2.952103833E0,2.587158918E0,-4.968970716E-1,4.613817632E-1
2.962116833E0,1.800775647E0,1.203114865E-3,6.017345786E-1
2.972130833E0,1.207666993E0,4.379825890E-1,7.149024010E-1
2.982143833E0,1.247686148E0,7.592756748E-1,7.850379944E-1
2.992156833E0,1.760528684E0,8.755990863E-1,6.928529739E-1
3.002170833E0,2.158694029E0,8.784841299E-1,4.097021520E-1
3.012183833E0,2.373450041E0,1.074139595E0,9.036117792E-2
3.022197833E0,2.637800455E0,1.341936707E0,-3.125595301E-2
3.032210833E0,2.974947929E0,1.237390041E0,1.334136873E-1
3.042224833E0,3.197914124E0,8.276527524E-1,2.646144331E-1
3.052237833E0,3.301088095E0,3.604595065E-1,2.720329463E-1
3.062250833E0,3.645132065E0,-3.263681829E-1,1.975234747E-1
3.072264833E0,4.405648708E0,-1.003242493E0,1.163492575E-1
3.082277833E0,5.304927826E0,-1.756297350E0,1.731850952E-2
3.092291833E0,6.061041355E0,-2.496714592E0,-7.932467759E-2
3.102304833E0,6.571521282E0,-3.131932020E0,-1.154610142E-1
3.112318833E0,6.887544155E0,-3.746656656E0,-9.866365790E-2
3.122331833E0,7.032360554E0,-4.194926739E0,-3.181822598E-2
3.132344833E0,7.190415382E0,-4.433910847E0,2.236260623E-1
3.142358833E0,7.308631420E0,-4.542317867E0,6.850752234E-1
3.152371833E0,7.372489929E0,-4.450808048E0,1.222275257E0
3.162385833E0,7.306838512E0,-4.103519440E0,1.669260740E0
3.172398833E0,6.994176865E0,-3.522417068E0,2.037271261E0
3.182411833E0,6.599692345E0,-2.759969473E0,2.346535444E0
3.192425833E0,6.277467728E0,-1.927879810E0,2.598288059E0
3.202438833E0,6.025134087E0,-1.308968663E0,2.729402065E0
3.212452833E0,5.721263409E0,-8.230762482E-1,2.785154104E0
3.222465833E0,5.312819958E0,-5.749103427E-1,2.798838854E0
3.232479833E0,4.841773033E0,-7.218798399E-1,2.752838373E0
3.242492833E0,4.400055885E0,-1.070823908E0,2.670037746E0
3.252505833E0,4.162919044E0,-1.353912592E0,2.538298368E0
3.262519833E0,4.087407589E0,-1.539282441E0,2.397356749E0
3.272532833E0,4.036217213E0,-1.524402618E0,2.283089638E0
3.282546833E0,3.961601257E0,-1.351320148E0,2.275477171E0
3.292559833E0,3.811499596E0,-1.069457412E0,2.293787479E0
3.302573833E0,3.555702448E0,-7.289047241E-1,2.329272509E0
3.312586833E0,3.274119139E0,-3.758414686E-1,2.351641655E0
3.322599833E0,3.020591736E0,-3.287686035E-2,2.359263897E0
3.332613833E0,2.786562204E0,1.679308116E-1,2.453567982E0
3.342626833E0,2.506738901E0,1.991428882E-1,2.516132832E0
3.352640833E0,2.210941076E0,1.486871690E-1,2.453233004E0
3.362653833E0,1.951958299E0,1.237220317E-1,2.227094412E0
3.372666833E0,1.630989075E0,1.911841631E-1,1.948539853E0
3.382680833E0,1.274577141E0,3.983707130E-1,1.755957246E0
3.392694542E0,9.093957543E-1,7.560284138E-1,1.720053315E0
3.402708542E0,4.875233173E-1,1.167281032E0,1.815717459E0
3.412721542E0,6.629884243E-2,1.440737605E0,1.965514660E0
3.422735542E0,-2.355110347E-1,1.645612836E0,2.172951698E0
3.432748542E0,-4.560399354E-1,1.640367746E0,2.395351648E0
3.442761542E0,-5.872169137E-1,1.415587187E0,2.475712061E0
3.452775542E0,-6.258735061E-1,1.104003668E0,2.301794052E0
3.462788542E0,-6.799970269E-1,6.238631606E-1,1.958869815E0
3.472802542E0,-6.590536833E-1,-2.809331380E-2,1.804063797E0
3.482815542E0,-5.377895236E-1,-6.431558132E-1,1.823563576E0
3.492829542E0,-5.576098561E-1,-1.185987353E0,1.834270597E0
3.502842542E0,-6.551852822E-1,-1.180584669E0,1.762022018E0
3.512855542E0,-7.500314116E-1,-4.876464605E-1,1.543539762E0
3.522869542E0,-8.454539180E-1,3.018896580E-1,1.251142144E0
3.532882542E0,-6.647073030E-1,1.005161285E0,8.716266155E-1
3.542896542E0,-2.645905614E-1,1.506174088E0,4.827158451E-1
3.552909542E0,1.350388676E-1,1.424364209E0,2.204701006E-1
3.562922542E0,6.144087315E-1,6.625168324E-1,1.341680139E-1
3.572936542E0,1.205368996E0,-4.497936964E-1,1.350985169E-1
3.582949542E0,1.695873976E0,-1.486892223E0,1.059595495E-1
3.592963542E0,1.971391559E0,-2.033175230E0,2.860696800E-2
3.602976542E0,1.987306118E0,-2.002335072E0,-1.279940009E-1
3.612990542E0,1.794445872E0,-1.525138021E0,-3.824238777E-1
3.623003542E0,1.498608112E0,-9.522539973E-1,-7.466279864E-1
3.633016542E0,1.322723031E0,-4.337168336E-1,-1.115965366E0
3.643030542E0,1.392717600E0,-3.278820813E-1,-1.544806957E0
3.653043542E0,1.572323084E0,-6.472281218E-1,-1.999127388E0
3.663057542E0,1.683305979E0,-1.288604975E0,-2.363205433E0
3.673070542E0,1.734283686E0,-2.170146465E0,-2.552993774E0
3.683084542E0,1.912016511E0,-3.159612179E0,-2.359488249E0
3.693097542E0,2.225746155E0,-3.869420767E0,-1.839825392E0
3.703110542E0,2.451188087E0,-4.184042931E0,-1.453978658E0
3.713124542E0,2.445247650E0,-4.132504463E0,-1.334286451E0
3.723137542E0,2.117199659E0,-3.756738186E0,-1.490314364E0
3.733151542E0,1.467971206E0,-3.334092140E0,-1.931528568E0
3.743164542E0,5.796051025E-1,-3.208234310E0,-2.564318180E0
3.753177542E0,-3.758364022E-1,-3.405049086E0,-3.224623680E0
3.763191542E0,-1.116905093E0,-3.810634613E0,-3.659083843E0
3.773204542E0,-1.301952481E0,-4.178329468E0,-4.002515793E0
3.783218542E0,-1.083676815E0,-4.525421143E0,-4.270344257E0
3.793231542E0,-7.200732827E-1,-4.810930729E0,-4.305464745E0
3.803245542E0,-6.966022253E-1,-4.967357159E0,-4.108612061E0
3.813258542E0,-1.081190109E0,-4.906638145E0,-3.967954397E0
3.823271542E0,-1.604326487E0,-4.613425732E0,-3.785133123E0
3.833285542E0,-2.093507528E0,-4.337598324E0,-3.352352381E0
3.843298542E0,-2.424742937E0,-4.341147423E0,-2.766204834E0
3.853312542E0,-2.415369749E0,-4.688497543E0,-2.356772184E0
3.863325542E0,-2.265143394E0,-5.249419212E0,-2.159203291E0
3.873339542E0,-2.275547504E0,-5.843976021E0,-2.080658436E0
3.883352542E0,-2.515928030E0,-6.196091652E0,-2.053945065E0
3.893365542E0,-2.905200481E0,-6.233527184E0,-2.068310261E0
3.903379542E0,-3.333680391E0,-6.175419807E0,-2.109454870E0
3.913392542E0,-3.599239349E0,-6.058378696E0,-2.207689047E0
3.923406542E0,-3.642086267E0,-5.804508209E0,-2.325217962E0
3.933419542E0,-3.604671717E0,-5.394702911E0,-2.349926233E0
3.943432542E0,-3.612479448E0,-4.858903885E0,-2.167038918E0
3.953446542E0,-3.712491035E0,-4.192471504E0,-1.711246014E0
3.963459542E0,-3.792949438E0,-3.578706026E0,-1.193649888E0
3.973473542E0,-3.728822470E0,-3.099519968E0,-6.968266964E-1
3.983486542E0,-3.493434668E0,-2.841310263E0,-3.306483030E-1
3.993500542E0,-3.228850126E0,-2.737640381E0,-1.348082423E-1
4.003513542E0,-3.040402174E0,-2.846162319E0,-2.437187731E-2
4.013526542E0,-2.878379822E0,-3.068080425E0,5.535677075E-2
4.023540542E0,-2.717421770E0,-3.219040632E0,1.326497644E-1
4.033553542E0,-2.642142773E0,-3.288495541E0,2.772303522E-1
4.043567542E0,-2.625601530E0,-3.261580229E0,5.558180213E-1
4.053580542E0,-2.711948872E0,-3.193080902E0,9.500225782E-1
4.063593542E0,-2.805943251E0,-3.366211176E0,1.288729548E0
4.073607542E0,-2.752267599E0,-3.608458519E0,1.480401039E0
4.083620542E0,-2.657340288E0,-3.766988993E0,1.591547966E0
4.093634542E0,-2.769598961E0,-3.702285290E0,1.684808135E0
4.103647542E0,-3.137229919E0,-3.383781672E0,1.804946423E0
4.113661542E0,-3.603343248E0,-2.827876806E0,1.908020854E0
4.123674542E0,-3.994357586E0,-2.148836374E0,2.017521858E0
4.133687542E0,-4.212141514E0,-1.534592271E0,2.127966642E0
4.143701542E0,-4.201940060E0,-1.034138083E0,2.159369707E0
4.153714542E0,-3.978614092E0,-8.367155790E-1,2.125429392E0
4.163728542E0,-3.584683418E0,-8.415024877E-1,2.076817036E0
4.173741542E0,-3.239872932E0,-9.517408609E-1,2.009220123E0
4.183755542E0,-3.009966373E0,-1.041827559E0,1.941411257E0
4.193768542E0,-2.828257799E0,-9.983823299E-1,1.895577431E0
4.203781542E0,-2.752386332E0,-8.444442749E-1,1.925748587E0
4.213795542E0,-2.739411354E0,-5.339018703E-1,1.927459121E0
4.223808542E0,-2.772955418E0,-1.921698153E-1,1.926183224E0
4.233822542E0,-2.808554411E0,5.044069514E-2,1.888243914E0
4.243835542E0,-2.732159615E0,1.601715684E-1,1.815825343E0
4.253848542E0,-2.498867989E0,1.347024292E-1,1.733844399E0
4.263862542E0,-2.176705360E0,-5.396948755E-2,1.667804360E0
4.273875542E0,-1.812163472E0,-3.273946345E-1,1.663582206E0
4.283889542E0,-1.411080480E0,-6.164475083E-1,1.758698463E0
4.293902542E0,-1.024015665E0,-8.243975043E-1,1.876962781E0
4.303916542E0,-6.597979069E-1,-8.760953546E-1,1.954313278E0
4.313929542E0,-3.871328533E-1,-8.052560687E-1,2.093920946E0
4.323942542E0,-1.990780383E-1,-5.901345015E-1,2.235890388E0
4.333956542E0,-1.085750237E-1,-2.945180535E-1,2.314564466E0
4.343969542E0,-9.331835061E-2,6.719128788E-2,2.291639566E0
4.353983542E0,-1.320234090E-1,3.919925392E-1,2.155422688E0
4.363996542E0,-2.116948217E-1,6.274417639E-1,1.962382436E0
4.374009542E0,-2.680459917E-1,7.618786693E-1,1.798121095E0
4.384023542E0,-2.616361380E-1,8.466823101E-1,1.743091822E0
4.394036417E0,-1.572032124E-1,8.807510734E-1,1.710360765E0
4.404050417E0,5.953376368E-2,8.650819063E-1,1.657404184E0
4.414063417E0,3.986346126E-1,8.761712909E-1,1.524214983E0
4.424077417E0,9.108769298E-1,8.917127848E-1,1.324424028E0
4.434090417E0,1.562600970E0,8.971091509E-1,1.123927355E0
4.444103417E0,2.124127388E0,8.776069880E-1,8.618692756E-1
4.454117417E0,2.475417137E0,7.949587107E-1,5.675614476E-1
4.464130417E0,2.840406656E0,7.010048628E-1,2.838304341E-1
4.474144417E0,3.032144785E0,5.126637220E-1,5.095511302E-2
4.484157417E0,2.956291676E0,1.557719260E-1,5.342325941E-2
4.494170417E0,3.129429102E0,-1.674902886E-1,3.424249589E-1
4.504184417E0,3.734969139E0,-7.577947378E-1,9.431602955E-1
4.514197417E0,4.531995773E0,-1.726824164E0,1.577915907E0
4.524211417E0,5.281370640E0,-2.833755016E0,1.841764688E0
4.534224417E0,5.754344940E0,-3.670538187E0,1.767536283E0
4.544238417E0,5.493718147E0,-3.870187759E0,1.521991491E0
4.554251417E0,4.384578705E0,-3.316368818E0,1.093954086E0
4.564264417E0,2.773398638E0,-2.079365969E0,5.581110120E-1
4.574278417E0,9.635389447E-1,-7.257730961E-1,-3.631483018E-1
4.584291417E0,-9.406587481E-1,4.189074636E-1,-1.128491044E0
4.594305417E0,-2.518247604E0,1.089035511E0,-1.607405186E0
4.604318417E0,-3.424325228E0,1.362776875E0,-1.712409019E0
4.614331417E0,-3.663868427E0,1.315286875E0,-1.630797267E0
4.624345417E0,-3.750623703E0,6.747742295E-1,-1.638603330E0
4.634358417E0,-3.657021046E0,-3.903551698E-1,-1.626833439E0
4.644372417E0,-3.456050634E0,-1.651449442E0,-1.576679587E0
4.654385417E0,-3.212512732E0,-2.772781134E0,-1.524102688E0
4.664399417E0,-3.010092020E0,-3.527038574E0,-1.467081428E0
4.674412417E0,-2.936285734E0,-3.797516823E0,-1.290005088E0
4.684425417E0,-2.955243111E0,-3.615299940E0,-7.982639074E-1
4.694439417E0,-2.911423206E0,-3.184806585E0,-1.664494574E-1
4.704452417E0,-2.838006973E0,-2.467460871E0,4.406608343E-1
4.714466417E0,-2.852088451E0,-1.518757224E0,1.006990552E0
4.724479417E0,-2.923700094E0,-4.019415081E-1,1.608421445E0
4.734492417E0,-3.017033815E0,8.042454123E-1,2.171133757E0
4.744506417E0,-3.158603191E0,1.964541912E0,2.528019667E0
4.754519417E0,-3.377242804E0,2.879394770E0,2.627543688E0
4.764533417E0,-3.703399897E0,3.531844139E0,2.414229870E0
4.774546417E0,-4.122430801E0,3.985220194E0,1.759462714E0
4.784560417E0,-4.534582138E0,4.388525963E0,8.209917545E-1
4.794573417E0,-4.950570107E0,4.758844852E0,-1.261074245E-1
4.804586417E0,-5.410235405E0,5.061721802E0,-8.996945024E-1
4.814600417E0,-5.870477200E0,5.379839420E0,-1.325047255E0
4.824613417E0,-6.250696659E0,5.567096710E0,-1.400784731E0
4.834627417E0,-6.414963245E0,5.519151688E0,-1.213606238E0
4.844640417E0,-6.244398594E0,5.175039768E0,-8.575157523E-1
4.854654417E0,-5.866796494E0,4.693498135E0,-4.667631388E-1
4.864667417E0,-5.495986938E0,4.233386517E0,-1.070072129E-1
4.874680417E0,-5.229494572E0,3.830977678E0,1.894244552E-1
4.884694417E0,-5.074432850E0,3.497179031E0,4.438487589E-1
4.894707417E0,-4.999369144E0,3.356724501E0,6.745250821E-1
4.904721417E0,-5.004011631E0,3.216991186E0,8.306943774E-1
4.914734417E0,-5.071186543E0,2.984477043E0,8.947729468E-1
4.924747417E0,-5.132235527E0,2.764152765E0,8.261776567E-1
4.934761417E0,-5.171839714E0,2.506674528E0,6.916123629E-1
4.944774417E0,-5.066436768E0,2.187184334E0,6.401301026E-1
4.954788417E0,-4.674398422E0,1.719289899E0,7.384939194E-1
4.964801417E0,-3.878081322E0,8.458631039E-1,9.655132294E-1
4.974815417E0,-2.676913261E0,-1.295997649E-1,1.353802919E0
4.984828417E0,-1.586798072E0,-7.482826710E-1,1.798536777E0
4.994841417E0,-9.951816201E-1,-9.409895539E-1,2.170506001E0
5.004855417E0,-6.666298509E-1,-5.028373003E-1,2.615025043E0
5.014868417E0,-4.126047492E-1,3.464767039E-1,3.092661142E0
5.024882417E0,-2.850820124E-1,1.249635458E0,3.624809027E0
5.034895417E0,-1.521852165E-1,2.044743776E0,4.176611900E0
5.044908417E0,-3.868844360E-2,2.831180573E0,4.585240364E0
5.054922417E0,4.099333659E-2,3.384722471E0,4.870559692E0
5.064935417E0,2.838628888E-1,3.490935564E0,5.181447983E0
5.074949417E0,4.895902276E-1,2.781887293E0,5.563321114E0
5.084962417E0,2.813231647E-1,1.407201290E0,5.739774227E0
5.094976417E0,1.053745002E-1,3.540273011E-1,5.654099464E0
5.104989417E0,3.765561804E-2,2.957722247E-1,5.505237103E0
5.115002417E0,3.419670463E-2,8.844975233E-1,5.449515343E0
5.125016417E0,2.141338587E-1,1.796123862E0,5.631428242E0
5.135029417E0,4.392594099E-1,2.639169455E0,5.967693806E0
5.145043417E0,5.919683576E-1,3.203648806E0,6.454459667E0
5.155056417E0,6.635214090E-1,3.010236025E0,7.097554684E0
5.165069417E0,7.507387996E-1,1.864861369E0,7.313778877E0
5.175083417E0,1.537227154E0,5.190277696E-1,7.081341267E0
5.185096417E0,2.748715639E0,-4.659731686E-1,6.731068134E0
5.195110417E0,3.814919233E0,-7.862566113E-1,6.469584942E0
5.205123417E0,4.292810917E0,-5.492658615E-1,6.258655548E0
5.215137417E0,4.242204666E0,2.033887506E-1,6.372360706E0
5.225150417E0,3.861477137E0,1.362082958E0,6.804815292E0
5.235163417E0,2.953968287E0,2.306731701E0,6.824895859E0
5.245177417E0,2.072938681E0,2.726015091E0,6.445427895E0
5.255190417E0,1.596268058E0,2.657914639E0,5.731811047E0
5.265204417E0,1.297260642E0,2.113645554E0,4.545076370E0
5.275217417E0,8.771792054E-1,1.590495586E0,3.432898283E0
5.285230417E0,2.215364873E-1,1.568850160E0,2.615357399E0
5.295244417E0,-5.777887106E-1,1.843939543E0,1.997597814E0
5.305257417E0,-9.937058091E-1,2.067623138E0,1.627135396E0
5.315271417E0,-8.814415932E-1,1.863388777E0,1.382093191E0
5.325284417E0,-3.180689216E-1,1.386615038E0,1.065163851E0
5.335298417E0,4.042908847E-1,9.331985116E-1,6.414048672E-1
5.345311417E0,1.032957077E0,5.620328784E-1,1.071149483E-1
5.355324417E0,1.558565140E0,1.599975824E-1,-3.432109356E-1
5.365338417E0,1.955820322E0,-3.096204102E-1,-6.216881275E-1
5.375351417E0,2.152789116E0,-7.063602805E-1,-8.345796466E-1
5.385365417E0,2.146629572E0,-9.093312621E-1,-1.016709447E0
5.395377792E0,1.921355605E0,-9.840252399E-1,-1.145307899E0
5.405390792E0,1.539260149E0,-9.141513109E-1,-1.173496962E0
5.415404792E0,1.078844666E0,-6.787976623E-1,-1.033234119E0
5.425417792E0,6.471317410E-1,-3.099496365E-1,-7.546199560E-1
5.435431792E0,3.622283340E-1,3.669139370E-2,-4.067088366E-1
5.445444792E0,2.503942251E-1,2.624634206E-1,-8.045323193E-2
5.455458792E0,2.456319779E-1,2.658613622E-1,1.701150686E-1
5.465471792E0,2.781254351E-1,4.413972422E-2,3.293659687E-1
5.475484792E0,3.664110899E-1,-4.332646430E-1,3.845522702E-1
5.485498792E0,6.407563090E-1,-1.096235752E0,3.378542662E-1
5.495511792E0,1.041267991E0,-1.872613549E0,1.998258084E-1
5.505525792E0,1.398528457E0,-2.528894901E0,7.382296026E-2
5.515538792E0,1.675869823E0,-2.960680723E0,4.462246597E-2
5.525551792E0,1.853431344E0,-3.230865479E0,8.063217998E-2
5.535565792E0,1.878922343E0,-3.393555164E0,1.298527271E-1
5.545578792E0,1.824401379E0,-3.410426617E0,2.711834013E-1
5.555592792E0,1.756823897E0,-3.321538210E0,5.278439522E-1
5.565605792E0,1.716715097E0,-3.135911703E0,8.516614437E-1
5.575619792E0,1.644255280E0,-2.964019299E0,1.283556819E0
5.585632792E0,1.562071443E0,-2.835629702E0,1.786414027E0
5.595645792E0,1.494967341E0,-2.744740725E0,2.243697882E0
5.605659792E0,1.363657236E0,-2.579895496E0,2.655784369E0
5.615672792E0,1.047443867E0,-2.417238712E0,2.990364552E0
5.625686792E0,5.503620505E-1,-2.161019325E0,3.273014545E0
5.635699792E0,-2.095892094E-2,-1.888575315E0,3.575653076E0
5.645712792E0,-5.218397379E-1,-1.816681743E0,3.899709940E0
5.655726792E0,-9.178983569E-1,-1.933392644E0,4.195035458E0
5.665739792E0,-1.301935911E0,-2.333697319E0,4.467126846E0
5.675753792E0,-1.594678879E0,-2.782876015E0,4.660526752E0
5.685766792E0,-1.622066379E0,-3.089957952E0,4.730838299E0
5.695780792E0,-1.503333330E0,-3.140536070E0,4.669167519E0
5.705793792E0,-1.444898605E0,-2.963473558E0,4.482802868E0
5.715806792E0,-1.544895053E0,-2.529762983E0,4.371212006E0
5.725820792E0,-1.758111000E0,-1.873132944E0,4.418485641E0
5.735833792E0,-2.027860165E0,-1.080592513E0,4.615633965E0
5.745847792E0,-2.371461391E0,-3.243152201E-1,4.878831863E0
5.755860792E0,-2.605169773E0,1.316637695E-1,5.203831673E0
5.765873792E0,-2.620220900E0,6.095671654E-2,5.595080853E0
5.775887792E0,-2.389405012E0,-6.931937337E-1,5.969250679E0
5.785900792E0,-1.932109594E0,-1.770329356E0,6.143199921E0
5.795914792E0,-1.705020308E0,-2.240387201E0,6.049134254E0
5.805927792E0,-1.756425858E0,-1.914279819E0,5.570021152E0
5.815941792E0,-2.248877048E0,-1.041316390E0,4.905888557E0
5.825954792E0,-2.882418633E0,1.227808520E-1,4.430165291E0
5.835967792E0,-3.098362684E0,9.071230292E-1,4.340564728E0
5.845981792E0,-2.857418537E0,9.882537723E-1,4.562487602E0
5.855994792E0,-2.173249006E0,3.192983568E-1,4.781103611E0
5.866008792E0,-1.220398188E0,-9.939942956E-1,4.568331242E0
5.876021792E0,-2.238102257E-1,-2.748476744E0,3.862718105E0
5.886034792E0,5.700888634E-1,-4.081282139E0,2.980949640E0
5.896048792E0,1.064329505E0,-4.216209412E0,2.168708324E0
5.906061792E0,1.098651528E0,-3.489929676E0,1.383702159E0
5.916075792E0,7.080407739E-1,-2.478050947E0,6.471991539E-1
5.926088792E0,1.315369904E-1,-1.691115856E0,1.861434057E-2
5.936102792E0,-4.473761618E-1,-1.572591901E0,-4.160841107E-1
5.946115792E0,-8.827008009E-1,-2.088403702E0,-7.231987715E-1
5.956128792E0,-1.050110579E0,-2.861478567E0,-8.833509088E-1
5.966142792E0,-1.043802500E0,-3.550030708E0,-1.004472613E0
5.976155792E0,-1.088202715E0,-3.908909321E0,-1.183546305E0
5.986169792E0,-1.313056469E0,-3.818988800E0,-1.382201314E0
5.996182792E0,-1.865020633E0,-3.390892506E0,-1.484995604E0
6.006195792E0,-2.621279716E0,-2.758830309E0,-1.490247726E0
6.016209792E0,-3.283209562E0,-2.188131809E0,-1.517166138E0
6.026222792E0,-3.610384941E0,-1.796786904E0,-1.617950439E0
6.036236792E0,-3.680674076E0,-1.618855715E0,-1.756667137E0
6.046249792E0,-3.628317118E0,-1.540253520E0,-1.834517002E0
6.056262792E0,-3.669754267E0,-1.497448564E0,-1.796994925E0
6.066276792E0,-3.740766287E0,-1.517429471E0,-1.710862875E0
6.076289792E0,-3.711801767E0,-1.568359733E0,-1.681037307E0
6.086303792E0,-3.609327555E0,-1.570270181E0,-1.744725823E0
6.096316792E0,-3.545375347E0,-1.428750515E0,-1.802450657E0
6.106330792E0,-3.682618141E0,-1.112810254E0,-1.778912783E0
6.116343792E0,-4.059387207E0,-7.254617214E-1,-1.738340378E0
6.126356792E0,-4.370245934E0,-3.461880386E-1,-1.731431246E0
6.136370792E0,-4.567921638E0,-6.875376403E-2,-1.775921464E0
6.146383792E0,-4.675663471E0,6.491637975E-2,-1.865320802E0
6.156397792E0,-4.657045364E0,-5.257647019E-3,-1.942253470E0
6.166410792E0,-4.500799179E0,-3.797536790E-1,-1.944291115E0
6.176423792E0,-4.189445972E0,-1.042406559E0,-1.846511841E0
6.186437792E0,-3.853727341E0,-1.816452146E0,-1.708935738E0
6.196450792E0,-3.590580702E0,-2.474009991E0,-1.567518711E0
6.206464792E0,-3.387558460E0,-2.851120234E0,-1.403089046E0
6.216477792E0,-3.316119432E0,-2.904162407E0,-1.234651566E0
6.226491792E0,-3.350790024E0,-2.655193806E0,-1.059561253E0
6.236504792E0,-3.462433815E0,-2.183108091E0,-8.628868461E-1
6.246517792E0,-3.604825497E0,-1.618628263E0,-6.855997443E-1
6.256531792E0,-3.708460808E0,-1.052139521E0,-5.340211391E-1
6.266544792E0,-3.704485416E0,-5.337573886E-1,-3.637346327E-1
6.276558792E0,-3.625557661E0,-1.787529290E-1,-1.529670060E-1
6.286571792E0,-3.544992208E0,-8.001569659E-3,2.468176559E-2
6.296584792E0,-3.428867579E0,4.557696730E-2,1.643576473E-1
6.306598792E0,-3.229298592E0,1.012206301E-1,3.002632558E-1
6.316611792E0,-3.035724401E0,1.721864194E-1,4.259990752E-1
6.326625792E0,-2.887501240E0,2.672001719E-1,5.145750642E-1
6.336638792E0,-2.761224508E0,4.082859159E-1,5.844249725E-1
6.346652792E0,-2.668461323E0,5.150769949E-1,6.526656747E-1
6.356665792E0,-2.592665195E0,4.962761700E-1,7.288329005E-1
6.366678792E0,-2.466868877E0,4.129266441E-1,7.812653780E-1
6.376692792E0,-2.274731159E0,3.096908033E-1,7.859219313E-1
6.386705792E0,-2.018799543E0,2.220809013E-1,7.665718794E-1
6.396721958E0,-1.729687810E0,2.035684735E-1,7.481542826E-1
6.406734958E0,-1.516604185E0,2.660602629E-1,7.660960555E-1
6.416747958E0,-1.423070312E0,3.069405854E-1,8.682644963E-1
6.426761958E0,-1.325741887E0,2.453633845E-1,1.031440139E0
6.436774958E0,-1.188381553E0,1.235541254E-1,1.243410707E0
6.446788958E0,-1.055444479E0,-1.342038661E-1,1.457439184E0
6.456801958E0,-8.928007483E-1,-3.940391541E-1,1.628459930E0
6.466814958E0,-7.190977335E-1,-6.063522100E-1,1.677283287E0
6.476828958E0,-4.818143845E-1,-7.161218524E-1,1.687798500E0
6.486841958E0,-1.129937097E-1,-7.216519117E-1,1.660381913E0
6.496855958E0,2.462083846E-1,-6.758423448E-1,1.546546698E0
6.506868958E0,6.090849638E-1,-5.431756973E-1,1.372980475E0
6.516882958E0,1.077649832E0,-3.574561775E-1,1.234630108E0
6.526895958E0,1.605844140E0,-6.117169559E-2,1.198533893E0
6.536908958E0,1.995283246E0,4.821648300E-1,1.217344403E0
6.546922958E0,2.267231464E0,1.075565934E0,1.268501282E0
6.556935958E0,2.561391830E0,1.360284209E0,1.369067669E0
6.566949958E0,3.003428698E0,1.212386727E0,1.515717387E0
6.576962958E0,3.654628038E0,6.495014429E-1,1.701418996E0
6.586975958E0,4.417018890E0,-6.824600697E-2,2.030769587E0
6.596989958E0,4.968502045E0,-6.620718241E-1,2.366341829E0
6.607002958E0,5.037507534E0,-7.691220045E-1,2.504398108E0
6.617016958E0,4.527991772E0,-4.807464182E-1,2.415650129E0
6.627029958E0,3.621322393E0,1.438757312E-2,2.216923714E0
6.637043958E0,2.603451729E0,2.568897009E-1,1.635955095E0
6.647056958E0,1.712681651E0,1.429287791E-1,1.108611941E0
6.657069958E0,1.146667719E0,-1.393881291E-1,5.875112414E-1
6.667083958E0,8.508660197E-1,-4.380913973E-1,1.982903779E-1
6.677096958E0,4.472485185E-1,-7.451898456E-1,-2.127972841E-1
6.687110958E0,-2.169107795E-1,-7.807112336E-1,-6.060847044E-1
6.697123958E0,-1.169281721E0,-5.630172491E-1,-1.042704940E0
6.707136958E0,-2.156043291E0,-1.266787946E-1,-1.484359860E0
6.717150958E0,-3.124127388E0,4.040905237E-1,-1.823541403E0
6.727163958E0,-3.923054934E0,9.979531765E-1,-1.997199059E0
6.737177958E0,-4.361987114E0,1.375387549E0,-2.085749388E0
6.747190958E0,-4.558101654E0,1.455996156E0,-2.059179306E0
6.757203958E0,-4.526023388E0,1.203906298E0,-1.889479995E0
6.767217958E0,-4.369196892E0,6.574763060E-1,-1.684314609E0
6.777230958E0,-4.162992954E0,-1.011461243E-1,-1.537821889E0
6.787244958E0,-3.917341948E0,-7.747777700E-1,-1.432944894E0
6.797257958E0,-3.691143751E0,-1.313668370E0,-1.360387087E0
6.807271958E0,-3.479305744E0,-1.605296731E0,-1.322581291E0
6.817284958E0,-3.355495691E0,-1.710780025E0,-1.285700798E0
6.827297958E0,-3.302695036E0,-1.587813854E0,-1.167901278E0
6.837311958E0,-3.290482998E0,-1.370405674E0,-9.706941843E-1
6.847324958E0,-3.310973883E0,-1.097941279E0,-7.377215028E-1
6.857338958E0,-3.355821133E0,-7.651849389E-1,-4.678916037E-1
6.867351958E0,-3.376697063E0,-4.234955013E-1,-1.689452827E-1
6.877364958E0,-3.353715420E0,-1.425277293E-1,1.340859681E-1
6.887378958E0,-3.323510408E0,1.142724305E-1,3.671952784E-1
6.897391958E0,-3.336710691E0,3.459051549E-1,4.944107533E-1
6.907405958E0,-3.382471800E0,5.718740225E-1,5.026171207E-1
6.917418958E0,-3.440997124E0,8.188803196E-1,4.466475844E-1
6.927431958E0,-3.497978926E0,1.094315052E0,4.140224457E-1
6.937445958E0,-3.564042807E0,1.322374344E0,4.275220037E-1
6.947458958E0,-3.643267632E0,1.487728000E0,4.681795835E-1
6.957472958E0,-3.746953964E0,1.421421409E0,5.219222307E-1
6.967485958E0,-3.758027077E0,1.186622620E0,6.129952073E-1
6.977499958E0,-3.747499943E0,8.625180721E-1,7.079288960E-1
6.987512958E0,-3.764615536E0,5.415758491E-1,8.511651754E-1
6.997525958E0,-3.732615471E0,3.776026070E-1,1.013951659E0
7.007539958E0,-3.709545374E0,3.255755305E-1,1.192232609E0
7.017552958E0,-3.740678549E0,3.692463040E-1,1.441194057E0
7.027566958E0,-3.781421900E0,5.310538411E-1,1.721047759E0
7.037579958E0,-3.823905706E0,7.440161705E-1,1.959934354E0
7.047592958E0,-3.801446438E0,1.037962079E0,2.150874376E0
7.057606958E0,-3.736354113E0,1.457616329E0,2.351176500E0
7.067619958E0,-3.667788267E0,1.781947374E0,2.602831602E0
7.077633958E0,-3.459671021E0,1.726739049E0,2.941599369E0
7.087646958E0,-2.996561289E0,1.549126267E0,3.287139654E0
7.097659958E0,-2.376143694E0,1.412187576E0,3.620152712E0
7.107673958E0,-1.630252242E0,1.234317422E0,3.898391008E0
7.117686958E0,-7.022829056E-1,1.084473014E0,4.124957085E0
7.127700958E0,2.846398056E-1,9.929487109E-1,4.348017216E0
7.137713958E0,1.282763958E0,8.990080953E-1,4.621689796E0
7.147727958E0,2.289795637E0,7.976615429E-1,4.888023853E0
7.157740958E0,3.060754538E0,6.952667236E-1,5.074213982E0
7.167753958E0,3.537284136E0,6.326730847E-1,5.111427307E0
7.177767958E0,3.692405224E0,8.220355511E-1,4.982164383E0
7.187780958E0,3.416339874E0,1.225589037E0,4.827342033E0
7.197794958E0,2.946723700E0,1.477027893E0,4.557319164E0
7.207807958E0,2.673668146E0,1.505169988E0,4.338119030E0
7.217820958E0,2.839766502E0,1.375814915E0,4.322040081E0
7.227834958E0,3.355457544E0,1.209766507E0,4.457332611E0
7.237847958E0,4.061497688E0,1.309978366E0,4.708946705E0
7.247861958E0,4.555518150E0,1.569103003E0,4.937516689E0
7.257874958E0,4.446628571E0,1.635026574E0,4.920611858E0
7.267887958E0,3.838396072E0,1.715872407E0,4.757855892E0
7.277901958E0,3.099051476E0,1.928632855E0,4.548597336E0
7.287914958E0,2.776172161E0,1.959061027E0,4.309362411E0
7.297928958E0,3.211863279E0,1.796614885E0,4.324831009E0
7.307941958E0,4.384971142E0,1.557534575E0,4.536441803E0
7.317954958E0,5.348314762E0,1.381172061E0,4.501959324E0
7.327968958E0,5.422246456E0,1.464285493E0,4.138249397E0
7.337981958E0,4.481047630E0,1.739448190E0,3.444173813E0
7.347995958E0,3.079613209E0,2.000557184E0,2.725252867E0
7.358008958E0,2.033697844E0,2.167104483E0,2.351958990E0
7.368022958E0,1.705837607E0,1.987703919E0,2.241509199E0
7.378035958E0,1.941608906E0,1.602904797E0,2.136234045E0
7.388048958E0,2.330125570E0,1.206616759E0,1.875213504E0
7.398060417E0,2.562506199E0,8.791033626E-1,1.496558905E0
7.408073417E0,2.546705723E0,6.014136076E-1,1.087246299E0
7.418087417E0,2.299087763E0,2.977820933E-1,6.705654860E-1
7.428100417E0,1.733504891E0,7.998150587E-2,2.217715979E-1
7.438113417E0,1.019676805E0,6.573919207E-2,-2.002062798E-1
7.448127417E0,3.880924582E-1,8.212470263E-2,-4.922995865E-1
7.458140417E0,-4.915571958E-2,3.655055910E-2,-6.426659822E-1
7.468154417E0,-3.090166450E-1,-9.140868485E-2,-7.176959515E-1
7.478167417E0,-4.142450392E-1,-3.433067203E-1,-7.831295729E-1
7.488180417E0,-3.301827908E-1,-6.865981817E-1,-8.402566910E-1
7.498194417E0,-1.272642910E-1,-1.131066918E0,-8.930006027E-1
7.508207417E0,1.433396488E-1,-1.664223194E0,-9.244326949E-1
7.518221417E0,5.259032845E-1,-2.122065783E0,-8.862549663E-1
7.528234417E0,1.000797987E0,-2.444141865E0,-7.496828437E-1
7.538247417E0,1.452575803E0,-2.679042101E0,-5.657905340E-1
7.548261417E0,1.817260623E0,-2.834352493E0,-3.785134554E-1
7.558274417E0,2.063703299E0,-2.825367928E0,-1.547901034E-1
7.568288417E0,2.202404499E0,-2.673551798E0,1.236790866E-1
7.578301417E0,2.277340174E0,-2.457677126E0,4.301183820E-1
7.588315417E0,2.337147951E0,-2.238043308E0,7.532287836E-1
7.598328417E0,2.428861618E0,-2.017433167E0,1.102940440E0
7.608341417E0,2.511453152E0,-1.799451709E0,1.472515583E0
7.618355417E0,2.543491602E0,-1.609019756E0,1.860149384E0
7.628368417E0,2.538604498E0,-1.460842133E0,2.260086298E0
7.638382417E0,2.538087130E0,-1.339379072E0,2.661086798E0
7.648395417E0,2.515392065E0,-1.234549642E0,3.052991629E0
7.658408417E0,2.463497162E0,-1.198800206E0,3.511117458E0
7.668422417E0,2.403419018E0,-1.273807049E0,4.052011013E0
7.678435417E0,2.324153185E0,-1.393460274E0,4.551896572E0
7.688449417E0,2.252354860E0,-1.561638832E0,4.989800453E0
7.698462417E0,2.131396532E0,-1.702968836E0,5.340872765E0
7.708475417E0,1.967958093E0,-1.751268268E0,5.625181675E0
7.718489417E0,1.803274870E0,-1.771507263E0,5.832324505E0
7.728502417E0,1.648212314E0,-1.792191982E0,5.917985916E0
7.738516417E0,1.486416340E0,-1.797079682E0,5.968006134E0
7.748529417E0,1.327989459E0,-1.762432098E0,6.144977570E0
7.758542417E0,1.147004962E0,-1.759885073E0,6.350383282E0
7.768556417E0,9.504455328E-1,-1.770516157E0,6.508611202E0
7.778569417E0,7.901618481E-1,-1.832077980E0,6.644928932E0
7.788583417E0,7.528907657E-1,-1.838368773E0,6.710173130E0
7.798596417E0,8.196157217E-1,-1.985530257E0,6.677149773E0
7.808609417E0,1.052444816E0,-2.242473364E0,6.544106960E0
7.818623417E0,1.304290414E0,-2.448949337E0,6.373130798E0
7.828636417E0,1.391490102E0,-2.698908806E0,6.233041763E0
7.838650417E0,1.530129790E0,-2.954514742E0,6.061470032E0
7.848663417E0,1.836603403E0,-3.245379210E0,5.782093525E0
7.858677417E0,2.190387964E0,-3.509463787E0,5.343793392E0
7.868690417E0,2.476324320E0,-3.574964523E0,4.677552223E0
7.878703417E0,2.668514252E0,-3.477795124E0,4.022443295E0
7.888717417E0,2.971523523E0,-3.109110832E0,3.500733614E0
7.898730417E0,3.429097652E0,-2.388101816E0,2.971893072E0
7.908744417E0,3.632346869E0,-1.346133590E0,2.570579290E0
7.918757417E0,3.202105761E0,-1.087019220E-1,2.349390507E0
7.928770417E0,2.073599815E0,1.066569328E0,2.200738192E0
7.938784417E0,6.175668836E-1,1.967421055E0,1.939876080E0
7.948797417E0,-8.792914748E-1,2.250349998E0,1.511615634E0
7.958811417E0,-1.955695152E0,1.886469245E0,9.875852466E-1
7.968824417E0,-2.596293449E0,8.985845447E-1,4.710521400E-1
7.978837417E0,-2.945541859E0,-3.955290318E-1,1.110318676E-2
7.988851417E0,-3.098552942E0,-1.705499768E0,-3.535638750E-1
7.998864417E0,-3.023314714E0,-2.898432732E0,-5.980684161E-1
8.008878417E0,-2.868902683E0,-3.662178755E0,-5.089489222E-1
8.018891417E0,-3.069180250E0,-3.886366129E0,-1.503676027E-1
8.028904417E0,-3.502766371E0,-3.616064548E0,2.239270657E-1
8.038918417E0,-4.083062649E0,-2.991731405E0,5.869191289E-1
8.048931417E0,-4.765789509E0,-2.386974096E0,7.492650747E-1
8.058945417E0,-5.337555408E0,-1.887578607E0,6.242307425E-1
8.068958417E0,-5.811429977E0,-1.523803115E0,2.959474623E-1
8.078971417E0,-6.234830856E0,-1.303674221E0,-6.784034520E-2
8.088985417E0,-6.613038063E0,-1.182824492E0,-3.702327013E-1
8.098998417E0,-6.930394650E0,-1.158270955E0,-5.906071067E-1
8.109012417E0,-7.121550560E0,-1.214990497E0,-7.166242599E-1
8.119025417E0,-7.110324383E0,-1.289735556E0,-7.243388891E-1
8.129038417E0,-6.952216148E0,-1.396722317E0,-7.328032255E-1
8.139052417E0,-6.795751095E0,-1.472902536E0,-7.764937282E-1
8.149065417E0,-6.744141579E0,-1.512825131E0,-8.196598887E-1
8.159079417E0,-6.866939545E0,-1.500393987E0,-8.462789655E-1
8.169092417E0,-7.097580910E0,-1.420413256E0,-8.706800938E-1
8.179106417E0,-7.317633152E0,-1.371719956E0,-8.842709661E-1
8.189119417E0,-7.402968407E0,-1.381534696E0,-9.061334133E-1
8.199132417E0,-7.302946091E0,-1.475540519E0,-9.474595785E-1
8.209146417E0,-7.024188519E0,-1.581101537E0,-9.661272168E-1
8.219159417E0,-6.663722038E0,-1.712548614E0,-1.003634572E0
8.229173417E0,-6.302492142E0,-1.749640107E0,-9.832137823E-1
8.239186417E0,-6.034222603E0,-1.677127838E0,-9.259926081E-1
8.249199417E0,-5.887531281E0,-1.538670659E0,-8.607815504E-1
8.259213417E0,-5.802663326E0,-1.309608459E0,-8.143650293E-1
8.269226417E0,-5.770945072E0,-9.626390338E-1,-7.290715575E-1
8.279240417E0,-5.805018425E0,-6.143226027E-1,-6.260730028E-1
8.289253417E0,-5.802256584E0,-3.306050599E-1,-5.914222002E-1
8.299266417E0,-5.611309528E0,-1.633092910E-1,-5.697411299E-1
8.309280417E0,-5.218027115E0,-1.145015582E-1,-4.623823464E-1
8.319293417E0,-4.775692940E0,-2.770686448E-1,-3.620511889E-1
8.329307417E0,-4.320992947E0,-5.191961527E-1,-2.818848491E-1
8.339320417E0,-3.955360413E0,-7.547703385E-1,-2.238026112E-1
8.349333417E0,-3.714151859E0,-9.905145168E-1,-1.930948645E-1
8.359347417E0,-3.527080059E0,-1.240513682E0,-1.590178460E-1
8.369360417E0,-3.387547493E0,-1.394881248E0,-7.105392870E-3
8.379374417E0,-3.280426025E0,-1.390210271E0,1.596588194E-1
8.389387792E0,-3.142142534E0,-1.257808208E0,3.162523508E-1
8.399400792E0,-3.019675493E0,-1.117917418E0,4.698501527E-1
8.409414792E0,-2.783657789E0,-1.008719325E0,6.103916764E-1
8.419427792E0,-2.378722668E0,-9.502599835E-1,7.546529770E-1
8.429441792E0,-1.954729199E0,-9.982669353E-1,8.827714920E-1
8.439454792E0,-1.635015368E0,-1.099275708E0,1.013250828E0
8.449467792E0,-1.408929825E0,-1.162513375E0,1.151739955E0
8.459481792E0,-1.226972818E0,-1.203223467E0,1.306312323E0
8.469494792E0,-1.036902547E0,-1.208265424E0,1.481574297E0
8.479508792E0,-8.556979299E-1,-1.089891076E0,1.700994968E0
8.489521792E0,-7.375718951E-1,-9.342728853E-1,1.888865471E0
8.499535792E0,-7.538707256E-1,-6.705184579E-1,1.953424335E0
8.509548792E0,-9.068796039E-1,-3.572929502E-1,1.941046476E0
8.519561792E0,-1.078949690E0,7.397125475E-3,1.860833645E0
8.529575792E0,-1.313753724E0,3.922111392E-1,1.745149970E0
8.539588792E0,-1.584402084E0,6.799758077E-1,1.585892916E0
8.549602792E0,-1.735318065E0,9.186323881E-1,1.407974958E0
8.559615792E0,-1.733472586E0,1.160216808E0,1.290517330E0
8.569628792E0,-1.458815813E0,1.416551113E0,1.294154763E0
8.579642792E0,-9.523223042E-1,1.597806931E0,1.387255073E0
8.589655792E0,-4.097479582E-1,1.634223700E0,1.486651182E0
8.599669792E0,1.138010323E-1,1.720249414E0,1.667611361E0
8.609682792E0,5.929059386E-1,1.774927497E0,1.927839398E0
8.619695792E0,1.086493850E0,1.509036422E0,2.180624247E0
8.629709792E0,1.673800707E0,8.648557067E-1,2.283098459E0
8.639722792E0,2.244092703E0,1.007175744E-1,2.141948700E0
8.649736792E0,2.764985800E0,-5.574445128E-1,1.902418733E0
8.659749792E0,3.137326479E0,-8.586807847E-1,1.751286268E0
8.669762792E0,3.182808399E0,-8.958473802E-1,1.562312603E0
8.679776792E0,3.074862957E0,-8.013488054E-1,1.511699557E0
8.689789792E0,3.122938156E0,-7.279172540E-1,1.653550148E0
8.699803792E0,3.285464764E0,-9.222428203E-1,1.979066133E0
8.709816792E0,3.527463436E0,-1.347105026E0,2.283846617E0
8.719829792E0,3.708908081E0,-1.593070865E0,2.272995234E0
8.729843792E0,3.485762119E0,-1.281568170E0,2.017619610E0
8.739856792E0,2.644629240E0,-4.551555216E-1,1.480083227E0
8.749870792E0,1.390502214E0,4.230571687E-1,7.500638962E-1
8.759883792E0,2.088802010E-1,1.050421476E0,7.130725682E-2
8.769896792E0,-3.725347221E-1,1.240628004E0,-4.799716175E-1
8.779910792E0,-3.526291847E-1,1.002087355E0,-6.837644577E-1
8.789923792E0,-6.599402428E-2,3.333649039E-1,-7.307155132E-1
8.799937792E0,2.003292739E-1,-3.256734610E-1,-7.186087370E-1
8.809950792E0,1.926883459E-1,-6.885664463E-1,-7.769382000E-1
8.819963792E0,-1.488077193E-1,-6.719192863E-1,-8.391485810E-1
8.829977792E0,-6.921625137E-1,-5.017724633E-1,-8.754220605E-1
8.839990792E0,-1.252936482E0,-3.716006279E-1,-8.829739690E-1
8.850004792E0,-1.649901628E0,-4.006017148E-1,-8.902174234E-1
8.860017792E0,-1.878654718E0,-6.858209968E-1,-8.300068378E-1
8.870030792E0,-1.995652199E0,-1.286609054E0,-7.222092748E-1
8.880044792E0,-1.971126080E0,-2.082943678E0,-6.149059534E-1
8.890057792E0,-1.885690928E0,-2.788964272E0,-4.700005651E-1
8.900071792E0,-1.860727549E0,-3.240533352E0,-2.980245352E-1
8.910084792E0,-1.918651342E0,-3.399241447E0,-1.386815012E-1
8.920097792E0,-2.046780586E0,-3.273118019E0,-2.152345702E-2
8.930111792E0,-2.226292133E0,-2.913383245E0,6.559603661E-2
8.940124792E0,-2.437231541E0,-2.362569571E0,1.588460952E-1
8.950138792E0,-2.686119795E0,-1.720495105E0,2.764377594E-1
8.960151792E0,-2.953980207E0,-9.960953593E-1,3.857488036E-1
8.970164792E0,-3.198922873E0,-2.406423390E-1,4.740668535E-1
8.980178792E0,-3.368561029E0,5.134513974E-1,5.305889845E-1
8.990191792E0,-3.454621792E0,1.179067612E0,5.757547021E-1
9.000205792E0,-3.478448391E0,1.714916348E0,6.056095362E-1
9.010218792E0,-3.438117981E0,2.102683306E0,6.245910525E-1
9.020231792E0,-3.312381506E0,2.315525293E0,6.126430035E-1
9.030245792E0,-3.137428284E0,2.285558462E0,5.978583097E-1
9.040258792E0,-2.919751406E0,2.217432737E0,6.314053535E-1
9.050272792E0,-2.715247393E0,2.192100286E0,6.890668273E-1
9.060285792E0,-2.634422064E0,2.254187107E0,7.357562780E-1
9.070298792E0,-2.719214678E0,2.385210991E0,7.705905437E-1
9.080312792E0,-2.912970066E0,2.498627424E0,8.335694671E-1
9.090325792E0,-3.138446569E0,2.593401194E0,8.995403647E-1
9.100339792E0,-3.338299274E0,2.611813784E0,9.643121362E-1
9.110352792E0,-3.438240051E0,2.571537971E0,1.023750424E0
9.120365792E0,-3.419585943E0,2.471967220E0,1.116621971E0
9.130379792E0,-3.272236586E0,2.377276897E0,1.234820247E0
9.140392792E0,-3.073521137E0,2.227991581E0,1.417438149E0
9.150406792E0,-2.891762733E0,2.011531115E0,1.625360250E0
9.160419792E0,-2.768829584E0,1.776136756E0,1.816993117E0
9.170432792E0,-2.733081102E0,1.501659751E0,2.015377283E0
9.180446792E0,-2.732029200E0,1.234400034E0,2.182618141E0
9.190459792E0,-2.693841219E0,1.024619341E0,2.393893480E0
9.200473792E0,-2.570681334E0,8.000866771E-1,2.667636633E0
9.210486792E0,-2.328947306E0,6.337323189E-1,2.918907404E0
9.220499792E0,-2.031261206E0,5.015527010E-1,3.120418549E0
9.230513792E0,-1.689864874E0,4.759995043E-1,3.316817284E0
9.240526792E0,-1.315736771E0,5.759612918E-1,3.561244965E0
9.250540792E0,-9.770468473E-1,7.035378814E-1,3.908221245E0
9.260553792E0,-6.617423892E-1,8.138210177E-1,4.352266312E0
9.270566792E0,-4.688666165E-1,1.038482070E0,4.859230995E0
9.280580792E0,-5.913829207E-1,1.483104825E0,5.416191578E0
9.290593792E0,-9.616289735E-1,1.743234992E0,5.896585941E0
9.300607792E0,-1.244214416E0,1.863318324E0,6.225656033E0
9.310620792E0,-1.338066101E0,1.975791335E0,6.455251694E0
9.320633792E0,-1.175238848E0,2.138715267E0,6.593967915E0
9.330647792E0,-6.482111216E-1,2.215827942E0,6.591630936E0
9.340660792E0,1.794074327E-1,2.022405386E0,6.506085873E0
9.350674792E0,1.157140493E0,1.483427048E0,6.442752361E0
9.360687792E0,2.103132486E0,7.103154063E-1,6.368593693E0
9.370700792E0,2.862631559E0,-6.195864826E-2,6.232822895E0
9.380714792E0,3.330926657E0,-6.824970245E-1,6.086029530E0
9.390727542E0,3.619957447E0,-8.830212951E-1,5.955076694E0
9.400741542E0,3.811496019E0,-5.637769699E-1,5.846354008E0
9.410754542E0,3.944828987E0,1.150731649E-2,5.786120892E0
9.420767542E0,4.101843834E0,6.498206854E-1,5.824520111E0
9.430781542E0,4.285116196E0,1.188547492E0,5.988122463E0
9.440794542E0,4.463507175E0,1.551762462E0,6.251020432E0
9.450808542E0,4.629701614E0,1.762909889E0,6.511359692E0
9.460821542E0,4.857808590E0,1.746984005E0,6.549286842E0
9.470834542E0,5.430282593E0,1.072134018E0,6.280431747E0
9.480848542E0,6.556319714E0,8.319052309E-2,5.800595284E0
9.490861542E0,7.971540451E0,-9.052757621E-1,5.308039188E0
9.500875542E0,9.418818474E0,-1.626481533E0,4.817739964E0
9.510888542E0,1.039088058E1,-2.111126900E0,4.185502052E0
9.520901542E0,1.014002037E1,-2.473194599E0,3.305048943E0
9.530915542E0,8.541637421E0,-2.288875580E0,2.304020643E0
9.540928542E0,6.163881302E0,-1.364718676E0,1.475691795E0
9.550942542E0,3.703576803E0,-2.163066342E-2,9.544730783E-1
9.560955542E0,2.153187990E0,1.156793594E0,8.833250999E-1
9.570968542E0,1.535166979E0,1.647839308E0,9.592997432E-1
9.580982542E0,1.775158286E0,1.295253515E0,1.152879834E0
9.590995542E0,2.934943438E0,4.893776178E-1,1.283143878E0
9.601009542E0,4.216798306E0,-5.302977562E-1,1.164274216E0
9.611022542E0,4.663173676E0,-1.429391980E0,8.291580677E-1
9.621035542E0,4.480308056E0,-1.949047089E0,4.861620963E-1
9.631049542E0,3.849814177E0,-2.149676561E0,2.829941213E-1
9.641062542E0,3.042968988E0,-2.141415834E0,2.057672441E-1
9.651076542E0,2.385921001E0,-2.103052378E0,2.123124748E-1
9.661089542E0,1.970301747E0,-2.088965893E0,2.593013048E-1
9.671102542E0,1.716244936E0,-2.130158424E0,3.180175126E-1
9.681116542E0,1.614744425E0,-2.213409662E0,4.902236462E-1
9.691129542E0,1.606232762E0,-2.295060873E0,7.056418657E-1
9.701143542E0,1.655035019E0,-2.373809576E0,1.068508148E0
9.711156542E0,1.819525838E0,-2.421626568E0,1.508430600E0
9.721169542E0,2.050164461E0,-2.520525694E0,1.985093832E0
9.731183542E0,2.332545757E0,-2.630493641E0,2.444496632E0
9.741196542E0,2.590523481E0,-2.724934816E0,2.932853937E0
9.751210542E0,2.690934658E0,-2.783757687E0,3.380930424E0
9.761223542E0,2.622982264E0,-2.802092314E0,3.746640682E0
9.771236542E0,2.474173069E0,-2.752738476E0,4.091697693E0
9.781250542E0,2.310130596E0,-2.754491568E0,4.509484768E0
9.791263542E0,2.210929871E0,-2.917566061E0,4.908456326E0
9.801277542E0,2.302099943E0,-3.173474550E0,5.181148529E0
9.811290542E0,2.658743620E0,-3.342580557E0,5.332382202E0
9.821303542E0,3.209750652E0,-3.312121391E0,5.057078838E0
9.831317542E0,3.561755180E0,-3.309103251E0,4.184904099E0
9.841330542E0,3.537546635E0,-3.398692131E0,3.160445452E0
9.851344542E0,3.369320631E0,-3.513169765E0,2.406630278E0
9.861357542E0,3.243380070E0,-3.755437136E0,2.046119452E0
9.871370542E0,3.311705351E0,-4.121038437E0,1.940776467E0
9.881384542E0,3.690647364E0,-4.644943714E0,1.915423155E0
9.891397542E0,4.358938694E0,-5.383956909E0,1.855531454E0
9.901411542E0,5.153976917E0,-6.238649368E0,1.795897365E0
9.911424542E0,5.777492046E0,-6.861303806E0,1.829751372E0
9.921437542E0,6.038038254E0,-7.147423744E0,2.088630199E0
9.931451542E0,5.833748817E0,-7.114449501E0,2.269371986E0
9.941464542E0,5.060742378E0,-6.810767651E0,2.183906078E0
9.951478542E0,3.962945223E0,-6.279205322E0,1.852026939E0
9.961491542E0,2.839623690E0,-5.658833504E0,1.370670676E0
9.971504542E0,1.945730925E0,-5.148420334E0,9.502707124E-1
9.981518542E0,1.384482503E0,-4.866288662E0,6.480647922E-1
9.991531542E0,1.096350193E0,-4.916311264E0,4.841406643E-1
1.000154454E1,1.095419407E0,-5.156052113E0,2.948223948E-1
1.001155854E1,1.208560944E0,-5.490813255E0,3.652137145E-2
1.002157154E1,1.062819958E0,-5.695159912E0,-2.511253059E-1
1.003158554E1,5.851609111E-1,-5.728228092E0,-4.975074828E-1
1.004159854E1,2.603189088E-3,-5.586751938E0,-6.652749777E-1
1.005161154E1,-5.385370255E-1,-5.408302307E0,-7.810001373E-1
1.006162554E1,-8.548193574E-1,-5.313107014E0,-8.672527671E-1
1.007163854E1,-9.480586648E-1,-5.307137489E0,-8.663080335E-1
1.008165254E1,-9.999037385E-1,-5.386389732E0,-7.881844640E-1
1.009166554E1,-1.033649802E0,-5.386599064E0,-6.513372064E-1
1.010167854E1,-1.129731536E0,-5.270649910E0,-5.187532902E-1
1.011169254E1,-1.363090158E0,-5.010812283E0,-4.255485535E-1
1.012170554E1,-1.801726818E0,-4.639355659E0,-3.792958260E-1
1.013171954E1,-2.338303328E0,-4.193735600E0,-2.889712453E-1
1.014173254E1,-3.010746717E0,-3.739392042E0,-9.820289165E-2
1.015174554E1,-3.731223822E0,-3.334219694E0,5.817977712E-2
1.016175954E1,-4.257891655E0,-3.039541960E0,1.267979890E-1
1.017177254E1,-4.574458122E0,-2.899065018E0,1.111764982E-1
1.018178654E1,-4.774230003E0,-2.844196796E0,1.098545045E-1
1.019179954E1,-4.890749931E0,-2.851219893E0,1.209244877E-1
1.020181254E1,-4.897373199E0,-2.862559080E0,9.994836152E-2
1.021182654E1,-4.887720585E0,-2.860613585E0,3.466473147E-2
1.022183954E1,-4.912340164E0,-2.819328308E0,1.013027970E-3
1.023185354E1,-5.022706509E0,-2.733401537E0,5.496747047E-2
1.024186654E1,-5.189042568E0,-2.596089602E0,1.527142823E-1
1.025187954E1,-5.294340611E0,-2.495846748E0,2.197375298E-1
1.026189354E1,-5.300834179E0,-2.457734823E0,2.293110639E-1
1.027190654E1,-5.237873554E0,-2.409171820E0,1.602122635E-1
1.028192054E1,-5.191635609E0,-2.314513445E0,1.003808826E-1
1.029193354E1,-5.171673298E0,-2.138765812E0,8.571819216E-2
1.030194654E1,-5.065871716E0,-1.808918238E0,5.898911133E-2
1.031196054E1,-4.950547695E0,-1.538543701E0,4.111544788E-2
1.032197354E1,-4.814089775E0,-1.319933057E0,2.331221849E-2
1.033198654E1,-4.657513618E0,-1.090568781E0,3.028949536E-2
1.034200054E1,-4.600941181E0,-9.895625710E-1,9.941343963E-2
1.035201354E1,-4.610969543E0,-9.951727986E-1,1.806988865E-1
1.036202754E1,-4.551104069E0,-1.133321404E0,2.168744653E-1
1.037204054E1,-4.417110443E0,-1.214665890E0,2.083204538E-1
1.038205354E1,-4.349024296E0,-1.268377900E0,2.472761124E-1
1.039206767E1,-4.357994556E0,-1.090650678E0,3.452942073E-1
1.040208067E1,-4.442301750E0,-7.582092881E-1,4.642786384E-1
1.041209467E1,-4.435715199E0,-4.126309454E-1,5.710772872E-1
1.042210767E1,-4.308500290E0,-1.252790540E-1,6.487992406E-1
1.043212067E1,-4.137419701E0,4.341176152E-2,7.081711888E-1
1.044213467E1,-3.959074020E0,8.523031324E-2,7.888375521E-1
1.045214767E1,-3.806038618E0,5.240749195E-2,8.806985021E-1
1.046216167E1,-3.679624319E0,4.580604658E-2,9.230211377E-1
1.047217467E1,-3.587143421E0,1.490857601E-1,8.320085406E-1
1.048218767E1,-3.565483093E0,3.971056938E-1,6.916604638E-1
1.049220167E1,-3.702600956E0,7.028685212E-1,5.862787962E-1
1.050221467E1,-3.818397045E0,9.837433100E-1,5.168203712E-1
1.051222867E1,-3.770539284E0,1.215492249E0,4.789198935E-1
1.052224167E1,-3.602580309E0,1.260689259E0,4.869892597E-1
1.053225467E1,-3.292792797E0,1.169392705E0,5.625801086E-1
1.054226867E1,-2.886807203E0,1.027263522E0,7.511209846E-1
1.055228167E1,-2.478445053E0,8.147008419E-1,9.945240617E-1
1.056229567E1,-2.115273714E0,5.839427710E-1,1.213286757E0
1.057230867E1,-1.937589407E0,5.092367530E-1,1.362080812E0
1.058232167E1,-1.925401449E0,6.570866704E-1,1.369328618E0
1.059233567E1,-2.026588917E0,9.855238795E-1,1.280943394E0
1.060234867E1,-2.221962452E0,1.467825532E0,1.210055113E0
1.061236167E1,-2.352414131E0,1.948629498E0,1.174517393E0
1.062237567E1,-2.250273466E0,2.327222824E0,1.197662473E0
1.063238867E1,-1.921029210E0,2.545008421E0,1.312062621E0
1.064240267E1,-1.554003835E0,2.577830315E0,1.403011203E0
1.065241567E1,-1.203669071E0,2.378471851E0,1.397762060E0
1.066242867E1,-8.496655226E-1,2.120080471E0,1.276957035E0
1.067244267E1,-4.780230224E-1,1.801354527E0,1.073997378E0
1.068245567E1,1.820978969E-1,1.401926160E0,9.060128927E-1
1.069246967E1,1.265996099E0,1.243438482E0,1.021583915E0
1.070248267E1,2.411400795E0,1.057809472E0,1.374384046E0
1.071249567E1,3.417881250E0,7.509164810E-1,1.752776146E0
1.072250967E1,4.271230221E0,5.263957381E-1,1.974263787E0
1.073252267E1,4.697478771E0,4.191202521E-1,1.948298454E0
1.074253667E1,4.567224503E0,5.471720099E-1,1.631617904E0
1.075254967E1,3.922976017E0,1.058244586E0,1.101449370E0
1.076256267E1,2.886229277E0,1.572694898E0,7.244816422E-1
1.077257667E1,1.939975739E0,1.922232151E0,5.941993594E-1
1.078258967E1,1.412304163E0,1.756190419E0,7.172712088E-1
1.079260267E1,1.447253942E0,1.027125955E0,9.636794329E-1
1.080261667E1,1.701022267E0,-1.568453759E-2,1.053899884E0
1.081262967E1,1.782740593E0,-7.753914595E-1,8.310744762E-1
1.082264367E1,1.485320330E0,-9.189150929E-1,4.224555492E-1
1.083265667E1,7.291636467E-1,-6.352130771E-1,7.205256727E-3
1.084266967E1,-1.117934287E-1,-1.258776933E-1,-3.684155047E-1
1.085268367E1,-7.375247478E-1,4.188114405E-1,-6.328914165E-1
1.086269667E1,-1.190292954E0,8.304522634E-1,-8.482646942E-1
1.087271067E1,-1.509491563E0,1.077141523E0,-9.998170137E-1
1.088272367E1,-1.666517854E0,1.149450541E0,-1.094930768E0
1.089273667E1,-1.715321064E0,1.101319790E0,-1.122202754E0
1.090275067E1,-1.774446726E0,8.846924305E-1,-1.109203100E0
1.091276367E1,-1.856164932E0,5.329983234E-1,-1.074343801E0
1.092277767E1,-1.845346928E0,5.047138315E-3,-1.001142621E0
1.093279067E1,-1.699451327E0,-5.771812201E-1,-8.928702474E-1
1.094280367E1,-1.491784692E0,-1.102818966E0,-7.743979096E-1
1.095281767E1,-1.332430601E0,-1.455207944E0,-6.578906178E-1
1.096283067E1,-1.269353867E0,-1.621347904E0,-5.257003903E-1
1.097284467E1,-1.293794990E0,-1.579402328E0,-3.129835129E-1
1.098285767E1,-1.353652477E0,-1.399353981E0,-3.350181878E-2
1.099287067E1,-1.364649177E0,-1.224878073E0,2.261135727E-1
1.100288467E1,-1.335698485E0,-1.036149144E0,4.673669338E-1
1.101289767E1,-1.312843680E0,-8.340667486E-1,6.460695267E-1
1.102291067E1,-1.342367530E0,-5.898426175E-1,7.471892238E-1
1.103292467E1,-1.457052231E0,-2.756041586E-1,8.064300418E-1
1.104293767E1,-1.716565371E0,1.404351443E-1,7.906774879E-1
1.105295167E1,-2.137363195E0,6.270298958E-1,7.633520365E-1
1.106296467E1,-2.662869215E0,1.092837572E0,7.867769003E-1
1.107297767E1,-3.226966143E0,1.421332240E0,8.652015924E-1
1.108299167E1,-3.686559200E0,1.648435712E0,1.011917233E0
1.109300467E1,-3.950020075E0,1.752435088E0,1.165665150E0
1.110301867E1,-3.986036777E0,1.744145751E0,1.277543187E0
1.111303167E1,-3.839800596E0,1.664223790E0,1.364742756E0
1.112304467E1,-3.552501917E0,1.564942479E0,1.386327624E0
1.113305867E1,-3.201973677E0,1.595368028E0,1.398021698E0
1.114307167E1,-2.950425148E0,1.747937918E0,1.439814448E0
1.115308567E1,-2.893341541E0,2.034400702E0,1.514192939E0
1.116309867E1,-3.006732941E0,2.455529213E0,1.589636087E0
1.117311167E1,-3.183678865E0,2.817215681E0,1.648181200E0
1.118312567E1,-3.318321705E0,2.843739510E0,1.703974485E0
1.119313867E1,-3.314398289E0,2.508932590E0,1.789806604E0
1.120315167E1,-3.189761162E0,1.997957587E0,1.929679036E0
1.121316567E1,-2.905208349E0,1.431810856E0,2.129699230E0
1.122317867E1,-2.497801065E0,9.257705212E-1,2.354659557E0
1.123319267E1,-2.120934725E0,5.924418569E-1,2.548089981E0
1.124320567E1,-1.813195944E0,6.041924953E-1,2.718982697E0
1.125321867E1,-1.575085759E0,8.464799523E-1,2.918018579E0
1.126323267E1,-1.282532454E0,1.201694250E0,3.217944622E0
1.127324567E1,-9.313993454E-1,1.704226136E0,3.624921799E0
1.128325967E1,-5.710510015E-1,2.267370462E0,4.118143082E0
1.129327267E1,-2.132780552E-1,2.822416306E0,4.649909496E0
1.130328567E1,1.166063622E-1,3.163165092E0,5.135601521E0
1.131329967E1,5.616490841E-1,2.895810366E0,5.471778393E0
1.132331267E1,1.413294435E0,2.209040642E0,5.712344646E0
1.133332567E1,2.527587175E0,1.328900576E0,5.834099770E0
1.134333967E1,3.619577169E0,5.519341826E-1,5.911513805E0
1.135335267E1,4.358736038E0,9.098780155E-2,5.983644962E0
1.136336667E1,4.594511032E0,2.993894815E-1,6.087336540E0
1.137337967E1,4.540291786E0,9.442920685E-1,6.323920250E0
1.138339267E1,4.529295921E0,1.603052616E0,6.659907818E0
1.139340746E1,4.626499653E0,1.960074544E0,6.938622952E0
1.140342046E1,4.681970596E0,1.995625854E0,6.941168785E0
1.141343446E1,4.729301929E0,1.982870102E0,6.756757259E0
1.142344746E1,5.161788464E0,2.161624908E0,6.758756638E0
1.143346046E1,5.721852779E0,2.032116413E0,6.796309471E0
1.144347446E1,5.678320885E0,1.513985872E0,6.385596752E0
1.145348746E1,4.733898163E0,1.218028784E0,5.498814106E0
1.146350046E1,3.041294098E0,1.522007585E0,4.417616844E0
1.147351446E1,1.039576292E0,2.204100370E0,3.569765329E0
1.148352746E1,-4.008516371E-1,3.034468412E0,3.174347639E0
1.149354146E1,-1.004877448E0,3.545143127E0,3.133890629E0
1.150355446E1,-8.382210732E-1,3.438685894E0,3.217651129E0
1.151356746E1,-1.734335721E-1,2.911194324E0,3.073103428E0
1.152358146E1,4.401544929E-1,2.200954676E0,2.526681185E0
1.153359446E1,8.209705949E-1,1.349486113E0,1.769890189E0
1.154360846E1,1.119841218E0,2.406939268E-1,1.008932114E0
1.155362146E1,1.413845420E0,-8.175874352E-1,3.671655357E-1
1.156363446E1,1.646938562E0,-1.686167002E0,-1.829956174E-1
1.157364846E1,1.826061964E0,-2.377816200E0,-6.830508113E-1
1.158366146E1,1.912659645E0,-2.886359215E0,-1.086166024E0
1.159367546E1,1.928939104E0,-3.180251598E0,-1.331466079E0
1.160368846E1,1.888381600E0,-3.267107725E0,-1.430140495E0
1.161370146E1,1.786348701E0,-3.204973936E0,-1.431033731E0
1.162371546E1,1.687449574E0,-3.019462585E0,-1.359749675E0
1.163372846E1,1.601688147E0,-2.840286255E0,-1.230019093E0
1.164374146E1,1.549024701E0,-2.720922947E0,-1.074874759E0
1.165375546E1,1.537794948E0,-2.668686867E0,-8.990402818E-1
1.166376846E1,1.575908542E0,-2.676461935E0,-7.197650671E-1
1.167378246E1,1.651908278E0,-2.722806454E0,-5.445463657E-1
1.168379546E1,1.770738840E0,-2.801860094E0,-3.725855052E-1
1.169380846E1,1.893440127E0,-2.857325077E0,-1.934997439E-1
1.170382246E1,1.963420510E0,-2.879878283E0,8.369728923E-3
1.171383546E1,1.989635825E0,-2.894849777E0,2.178717107E-1
1.172384846E1,1.990950346E0,-2.881151199E0,4.386509359E-1
1.173386246E1,1.923863292E0,-2.845210075E0,6.886176467E-1
1.174387546E1,1.777674556E0,-2.759160519E0,9.901018739E-1
1.175388946E1,1.559436440E0,-2.614913464E0,1.344665885E0
1.176390246E1,1.324222803E0,-2.480714560E0,1.715141177E0
1.177391546E1,1.136480093E0,-2.297381163E0,2.079349279E0
1.178392946E1,9.963214993E-1,-2.058544636E0,2.468246460E0
1.179394246E1,8.854447603E-1,-1.819475055E0,2.858294249E0
1.180395646E1,8.068199754E-1,-1.629085660E0,3.191083908E0
1.181396946E1,7.986783385E-1,-1.579804659E0,3.467533350E0
1.182398246E1,9.181061983E-1,-1.713679910E0,3.655749321E0
1.183399646E1,1.097281575E0,-2.102761030E0,3.829628944E0
1.184400946E1,1.275693417E0,-2.697517633E0,4.079787254E0
1.185402246E1,1.459180236E0,-3.338398933E0,4.435406685E0
1.186403646E1,1.553988695E0,-3.813101053E0,4.868746758E0
1.187404946E1,1.581708312E0,-4.018548012E0,5.285968304E0
1.188406346E1,1.563917041E0,-4.034920692E0,5.284311771E0
1.189407646E1,1.363124013E0,-3.959537983E0,4.737367153E0
1.190408946E1,1.151016235E0,-3.864108324E0,4.171826839E0
1.191410346E1,1.512367964E0,-3.732273817E0,3.708706856E0
1.192411646E1,2.444542885E0,-3.838711262E0,3.335330009E0
1.193413046E1,3.500313520E0,-3.953980207E0,3.135974884E0
1.194414346E1,4.100580692E0,-3.920861483E0,2.911268234E0
1.195415646E1,4.072308540E0,-3.799104452E0,2.601539135E0
1.196417046E1,3.726274967E0,-3.688109875E0,2.170073032E0
1.197418346E1,3.505115509E0,-3.446227312E0,1.629083753E0
1.198419646E1,3.332281590E0,-3.283116102E0,1.074576855E0
1.199421046E1,3.083835840E0,-3.211970329E0,6.808206439E-1
1.200422346E1,2.957842350E0,-3.211602688E0,3.880960345E-1
1.201423746E1,2.853018284E0,-3.227104902E0,1.187730208E-1
1.202425046E1,2.433959723E0,-3.325351954E0,-1.700052470E-1
1.203426346E1,1.824168682E0,-3.404748917E0,-4.872659445E-1
1.204427746E1,1.220535278E0,-3.437339306E0,-7.130244970E-1
1.205429046E1,7.382624745E-1,-3.414036512E0,-9.255703688E-1
1.206430346E1,4.540933669E-1,-3.364850283E0,-1.108318806E0
1.207431746E1,3.557248414E-1,-3.342266083E0,-1.231393456E0
1.208433046E1,2.025054693E-1,-3.396523476E0,-1.155004144E0
1.209434446E1,-2.902118117E-2,-3.577593565E0,-9.867267609E-1
1.210435746E1,-2.850614786E-1,-3.873964310E0,-8.539519310E-1
1.211437046E1,-4.855534434E-1,-4.224636555E0,-8.147790432E-1
1.212438446E1,-6.927084923E-1,-4.539947987E0,-7.856600881E-1
1.213439746E1,-9.839198589E-1,-4.827249527E0,-8.281514645E-1
1.214441146E1,-1.314285278E0,-5.095639706E0,-9.027367830E-1
1.215442446E1,-1.654437423E0,-5.230066299E0,-8.656941652E-1
1.216443746E1,-2.026282310E0,-5.220748425E0,-7.462130189E-1
1.217445146E1,-2.473899126E0,-5.063630581E0,-6.148185134E-1
1.218446446E1,-2.852211952E0,-4.864367485E0,-4.759738147E-1
1.219447746E1,-3.002603531E0,-4.590538025E0,-3.116082251E-1
1.220449146E1,-3.022320747E0,-4.371756077E0,-1.789186150E-1
1.221450446E1,-2.976361752E0,-4.143474579E0,-1.030340269E-1
1.222451846E1,-2.944226980E0,-3.857098341E0,-6.889443099E-2
1.223453146E1,-2.966959238E0,-3.490626097E0,-4.251373932E-2
1.224454446E1,-3.026260138E0,-3.076030016E0,-6.187159102E-3
1.225455846E1,-3.124088764E0,-2.748329878E0,6.327883806E-3
1.226457146E1,-3.237784624E0,-2.556074381E0,1.569528691E-2
1.227458446E1,-3.370911121E0,-2.545825958E0,2.235333063E-2
1.228459846E1,-3.482845783E0,-2.661234856E0,3.629178554E-2
1.229461146E1,-3.604886770E0,-2.840104103E0,1.060257629E-1
1.230462546E1,-3.690661669E0,-3.026757717E0,2.513712347E-1
1.231463846E1,-3.713714123E0,-3.272762060E0,3.817854226E-1
1.232465146E1,-3.641372442E0,-3.448704958E0,4.488613904E-1
1.233466546E1,-3.564282179E0,-3.485039473E0,4.927150607E-1
1.234467846E1,-3.537244320E0,-3.335946083E0,5.287290215E-1
1.235469146E1,-3.581881046E0,-2.995497942E0,5.266270041E-1
1.236470546E1,-3.645365000E0,-2.442271948E0,4.324288666E-1
1.237471846E1,-3.823055744E0,-1.680847764E0,3.089518547E-1
1.238473246E1,-4.296649456E0,-8.122232556E-1,9.997011721E-2
1.239474483E1,-4.938552380E0,6.366047263E-2,-1.319656521E-1
1.240475783E1,-5.476775169E0,8.540179729E-1,-3.559423089E-1
1.241477183E1,-5.845520496E0,1.395258427E0,-5.065627098E-1
1.242478483E1,-6.015583515E0,1.632891536E0,-5.320923328E-1
1.243479883E1,-5.956505299E0,1.425766468E0,-4.931449592E-1
1.244481183E1,-5.603025436E0,8.622618318E-1,-4.370934069E-1
1.245482483E1,-5.034148216E0,1.363919228E-1,-3.457617462E-1
1.246483883E1,-4.486157894E0,-4.887190759E-1,-1.785884798E-1
1.247485183E1,-4.204194546E0,-8.267649412E-1,2.688919008E-2
1.248486483E1,-4.144309998E0,-8.949946165E-1,2.183526307E-1
1.249487883E1,-4.233563900E0,-7.026942968E-1,3.503246009E-1
1.250489183E1,-4.344868660E0,-3.215725422E-1,4.134705663E-1
1.251490583E1,-4.468688488E0,1.968427151E-1,4.291258752E-1
1.252491883E1,-4.627932549E0,7.040739655E-1,3.580607474E-1
1.253493183E1,-4.621608257E0,1.199649572E0,2.491686046E-1
1.254494583E1,-4.352587223E0,1.612935424E0,1.876112372E-1
1.255495883E1,-3.964817286E0,1.865263462E0,2.107769251E-1
1.256497183E1,-3.541391373E0,1.914349794E0,3.027579784E-1
1.257498583E1,-3.087621212E0,1.822522759E0,4.549308121E-1
1.258499883E1,-2.572835445E0,1.637821078E0,6.361184716E-1
1.259501283E1,-2.043607473E0,1.415951252E0,8.347120285E-1
1.260502583E1,-1.561207652E0,1.112605929E0,1.009896040E0
1.261503883E1,-1.083149672E0,8.373863101E-1,1.128657460E0
1.262505283E1,-6.331542134E-1,6.625819802E-1,1.175830245E0
1.263506583E1,-3.194985986E-1,5.291666389E-1,1.215667844E0
1.264507883E1,-1.265951693E-1,4.216399193E-1,1.315183997E0
1.265509283E1,1.650280505E-1,3.450102806E-1,1.489653349E0
1.266510583E1,7.153130174E-1,2.650123835E-1,1.669518232E0
1.267511983E1,1.458045483E0,1.154649630E-1,1.767734885E0
1.268513283E1,2.302587986E0,6.488407403E-2,1.864499807E0
1.269514583E1,2.979618073E0,1.370034367E-1,1.843116641E0
1.270515983E1,3.365558386E0,2.960527539E-1,1.762280107E0
1.271517283E1,3.570218086E0,2.584340274E-1,1.797673702E0
1.272518583E1,3.805861473E0,-2.461891919E-1,2.111780882E0
1.273519983E1,4.556066513E0,-1.196037412E0,2.508516312E0
1.274521283E1,5.696601391E0,-2.431155682E0,2.878703833E0
1.275522683E1,6.442899704E0,-3.136148930E0,2.986130714E0
1.276523983E1,6.194908619E0,-2.730534554E0,2.732375145E0
1.277525283E1,5.030817509E0,-1.326247931E0,2.263198137E0
1.278526683E1,3.401602983E0,1.992389560E-1,1.745808959E0
1.279527983E1,1.730523109E0,1.137976289E0,1.016636848E0
1.280529283E1,4.014975429E-1,1.428434730E0,4.373838305E-1
1.281530683E1,-3.341505229E-1,1.245940089E0,-9.487235919E-3
1.282531983E1,-8.031862378E-1,9.467914701E-1,-2.962873280E-1
1.283533383E1,-1.366315722E0,7.518234253E-1,-5.384430885E-1
1.284534683E1,-1.984136939E0,8.304692507E-1,-6.830999255E-1
1.285535983E1,-2.709070921E0,1.031377554E0,-7.566072941E-1
1.286537383E1,-3.456374884E0,1.158377051E0,-7.517613769E-1
1.287538683E1,-4.062267303E0,1.068213701E0,-7.549093366E-1
1.288539983E1,-4.477258682E0,6.741274595E-1,-7.751304507E-1
1.289541383E1,-4.723884583E0,1.223000884E-2,-7.878789306E-1
1.290542683E1,-4.815030098E0,-7.018671036E-1,-7.915141582E-1
1.291544083E1,-4.810787201E0,-1.341747999E0,-7.739239931E-1
1.292545383E1,-4.822061539E0,-1.855537295E0,-7.008311152E-1
1.293546683E1,-4.807895660E0,-2.116035461E0,-4.912175834E-1
1.294548083E1,-4.726946831E0,-2.005455971E0,-3.010635972E-1
1.295549383E1,-4.838008404E0,-1.364336014E0,-2.213740051E-1
1.296550683E1,-5.204689980E0,-2.045104802E-1,-1.965783834E-1
1.297552083E1,-5.764006615E0,1.234959006E0,-1.940268725E-1
1.298553383E1,-6.419142723E0,2.765459299E0,-2.038089335E-1
1.299554783E1,-7.024390697E0,4.168822289E0,-2.568200529E-1
1.300556083E1,-7.506805420E0,5.342424393E0,-3.627528548E-1
1.301557383E1,-7.874384403E0,6.246766090E0,-4.834370911E-1
1.302558783E1,-8.056573868E0,6.896881580E0,-5.750402212E-1
1.303560083E1,-8.013751030E0,7.180112362E0,-6.350172758E-1
1.304561383E1,-7.904227734E0,7.084105015E0,-7.580784559E-1
1.305562783E1,-7.796413422E0,6.691710949E0,-8.936563730E-1
1.306564083E1,-7.783697128E0,6.053472519E0,-1.116454244E0
1.307565483E1,-7.785867214E0,5.223369598E0,-1.265872359E0
1.308566783E1,-7.532234669E0,4.276185513E0,-1.299906015E0
1.309568083E1,-7.141908646E0,3.262035370E0,-1.148748398E0
1.310569483E1,-6.711071968E0,2.348690271E0,-9.514362216E-1
1.311570783E1,-6.239161491E0,1.825449586E0,-7.631418705E-1
1.312572083E1,-5.789207935E0,1.724081635E0,-6.271392703E-1
1.313573483E1,-5.252937317E0,2.077361822E0,-4.163407087E-1
1.314574783E1,-4.447263718E0,2.522300243E0,1.439212859E-1
1.315576183E1,-3.443756580E0,2.564778805E0,9.406412840E-1
1.316577483E1,-2.491946697E0,2.024478197E0,1.752416730E0
1.317578783E1,-1.639331222E0,1.094233632E0,2.548780203E0
1.318580183E1,-9.693923593E-1,1.718624234E-1,3.278725624E0
1.319581483E1,-5.580014586E-1,-3.964117765E-1,3.800854683E0
1.320582783E1,-2.670686543E-1,-3.937555254E-1,4.248200417E0
1.321584183E1,-1.411814690E-1,-3.618496656E-2,4.702697754E0
1.322585483E1,-1.854213774E-1,1.755706966E-1,5.163869858E0
1.323586883E1,2.209028229E-2,1.399239749E-1,5.823175430E0
1.324588183E1,5.440874100E-1,-1.915048212E-1,6.571968555E0
1.325589483E1,1.195018888E0,-5.307781100E-1,7.259926319E0
1.326590883E1,1.916391492E0,-6.354759932E-1,7.752236843E0
1.327592183E1,2.512454510E0,-4.918931127E-1,7.953847408E0
1.328593483E1,2.865975618E0,-2.838626802E-1,7.887666225E0
1.329594883E1,2.973714352E0,-9.031724930E-2,7.719478607E0
1.330596183E1,2.784416199E0,1.130928621E-1,7.721947670E0
1.331597583E1,2.545769691E0,2.121074349E-1,7.679771900E0
1.332598883E1,2.650184870E0,3.049820065E-1,7.727206707E0
1.333600183E1,3.122140884E0,3.435168564E-1,7.979873657E0
1.334601583E1,3.777032852E0,4.553395212E-1,8.155242920E0
1.335602883E1,4.157726765E0,8.657516837E-1,8.265909195E0
1.336604183E1,3.968541384E0,1.607916117E0,8.245492935E0
1.337605583E1,3.287492037E0,2.319937706E0,7.881153584E0
1.338606883E1,2.438243389E0,2.802535534E0,7.390137196E0
1.339608229E1,1.819033504E0,2.840793371E0,6.919359207E0
1.340609629E1,1.521014929E0,2.480897427E0,6.419215679E0
1.341610929E1,1.470002532E0,1.950064301E0,5.973829269E0
1.342612329E1,1.510324121E0,1.497077823E0,5.709905148E0
1.343613629E1,1.541966319E0,1.157823086E0,5.621381283E0
1.344614929E1,1.473845363E0,9.168224931E-1,5.727518559E0
1.345616329E1,1.297843695E0,9.759403467E-1,5.851371765E0
1.346617629E1,1.052511930E0,1.271325231E0,5.438558102E0
1.347618929E1,9.733022451E-1,1.539788723E0,4.653596878E0
1.348620329E1,1.216530919E0,1.404723287E0,3.822465420E0
1.349621629E1,1.608926773E0,7.857092619E-1,3.051123619E0
1.350623029E1,2.053448677E0,4.979050905E-2,2.413732767E0
1.351624329E1,2.481302500E0,-3.890812993E-1,2.115595818E0
1.352625629E1,2.833334923E0,-3.939037621E-1,1.987892151E0
1.353627029E1,2.969339371E0,-3.305624798E-2,1.727180600E0
1.354628329E1,2.782221317E0,4.668116271E-1,1.332852721E0
1.355629629E1,2.332265377E0,8.393486738E-1,9.576963186E-1
1.356631029E1,1.794195294E0,1.050807357E0,6.919744015E-1
1.357632329E1,1.302765369E0,1.087067723E0,5.351757407E-1
1.358633729E1,9.459481239E-1,9.742301106E-1,4.381946325E-1
1.359635029E1,7.501248121E-1,7.714588046E-1,3.693189323E-1
1.360636329E1,6.687481999E-1,4.761052132E-1,3.064118922E-1
1.361637729E1,6.547411680E-1,8.982969075E-2,2.443680465E-1
1.362639029E1,7.173174620E-1,-3.731898665E-1,1.871801168E-1
1.363640329E1,8.565522432E-1,-9.193078279E-1,1.489856988E-1
1.364641729E1,1.050843358E0,-1.532558918E0,1.241237447E-1
1.365643029E1,1.248748302E0,-2.130779982E0,1.348537505E-1
1.366644329E1,1.392835975E0,-2.641416073E0,1.404980421E-1
1.367645729E1,1.441755772E0,-3.039372206E0,1.618807912E-1
1.368647029E1,1.419843316E0,-3.254244089E0,2.337408662E-1
1.369648429E1,1.341811776E0,-3.340893507E0,3.985012174E-1
1.370649729E1,1.248005867E0,-3.366064548E0,6.403583288E-1
1.371651029E1,1.142794609E0,-3.370150805E0,9.318150282E-1
1.372652429E1,1.086800575E0,-3.290676832E0,1.368787766E0
1.373653729E1,1.027340293E0,-3.265100718E0,1.954776406E0
1.374655029E1,8.579377532E-1,-3.303117752E0,2.561608315E0
1.375656429E1,6.697624922E-1,-3.351252794E0,3.160702705E0
1.376657729E1,4.997726977E-1,-3.468434095E0,3.690377712E0
1.377659129E1,3.038822412E-1,-3.646474361E0,4.117441654E0
1.378660429E1,-1.617674828E-1,-3.965853214E0,4.674174309E0
1.379661729E1,-6.912084222E-1,-4.007137299E0,5.592662334E0
1.380663129E1,-1.330976725E0,-3.846636772E0,6.465388775E0
1.381664429E1,-2.112199783E0,-3.740906715E0,7.256871700E0
1.382665729E1,-2.702047110E0,-3.752265930E0,7.685468674E0
1.383667129E1,-2.835129976E0,-4.226863384E0,7.787333488E0
1.384668429E1,-2.548879623E0,-5.092516422E0,7.672419548E0
1.385669729E1,-1.868938684E0,-6.286362171E0,7.277044296E0
1.386671129E1,-7.160806060E-1,-7.463250637E0,6.663858414E0
1.387672429E1,6.716353893E-1,-8.320476532E0,6.073438644E0
1.388673829E1,2.077352285E0,-8.609075546E0,5.595838547E0
1.389675129E1,3.169118404E0,-8.212621689E0,5.268367290E0
1.390676429E1,3.813237906E0,-6.960686684E0,4.998605251E0
1.391677829E1,3.779498100E0,-4.728686810E0,4.706217766E0
1.392679129E1,2.964661598E0,-2.000242233E0,4.245424271E0
1.393680429E1,1.719830632E0,2.631895840E-1,3.577428579E0
1.394681829E1,5.827553272E-1,1.640432119E0,2.698547840E0
1.395683129E1,-1.986236274E-1,1.835925341E0,1.808720350E0
1.396684429E1,-5.652782917E-1,8.355782032E-1,1.021243572E0
1.397685829E1,-4.660616815E-1,-9.387381673E-1,5.167190433E-1
1.398687129E1,-1.471380293E-1,-2.848475695E0,1.911595911E-1
1.399688529E1,2.192091942E-2,-4.248136044E0,-1.538761705E-1
1.400689829E1,-2.179089934E-3,-4.855302811E0,-5.603688359E-1
1.401691129E1,-3.744179606E-1,-4.735980034E0,-9.203878641E-1
1.402692529E1,-9.167538881E-1,-4.171971798E0,-1.289586186E0
1.403693829E1,-1.370795965E0,-3.468937874E0,-1.686708927E0
1.404695129E1,-1.722782493E0,-2.773702860E0,-1.960365534E0
1.405696529E1,-1.916266322E0,-2.276948929E0,-1.939811707E0
1.406697829E1,-2.109271526E0,-2.154219866E0,-1.590538740E0
1.407699229E1,-2.240500689E0,-2.605435371E0,-1.290495396E0
1.408700529E1,-2.211609125E0,-3.363150835E0,-1.269183755E0
1.409701829E1,-2.115552425E0,-4.127097607E0,-1.395099163E0
1.410703229E1,-2.121226788E0,-4.768540859E0,-1.619610667E0
1.411704529E1,-2.215900898E0,-5.074825764E0,-1.841181159E0
1.412705829E1,-2.210968971E0,-5.178733349E0,-1.973458767E0
1.413707229E1,-2.123971701E0,-5.258607864E0,-2.061732531E0
1.414708529E1,-2.053559303E0,-5.243115425E0,-2.033367395E0
1.415709829E1,-2.176520586E0,-5.018209934E0,-1.829451084E0
1.416711229E1,-2.585417032E0,-4.535899162E0,-1.522371531E0
1.417712529E1,-3.138780594E0,-3.893509388E0,-1.268375039E0
1.418713929E1,-3.662737131E0,-3.315067291E0,-1.169385910E0
1.419715229E1,-4.030478001E0,-2.969813824E0,-1.256365180E0
1.420716529E1,-4.147343636E0,-2.822965384E0,-1.405951500E0
1.421717929E1,-4.082530022E0,-2.810259104E0,-1.571851611E0
1.422719229E1,-3.942937613E0,-2.855189323E0,-1.678100586E0
1.423720529E1,-3.767687321E0,-2.939038754E0,-1.751194715E0
1.424721929E1,-3.528881550E0,-2.954132557E0,-1.806640983E0
1.425723229E1,-3.337820053E0,-2.810649157E0,-1.711468458E0
1.426724529E1,-3.279403925E0,-2.613287210E0,-1.441973567E0
1.427725929E1,-3.254297018E0,-2.419855356E0,-1.132866263E0
1.428727229E1,-3.176399231E0,-2.283028841E0,-9.129703641E-1
1.429728629E1,-3.092623711E0,-2.224726439E0,-8.474010229E-1
1.430729929E1,-3.054866314E0,-2.108967304E0,-8.514013290E-1
1.431731229E1,-3.057415724E0,-1.990493059E0,-8.720461130E-1
1.432732629E1,-2.943145752E0,-1.879738808E0,-8.382868171E-1
1.433733929E1,-2.754444599E0,-1.850941420E0,-7.268398404E-1
1.434735229E1,-2.492940664E0,-1.848446012E0,-5.798804760E-1
1.435736629E1,-2.243141413E0,-1.788372040E0,-4.071762562E-1
1.436737929E1,-2.166962624E0,-1.552840233E0,-1.676547527E-1
1.437739229E1,-2.323011398E0,-1.335183978E0,3.071738407E-2
1.438740629E1,-2.573150396E0,-1.108139634E0,9.172187746E-2
1.439741958E1,-2.788395166E0,-8.929362297E-1,5.069026351E-2
1.440743358E1,-2.947506905E0,-7.527388930E-1,-1.936258748E-2
1.441744658E1,-3.013570786E0,-6.417340636E-1,-8.465516567E-2
1.442745958E1,-3.000112534E0,-6.278147697E-1,-8.278855681E-2
1.443747358E1,-2.880546570E0,-7.526730895E-1,-4.640258849E-2
1.444748658E1,-2.568516254E0,-9.255827665E-1,4.380603880E-2
1.445749958E1,-2.230348587E0,-1.170112848E0,1.836451888E-1
1.446751358E1,-1.930967927E0,-1.356392741E0,3.074102700E-1
1.447752658E1,-1.814478397E0,-1.409866571E0,4.300115108E-1
1.448753958E1,-1.906855702E0,-1.243097305E0,5.072421432E-1
1.449755358E1,-2.080561399E0,-9.203312397E-1,5.495006442E-1
1.450756658E1,-2.262284279E0,-5.749392509E-1,5.675757527E-1
1.451758058E1,-2.356645584E0,-3.862931728E-1,5.836501718E-1
1.452759358E1,-2.279804230E0,-3.925358951E-1,5.735485554E-1
1.453760658E1,-2.087789059E0,-5.311148763E-1,4.951029420E-1
1.454762058E1,-1.870343685E0,-7.013454437E-1,4.151934683E-1
1.455763358E1,-1.733474374E0,-9.318859577E-1,3.030954599E-1
1.456764658E1,-1.504949927E0,-1.109422326E0,2.903338373E-1
1.457766058E1,-1.405740499E0,-1.249536872E0,5.091149211E-1
1.458767358E1,-1.388474464E0,-1.295228124E0,9.422327876E-1
1.459768658E1,-1.234861374E0,-1.236302614E0,1.460198522E0
1.460770058E1,-9.231628180E-1,-1.340210080E0,1.826167703E0
1.461771358E1,-4.633991718E-1,-1.422335625E0,1.943446636E0
1.462772758E1,-1.480358988E-1,-1.400144339E0,1.916336179E0
1.463774058E1,-1.437898427E-1,-1.162521005E0,1.813969970E0
1.464775358E1,-5.860809684E-1,-6.821364164E-1,1.660753489E0
1.465776758E1,-1.314206362E0,5.129690841E-2,1.434040666E0
1.466778058E1,-2.017636776E0,8.632140160E-1,1.146407247E0
1.467779358E1,-2.569299221E0,1.500431299E0,8.196234107E-1
1.468780758E1,-2.844041586E0,1.925312638E0,6.527952552E-1
1.469782058E1,-2.891767502E0,2.113775015E0,6.665117741E-1
1.470783358E1,-2.644714355E0,1.944921613E0,7.734084129E-1
1.471784758E1,-1.930535316E0,1.364567161E0,8.999980092E-1
1.472786058E1,-1.016078472E0,7.248716354E-1,9.504998326E-1
1.473787358E1,-3.941373527E-1,2.634398341E-1,9.375321269E-1
1.474788758E1,-2.276423872E-1,2.248341143E-1,9.264765382E-1
1.475790058E1,-2.919452488E-1,4.681414366E-1,8.725711703E-1
1.476791458E1,-3.484660685E-1,9.413965940E-1,9.534457922E-1
1.477792758E1,-3.033891022E-1,1.291315556E0,1.099844098E0
1.478794058E1,-6.836912036E-2,1.485649824E0,1.215512395E0
1.479795458E1,1.520818919E-1,1.620943308E0,1.350139856E0
1.480796758E1,2.629002929E-1,1.808739901E0,1.491336346E0
1.481798058E1,3.349976540E-1,1.964654565E0,1.550096869E0
1.482799458E1,4.752141535E-1,2.188457251E0,1.509064794E0
1.483800758E1,6.910938025E-1,2.397946835E0,1.500052810E0
1.484802058E1,1.133740187E0,2.494209290E0,1.620539546E0
1.485803458E1,1.890711188E0,2.444800615E0,1.991284132E0
1.486804758E1,2.555846691E0,2.048231363E0,2.537585735E0
1.487806158E1,3.162398815E0,1.278061032E0,3.126494408E0
1.488807458E1,3.624675512E0,-1.557715610E-2,3.567900658E0
1.489808758E1,3.968347311E0,-1.841408730E0,3.819946527E0
1.490810158E1,4.188436508E0,-3.758767605E0,3.864953756E0
1.491811458E1,4.148746014E0,-4.976506710E0,3.531884432E0
1.492812758E1,3.752524137E0,-4.921941280E0,2.918324232E0
1.493814158E1,3.019531012E0,-3.895811558E0,2.279718399E0
1.494815458E1,2.152401447E0,-2.436042547E0,1.718468189E0
1.495816758E1,1.372807503E0,-9.132223725E-1,1.195471525E0
1.496818158E1,6.403784752E-1,4.297088087E-1,7.129490972E-1
1.497819458E1,-1.117093265E-1,1.359545469E0,2.668011785E-1
1.498820858E1,-9.717428684E-1,1.905470252E0,-1.916856915E-1
1.499822158E1,-2.000437498E0,2.180274963E0,-5.947400331E-1
1.500823458E1,-3.362420082E0,2.128563881E0,-8.911447525E-1
1.501824858E1,-4.780707836E0,1.784230351E0,-1.133288860E0
1.502826158E1,-5.754713535E0,1.374822259E0,-1.357449532E0
1.503827458E1,-6.289498329E0,8.307258487E-1,-1.515182495E0
1.504828858E1,-6.346507549E0,1.061487049E-1,-1.543976307E0
1.505830158E1,-5.898552895E0,-8.062629700E-1,-1.409574270E0
1.506831458E1,-5.228914738E0,-1.779471993E0,-1.166456699E0
1.507832858E1,-4.506686211E0,-2.495613098E0,-8.092778921E-1
1.508834158E1,-3.970476389E0,-2.768009186E0,-4.673961699E-1
1.509835458E1,-3.860491991E0,-2.693798304E0,-1.676218063E-1
1.510836858E1,-4.102111340E0,-2.285463572E0,1.065575480E-1
1.511838158E1,-4.529335022E0,-1.628873706E0,3.536586761E-1
1.512839458E1,-4.993328094E0,-7.923625708E-1,5.713949800E-1
1.513840858E1,-5.410534382E0,7.316333055E-2,6.966259480E-1
1.514842158E1,-5.789165974E0,8.181784153E-1,6.961550713E-1
1.515843558E1,-6.055697441E0,1.456959128E0,5.228000879E-1
1.516844858E1,-6.150299549E0,1.825825095E0,1.459228545E-1
1.517846158E1,-6.043273926E0,1.923380613E0,-4.218442440E-1
1.518847558E1,-5.778217793E0,1.862133861E0,-9.906730652E-1
1.519848858E1,-5.507794380E0,1.737038493E0,-1.345346570E0
1.520850158E1,-5.228800774E0,1.482606292E0,-1.414332509E0
1.521851558E1,-4.934114456E0,1.080712557E0,-1.255225062E0
1.522852858E1,-4.709388256E0,4.674412310E-1,-1.017137170E0
1.523854158E1,-4.548799992E0,-2.195356488E-1,-8.371063471E-1
1.524855558E1,-4.503455639E0,-8.174477816E-1,-8.265118003E-1
1.525856858E1,-4.641902447E0,-1.158374906E0,-1.008865714E0
1.526858158E1,-4.933870316E0,-1.177439213E0,-1.385663033E0
1.527859558E1,-5.334954739E0,-8.933838606E-1,-1.953482389E0
1.528860858E1,-5.743162632E0,-5.927881002E-1,-2.390522242E0
1.529862258E1,-6.086594105E0,-3.936789930E-1,-2.620248556E0
1.530863558E1,-6.154726028E0,-4.002223909E-1,-2.539678574E0
1.531864858E1,-5.490097523E0,-6.776208282E-1,-1.852144718E0
1.532866258E1,-3.959165335E0,-1.339109063E0,-4.646960795E-1
1.533867558E1,-2.180226326E0,-2.041408539E0,1.034533501E0
1.534868858E1,-9.899974465E-1,-2.115123749E0,2.269184113E0
1.535870258E1,-5.081060529E-1,-1.286964178E0,2.833281517E0
1.536871558E1,-6.181646585E-1,-1.407639533E-1,2.821831465E0
1.537872858E1,-9.565000534E-1,2.295826823E-1,2.689197063E0
1.538874258E1,-9.075287580E-1,-1.192847174E-2,2.827496529E0
1.539875492E1,-6.399550438E-1,-3.653917611E-1,3.235102654E0
1.540876792E1,-1.976609975E-1,-5.002776980E-1,3.722545147E0
1.541878192E1,4.293478131E-1,-2.426108420E-1,4.275393486E0
1.542879492E1,7.214295268E-1,2.041786462E-1,4.800852776E0
1.543880892E1,4.678286314E-1,7.545967698E-1,5.222866058E0
1.544882192E1,-1.749286652E-1,1.326955199E0,5.511562347E0
1.545883492E1,-9.236456156E-1,1.517033219E0,5.630296230E0
1.546884892E1,-1.407402039E0,1.420901656E0,5.731775284E0
1.547886192E1,-1.644060731E0,1.141222835E0,5.835914612E0
1.548887492E1,-1.648749232E0,8.479025960E-1,5.916513920E0
1.549888892E1,-1.484303951E0,7.264905572E-1,5.849617481E0
1.550890192E1,-1.353384852E0,5.722823143E-1,5.490022182E0
1.551891492E1,-1.092607498E0,2.944040298E-1,4.984799862E0
1.552892892E1,-4.925925136E-1,-3.746187687E-1,4.537958622E0
1.553894192E1,4.192723632E-1,-1.282629132E0,4.474539757E0
1.554895492E1,1.344644189E0,-1.666570663E0,4.904530525E0
1.555896892E1,2.051436186E0,-1.522954226E0,5.390017033E0
1.556898192E1,2.491284370E0,-1.200165153E0,5.815122604E0
1.557899592E1,2.625647545E0,-7.139611244E-1,6.459192276E0
1.558900892E1,2.623452425E0,-8.587566763E-2,7.027163982E0
1.559902192E1,2.689832926E0,6.692581810E-3,6.985306740E0
1.560903592E1,2.830727100E0,-1.208035946E-1,6.515341759E0
1.561904892E1,3.040471554E0,-1.437239647E-1,5.918946266E0
1.562906192E1,3.491254091E0,-1.596568674E-1,5.530735493E0
1.563907592E1,4.134576321E0,-1.846018136E-1,5.615489483E0
1.564908892E1,4.769631863E0,-1.498164088E-1,6.021265030E0
1.565910192E1,5.126880646E0,-1.033305153E-1,6.345494747E0
1.566911592E1,4.996525288E0,4.813011363E-2,6.336559296E0
1.567912892E1,4.666849136E0,6.340169348E-3,5.848416328E0
1.568914192E1,4.020158768E0,-3.316942602E-2,5.037318707E0
1.569915592E1,2.989563227E0,4.310369492E-2,4.264007568E0
1.570916892E1,1.723615766E0,3.153876960E-1,3.614119768E0
1.571918192E1,2.964138389E-1,6.843170524E-1,3.286492586E0
1.572919592E1,-6.612290740E-1,1.073338032E0,3.532810211E0
1.573920892E1,-7.538655996E-1,1.163515687E0,3.896335840E0
1.574922192E1,-2.499190718E-1,9.316439033E-1,3.931191444E0
1.575923592E1,4.875615835E-1,5.592465401E-1,3.553453922E0
1.576924892E1,1.253144860E0,2.068131566E-1,2.888327122E0
1.577926292E1,1.876039863E0,-2.808559239E-1,1.960750341E0
1.578927592E1,2.440249443E0,-8.090390563E-1,1.165642023E0
1.579928892E1,3.121093035E0,-1.199837804E0,5.924381018E-1
1.580930292E1,3.530133963E0,-1.622236252E0,-8.035069704E-2
1.581931592E1,3.201874018E0,-1.949150085E0,-7.929759026E-1
1.582932892E1,2.190100670E0,-1.984359980E0,-1.233903170E0
1.583934292E1,9.449678063E-1,-1.707870722E0,-1.248306870E0
1.584935592E1,-5.079453066E-2,-1.359749198E0,-9.693641663E-1
1.585936892E1,-6.368243098E-1,-1.155675530E0,-6.304046512E-1
1.586938292E1,-8.533787131E-1,-1.197426200E0,-3.605369329E-1
1.587939592E1,-7.782562375E-1,-1.441094875E0,-1.812124848E-1
1.588940892E1,-4.782431424E-1,-1.816024303E0,-3.751097247E-2
1.589942292E1,6.361106876E-3,-2.244258642E0,1.433879286E-1
1.590943592E1,5.894607306E-1,-2.690568447E0,3.368601799E-1
1.591944892E1,1.121174335E0,-2.995555162E0,4.953823388E-1
1.592946292E1,1.529268861E0,-3.180768967E0,6.179023385E-1
1.593947592E1,1.877315521E0,-3.296628237E0,7.557476759E-1
1.594948892E1,2.218284607E0,-3.299457312E0,9.365252256E-1
1.595950292E1,2.585700989E0,-3.160701513E0,1.192174435E0
1.596951592E1,2.989582300E0,-2.897409916E0,1.489788532E0
1.597952992E1,3.388810635E0,-2.604370117E0,1.770421147E0
1.598954292E1,3.735749722E0,-2.302427769E0,2.068044662E0
1.599955592E1,4.018640518E0,-2.001355648E0,2.357552052E0
1.600956992E1,4.189400673E0,-1.771425009E0,2.581311703E0
1.601958292E1,4.284543991E0,-1.639533877E0,2.786799669E0
1.602959592E1,4.398911476E0,-1.621923923E0,3.049261093E0
1.603960992E1,4.499887943E0,-1.726544142E0,3.363415956E0
1.604962292E1,4.486979008E0,-1.939783096E0,3.680591583E0
1.605963592E1,4.394414425E0,-2.195932150E0,3.963652611E0
1.606964992E1,4.302170277E0,-2.349169016E0,4.188874722E0
1.607966292E1,4.197322369E0,-2.388302326E0,4.325195789E0
1.608967592E1,4.060643673E0,-2.384437799E0,4.333517551E0
1.609968992E1,3.874740124E0,-2.359969616E0,4.208524227E0
1.610970292E1,3.623066664E0,-2.265335083E0,4.076142311E0
1.611971592E1,3.255050182E0,-2.117051363E0,4.041600704E0
1.612972992E1,2.703565121E0,-1.856363177E0,4.058422089E0
1.613974292E1,1.980327725E0,-1.491431475E0,4.080043316E0
1.614975592E1,1.210681915E0,-1.024326324E0,4.022693157E0
1.615976992E1,4.771105647E-1,-5.331801176E-1,3.921062708E0
1.616978292E1,-1.532764286E-1,-1.249535158E-1,3.673886061E0
1.617979692E1,-6.630352736E-1,2.535666525E-1,3.430798292E0
1.618980992E1,-1.112548351E0,6.077713370E-1,3.338908195E0
1.619982292E1,-1.546216846E0,8.637217283E-1,3.316991806E0
1.620983692E1,-1.949994683E0,1.027369261E0,3.304811716E0
1.621984992E1,-2.273127317E0,1.015636683E0,3.352571249E0
1.622986292E1,-2.568882227E0,9.525429606E-1,3.462783337E0
1.623987692E1,-2.794533491E0,6.435796022E-1,3.608651638E0
1.624988992E1,-2.858494043E0,1.047989428E-1,3.679677486E0
1.625990292E1,-2.763654947E0,-5.143384933E-1,3.626745224E0
1.626991692E1,-2.531590462E0,-1.013527274E0,3.530007124E0
1.627992992E1,-2.167423964E0,-1.437972069E0,3.364643097E0
1.628994292E1,-1.657116532E0,-1.909958005E0,3.087543249E0
1.629995692E1,-1.013727665E0,-2.238533735E0,2.784856081E0
1.630996992E1,1.052277535E-2,-2.470839500E0,2.675538540E0
1.631998292E1,1.412153602E0,-2.736944437E0,2.954402447E0
1.632999692E1,2.721246243E0,-2.705368042E0,3.395500422E0
1.634000992E1,3.419089794E0,-2.236684799E0,3.722069263E0
1.635002292E1,3.289747477E0,-1.574275136E0,3.745362759E0
1.636003692E1,2.533442736E0,-1.104903340E0,3.375468731E0
1.637004992E1,1.576489806E0,-8.817393780E-1,2.607961416E0
1.638006392E1,7.391518950E-1,-1.097222447E0,1.716627836E0
1.639007692E1,6.974382401E-1,-1.417328358E0,1.041268587E0
1.640009017E1,1.005634904E0,-1.795041800E0,7.646051049E-1
1.641010417E1,9.907214642E-1,-2.443321466E0,6.864911318E-1
1.642011717E1,6.029817462E-1,-2.984452009E0,5.478352308E-1
1.643013017E1,-1.896805018E-1,-3.313907623E0,2.026029825E-1
1.644014417E1,-1.155813694E0,-3.641411543E0,-4.047275782E-1
1.645015717E1,-1.931739807E0,-3.919375420E0,-1.128195286E0
1.646017017E1,-2.608234406E0,-3.966102600E0,-1.900367975E0
1.647018417E1,-3.335722923E0,-3.662664413E0,-2.588607073E0
1.648019717E1,-4.102477551E0,-3.123124838E0,-3.059557676E0
1.649021017E1,-4.796941280E0,-2.593051434E0,-3.298710823E0
1.650022417E1,-5.277296543E0,-2.258249283E0,-3.218848705E0
1.651023717E1,-5.428724289E0,-2.296924114E0,-3.088863611E0
1.652025017E1,-5.243985653E0,-2.615324497E0,-3.042514324E0
1.653026417E1,-4.887987137E0,-2.831804991E0,-3.025119543E0
1.654027717E1,-4.710743427E0,-2.966856480E0,-3.006951571E0
1.655029017E1,-4.825672150E0,-2.967996836E0,-2.940759897E0
1.656030417E1,-5.224383831E0,-2.826094627E0,-2.817338943E0
1.657031717E1,-5.699223518E0,-2.762365341E0,-2.724858999E0
1.658033017E1,-5.963830471E0,-2.783393860E0,-2.735087872E0
1.659034417E1,-5.962500095E0,-2.910959721E0,-2.801459312E0
1.660035717E1,-5.855232716E0,-3.090160847E0,-2.818114281E0
1.661037017E1,-5.664230347E0,-3.189816713E0,-2.695358038E0
1.662038417E1,-5.500655174E0,-3.226518154E0,-2.300925732E0
1.663039717E1,-5.390305042E0,-3.309573412E0,-1.811146140E0
1.664041117E1,-5.224999905E0,-3.488802433E0,-1.410536289E0
1.665042417E1,-4.975657940E0,-3.664102554E0,-1.185165763E0
1.666043717E1,-4.766153336E0,-3.788819790E0,-1.056557894E0
1.667045117E1,-4.632183552E0,-3.760661840E0,-1.007319808E0
1.668046417E1,-4.680177212E0,-3.335163116E0,-8.480492830E-1
1.669047717E1,-4.941055298E0,-2.758412361E0,-6.422367692E-1
1.670049117E1,-5.195923805E0,-2.199489594E0,-4.560593367E-1
1.671050417E1,-5.167798996E0,-1.619671941E0,-4.100915790E-1
1.672051717E1,-4.934111118E0,-1.161579609E0,-5.005993843E-1
1.673053117E1,-4.587126255E0,-9.308096170E-1,-5.156102777E-1
1.674054417E1,-4.323565960E0,-7.787750363E-1,-4.084493518E-1
1.675055717E1,-4.064662457E0,-7.075040936E-1,-2.822695673E-1
1.676057117E1,-3.789990664E0,-6.424078941E-1,-1.601548791E-1
1.677058417E1,-3.603594303E0,-5.881718397E-1,-1.018963605E-1
1.678059717E1,-3.342144012E0,-5.925433636E-1,-3.392810374E-2
1.679061117E1,-3.187683344E0,-6.267319322E-1,1.734919474E-2
1.680062417E1,-3.142618418E0,-7.293560505E-1,1.472641081E-1
1.681063717E1,-3.068654776E0,-1.186278939E0,3.918826282E-1
1.682065117E1,-2.876428127E0,-1.842045903E0,5.799590945E-1
1.683066417E1,-2.540790796E0,-2.417329073E0,7.019636035E-1
1.684067717E1,-2.279577494E0,-2.871131420E0,8.628511429E-1
1.685069117E1,-2.248932123E0,-3.124989986E0,1.045896649E0
1.686070417E1,-2.336633682E0,-3.139219046E0,1.195222259E0
1.687071717E1,-2.509918213E0,-2.966497421E0,1.290537357E0
1.688073117E1,-2.690215826E0,-2.601434231E0,1.316645026E0
1.689074417E1,-2.850958347E0,-1.967044353E0,1.275058746E0
1.690075717E1,-3.057462692E0,-1.168984413E0,1.337471962E0
1.691077117E1,-3.158488274E0,-3.234781921E-1,1.558966041E0
1.692078417E1,-3.162618399E0,4.449550509E-1,1.733445644E0
1.693079717E1,-3.085679770E0,9.570657015E-1,1.796366811E0
1.694081117E1,-2.756533623E0,1.390987396E0,1.728986740E0
1.695082417E1,-2.364510059E0,1.649803758E0,1.612418294E0
1.696083717E1,-1.984016299E0,1.661800265E0,1.461604834E0
1.697085117E1,-1.530016541E0,1.532126665E0,1.385315180E0
1.698086417E1,-1.048917413E0,1.370130897E0,1.404640436E0
1.699087717E1,-4.552303553E-1,1.209832311E0,1.520537734E0
1.700089117E1,2.552586794E-1,1.000116229E0,1.712114811E0
1.701090417E1,1.067512989E0,7.850598693E-1,1.875882983E0
1.702091817E1,1.900960326E0,3.899971247E-1,2.085555077E0
1.703093117E1,2.702152252E0,-9.492482245E-2,2.315697432E0
1.704094417E1,3.501246452E0,-5.217743516E-1,2.469281197E0
1.705095817E1,4.264898777E0,-9.495539069E-1,2.495656967E0
1.706097117E1,4.814197540E0,-1.450239062E0,2.484830379E0
1.707098417E1,5.160886765E0,-2.088597059E0,2.574289799E0
1.708099817E1,5.292495251E0,-2.861903906E0,2.735739946E0
1.709101117E1,5.200649261E0,-3.373069048E0,2.686727762E0
1.710102417E1,4.740489006E0,-3.250775337E0,2.397081137E0
1.711103817E1,3.690804482E0,-2.336482048E0,1.871480107E0
1.712105117E1,2.153217554E0,-9.173701406E-1,1.257533789E0
1.713106417E1,5.186563134E-1,6.182330251E-1,6.948152781E-1
1.714107817E1,-8.338031173E-1,1.844953775E0,1.244059429E-1
1.715109117E1,-1.905858636E0,2.613511086E0,-1.951909661E-1
1.716110417E1,-2.680034161E0,2.832526207E0,-3.618772924E-1
1.717111817E1,-3.318096638E0,2.644165039E0,-5.098704696E-1
1.718113117E1,-3.812479019E0,2.226528406E0,-6.572656631E-1
1.719114417E1,-4.206090927E0,1.630252123E0,-7.646533847E-1
1.720115817E1,-4.454752445E0,9.259647727E-1,-8.740047812E-1
1.721117117E1,-4.547171116E0,2.072689831E-1,-1.026374102E0
1.722118417E1,-4.444125652E0,-5.438535213E-1,-1.054867625E0
1.723119817E1,-4.044650555E0,-1.356878996E0,-8.980105519E-1
1.724121117E1,-3.429459572E0,-2.159157038E0,-6.423057914E-1
1.725122417E1,-2.805486679E0,-2.739307642E0,-3.693032861E-1
1.726123817E1,-2.378381491E0,-2.995299101E0,-1.197661310E-1
1.727125117E1,-2.241670609E0,-2.924436808E0,9.978353232E-2
1.728126417E1,-2.415777206E0,-2.473371506E0,3.631009161E-1
1.729127817E1,-2.792174578E0,-1.666262627E0,6.855857372E-1
1.730129117E1,-3.272842407E0,-6.384982467E-1,1.014369845E0
1.731130417E1,-3.755567074E0,5.342441797E-1,1.309689879E0
1.732131817E1,-4.144322872E0,1.715880513E0,1.566053152E0
1.733133117E1,-4.375223160E0,2.845026970E0,1.764175534E0
1.734134417E1,-4.514644146E0,3.824352264E0,1.833415985E0
1.735135817E1,-4.604879856E0,4.627605438E0,1.779032350E0
1.736137117E1,-4.648888111E0,5.020859241E0,1.587621808E0
1.737138417E1,-4.632597446E0,4.744164467E0,1.226749420E0
1.738139817E1,-4.514748573E0,3.917246819E0,7.600802779E-1
1.739141117E1,-4.376264095E0,2.799818277E0,2.970021367E-1
1.740142408E1,-4.178042412E0,1.538643956E0,6.578422338E-2
1.741143808E1,-4.005814552E0,5.328281522E-1,5.905601010E-2
1.742145108E1,-3.820317984E0,3.638078272E-2,2.362679690E-1
1.743146408E1,-3.670546055E0,-9.830326587E-2,4.994367659E-1
1.744147808E1,-3.575557947E0,9.239151329E-2,7.911688089E-1
1.745149108E1,-3.486431122E0,4.827044010E-1,1.098918676E0
1.746150508E1,-3.366160631E0,8.610594869E-1,1.331299305E0
1.747151808E1,-3.130013227E0,1.187179327E0,1.470062494E0
1.748153108E1,-2.819578886E0,1.348335862E0,1.562758684E0
1.749154508E1,-2.649954557E0,1.346768260E0,1.641598701E0
1.750155808E1,-2.630136728E0,1.286009908E0,1.728692055E0
1.751157108E1,-2.670017481E0,1.175391793E0,1.969182134E0
1.752158508E1,-2.717971802E0,9.312475920E-1,2.404708624E0
1.753159808E1,-2.716283321E0,6.543507576E-1,2.899585009E0
1.754161108E1,-2.608856678E0,5.381762981E-1,3.318189859E0
1.755162508E1,-2.388373137E0,6.317491531E-1,3.610721588E0
1.756163808E1,-1.939623356E0,7.734139562E-1,3.944084644E0
1.757165108E1,-1.279261708E0,8.668988943E-1,4.298846722E0
1.758166508E1,-7.132772207E-1,9.042389393E-1,4.683207989E0
1.759167808E1,-3.901087344E-1,8.855403662E-1,5.045241833E0
1.760169108E1,-3.670578301E-1,6.137174964E-1,5.241744995E0
1.761170508E1,-2.250711471E-1,-6.921393424E-2,5.328935146E0
1.762171808E1,2.478742003E-1,-9.492945075E-1,5.412343502E0
1.763173108E1,9.363926649E-1,-1.502301693E0,5.425808907E0
1.764174508E1,1.580675840E0,-1.285659552E0,5.433919430E0
1.765175808E1,1.908549309E0,-3.418536484E-1,5.539537907E0
1.766177108E1,1.847865105E0,8.221487999E-1,5.715999603E0
1.767178508E1,1.478451848E0,1.406582952E0,5.810100555E0
1.768179808E1,1.377296686E0,1.714066386E0,5.949186325E0
1.769181108E1,1.697239757E0,1.687339425E0,5.998523235E0
1.770182508E1,2.448704958E0,1.275022268E0,5.870160103E0
1.771183808E1,3.450621128E0,6.764168739E-1,5.565444469E0
1.772185108E1,4.348372459E0,1.665191054E-1,5.184017181E0
1.773186508E1,4.971039295E0,-4.018959031E-2,4.950730324E0
1.774187808E1,5.209340096E0,3.370396495E-1,4.916627884E0
1.775189108E1,4.958278179E0,9.012465477E-1,4.970085621E0
1.776190508E1,4.567057610E0,1.447448611E0,5.149647236E0
1.777191808E1,4.390141487E0,1.931287646E0,5.380636692E0
1.778193108E1,4.442551136E0,2.178096533E0,5.504127502E0
1.779194508E1,4.972876072E0,2.358100653E0,5.539101601E0
1.780195808E1,6.040765285E0,2.505108595E0,5.503369808E0
1.781197108E1,6.962293148E0,2.127187967E0,5.144877911E0
1.782198508E1,7.035367489E0,1.454001665E0,4.384634495E0
1.783199808E1,6.036772251E0,1.101125121E0,3.574669361E0
1.784201108E1,4.455210209E0,1.559785724E0,3.176563740E0
1.785202508E1,3.004938841E0,2.419087410E0,3.284296513E0
1.786203808E1,2.123718500E0,3.028614521E0,3.576926470E0
1.787205108E1,2.143482447E0,3.185788393E0,3.920049667E0
1.788206508E1,3.103217363E0,2.765278101E0,4.034188271E0
1.789207808E1,4.345580578E0,2.017705441E0,3.675131559E0
1.790209108E1,5.175465107E0,1.286371231E0,2.952518940E0
1.791210508E1,5.118354321E0,8.548336625E-1,2.021165133E0
1.792211808E1,4.301794529E0,9.851065874E-1,1.261369944E0
1.793213108E1,3.115464211E0,1.499929190E0,9.369902015E-1
1.794214508E1,1.929360509E0,2.069223404E0,1.053417802E0
1.795215808E1,1.188415527E0,2.357032061E0,1.372050881E0
1.796217108E1,1.418076873E0,2.494437456E0,1.551127553E0
1.797218508E1,2.013684750E0,2.341266632E0,1.184968233E0
1.798219808E1,2.220504284E0,2.091752768E0,4.372259676E-1
1.799221108E1,1.977782130E0,2.040807009E0,-2.228193581E-1
1.800222508E1,1.401602864E0,2.464135170E0,-5.728129148E-1
1.801223808E1,6.906245351E-1,3.273361206E0,-6.794877052E-1
1.802225108E1,6.474608183E-2,4.041947842E0,-7.412234545E-1
1.803226508E1,-2.737283707E-1,4.458501339E0,-8.487606049E-1
1.804227808E1,-2.526730895E-1,4.411060333E0,-1.013350487E0
1.805229108E1,1.122372448E-1,4.018733501E0,-1.195842028E0
1.806230508E1,6.528077722E-1,3.449854136E0,-1.420915961E0
1.807231808E1,1.358793378E0,2.706792116E0,-1.530575633E0
1.808233108E1,2.147233725E0,2.125998497E0,-1.695267200E0
1.809234508E1,2.699394703E0,1.830048561E0,-1.883324146E0
1.810235808E1,2.950844288E0,1.910206914E0,-2.019662142E0
1.811237108E1,2.914301395E0,2.297168970E0,-2.003817320E0
1.812238508E1,2.625359058E0,2.760783195E0,-1.871918321E0
1.813239808E1,2.177332640E0,3.165534496E0,-1.700529814E0
1.814241108E1,1.721399546E0,3.391046047E0,-1.558931947E0
1.815242508E1,1.487495661E0,3.333976507E0,-1.479080796E0
1.816243808E1,1.530745625E0,3.020458221E0,-1.495377421E0
1.817245108E1,1.802814126E0,2.535900116E0,-1.565238476E0
1.818246508E1,2.166547537E0,2.079070330E0,-1.659513354E0
1.819247808E1,2.430197239E0,1.788109183E0,-1.738860965E0
1.820249108E1,2.465660095E0,1.714809656E0,-1.795861959E0
1.821250508E1,2.267607689E0,1.734539390E0,-1.809669137E0
1.822251808E1,1.945176840E0,1.683422208E0,-1.796667337E0
1.823253108E1,1.584062934E0,1.461836576E0,-1.802229524E0
1.824254508E1,1.360096455E0,1.119400144E0,-1.787799001E0
1.825255808E1,1.361514091E0,8.377008438E-1,-1.734027743E0
1.826257108E1,1.435464144E0,6.523803473E-1,-1.667816520E0
1.827258508E1,1.471220016E0,5.152549744E-1,-1.649373651E0
1.828259808E1,1.428429723E0,3.611839414E-1,-1.677135825E0
1.829261108E1,1.341350675E0,2.188065648E-1,-1.685559630E0
1.830262508E1,1.177639961E0,1.986405253E-1,-1.661189556E0
1.831263808E1,1.033739328E0,2.370145470E-1,-1.642073870E0
1.832265108E1,1.082951307E0,3.589940369E-1,-1.629585862E0
1.833266508E1,1.219146490E0,6.075984836E-1,-1.619217396E0
1.834267808E1,1.255710125E0,7.459883690E-1,-1.612614989E0
1.835269108E1,1.191313386E0,7.764961720E-1,-1.624236226E0
1.836270508E1,1.065157413E0,7.213256955E-1,-1.623584867E0
1.837271808E1,8.987892866E-1,5.977331400E-1,-1.567320228E0
1.838273108E1,7.598326802E-1,3.813366890E-1,-1.454620957E0
1.839274508E1,7.231617570E-1,1.845610440E-1,-1.338324904E0
1.840275817E1,7.899650335E-1,1.068977863E-1,-1.283790588E0
1.841277117E1,9.902715087E-1,1.106155589E-1,-1.231001377E0
1.842278517E1,1.193431377E0,2.352739871E-1,-1.149780393E0
1.843279817E1,1.224188805E0,4.420508742E-1,-1.063604712E0
1.844281117E1,1.139564872E0,5.671812892E-1,-9.460499883E-1
1.845282517E1,1.001384854E0,5.714082718E-1,-8.251482844E-1
1.846283817E1,9.045406580E-1,4.396962821E-1,-6.804739833E-1
1.847285117E1,8.797274828E-1,9.034910239E-3,-5.150751472E-1
1.848286517E1,8.470206261E-1,-5.965790749E-1,-3.687489331E-1
1.849287817E1,8.440389633E-1,-1.140268683E0,-2.763883770E-1
1.850289117E1,8.538143039E-1,-1.389831781E0,-2.461812049E-1
1.851290517E1,8.118434548E-1,-1.253129840E0,-2.456001043E-1
1.852291817E1,7.174075246E-1,-1.041010976E0,-2.944417000E-1
1.853293117E1,6.498676538E-1,-7.219094038E-1,-3.302961290E-1
1.854294517E1,6.082628369E-1,-3.349508941E-1,-3.529039323E-1
1.855295817E1,5.759539008E-1,-3.896263242E-2,-3.245788217E-1
1.856297117E1,5.321336389E-1,1.706261337E-1,-2.789991796E-1
1.857298517E1,4.701943696E-1,3.204297125E-1,-2.329416573E-1
1.858299817E1,3.929788470E-1,2.828807235E-1,-1.836096048E-1
1.859301117E1,3.329165876E-1,7.505269349E-2,-1.047337055E-1
1.860302517E1,2.662269771E-1,-2.035921365E-1,-2.146016620E-2
1.861303817E1,1.977893263E-1,-4.423189759E-1,4.009906948E-2
1.862305117E1,1.380781084E-1,-5.629173517E-1,6.218785420E-2
1.863306417E1,1.247806624E-1,-5.538692474E-1,8.831240237E-2
1.864307817E1,1.679704934E-1,-5.628323555E-1,1.262688339E-1
1.865309117E1,2.395804971E-1,-6.621333957E-1,1.834439635E-1
1.866310417E1,3.359278738E-1,-7.605349422E-1,2.383061945E-1
1.867311817E1,3.913210928E-1,-7.698627114E-1,2.663151920E-1
1.868313117E1,4.011981487E-1,-7.157461047E-1,2.576687038E-1
1.869314417E1,4.086613953E-1,-5.554232597E-1,2.197144181E-1
1.870315817E1,3.764931262E-1,-3.666663468E-1,1.573711932E-1
1.871317117E1,3.389598429E-1,-3.094414175E-1,1.048776209E-1
1.872318417E1,3.233489394E-1,-3.420899510E-1,8.266200870E-2
1.873319817E1,2.795202434E-1,-3.387519717E-1,7.354627550E-2
1.874321117E1,1.896828860E-1,-2.518221140E-1,8.054631948E-2
1.875322417E1,6.692500412E-2,-1.152602956E-1,9.095847607E-2
1.876323817E1,-4.707621410E-2,-8.830105886E-3,9.760531783E-2
1.877325117E1,-1.169817969E-1,3.066643700E-2,1.080257371E-1
1.878326417E1,-1.413130909E-1,2.324325405E-2,8.115834743E-2
1.879327817E1,-9.694535285E-2,1.209552959E-2,5.178767815E-2
1.880329117E1,-3.467520326E-2,1.422487944E-2,5.640888214E-2
1.881330417E1,-1.958813146E-2,2.364607714E-2,9.220495820E-2
1.882331817E1,-5.336129665E-2,-4.027549550E-2,1.322791427E-1
1.883333117E1,-1.187887639E-1,-1.264396757E-1,1.596156955E-1
1.884334417E1,-1.579046100E-1,-2.072413862E-1,1.849901527E-1
1.885335817E1,-1.519692242E-1,-1.738589257E-1,2.110617012E-1
1.886337117E1,-1.222873628E-1,-3.799822554E-2,2.202651948E-1
1.887338417E1,-7.371290028E-2,1.073366031E-1,2.245392948E-1
1.888339817E1,-5.494858325E-2,1.760651767E-1,2.114780545E-1
1.889341117E1,-3.332558274E-2,2.013977021E-1,1.888840646E-1
1.890342417E1,3.654512111E-3,1.761415750E-1,1.661243737E-1
1.891343817E1,5.772786587E-2,8.219910413E-2,1.524804682E-1
1.892345117E1,1.337050349E-1,-4.448937625E-2,1.644504517E-1
1.893346417E1,2.082160115E-1,-1.847649962E-1,2.000404000E-1
1.894347817E1,2.612319291E-1,-2.866717875E-1,2.267492712E-1
1.895349117E1,-4.571790621E-2,-5.378688872E-2,2.222799659E-1
1.896350417E1,-4.615900218E-1,1.603971422E-1,2.671247423E-1
1.897351817E1,-5.917205811E-1,4.993880093E-1,2.340067029E-1
1.898353117E1,-5.421192646E-1,4.106093943E-1,2.110282779E-1
1.899354417E1,-2.930708230E-1,2.288377285E-1,1.631483734E-1
1.900355817E1,-2.516241185E-2,-1.264786161E-2,7.058196515E-2
1.901357117E1,1.700531542E-1,-2.287335545E-1,7.394701242E-6
1.902358417E1,2.352194041E-1,-3.668837547E-1,2.594749909E-3