"Time (s)","X (m/s^2)","Y (m/s^2)","Z (m/s^2)"
9.150833339E-4,1.735790405E0,6.704258423E0,7.045997772E0
1.092908333E-2,1.872755585E0,6.864575043E0,6.847809906E0
2.094208333E-2,1.739083557E0,6.843468933E0,6.656956787E0
3.095508333E-2,1.558558960E0,6.800208893E0,6.643784180E0
4.096808333E-2,1.508413239E0,6.717730408E0,6.759643250E0
5.098208333E-2,1.539398804E0,6.664441223E0,6.854246521E0
6.099508333E-2,1.609153748E0,6.640940094E0,6.862928467E0
7.100808333E-2,1.720073090E0,6.598877563E0,6.726861420E0
8.102108333E-2,1.903441772E0,6.657256165E0,6.629264374E0
9.103508333E-2,1.977986755E0,6.547085266E0,6.782545624E0
1.010480833E-1,2.015408936E0,6.435118103E0,7.145540771E0
1.110610833E-1,2.049837341E0,6.443650360E0,7.254065094E0
1.210740833E-1,2.034868469E0,6.454128571E0,7.008874969E0
1.310880833E-1,2.004631348E0,6.442153473E0,6.831044769E0
1.411010833E-1,1.949845276E0,6.398294678E0,6.727759552E0
1.511140833E-1,1.939666443E0,6.401288452E0,6.652316437E0
1.611270833E-1,2.111209717E0,6.496340790E0,6.537505188E0
1.711410833E-1,2.358794861E0,6.663393402E0,6.344706116E0
1.811540833E-1,2.471211090E0,6.848708038E0,6.215973816E0
1.911670833E-1,2.371668091E0,6.861281891E0,6.270460510E0
2.011800833E-1,2.165247345E0,6.737639008E0,6.318211212E0
2.111940833E-1,2.036964111E0,6.700216827E0,6.218069458E0
2.212070833E-1,1.954186249E0,6.697372742E0,6.272556152E0
2.312200833E-1,1.936822357E0,6.536008301E0,6.662046204E0
2.412330833E-1,2.011517029E0,6.446344757E0,6.940467224E0
2.512470833E-1,2.249073029E0,6.515950012E0,6.967261505E0
2.612600833E-1,2.612367554E0,6.628815308E0,6.893165588E0
2.712730833E-1,2.704575806E0,6.709497528E0,6.582711182E0
2.812860833E-1,2.449506226E0,6.605164490E0,6.330036621E0
2.913000833E-1,1.989512787E0,6.651118927E0,6.108048248E0
3.013130833E-1,1.730251923E0,6.938371582E0,5.116510162E0
3.113260833E-1,1.536554718E0,6.899003448E0,4.851261749E0
3.213390833E-1,1.511257324E0,6.801107025E0,5.382806396E0
3.313530833E-1,1.983525238E0,7.001839600E0,5.851631470E0
3.413660833E-1,2.312690735E0,6.962022400E0,6.376739502E0
3.513790833E-1,1.772913208E0,6.314169617E0,6.501430206E0
3.613920833E-1,1.056353302E0,5.767207031E0,6.277795258E0
3.714060833E-1,8.123606873E-1,5.706882477E0,5.694308624E0
3.814190833E-1,1.754351807E0,5.534291382E0,4.801714783E0
3.914320833E-1,1.515149231E0,6.349496155E0,5.369035034E0
4.014450833E-1,2.354902954E0,6.131100311E0,5.743107147E0
4.114590833E-1,2.638862457E0,5.877078552E0,5.448819122E0
4.214720833E-1,2.438129883E0,6.265820160E0,4.921765137E0
4.314850833E-1,2.290387115E0,5.844895477E0,4.102219391E0
4.414980833E-1,1.485211487E0,5.658083954E0,3.085683289E0
4.515120833E-1,1.319206696E0,5.576952667E0,2.416574707E0
4.615250833E-1,1.143472137E0,5.558241577E0,2.937491455E0
4.715380833E-1,1.108894043E0,5.304369507E0,3.972439270E0
4.815510833E-1,1.302890625E0,4.933141479E0,4.617597656E0
4.915650833E-1,1.729503479E0,4.955145721E0,4.494104462E0
5.015780833E-1,2.598596191E0,4.754712524E0,4.374952240E0
5.115910833E-1,3.151546326E0,5.080734558E0,4.349355469E0
5.216040833E-1,3.566184082E0,5.381309509E0,4.192182312E0
5.316180833E-1,3.168760529E0,4.910388794E0,2.888243866E0
5.416310833E-1,3.660338287E0,4.340523834E0,1.792073364E0
5.516440833E-1,5.630840607E0,4.659510498E0,2.778971100E0
5.616570833E-1,6.183341675E0,4.231700134E0,3.044967957E0
5.716710833E-1,5.542524261E0,3.754791870E0,3.264561310E0
5.816840833E-1,5.003644867E0,3.068768463E0,3.550915833E0
5.916970833E-1,4.564907227E0,1.919608154E0,3.381168823E0
6.017100833E-1,4.187092896E0,1.139280853E0,3.430566101E0
6.117240833E-1,6.284980316E0,1.526525574E0,4.194427643E0
6.217370833E-1,9.195827179E0,3.916455688E0,5.156327362E0
6.317500833E-1,1.048434769E1,5.530998230E0,4.376598816E0
6.417630833E-1,9.797725525E0,5.574557648E0,2.852019196E0
6.517770833E-1,7.629933472E0,4.742288361E0,1.768721924E0
6.617900833E-1,5.971681824E0,3.699257355E0,9.746232605E-1
6.718030833E-1,5.099445648E0,2.789598999E0,4.932243347E-1
6.818160833E-1,5.090614014E0,2.222129059E0,8.252339172E-1
6.918300833E-1,5.464835815E0,1.998194733E0,1.234782257E0
7.018430833E-1,6.383625183E0,2.056573334E0,1.077160034E0
7.118560833E-1,8.169710999E0,1.760788422E0,1.651815033E0
7.218690833E-1,9.984387360E0,1.366358643E0,3.861370239E0
7.318830833E-1,1.170236481E1,2.223476257E0,5.558690643E0
7.418960833E-1,1.380788635E1,3.453169098E0,5.089416504E0
7.519090833E-1,1.478101273E1,3.960015106E0,3.880231018E0
7.619220833E-1,1.444690750E1,3.760480042E0,2.934797058E0
7.719360833E-1,1.331376389E1,3.012485504E0,2.829116821E0
7.819490833E-1,1.199096466E1,2.240241394E0,3.026855621E0
7.919620833E-1,1.094224548E1,1.899549866E0,2.404749298E0
8.019760833E-1,1.036549484E1,1.804497528E0,1.450932770E0
8.119890833E-1,1.033645523E1,1.509610748E0,1.185983734E0
8.220020833E-1,1.059885956E1,9.705816650E-1,1.606159973E0
8.320156667E-1,1.120929016E1,1.680854645E0,2.186054077E0
8.420296667E-1,1.175939621E1,1.672322388E0,2.452799377E0
8.520426667E-1,1.322784256E1,1.629661102E0,2.871778107E0
8.620556667E-1,1.490091339E1,2.289339294E0,3.467688904E0
8.720686667E-1,1.604453522E1,3.031945038E0,3.583098907E0
8.820826667E-1,1.585128708E1,3.068169708E0,2.947670288E0
8.920956667E-1,1.447998871E1,2.470911713E0,2.331551514E0
9.021086667E-1,1.334953949E1,1.874701538E0,1.867666168E0
9.121216667E-1,1.272848099E1,1.665736084E0,1.820663910E0
9.221356667E-1,1.251577332E1,1.600172424E0,2.084714813E0
9.321486667E-1,1.258492950E1,1.412911835E0,2.391876068E0
9.421616667E-1,1.265603165E1,1.248553619E0,2.579436035E0
9.521746667E-1,1.238823853E1,1.058898010E0,2.503394165E0
9.621886667E-1,1.215906509E1,7.238946533E-1,2.156565399E0
9.722016667E-1,1.268941223E1,8.738827515E-1,1.838476868E0
9.822146667E-1,1.362631393E1,1.406924286E0,1.459764404E0
9.922276667E-1,1.434377197E1,1.662742310E0,9.937834167E-1
1.002241667E0,1.438673264E1,1.767225037E0,6.438111877E-1
1.012254667E0,1.453851700E1,1.709145813E0,4.879852295E-2
1.022267667E0,1.439361832E1,1.672472076E0,-8.270301819E-1
1.032280667E0,1.405337585E1,1.263073425E0,-8.843609619E-1
1.042294667E0,1.366029327E1,7.851173401E-1,-5.119354248E-1
1.052307667E0,1.330987198E1,6.806346130E-1,9.190887451E-2
1.062320667E0,1.321077805E1,4.793032837E-1,5.581892395E-1
1.072333667E0,1.308189606E1,2.305206299E-1,3.396437073E-1
1.082347667E0,1.307545944E1,-1.240919495E-1,-2.335144043E-2
1.092360667E0,1.323083633E1,-2.136058044E-1,-5.459147644E-1
1.102373667E0,1.420785461E1,3.387455750E-1,-1.442999268E0
1.112386667E0,1.519505173E1,1.013692017E0,-2.204166412E0
1.122400667E0,1.586984848E1,7.661068726E-1,-3.062930603E0
1.132413667E0,1.487860977E1,4.444258118E-1,-3.697610779E0
1.142426667E0,1.404259827E1,-3.210823059E-1,-3.918251953E0
1.152439667E0,1.316287766E1,-8.370593262E-1,-4.064198456E0
1.162453667E0,1.250544479E1,-9.650431824E-1,-4.030368805E0
1.172466667E0,1.212792984E1,-1.140628052E0,-4.007167053E0
1.182479667E0,1.188318878E1,-1.227896576E0,-4.012106781E0
1.192492667E0,1.195099777E1,-1.113983459E0,-3.941004639E0
1.202506667E0,1.228615082E1,-1.038540344E0,-3.738326111E0
1.212519667E0,1.238674164E1,-9.054670715E-1,-3.681444397E0
1.222532667E0,1.216684891E1,-1.053509216E0,-3.629951477E0
1.232545667E0,1.183588715E1,-1.297651520E0,-3.706592102E0
1.242559667E0,1.137095398E1,-1.488205261E0,-4.378544769E0
1.252572667E0,1.074720108E1,-1.591640167E0,-5.347928925E0
1.262585667E0,1.010144394E1,-2.015109558E0,-6.460565186E0
1.272598667E0,9.456135864E0,-2.041754150E0,-7.432643738E0
1.282612667E0,9.624984741E0,-1.723665619E0,-8.233628082E0
1.292625667E0,1.049781967E1,-1.440454559E0,-8.648714905E0
1.302638667E0,1.130913254E1,-1.270707550E0,-8.512797546E0
1.312651667E0,1.145148651E1,-1.327439575E0,-7.870333557E0
1.322665667E0,1.086665268E1,-1.933529205E0,-6.918912048E0
1.332678667E0,1.000354752E1,-2.574795685E0,-6.238576813E0
1.342691667E0,9.180558929E0,-2.825673981E0,-6.048621826E0
1.352704667E0,8.577912140E0,-2.805466003E0,-6.235133972E0
1.362718667E0,8.011939087E0,-2.911445618E0,-6.440057831E0
1.372731667E0,7.286547546E0,-3.021766205E0,-7.025191040E0
1.382744667E0,6.814878387E0,-2.905009003E0,-7.463329926E0
1.392757667E0,6.892417145E0,-2.618804169E0,-7.878267059E0
1.402771667E0,7.431146851E0,-2.187700653E0,-8.133186951E0
1.412784667E0,7.585625610E0,-2.071242828E0,-8.270601196E0
1.422797667E0,7.186256104E0,-2.191293182E0,-8.300389252E0
1.432810667E0,6.772815857E0,-2.237247620E0,-8.408913574E0
1.442824667E0,6.505920868E0,-2.346969452E0,-8.234526215E0
1.452837667E0,6.161487122E0,-2.295626221E0,-8.334069214E0
1.462850667E0,5.930517426E0,-2.333796844E0,-8.031099243E0
1.472863667E0,5.730982361E0,-2.262245636E0,-7.993527374E0
1.482877667E0,5.357658691E0,-2.228415985E0,-7.930957489E0
1.492890667E0,5.140460358E0,-1.981130219E0,-8.069718933E0
1.502903667E0,5.238207092E0,-1.749861145E0,-8.180638275E0
1.512917667E0,5.181475067E0,-1.683698730E0,-8.131839752E0
1.522930667E0,5.030888214E0,-1.864822083E0,-7.915389862E0
1.532943667E0,4.699477386E0,-2.025587769E0,-7.293433228E0
1.542956667E0,4.522096252E0,-1.966011658E0,-6.697672119E0
1.552970667E0,4.299359436E0,-1.846110992E0,-6.530619507E0
1.562983667E0,4.107458496E0,-1.635648651E0,-6.852899323E0
1.572996667E0,3.957919464E0,-1.388512573E0,-7.371570740E0
1.583009667E0,3.871399384E0,-1.028660889E0,-7.608527985E0
1.593023667E0,4.031865692E0,-6.228547668E-1,-7.465275879E0
1.603036667E0,3.971541138E0,-4.626878357E-1,-7.165149994E0
1.613049667E0,3.684438171E0,-3.987707520E-1,-6.918462982E0
1.623062667E0,3.406017151E0,-3.080593872E-1,-6.981781311E0
1.633076667E0,3.433260498E0,-1.472937012E-1,-7.170838165E0
1.643089667E0,3.536845093E0,1.047821045E-2,-7.191345520E0
1.653102667E0,3.526815948E0,7.244934082E-2,-7.215894470E0
1.663115667E0,3.384012909E0,1.025367737E-1,-7.107370148E0
1.673129667E0,3.261567535E0,4.529580688E-1,-7.064259796E0
1.683142667E0,3.414100342E0,7.387138367E-1,-6.915618896E0
1.693155667E0,3.225492554E0,8.427474976E-1,-6.479575653E0
1.703168667E0,2.776875458E0,8.503816223E-1,-6.231990509E0
1.713182667E0,2.475552063E0,8.381071472E-1,-6.109096069E0
1.723195667E0,2.150128784E0,8.195457458E-1,-5.935457153E0
1.733208667E0,2.061513062E0,1.040635986E0,-5.883814545E0
1.743221667E0,2.326462097E0,1.313817902E0,-5.567222900E0
1.753235667E0,2.372566223E0,1.797312469E0,-4.690196686E0
1.763248667E0,2.346071320E0,2.167193298E0,-4.284091187E0
1.773261667E0,2.507735138E0,2.359992371E0,-4.030817871E0
1.783274667E0,2.570005646E0,2.530637512E0,-4.051175537E0
1.793288667E0,2.633024597E0,2.651286621E0,-4.187991028E0
1.803301667E0,2.822530518E0,2.682122498E0,-3.909420319E0
1.813314667E0,2.907553711E0,2.734663239E0,-3.448678436E0
1.823327667E0,2.953807526E0,2.889591064E0,-3.129542084E0
1.833340792E0,3.305276642E0,3.147504730E0,-2.665806427E0
1.843353792E0,3.599714355E0,3.357218628E0,-2.397564240E0
1.853366792E0,3.435954895E0,3.419638824E0,-2.364033966E0
1.863379792E0,3.053799591E0,3.484454041E0,-2.382745056E0
1.873393792E0,2.743195496E0,3.705394592E0,-2.053280182E0
1.883406792E0,3.106490021E0,4.110003204E0,-1.625020752E0
1.893419792E0,3.750001831E0,4.462819519E0,-1.351539459E0
1.903432792E0,4.157903595E0,4.819078674E0,-1.097068634E0
1.913446792E0,4.671036530E0,5.065915375E0,-7.210505676E-1
1.923459792E0,5.309608612E0,5.334007874E0,-6.846762085E-1
1.933472792E0,5.490731964E0,5.369633789E0,-8.315208435E-1
1.943485792E0,5.433101807E0,5.149441681E0,-9.665400696E-1
1.953499792E0,5.393434296E0,5.102888489E0,-1.053958282E0
1.963512792E0,5.480553131E0,5.334756317E0,-9.005273438E-1
1.973525792E0,5.806724854E0,5.703589325E0,-5.992039490E-1
1.983538792E0,6.269562378E0,6.129304047E0,-9.066645813E-1
1.993552792E0,7.203919373E0,6.588249664E0,-1.419797516E0
2.003565792E0,7.843988342E0,6.803651733E0,-1.515149231E0
2.013578792E0,8.204438782E0,6.779851227E0,-1.873803406E0
2.023591792E0,8.279432831E0,6.578220520E0,-2.043400726E0
2.033605792E0,8.185578003E0,6.325096893E0,-1.630259857E0
2.043618792E0,8.323291626E0,6.013145599E0,-1.305884399E0
2.053631792E0,8.488997040E0,5.717959442E0,-1.132245483E0
2.063645792E0,8.634793854E0,5.431155853E0,-1.187630310E0
2.073658792E0,8.367300110E0,4.981341248E0,-1.473535767E0
2.083671792E0,7.922874298E0,4.775968323E0,-2.213596802E0
2.093684792E0,7.882158966E0,4.780309296E0,-4.108057251E0
2.103698792E0,8.481662292E0,5.155728607E0,-6.285878448E0
2.113711792E0,9.419312439E0,5.364244995E0,-8.494236145E0
2.123724792E0,9.914931793E0,5.207670593E0,-1.029080017E1
2.133737792E0,1.011850845E1,4.711602173E0,-1.128847549E1
2.143751792E0,1.013123199E1,3.914659424E0,-1.161913788E1
2.153764792E0,9.915081482E0,2.911295929E0,-1.192854446E1
2.163777792E0,9.707912292E0,2.322869568E0,-1.288670197E1
2.173790792E0,9.947863312E0,2.370919647E0,-1.474269241E1
2.183804792E0,9.934091949E0,2.591860199E0,-1.652548508E1
2.193817792E0,1.048374893E1,2.354304199E0,-1.799048859E1
2.203830792E0,1.061772034E1,2.651735687E0,-1.876857056E1
2.213843792E0,1.077249847E1,2.869981842E0,-1.854987534E1
2.223857792E0,1.061712158E1,2.595003662E0,-1.777673309E1
2.233870792E0,9.701026611E0,2.049088898E0,-1.687890015E1
2.243883792E0,8.753946075E0,1.450034637E0,-1.609812378E1
2.253896792E0,8.055797882E0,1.209335175E0,-1.524624527E1
2.263910792E0,7.431146851E0,1.038540344E0,-1.436353088E1
2.273923792E0,7.115603027E0,1.067130890E0,-1.359802277E1
2.283936792E0,7.094197540E0,1.190773773E0,-1.294029053E1
2.293949792E0,6.794969788E0,1.178499298E0,-1.243494141E1
2.303963792E0,6.234684906E0,9.636959839E-1,-1.209889023E1
2.313976792E0,5.762566681E0,7.487429810E-1,-1.173110504E1
2.323989792E0,5.604794769E0,6.593788147E-1,-1.127545258E1
2.334002792E0,5.805976410E0,9.062155151E-1,-1.101903580E1
2.344016792E0,5.882766724E0,1.005459137E0,-1.098311050E1
2.354029792E0,5.704337769E0,9.032217407E-1,-1.099628311E1
2.364042792E0,5.554499359E0,9.297166443E-1,-1.060529617E1
2.374055792E0,5.623505859E0,9.463320923E-1,-9.880204010E0
2.384069792E0,5.675597534E0,9.801617432E-1,-8.955427094E0
2.394082792E0,5.449268188E0,9.207353210E-1,-8.111182709E0
2.404095792E0,4.985831909E0,6.358776855E-1,-7.592062225E0
2.414109792E0,4.405488739E0,4.171824646E-1,-7.122788086E0
2.424122792E0,3.904929657E0,3.330574036E-1,-6.782545624E0
2.434135792E0,3.621868286E0,2.758763123E-1,-6.470744019E0
2.444148792E0,3.530258789E0,3.939807129E-1,-6.249653778E0
2.454162792E0,3.556604004E0,6.095324707E-1,-6.166726227E0
2.464175792E0,3.652704163E0,8.675958252E-1,-6.064488831E0
2.474188792E0,3.920946350E0,1.271306305E0,-6.004912720E0
2.484201792E0,4.007915497E0,1.495390320E0,-5.927373962E0
2.494215792E0,3.974235535E0,1.579216003E0,-5.696853333E0
2.504228792E0,3.871249695E0,1.632954254E0,-5.396877136E0
2.514241792E0,3.569776611E0,1.498384094E0,-5.322930908E0
2.524254792E0,3.056943054E0,1.359323273E0,-4.813390503E0
2.534268792E0,2.874771881E0,1.459015961E0,-4.157304840E0
2.544281792E0,3.108435974E0,1.743723907E0,-3.484753418E0
2.554294792E0,3.296744385E0,1.973496094E0,-2.888393555E0
2.564307792E0,3.235970764E0,2.068997498E0,-2.516117706E0
2.574321792E0,3.177143097E0,2.166893921E0,-2.401456146E0
2.584334792E0,3.233725433E0,2.314636688E0,-2.310445404E0
2.594347792E0,3.367247772E0,2.442021790E0,-2.398761749E0
2.604360792E0,3.592978363E0,2.546504517E0,-2.547252960E0
2.614374792E0,3.513343964E0,2.572101288E0,-2.279310150E0
2.624387792E0,3.576811981E0,2.878065033E0,-1.758692780E0
2.634400792E0,3.752995605E0,3.222199402E0,-1.079704742E0
2.644413792E0,3.967349854E0,3.584595795E0,-6.547384644E-1
2.654427792E0,4.089795227E0,3.847000122E0,-3.565585327E-1
2.664440792E0,4.133654022E0,3.842060394E0,1.065783691E-1
2.674453792E0,4.113446045E0,3.685186615E0,6.542893982E-1
2.684466792E0,4.385879517E0,3.786974945E0,6.168672180E-1
2.694480792E0,5.082979889E0,4.161196747E0,4.302053833E-1
2.704493792E0,6.011049957E0,4.554878082E0,1.734892273E-1
2.714506792E0,6.725364532E0,4.944068756E0,-1.064286804E-1
2.724520792E0,6.971752167E0,5.069657593E0,-1.886077881E-1
2.734533792E0,6.716233521E0,5.152734833E0,5.298980713E-2
2.744546792E0,6.415808258E0,5.109325104E0,8.068222046E-1
2.754559792E0,6.523284760E0,5.067561951E0,1.383423157E0
2.764573792E0,6.618037720E0,4.928501129E0,1.339115295E0
2.774586792E0,6.877448273E0,4.708009644E0,5.035528564E-1
2.784599792E0,7.508386230E0,4.722978516E0,-3.661386108E-1
2.794612792E0,8.354277191E0,5.082979889E0,-8.924441528E-1
2.804626792E0,9.088051300E0,5.563031616E0,-1.028960266E0
2.814639792E0,9.855954437E0,5.888903961E0,-5.113366699E-1
2.824652792E0,1.032492920E1,6.142326965E0,-7.634124756E-3
2.834666167E0,1.048285080E1,6.004763031E0,2.103126526E-1
2.844680167E0,1.060514648E1,5.605842590E0,4.171824646E-1
2.854693167E0,1.073357941E1,5.204227753E0,1.056802368E-1
2.864706167E0,1.082518890E1,4.797673187E0,-4.361929321E-1
2.874719167E0,1.100092346E1,4.606371002E0,-9.346563721E-1
2.884733167E0,1.073298065E1,4.464316406E0,-7.949967957E-1
2.894746167E0,1.075288925E1,4.487218781E0,-7.993377686E-1
2.904759167E0,1.130913254E1,4.707261200E0,-1.202599182E0
2.914772167E0,1.178993271E1,4.832550659E0,-1.312021637E0
2.924786167E0,1.206506058E1,4.543052673E0,-1.310375061E0
2.934799167E0,1.237671249E1,4.100872192E0,-1.268761597E0
2.944812167E0,1.260034744E1,3.476670227E0,-1.161734161E0
2.954825167E0,1.244871277E1,2.710563354E0,-1.114133148E0
2.964839167E0,1.157243500E1,2.094145203E0,-1.216669922E0
2.974852167E0,1.109792175E1,1.756746826E0,-1.798659668E0
2.984865167E0,1.080363373E1,1.801952820E0,-2.457888794E0
2.994878167E0,1.025637177E1,2.121388550E0,-3.359314270E0
3.004892167E0,1.001911514E1,2.152374115E0,-5.634582825E0
3.014905167E0,1.001492386E1,2.072140961E0,-8.285570068E0
3.024918167E0,9.763746185E0,1.626667328E0,-9.287885742E0
3.034932167E0,9.209299164E0,8.556207275E-1,-9.370962982E0
3.044945167E0,8.494685211E0,-2.959346008E-1,-8.926088104E0
3.054958167E0,7.306306458E0,-1.190773773E0,-8.452622681E0
3.064971167E0,6.525679779E0,-1.008003845E0,-1.068912186E1
3.074985167E0,6.391259308E0,-3.249742126E-1,-1.478565308E1
3.084998167E0,6.420747986E0,3.933819580E-1,-1.821442291E1
3.095011167E0,6.539151764E0,1.316063232E0,-2.018507492E1
3.105024167E0,7.996221771E0,1.721120911E0,-2.154784103E1
3.115038167E0,8.983718262E0,2.733316040E0,-2.189317291E1
3.125051167E0,9.746831360E0,2.642305298E0,-2.056887680E1
3.135064167E0,9.281149750E0,1.696422272E0,-1.848176697E1
3.145077167E0,9.313033447E0,9.824070740E-1,-1.643477371E1
3.155091167E0,1.012150223E1,7.177574158E-1,-1.434077820E1
3.165104167E0,1.112531479E1,7.084767151E-1,-1.210847031E1
3.175117167E0,1.217897369E1,8.833131409E-1,-1.004770569E1
3.185130167E0,1.245455063E1,7.162605286E-1,-8.400231628E0
3.195144167E0,1.101050354E1,-1.507365417E-1,-7.441026306E0
3.205157167E0,9.015601959E0,-1.128952332E0,-7.429500275E0
3.215170167E0,8.371790771E0,-1.147214355E0,-7.026238861E0
3.225183167E0,7.911497955E0,-6.505471802E-1,-5.856870575E0
3.235197167E0,7.808362427E0,-3.629951477E-1,-4.411176910E0
3.245210167E0,7.927814026E0,-2.110610962E-1,-3.636388092E0
3.255223167E0,7.502847748E0,-2.323168945E-1,-3.093916168E0
3.265237167E0,6.744375000E0,-7.232958984E-1,-2.101030884E0
3.275250167E0,6.083648987E0,-1.293310547E0,-1.359023895E0
3.285263167E0,5.314548340E0,-1.498234406E0,-6.858737183E-1
3.295276167E0,4.728966064E0,-1.677860870E0,-2.947370911E-1
3.305290167E0,3.901486816E0,-2.084864502E0,-6.511459351E-2
3.315303167E0,2.407144318E0,-2.737657013E0,-1.676513672E-2
3.325316167E0,1.213077393E0,-2.896476746E0,-1.760339355E-1
3.335329167E0,7.062313843E-1,-2.679128723E0,3.613485718E-1
3.345343167E0,5.914201355E-1,-2.342329102E0,1.397942963E0
3.355356167E0,7.144642639E-1,-2.046993256E0,2.303859100E0
3.365369167E0,8.731343079E-1,-1.810634766E0,2.086660767E0
3.375382167E0,4.716691589E-1,-1.764380951E0,7.920030212E-1
3.385396167E0,1.598675537E-1,-1.753004608E0,-5.438191223E-1
3.395409167E0,9.922865295E-1,-1.130000153E0,-1.297352142E0
3.405422167E0,2.267784119E0,-1.673519897E-1,-1.796264648E0
3.415435167E0,3.791914673E0,1.024768982E0,-2.607427826E0
3.425449167E0,5.108127594E0,2.273771667E0,-3.538341980E0
3.435462167E0,5.685177612E0,2.594105530E0,-4.612059174E0
3.445475167E0,5.610033875E0,2.297272797E0,-5.271587677E0
3.455488167E0,5.305567017E0,1.591939545E0,-5.578000488E0
3.465502167E0,4.653223572E0,8.074209595E-1,-5.124743042E0
3.475515167E0,4.708159332E0,-7.364685059E-2,-5.613327026E0
3.485528167E0,5.533542938E0,-3.650907898E-1,-6.813381500E0
3.495541167E0,6.607409821E0,-6.867718506E-1,-7.827372894E0
3.505555167E0,8.127049713E0,-7.032376099E-1,-8.847501526E0
3.515568167E0,9.832602997E0,-7.289840698E-2,-9.471703491E0
3.525581167E0,1.144235550E1,4.108955383E-1,-9.733658752E0
3.535595167E0,1.255933273E1,8.918453979E-1,-1.004336472E1
3.545608167E0,1.285706360E1,7.277865601E-1,-1.052775742E1
3.555621167E0,1.255334518E1,1.998344421E-1,-1.093910202E1
3.565634167E0,1.204395447E1,-2.707868958E-1,-1.149818939E1
3.575648167E0,1.118773499E1,-1.091530151E0,-1.195758408E1
3.585661167E0,1.026984375E1,-1.898651733E0,-1.189755890E1
3.595674167E0,9.591903534E0,-2.144889679E0,-1.141286682E1
3.605687167E0,9.351353760E0,-1.947001190E0,-1.070094727E1
3.615701167E0,9.486522675E0,-1.885628815E0,-9.820478210E0
3.625714167E0,9.359886017E0,-1.884580994E0,-9.155710602E0
3.635727167E0,8.958570557E0,-2.079775085E0,-8.873247986E0
3.645740167E0,8.608298950E0,-2.344424744E0,-8.788224792E0
3.655754167E0,8.248147888E0,-2.899320831E0,-8.871751099E0
3.665767167E0,8.265511780E0,-3.296445007E0,-9.185798035E0
3.675780167E0,8.520731049E0,-3.234623566E0,-9.174122314E0
3.685793167E0,8.769064636E0,-3.132984924E0,-8.848549347E0
3.695807167E0,8.762628021E0,-3.315305786E0,-8.655899963E0
3.705820167E0,8.762777710E0,-3.475772095E0,-8.531358948E0
3.715833167E0,8.819659424E0,-3.511547699E0,-8.964258728E0
3.725846167E0,9.112300873E0,-3.552562408E0,-9.560618591E0
3.735860167E0,9.266031189E0,-3.600612488E0,-1.000848724E1
3.745873167E0,9.178014221E0,-3.883673859E0,-1.039767792E1
3.755886167E0,9.205407257E0,-4.348906403E0,-1.067789520E1
3.765899167E0,9.207502899E0,-4.509821777E0,-1.101768860E1
3.775913167E0,9.146878967E0,-4.453389130E0,-1.146016846E1
3.785926167E0,8.989107056E0,-4.511618042E0,-1.173394913E1
3.795939167E0,8.873996429E0,-4.458179169E0,-1.184217407E1
3.805953167E0,8.898994446E0,-4.375550995E0,-1.166314636E1
3.815966167E0,8.790021057E0,-4.350253601E0,-1.116468292E1
3.825979167E0,8.591234436E0,-4.284091187E0,-1.065529221E1
3.835992042E0,8.365803223E0,-4.556674347E0,-1.050919601E1
3.846006042E0,7.982899475E0,-5.047952728E0,-1.076321777E1
3.856019042E0,7.597600708E0,-5.322930908E0,-1.139026382E1
3.866032042E0,7.433092804E0,-5.376070404E0,-1.195459030E1
3.876045042E0,7.432044983E0,-5.190306702E0,-1.211296097E1
3.886059042E0,7.596702576E0,-5.041366425E0,-1.183543808E1
3.896072042E0,7.492219849E0,-4.932692413E0,-1.139146133E1
3.906085042E0,7.301815796E0,-5.120551758E0,-1.104553070E1
3.916098042E0,7.283404083E0,-5.355413361E0,-1.064661026E1
3.926112042E0,7.103777618E0,-5.544170837E0,-1.048060547E1
3.936125042E0,6.909032593E0,-5.698050842E0,-1.073507629E1
3.946138042E0,6.786287842E0,-5.759423218E0,-1.101110229E1
3.956151042E0,6.766977997E0,-5.754483490E0,-1.116183884E1
3.966165042E0,6.812034302E0,-5.636229401E0,-1.125569366E1
3.976178042E0,6.784042511E0,-5.586383057E0,-1.112097382E1
3.986191042E0,6.558012543E0,-5.636977844E0,-1.109822113E1
3.996204042E0,6.534212036E0,-5.542673950E0,-1.088940536E1
4.006218042E0,6.498586121E0,-5.458997955E0,-1.066098038E1
4.016231042E0,6.278693390E0,-5.447471924E0,-1.118309464E1
4.026244042E0,5.899681549E0,-5.404960327E0,-1.189486450E1
4.036257042E0,5.393434296E0,-5.496569824E0,-1.224842926E1
4.046271042E0,4.813839569E0,-5.873785400E0,-1.251292923E1
4.056284042E0,4.019740906E0,-5.971681824E0,-1.239347763E1
4.066297042E0,3.530109100E0,-6.112688599E0,-1.190219925E1
4.076311042E0,3.486549683E0,-6.107150116E0,-1.097876953E1
4.086324042E0,3.466491394E0,-5.945935364E0,-1.008901978E1
4.096337042E0,3.281625824E0,-5.835165710E0,-9.556726685E0
4.106350042E0,2.985840912E0,-5.846991119E0,-9.162296906E0
4.116364042E0,2.716401215E0,-5.937702484E0,-9.033265228E0
4.126377042E0,2.642454987E0,-5.856271820E0,-9.053173828E0
4.136390042E0,2.945125580E0,-5.557642822E0,-9.136550446E0
4.146403042E0,3.453917542E0,-5.136418762E0,-9.173523560E0
4.156417042E0,3.627556458E0,-4.798271942E0,-9.662257233E0
4.166430042E0,3.338058472E0,-4.773273926E0,-1.033406021E1
4.176443042E0,2.958747253E0,-4.743336182E0,-1.073747131E1
4.186456042E0,2.743494873E0,-4.563560028E0,-1.087937622E1
4.196470042E0,2.749332733E0,-4.456682281E0,-1.051488419E1
4.206483042E0,2.756667480E0,-4.330794067E0,-9.947713623E0
4.216496042E0,2.694995728E0,-4.253704376E0,-9.069340210E0
4.226509042E0,2.319426727E0,-4.214785309E0,-8.387358398E0
4.236523042E0,1.824855194E0,-4.366120605E0,-8.155191193E0
4.246536042E0,1.321751404E0,-4.315825195E0,-8.365503845E0
4.256549042E0,8.719367981E-1,-4.026027832E0,-8.516839142E0
4.266562042E0,4.138893127E-1,-3.697461090E0,-8.471633148E0
4.276576042E0,2.308200073E-1,-3.394790497E0,-8.469687195E0
4.286589042E0,1.830693054E-1,-3.178939362E0,-8.273295593E0
4.296602042E0,1.237925720E-1,-2.993175659E0,-7.970924377E0
4.306616042E0,1.706451416E-2,-2.782713318E0,-7.796836395E0
4.316629042E0,1.496887207E-4,-2.623743896E0,-7.818241882E0
4.326642042E0,3.667373657E-2,-2.432890778E0,-7.891289978E0
4.336655042E0,-1.556762695E-2,-2.187251587E0,-7.872279510E0
4.346669042E0,-3.109034729E-1,-1.999392242E0,-8.000413055E0
4.356682042E0,-5.122348022E-1,-1.822460175E0,-8.473579102E0
4.366695042E0,-7.192543030E-1,-1.598974915E0,-8.562943268E0
4.376708042E0,-9.750723267E-1,-1.195114746E0,-8.196954346E0
4.386722042E0,-1.100212097E0,-9.497749329E-1,-7.901169434E0
4.396735042E0,-1.345252533E0,-1.002165985E0,-7.673343201E0
4.406748042E0,-1.602717133E0,-1.012494507E0,-7.449259186E0
4.416761042E0,-1.780247955E0,-8.690927124E-1,-7.271428986E0
4.426775042E0,-1.690883789E0,-5.087919617E-1,-7.247778168E0
4.436788042E0,-1.375639343E0,-1.799258423E-1,-7.514074402E0
4.446801042E0,-1.073417816E0,-2.544708252E-2,-7.760911102E0
4.456814042E0,-7.830216980E-1,3.218307495E-1,-7.607779541E0
4.466828042E0,-7.234455872E-1,5.101391602E-1,-7.339237976E0
4.476841042E0,-8.572673035E-1,6.041436768E-1,-7.384144592E0
4.486854042E0,-9.544152832E-1,6.921606445E-1,-7.159162445E0
4.496867042E0,-9.563612366E-1,8.101153564E-1,-6.757248230E0
4.506881042E0,-1.135538635E0,1.009800110E0,-6.616840210E0
4.516894042E0,-1.236578522E0,1.071920929E0,-7.028184814E0
4.526907042E0,-1.525926819E0,1.225501556E0,-7.407046967E0
4.536920042E0,-1.783541107E0,1.407972107E0,-7.487130432E0
4.546934042E0,-1.756148071E0,1.620979156E0,-7.292385406E0
4.556947042E0,-1.803000641E0,1.876348114E0,-6.865622864E0
4.566960042E0,-1.806293793E0,1.967658234E0,-6.445895691E0
4.576974042E0,-1.883233795E0,2.034269714E0,-6.085295563E0
4.586987042E0,-2.021246796E0,1.964963837E0,-5.712271271E0
4.597000042E0,-2.144590302E0,1.895358582E0,-5.649851074E0
4.607013042E0,-2.211950226E0,2.017803955E0,-5.472170563E0
4.617027042E0,-2.248623962E0,2.153272247E0,-5.386997681E0
4.627040042E0,-1.974094849E0,2.351759491E0,-5.674699402E0
4.637053042E0,-1.738933868E0,2.657723236E0,-5.943839722E0
4.647066042E0,-1.804946594E0,2.982847137E0,-6.169270935E0
4.657080042E0,-1.684297485E0,3.050805817E0,-6.113736420E0
4.667093042E0,-1.527124329E0,3.181933136E0,-5.784271545E0
4.677106042E0,-1.497785339E0,3.402723999E0,-5.360802155E0
4.687119042E0,-1.554068298E0,3.511847076E0,-4.856800232E0
4.697133042E0,-1.786834259E0,3.506607971E0,-4.446353760E0
4.707146042E0,-1.848955078E0,3.463647308E0,-4.421206055E0
4.717159042E0,-1.810036011E0,3.715573425E0,-4.457430725E0
4.727172042E0,-1.764680328E0,3.892206116E0,-4.571044464E0
4.737186042E0,-1.767225037E0,4.054917755E0,-4.733456726E0
4.747199042E0,-1.747765503E0,4.140689392E0,-4.948858795E0
4.757212042E0,-1.587149506E0,4.323010254E0,-5.116659851E0
4.767225042E0,-1.282383270E0,4.571194153E0,-5.006938019E0
4.777239042E0,-1.011147308E0,4.730163574E0,-4.793481903E0
4.787252042E0,-7.436535645E-1,4.805756378E0,-4.367018738E0
4.797265042E0,-3.610491943E-1,4.852010193E0,-3.800596619E0
4.807278042E0,-1.279838562E-1,5.214256897E0,-3.485052795E0
4.817292042E0,-1.347198486E-2,5.193001099E0,-3.007845154E0
4.827305042E0,1.029858398E-1,4.962480469E0,-2.931952972E0
4.837317458E0,3.079096985E-1,5.023852844E0,-3.215014343E0
4.847331458E0,5.683680725E-1,5.265749817E0,-3.250789948E0
4.857344458E0,9.144483948E-1,5.483247528E0,-3.424877930E0
4.867357458E0,1.538201294E0,5.691165161E0,-3.849095764E0
4.877370458E0,1.888173523E0,5.966891785E0,-3.994892578E0
4.887384458E0,2.141746216E0,6.043083344E0,-3.929179230E0
4.897397458E0,2.439177704E0,6.002667389E0,-3.572021942E0
4.907410458E0,2.737657013E0,6.087091827E0,-3.195854187E0
4.917423458E0,2.919528809E0,6.281387787E0,-2.627935181E0
4.927437458E0,3.062032471E0,6.349346466E0,-2.164049835E0
4.937450458E0,3.215762787E0,6.282734985E0,-2.304158478E0
4.947463458E0,3.086431732E0,6.327940979E0,-2.593057709E0
4.957476458E0,2.822530518E0,6.331982574E0,-2.376458130E0
4.967490458E0,2.505040741E0,6.120023346E0,-2.105222168E0
4.977503458E0,2.548600159E0,6.138734436E0,-2.253264313E0
4.987516458E0,3.231180725E0,6.483018494E0,-2.545007629E0
4.997529458E0,4.068838806E0,6.613846436E0,-3.238964539E0
5.007543458E0,4.527035980E0,6.524332581E0,-3.821702728E0
5.017556458E0,4.791685638E0,6.533014526E0,-3.802093506E0
5.027569458E0,4.848866730E0,6.433770905E0,-3.288960571E0
5.037582458E0,4.734504547E0,6.553970947E0,-2.559228058E0
5.047596458E0,4.833598480E0,6.426585846E0,-2.496209106E0
5.057609458E0,5.044958954E0,6.014941864E0,-2.922821960E0
5.067622458E0,5.361251221E0,5.868097229E0,-3.284619598E0
5.077635458E0,5.673052826E0,5.726491699E0,-4.161047058E0
5.087649458E0,5.545967102E0,5.400170288E0,-5.477259979E0
5.097662458E0,5.432203674E0,5.788013763E0,-6.981781311E0
5.107675458E0,5.089266815E0,6.397246857E0,-9.480684814E0
5.117689458E0,4.595892792E0,6.722221069E0,-1.244556931E1
5.127702458E0,4.190685425E0,6.930138702E0,-1.428165115E1
5.137715458E0,4.015998688E0,6.686894531E0,-1.505060211E1
5.147728458E0,4.045936432E0,5.843697968E0,-1.522903107E1
5.157742458E0,4.410129089E0,5.427563324E0,-1.538650360E1
5.167755458E0,4.677173767E0,5.356311493E0,-1.599633545E1
5.177768458E0,4.355343018E0,5.398823090E0,-1.780756897E1
5.187781458E0,3.898193665E0,5.582640839E0,-2.050750443E1
5.197795458E0,3.769760742E0,5.595663757E0,-2.291300217E1
5.207808458E0,3.957171021E0,5.489833832E0,-2.476689697E1
5.217821458E0,4.344415741E0,5.478457489E0,-2.488799515E1
5.227834458E0,4.856800232E0,5.298531647E0,-2.375649811E1
5.237848458E0,4.789739685E0,4.889731750E0,-2.184018311E1
5.247861458E0,4.391567688E0,4.434977417E0,-2.053100555E1
5.257874458E0,4.017794952E0,4.180805969E0,-2.041379929E1
5.267887458E0,3.811972961E0,3.967349854E0,-2.013717453E1
5.277901458E0,3.545976105E0,3.848946075E0,-1.947644852E1
5.287914458E0,3.370540924E0,3.582350464E0,-1.815065552E1
5.297927458E0,2.858904877E0,3.194207611E0,-1.659538971E1
5.307940458E0,2.340233459E0,2.778671722E0,-1.508353363E1
5.317954458E0,1.883533173E0,2.358345795E0,-1.356464218E1
5.327967458E0,1.307381287E0,1.983076172E0,-1.246667542E1
5.337980458E0,9.187893677E-1,1.758692780E0,-1.163575333E1
5.347994458E0,9.193881226E-1,1.791474609E0,-1.116153946E1
5.358007458E0,1.079704742E0,1.897903290E0,-1.090018295E1
5.368020458E0,1.179397430E0,2.018402710E0,-1.065843567E1
5.378033458E0,1.396745453E0,2.235451355E0,-1.039633072E1
5.388047458E0,1.618584137E0,2.335892487E0,-9.909393311E0
5.398060458E0,1.552421722E0,2.444267120E0,-9.248218231E0
5.408073458E0,1.326242065E0,2.326162720E0,-8.644373932E0
5.418086458E0,1.060843964E0,2.182012482E0,-7.930807800E0
5.428100458E0,7.179071045E-1,2.134261780E0,-7.436086578E0
5.438113458E0,3.200344849E-1,2.128872986E0,-7.396868134E0
5.448126458E0,-4.415817261E-2,2.111808472E0,-7.279661865E0
5.458139458E0,-4.001179504E-1,2.039808197E0,-6.849606171E0
5.468153458E0,-4.992118835E-1,2.108215942E0,-6.260131989E0
5.478166458E0,-4.465214539E-1,2.261347504E0,-5.418282623E0
5.488179458E0,-6.625222778E-1,2.578238525E0,-4.842729492E0
5.498192458E0,-6.785389709E-1,2.793939972E0,-4.622986450E0
5.508206458E0,-6.496490479E-1,2.875370636E0,-4.326902161E0
5.518219458E0,-8.340655518E-1,2.935246124E0,-4.121229858E0
5.528232458E0,-7.182064819E-1,2.968327332E0,-3.929029541E0
5.538245458E0,-3.514691162E-1,3.299738159E0,-3.880380707E0
5.548259458E0,-1.270857239E-1,3.700454865E0,-4.205803986E0
5.558272458E0,-1.005908203E-1,3.906576233E0,-4.363276520E0
5.568285458E0,-3.152444458E-1,4.126169586E0,-4.616699524E0
5.578299458E0,-4.384382629E-1,4.304299164E0,-4.947511597E0
5.588312458E0,-5.236111450E-1,4.317322083E0,-4.628973999E0
5.598325458E0,-7.003935242E-1,4.201912079E0,-3.970493317E0
5.608338458E0,-6.822811890E-1,4.041595459E0,-3.333268433E0
5.618352458E0,-8.508306885E-1,3.974085846E0,-2.820434875E0
5.628365458E0,-1.060394897E0,3.978576508E0,-2.523003387E0
5.638378458E0,-8.813671875E-1,4.082011414E0,-2.503992920E0
5.648391458E0,-3.394940186E-1,4.287683716E0,-2.611319733E0
5.658405458E0,-7.349716187E-2,4.687202911E0,-3.093616791E0
5.668418458E0,1.005908203E-1,5.159021759E0,-3.450774078E0
5.678431458E0,3.577560425E-1,5.652545471E0,-3.373684387E0
5.688444458E0,3.879931641E-1,5.654641113E0,-3.429817657E0
5.698458458E0,1.257385254E-2,5.441334686E0,-3.378324738E0
5.708471458E0,-4.519102478E-1,5.125341797E0,-2.891686707E0
5.718484458E0,-1.092428284E0,4.897216187E0,-2.343077545E0
5.728497458E0,-1.363514557E0,4.820874939E0,-1.918410645E0
5.738511458E0,-1.101858673E0,4.839735718E0,-1.496737518E0
5.748524458E0,-4.909790039E-1,4.933740234E0,-9.735754395E-1
5.758537458E0,2.619552612E-1,5.335953827E0,-9.038204956E-1
5.768550458E0,1.063538361E0,5.967340851E0,-1.633702698E0
5.778564458E0,1.554667053E0,6.253695374E0,-2.661914520E0
5.788577458E0,1.683698730E0,6.206393738E0,-3.831881561E0
5.798590458E0,1.593885498E0,6.123316498E0,-4.633015594E0
5.808604458E0,1.081051941E0,5.972729645E0,-5.040019226E0
5.818617458E0,6.039939880E-1,5.776038666E0,-5.393134918E0
5.828630458E0,6.282435608E-1,5.675298157E0,-5.458698578E0
5.838643542E0,1.149160309E0,5.727389832E0,-5.319787445E0
5.848657542E0,1.866019592E0,5.939049683E0,-5.303321686E0
5.858670542E0,2.593207397E0,6.022575989E0,-5.098248138E0
5.868683542E0,2.715802460E0,6.085445251E0,-4.671635284E0
5.878696542E0,2.310146027E0,5.985752563E0,-3.345692596E0
5.888710542E0,2.650238800E0,5.987848206E0,-2.527344360E0
5.898723542E0,3.556154938E0,6.350394287E0,-2.837050323E0
5.908736542E0,4.395309906E0,6.642137604E0,-3.214565277E0
5.918749542E0,4.525838470E0,6.431675262E0,-3.984264679E0
5.928763542E0,4.373006287E0,6.033054199E0,-4.791386261E0
5.938776542E0,4.423451385E0,5.783672791E0,-4.935536499E0
5.948789542E0,4.400399323E0,6.070626068E0,-4.596491547E0
5.958802542E0,4.192332001E0,6.193071442E0,-3.487597504E0
5.968816542E0,4.006418610E0,5.874982910E0,-2.400558014E0
5.978829542E0,4.223317566E0,5.680686951E0,-2.234852600E0
5.988842542E0,4.885390778E0,5.649851074E0,-2.511327667E0
5.998855542E0,5.727689209E0,5.784570923E0,-2.958447876E0
6.008869542E0,6.428980865E0,5.868246918E0,-3.466042328E0
6.018882542E0,7.020401001E0,5.894292755E0,-3.896397400E0
6.028895542E0,7.173382874E0,5.970634003E0,-3.952680359E0
6.038908542E0,6.536756744E0,5.986501007E0,-3.241808624E0
6.048922542E0,6.252198486E0,5.762416992E0,-2.359094238E0
6.058935542E0,6.339616699E0,5.536237335E0,-2.292931824E0
6.068948542E0,6.697971497E0,5.410798187E0,-2.387684784E0
6.078961542E0,7.160359955E0,5.370681610E0,-2.624492340E0
6.088975542E0,7.556885376E0,5.333558807E0,-2.984194336E0
6.098988542E0,7.568411407E0,5.526208191E0,-2.928510132E0
6.109001542E0,7.219187622E0,5.591622162E0,-1.889670410E0
6.119015542E0,7.321724396E0,5.387297058E0,-1.392703857E0
6.129028542E0,7.763605499E0,5.258265381E0,-2.301464081E0
6.139041542E0,8.307274933E0,5.173092499E0,-3.229085083E0
6.149054542E0,8.802145844E0,5.222190399E0,-4.097279663E0
6.159068542E0,9.425449677E0,5.282814331E0,-4.986580353E0
6.169081542E0,9.931996307E0,5.004842377E0,-5.498515778E0
6.179094542E0,9.711804199E0,4.726720734E0,-5.322032776E0
6.189107542E0,8.860374756E0,4.801116028E0,-4.031416626E0
6.199121542E0,8.334518280E0,4.664300537E0,-1.884580994E0
6.209134542E0,8.415799255E0,4.378993835E0,-1.097068634E0
6.219147542E0,9.072034607E0,4.528233490E0,-1.329235840E0
6.229160542E0,9.948761444E0,4.667743378E0,-1.822160797E0
6.239174542E0,1.012449600E1,4.454287262E0,-2.638862457E0
6.249187542E0,1.001357666E1,3.791465607E0,-3.024909668E0
6.259200542E0,1.000564316E1,3.192261658E0,-2.815794525E0
6.269213542E0,1.013946487E1,3.314407654E0,-3.626209259E0
6.279227542E0,9.865085449E0,3.629053345E0,-5.491929474E0
6.289240542E0,9.200617218E0,3.517385559E0,-5.786816254E0
6.299253542E0,8.885821838E0,3.343746643E0,-3.598666534E0
6.309266542E0,9.328002319E0,3.069367218E0,-1.234333191E0
6.319280542E0,1.005444168E1,2.394720154E0,5.281018066E-1
6.329293542E0,1.080483124E1,1.738784180E0,1.579665070E0
6.339306542E0,1.186163361E1,1.160985718E0,2.556234283E0
6.349319542E0,1.269046005E1,4.772076416E-1,2.400857391E0
6.359333542E0,1.338411758E1,9.385482788E-2,7.632627869E-1
6.369346542E0,1.357332413E1,-9.056167603E-2,-1.486558685E0
6.379359542E0,1.341285782E1,5.867797852E-2,-4.526886292E0
6.389373542E0,1.318143906E1,-1.463955688E-1,-7.052135010E0
6.399386542E0,1.251996460E1,-2.170486450E-1,-8.454119568E0
6.409399542E0,1.173799072E1,-5.316943359E-1,-7.479795685E0
6.419412542E0,1.105062012E1,-1.250200195E0,-4.019291840E0
6.429426542E0,1.071172485E1,-1.393302612E0,-1.047671356E0
6.439439542E0,1.096754288E1,-1.310973816E0,-1.160536652E0
6.449452542E0,1.140164017E1,-7.945477295E-1,-3.655847626E0
6.459465542E0,1.100855759E1,-3.053649902E-1,-7.439230042E0
6.469479542E0,1.034588562E1,-1.026864624E-1,-1.134490814E1
6.479492542E0,1.006252487E1,-2.411485291E-1,-1.395188690E1
6.489505542E0,9.459129639E0,-7.282356262E-1,-1.519684799E1
6.499518542E0,8.928632812E0,-6.448590088E-1,-1.596400269E1
6.509532542E0,9.319619751E0,3.399430847E-1,-1.641052414E1
6.519545542E0,9.950857086E0,1.012793884E0,-1.720941284E1
6.529558542E0,9.762698364E0,1.276246033E0,-1.966266129E1
6.539571542E0,9.229956207E0,1.285826111E0,-2.217144424E1
6.549585542E0,8.731941833E0,1.133742371E0,-2.372671005E1
6.559598542E0,8.606802063E0,9.981243896E-1,-2.379616562E1
6.569611542E0,8.704848175E0,9.259744263E-1,-2.244193176E1
6.579624542E0,9.305399323E0,8.472381592E-1,-2.007595184E1
6.589638542E0,1.062700104E1,7.659571838E-1,-1.773392212E1
6.599651542E0,1.201237015E1,8.265811157E-1,-1.589005646E1
6.609664542E0,1.323921890E1,8.913963318E-1,-1.422656570E1
6.619677542E0,1.475661346E1,1.080453186E0,-1.229348557E1
6.629691542E0,1.643148056E1,1.525627441E0,-1.006836273E1
6.639704542E0,1.726195358E1,1.752106476E0,-8.779991913E0
6.649717542E0,1.657563080E1,1.370849304E0,-8.152945862E0
6.659730542E0,1.458881241E1,3.543132019E-1,-8.030350800E0
6.669744542E0,1.217104019E1,-1.188528442E0,-7.349865875E0
6.679757542E0,9.256002045E0,-3.137325897E0,-5.858217773E0
6.689770542E0,5.007985840E0,-4.130061493E0,-5.526507568E-1
6.699784542E0,3.908372498E0,-3.966002655E0,1.995200958E0
6.709797542E0,3.302282867E0,-4.122427368E0,3.910468140E0
6.719810542E0,2.969674530E0,-3.169958038E0,4.783752136E0
6.729823542E0,3.012635193E0,-2.486179962E0,5.724545746E0
6.739837542E0,1.722318420E0,-3.344644775E0,5.860612793E0
6.749850542E0,3.766168213E-1,-2.464026031E0,5.585335236E0
6.759863542E0,-7.578739929E-1,-3.165916443E0,5.126389618E0
6.769876542E0,-1.631906433E0,-3.409160614E0,4.747078400E0
6.779890542E0,-1.663640442E0,-2.999312897E0,4.033961334E0
6.789903542E0,-1.165476379E0,-2.736908569E0,3.898043976E0
6.799916542E0,-5.899232483E-1,-2.493963776E0,4.012555847E0
6.809929542E0,-6.486012268E-1,-2.737806702E0,4.628973999E0
6.819943542E0,-5.288502502E-1,-2.939287720E0,5.597160645E0
6.829956542E0,3.019221497E-1,-2.110910339E0,5.110522614E0
6.839970042E0,1.478625183E0,-8.405021667E-1,4.537065125E0
6.849983042E0,2.191592560E0,3.817062378E-1,3.482208710E0
6.859997042E0,2.062560883E0,8.110134888E-1,2.295775909E0
6.870010042E0,1.564546509E0,-3.906875610E-2,1.934726715E0
6.880023042E0,1.203647003E0,-9.699829102E-2,2.003733215E0
6.890036042E0,1.313368835E0,4.200265503E-1,1.037791901E0
6.900050042E0,5.228926392E0,-6.843768311E-1,1.082997894E0
6.910063042E0,6.707850952E0,-8.382568359E-3,7.168592834E-1
6.920076042E0,8.159232788E0,7.822732544E-1,-8.696914673E-1
6.930089042E0,1.118174744E1,1.576521606E0,-1.642085266E0
6.940103042E0,1.440753937E1,2.044149170E0,-9.370513916E-1
6.950116042E0,1.726075607E1,2.164798279E0,-4.664300537E-1
6.960129042E0,1.881018402E1,2.607427826E0,-4.598437500E-1
6.970143042E0,1.888353149E1,2.411934357E0,-7.140151978E-2
6.980156042E0,1.804183182E1,1.515149231E0,3.227288818E-1
6.990169042E0,1.712962875E1,3.242257690E-1,6.572831726E-1
7.000182042E0,1.613434845E1,-4.574487305E-1,-3.652404785E-2
7.010196042E0,1.535447021E1,-1.136436768E0,-1.949545898E0
7.020209042E0,1.416040329E1,-1.851200409E0,-4.758903809E0
7.030222042E0,1.369606888E1,-1.682650909E0,-7.624394989E0
7.040235042E0,1.510628632E1,-1.443298645E0,-9.201814728E0
7.050249042E0,1.589439743E1,-1.651066589E0,-9.287586365E0
7.060262042E0,1.555744812E1,-1.798809357E0,-7.407046967E0
7.070275042E0,1.685001022E1,-1.736538849E0,-4.866829376E0
7.080288042E0,1.871902359E1,-1.370998993E0,-4.578229523E0
7.090302042E0,1.919099213E1,-1.317560120E0,-6.705006866E0
7.100315042E0,1.802641388E1,-1.876348114E0,-9.983189850E0
7.110328042E0,1.632759659E1,-2.377955017E0,-1.284927979E1
7.120341042E0,1.559995972E1,-2.788850555E0,-1.454225922E1
7.130355042E0,1.542512329E1,-2.602937164E0,-1.427731018E1
7.140368042E0,1.523427017E1,-2.442919922E0,-1.205802521E1
7.150381042E0,1.441143127E1,-2.938389587E0,-9.254505157E0
7.160394042E0,1.330418381E1,-3.880530396E0,-6.856940918E0
7.170408042E0,1.234677475E1,-4.553830261E0,-5.073100433E0
7.180421042E0,1.184037781E1,-5.018613739E0,-3.900139618E0
7.190434042E0,1.141765686E1,-5.639971619E0,-4.016597443E0
7.200447042E0,1.198617462E1,-5.261558533E0,-5.063969421E0
7.210461042E0,1.360116623E1,-4.408482513E0,-7.192692719E0
7.220474042E0,1.378902557E1,-4.390819244E0,-9.173373871E0
7.230487042E0,1.322035812E1,-4.754113770E0,-9.886640625E0
7.240501042E0,1.260244308E1,-5.237308960E0,-1.001357666E1
7.250514042E0,1.207673630E1,-5.516029358E0,-9.928104401E0
7.260527042E0,1.183154617E1,-5.718258820E0,-9.389823761E0
7.270540042E0,1.154788605E1,-5.938450928E0,-8.777746582E0
7.280554042E0,1.112396759E1,-6.084996185E0,-8.368946686E0
7.290567042E0,1.039872574E1,-6.112389221E0,-7.939489746E0
7.300580042E0,9.569300537E0,-6.106551361E0,-7.766000519E0
7.310593042E0,9.396110687E0,-6.337521057E0,-8.264164581E0
7.320607042E0,9.715845795E0,-6.367758179E0,-9.370663605E0
7.330620042E0,1.007869125E1,-6.243666229E0,-1.044168640E1
7.340633042E0,1.024664200E1,-6.251450043E0,-1.110899872E1
7.350646042E0,9.994715881E0,-6.452631683E0,-1.168574936E1
7.360660042E0,9.622739410E0,-6.607858887E0,-1.203826630E1
7.370673042E0,9.236093445E0,-6.844666443E0,-1.188393723E1
7.380686042E0,8.628357239E0,-6.980733490E0,-1.137768997E1
7.390699042E0,7.996970215E0,-7.091652832E0,-1.040142014E1
7.400713042E0,7.789801025E0,-7.349117432E0,-9.123677216E0
7.410726042E0,7.727829895E0,-7.418423309E0,-8.381969604E0
7.420739042E0,7.375163269E0,-7.291786652E0,-8.414601746E0
7.430752042E0,6.619534607E0,-7.347919922E0,-9.067094879E0
7.440766042E0,5.907016296E0,-7.413483582E0,-9.623038788E0
7.450779042E0,5.397326202E0,-7.326215057E0,-9.296567688E0
7.460792042E0,5.034480743E0,-7.094047852E0,-8.653954010E0
7.470805042E0,5.086273041E0,-6.831793213E0,-7.684719543E0
7.480819042E0,5.082081757E0,-6.727609863E0,-6.867269440E0
7.490832042E0,4.824168091E0,-6.724316711E0,-6.594536591E0
7.500845042E0,4.700225830E0,-6.669231262E0,-6.114484863E0
7.510858042E0,4.942422180E0,-6.365063782E0,-5.771997070E0
7.520872042E0,5.366041260E0,-5.889502716E0,-6.238876190E0
7.530885042E0,5.575605469E0,-5.415588226E0,-7.005282440E0
7.540898042E0,5.252876587E0,-5.097350006E0,-7.524552612E0
7.550912042E0,4.327351227E0,-5.054838409E0,-8.416996765E0
7.560925042E0,3.511847076E0,-5.224735107E0,-8.694519653E0
7.570938042E0,2.966531067E0,-5.155429230E0,-8.031548309E0
7.580951042E0,2.608924713E0,-4.906496887E0,-7.237299957E0
7.590965042E0,2.391427002E0,-4.775219879E0,-6.346801758E0
7.600978042E0,2.298320618E0,-4.625531158E0,-5.649102631E0
7.610991042E0,1.931732941E0,-4.455484772E0,-5.153632965E0
7.621004042E0,1.390907593E0,-4.414919128E0,-5.273533630E0
7.631018042E0,1.033301239E0,-4.437671814E0,-5.720055084E0
7.641031042E0,9.624984741E-1,-4.029620361E0,-6.867718506E0
7.651044042E0,1.175056458E0,-3.661984863E0,-8.229137421E0
7.661057042E0,1.104403381E0,-3.315006409E0,-8.694669342E0
7.671071042E0,7.957452393E-1,-3.059487762E0,-8.669521637E0
7.681084042E0,4.288581848E-1,-2.928061066E0,-8.308023376E0
7.691097042E0,1.158590698E-1,-2.791694641E0,-7.710615692E0
7.701110042E0,8.187973022E-2,-2.782863007E0,-7.259154510E0
7.711124042E0,-3.203338623E-1,-2.824626160E0,-6.681056671E0
7.721137042E0,-1.260379028E0,-2.840193787E0,-6.795568542E0
7.731150042E0,-2.066602478E0,-2.903212738E0,-7.543114014E0
7.741163042E0,-2.082619171E0,-2.678679657E0,-8.061186676E0
7.751177042E0,-1.877994690E0,-2.381098480E0,-8.427325287E0
7.761190042E0,-1.863923950E0,-2.182611237E0,-8.408913574E0
7.771203042E0,-1.872905273E0,-2.117945709E0,-8.066725159E0
7.781216042E0,-2.024539948E0,-2.107317810E0,-7.389084320E0
7.791230042E0,-2.281705170E0,-1.834435272E0,-6.963070221E0
7.801243042E0,-2.377655640E0,-1.424437866E0,-7.071444855E0
7.811256042E0,-2.410736847E0,-1.279688873E0,-6.941215668E0
7.821269042E0,-2.358645172E0,-1.195264435E0,-7.063361664E0
7.831283042E0,-2.590662689E0,-1.018781433E0,-7.489525452E0
7.841295792E0,-2.642155609E0,-7.542814636E-1,-7.951614532E0
7.851308792E0,-2.566263428E0,-4.067042542E-1,-8.101452942E0
7.861321792E0,-2.367327118E0,-2.053729248E-1,-8.155939636E0
7.871335792E0,-2.306852875E0,2.993774414E-4,-8.139473877E0
7.881348792E0,-2.445764008E0,9.190887451E-2,-7.643106079E0
7.891361792E0,-2.971321106E0,-2.890489197E-1,-7.365583191E0
7.901375792E0,-3.570674744E0,-6.002517700E-1,-7.319928131E0
7.911388792E0,-3.488046570E0,-3.537144470E-1,-7.164251862E0
7.921401792E0,-3.066672821E0,2.538720703E-1,-7.152426453E0
7.931414792E0,-2.713257751E0,8.354127502E-1,-7.544161835E0
7.941428792E0,-2.266885986E0,1.315464478E0,-8.134534149E0
7.951441792E0,-1.971550140E0,1.683998108E0,-8.129145355E0
7.961454792E0,-1.857786713E0,1.841919708E0,-7.791447601E0
7.971467792E0,-2.156266022E0,1.660347290E0,-7.338040466E0
7.981481792E0,-3.178789673E0,1.183888092E0,-6.927444305E0
7.991494792E0,-4.032913513E0,7.782316589E-1,-6.740782471E0
8.001507792E0,-3.914509735E0,1.180744629E0,-6.259233856E0
8.011520792E0,-3.265160065E0,1.887874146E0,-5.602100372E0
8.021534792E0,-2.822829895E0,2.257605286E0,-5.386698303E0
8.031547792E0,-2.535277863E0,2.445314941E0,-5.497617645E0
8.041560792E0,-2.091151428E0,2.625390472E0,-5.577701111E0
8.051573792E0,-1.715582428E0,3.041674805E0,-5.439837799E0
8.061587792E0,-1.648222504E0,3.182681580E0,-5.066364441E0
8.071600792E0,-1.647174683E0,2.840942230E0,-4.900359650E0
8.081613792E0,-1.640588379E0,2.679727478E0,-4.807552643E0
8.091626792E0,-1.391506348E0,2.674188995E0,-4.190386047E0
8.101640792E0,-9.885443115E-1,3.142265625E0,-3.279679871E0
8.111653792E0,-4.867877197E-1,3.748205566E0,-2.470762024E0
8.121666792E0,-7.095245361E-2,4.135450287E0,-2.060914307E0
8.131679792E0,1.936972046E-1,4.524790649E0,-2.174677734E0
8.141693792E0,4.285588074E-1,4.930147705E0,-2.486479340E0
8.151706792E0,4.114942932E-1,5.184768219E0,-2.510130157E0
8.161719792E0,3.408412170E-1,5.074896698E0,-2.040856018E0
8.171732792E0,5.315446472E-1,4.887636108E0,-1.758094025E0
8.181746792E0,7.842192078E-1,4.796775055E0,-1.489402771E0
8.191759792E0,9.033714294E-1,5.147645416E0,-1.728605347E0
8.201772792E0,1.106948090E0,5.836961975E0,-2.375859375E0
8.211785792E0,1.575024719E0,6.356381836E0,-2.627785492E0
8.221799792E0,1.854194183E0,6.441405029E0,-2.452649689E0
8.231812792E0,2.077080688E0,6.146518250E0,-1.994153137E0
8.241825792E0,2.489024048E0,5.634283447E0,-1.533261566E0
8.251838792E0,3.339555359E0,5.455255737E0,-1.330732727E0
8.261852792E0,4.641547852E0,5.716911621E0,-1.590891724E0
8.271865792E0,5.649252319E0,6.326743469E0,-2.807411957E0
8.281878792E0,5.779032440E0,6.660249939E0,-4.604574738E0
8.291891792E0,5.590873718E0,6.601422272E0,-5.494174805E0
8.301905792E0,5.362897797E0,6.563251648E0,-5.520969086E0
8.311918792E0,5.373226318E0,6.237528992E0,-4.764442291E0
8.321931792E0,5.369334412E0,5.549709320E0,-4.042792969E0
8.331945792E0,5.211263123E0,5.036576385E0,-3.554807739E0
8.341958792E0,4.970264282E0,5.022655334E0,-3.762276306E0
8.351971792E0,5.237907715E0,5.973927155E0,-6.034251709E0
8.361984792E0,5.646258545E0,7.194488983E0,-9.279353485E0
8.371998792E0,5.531297607E0,7.564818878E0,-1.242431351E1
8.382011792E0,5.240452423E0,7.346872101E0,-1.433913162E1
8.392024792E0,4.723128204E0,6.804849243E0,-1.479418533E1
8.402037792E0,4.542902985E0,5.944288788E0,-1.363200211E1
8.412051792E0,4.277504883E0,4.846322021E0,-1.317036209E1
8.422064792E0,4.217779083E0,3.987258453E0,-1.468715790E1
8.432077792E0,4.744234314E0,4.006418610E0,-1.694461349E1
8.442090792E0,5.377567291E0,4.265829163E0,-2.000320313E1
8.452104792E0,5.670358429E0,4.328099670E0,-2.296269882E1
8.462117792E0,5.617817688E0,4.345164185E0,-2.389136765E1
8.472130792E0,5.923182678E0,3.738176422E0,-2.318618408E1
8.482143792E0,5.191204834E0,3.266357574E0,-2.174438232E1
8.492157792E0,4.433929596E0,2.568808136E0,-1.974618759E1
8.502170792E0,3.438349915E0,1.879042511E0,-1.917617294E1
8.512183792E0,2.798280945E0,1.782642975E0,-1.923769501E1
8.522196792E0,2.336940308E0,1.680255890E0,-1.892828842E1
8.532210792E0,1.458866272E0,1.628313904E0,-1.853595428E1
8.542223792E0,3.701802063E-1,1.204395447E0,-1.773467056E1
8.552236792E0,-7.445516968E-1,8.744815063E-1,-1.645842453E1
8.562249792E0,-1.511107635E0,5.405259705E-1,-1.462533646E1
8.572263792E0,-2.082918549E0,2.439926147E-1,-1.338741074E1
8.582276792E0,-2.408491516E0,1.808239746E-1,-1.253717880E1
8.592289792E0,-2.653981018E0,-1.077758789E-2,-1.185938828E1
8.602302792E0,-2.764750671E0,-1.598675537E-1,-1.116917358E1
8.612316792E0,-2.738106079E0,-2.624043274E-1,-1.076097244E1
8.622329792E0,-2.740351410E0,-4.640350342E-2,-1.042537033E1
8.632342792E0,-2.074835358E0,8.235873413E-1,-1.054691757E1
8.642355792E0,-1.479673004E0,1.589843903E0,-1.124850861E1
8.652369792E0,-1.475481720E0,1.785786438E0,-1.165191971E1
8.662382792E0,-1.621278534E0,1.820514221E0,-1.166299667E1
8.672395792E0,-1.975591736E0,1.553020477E0,-1.126183090E1
8.682408792E0,-2.200573883E0,1.268611908E0,-1.003438339E1
8.692422792E0,-2.179168396E0,1.023421783E0,-8.618926849E0
8.702435792E0,-2.141895905E0,9.633966064E-1,-7.475305023E0
8.712448792E0,-1.644480286E0,1.224753113E0,-6.471941528E0
8.722461792E0,-1.104553070E0,1.770518188E0,-5.145998840E0
8.732475792E0,-1.071471863E0,2.168540497E0,-3.902235260E0
8.742488792E0,-1.233435059E0,2.402204590E0,-2.749632111E0
8.752501792E0,-1.355880432E0,2.473905487E0,-1.619182892E0
8.762514792E0,-1.433119812E0,2.734214172E0,-1.077160034E0
8.772528792E0,-1.600471802E0,2.998564453E0,-1.059197388E0
8.782541792E0,-1.237326965E0,3.182831268E0,-1.095721436E0
8.792554792E0,-5.906716919E-1,3.466491394E0,-9.050180054E-1
8.802567792E0,-2.257305908E-1,3.810027008E0,-5.216651917E-1
8.812581792E0,1.182540894E-2,4.066443787E0,-1.695973206E-1
8.822594792E0,-1.820214844E-1,4.180356903E0,-1.362167358E-2
8.832607792E0,-3.532653809E-2,4.661905518E0,-1.827699280E-1
8.842621542E0,6.056405640E-1,5.232069855E0,-5.584886169E-1
8.852635542E0,1.078956299E0,5.511838074E0,-1.468446350E0
8.862648542E0,9.026229858E-1,5.328469391E0,-2.248923340E0
8.872661542E0,5.900729370E-1,5.011428680E0,-2.304757233E0
8.882675542E0,5.551954651E-1,4.763095093E0,-1.956431580E0
8.892688542E0,6.818321228E-1,4.980892181E0,-1.933529205E0
8.902701542E0,9.178912354E-1,5.638923798E0,-2.064955902E0
8.912714542E0,8.707392883E-1,6.017935638E0,-3.051254883E0
8.922728542E0,4.215234375E-1,5.773643646E0,-3.894002380E0
8.932741542E0,1.778302002E-1,5.572162628E0,-4.018244019E0
8.942754542E0,3.866459656E-1,5.278473358E0,-4.024680634E0
8.952767542E0,8.062234497E-1,4.973407745E0,-3.790118408E0
8.962781542E0,1.315015411E0,4.958738251E0,-3.166215820E0
8.972794542E0,1.891316986E0,4.891378326E0,-2.322869568E0
8.982807542E0,2.236199799E0,4.693190460E0,-1.569336548E0
8.992820542E0,2.312391357E0,4.368515625E0,-1.553170166E0
9.002834542E0,2.007475433E0,4.224215698E0,-2.642454987E0
9.012847542E0,2.026186523E0,4.626129913E0,-4.044738922E0
9.022860542E0,2.303260345E0,5.219346313E0,-5.495821381E0
9.032873542E0,2.037862244E0,5.690566406E0,-6.058650970E0
9.042887542E0,2.099533997E0,5.479654999E0,-5.610932007E0
9.052900542E0,2.326462097E0,5.381758575E0,-5.113067322E0
9.062913542E0,2.735860748E0,5.225633240E0,-4.465513916E0
9.072926542E0,3.470982056E0,4.638853455E0,-3.432512054E0
9.082940542E0,4.256249084E0,4.193679199E0,-2.395019531E0
9.092953542E0,4.993915100E0,3.759731598E0,-2.037862244E0
9.102966542E0,5.579647064E0,3.330574036E0,-2.583627319E0
9.112979542E0,6.176455994E0,3.795806580E0,-3.805087280E0
9.122993542E0,6.401887207E0,4.434827728E0,-5.343288574E0
9.133006542E0,6.537804565E0,5.241500244E0,-6.469845886E0
9.143019542E0,6.923702087E0,5.968238983E0,-6.715784454E0
9.153032542E0,7.564669189E0,6.007457428E0,-6.610553284E0
9.163046542E0,7.700287170E0,5.505700836E0,-6.981781311E0
9.173059542E0,7.543413391E0,4.719086609E0,-7.501650238E0
9.183072542E0,8.219557343E0,4.070485382E0,-7.065756683E0
9.193085542E0,9.166039124E0,3.713627472E0,-6.032605133E0
9.203099542E0,9.419162750E0,3.989653473E0,-6.309529266E0
9.213112542E0,9.639654236E0,4.422253876E0,-6.735393677E0
9.223125542E0,1.002989273E1,4.525090027E0,-7.448810120E0
9.233138542E0,9.868528290E0,4.102967834E0,-8.372688904E0
9.243152542E0,9.663305054E0,3.824397125E0,-9.012159119E0
9.253165542E0,9.695488129E0,3.610491943E0,-9.623038788E0
9.263178542E0,9.861193542E0,3.382665710E0,-1.013527359E1
9.273191542E0,9.930200043E0,2.947071533E0,-9.665849762E0
9.283205542E0,9.484427032E0,2.491269379E0,-8.525820465E0
9.293218542E0,8.666378174E0,1.874701538E0,-7.751181335E0
9.303231542E0,7.848029938E0,8.864566040E-1,-8.168962555E0
9.313244542E0,7.522756348E0,3.077600098E-1,-8.859027557E0
9.323258542E0,7.816744995E0,-1.058299255E-1,-9.126072235E0
9.333271542E0,8.435109100E0,-4.719685364E-1,-8.740474091E0
9.343284542E0,8.653954010E0,-1.081800385E0,-7.554340668E0
9.353297542E0,8.489296417E0,-7.590715027E-1,-5.142106934E0
9.363311542E0,7.533683624E0,-3.788621521E-1,-3.829636230E0
9.373324542E0,6.326743469E0,-1.571581879E0,-6.052214355E0
9.383337542E0,5.116659851E0,-2.419269104E0,-9.920919342E0
9.393350542E0,3.875141602E0,-2.043101349E0,-1.354892487E1
9.403364542E0,2.815345459E0,-1.410367126E0,-1.609318405E1
9.413377542E0,1.670376434E0,-1.320254517E0,-1.757435394E1
9.423390542E0,-4.715194702E-2,-1.584455109E0,-1.850137619E1
9.433403542E0,-1.306183777E0,-1.990111542E0,-1.909309570E1
9.443417542E0,-1.570384369E0,-2.428998871E0,-1.885329437E1
9.453430542E0,-9.794132996E-1,-2.297871552E0,-1.833911362E1
9.463443542E0,-2.924917603E-1,-1.807042236E0,-1.845003296E1
9.473456542E0,-3.769161987E-1,-1.666334839E0,-1.951087692E1
9.483470542E0,-9.574090576E-1,-1.747466125E0,-2.065210373E1
9.493483542E0,-1.171014862E0,-1.932780762E0,-2.089654541E1
9.503496542E0,-1.037043457E0,-2.098186798E0,-2.014540741E1
9.513509542E0,-6.021977234E-1,-2.242636414E0,-1.925206512E1
9.523523542E0,2.068698120E-1,-2.230361938E0,-1.857008331E1
9.533536542E0,1.645827484E0,-2.246678009E0,-1.760803391E1
9.543549542E0,3.684438171E0,-1.961371307E0,-1.643806686E1
9.553562542E0,5.947432251E0,-1.597777405E0,-1.516795807E1
9.563576542E0,7.661368103E0,-1.489402771E0,-1.423135574E1
9.573589542E0,8.972341919E0,-1.807790680E0,-1.385099670E1
9.583602542E0,1.016236725E1,-2.186054077E0,-1.323368042E1
9.593615542E0,1.095856155E1,-2.802023163E0,-1.230635880E1
9.603629542E0,1.045530807E1,-3.945495300E0,-1.200159256E1
9.613642542E0,9.576635284E0,-5.114713898E0,-1.152543274E1
9.623655542E0,9.893226929E0,-4.945415955E0,-1.062221100E1
9.633668542E0,1.088611221E1,-4.379293213E0,-8.902586975E0
9.643682542E0,1.167317551E1,-4.441563721E0,-6.884633331E0
9.653695542E0,1.189755890E1,-4.316124573E0,-5.415588226E0
9.663708542E0,1.144819336E1,-4.383035431E0,-4.440066833E0
9.673721542E0,1.045575714E1,-4.696782990E0,-3.713627472E0
9.683735542E0,8.664432220E0,-5.026247864E0,-3.193010101E0
9.693748542E0,6.145320740E0,-5.383405151E0,-3.346740417E0
9.703761542E0,4.037853241E0,-5.298082581E0,-3.975433044E0
9.713774542E0,2.562670898E0,-4.694986725E0,-4.362079010E0
9.723788542E0,1.269659729E0,-4.155059509E0,-4.331841888E0
9.733801542E0,-1.646575928E-1,-4.028572540E0,-4.492607574E0
9.743814542E0,-9.659413147E-1,-3.910318451E0,-4.862638092E0
9.753827542E0,-5.438191223E-1,-3.122057648E0,-5.054239655E0
9.763841542E0,7.463479614E-1,-1.919159088E0,-5.694907379E0
9.773854542E0,1.614692230E0,-1.111588440E0,-6.481970673E0
9.783867542E0,1.221310272E0,-8.705895996E-1,-6.684499512E0
9.793880542E0,6.107299805E-2,-8.960366821E-1,-6.948849792E0
9.803894542E0,-5.227130127E-1,-9.252259827E-1,-7.251819763E0
9.813907542E0,-9.506730652E-1,-7.899073792E-1,-7.686665497E0
9.823920542E0,-1.600621490E0,-9.195378113E-1,-8.463250580E0
9.833933542E0,-1.843416595E0,-8.786727905E-1,-9.037157135E0
9.843946542E0,-1.560504913E0,-4.773573303E-1,-9.820627899E0
9.853959542E0,-6.834786987E-1,2.734812927E-1,-1.053509216E1
9.863972542E0,4.462220764E-1,7.896080017E-1,-1.101125198E1
9.873985542E0,1.050665131E0,7.911048889E-1,-1.135942795E1
9.883999542E0,1.933828583E0,7.032376099E-1,-1.106364304E1
9.894012542E0,2.718796234E0,7.535330200E-1,-1.089569229E1
9.904025542E0,3.002007294E0,3.960763550E-1,-1.105331451E1
9.914038542E0,3.007695465E0,-2.782713318E-1,-1.120554794E1
9.924052542E0,3.042123871E0,-8.111631775E-1,-1.150522476E1
9.934065542E0,3.754642181E0,-1.158740387E0,-1.171927963E1
9.944078542E0,4.814138947E0,-1.223405914E0,-1.169892197E1
9.954091542E0,6.192173309E0,-1.072968750E0,-1.152692963E1
9.964104542E0,7.646997986E0,-8.189469910E-1,-1.098101486E1
9.974118542E0,8.316855011E0,-8.276289368E-1,-1.051982391E1
9.984131542E0,8.707841949E0,-1.260528717E0,-1.038181091E1
9.994144542E0,9.019194489E0,-1.628463593E0,-1.046533722E1
1.000415854E1,9.512269135E0,-1.747765503E0,-1.024754013E1
1.001417154E1,1.000130219E1,-1.734143829E0,-9.792336731E0
1.002418454E1,9.946516113E0,-1.580263824E0,-9.442214813E0
1.003419754E1,9.689949646E0,-1.336570587E0,-8.738528137E0
1.004421154E1,9.139544220E0,-1.050515442E0,-7.706274719E0
1.005422454E1,8.059240723E0,-9.063652039E-1,-6.688840485E0
1.006423754E1,6.652166748E0,-1.299298096E0,-5.833369446E0
1.007425054E1,5.364993439E0,-2.191143494E0,-5.099894714E0
1.008426354E1,4.460424500E0,-2.713856506E0,-4.412823486E0
1.009427754E1,4.287384338E0,-2.632126465E0,-3.884571991E0
1.010429054E1,5.214256897E0,-1.969903564E0,-3.874243469E0
1.011430354E1,5.869444427E0,-1.611698456E0,-4.297263794E0
1.012431654E1,6.229745178E0,-1.092128906E0,-4.777315521E0
1.013433054E1,7.610623627E0,-1.758842468E-1,-4.988226929E0
1.014434354E1,9.755064240E0,6.575825500E-1,-5.356760559E0
1.015435654E1,1.166898422E1,1.592089233E0,-5.945486298E0
1.016436954E1,1.232821335E1,2.202669525E0,-6.088888092E0
1.017438354E1,1.173050629E1,2.326911163E0,-5.923781433E0
1.018439654E1,1.048225204E1,2.335293732E0,-5.961353302E0
1.019440954E1,8.830886078E0,1.986668701E0,-6.154302063E0
1.020442254E1,7.660320282E0,8.440946960E-1,-6.735693054E0
1.021443654E1,7.782615967E0,8.652008057E-2,-6.962770844E0
1.022444954E1,9.060807953E0,7.610174561E-1,-6.825057220E0
1.023446254E1,1.126377686E1,1.072519684E0,-7.156767426E0
1.024447554E1,1.389590332E1,1.252445526E0,-8.150101776E0
1.025448954E1,1.549622543E1,2.072590027E0,-9.958940277E0
1.026450254E1,1.582090027E1,2.677482147E0,-1.262639328E1
1.027451554E1,1.529713943E1,2.350711670E0,-1.486723343E1
1.028452854E1,1.409049866E1,1.434317322E0,-1.675675415E1
1.029454254E1,1.210293182E1,8.894503784E-1,-1.722004074E1
1.030455554E1,1.089105194E1,-7.319778442E-1,-1.613240250E1
1.031456854E1,1.053569092E1,-2.805316315E0,-1.515733017E1
1.032458154E1,1.093296478E1,-3.220552826E0,-1.480017288E1
1.033459554E1,1.152468430E1,-2.620001678E0,-1.513472717E1
1.034460854E1,1.190264832E1,-2.174977112E0,-1.603884705E1
1.035462154E1,1.185789139E1,-1.845512238E0,-1.679702042E1
1.036463454E1,1.153171967E1,-1.804198151E0,-1.690539505E1
1.037464854E1,1.079884369E1,-2.092348938E0,-1.665227142E1
1.038466154E1,9.501790924E0,-2.672692108E0,-1.628254028E1
1.039467454E1,8.326734467E0,-3.433110809E0,-1.578213089E1
1.040468754E1,7.619305573E0,-4.030967560E0,-1.541808792E1
1.041470154E1,6.941964111E0,-4.662504272E0,-1.501512589E1
1.042471454E1,6.688990173E0,-4.830005951E0,-1.475466751E1
1.043472754E1,6.291416931E0,-4.769232330E0,-1.480855545E1
1.044474054E1,5.942791901E0,-4.755161591E0,-1.456381439E1
1.045475454E1,5.877228241E0,-4.712051239E0,-1.410561722E1
1.046476754E1,5.391188965E0,-4.648882599E0,-1.359517868E1
1.047478054E1,4.519701233E0,-4.532724152E0,-1.325089462E1
1.048479354E1,3.896247711E0,-4.592300262E0,-1.310824127E1
1.049480754E1,3.169508972E0,-4.799918518E0,-1.297876053E1
1.050482054E1,2.437082062E0,-5.308710480E0,-1.260588593E1
1.051483354E1,1.898502045E0,-5.889353027E0,-1.184905975E1
1.052484654E1,1.236877899E0,-5.889053650E0,-1.102846619E1
1.053486054E1,9.340576172E-1,-5.684878235E0,-1.047446823E1
1.054487354E1,9.157955933E-1,-5.574258270E0,-1.014694931E1
1.055488654E1,5.971083069E-1,-5.450316010E0,-1.012314880E1
1.056489954E1,4.294569397E-1,-5.221891022E0,-1.037432648E1
1.057491354E1,3.324586487E-1,-4.777165833E0,-1.058209442E1
1.058492654E1,4.546046448E-1,-4.446353760E0,-1.036250107E1
1.059493954E1,6.179150391E-1,-4.556374969E0,-9.899962921E0
1.060495254E1,3.379971313E-1,-4.823419647E0,-9.027726746E0
1.061496654E1,-2.839595032E-1,-5.046904907E0,-8.616082764E0
1.062497954E1,-1.066532135E0,-5.374124451E0,-8.290060730E0
1.063499254E1,-1.608554993E0,-5.232369232E0,-7.814799042E0
1.064500554E1,-1.603465576E0,-4.837789764E0,-7.333250427E0
1.065501954E1,-1.539847870E0,-4.402794342E0,-6.807992706E0
1.066503254E1,-1.618434448E0,-4.078269196E0,-6.046825562E0
1.067504554E1,-1.829794922E0,-3.677702179E0,-5.540877686E0
1.068505854E1,-2.155218201E0,-3.395988007E0,-5.265749817E0
1.069507254E1,-2.565814362E0,-3.217109985E0,-5.159321136E0
1.070508554E1,-2.800077209E0,-3.088677063E0,-5.173691254E0
1.071509854E1,-3.103645935E0,-3.061583405E0,-5.083279266E0
1.072511154E1,-3.375480652E0,-2.984493713E0,-5.219645691E0
1.073512554E1,-3.178639984E0,-2.595153351E0,-5.278473358E0
1.074513854E1,-2.827320557E0,-2.005679169E0,-5.461243286E0
1.075515154E1,-2.921175385E0,-1.469793549E0,-5.967191162E0
1.076516454E1,-3.223845978E0,-1.130748596E0,-6.417305145E0
1.077517854E1,-3.322041779E0,-1.112037506E0,-6.430028687E0
1.078519154E1,-3.173999634E0,-1.088536377E0,-6.277495880E0
1.079520454E1,-3.035088501E0,-1.002165985E0,-5.960604858E0
1.080521754E1,-2.777174835E0,-9.461824036E-1,-5.651048584E0
1.081523154E1,-2.487976227E0,-8.834628296E-1,-5.266498260E0
1.082524454E1,-2.577490082E0,-6.617738342E-1,-5.093907166E0
1.083525754E1,-2.585124207E0,-5.129832458E-1,-5.434748383E0
1.084527079E1,-2.534080353E0,-3.391946411E-1,-5.643564148E0
1.085528379E1,-2.773133240E0,7.170089722E-2,-5.842051392E0
1.086529779E1,-2.727178802E0,4.438270569E-1,-5.973478088E0
1.087531079E1,-2.211950226E0,7.550299072E-1,-5.887257385E0
1.088532379E1,-1.737137604E0,1.078357544E0,-5.597909088E0
1.089533679E1,-1.611848145E0,1.178948364E0,-5.199587402E0
1.090535079E1,-1.511706390E0,1.076710968E0,-4.450844421E0
1.091536379E1,-1.813179474E0,1.015188904E0,-4.059258728E0
1.092537679E1,-2.003433838E0,1.245410156E0,-4.407285004E0
1.093538979E1,-1.745370483E0,1.679956512E0,-4.539609833E0
1.094540379E1,-1.676363983E0,2.036664734E0,-4.503385162E0
1.095541679E1,-1.812131653E0,2.074386292E0,-4.413721619E0
1.096542979E1,-2.217189331E0,2.128872986E0,-4.340074768E0
1.097544279E1,-2.632575531E0,2.240690460E0,-4.168232117E0
1.098545679E1,-2.584076385E0,2.214944000E0,-3.513643341E0
1.099546979E1,-2.057172089E0,2.390678558E0,-2.728675690E0
1.100548279E1,-1.070723419E0,2.723735962E0,-1.997595978E0
1.101549579E1,-3.752696228E-1,3.013832703E0,-1.280437317E0
1.102550979E1,6.526428223E-2,3.551664276E0,-1.123713226E0
1.103552279E1,5.032534790E-1,4.197720795E0,-1.200802917E0
1.104553579E1,8.481362915E-1,4.553530884E0,-1.328337708E0
1.105554879E1,7.114704895E-1,4.970413971E0,-1.528172150E0
1.106556279E1,6.134243774E-1,4.915029144E0,-1.435963898E0
1.107557579E1,8.741821289E-1,4.539011078E0,-1.430575104E0
1.108558879E1,1.072968750E0,4.805157623E0,-1.898202667E0
1.109560179E1,1.742975464E0,5.515131226E0,-2.508633270E0
1.110561579E1,2.754571838E0,5.869294739E0,-3.640130310E0
1.111562879E1,3.413501587E0,5.891598358E0,-4.531376953E0
1.112564179E1,3.661236420E0,5.997278595E0,-4.457430725E0
1.113565479E1,3.710933075E0,6.137387238E0,-3.911965027E0
1.114566879E1,3.950884094E0,6.001020813E0,-2.992277527E0
1.115568179E1,4.340523834E0,5.938600616E0,-2.195933533E0
1.116569479E1,4.377197571E0,6.127058716E0,-2.120490417E0
1.117570779E1,4.788093109E0,5.982908478E0,-2.766546936E0
1.118572179E1,5.620063019E0,5.699996796E0,-3.427123260E0
1.119573479E1,6.061195679E0,5.857020264E0,-3.985312500E0
1.120574779E1,6.487808533E0,5.780229950E0,-3.924688568E0
1.121576079E1,6.993457031E0,5.140310669E0,-3.314557343E0
1.122577479E1,6.929989014E0,4.783602448E0,-2.965333557E0
1.123578779E1,6.551875305E0,4.182003479E0,-3.849844208E0
1.124580079E1,5.965544586E0,3.939058685E0,-5.437742157E0
1.125581379E1,4.969964905E0,4.564308472E0,-7.792645111E0
1.126582779E1,3.941304016E0,4.724475403E0,-1.099703156E1
1.127584079E1,3.300336914E0,4.267026672E0,-1.318488190E1
1.128585379E1,2.554438019E0,3.764222260E0,-1.455094116E1
1.129586679E1,2.384092255E0,3.080593872E0,-1.515328857E1
1.130588079E1,2.559377747E0,2.448009338E0,-1.541374695E1
1.131589379E1,2.638413391E0,1.660496979E0,-1.639136398E1
1.132590679E1,2.177970886E0,1.018332367E0,-1.863459915E1
1.133591979E1,1.660496979E0,9.812095642E-1,-2.152942932E1
1.134593379E1,1.660047913E0,1.071771240E0,-2.342374008E1
1.135594679E1,1.854643250E0,1.022673340E0,-2.438878326E1
1.136595979E1,1.838027802E0,7.619155884E-1,-2.418894882E1
1.137597279E1,1.625020752E0,3.210823059E-1,-2.344933685E1
1.138598579E1,1.449585571E0,-2.662962341E-1,-2.321657089E1
1.139599979E1,1.234782257E0,-6.378236389E-1,-2.343376923E1
1.140601279E1,7.120692444E-1,-9.120533752E-1,-2.413640808E1
1.141602579E1,2.005828857E-2,-1.055155792E0,-2.478755402E1
1.142603879E1,-5.351371765E-1,-1.162781982E0,-2.455403961E1
1.143605279E1,-8.803193665E-1,-1.440005493E0,-2.338826385E1
1.144606579E1,-1.139729919E0,-1.639690247E0,-2.158571228E1
1.145607879E1,-1.242865448E0,-1.743574219E0,-1.957853622E1
1.146609179E1,-1.493893433E0,-1.908680878E0,-1.784035080E1
1.147610579E1,-1.888173523E0,-2.094294891E0,-1.648372192E1
1.148611879E1,-2.231858826E0,-2.231709137E0,-1.558678711E1
1.149613179E1,-2.502196655E0,-2.279908905E0,-1.460333221E1
1.150614479E1,-2.494113464E0,-2.242935791E0,-1.350192261E1
1.151615879E1,-2.417622528E0,-1.964664459E0,-1.283176620E1
1.152617179E1,-2.207609253E0,-1.637444916E0,-1.209275299E1
1.153618479E1,-1.864223328E0,-1.425485687E0,-1.130419281E1
1.154619779E1,-1.520388336E0,-1.294208679E0,-1.069870193E1
1.155621179E1,-1.195114746E0,-1.009500732E0,-1.034229309E1
1.156622479E1,-1.147663422E0,-8.815168762E-1,-9.959239655E0
1.157623779E1,-1.306183777E0,-8.785231018E-1,-9.382788391E0
1.158625079E1,-1.555116119E0,-8.928932190E-1,-8.811875610E0
1.159626479E1,-1.822759552E0,-9.654922485E-1,-8.391998749E0
1.160627779E1,-1.906734924E0,-8.508306885E-1,-7.859555969E0
1.161629079E1,-1.833686829E0,-7.348219299E-1,-7.050638123E0
1.162630379E1,-1.787732391E0,-6.704557800E-1,-6.139333191E0
1.163631779E1,-1.729054413E0,-5.035528564E-1,-5.263953552E0
1.164633079E1,-1.444196777E0,-3.052153015E-1,-4.407584381E0
1.165634379E1,-1.004261627E0,1.556762695E-2,-3.467239838E0
1.166635679E1,-6.259982300E-1,4.116439819E-1,-2.897973633E0
1.167637079E1,-3.781137085E-1,8.261320496E-1,-2.628384247E0
1.168638379E1,-3.062631226E-1,1.216220856E0,-2.282004547E0
1.169639679E1,-7.095245361E-2,1.553619232E0,-1.917063446E0
1.170640979E1,7.753875732E-2,1.679806824E0,-1.601819000E0
1.171642379E1,2.924917603E-1,1.799707489E0,-1.528471527E0
1.172643679E1,6.113287354E-1,1.879042511E0,-1.581760712E0
1.173644979E1,6.795867920E-1,2.123035126E0,-1.554966431E0
1.174646279E1,5.162763977E-1,2.716101837E0,-1.416654053E0
1.175647679E1,8.273295593E-1,3.232976990E0,-8.319699097E-1
1.176648979E1,1.352736969E0,3.621419220E0,-4.005670166E-1
1.177650279E1,1.539249115E0,3.855233002E0,-1.663041687E-1
1.178651579E1,1.291364594E0,3.929628296E0,-4.715194702E-2
1.179652979E1,1.091081085E0,3.955524445E0,-1.425036621E-1
1.180654279E1,1.023122406E0,4.001628571E0,-3.610491943E-1
1.181655579E1,1.133592682E0,4.184398499E0,-7.291337585E-1
1.182656879E1,1.462159424E0,4.396058350E0,-9.734257507E-1
1.183658179E1,1.484013977E0,4.748575287E0,-1.822609863E0
1.184659596E1,1.620679779E0,5.048850861E0,-2.807411957E0
1.185660896E1,2.054926758E0,5.466033325E0,-3.149899750E0
1.186662196E1,2.618654480E0,5.638624420E0,-3.207230530E0
1.187663496E1,3.088527374E0,5.548960876E0,-2.830314331E0
1.188664896E1,3.334915009E0,5.642666016E0,-2.443518677E0
1.189666196E1,3.399730225E0,5.288203125E0,-2.324516144E0
1.190667496E1,3.691623230E0,5.328020325E0,-2.546205139E0
1.191668796E1,4.281247101E0,5.802383881E0,-3.141966248E0
1.192670196E1,4.894072723E0,6.108048248E0,-4.141737213E0
1.193671496E1,5.085973663E0,6.200855255E0,-4.765639801E0
1.194672796E1,4.865332489E0,5.965394897E0,-5.532644806E0
1.195674096E1,4.931644592E0,5.694907379E0,-6.007307739E0
1.196675496E1,5.340893555E0,5.776787109E0,-6.061794434E0
1.197676796E1,5.867648163E0,5.933810577E0,-5.898184662E0
1.198678096E1,6.208938446E0,6.141877899E0,-5.531297607E0
1.199679396E1,6.576124878E0,6.158343658E0,-5.223238220E0
1.200680796E1,6.882986755E0,6.117328949E0,-5.237458649E0
1.201682096E1,7.024292908E0,5.895340576E0,-5.649701385E0
1.202683396E1,6.952741699E0,5.608536987E0,-6.165079651E0
1.203684696E1,6.281836853E0,5.477559357E0,-6.882088623E0
1.204686096E1,5.609734497E0,5.236410828E0,-7.555238800E0
1.205687396E1,5.346731415E0,4.700974274E0,-8.015082550E0
1.206688696E1,5.427862701E0,4.448299713E0,-8.381520538E0
1.207689996E1,5.930966492E0,4.479884033E0,-8.212372284E0
1.208691396E1,6.534661102E0,4.540358276E0,-7.639812927E0
1.209692696E1,7.166497192E0,4.588408356E0,-6.622079315E0
1.210693996E1,7.262896729E0,4.509821777E0,-6.091582489E0
1.211695296E1,6.499484253E0,4.065096588E0,-7.144942017E0
1.212696696E1,6.128705292E0,3.418141937E0,-8.146209869E0
1.213697996E1,6.234235840E0,2.980152740E0,-8.857231293E0
1.214699296E1,6.796316986E0,2.818937988E0,-9.261091461E0
1.215700596E1,7.430398407E0,2.591860199E0,-8.997190247E0
1.216701996E1,7.810009003E0,2.060465240E0,-8.096812592E0
1.217703296E1,7.865094452E0,1.741777954E0,-6.742129669E0
1.218704596E1,7.228168945E0,1.675765228E0,-6.378086700E0
1.219705896E1,6.471941528E0,1.290017395E0,-6.861730957E0
1.220707196E1,5.826783142E0,5.852828979E-1,-8.516390076E0
1.221708596E1,5.427563324E0,4.553530884E-1,-9.739346924E0
1.222709896E1,5.077591095E0,5.435197449E-1,-1.015533188E1
1.223711196E1,4.971312103E0,4.345463562E-1,-9.747579803E0
1.224712496E1,4.855602722E0,6.384223938E-1,-8.411757660E0
1.225713896E1,4.272565155E0,6.563850403E-1,-8.517886963E0
1.226715196E1,3.777694244E0,6.661148071E-2,-9.417665863E0
1.227716496E1,2.979404297E0,-3.591032410E-1,-1.023182281E1
1.228717796E1,2.485132141E0,-3.317102051E-1,-1.101514389E1
1.229719196E1,2.287842407E0,1.553768921E-1,-1.147109573E1
1.230720496E1,1.800605621E0,3.564088440E-1,-1.254032227E1
1.231721796E1,1.143921204E0,7.289840698E-2,-1.435559738E1
1.232723096E1,7.209008789E-1,-4.052073669E-1,-1.636412064E1
1.233724496E1,3.094065857E-1,-9.282197571E-1,-1.858789627E1
1.234725796E1,-2.592608643E-1,-1.189875641E0,-2.073607910E1
1.235727096E1,-4.192781067E-1,-1.070274353E0,-2.181832855E1
1.236728396E1,9.430389404E-2,-7.801776123E-1,-2.169408691E1
1.237729796E1,6.864724731E-1,-7.375163269E-1,-2.085358475E1
1.238731096E1,1.097966766E0,-1.067579956E0,-1.972987152E1
1.239732396E1,1.684596863E0,-1.203647003E0,-1.872126892E1
1.240733696E1,2.368374939E0,-1.190923462E0,-1.823148743E1
1.241735096E1,2.819536743E0,-1.466051331E0,-1.832115097E1
1.242736396E1,3.207080841E0,-1.767973480E0,-1.820304657E1
1.243737696E1,3.450325012E0,-1.807491302E0,-1.814691330E1
1.244738996E1,4.253105621E0,-1.715881805E0,-1.788899963E1
1.245740296E1,5.192252655E0,-1.732048187E0,-1.699041824E1
1.246741696E1,5.648803253E0,-1.729952545E0,-1.600097580E1
1.247742996E1,5.733227692E0,-1.894909515E0,-1.545461197E1
1.248744296E1,5.923781433E0,-2.120340729E0,-1.487037689E1
1.249745596E1,6.708749084E0,-1.907633057E0,-1.441592194E1
1.250746996E1,7.600893860E0,-1.713786163E0,-1.364592316E1
1.251748296E1,8.089477844E0,-1.621877289E0,-1.266142044E1
1.252749596E1,7.716154175E0,-1.768871613E0,-1.158575729E1
1.253750896E1,6.741979980E0,-2.058070221E0,-1.050425629E1
1.254752296E1,5.881569214E0,-2.233056335E0,-9.410929871E0
1.255753596E1,5.284909973E0,-2.107766876E0,-8.190817108E0
1.256754896E1,4.907095642E0,-1.894310760E0,-7.277266846E0
1.257756196E1,4.548591156E0,-1.923350372E0,-6.497238922E0
1.258757596E1,4.102818146E0,-2.282902679E0,-5.451363831E0
1.259758896E1,3.916306000E0,-2.130669250E0,-4.729415131E0
1.260760196E1,3.363056488E0,-1.937870178E0,-4.328399048E0
1.261761496E1,2.026934967E0,-2.010768585E0,-4.806205444E0
1.262762896E1,1.006057892E0,-1.835632782E0,-5.869294739E0
1.263764196E1,7.096742249E-1,-1.308279419E0,-5.828579407E0
1.264765496E1,5.815406799E-1,-1.008153534E0,-4.842579803E0
1.265766796E1,3.432362366E-1,-9.500743103E-1,-3.767066345E0
1.266768196E1,-3.101550293E-1,-1.075064392E0,-2.734663239E0
1.267769496E1,-1.244212646E0,-1.359023895E0,-1.929188232E0
1.268770796E1,-2.240989838E0,-1.619781647E0,-1.397344208E0
1.269772096E1,-3.077749786E0,-1.481169891E0,-1.759740601E0
1.270773496E1,-3.238066406E0,-1.343905334E0,-2.133064270E0
1.271774796E1,-2.618804169E0,-9.502239990E-1,-2.457888794E0
1.272776096E1,-1.600022736E0,-8.412506104E-2,-2.979703674E0
1.273777396E1,-6.602769470E-1,4.794529724E-1,-3.176993408E0
1.274778796E1,-7.933502197E-3,8.857081604E-1,-3.382965088E0
1.275780096E1,2.100132751E-1,1.188678131E0,-4.054618378E0
1.276781396E1,-2.453398132E-1,1.011596375E0,-4.859644318E0
1.277782696E1,-9.587562561E-1,5.625302124E-1,-5.479954376E0
1.278783996E1,-1.327738953E0,4.281097412E-2,-5.580545197E0
1.279785396E1,-1.376387787E0,-5.598358154E-1,-5.131029968E0
1.280786696E1,-1.127455444E0,-9.181906128E-1,-4.844525757E0
1.281787996E1,-4.993615723E-1,-9.020242310E-1,-5.020859070E0
1.282789296E1,8.225395203E-1,-2.993774414E-1,-5.407954102E0
1.283790696E1,2.101479950E0,3.218307495E-1,-5.878425751E0
1.284792046E1,2.727777557E0,4.619393921E-1,-6.189778290E0
1.285793346E1,3.142714691E0,3.125500488E-1,-6.621630249E0
1.286794646E1,3.108435974E0,-2.646496582E-1,-7.291636963E0
1.287796046E1,2.923869781E0,-9.479786682E-1,-8.178692322E0
1.288797346E1,3.086731110E0,-1.410516815E0,-8.928333435E0
1.289798646E1,3.624412994E0,-1.672472076E0,-8.941655731E0
1.290799946E1,4.923860779E0,-1.500479736E0,-8.519832916E0
1.291801346E1,6.908733215E0,-7.806266785E-1,-8.131390686E0
1.292802646E1,8.813522186E0,2.821632385E-1,-7.522456970E0
1.293803946E1,1.037881714E1,9.397457886E-1,-6.932982788E0
1.294805246E1,1.117620895E1,8.975335693E-1,-6.406826935E0
1.295806646E1,1.114492401E1,5.571414185E-1,-6.886878662E0
1.296807946E1,1.118040024E1,1.194515991E-1,-8.487799530E0
1.297809246E1,1.133038834E1,3.065625000E-1,-1.031325348E1
1.298810546E1,1.121452927E1,6.012995911E-1,-1.174861862E1
1.299811846E1,1.128847549E1,7.030879211E-1,-1.254002289E1
1.300813246E1,1.165177002E1,1.078656921E0,-1.268851410E1
1.301814546E1,1.219543945E1,1.498982849E0,-1.262594421E1
1.302815846E1,1.290601181E1,1.634600830E0,-1.212239136E1
1.303817146E1,1.382554962E1,1.910477142E0,-1.210008774E1
1.304818546E1,1.458716583E1,2.251468048E0,-1.275976593E1
1.305819846E1,1.512589554E1,2.508932648E0,-1.343441299E1
1.306821146E1,1.518427414E1,2.307751007E0,-1.418525162E1
1.307822446E1,1.489702148E1,1.735940094E0,-1.483654724E1
1.308823846E1,1.470871307E1,1.273252258E0,-1.485061798E1
1.309825146E1,1.447849182E1,7.432044983E-1,-1.479343689E1
1.310826446E1,1.426997543E1,3.474275208E-1,-1.509116776E1
1.311827746E1,1.428120209E1,2.401007080E-1,-1.544652878E1
1.312829146E1,1.423135574E1,1.778302002E-1,-1.606609039E1
1.313830446E1,1.446501984E1,2.324665833E-1,-1.649165543E1
1.314831746E1,1.501692215E1,4.999603271E-1,-1.632340530E1
1.315833046E1,1.506182877E1,3.933819580E-1,-1.576341980E1
1.316834446E1,1.403661072E1,-2.305206299E-1,-1.546299454E1
1.317835746E1,1.271500900E1,-9.848020935E-1,-1.562001801E1
1.318837046E1,1.168021088E1,-1.518592072E0,-1.575398941E1
1.319838346E1,1.092039093E1,-1.855840759E0,-1.569710770E1
1.320839746E1,1.004411316E1,-2.139201508E0,-1.551553528E1
1.321841046E1,8.968599701E0,-2.539469147E0,-1.538650360E1
1.322842346E1,8.254734192E0,-3.048560486E0,-1.551179306E1
1.323843646E1,7.914491730E0,-3.462000732E0,-1.524010803E1
1.324844946E1,7.652536469E0,-3.643273773E0,-1.487307129E1
1.325846346E1,7.155420227E0,-3.761527863E0,-1.438763077E1
1.326847646E1,6.225703583E0,-4.023183746E0,-1.433898193E1
1.327848946E1,5.413492584E0,-4.116140442E0,-1.420246582E1
1.328850246E1,4.950205994E0,-4.125870209E0,-1.365250946E1
1.329851646E1,4.846322021E0,-4.646637268E0,-1.282488052E1
1.330852946E1,4.646487579E0,-4.937781830E0,-1.207464066E1
1.331854246E1,4.277055817E0,-5.229375458E0,-1.154728729E1
1.332855546E1,3.911066895E0,-5.496270447E0,-1.135628448E1
1.333856946E1,3.361559601E0,-5.654790802E0,-1.148711243E1
1.334858246E1,2.975811768E0,-5.615422668E0,-1.146151566E1
1.335859546E1,2.872077484E0,-5.225034485E0,-1.102487366E1
1.336860846E1,2.590513000E0,-4.874613190E0,-1.056398209E1
1.337862246E1,2.135010223E0,-4.753215637E0,-1.004860382E1
1.338863546E1,1.770667877E0,-4.964276733E0,-9.534572754E0
1.339864846E1,1.399739227E0,-5.224884796E0,-9.150471497E0
1.340866146E1,1.090332642E0,-5.413193207E0,-8.893006897E0
1.341867546E1,8.764274597E-1,-5.324128418E0,-8.803942108E0
1.342868846E1,8.922944641E-1,-4.770429840E0,-8.624764709E0
1.343870146E1,9.241781616E-1,-4.507426758E0,-8.339907074E0
1.344871446E1,5.972579956E-1,-4.306245117E0,-8.077203369E0
1.345872746E1,1.504371643E-1,-3.967200165E0,-7.770940247E0
1.346874146E1,-5.957611084E-2,-3.719465332E0,-7.397466888E0
1.347875446E1,-2.853067017E-1,-3.633394318E0,-6.794969788E0
1.348876746E1,-8.174501038E-1,-3.514242096E0,-6.427034912E0
1.349878046E1,-1.185534668E0,-3.435356140E0,-6.024821320E0
1.350879446E1,-1.477277985E0,-3.283272400E0,-5.842949524E0
1.351880746E1,-1.701062622E0,-3.037333832E0,-5.733976135E0
1.352882046E1,-2.069596252E0,-2.647245026E0,-5.543721771E0
1.353883346E1,-2.379002838E0,-2.324216766E0,-5.564678192E0
1.354884746E1,-2.571502533E0,-1.935774536E0,-5.427263947E0
1.355886046E1,-2.756667480E0,-1.310075684E0,-5.400469666E0
1.356887346E1,-2.636467438E0,-9.568103027E-1,-5.382207642E0
1.357888646E1,-2.440524902E0,-5.066963196E-1,-5.299579468E0
1.358890046E1,-2.327659607E0,-2.770738220E-1,-4.859943695E0
1.359891346E1,-2.149679718E0,-2.350112915E-1,-4.345313873E0
1.360892646E1,-2.043251038E0,-3.607498169E-1,-4.343517609E0
1.361893946E1,-2.117197266E0,-3.439846802E-1,-4.958887939E0
1.362895346E1,-2.020947418E0,-2.679428101E-2,-5.732778625E0
1.363896646E1,-1.672023010E0,4.840933228E-1,-6.228847046E0
1.364897946E1,-1.795815582E0,1.004261627E0,-6.304589539E0
1.365899246E1,-2.145189056E0,1.360520782E0,-5.975274353E0
1.366900546E1,-2.036814423E0,1.614542542E0,-4.836143188E0
1.367901946E1,-1.849703522E0,1.845661926E0,-3.495680695E0
1.368903246E1,-1.693727875E0,1.994302826E0,-2.475402374E0
1.369904546E1,-1.473685455E0,1.932780762E0,-1.467548218E0
1.370905846E1,-1.274300079E0,1.766626282E0,-7.982899475E-1
1.371907246E1,-1.118025055E0,2.144290924E0,-9.840536499E-1
1.372908546E1,-9.740245056E-1,2.778372345E0,-1.176253967E0
1.373909846E1,-6.405180359E-1,3.528612213E0,-1.007854156E0
1.374911146E1,-2.442919922E-1,4.320315857E0,-8.168513489E-1
1.375912546E1,-1.245410156E-1,4.719835052E0,-6.695576477E-1
1.376913846E1,-1.954934692E-1,4.754413147E0,-4.834945679E-1
1.377915146E1,-3.839515686E-1,4.452341309E0,-5.837860107E-2
1.378916446E1,-7.321275330E-1,4.090843048E0,2.818638611E-1
1.379917846E1,-9.681866455E-1,4.102069702E0,6.827302551E-1
1.380919146E1,-1.142873383E0,4.629123688E0,1.274449768E0
1.381920446E1,-1.209784241E0,5.282964020E0,1.721420288E0
1.382921746E1,-6.147715759E-1,6.150859222E0,1.364562378E0
1.383923146E1,1.398092651E-1,6.328390045E0,1.012045441E0
1.384924392E1,3.941304016E-1,6.304888916E0,7.761360168E-1
1.385925692E1,8.173004150E-1,6.259084167E0,8.939410400E-1
1.386926992E1,1.551822968E0,5.982160034E0,1.233584747E0
1.387928292E1,2.621797943E0,5.937702484E0,1.392105103E0
1.388929692E1,3.678750000E0,5.936355286E0,9.854008484E-1
1.389930992E1,4.003424835E0,6.252048798E0,-2.249821472E-1
1.390932292E1,4.263284454E0,6.513854370E0,-1.497036896E0
1.391933592E1,4.201463013E0,6.468199310E0,-2.462529144E0
1.392934992E1,3.877087555E0,6.547085266E0,-2.894081726E0
1.393936292E1,3.886368256E0,6.384673004E0,-3.209775238E0
1.394937592E1,4.080813904E0,6.143524475E0,-3.186723175E0
1.395938892E1,4.732259216E0,5.809568939E0,-2.830763397E0
1.396940292E1,5.860612793E0,5.554499359E0,-2.760709076E0
1.397941592E1,6.788832550E0,5.687872009E0,-3.347788239E0
1.398942892E1,7.306306458E0,6.040538635E0,-4.209246826E0
1.399944192E1,7.363936615E0,6.051465912E0,-4.973407745E0
1.400945592E1,7.287146301E0,5.798941040E0,-5.364244995E0
1.401946892E1,7.271578674E0,5.617967377E0,-5.206024017E0
1.402948192E1,7.480095062E0,5.446723480E0,-4.974305878E0
1.403949492E1,7.527247009E0,5.037624207E0,-5.660928040E0
1.404950792E1,7.775879974E0,4.692591705E0,-6.772815857E0
1.405952192E1,8.339158630E0,4.622836761E0,-7.161258087E0
1.406953492E1,8.407865753E0,4.533173218E0,-7.935448151E0
1.407954792E1,8.010142822E0,4.375700684E0,-8.864116974E0
1.408956092E1,7.433092804E0,4.192781067E0,-9.541458435E0
1.409957492E1,6.843468933E0,4.184248810E0,-1.060649368E1
1.410958792E1,6.803502045E0,4.317471771E0,-1.143876297E1
1.411960092E1,6.629264374E0,4.284390564E0,-1.262384857E1
1.412961392E1,5.576802979E0,3.854334869E0,-1.435769302E1
1.413962792E1,4.113446045E0,3.297492828E0,-1.691647202E1
1.414964092E1,3.349434814E0,2.828218689E0,-1.942585373E1
1.415965392E1,3.491938477E0,2.836451569E0,-2.073802505E1
1.416966692E1,4.208199005E0,3.055296478E0,-2.104743164E1
1.417968092E1,4.998106384E0,3.056793365E0,-2.074296478E1
1.418969392E1,5.603297882E0,2.854264526E0,-2.034090088E1
1.419970692E1,5.847889252E0,2.390977936E0,-2.030557434E1
1.420971992E1,5.888454895E0,2.017354889E0,-2.123693756E1
1.421973292E1,5.689817963E0,1.980381775E0,-2.229209335E1
1.422974692E1,5.487438812E0,2.072590027E0,-2.288695633E1
1.423975992E1,5.385800171E0,2.026785278E0,-2.279205368E1
1.424977292E1,4.889432373E0,1.590442657E0,-2.208282852E1
1.425978592E1,3.770060120E0,8.520281982E-1,-2.139396103E1
1.426979992E1,3.184777222E0,5.246589661E-1,-2.136716675E1
1.427981292E1,3.212020569E0,4.406835938E-1,-2.090043732E1
1.428982592E1,3.443139954E0,4.454736328E-1,-2.017130356E1
1.429983892E1,3.232827301E0,5.906716919E-1,-1.950399124E1
1.430985292E1,2.722388763E0,4.641847229E-1,-1.861948059E1
1.431986592E1,2.098336487E0,2.104623413E-1,-1.731449432E1
1.432987892E1,1.457968140E0,2.005828857E-2,-1.577060486E1
1.433989192E1,1.188977509E0,-7.514373779E-2,-1.419004166E1
1.434990592E1,1.113235016E0,-1.895059204E-1,-1.287802002E1
1.435991892E1,8.493338013E-1,-4.064048767E-1,-1.209993805E1
1.436993192E1,3.852987671E-1,-6.486012268E-1,-1.176104279E1
1.437994492E1,4.191284180E-3,-8.399034119E-1,-1.141107056E1
1.438995792E1,8.098159790E-2,-7.421566772E-1,-1.095511871E1
1.439997192E1,3.070115662E-1,-5.605842590E-1,-1.034483780E1
1.440998492E1,2.157014465E-1,-3.240760803E-1,-9.615554352E0
1.441999792E1,-2.454895020E-2,-1.655557251E-1,-9.161099396E0
1.443001092E1,3.113525391E-2,-1.227447510E-2,-8.900341644E0
1.444002492E1,2.324665833E-1,3.680845642E-1,-8.607101440E0
1.445003792E1,-1.146615601E-1,3.278182983E-1,-8.288713531E0
1.446005092E1,-5.837860107E-1,9.265731812E-2,-7.763904877E0
1.447006392E1,-8.128097534E-1,7.888595581E-2,-6.860683136E0
1.448007792E1,-8.439450073E-1,4.297563171E-1,-5.808371429E0
1.449009092E1,-6.680607605E-1,7.259902954E-1,-4.661456451E0
1.450010392E1,-5.999523926E-1,8.975335693E-1,-3.853287048E0
1.451011692E1,-6.825805664E-1,1.141526184E0,-3.605103149E0
1.452013092E1,-6.012995911E-1,1.247655487E0,-3.262315979E0
1.453014392E1,-9.285191345E-1,1.460512848E0,-3.149300995E0
1.454015692E1,-1.343605957E0,1.652862854E0,-3.615731049E0
1.455016992E1,-1.432970123E0,1.803599396E0,-3.900588684E0
1.456018292E1,-1.311572571E0,2.064955902E0,-3.874842224E0
1.457019692E1,-1.285826111E0,2.331701202E0,-3.491489410E0
1.458020992E1,-1.096020813E0,2.548151093E0,-2.835104370E0
1.459022292E1,-6.741979980E-1,2.677631836E0,-2.370769958E0
1.460023592E1,-3.763174438E-1,2.873424683E0,-1.927391968E0
1.461024992E1,1.688488770E-1,3.237467651E0,-1.562301178E0
1.462026292E1,1.071172485E0,3.574267273E0,-1.354383545E0
1.463027592E1,1.604214020E0,3.929628296E0,-1.247655487E0
1.464028892E1,1.673519897E0,4.269272003E0,-1.125359802E0
1.465030292E1,1.752106476E0,4.417613525E0,-8.990304565E-1
1.466031592E1,1.795067139E0,4.593647461E0,-7.711962891E-1
1.467032892E1,1.688788147E0,4.982538757E0,-5.508544922E-1
1.468034192E1,1.563049622E0,5.106930084E0,-2.314187622E-1
1.469035592E1,1.187330933E0,4.976700897E0,-1.032852173E-2
1.470036892E1,7.628137207E-1,4.596192169E0,9.669891357E-2
1.471038192E1,4.716691589E-1,4.329746246E0,2.742297363E-1
1.472039492E1,-5.583389282E-2,4.537065125E0,7.214996338E-1
1.473040792E1,-4.866380310E-1,4.928501129E0,1.276994476E0
1.474042192E1,-2.604583740E-1,5.427263947E0,1.282982025E0
1.475043492E1,4.649331665E-1,5.636229401E0,1.219214630E0
1.476044792E1,1.378333740E0,5.619314575E0,1.335223389E0
1.477046092E1,2.509681091E0,5.375172272E0,1.272204437E0
1.478047492E1,3.259771271E0,5.117258606E0,1.019380188E0
1.479048792E1,3.454067230E0,5.118905182E0,6.430627441E-1
1.480050092E1,3.954626312E0,5.222340088E0,5.186714172E-1
1.481051392E1,4.949756927E0,5.235063629E0,-1.416055298E-1
1.482052792E1,5.957461395E0,5.180576935E0,-1.162033539E0
1.483054092E1,6.934329987E0,5.149741058E0,-2.018851776E0
1.484055392E1,7.905809784E0,5.221292267E0,-3.103645935E0
1.485056667E1,8.737929382E0,5.528303833E0,-3.928281097E0
1.486057967E1,9.283694458E0,5.381908264E0,-4.197571106E0
1.487059367E1,9.025481415E0,4.713099060E0,-3.851790161E0
1.488060667E1,8.580007782E0,4.072131958E0,-2.959046631E0
1.489061967E1,9.075776825E0,3.849095764E0,-2.321971436E0
1.490063267E1,1.029888336E1,3.901935883E0,-2.218237152E0
1.491064667E1,1.135927826E1,4.158352661E0,-2.616409149E0
1.492065967E1,1.209290268E1,4.279301147E0,-3.016377411E0
1.493067267E1,1.243060043E1,4.445455627E0,-2.470911713E0
1.494068567E1,1.164518372E1,3.665577393E0,-1.917213135E0
1.495069967E1,1.042447220E1,2.407144318E0,-2.013163605E0
1.496071267E1,9.961634674E0,1.634151764E0,-2.980003052E0
1.497072567E1,1.018032990E1,1.675765228E0,-4.653522949E0
1.498073867E1,1.071831116E1,1.901944885E0,-6.011199646E0
1.499075167E1,1.115824631E1,1.694626007E0,-6.627318420E0
1.500076567E1,1.105256607E1,1.487456818E0,-6.181246033E0
1.501077867E1,9.674980774E0,1.014739838E0,-4.012256470E0
1.502079167E1,8.435109100E0,-9.430389404E-3,-1.711540833E0
1.503080467E1,7.777975616E0,-8.837622070E-1,-1.526525574E0
1.504081867E1,6.580465851E0,-1.329235840E0,-3.475921783E0
1.505083167E1,5.505401459E0,-1.502126312E0,-5.652246094E0
1.506084467E1,4.830754395E0,-1.478475494E0,-8.099656677E0
1.507085767E1,4.813689880E0,-1.847308502E0,-1.075782898E1
1.508087167E1,4.927153931E0,-1.989812164E0,-1.400038605E1
1.509088467E1,5.591322784E0,-1.731748810E0,-1.752166351E1
1.510089767E1,7.419321442E0,-1.179247742E0,-2.040930862E1
1.511091067E1,9.393715668E0,-5.301974487E-1,-2.205723175E1
1.512092467E1,9.712852020E0,-1.871109009E-1,-2.164229462E1
1.513093767E1,8.342302094E0,-2.782713318E-1,-1.842189148E1
1.514095067E1,7.458689575E0,-7.991880798E-1,-1.602268066E1
1.515096367E1,7.089856567E0,-1.464404755E0,-1.610276413E1
1.516097667E1,6.010750580E0,-1.988464966E0,-1.723426117E1
1.517099067E1,4.130211182E0,-2.078727264E0,-2.023552002E1
1.518100367E1,3.107837219E0,-1.980681152E0,-2.272289749E1
1.519101667E1,2.744093628E0,-1.548380127E0,-2.319875793E1
1.520102967E1,2.830464020E0,-1.130449219E0,-2.151999893E1
1.521104367E1,2.892884216E0,-1.078207855E0,-1.894146103E1
1.522105667E1,2.822829895E0,-1.300645294E0,-1.656679916E1
1.523106967E1,2.972219238E0,-1.625619507E0,-1.419153854E1
1.524108267E1,3.620820465E0,-1.696571960E0,-1.260423935E1
1.525109567E1,4.663402405E0,-1.588646393E0,-1.216550171E1
1.526110967E1,5.461991730E0,-1.400337982E0,-1.212029572E1
1.527112267E1,5.707780609E0,-1.422791290E0,-1.193797485E1
1.528113567E1,5.601052551E0,-1.711540833E0,-1.139789795E1
1.529114867E1,5.504054260E0,-1.958976288E0,-1.066651886E1
1.530116267E1,6.096671906E0,-1.941462708E0,-9.840985565E0
1.531117567E1,7.049889679E0,-1.947749634E0,-9.119036865E0
1.532118867E1,7.924371185E0,-2.036515045E0,-8.695567474E0
1.533120167E1,8.756341095E0,-2.022144928E0,-8.125403137E0
1.534121567E1,9.458979950E0,-1.987117767E0,-7.489375763E0
1.535122867E1,9.911938019E0,-2.138003998E0,-6.728208618E0
1.536124167E1,9.949659576E0,-2.716700592E0,-5.730682983E0
1.537125467E1,9.722432098E0,-3.253933411E0,-4.867877197E0
1.538126867E1,9.517059174E0,-3.248544617E0,-4.352648621E0
1.539128167E1,8.954528961E0,-3.228336639E0,-4.363426208E0
1.540129467E1,8.198900299E0,-3.077151031E0,-4.467609558E0
1.541130767E1,7.518565063E0,-2.754721527E0,-4.095333710E0
1.542132067E1,6.709647217E0,-2.586321716E0,-3.920048218E0
1.543133467E1,5.451663208E0,-2.694247284E0,-4.501289520E0
1.544134767E1,4.791685638E0,-2.755919037E0,-5.300028534E0
1.545136067E1,5.697003021E0,-1.157093811E0,-6.741381226E0
1.546137367E1,6.507567444E0,4.168830872E-1,-9.687704315E0
1.547138767E1,5.863007812E0,7.074288940E-1,-1.256906250E1
1.548140067E1,4.200864258E0,6.697073364E-1,-1.397014893E1
1.549141367E1,2.560126190E0,7.203021240E-1,-1.388901764E1
1.550142667E1,1.990410919E0,9.806108093E-1,-1.321466995E1
1.551143967E1,2.117346954E0,1.427880707E0,-1.232132767E1
1.552145367E1,2.415077820E0,1.938019867E0,-1.141571091E1
1.553146667E1,2.838397522E0,2.372416534E0,-1.065154999E1
1.554147967E1,3.379971313E0,2.752775574E0,-1.055230637E1
1.555149267E1,3.476819916E0,2.825374603E0,-1.140837616E1
1.556150667E1,3.228336639E0,2.872376862E0,-1.165536255E1
1.557151967E1,2.908751221E0,2.854414215E0,-1.117186798E1
1.558153267E1,2.677332458E0,2.914439392E0,-1.032492920E1
1.559154567E1,2.524949341E0,3.128045197E0,-9.113498383E0
1.560155967E1,2.209106140E0,3.467688904E0,-7.917635193E0
1.561157267E1,1.766626282E0,3.715124359E0,-6.813830566E0
1.562158567E1,1.346599731E0,3.990102539E0,-6.025420074E0
1.563159867E1,8.725355530E-1,4.000880127E0,-5.294639740E0
1.564161167E1,3.951782227E-1,3.776796112E0,-4.594844971E0
1.565162567E1,1.588197327E-1,3.617976379E0,-4.037404175E0
1.566163867E1,-2.124082947E-1,3.288062439E0,-3.307372284E0
1.567165167E1,-4.092489624E-1,2.950364685E0,-2.711012421E0
1.568166467E1,-3.620970154E-1,2.229613495E0,-2.125579834E0
1.569167867E1,-1.368154907E-1,1.304686890E0,-1.469643860E0
1.570169167E1,4.528083801E-1,5.897735596E-1,-8.222401428E-1
1.571170467E1,1.647923126E0,-7.768844604E-2,-2.860551453E-1
1.572171767E1,3.356919250E0,-2.604583740E-1,-3.923341370E-1
1.573173167E1,4.878056030E0,-4.402345276E-1,-1.019679565E0
1.574174467E1,6.107599182E0,-8.187973022E-1,-2.246977386E0
1.575175767E1,6.869065704E0,-9.668394470E-1,-4.210594025E0
1.576177067E1,7.444768524E0,-9.440867615E-1,-6.022276611E0
1.577178367E1,7.763156433E0,-1.170865173E0,-6.522236938E0
1.578179767E1,7.610174561E0,-1.854194183E0,-6.475833435E0
1.579181067E1,7.743846588E0,-2.368075562E0,-6.617438965E0
1.580182367E1,8.076754303E0,-2.858755188E0,-7.188950500E0
1.581183667E1,7.815098419E0,-3.300336914E0,-8.243507538E0
1.582185067E1,7.196434937E0,-3.602708130E0,-9.822124786E0
1.583186367E1,7.053631897E0,-3.721261597E0,-1.103295685E1
1.584187667E1,7.260801086E0,-3.604354706E0,-1.215128128E1
1.585188971E1,7.704628143E0,-3.460054779E0,-1.325209213E1
1.586190371E1,7.955955505E0,-3.438649292E0,-1.360101654E1
1.587191671E1,7.750582581E0,-3.514242096E0,-1.417297714E1
1.588192971E1,7.562573547E0,-3.773952026E0,-1.524639496E1
1.589194271E1,7.569309540E0,-4.124223633E0,-1.569186859E1
1.590195571E1,7.579937439E0,-4.268224182E0,-1.546389267E1
1.591196971E1,7.124584351E0,-4.476141815E0,-1.450798050E1
1.592198271E1,6.110742645E0,-5.276527405E0,-1.340193054E1
1.593199571E1,5.917793884E0,-5.715414734E0,-1.230052094E1
1.594200871E1,5.913602600E0,-5.657485199E0,-1.214783844E1
1.595202271E1,5.740562439E0,-6.046675873E0,-1.314581314E1
1.596203571E1,5.283413086E0,-6.469696198E0,-1.412807053E1
1.597204871E1,4.892426147E0,-6.822063446E0,-1.454704926E1
1.598206171E1,4.669389954E0,-7.211254120E0,-1.478789841E1
1.599207571E1,4.309089203E0,-7.505841522E0,-1.512679367E1
1.600208871E1,3.989354095E0,-7.837851105E0,-1.538365952E1
1.601210171E1,4.062402191E0,-8.190068665E0,-1.543784683E1
1.602211471E1,4.414170685E0,-8.472980347E0,-1.502066437E1
1.603212771E1,4.060456238E0,-8.555309143E0,-1.510344223E1
1.604214171E1,3.446882172E0,-8.640332336E0,-1.587179443E1
1.605215471E1,2.963836670E0,-8.633895721E0,-1.636202499E1
1.606216771E1,2.345622253E0,-8.560398560E0,-1.665706146E1
1.607218071E1,1.857337646E0,-8.735234985E0,-1.619108047E1
1.608219471E1,1.530567169E0,-9.119785309E0,-1.546913177E1
1.609220771E1,1.029259644E0,-9.618548126E0,-1.488145386E1
1.610222071E1,6.453080750E-1,-1.000279907E1,-1.458716583E1
1.611223371E1,5.465135193E-1,-1.005219635E1,-1.413660278E1
1.612224671E1,4.902305603E-1,-9.832153931E0,-1.353051315E1
1.613226071E1,3.522175598E-1,-9.624385986E0,-1.306228683E1
1.614227371E1,5.643264771E-2,-9.502239990E0,-1.239317825E1
1.615228671E1,-2.938389587E-1,-9.421557770E0,-1.173110504E1
1.616229971E1,-7.217990112E-1,-9.502838745E0,-1.114148117E1
1.617231371E1,-1.192420349E0,-9.541608124E0,-1.062939606E1
1.618232671E1,-1.350491638E0,-9.274713135E0,-1.050126251E1
1.619233971E1,-1.315913544E0,-8.764274597E0,-1.079210770E1
1.620235271E1,-1.250499573E0,-8.277187500E0,-1.102113144E1
1.621236671E1,-1.215322723E0,-7.960446167E0,-1.079839462E1
1.622237971E1,-1.391805725E0,-7.860454102E0,-1.039333694E1
1.623239271E1,-1.492396545E0,-7.788453827E0,-9.920769653E0
1.624240571E1,-1.554667053E0,-7.630532227E0,-9.331894226E0
1.625241871E1,-1.689386902E0,-7.307204590E0,-9.155111847E0
1.626243271E1,-1.657952271E0,-7.052883453E0,-9.205706635E0
1.627244571E1,-1.651365967E0,-6.732848969E0,-9.155261536E0
1.628245871E1,-1.686542816E0,-6.302493896E0,-9.235943756E0
1.629247171E1,-1.592388611E0,-6.091283112E0,-9.014703827E0
1.630248571E1,-1.720372467E0,-5.867049408E0,-8.332572327E0
1.631249871E1,-2.116897888E0,-5.529052277E0,-7.909701691E0
1.632251171E1,-2.844983826E0,-5.448968811E0,-7.789950714E0
1.633252471E1,-3.591780853E0,-5.417234802E0,-7.761060791E0
1.634253771E1,-3.871998138E0,-5.235213318E0,-7.630083160E0
1.635255171E1,-4.048780518E0,-4.981191559E0,-7.585176544E0
1.636256471E1,-3.988306274E0,-4.573289795E0,-7.520211639E0
1.637257771E1,-3.598516846E0,-4.201612701E0,-7.552394714E0
1.638259071E1,-3.290307770E0,-4.034709778E0,-7.262597351E0
1.639260471E1,-3.267704773E0,-3.648063812E0,-7.114704895E0
1.640261771E1,-3.440146179E0,-3.515888672E0,-7.368876343E0
1.641263071E1,-3.798051910E0,-3.352129211E0,-7.250921631E0
1.642264371E1,-4.018094330E0,-2.819387054E0,-6.778653717E0
1.643265671E1,-3.949686584E0,-2.203567657E0,-6.501430206E0
1.644267071E1,-3.914958801E0,-1.588646393E0,-6.267616425E0
1.645268371E1,-4.086053009E0,-1.202599182E0,-6.207890625E0
1.646269671E1,-4.403243408E0,-1.190474396E0,-6.387816467E0
1.647270971E1,-4.906047821E0,-1.245110779E0,-6.173911285E0
1.648272371E1,-5.109774170E0,-1.168170776E0,-6.280938721E0
1.649273671E1,-5.215454407E0,-1.075363770E0,-6.016588440E0
1.650274971E1,-5.359305267E0,-5.487588501E-1,-5.682782593E0
1.651276271E1,-5.251978455E0,2.615061951E-1,-5.632487183E0
1.652277671E1,-4.839286652E0,8.503816223E-1,-5.204976196E0
1.653278971E1,-4.701872406E0,1.430874481E0,-4.551584930E0
1.654280271E1,-4.892725525E0,2.004631348E0,-3.909270630E0
1.655281571E1,-4.905000000E0,2.288291473E0,-3.338058472E0
1.656282871E1,-4.761448517E0,2.237996063E0,-2.958896942E0
1.657284271E1,-5.054838409E0,2.059866486E0,-2.688858490E0
1.658285571E1,-5.609734497E0,1.741777954E0,-2.555186462E0
1.659286871E1,-5.895490265E0,1.684896240E0,-2.729124756E0
1.660288171E1,-5.887407074E0,2.158960419E0,-2.679278412E0
1.661289571E1,-5.800737305E0,2.609822845E0,-2.688858490E0
1.662290871E1,-5.742957458E0,2.901566162E0,-2.701731720E0
1.663292171E1,-5.694757690E0,3.187770996E0,-2.498903503E0
1.664293471E1,-5.191803589E0,3.520678711E0,-2.393522644E0
1.665294771E1,-4.509971466E0,4.038451996E0,-2.136507111E0
1.666296171E1,-4.260889435E0,4.245770874E0,-2.023192749E0
1.667297471E1,-4.340673523E0,4.239034882E0,-2.185155945E0
1.668298771E1,-4.352947998E0,4.248315582E0,-2.351609802E0
1.669300071E1,-4.517605591E0,4.229754181E0,-2.408042450E0
1.670301471E1,-5.078489227E0,3.982468414E0,-2.940485229E0
1.671302771E1,-4.971012726E0,4.317322083E0,-3.233276367E0
1.672304071E1,-4.697232056E0,4.968917084E0,-2.607727203E0
1.673305371E1,-4.272116089E0,5.425467682E0,-2.026635590E0
1.674306671E1,-3.751498718E0,5.627547455E0,-1.711690521E0
1.675308071E1,-3.595223694E0,5.903124390E0,-1.453776855E0
1.676309371E1,-3.720962219E0,5.714815979E0,-1.237776031E0
1.677310671E1,-3.859723663E0,5.367238770E0,-1.289268951E0
1.678311971E1,-3.646866302E0,5.224585419E0,-1.172511749E0
1.679313371E1,-3.021915894E0,5.243595886E0,-8.719367981E-1
1.680314671E1,-2.339035950E0,5.602100372E0,-4.960684204E-1
1.681315971E1,-1.759890289E0,5.772745514E0,-1.869612122E-1
1.682317271E1,-1.237177277E0,5.826334076E0,3.673361206E-1
1.683318671E1,-8.662486267E-1,5.767805786E0,7.934999084E-1
1.684319971E1,-5.173242188E-1,5.698050842E0,1.215622101E0
1.685321342E1,1.329235840E-1,5.943240967E0,1.692380676E0
1.686322642E1,8.086184692E-1,6.480024719E0,1.561103668E0
1.687323942E1,9.111552429E-1,6.444398804E0,1.198258209E0
1.688325342E1,7.179071045E-1,6.360423431E0,6.779402161E-1
1.689326642E1,6.285429382E-1,6.071673889E0,4.785548401E-1
1.690327942E1,5.653742981E-1,5.617667999E0,2.920426941E-1
1.691329242E1,9.690847778E-1,5.464835815E0,2.384541321E-1
1.692330642E1,1.618284760E0,5.462141418E0,4.182302856E-1
1.693331942E1,2.204914856E0,5.454806671E0,2.195933533E-1
1.694333242E1,2.642305298E0,5.899980927E0,5.029541016E-2
1.695334542E1,3.015329590E0,6.569688263E0,-4.058061218E-1
1.696335842E1,3.351979523E0,6.790628815E0,-1.660197601E0
1.697337242E1,3.158132629E0,6.337521057E0,-2.929108887E0
1.698338542E1,2.700983276E0,5.411247253E0,-3.873944092E0
1.699339842E1,2.312541046E0,4.229754181E0,-4.655319214E0
1.700341142E1,1.826052704E0,3.090473328E0,-5.238955536E0
1.701342542E1,1.287173309E0,2.298769684E0,-5.302573242E0
1.702343842E1,1.280287628E0,2.216291199E0,-5.146597595E0
1.703345142E1,1.555265808E0,2.119741974E0,-5.043611755E0
1.704346442E1,1.302441559E0,1.859133911E0,-6.294859772E0
1.705347742E1,1.318009186E0,1.947749634E0,-8.741372223E0
1.706349142E1,1.229992218E0,2.437531128E0,-1.162617325E1
1.707350442E1,6.715036011E-1,2.484832764E0,-1.486708374E1
1.708351742E1,-4.671784973E-1,1.597777405E0,-1.748618729E1
1.709353042E1,-2.062111816E0,-8.622070312E-2,-1.812805252E1
1.710354442E1,-4.169429626E0,-1.540296936E0,-1.853535553E1
1.711355742E1,-6.321354675E0,-1.937570801E0,-2.123798538E1
1.712357042E1,-7.957751770E0,-1.934277649E0,-2.441348190E1
1.713358342E1,-9.220226440E0,-2.168540497E0,-2.652723633E1
1.714359642E1,-9.563462677E0,-1.779200134E0,-2.807980774E1
1.715361042E1,-9.222322083E0,-1.081800385E0,-2.870221344E1
1.716362342E1,-8.623417511E0,-7.244934082E-1,-2.826946335E1
1.717363642E1,-8.387957153E0,-8.050259399E-1,-2.700818619E1
1.718364942E1,-8.522826691E0,-1.277443542E0,-2.606080627E1
1.719366342E1,-8.762628021E0,-1.764081573E0,-2.523976364E1
1.720367642E1,-9.078920288E0,-1.598825226E0,-2.416544769E1
1.721368942E1,-9.437574463E0,-1.159788208E0,-2.341550720E1
1.722370242E1,-9.880054321E0,-1.247954865E0,-2.235855515E1
1.723371542E1,-9.921218719E0,-1.690135345E0,-2.097752701E1
1.724372942E1,-9.745184784E0,-2.188449097E0,-1.943917603E1
1.725374242E1,-9.978399811E0,-2.853965149E0,-1.794438446E1
1.726375542E1,-9.722132721E0,-3.270698547E0,-1.673400146E1
1.727376842E1,-8.721613312E0,-3.012934570E0,-1.479493378E1
1.728378242E1,-7.465126190E0,-2.536325684E0,-1.276620255E1
1.729379542E1,-6.611451416E0,-2.111359406E0,-1.102966370E1
1.730380842E1,-6.219266968E0,-1.751058655E0,-9.726174316E0
1.731382142E1,-5.958209839E0,-1.509311371E0,-8.870403900E0
1.732383442E1,-5.677393799E0,-1.283281403E0,-8.395591278E0
1.733384842E1,-5.379662933E0,-1.026864624E0,-7.885152740E0
1.734386142E1,-5.185067596E0,-7.755372620E-1,-7.357649689E0
1.735387442E1,-5.169799347E0,-6.536906433E-1,-6.955436096E0
1.736388742E1,-5.140909424E0,-6.679110718E-1,-6.647825775E0
1.737390142E1,-4.529580688E0,-4.299060059E-1,-5.984854431E0
1.738391442E1,-3.838617554E0,-1.212478638E-1,-4.734803925E0
1.739392742E1,-3.559448090E0,3.547622681E-1,-3.511248322E0
1.740394042E1,-3.415746918E0,6.885681152E-1,-3.054548035E0
1.741395342E1,-2.959495697E0,9.181906128E-1,-2.731669464E0
1.742396742E1,-2.415077820E0,1.503024445E0,-2.586471405E0
1.743398042E1,-2.019899597E0,2.049687653E0,-2.657573547E0
1.744399342E1,-1.995350647E0,2.534978485E0,-2.828218689E0
1.745400642E1,-2.226619720E0,2.987188110E0,-3.341201935E0
1.746402042E1,-2.211501160E0,3.481759644E0,-3.352428589E0
1.747403342E1,-2.315983887E0,4.013903046E0,-2.954406281E0
1.748404642E1,-2.734962616E0,4.185596008E0,-2.735561371E0
1.749405942E1,-3.374881897E0,3.801943817E0,-2.334844666E0
1.750407242E1,-3.975283356E0,3.503913574E0,-1.688638458E0
1.751408642E1,-3.991898804E0,3.422333221E0,-1.419647827E0
1.752409942E1,-3.791465607E0,3.528312836E0,-8.000862122E-1
1.753411242E1,-3.532354431E0,3.747906189E0,-6.735992432E-2
1.754412542E1,-3.243305511E0,3.981869659E0,3.511697388E-1
1.755413942E1,-2.718047791E0,4.386328583E0,7.270381165E-1
1.756415242E1,-1.667083282E0,5.022655334E0,9.819580078E-1
1.757416542E1,-7.673043823E-1,5.719156952E0,1.086740112E0
1.758417842E1,-4.498146057E-1,6.206992493E0,9.945318604E-1
1.759419142E1,-5.462141418E-1,6.454727325E0,1.175505524E0
1.760420542E1,-7.840695190E-1,6.497538300E0,1.493144989E0
1.761421842E1,-1.105600891E0,6.330934753E0,1.718426514E0
1.762423142E1,-1.761087799E0,6.110143890E0,1.840722198E0
1.763424442E1,-2.239043884E0,5.843997345E0,1.993255005E0
1.764425842E1,-2.237397308E0,5.535937958E0,2.045945435E0
1.765427142E1,-2.097737732E0,5.546266479E0,1.840123444E0
1.766428442E1,-1.636995850E0,5.831872559E0,9.961784363E-1
1.767429742E1,-8.649014282E-1,6.001020813E0,5.583389282E-2
1.768431042E1,-6.885681152E-2,6.702462158E0,-7.059320068E-1
1.769432442E1,1.068777466E-1,7.679031372E0,-1.219813385E0
1.770433742E1,2.406994629E-1,8.197104034E0,-1.020577698E0
1.771435042E1,6.608757019E-1,7.998317413E0,3.092568970E-1
1.772436342E1,5.695655823E-1,7.428302765E0,1.893712006E0
1.773437742E1,4.445755005E-1,6.919061737E0,3.341651001E0
1.774439042E1,6.590794373E-1,6.349645844E0,4.766088867E0
1.775440342E1,7.705975342E-1,5.806575165E0,5.207520905E0
1.776441642E1,8.903485107E-1,5.689668274E0,5.033582611E0
1.777442942E1,1.552421722E0,5.774242401E0,4.862787781E0
1.778444342E1,2.766696625E0,6.324198761E0,4.417912903E0
1.779445642E1,4.547243958E0,7.073989563E0,3.669319611E0
1.780446942E1,6.465504913E0,7.592211914E0,2.890489197E0
1.781448242E1,7.799680481E0,7.582931213E0,2.295775909E0
1.782449642E1,8.717122650E0,7.585775299E0,2.044747925E0
1.783450942E1,8.663384399E0,7.945776672E0,2.286644897E0
1.784452242E1,8.221802673E0,7.668702850E0,3.323538666E0
1.785453521E1,7.876021729E0,6.948101349E0,4.567601624E0
1.786454821E1,7.852370911E0,6.384972382E0,4.924309845E0
1.787456221E1,8.138725433E0,5.719456329E0,4.593048706E0
1.788457521E1,8.466394043E0,5.670807495E0,3.579207001E0
1.789458821E1,8.752898254E0,6.374793549E0,2.026186523E0
1.790460121E1,8.383316803E0,7.575297089E0,9.755213928E-1
1.791461521E1,7.589367828E0,6.997648315E0,1.368005219E0
1.792462821E1,6.608607330E0,5.239105225E0,2.149829407E0
1.793464121E1,5.977369995E0,3.936663666E0,1.479373627E0
1.794465421E1,6.712640991E0,3.056643677E0,5.671705627E-1
1.795466721E1,8.340655518E0,3.093467102E0,8.023315430E-2
1.796468121E1,9.318122864E0,4.007915497E0,-4.707710266E-1
1.797469421E1,8.601113892E0,5.040917358E0,-1.741179199E0
1.798470721E1,7.771389313E0,5.131329346E0,-2.424208832E0
1.799472021E1,7.090605011E0,5.111420746E0,-2.005379791E0
1.800473421E1,6.762187958E0,4.293820953E0,-1.999392242E0
1.801474721E1,6.783294067E0,3.229683838E0,-2.274370422E0
1.802476021E1,7.058571625E0,2.268981628E0,-2.381098480E0
1.803477321E1,7.670499115E0,1.938618622E0,-2.285148010E0
1.804478621E1,7.764653320E0,2.867586823E0,-3.261268158E0
1.805480021E1,7.881260834E0,3.057092743E0,-5.936804352E0
1.806481321E1,7.620503082E0,3.796405334E0,-8.261769562E0
1.807482621E1,7.661517792E0,4.445455627E0,-9.032217407E0
1.808483921E1,8.208630066E0,3.584595795E0,-8.374185791E0
1.809485221E1,7.851921844E0,2.534978485E0,-7.576644287E0
1.810486621E1,8.249195709E0,2.123184814E0,-6.559210052E0
1.811487921E1,9.608968048E0,1.547332306E0,-5.972430267E0
1.812489221E1,1.104882385E1,1.442699890E0,-6.066434784E0
1.813490521E1,1.122096588E1,1.659000092E0,-7.997269592E0
1.814491921E1,1.086964645E1,8.940907288E-1,-1.044453049E1
1.815493221E1,1.041878403E1,5.763015747E-2,-1.166374512E1
1.816494521E1,8.799451447E0,-1.125659180E-1,-1.199276093E1
1.817495821E1,6.035748596E0,9.645941162E-1,-1.148845963E1
1.818497121E1,4.561314697E0,1.391656036E0,-8.724906464E0
1.819498521E1,4.504133606E0,1.095571747E0,-3.900738373E0
1.820499821E1,5.191504211E0,2.104324036E0,-1.449735260E0
1.821501121E1,6.655609589E0,1.760938110E0,-3.482807465E0
1.822502421E1,7.430248718E0,1.039737854E0,-8.267457733E0
1.823503821E1,7.762258301E0,4.707710266E-1,-1.222148529E1
1.824505121E1,8.093220062E0,2.136058044E-1,-1.495480133E1
1.825506421E1,8.106093292E0,1.510359192E-1,-1.712214432E1
1.826507721E1,8.043373718E0,3.567082214E-1,-1.853670273E1
1.827509021E1,7.776927795E0,1.372196503E0,-1.867022507E1
1.828510421E1,8.715476074E0,2.282004547E0,-1.718426514E1
1.829511721E1,9.717492371E0,2.286794586E0,-1.648327286E1
1.830513021E1,1.030816406E1,2.244282990E0,-1.730012421E1
1.831514321E1,1.085437820E1,2.182311859E0,-1.831890564E1
1.832515621E1,1.129206802E1,2.323168945E0,-1.976923965E1
1.833517021E1,1.206071960E1,2.702629852E0,-2.131432663E1
1.834518321E1,1.279284714E1,3.327280884E0,-2.188913132E1
1.835519621E1,1.410382095E1,4.323010254E0,-2.106135269E1
1.836520921E1,1.606698853E1,4.833897858E0,-1.865929779E1
1.837522321E1,1.708412338E1,4.928351440E0,-1.658221710E1
1.838523621E1,1.724294312E1,4.452041931E0,-1.488893829E1
1.839524921E1,1.694251785E1,3.688330078E0,-1.340342743E1
1.840526221E1,1.636636597E1,2.853216705E0,-1.238823853E1
1.841527521E1,1.610994919E1,2.254761200E0,-1.117905304E1
1.842528921E1,1.622535919E1,2.385289764E0,-9.914782104E0
1.843530221E1,1.571072937E1,2.414029999E0,-9.420809326E0
1.844531521E1,1.511706390E1,2.176923065E0,-8.898994446E0
1.845532821E1,1.427371765E1,1.956730957E0,-7.778724060E0
1.846534221E1,1.340148148E1,1.534908142E0,-6.518943787E0
1.847535521E1,1.258253448E1,1.160686340E0,-4.546645203E0
1.848536821E1,1.176777878E1,6.551875305E-1,-2.020049286E0
1.849538121E1,1.120315292E1,5.001100159E-1,-1.422042847E-2
1.850539421E1,1.066412384E1,9.810598755E-1,1.549278259E0
1.851540821E1,9.930050354E0,1.660796356E0,2.037263489E0
1.852542121E1,8.911867676E0,1.985171814E0,1.632205811E0
1.853543421E1,7.956554260E0,2.407743073E0,1.102457428E0
1.854544721E1,7.304959259E0,2.762056274E0,6.580316162E-1
1.855546021E1,7.186106415E0,3.223097534E0,3.439846802E-1
1.856547421E1,6.885232086E0,3.632496185E0,-1.636097717E-1
1.857548721E1,6.175857239E0,3.188369751E0,-1.745370483E-1
1.858550021E1,5.687572632E0,3.282224579E0,6.062393188E-1
1.859551321E1,5.499563599E0,3.459605713E0,7.153623962E-1
1.860552721E1,5.393883362E0,3.949087830E0,2.779719543E-1
1.861554021E1,5.138514404E0,4.459077301E0,3.388952637E-1
1.862555321E1,4.960384827E0,4.964576111E0,8.452922058E-1
1.863556621E1,4.574038239E0,5.423970795E0,1.505419464E0
1.864557921E1,4.386328583E0,5.857768707E0,2.086810455E0
1.865559321E1,3.248245239E0,5.477110291E0,2.239343262E0
1.866560621E1,2.343825989E0,5.559439087E0,2.452949066E0
1.867561921E1,1.861229553E0,5.528902588E0,2.399510193E0
1.868563221E1,1.438059540E0,5.623206482E0,2.614612885E0
1.869564621E1,1.258732452E0,6.313720551E0,2.147733765E0
1.870565921E1,1.045426025E0,6.988966370E0,1.015787659E0
1.871567221E1,7.777825928E-1,7.167545013E0,6.782395935E-1
1.872568521E1,6.653663635E-1,7.513475647E0,1.577719116E0
1.873569821E1,5.795947266E-1,7.567962341E0,2.797682190E0
1.874571221E1,1.519340515E-1,7.589517517E0,3.485501862E0
1.875572521E1,8.816665649E-2,7.784262543E0,3.382665710E0
1.876573821E1,-1.067280579E-1,7.849826202E0,2.633473663E0
1.877575121E1,-4.399351501E-1,8.056995392E0,2.016456757E0
1.878576421E1,-4.219725037E-1,8.070467377E0,1.913919983E0
1.879577821E1,-2.143542480E-1,8.103698273E0,1.852248230E0
1.880579121E1,-3.001258850E-1,8.191116486E0,2.069446564E0
1.881580421E1,1.598675537E-1,8.308472443E0,2.958597565E0
1.882581721E1,3.103047180E-1,8.300988007E0,4.209246826E0
1.883583121E1,-4.799020386E-1,7.919431458E0,5.462740173E0
1.884584421E1,-1.217867432E0,7.559430084E0,6.367458801E0
1.885585708E1,-1.594484253E0,7.454498291E0,6.367907867E0
1.886587008E1,-1.522483978E0,7.598648529E0,6.043083344E0
1.887588308E1,-1.103205872E0,7.871680756E0,5.604794769E0
1.888589708E1,-5.800437927E-1,8.145162048E0,4.813390503E0
1.889591008E1,1.445993042E-1,8.565787354E0,4.312981110E0
1.890592308E1,5.795947266E-1,8.713530121E0,4.302802277E0
1.891593608E1,8.120613098E-1,8.721763000E0,4.296814728E0
1.892595008E1,4.680766296E-1,8.436456299E0,4.651726685E0
1.893596308E1,-1.445993042E-1,7.937094727E0,4.965025177E0
1.894597608E1,-3.781137085E-1,7.852670288E0,5.284311218E0
1.895598908E1,-8.562194824E-2,8.020022278E0,5.973478088E0
1.896600208E1,4.728666687E-1,8.106991425E0,6.616540833E0
1.897601608E1,6.780899048E-1,8.215515747E0,6.818620605E0
1.898602908E1,8.666976929E-1,8.201295319E0,6.496640167E0
1.899604208E1,9.253756714E-1,8.264463959E0,6.178851013E0
1.900605508E1,1.145418091E0,8.487200775E0,5.914201355E0
1.901606808E1,1.108744354E0,8.434809723E0,5.498366089E0
1.902608208E1,6.924600220E-1,8.243058472E0,5.035528564E0
1.903609508E1,3.257226562E-1,8.240513763E0,4.843777313E0
1.904610808E1,6.975494385E-2,8.045319672E0,4.914430389E0
1.905612108E1,2.260299683E-1,8.152796173E0,4.897964630E0
1.906613408E1,6.253994751E-1,8.483608246E0,4.847968597E0
1.907614808E1,7.831713867E-1,8.446036377E0,5.048701172E0
1.908616108E1,7.921527100E-1,8.412955170E0,5.251529388E0
1.909617408E1,8.666976929E-1,8.384963379E0,5.732030182E0
1.910618708E1,7.515870667E-1,8.174351349E0,5.987399139E0
1.911620108E1,3.053649902E-1,7.829318848E0,6.040239258E0
1.912621408E1,1.496887207E-3,7.643704834E0,6.171366577E0
1.913622708E1,2.874023438E-1,7.776179352E0,6.581064606E0
1.914624008E1,5.581892395E-1,7.853269043E0,6.992708588E0
1.915625308E1,7.830216980E-1,8.080197144E0,6.962471466E0
1.916626708E1,9.449848938E-1,8.240663452E0,6.401587830E0
1.917628008E1,7.601193237E-1,8.237070923E0,5.573210449E0
1.918629308E1,6.123765564E-1,8.283923492E0,4.822820892E0
1.919630608E1,8.455915833E-1,8.360863495E0,4.299359436E0
1.920632008E1,1.351539459E0,8.563991089E0,4.394561462E0
1.921633308E1,1.345851288E0,8.418643341E0,4.840783539E0
1.922634608E1,6.767427063E-1,7.996371460E0,5.135221252E0
1.923635908E1,1.600172424E-1,7.903863831E0,5.719156952E0
1.924637208E1,-1.137634277E-2,7.666307831E0,6.338718567E0
1.925638608E1,5.403762817E-2,7.680378571E0,6.660549316E0
1.926639908E1,3.014730835E-1,7.815547485E0,6.707401886E0
1.927641208E1,5.284011841E-1,7.896828461E0,6.411616974E0
1.928642508E1,6.917115784E-1,7.962691498E0,5.896089020E0
1.929643808E1,7.421566772E-1,8.125103760E0,5.384153595E0
1.930645208E1,7.098239136E-1,8.136929169E0,5.121599579E0
1.931646508E1,7.276368713E-1,8.054001617E0,5.178630981E0
1.932647808E1,8.762777710E-1,8.115373993E0,5.776487732E0
1.933649108E1,1.138682098E0,8.151448975E0,6.191424866E0
1.934650408E1,1.102906494E0,8.175099792E0,6.009702759E0
1.935651808E1,8.876541138E-1,8.190966797E0,5.822292480E0
1.936653108E1,6.447093201E-1,8.068072357E0,5.815855865E0
1.937654408E1,4.299060059E-1,7.853418732E0,6.056106262E0
1.938655708E1,2.469863892E-1,7.598947906E0,6.229894867E0
1.939657108E1,3.502716064E-2,7.453600159E0,6.277495880E0
1.940658408E1,9.879455566E-3,7.472011871E0,6.130950623E0
1.941659708E1,4.348457336E-1,7.628735962E0,5.992937622E0
1.942661008E1,7.421566772E-1,7.824079742E0,5.949527893E0
1.943662308E1,7.893086243E-1,7.911647644E0,5.694907379E0
1.944663708E1,6.529421997E-1,7.916138306E0,5.634433136E0
1.945665008E1,3.664379883E-1,7.737409973E0,5.532495117E0
1.946666308E1,-3.203338623E-2,7.606432343E0,5.392087097E0
1.947667608E1,-2.213896179E-1,7.513924713E0,5.369484100E0
1.948668908E1,-1.010398865E-1,7.490124207E0,5.307812347E0
1.949670308E1,1.508862305E-1,7.568112030E0,5.424719238E0
1.950671608E1,3.646417236E-1,7.701484680E0,5.599855042E0
1.951672908E1,5.658233643E-1,7.810458069E0,5.654790802E0
1.952674208E1,5.022056580E-1,7.790250092E0,5.711971893E0
1.953675608E1,3.291654968E-1,7.777526550E0,5.646258545E0
1.954676908E1,2.401007080E-1,7.801476746E0,5.504952393E0
1.955678208E1,4.013154602E-1,7.918533325E0,5.379962311E0
1.956679508E1,8.324189758E-1,8.075407104E0,5.352419586E0
1.957680808E1,1.113384705E0,8.144712982E0,5.507497101E0
1.958682208E1,9.412426758E-1,8.058791656E0,5.578150177E0
1.959683508E1,7.183561707E-1,7.952213287E0,5.744604034E0
1.960684808E1,5.721102905E-1,7.811805267E0,5.932014313E0
1.961686108E1,3.893403625E-1,7.671996002E0,6.117478638E0
1.962687408E1,3.297642517E-1,7.587272186E0,6.275849304E0
1.963688808E1,3.583547974E-1,7.646848297E0,6.152056732E0
1.964690108E1,4.170327759E-1,7.713609467E0,5.621410217E0
1.965691408E1,5.770500183E-1,7.831115112E0,5.454656982E0
1.966692708E1,8.952882385E-1,7.913743286E0,5.706882477E0
1.967694108E1,1.229543152E0,8.023465118E0,5.815706177E0
1.968695408E1,1.292262726E0,8.104895782E0,5.722150726E0
1.969696708E1,1.174757080E0,8.118218079E0,5.544170837E0
1.970698008E1,8.758287048E-1,8.050558777E0,5.381758575E0
1.971699308E1,5.948629761E-1,7.904911652E0,5.425916748E0
1.972700708E1,4.396357727E-1,7.803123322E0,5.464087372E0
1.973702008E1,5.053491211E-1,7.780220947E0,5.432203674E0
1.974703308E1,6.764433289E-1,7.843838654E0,5.548062744E0
1.975704608E1,8.635542297E-1,7.907755737E0,5.624703369E0
1.976705908E1,9.313632202E-1,7.914042664E0,5.649851074E0
1.977707308E1,9.098080444E-1,7.928113403E0,5.751190338E0
1.978708608E1,8.792715454E-1,7.900121613E0,5.811065826E0
1.979709908E1,8.539741516E-1,7.908354492E0,5.793552246E0
1.980711208E1,8.261320496E-1,7.896529083E0,5.786965942E0
1.981712608E1,7.514373779E-1,7.840096436E0,5.872887268E0
1.982713908E1,7.872129822E-1,7.814799042E0,6.052214355E0
1.983715208E1,9.012757874E-1,7.828720093E0,5.961802368E0
1.984716508E1,9.798623657E-1,7.915389862E0,5.784720612E0
1.985717804E1,1.206940155E0,8.063581696E0,4.670288086E0
1.986719204E1,1.632205811E0,8.801247711E0,1.302740936E0
1.987720504E1,1.669328613E0,8.525072021E0,5.463787994E0
1.988721804E1,1.331630859E0,7.817792816E0,5.583389282E0
1.989723104E1,9.451345825E-1,7.912545776E0,6.586453400E0
1.990724404E1,1.106648712E0,7.791148224E0,7.347620544E0
1.991725804E1,9.963281250E-1,7.704328766E0,6.879094849E0
1.992727104E1,8.096662903E-1,7.862549744E0,6.281537476E0