"Time (s)","X (m/s^2)","Y (m/s^2)","Z (m/s^2)"
7.485875001E-3,1.391057281E0,6.043532410E0,7.445966034E0
1.749987500E-2,1.510658569E0,5.985004120E0,7.384593658E0
2.751387500E-2,1.577120361E0,5.978866882E0,7.135811005E0
3.752787500E-2,1.515897675E0,5.997428284E0,6.941964111E0
4.754187500E-2,1.328038330E0,5.953868866E0,6.631210327E0
5.755587500E-2,1.068328400E0,6.064638519E0,6.132746887E0
6.756987500E-2,7.488926697E-1,5.985752563E0,5.903573456E0
7.758387500E-2,5.646258545E-1,5.880072327E0,6.031707001E0
8.759787500E-2,4.373904419E-1,5.781427460E0,6.254892883E0
9.761187500E-2,2.146536255E-1,5.569019165E0,6.439908142E0
1.076258750E-1,2.080673218E-2,5.377267914E0,6.571035461E0
1.176398750E-1,-2.514770508E-2,5.222340088E0,6.565197601E0
1.276538750E-1,-6.616241455E-2,5.160368958E0,6.370901642E0
1.376678750E-1,-1.511856079E-1,5.112618256E0,6.192472687E0
1.476818750E-1,-1.962419128E-1,5.097350006E0,6.057603149E0
1.576948750E-1,-2.989283752E-1,5.018613739E0,6.055058441E0
1.677088750E-1,-5.697152710E-1,4.856051788E0,5.912704468E0
1.777228750E-1,-6.324348450E-1,4.804409180E0,5.743107147E0
1.877368750E-1,-5.647755432E-1,4.829257507E0,5.730682983E0
1.977508750E-1,-7.048841858E-1,4.802463226E0,5.559738464E0
2.077648750E-1,-1.128503265E0,4.755311279E0,5.067262573E0
2.177788750E-1,-1.654359741E0,4.520000610E0,4.533322906E0
2.277928750E-1,-2.016756134E0,4.102219391E0,4.072281647E0
2.378068750E-1,-2.058668976E0,3.779490509E0,4.082310791E0
2.478208750E-1,-1.962868195E0,3.460354156E0,4.390519867E0
2.578348750E-1,-2.034120026E0,3.016527100E0,4.562512207E0
2.678488750E-1,-2.165846100E0,2.576142883E0,4.637805634E0
2.778628750E-1,-2.422262878E0,2.041754150E0,4.630470886E0
2.878768750E-1,-2.393822021E0,1.769769745E0,4.340374146E0
2.978908750E-1,-1.870210876E0,1.476828918E0,3.921545105E0
3.079048750E-1,-9.963281250E-1,1.263672180E0,3.610042877E0
3.179188750E-1,-5.653742981E-1,1.280587006E0,3.010389862E0
3.279318750E-1,-6.878196716E-1,1.141077118E0,2.318229218E0
3.379458750E-1,-7.795788574E-1,6.658154297E-1,1.982327728E0
3.479598750E-1,-3.484753418E-1,1.830693054E-1,2.475851440E0
3.579738750E-1,2.760260010E-1,-1.465452576E-1,3.819457397E0
3.679878750E-1,9.364526367E-1,-4.405339050E-1,5.281167755E0
3.780018750E-1,1.701511688E0,-7.349716187E-1,6.293811951E0
3.880158750E-1,2.383343811E0,-1.028810577E0,6.675518188E0
3.980298750E-1,3.778292999E0,-1.134191437E0,6.774761810E0
4.080438750E-1,5.381908264E0,-1.198407898E0,7.044351196E0
4.180578750E-1,6.698869629E0,-1.250948639E0,7.695347443E0
4.280718750E-1,7.699987793E0,-1.065035248E0,8.267607422E0
4.380858750E-1,9.200317841E0,-7.858657837E-1,7.782466278E0
4.480998750E-1,1.059661423E1,9.864486694E-2,7.384294281E0
4.581138750E-1,1.164278870E1,6.195616150E-1,7.705077209E0
4.681278750E-1,1.257190659E1,5.774990845E-1,8.228688354E0
4.781418750E-1,1.359532837E1,5.059478760E-1,8.753796387E0
4.881558750E-1,1.542916489E1,4.650828552E-1,8.852890320E0
4.981698750E-1,1.853161331E1,9.641450500E-1,8.566386108E0
5.081838750E-1,2.320953552E1,2.649190979E0,8.408464508E0
5.181978750E-1,2.755559784E1,4.379293213E0,8.751700745E0
5.282108750E-1,3.074277008E1,5.521118774E0,9.658664703E0
5.382248750E-1,3.208712448E1,6.047124939E0,1.115704880E1
5.482388750E-1,3.177128128E1,5.806425476E0,1.315210007E1
5.582528750E-1,3.136382858E1,5.158872070E0,1.463985626E1
5.682668750E-1,3.152130112E1,4.865482178E0,1.532408340E1
5.782808750E-1,3.186528580E1,4.979844360E0,1.565908676E1
5.882948750E-1,3.201617203E1,4.814887390E0,1.582194809E1
5.983088750E-1,3.196707413E1,4.284989319E0,1.578287933E1
6.083228750E-1,3.260040710E1,4.104165344E0,1.495569946E1
6.183368750E-1,3.416794739E1,4.423002319E0,1.273431885E1
6.283508750E-1,3.514496567E1,4.584366760E0,1.013796799E1
6.383648750E-1,3.519136917E1,3.917054443E0,8.569230194E0
6.483788750E-1,3.465293884E1,2.806214447E0,8.235274658E0
6.583928750E-1,3.349345001E1,1.354982300E0,8.719966736E0
6.684068750E-1,3.189956451E1,-4.799020386E-1,9.447753296E0
6.784208750E-1,2.961770966E1,-2.550246735E0,9.924212494E0
6.884352500E-1,2.708138397E1,-4.452341309E0,9.967173157E0
6.984492500E-1,2.468831039E1,-6.290518799E0,1.006012985E1
7.084632500E-1,2.221425522E1,-8.018824768E0,1.056562866E1
7.184772500E-1,2.014480865E1,-9.291627960E0,1.140298737E1
7.284912500E-1,1.823133774E1,-1.027343628E1,1.192749664E1
7.385052500E-1,1.574740311E1,-1.107921066E1,1.124117386E1
7.485192500E-1,1.291484344E1,-1.212583420E1,9.201515350E0
7.585332500E-1,1.029050079E1,-1.306902283E1,7.043902130E0
7.685472500E-1,8.444689178E0,-1.357287506E1,6.020779724E0
7.785612500E-1,7.334597626E0,-1.406490189E1,5.342390442E0
7.885752500E-1,6.415808258E0,-1.429662003E1,5.039420471E0
7.985882500E-1,5.284460907E0,-1.414767975E1,5.320386200E0
8.086022500E-1,4.206402740E0,-1.369771545E1,5.779631195E0
8.186162500E-1,3.038980408E0,-1.341195969E1,6.675967255E0
8.286302500E-1,1.521585846E0,-1.331945206E1,7.457791443E0
8.386442500E-1,-1.829196167E-1,-1.295046936E1,7.919431458E0
8.486582500E-1,-2.300266571E0,-1.296468979E1,9.068292389E0
8.586722500E-1,-4.201463013E0,-1.324670334E1,9.914482727E0
8.686862500E-1,-6.214776306E0,-1.300166290E1,9.813293152E0
8.787002500E-1,-8.845555573E0,-1.312515610E1,8.354277191E0
8.887142500E-1,-1.166374512E1,-1.344474152E1,6.708898773E0
8.987282500E-1,-1.418689819E1,-1.357676697E1,5.746100922E0
9.087422500E-1,-1.593690903E1,-1.359053833E1,5.600753174E0
9.187562500E-1,-1.655467438E1,-1.294657745E1,6.514004059E0
9.287702500E-1,-1.675525726E1,-1.225651245E1,7.199578400E0
9.387842500E-1,-1.663146469E1,-1.137783966E1,7.543563080E0
9.487982500E-1,-1.619048172E1,-1.042581940E1,7.240144043E0
9.588122500E-1,-1.533965103E1,-9.525292053E0,6.233487396E0
9.688262500E-1,-1.356284592E1,-8.380472717E0,5.287155304E0
9.788402500E-1,-1.139011414E1,-7.099137268E0,3.087778931E0
9.888542500E-1,-9.261839905E0,-5.989943848E0,3.311114502E-1
9.988682500E-1,-7.566166077E0,-4.993466034E0,-4.975653076E-1
1.008882250E0,-6.535858612E0,-4.321363678E0,6.424639893E-1
1.018896250E0,-6.458768921E0,-4.459077301E0,2.222877502E0
1.028910250E0,-6.318360901E0,-4.959337006E0,3.330424347E0
1.038924250E0,-4.079167328E0,-4.803960114E0,3.736978912E0
1.048938250E0,-6.441105652E-1,-4.388124847E0,3.582799530E0
1.058952250E0,3.601360931E0,-3.667972412E0,2.023941193E0
1.068966250E0,8.014184418E0,-2.255210266E0,-8.502319336E-2
1.078980250E0,1.169862259E1,-6.339317322E-1,-1.750609589E0
1.088994250E0,1.530627045E1,9.602531433E-1,-3.172951813E0
1.099008250E0,1.861244522E1,1.854194183E0,-4.288881226E0
1.109022250E0,2.073862381E1,2.221230927E0,-3.613336029E0
1.119036250E0,2.296090256E1,2.641556854E0,-1.394949188E0
1.129050250E0,2.622321854E1,3.470083923E0,4.171824646E-1
1.139064250E0,2.877526154E1,4.821024628E0,2.354753265E0
1.149078250E0,3.026765808E1,5.737568665E0,3.726351013E0
1.159092250E0,3.149854843E1,6.097719727E0,2.842439117E0
1.169106250E0,3.290906525E1,6.722969513E0,1.219813385E0
1.179120250E0,3.398562653E1,7.524851990E0,-2.442919922E-1
1.189134250E0,3.291505280E1,7.669002228E0,-1.478475494E0
1.199147250E0,3.000016434E1,7.153174896E0,-6.999444580E-1
1.209161250E0,2.827545090E1,6.104755096E0,1.204994202E0
1.219175250E0,2.870311157E1,5.872587891E0,3.018023987E0
1.229189250E0,2.914888458E1,6.616391144E0,2.978206787E0
1.239203250E0,2.849878647E1,7.020999756E0,5.695655823E-1
1.249217250E0,2.748240005E1,7.120393066E0,-2.076781311E0
1.259231250E0,2.555994781E1,6.818919983E0,-3.919748840E0
1.269245250E0,2.327479980E1,5.637277222E0,-4.820874939E0
1.279259250E0,2.096076187E1,4.149521027E0,-5.299429779E0
1.289273250E0,1.821876389E1,2.758912811E0,-5.539829865E0
1.299287250E0,1.650827087E1,1.657652893E0,-5.070406036E0
1.309301250E0,1.572345291E1,1.007105713E0,-4.436773682E0
1.319315250E0,1.504910522E1,8.369096375E-1,-4.972210236E0
1.329329250E0,1.402343811E1,5.375321960E-1,-6.559210052E0
1.339343250E0,1.222492813E1,-1.441502380E-1,-7.919281769E0
1.349357250E0,1.018526962E1,-6.538403320E-1,-8.461005249E0
1.359371250E0,8.529412994E0,-1.076561279E0,-8.783434753E0
1.369385250E0,7.619455261E0,-1.399439850E0,-9.744136963E0
1.379399250E0,7.590116272E0,-1.351090393E0,-1.126991409E1
1.389413250E0,7.724985809E0,-1.277892609E0,-1.227297821E1
1.399427250E0,7.471712494E0,-1.350341949E0,-1.206401276E1
1.409441250E0,6.950646057E0,-1.598525848E0,-1.096874039E1
1.419455250E0,6.211183777E0,-1.766326904E0,-9.252708893E0
1.429469250E0,5.321284332E0,-2.119891663E0,-7.621850281E0
1.439483250E0,4.236939240E0,-2.908900909E0,-6.706653442E0
1.449497250E0,3.541635132E0,-3.084186401E0,-5.848338318E0
1.459511250E0,3.158132629E0,-3.096161499E0,-4.961432648E0
1.469525250E0,2.870281219E0,-3.101250916E0,-3.825444946E0
1.479539250E0,2.732866974E0,-3.085683289E0,-2.319576416E0
1.489553250E0,2.171384583E0,-3.088078308E0,-5.939648438E-1
1.499567250E0,1.779948578E0,-2.813249817E0,8.940907288E-1
1.509581250E0,1.844314728E0,-2.503543854E0,1.828747101E0
1.519595250E0,2.251767426E0,-1.943258972E0,2.639311523E0
1.529609250E0,2.791095886E0,-1.215023346E0,3.010389862E0
1.539623250E0,3.500021667E0,-8.740324402E-1,3.249742126E0
1.549637250E0,4.336931305E0,-7.824229431E-1,4.441713409E0
1.559651250E0,4.912484436E0,-9.159452820E-1,6.102659454E0
1.569665250E0,5.747597809E0,-8.232879639E-1,7.870183868E0
1.579679250E0,6.612798615E0,-8.994795227E-1,9.861343231E0
1.589693250E0,7.102280731E0,-1.034498749E0,1.255065079E1
1.599707250E0,7.963589630E0,-5.640270996E-1,1.591325821E1
1.609721250E0,8.738977203E0,4.460723877E-1,1.918216049E1
1.619735250E0,8.695118408E0,9.449848938E-1,2.091959747E1
1.629749250E0,7.721692657E0,9.490264893E-1,2.075179642E1
1.639763250E0,6.291865997E0,7.210505676E-1,1.886616760E1
1.649777250E0,5.853128357E0,5.221142578E-1,1.702784042E1
1.659791250E0,6.989714813E0,1.193318481E0,1.595621887E1
1.669805250E0,8.518934784E0,1.737736359E0,1.548799255E1
1.679819250E0,9.296567688E0,1.748663635E0,1.572614731E1
1.689833250E0,9.496402130E0,1.698966980E0,1.620664810E1
1.699847250E0,9.833950195E0,1.500629425E0,1.621607849E1
1.709861250E0,1.071846085E1,1.576820984E0,1.566552338E1
1.719875250E0,1.188169189E1,1.889820099E0,1.517649033E1
1.729889250E0,1.189531357E1,1.387464752E0,1.377345795E1
1.739903250E0,1.128203888E1,5.484594727E-1,1.209080704E1
1.749917250E0,1.109687393E1,-3.682342529E-2,1.087548431E1
1.759931250E0,1.071097641E1,-4.927752686E-1,1.012943573E1
1.769945250E0,1.073073532E1,-5.950126648E-1,9.339528351E0
1.779959250E0,1.163710052E1,-3.245251465E-1,7.457342377E0
1.789973250E0,1.279269745E1,1.146615601E-1,5.256319427E0
1.799987250E0,1.349443817E1,3.553610229E-1,3.617976379E0
1.810001250E0,1.336256241E1,4.939727783E-2,2.698887634E0
1.820015250E0,1.301468582E1,-5.162763977E-1,1.875000916E0
1.830029250E0,1.343486206E1,-2.420466614E-1,7.185058594E-3
1.840043250E0,1.469194794E1,5.794450378E-1,-2.969225464E0
1.850057250E0,1.621877289E1,1.402583313E0,-5.791456604E0
1.860071250E0,1.712423996E1,1.870510254E0,-7.103478241E0
1.870085250E0,1.769934402E1,2.244133301E0,-7.596253510E0
1.880099250E0,1.778092438E1,2.610122223E0,-7.866291962E0
1.890113250E0,1.712274307E1,2.966231689E0,-7.868836670E0
1.900127250E0,1.621742569E1,3.147654419E0,-8.460705872E0
1.910141250E0,1.499207382E1,3.321293335E0,-9.585466919E0
1.920155250E0,1.376956604E1,3.187770996E0,-1.057850189E1
1.930169250E0,1.286814056E1,3.002156982E0,-1.077189972E1
1.940183250E0,1.208437042E1,2.887645111E0,-1.021041733E1
1.950197250E0,1.098355957E1,2.600392456E0,-9.492809601E0
1.960212250E0,9.829160156E0,2.449506226E0,-8.793463898E0
1.970225250E0,9.019194489E0,2.224524078E0,-8.101602631E0
1.980239250E0,8.025111694E0,1.835333405E0,-7.234306183E0
1.990254250E0,6.514153748E0,1.595681763E0,-6.765930176E0
2.000268250E0,5.517526245E0,1.454375610E0,-6.444548492E0
2.010282250E0,4.886588287E0,1.082249451E0,-5.555397491E0
2.020296250E0,4.231849823E0,6.876699829E-1,-4.546794891E0
2.030310250E0,3.752396851E0,3.186872864E-1,-3.629203033E0
2.040324250E0,3.494483185E0,1.486408997E-1,-2.565964050E0
2.050338250E0,3.187920685E0,-4.236190796E-2,-7.223977661E-1
2.060352250E0,2.557581482E0,-9.948312378E-1,2.281256104E-1
2.070366250E0,1.549427948E0,-1.788630524E0,-1.206491089E-1
2.080380250E0,1.583706665E-1,-2.695295105E0,-7.390132141E-1
2.090394250E0,-7.325765991E-1,-3.374881897E0,-1.688937836E0
2.100408250E0,-6.688092041E-1,-3.374881897E0,-2.451003113E0
2.110422250E0,-1.510359192E-1,-3.144211578E0,-2.392025757E0
2.120436250E0,3.682342529E-1,-3.062182159E0,-1.976340179E0
2.130450250E0,5.849835205E-1,-3.106789398E0,-1.356928253E0
2.140464250E0,4.231700134E-1,-3.467838593E0,-3.978726196E-1
2.150478250E0,-1.167572021E-1,-4.137246552E0,5.285508728E-1
2.160492250E0,-7.086264038E-1,-4.811145172E0,1.492097168E0
2.170506250E0,-1.176253967E0,-5.356910248E0,2.521506500E0
2.180520250E0,-8.731343079E-1,-6.248156891E0,3.535497894E0
2.190534250E0,-4.899311829E-1,-7.185807037E0,4.485422516E0
2.200548250E0,1.239422607E-1,-7.893984375E0,4.481680298E0
2.210562250E0,1.844913483E0,-7.988737335E0,3.625760193E0
2.220576250E0,4.670886841E0,-7.572902069E0,2.974464569E0
2.230590250E0,7.957751770E0,-6.609505463E0,2.249522095E0
2.240604250E0,1.039064255E1,-5.698350220E0,1.477427673E0
2.250618250E0,1.244691650E1,-5.028343506E0,6.888674927E-1
2.260632250E0,1.381701736E1,-5.134323120E0,2.868035889E-1
2.270646250E0,1.478235992E1,-5.780978394E0,2.894979858E-1
2.280660250E0,1.616593277E1,-6.236930237E0,5.953120422E-1
2.290674250E0,1.803913742E1,-6.051016846E0,1.520088959E0
2.300688250E0,1.951132599E1,-5.493276672E0,2.174528046E0
2.310702250E0,1.986504044E1,-5.376968536E0,1.718875580E0
2.320716250E0,2.016217255E1,-5.216352539E0,8.669970703E-1
2.330730250E0,2.093860794E1,-4.954846344E0,-5.688171387E-3
2.340744250E0,2.149844376E1,-4.842430115E0,-1.923500061E-1
2.350758250E0,2.208327759E1,-4.827910309E0,7.631130981E-1
2.360772250E0,2.331356918E1,-4.775668945E0,2.090402985E0
2.370786250E0,2.473471390E1,-4.293671265E0,2.497107239E0
2.380801250E0,2.585782837E1,-3.591780853E0,1.939965820E0
2.390815250E0,2.687616074E1,-2.852617950E0,6.780899048E-1
2.400829250E0,2.759316971E1,-2.050885162E0,-6.307882690E-1
2.410843250E0,2.803160797E1,-1.396146698E0,-1.037043457E0
2.420857250E0,2.825584167E1,-1.320703583E0,-1.317410431E0
2.430871250E0,2.782488785E1,-1.497785339E0,-1.545985107E0
2.440885250E0,2.701582031E1,-1.897304535E0,-1.393302612E0
2.450899250E0,2.638278671E1,-2.353106689E0,-1.114133148E0
2.460913250E0,2.545531540E1,-2.434088287E0,-1.315763855E0
2.470927250E0,2.461286728E1,-2.334245911E0,-2.018402710E0
2.480941250E0,2.396980453E1,-2.191891937E0,-3.043920135E0
2.490955250E0,2.309023361E1,-2.408341827E0,-3.577111359E0
2.500969250E0,2.198762650E1,-2.894979858E0,-3.717369690E0
2.510983250E0,2.078861984E1,-3.374133453E0,-3.806733856E0
2.520997250E0,1.956940521E1,-3.913162537E0,-3.704047394E0
2.531011250E0,1.820559128E1,-4.518653412E0,-3.510200500E0
2.541025250E0,1.662652496E1,-5.111570435E0,-3.218008118E0
2.551039250E0,1.513352966E1,-5.386099548E0,-3.024759979E0
2.561053250E0,1.387689285E1,-5.498665466E0,-3.012186127E0
2.571067250E0,1.272758286E1,-5.643414459E0,-3.237317963E0
2.581081250E0,1.160027710E1,-5.783972168E0,-3.217708740E0
2.591095250E0,1.050919601E1,-5.874084778E0,-3.024460602E0
2.601109250E0,9.308243408E0,-5.968837738E0,-2.778222656E0
2.611123250E0,8.007897491E0,-6.047124939E0,-2.455643463E0
2.621137250E0,6.829697571E0,-5.974525909E0,-2.318079529E0
2.631151250E0,5.828579407E0,-5.940995636E0,-2.283950500E0
2.641166250E0,4.812492371E0,-5.849236450E0,-2.160756683E0
2.651180250E0,3.730991364E0,-5.626050568E0,-1.600920868E0
2.661194250E0,2.537523193E0,-5.558391266E0,-8.605604553E-1
2.671208250E0,1.019829254E0,-5.555547180E0,-6.209088135E-1
2.681222250E0,-5.535488892E-1,-5.383255463E0,-6.466552734E-1
2.691236250E0,-1.699715424E0,-5.244643707E0,-6.015989685E-1
2.701250250E0,-2.319426727E0,-5.051694946E0,-5.667214966E-1
2.711264250E0,-2.695893860E0,-4.754862213E0,-3.767665100E-1
2.721278250E0,-2.893482971E0,-4.383035431E0,-7.110214233E-2
2.731292250E0,-2.885250092E0,-4.069437561E0,3.267704773E-1
2.741306250E0,-2.676883392E0,-3.889511719E0,8.271798706E-1
2.751320250E0,-2.269281006E0,-3.779640198E0,1.403780823E0
2.761334250E0,-2.039957886E0,-3.698808289E0,2.195484467E0
2.771348250E0,-2.187550964E0,-3.909270630E0,2.486329651E0
2.781362250E0,-2.432890778E0,-4.131109314E0,2.230960693E0
2.791376250E0,-2.325264587E0,-4.170477448E0,2.365231476E0
2.801390250E0,-1.705403595E0,-4.195625153E0,2.604434052E0
2.811404250E0,-8.430468750E-1,-3.881727905E0,2.914140015E0
2.821418250E0,-3.472778320E-1,-3.594774628E0,3.503314819E0
2.831432250E0,3.861968994E-1,-3.354823608E0,4.016148376E0
2.841446250E0,1.505569153E0,-3.442391510E0,4.660408630E0
2.851461250E0,2.466570740E0,-3.677702179E0,5.908363495E0
2.861475250E0,2.966381378E0,-4.300856323E0,7.939340057E0
2.871489250E0,3.175646210E0,-5.257067871E0,9.839937744E0
2.881503250E0,3.713328094E0,-5.870941315E0,1.113654144E1
2.891517250E0,5.285808105E0,-6.142027588E0,1.230396378E1
2.901531250E0,7.880961456E0,-5.917644196E0,1.351494553E1
2.911545250E0,1.022463776E1,-5.330864410E0,1.385743332E1
2.921559250E0,1.169996979E1,-4.730013885E0,1.269075943E1
2.931573250E0,1.198856964E1,-4.758903809E0,1.051877609E1
2.941587250E0,1.162781982E1,-5.465883636E0,7.436835022E0
2.951601250E0,1.102786743E1,-6.044879608E0,4.529431000E0
2.961615250E0,1.058778259E1,-6.260730743E0,2.476599884E0
2.971629250E0,1.137619308E1,-5.737418976E0,4.062551880E-1
2.981643250E0,1.300899765E1,-4.690945129E0,-2.110311584E0
2.991657250E0,1.470212677E1,-3.292104034E0,-4.672832794E0
3.001671250E0,1.617775818E1,-1.935175781E0,-6.705156555E0
3.011685250E0,1.715806961E1,-1.284329224E0,-7.635172577E0
3.021699250E0,1.732093094E1,-1.248553619E0,-7.641459503E0
3.031713250E0,1.750115616E1,-1.802850952E0,-7.018455048E0
3.041728250E0,1.826067673E1,-1.837728424E0,-8.607101440E0
3.051742250E0,1.879476608E1,-1.212029572E0,-1.230022156E1
3.061756250E0,1.836950043E1,-9.021739197E-1,-1.513308060E1
3.071770250E0,1.721764572E1,-5.291496277E-1,-1.629646133E1
3.081784250E0,1.631981277E1,-5.637277222E-1,-1.605591156E1
3.091798250E0,1.535312302E1,-6.369255066E-1,-1.436891968E1
3.101812250E0,1.539787994E1,-7.515870667E-1,-1.206730591E1
3.111826250E0,1.543634995E1,-9.479786682E-1,-1.057670563E1
3.121840250E0,1.529234940E1,-1.196162567E0,-9.746981049E0
3.131854250E0,1.519669830E1,-1.132993927E0,-9.680219879E0
3.141868250E0,1.513442780E1,-1.164727936E0,-1.016057098E1
3.151882250E0,1.536330185E1,-1.181792450E0,-1.049587372E1
3.161896250E0,1.630649048E1,-7.502398682E-1,-1.096065720E1
3.171910250E0,1.741733047E1,-3.264710999E-1,-1.181762512E1
3.181924250E0,1.816068466E1,-2.463876343E-1,-1.217433334E1
3.191938250E0,1.827474747E1,-1.188528442E-1,-1.217448303E1
3.201953250E0,1.815080521E1,-7.005432129E-2,-1.176149185E1
3.211967250E0,1.784813461E1,-1.209484863E-1,-1.086276077E1
3.221981250E0,1.747526001E1,-4.580474854E-2,-1.019889130E1
3.231995250E0,1.716196152E1,-2.478845215E-1,-9.280850372E0
3.242009250E0,1.691033478E1,-4.745132446E-1,-8.078101501E0
3.252023250E0,1.665466644E1,-7.406597900E-1,-7.197482758E0
3.262037250E0,1.638253235E1,-1.082997894E0,-6.627019043E0
3.272051250E0,1.592238922E1,-1.444496155E0,-6.174060974E0
3.282065250E0,1.529175064E1,-1.775308228E0,-5.740712128E0
3.292079250E0,1.461291229E1,-2.051633606E0,-5.213957520E0
3.302093250E0,1.387898849E1,-2.337838440E0,-4.551285553E0
3.312107250E0,1.319655762E1,-2.681823120E0,-3.902384949E0
3.322121250E0,1.272443939E1,-2.982847137E0,-2.958747253E0
3.332135250E0,1.196237411E1,-3.446732483E0,-1.475781097E0
3.342149250E0,1.073672287E1,-3.984414368E0,-2.767744446E-1
3.352164250E0,9.276359711E0,-4.491859131E0,8.882528687E-1
3.362178250E0,8.056097260E0,-4.863236847E0,2.122136993E0
3.372192250E0,7.354356537E0,-4.870421906E0,3.273243256E0
3.382206250E0,7.007827148E0,-4.581223297E0,4.642296295E0
3.392220250E0,6.577023010E0,-4.406536560E0,5.632487183E0
3.402234250E0,5.881718903E0,-4.362977142E0,5.959107971E0
3.412248250E0,5.183720398E0,-4.178860016E0,6.030359802E0
3.422262250E0,5.053790588E0,-3.850742340E0,6.236032104E0
3.432276250E0,5.386249237E0,-3.363954620E0,6.554270325E0
3.442290250E0,5.989045715E0,-2.875071259E0,6.877298584E0
3.452304250E0,6.181545410E0,-2.667902069E0,7.180717621E0
3.462318250E0,5.486091614E0,-2.821183319E0,7.010820923E0
3.472332250E0,4.645888824E0,-3.119213562E0,7.010072479E0
3.482346250E0,4.484225006E0,-2.993325348E0,7.507039032E0
3.492361250E0,5.032534790E0,-2.640359344E0,8.072862396E0
3.502375250E0,5.672753448E0,-2.239193573E0,8.797804871E0
3.512389250E0,6.365363159E0,-1.808539124E0,9.478439484E0
3.522403250E0,6.781198425E0,-1.896406403E0,9.560768280E0
3.532417250E0,6.822213135E0,-2.093845825E0,9.403445435E0
3.542431250E0,7.613467712E0,-1.999392242E0,9.074279938E0
3.552445250E0,9.361532593E0,-1.922152863E0,9.063502350E0
3.562459250E0,1.107097778E1,-1.392105103E0,1.015922379E1
3.572473250E0,1.319506073E1,-6.439608765E-1,1.171927963E1
3.582487250E0,1.459973969E1,-7.277865601E-1,1.207673630E1
3.592501250E0,1.462758179E1,-1.481169891E0,1.100586319E1
3.602515250E0,1.415950516E1,-1.715881805E0,8.948242035E0
3.612529250E0,1.356793533E1,-1.922152863E0,6.792275391E0
3.622543250E0,1.256771530E1,-2.305655365E0,5.046904907E0
3.632558250E0,1.079734680E1,-2.340832214E0,3.477119293E0
3.642572250E0,8.983718262E0,-2.647095337E0,2.164947968E0
3.652586250E0,8.150999908E0,-2.639461212E0,1.304986267E0
3.662600250E0,8.906478882E0,-1.832339630E0,-5.501060486E-1
3.672614250E0,1.051129166E1,-7.611671448E-1,-3.259022827E0
3.682628250E0,1.132949020E1,-5.022056580E-1,-5.914351044E0
3.692642542E0,1.104867416E1,-6.505471802E-1,-8.087831268E0
3.702656542E0,1.031624725E1,-8.864566040E-1,-9.608069916E0
3.712670542E0,9.631421356E0,-9.165440369E-1,-1.053000275E1
3.722684542E0,9.439670105E0,-9.903405762E-1,-1.077534256E1
3.732698542E0,9.306297455E0,-7.587721252E-1,-1.108729385E1
3.742712542E0,8.707692261E0,-8.072712708E-1,-1.159758270E1
3.752727542E0,7.544760590E0,-9.592053223E-1,-1.190204956E1
3.762741542E0,6.590494995E0,-9.336085510E-1,-1.226983475E1
3.772755542E0,6.258335724E0,-7.286846924E-1,-1.292966263E1
3.782769542E0,6.183042297E0,-5.599855042E-1,-1.372555756E1
3.792783542E0,6.120173035E0,-3.742218018E-1,-1.430545166E1
3.802797542E0,6.479276276E0,4.191284180E-3,-1.481948273E1
3.812811542E0,7.127578125E0,9.400451660E-2,-1.475032654E1
3.822825542E0,7.538623352E0,2.046244812E-1,-1.441921509E1
3.832839542E0,8.047415314E0,3.079096985E-1,-1.453312820E1
3.842853542E0,8.603658600E0,2.971321106E-1,-1.449450851E1
3.852867542E0,8.842262421E0,1.579216003E-1,-1.417567154E1
3.862881542E0,8.743767242E0,-2.252815247E-1,-1.333876190E1
3.872896542E0,8.710835724E0,-4.833448792E-1,-1.201925583E1
3.882910542E0,8.784931641E0,-5.233117676E-1,-1.057715469E1
3.892924542E0,8.701255646E0,-3.588038635E-1,-9.554631042E0
3.902938542E0,8.425529022E0,-1.094224548E-1,-9.195827179E0
3.912952542E0,7.880213013E0,9.415420532E-2,-9.019493866E0
3.922966542E0,7.475454712E0,1.523831177E-1,-9.046288147E0
3.932980542E0,7.500003662E0,-2.978805542E-2,-8.932225342E0
3.942994542E0,7.857610016E0,-2.348616028E-1,-8.520431671E0
3.953008542E0,8.326734467E0,-4.644841003E-1,-7.776778107E0
3.963022542E0,8.971144409E0,-7.393125916E-1,-6.774013367E0
3.973036542E0,9.367071075E0,-6.830296326E-1,-5.530998230E0
3.983050542E0,9.513466644E0,-2.149530029E-1,-4.180955658E0
3.993065542E0,9.930798798E0,-1.115180969E-1,-2.727927246E0
4.003079542E0,9.967023468E0,1.652563477E-1,-2.773731995E-1
4.013093542E0,9.653724976E0,4.700225830E-2,3.189866638E0
4.023107542E0,9.216783600E0,-4.519102478E-1,6.578819275E0
4.033121542E0,8.970845032E0,-6.764433289E-1,9.102421417E0
4.043135542E0,8.885522461E0,-9.321116638E-1,1.100466568E1
4.053149542E0,9.313033447E0,-6.990463257E-1,1.208646606E1
4.063163542E0,1.044857208E1,-7.529342651E-2,1.161150375E1
4.073177542E0,1.182106796E1,2.911445618E-1,1.042791504E1
4.083191542E0,1.273446854E1,6.158193970E-1,9.572743378E0
4.093206542E0,1.335956863E1,9.698332214E-1,9.062005463E0
4.103220542E0,1.376776978E1,1.221609650E0,8.952732697E0
4.113234542E0,1.392763733E1,1.294807434E0,8.729995880E0
4.123248542E0,1.377705048E1,1.652713165E0,8.087232513E0
4.133262542E0,1.375968658E1,1.959275665E0,7.910599823E0
4.143276542E0,1.375010651E1,2.275268555E0,8.200397186E0
4.153290542E0,1.295226562E1,2.137405243E0,7.757468262E0
4.163304542E0,1.144879211E1,1.402134247E0,6.984026642E0
4.173318542E0,1.003288651E1,5.417234802E-1,6.064339142E0
4.183332542E0,9.225016479E0,-7.798782349E-2,5.539829865E0
4.193346542E0,9.246571655E0,-1.007405090E-1,5.749094696E0
4.203361542E0,9.279652863E0,4.535568237E-2,5.145849152E0
4.213375542E0,8.720116425E0,6.975494385E-1,4.255500641E0
4.223389542E0,8.437653809E0,9.047186279E-1,2.812501373E0
4.233403542E0,8.290659485E0,7.487429810E-1,1.337319031E0
4.243417542E0,7.887847137E0,8.915460205E-1,9.099577332E-1
4.253431542E0,7.234904938E0,9.330097961E-1,1.126407623E0
4.263445542E0,6.101761322E0,7.164102173E-1,1.503174133E0
4.273459542E0,4.424349518E0,-1.796264648E-1,1.523232422E0
4.283473542E0,1.807790680E0,-2.212848358E0,9.517208862E-1
4.293487542E0,-1.050665131E0,-3.924089813E0,5.023553467E-1
4.303502542E0,-2.135608978E0,-4.032015381E0,-1.172062683E-1
4.313516542E0,-2.701432343E0,-2.499502258E0,-1.655557251E-1
4.323530542E0,-1.873204651E0,-8.144563293E-1,1.562750244E-1
4.333544542E0,5.544470215E-1,6.724017334E-1,4.523593140E-1
4.343558542E0,2.456391907E0,2.484832764E0,-5.478607178E-2
4.353572542E0,4.422852631E0,3.886218567E0,-9.400451660E-1
4.363586542E0,6.229894867E0,4.712200928E0,-1.102457428E0
4.373600542E0,6.829098816E0,5.221292267E0,-5.156776428E-1
4.383614542E0,7.283703461E0,4.564308472E0,1.281335449E-1
4.393628542E0,6.885980530E0,3.956871643E0,9.354048157E-1
4.403643542E0,6.011948090E0,3.586242371E0,1.511556702E0
4.413657542E0,5.821244659E0,2.819985809E0,1.326990509E0
4.423671542E0,6.006559296E0,1.865869904E0,1.097368011E0
4.433685542E0,6.039191437E0,1.328936462E0,1.013242950E0
4.443699542E0,6.464307404E0,1.300645294E0,2.432292023E0
4.453713542E0,8.459358673E0,2.870131531E0,5.184768219E0
4.463727542E0,1.036280045E1,4.255051575E0,6.293512573E0
4.473741542E0,1.161569504E1,3.751199341E0,6.670279083E0
4.483755542E0,1.192001221E1,3.425027618E0,6.347550201E0
4.493770542E0,1.145343246E1,2.855462036E0,4.601131897E0
4.503784542E0,1.093042007E1,1.834884338E0,2.852617950E0
4.513798542E0,1.139415573E1,1.291663971E0,3.399281158E0
4.523812542E0,1.385294266E1,1.315763855E0,5.338947601E0
4.533826542E0,1.711525864E1,1.826052704E0,7.734116821E0
4.543840542E0,1.927556625E1,2.228266296E0,1.001761826E1
4.553854542E0,1.928559540E1,1.176703033E0,1.149624344E1
4.563868542E0,1.609183685E1,-2.424807587E0,1.262893799E1
4.573883542E0,1.649090698E1,-5.948629761E-1,1.227178070E1
4.583897542E0,1.663595535E1,-1.999691620E0,1.204006256E1
4.593911542E0,1.618644012E1,-3.632645874E0,1.038046371E1
4.603925542E0,1.706316696E1,-2.709515533E0,7.379204865E0
4.613939542E0,1.662502808E1,-3.594624939E0,5.363047485E0
4.623953542E0,1.696676743E1,-4.086352386E0,4.505031738E0
4.633967542E0,1.919039337E1,-3.862867126E0,5.451064453E0
4.643981542E0,2.143542480E1,-3.660338287E0,6.517746277E0
4.653996542E0,2.028880920E1,-4.733157349E0,5.403912506E0
4.664010542E0,1.431503174E1,-8.416398010E0,2.212548981E0
4.674024542E0,9.723928986E0,-1.068672684E1,-2.601589966E0
4.684038542E0,7.631879425E0,-1.208541824E1,-4.713248749E0
4.694052125E0,1.003947281E1,-1.284463943E1,-5.128036194E0
4.704066125E0,1.073732162E1,-1.315344727E1,-6.575825500E0
4.714080125E0,8.874445496E0,-1.502814880E1,-9.282796326E0
4.724094125E0,1.035157379E1,-1.565983521E1,-1.498024841E1
4.734109125E0,1.280212784E1,-1.503862701E1,-2.069177124E1
4.744123125E0,1.432775528E1,-1.528366745E1,-2.588596985E1
4.754137125E0,1.559636719E1,-1.432506088E1,-3.039399536E1
4.764151125E0,1.501153336E1,-1.368184845E1,-3.087509491E1
4.774165125E0,1.278401550E1,-1.528067368E1,-2.952999207E1
4.784179125E0,1.096829132E1,-1.698323318E1,-2.668381073E1
4.794193125E0,1.075782898E1,-1.824930038E1,-2.727582962E1
4.804208125E0,1.274943741E1,-1.773886185E1,-3.272449905E1
4.814222125E0,1.401445679E1,-1.634525986E1,-3.406331497E1
4.824236125E0,1.533201691E1,-1.551433777E1,-3.398966812E1
4.834250125E0,1.637115601E1,-1.439361832E1,-3.220807297E1
4.844264125E0,1.613764160E1,-1.446337326E1,-3.020448944E1
4.854278125E0,1.559726532E1,-1.501018616E1,-2.857048737E1
4.864292125E0,1.607492203E1,-1.581416428E1,-2.671793976E1
4.874307125E0,1.604139175E1,-1.706271790E1,-2.474519211E1
4.884321125E0,1.643133087E1,-1.871258698E1,-2.364273468E1
4.894335125E0,1.756657013E1,-1.926329178E1,-2.159289734E1
4.904349125E0,1.884296585E1,-1.956222015E1,-1.905821823E1
4.914363125E0,1.966595444E1,-1.973331436E1,-1.685569839E1
4.924377125E0,1.910836395E1,-2.019779846E1,-1.533830383E1
4.934391125E0,1.745819550E1,-2.098650833E1,-1.543380524E1
4.944406125E0,1.660586792E1,-2.221635086E1,-1.613809067E1
4.954420125E0,1.697335373E1,-2.340158615E1,-1.447699493E1
4.964434125E0,1.889116562E1,-2.455882965E1,-1.039019348E1
4.974448125E0,2.082933517E1,-2.595332977E1,-6.813830566E0
4.984462125E0,2.218551498E1,-2.562386490E1,-3.985162811E0
4.994476125E0,2.297706894E1,-2.467423965E1,-1.875300293E0
5.004490125E0,2.243789017E1,-2.339215576E1,-7.378157043E-1
5.014505125E0,2.107287872E1,-2.207534409E1,4.261637878E-1
5.024519125E0,1.851350098E1,-2.121807678E1,1.209784241E0
5.034533125E0,1.570249649E1,-2.043131287E1,7.990383911E-1
5.044547125E0,1.336465805E1,-1.996877472E1,8.062234497E-1
5.054561125E0,1.235874985E1,-1.941732147E1,2.660717010E0
5.064575125E0,1.090587112E1,-1.851215378E1,4.854554901E0
5.074589125E0,8.476572876E0,-1.842638214E1,6.418951721E0
5.084604125E0,6.089187469E0,-1.817700073E1,7.984845428E0
5.094618125E0,3.805686035E0,-1.701092560E1,9.444909210E0
5.104632125E0,2.121837616E0,-1.524624527E1,9.658065948E0
5.114646125E0,6.325845337E-1,-1.303669006E1,9.527687073E0
5.124660125E0,-1.593137054E0,-1.145912064E1,8.587791595E0
5.134674125E0,-4.941224670E0,-1.162003601E1,7.814200287E0
5.144688125E0,-8.270301819E0,-1.191986252E1,9.056616669E0
5.154703125E0,-9.293873291E0,-1.056817337E1,1.445588882E1
5.164717125E0,-8.845106506E0,-8.000263367E0,1.743379623E1
5.174731125E0,-1.026400589E1,-6.221362610E0,1.724069778E1
5.184745125E0,-1.309731400E1,-4.835694122E0,1.632101028E1
5.194759125E0,-1.494372437E1,-3.729344788E0,1.625140503E1
5.204773125E0,-1.559472061E1,-2.624043274E0,1.651171371E1
5.214787125E0,-1.537108566E1,-2.100282440E0,1.591640167E1
5.224802125E0,-1.468730759E1,-1.789229279E0,1.467144058E1
5.234816125E0,-1.357556946E1,-7.280859375E-1,1.282862274E1
5.244830125E0,-1.273836044E1,-3.770658875E-1,1.153576126E1
5.254844125E0,-1.196372131E1,-5.560935974E-1,1.162512543E1
5.264858125E0,-1.104223755E1,-8.505313110E-1,1.240784775E1
5.274872125E0,-1.018511993E1,-1.311572571E0,1.320523956E1
5.284886125E0,-9.229956207E0,-1.945055237E0,1.366972366E1
5.294901125E0,-8.211773529E0,-2.476300507E0,1.386357056E1
5.304915125E0,-7.657476196E0,-3.308719482E0,1.392673920E1
5.314929125E0,-7.422614594E0,-4.132755890E0,1.379396530E1
5.324943125E0,-7.178472290E0,-4.796475677E0,1.300181259E1
5.334957125E0,-6.835236053E0,-5.488636322E0,1.194740524E1
5.344971125E0,-6.675967255E0,-6.400090942E0,1.095407089E1
5.354986125E0,-6.629264374E0,-6.984775085E0,1.055814423E1
5.365000125E0,-6.338419189E0,-8.603059845E0,1.040471329E1
5.375014125E0,-5.838309174E0,-1.063762894E1,1.017224670E1
5.385028125E0,-5.152136078E0,-1.250769012E1,1.071441925E1
5.395042125E0,-3.491938477E0,-1.415037415E1,9.667496338E0
5.405056125E0,-5.748046875E-2,-1.426413757E1,7.427105255E0
5.415070125E0,3.207679596E0,-1.379890503E1,6.303392029E0
5.425085125E0,5.282964020E0,-1.437236252E1,6.989565125E0
5.435099125E0,5.915847931E0,-1.659464127E1,6.899302826E0
5.445113125E0,5.371430054E0,-1.926568680E1,6.362668762E0
5.455127125E0,5.115612030E0,-2.190020828E1,6.680308228E0
5.465141125E0,5.382656708E0,-2.387490189E1,6.777605896E0
5.475155125E0,6.483168182E0,-2.522030411E1,6.596931610E0
5.485169125E0,8.846603394E0,-2.495116379E1,6.146667938E0
5.495184125E0,1.079375427E1,-2.418685318E1,4.032763824E0
5.505198125E0,1.270947052E1,-2.362387390E1,1.265767822E0
5.515212125E0,1.416249893E1,-2.322809692E1,-5.216651917E-1
5.525226125E0,1.599888016E1,-2.366294266E1,-8.437953186E-1
5.535240125E0,1.742571304E1,-2.373524231E1,-2.514321442E0
5.545254125E0,1.673579773E1,-2.392055695E1,-6.190975800E0
5.555269125E0,1.664897827E1,-2.240795242E1,-8.889564056E0
5.565283125E0,1.834794525E1,-2.102408020E1,-1.041369461E1
5.575297125E0,2.125759460E1,-1.945564178E1,-1.075588303E1
5.585311125E0,2.349828506E1,-1.905163193E1,-9.212442627E0
5.595325125E0,2.505534714E1,-2.109742767E1,-8.759484558E0
5.605339125E0,2.601455246E1,-2.285432419E1,-1.108699448E1
5.615353125E0,2.766711594E1,-2.276466064E1,-1.538291107E1
5.625368125E0,2.926414490E1,-2.176159653E1,-1.962898132E1
5.635382125E0,3.034804092E1,-2.073338470E1,-2.279519714E1
5.645396125E0,3.166036194E1,-2.010559021E1,-2.449611008E1
5.655410125E0,3.318778564E1,-1.941417801E1,-2.505953842E1
5.665424125E0,3.392081131E1,-1.913665512E1,-2.604044861E1
5.675438125E0,3.365765854E1,-1.839868973E1,-2.836795853E1
5.685452125E0,3.434458008E1,-1.574949875E1,-3.112956573E1
5.695466750E0,3.522325287E1,-1.218720657E1,-3.363565430E1
5.705480750E0,3.364463562E1,-9.935738525E0,-3.543985245E1
5.715494750E0,2.959016693E1,-9.767039337E0,-3.716351807E1
5.725508750E0,2.558389801E1,-9.946216736E0,-3.846880371E1
5.735522750E0,2.171219925E1,-1.034768188E1,-3.846042114E1
5.745536750E0,1.794767761E1,-1.193992081E1,-3.661041824E1
5.755550750E0,1.369666763E1,-1.454031326E1,-3.295980972E1
5.765565750E0,1.070349197E1,-1.614138382E1,-2.755320282E1
5.775579750E0,1.001207977E1,-1.568034256E1,-2.186084015E1
5.785593750E0,6.842720490E0,-1.699550766E1,-1.994736923E1
5.795607750E0,1.845512238E0,-1.941926743E1,-2.170396637E1
5.805621750E0,5.137316895E-1,-1.890014694E1,-2.187580902E1
5.815635750E0,1.319805450E0,-1.797207687E1,-2.093217133E1
5.825650750E0,2.116448822E0,-1.744367569E1,-1.971580078E1
5.835664750E0,1.504371643E0,-1.764470764E1,-1.852248230E1
5.845678750E0,-3.900888062E-1,-1.918829773E1,-1.742556335E1
5.855692750E0,-2.097288666E0,-2.003388931E1,-1.565010544E1
5.865706750E0,-2.438129883E0,-1.985620880E1,-1.328577209E1
5.875720750E0,-3.100352783E0,-2.005394760E1,-1.133697464E1
5.885734750E0,-4.453389130E0,-2.057546310E1,-1.007375153E1
5.895749750E0,-5.460345154E0,-2.110970215E1,-9.217232666E0
5.905763750E0,-5.715564423E0,-2.133184021E1,-8.449628906E0
5.915777750E0,-4.792134705E0,-2.154829010E1,-7.115004272E0
5.925791750E0,-4.080514526E0,-2.178255295E1,-5.647905121E0
5.935805750E0,-3.564537506E0,-2.181847824E1,-5.295986938E0
5.945819750E0,-1.543440399E0,-2.103156464E1,-4.995561676E0
5.955833750E0,1.173559570E-1,-1.992401779E1,-5.048401794E0
5.965848750E0,2.501298523E-1,-1.978061600E1,-7.261250153E0
5.975862750E0,7.813751221E-1,-1.962628693E1,-1.044288391E1
5.985876750E0,2.093396759E0,-1.950189560E1,-1.167137924E1
5.995890750E0,4.049229584E0,-1.933693863E1,-1.161404846E1
6.005904750E0,5.928421783E0,-1.937945023E1,-1.030621811E1
6.015918750E0,7.505691833E0,-1.948662735E1,-8.063432007E0
6.025933750E0,8.193212128E0,-2.006098297E1,-5.871390381E0
6.035947750E0,6.994355164E0,-2.094923584E1,-4.791685638E0
6.045961750E0,6.580914917E0,-2.099399277E1,-3.621868286E0
6.055975750E0,8.259524231E0,-2.049627777E1,-2.512674866E0
6.065989750E0,1.034364029E1,-1.923350372E1,-2.369572449E0
6.076003750E0,1.224723175E1,-1.825977859E1,-2.804717560E0
6.086017750E0,1.428284866E1,-1.693802719E1,-3.036884766E0
6.096032750E0,1.562031738E1,-1.633088974E1,-3.216660919E0
6.106046750E0,1.703023544E1,-1.598286346E1,-2.908451843E0
6.116060750E0,1.689596466E1,-1.643866562E1,-2.252815247E0
6.126074750E0,1.600202362E1,-1.698218536E1,-1.195563812E0
6.136088750E0,1.676708267E1,-1.615246078E1,1.191372528E0
6.146102750E0,1.814975739E1,-1.480211884E1,6.312822418E0
6.156117750E0,1.883188889E1,-1.262803986E1,1.254211853E1
6.166131750E0,1.968915619E1,-9.464967499E0,1.730341736E1
6.176145750E0,2.005319916E1,-6.762337646E0,1.842308899E1
6.186159750E0,2.006367737E1,-4.599635010E0,1.673220520E1
6.196173750E0,2.022249710E1,-2.522853699E0,1.505614059E1
6.206187750E0,1.922377396E1,-1.336570587E0,1.425066559E1
6.216201750E0,1.793690002E1,-6.562353516E-1,1.470556961E1
6.226216750E0,1.686542816E1,1.785786438E-1,1.484882172E1
6.236230750E0,1.601669312E1,4.653822327E-1,1.447280365E1
6.246244750E0,1.540506500E1,6.920109558E-1,1.391326721E1
6.256258750E0,1.459165649E1,6.339317322E-1,1.305585022E1
6.266272750E0,1.326002563E1,1.797761536E-1,1.214439560E1
6.276286750E0,1.215681976E1,-3.290158081E-1,1.139220978E1
6.286301750E0,1.137349869E1,-9.868977356E-1,1.069166656E1
6.296315750E0,1.085422852E1,-1.794917450E0,9.790839844E0
6.306329750E0,1.031954041E1,-2.567011871E0,8.521928558E0
6.316343750E0,9.111702118E0,-3.102298737E0,6.979535980E0
6.326357750E0,7.571105804E0,-3.479514313E0,6.006110229E0
6.336371750E0,7.106921082E0,-3.639830933E0,5.734874268E0
6.346386750E0,7.696694641E0,-3.524420929E0,5.407205658E0
6.356400750E0,8.110134888E0,-3.706292725E0,4.581672363E0
6.366414750E0,8.341853027E0,-4.167783051E0,3.543730774E0
6.376428750E0,8.904682617E0,-4.906347198E0,2.514620819E0
6.386442750E0,9.322014771E0,-5.714366913E0,1.638343048E0
6.396456750E0,9.214987335E0,-6.692882080E0,1.533560944E0
6.406470750E0,8.943451996E0,-7.688162384E0,2.138003998E0
6.416485750E0,8.971294098E0,-8.909772034E0,2.682721252E0
6.426499750E0,9.753417664E0,-1.002689896E1,3.371289368E0
6.436513750E0,1.070962921E1,-1.093655731E1,4.609215088E0
6.446527750E0,1.167347488E1,-1.179307617E1,6.034700775E0
6.456541750E0,1.194755493E1,-1.336465805E1,6.375242615E0
6.466555750E0,1.352542374E1,-1.502710098E1,7.234605560E0
6.476570750E0,1.616638184E1,-1.624421997E1,8.756640472E0
6.486584750E0,1.844793732E1,-1.697619781E1,8.995393982E0
6.496598750E0,2.118065460E1,-1.813658478E1,8.520880737E0
6.506612750E0,2.360531250E1,-1.865765121E1,7.404352570E0
6.516626750E0,2.547223022E1,-1.884461243E1,7.027286682E0
6.526640750E0,2.767998917E1,-1.948093918E1,9.050030365E0
6.536654750E0,2.847004623E1,-2.120460480E1,9.948462067E0
6.546669750E0,2.805705505E1,-2.233116211E1,7.076683960E0
6.556683750E0,2.712314713E1,-2.241438904E1,-1.888023834E0
6.566697750E0,2.524305679E1,-2.179677338E1,-1.368723724E1
6.576711750E0,2.305879898E1,-2.042427750E1,-2.247142044E1
6.586725750E0,2.282513489E1,-1.856768829E1,-2.696791992E1
6.596739750E0,2.399674850E1,-1.468132004E1,-2.748659134E1
6.606754750E0,2.483949600E1,-1.225965591E1,-2.587339600E1
6.616768750E0,2.350307510E1,-1.099074463E1,-2.641212570E1
6.626782750E0,2.102782242E1,-9.893526306E0,-3.082764359E1
6.636796750E0,1.981654129E1,-7.850724335E0,-3.651237213E1
6.646810750E0,1.850601654E1,-6.324647827E0,-3.934942245E1
6.656824750E0,1.662338150E1,-5.623805237E0,-3.816179214E1
6.666839750E0,1.408466080E1,-4.996609497E0,-3.405912369E1
6.676853750E0,1.200548447E1,-5.292693787E0,-2.899710022E1
6.686867750E0,1.019963974E1,-5.563929749E0,-2.489547958E1
6.696882125E0,9.297166443E0,-5.204377441E0,-2.068817871E1
6.706896125E0,9.054970093E0,-4.795876923E0,-1.615156265E1
6.716910125E0,8.573271790E0,-4.436324615E0,-1.264764908E1
6.726924125E0,7.906258850E0,-4.440366211E0,-1.070453979E1
6.736939125E0,7.061565399E0,-3.840563507E0,-9.003926239E0
6.746953125E0,6.408323822E0,-3.193758545E0,-6.973997498E0
6.756967125E0,5.178331604E0,-2.648741913E0,-6.000871124E0
6.766981125E0,3.297492828E0,-2.666255493E0,-6.114185486E0
6.776995125E0,1.683099976E0,-2.591111755E0,-5.889802094E0
6.787009125E0,4.837939453E-1,-2.671344910E0,-5.563181305E0
6.797024125E0,-2.253414001E0,-3.890559540E0,-5.294639740E0
6.807038125E0,-6.429429932E0,-5.610782318E0,-5.607489166E0
6.817052125E0,-7.425009613E0,-5.559139709E0,-4.571493530E0
6.827066125E0,-6.434818726E0,-4.823120270E0,-2.388582916E0
6.837080125E0,-5.250331879E0,-4.430636444E0,-4.866380310E-1
6.847094125E0,-4.199217682E0,-4.242178345E0,8.586145020E-1
6.857109125E0,-3.678899689E0,-4.013453979E0,1.214424591E0
6.867123125E0,-3.654949493E0,-3.898493042E0,6.509962463E-1
6.877137125E0,-3.948938141E0,-4.014052734E0,-3.339555359E-1
6.887151125E0,-4.486620026E0,-4.364024963E0,-1.866618347E-1
6.897165125E0,-4.417314148E0,-4.283791809E0,7.458988953E-1
6.907179125E0,-3.827690277E0,-4.094734955E0,7.996371460E-1
6.917194125E0,-3.308120728E0,-4.388873291E0,5.152285767E-1
6.927208125E0,-2.780917053E0,-4.868026886E0,1.009201355E0
6.937222125E0,-2.738405457E0,-5.343288574E0,2.540367279E0
6.947236125E0,-3.937711487E0,-5.927074585E0,4.410428467E0
6.957250125E0,-4.786446533E0,-6.890471191E0,5.476960602E0
6.967264125E0,-3.535946960E0,-7.575446777E0,5.515280914E0
6.977279125E0,-1.960622864E0,-8.418793030E0,4.169429626E0
6.987293125E0,-1.147214355E0,-1.045665527E1,3.472478943E0
6.997307125E0,-1.659598846E0,-1.317964279E1,3.698508911E0
7.007321125E0,-2.123334503E0,-1.546314423E1,2.516866150E0
7.017335125E0,4.849914551E-1,-1.673968964E1,1.047222290E0
7.027349125E0,5.824238434E0,-1.682830536E1,-2.081870728E0
7.037364125E0,1.053928345E1,-1.707095078E1,-5.714815979E0
7.047378125E0,1.288281006E1,-1.847802475E1,-7.090305634E0
7.057392125E0,1.500374954E1,-1.928424820E1,-6.750961304E0
7.067406125E0,2.051094727E1,-1.787253387E1,-7.297923889E0
7.077420125E0,2.220647141E1,-1.638343048E1,-1.094823303E1
7.087434125E0,2.061468155E1,-1.697425186E1,-1.315674042E1
7.097448125E0,1.875704453E1,-1.618404510E1,-1.613225281E1
7.107463125E0,1.656126068E1,-1.632505188E1,-1.842638214E1
7.117477125E0,1.417058212E1,-1.702200256E1,-1.635558838E1
7.127491125E0,1.238419693E1,-1.727737152E1,-1.296813263E1
7.137505125E0,1.129461273E1,-1.775802200E1,-9.815688171E0
7.147519125E0,1.196851135E1,-1.772149796E1,-7.590715027E0
7.157533125E0,1.523786270E1,-1.639600433E1,-7.626939697E0
7.167548125E0,1.698892136E1,-1.509490997E1,-7.009473724E0
7.177562125E0,1.895149017E1,-1.396221542E1,-5.623805237E0
7.187576125E0,2.161385376E1,-9.027427368E0,-1.010758118E1
7.197590125E0,1.852367981E1,-7.128326569E0,-1.790905792E1
7.207604125E0,1.297052765E1,-7.733518066E0,-2.082753891E1
7.217618125E0,9.708511047E0,-8.246651001E0,-1.919458466E1
7.227633125E0,7.387886810E0,-9.832902374E0,-1.555460403E1
7.237647125E0,4.320465546E0,-1.171329208E1,-1.116408417E1
7.247661125E0,2.028431854E0,-1.323203384E1,-7.123237152E0
7.257675125E0,1.040336609E0,-1.370594833E1,-4.874014435E0
7.267689125E0,1.465602264E0,-1.293909302E1,-4.222718811E0
7.277703125E0,2.312990112E0,-1.238479568E1,-4.674329681E0
7.287718125E0,3.099304962E0,-1.216445389E1,-5.503156128E0
7.297732125E0,4.375700684E0,-1.201117264E1,-6.113586731E0
7.307746125E0,5.683231659E0,-1.179801590E1,-7.420968018E0
7.317760125E0,6.583908691E0,-1.174412796E1,-9.080267487E0
7.327774125E0,6.461163940E0,-1.235141510E1,-9.699679413E0
7.337788125E0,5.984555054E0,-1.272039780E1,-9.892179108E0
7.347803125E0,5.611680450E0,-1.284044815E1,-9.779613190E0
7.357817125E0,5.122348022E0,-1.268447250E1,-8.827742615E0
7.367831125E0,5.097350006E0,-1.286918839E1,-7.518864441E0
7.377845125E0,6.717281342E0,-1.327484482E1,-6.771768036E0
7.387859125E0,7.700137482E0,-1.365565292E1,-6.580465851E0
7.397873125E0,7.054979095E0,-1.409783340E1,-6.842421112E0
7.407888125E0,8.024812317E0,-1.405577087E1,-7.387138367E0
7.417902125E0,9.148076477E0,-1.390847717E1,-8.190817108E0
7.427916125E0,8.527167664E0,-1.385937927E1,-1.030816406E1
7.437930125E0,9.395960999E0,-1.305270676E1,-1.390099274E1
7.447944125E0,1.105600891E1,-1.195054871E1,-1.744202911E1
7.457958125E0,1.097832047E1,-1.221983871E1,-1.946342560E1
7.467973125E0,1.041159897E1,-1.261456787E1,-1.863804199E1
7.477987125E0,1.041189835E1,-1.301558395E1,-1.661604675E1
7.488001125E0,1.001447479E1,-1.359398117E1,-1.477532455E1
7.498015125E0,9.651779022E0,-1.379770752E1,-1.246128662E1
7.508029125E0,9.339827728E0,-1.416010391E1,-1.084360062E1
7.518043125E0,8.213120728E0,-1.469224731E1,-9.943073273E0
7.528058125E0,7.270381165E0,-1.476170288E1,-9.414522400E0
7.538072125E0,7.487579498E0,-1.485915024E1,-9.594148865E0
7.548086125E0,8.039631500E0,-1.447235458E1,-9.526938629E0
7.558100125E0,8.716074829E0,-1.382330429E1,-9.160800018E0
7.568114125E0,1.015114059E1,-1.305210800E1,-9.821975098E0
7.578128125E0,1.036639297E1,-1.269495071E1,-1.115630035E1
7.588143125E0,8.691076813E0,-1.294642776E1,-1.176538376E1
7.598157125E0,7.780819702E0,-1.296813263E1,-1.158276352E1
7.608171125E0,7.627538452E0,-1.264166153E1,-1.048779053E1
7.618185125E0,7.444469147E0,-1.231968109E1,-8.864566040E0
7.628199125E0,6.993157654E0,-1.201371735E1,-7.326664124E0
7.638213125E0,5.833070068E0,-1.138607254E1,-5.872438202E0
7.648228125E0,3.939507751E0,-1.059212357E1,-5.376070404E0
7.658242125E0,2.056872711E0,-1.010922775E1,-4.938081207E0
7.668256125E0,5.327421570E-1,-9.931696930E0,-3.601809998E0
7.678270125E0,-6.905140686E-1,-9.783056030E0,-2.203417969E0
7.688284125E0,-1.185983734E0,-9.323361969E0,-5.096900940E-1
7.698298292E0,-1.072070618E0,-8.633296967E0,1.156045990E0
7.708313292E0,-1.181942139E0,-8.027057648E0,2.243534546E0
7.718327292E0,-1.373094635E0,-6.781048737E0,2.729723511E0
7.728341292E0,-1.253643036E0,-5.606890411E0,2.887196045E0
7.738355292E0,-1.703607330E0,-5.012626190E0,2.650837555E0
7.748369292E0,-2.849474487E0,-4.566553802E0,1.854493561E0
7.758383292E0,-4.105811920E0,-4.406536560E0,1.480122070E0
7.768398292E0,-5.185816040E0,-4.539609833E0,1.586700439E0
7.778412292E0,-5.888005829E0,-4.655917969E0,1.682052155E0
7.788426292E0,-5.894442444E0,-4.418661346E0,1.939516754E0
7.798440292E0,-5.181325378E0,-3.849694519E0,2.723885651E0
7.808454292E0,-4.352349243E0,-3.627257080E0,3.764970703E0
7.818468292E0,-3.768563232E0,-3.580254822E0,4.838687897E0
7.828483292E0,-3.230731659E0,-3.426524506E0,5.851481781E0
7.838497292E0,-2.827021179E0,-3.416794739E0,6.537954254E0
7.848511292E0,-2.796185303E0,-3.731590118E0,7.490124207E0
7.858525292E0,-2.601440277E0,-3.651207275E0,8.398435364E0
7.868539292E0,-2.377056885E0,-3.665128326E0,8.865913239E0
7.878553292E0,-2.703228607E0,-3.808380432E0,8.766070862E0
7.888568292E0,-2.755769348E0,-3.876039734E0,8.229885864E0
7.898582292E0,-2.647843781E0,-4.221521301E0,8.011340332E0
7.908596292E0,-2.362986145E0,-4.399800568E0,8.451125793E0
7.918610292E0,-1.286125488E0,-4.438569946E0,8.603209534E0
7.928624292E0,7.231462097E-1,-4.242477722E0,8.184829559E0
7.938638292E0,1.728305969E0,-4.843178558E0,7.373067627E0
7.948653292E0,2.647993469E0,-6.029461670E0,7.192842407E0
7.958667292E0,3.300636292E0,-6.506070557E0,7.194039917E0
7.968681292E0,4.099375305E0,-6.901697845E0,7.425907745E0
7.978695292E0,5.328020325E0,-7.115453339E0,7.864346008E0
7.988709292E0,7.138804779E0,-6.706354065E0,7.671996002E0
7.998723292E0,9.176217957E0,-6.503825226E0,7.512876892E0
8.008738292E0,1.036175262E1,-6.948700104E0,7.998317413E0
8.018752292E0,1.001731888E1,-8.460556183E0,9.488318939E0
8.028766292E0,9.142837372E0,-1.057999878E1,1.031684601E1
8.038780292E0,8.707093506E0,-1.263851807E1,9.357790375E0
8.048794292E0,8.752898254E0,-1.371463028E1,8.732989655E0
8.058809292E0,9.332043915E0,-1.409843216E1,8.005502472E0
8.068823292E0,9.333241425E0,-1.552451660E1,6.535259857E0
8.078837292E0,8.962911530E0,-1.727617401E1,5.288053436E0
8.088851292E0,1.036205200E1,-1.791280014E1,3.330873413E0
8.098865292E0,1.236728210E1,-1.853565491E1,-1.724414062E-1
8.108879292E0,1.360969849E1,-1.925206512E1,-2.851270752E0
8.118894292E0,1.479852631E1,-1.898517014E1,-4.850812683E0
8.128908292E0,1.635498962E1,-1.795950302E1,-7.135361938E0
8.138922292E0,1.640812912E1,-1.761836243E1,-9.099876709E0
8.148936292E0,1.230007187E1,-1.898636765E1,-1.219828354E1
8.158950292E0,9.197024689E0,-1.949950058E1,-1.559816345E1
8.168964292E0,9.783056030E0,-1.788286240E1,-1.966460724E1
8.178979292E0,1.209559708E1,-1.555250839E1,-2.321522369E1
8.188993292E0,1.374471771E1,-1.370325394E1,-2.315998856E1
8.199007292E0,1.278416519E1,-1.313174240E1,-2.008568161E1
8.209021292E0,1.122470810E1,-1.352257965E1,-1.575174408E1
8.219035292E0,1.093895233E1,-1.336241272E1,-1.174457703E1
8.229049292E0,1.148786087E1,-1.298953812E1,-8.532706146E0
8.239064292E0,1.212643295E1,-1.250409760E1,-6.191275177E0
8.249078292E0,1.222582626E1,-1.230276627E1,-4.941524048E0
8.259092292E0,1.127784760E1,-1.197839081E1,-8.258626099E0
8.269106292E0,9.723030853E0,-1.158111694E1,-1.430844543E1
8.279120292E0,8.716523895E0,-1.090721832E1,-1.831636093E1
8.289134292E0,8.186326447E0,-9.730515289E0,-1.968122269E1
8.299149292E0,7.743846588E0,-9.161997528E0,-1.827804062E1
8.309163292E0,7.552095337E0,-9.579329681E0,-1.549308197E1
8.319177292E0,8.378526764E0,-9.473649445E0,-1.297247360E1
8.329191292E0,1.042492126E1,-8.394094391E0,-8.344846802E0
8.339205292E0,1.215786758E1,-7.847431183E0,-3.876189423E0
8.349219292E0,1.246218475E1,-8.388406219E0,-4.304598541E0
8.359234292E0,1.232761459E1,-8.868607635E0,-7.899373169E0
8.369248292E0,1.089494385E1,-9.352551270E0,-1.041698776E1
8.379262292E0,1.031280441E1,-9.352551270E0,-1.129985184E1
8.389276292E0,1.116947296E1,-9.094338226E0,-1.132544861E1
8.399290292E0,1.132589767E1,-9.433233490E0,-1.227148132E1
8.409304292E0,1.147379013E1,-1.031879196E1,-1.090227859E1
8.419319292E0,1.232402206E1,-1.085392914E1,-7.166347504E0
8.429333292E0,1.437475754E1,-1.066906357E1,-3.871549072E0
8.439347292E0,1.743185028E1,-9.696236572E0,-1.058748322E0
8.449361292E0,2.024016037E1,-8.551566925E0,1.027463379E0
8.459375292E0,2.229373993E1,-8.163274384E0,-5.322930908E-1
8.469389292E0,2.197430420E1,-8.203390961E0,-6.004463654E0
8.479404292E0,1.970831635E1,-8.763825531E0,-9.768386536E0
8.489418292E0,1.802132446E1,-8.785829773E0,-1.073702225E1
8.499432292E0,1.734428238E1,-8.505612488E0,-1.048000671E1
8.509446292E0,1.697904190E1,-8.471333771E0,-8.239915009E0
8.519460292E0,1.594798599E1,-9.026229858E0,-5.465284882E0
8.529475292E0,1.484193604E1,-9.651928711E0,-3.312611389E0
8.539489292E0,1.431458267E1,-9.837692413E0,-2.268382874E0
8.549503292E0,1.374037674E1,-1.024155258E1,-1.960922241E0
8.559517292E0,1.343815521E1,-1.035845947E1,-2.448458405E0
8.569531292E0,1.307171722E1,-1.060769119E1,-3.788771210E0
8.579545292E0,1.248448837E1,-1.062984512E1,-5.813161469E0
8.589560292E0,1.277353729E1,-1.024783951E1,-7.686366119E0
8.599574292E0,1.311842010E1,-9.754016418E0,-8.468190308E0
8.609588292E0,1.332469116E1,-9.426647186E0,-7.868088226E0
8.619602292E0,1.338501572E1,-9.181157684E0,-6.871460724E0
8.629616292E0,1.251876709E1,-9.558073883E0,-6.255341949E0
8.639630292E0,1.139670044E1,-1.022059616E1,-5.440586243E0
8.649645292E0,1.022897873E1,-1.056712555E1,-4.120930481E0
8.659659292E0,9.032816162E0,-1.054467224E1,-3.233276367E0
8.669673292E0,7.858807526E0,-1.038705002E1,-3.263663177E0
8.679687292E0,7.233557739E0,-1.003408401E1,-3.991150360E0
8.689701292E0,6.852001190E0,-9.384434967E0,-4.637506256E0
8.699715875E0,6.296356659E0,-8.944799194E0,-4.739743652E0
8.709730875E0,5.532794495E0,-8.656199341E0,-4.020788727E0
8.719744875E0,4.744234314E0,-8.457113342E0,-2.726879425E0
8.729758875E0,4.139042816E0,-8.270601196E0,-1.191671906E0
8.739772875E0,3.540587311E0,-8.042325897E0,-9.595046997E-2
8.749786875E0,2.689157867E0,-7.764803009E0,8.758287048E-1
8.759801875E0,1.358125763E0,-7.942932587E0,1.548679504E0
8.769815875E0,-2.942880249E-1,-8.268804932E0,1.160237274E0
8.779829875E0,-1.468446350E0,-8.372838593E0,8.077203369E-1
8.789843875E0,-1.920356598E0,-8.542735291E0,1.260828094E0
8.799857875E0,-2.690056000E0,-8.112529907E0,4.153712311E0
8.809871875E0,-3.237467651E0,-7.329059143E0,7.741601257E0
8.819886875E0,-3.268902283E0,-7.392227783E0,1.031564850E1
8.829900875E0,-2.229164429E0,-7.870034180E0,1.173200317E1
8.839914875E0,-1.253792725E0,-8.191864929E0,1.305585022E1
8.849928875E0,-1.451681213E0,-8.183781738E0,1.464270035E1
8.859942875E0,-1.703457642E0,-8.808432770E0,1.516137177E1
8.869956875E0,-6.598278809E-1,-9.415270844E0,1.500689301E1
8.879971875E0,2.953657837E0,-8.252039795E0,1.330747696E1
8.889985875E0,8.959468689E0,-6.812034302E0,1.110555588E1
8.899999875E0,1.473146576E1,-5.146298218E0,1.073807007E1
8.910013875E0,1.748753448E1,-3.246448975E0,1.165476379E1
8.920027875E0,1.800006866E1,-3.746109924E0,1.448328186E1
8.930041875E0,1.766805908E1,-4.893324280E0,1.862022903E1
8.940056875E0,1.878758102E1,-5.142705688E0,2.150652695E1
8.950070875E0,2.061273560E1,-5.606591034E0,2.179333054E1
8.960084875E0,2.105311981E1,-6.930438080E0,2.097767670E1
8.970098875E0,2.115565659E1,-7.494315491E0,2.090313171E1
8.980112875E0,2.136596924E1,-8.541088715E0,2.072590027E1
8.990127875E0,2.117646332E1,-9.787097626E0,1.936073914E1
9.000141875E0,2.131821854E1,-1.107486969E1,1.700793182E1
9.010155875E0,2.114577713E1,-1.249870880E1,1.576341980E1
9.020169875E0,1.932750824E1,-1.433044968E1,1.624137589E1
9.030183875E0,1.667322784E1,-1.606624008E1,1.665631302E1
9.040197875E0,1.402508469E1,-1.744846573E1,1.584410202E1
9.050212875E0,1.198557587E1,-1.881287842E1,1.419572983E1
9.060226875E0,1.014889526E1,-2.015813095E1,1.138442596E1
9.070240875E0,8.176746368E0,-2.144216080E1,8.376730499E0
9.080254875E0,7.013365631E0,-2.258398636E1,5.854774933E0
9.090268875E0,6.983278198E0,-2.302257431E1,3.954776001E0
9.100282875E0,8.097710724E0,-2.292527664E1,2.048340454E0
9.110297875E0,9.223669281E0,-2.266122574E1,-9.354048157E-1
9.120311875E0,9.574539642E0,-2.265478912E1,-2.479294281E0
9.130325875E0,9.607471161E0,-2.251587799E1,-1.392853546E0
9.140339875E0,9.026229858E0,-2.298619995E1,-1.453627167E0
9.150353875E0,7.620054016E0,-2.388822418E1,-3.161575470E0
9.160368875E0,6.487808533E0,-2.422756851E1,-5.205275574E0
9.170382875E0,6.323300629E0,-2.401186707E1,-7.457941132E0
9.180396875E0,5.732778625E0,-2.360246841E1,-9.493558044E0
9.190410875E0,5.539680176E0,-2.301209610E1,-1.044138702E1
9.200424875E0,5.219196625E0,-2.261167877E1,-1.256067993E1
9.210438875E0,5.153483276E0,-2.166669388E1,-1.546359329E1
9.220453875E0,5.738167419E0,-1.963571732E1,-1.781864594E1
9.230467875E0,5.452561340E0,-1.767359756E1,-1.902049667E1
9.240481875E0,4.435576172E0,-1.647219589E1,-1.776730270E1
9.250495875E0,3.690725098E0,-1.470991058E1,-1.612012802E1
9.260509875E0,2.937192078E0,-1.277548325E1,-1.620350464E1
9.270523875E0,2.262844391E0,-1.158306290E1,-1.630693954E1
9.280538875E0,1.899400177E0,-1.102756805E1,-1.603929611E1
9.290552875E0,2.011517029E0,-1.071531738E1,-1.634900208E1
9.300566875E0,2.335443420E0,-9.955946503E0,-1.807356583E1
9.310580875E0,2.771486664E0,-8.832682343E0,-1.963272354E1
9.320594875E0,3.486549683E0,-8.068820801E0,-1.972822495E1
9.330609875E0,3.988156586E0,-7.587421875E0,-1.908022247E1
9.340623875E0,3.740421753E0,-7.664810944E0,-1.846709747E1
9.350637875E0,4.182302856E0,-7.468868408E0,-1.753378830E1
9.360651875E0,5.998476105E0,-6.928043060E0,-1.660631699E1
9.370665875E0,7.925119629E0,-6.816375275E0,-1.639106461E1
9.380679875E0,9.835447083E0,-6.604266357E0,-1.686288345E1
9.390694875E0,1.198692307E1,-6.361620941E0,-1.747511032E1
9.400708875E0,1.359772339E1,-6.372697906E0,-1.749307297E1
9.410722875E0,1.434152664E1,-6.152056732E0,-1.696841400E1
9.420736875E0,1.465183136E1,-5.969137115E0,-1.570998093E1
9.430750875E0,1.544009216E1,-5.495971069E0,-1.443553116E1
9.440764875E0,1.715612366E1,-4.422852631E0,-1.458656708E1
9.450779875E0,1.750759277E1,-4.031117249E0,-1.656874512E1
9.460793875E0,1.689072556E1,-4.293820953E0,-1.834824463E1
9.470807875E0,1.664987640E1,-5.158123627E0,-1.945728836E1
9.480821875E0,1.727961685E1,-6.275400238E0,-2.014540741E1
9.490835875E0,2.069641159E1,-5.992787933E0,-1.979318985E1
9.500849875E0,2.318947723E1,-5.647755432E0,-1.789603500E1
9.510864875E0,2.356938721E1,-6.395899658E0,-1.558229645E1
9.520878875E0,2.340727432E1,-7.550448761E0,-1.314626221E1
9.530892875E0,2.324620926E1,-8.168663177E0,-1.084659439E1
9.540906875E0,2.267215302E1,-8.771010590E0,-8.723858643E0
9.550920875E0,2.180859879E1,-9.632020111E0,-6.892716522E0
9.560935875E0,2.102288269E1,-1.011746063E1,-5.916296997E0
9.570949875E0,1.962329315E1,-1.076860657E1,-5.514831848E0
9.580963875E0,1.810036011E1,-1.166329605E1,-5.810167694E0
9.590977875E0,1.755130188E1,-1.188588318E1,-5.679489441E0
9.600991875E0,1.690105408E1,-1.217253708E1,-4.769681396E0
9.611005875E0,1.611069763E1,-1.248867966E1,-3.774850159E0
9.621020875E0,1.469703735E1,-1.270947052E1,-2.531535645E0
9.631034875E0,1.233315308E1,-1.291229874E1,-1.537303162E0
9.641048875E0,1.018437149E1,-1.305480240E1,-7.261399841E-1
9.651062875E0,8.206833801E0,-1.327499451E1,-1.830693054E-1
9.661076875E0,7.001240845E0,-1.352871689E1,1.444496155E-1
9.671090875E0,6.353537750E0,-1.320763458E1,7.812254333E-1
9.681105875E0,5.715115356E0,-1.279793655E1,1.550475769E0
9.691119875E0,5.149441681E0,-1.265169067E1,3.586392059E0
9.701134250E0,4.459975433E0,-1.230052094E1,7.947872314E0
9.711148250E0,2.503543854E0,-1.246383133E1,1.222552689E1
9.721162250E0,2.478845215E-1,-1.292502228E1,1.545476166E1
9.731177250E0,-1.290915527E0,-1.212822922E1,1.789917847E1
9.741191250E0,-1.925446014E0,-1.075887680E1,1.837803268E1
9.751205250E0,-1.992506561E0,-9.742041321E0,1.882650009E1
9.761219250E0,-2.119891663E0,-9.423354034E0,2.106000549E1
9.771233250E0,-1.992656250E0,-8.168064423E0,2.329216370E1
9.781247250E0,-1.440753937E0,-6.427483978E0,2.392459854E1
9.791262250E0,-8.595126343E-1,-4.941823425E0,2.343751144E1
9.801276250E0,-6.057902527E-1,-3.814367981E0,2.168495590E1
9.811290250E0,-3.408412170E-1,-2.706222382E0,1.918231018E1
9.821304250E0,2.221380615E-1,-1.920655975E0,1.491109222E1
9.831318250E0,4.688250732E-1,-1.181493073E0,9.007668457E0
9.841332250E0,8.322692871E-2,-1.990859985E-2,3.476969604E0
9.851347250E0,-1.096170502E0,8.586145020E-1,-6.556365967E-1
9.861361250E0,-1.946851501E0,7.063810730E-1,-1.054107971E0
9.871375250E0,-1.471440125E0,2.094145203E-1,2.110461273E0
9.881389250E0,-6.265969849E-1,-2.481838989E-1,5.212011566E0
9.891403250E0,5.637277222E-1,-3.427871704E-1,7.547305298E0
9.901418250E0,1.672023010E0,-8.186476135E-1,9.392967224E0
9.911432250E0,3.146007843E0,-9.360035706E-1,1.054766602E1
9.921446250E0,4.789739685E0,-6.001020813E-1,1.083297272E1
9.931460250E0,5.167853394E0,-9.665400696E-1,9.133257294E0
9.941474250E0,3.938908997E0,-1.509311371E0,6.662195892E0
9.951488250E0,2.201921082E0,-1.976190491E0,4.528083801E0
9.961503250E0,1.438209229E0,-3.163970490E0,2.876418457E0
9.971517250E0,1.456620941E0,-4.416715393E0,1.099763031E0
9.981531250E0,2.794987793E0,-4.545148315E0,9.370513916E-2
9.991545250E0,4.872068481E0,-4.135150909E0,1.450483704E-1
1.000155925E1,7.043153687E0,-4.471202087E0,7.866142273E-1
1.001157325E1,9.602980499E0,-3.980971527E0,2.022444305E0
1.002158825E1,1.177436508E1,-3.474275208E0,2.227817230E0
1.003160225E1,1.349144440E1,-2.786904602E0,1.559606781E0
1.004161625E1,1.330193848E1,-3.924688568E0,7.542814636E-1
1.005163025E1,1.163335831E1,-6.271957397E0,-6.918612671E-1
1.006164425E1,1.096948883E1,-8.427025909E0,-1.992057495E0
1.007165825E1,1.339878708E1,-1.029109955E1,-2.197430420E0
1.008167325E1,1.554966431E1,-9.303303680E0,-1.076411591E0
1.009168725E1,1.455543182E1,-9.036259003E0,-1.444346466E0
1.010170125E1,1.414378784E1,-1.326840820E1,-1.996847534E0
1.011171525E1,1.246877106E1,-1.290017395E1,-4.950804749E0
1.012172925E1,1.483490067E1,-1.316362610E1,-7.573800201E0
1.013174425E1,1.826322144E1,-1.399754196E1,-9.647438049E0
1.014175825E1,2.222578125E1,-1.466215988E1,-1.085931793E1
1.015177225E1,2.566517899E1,-1.576581482E1,-1.203033279E1
1.016178625E1,2.933749237E1,-1.664673294E1,-1.337109467E1
1.017180025E1,3.298780151E1,-1.581401459E1,-1.612222366E1
1.018181425E1,3.585987900E1,-1.471574844E1,-1.954141342E1
1.019182925E1,3.717264908E1,-1.452803879E1,-2.219075409E1
1.020184325E1,3.818708954E1,-1.379396530E1,-2.368195312E1
1.021185725E1,3.998559952E1,-1.273267227E1,-2.452215591E1
1.022187125E1,4.081906631E1,-1.255723709E1,-2.575544128E1
1.023188525E1,4.054663284E1,-1.295481033E1,-2.647200119E1
1.024189925E1,4.017031540E1,-1.307171722E1,-2.636467438E1
1.025191425E1,3.900843155E1,-1.355865463E1,-2.675551163E1
1.026192825E1,3.593008301E1,-1.486828125E1,-2.851061188E1
1.027194225E1,3.264082306E1,-1.620754623E1,-3.014670959E1
1.028195625E1,3.072271179E1,-1.684117859E1,-3.132041885E1
1.029197025E1,2.862287842E1,-1.790741135E1,-3.270309357E1
1.030198525E1,2.666824310E1,-1.924053909E1,-3.246359161E1
1.031199925E1,2.510758850E1,-2.110446304E1,-3.134092621E1
1.032201325E1,2.447665054E1,-2.273906387E1,-3.123494659E1
1.033202725E1,2.433923630E1,-2.357836853E1,-3.087090363E1
1.034204125E1,2.446153198E1,-2.499008286E1,-2.965228775E1
1.035205525E1,2.465133728E1,-2.745590515E1,-2.726669861E1
1.036207025E1,2.460702942E1,-3.008039749E1,-2.386517212E1
1.037208425E1,2.508468613E1,-3.167353455E1,-2.026635590E1
1.038209825E1,2.556937820E1,-3.294229614E1,-1.796519119E1
1.039211225E1,2.440839249E1,-3.587320129E1,-1.867172195E1
1.040212625E1,2.466525833E1,-3.895858521E1,-1.810769485E1
1.041214025E1,2.908227310E1,-3.952815079E1,-1.492381577E1
1.042215525E1,3.479005371E1,-3.927323090E1,-1.099733093E1
1.043216925E1,3.786421097E1,-4.031521408E1,-7.780520325E0
1.044218325E1,3.789474747E1,-4.230906784E1,-4.748425598E0
1.045219725E1,3.661820206E1,-4.372362625E1,-1.850901031E0
1.046221125E1,3.397185516E1,-4.591357224E1,-8.026309204E-1
1.047222525E1,2.977563126E1,-4.945595581E1,-1.255439301E0
1.048224025E1,2.575424377E1,-5.340459457E1,-2.312690735E-1
1.049225425E1,2.460164062E1,-5.634567856E1,1.838925934E0
1.050226825E1,2.830464020E1,-5.630002350E1,6.446045380E0
1.051228225E1,3.289933548E1,-5.386892899E1,1.104642883E1
1.052229625E1,3.397829178E1,-5.129592957E1,1.446831299E1
1.053231125E1,3.167982147E1,-4.929025040E1,1.937181610E1
1.054232525E1,2.742716492E1,-4.480228317E1,2.517764282E1
1.055233925E1,2.356549530E1,-3.895140015E1,3.288601318E1
1.056235325E1,1.879761017E1,-3.279215836E1,3.895738770E1
1.057236725E1,1.434377197E1,-2.551968155E1,4.256668213E1
1.058238125E1,8.286468201E0,-1.946716782E1,4.235098068E1
1.059239625E1,2.788102112E0,-1.506796600E1,3.915048615E1
1.060241025E1,1.342707825E-1,-1.126602219E1,3.739433807E1
1.061242425E1,-3.223546600E0,-7.574548645E0,3.296744385E1
1.062243825E1,-6.943760376E0,-3.391497345E0,2.732881943E1
1.063245225E1,-1.026026367E1,-3.424877930E-1,2.283740936E1
1.064246625E1,-1.534309387E1,8.592132568E-2,1.995844620E1
1.065248125E1,-1.967104385E1,-3.092568970E-1,1.973496094E1
1.066249525E1,-1.986968079E1,-4.927752686E-1,2.234957382E1
1.067250925E1,-1.961401245E1,-3.499722290E-1,2.417682404E1
1.068252325E1,-1.945653992E1,2.835104370E-1,2.357238098E1
1.069253725E1,-1.849104767E1,5.090913391E-1,2.245854721E1
1.070255142E1,-1.675870010E1,9.993218994E-1,2.180934723E1
1.071256542E1,-1.457369385E1,1.567240906E0,1.969005432E1
1.072257942E1,-1.317006271E1,2.302062836E0,1.685420151E1
1.073259342E1,-1.228674957E1,3.072360992E0,1.376283005E1
1.074260742E1,-1.100975510E1,3.271297302E0,1.051668045E1
1.075262142E1,-9.778715057E0,4.073179779E0,7.945477295E0
1.076263642E1,-9.840835876E0,4.507127380E0,5.600004730E0
1.077265042E1,-1.081216599E1,3.641178131E0,4.350552979E0
1.078266442E1,-1.155881332E1,2.581531677E0,5.045557709E0
1.079267842E1,-1.246802261E1,7.911048889E-1,5.657634888E0
1.080269242E1,-1.249481689E1,-7.012916565E-1,5.854924622E0
1.081270642E1,-1.222762253E1,-1.970801697E0,5.480253754E0
1.082272142E1,-1.281694702E1,-3.998036041E0,6.082002411E0
1.083273542E1,-1.234063751E1,-5.588478699E0,8.779393158E0
1.084274942E1,-1.092233688E1,-5.657634888E0,1.064271835E1
1.085276342E1,-1.013467484E1,-5.146896973E0,1.052371582E1
1.086277742E1,-9.250164185E0,-4.749323730E0,1.034139496E1
1.087279142E1,-8.604407043E0,-4.889432373E0,1.033121613E1
1.088280642E1,-8.366701355E0,-5.361400909E0,9.964029694E0
1.089282042E1,-8.258177032E0,-6.480922852E0,9.110055542E0
1.090283442E1,-7.705825653E0,-7.457641754E0,7.860005035E0
1.091284842E1,-7.106472015E0,-7.902666321E0,4.700375519E0
1.092286242E1,-6.943760376E0,-8.846603394E0,2.625689850E0
1.093287642E1,-5.890700226E0,-9.534423065E0,2.255659332E0
1.094289142E1,-4.910688171E0,-1.127126129E1,2.791994019E0
1.095290542E1,-4.782704315E0,-1.393587021E1,5.221292267E0
1.096291942E1,-4.679119720E0,-1.677501617E1,7.906109161E0
1.097293342E1,-4.721331940E0,-1.993464569E1,9.667496338E0
1.098294742E1,-2.316582642E0,-2.292392944E1,1.410876068E1
1.099296142E1,5.075944519E0,-2.297871552E1,1.388377853E1
1.100297642E1,1.186612427E1,-2.036739578E1,5.683231659E0
1.101299042E1,1.405621994E1,-1.867351822E1,-8.897497559E-1
1.102300442E1,1.259900024E1,-1.871378448E1,-4.898862762E0
1.103301842E1,9.626930695E0,-2.042667252E1,-6.343358917E0
1.104303242E1,6.349047089E0,-2.248953278E1,-5.704487457E0
1.105304742E1,5.933810577E0,-2.261003220E1,-5.948629761E0
1.106306142E1,7.611671448E0,-2.159244827E1,-3.498375092E0
1.107307542E1,1.016341507E1,-2.302377182E1,9.153465271E-1
1.108308942E1,1.440035431E1,-2.267499710E1,-4.645739136E0
1.109310342E1,1.612042740E1,-1.963167572E1,-1.470796463E1
1.110311742E1,2.144171173E1,-1.434092789E1,-2.644760193E1
1.111313242E1,2.734753052E1,-9.684111786E0,-3.643378555E1
1.112314642E1,2.909484695E1,-6.151308289E0,-4.130510559E1
1.113316042E1,2.931084778E1,-5.550308075E0,-3.838946869E1
1.114317442E1,3.082375168E1,-8.627010040E0,-3.117417297E1
1.115318842E1,3.362128418E1,-1.082728455E1,-2.319426727E1
1.116320242E1,3.636103683E1,-9.583670654E0,-1.780038391E1
1.117321742E1,3.842913620E1,-5.879323883E0,-2.079834961E1
1.118323142E1,3.914165451E1,-3.195405121E0,-2.802831482E1
1.119324542E1,3.703718079E1,-2.517614594E0,-3.248544617E1
1.120325942E1,3.374357986E1,-2.215393066E0,-3.331636826E1
1.121327342E1,3.062960541E1,-2.270927582E0,-3.293196762E1
1.122328742E1,2.762205963E1,-2.791994019E0,-3.177667007E1
1.123330242E1,2.491508881E1,-3.928131409E0,-2.780168610E1
1.124331642E1,2.125954056E1,-4.262386322E0,-2.338242599E1
1.125333042E1,1.648042877E1,-4.830455017E0,-2.062605789E1
1.126334442E1,1.292577072E1,-5.030289459E0,-2.118963593E1
1.127335842E1,1.084285217E1,-5.234165497E0,-2.144889679E1
1.128337242E1,1.005129822E1,-5.564378815E0,-2.125834305E1
1.129338742E1,9.908195801E0,-6.070775757E0,-2.112646729E1
1.130340142E1,9.975256348E0,-6.891968079E0,-2.072515182E1
1.131341542E1,9.809550934E0,-7.629783783E0,-1.900717438E1
1.132342942E1,9.588161316E0,-8.334817657E0,-1.716630249E1
1.133344342E1,8.949289856E0,-8.449928284E0,-1.742855713E1
1.134345742E1,5.866151276E0,-9.476194153E0,-1.865660339E1
1.135347242E1,2.329156494E0,-1.064571213E1,-1.840078537E1
1.136348642E1,-1.661544800E-1,-1.155581955E1,-1.716585342E1
1.137350042E1,-1.918859711E0,-1.267803589E1,-1.576596451E1
1.138351442E1,-3.682192841E0,-1.377660141E1,-1.512230301E1
1.139352842E1,-5.256768494E0,-1.362272141E1,-1.538979675E1
1.140354242E1,-7.973169708E0,-1.372600662E1,-1.689162369E1
1.141355742E1,-1.096619568E1,-1.536854095E1,-2.016322037E1
1.142357142E1,-1.110211304E1,-1.696586929E1,-1.964439926E1
1.143358542E1,-8.853489075E0,-1.765428772E1,-1.656200912E1
1.144359942E1,-7.346273346E0,-1.856319763E1,-1.504685989E1
1.145361342E1,-6.845564575E0,-1.973735596E1,-1.485570740E1
1.146362842E1,-4.489314423E0,-2.008867538E1,-1.451815933E1
1.147364242E1,-1.613345032E0,-2.050989944E1,-1.282652710E1
1.148365642E1,-2.369572449E-1,-2.131597321E1,-1.128787674E1
1.149367042E1,7.200027466E-1,-2.184931412E1,-1.066068100E1
1.150368442E1,1.512604523E0,-2.190739334E1,-1.017673737E1
1.151369842E1,2.239492950E0,-2.225152771E1,-1.085752167E1
1.152371242E1,3.488046570E0,-2.331162323E1,-1.124940674E1
1.153372742E1,4.858895874E0,-2.442815140E1,-1.005249573E1
1.154374142E1,7.414232025E0,-2.517749313E1,-8.653205566E0
1.155375542E1,9.389674072E0,-2.515982986E1,-7.330556030E0
1.156376942E1,1.145552811E1,-2.524455368E1,-6.722370758E0
1.157378342E1,1.280362473E1,-2.556518692E1,-6.276448059E0
1.158379842E1,1.240665024E1,-2.626034134E1,-6.953490143E0
1.159381242E1,1.291993286E1,-2.670327026E1,-8.032596130E0
1.160382642E1,1.517963379E1,-2.528841248E1,-8.692723389E0
1.161384042E1,1.791085419E1,-2.369093445E1,-1.001043320E1
1.162385442E1,2.021201889E1,-2.492421982E1,-1.065888474E1
1.163386842E1,2.414104843E1,-2.665162766E1,-5.667214966E0
1.164388242E1,2.940829514E1,-2.532448746E1,5.764512634E-1
1.165389742E1,3.238799881E1,-2.140324173E1,4.483476562E0
1.166391142E1,3.229968246E1,-1.575219315E1,3.629352722E0
1.167392542E1,2.901266785E1,-1.089584198E1,2.293979645E0
1.168393942E1,2.379900970E1,-9.748328247E0,2.135758667E0
1.169395342E1,1.904923691E1,-1.007958939E1,6.302044830E0
1.170396800E1,1.752480698E1,-9.023984528E0,1.272428970E1
1.171398200E1,2.258638138E1,-6.786138153E0,1.888906998E1
1.172399600E1,3.110022675E1,-2.886896667E0,2.417113586E1
1.173401000E1,3.648033875E1,3.317401428E0,2.681299210E1
1.174402400E1,3.766871750E1,8.892408142E0,2.540247528E1
1.175403800E1,3.533791443E1,1.109567642E1,2.262619858E1
1.176405300E1,3.013413574E1,1.073283096E1,1.892379776E1
1.177406700E1,2.581546646E1,1.007060806E1,1.507934235E1
1.178408100E1,2.387999130E1,9.144334259E0,1.279509247E1
1.179409500E1,2.306897781E1,8.174950104E0,1.358949051E1
1.180410900E1,2.159933395E1,7.353159027E0,1.477173203E1
1.181412300E1,1.743319748E1,6.167774048E0,1.270378235E1
1.182413800E1,1.332364334E1,4.821024628E0,9.744586029E0
1.183415200E1,1.062655197E1,4.209845581E0,7.774832153E0
1.184416600E1,8.713530121E0,3.609743500E0,5.958958282E0
1.185418000E1,7.773934021E0,2.894081726E0,4.034709778E0
1.186419400E1,7.980055389E0,2.873125305E0,2.836900635E0
1.187420800E1,8.988059235E0,2.976560211E0,1.529519348E0
1.188422300E1,1.090153015E1,2.722538452E0,5.942642212E-1
1.189423700E1,1.272458908E1,1.548529816E0,1.497036896E0
1.190425100E1,1.312889832E1,6.900650024E-1,3.183430023E0
1.191426500E1,1.431578018E1,7.188052368E-1,3.798051910E0
1.192427900E1,1.394889313E1,4.975653076E-1,4.640050964E0
1.193429300E1,1.215801727E1,-4.540058899E-1,5.314398651E0
1.194430800E1,1.067475174E1,-2.092947693E0,6.392307129E0
1.195432200E1,9.051527252E0,-5.245541840E0,8.293204193E0
1.196433600E1,7.342830505E0,-8.465346222E0,1.086515579E1
1.197435000E1,7.051236877E0,-1.034049683E1,1.241054214E1
1.198436400E1,7.897127838E0,-1.101200043E1,1.167991150E1
1.199437800E1,8.761280823E0,-1.149624344E1,9.113049316E0
1.200439300E1,1.106229584E1,-1.126931534E1,5.046156464E0
1.201440700E1,1.473895020E1,-1.034064651E1,2.491868134E0
1.202442100E1,1.779334854E1,-9.322014771E0,2.187550964E0
1.203443500E1,1.827414871E1,-1.003932312E1,2.807411957E0
1.204444900E1,1.718321732E1,-1.322649536E1,6.360722809E0
1.205446300E1,1.728964600E1,-1.557840454E1,9.873318329E0
1.206447800E1,1.718082230E1,-1.758932281E1,1.250574417E1
1.207449200E1,1.661529831E1,-1.957644058E1,1.372106689E1
1.208450600E1,1.666364777E1,-2.099234619E1,1.157707535E1
1.209452000E1,1.704236023E1,-2.224868362E1,7.658224640E0
1.210453400E1,1.982118164E1,-2.225781464E1,3.880979462E0
1.211454800E1,2.308125229E1,-2.166953796E1,1.397044830E0
1.212456300E1,2.355965744E1,-2.226574814E1,2.814147949E0
1.213457700E1,2.267739212E1,-2.484024445E1,6.363866272E0
1.214459100E1,2.214764374E1,-2.575723755E1,7.424710236E0
1.215460500E1,2.240974869E1,-2.408461578E1,4.401297455E0
1.216461900E1,2.064925964E1,-2.285133041E1,-7.609126740E0
1.217463300E1,1.963945953E1,-2.103291183E1,-1.819690933E1
1.218464800E1,1.898097885E1,-1.906330765E1,-2.156251053E1
1.219466200E1,1.712019836E1,-1.674238403E1,-2.309098206E1
1.220467600E1,1.587344101E1,-1.537138504E1,-2.649056259E1
1.221469000E1,1.735116806E1,-1.328936462E1,-2.944017883E1
1.222470400E1,1.733230728E1,-1.130224686E1,-3.393578018E1
1.223471800E1,1.551328995E1,-1.022688309E1,-3.868405609E1
1.224473300E1,1.432506088E1,-8.952732697E0,-4.013738388E1
1.225474700E1,1.308084824E1,-8.361013184E0,-3.810670670E1
1.226476100E1,1.273372009E1,-7.641758881E0,-3.427916611E1
1.227477500E1,1.282547928E1,-6.650520172E0,-3.116144943E1
1.228478900E1,1.233584747E1,-6.151308289E0,-3.060715210E1
1.229480300E1,1.243314514E1,-5.148543549E0,-3.024206131E1
1.230481700E1,1.363963623E1,-3.780837708E0,-2.786470505E1
1.231483200E1,1.369831421E1,-2.776725769E0,-2.421589279E1
1.232484600E1,1.164757874E1,-2.736459503E0,-2.145623154E1
1.233486000E1,1.074435699E1,-2.709365845E0,-1.917437668E1
1.234487400E1,1.209679459E1,-2.158511353E0,-1.627310989E1
1.235488800E1,1.316751801E1,-1.563348999E0,-1.222118591E1
1.236490200E1,1.291828629E1,-1.443747711E0,-8.232580261E0
1.237491700E1,1.213167206E1,-1.559307404E0,-5.656886444E0
1.238493100E1,1.136092484E1,-1.500928802E0,-4.643044739E0
1.239494500E1,1.061038559E1,-1.603465576E0,-4.070335693E0
1.240495900E1,9.932744751E0,-1.688488770E0,-3.000510406E0
1.241497300E1,9.069190521E0,-1.901645508E0,-1.576371918E0
1.242498700E1,8.000562744E0,-2.124382324E0,-2.631527710E-1
1.243500200E1,6.411916351E0,-2.470013580E0,4.093986511E-1
1.244501600E1,4.588558044E0,-2.921325073E0,4.321513367E-1
1.245503000E1,2.781366119E0,-3.342698822E0,2.356100464E-1
1.246504400E1,9.639953613E-1,-3.957320709E0,3.101550293E-1
1.247505800E1,-7.053332520E-1,-4.508923645E0,7.906558228E-1
1.248507200E1,-1.714684296E0,-4.557722168E0,1.187031555E0
1.249508700E1,-2.442171478E0,-4.906197510E0,1.588796082E0
1.250510100E1,-3.414549408E0,-5.142256622E0,2.608325958E0
1.251511500E1,-4.969066772E0,-5.401517487E0,2.894081726E0
1.252512900E1,-7.710166626E0,-6.130950623E0,2.272125092E0
1.253514300E1,-1.129655869E1,-7.142247620E0,1.125509491E0
1.254515700E1,-1.481124985E1,-8.223748627E0,2.396516418E-1
1.255517200E1,-1.669583084E1,-8.735684052E0,-3.968247986E-1
1.256518600E1,-1.675301193E1,-9.084458771E0,-1.381626892E-1
1.257520000E1,-1.550400925E1,-9.020990753E0,-4.917274475E-1
1.258521400E1,-1.346809296E1,-9.010662231E0,-1.298250275E0
1.259522800E1,-1.195743439E1,-9.238189087E0,-5.504054260E-1
1.260524200E1,-1.078941330E1,-1.044153671E1,6.237528992E-1
1.261525700E1,-9.897268524E0,-1.226908630E1,2.445913696E0
1.262527100E1,-1.041878403E1,-1.428943497E1,4.855303345E0
1.263528500E1,-9.425449677E0,-1.589439743E1,6.640790405E0
1.264529900E1,-6.424041138E0,-1.672412201E1,8.521629181E0
1.265531300E1,-1.672172699E0,-1.665017578E1,8.239765320E0
1.266532700E1,2.185455322E0,-1.705268875E1,3.986060944E0
1.267534100E1,4.339026947E0,-1.814182388E1,-1.909129944E0
1.268535600E1,6.907535706E0,-2.032353699E1,-6.787036285E0
1.269537000E1,1.131182693E1,-2.233415588E1,-9.883347473E0
1.270538437E1,1.576581482E1,-2.499367538E1,-1.085752167E1
1.271539838E1,1.738619522E1,-2.795376984E1,-1.013692017E1
1.272541238E1,1.925895081E1,-2.908691345E1,-1.007524841E1
1.273542638E1,2.114158585E1,-2.944451981E1,-1.236533615E1
1.274544138E1,2.453622665E1,-2.838292740E1,-1.305076080E1
1.275545538E1,2.912703003E1,-2.583821915E1,-1.310105621E1
1.276546938E1,3.180511093E1,-2.343900833E1,-1.170251450E1
1.277548338E1,3.365750885E1,-2.044059357E1,-8.355474701E0
1.278549737E1,3.607273636E1,-1.598091751E1,-6.147416382E0
1.279551138E1,3.585164612E1,-1.268447250E1,-5.536985779E0
1.280552638E1,3.318943222E1,-1.136406830E1,-3.471880188E0
1.281554038E1,3.152534271E1,-9.810149689E0,2.833607483E-1
1.282555438E1,3.092149841E1,-7.886350250E0,3.968397675E0
1.283556838E1,2.934587494E1,-6.853947144E0,6.753506012E0
1.284558238E1,2.599314697E1,-7.187902679E0,7.075785828E0
1.285559638E1,2.181967575E1,-7.816295929E0,3.727398834E0
1.286561138E1,1.789468781E1,-8.155041504E0,-2.606529694E0
1.287562538E1,1.487367004E1,-8.601862335E0,-8.382418671E0
1.288563938E1,1.302965469E1,-8.743916931E0,-1.224154358E1
1.289565338E1,1.205443268E1,-9.078620911E0,-1.217448303E1
1.290566738E1,1.167586990E1,-9.557325439E0,-9.160800018E0
1.291568138E1,1.148127457E1,-1.010069550E1,-7.259004822E0
1.292569538E1,1.037597305E1,-1.065903442E1,-6.860383759E0
1.293571038E1,8.490793304E0,-1.129236740E1,-6.288872223E0
1.294572438E1,8.023914185E0,-1.085183350E1,-5.677393799E0
1.295573838E1,8.851692810E0,-9.597891083E0,-6.730453949E0
1.296575238E1,8.863368530E0,-9.427096252E0,-7.859256592E0
1.297576638E1,8.342002716E0,-9.431736603E0,-7.974367218E0
1.298578038E1,7.855813751E0,-9.559570770E0,-6.509812775E0
1.299579537E1,7.294481049E0,-1.033391052E1,-5.452411652E0
1.300580938E1,6.202801208E0,-1.123039627E1,-5.338797913E0
1.301582338E1,5.718408508E0,-1.126287872E1,-6.511309662E0
1.302583738E1,6.562652893E0,-1.103056183E1,-6.103108521E0
1.303585138E1,6.855444031E0,-1.110929810E1,-4.814588013E0
1.304586538E1,6.068081360E0,-1.182810333E1,-3.612437897E0
1.305587938E1,6.548731842E0,-1.174517578E1,-3.096311188E0
1.306589438E1,7.919880524E0,-1.176238998E1,-3.765270081E0
1.307590837E1,9.384734344E0,-1.223196350E1,-4.629722443E0
1.308592238E1,1.245799347E1,-1.280122971E1,-4.176764374E0
1.309593638E1,1.425141403E1,-1.239272919E1,-5.628445587E0
1.310595038E1,1.483609818E1,-1.134101624E1,-8.574768677E0
1.311596438E1,1.775802200E1,-1.009934830E1,-1.018392242E1
1.312597938E1,2.181204163E1,-8.916058960E0,-1.147259262E1
1.313599338E1,2.316447922E1,-8.281678162E0,-1.277443542E1
1.314600738E1,2.370859772E1,-8.005502472E0,-1.351659210E1
1.315602137E1,2.411590073E1,-8.427924042E0,-1.249840942E1
1.316603538E1,2.388448196E1,-9.614656219E0,-9.305998077E0
1.317604938E1,2.273023224E1,-1.139176071E1,-7.141199799E0
1.318606438E1,1.979827927E1,-1.261651382E1,-8.536448364E0
1.319607838E1,1.902648422E1,-1.290256897E1,-9.938133545E0
1.320609238E1,2.032967422E1,-1.265917511E1,-1.119731506E1
1.321610638E1,2.165606598E1,-1.215322723E1,-1.142708725E1
1.322612038E1,2.225197678E1,-1.209110641E1,-1.123548569E1
1.323613437E1,2.283785843E1,-1.262324982E1,-1.106094864E1
1.324614838E1,2.216066666E1,-1.417821625E1,-1.055784485E1
1.325616338E1,1.979468674E1,-1.615246078E1,-1.057475967E1
1.326617738E1,1.736853195E1,-1.715477646E1,-1.083327209E1
1.327619138E1,1.456620941E1,-1.789319092E1,-1.031445099E1
1.328620538E1,1.198168396E1,-1.799303329E1,-8.982520752E0
1.329621938E1,1.036983582E1,-1.723111771E1,-7.394922180E0
1.330623338E1,8.427025909E0,-1.730087265E1,-6.287375336E0
1.331624838E1,5.512736206E0,-1.758393402E1,-6.247408447E0
1.332626238E1,3.241808624E0,-1.701661377E1,-6.967111816E0
1.333627638E1,1.769769745E0,-1.648881134E1,-6.335275726E0
1.334629038E1,7.439529419E-1,-1.570863373E1,-4.812192993E0
1.335630438E1,3.908372498E-1,-1.493803619E1,-3.016227722E0
1.336631838E1,-2.462379456E-1,-1.434062851E1,-8.994795227E-1
1.337633238E1,-1.400188293E0,-1.353605164E1,1.026116180E0
1.338634738E1,-2.341281281E0,-1.277832733E1,2.933000793E0
1.339636138E1,-3.767814789E0,-1.200234100E1,4.074826355E0
1.340637538E1,-6.392157440E0,-1.161838943E1,3.501518555E0
1.341638938E1,-8.709338837E0,-1.123623413E1,1.519190826E0
1.342640338E1,-1.008123596E1,-1.072145462E1,4.126918030E-1
1.343641738E1,-9.697883148E0,-9.794582062E0,1.033151550E0
1.344643237E1,-8.469238129E0,-8.624914398E0,2.232457581E0
1.345644638E1,-7.484585724E0,-7.843988342E0,3.228186951E0
1.346646038E1,-6.917115784E0,-7.299271088E0,3.689377899E0
1.347647438E1,-6.651717682E0,-6.709048462E0,3.684138794E0
1.348648838E1,-6.590195618E0,-6.370751953E0,3.471580811E0
1.349650238E1,-5.678740997E0,-5.639372864E0,2.617756348E0
1.350651638E1,-4.153412933E0,-4.723726959E0,2.017953644E0
1.351653138E1,-2.759810944E0,-4.206253052E0,2.205812988E0
1.352654537E1,-3.806733856E0,-4.525988159E0,1.748963013E0
1.353655938E1,-6.184838562E0,-5.310207367E0,1.400787048E0
1.354657338E1,-7.504344635E0,-5.547613678E0,1.662592621E0
1.355658738E1,-7.651638336E0,-5.566025391E0,2.064207458E0
1.356660138E1,-7.135661316E0,-5.498366089E0,2.715054016E0
1.357661638E1,-6.306834869E0,-5.598358154E0,3.685785370E0
1.358663038E1,-5.205724640E0,-6.158942413E0,4.897665253E0
1.359664438E1,-3.827390900E0,-6.864275665E0,6.067632294E0
1.360665838E1,-2.315534821E0,-7.854167175E0,7.053482208E0
1.361667238E1,-1.212927704E0,-9.066047058E0,8.458610229E0
1.362668638E1,-2.474354553E-1,-9.802515564E0,9.769584045E0
1.363670038E1,6.756948853E-1,-1.063822769E1,1.020936951E1
1.364671537E1,9.169931030E-1,-1.143666733E1,1.048704208E1
1.365672938E1,8.184979248E-1,-1.282398239E1,1.204500229E1
1.366674338E1,-4.894821167E-1,-1.517544250E1,1.590412720E1
1.367675738E1,-2.587668915E0,-1.673175613E1,2.188209595E1
1.368677138E1,-3.916006622E0,-1.813658478E1,2.682766159E1
1.369678538E1,-4.785398712E0,-2.000035904E1,2.979703674E1
1.370680017E1,-4.869823151E0,-2.212264572E1,2.934602463E1
1.371681417E1,-1.844464417E0,-2.507375885E1,2.946143463E1
1.372682817E1,3.543730774E0,-2.906999863E1,3.150977509E1
1.373684217E1,8.658594360E0,-3.512565582E1,2.803969116E1
1.374685617E1,1.586071747E1,-4.212554947E1,1.928335007E1
1.375687017E1,2.429911972E1,-4.624767746E1,6.747368774E0
1.376688417E1,2.927432373E1,-4.748754913E1,-7.366181946E0
1.377689917E1,3.049249054E1,-4.710823792E1,-1.674268341E1
1.378691317E1,3.013757858E1,-4.608272049E1,-2.276151718E1
1.379692717E1,3.308195572E1,-4.244139267E1,-3.065894440E1
1.380694117E1,3.573174545E1,-3.651012680E1,-3.851520721E1
1.381695517E1,3.743146088E1,-2.994178574E1,-4.495900726E1
1.382696917E1,3.681833588E1,-2.248579056E1,-5.229480240E1
1.383698317E1,3.465772888E1,-1.594154938E1,-5.203015274E1
1.384699817E1,2.961726059E1,-1.265782791E1,-4.643359085E1
1.385701217E1,2.591875168E1,-1.218301529E1,-3.705723907E1
1.386702617E1,2.550665863E1,-1.115180969E1,-2.497092270E1
1.387704017E1,2.396845734E1,-1.068762497E1,-1.461306198E1
1.388705417E1,2.038266403E1,-1.080932190E1,-1.248568588E1
1.389706817E1,1.721764572E1,-1.080977097E1,-1.712498840E1
1.390708317E1,1.537392975E1,-1.043045975E1,-2.037607773E1
1.391709717E1,1.435889053E1,-9.708810425E0,-2.024105850E1
1.392711117E1,1.453282883E1,-9.179062042E0,-1.854328903E1
1.393712517E1,1.464240097E1,-8.697214050E0,-1.898502045E1
1.394713917E1,1.498054779E1,-7.594606934E0,-2.110146927E1
1.395715317E1,1.466051331E1,-7.122039642E0,-2.138243500E1
1.396716717E1,1.413570465E1,-7.130422211E0,-1.782583099E1
1.397718217E1,1.370250549E1,-7.152426453E0,-1.376806915E1
1.398719617E1,1.214679062E1,-7.476502533E0,-1.244512024E1
1.399721017E1,1.000354752E1,-8.087382202E0,-1.262639328E1
1.400722417E1,9.001082153E0,-8.470735016E0,-1.235381012E1
1.401723817E1,1.056188644E1,-7.876620483E0,-1.168919220E1
1.402725217E1,1.237267090E1,-7.579488373E0,-1.128308670E1
1.403726617E1,1.444466217E1,-7.771389313E0,-1.076291840E1
1.404728117E1,1.698682571E1,-7.822882233E0,-1.059212357E1
1.405729517E1,1.789738220E1,-8.471034393E0,-1.048958679E1
1.406730917E1,1.587733292E1,-9.498797150E0,-9.653874664E0
1.407732317E1,1.439915680E1,-1.021371048E1,-8.803043976E0
1.408733717E1,1.416743866E1,-1.078941330E1,-8.437653809E0
1.409735117E1,1.519744675E1,-1.065663940E1,-7.912695465E0
1.410736617E1,1.755863663E1,-1.027463379E1,-6.449787598E0
1.411738017E1,1.939711349E1,-1.006791367E1,-5.737418976E0
1.412739417E1,2.119442596E1,-9.343120880E0,-5.798791351E0
1.413740817E1,2.327135696E1,-8.352331238E0,-7.450756073E0
1.414742217E1,2.537134003E1,-7.521708527E0,-9.800868988E0
1.415743617E1,2.590153748E1,-7.048991547E0,-1.053584061E1
1.416745017E1,2.372671005E1,-8.001760254E0,-9.660311279E0
1.417746517E1,2.122361526E1,-9.182804260E0,-9.029223633E0
1.418747917E1,2.050885162E1,-9.584119720E0,-8.372988281E0
1.419749317E1,1.993045441E1,-9.836943970E0,-7.870632935E0
1.420750717E1,1.922332489E1,-9.995464325E0,-7.797884216E0
1.421752117E1,1.866827911E1,-1.010264145E1,-7.744744720E0
1.422753517E1,1.816143311E1,-1.025277924E1,-7.679031372E0
1.423754917E1,1.799333267E1,-1.042537033E1,-7.050937500E0
1.424756417E1,1.715657272E1,-1.099269058E1,-6.760541382E0
1.425757817E1,1.555430466E1,-1.174367889E1,-6.296805725E0
1.426759217E1,1.400098480E1,-1.187241119E1,-5.263504486E0
1.427760617E1,1.189995392E1,-1.247430954E1,-4.691693573E0
1.428762017E1,9.873767395E0,-1.323772202E1,-4.043391724E0
1.429763417E1,8.056696014E0,-1.403167099E1,-2.171683960E0
1.430764817E1,6.096971283E0,-1.472922043E1,-7.454498291E-2
1.431766317E1,4.807402954E0,-1.492830643E1,2.000739441E0
1.432767717E1,4.257596283E0,-1.449555634E1,3.854484558E0
1.433769117E1,3.603157196E0,-1.382584900E1,5.236560516E0
1.434770517E1,2.508483582E0,-1.346240479E1,5.917195129E0
1.435771917E1,8.108638000E-1,-1.382480118E1,6.313121796E0
1.436773317E1,-1.126257935E0,-1.378109207E1,7.238647156E0
1.437774717E1,-2.296524353E0,-1.339414673E1,9.693242798E0
1.438776217E1,-2.958298187E0,-1.262414795E1,1.078162949E1
1.439777617E1,-2.914140015E0,-1.151166138E1,1.096230377E1
1.440779017E1,-2.596650238E0,-1.043255539E1,1.052461395E1
1.441780417E1,-2.066901855E0,-9.748028870E0,9.030720520E0
1.442781817E1,-1.764530640E0,-9.092841339E0,7.802225189E0
1.443783217E1,-1.325942688E0,-8.976383514E0,8.961414642E0
1.444784617E1,-2.862048340E-1,-8.397686920E0,1.096634537E1
1.445786117E1,1.829794922E0,-7.465724945E0,1.286784119E1
1.446787517E1,3.757486267E0,-6.239624634E0,1.436577621E1
1.447788917E1,4.487069092E0,-5.211113434E0,1.601998627E1
1.448790317E1,4.243675232E0,-5.206173706E0,1.629990417E1
1.449791717E1,5.400319977E0,-4.713398438E0,1.537961792E1
1.450793117E1,7.926466827E0,-3.613934784E0,1.439870773E1
1.451794517E1,1.058523788E1,-3.536096649E0,1.415336792E1
1.452796017E1,1.244033020E1,-4.528981934E0,1.508203674E1
1.453797417E1,1.443343552E1,-5.285359039E0,1.616323837E1
1.454798817E1,1.634810394E1,-6.107150116E0,1.681558182E1
1.455800217E1,1.787447983E1,-7.556735687E0,1.751866974E1
1.456801617E1,1.920476349E1,-9.053173828E0,1.893697037E1
1.457803017E1,2.108275818E1,-1.061951660E1,2.006607239E1
1.458804417E1,2.303425003E1,-1.228166016E1,2.125834305E1
1.459805917E1,2.352088806E1,-1.474583588E1,2.044104263E1
1.460807317E1,2.340143646E1,-1.769275772E1,1.934322556E1
1.461808717E1,2.403297318E1,-2.020752823E1,1.956132202E1
1.462810117E1,2.447650085E1,-2.285133041E1,1.793300812E1
1.463811517E1,2.432785995E1,-2.497825745E1,1.246742386E1
1.464812917E1,2.361758698E1,-2.662827621E1,6.576124878E0
1.465814317E1,2.161220718E1,-2.774345718E1,1.051413574E0
1.466815817E1,1.887365204E1,-2.889665909E1,-2.753374329E0
1.467817217E1,1.750639526E1,-2.912837723E1,-2.697241058E0
1.468818617E1,1.786834259E1,-2.888183990E1,-2.494263153E0
1.469820017E1,1.813553696E1,-2.908496750E1,-3.544329529E0
1.470821413E1,1.723456055E1,-2.934692276E1,-6.691235504E0
1.471822813E1,1.450034637E1,-2.946323090E1,-1.183034866E1
1.472824213E1,1.196267349E1,-2.899859711E1,-1.552481598E1
1.473825613E1,1.055754547E1,-2.752221725E1,-1.926254333E1
1.474827113E1,9.088799744E0,-2.526416290E1,-2.333796844E1
1.475828513E1,7.350913696E0,-2.345457596E1,-2.374422363E1
1.476829913E1,5.993985443E0,-2.254955795E1,-2.081212097E1
1.477831312E1,4.308789825E0,-2.146057251E1,-1.851080658E1
1.478832713E1,2.789000244E0,-2.020722885E1,-1.704505463E1
1.479834113E1,2.150428162E0,-1.876916931E1,-1.609393250E1
1.480835513E1,1.895957336E0,-1.784439240E1,-1.680510361E1
1.481837013E1,2.786754913E0,-1.659763504E1,-1.765234177E1
1.482838413E1,4.511917419E0,-1.481963242E1,-1.965607498E1
1.483839813E1,5.057981873E0,-1.305749680E1,-2.197535202E1
1.484841213E1,3.700005798E0,-1.203497314E1,-2.251902145E1
1.485842613E1,1.517693939E0,-1.135403915E1,-2.180350937E1
1.486844013E1,-1.176253967E0,-1.090512268E1,-2.127929947E1
1.487845413E1,-3.170107727E0,-1.048704208E1,-2.106689117E1
1.488846913E1,-3.921994171E0,-9.566306763E0,-2.067425766E1
1.489848312E1,-3.415896606E0,-7.746391296E0,-2.057097244E1
1.490849713E1,-4.321213989E0,-6.541995850E0,-2.166399948E1
1.491851113E1,-6.368955688E0,-6.892117767E0,-2.241274246E1
1.492852513E1,-7.091054077E0,-7.023843842E0,-2.222682907E1
1.493853913E1,-5.090314636E0,-6.537205811E0,-2.136552017E1
1.494855313E1,-1.769769745E0,-5.811365204E0,-2.119981476E1
1.495856813E1,9.621990967E-1,-5.781726837E0,-2.124696671E1
1.496858213E1,2.655627594E0,-6.451883240E0,-2.180620377E1
1.497859612E1,5.579796753E0,-7.155420227E0,-2.256856842E1
1.498861013E1,1.005653732E1,-6.915169830E0,-2.265673508E1
1.499862413E1,1.299537598E1,-7.026687927E0,-2.166564606E1
1.500863813E1,1.496902176E1,-7.300917664E0,-1.937555832E1
1.501865213E1,1.688518707E1,-7.389832764E0,-1.724623627E1
1.502866613E1,1.840931763E1,-7.850724335E0,-1.564771042E1
1.503868113E1,1.842757965E1,-8.847052460E0,-1.579156128E1
1.504869513E1,1.842952560E1,-9.777367859E0,-1.729548386E1
1.505870912E1,2.010484177E1,-9.929451599E0,-1.891810959E1
1.506872313E1,2.265089722E1,-9.325756989E0,-1.928035629E1
1.507873713E1,2.376053970E1,-9.341025238E0,-1.984498215E1
1.508875113E1,2.300835388E1,-9.722581787E0,-2.030796936E1
1.509876513E1,2.321941498E1,-1.000998413E1,-1.923350372E1
1.510878013E1,2.357118347E1,-1.080632812E1,-1.780816772E1
1.511879413E1,2.400617889E1,-1.148411865E1,-1.645558044E1
1.512880813E1,2.461376541E1,-1.248029709E1,-1.481259705E1
1.513882212E1,2.478800308E1,-1.343111984E1,-1.286200333E1
1.514883613E1,2.469789047E1,-1.362900833E1,-1.050246002E1
1.515885013E1,2.364483032E1,-1.362945740E1,-8.893455963E0
1.516886413E1,2.213581833E1,-1.397703461E1,-7.590864716E0
1.517887813E1,2.073323502E1,-1.424842026E1,-6.039640503E0
1.518889313E1,1.884176834E1,-1.461216385E1,-3.768114166E0
1.519890713E1,1.672142761E1,-1.475855942E1,-1.359173584E0
1.520892113E1,1.513742157E1,-1.471919128E1,4.212240601E-1
1.521893512E1,1.303145096E1,-1.427626236E1,1.889221344E0
1.522894913E1,1.024304947E1,-1.410965881E1,3.176694031E0
1.523896313E1,8.190068665E0,-1.378513367E1,4.715494080E0
1.524897713E1,6.070476379E0,-1.379995285E1,5.644162903E0
1.525899213E1,3.941753082E0,-1.432281555E1,8.352630615E0
1.526900613E1,3.607198792E0,-1.515328857E1,1.345477066E1
1.527902013E1,5.140610046E0,-1.426279037E1,2.231514542E1
1.528903413E1,6.606960754E0,-1.172751251E1,3.141861465E1
1.529904812E1,7.971373444E0,-8.962612152E0,3.712370087E1
1.530906213E1,8.904083862E0,-6.415209503E0,3.842479523E1
1.531907613E1,8.918154602E0,-3.022963715E0,3.504901520E1
1.532909013E1,8.013585663E0,-9.131011963E-2,2.699082230E1
1.533910513E1,7.352709961E0,1.887425079E0,1.813029785E1
1.534911913E1,6.229894867E0,3.261866913E0,1.160821060E1
1.535913313E1,6.099066925E0,4.983736267E0,7.796537018E0
1.536914713E1,6.010600891E0,6.973997498E0,4.801116028E0
1.537916112E1,4.406536560E0,7.745493164E0,2.104174347E0
1.538917513E1,3.470982056E0,7.748636627E0,1.097966766E0
1.539918913E1,4.593797150E0,7.470065918E0,8.532257080E-1
1.540920413E1,6.755152588E0,7.264094238E0,8.219407654E-1
1.541921813E1,8.582552490E0,6.917115784E0,1.503024445E0
1.542923213E1,9.411528625E0,6.689289551E0,1.033600616E0
1.543924613E1,8.948391724E0,6.214925995E0,1.848655701E-1
1.544926013E1,7.893086243E0,6.071524200E0,-1.398092651E-1
1.545927412E1,7.377258911E0,5.876928864E0,-9.433383179E-1
1.546928813E1,7.713310089E0,5.864055634E0,-1.821412354E0
1.547930213E1,8.381969604E0,5.720504150E0,-2.268233185E0
1.548931713E1,8.791068878E0,5.121000824E0,-2.254611511E0
1.549933113E1,9.136550446E0,4.521946564E0,-2.033670959E0
1.550934513E1,1.000025436E1,4.569547577E0,-1.684596863E0
1.551935913E1,1.081575851E1,4.747377777E0,-1.200353851E0
1.552937313E1,1.136182297E1,4.683610382E0,-2.571652222E-1
1.553938712E1,1.128667923E1,4.536166992E0,6.268963623E-1
1.554940113E1,1.076381653E1,4.370162201E0,1.184486847E0
1.555941513E1,1.032627640E1,4.054319000E0,1.247655487E0
1.556943013E1,9.839189301E0,3.797303467E0,1.200653229E0
1.557944413E1,9.314979401E0,3.608396301E0,1.157692566E0
1.558945813E1,8.796307983E0,3.387306061E0,7.541317749E-1
1.559947213E1,8.383167114E0,2.769840088E0,-1.110690308E-1
1.560948613E1,8.594377899E0,3.210972748E0,-1.616039429E0
1.561950013E1,8.532706146E0,3.898343353E0,-3.717070312E0
1.562951413E1,6.861132202E0,3.107388153E0,-5.069807281E0
1.563952813E1,4.367916870E0,2.727178802E0,-6.483018494E0
1.564954313E1,3.155438232E0,3.766916656E0,-8.347990265E0
1.565955712E1,2.616858215E0,4.548740845E0,-8.997339935E0
1.566957113E1,1.634600830E0,5.239404602E0,-8.809630280E0
1.567958513E1,4.869374084E-1,5.608237610E0,-7.970475311E0
1.568959913E1,2.155517578E-1,5.586383057E0,-7.242539063E0
1.569961313E1,2.534828796E0,6.870263214E0,-7.171137543E0
1.570962675E1,5.040168915E0,8.662186890E0,-7.838749237E0
1.571964175E1,4.696333923E0,8.291258240E0,-8.274343414E0
1.572965575E1,1.418749695E0,7.131320343E0,-7.830516357E0
1.573966975E1,-2.509531403E0,5.912854156E0,-7.977660370E0
1.574968375E1,-5.023553467E0,5.188360748E0,-8.164172516E0
1.575969775E1,-6.439010010E0,4.909041595E0,-7.609725494E0
1.576971175E1,-6.688541107E0,4.954696655E0,-6.817572784E0
1.577972575E1,-6.307433624E0,4.514312439E0,-5.295088806E0
1.578973975E1,-5.721102905E0,3.117417297E0,-4.108206940E0
1.579975475E1,-3.009940796E0,2.679727478E0,-4.470004578E0
1.580976875E1,1.184636536E0,4.106111298E0,-5.760021973E0
1.581978275E1,4.303401031E0,5.179379425E0,-7.077432404E0
1.582979675E1,6.079158325E0,5.604196014E0,-8.706045685E0
1.583981075E1,6.364465027E0,5.437592468E0,-1.102981339E1
1.584982475E1,5.202880554E0,4.466412048E0,-1.255349487E1
1.585983875E1,3.409160614E0,3.144061890E0,-1.381641861E1
1.586985275E1,2.207160187E0,1.652563477E0,-1.513607437E1
1.587986775E1,2.109712830E0,-3.743714905E-1,-1.661365173E1
1.588988175E1,3.123404846E0,-2.144440613E0,-1.933783676E1
1.589989575E1,5.425767059E0,-2.824775848E0,-2.512719772E1
1.590990975E1,8.931925964E0,-1.948348389E0,-3.141577057E1
1.591992375E1,1.259166550E1,2.993774414E-2,-3.529181030E1
1.592993775E1,1.492905487E1,1.322050781E0,-3.734419235E1
1.593995175E1,1.502081406E1,9.503736877E-1,-3.759522034E1
1.594996575E1,1.259989838E1,-4.770579529E-1,-3.466057297E1
1.595998075E1,1.004501129E1,-2.829116821E0,-3.160542618E1
1.596999475E1,7.108717346E0,-4.450395355E0,-2.970976822E1
1.598000875E1,5.235512695E0,-5.276377716E0,-2.759781006E1
1.599002275E1,4.115990753E0,-5.084776154E0,-2.603595795E1
1.600003675E1,3.916904755E0,-4.281546478E0,-2.406380905E1
1.601005075E1,3.775299225E0,-3.821403351E0,-2.026905029E1
1.602006475E1,3.187172241E0,-3.846101990E0,-1.584215607E1
1.603007875E1,1.346150665E0,-4.758454742E0,-1.120779327E1
1.604009375E1,-1.008901978E0,-5.693560181E0,-6.886429596E0
1.605010775E1,-2.124382324E0,-5.958359528E0,-3.653302917E0
1.606012175E1,-2.179617462E0,-5.359454956E0,-1.057550812E0
1.607013575E1,-1.915865936E0,-4.448000336E0,5.454656982E-1
1.608014975E1,-1.640887756E0,-3.735931091E0,1.508862305E0
1.609016375E1,-1.454225922E0,-3.116519165E0,2.608924713E0
1.610017775E1,-2.128723297E0,-2.936743011E0,3.869603119E0
1.611019175E1,-3.728746033E0,-2.987487488E0,4.775519257E0
1.612020575E1,-4.842879181E0,-3.052452393E0,5.057981873E0
1.613022075E1,-5.280569000E0,-2.535876617E0,5.063520355E0
1.614023475E1,-5.331463165E0,-1.480271759E0,5.658083954E0
1.615024875E1,-5.470823364E0,-4.577481079E-1,7.710615692E0
1.616026275E1,-5.476810913E0,4.574487305E-1,9.585466919E0
1.617027675E1,-5.233417053E0,8.860075378E-1,1.070229446E1
1.618029075E1,-5.485343170E0,5.719606018E-1,1.094913116E1
1.619030475E1,-5.716612244E0,1.275347900E-1,1.068942123E1
1.620031875E1,-5.575455780E0,2.125579834E-1,9.445358276E0
1.621033375E1,-4.751718750E0,1.163530426E0,6.415059814E0
1.622034775E1,-3.764821014E0,1.939666443E0,3.675606537E0
1.623036175E1,-3.052153015E0,2.023342438E0,2.008373566E0
1.624037575E1,-2.391876068E0,2.014061737E0,1.905238037E0
1.625038975E1,-2.131268005E0,1.455124054E0,2.660567322E0
1.626040375E1,-2.713108063E0,3.852987671E-1,2.439926147E0
1.627041775E1,-3.452420654E0,-7.021897888E-1,3.194357300E0
1.628043175E1,-3.851191406E0,-4.528083801E-1,4.130809937E0
1.629044675E1,-3.830983429E0,6.914122009E-1,3.588936768E0
1.630046075E1,-2.301464081E0,2.212249603E0,2.256557465E0
1.631047475E1,-8.217910767E-2,3.573518829E0,-9.698332214E-1
1.632048875E1,-7.933502197E-2,2.739153900E0,-6.416856079E0
1.633050275E1,-2.074535980E0,6.197113037E-2,-1.204874451E1
1.634051675E1,-2.985541534E0,-2.317780151E0,-1.639824966E1
1.635053075E1,-3.586541748E-1,-2.515518951E0,-2.036051010E1
1.636054475E1,4.220323792E0,-9.273216248E-1,-2.365396133E1
1.637055875E1,8.231981506E0,1.322200470E0,-2.604688522E1
1.638057375E1,1.073597443E1,3.364403687E0,-2.747027527E1
1.639058775E1,1.100406693E1,4.294569397E0,-2.727238678E1
1.640060175E1,9.305249634E0,3.772904205E0,-2.633039566E1
1.641061575E1,6.107000427E0,1.558708649E0,-2.507765076E1
1.642062975E1,2.669099579E0,-1.213676147E0,-2.392040726E1
1.643064375E1,1.557211761E0,-2.235151978E0,-2.223431351E1
1.644065775E1,3.072810059E0,-1.071771240E0,-2.099309464E1
1.645067175E1,5.228028259E0,4.704716492E-1,-2.028776138E1
1.646068675E1,6.494394836E0,1.227597198E0,-1.850781281E1
1.647070075E1,5.599555664E0,1.049766998E0,-1.528112274E1
1.648071475E1,2.421664124E0,2.642005920E-1,-1.235740265E1
1.649072875E1,-1.353036346E0,-9.171427917E-1,-1.061412781E1
1.650074275E1,-4.149071960E0,-1.523681488E0,-1.025472519E1
1.651075675E1,-6.260581055E0,-1.775457916E0,-1.053763687E1
1.652077075E1,-8.034841461E0,-1.731599121E0,-1.105256607E1
1.653078475E1,-8.915310516E0,-1.404678955E0,-1.127575195E1
1.654079875E1,-9.189540253E0,-7.914042664E-1,-1.151510422E1
1.655081375E1,-8.954379272E0,-9.310638428E-2,-1.116393448E1
1.656082775E1,-8.440048828E0,1.013542328E0,-1.087204147E1
1.657084175E1,-8.894054718E0,1.340462494E0,-1.094898148E1
1.658085575E1,-9.513616333E0,6.526428223E-1,-1.098026642E1
1.659086975E1,-9.375603333E0,1.821711731E-1,-1.128188919E1
1.660088375E1,-8.696764984E0,8.846603394E-2,-1.180265625E1
1.661089775E1,-7.336543579E0,2.511776733E-1,-1.174442734E1
1.662091175E1,-5.672154694E0,4.276606750E-1,-1.049647247E1
1.663092575E1,-3.553161163E0,5.427713013E-1,-8.296197968E0
1.664094075E1,-7.186555481E-1,9.419911194E-1,-6.472989349E0
1.665095475E1,1.831291809E0,1.325194244E0,-5.446723480E0
1.666096875E1,3.861070862E0,1.524579620E0,-4.454586639E0
1.667098275E1,5.883515167E0,2.029180298E0,-3.388204193E0
1.668099675E1,7.921976166E0,2.934647369E0,-2.627037048E0
1.669101075E1,9.937684479E0,3.720962219E0,-3.027604065E0
1.670102600E1,1.111618378E1,4.192032623E0,-3.727249146E0
1.671104000E1,1.123623413E1,4.436923370E0,-4.152963867E0
1.672105500E1,1.129955246E1,4.348157959E0,-4.137845306E0
1.673106900E1,1.207898163E1,4.340224457E0,-3.347039795E0
1.674108300E1,1.370519989E1,4.690945129E0,-2.037263489E0
1.675109700E1,1.556014252E1,5.273383942E0,-1.093925171E0
1.676111100E1,1.676334045E1,5.516179047E0,-6.409671021E-1
1.677112500E1,1.643148056E1,5.341791687E0,-1.207538910E0
1.678113900E1,1.499761230E1,5.261857910E0,-2.865341492E0
1.679115300E1,1.304402481E1,5.016368408E0,-5.692961426E0
1.680116700E1,1.060814026E1,4.638853455E0,-8.741521912E0
1.681118200E1,8.733588409E0,4.355792084E0,-1.031040939E1
1.682119600E1,7.254065094E0,3.802093506E0,-1.091125992E1
1.683121000E1,6.348148956E0,3.486549683E0,-1.046279251E1
1.684122400E1,6.294410706E0,3.611240387E0,-8.557853851E0
1.685123800E1,6.497687988E0,3.255280609E0,-6.222560120E0
1.686125200E1,6.498286743E0,2.543810120E0,-3.373085632E0
1.687126600E1,6.540948029E0,1.819466400E0,-5.682183838E-1
1.688128000E1,6.764433289E0,1.119222565E0,2.038610687E0
1.689129400E1,6.895859985E0,1.323248291E0,4.453538818E0
1.690130900E1,6.399941254E0,2.752326508E0,6.591243439E0
1.691132300E1,4.185596008E0,3.665278015E0,7.626041565E0
1.692133700E1,3.367996216E-1,2.532284088E0,4.493356018E0
1.693135100E1,-2.876418457E0,1.266516266E0,-4.734654236E-1
1.694136500E1,-3.827989655E0,9.500743103E-1,-6.175557861E0
1.695137900E1,-3.441343689E0,1.058748322E0,-1.095302307E1
1.696139300E1,-1.071471863E0,2.067350922E0,-1.391775787E1
1.697140700E1,1.956581268E0,3.586541748E0,-1.631367554E1
1.698142100E1,2.864443359E0,4.049079895E0,-1.847877319E1
1.699143500E1,1.359922028E0,2.621947632E0,-1.991907806E1
1.700145000E1,-2.149530029E-1,9.060658264E-1,-2.016471725E1
1.701146400E1,-1.538800049E0,-9.864486694E-2,-1.977088623E1
1.702147800E1,-1.774110718E0,-1.002914429E-1,-1.842922623E1
1.703149200E1,-1.294957123E0,6.499484253E-1,-1.725536728E1
1.704150600E1,-1.159488831E0,1.326840820E0,-1.642190048E1
1.705152000E1,-1.773661652E0,1.236728210E0,-1.580727859E1
1.706153400E1,-2.728226624E0,5.578898621E-1,-1.540431656E1
1.707154800E1,-2.998115387E0,1.543290710E-1,-1.482127899E1
1.708156200E1,-2.318079529E0,3.089575195E-1,-1.407073975E1
1.709157700E1,-1.242266693E0,4.254153442E-1,-1.332663712E1
1.710159100E1,1.866618347E-1,4.641847229E-1,-1.283984940E1
1.711160500E1,1.764680328E0,1.000220032E0,-1.289747955E1
1.712161900E1,2.307301941E0,1.209035797E0,-1.299043625E1
1.713163300E1,1.782792664E0,1.043929138E0,-1.300765045E1
1.714164700E1,1.179397430E0,8.553213501E-1,-1.324251205E1
1.715166100E1,5.013075256E-1,6.906637573E-1,-1.310375061E1
1.716167500E1,3.963757324E-1,7.906558228E-1,-1.317230804E1
1.717168900E1,1.141077118E0,1.177451477E0,-1.281470169E1
1.718170400E1,1.877395935E0,1.537003784E0,-1.223720261E1
1.719171800E1,2.174977112E0,1.581161957E0,-1.130119904E1
1.720173200E1,2.873125305E0,1.654659119E0,-1.031519943E1
1.721174600E1,3.552412720E0,1.813179474E0,-9.569300537E0
1.722176000E1,3.600762177E0,1.827250214E0,-8.606352997E0
1.723177400E1,3.243604889E0,1.817670135E0,-7.238347778E0
1.724178800E1,2.588117981E0,1.609303436E0,-6.283333740E0
1.725180200E1,1.501677246E0,1.195414124E0,-5.540877686E0
1.726181600E1,4.177812195E-1,1.049467621E0,-4.030069427E0
1.727183000E1,-3.842509460E-1,1.072819061E0,-2.629731445E0
1.728184500E1,-1.557960205E0,5.695655823E-1,-9.226812744E-1
1.729185900E1,-2.848426666E0,1.781295776E-2,7.532336426E-1
1.730187300E1,-4.187691650E0,-8.400531006E-1,2.126178589E0
1.731188700E1,-5.024451599E0,-1.752705231E0,4.265679474E0
1.732190100E1,-4.931494904E0,-2.286195831E0,5.127736816E0
1.733191500E1,-4.248764648E0,-2.821632385E0,4.512815552E0
1.734192900E1,-2.646646271E0,-2.926713867E0,3.023562469E0
1.735194300E1,-3.052153015E-1,-2.652783508E0,2.868035889E-1
1.736195700E1,7.789801025E-1,-3.283122711E0,-2.586022339E0
1.737197100E1,2.349963226E0,-3.582949219E0,-5.692961426E0
1.738198600E1,5.522016907E0,-3.016377411E0,-9.258397064E0
1.739200000E1,7.751331024E0,-2.483934631E0,-1.216580109E1
1.740201400E1,9.381291504E0,-1.171763306E0,-1.688009766E1
1.741202800E1,1.091919342E1,2.622546387E-1,-2.148721710E1
1.742204200E1,1.047371979E1,-1.131646729E-1,-2.225227615E1
1.743205600E1,8.671617279E0,-1.654958496E0,-2.035063065E1
1.744207000E1,7.315138092E0,-3.272045746E0,-1.910043045E1
1.745208400E1,6.927144928E0,-4.147275696E0,-1.777059586E1
1.746209800E1,6.612948303E0,-4.327051849E0,-1.738829086E1
1.747211300E1,5.974226532E0,-4.007167053E0,-1.770563095E1
1.748212700E1,4.966671753E0,-3.519181824E0,-1.818358704E1
1.749214100E1,3.895648956E0,-3.410358124E0,-1.863040787E1
1.750215500E1,2.679727478E0,-3.663781128E0,-1.936163727E1
1.751216900E1,1.921703796E0,-4.261338501E0,-2.000155655E1
1.752218300E1,2.062710571E0,-4.636608124E0,-2.081062408E1
1.753219700E1,2.444716187E0,-4.673431549E0,-2.226155685E1
1.754221100E1,3.012335815E0,-4.406536560E0,-2.261392410E1
1.755222500E1,3.366349640E0,-4.184099121E0,-2.198657867E1
1.756223900E1,4.150568848E0,-3.842958527E0,-2.048041077E1
1.757225400E1,5.241949310E0,-3.430266724E0,-1.876737305E1
1.758226800E1,6.035000153E0,-3.313210144E0,-1.695359482E1
1.759228200E1,6.402186584E0,-3.492237854E0,-1.500359985E1
1.760229600E1,6.505920868E0,-3.647764435E0,-1.349039658E1
1.761231000E1,5.967340851E0,-3.437900848E0,-1.361224319E1
1.762232400E1,4.833598480E0,-2.971021729E0,-1.394979126E1
1.763233800E1,3.766467590E0,-2.695444794E0,-1.296409103E1
1.764235200E1,2.613115997E0,-2.542013855E0,-1.055036041E1
1.765236600E1,1.484463043E0,-2.317929840E0,-8.131989441E0
1.766238000E1,2.704875183E-1,-2.224075012E0,-5.759123840E0
1.767239500E1,-4.144880676E-1,-1.783541107E0,-3.839665375E0
1.768240900E1,-5.974076843E-1,-9.169931030E-1,-2.794089661E0
1.769242300E1,-7.917036438E-1,7.783813477E-3,-1.370549927E0
1.770243592E1,-1.197060699E0,4.727169800E-1,-1.377136230E-2
1.771244992E1,-2.159409485E0,2.689906311E-1,1.739532623E0
1.772246392E1,-3.414848785E0,-1.281335449E-1,3.616180115E0
1.773247792E1,-3.894900513E0,-1.050814819E-1,4.681215363E0
1.774249192E1,-3.422931976E0,2.805166626E-1,4.920717316E0
1.775250592E1,-2.784060516E0,7.985893250E-1,4.223916321E0
1.776251992E1,-2.035018158E0,1.471589813E0,2.909349976E0
1.777253492E1,-5.933660889E-1,2.334245911E0,8.297245789E-1
1.778254892E1,1.189576263E0,2.587369537E0,-9.014254761E-1
1.779256292E1,2.579735413E0,2.769391022E0,-2.989583130E0
1.780257692E1,2.651885376E0,1.968256989E0,-5.452411652E0
1.781259092E1,2.386636963E0,7.195536804E-1,-6.328240356E0
1.782260492E1,2.955753479E0,2.912942505E-1,-5.973627777E0
1.783261892E1,4.339176636E0,3.954776001E-1,-4.917573853E0
1.784263292E1,6.736441498E0,6.882687378E-1,-3.771407318E0
1.785264692E1,1.005878265E1,1.421743469E0,-3.597469025E0
1.786266092E1,1.374636429E1,2.303410034E0,-4.019740906E0
1.787267492E1,1.684746552E1,2.604284363E0,-4.626578979E0
1.788268992E1,1.795591049E1,2.080523529E0,-5.045108643E0
1.789270392E1,1.463252151E1,2.061213684E-1,-6.270610199E0
1.790271792E1,9.883796539E0,-1.979483643E0,-8.381670227E0
1.791273192E1,6.007607117E0,-3.085234222E0,-8.525970154E0
1.792274592E1,3.029400330E0,-3.864962769E0,-9.201515350E0
1.793275992E1,1.530866547E0,-3.605252838E0,-1.082174606E1
1.794277392E1,1.574126587E0,-2.507136383E0,-1.227327759E1
1.795278792E1,1.580114136E0,-1.382225647E0,-1.299163376E1
1.796280192E1,-2.664459229E-1,-8.806187439E-1,-1.453237976E1
1.797281592E1,-3.348985748E0,-1.431922302E0,-1.611339203E1
1.798283092E1,-6.310128021E0,-2.239193573E0,-1.775697418E1
1.799284492E1,-8.201594696E0,-2.958896942E0,-1.851080658E1
1.800285892E1,-8.484057312E0,-3.337759094E0,-1.825319229E1
1.801287292E1,-7.117548981E0,-3.290158081E0,-1.747256561E1
1.802288692E1,-5.785469055E0,-2.890489197E0,-1.660676605E1
1.803290092E1,-5.622607727E0,-2.502945099E0,-1.603645203E1
1.804291492E1,-6.277196503E0,-2.317780151E0,-1.553993454E1
1.805292892E1,-7.349716187E0,-2.455942841E0,-1.544997162E1
1.806294292E1,-8.259374542E0,-2.824027405E0,-1.581176926E1
1.807295692E1,-7.949518890E0,-2.843037872E0,-1.640543472E1
1.808297092E1,-6.595734100E0,-2.620301056E0,-1.689686279E1
1.809298592E1,-5.256618805E0,-2.528691559E0,-1.711974930E1
1.810299992E1,-4.806953888E0,-2.800077209E0,-1.720477249E1
1.811301392E1,-5.161416779E0,-2.993325348E0,-1.709789474E1
1.812302792E1,-5.424120483E0,-3.251538391E0,-1.647249527E1
1.813304192E1,-4.769531708E0,-3.134332123E0,-1.604154144E1
1.814305592E1,-3.451223145E0,-2.723137207E0,-1.589634338E1
1.815306992E1,-2.026785278E0,-2.284249878E0,-1.626951736E1
1.816308392E1,-8.408015442E-1,-1.888323212E0,-1.715791992E1
1.817309792E1,-5.237608337E-1,-1.932182007E0,-1.821397385E1
1.818311192E1,-4.613406372E-1,-2.251917114E0,-1.868100266E1
1.819312592E1,2.106120300E-1,-2.499352570E0,-1.826337112E1
1.820314092E1,1.895358582E0,-2.044897614E0,-1.710927109E1
1.821315492E1,3.805985413E0,-1.224753113E0,-1.554173080E1
1.822316892E1,4.642296295E0,-1.032403107E0,-1.274105484E1
1.823318292E1,4.724026337E0,-1.089733887E0,-9.032965851E0
1.824319692E1,4.253105621E0,-9.970765686E-1,-5.826483765E0
1.825321092E1,3.652853851E0,-9.445358276E-1,-3.395389252E0
1.826322492E1,3.573069763E0,-5.971083069E-1,-1.666484528E0
1.827323892E1,3.929628296E0,3.517684937E-2,-7.430548096E-1
1.828325292E1,4.337829437E0,7.397616577E-1,1.308279419E-1
1.829326692E1,4.393363953E0,1.080902252E0,7.300318909E-1
1.830328092E1,4.006568298E0,1.607207794E0,4.111949158E-1
1.831329592E1,3.479664001E0,2.043550415E0,-4.731660461E-1
1.832330992E1,2.980003052E0,2.501148834E0,-9.102571106E-1
1.833332392E1,3.143014069E0,3.076103210E0,-1.034349060E0
1.834333792E1,3.310815125E0,3.243155823E0,-1.250499573E0
1.835335192E1,2.974464569E0,2.821033630E0,-1.295106812E0
1.836336592E1,2.931054840E0,2.326611786E0,-1.039438477E0
1.837337992E1,3.661236420E0,2.050585785E0,-1.817221069E0
1.838339392E1,4.387077026E0,2.104024658E0,-3.481460266E0
1.839340792E1,4.628824310E0,2.384241943E0,-4.721930695E0
1.840342192E1,4.220323792E0,2.416125641E0,-5.399272156E0
1.841343592E1,3.794908447E0,2.404749298E0,-5.774541779E0
1.842344992E1,3.647015991E0,2.262844391E0,-5.979016571E0
1.843346492E1,3.631747742E0,1.989213409E0,-5.682782593E0
1.844347892E1,3.677851868E0,1.500928802E0,-5.274431763E0
1.845349292E1,4.274660797E0,9.924362183E-1,-5.515879669E0
1.846350692E1,4.599335632E0,5.492079163E-1,-6.551276550E0
1.847352092E1,4.423900452E0,6.511459351E-2,-8.098908234E0
1.848353492E1,4.849315796E0,-4.340972900E-2,-8.361911316E0
1.849354892E1,4.960085449E0,3.778143311E-1,-7.993227997E0
1.850356292E1,4.543052673E0,1.059945831E0,-8.334967346E0
1.851357692E1,4.778513031E0,1.191821594E0,-8.691376190E0
1.852359092E1,5.995931396E0,1.428479462E0,-9.164691925E0
1.853360492E1,5.395080872E0,6.783892822E-1,-1.143307480E1
1.854361892E1,3.907923431E0,-1.031055908E0,-1.310839096E1
1.855363392E1,1.865271149E0,-2.610870667E0,-1.445993042E1
1.856364792E1,-5.391787720E-1,-3.115621033E0,-1.827848969E1
1.857366192E1,-1.322050781E0,-2.074086914E0,-2.124831390E1
1.858367592E1,-4.818479919E-1,-8.286767578E-1,-2.269670197E1
1.859368992E1,2.540217590E-1,-7.069798279E-1,-2.318019653E1
1.860370392E1,8.506809998E-1,-1.158141632E0,-2.266841080E1
1.861371792E1,2.132166138E0,-7.816744995E-1,-2.258129196E1
1.862373192E1,2.277064819E0,-4.477189636E-1,-2.312945206E1
1.863374592E1,1.049467621E0,-6.367758179E-1,-2.332719086E1
1.864375992E1,-1.128652954E-1,-8.147557068E-1,-2.361279694E1
1.865377392E1,-1.701661377E0,-1.674717407E0,-2.293096481E1
1.866378892E1,-3.592080231E0,-2.759212189E0,-2.068219116E1
1.867380292E1,-4.446054382E0,-3.150797882E0,-1.789334061E1
1.868381692E1,-4.455933838E0,-3.155887299E0,-1.483520004E1
1.869383092E1,-4.354744263E0,-2.803969116E0,-1.153920410E1
1.870384579E1,-4.781057739E0,-3.043022003E0,-8.214916992E0
1.871385979E1,-5.628744965E0,-3.318898315E0,-4.904700623E0
1.872387379E1,-6.200705566E0,-2.864593048E0,-2.869832153E0
1.873388779E1,-6.361321564E0,-2.071392517E0,-1.951491852E0
1.874390179E1,-6.167923737E0,-1.272354126E0,-1.199455719E0
1.875391579E1,-5.998326416E0,-6.785389709E-1,-1.465452576E-1
1.876392979E1,-5.997278595E0,-5.409750366E-1,9.993218994E-1
1.877394379E1,-5.823489990E0,-8.876541138E-2,2.076332245E0
1.878395779E1,-5.298980713E0,7.887098694E-1,2.840343475E0
1.879397279E1,-5.366041260E0,1.289867706E0,3.356919250E0
1.880398679E1,-6.086044006E0,1.420845337E0,3.389850769E0
1.881400079E1,-6.362070007E0,1.408121796E0,3.263663177E0
1.882401479E1,-6.068081360E0,1.372046814E0,3.150049438E0
1.883402879E1,-5.567821655E0,1.419647827E0,2.372416534E0
1.884404279E1,-4.875810699E0,1.210382996E0,1.338366852E0
1.885405679E1,-4.078568573E0,9.577084351E-1,9.614506531E-1
1.886407079E1,-3.372786255E0,1.199455719E0,-7.319778442E-2
1.887408479E1,-2.990331573E0,1.592238922E0,-1.876198425E0
1.888409879E1,-2.987487488E0,1.585203552E0,-4.024530945E0
1.889411279E1,-3.525768127E0,1.000070343E0,-6.376889191E0
1.890412679E1,-3.443738708E0,4.314028931E-1,-7.063810730E0
1.891414179E1,-2.087858276E0,2.176473999E-1,-6.623576202E0
1.892415579E1,-2.137554932E-1,4.267625427E-1,-6.459367676E0
1.893416979E1,1.561403046E0,8.508306885E-1,-7.134613495E0
1.894418379E1,2.903212738E0,1.397942963E0,-9.487869873E0
1.895419779E1,2.505789185E0,8.904981995E-1,-1.224034607E1
1.896421179E1,2.237696686E0,1.592687988E-1,-1.438553513E1
1.897422579E1,2.408341827E0,-4.821473694E-1,-1.735775436E1
1.898423979E1,2.572849731E0,-1.131497040E0,-2.052801178E1
1.899425379E1,3.001109161E0,-1.660047913E0,-2.222952347E1
1.900426779E1,3.610042877E0,-1.844165039E0,-2.247082169E1
1.901428179E1,3.436553650E0,-1.642085266E0,-2.245480499E1
1.902429579E1,1.951042786E0,-1.432970123E0,-2.345532440E1
1.903430979E1,1.106349335E0,-1.174607391E0,-2.302422089E1
1.904432479E1,1.263223114E0,-8.158035278E-1,-2.172402466E1
1.905433879E1,1.506616974E0,-6.399192810E-1,-2.033715866E1
1.906435279E1,1.141077118E0,-1.088835754E0,-1.828881821E1
1.907436679E1,1.071621552E0,-1.141975250E0,-1.579081284E1
1.908438079E1,2.034868469E0,-9.377998352E-1,-1.477113327E1
1.909439479E1,2.434537354E0,-9.229806519E-1,-1.509416153E1
1.910440879E1,1.923649750E0,-6.803352356E-1,-1.667008438E1
1.911442279E1,1.263223114E0,-2.857557678E-1,-1.790262131E1
1.912443679E1,3.010240173E-1,-2.993774414E-3,-1.906465485E1
1.913445079E1,-1.207089844E0,-2.989283752E-1,-1.907692932E1
1.914446479E1,-2.532882843E0,-8.713380432E-1,-1.754306900E1
1.915447879E1,-2.841540985E0,-8.717871094E-1,-1.564142349E1
1.916449279E1,-2.427202606E0,-4.390370178E-1,-1.396999924E1
1.917450779E1,-1.920506287E0,1.158590698E-1,-1.221564743E1
1.918452179E1,-1.852098541E0,1.833686829E-1,-1.026804749E1
1.919453579E1,-2.426454163E0,-5.194198608E-2,-7.134164429E0
1.920454979E1,-3.260370026E0,5.942642212E-2,-4.698429565E0
1.921456379E1,-4.100572815E0,3.814068604E-1,-3.557502136E0
1.922457779E1,-4.580325165E0,6.153703308E-1,-2.040257263E0
1.923459179E1,-4.234993286E0,8.419990540E-1,1.459465027E-1
1.924460579E1,-3.153791656E0,1.483415222E0,1.932481384E0
1.925461979E1,-1.760339355E0,2.357896729E0,3.049458618E0
1.926463379E1,-6.602769470E-1,2.837499390E0,4.253255310E0
1.927464779E1,-3.170407104E-1,2.945424957E0,5.338049469E0
1.928466179E1,-5.445675659E-1,3.056943054E0,5.853278046E0
1.929467579E1,-8.355624390E-1,3.289259949E0,5.579197998E0
1.930469079E1,-1.341360626E0,3.000959473E0,5.115312653E0
1.931470479E1,-1.292412415E0,2.636018372E0,6.148015137E0
1.932471879E1,-1.417103119E0,1.897454224E0,6.916517029E0
1.933473279E1,-1.908231812E0,7.819738770E-1,5.800138550E0
1.934474679E1,-1.633253632E0,3.897894287E-1,3.612886963E0
1.935476079E1,1.438508606E-1,1.079105988E0,9.066645813E-1
1.936477479E1,2.226020966E0,3.352129211E0,-3.468736725E0
1.937478879E1,4.052672424E0,6.084397430E0,-9.371711426E0
1.938480279E1,3.828887787E0,6.735393677E0,-1.526540543E1
1.939481679E1,2.000589752E0,5.545967102E0,-1.963960922E1
1.940483079E1,1.167572021E-2,3.322939911E0,-2.225706619E1
1.941484479E1,-1.527573395E0,6.968009949E-1,-2.280986664E1
1.942485879E1,-1.694027252E0,-1.133293304E0,-2.112916168E1
1.943487279E1,4.480183411E-1,-8.596623230E-1,-1.884087021E1
1.944488779E1,3.541036377E0,8.957373047E-1,-1.685180649E1
1.945490179E1,5.756579132E0,2.234852600E0,-1.541733948E1
1.946491579E1,6.250551910E0,2.597248993E0,-1.435559738E1
1.947492979E1,5.953569489E0,2.369722137E0,-1.373079666E1
1.948494379E1,5.956413574E0,2.068997498E0,-1.366463425E1
1.949495779E1,7.364984436E0,2.310744781E0,-1.373543701E1
1.950497179E1,9.171128540E0,2.487826538E0,-1.366089203E1
1.951498579E1,1.025128235E1,1.750160522E0,-1.316826645E1
1.952499979E1,9.995015259E0,1.018931122E0,-1.223675354E1
1.953501379E1,6.438560944E0,-1.325942688E0,-9.775421906E0
1.954502779E1,4.955445099E0,-2.170037384E0,-7.848628693E0
1.955504179E1,3.061583405E0,-9.750723267E-1,-6.085295563E0
1.956505579E1,2.197729797E0,-1.016087036E0,-3.914060669E0
1.957506979E1,1.677711182E0,-3.540138245E-1,-3.502416687E0
1.958508379E1,1.901795197E0,5.947132874E-1,-3.093317413E0
1.959509879E1,3.594475250E0,1.486558685E0,-2.336790619E0
1.960511279E1,5.777385864E0,3.175496521E0,-2.012265472E0
1.961512679E1,7.268285522E0,4.504582672E0,-3.134631500E0
1.962514079E1,7.688461761E0,5.418132935E0,-5.856571198E0
1.963515479E1,5.669011230E0,5.569767609E0,-8.511150970E0
1.964516879E1,3.870650940E0,4.377496948E0,-9.694589996E0
1.965518279E1,2.398911438E0,5.469176788E0,-7.321425018E0
1.966519679E1,1.515897675E0,5.720803528E0,-5.000501404E0
1.967521079E1,7.286846924E-1,4.606820068E0,-3.269650726E0
1.968522479E1,1.731000366E0,5.382057953E0,-2.162552948E0
1.969523879E1,3.678300934E0,7.157216492E0,-2.377056885E-1
1.970525404E1,3.821852417E0,8.886570282E0,2.234852600E-1
1.971526804E1,3.535198517E0,9.995913391E0,4.047583008E-1
1.972528204E1,3.140768738E0,1.018931122E1,-1.167572021E-2
1.973529604E1,1.971849518E0,1.055006104E1,-4.156855774E-1
1.974531104E1,1.200204163E0,1.057296341E1,-8.684939575E-1
1.975532504E1,1.389111328E-1,1.024888733E1,-1.918111267E0
1.976533904E1,-5.252577209E-1,9.960287476E0,-2.021695862E0
1.977535304E1,-4.047583008E-1,1.063313828E1,-9.409432983E-1
1.978536704E1,8.348139954E-1,1.157737473E1,4.122427368E-1
1.979538104E1,3.064128113E-1,1.019874161E1,1.575324097E0
1.980539504E1,1.001866608E0,1.226938568E1,3.846700745E0
1.981540904E1,1.295705566E0,1.263851807E1,3.789819031E0
1.982542304E1,1.025667114E0,1.190249863E1,2.782413940E0
1.983543704E1,1.226998444E0,1.254571106E1,1.991758118E0
1.984545104E1,8.373587036E-1,1.223151443E1,1.639241180E0
1.985546504E1,-1.553768921E-1,1.070304291E1,1.076411591E0
1.986547904E1,-1.193168793E0,1.069795349E1,1.813478851E0
1.987549304E1,-1.200204163E0,1.067684738E1,1.942211151E0
1.988550704E1,-7.379653931E-1,1.069555847E1,1.788331146E0
1.989552204E1,-2.189945984E-1,1.093925171E1,1.958078156E0
1.990553604E1,-5.998027039E-1,1.007285339E1,6.176156616E-1
1.991555004E1,-1.246008911E0,1.067834427E1,7.084767151E-1
1.992556404E1,-1.188229065E0,1.092967163E1,-9.535171509E-2
1.993557804E1,-1.413211212E0,1.083387085E1,3.311114502E-1
1.994559204E1,-1.441801758E0,1.067235672E1,1.636546783E0
1.995560604E1,-1.023421783E0,1.048988617E1,2.703228607E0
1.996562004E1,-2.384541321E-1,1.036803955E1,3.615431671E0
1.997563404E1,2.529739380E-1,1.013512390E1,4.929099884E0
1.998564804E1,1.249900818E-1,9.716893616E0,5.813011780E0
1.999566204E1,-3.435356140E-1,9.598789215E0,5.220992889E0
2.000567604E1,-8.361611938E-1,9.654024353E0,3.601061554E0
2.001569004E1,-1.143472137E0,9.782606964E0,1.551523590E0
2.002570404E1,-6.674620056E-1,1.012314880E1,5.408253479E-1
2.003571804E1,1.769320679E-1,1.047836014E1,1.755100250E0
2.004573204E1,4.351451111E-1,1.027912445E1,3.466192017E0
2.005574704E1,4.267625427E-1,9.890981598E0,4.500990143E0
2.006576104E1,-6.945556641E-2,9.444310455E0,4.745132446E0
2.007577504E1,-7.581733704E-1,9.110803986E0,4.681365051E0
2.008578904E1,-9.234297180E-1,8.862470398E0,4.117637329E0
2.009580304E1,-9.812095642E-1,8.704099731E0,4.402494965E0
2.010581704E1,-9.135502625E-1,8.584348755E0,5.807323608E0
2.011583104E1,-5.923182678E-1,8.528065796E0,7.020251312E0
2.012584504E1,-1.541793823E-2,8.614585876E0,7.271129608E0
2.013585904E1,5.406756592E-1,9.005273438E0,6.908134460E0
2.014587304E1,6.313870239E-1,9.214238892E0,6.392007751E0
2.015588704E1,6.971003723E-1,9.318871307E0,5.207371216E0
2.016590104E1,9.544152832E-1,9.566606140E0,4.041146393E0
2.017591504E1,8.418493652E-1,9.535770264E0,3.263812866E0
2.018592904E1,5.342390442E-1,9.471703491E0,2.543510742E0
2.019594304E1,3.106040955E-1,9.411528625E0,3.077749786E0
2.020595704E1,3.513194275E-1,9.154662781E0,4.325255585E0
2.021597204E1,8.602610779E-1,9.229058075E0,5.281018066E0
2.022598604E1,9.746232605E-1,9.187743988E0,6.006858673E0
2.023600004E1,8.882528687E-1,8.973240051E0,6.363566895E0
2.024601404E1,7.529342651E-1,8.987909546E0,5.844745789E0
2.025602804E1,4.137396240E-1,8.914711761E0,4.961282959E0
2.026604204E1,2.107617188E-1,8.870703278E0,4.160148926E0
2.027605604E1,5.568420410E-1,9.021439819E0,3.636837158E0
2.028607004E1,1.113384705E0,9.288035431E0,3.809727631E0
2.029608404E1,1.431323547E0,9.338480530E0,4.588108978E0
2.030609804E1,1.428329773E0,9.229656830E0,5.082680511E0
2.031611204E1,1.187031555E0,9.042545929E0,5.332510986E0
2.032612604E1,8.798703003E-1,8.809031525E0,5.203479309E0
2.033614004E1,7.994874573E-1,8.791068878E0,4.682263184E0
2.034615404E1,8.536747742E-1,8.749305725E0,4.339176636E0
2.035616804E1,8.122109985E-1,8.660540314E0,4.125421143E0
2.036618204E1,6.051914978E-1,8.661288757E0,3.940405884E0
2.037619604E1,8.042774963E-1,8.811127167E0,3.711681519E0
2.038621004E1,1.460961914E0,9.102421417E0,3.612288208E0
2.039622504E1,1.808838501E0,9.281449127E0,3.624263306E0
2.040623904E1,1.545086975E0,9.144334259E0,3.709436188E0
2.041625304E1,1.280437317E0,8.963959351E0,4.030219116E0
2.042626704E1,1.205443268E0,8.767118683E0,4.616250458E0
2.043628104E1,9.243278503E-1,8.577163696E0,4.699776764E0
2.044629504E1,5.322930908E-1,8.344996490E0,4.581372986E0
2.045630904E1,6.282435608E-1,8.438701630E0,4.503983917E0
2.046632304E1,9.720785522E-1,8.628506927E0,4.385430450E0
2.047633704E1,1.176104279E0,8.786877594E0,4.039200439E0
2.048635104E1,1.481918335E0,9.003327484E0,4.060156860E0
2.049636504E1,1.469943237E0,8.897048492E0,4.310586090E0
2.050637904E1,1.428629150E0,8.770112457E0,4.449646912E0
2.051639304E1,1.643731842E0,8.815767517E0,4.570595398E0
2.052640704E1,1.416803741E0,8.829538879E0,4.238136749E0
2.053642104E1,1.082548828E0,8.716074829E0,4.039350128E0
2.054643504E1,1.042282562E0,8.746311951E0,4.187392273E0
2.055644904E1,1.234482880E0,8.820557556E0,4.438420258E0
2.056646304E1,1.352437592E0,8.844058685E0,4.742288361E0
2.057647704E1,1.504371643E0,8.871002655E0,4.865182800E0
2.058649204E1,1.579814758E0,8.944200439E0,4.810845795E0
2.059650604E1,1.651964722E0,8.843609619E0,4.559069366E0
2.060652004E1,1.635948029E0,8.849746857E0,4.369862823E0
2.061653404E1,1.343007202E0,8.546178131E0,4.475543060E0
2.062654804E1,1.056952057E0,8.309669952E0,5.045408020E0
2.063656204E1,9.114546204E-1,8.154143372E0,5.540129242E0
2.064657604E1,7.107220459E-1,8.065677338E0,5.570965118E0
2.065659004E1,5.352868652E-1,8.147706757E0,4.986430664E0
2.066660404E1,5.477110291E-1,8.359815674E0,4.277804260E0
2.067661804E1,9.931846619E-1,8.634045410E0,3.647465057E0
2.068663204E1,2.022893372E0,9.514215088E0,-3.614982605E-1
2.069664604E1,2.757116547E0,9.825717316E0,2.309846649E0
2.070665854E1,2.887944489E0,9.394164734E0,2.424208832E0
2.071667254E1,2.125280457E0,9.225016479E0,3.780987396E0
2.072668654E1,1.875749359E0,8.995843048E0,4.371060333E0
2.073670054E1,1.593137054E0,8.883726196E0,4.842879181E0
2.074671454E1,1.383123779E0,8.805738373E0,5.283712463E0
2.075672854E1,1.078058167E0,8.699010315E0,4.897365875E0
2.076674254E1,1.263073425E0,8.901688843E0,4.465064850E0