"Time (s)","X (rad/s)","Y (rad/s)","Z (rad/s)"
2.478875002E-3,1.456650347E-1,8.932336420E-2,1.122022718E-1
1.249287500E-2,1.532320231E-1,1.364976764E-1,1.091001034E-1
2.250687500E-2,1.811579317E-1,1.255797744E-1,8.582940698E-2
3.252087500E-2,2.065304816E-1,9.911235422E-2,4.396332055E-2
4.253487500E-2,2.137425989E-1,9.490295500E-2,3.085364029E-2
5.254887500E-2,1.709367186E-1,9.354993701E-2,1.458798442E-2
6.256287500E-2,1.070277840E-1,7.379274070E-2,1.395361964E-2
7.257687500E-2,4.562101513E-2,7.523484528E-2,3.625636175E-2
8.259087500E-2,-1.419331599E-2,1.126541197E-1,6.289489567E-2
9.260487500E-2,-5.635821447E-2,1.436152309E-1,1.035338342E-1
1.026188750E-1,-8.528520167E-2,1.728032082E-1,1.648605764E-1
1.126328750E-1,-1.163479462E-1,2.151927501E-1,2.341891676E-1
1.226468750E-1,-1.522886455E-1,2.341763079E-1,2.931198776E-1
1.326608750E-1,-1.840636134E-1,2.215941995E-1,3.461833596E-1
1.426748750E-1,-2.127152383E-1,1.680691838E-1,3.918067813E-1
1.526878750E-1,-2.198834121E-1,1.184394434E-1,4.351870120E-1
1.627018750E-1,-2.049947381E-1,2.924511954E-2,4.908207059E-1
1.727158750E-1,-1.704361141E-1,-8.129723370E-2,5.501432419E-1
1.827298750E-1,-1.361772120E-1,-1.358840466E-1,6.034740806E-1
1.927438750E-1,-1.173070148E-1,-1.055682227E-1,6.672343612E-1
2.027578750E-1,-1.182441786E-1,-9.803919494E-2,7.450663447E-1
2.127718750E-1,-1.426762789E-1,-1.268988103E-1,8.568077087E-1
2.227858750E-1,-2.240539491E-1,-1.448162943E-1,1.011619806E0
2.327998750E-1,-3.357101381E-1,-1.357000321E-1,1.184229732E0
2.428138750E-1,-4.316510558E-1,-6.035147980E-2,1.355181694E0
2.528278750E-1,-4.924367070E-1,1.734438539E-2,1.532438636E0
2.628418750E-1,-5.091605783E-1,4.002333060E-2,1.716470838E0
2.728558750E-1,-4.635637105E-1,-4.940109327E-2,1.915392280E0
2.828698750E-1,-3.745867014E-1,-1.972121298E-1,2.119255543E0
2.928838750E-1,-3.551726341E-1,-2.661954463E-1,2.299038649E0
3.028978750E-1,-4.538145363E-1,-1.109882891E-1,2.455008745E0
3.129118750E-1,-6.811738610E-1,1.551521719E-1,2.580216408E0
3.229248750E-1,-1.002282143E0,3.636348248E-1,2.689614296E0
3.329388750E-1,-1.364238143E0,4.014703333E-1,2.859979153E0
3.429528750E-1,-1.695021391E0,3.356418014E-1,3.040809393E0
3.529668750E-1,-1.876549006E0,1.793256849E-1,3.187790394E0
3.629808750E-1,-1.869381905E0,-1.112281997E-2,3.331865072E0
3.729948750E-1,-1.764169812E0,-1.657938808E-1,3.474557161E0
3.830088750E-1,-1.655812144E0,-2.877770662E-1,3.631486654E0
3.930228750E-1,-1.642588377E0,-3.269215226E-1,3.762393236E0
4.030368750E-1,-1.720780969E0,-2.648126185E-1,3.829922199E0
4.130508750E-1,-1.786924362E0,-1.695378870E-1,3.873712778E0
4.230648750E-1,-1.735619068E0,-9.546871483E-2,3.922512531E0
4.330788750E-1,-1.656370282E0,-2.099874467E-1,3.959767342E0
4.430928750E-1,-1.616491318E0,-4.996847808E-1,3.939781427E0
4.531068750E-1,-1.594903350E0,-7.960169911E-1,3.902300358E0
4.631208750E-1,-1.577864528E0,-9.806920290E-1,3.928894520E0
4.731348750E-1,-1.524756432E0,-1.127883792E0,4.024381638E0
4.831488750E-1,-1.455276370E0,-1.273905754E0,4.143295765E0
4.931628750E-1,-1.386271834E0,-1.560326338E0,4.183758736E0
5.031768750E-1,-1.304329395E0,-2.013324976E0,3.975472689E0
5.131908750E-1,-1.235154748E0,-2.492864847E0,3.476622820E0
5.232048750E-1,-1.240003109E0,-2.825680494E0,2.814603090E0
5.332188750E-1,-1.259251118E0,-3.033260345E0,2.109648466E0
5.432318750E-1,-1.190171719E0,-3.167448759E0,1.562651038E0
5.532458750E-1,-1.016680002E0,-3.207905531E0,1.228190660E0
5.632598750E-1,-7.770354152E-1,-3.246860504E0,9.677965641E-1
5.732738750E-1,-4.340644181E-1,-3.461490631E0,6.539393663E-1
5.832878750E-1,3.737368807E-2,-3.899860382E0,2.552351654E-1
5.933018750E-1,6.037771106E-1,-4.458070278E0,-1.446783543E-1
6.033158750E-1,1.140246987E0,-4.958825588E0,-5.493481159E-1
6.133298750E-1,1.456416965E0,-5.303968906E0,-1.063421488E0
6.233438750E-1,1.395882607E0,-5.475377083E0,-1.669923782E0
6.333578750E-1,1.043170333E0,-5.448924065E0,-2.222762823E0
6.433718750E-1,5.477623940E-1,-5.221660137E0,-2.701967716E0
6.533858750E-1,4.094498977E-2,-4.847906590E0,-3.133428097E0
6.633998750E-1,-3.938645422E-1,-4.410095692E0,-3.537370920E0
6.734138750E-1,-7.350410223E-1,-3.991951704E0,-3.873979807E0
6.834278750E-1,-9.883528948E-1,-3.712600470E0,-4.179295063E0
6.934422500E-1,-1.142207265E0,-3.622370958E0,-4.497257710E0
7.034562500E-1,-1.166457534E0,-3.703634977E0,-4.797190189E0
7.134702500E-1,-9.904565215E-1,-3.953386068E0,-5.087625504E0
7.234842500E-1,-6.164610982E-1,-4.271990776E0,-5.418358326E0
7.334982500E-1,-1.746095121E-1,-4.623427868E0,-5.720755577E0
7.435122500E-1,1.097348556E-1,-4.930787563E0,-5.874987125E0
7.535262500E-1,9.448856115E-2,-5.118797302E0,-5.839688778E0
7.635402500E-1,-1.745282561E-1,-4.959155560E0,-5.600426674E0
7.735542500E-1,-6.878882051E-1,-4.330928326E0,-5.265762329E0
7.835682500E-1,-1.351247311E0,-3.425688505E0,-4.924903393E0
7.935812500E-1,-1.928050518E0,-2.518237114E0,-4.632845402E0
8.035952500E-1,-2.255373955E0,-1.984291792E0,-4.453217506E0
8.136092500E-1,-2.281187296E0,-1.901554108E0,-4.414545059E0
8.236232500E-1,-2.044020891E0,-2.136555910E0,-4.465585709E0
8.336372500E-1,-1.637235880E0,-2.756249189E0,-4.602650642E0
8.436512500E-1,-1.149342656E0,-3.344948530E0,-4.663145065E0
8.536652500E-1,-7.557726502E-1,-3.497188330E0,-4.577666759E0
8.636792500E-1,-5.232634544E-1,-3.113240004E0,-4.333848953E0
8.736932500E-1,-5.107807517E-1,-2.527512074E0,-3.972947598E0
8.837072500E-1,-6.740874052E-1,-1.920120001E0,-3.452777863E0
8.937212500E-1,-9.503979087E-1,-1.251758695E0,-2.777627707E0
9.037352500E-1,-1.281296968E0,-5.444028378E-1,-1.962779880E0
9.137492500E-1,-1.541888595E0,3.322078884E-1,-1.132894874E0
9.237632500E-1,-1.663468838E0,1.150098205E0,-3.286426365E-1
9.337772500E-1,-1.526097178E0,1.630105495E0,4.171735942E-1
9.437912500E-1,-1.123738050E0,1.642978907E0,1.078985333E0
9.538052500E-1,-5.688438416E-1,1.208722591E0,1.663827538E0
9.638192500E-1,-7.382956799E-3,6.599919200E-1,2.139595032E0
9.738332500E-1,3.558669984E-1,2.687044144E-1,2.519316196E0
9.838472500E-1,3.196006119E-1,7.656826079E-2,2.812048197E0
9.938612500E-1,1.420756802E-3,9.784238040E-2,3.061916590E0
1.003875250E0,-2.794740200E-1,2.628238797E-1,3.331684589E0
1.013889250E0,-3.710981011E-1,4.164488018E-1,3.714663029E0
1.023903250E0,-1.998280734E-1,3.624135256E-1,4.305669308E0
1.033917250E0,1.692705154E-1,1.861143112E-1,4.922780991E0
1.043931250E0,5.430864692E-1,1.782505363E-1,5.461349964E0
1.053945250E0,6.409788728E-1,5.640494823E-1,5.901358128E0
1.063959250E0,4.241216779E-1,1.028524756E0,6.086218834E0
1.073973250E0,1.093450263E-1,1.165736318E0,6.051133633E0
1.083987250E0,-1.764883250E-1,9.219636917E-1,5.854734421E0
1.094001250E0,-4.797402024E-1,4.135640860E-1,5.476819515E0
1.104015250E0,-7.212013006E-1,-2.724747062E-1,5.075562954E0
1.114029250E0,-7.884056568E-1,-7.046198845E-1,4.840911865E0
1.124043250E0,-7.657853365E-1,-8.221132159E-1,4.621060848E0
1.134057250E0,-6.137652397E-1,-7.414618731E-1,4.341384411E0
1.144071250E0,-3.119217455E-1,-5.057231188E-1,4.070049763E0
1.154085250E0,-7.578584552E-2,-2.563262284E-1,3.782486200E0
1.164099250E0,-9.213205427E-3,-6.824766845E-2,3.409141779E0
1.174113250E0,-9.437301010E-2,1.606845707E-1,2.826611519E0
1.184127250E0,-3.672514260E-1,2.545141280E-1,2.137369156E0
1.194140250E0,-5.511422753E-1,7.926985621E-2,1.603779197E0
1.204154250E0,-4.765817523E-1,-2.276983410E-1,1.310998201E0
1.214168250E0,-2.028329521E-1,-2.590959370E-1,1.136205912E0
1.224182250E0,1.278163344E-1,3.031377681E-2,8.890981078E-1
1.234196250E0,3.013536632E-1,2.915448248E-1,5.907530189E-1
1.244210250E0,2.840252519E-1,4.017690718E-1,1.995916665E-1
1.254224250E0,1.370100528E-1,3.408946693E-1,-2.446752936E-1
1.264238250E0,-7.042011619E-2,1.578526795E-1,-6.252388954E-1
1.274252250E0,-2.483521849E-1,-9.730598330E-2,-9.302562475E-1
1.284266250E0,-3.436318338E-1,-4.967010617E-1,-1.073942304E0
1.294280250E0,-3.767402470E-1,-8.165469766E-1,-1.093042731E0
1.304294250E0,-3.377499580E-1,-8.380067348E-1,-1.061225176E0
1.314308250E0,-2.937865853E-1,-6.255554557E-1,-1.044111133E0
1.324322250E0,-3.530336618E-1,-3.495799899E-1,-1.099023104E0
1.334336250E0,-4.859645665E-1,-2.308970839E-1,-1.142990589E0
1.344350250E0,-5.623522401E-1,-2.926230133E-1,-1.141024113E0
1.354364250E0,-6.083716154E-1,-4.451470375E-1,-1.096451163E0
1.364378250E0,-6.778632998E-1,-6.347219944E-1,-1.037196398E0
1.374392250E0,-8.956792951E-1,-7.710505724E-1,-1.015299082E0
1.384406250E0,-1.283532500E0,-8.626561165E-1,-1.058710217E0
1.394420250E0,-1.723683357E0,-9.040709734E-1,-1.124245167E0
1.404434250E0,-2.107222319E0,-9.267587066E-1,-1.192123771E0
1.414448250E0,-2.383970022E0,-8.922779560E-1,-1.231230378E0
1.424462250E0,-2.598360300E0,-7.266674042E-1,-1.201392055E0
1.434476250E0,-2.806866407E0,-5.303223729E-1,-1.064315319E0
1.444490250E0,-2.998609781E0,-4.042392671E-1,-8.986997008E-1
1.454504250E0,-3.142120600E0,-4.352138638E-1,-7.608647346E-1
1.464518250E0,-3.213756323E0,-6.426328421E-1,-6.457091570E-1
1.474532250E0,-3.198552132E0,-9.969106317E-1,-5.630280375E-1
1.484546250E0,-3.071000338E0,-1.410827994E0,-4.413388968E-1
1.494560250E0,-2.885517120E0,-1.708109498E0,-2.534398437E-1
1.504574250E0,-2.737120390E0,-1.806723356E0,-2.544021234E-2
1.514588250E0,-2.704797029E0,-1.613739371E0,2.288567424E-1
1.524602250E0,-2.857342243E0,-1.129814267E0,4.651616812E-1
1.534616250E0,-3.188956738E0,-6.259710789E-1,6.642745137E-1
1.544630250E0,-3.536121368E0,-1.604680568E-1,7.807265520E-1
1.554644250E0,-3.737301826E0,5.475022644E-2,8.521249294E-1
1.564658250E0,-3.779780865E0,-2.094682539E-3,8.627368212E-1
1.574672250E0,-3.702229023E0,-2.403424084E-1,8.039363027E-1
1.584686250E0,-3.531063557E0,-4.814021587E-1,7.614983320E-1
1.594700250E0,-3.230279446E0,-5.618766546E-1,7.218121290E-1
1.604714250E0,-2.755576134E0,-3.776429296E-1,6.311663985E-1
1.614728250E0,-2.173720360E0,-3.436459973E-2,5.383000970E-1
1.624742250E0,-1.548178554E0,3.102423251E-1,5.170280933E-1
1.634756250E0,-1.020258546E0,4.547245204E-1,6.189564466E-1
1.644770250E0,-6.707959175E-1,5.043458343E-1,8.342807293E-1
1.654784250E0,-4.448231757E-1,5.268951058E-1,9.840995669E-1
1.664798250E0,-2.885851264E-1,5.126519799E-1,9.983570576E-1
1.674812250E0,-1.294782758E-1,5.050575137E-1,9.365750551E-1
1.684826250E0,1.337387115E-1,4.238745272E-1,8.680932522E-1
1.694840250E0,4.728198349E-1,3.651095629E-1,8.118444085E-1
1.704854250E0,7.835827470E-1,4.231401086E-1,7.514596581E-1
1.714868250E0,1.094381332E0,6.682399511E-1,6.248761415E-1
1.724882250E0,1.364462972E0,9.301764965E-1,5.165318251E-1
1.734896250E0,1.561257362E0,1.103489518E0,5.237933993E-1
1.744910250E0,1.740901351E0,1.181730986E0,5.538517237E-1
1.754924250E0,1.953071356E0,1.177218556E0,6.058955193E-1
1.764938250E0,2.211218119E0,1.149157882E0,6.989690065E-1
1.774952250E0,2.407266855E0,1.122270465E0,7.438201904E-1
1.784966250E0,2.489171267E0,1.139302492E0,7.092015147E-1
1.794980250E0,2.472193718E0,1.201970339E0,6.002835631E-1
1.804994250E0,2.420152426E0,1.310494781E0,5.242407322E-1
1.815008250E0,2.468139410E0,1.404654384E0,5.565294027E-1
1.825022250E0,2.605262756E0,1.398085952E0,6.314273477E-1
1.835036250E0,2.641715288E0,1.321543097E0,6.711248159E-1
1.845050250E0,2.475884914E0,1.225233316E0,5.890563130E-1
1.855064250E0,2.240782976E0,1.129082203E0,4.639511704E-1
1.865078250E0,2.038547754E0,1.084799647E0,3.114220798E-1
1.875092250E0,1.876669645E0,1.000133157E0,1.175098121E-1
1.885106250E0,1.807282686E0,8.833568096E-1,-5.478925258E-2
1.895120250E0,1.770040154E0,7.980719805E-1,-1.885630935E-1
1.905134250E0,1.676417828E0,6.894437671E-1,-3.010326624E-1
1.915148250E0,1.495105743E0,5.220205188E-1,-3.699959815E-1
1.925162250E0,1.257631660E0,3.310636282E-1,-4.125703275E-1
1.935176250E0,1.042865515E0,1.621046066E-1,-4.441848397E-1
1.945190250E0,8.931130767E-1,-2.104364336E-2,-4.458525181E-1
1.955204250E0,7.720633149E-1,-1.829762608E-1,-4.013477862E-1
1.965219250E0,5.915452242E-1,-2.253016084E-1,-3.278738260E-1
1.975232250E0,4.095578790E-1,-1.149915010E-1,-2.504439652E-1
1.985246250E0,2.622435391E-1,-7.108476013E-2,-1.202776879E-1
1.995261250E0,1.204463989E-1,-2.138002217E-1,2.509354800E-2
2.005275250E0,4.515431076E-2,-4.755758941E-1,1.429759711E-1
2.015289250E0,6.947219372E-2,-8.834421039E-1,2.448450774E-1
2.025303250E0,1.921352595E-1,-1.447255969E0,3.216301203E-1
2.035317250E0,3.971732259E-1,-2.111563921E0,3.624770343E-1
2.045331250E0,5.829929113E-1,-2.360454798E0,4.230407774E-1
2.055345250E0,6.218935251E-1,-1.992317319E0,5.769361854E-1
2.065359250E0,4.970491230E-1,-1.394579291E0,8.047248721E-1
2.075373250E0,3.355862200E-1,-8.827181458E-1,1.120273709E0
2.085387250E0,1.335111558E-1,-5.663748384E-1,1.469678044E0
2.095401250E0,-1.398229599E-1,-4.423701465E-1,1.750181794E0
2.105415250E0,-3.718703091E-1,-5.087295175E-1,1.904020905E0
2.115429250E0,-4.965195656E-1,-8.017430305E-1,1.924907088E0
2.125443250E0,-5.053407550E-1,-1.277565718E0,1.859784842E0
2.135457250E0,-4.755980372E-1,-1.681482434E0,1.800469279E0
2.145471250E0,-4.837840497E-1,-1.856468081E0,1.842589021E0
2.155485250E0,-5.476052165E-1,-1.771881342E0,1.985517263E0
2.165499250E0,-6.396526098E-1,-1.488721848E0,2.245052338E0
2.175513250E0,-7.113865018E-1,-1.112270594E0,2.566815853E0
2.185527250E0,-6.490773559E-1,-7.813163996E-1,2.915075064E0
2.195541250E0,-4.310363829E-1,-6.628509760E-1,3.313531876E0
2.205555250E0,-1.974167228E-1,-7.203678489E-1,3.638288021E0
2.215569250E0,-9.353809804E-2,-6.505529881E-1,3.865978003E0
2.225583250E0,-1.684131473E-1,-3.233024478E-1,3.916653156E0
2.235597250E0,-3.703430891E-1,1.047969088E-1,3.855381489E0
2.245611250E0,-5.771636963E-1,3.702386916E-1,3.678824902E0
2.255625250E0,-6.741761565E-1,2.357714474E-1,3.461396456E0
2.265639250E0,-6.066476703E-1,-2.061412483E-1,3.271929264E0
2.275653250E0,-4.388987124E-1,-7.928826809E-1,3.090569973E0
2.285667250E0,-1.702472717E-1,-1.262209177E0,2.892525196E0
2.295681250E0,9.601137787E-2,-1.325227022E0,2.649702787E0
2.305695250E0,1.889708787E-1,-1.090138674E0,2.456246614E0
2.315709250E0,6.772828102E-2,-5.348828435E-1,2.349845171E0
2.325723250E0,-2.274495661E-1,1.638475358E-1,2.251492977E0
2.335737250E0,-5.221943259E-1,7.130931616E-1,2.139093161E0
2.345751250E0,-6.025879979E-1,9.487890601E-1,2.031145334E0
2.355765250E0,-4.284348488E-1,1.005275011E0,1.920173407E0
2.365779250E0,-9.770885110E-2,9.486172795E-1,1.745781183E0
2.375794250E0,2.751636207E-1,7.848559618E-1,1.516509652E0
2.385808250E0,5.459492803E-1,6.050217152E-1,1.214665532E0
2.395822250E0,6.986545920E-1,3.262028694E-1,8.302212358E-1
2.405836250E0,7.986283302E-1,4.431525990E-2,3.981470168E-1
2.415850250E0,8.324210644E-1,-4.644298553E-2,-5.186865106E-2
2.425864250E0,7.934438586E-1,-2.265616134E-2,-4.626327455E-1
2.435878250E0,7.515445352E-1,6.577611715E-2,-7.848289013E-1
2.445892250E0,7.649109960E-1,2.231790572E-1,-1.034758091E0
2.455906250E0,8.422959447E-1,3.632863462E-1,-1.246647358E0
2.465920250E0,9.195407033E-1,4.103475809E-1,-1.447301269E0
2.475934250E0,9.329203963E-1,3.584181964E-1,-1.691719890E0
2.485948250E0,8.939221501E-1,2.490735948E-1,-1.949761033E0
2.495962250E0,8.519650698E-1,1.365590394E-1,-2.195395947E0
2.505976250E0,8.087905049E-1,-1.993468404E-2,-2.422056675E0
2.515990250E0,7.709480524E-1,-1.672081947E-1,-2.630727291E0
2.526004250E0,7.302653193E-1,-3.014328480E-1,-2.797662258E0
2.536018250E0,7.139714956E-1,-4.000681341E-1,-2.898991346E0
2.546032250E0,6.982990503E-1,-4.230589271E-1,-2.946156263E0
2.556046250E0,6.094965935E-1,-2.710915804E-1,-2.954573631E0
2.566060250E0,4.360364079E-1,-1.344699133E-2,-2.942556620E0
2.576074250E0,2.788173854E-1,1.864746362E-1,-2.918592691E0
2.586088250E0,1.726094484E-1,2.749645412E-1,-2.902936220E0
2.596102250E0,1.283538938E-1,2.220995128E-1,-2.892785072E0
2.606116250E0,1.513772011E-1,4.086501151E-2,-2.876439571E0
2.616130250E0,2.006386817E-1,-2.333168238E-1,-2.860635042E0
2.626144250E0,2.353724390E-1,-5.525134206E-1,-2.838270426E0
2.636159250E0,2.406498641E-1,-8.513970375E-1,-2.805538416E0
2.646173250E0,1.995346397E-1,-9.922185540E-1,-2.750896454E0
2.656187250E0,1.276381612E-1,-8.754644990E-1,-2.648165464E0
2.666201250E0,2.297300287E-2,-6.101486683E-1,-2.485988855E0
2.676215250E0,-9.937873483E-2,-3.576199710E-1,-2.269409180E0
2.686229250E0,-2.269784957E-1,-1.178145632E-1,-2.010886669E0
2.696243250E0,-3.415958583E-1,6.165559590E-2,-1.747975349E0
2.706257250E0,-3.987888396E-1,1.057351753E-1,-1.506017923E0
2.716271250E0,-3.816916347E-1,5.437958054E-3,-1.288734436E0
2.726285250E0,-3.071137965E-1,-2.112874240E-1,-1.101814866E0
2.736299250E0,-2.048055679E-1,-4.535481334E-1,-9.358456731E-1
2.746313250E0,-1.290048212E-1,-6.130978465E-1,-7.894905806E-1
2.756327250E0,-6.157590076E-2,-6.147688627E-1,-6.407039762E-1
2.766341250E0,2.236369532E-3,-4.962502122E-1,-4.590417147E-1
2.776355250E0,1.677816734E-2,-4.287293255E-1,-2.341825515E-1
2.786369250E0,2.627393417E-2,-4.088957012E-1,3.821752733E-3
2.796383250E0,5.197948217E-2,-4.476456344E-1,2.201202512E-1
2.806397250E0,8.990715444E-2,-5.668300986E-1,3.604688346E-1
2.816411250E0,1.205525398E-1,-6.458950043E-1,4.767672420E-1
2.826425250E0,6.270521879E-2,-5.846103430E-1,6.104472876E-1
2.836439250E0,-7.569847256E-2,-4.183739126E-1,7.420515418E-1
2.846453250E0,-1.690172404E-1,-3.084093332E-1,8.456346393E-1
2.856468250E0,-8.756535500E-2,-2.948054075E-1,9.616007805E-1
2.866482250E0,2.274778187E-1,-4.012514055E-1,1.147714257E0
2.876496250E0,6.282941699E-1,-5.439955592E-1,1.417017341E0
2.886510250E0,9.760233760E-1,-4.308327734E-1,1.710191727E0
2.896524250E0,1.326553106E0,-2.770871390E-3,1.930448413E0
2.906538250E0,1.762964010E0,6.094959974E-1,2.002539396E0
2.916552250E0,2.295403719E0,1.021425247E0,1.908888817E0
2.926566250E0,2.829920530E0,1.118296385E0,1.740728021E0
2.936580250E0,3.224689484E0,9.707204700E-1,1.603403687E0
2.946594250E0,3.413341045E0,7.277842760E-1,1.538735747E0
2.956608250E0,3.540945768E0,4.869952500E-1,1.623972297E0
2.966622250E0,3.659292221E0,3.304354846E-1,1.751729131E0
2.976636250E0,3.645262718E0,2.869751453E-1,1.814755321E0
2.986650250E0,3.442176580E0,3.498105705E-1,1.776606917E0
2.996664250E0,3.107856989E0,4.039917886E-1,1.632163167E0
3.006678250E0,2.801857948E0,3.465732336E-1,1.383261204E0
3.016692250E0,2.622773409E0,1.544259787E-1,1.128705740E0
3.026706250E0,2.687038660E0,1.217377931E-1,1.030169129E0
3.036721250E0,2.831613779E0,3.955641091E-1,1.011088967E0
3.046735250E0,2.640108109E0,8.013890982E-1,9.372036457E-1
3.056749250E0,2.107351303E0,1.163139701E0,8.333449364E-1
3.066763250E0,1.461657882E0,1.311460733E0,7.269892097E-1
3.076777250E0,8.927707076E-1,1.184048176E0,6.091299653E-1
3.086791250E0,4.971455634E-1,9.258500934E-1,5.320847034E-1
3.096805250E0,3.681534827E-1,6.164596081E-1,4.423657954E-1
3.106819250E0,4.132013917E-1,2.877160907E-1,3.252042830E-1
3.116833250E0,5.376292467E-1,-2.920249477E-2,2.619689107E-1
3.126847250E0,6.815611124E-1,-3.606344759E-1,2.165281773E-1
3.136861250E0,7.772002816E-1,-6.941873431E-1,1.896562874E-1
3.146875250E0,7.802711725E-1,-8.881267309E-1,1.947285533E-1
3.156889250E0,6.535205245E-1,-8.287070394E-1,1.742002815E-1
3.166903250E0,3.281109929E-1,-6.121342778E-1,8.124185354E-2
3.176917250E0,-7.709109783E-2,-3.733731508E-1,-7.149516046E-2
3.186931250E0,-4.527779222E-1,-2.318506241E-1,-2.493682355E-1
3.196945250E0,-7.840722799E-1,-2.168094516E-1,-4.327559471E-1
3.206960250E0,-1.005248070E0,-2.542740107E-1,-5.895887017E-1
3.216974250E0,-1.166929722E0,-3.564372361E-1,-7.396482825E-1
3.226988250E0,-1.312235236E0,-4.612134695E-1,-8.685255647E-1
3.237002250E0,-1.417842150E0,-5.009588003E-1,-9.832744002E-1
3.247016250E0,-1.515579939E0,-4.515071213E-1,-1.077681661E0
3.257030250E0,-1.628252625E0,-4.060284793E-1,-1.190535665E0
3.267044250E0,-1.687761784E0,-5.055693984E-1,-1.308872104E0
3.277058250E0,-1.704602599E0,-7.475109100E-1,-1.432009339E0
3.287072250E0,-1.742231965E0,-1.014984369E0,-1.533790350E0
3.297086250E0,-1.803892374E0,-1.222616434E0,-1.609780669E0
3.307100250E0,-1.916196585E0,-1.308782697E0,-1.656506658E0
3.317114250E0,-2.080809593E0,-1.240108252E0,-1.686425805E0
3.327128250E0,-2.267850876E0,-8.769947886E-1,-1.678190827E0
3.337142250E0,-2.442841530E0,-4.115497768E-1,-1.627068996E0
3.347156250E0,-2.545555353E0,-6.662272662E-2,-1.528640389E0
3.357171250E0,-2.510441303E0,8.735068142E-2,-1.412528872E0
3.367185250E0,-2.355798483E0,-3.381702304E-2,-1.325314403E0
3.377199250E0,-2.069167376E0,-3.354494572E-1,-1.288010955E0
3.387213250E0,-1.720309734E0,-6.677019596E-1,-1.281672597E0
3.397227250E0,-1.374822259E0,-9.913110733E-1,-1.260368943E0
3.407241250E0,-1.106823325E0,-1.274912119E0,-1.178519607E0
3.417255250E0,-9.077508450E-1,-1.402355909E0,-1.071767926E0
3.427269250E0,-8.309774995E-1,-1.257695913E0,-9.588297009E-1
3.437283250E0,-8.696734309E-1,-8.178060651E-1,-8.582370281E-1
3.447297250E0,-9.197163582E-1,-2.247821391E-1,-7.931339145E-1
3.457311250E0,-9.027256966E-1,1.240797043E-1,-7.014942765E-1
3.467325250E0,-7.493782043E-1,5.465108529E-2,-5.751557946E-1
3.477339250E0,-4.844444990E-1,-2.142043263E-1,-4.401047826E-1
3.487353250E0,-2.074546963E-1,-4.610292912E-1,-3.374726772E-1
3.497368250E0,5.733185634E-2,-5.597586632E-1,-2.489949763E-1
3.507382250E0,3.381464779E-1,-5.037750602E-1,-1.881598532E-1
3.517396250E0,6.104443073E-1,-3.969881237E-1,-1.377822161E-1
3.527410250E0,8.343181610E-1,-2.867366970E-1,-6.424035877E-2
3.537424250E0,9.467260242E-1,-1.109553203E-1,3.671745211E-2
3.547438250E0,9.228568673E-1,1.924000382E-1,9.042808414E-2
3.557452250E0,9.218314886E-1,5.563417673E-1,1.132905334E-1
3.567466250E0,1.122573376E0,9.842539430E-1,5.631273985E-2
3.577480250E0,1.562191606E0,1.213189363E0,-1.172075719E-1
3.587494250E0,2.163869619E0,1.081072092E0,-2.900896072E-1
3.597508250E0,2.746825457E0,6.717547774E-1,-4.654955566E-1
3.607522250E0,3.129269838E0,2.322290391E-1,-6.676577330E-1
3.617536250E0,3.345458031E0,-5.534940958E-2,-8.686163425E-1
3.627551250E0,3.384484529E0,-1.683896780E-1,-1.005834341E0
3.637565250E0,3.352310419E0,-2.121960074E-1,-1.000286698E0
3.647579250E0,3.380028248E0,-1.017238274E-1,-8.576158881E-1
3.657593250E0,3.415872335E0,1.521729380E-1,-7.243750691E-1
3.667607250E0,3.292246342E0,5.807825923E-1,-7.207398415E-1
3.677621250E0,3.047976255E0,1.028020382E0,-8.030251861E-1
3.687635250E0,2.747695208E0,1.315919757E0,-8.755097985E-1
3.697649542E0,2.451814413E0,1.417686224E0,-9.174258113E-1
3.707663542E0,2.192385435E0,1.329510570E0,-9.244179130E-1
3.717677542E0,2.032418251E0,1.184701443E0,-9.137369990E-1
3.727691542E0,1.951747060E0,1.013255358E0,-9.201791883E-1
3.737705542E0,1.887411833E0,8.314599395E-1,-9.355165362E-1
3.747719542E0,1.790344596E0,7.351177335E-1,-8.768779635E-1
3.757734542E0,1.632054567E0,7.791515589E-1,-7.395383120E-1
3.767748542E0,1.419263005E0,9.028351307E-1,-5.834355354E-1
3.777762542E0,1.151516557E0,1.050061464E0,-4.405402541E-1
3.787776542E0,8.653720617E-1,1.152015805E0,-2.945234179E-1
3.797790542E0,5.735064149E-1,1.118644714E0,-1.778367907E-1
3.807804542E0,3.509079814E-1,9.258030653E-1,-1.102811769E-1
3.817818542E0,2.311806232E-1,6.566859484E-1,-6.289024651E-2
3.827832542E0,9.652426839E-2,3.621174693E-1,-3.786611930E-2
3.837846542E0,-9.210852534E-2,1.095561832E-1,-3.487671912E-2
3.847860542E0,-3.126366436E-1,-1.579029560E-1,-6.387507915E-2
3.857874542E0,-5.208620429E-1,-4.625976682E-1,-7.930804044E-2
3.867888542E0,-6.674240828E-1,-7.675964236E-1,-7.626910508E-2
3.877903542E0,-7.626425624E-1,-9.670936465E-1,-6.912186742E-2
3.887917542E0,-8.382361531E-1,-9.691078067E-1,-3.884865344E-2
3.897931542E0,-9.617929459E-1,-8.218767047E-1,6.438153796E-3
3.907945542E0,-1.106404424E0,-6.427612901E-1,9.049630910E-2
3.917959542E0,-1.263495803E0,-5.159407258E-1,2.053987086E-1
3.927973542E0,-1.444089770E0,-4.148087502E-1,3.326831758E-1
3.937987542E0,-1.648607492E0,-3.243623376E-1,4.482198656E-1
3.948001542E0,-1.838465095E0,-2.712479830E-1,5.281951427E-1
3.958015542E0,-1.980020761E0,-3.087759614E-1,5.447042584E-1
3.968029542E0,-2.076824427E0,-4.479413033E-1,4.997458458E-1
3.978043542E0,-2.161787987E0,-6.398696303E-1,4.266009927E-1
3.988058542E0,-2.265763998E0,-8.705563545E-1,3.027056456E-1
3.998072542E0,-2.341101408E0,-1.171120167E0,1.468686759E-1
4.008086542E0,-2.308091402E0,-1.332812548E0,3.463241830E-2
4.018100542E0,-2.170533419E0,-1.267785788E0,2.041109838E-2
4.028114542E0,-1.935822129E0,-1.088045597E0,6.320516765E-2
4.038128542E0,-1.597124815E0,-8.818551898E-1,1.676759720E-1
4.048142542E0,-1.158282995E0,-6.502531171E-1,3.057078719E-1
4.058156542E0,-7.721952200E-1,-4.319356680E-1,3.914099932E-1
4.068170542E0,-5.423071384E-1,-2.460874915E-1,3.592837453E-1
4.078184542E0,-4.186111093E-1,-1.065110192E-1,2.377594858E-1
4.088198542E0,-3.376619518E-1,-7.417891175E-2,4.187307879E-2
4.098213542E0,-2.318481654E-1,-1.102309227E-1,-2.153248936E-1
4.108227542E0,-1.049108878E-1,-1.564720422E-1,-4.897362590E-1
4.118241542E0,-1.871694624E-2,-1.622585207E-1,-7.812581658E-1
4.128255542E0,2.061900869E-2,-4.473242536E-2,-1.047170520E0
4.138269542E0,1.061630398E-1,3.306892514E-1,-1.328141212E0
4.148283542E0,2.108066231E-1,7.704522610E-1,-1.592977643E0
4.158297542E0,3.265516758E-1,1.164426684E0,-1.744949460E0
4.168311542E0,4.329249859E-1,1.486472368E0,-1.782980204E0
4.178325542E0,5.331143737E-1,1.692937374E0,-1.746642590E0
4.188339542E0,6.993728280E-1,1.973138332E0,-1.763285756E0
4.198353542E0,8.799201846E-1,2.163647890E0,-1.882324696E0
4.208368542E0,1.033234477E0,2.239145994E0,-2.012424946E0
4.218382542E0,1.129504442E0,2.157847881E0,-2.150034189E0
4.228396542E0,1.147737741E0,1.833010197E0,-2.333289862E0
4.238410542E0,1.176721334E0,1.388187289E0,-2.551858187E0
4.248424542E0,1.264950871E0,9.517833591E-1,-2.812513351E0
4.258438542E0,1.460857511E0,4.678994119E-1,-3.028288126E0
4.268452542E0,1.717727661E0,2.920005936E-3,-3.090416670E0
4.278466542E0,1.886298299E0,-2.715785503E-1,-2.784702301E0
4.288480542E0,1.954420924E0,-2.756547630E-1,-1.971416235E0
4.298494542E0,1.898756742E0,-9.674344212E-2,-1.049433708E0
4.308509542E0,1.634225249E0,4.118723869E-1,-3.003825545E-1
4.318523542E0,1.304461002E0,1.058283091E0,4.610695541E-1
4.328537542E0,1.029569507E0,1.789563179E0,1.038798809E0
4.338551542E0,8.021796346E-1,2.438141584E0,1.352681041E0
4.348565542E0,6.510052681E-1,2.642491579E0,1.427260995E0
4.358579542E0,6.390776634E-1,2.381711721E0,1.281139970E0
4.368593542E0,7.686295509E-1,1.854243875E0,1.036128640E0
4.378607542E0,1.044632792E0,1.206441522E0,8.466765285E-1
4.388621542E0,1.414250731E0,6.668452024E-1,7.596873045E-1
4.398635542E0,1.756237030E0,3.521481156E-1,8.258162737E-1
4.408650542E0,1.949759841E0,2.706987858E-1,1.039112568E0
4.418664542E0,1.835732460E0,6.282517910E-1,1.351038098E0
4.428678542E0,1.461974025E0,1.200804234E0,1.815236092E0
4.438692542E0,1.421544313E0,1.495867729E0,2.270780802E0
4.448706542E0,1.602211475E0,1.902480006E0,2.399558306E0
4.458720542E0,1.773318172E0,2.247637510E0,2.422653437E0
4.468734542E0,1.902707815E0,2.644764185E0,2.420346975E0
4.478748542E0,2.117084026E0,2.818394423E0,2.449108362E0
4.488763542E0,2.260501146E0,2.685914993E0,2.515479088E0
4.498777542E0,2.206231833E0,2.123867273E0,2.652145863E0
4.508791542E0,2.204054117E0,1.232784271E0,2.815323114E0
4.518805542E0,2.407845497E0,2.113415152E-1,2.896913290E0
4.528819542E0,2.719809294E0,-4.709297419E-1,2.765645027E0
4.538833542E0,3.032117605E0,-5.868402123E-1,2.484446287E0
4.548847542E0,3.277344465E0,-2.199836373E-1,2.307408333E0
4.558861542E0,3.521771193E0,4.271702170E-1,2.556644440E0
4.568875542E0,3.886070251E0,6.640328169E-1,2.770036221E0
4.578890542E0,4.414545536E0,5.615280271E-1,2.780334949E0
4.588904542E0,4.894289494E0,3.132939935E-1,2.875539303E0
4.598918542E0,5.153082848E0,-1.245393455E-1,2.725391865E0
4.608932542E0,5.189825058E0,-4.780305624E-1,2.550601959E0
4.618946542E0,5.155548096E0,-7.161111236E-1,2.378871202E0
4.628960542E0,5.352640629E0,-1.004967093E0,2.018729687E0
4.638974542E0,5.844338894E0,-1.152446628E0,1.408628941E0
4.648989542E0,6.486844063E0,-1.436268449E0,7.524449825E-1
4.659003542E0,7.019077778E0,-1.694526196E0,5.919188857E-1
4.669017542E0,7.052089691E0,-1.846861601E0,8.482888937E-1
4.679031542E0,6.852032185E0,-1.937412262E0,1.331868410E0
4.689045542E0,6.874832153E0,-2.265656948E0,1.610954404E0
4.699059125E0,7.382388115E0,-3.154500723E0,1.652969956E0
4.709073125E0,7.962242126E0,-3.866447449E0,1.875921249E0
4.719087125E0,8.147854805E0,-4.212439060E0,2.049534321E0
4.729102125E0,7.817870617E0,-4.334651470E0,2.055325747E0
4.739116125E0,7.113460541E0,-4.217401505E0,1.954475522E0
4.749130125E0,5.965556145E0,-4.367853642E0,1.721490741E0
4.759144125E0,4.945360184E0,-4.952268600E0,1.460081339E0
4.769158125E0,4.372324467E0,-5.948560715E0,1.399873137E0
4.779172125E0,4.385941505E0,-6.849713326E0,1.623341560E0
4.789186125E0,4.675632477E0,-7.362908840E0,2.056659937E0
4.799201125E0,4.295025826E0,-7.360804081E0,2.371920586E0
4.809215125E0,3.382622004E0,-6.736953735E0,2.632162809E0
4.819229125E0,2.228681326E0,-5.881547451E0,2.820098639E0
4.829243125E0,1.138110518E0,-5.217468262E0,2.860998154E0
4.839257125E0,2.601599693E-1,-4.916243076E0,2.876656055E0
4.849271125E0,-4.919428229E-1,-4.961833477E0,2.954391718E0
4.859285125E0,-1.154920459E0,-5.287354946E0,3.011084795E0
4.869300125E0,-1.622474551E0,-5.747813702E0,3.160418034E0
4.879314125E0,-2.139312983E0,-6.019258022E0,3.397964478E0
4.889328125E0,-2.726729870E0,-5.951112747E0,3.611867905E0
4.899342125E0,-3.321740150E0,-5.565172195E0,3.729079962E0
4.909356125E0,-3.877335548E0,-5.093822956E0,3.700862408E0
4.919370125E0,-4.301378727E0,-4.764571667E0,3.604302406E0
4.929384125E0,-4.699174881E0,-4.648809910E0,3.546993256E0
4.939398125E0,-5.235306263E0,-4.711942673E0,3.540537357E0
4.949413125E0,-5.763367653E0,-4.797866821E0,3.542133570E0
4.959427125E0,-6.097603798E0,-4.797874451E0,3.515650272E0
4.969441125E0,-6.351572990E0,-4.483749390E0,3.473367214E0
4.979455125E0,-6.575886250E0,-3.989807844E0,3.343766689E0
4.989469125E0,-6.723288536E0,-3.404633522E0,3.068227053E0
4.999483125E0,-6.941256046E0,-2.742398500E0,2.675352812E0
5.009497125E0,-7.219037056E0,-1.984688044E0,2.183073282E0
5.019512125E0,-7.503777027E0,-1.182702303E0,1.680870414E0
5.029526125E0,-7.844019413E0,-4.899365902E-1,1.193756461E0
5.039540125E0,-8.240969658E0,2.676540241E-2,7.164446712E-1
5.049554125E0,-8.604978561E0,5.082132816E-1,1.655237377E-1
5.059568125E0,-8.785520554E0,8.435532451E-1,-4.310185015E-1
5.069582125E0,-8.874898911E0,1.178274751E0,-8.981079459E-1
5.079596125E0,-8.903869629E0,1.568709731E0,-1.278968453E0
5.089611125E0,-8.735299110E0,1.897236228E0,-1.590155721E0
5.099625125E0,-8.472684860E0,2.083394527E0,-1.894003987E0
5.109639125E0,-8.171421051E0,2.221816301E0,-2.206332684E0
5.119653125E0,-7.919941425E0,2.340781689E0,-2.484553099E0
5.129667125E0,-7.697265625E0,2.363557577E0,-2.526746511E0
5.139681125E0,-7.470682144E0,2.138780117E0,-2.331578732E0
5.149696125E0,-6.824837685E0,1.938831449E0,-2.059471607E0
5.159710125E0,-5.877422810E0,1.779488564E0,-1.931298971E0
5.169724125E0,-4.935745716E0,1.449703455E0,-1.869373322E0
5.179738125E0,-4.136266232E0,8.858713508E-1,-1.688230276E0
5.189752125E0,-3.409394741E0,2.309854031E-1,-1.402100801E0
5.199766125E0,-2.646054983E0,-3.900175095E-1,-1.090605021E0
5.209780125E0,-1.887253165E0,-1.028896332E0,-8.034504056E-1
5.219795125E0,-1.157592297E0,-1.712502480E0,-5.295924544E-1
5.229809125E0,-5.699665546E-1,-2.391850710E0,-3.456157148E-1
5.239823125E0,-1.643156260E-1,-2.941632032E0,-2.153610438E-1
5.249837125E0,1.729111373E-1,-3.274725199E0,-8.710347116E-2
5.259851125E0,4.881742597E-1,-3.293514252E0,4.393763468E-2
5.269865125E0,8.208693862E-1,-3.041638374E0,1.624158174E-1
5.279879125E0,1.149327636E0,-2.624906540E0,2.581162453E-1
5.289894125E0,1.454702735E0,-2.058712482E0,3.101198077E-1
5.299908125E0,1.753976464E0,-1.336853385E0,3.929007351E-1
5.309922125E0,2.084724188E0,-5.466980934E-1,5.473896861E-1
5.319936125E0,2.427235603E0,1.996222883E-1,7.501616478E-1
5.329950125E0,2.751787186E0,8.617496490E-1,9.949324727E-1
5.339964125E0,3.033879757E0,1.474656940E0,1.300734401E0
5.349978125E0,3.347424030E0,1.917525649E0,1.650730252E0
5.359993125E0,3.745282888E0,2.257642984E0,2.065627098E0
5.370007125E0,4.118589878E0,2.496365070E0,2.515024900E0
5.380021125E0,4.633661270E0,2.541634798E0,2.990092039E0
5.390035125E0,5.205801964E0,2.393612623E0,3.422088623E0
5.400049125E0,5.583796024E0,2.246572018E0,3.632218361E0
5.410063125E0,5.758920670E0,2.128211021E0,3.545040846E0
5.420077125E0,5.984386444E0,2.103782654E0,3.323093891E0
5.430092125E0,6.267290115E0,2.090599537E0,3.150377512E0
5.440106125E0,6.500301838E0,2.085716963E0,3.164867878E0
5.450120125E0,6.741076946E0,2.180560827E0,3.342125177E0
5.460134125E0,7.078962803E0,2.250022650E0,3.595709801E0
5.470148125E0,7.443304539E0,2.335034370E0,3.837440729E0
5.480162125E0,7.796954632E0,2.472625017E0,3.917772532E0
5.490177125E0,7.904225826E0,2.740726948E0,3.843392372E0
5.500191125E0,7.570575714E0,3.345071554E0,3.723217010E0
5.510205125E0,6.956095219E0,4.034729958E0,3.595190048E0
5.520219125E0,6.510615826E0,4.465208530E0,3.486666441E0
5.530233125E0,6.354599476E0,4.595534801E0,3.323741436E0
5.540247125E0,6.059930325E0,4.607458115E0,3.319349766E0
5.550261125E0,5.515552998E0,4.726458073E0,3.548354149E0
5.560276125E0,4.727159023E0,5.204281330E0,3.848427534E0
5.570290125E0,4.043059826E0,5.291935921E0,3.925889015E0
5.580304125E0,3.861229181E0,4.786784649E0,3.739384413E0
5.590318125E0,4.120198250E0,4.012203693E0,3.512478113E0
5.600332125E0,4.436890602E0,3.440001965E0,3.382090330E0
5.610346125E0,4.444256783E0,3.148973703E0,3.248186350E0
5.620360125E0,4.106785297E0,3.022151232E0,3.021111488E0
5.630375125E0,3.373955250E0,3.238489628E0,2.826410532E0
5.640389125E0,2.536170959E0,3.635388374E0,2.686411142E0
5.650403125E0,1.944538593E0,3.843591690E0,2.518622398E0
5.660417125E0,1.772658110E0,3.682821512E0,2.317561150E0
5.670431125E0,1.822285771E0,3.040282488E0,2.144054890E0
5.680445125E0,1.885327816E0,2.097593069E0,1.843726516E0
5.690458750E0,1.800565600E0,1.111073017E0,1.238256574E0
5.700473750E0,1.592417836E0,1.986009777E-1,4.626912177E-1
5.710487750E0,1.218289852E0,-4.498400986E-1,-1.770264506E-1
5.720501750E0,5.549704432E-1,-7.135154009E-1,-7.079019547E-1
5.730515750E0,-3.567457199E-1,-6.778413057E-1,-1.156908512E0
5.740529750E0,-1.318009377E0,-5.029294491E-1,-1.524749517E0
5.750543750E0,-2.093870401E0,-3.709013462E-1,-1.706332326E0
5.760558750E0,-2.473695755E0,-4.523330331E-1,-1.750939369E0
5.770572750E0,-2.369298935E0,-6.810079813E-1,-1.886578202E0
5.780586750E0,-2.052066803E0,-9.461852312E-1,-1.901231408E0
5.790600750E0,-2.130633116E0,-1.114610314E0,-1.464621305E0
5.800614750E0,-2.448154688E0,-1.129065752E0,-9.617992043E-1
5.810628750E0,-2.794979095E0,-1.025721550E0,-6.402038932E-1
5.820642750E0,-3.164068937E0,-7.598102093E-1,-5.358178020E-1
5.830657750E0,-3.525130510E0,-4.463135302E-1,-5.209219456E-1
5.840671750E0,-3.886820078E0,-2.112074941E-1,-4.102324545E-1
5.850685750E0,-4.132047653E0,-3.150614798E-1,-2.190819383E-1
5.860699750E0,-4.146065235E0,-8.532036543E-1,-7.428080589E-2
5.870713750E0,-4.041516781E0,-1.503569722E0,7.791778445E-2
5.880727750E0,-3.943015099E0,-2.102886200E0,3.378105760E-1
5.890741750E0,-3.868137598E0,-2.525955677E0,7.086600065E-1
5.900756750E0,-3.811814070E0,-2.815234900E0,1.147397757E0
5.910770750E0,-3.752441168E0,-2.921075821E0,1.593915582E0
5.920784750E0,-3.655212402E0,-2.665069103E0,2.065326214E0
5.930798750E0,-3.545229197E0,-2.310998201E0,2.570235968E0
5.940812750E0,-3.379803896E0,-2.070384026E0,2.947386980E0
5.950826750E0,-3.142471313E0,-1.858293891E0,3.160919428E0
5.960841750E0,-2.920466661E0,-1.791163802E0,3.397534370E0
5.970855750E0,-2.993566990E0,-1.831847429E0,3.652731657E0
5.980869750E0,-3.283562660E0,-1.783940196E0,3.883998394E0
5.990883750E0,-3.703586340E0,-1.614432454E0,4.046854496E0
6.000897750E0,-4.154176235E0,-1.325577855E0,4.121921539E0
6.010911750E0,-4.500263691E0,-9.750863910E-1,4.156074047E0
6.020926750E0,-4.718324184E0,-5.755620599E-1,4.199133396E0
6.030940750E0,-4.834813118E0,-3.258523941E-1,4.429028034E0
6.040954750E0,-4.862816811E0,-2.213627547E-1,4.778808117E0
6.050968750E0,-4.782116413E0,-2.174289972E-1,5.092614651E0
6.060982750E0,-4.642872334E0,-2.860201597E-1,5.211258411E0
6.070996750E0,-4.513844967E0,-5.218457580E-1,5.182915211E0
6.081010750E0,-4.410875320E0,-7.512499094E-1,4.994058609E0
6.091025750E0,-4.432051659E0,-8.602104783E-1,4.744870663E0
6.101039750E0,-4.579859257E0,-7.679198980E-1,4.443015575E0
6.111053750E0,-4.867094040E0,-4.675973654E-1,4.219178677E0
6.121067750E0,-5.351652622E0,-5.355830491E-2,4.226497650E0
6.131081750E0,-5.989305019E0,4.287990332E-1,4.340974808E0
6.141095750E0,-6.614068985E0,1.385332823E0,4.392807961E0
6.151109750E0,-6.790008068E0,2.456444979E0,4.355279922E0
6.161124750E0,-6.264952660E0,3.142855406E0,4.123800278E0
6.171138750E0,-5.268378735E0,3.203193188E0,3.702193499E0
6.181152750E0,-4.166327000E0,2.495075464E0,3.137598753E0
6.191166750E0,-3.235961199E0,1.539295793E0,2.449778557E0
6.201180750E0,-2.545112371E0,6.999521852E-1,1.791312575E0
6.211194750E0,-1.928023577E0,1.121224910E-1,1.300348639E0
6.221209750E0,-1.317966819E0,-1.918316931E-1,9.426408410E-1
6.231223750E0,-7.164868116E-1,-4.209322333E-1,6.598570943E-1
6.241237750E0,-1.450308859E-1,-5.577878952E-1,4.068786204E-1
6.251251750E0,3.194848597E-1,-5.395380855E-1,1.836559176E-1
6.261265750E0,6.762126088E-1,-4.223340452E-1,3.431647271E-2
6.271279750E0,9.868580699E-1,-2.832685709E-1,-7.478684187E-2
6.281294750E0,1.272507429E0,-1.620890796E-1,-1.794362664E-1
6.291308750E0,1.527765751E0,-3.955516592E-2,-3.056064546E-1
6.301322750E0,1.707412481E0,1.216092482E-1,-4.323582947E-1
6.311336750E0,1.757294536E0,3.894577622E-1,-4.904684722E-1
6.321350750E0,1.788712263E0,6.373894215E-1,-4.037476480E-1
6.331364750E0,1.950829506E0,7.513604760E-1,-2.516755760E-1
6.341378750E0,2.184773922E0,8.142912388E-1,-1.395799220E-1
6.351393750E0,2.414170742E0,8.541259766E-1,-6.732968986E-2
6.361407750E0,2.572166920E0,8.735022545E-1,-2.324933559E-2
6.371421750E0,2.650094509E0,8.559329510E-1,-3.981260210E-2
6.381435750E0,2.651097775E0,7.578023672E-1,-1.215404868E-1
6.391449750E0,2.577131987E0,6.967291236E-1,-1.686041355E-1
6.401463750E0,2.447987080E0,8.730422258E-1,-1.327742040E-1
6.411478750E0,2.248334169E0,1.379533410E0,2.739547752E-2
6.421492750E0,1.974514842E0,2.230403185E0,2.378259748E-1
6.431506750E0,1.701385856E0,3.238149166E0,5.005965829E-1
6.441520750E0,1.609568596E0,4.144178867E0,7.908893824E-1
6.451534750E0,1.712641239E0,4.562915325E0,1.173923612E0
6.461548750E0,1.995975494E0,4.530701637E0,1.541043520E0
6.471562750E0,2.571953535E0,4.253688335E0,1.774021983E0
6.481577750E0,3.324412107E0,3.652972460E0,1.851303101E0
6.491591750E0,4.016765118E0,3.176041365E0,1.786419749E0
6.501605750E0,4.543918133E0,2.977210283E0,1.577455878E0
6.511619750E0,4.918089867E0,2.726307869E0,1.259987950E0
6.521633750E0,5.482236862E0,2.683526516E0,8.069713712E-1
6.531647750E0,6.368283272E0,2.523365259E0,3.152184188E-1
6.541662750E0,7.632532597E0,2.129795313E0,-1.292402297E-1
6.551676750E0,8.823820114E0,1.437219858E0,-6.035234332E-1
6.561690750E0,9.408712387E0,4.143109918E-1,-1.028385162E0
6.571704750E0,8.928334236E0,-1.354160309E-1,-1.259008288E0
6.581718750E0,7.654465675E0,1.638873070E-1,-1.329016089E0
6.591732750E0,6.183657646E0,9.529619217E-1,-1.416550159E0
6.601747750E0,5.262861729E0,1.721008778E0,-1.573178411E0
6.611761750E0,5.142226696E0,1.866634727E0,-1.721624851E0
6.621775750E0,5.301550865E0,1.384248018E0,-1.771913409E0
6.631789750E0,4.997105598E0,7.134060264E-1,-1.905461788E0
6.641803750E0,4.029420853E0,3.478095233E-1,-2.116227388E0
6.651817750E0,2.768655300E0,3.555153906E-1,-2.300911188E0
6.661831750E0,1.583086848E0,5.651022196E-1,-2.351883650E0
6.671846750E0,7.943235636E-1,8.035539985E-1,-2.307607889E0
6.681860750E0,2.633543015E-1,7.988314033E-1,-2.191855192E0
6.691875125E0,8.617634885E-3,4.190968871E-1,-2.116149187E0
6.701889125E0,1.513618976E-2,-1.057841927E-1,-2.122760296E0
6.711903125E0,1.608555764E-1,-5.325011611E-1,-2.176342010E0
6.721917125E0,2.945656180E-1,-8.715283275E-1,-2.225757837E0
6.731932125E0,4.236570001E-1,-1.207523227E0,-2.310753822E0
6.741946125E0,6.569138765E-1,-1.562639236E0,-2.467970371E0
6.751960125E0,9.070041180E-1,-1.832521796E0,-2.684141636E0
6.761974125E0,1.018471718E0,-2.058056831E0,-2.867627621E0
6.771988125E0,1.006060839E0,-2.230051994E0,-3.020697117E0
6.782002125E0,9.288229942E-1,-2.439796925E0,-3.173805714E0
6.792017125E0,9.182577133E-1,-2.859032393E0,-3.197912931E0
6.802031125E0,9.054611325E-1,-3.528742075E0,-2.814436197E0
6.812045125E0,7.632022500E-1,-4.055909157E0,-2.297094345E0
6.822059125E0,6.093082428E-1,-4.208223820E0,-1.860400081E0
6.832073125E0,4.574776292E-1,-3.981042385E0,-1.513433576E0
6.842087125E0,3.206757307E-1,-3.457606792E0,-1.257626057E0
6.852102125E0,1.579478234E-1,-2.821563959E0,-1.064555168E0
6.862116125E0,-8.115687221E-2,-2.246898890E0,-9.087461233E-1
6.872130125E0,-3.869399726E-1,-1.876353145E0,-7.648123503E-1
6.882144125E0,-6.897751689E-1,-1.615027308E0,-5.598858595E-1
6.892158125E0,-8.438025713E-1,-1.470988154E0,-3.510738015E-1
6.902172125E0,-8.566739559E-1,-1.557091117E0,-1.930631101E-1
6.912186125E0,-8.603552580E-1,-1.708047986E0,-6.638558209E-2
6.922201125E0,-8.660706878E-1,-1.828213334E0,7.073818147E-2
6.932215125E0,-7.476953268E-1,-1.877506852E0,2.562198639E-1
6.942229125E0,-3.776540756E-1,-1.983567834E0,5.394926071E-1
6.952243125E0,3.207508624E-1,-2.401062250E0,9.576382041E-1
6.962257125E0,1.215488911E0,-2.861677170E0,1.391339540E0
6.972271125E0,1.991515398E0,-3.099704981E0,1.749130487E0
6.982286125E0,2.609696627E0,-3.125783205E0,2.132223845E0
6.992300125E0,3.376732111E0,-2.941972017E0,2.726596832E0
7.002314125E0,4.126622200E0,-2.682984114E0,3.550517797E0
7.012328125E0,4.739584923E0,-2.153486967E0,4.481517315E0
7.022342125E0,5.028825283E0,-1.229354024E0,5.213526726E0
7.032356125E0,4.868254185E0,-2.196543813E-1,5.706709385E0
7.042371125E0,4.562481880E0,7.239534855E-1,6.166581154E0
7.052385125E0,4.472548008E0,1.209081531E0,6.605521679E0
7.062399125E0,4.560155392E0,1.805048227E0,6.570835114E0
7.072413125E0,4.341505527E0,1.970332265E0,6.114018917E0
7.082427125E0,4.172976971E0,1.401662707E0,5.657780647E0
7.092441125E0,4.270802021E0,6.450891495E-2,5.155424595E0
7.102456125E0,4.352937698E0,-1.568291664E0,4.722802639E0
7.112470125E0,4.326108456E0,-2.385784626E0,4.555193901E0
7.122484125E0,4.244747639E0,-2.185566902E0,4.657711029E0
7.132498125E0,4.116693974E0,-1.438286781E0,4.957300186E0
7.142512125E0,3.966305017E0,-5.239093900E-1,5.221766949E0
7.152526125E0,3.784616470E0,1.650115252E-1,5.120708942E0
7.162541125E0,3.647379160E0,5.511723161E-1,4.702157974E0
7.172555125E0,3.804544210E0,6.891062260E-1,4.123094559E0
7.182569125E0,3.974765778E0,4.472455680E-1,2.985960245E0
7.192583125E0,3.458928108E0,-3.292986453E-1,1.729142070E0
7.202597125E0,2.406130791E0,-8.755164742E-1,8.938390017E-1
7.212611125E0,1.270938158E0,-8.724754453E-1,3.813091218E-1
7.222626125E0,3.126161695E-1,-4.224828482E-1,9.098407626E-2
7.232640125E0,-2.914313674E-1,8.642327785E-2,9.190739691E-2
7.242654125E0,-4.700818658E-1,3.856168389E-1,3.268269897E-1
7.252668125E0,-3.283793032E-1,3.389502764E-1,6.139639616E-1
7.262682125E0,-7.101367414E-2,9.366517514E-2,7.685799003E-1
7.272696125E0,1.325964332E-1,-1.051472574E-1,7.727309465E-1
7.282710125E0,2.423304766E-1,-2.022435069E-1,7.103194594E-1
7.292725125E0,3.560240269E-1,-2.309329510E-1,5.997623205E-1
7.302739125E0,4.067818522E-1,-2.390714884E-1,4.298191667E-1
7.312753125E0,2.824077010E-1,-1.874671429E-1,1.989675760E-1
7.322767125E0,5.451169237E-2,7.917951792E-3,9.452465922E-3
7.332781125E0,-2.047225386E-1,2.741866708E-1,-1.060533524E-1
7.342795125E0,-4.729714990E-1,4.850366116E-1,-1.791872233E-1
7.352810125E0,-6.918479204E-1,6.151943207E-1,-2.050829977E-1
7.362824125E0,-7.744404078E-1,5.531864166E-1,-2.294599861E-1
7.372838125E0,-6.992495060E-1,3.509398103E-1,-3.643696308E-1
7.382852125E0,-4.554964602E-1,1.738335639E-1,-5.764700770E-1
7.392866125E0,-1.460062563E-1,1.339542866E-2,-6.346854568E-1
7.402881125E0,1.221018583E-1,4.046940804E-2,-6.522061825E-1
7.412895125E0,3.840223849E-1,3.508099616E-1,-7.687293291E-1
7.422909125E0,5.942079425E-1,6.591566801E-1,-8.057821989E-1
7.432923125E0,5.116203427E-1,8.585408926E-1,-8.652838469E-1
7.442937125E0,4.121783003E-2,1.155318737E0,-1.077750087E0
7.452951125E0,-7.546617389E-1,1.485985875E0,-1.318736792E0
7.462965125E0,-1.523131609E0,1.706367373E0,-1.515169740E0
7.472980125E0,-2.017797709E0,1.813904524E0,-1.722886205E0
7.482994125E0,-2.288163662E0,1.804007530E0,-1.916676641E0
7.493008125E0,-2.313834667E0,1.719734192E0,-2.081093073E0
7.503022125E0,-2.175257921E0,1.681269884E0,-2.227453232E0
7.513036125E0,-2.002895117E0,1.700542688E0,-2.268479347E0
7.523050125E0,-1.809332132E0,1.686327696E0,-2.185625315E0
7.533065125E0,-1.701008320E0,1.700395346E0,-2.073656321E0
7.543079125E0,-1.651276588E0,1.732539415E0,-1.994124055E0
7.553093125E0,-1.602576256E0,1.763469338E0,-1.956337571E0
7.563107125E0,-1.600175619E0,1.827722788E0,-2.055663824E0
7.573121125E0,-1.731560588E0,1.911418200E0,-2.298253298E0
7.583135125E0,-1.881100774E0,1.808611751E0,-2.450255632E0
7.593150125E0,-2.024793863E0,1.521185875E0,-2.527579546E0
7.603164125E0,-2.114159584E0,1.153836250E0,-2.622545004E0
7.613178125E0,-2.103811026E0,7.696925402E-1,-2.731851101E0
7.623192125E0,-2.031475544E0,4.114694595E-1,-2.827255964E0
7.633206125E0,-1.940629482E0,2.112141103E-1,-2.892779589E0
7.643220125E0,-1.889683843E0,6.742162257E-2,-2.943879843E0
7.653235125E0,-1.957585335E0,-1.223959848E-1,-2.928799152E0
7.663249125E0,-2.010724783E0,-2.849892080E-1,-2.839136839E0
7.673263125E0,-2.019900799E0,-4.703883827E-1,-2.672801018E0
7.683277125E0,-1.917512059E0,-7.191842794E-1,-2.478989124E0
7.693291292E0,-1.672298908E0,-1.017944336E0,-2.309487343E0
7.703305292E0,-1.347186804E0,-1.289352536E0,-2.147346020E0
7.713320292E0,-1.038599968E0,-1.510146976E0,-2.029379368E0
7.723334292E0,-8.093684316E-1,-1.615416646E0,-1.992588162E0
7.733348292E0,-6.786136627E-1,-1.480116963E0,-1.975499034E0
7.743362292E0,-7.204227448E-1,-1.215138316E0,-1.915255785E0
7.753376292E0,-9.076237679E-1,-8.704837561E-1,-1.766767740E0
7.763390292E0,-1.158609867E0,-4.466540217E-1,-1.527225375E0
7.773405292E0,-1.397987604E0,-1.493640393E-1,-1.242646575E0
7.783419292E0,-1.536633492E0,-2.118549645E-1,-1.003092051E0
7.793433292E0,-1.494014621E0,-6.634836793E-1,-8.731217980E-1
7.803447292E0,-1.317406774E0,-1.307570100E0,-8.328094482E-1
7.813461292E0,-1.109136701E0,-1.864324689E0,-8.124772906E-1
7.823475292E0,-9.247984290E-1,-2.195301533E0,-7.689726949E-1
7.833490292E0,-8.154228926E-1,-2.274727106E0,-7.235743403E-1
7.843504292E0,-7.462067604E-1,-2.100317240E0,-6.055877805E-1
7.853518292E0,-6.781659126E-1,-1.744545937E0,-4.475768209E-1
7.863532292E0,-6.308052540E-1,-1.238720417E0,-2.886545956E-1
7.873546292E0,-6.350072026E-1,-6.938685179E-1,-5.653053522E-2
7.883561292E0,-7.159423828E-1,-1.373849660E-1,2.109693587E-1
7.893575292E0,-7.921868563E-1,2.616753280E-1,5.015130639E-1
7.903589292E0,-7.027631998E-1,3.939063549E-1,7.586148977E-1
7.913603292E0,-4.870583117E-1,3.424157202E-1,9.593285322E-1
7.923617292E0,-3.314073980E-1,5.111969709E-1,1.022290111E0
7.933631292E0,-3.380288184E-1,8.735663891E-1,1.100085020E0
7.943646292E0,-4.130233526E-1,1.356208205E0,1.244260669E0
7.953660292E0,-4.994373322E-1,1.903660655E0,1.439448476E0
7.963674292E0,-5.788751841E-1,2.391949177E0,1.617406011E0
7.973688292E0,-5.527315140E-1,2.670161009E0,1.728176713E0
7.983702292E0,-3.953295350E-1,2.615015268E0,1.687054157E0
7.993716292E0,-2.063276470E-1,2.384118557E0,1.474464417E0
8.003731292E0,6.408278644E-2,2.090460539E0,1.120892882E0
8.013745292E0,5.436694026E-1,1.844769835E0,8.452592492E-1
8.023759292E0,1.238328099E0,1.782123923E0,7.919174433E-1
8.033773292E0,1.864235401E0,1.841583014E0,9.145807624E-1
8.043787292E0,2.388616323E0,2.028582335E0,1.133850455E0
8.053801292E0,2.831916094E0,2.339905739E0,1.344585419E0
8.063816292E0,3.268591642E0,2.397962570E0,1.540930867E0
8.073830292E0,3.912139893E0,2.017870188E0,1.774503708E0
8.083844292E0,4.659761906E0,1.564255953E0,1.916410565E0
8.093858292E0,5.219917297E0,1.228696108E0,1.867673039E0
8.103872292E0,5.527754307E0,1.139609814E0,1.746906400E0
8.113886292E0,5.626090527E0,1.365479350E0,1.605445981E0
8.123901292E0,5.472978592E0,1.832474351E0,1.354111791E0
8.133915292E0,5.210644245E0,2.290068388E0,1.032110572E0
8.143929292E0,5.174223423E0,1.960790634E0,1.009736180E0
8.153943292E0,5.381988049E0,8.476064205E-1,1.310447454E0
8.163957292E0,5.417874813E0,-1.929845214E-1,1.561326623E0
8.173971292E0,4.766417980E0,-4.508784115E-1,1.593817949E0
8.183986292E0,3.599016428E0,5.098806322E-2,1.438705802E0
8.194000292E0,2.459989786E0,7.696151733E-1,1.305563569E0
8.204014292E0,1.782388210E0,1.081506014E0,1.275034547E0
8.214028292E0,1.670456052E0,8.295938969E-1,1.206225395E0
8.224042292E0,1.911875486E0,3.340221345E-1,1.039282203E0
8.234056292E0,2.334481478E0,-2.006588429E-1,7.780777812E-1
8.244071292E0,2.901252747E0,-4.278361797E-1,5.833218694E-1
8.254085292E0,3.309155226E0,-4.412089586E-1,4.866448939E-1
8.264099292E0,3.187340260E0,-4.785255194E-1,4.922788441E-1
8.274113292E0,2.551142216E0,-2.774896324E-1,5.801758766E-1
8.284127292E0,1.571691871E0,1.861503869E-1,6.540445089E-1
8.294142292E0,7.175056338E-1,4.697738290E-1,6.900885701E-1
8.304156292E0,2.271307409E-1,4.347914457E-1,7.396627665E-1
8.314170292E0,-9.567554295E-2,2.223691531E-2,7.260268331E-1
8.324184292E0,-9.117729962E-2,-4.594537914E-1,5.419054627E-1
8.334198292E0,3.712958097E-1,-6.683348417E-1,2.705464065E-1
8.344212292E0,8.485708833E-1,-6.450585723E-1,5.018130317E-2
8.354227292E0,9.597759247E-1,-8.209233284E-1,-1.321072876E-1
8.364241292E0,9.216067195E-1,-1.261750698E0,-1.875982583E-1
8.374255292E0,7.413807511E-1,-1.694647312E0,-1.506964266E-1
8.384269292E0,4.583039284E-1,-1.726587176E0,-1.644127816E-1
8.394283292E0,-1.133681014E-1,-1.549569011E0,-1.788527071E-1
8.404297292E0,-7.604229450E-1,-1.316423535E0,-1.010260805E-1
8.414312292E0,-1.161616683E0,-9.813563228E-1,8.831827343E-2
8.424326292E0,-1.327103257E0,-5.966261029E-1,2.786930203E-1
8.434340292E0,-1.224818349E0,-3.190360367E-1,2.718628049E-1
8.444354292E0,-8.250892758E-1,-1.648044027E-2,7.081808150E-2
8.454368292E0,-3.902507424E-1,4.101547599E-1,-2.748559415E-1
8.464382292E0,-3.265163600E-1,5.371294022E-1,-7.141893506E-1
8.474397292E0,-4.996255338E-1,1.296606660E-1,-1.064581990E0
8.484411292E0,-6.825140715E-1,-4.926695824E-1,-1.308911800E0
8.494425292E0,-9.574540257E-1,-1.032267570E0,-1.526217937E0
8.504439292E0,-1.282164693E0,-1.155497909E0,-1.725345969E0
8.514453292E0,-1.482449889E0,-1.002381682E0,-1.835886955E0
8.524467292E0,-1.511901140E0,-7.231525183E-1,-1.825372100E0
8.534482292E0,-1.428040862E0,-4.154618084E-1,-1.781591535E0
8.544496292E0,-1.258165240E0,-1.765709668E-1,-1.705961347E0
8.554510292E0,-1.048643708E0,-3.325162455E-2,-1.625471592E0
8.564524292E0,-8.715440631E-1,-1.849327795E-2,-1.567299962E0
8.574538292E0,-8.173602223E-1,-1.343506426E-1,-1.481126428E0
8.584552292E0,-9.420281053E-1,-3.782024086E-1,-1.474195361E0
8.594567292E0,-1.195353031E0,-7.823051810E-1,-1.605650902E0
8.604581292E0,-1.474134564E0,-1.117799163E0,-1.794712663E0
8.614595292E0,-1.684489250E0,-1.276705146E0,-2.007426023E0
8.624609292E0,-1.876235366E0,-1.290001154E0,-2.166909933E0
8.634623292E0,-2.030496359E0,-1.278559923E0,-2.235144377E0
8.644638292E0,-2.092159748E0,-1.201761961E0,-2.215560675E0
8.654652292E0,-2.056509733E0,-1.144543409E0,-2.135426044E0
8.664666292E0,-1.970458269E0,-1.158859730E0,-2.004409790E0
8.674680292E0,-1.956764221E0,-1.178999066E0,-1.886523962E0
8.684694292E0,-2.075227737E0,-1.132663250E0,-1.825085402E0
8.694708875E0,-2.294614792E0,-1.024191976E0,-1.792111754E0
8.704723875E0,-2.527543545E0,-8.674452901E-1,-1.774211645E0
8.714737875E0,-2.673783302E0,-7.783159018E-1,-1.743160009E0
8.724751875E0,-2.694791555E0,-6.674706340E-1,-1.703450322E0
8.734765875E0,-2.649584770E0,-5.671389699E-1,-1.667762399E0
8.744779875E0,-2.556159496E0,-5.153439641E-1,-1.658342957E0
8.754793875E0,-2.406899929E0,-5.203536153E-1,-1.622244954E0
8.764808875E0,-2.361639023E0,-5.891364217E-1,-1.534274817E0
8.774822875E0,-2.473708391E0,-6.975933909E-1,-1.423269510E0
8.784836875E0,-2.663394690E0,-1.016721249E0,-1.370000601E0
8.794850875E0,-2.637540340E0,-1.562465787E0,-1.321238041E0
8.804864875E0,-2.288011551E0,-2.206694126E0,-1.227300048E0
8.814878875E0,-1.830876470E0,-2.554547310E0,-1.050814152E0
8.824893875E0,-1.544863462E0,-2.247374058E0,-7.450450063E-1
8.834907875E0,-1.542721272E0,-1.119545698E0,-3.073456883E-1
8.844921875E0,-1.638802528E0,4.884172976E-1,2.951737046E-1
8.854935875E0,-1.545555472E0,1.631619453E0,1.026856422E0
8.864949875E0,-1.224809051E0,2.184228420E0,1.843769670E0
8.874964875E0,-9.003264904E-1,2.238935709E0,2.407060623E0
8.884978875E0,-8.095000386E-1,1.975397825E0,2.466254473E0
8.894992875E0,-9.093750119E-1,1.820353389E0,2.077577114E0
8.905006875E0,-1.126283288E0,1.696662068E0,1.425396800E0
8.915020875E0,-1.002977848E0,1.072265029E0,7.603099942E-1
8.925034875E0,-4.293026328E-1,3.462973237E-1,3.620052636E-1
8.935049875E0,2.914725840E-1,1.772132367E-1,2.035975009E-1
8.945063875E0,8.660079837E-1,6.114298105E-1,1.035441458E-1
8.955077875E0,1.169589639E0,1.319216967E0,1.292817444E-1
8.965091875E0,1.407130480E0,2.058238268E0,1.816152185E-1
8.975105875E0,1.893324614E0,2.341887951E0,1.185262799E-1
8.985119875E0,2.524106026E0,2.194344282E0,-7.778623700E-2
8.995134875E0,3.034016848E0,1.812475562E0,-4.152958393E-1
9.005148875E0,3.488644838E0,1.256240249E0,-8.861871958E-1
9.015162875E0,3.979557514E0,7.999612689E-1,-1.308912516E0
9.025176875E0,4.575944901E0,4.703164697E-1,-1.614713788E0
9.035190875E0,5.207469463E0,1.611796767E-1,-1.819452763E0
9.045205875E0,5.778560638E0,-4.629335925E-2,-1.941322803E0
9.055219875E0,6.120524406E0,3.319614008E-2,-1.960596919E0
9.065233875E0,6.264862061E0,2.675487101E-1,-1.783554435E0
9.075247875E0,6.344246864E0,5.016533136E-1,-1.457566977E0
9.085261875E0,6.373455524E0,7.366113663E-1,-1.074163198E0
9.095275875E0,6.388575077E0,1.044731021E0,-7.665593028E-1
9.105290875E0,6.307491302E0,1.174734831E0,-6.306837201E-1
9.115304875E0,6.142831802E0,1.072506189E0,-6.009823084E-1
9.125318875E0,6.162831783E0,1.048057079E0,-6.224029660E-1
9.135332875E0,6.377120018E0,1.036367655E0,-6.435756087E-1
9.145346875E0,6.659107208E0,8.592727184E-1,-6.228927374E-1
9.155360875E0,6.905725956E0,5.883603096E-1,-5.515269637E-1
9.165375875E0,7.052500248E0,3.967496157E-1,-5.476126075E-1
9.175389875E0,7.097656727E0,1.430084407E-1,-5.400604010E-1
9.185403875E0,7.176273346E0,-1.073459536E-1,-5.354300141E-1
9.195417875E0,7.250814438E0,-3.954432607E-1,-5.079972744E-1
9.205431875E0,7.083060741E0,-6.159806252E-1,-4.378840029E-1
9.215446875E0,6.578200340E0,-4.721435606E-1,-4.292260706E-1
9.225460875E0,5.803941727E0,-2.348567247E-1,-4.724235833E-1
9.235474875E0,5.186077595E0,-1.434116066E-1,-4.378685355E-1
9.245488875E0,4.911921024E0,-1.310055703E-1,-3.601636291E-1
9.255502875E0,4.716047287E0,-1.614146084E-1,-2.983402014E-1
9.265516875E0,4.503247738E0,-2.166487873E-1,-2.201588452E-1
9.275531875E0,4.257708549E0,-9.807393700E-2,-9.590905905E-2
9.285545875E0,3.954882860E0,2.755011618E-1,8.620957285E-2
9.295559875E0,3.449527502E0,7.933142185E-1,2.957137823E-1
9.305573875E0,2.790337563E0,1.198603988E0,4.875027239E-1
9.315587875E0,2.230216742E0,1.276460409E0,6.377668381E-1
9.325601875E0,1.841970563E0,1.117076635E0,7.284926772E-1
9.335616875E0,1.583679318E0,7.635915875E-1,8.567571640E-1
9.345630875E0,1.392341137E0,3.896351159E-1,1.037189364E0
9.355644875E0,1.252837062E0,1.685032547E-1,1.159489632E0
9.365658875E0,1.087762237E0,9.077224135E-2,1.221051216E0
9.375672875E0,8.464958072E-1,3.202583641E-2,1.222260475E0
9.385686875E0,5.087009668E-1,-3.753403947E-2,1.149017096E0
9.395701875E0,1.617164314E-1,-1.680446416E-1,1.010528922E0
9.405715875E0,-1.524310559E-1,-4.474711418E-1,8.688263893E-1
9.415729875E0,-2.958377600E-1,-8.845525384E-1,7.512222528E-1
9.425743875E0,-2.705143094E-1,-1.283754349E0,6.993071437E-1
9.435757875E0,-2.001823336E-1,-1.441608191E0,5.508649349E-1
9.445772875E0,-2.746688426E-1,-1.581926346E0,3.422339559E-1
9.455786875E0,-4.801340997E-1,-1.839818597E0,2.318773270E-1
9.465800875E0,-8.667524457E-1,-2.066505671E0,2.650648654E-1
9.475814875E0,-1.415883422E0,-2.131210089E0,4.876393378E-1
9.485828875E0,-2.149784088E0,-1.920159459E0,5.682162642E-1
9.495842875E0,-2.906920433E0,-1.442627430E0,4.204571247E-1
9.505857875E0,-3.529333830E0,-1.005701303E0,2.176600099E-1
9.515871875E0,-3.948006392E0,-7.038298845E-1,1.801667735E-2
9.525885875E0,-4.212455273E0,-5.109688640E-1,-2.249158025E-1
9.535899875E0,-4.313772202E0,-4.685359299E-1,-5.228337646E-1
9.545913875E0,-4.203411102E0,-6.308267713E-1,-8.026499748E-1
9.555927875E0,-4.056304455E0,-8.534939289E-1,-1.070868134E0
9.565942875E0,-3.907847166E0,-1.137727737E0,-1.273951530E0
9.575956875E0,-3.792182922E0,-1.567893982E0,-1.373527646E0
9.585970875E0,-3.747710228E0,-2.020899296E0,-1.474871278E0
9.595984875E0,-3.767466307E0,-2.251660109E0,-1.570331216E0
9.605998875E0,-3.892523527E0,-2.170816422E0,-1.634252548E0
9.616012875E0,-4.046586990E0,-1.805198312E0,-1.687993050E0
9.626027875E0,-4.184150696E0,-1.386090875E0,-1.682588100E0
9.636041875E0,-4.290582180E0,-1.054077029E0,-1.625123024E0
9.646055875E0,-4.360156536E0,-8.090673685E-1,-1.531395435E0
9.656069875E0,-4.463973522E0,-6.200385690E-1,-1.385363698E0
9.666083875E0,-4.615622997E0,-4.339117110E-1,-1.287664056E0
9.676098875E0,-4.767548084E0,-4.235592186E-1,-1.269391537E0
9.686112875E0,-4.888250351E0,-5.650084019E-1,-1.281599402E0
9.696127250E0,-4.842413425E0,-5.053613186E-1,-1.298250079E0
9.706141250E0,-4.612675667E0,-1.886556447E-1,-1.259265661E0
9.716155250E0,-4.215905190E0,2.005575225E-2,-1.086560488E0
9.726169250E0,-3.623791933E0,3.344691359E-3,-8.774229884E-1
9.736184250E0,-2.927621126E0,-4.871744215E-1,-7.656764984E-1
9.746198250E0,-2.301150084E0,-1.280228972E0,-7.441853285E-1
9.756212250E0,-1.655236363E0,-1.952409148E0,-6.597407460E-1
9.766226250E0,-8.756316304E-1,-2.366503239E0,-4.665790200E-1
9.776240250E0,-7.607823610E-2,-2.446822643E0,-2.502318025E-1
9.786254250E0,6.950368285E-1,-2.215587854E0,-5.501673743E-2
9.796269250E0,1.395323753E0,-1.825643539E0,1.331688762E-1
9.806283250E0,1.964738011E0,-1.216448545E0,2.845203578E-1
9.816297250E0,2.292503595E0,-4.574152231E-1,3.539377749E-1
9.826311250E0,2.218893766E0,1.755622476E-1,3.473828733E-1
9.836325250E0,1.801231384E0,5.375657678E-1,2.913592756E-1
9.846340250E0,1.088340282E0,5.755757689E-1,2.702049911E-1
9.856354250E0,3.512967825E-1,3.862601817E-1,3.960025907E-1
9.866368250E0,6.220606156E-5,1.597682536E-1,6.043099761E-1
9.876382250E0,3.194583580E-2,-3.553918377E-2,8.383709788E-1
9.886396250E0,3.454354703E-1,-2.634478509E-1,1.026575565E0
9.896410250E0,8.681671619E-1,-4.296589196E-1,1.149418116E0
9.906425250E0,1.506544948E0,-4.872388542E-1,1.199360609E0
9.916439250E0,2.122266293E0,-2.007487714E-1,1.125344753E0
9.926453250E0,2.493402958E0,3.513934314E-1,1.008757949E0
9.936467250E0,2.619876623E0,8.813810945E-1,9.925011992E-1
9.946481250E0,2.632928371E0,1.161568642E0,1.170367837E0
9.956495250E0,2.663788080E0,1.195475221E0,1.524638653E0
9.966510250E0,2.587003946E0,1.209947228E0,1.993481874E0
9.976524250E0,2.489257097E0,1.152519107E0,2.424958706E0
9.986538250E0,2.507741213E0,9.289957881E-1,2.696503162E0
9.996552250E0,2.619609356E0,6.463207006E-1,2.813247204E0
1.000656625E1,2.814346075E0,5.130739212E-1,2.727185488E0
1.001658125E1,2.890187025E0,7.062358856E-1,2.518550396E0
1.002659525E1,2.853928804E0,9.706563950E-1,2.175607920E0
1.003660925E1,2.906809807E0,9.966980815E-1,1.915082574E0
1.004662325E1,3.182718754E0,4.867560565E-1,1.864266992E0
1.005663725E1,3.324648142E0,-5.367882084E-3,1.998184919E0
1.006665125E1,3.453325272E0,-2.457906753E-1,2.113319159E0
1.007666625E1,3.434059620E0,4.430838823E-1,2.053480387E0
1.008668025E1,3.105875254E0,1.555443883E0,2.309215307E0
1.009669425E1,2.848811150E0,2.935438633E0,2.650841713E0
1.010670825E1,2.557237864E0,3.431508780E0,3.254042625E0
1.011672225E1,2.423271656E0,3.102036238E0,3.690733910E0
1.012673625E1,2.359435558E0,2.168376684E0,3.876201630E0
1.013675125E1,2.444059134E0,9.363102913E-1,3.769125938E0
1.014676525E1,2.469199896E0,-7.570558786E-2,3.553090572E0
1.015677925E1,2.515744209E0,-6.652032137E-1,3.366243601E0
1.016679325E1,2.392879486E0,-7.170172334E-1,3.109850168E0
1.017680725E1,1.986903787E0,-4.812529087E-1,2.741691113E0
1.018682225E1,1.557785392E0,-4.292415082E-1,2.358128548E0
1.019683625E1,1.323882580E0,-9.165406227E-1,1.934991241E0
1.020685025E1,1.249489307E0,-1.761435270E0,1.347456336E0
1.021686425E1,1.188385963E0,-2.736138821E0,6.931584477E-1
1.022687825E1,1.130498886E0,-3.710911036E0,9.893605113E-2
1.023689225E1,1.105474472E0,-4.424796104E0,-4.639645815E-1
1.024690725E1,1.059970260E0,-4.798394680E0,-9.975417852E-1
1.025692125E1,9.060657024E-1,-4.984072208E0,-1.341478944E0
1.026693525E1,6.922218800E-1,-5.155543804E0,-1.468150496E0
1.027694925E1,3.884678781E-1,-5.229784012E0,-1.554043412E0
1.028696325E1,-9.033625573E-2,-5.289108753E0,-1.590234876E0
1.029697725E1,-6.878058314E-1,-5.396836758E0,-1.546889067E0
1.030699225E1,-1.217421174E0,-5.620427608E0,-1.391790748E0
1.031700625E1,-1.770469189E0,-5.928004265E0,-1.149269462E0
1.032702025E1,-2.416347504E0,-6.150980949E0,-9.279373288E-1
1.033703425E1,-3.120807886E0,-6.334585667E0,-7.494474649E-1
1.034704825E1,-3.762212038E0,-6.500173569E0,-5.567235351E-1
1.035706225E1,-4.274196625E0,-6.592303753E0,-3.031897843E-1
1.036707725E1,-4.656002998E0,-6.461715698E0,-1.232867781E-2
1.037709125E1,-5.014091015E0,-6.110132217E0,2.304067314E-1
1.038710525E1,-5.614027977E0,-5.810108185E0,6.343420148E-1
1.039711925E1,-6.400272369E0,-5.696829796E0,1.215815783E0
1.040713325E1,-7.120989799E0,-5.601958275E0,1.560775280E0
1.041714825E1,-7.711297512E0,-5.370426655E0,1.432775021E0
1.042716225E1,-8.193769455E0,-5.141636848E0,9.876504540E-1
1.043717625E1,-8.524851799E0,-5.030063629E0,5.087730885E-1
1.044719025E1,-8.705592155E0,-4.939370155E0,7.059577852E-2
1.045720425E1,-8.819025993E0,-4.840795517E0,-2.680789530E-1
1.046721825E1,-9.059462547E0,-4.900178432E0,-3.447633684E-1
1.047723325E1,-9.355457306E0,-5.088521004E0,-6.691683084E-2
1.048724725E1,-9.735295296E0,-5.313813210E0,4.689881504E-1
1.049726125E1,-1.000372314E1,-5.345449448E0,7.643947601E-1
1.050727525E1,-1.005572128E1,-5.249510765E0,5.948469639E-1
1.051728925E1,-1.011221409E1,-4.950555801E0,2.036081553E-1
1.052730325E1,-1.013164234E1,-4.190912247E0,-1.591527611E-1
1.053731825E1,-9.968846321E0,-3.462509155E0,-5.009180903E-1
1.054733225E1,-9.500626564E0,-2.371770144E0,-8.652606010E-1
1.055734625E1,-8.780667305E0,-1.009187579E0,-1.197969556E0
1.056736025E1,-7.707379341E0,5.800439417E-2,-1.562651157E0
1.057737425E1,-6.375566483E0,4.958467185E-1,-1.896961212E0
1.058738825E1,-5.009484291E0,-7.979732752E-2,-2.103223085E0
1.059740325E1,-3.665099144E0,-4.591456950E-1,-2.226433277E0
1.060741725E1,-2.898736954E0,1.501396745E-1,-2.221456051E0
1.061743125E1,-2.696094513E0,1.186266541E0,-2.144997120E0
1.062744525E1,-2.710289955E0,1.944890976E0,-2.125565767E0
1.063745925E1,-2.444835663E0,1.448992252E0,-2.085333347E0
1.064747425E1,-1.778970242E0,-3.842459321E-1,-1.843375921E0
1.065748825E1,-8.020373583E-1,-2.423181534E0,-1.612056255E0
1.066750225E1,2.166426629E-1,-3.855382681E0,-1.359953165E0
1.067751625E1,1.010372758E0,-4.607503891E0,-1.025533319E0
1.068753025E1,1.443856001E0,-4.514415741E0,-6.049140096E-1
1.069754342E1,1.556946039E0,-3.444310904E0,-1.474513561E-1
1.070755842E1,1.554838777E0,-2.079986811E0,2.143265456E-1
1.071757242E1,1.620688438E0,-1.119158745E0,4.305038452E-1
1.072758642E1,1.732930064E0,-6.356816292E-1,5.438994169E-1
1.073760042E1,1.797139645E0,-5.263751149E-1,5.746948719E-1
1.074761442E1,1.799417257E0,-6.045339108E-1,4.968240261E-1
1.075762842E1,1.744305015E0,-8.098580241E-1,3.872626424E-1
1.076764342E1,1.619362235E0,-1.095055699E0,3.729883730E-1
1.077765742E1,1.571335077E0,-1.235708714E0,4.201207161E-1
1.078767142E1,1.619269848E0,-1.296159983E0,5.466813445E-1
1.079768542E1,1.816508055E0,-1.473907232E0,6.760281324E-1
1.080769942E1,2.025649786E0,-1.742378235E0,7.607528567E-1
1.081771342E1,2.166615248E0,-1.855420828E0,9.101034999E-1
1.082772842E1,2.387652397E0,-1.698429823E0,1.128254175E0
1.083774242E1,2.691659927E0,-1.312425852E0,1.309531808E0
1.084775642E1,2.960192442E0,-8.676425219E-1,1.457709432E0
1.085777042E1,3.236903667E0,-4.848666489E-1,1.555007458E0
1.086778442E1,3.534280539E0,-6.009810418E-2,1.642775059E0
1.087779942E1,3.757756948E0,6.505046487E-1,1.789487362E0
1.088781342E1,3.892651558E0,1.497439742E0,2.000562668E0
1.089782742E1,4.090290546E0,2.076065540E0,2.224986315E0
1.090784142E1,4.257077217E0,2.175957441E0,2.350757122E0
1.091785542E1,4.261722565E0,2.084555149E0,2.466190815E0
1.092786942E1,4.229412079E0,1.994378328E0,2.566062450E0
1.093788442E1,4.171749592E0,1.988400817E0,2.639091492E0
1.094789842E1,4.282386303E0,1.944251537E0,2.802428246E0
1.095791242E1,4.612217426E0,1.966384053E0,3.103135586E0
1.096792642E1,4.974774837E0,1.927065849E0,3.579162359E0
1.097794042E1,5.562150955E0,1.979690552E0,4.176871777E0
1.098795442E1,6.504248619E0,2.084248066E0,4.451108456E0
1.099796942E1,7.027321339E0,1.938813686E0,4.093058586E0
1.100798342E1,7.050500870E0,2.094977617E0,3.452312231E0
1.101799742E1,6.709924221E0,2.577036858E0,2.957301617E0
1.102801142E1,6.207409382E0,3.182821751E0,2.729542494E0
1.103802542E1,5.759190083E0,3.727197886E0,2.860766172E0
1.104803942E1,5.183853149E0,4.090968609E0,3.125980377E0
1.105805442E1,4.667453289E0,4.141045094E0,3.299155712E0
1.106806842E1,5.152176380E0,3.929574966E0,3.539633989E0
1.107808242E1,5.832992554E0,3.485465288E0,3.537020922E0
1.108809642E1,5.896352768E0,3.712416410E0,3.744171619E0
1.109811042E1,5.193643570E0,4.252419949E0,3.779307842E0
1.110812442E1,3.868087292E0,4.651939869E0,3.429023743E0
1.111813942E1,1.993135452E0,4.731338978E0,2.966996908E0
1.112815342E1,4.464486241E-1,4.162575722E0,2.634174585E0
1.113816742E1,-4.336021841E-2,2.709702969E0,2.461743116E0
1.114818142E1,4.124891758E-1,1.009256244E0,2.293030977E0
1.115819542E1,1.455767870E0,1.341529340E-1,2.038043499E0
1.116820942E1,2.021510601E0,6.660258770E-1,1.666605830E0
1.117822442E1,1.679502249E0,1.995131850E0,1.145358682E0
1.118823842E1,9.896252751E-1,2.970312595E0,6.159831882E-1
1.119825242E1,4.441182911E-1,2.937468052E0,1.221252233E-1
1.120826642E1,1.384859681E-1,1.963207603E0,-3.185794353E-1
1.121828042E1,-1.044806093E-1,5.026915073E-1,-7.204653621E-1
1.122829442E1,-2.109084725E-1,-5.579729676E-1,-1.008432508E0
1.123830942E1,-3.217548132E-1,-7.314536572E-1,-1.203667283E0
1.124832342E1,-4.505910277E-1,4.590629041E-2,-1.158144593E0
1.125833742E1,-7.892572284E-1,1.008783937E0,-9.908100367E-1
1.126835142E1,-9.971781373E-1,1.372110724E0,-8.270725608E-1
1.127836542E1,-9.757327437E-1,9.240451455E-1,-7.576575279E-1
1.128838042E1,-8.684240580E-1,1.085455716E-1,-7.756375074E-1
1.129839442E1,-9.272522330E-1,-5.397613049E-1,-8.205989003E-1
1.130840842E1,-1.036107421E0,-9.310199022E-1,-8.504158854E-1
1.131842242E1,-1.073714733E0,-1.071328759E0,-8.599244356E-1
1.132843642E1,-1.064994574E0,-1.235676408E0,-9.634543061E-1
1.133845042E1,-1.216742754E0,-1.350485563E0,-9.774433374E-1
1.134846542E1,-1.511442184E0,-1.224526286E0,-8.451489806E-1
1.135847942E1,-1.765012145E0,-1.060581565E0,-6.338313818E-1
1.136849342E1,-1.918039918E0,-1.061541200E0,-4.146593511E-1
1.137850742E1,-1.938314557E0,-1.233197927E0,-1.358522475E-1
1.138852142E1,-1.958903432E0,-1.370630622E0,1.336673796E-1
1.139853542E1,-2.002304316E0,-1.310486913E0,4.393689632E-1
1.140855042E1,-2.395741463E0,-1.300978303E0,9.350833297E-1
1.141856442E1,-2.840488672E0,-1.456926823E0,1.492469072E0
1.142857842E1,-3.006638765E0,-1.770018339E0,1.936723828E0
1.143859242E1,-3.034054518E0,-2.156880379E0,2.325545549E0
1.144860642E1,-3.084103107E0,-2.496103764E0,2.832666874E0
1.145862042E1,-3.269492388E0,-2.635960579E0,3.307624817E0
1.146863542E1,-3.463697672E0,-2.489161015E0,3.632475615E0
1.147864942E1,-3.574531555E0,-2.188173056E0,3.931284189E0
1.148866342E1,-3.690188169E0,-1.867518306E0,4.218014240E0
1.149867742E1,-3.786145210E0,-1.548403382E0,4.483999252E0
1.150869142E1,-3.934347868E0,-1.442319274E0,4.726461887E0
1.151870542E1,-4.084617615E0,-1.711608768E0,4.926790237E0
1.152872042E1,-4.032428265E0,-2.269642353E0,5.145358086E0
1.153873442E1,-3.844097853E0,-2.885192394E0,5.292164803E0
1.154874842E1,-3.585190296E0,-3.256126165E0,5.433839321E0
1.155876242E1,-3.463638067E0,-3.300006866E0,5.560968876E0
1.156877642E1,-3.469693899E0,-2.948731661E0,5.687478065E0
1.157879042E1,-3.661070108E0,-2.386681557E0,5.952532291E0
1.158880542E1,-3.927833080E0,-1.929713726E0,6.284420967E0
1.159881942E1,-4.253147125E0,-1.701747417E0,6.466061115E0
1.160883342E1,-4.592967510E0,-1.872420788E0,6.393596172E0
1.161884742E1,-4.925590038E0,-2.738599539E0,6.275434017E0
1.162886142E1,-5.013555050E0,-3.284510136E0,6.246048927E0
1.163887542E1,-5.029228210E0,-2.717131615E0,6.129250050E0
1.164889042E1,-5.067777634E0,-9.943049550E-1,5.862252235E0
1.165890442E1,-5.344359398E0,8.326088786E-1,5.416545391E0
1.166891842E1,-5.828778744E0,2.333373547E0,4.872994900E0
1.167893242E1,-6.386915684E0,2.812441111E0,4.420506001E0
1.168894642E1,-6.438364506E0,1.961961389E0,4.176962852E0
1.169896000E1,-5.694558620E0,-9.995646030E-2,4.121478081E0
1.170897500E1,-4.402235985E0,-2.290850639E0,4.039217472E0
1.171898900E1,-3.244847536E0,-2.975663662E0,3.732090235E0
1.172900300E1,-2.394550323E0,-1.978795528E0,3.185929775E0
1.173901700E1,-1.943859220E0,-3.634280562E-1,2.445112944E0
1.174903100E1,-1.477504015E0,7.446972132E-1,1.617485642E0
1.175904500E1,-8.437801003E-1,6.886392832E-1,9.189363718E-1
1.176906000E1,-1.753908545E-1,-2.440188378E-1,3.554229140E-1
1.177907400E1,2.132724673E-1,-1.129512906E0,-1.524115354E-1
1.178908800E1,4.029899240E-1,-1.243999004E0,-5.867232680E-1
1.179910200E1,5.525611639E-1,-3.761882186E-1,-9.491379261E-1
1.180911600E1,6.457849145E-1,7.808218598E-1,-1.099816442E0
1.181913000E1,7.505627275E-1,1.560121417E0,-1.041593075E0
1.182914500E1,9.945651889E-1,1.814430356E0,-9.365824461E-1
1.183915900E1,1.389036894E0,1.525590539E0,-8.010097146E-1
1.184917300E1,1.732084632E0,1.118150473E0,-6.073286533E-1
1.185918700E1,1.919552803E0,9.536140561E-1,-4.431179464E-1
1.186920100E1,1.956647992E0,9.887675047E-1,-3.353696167E-1
1.187921500E1,1.788095713E0,1.191880107E0,-3.190611899E-1
1.188923000E1,1.521337509E0,1.692504048E0,-4.004029930E-1
1.189924400E1,1.504511833E0,2.109928846E0,-4.413155317E-1
1.190925800E1,1.607482076E0,2.368430138E0,-5.862430930E-1
1.191927200E1,1.680684566E0,2.671491385E0,-7.799736857E-1
1.192928600E1,1.695560336E0,2.942555189E0,-9.243660569E-1
1.193930000E1,1.701224566E0,3.099455357E0,-1.030571342E0
1.194931500E1,1.781562805E0,3.233117104E0,-1.028020024E0
1.195932900E1,2.056610823E0,3.412979364E0,-8.270783424E-1
1.196934300E1,2.537916183E0,3.568855047E0,-4.720894098E-1
1.197935700E1,3.017793179E0,3.777300358E0,-1.088954806E-1
1.198937100E1,3.503284216E0,3.822905064E0,2.698616982E-1
1.199938500E1,3.801692724E0,3.572465420E0,5.171111822E-1
1.200940000E1,3.881681681E0,3.137299299E0,4.551237226E-1
1.201941400E1,3.959930182E0,2.709489346E0,1.244650930E-1
1.202942800E1,3.932505846E0,2.260867119E0,-2.303691655E-1
1.203944200E1,3.939346790E0,2.187521458E0,-2.962379456E-1
1.204945600E1,3.971845865E0,2.678766727E0,-2.294929773E-1
1.205947000E1,4.115662575E0,3.403568268E0,-1.236890405E-1
1.206948500E1,4.601993561E0,3.954303026E0,1.130680591E-1
1.207949900E1,5.261096478E0,4.042912483E0,3.783141077E-1
1.208951300E1,5.893718719E0,3.551802397E0,6.434749365E-1
1.209952700E1,6.313324451E0,2.724476576E0,6.941298246E-1
1.210954100E1,6.444000244E0,1.764442444E0,3.447481394E-1
1.211955500E1,6.463505745E0,9.663755894E-1,-1.754476428E-1
1.212957000E1,6.675765514E0,7.079175711E-1,-5.439896584E-1
1.213958400E1,7.010423183E0,9.992479682E-1,-6.823299527E-1
1.214959800E1,7.587740421E0,1.945045590E0,-7.460277081E-1
1.215961200E1,7.769886017E0,2.371564865E0,-6.919362545E-1
1.216962600E1,7.179773331E0,2.260294676E0,-6.895120144E-1
1.217964000E1,6.424449444E0,2.052160740E0,-7.795889378E-1
1.218965500E1,5.972194195E0,1.656213760E0,-8.823597431E-1
1.219966900E1,5.569551945E0,1.014459252E0,-9.035201073E-1
1.220968300E1,5.180232525E0,6.909390688E-1,-1.021990418E0
1.221969700E1,4.771298409E0,6.447619796E-1,-1.214904189E0
1.222971100E1,4.043617249E0,8.174713850E-1,-1.239319444E0
1.223972500E1,2.981688738E0,1.369607329E0,-1.156249166E0
1.224974000E1,2.066263437E0,1.836398244E0,-9.581615925E-1
1.225975400E1,1.608445644E0,1.845773935E0,-7.541394830E-1
1.226976800E1,1.477435708E0,1.606838107E0,-6.193115711E-1
1.227978200E1,1.318211198E0,1.231160402E0,-4.604902267E-1
1.228979600E1,9.620049596E-1,7.883062363E-1,-2.948797643E-1
1.229981000E1,4.426320195E-1,5.129932165E-1,-2.358531803E-1
1.230982500E1,1.613388304E-4,4.354578853E-1,-2.910448015E-1
1.231983900E1,-2.773930430E-1,2.507876456E-1,-2.646406293E-1
1.232985300E1,-4.984178245E-1,-1.000938714E-1,-1.380272657E-1
1.233986700E1,-6.958320737E-1,-5.303182006E-1,-1.149078310E-1
1.234988100E1,-7.765364051E-1,-9.299187660E-1,-2.401397526E-1
1.235989500E1,-6.649358273E-1,-1.310186625E0,-4.141155481E-1
1.236991000E1,-4.015341103E-1,-1.750048041E0,-5.915505886E-1
1.237992400E1,-7.726760209E-2,-2.319292307E0,-7.810443640E-1
1.238993800E1,1.826730072E-1,-2.870246887E0,-9.460441470E-1
1.239995200E1,3.384775221E-1,-3.196141243E0,-1.091546297E0
1.240996600E1,3.969135582E-1,-3.223681211E0,-1.213986993E0
1.241998000E1,4.190494716E-1,-3.042550802E0,-1.319447875E0
1.242999500E1,3.915056884E-1,-2.715279818E0,-1.399836421E0
1.244000900E1,3.235303760E-1,-2.390650988E0,-1.459460139E0
1.245002300E1,2.431456894E-1,-2.223524570E0,-1.522389770E0
1.246003700E1,1.718747169E-1,-2.179114819E0,-1.548550606E0
1.247005100E1,1.209892482E-1,-2.131340265E0,-1.510992527E0
1.248006500E1,5.242643878E-2,-1.973591566E0,-1.470378041E0
1.249007900E1,-8.615589887E-2,-1.659597516E0,-1.451049805E0
1.250009400E1,-1.725355387E-1,-1.200128436E0,-1.464902878E0
1.251010800E1,-2.403382212E-1,-6.325139999E-1,-1.469586015E0
1.252012200E1,-3.717915714E-1,-3.402553499E-2,-1.372256994E0
1.253013600E1,-5.578923225E-1,3.537445366E-1,-1.111378074E0
1.254015000E1,-6.888244748E-1,5.146471262E-1,-6.190493107E-1
1.255016400E1,-8.176074028E-1,4.707846344E-1,6.436978932E-3
1.256017900E1,-8.604598045E-1,3.876165152E-1,6.613815427E-1
1.257019300E1,-8.673335910E-1,2.463590652E-1,1.275217533E0
1.258020700E1,-1.001064658E0,8.283139020E-2,1.756782293E0
1.259022100E1,-1.097005248E0,-1.037280932E-1,2.148745060E0
1.260023500E1,-1.069111347E0,-3.517288566E-1,2.529069662E0
1.261024900E1,-9.371405840E-1,-4.553686082E-1,2.965385199E0
1.262026400E1,-5.628830791E-1,-4.942406416E-1,3.675534725E0
1.263027800E1,-6.894630194E-2,-4.053178728E-1,4.574122906E0
1.264029200E1,5.220195055E-1,-2.272602543E-2,5.464046955E0
1.265030600E1,1.153104663E0,5.156454444E-1,6.105551243E0
1.266032000E1,1.585578322E0,8.156340718E-1,6.456819057E0
1.267033400E1,1.862031460E0,3.914489746E-1,6.673144341E0
1.268034900E1,1.996812463E0,-4.997717440E-1,6.862624168E0
1.269036300E1,1.987776637E0,-1.311480284E0,6.953887463E0
1.270037738E1,1.885344863E0,-1.592119098E0,6.926847458E0
1.271039138E1,1.750337720E0,-1.249723911E0,7.131026745E0
1.272040538E1,1.502190232E0,-1.656002998E-1,7.558761597E0
1.273041938E1,8.756715059E-1,1.189232469E0,8.076878548E0
1.274043338E1,9.417250007E-2,2.285487652E0,8.444158554E0
1.275044837E1,-7.333163619E-1,2.888633966E0,8.342117310E0
1.276046238E1,-1.522161722E0,2.939625740E0,7.809144020E0
1.277047638E1,-1.881890655E0,2.386997223E0,7.014768124E0
1.278049038E1,-1.810986876E0,1.492267966E0,5.890747070E0
1.279050438E1,-1.734401941E0,7.862370014E-1,4.682084084E0
1.280051838E1,-1.806072593E0,5.726442933E-1,3.799632072E0
1.281053338E1,-1.855285525E0,9.608425498E-1,3.174783945E0
1.282054738E1,-1.785308242E0,1.624677062E0,2.526165724E0
1.283056137E1,-1.346372604E0,1.987557530E0,1.767794371E0
1.284057538E1,-4.645501971E-1,1.695469499E0,1.024117589E0
1.285058938E1,5.793211460E-1,8.892411590E-1,4.232048392E-1
1.286060338E1,1.270001531E0,-1.364001781E-1,-9.770282544E-3
1.287061838E1,1.459647059E0,-9.236203432E-1,-2.398899943E-1
1.288063238E1,1.081500530E0,-1.184908152E0,-3.129961789E-1
1.289064638E1,4.452722967E-1,-9.248370528E-1,-3.083779514E-1
1.290066038E1,-2.104028314E-2,-4.047267139E-1,-2.992087007E-1
1.291067437E1,-2.079784423E-1,1.512387116E-2,-3.589229286E-1
1.292068838E1,-1.620543599E-1,5.771953613E-2,-4.318469465E-1
1.293070338E1,1.821772754E-2,-2.052515000E-1,-3.793829381E-1
1.294071738E1,2.377101332E-1,-4.509640634E-1,-2.601478696E-1
1.295073138E1,2.982589900E-1,-4.939013422E-1,-2.766011059E-1
1.296074538E1,1.974365264E-1,-4.547536969E-1,-3.306768537E-1
1.297075938E1,1.187974960E-1,-6.663963199E-1,-4.211305976E-1
1.298077338E1,2.543497384E-1,-1.141384125E0,-5.405911803E-1
1.299078737E1,4.231127501E-1,-1.465907097E0,-6.286702752E-1
1.300080238E1,6.288483143E-1,-1.550888896E0,-5.842287540E-1
1.301081638E1,6.482862234E-1,-1.542192221E0,-4.780003428E-1
1.302083038E1,5.961849689E-1,-1.392207026E0,-4.280029535E-1
1.303084438E1,6.242460012E-1,-1.231527328E0,-4.368832409E-1
1.304085838E1,7.197855711E-1,-1.099895358E0,-3.394230008E-1
1.305087238E1,8.700947762E-1,-1.054359436E0,-2.301012874E-1
1.306088738E1,9.902989864E-1,-1.149314642E0,-2.001138180E-1
1.307090138E1,1.040346861E0,-1.656331182E0,-2.514995635E-1
1.308091538E1,1.278786302E0,-2.257010937E0,-4.751491547E-1
1.309092938E1,1.625217199E0,-2.690885782E0,-7.237264514E-1
1.310094338E1,1.542021275E0,-2.514887810E0,-8.050814867E-1
1.311095737E1,1.013768196E0,-1.440031052E0,-8.128232956E-1
1.312097237E1,3.693562448E-1,-2.171452343E-2,-1.023355722E0
1.313098638E1,-1.221076772E-1,9.225746393E-1,-1.335780740E0
1.314100038E1,-5.610730648E-1,1.312881351E0,-1.756651640E0
1.315101438E1,-8.884220123E-1,1.291517973E0,-2.299573421E0
1.316102838E1,-8.827401400E-1,9.900720716E-1,-2.857953548E0
1.317104238E1,-4.991015196E-1,7.675960064E-1,-3.371204376E0
1.318105638E1,-2.538709939E-1,5.241101384E-1,-3.615326643E0
1.319107138E1,-1.638457626E-1,3.160220683E-1,-3.682988405E0
1.320108538E1,-2.132434100E-1,2.472261935E-1,-3.761664391E0
1.321109938E1,-3.610058427E-1,3.871854246E-1,-3.935195446E0
1.322111338E1,-5.496087670E-1,5.954811573E-1,-4.180563450E0
1.323112738E1,-7.555271387E-1,7.758668065E-1,-4.532140732E0
1.324114138E1,-8.837426305E-1,9.215845466E-1,-4.912791252E0
1.325115638E1,-9.955493808E-1,1.063472509E0,-5.179349899E0
1.326117038E1,-1.187879920E0,1.133868337E0,-5.348346710E0
1.327118438E1,-1.413537979E0,1.123482108E0,-5.404030323E0
1.328119838E1,-1.572669506E0,1.050174832E0,-5.389933586E0
1.329121238E1,-1.578984141E0,8.714139462E-1,-5.410377979E0
1.330122638E1,-1.438554049E0,6.018932462E-1,-5.438328266E0
1.331124038E1,-1.254685640E0,2.521224618E-1,-5.340651512E0
1.332125537E1,-1.238748550E0,-1.541475505E-1,-5.160821915E0
1.333126938E1,-1.361010551E0,-5.004845858E-1,-4.946099758E0
1.334128338E1,-1.490943193E0,-7.810693979E-1,-4.724327564E0
1.335129738E1,-1.595219254E0,-9.666880965E-1,-4.542014122E0
1.336131138E1,-1.564437866E0,-1.105579138E0,-4.374383926E0
1.337132538E1,-1.418288231E0,-1.203822970E0,-4.183523655E0
1.338134038E1,-1.194887042E0,-1.098577499E0,-3.965963840E0
1.339135438E1,-9.555355310E-1,-7.438711524E-1,-3.753115416E0
1.340136837E1,-7.523379326E-1,-3.735082448E-1,-3.425771713E0
1.341138238E1,-7.040252686E-1,-1.832776815E-1,-2.983719826E0
1.342139638E1,-7.179893255E-1,-3.000125587E-1,-2.450636625E0
1.343141038E1,-7.085780501E-1,-5.165935755E-1,-1.972409487E0
1.344142438E1,-6.163107157E-1,-7.404405475E-1,-1.636658907E0
1.345143938E1,-4.544321001E-1,-9.425818920E-1,-1.410562396E0
1.346145338E1,-2.551554739E-1,-1.169190645E0,-1.241843700E0
1.347146738E1,-4.498877749E-2,-1.450225830E0,-1.109314919E0
1.348148137E1,1.639921367E-1,-1.803564191E0,-9.378831983E-1
1.349149538E1,2.495067120E-1,-2.058210135E0,-7.901989818E-1
1.350150938E1,1.528720409E-1,-2.137621403E0,-7.206858993E-1
1.351152438E1,-2.060175315E-2,-1.895581365E0,-8.018290401E-1
1.352153838E1,-2.800381184E-1,-1.545251489E0,-8.831492066E-1
1.353155238E1,-5.877020955E-1,-1.278472424E0,-7.815375924E-1
1.354156638E1,-8.417873979E-1,-1.198995113E0,-5.599058867E-1
1.355158038E1,-1.029543042E0,-1.328405023E0,-3.577420712E-1
1.356159437E1,-1.168352246E0,-1.623293996E0,-2.079043835E-1
1.357160838E1,-1.285350442E0,-1.946900368E0,-8.763896674E-2
1.358162338E1,-1.437733889E0,-2.057431221E0,3.590400890E-2
1.359163738E1,-1.678831100E0,-1.790449381E0,1.946203858E-1
1.360165138E1,-2.028301954E0,-1.159428000E0,3.374896348E-1
1.361166538E1,-2.410787344E0,-3.325024247E-1,4.732949138E-1
1.362167938E1,-2.771274805E0,5.349468589E-1,5.926554203E-1
1.363169338E1,-3.107556820E0,1.307414293E0,6.658244133E-1
1.364170838E1,-3.372123957E0,1.759579301E0,7.150425911E-1
1.365172238E1,-3.442317247E0,1.927157640E0,7.749306560E-1
1.366173638E1,-3.173831940E0,1.919541836E0,9.716216326E-1
1.367175038E1,-2.392368317E0,1.967046738E0,1.433176756E0
1.368176438E1,-1.207959414E0,2.158497810E0,2.119168997E0
1.369177838E1,2.477768660E-1,2.462121487E0,3.059797287E0
1.370179217E1,1.755898237E0,2.498639107E0,4.145998478E0
1.371180717E1,3.242313147E0,2.296095848E0,5.133953094E0
1.372182117E1,5.176563263E0,2.097058296E0,5.859510422E0
1.373183517E1,7.375345230E0,1.750912070E0,6.448707104E0
1.374184917E1,9.355627060E0,1.297594190E0,6.863963127E0
1.375186317E1,1.075166225E1,8.650956154E-1,6.953681469E0
1.376187717E1,1.150195789E1,2.139315940E-3,6.761509418E0
1.377189217E1,1.202272987E1,-1.149209142E0,6.402415752E0
1.378190617E1,1.247024345E1,-2.018427849E0,6.134909630E0
1.379192017E1,1.228494930E1,-1.933355927E0,5.708808422E0
1.380193417E1,1.121524239E1,-1.087125778E0,5.092043877E0
1.381194817E1,9.791070938E0,3.461711407E-1,4.419289112E0
1.382196217E1,7.452913284E0,1.658504486E0,3.747987032E0
1.383197617E1,4.571893692E0,3.103623867E0,3.169307232E0
1.384199117E1,1.924773574E0,4.024655342E0,2.762139320E0
1.385200517E1,3.604061604E-1,3.606906652E0,2.394796371E0
1.386201917E1,2.614958286E-1,2.042568445E0,1.813206077E0
1.387203317E1,1.078152418E0,7.386866808E-1,1.212936282E0
1.388204717E1,1.894594550E0,2.774599195E-1,8.307526708E-1
1.389206117E1,2.035558939E0,2.926614583E-1,6.756785512E-1
1.390207517E1,1.654391527E0,6.066567302E-1,6.702893972E-1
1.391209017E1,1.200199842E0,9.771625400E-1,7.128643990E-1
1.392210417E1,9.571164250E-1,1.164840579E0,7.271114588E-1
1.393211817E1,8.100569248E-1,1.124414444E0,7.070091367E-1
1.394213217E1,4.699981809E-1,9.172716141E-1,5.784823298E-1
1.395214617E1,4.884505644E-3,5.009574890E-1,3.546697199E-1
1.396216017E1,-1.356654167E-1,-2.956666648E-1,7.848420739E-2
1.397217517E1,2.856285870E-2,-1.064057589E0,-2.298499048E-1
1.398218917E1,1.289903969E-1,-1.393437624E0,-4.255536497E-1
1.399220317E1,-2.049127221E-2,-1.289061189E0,-3.875359893E-1
1.400221717E1,-2.715157866E-1,-9.756321907E-1,-1.379690319E-1
1.401223117E1,-4.999130368E-1,-6.048412919E-1,5.870678648E-2
1.402224517E1,-7.569354773E-1,-2.048672885E-1,1.453047991E-1
1.403225917E1,-9.924913049E-1,9.883347899E-2,1.212737635E-1
1.404227417E1,-1.177907228E0,9.492049366E-2,-1.287003905E-1
1.405228817E1,-1.250295758E0,-4.189491272E-1,-5.449117422E-1
1.406230217E1,-1.204916000E0,-1.224871993E0,-8.483166695E-1
1.407231617E1,-1.165774703E0,-1.842667937E0,-9.658057094E-1
1.408233017E1,-1.205906153E0,-2.116902351E0,-8.761631846E-1
1.409234417E1,-1.424685836E0,-1.953883052E0,-6.806280613E-1
1.410235817E1,-1.629812121E0,-1.403270245E0,-5.369979143E-1
1.411237317E1,-1.725291967E0,-8.581172824E-1,-4.553845525E-1
1.412238717E1,-1.704509139E0,-4.614540637E-1,-4.599438608E-1
1.413240117E1,-1.738439918E0,-2.262052298E-1,-6.418768764E-1
1.414241517E1,-1.900815964E0,-3.324485719E-1,-1.078570604E0
1.415242917E1,-2.018489838E0,-8.553129435E-1,-1.727337599E0
1.416244317E1,-1.963164687E0,-1.599143028E0,-2.282130718E0
1.417245717E1,-1.914656520E0,-2.172116995E0,-2.544776917E0
1.418247217E1,-2.020460367E0,-2.223869801E0,-2.622652531E0
1.419248617E1,-2.263226509E0,-1.753873229E0,-2.586982965E0
1.420250017E1,-2.539195538E0,-1.176667333E0,-2.498372555E0
1.421251417E1,-2.737174034E0,-7.507136464E-1,-2.449979782E0
1.422252817E1,-2.895012856E0,-5.594760180E-1,-2.479845524E0
1.423254217E1,-2.999043226E0,-4.416780770E-1,-2.598805666E0
1.424255617E1,-3.113879204E0,-3.410422802E-1,-2.759874821E0
1.425257117E1,-3.191496134E0,-4.017214477E-1,-2.918999434E0
1.426258517E1,-3.125578880E0,-6.953498721E-1,-3.133036613E0
1.427259917E1,-3.031128407E0,-1.018938899E0,-3.282468081E0
1.428261317E1,-3.051447630E0,-1.207685351E0,-3.305150747E0
1.429262717E1,-3.114874363E0,-1.183431506E0,-3.207117319E0
1.430264117E1,-3.165025234E0,-9.966179729E-1,-3.011789560E0
1.431265517E1,-3.124721289E0,-8.183524013E-1,-2.783445835E0
1.432267017E1,-2.953349352E0,-7.610148191E-1,-2.613630772E0
1.433268417E1,-2.648679972E0,-8.659684062E-1,-2.520184755E0
1.434269817E1,-2.362607002E0,-9.412192702E-1,-2.448837757E0
1.435271217E1,-2.225786209E0,-7.214253545E-1,-2.296067953E0
1.436272617E1,-2.215047121E0,-4.139537215E-1,-2.047346115E0
1.437274017E1,-2.015753031E0,-1.875927895E-1,-1.736856222E0
1.438275417E1,-1.615086317E0,-2.803224623E-1,-1.444523692E0
1.439276917E1,-1.112446189E0,-6.314878464E-1,-1.257717252E0
1.440278317E1,-6.501060128E-1,-1.053977251E0,-1.168461680E0
1.441279717E1,-3.499094546E-1,-1.421035051E0,-1.125766277E0
1.442281117E1,-2.701949179E-1,-1.826059699E0,-1.074050903E0
1.443282517E1,-2.847229540E-1,-1.828583241E0,-8.765869141E-1
1.444283917E1,-3.556485474E-1,-1.364395857E0,-5.243473649E-1
1.445285317E1,-4.582447410E-1,-4.397067130E-1,-1.372463107E-1
1.446286817E1,-6.550800204E-1,8.779476285E-1,2.038886398E-1
1.447288217E1,-6.368440390E-1,1.985384345E0,4.444080889E-1
1.448289617E1,-2.955714166E-1,2.383791447E0,6.520766020E-1
1.449291017E1,1.484243274E-1,2.255190134E0,7.826402187E-1
1.450292417E1,5.259394050E-1,1.933049679E0,7.553886175E-1
1.451293817E1,8.748914599E-1,1.453070760E0,6.111054420E-1
1.452295217E1,1.264414668E0,1.098770976E0,5.305302143E-1
1.453296717E1,1.633115530E0,1.057857156E0,5.067715645E-1
1.454298117E1,1.991069674E0,1.207261562E0,4.577914774E-1
1.455299517E1,2.252517939E0,1.515828609E0,4.117278457E-1
1.456300917E1,2.568304300E0,1.881719232E0,3.436896801E-1
1.457302317E1,3.097270966E0,1.841214776E0,1.352775693E-1
1.458303717E1,3.914930105E0,1.549556255E0,-2.554776669E-1
1.459305117E1,4.869884014E0,9.372007847E-1,-7.331964374E-1
1.460306617E1,5.728985310E0,2.365750521E-1,-1.145299792E0
1.461308017E1,6.589294910E0,-5.915225297E-2,-1.476920247E0
1.462309417E1,7.421967506E0,7.570676506E-2,-1.759640098E0
1.463310817E1,7.995888710E0,2.980532050E-1,-2.077396870E0
1.464312217E1,8.274144173E0,5.103827715E-1,-2.413453102E0
1.465313617E1,8.300205231E0,6.204657555E-1,-2.720948458E0
1.466315017E1,8.049965858E0,5.980304480E-1,-2.889721870E0
1.467316517E1,7.826610088E0,7.069634795E-1,-2.917901993E0
1.468317917E1,7.849058628E0,7.961453199E-1,-2.990290642E0
1.469319317E1,8.058794022E0,7.808338404E-1,-3.146381617E0
1.470320713E1,8.320333481E0,8.287113309E-1,-3.334476471E0
1.471322113E1,8.328165054E0,6.363036036E-1,-3.465109110E0
1.472323513E1,8.102198601E0,4.662567973E-1,-3.491086006E0
1.473324912E1,7.639498711E0,6.361588836E-1,-3.454054117E0
1.474326413E1,6.742049217E0,9.337564707E-1,-3.396389723E0
1.475327813E1,5.741546631E0,1.183689117E0,-3.266745567E0
1.476329213E1,5.029174805E0,1.410458326E0,-3.028825045E0
1.477330613E1,4.592793941E0,1.604325056E0,-2.744884014E0
1.478332013E1,4.305091858E0,1.743578076E0,-2.394671202E0
1.479333413E1,4.233936310E0,1.826789618E0,-2.041947126E0
1.480334813E1,4.208092213E0,1.721629977E0,-1.708719015E0
1.481336313E1,4.192629814E0,1.557928324E0,-1.450134635E0
1.482337713E1,3.985075951E0,1.499983788E0,-1.381244779E0
1.483339113E1,3.534404039E0,1.490009546E0,-1.479098082E0
1.484340513E1,3.058201790E0,1.303663015E0,-1.577749848E0
1.485341913E1,2.740492821E0,8.970592022E-1,-1.642031670E0
1.486343313E1,2.507502317E0,3.825577796E-1,-1.611473203E0
1.487344713E1,2.329159737E0,-3.146778047E-1,-1.517132640E0
1.488346113E1,2.288083553E0,-1.372134566E0,-1.404597044E0
1.489347613E1,2.274436712E0,-2.144892931E0,-1.359201789E0
1.490349013E1,1.861332417E0,-2.047514915E0,-1.216717124E0
1.491350413E1,1.079183698E0,-1.156803370E0,-7.489054203E-1
1.492351813E1,3.247770369E-1,-3.214091361E-1,-8.174973726E-2
1.493353213E1,-7.231700420E-2,-5.922000483E-2,5.171240568E-1
1.494354613E1,-2.741313279E-1,-1.974572390E-1,9.142077565E-1
1.495356013E1,-4.572968185E-1,-3.812703192E-1,1.202284575E0
1.496357513E1,-7.064722180E-1,-5.728877187E-1,1.506556511E0
1.497358913E1,-1.071589947E0,-7.623426914E-1,1.811470151E0
1.498360313E1,-1.474344373E0,-9.396362901E-1,1.906069040E0
1.499361713E1,-1.825278759E0,-1.243679523E0,1.866974711E0
1.500363113E1,-1.986344099E0,-1.553581238E0,1.811085582E0
1.501364513E1,-2.083105564E0,-1.722309470E0,1.729923129E0
1.502365913E1,-2.121881008E0,-1.766417265E0,1.651299596E0
1.503367413E1,-2.057929516E0,-2.018268108E0,1.666743279E0
1.504368813E1,-1.941555262E0,-2.588066339E0,1.809276223E0
1.505370213E1,-2.021106720E0,-3.110642433E0,1.951109767E0
1.506371613E1,-2.298214197E0,-3.244337082E0,1.946213007E0
1.507373013E1,-2.769374371E0,-3.042565823E0,1.866131544E0
1.508374413E1,-3.321585417E0,-2.857981920E0,1.870915651E0
1.509375813E1,-3.782065630E0,-2.798177481E0,1.838282585E0
1.510377213E1,-4.084259033E0,-2.855850458E0,1.751445174E0
1.511378713E1,-4.356003284E0,-2.880933762E0,1.631808996E0
1.512380113E1,-4.611095428E0,-2.786173582E0,1.486836672E0
1.513381513E1,-4.879911900E0,-2.578971863E0,1.350152850E0
1.514382913E1,-5.109437943E0,-2.217447519E0,1.191117883E0
1.515384313E1,-5.354661465E0,-1.730229855E0,1.007130742E0
1.516385713E1,-5.642835617E0,-1.230432034E0,8.457171321E-1
1.517387113E1,-5.932788849E0,-7.969554067E-1,6.452887058E-1
1.518388612E1,-6.162310600E0,-4.194128811E-1,4.307236671E-1
1.519390013E1,-6.267583847E0,-1.449927837E-1,2.344311476E-1
1.520391413E1,-6.249399662E0,-2.403519303E-2,4.188434780E-2
1.521392813E1,-6.097103119E0,-1.315278113E-1,-1.827570200E-1
1.522394213E1,-5.790989876E0,-6.378359795E-1,-3.537468612E-1
1.523395613E1,-5.492201805E0,-1.070560217E0,-4.465061426E-1
1.524397013E1,-5.581446171E0,-9.787197113E-1,-3.756580949E-1
1.525398412E1,-5.952097893E0,-4.394195080E-1,-1.318339705E-1
1.526399913E1,-6.210424423E0,-1.743452251E-1,1.626450717E-1
1.527401313E1,-5.899398804E0,-2.874674499E-1,3.012806773E-1
1.528402713E1,-4.884157658E0,-6.628152728E-1,2.836872935E-1
1.529404113E1,-3.320051432E0,-1.306065559E0,1.409674734E-1
1.530405513E1,-1.567602873E0,-1.935782433E0,-2.848467417E-2
1.531406913E1,-1.049935892E-1,-1.984891176E0,-2.147941440E-1
1.532408313E1,6.631432772E-1,-1.438522935E0,-3.265819550E-1
1.533409813E1,7.824391723E-1,-7.138298750E-1,-4.007775486E-1
1.534411213E1,6.403233409E-1,-3.811943829E-1,-4.069204032E-1
1.535412613E1,5.283555984E-1,-2.708736062E-1,-3.908682168E-1
1.536414013E1,4.350208938E-1,-2.088919878E-1,-4.706269801E-1
1.537415413E1,2.479020953E-1,-1.895519793E-1,-4.746416509E-1
1.538416813E1,1.023238450E-1,-2.769718468E-1,-3.624674380E-1
1.539418213E1,1.612423919E-2,-2.897614837E-1,-2.218270153E-1
1.540419613E1,-8.054824173E-2,-1.594817936E-1,-1.627863348E-1
1.541421113E1,-1.129117236E-1,1.987940222E-1,-1.918563098E-1
1.542422513E1,-1.448643357E-1,6.776857972E-1,-2.718685865E-1
1.543423913E1,-1.936834157E-1,1.074043989E0,-3.211234808E-1
1.544425313E1,-1.312970072E-1,1.279875755E0,-3.174720109E-1
1.545426713E1,-4.496255424E-3,1.291518688E0,-2.790213823E-1
1.546428113E1,1.036829427E-1,1.220288992E0,-2.654344738E-1
1.547429513E1,1.562141776E-1,1.164288759E0,-3.039160371E-1
1.548430913E1,2.143643051E-1,1.084302664E0,-3.568013608E-1
1.549432413E1,2.918253839E-1,9.749168754E-1,-3.682462573E-1
1.550433813E1,3.199470341E-1,9.986632466E-1,-3.844446838E-1
1.551435213E1,2.937441766E-1,1.123386621E0,-4.300470650E-1
1.552436613E1,3.457147181E-1,1.184768200E0,-5.236286521E-1
1.553438013E1,5.475862026E-1,1.085959077E0,-6.413396001E-1
1.554439413E1,8.718646765E-1,8.586029410E-1,-7.551146746E-1
1.555440813E1,1.208616257E0,6.313727498E-1,-8.480655551E-1
1.556442313E1,1.566978097E0,3.954561055E-1,-9.088466167E-1
1.557443713E1,1.959342599E0,1.645559371E-1,-9.531936049E-1
1.558445113E1,2.349388838E0,-1.085685343E-1,-9.663695693E-1
1.559446513E1,2.714924335E0,-5.010589361E-1,-9.472287297E-1
1.560447913E1,3.036402464E0,-8.751039505E-1,-9.486700296E-1
1.561449313E1,3.161054850E0,-1.202301025E0,-1.022069454E0
1.562450713E1,3.236037254E0,-1.609595060E0,-1.013645649E0
1.563452113E1,3.376224518E0,-2.202304602E0,-8.715953231E-1
1.564453613E1,3.439830303E0,-3.037652016E0,-7.178167105E-1
1.565455013E1,3.425227404E0,-3.745427847E0,-6.416929960E-1
1.566456413E1,3.326642990E0,-4.163053036E0,-5.809559226E-1
1.567457813E1,3.188118696E0,-4.222945690E0,-4.462258518E-1
1.568459213E1,3.018278122E0,-3.960237741E0,-2.411323637E-1
1.569460613E1,2.784076452E0,-3.387094259E0,-1.462529451E-1
1.570461975E1,2.335937500E0,-2.463461637E0,-3.335418701E-1
1.571463375E1,1.756951332E0,-1.519567490E0,-5.869725347E-1
1.572464875E1,1.410079598E0,-9.097632766E-1,-6.710964441E-1
1.573466275E1,1.268909454E0,-7.830058336E-1,-5.096390247E-1
1.574467675E1,1.254094005E0,-1.157849193E0,-2.298593521E-1
1.575469075E1,1.408655643E0,-1.890549779E0,1.115117818E-1
1.576470475E1,1.639402866E0,-2.703013659E0,4.415245652E-1
1.577471875E1,1.886077881E0,-3.325547457E0,7.725983858E-1
1.578473275E1,2.185148001E0,-3.604024887E0,1.176733971E0
1.579474675E1,2.359523058E0,-3.426443100E0,1.550546527E0
1.580476175E1,2.375148535E0,-2.903044701E0,1.619980454E0
1.581477575E1,2.282810450E0,-2.308901548E0,1.428506613E0
1.582478975E1,2.171865702E0,-1.705519676E0,1.077710271E0
1.583480375E1,1.924165845E0,-1.105988026E0,7.108884454E-1
1.584481775E1,1.652411819E0,-5.785095692E-1,4.734037220E-1
1.585483175E1,1.483724952E0,-2.546396554E-1,4.568846226E-1
1.586484575E1,1.506548047E0,-3.845031261E-1,5.963410735E-1
1.587485975E1,1.824405313E0,-1.001677036E0,8.102316856E-1
1.588487475E1,2.348144531E0,-1.699602127E0,1.052820325E0
1.589488875E1,2.580161333E0,-2.016290188E0,1.240795255E0
1.590490275E1,2.180258036E0,-1.824585319E0,1.231992602E0
1.591491675E1,1.338825107E0,-1.256766200E0,9.447396994E-1
1.592493075E1,2.478921711E-1,-6.217480302E-1,4.084848464E-1
1.593494475E1,-9.853709340E-1,-4.310548678E-2,-2.719163001E-1
1.594495875E1,-1.930726528E0,3.177509606E-1,-7.063934803E-1
1.595497275E1,-2.490389585E0,2.312232107E-1,-9.952715635E-1
1.596498775E1,-2.722525120E0,-6.057257652E-1,-1.105430365E0
1.597500175E1,-2.815707207E0,-1.679277420E0,-1.111274481E0
1.598501575E1,-3.048016310E0,-2.364210606E0,-1.031376958E0
1.599502975E1,-3.561525106E0,-2.467350245E0,-9.891604781E-1
1.600504375E1,-4.073160172E0,-2.144946575E0,-1.015876532E0
1.601505775E1,-4.445277214E0,-1.526138783E0,-1.093812585E0
1.602507175E1,-4.658761024E0,-6.932895780E-1,-1.122328877E0
1.603508575E1,-4.655325413E0,1.579673439E-1,-9.843819141E-1
1.604510075E1,-4.483366013E0,8.516789675E-1,-7.775232792E-1
1.605511475E1,-4.141222477E0,1.212996721E0,-5.987319946E-1
1.606512875E1,-3.708302736E0,1.272933602E0,-4.846487939E-1
1.607514275E1,-3.333297491E0,1.188767433E0,-3.937724829E-1
1.608515675E1,-2.997987747E0,1.037881494E0,-3.306800723E-1
1.609517075E1,-2.637311220E0,7.310169935E-1,-2.768602073E-1
1.610518475E1,-2.184436321E0,1.290962398E-1,-1.816412508E-1
1.611519875E1,-1.784768581E0,-5.038571954E-1,-9.062579833E-3
1.612521375E1,-1.526199102E0,-9.275640249E-1,2.062076479E-1
1.613522775E1,-1.391699076E0,-1.233295202E0,3.942997754E-1
1.614524175E1,-1.134021997E0,-1.519421458E0,5.250250101E-1
1.615525575E1,-7.375975251E-1,-1.705824018E0,6.108000875E-1
1.616526975E1,-3.650796115E-1,-1.522313833E0,6.752113104E-1
1.617528375E1,-3.270575404E-2,-1.108681679E0,7.717754841E-1
1.618529775E1,3.262065947E-1,-6.985421181E-1,8.908286095E-1
1.619531175E1,7.857267261E-1,-4.814598262E-1,9.868165851E-1
1.620532675E1,1.164103508E0,-4.405752420E-1,1.014533401E0
1.621534075E1,1.341274023E0,-3.740220368E-1,9.836788774E-1
1.622535475E1,1.360284686E0,-2.591074407E-1,9.416712523E-1
1.623536875E1,1.379650474E0,-3.741771877E-1,8.690028787E-1
1.624538275E1,1.571965337E0,-6.322920918E-1,7.667350769E-1
1.625539675E1,1.708254218E0,-8.669463992E-1,7.302538157E-1
1.626541075E1,1.867213726E0,-1.023239851E0,8.026188016E-1
1.627542475E1,2.166769028E0,-9.847200513E-1,9.193659425E-1
1.628543875E1,2.448959827E0,-6.989330649E-1,1.040563464E0
1.629545375E1,2.713631153E0,-1.608485579E-1,1.108464360E0
1.630546775E1,2.901067734E0,5.451157689E-1,9.805807471E-1
1.631548175E1,2.923745394E0,1.041071177E0,8.357230425E-1
1.632549575E1,2.862707615E0,8.616830111E-1,9.187369347E-1
1.633550975E1,2.945524216E0,-9.467501193E-2,1.245549917E0
1.634552375E1,3.072972059E0,-1.366400480E0,1.546687841E0
1.635553775E1,3.011084318E0,-2.227104187E0,1.563478112E0
1.636555175E1,2.564078569E0,-2.111989021E0,1.299256563E0
1.637556675E1,1.694700003E0,-9.952511191E-1,8.362353444E-1
1.638558075E1,7.338397503E-1,4.998491406E-1,3.108099103E-1
1.639559475E1,-1.573977619E-2,1.615375638E0,-1.561618745E-1
1.640560875E1,-5.026332736E-1,2.142810345E0,-4.004214108E-1
1.641562275E1,-6.894217730E-1,1.783510208E0,-3.194021285E-1
1.642563675E1,-5.567587614E-1,8.047255278E-1,-1.006343663E-1
1.643565075E1,-4.151384234E-1,-1.190433353E-1,3.326373547E-2
1.644566475E1,-5.642724633E-1,-4.387235940E-1,-1.941492409E-2
1.645567875E1,-9.263615012E-1,-2.702498734E-1,-2.451047003E-1
1.646569375E1,-1.229766726E0,1.856867522E-1,-5.301154256E-1
1.647570775E1,-1.352345347E0,6.887439489E-1,-7.025743127E-1
1.648572175E1,-1.284752965E0,1.013621926E0,-6.654482484E-1
1.649573575E1,-1.079262137E0,9.914996624E-1,-4.985241890E-1
1.650574975E1,-7.985191941E-1,7.224202752E-1,-2.653335631E-1
1.651576375E1,-5.703316331E-1,2.571745217E-1,3.353456780E-2
1.652577775E1,-3.767632544E-1,-2.089423239E-1,3.501364887E-1
1.653579175E1,-3.073275983E-1,-4.963722825E-1,6.381187439E-1
1.654580675E1,-3.704256117E-1,-4.709244370E-1,8.902050257E-1
1.655582075E1,-4.939092994E-1,-2.202226818E-1,1.033408523E0
1.656583475E1,-6.580708027E-1,5.899245292E-2,1.146359324E0
1.657584875E1,-7.659769058E-1,2.217355520E-1,1.343994975E0
1.658586275E1,-8.219855428E-1,1.877173930E-1,1.577739835E0
1.659587675E1,-8.516187072E-1,-5.981315300E-2,1.813627601E0
1.660589075E1,-9.336704612E-1,-3.376485109E-1,2.024688005E0
1.661590475E1,-1.036867976E0,-5.231236219E-1,2.205632687E0
1.662591875E1,-1.080829024E0,-5.718895793E-1,2.356692553E0
1.663593375E1,-1.067687511E0,-4.731417000E-1,2.421121836E0
1.664594775E1,-1.062459946E0,-2.687054574E-1,2.399521351E0
1.665596175E1,-1.072931170E0,-3.006476723E-2,2.365107536E0
1.666597575E1,-1.016904593E0,1.682339460E-1,2.287708282E0
1.667598975E1,-8.584180474E-1,2.446972132E-1,2.159931660E0
1.668600375E1,-7.133654952E-1,2.192608267E-1,1.965540171E0
1.669601775E1,-6.351226568E-1,1.146309003E-1,1.753877521E0
1.670603300E1,-6.149699688E-1,3.078713082E-2,1.582358479E0
1.671604700E1,-6.329719424E-1,-2.530685440E-2,1.462378025E0
1.672606200E1,-5.848637819E-1,-1.470250338E-1,1.352082968E0
1.673607600E1,-4.285333157E-1,-2.395740598E-1,1.160303473E0
1.674609000E1,-2.141294181E-1,-2.235815078E-1,8.688135147E-1
1.675610400E1,4.466582462E-2,-4.076391459E-2,4.879047871E-1
1.676611800E1,3.068401814E-1,2.099631131E-1,9.004397690E-2
1.677613200E1,5.082195401E-1,4.417668283E-1,-2.475869358E-1
1.678614600E1,5.703290105E-1,6.543307304E-1,-5.260670185E-1
1.679616000E1,5.072762370E-1,5.553240180E-1,-7.153310776E-1
1.680617400E1,4.059365392E-1,2.507460117E-1,-8.452115655E-1
1.681618900E1,2.618100047E-1,-1.433027908E-2,-9.030762315E-1
1.682620300E1,4.526414350E-2,-4.909119010E-2,-9.190290570E-1
1.683621700E1,-1.172523499E-1,1.041233093E-1,-9.567099214E-1
1.684623100E1,-1.947663277E-1,3.590176404E-1,-1.040058613E0
1.685624500E1,-1.972213387E-1,6.589386463E-1,-1.107384920E0
1.686625900E1,-1.155597642E-1,9.108806252E-1,-1.147679567E0
1.687627300E1,5.552127585E-2,9.236186743E-1,-1.180539250E0
1.688628700E1,3.964050710E-1,6.169354320E-1,-1.255943179E0
1.689630100E1,8.852158785E-1,1.600502878E-1,-1.418835282E0
1.690631600E1,1.696940422E0,-1.950862408E-1,-1.589393139E0
1.691633000E1,2.393031120E0,-2.368882746E-1,-1.594217777E0
1.692634400E1,2.743762255E0,8.087727427E-2,-1.350543261E0
1.693635800E1,2.796061516E0,3.947727382E-1,-1.042383909E0
1.694637200E1,2.648731232E0,4.578225315E-1,-7.536154389E-1
1.695638600E1,2.434402466E0,2.605585754E-1,-6.208124757E-1
1.696640000E1,2.177956581E0,3.841564059E-3,-7.529436350E-1
1.697641400E1,1.824248195E0,-5.897264555E-2,-1.024201035E0
1.698642800E1,1.367151499E0,8.603700250E-2,-1.160646200E0
1.699644300E1,9.619932771E-1,3.298579454E-1,-1.146284580E0
1.700645700E1,6.369395852E-1,5.113031268E-1,-1.015913606E0
1.701647100E1,4.261405170E-1,6.874709725E-1,-8.529933691E-1
1.702648500E1,2.615350485E-1,8.734642863E-1,-7.353360057E-1
1.703649900E1,1.179910675E-1,9.882532358E-1,-6.788576245E-1
1.704651300E1,3.310281038E-2,9.482821226E-1,-6.120545864E-1
1.705652700E1,-1.156925783E-2,7.397935390E-1,-4.708034694E-1
1.706654100E1,3.708498785E-3,4.015750289E-1,-2.767591774E-1
1.707655500E1,4.505287483E-2,5.998624489E-2,-1.019260809E-1
1.708657000E1,8.004041761E-2,-1.386618614E-1,2.970358729E-2
1.709658400E1,8.475325257E-2,-1.398276091E-1,1.237983406E-1
1.710659800E1,4.781813920E-2,-1.715272432E-3,1.166581362E-1
1.711661200E1,-1.659305207E-2,1.458153725E-1,5.529791862E-2
1.712662600E1,-4.020650312E-2,1.540988684E-1,2.968070284E-2
1.713664000E1,-5.169374123E-2,-3.123804741E-2,3.783179820E-2
1.714665400E1,-5.903074890E-2,-2.177496105E-1,1.085368618E-1
1.715666800E1,-1.359780282E-1,-3.522945046E-1,2.059635520E-1
1.716668200E1,-2.277953029E-1,-4.356407821E-1,2.577598989E-1
1.717669600E1,-3.202354312E-1,-4.965840876E-1,2.412760407E-1
1.718671100E1,-4.180067182E-1,-4.662906229E-1,2.300444245E-1
1.719672500E1,-5.099589825E-1,-3.665755987E-1,2.137237489E-1
1.720673900E1,-5.758101940E-1,-3.056616485E-1,1.500670165E-1
1.721675300E1,-5.874733329E-1,-3.377419114E-1,6.942689419E-2
1.722676700E1,-5.050601959E-1,-4.547652006E-1,8.723067120E-3
1.723678100E1,-3.723146021E-1,-5.432502031E-1,-8.523379453E-3
1.724679500E1,-2.653447688E-1,-5.435639024E-1,3.518495336E-2
1.725680900E1,-8.819578588E-2,-5.227402449E-1,1.404412538E-1
1.726682300E1,1.465213746E-1,-5.012088418E-1,2.402051389E-1
1.727683800E1,4.228586853E-1,-4.341758490E-1,3.958094716E-1
1.728685200E1,8.149369955E-1,-4.075873792E-1,6.126839519E-1
1.729686600E1,1.282710314E0,-5.117156506E-1,8.886173964E-1
1.730688000E1,1.919642568E0,-6.774364710E-1,1.256628036E0
1.731689400E1,2.618286610E0,-7.380205989E-1,1.645301461E0
1.732690800E1,3.244744539E0,-6.124530435E-1,2.016455650E0
1.733692200E1,3.811338663E0,-4.624274969E-1,2.300095558E0
1.734693600E1,4.225321293E0,-2.911880910E-1,2.399012089E0
1.735695000E1,4.435652256E0,-1.626679599E-1,2.432430267E0
1.736696400E1,4.539660454E0,-2.788268030E-1,2.438691616E0
1.737697900E1,4.493431091E0,-5.875642300E-1,2.227590799E0
1.738699300E1,4.379724979E0,-7.991441488E-1,1.863594413E0
1.739700700E1,3.968073606E0,-8.525572419E-1,1.435020804E0
1.740702100E1,3.038631439E0,-5.760598779E-1,8.820948005E-1
1.741703500E1,1.953687072E0,-2.233788073E-1,3.809560835E-1
1.742704900E1,1.209845424E0,6.728696637E-3,1.542764343E-2
1.743706300E1,7.367203832E-1,1.967315376E-2,-2.350064516E-1
1.744707700E1,4.990912974E-1,2.004253492E-2,-4.373941720E-1
1.745709100E1,3.320512176E-1,1.885336339E-1,-6.078913212E-1
1.746710600E1,1.116671935E-1,5.057190061E-1,-7.521219850E-1
1.747712000E1,-1.298575550E-1,7.693871260E-1,-8.759374022E-1
1.748713400E1,-3.281687796E-1,8.530455828E-1,-9.629202485E-1
1.749714800E1,-5.280762911E-1,7.793760300E-1,-9.690098763E-1
1.750716200E1,-7.446025014E-1,5.909419656E-1,-8.809574842E-1
1.751717600E1,-9.183169603E-1,2.767399848E-1,-7.737676501E-1
1.752719000E1,-1.156032801E0,-1.533325613E-1,-6.691027880E-1
1.753720400E1,-1.472879887E0,-4.469023943E-1,-5.945252776E-1
1.754721800E1,-1.841768503E0,-5.725473762E-1,-5.422157049E-1
1.755723200E1,-2.149427652E0,-5.990251899E-1,-5.341984034E-1
1.756724600E1,-2.382667542E0,-5.827593803E-1,-6.085400581E-1
1.757726100E1,-2.557303905E0,-5.200721025E-1,-7.428808808E-1
1.758727500E1,-2.662927628E0,-3.805871904E-1,-8.875272870E-1
1.759728900E1,-2.644441128E0,-2.261473387E-1,-1.020248175E0
1.760730300E1,-2.654898643E0,-6.013972685E-2,-1.131620049E0
1.761731700E1,-2.815371752E0,1.461081058E-1,-1.202180266E0
1.762733100E1,-3.009675503E0,3.187879920E-1,-1.234567165E0
1.763734500E1,-3.054379225E0,3.802935481E-1,-1.230027914E0
1.764735900E1,-2.945596933E0,3.195803761E-1,-1.202671409E0
1.765737300E1,-2.779933453E0,1.975048482E-1,-1.113864064E0
1.766738700E1,-2.522336721E0,3.815459833E-2,-9.807243943E-1
1.767740200E1,-2.280546427E0,-1.527657211E-1,-8.604671359E-1
1.768741600E1,-2.032279730E0,-2.519772649E-1,-7.748339772E-1
1.769743000E1,-1.798234463E0,-2.205621749E-1,-7.055590153E-1
1.770744292E1,-1.535137892E0,-1.161809042E-1,-5.948511362E-1
1.771745692E1,-1.133605003E0,-8.605500311E-2,-3.945037127E-1
1.772747092E1,-6.375215650E-1,-1.598578542E-1,-1.477650404E-1
1.773748492E1,-1.077083424E-1,-2.808753252E-1,6.244101375E-2
1.774749892E1,3.617917895E-1,-3.711391687E-1,2.279330343E-1
1.775751292E1,7.534214854E-1,-3.979904056E-1,3.519470394E-1
1.776752692E1,9.880888462E-1,-3.973453939E-1,3.897767365E-1
1.777754192E1,1.131915689E0,-3.876832128E-1,3.436325788E-1
1.778755592E1,1.271942019E0,-4.700960517E-1,2.060153186E-1
1.779756992E1,1.288124681E0,-6.608739495E-1,8.137708157E-2
1.780758392E1,1.265938640E0,-8.793452978E-1,7.599936426E-2
1.781759792E1,1.288602948E0,-1.097565413E0,1.105432212E-1
1.782761192E1,1.397493482E0,-1.238549709E0,1.111650690E-1
1.783762592E1,1.556178927E0,-1.101312995E0,2.504165471E-2
1.784763992E1,1.654569149E0,-6.389688253E-1,-2.145986408E-1
1.785765392E1,1.644194722E0,1.037144586E-1,-6.529350281E-1
1.786766792E1,1.567655683E0,8.953912854E-1,-1.266073585E0
1.787768192E1,1.519775391E0,1.434029222E0,-1.974058867E0
1.788769692E1,1.617166042E0,1.573963642E0,-2.458469391E0
1.789771092E1,1.603985429E0,1.295343637E0,-2.626199722E0
1.790772492E1,1.757851958E0,7.132351398E-1,-2.592091322E0
1.791773892E1,1.947239876E0,1.763890088E-1,-2.420992851E0
1.792775292E1,1.999386311E0,-2.300851606E-2,-2.195969582E0
1.793776692E1,1.853977799E0,8.348127455E-2,-2.075789690E0
1.794778092E1,1.710069895E0,4.032060206E-1,-2.115790367E0
1.795779492E1,1.495709538E0,6.992511749E-1,-2.181520224E0
1.796780892E1,1.268205523E0,7.544968724E-1,-2.134054184E0
1.797782292E1,1.025260687E0,4.371809661E-1,-1.936931849E0
1.798783792E1,7.969494462E-1,-1.007647887E-1,-1.634324312E0
1.799785192E1,6.234237552E-1,-6.437317133E-1,-1.296569347E0
1.800786592E1,4.813902378E-1,-9.548435211E-1,-1.037228227E0
1.801787992E1,3.570275903E-1,-8.801373243E-1,-8.875861168E-1
1.802789392E1,1.828326285E-1,-4.573171139E-1,-7.820340991E-1
1.803790792E1,3.703822941E-2,8.210071921E-2,-6.642616987E-1
1.804792192E1,-2.558067627E-2,3.846501708E-1,-5.139928460E-1
1.805793592E1,-4.629477859E-2,3.681640923E-1,-2.934242785E-1
1.806794992E1,-1.172472462E-1,1.674839556E-1,-4.778894782E-2
1.807796392E1,-2.550437748E-1,-8.118631691E-2,1.421487778E-1
1.808797792E1,-4.054015875E-1,-3.442344666E-1,2.533205748E-1
1.809799292E1,-5.541073680E-1,-5.476236939E-1,3.518341184E-1
1.810800692E1,-6.935414076E-1,-6.791268587E-1,4.938125908E-1
1.811802092E1,-7.911405563E-1,-7.037020326E-1,6.959778666E-1
1.812803492E1,-8.668230176E-1,-6.317514181E-1,9.178713560E-1
1.813804892E1,-9.214395881E-1,-5.198026299E-1,1.093831182E0
1.814806292E1,-9.879951477E-1,-4.261107445E-1,1.193780780E0
1.815807692E1,-1.092541099E0,-4.225263000E-1,1.221099138E0
1.816809092E1,-1.263139248E0,-5.405735970E-1,1.244723558E0
1.817810492E1,-1.485007167E0,-7.550321221E-1,1.310835481E0
1.818811892E1,-1.729154348E0,-9.840237498E-1,1.400863290E0
1.819813292E1,-1.983539104E0,-1.083935380E0,1.445673108E0
1.820814792E1,-2.259181976E0,-9.894818664E-1,1.356858850E0
1.821816192E1,-2.478852272E0,-7.405758500E-1,1.219566941E0
1.822817592E1,-2.515480518E0,-3.883035481E-1,1.093116641E0
1.823818992E1,-2.400876284E0,7.143260445E-3,9.985954165E-1
1.824820392E1,-2.204303503E0,3.779340982E-1,9.633524418E-1
1.825821792E1,-1.958689213E0,7.005679607E-1,9.439200163E-1
1.826823192E1,-1.709404349E0,9.401616454E-1,8.989714384E-1
1.827824592E1,-1.443485737E0,1.040918112E0,8.103436232E-1
1.828825992E1,-1.101467729E0,9.476975799E-1,7.007122040E-1
1.829827392E1,-7.977035046E-1,8.480062485E-1,6.157413125E-1
1.830828792E1,-6.077809930E-1,7.399039865E-1,5.438905358E-1
1.831830292E1,-4.450067878E-1,5.016691685E-1,4.872188270E-1
1.832831692E1,-2.874382138E-1,1.989396065E-1,4.182714522E-1
1.833833092E1,-1.441860497E-1,-3.971207514E-2,3.467357159E-1
1.834834492E1,-1.048338786E-2,-2.508062124E-1,3.132294118E-1
1.835835892E1,2.091383785E-1,-4.766654372E-1,3.061150610E-1
1.836837292E1,4.538978040E-1,-6.208788157E-1,2.733166218E-1
1.837838692E1,5.940162539E-1,-6.103081107E-1,2.105527669E-1
1.838840092E1,6.466317773E-1,-5.109003186E-1,1.060114503E-1
1.839841492E1,6.553940773E-1,-3.464979231E-1,8.994358592E-3
1.840842892E1,6.583464146E-1,-1.675699949E-1,-6.234693155E-2
1.841844292E1,6.616483927E-1,-1.829817332E-2,-1.178700030E-1
1.842845792E1,7.198278308E-1,2.316537872E-2,-1.613969803E-1
1.843847192E1,9.037100077E-1,-1.059551910E-1,-1.817027777E-1
1.844848592E1,1.176065922E0,-4.133454859E-1,-2.076725811E-1
1.845849992E1,1.459222436E0,-6.881374121E-1,-2.441949993E-1
1.846851392E1,1.597365379E0,-8.810839653E-1,-2.341194600E-1
1.847852792E1,1.714341402E0,-1.023699284E0,-2.527387142E-1
1.848854192E1,1.894418240E0,-1.061317801E0,-3.094107807E-1
1.849855592E1,2.013778925E0,-9.216885567E-1,-3.852672875E-1
1.850856992E1,2.064934015E0,-7.326602936E-1,-4.752562940E-1
1.851858392E1,2.211527348E0,-5.853824019E-1,-7.015672326E-1
1.852859792E1,2.272388458E0,-4.878012240E-1,-9.330028892E-1
1.853861192E1,2.192138195E0,-3.566238284E-1,-1.021324515E0
1.854862692E1,2.209999561E0,-3.163397908E-1,-9.598313570E-1
1.855864092E1,2.061434269E0,-4.817920625E-1,-7.532852888E-1
1.856865492E1,1.737180352E0,-8.420663476E-1,-5.654290915E-1
1.857866892E1,1.353887081E0,-1.222774506E0,-5.152454376E-1
1.858868292E1,8.583191037E-1,-1.403273702E0,-5.646875501E-1
1.859869692E1,3.211325109E-1,-1.278925657E0,-6.404703856E-1
1.860871092E1,-2.098070085E-1,-9.121021628E-1,-8.446871638E-1
1.861872492E1,-7.795789838E-1,-4.461387396E-1,-1.147484183E0
1.862873892E1,-1.399688601E0,-2.848556265E-2,-1.409783721E0
1.863875292E1,-2.064188242E0,2.325240821E-1,-1.625044823E0
1.864876692E1,-2.716500282E0,2.500162423E-1,-1.768278122E0
1.865878092E1,-3.240916014E0,8.610223979E-2,-1.752706289E0
1.866879592E1,-3.569325209E0,-2.074875683E-1,-1.642606139E0
1.867880992E1,-3.720655441E0,-5.062553883E-1,-1.537527442E0
1.868882392E1,-3.705146790E0,-7.560769320E-1,-1.453218102E0
1.869883792E1,-3.579830647E0,-8.447554708E-1,-1.344129920E0
1.870885279E1,-3.338380098E0,-7.357757092E-1,-1.137163401E0
1.871886679E1,-3.021829128E0,-5.347709060E-1,-9.010946155E-1
1.872888079E1,-2.682206154E0,-3.163070381E-1,-6.681377888E-1
1.873889479E1,-2.335022926E0,-2.082901001E-1,-4.862470925E-1
1.874890879E1,-1.944799662E0,-1.956278235E-1,-3.299086094E-1
1.875892279E1,-1.553956985E0,-1.849649996E-1,-1.535018235E-1
1.876893679E1,-1.166970134E0,-1.494602710E-1,2.841205522E-2
1.877895079E1,-7.656674981E-1,-1.435367018E-1,1.590280831E-1
1.878896579E1,-3.507802486E-1,-1.353826374E-1,2.645672858E-1
1.879897979E1,3.121024370E-2,-5.552264675E-2,4.092085958E-1
1.880899379E1,3.852897584E-1,4.988873005E-2,5.827763677E-1
1.881900779E1,7.567641735E-1,1.439188570E-1,7.362946868E-1
1.882902179E1,1.106282234E0,2.169488668E-1,8.745138049E-1
1.883903579E1,1.337798119E0,3.412509859E-1,9.994190335E-1
1.884904979E1,1.563342810E0,4.155707359E-1,1.108058572E0
1.885906379E1,1.847916842E0,2.426421940E-1,1.162497520E0
1.886907779E1,2.093648195E0,-9.145908058E-2,1.178352356E0
1.887909179E1,2.216619730E0,-3.300471902E-1,1.172743320E0
1.888910579E1,2.117906809E0,-4.625983238E-1,1.224231839E0
1.889911979E1,1.973863482E0,-5.254422426E-1,1.323069096E0
1.890913379E1,1.986180902E0,-6.071815491E-1,1.371323705E0
1.891914879E1,2.116611958E0,-6.336969137E-1,1.310611606E0
1.892916279E1,2.286882162E0,-5.293816924E-1,1.190834641E0
1.893917679E1,2.327387094E0,-2.354270965E-1,9.687280059E-1
1.894919079E1,2.174451113E0,1.550511718E-1,8.135506511E-1
1.895920479E1,2.038078547E0,4.072376192E-1,6.992653608E-1
1.896921879E1,1.875146747E0,5.382917523E-1,5.820116997E-1
1.897923279E1,1.542749286E0,6.167694926E-1,4.907385707E-1
1.898924679E1,1.138930678E0,6.032254696E-1,4.193632007E-1
1.899926079E1,7.610378265E-1,4.826020598E-1,3.239569068E-1
1.900927479E1,4.933445454E-1,3.115919530E-1,1.973720789E-1
1.901928879E1,1.446302235E-1,6.538645923E-2,1.515426934E-1
1.902930279E1,-2.329412997E-1,-1.786610931E-1,1.488015056E-1
1.903931779E1,-5.628019571E-1,-3.568755686E-1,1.264719516E-1
1.904933179E1,-8.632941246E-1,-4.109060466E-1,6.879800558E-2
1.905934579E1,-1.121124268E0,-3.276993334E-1,4.953005910E-2
1.906935979E1,-1.151783347E0,-3.100385666E-1,5.049865320E-2
1.907937379E1,-1.054801464E0,-3.660069704E-1,-2.046638168E-2
1.908938779E1,-9.697033167E-1,-2.508186102E-1,-1.187316999E-1
1.909940179E1,-1.083687663E0,2.757682838E-2,-1.945767105E-1
1.910941579E1,-1.318035245E0,3.437888622E-1,-2.578752637E-1
1.911942979E1,-1.606978655E0,4.430970252E-1,-3.222624362E-1
1.912944379E1,-1.879553199E0,2.706346810E-1,-3.229583204E-1
1.913945779E1,-2.093343019E0,-2.755971067E-2,-2.249550670E-1
1.914947179E1,-2.236091137E0,-2.828902900E-1,-8.776258677E-2
1.915948579E1,-2.396178246E0,-3.962307870E-1,1.608484238E-2
1.916950079E1,-2.549930096E0,-3.616578877E-1,5.710950494E-2
1.917951479E1,-2.701554060E0,-2.381181121E-1,5.213455483E-2
1.918952879E1,-2.692359924E0,-9.473405778E-2,7.258496433E-2
1.919954279E1,-2.512704372E0,-1.419069059E-2,1.251314729E-1
1.920955679E1,-2.339777231E0,4.004458338E-2,2.248798907E-1
1.921957079E1,-2.156652927E0,1.596010104E-2,3.733339012E-1
1.922958479E1,-1.884109616E0,-1.392457336E-1,5.291194916E-1
1.923959879E1,-1.532447815E0,-3.703467846E-1,6.348831058E-1
1.924961279E1,-1.210336089E0,-5.121396184E-1,6.521039009E-1
1.925962679E1,-9.143840075E-1,-4.870250523E-1,6.033523679E-1
1.926964079E1,-5.770294070E-1,-3.691727221E-1,5.515357852E-1
1.927965479E1,-1.979252100E-1,-2.574080825E-1,5.364802480E-1
1.928966879E1,2.125257105E-1,-1.992044449E-1,5.416947007E-1
1.929968279E1,5.927724838E-1,-2.648185492E-1,5.827400684E-1
1.930969779E1,1.145594954E0,-5.349733233E-1,6.213694811E-1
1.931971179E1,1.828100920E0,-7.985388637E-1,6.784823537E-1
1.932972579E1,2.378441572E0,-7.290667892E-1,8.335832953E-1
1.933973979E1,2.725566387E0,-4.956309497E-1,1.009002328E0
1.934975379E1,2.994578362E0,-3.221004307E-1,1.052978158E0
1.935976779E1,3.029972076E0,-9.109774977E-2,8.859207034E-1
1.936978179E1,2.688370705E0,3.071423173E-1,4.837008417E-1
1.937979579E1,1.944544435E0,7.517080307E-1,4.445941746E-2
1.938980979E1,1.061335087E0,9.472618103E-1,-2.779258192E-1
1.939982379E1,2.766236961E-1,6.635847092E-1,-4.331943691E-1
1.940983779E1,-3.439977765E-1,1.399611831E-1,-4.154276252E-1
1.941985179E1,-8.324076533E-1,-1.724595726E-1,-2.455853224E-1
1.942986579E1,-1.241183996E0,-4.183524847E-2,-1.260935366E-1
1.943987979E1,-1.650181651E0,5.724362731E-1,-2.095514238E-1
1.944989479E1,-2.058183670E0,1.422400951E0,-4.993147850E-1
1.945990879E1,-2.399334669E0,2.202356577E0,-8.610660434E-1
1.946992279E1,-2.621648073E0,2.678026676E0,-1.219713449E0
1.947993679E1,-2.754144192E0,2.811182976E0,-1.561316133E0
1.948995079E1,-2.890383244E0,2.768575668E0,-1.980473638E0
1.949996479E1,-3.128678560E0,2.786389589E0,-2.557432413E0
1.950997879E1,-3.419130802E0,2.949308157E0,-3.185009003E0
1.951999279E1,-3.710252523E0,3.189550161E0,-3.839280367E0
1.953000679E1,-3.867769241E0,3.854394436E0,-4.000987053E0
1.954002079E1,-4.033743382E0,4.737869263E0,-4.001003742E0
1.955003479E1,-4.085451126E0,5.407650948E0,-3.903663635E0
1.956004879E1,-3.942490816E0,6.160220146E0,-3.742020607E0
1.957006279E1,-3.745065689E0,6.703995228E0,-3.549548864E0
1.958007679E1,-3.524641514E0,7.071439266E0,-3.350154161E0
1.959009179E1,-3.225924969E0,7.471665382E0,-3.207031727E0
1.960010579E1,-2.898619413E0,8.137551308E0,-3.172925711E0
1.961011979E1,-2.720299721E0,9.142779350E0,-3.190713644E0
1.962013379E1,-2.874597073E0,1.030987740E1,-3.231173038E0
1.963014779E1,-3.303797722E0,1.132569599E1,-3.111232281E0
1.964016179E1,-3.861399174E0,1.199228382E1,-2.830233097E0
1.965017579E1,-4.134785175E0,1.203154945E1,-2.550566912E0
1.966018979E1,-3.916644573E0,1.131708527E1,-2.350317717E0
1.967020379E1,-3.497395992E0,1.024531174E1,-2.100190878E0
1.968021779E1,-3.018718243E0,8.999570847E0,-1.864215255E0
1.969023179E1,-2.456507444E0,7.963519096E0,-1.820571899E0
1.970024579E1,-1.919922233E0,7.084657669E0,-1.808744788E0
1.971026104E1,-1.477663517E0,6.355781078E0,-1.790581226E0
1.972027504E1,-1.273600101E0,5.898346424E0,-1.825625539E0
1.973028904E1,-1.226715446E0,5.640093327E0,-1.801707387E0
1.974030404E1,-1.288231492E0,5.535813332E0,-1.744377255E0
1.975031804E1,-1.483461857E0,5.463799477E0,-1.618189454E0
1.976033204E1,-1.717441797E0,5.282192230E0,-1.375881314E0
1.977034604E1,-1.854881406E0,4.967605114E0,-1.138165355E0
1.978036004E1,-1.962974072E0,4.703161716E0,-1.116344333E0
1.979037404E1,-1.699104309E0,4.028291225E0,-8.460102677E-1
1.980038804E1,-1.281947017E0,3.623168707E0,-7.562521100E-1
1.981040204E1,-9.712983966E-1,3.343543530E0,-7.814275026E-1
1.982041604E1,-7.679219246E-1,3.089512348E0,-7.782871723E-1
1.983043004E1,-6.517532468E-1,2.790050268E0,-8.835251331E-1
1.984044404E1,-6.475147605E-1,2.643166542E0,-1.039612293E0
1.985045804E1,-5.901758671E-1,2.291601419E0,-9.716272950E-1
1.986047204E1,-5.061969757E-1,2.036201715E0,-7.949228883E-1
1.987048604E1,-3.848772347E-1,1.791071057E0,-6.240185499E-1
1.988050004E1,-3.420025408E-1,1.638125896E0,-5.073682666E-1
1.989051504E1,-3.092715144E-1,1.723622441E0,-4.495502114E-1
1.990052904E1,-3.443825245E-1,1.498953104E0,-2.743033171E-1
1.991054304E1,-5.228534341E-1,1.581662059E0,-1.104563326E-1
1.992055704E1,-7.915892601E-1,1.553572416E0,-6.131928787E-2
1.993057104E1,-1.019354701E0,1.392830968E0,-5.494554341E-2
1.994058504E1,-1.050539732E0,1.088916898E0,-3.478299454E-2
1.995059904E1,-8.987967372E-1,6.948162913E-1,-1.081374753E-2
1.996061304E1,-6.794210672E-1,3.006482422E-1,-3.484544158E-2
1.997062704E1,-4.079192877E-1,3.560990840E-2,-8.485054970E-2
1.998064104E1,-8.303995430E-2,-3.282556310E-2,-7.347066700E-2
1.999065504E1,1.536173224E-1,2.266485989E-2,7.011930458E-3
2.000066904E1,1.881594509E-1,1.931342334E-1,1.112812161E-1
2.001068304E1,-8.614854887E-3,3.149552345E-1,2.114911824E-1
2.002069704E1,-3.592164516E-1,2.570672035E-1,2.851301730E-1
2.003071104E1,-5.930840373E-1,1.463097930E-1,2.385786474E-1
2.004072504E1,-6.140089631E-1,1.277411357E-4,1.588539034E-1
2.005074004E1,-5.083025098E-1,-9.649360925E-2,9.139523655E-2
2.006075404E1,-3.860030174E-1,-2.262936831E-1,8.093914390E-2
2.007076804E1,-3.045510352E-1,-2.930460870E-1,1.593034565E-1
2.008078204E1,-3.419080675E-1,-3.147676289E-1,2.272766083E-1
2.009079604E1,-4.008867145E-1,-3.729246557E-1,2.727282345E-1
2.010081004E1,-3.424612582E-1,-4.080785811E-1,3.285788596E-1
2.011082404E1,-1.320409179E-1,-4.428527951E-1,3.920555711E-1
2.012083804E1,1.524979770E-1,-4.942987859E-1,4.388786554E-1
2.013085204E1,3.902119696E-1,-5.546555519E-1,4.408701658E-1
2.014086604E1,5.733776689E-1,-5.663524270E-1,4.303913414E-1
2.015088004E1,6.314007640E-1,-5.421112776E-1,4.356540143E-1
2.016089404E1,5.243312716E-1,-4.767368734E-1,4.119326472E-1
2.017090804E1,3.346281648E-1,-3.804404438E-1,3.727663457E-1
2.018092204E1,7.814171910E-2,-3.318374455E-1,3.384034634E-1
2.019093604E1,-1.416923702E-1,-3.252296150E-1,3.067323565E-1
2.020095004E1,-2.141612470E-1,-3.095518351E-1,3.071491420E-1
2.021096404E1,-2.002949715E-1,-2.157214880E-1,2.772181332E-1
2.022097904E1,-1.411877722E-1,-9.524141252E-2,2.408542782E-1
2.023099304E1,-3.943770379E-2,7.187913358E-2,2.473286837E-1
2.024100704E1,4.805826023E-2,2.075688541E-1,2.565628290E-1
2.025102104E1,1.056089029E-1,2.140920013E-1,2.722464502E-1
2.026103504E1,1.307206005E-1,1.025959179E-1,3.037335873E-1
2.027104904E1,1.159456447E-1,-5.319766700E-2,3.107236028E-1
2.028106304E1,9.339500219E-2,-2.555526495E-1,2.629760802E-1
2.029107704E1,1.380642056E-1,-3.958277106E-1,1.983288974E-1
2.030109104E1,1.914787441E-1,-4.221970141E-1,1.505562961E-1
2.031110504E1,2.286242545E-1,-3.343015015E-1,1.523557901E-1
2.032111904E1,2.294273525E-1,-1.524093151E-1,2.072965056E-1
2.033113304E1,1.653745919E-1,5.974528193E-2,2.667598426E-1
2.034114704E1,5.852197483E-2,2.932564020E-1,3.099313378E-1
2.035116104E1,-3.483593836E-2,4.285282195E-1,3.422514498E-1
2.036117504E1,-5.371399224E-2,3.760267198E-1,3.560944796E-1
2.037118904E1,-5.555828102E-5,1.386604905E-1,3.402984738E-1
2.038120304E1,7.076793909E-2,-1.386349648E-1,2.573621869E-1
2.039121804E1,1.094687283E-1,-3.307365179E-1,1.429898292E-1
2.040123204E1,1.052277759E-1,-4.040003717E-1,6.974739581E-2
2.041124604E1,8.426923305E-2,-3.977773786E-1,5.357082933E-2
2.042126004E1,5.633723363E-2,-2.167734355E-1,7.528662682E-2
2.043127404E1,-1.547863428E-2,8.347452432E-2,1.328742802E-1
2.044128804E1,-8.684711903E-2,3.244509697E-1,2.425240278E-1
2.045130204E1,-1.035850868E-1,4.111579061E-1,3.272895217E-1
2.046131604E1,-6.191485003E-2,3.546772599E-1,3.472164869E-1
2.047133004E1,-2.196636982E-2,1.966069192E-1,3.227918148E-1
2.048134404E1,2.862861194E-2,-5.235890299E-2,2.583959401E-1
2.049135804E1,8.744692057E-2,-2.189300358E-1,1.982322037E-1
2.050137204E1,1.018497720E-1,-2.733051479E-1,1.803935617E-1
2.051138604E1,7.271318883E-2,-1.365512908E-1,1.692048311E-1
2.052140004E1,-1.148688793E-2,6.046585739E-2,1.726183295E-1
2.053141404E1,-9.924177825E-2,1.699012816E-1,2.032284439E-1
2.054142804E1,-1.304476261E-1,1.818789244E-1,2.324617505E-1
2.055144204E1,-1.131147072E-1,1.366113126E-1,2.309362888E-1
2.056145604E1,-7.591070235E-2,1.091781259E-1,2.219864279E-1
2.057147004E1,-4.528621957E-2,1.120639220E-1,2.044750750E-1
2.058148504E1,-3.077589720E-2,1.389042139E-1,1.775648892E-1
2.059149904E1,-6.806441396E-2,2.230792642E-1,1.632179022E-1
2.060151304E1,-1.377610564E-1,3.041274250E-1,1.338365376E-1
2.061152704E1,-1.754980534E-1,3.156375885E-1,1.178005859E-1
2.062154104E1,-1.264706701E-1,2.428677231E-1,1.297406852E-1
2.063155504E1,1.920610853E-2,1.246193796E-1,1.423097402E-1
2.064156904E1,1.915940493E-1,1.746113040E-2,1.711655855E-1
2.065158304E1,3.175389469E-1,-7.962360978E-2,2.163383812E-1
2.066159704E1,3.737322390E-1,-1.942352355E-1,2.651340663E-1
2.067161104E1,3.680312037E-1,-2.399984598E-1,2.844060361E-1
2.068162504E1,-2.052803636E-1,2.198960260E-2,2.691493332E-1
2.069163904E1,-3.530730009E-1,2.959905267E-1,2.329109013E-1
2.070165304E1,-5.219909549E-1,4.639321864E-1,1.244285107E-1
2.071166554E1,-4.492879808E-1,3.897775412E-1,4.669137299E-2
2.072167954E1,-2.868751287E-1,1.615944356E-1,-4.811050743E-2
2.073169354E1,-9.468728304E-2,-1.256666481E-1,-1.116942763E-1
2.074170754E1,9.342837334E-2,-3.381289542E-1,-1.398835778E-1
2.075172154E1,1.981928796E-1,-4.385421276E-1,-1.028896198E-1
2.076173554E1,2.006185502E-1,-4.617814422E-1,-4.886355251E-2
2.077175054E1,1.670038700E-1,-3.711386323E-1,-2.939078584E-2