"Time (s)","X (rad/s)","Y (rad/s)","Z (rad/s)"
3.088500000E-3,-6.435938925E-2,-2.589996904E-2,-2.399472892E-2
1.310150000E-2,-1.798944622E-1,1.027713418E-1,-4.517320171E-2
2.311450000E-2,-1.911694854E-1,1.058920398E-1,-6.715174019E-2
3.312850000E-2,-1.269036978E-1,2.716949023E-2,-7.567655295E-2
4.314150000E-2,-4.334355146E-2,-3.609470278E-2,-7.928913087E-2
5.315450000E-2,6.470403168E-4,-6.933475286E-2,-8.529809117E-2
6.316750000E-2,9.266894311E-3,-9.559991211E-2,-8.664458990E-2
7.318150000E-2,-5.453828722E-3,-1.278148741E-1,-9.179151058E-2
8.319450000E-2,-3.927224502E-2,-1.450338066E-1,-1.041323245E-1
9.320750000E-2,-1.008551046E-1,-1.357966810E-1,-1.191931814E-1
1.032205000E-1,-1.844176352E-1,-8.239656687E-2,-1.295289099E-1
1.132345000E-1,-2.543111145E-1,-3.096609749E-2,-1.208037734E-1
1.232475000E-1,-2.694927454E-1,-1.787666045E-2,-9.648805112E-2
1.332605000E-1,-2.474313229E-1,-3.435344994E-2,-8.506619930E-2
1.432745000E-1,-1.946562529E-1,-9.662082046E-2,-9.005696326E-2
1.532875000E-1,-1.194219291E-1,-1.949481219E-1,-9.923920035E-2
1.633005000E-1,-4.603080079E-2,-2.948621809E-1,-1.049769819E-1
1.733135000E-1,-2.098375373E-2,-2.892641723E-1,-1.049612984E-1
1.833275000E-1,-7.298810035E-2,-1.973334253E-1,-1.086982414E-1
1.933408750E-1,-1.552559882E-1,-1.156828180E-1,-1.092081219E-1
2.033538750E-1,-2.183236331E-1,-7.252975553E-2,-1.070091501E-1
2.133668750E-1,-2.465920150E-1,-5.649530888E-2,-1.216248795E-1
2.233808750E-1,-2.366221994E-1,-7.935801893E-2,-1.289283186E-1
2.333938750E-1,-2.077155411E-1,-1.270453781E-1,-1.200957373E-1
2.434068750E-1,-1.653113663E-1,-1.798830330E-1,-1.033577695E-1
2.534198750E-1,-1.233843938E-1,-2.305150181E-1,-8.842805773E-2
2.634338750E-1,-8.202470839E-2,-2.821076214E-1,-7.122776657E-2
2.734468750E-1,-5.711080134E-2,-3.263596594E-1,-4.582253098E-2
2.834598750E-1,-6.978211552E-2,-3.519904613E-1,-1.424782444E-2
2.934728750E-1,-1.124538481E-1,-3.563034236E-1,5.234356504E-3
3.034868750E-1,-1.434157491E-1,-3.439612687E-1,1.190823875E-2
3.134998750E-1,-1.560629755E-1,-3.335548341E-1,4.930344224E-2
3.235128750E-1,-1.550440490E-1,-3.668102622E-1,8.104778826E-2
3.335268750E-1,-1.238888577E-1,-4.499723911E-1,1.258894205E-1
3.435398750E-1,-9.048216790E-2,-5.608491302E-1,1.858347803E-1
3.535528750E-1,-5.628623441E-2,-6.765047312E-1,2.685500383E-1
3.635658750E-1,-7.529108226E-2,-7.636478543E-1,3.557762802E-1
3.735798750E-1,-1.403918117E-1,-8.244713545E-1,4.443455935E-1
3.835928750E-1,-2.031715661E-1,-8.982915282E-1,5.128229260E-1
3.936058750E-1,-2.350572050E-1,-1.007135630E0,5.692608953E-1
4.036188750E-1,-2.314536870E-1,-1.135980725E0,6.471226811E-1
4.136328750E-1,-2.260259241E-1,-1.290997028E0,7.224678397E-1
4.236458750E-1,-2.461237460E-1,-1.420693517E0,7.454584241E-1
4.336588750E-1,-2.503735423E-1,-1.435727596E0,6.700957417E-1
4.436718750E-1,-1.861966997E-1,-1.463688135E0,6.016711593E-1
4.536858750E-1,-8.604631573E-2,-1.501894832E0,5.666454434E-1
4.636988750E-1,-1.683765207E-3,-1.546562076E0,5.646936297E-1
4.737118750E-1,4.518326744E-2,-1.591752410E0,6.286612153E-1
4.837248750E-1,1.910266280E-2,-1.639178514E0,7.401893139E-1
4.937388750E-1,-4.737699404E-2,-1.732105851E0,8.607273102E-1
5.037518750E-1,-5.651296675E-2,-1.863550782E0,1.037916660E0
5.137648750E-1,-9.850858897E-2,-1.925410032E0,1.247599483E0
5.237778750E-1,-2.342190146E-1,-1.898640752E0,1.416168690E0
5.337918750E-1,-3.832498193E-1,-1.845598102E0,1.516434789E0
5.438048750E-1,-4.827697575E-1,-1.842576504E0,1.526749492E0
5.538178750E-1,-4.654277563E-1,-1.893197298E0,1.436585784E0
5.638318750E-1,-3.081238866E-1,-2.059313297E0,1.323019266E0
5.738448750E-1,-5.550283194E-2,-2.403248072E0,1.264693856E0
5.838578750E-1,2.610364854E-1,-2.856836557E0,1.302245498E0
5.938708750E-1,6.138418913E-1,-3.400361061E0,1.402690530E0
6.038848750E-1,8.856944442E-1,-3.818595648E0,1.585535169E0
6.138978750E-1,8.426560760E-1,-3.812052727E0,1.777177811E0
6.239108750E-1,4.638805389E-1,-3.433734417E0,1.878756166E0
6.339238750E-1,-4.038636386E-2,-2.899533033E0,1.945393682E0
6.439378750E-1,-5.127573609E-1,-2.410238504E0,2.008190393E0
6.539508750E-1,-8.215898275E-1,-2.064807177E0,2.028896809E0
6.639638750E-1,-8.841701150E-1,-1.914644003E0,1.994716167E0
6.739768750E-1,-7.268030643E-1,-2.065662146E0,1.946170211E0
6.839908750E-1,-3.804517388E-1,-2.456881285E0,1.919885516E0
6.940038750E-1,1.093368828E-1,-3.009103298E0,1.925037980E0
7.040168750E-1,4.561387897E-1,-3.514670134E0,2.035724401E0
7.140298750E-1,4.404627681E-1,-3.684665680E0,2.162778378E0
7.240438750E-1,2.788600326E-1,-3.524595737E0,2.183077097E0
7.340568750E-1,7.514394820E-2,-3.068274736E0,2.193721294E0
7.440698750E-1,-1.409800947E-1,-2.609318733E0,2.194198132E0
7.540838750E-1,-3.079977632E-1,-2.277895689E0,2.166295528E0
7.640968750E-1,-3.427243233E-1,-2.139599323E0,2.109498739E0
7.741098750E-1,-2.363934666E-1,-2.337083578E0,1.988005161E0
7.841228750E-1,2.635426633E-2,-2.834406614E0,1.821243525E0
7.941368750E-1,3.780578673E-1,-3.280394554E0,1.772811890E0
8.041498750E-1,6.104271412E-1,-3.519230366E0,1.829810143E0
8.141628750E-1,7.279456854E-1,-3.554541588E0,1.946428657E0
8.241758750E-1,8.359115720E-1,-3.398702145E0,2.068342924E0
8.341898750E-1,9.377360940E-1,-3.166125536E0,2.194672823E0
8.442028750E-1,9.882059097E-1,-2.938835859E0,2.258225918E0
8.542158750E-1,9.927847981E-1,-2.727265358E0,2.227787495E0
8.642288750E-1,9.362406135E-1,-2.553693771E0,2.190989017E0
8.742428750E-1,7.562351823E-1,-2.272878647E0,2.182923317E0
8.842558750E-1,4.221501350E-1,-1.806208849E0,2.174362898E0
8.942688750E-1,9.279231727E-2,-1.210672140E0,2.166492939E0
9.042818750E-1,-1.490999460E-1,-6.107615232E-1,2.190608978E0
9.142958750E-1,-2.958664596E-1,-1.421911567E-1,2.255650520E0
9.243088750E-1,-3.247370124E-1,1.627050936E-1,2.346545935E0
9.343218750E-1,-2.850851715E-1,2.596932948E-1,2.446363926E0
9.443348750E-1,-2.453207076E-1,2.512742281E-1,2.558028698E0
9.543488750E-1,-2.575293183E-1,1.882081628E-1,2.607603788E0
9.643618750E-1,-2.659049630E-1,8.214433677E-3,2.475668907E0
9.743748750E-1,-1.444013715E-1,-2.918077409E-1,2.224111319E0
9.843888750E-1,1.103153229E-1,-6.640518904E-1,1.922256112E0
9.944018750E-1,4.727078974E-1,-1.047323227E0,1.696324825E0
1.004414875E0,9.197620749E-1,-1.394000530E0,1.551796198E0
1.014427875E0,1.399675131E0,-1.693222046E0,1.445211887E0
1.024441875E0,1.848115325E0,-1.873749495E0,1.384831071E0
1.034454875E0,2.102008343E0,-1.814874053E0,1.458469272E0
1.044467875E0,2.058557272E0,-1.516472220E0,1.637025118E0
1.054480875E0,1.858766556E0,-1.002168655E0,1.786877036E0
1.064494875E0,1.635993600E0,-4.391231537E-1,1.809606552E0
1.074507875E0,1.525946617E0,7.826656848E-2,1.741564512E0
1.084520875E0,1.504797101E0,3.538446128E-1,1.633157849E0
1.094533875E0,1.577716589E0,3.715650737E-1,1.530215025E0
1.104547875E0,1.778818488E0,2.051361352E-1,1.459829330E0
1.114560875E0,2.061398029E0,-1.197957620E-1,1.365624785E0
1.124573875E0,2.325017214E0,-5.263483524E-1,1.251816750E0
1.134586875E0,2.443876743E0,-9.342854619E-1,1.177334189E0
1.144600875E0,2.455457449E0,-1.276164532E0,1.158711791E0
1.154613875E0,2.433960676E0,-1.489187241E0,1.135198355E0
1.164626875E0,2.442664146E0,-1.575036883E0,1.125909209E0
1.174639875E0,2.538932323E0,-1.560731888E0,1.088361979E0
1.184653875E0,2.725129843E0,-1.429551721E0,9.956288338E-1
1.194667375E0,2.931374073E0,-1.272404790E0,8.795462251E-1
1.204680375E0,3.151002645E0,-1.160487056E0,7.551662326E-1
1.214694375E0,3.283335686E0,-1.165716767E0,5.981668234E-1
1.224707375E0,3.288508177E0,-1.313164592E0,4.328907430E-1
1.234720375E0,3.260472775E0,-1.591706872E0,3.003547490E-1
1.244733375E0,3.219790936E0,-2.019473314E0,1.783936620E-1
1.254747375E0,3.215061188E0,-2.357504368E0,8.316273242E-2
1.264760375E0,3.260544777E0,-2.500104666E0,-4.272808135E-2
1.274773375E0,3.340202093E0,-2.540169954E0,-1.661444753E-1
1.284786375E0,3.449800968E0,-2.557061434E0,-2.684191763E-1
1.294800375E0,3.560316801E0,-2.579600811E0,-3.839828968E-1
1.304813375E0,3.617664576E0,-2.626348972E0,-5.316974521E-1
1.314826375E0,3.592048645E0,-2.693017244E0,-7.243579030E-1
1.324839375E0,3.499275684E0,-2.882198572E0,-9.553269744E-1
1.334853375E0,3.387027502E0,-3.187417269E0,-1.155516267E0
1.344866375E0,3.311608553E0,-3.522737265E0,-1.319828272E0
1.354879375E0,3.298061609E0,-3.958733797E0,-1.447999239E0
1.364892375E0,3.340050459E0,-4.397229195E0,-1.550626040E0
1.374906375E0,3.371788740E0,-4.741171837E0,-1.635067701E0
1.384919375E0,3.365462542E0,-4.981564045E0,-1.738625526E0
1.394932375E0,3.266901255E0,-5.132562637E0,-1.842167377E0
1.404945375E0,3.054655552E0,-5.208266735E0,-1.948175788E0
1.414959375E0,2.730135918E0,-5.195430756E0,-2.045400620E0
1.424972375E0,2.309502602E0,-5.151751995E0,-2.138736486E0
1.434985375E0,1.913614392E0,-5.107940674E0,-2.199708939E0
1.444999375E0,1.606978297E0,-5.104171753E0,-2.240738869E0
1.455012375E0,1.356521964E0,-5.019570827E0,-2.267739534E0
1.465025375E0,1.070661664E0,-4.868992805E0,-2.273878813E0
1.475038375E0,7.555265427E-1,-4.690927029E0,-2.301837206E0
1.485052375E0,4.314483106E-1,-4.476358414E0,-2.334286451E0
1.495065375E0,1.156684682E-1,-4.279480457E0,-2.336183310E0
1.505078375E0,-9.865607321E-2,-4.156752110E0,-2.293983459E0
1.515091375E0,-2.041265965E-1,-4.086273670E0,-2.199209690E0
1.525105375E0,-2.075935006E-1,-4.086411953E0,-2.090124369E0
1.535118375E0,-2.033288479E-1,-4.133162022E0,-2.014583826E0
1.545131375E0,-2.444890589E-1,-4.156342506E0,-1.980334282E0
1.555144375E0,-3.371932507E-1,-4.171185017E0,-1.951778889E0
1.565158375E0,-4.417910576E-1,-4.162879944E0,-1.908495545E0
1.575171375E0,-5.328984261E-1,-4.137839794E0,-1.827913284E0
1.585184375E0,-6.770638227E-1,-4.161777973E0,-1.750017166E0
1.595197375E0,-8.091483116E-1,-4.144745827E0,-1.660429239E0
1.605211375E0,-1.004161000E0,-4.181419849E0,-1.541641116E0
1.615224375E0,-1.310792685E0,-4.215392590E0,-1.448134542E0
1.625237375E0,-1.688230515E0,-4.147892952E0,-1.377805471E0
1.635250375E0,-2.033123970E0,-3.914061308E0,-1.309131026E0
1.645264375E0,-2.207118750E0,-3.552718401E0,-1.235411167E0
1.655277375E0,-2.258360863E0,-3.161415339E0,-1.173409939E0
1.665290375E0,-2.303758621E0,-2.823974609E0,-1.101627350E0
1.675304375E0,-2.382328987E0,-2.489954233E0,-1.022423983E0
1.685317375E0,-2.497693300E0,-2.230583906E0,-9.450005293E-1
1.695330375E0,-2.628370285E0,-2.057981730E0,-8.657907844E-1
1.705343375E0,-2.784973383E0,-1.947534680E0,-7.809643149E-1
1.715357375E0,-2.971811771E0,-1.896386147E0,-7.518815994E-1
1.725370375E0,-3.173443556E0,-1.854562044E0,-7.818355560E-1
1.735383375E0,-3.395851374E0,-1.794551849E0,-8.046960235E-1
1.745396375E0,-3.593269348E0,-1.716820836E0,-7.653219700E-1
1.755410375E0,-3.757461071E0,-1.649499893E0,-6.814689636E-1
1.765423375E0,-3.899503708E0,-1.623380423E0,-6.068274379E-1
1.775436375E0,-3.941091061E0,-1.603682518E0,-5.421017408E-1
1.785449375E0,-3.917869329E0,-1.607649088E0,-4.832157791E-1
1.795463375E0,-3.848698378E0,-1.618117332E0,-4.146218598E-1
1.805476375E0,-3.705252409E0,-1.661006212E0,-2.897172272E-1
1.815489375E0,-3.548738718E0,-1.770263314E0,-1.193917990E-1
1.825502375E0,-3.393737316E0,-1.906292558E0,9.466004372E-2
1.835516375E0,-3.201268673E0,-2.044742346E0,3.339405060E-1
1.845529375E0,-3.013055801E0,-2.063548803E0,6.176977158E-1
1.855542375E0,-2.921498775E0,-1.972868085E0,9.092970490E-1
1.865555375E0,-2.943994999E0,-1.702411532E0,1.143836856E0
1.875569375E0,-3.085351467E0,-1.258919120E0,1.239327192E0
1.885582375E0,-3.273574829E0,-7.223597765E-1,1.216667175E0
1.895595375E0,-3.503146648E0,-1.940293312E-1,1.128350496E0
1.905608375E0,-3.725967646E0,2.804192305E-1,1.026362181E0
1.915622375E0,-3.840098143E0,7.190971375E-1,9.702245593E-1
1.925635375E0,-3.812664032E0,1.017381191E0,1.009635568E0
1.935648375E0,-3.564120293E0,1.176226854E0,1.083262324E0
1.945662375E0,-3.130403042E0,1.145657778E0,1.178546429E0
1.955675375E0,-2.526167393E0,8.655504584E-1,1.313618302E0
1.965688375E0,-1.786337733E0,4.760079980E-1,1.511238933E0
1.975701375E0,-1.076951742E0,9.883271158E-2,1.774204969E0
1.985715375E0,-5.256130099E-1,-1.122052222E-1,2.068581104E0
1.995728375E0,-1.032523587E-1,-1.718518138E-1,2.361617327E0
2.005741375E0,2.019315213E-1,-1.699244827E-1,2.587156773E0
2.015754375E0,4.336321354E-1,-1.261489987E-1,2.715833426E0
2.025768375E0,6.503660679E-1,-1.647949591E-2,2.795217991E0
2.035781375E0,8.852894306E-1,1.502154917E-1,2.811042309E0
2.045794375E0,1.131946921E0,4.141248763E-1,2.731283665E0
2.055807375E0,1.548888922E0,7.139021754E-1,2.631588936E0
2.065821375E0,1.940714717E0,8.695647717E-1,2.547370911E0
2.075834375E0,2.082111597E0,8.060430884E-1,2.857767344E0
2.085847375E0,2.458502769E0,1.641723067E-1,3.722453594E0
2.095860375E0,3.497148514E0,-1.598992109E0,4.689385414E0
2.105874375E0,4.693403721E0,-3.483938456E0,4.947098255E0
2.115887375E0,5.317554474E0,-4.484538078E0,4.267458439E0
2.125900375E0,4.926622391E0,-4.128623486E0,3.261713743E0
2.135913375E0,3.659382343E0,-2.832147360E0,2.191987991E0
2.145927375E0,2.086644173E0,-1.412222624E0,1.090653896E0
2.155940375E0,1.025293469E0,-5.963890553E-1,2.598179579E-1
2.165953375E0,5.070629716E-1,-5.541190505E-1,-4.716727734E-1
2.175967375E0,1.243051812E-1,-7.209505439E-1,-1.116617441E0
2.185980375E0,-3.088084161E-1,-5.996278524E-1,-1.473342061E0
2.195992917E0,-8.219112158E-1,-3.665074706E-1,-1.490151644E0
2.206005917E0,-1.261437893E0,-3.593446314E-1,-1.440968752E0
2.216019917E0,-1.548398018E0,-7.749596834E-1,-1.387028337E0
2.226032917E0,-1.662431359E0,-1.497556806E0,-1.300431371E0
2.236045917E0,-1.540640831E0,-2.315074205E0,-1.143220544E0
2.246058917E0,-1.400208592E0,-2.901743889E0,-9.956393838E-1
2.256072917E0,-1.436090112E0,-3.097835541E0,-7.844405770E-1
2.266085917E0,-1.614187479E0,-3.048424006E0,-5.018671751E-1
2.276098917E0,-1.812109828E0,-2.827913761E0,-1.643634737E-1
2.286111917E0,-1.991213083E0,-2.607014656E0,1.803385168E-1
2.296125917E0,-2.105622053E0,-2.375251532E0,5.571385622E-1
2.306138917E0,-2.197430134E0,-2.122596502E0,9.351540804E-1
2.316151917E0,-2.291200399E0,-2.050142765E0,1.134938002E0
2.326164917E0,-2.279702187E0,-2.284634352E0,1.207150102E0
2.336178917E0,-2.175386190E0,-2.706417322E0,1.244969845E0
2.346191917E0,-2.022028446E0,-3.175284624E0,1.238417625E0
2.356204917E0,-1.829404116E0,-3.531545877E0,1.195721865E0
2.366217917E0,-1.731869102E0,-3.645254135E0,1.122992277E0
2.376231917E0,-1.774637938E0,-3.515491486E0,1.082221627E0
2.386244917E0,-1.947645187E0,-3.276840925E0,1.104439378E0
2.396257917E0,-2.198717356E0,-3.143621683E0,1.143344760E0
2.406271917E0,-2.384924412E0,-3.050565720E0,1.254132509E0
2.416284917E0,-2.385002613E0,-3.025763512E0,1.372530222E0
2.426297917E0,-2.190341234E0,-2.987618685E0,1.450383425E0
2.436310917E0,-1.893108726E0,-3.028056383E0,1.545747519E0
2.446324917E0,-1.487018466E0,-3.026618004E0,1.737576127E0
2.456337917E0,-1.082437158E0,-2.967236519E0,1.977987647E0
2.466350917E0,-8.080476522E-1,-2.943316221E0,2.193001509E0
2.476363917E0,-6.178548336E-1,-2.957232714E0,2.372261524E0
2.486377917E0,-5.132884979E-1,-3.022889137E0,2.464126825E0
2.496390917E0,-5.526700020E-1,-3.103234053E0,2.457987547E0
2.506403917E0,-7.242244482E-1,-3.115006208E0,2.380885124E0
2.516416917E0,-9.448773861E-1,-3.024873734E0,2.274770975E0
2.526430917E0,-1.120349407E0,-2.854124308E0,2.182677984E0
2.536443917E0,-1.107746959E0,-2.723346949E0,2.084532738E0
2.546456917E0,-8.957825303E-1,-2.634641647E0,2.005622149E0
2.556469917E0,-6.813201308E-1,-2.636377096E0,1.996020079E0
2.566483917E0,-4.959132671E-1,-2.619417667E0,2.036168098E0
2.576496917E0,-3.577966094E-1,-2.507363081E0,2.058927774E0
2.586509917E0,-3.361118436E-1,-2.276255131E0,2.057924032E0
2.596522917E0,-4.286040068E-1,-1.905140996E0,2.059660912E0
2.606536917E0,-5.542128086E-1,-1.468930125E0,2.117192268E0
2.616549917E0,-5.938450098E-1,-1.050287604E0,2.206255674E0
2.626562917E0,-5.555713773E-1,-6.673508286E-1,2.258879662E0
2.636575917E0,-4.527449906E-1,-4.311218858E-1,2.258063316E0
2.646589917E0,-3.111012876E-1,-3.469076753E-1,2.177553177E0
2.656602917E0,-1.528792977E-1,-3.511025608E-1,2.037050724E0
2.666615917E0,2.346696146E-2,-3.866315484E-1,1.869293213E0
2.676628917E0,5.224762857E-2,-4.316603243E-1,1.744881392E0
2.686642917E0,-3.021955118E-2,-3.978379071E-1,1.708234787E0
2.696655917E0,-3.445127979E-2,-2.553509772E-1,1.786146879E0
2.706668917E0,2.348738723E-2,-1.204536036E-1,1.947847843E0
2.716682917E0,1.750382483E-1,6.131617352E-3,2.103945494E0
2.726695917E0,4.891724885E-1,4.825829715E-2,2.259256124E0
2.736708917E0,9.128738046E-1,1.083430499E-1,2.360831738E0
2.746721917E0,1.341500759E0,3.081552386E-1,2.416494131E0
2.756735917E0,1.619874001E0,6.237999797E-1,2.404607296E0
2.766748917E0,1.660205364E0,1.023518324E0,2.355342388E0
2.776761917E0,1.438716292E0,1.415629983E0,2.280765057E0
2.786774917E0,1.064652324E0,1.736999989E0,2.202336073E0
2.796788917E0,7.505221367E-1,1.930358887E0,2.212728262E0
2.806801917E0,6.770412922E-1,1.949500561E0,2.331703186E0
2.816814917E0,8.152207732E-1,1.779368639E0,2.497924089E0
2.826827917E0,9.887017608E-1,1.510764360E0,2.576693535E0
2.836841917E0,1.134683013E0,1.302499890E0,2.563085318E0
2.846854917E0,1.239217639E0,1.389652133E0,2.581273794E0
2.856867917E0,1.237527013E0,1.662952304E0,2.691820145E0
2.866880917E0,1.099869251E0,1.978021502E0,2.872956276E0
2.876894917E0,9.217746258E-1,2.221616745E0,3.027942181E0
2.886907917E0,8.691385388E-1,2.298654318E0,3.143916607E0
2.896920917E0,9.806291461E-1,2.242975235E0,3.099463940E0
2.906933917E0,1.307204485E0,2.093377113E0,2.895506620E0
2.916947917E0,1.785721660E0,1.806780815E0,2.712371826E0
2.926960917E0,2.314435244E0,1.664870024E0,2.651553154E0
2.936973917E0,2.615278721E0,1.750592589E0,2.707316875E0
2.946986917E0,2.447646856E0,2.073464632E0,2.733636379E0
2.957000917E0,1.937659621E0,2.613879919E0,2.707994223E0
2.967013917E0,1.328629136E0,3.261256456E0,2.708329439E0
2.977026917E0,8.065911531E-1,3.765132189E0,2.772516012E0
2.987039917E0,6.695730686E-1,3.868164062E0,2.818361521E0
2.997053917E0,1.320133209E0,3.263045073E0,2.977371216E0
3.007066917E0,2.630206108E0,2.111109018E0,3.181776762E0
3.017079917E0,3.904080868E0,1.019535184E0,3.279579878E0
3.027093917E0,4.573595047E0,4.100629985E-1,3.043548107E0
3.037106917E0,4.762121677E0,6.195759177E-1,2.828733921E0
3.047119917E0,4.537739754E0,1.599989414E0,2.776374340E0
3.057132917E0,3.993680239E0,2.770793200E0,2.760699034E0
3.067146917E0,3.480282784E0,3.753595352E0,2.645357609E0
3.077159917E0,2.969968796E0,4.203173637E0,2.375596046E0
3.087172917E0,2.523891449E0,4.037185669E0,2.092193365E0
3.097185917E0,2.374356985E0,3.540534258E0,1.946219325E0
3.107199917E0,2.539522648E0,2.834530354E0,1.859560013E0
3.117212917E0,3.125888348E0,1.976583958E0,1.882485628E0
3.127225917E0,4.194219112E0,1.320379734E0,2.021241426E0
3.137238917E0,5.147762775E0,8.624718785E-1,2.029937267E0
3.147252917E0,5.402485371E0,7.393507361E-1,1.775170207E0
3.157265917E0,4.692255497E0,1.133007288E0,1.491510987E0
3.167278917E0,3.471774340E0,1.919792771E0,1.428856373E0
3.177291917E0,2.726071596E0,2.625594854E0,1.657028317E0
3.187305917E0,2.978466511E0,2.704085588E0,1.924474359E0
3.197318875E0,4.111712456E0,1.916010499E0,1.940624118E0
3.207331875E0,5.241366863E0,7.740425467E-1,1.580584407E0
3.217344875E0,5.587111950E0,-2.659890950E-1,1.009608507E0
3.227358875E0,5.052442074E0,-5.690019131E-1,4.433879852E-1
3.237371875E0,3.985233784E0,-2.969024181E-1,1.925562024E-1
3.247384875E0,2.851650238E0,1.994761974E-1,1.417548060E-1
3.257397875E0,1.934227705E0,5.404421687E-1,1.665126383E-1
3.267411875E0,1.202371836E0,6.258084774E-1,1.463405192E-1
3.277424875E0,5.872502923E-1,5.055505633E-1,1.073594987E-1
3.287437875E0,4.817084968E-2,3.416457474E-1,8.512236923E-2
3.297450875E0,-4.780203998E-1,2.856991887E-1,8.268659562E-2
3.307464875E0,-9.491841793E-1,3.133792877E-1,9.573928267E-2
3.317477875E0,-1.209082961E0,3.005179465E-1,1.874761879E-1
3.327490875E0,-1.201035500E0,1.582028717E-1,3.529144228E-1
3.337503875E0,-1.046773195E0,-1.407161653E-1,5.443117023E-1
3.347517875E0,-8.067728281E-1,-5.473691225E-1,6.977654696E-1
3.357530875E0,-4.665125012E-1,-1.187639832E0,8.023124337E-1
3.367543875E0,-4.143366963E-2,-1.854484558E0,8.382107615E-1
3.377556875E0,3.939169347E-1,-2.466827869E0,9.146823287E-1
3.387570875E0,7.659064531E-1,-2.927998781E0,1.064345241E0
3.397583875E0,1.000885248E0,-3.235616207E0,1.326161385E0
3.407596875E0,1.063963056E0,-3.326368093E0,1.586527944E0
3.417609875E0,1.008688927E0,-3.243702888E0,1.856389999E0
3.427623875E0,8.901518583E-1,-3.021692514E0,2.176389694E0
3.437636875E0,6.201528907E-1,-2.613262415E0,2.581198454E0
3.447649875E0,1.964990497E-1,-1.959395766E0,2.983954191E0
3.457663875E0,-2.297804505E-1,-1.221800327E0,3.245920897E0
3.467676875E0,-5.697367191E-1,-6.664617658E-1,3.314467669E0
3.477689875E0,-7.466618419E-1,-5.773962736E-1,3.184253931E0
3.487702875E0,-6.957275271E-1,-8.934780955E-1,2.789600372E0
3.497716875E0,-4.644646347E-1,-1.331333280E0,2.307350874E0
3.507729875E0,-1.109278649E-1,-1.723258972E0,1.933064938E0
3.517742875E0,2.540653348E-1,-1.979367375E0,1.794126868E0
3.527755875E0,4.128435254E-1,-1.942897201E0,1.879155040E0
3.537769875E0,3.420678675E-1,-1.565357685E0,2.097896338E0
3.547782875E0,1.806033403E-1,-9.726225138E-1,2.295753241E0
3.557795875E0,9.902438521E-2,-4.381054342E-1,2.487987041E0
3.567808875E0,1.046551019E-1,-6.181647256E-2,2.480410814E0
3.577822875E0,2.104690075E-1,-4.661928862E-2,2.116142750E0
3.587835875E0,4.250065982E-1,-5.405358076E-1,1.601028919E0
3.597848875E0,7.392942905E-1,-1.289533973E0,1.163114667E0
3.607861875E0,1.002189279E0,-1.965401888E0,8.853624463E-1
3.617875875E0,1.050292373E0,-2.211118460E0,7.197889090E-1
3.627888875E0,8.439921737E-1,-2.003119469E0,7.549506426E-1
3.637901875E0,6.637008190E-1,-1.559924364E0,9.808910489E-1
3.647914875E0,7.666407824E-1,-1.097092032E0,1.314747095E0
3.657928875E0,1.121038914E0,-8.060842752E-1,1.559155107E0
3.667941875E0,1.606797934E0,-8.115831614E-1,1.557196856E0
3.677954875E0,1.913884640E0,-1.020508647E0,1.304199457E0
3.687967875E0,1.979039431E0,-1.264626741E0,9.778544307E-1
3.697981875E0,1.858689308E0,-1.507246614E0,6.524293423E-1
3.707994875E0,1.645255923E0,-1.923736215E0,4.250007272E-1
3.718007875E0,1.393151760E0,-2.358802080E0,3.450654745E-1
3.728020875E0,1.189631104E0,-2.426526308E0,2.890093923E-1
3.738034875E0,1.102936625E0,-2.135797739E0,1.444013417E-1
3.748047875E0,1.146908879E0,-1.620426536E0,-3.838178143E-2
3.758060875E0,1.311522126E0,-1.170716047E0,-2.342428863E-1
3.768073875E0,1.603748679E0,-1.042343736E0,-5.035654306E-1
3.778087875E0,1.888465285E0,-1.289948702E0,-8.167712688E-1
3.788100875E0,2.113598824E0,-1.662879944E0,-1.134164691E0
3.798113875E0,2.216344357E0,-2.032247543E0,-1.429276466E0
3.808126875E0,2.215279102E0,-2.269212246E0,-1.695491672E0
3.818140875E0,2.254739046E0,-2.447527409E0,-1.940346003E0
3.828153875E0,2.281837225E0,-2.618310928E0,-2.148504019E0
3.838166875E0,2.199109077E0,-2.763045311E0,-2.347462654E0
3.848180875E0,1.975878119E0,-2.871242046E0,-2.518819332E0
3.858193875E0,1.625829816E0,-2.911637068E0,-2.680414438E0
3.868206875E0,1.199558616E0,-2.882509470E0,-2.815262794E0
3.878219875E0,7.934721112E-1,-2.768162012E0,-2.925804853E0
3.888233875E0,5.415136218E-1,-2.729937792E0,-2.977437735E0
3.898246875E0,5.185538530E-1,-2.772052526E0,-2.993704796E0
3.908259875E0,6.704486012E-1,-2.873955250E0,-3.007088900E0
3.918272875E0,9.538180828E-1,-3.062000275E0,-3.029636860E0
3.928286875E0,1.096617818E0,-3.333851099E0,-3.062573671E0
3.938299875E0,9.729865193E-1,-3.494370937E0,-3.185598373E0
3.948312875E0,6.138044000E-1,-3.530162334E0,-3.294451952E0
3.958325875E0,1.332454234E-1,-3.496796370E0,-3.353433132E0
3.968339875E0,-3.511564136E-1,-3.497797966E0,-3.363900185E0
3.978352875E0,-6.571983099E-1,-3.471239567E0,-3.394467831E0
3.988365875E0,-7.963702679E-1,-3.473914623E0,-3.419502258E0
3.998378875E0,-8.920931816E-1,-3.352551699E0,-3.458387375E0
4.008392875E0,-9.696338177E-1,-3.194110632E0,-3.458943844E0
4.018405875E0,-1.015724301E0,-3.130331993E0,-3.386464119E0
4.028418875E0,-9.563835263E-1,-3.234086514E0,-3.286276817E0
4.038431875E0,-9.367570281E-1,-3.414391041E0,-3.169458866E0
4.048445875E0,-1.016925216E0,-3.529577971E0,-3.101050377E0
4.058458875E0,-1.049211621E0,-3.516495705E0,-3.106042147E0
4.068471875E0,-1.074814439E0,-3.463511467E0,-3.157228231E0
4.078484875E0,-1.171877742E0,-3.468938589E0,-3.131223679E0
4.088498875E0,-1.427052855E0,-3.507191181E0,-3.022621155E0
4.098511875E0,-1.768867373E0,-3.454373360E0,-2.922596455E0
4.108524875E0,-1.988938212E0,-3.439853430E0,-2.863462925E0
4.118537875E0,-1.972746491E0,-3.469280243E0,-2.794697523E0
4.128551875E0,-1.830953121E0,-3.545725584E0,-2.711555481E0
4.138564875E0,-1.719119787E0,-3.597279787E0,-2.557218313E0
4.148577875E0,-1.717312098E0,-3.606549025E0,-2.383294821E0
4.158590875E0,-1.747106671E0,-3.562921524E0,-2.238560677E0
4.168604875E0,-1.713956118E0,-3.657948017E0,-2.113987684E0
4.178617875E0,-1.548303962E0,-3.979784250E0,-1.980739474E0
4.188630875E0,-1.404417872E0,-4.466673851E0,-1.865982890E0
4.198643667E0,-1.334153533E0,-4.975212097E0,-1.799117923E0
4.208657667E0,-1.298584104E0,-5.284036160E0,-1.731445909E0
4.218670667E0,-1.438837886E0,-5.315776348E0,-1.660565734E0
4.228683667E0,-1.622496605E0,-5.057414532E0,-1.628215790E0
4.238696667E0,-1.712764978E0,-4.651341438E0,-1.499413848E0
4.248710667E0,-1.801719308E0,-4.284316063E0,-1.219806790E0
4.258723667E0,-1.821258783E0,-3.920202494E0,-8.597130179E-1
4.268736667E0,-1.884334087E0,-3.504629850E0,-5.035458803E-1
4.278749667E0,-1.892066479E0,-2.990621328E0,-1.945552975E-1
4.288763667E0,-1.936520219E0,-2.525223970E0,1.499174088E-1
4.298776667E0,-2.239142418E0,-2.174600124E0,3.709084392E-1
4.308789667E0,-2.464987993E0,-1.835410953E0,3.974614739E-1
4.318802667E0,-2.580778360E0,-1.650782347E0,3.119821548E-1
4.328816667E0,-2.712046385E0,-1.564911366E0,1.665200293E-1
4.338829667E0,-2.743264914E0,-1.559305191E0,1.003549397E-1
4.348842667E0,-2.687442780E0,-1.638640523E0,2.127975821E-1
4.358855667E0,-2.754817247E0,-1.754812002E0,3.538773954E-1
4.368869667E0,-2.784849167E0,-1.812080622E0,4.651663899E-1
4.378882667E0,-2.606822252E0,-1.917822838E0,5.137197971E-1
4.388895667E0,-2.366441250E0,-1.805610538E0,5.932170153E-1
4.398908667E0,-2.295443773E0,-1.529434800E0,7.225638032E-1
4.408922667E0,-2.206196547E0,-1.252359033E0,9.107995033E-1
4.418935667E0,-2.054103613E0,-1.138358712E0,1.106923342E0
4.428948667E0,-1.886388183E0,-1.261936069E0,1.218036056E0
4.438961667E0,-1.757399082E0,-1.677384615E0,1.272101879E0
4.448975667E0,-1.690336943E0,-2.254318237E0,1.400307536E0
4.458988667E0,-1.690382123E0,-2.753015041E0,1.533549070E0
4.469001667E0,-1.569947600E0,-3.140557051E0,1.598280430E0
4.479014667E0,-1.337858200E0,-3.409147024E0,1.613853216E0
4.489028667E0,-1.079619408E0,-3.491154909E0,1.647640705E0
4.499041667E0,-8.507701159E-1,-3.347762823E0,1.763435841E0
4.509054667E0,-6.435184479E-1,-3.028107405E0,1.999270439E0
4.519067667E0,-5.002540946E-1,-2.597987413E0,2.283282518E0
4.529081667E0,-4.727385342E-1,-2.420386076E0,2.546664953E0
4.539094667E0,-4.014930129E-1,-2.521867275E0,2.728703260E0
4.549107667E0,-2.717648447E-1,-2.716339111E0,2.837265253E0
4.559121667E0,-1.348901168E-2,-2.812216043E0,2.905487537E0
4.569134667E0,4.196855724E-1,-2.727882862E0,2.934658289E0
4.579147667E0,9.913575053E-1,-2.388434887E0,2.884344816E0
4.589160667E0,1.548993587E0,-1.843929529E0,2.633904934E0
4.599174667E0,1.896464705E0,-1.065664887E0,2.190949202E0
4.609187667E0,1.968355894E0,-3.255650699E-1,1.780120969E0
4.619200667E0,1.961531997E0,3.061314225E-1,1.490253091E0
4.629213667E0,2.027654648E0,8.142455220E-1,1.325473666E0
4.639227667E0,2.236026525E0,1.117647171E0,1.252080083E0
4.649240667E0,2.574002743E0,1.191168308E0,1.317185760E0
4.659253667E0,2.878567934E0,9.701179266E-1,1.506295681E0
4.669266667E0,3.188108921E0,4.881427288E-1,1.663673878E0
4.679280667E0,3.615086794E0,-3.400321305E-2,1.645264626E0
4.689293667E0,3.854944706E0,-2.807863653E-1,1.505261660E0
4.699306667E0,3.814851284E0,-7.165733725E-2,1.421591640E0
4.709319667E0,3.564406872E0,4.148539901E-1,1.281026602E0
4.719333667E0,3.281066656E0,8.392228484E-1,1.011626363E0
4.729346667E0,3.232933283E0,7.444835305E-1,8.263247013E-1
4.739359667E0,3.565261364E0,1.520434171E-1,6.825220585E-1
4.749372667E0,4.191556454E0,-5.721893907E-1,5.712440014E-1
4.759386667E0,4.855617523E0,-1.033427715E0,4.135939181E-1
4.769399667E0,4.910069466E0,-9.547107220E-1,1.543008238E-1
4.779412667E0,4.293613434E0,-3.180231154E-1,-6.954045594E-2
4.789425667E0,3.351317644E0,5.500341654E-1,-1.686073840E-1
4.799439667E0,2.594255686E0,9.886115193E-1,-1.624574363E-1
4.809452667E0,2.272700310E0,7.960537672E-1,-1.622646302E-1
4.819465667E0,2.161952019E0,2.305422276E-1,-2.723084688E-1
4.829478667E0,1.967257142E0,-2.728532553E-1,-4.295284450E-1
4.839492667E0,1.407005787E0,-3.974049985E-1,-5.743154287E-1
4.849505667E0,4.438035786E-1,-2.116806507E-1,-7.075272799E-1
4.859518667E0,-6.836917996E-1,6.023129076E-2,-7.312409878E-1
4.869531667E0,-1.550234318E0,1.511785090E-1,-6.809764504E-1
4.879545667E0,-1.996323586E0,-1.511470228E-2,-6.098529696E-1
4.889558667E0,-2.129500389E0,-4.114401937E-1,-5.111138225E-1
4.899571667E0,-2.094959974E0,-8.031356335E-1,-4.296620488E-1
4.909584667E0,-2.038423300E0,-1.049637556E0,-3.934965730E-1
4.919598667E0,-2.028718233E0,-1.222720504E0,-3.238452077E-1
4.929611667E0,-2.077973127E0,-1.350273609E0,-1.844764203E-1
4.939624667E0,-2.205363989E0,-1.427030325E0,-8.666929603E-2
4.949637667E0,-2.266880989E0,-1.412127256E0,-1.789422333E-2
4.959651667E0,-2.307776928E0,-1.511177421E0,8.036506176E-2
4.969664667E0,-2.449451923E0,-1.793698549E0,1.838890612E-1
4.979677667E0,-2.625899315E0,-2.181087732E0,2.600775063E-1
4.989690667E0,-2.696365595E0,-2.602598429E0,3.215539157E-1
4.999704667E0,-2.596312046E0,-2.874210835E0,3.308982253E-1
5.009717667E0,-2.459359646E0,-2.865957975E0,3.378818333E-1
5.019730667E0,-2.405761480E0,-2.566943645E0,3.785442114E-1
5.029743667E0,-2.445327282E0,-2.110918760E0,4.987558424E-1
5.039757667E0,-2.513902664E0,-1.667456746E0,6.461594701E-1
5.049770667E0,-2.551776886E0,-1.369022369E0,7.492887974E-1
5.059783667E0,-2.531216383E0,-1.254910350E0,9.015843868E-1
5.069796667E0,-2.513402462E0,-1.345425606E0,1.035323501E0
5.079810667E0,-2.465979338E0,-1.562510848E0,1.120392919E0
5.089823667E0,-2.358977318E0,-1.820216656E0,1.132522225E0
5.099836667E0,-2.225961924E0,-2.082717657E0,1.120026231E0
5.109849667E0,-2.097986221E0,-2.291194201E0,1.124982119E0
5.119863667E0,-1.974619150E0,-2.415326357E0,1.134915948E0
5.129876667E0,-1.854087114E0,-2.472259998E0,1.161789417E0
5.139889667E0,-1.827222705E0,-2.503017426E0,1.163518667E0
5.149902667E0,-1.816208124E0,-2.549192905E0,1.229945898E0
5.159916667E0,-1.849129796E0,-2.647013903E0,1.360014081E0
5.169929667E0,-2.021388531E0,-2.678905725E0,1.526577830E0
5.179942667E0,-2.181967497E0,-2.501470566E0,1.594524741E0
5.189955667E0,-2.225898266E0,-2.098367214E0,1.594874740E0
5.199970292E0,-2.271198511E0,-1.621421814E0,1.615289092E0
5.209983292E0,-2.287067890E0,-1.214863420E0,1.692018509E0
5.219996292E0,-2.215347767E0,-9.232807159E-1,1.707992673E0
5.230009292E0,-2.080184221E0,-8.120916486E-1,1.661933303E0
5.240023292E0,-1.885776639E0,-9.193407297E-1,1.605805874E0
5.250036292E0,-1.704387069E0,-1.118383527E0,1.559703112E0
5.260049292E0,-1.577737927E0,-1.316800117E0,1.569553852E0
5.270062292E0,-1.451642632E0,-1.408949494E0,1.627021432E0
5.280076292E0,-1.334547997E0,-1.378968120E0,1.702133656E0
5.290089292E0,-1.208987951E0,-1.265095115E0,1.856443644E0
5.300102292E0,-1.061146855E0,-1.068875551E0,2.014491081E0
5.310115292E0,-9.161723852E-1,-8.744195104E-1,2.182585955E0
5.320129292E0,-8.203459978E-1,-7.661417127E-1,2.311046124E0
5.330142292E0,-7.927029133E-1,-6.707280874E-1,2.268129826E0
5.340155292E0,-8.261719346E-1,-5.124532580E-1,2.091773987E0
5.350168292E0,-9.049831033E-1,-2.920580506E-1,1.873430014E0
5.360182292E0,-9.592620730E-1,-3.810524195E-2,1.677553892E0
5.370195292E0,-8.831412196E-1,2.328868359E-1,1.574803829E0
5.380208292E0,-7.735670209E-1,5.269550681E-1,1.528720737E0
5.390221292E0,-5.793325901E-1,7.404143810E-1,1.633402467E0
5.400235292E0,-2.838932872E-1,8.572363257E-1,1.876022339E0
5.410248292E0,6.828152388E-2,7.757174969E-1,2.138410568E0
5.420261292E0,4.215362072E-1,5.771762729E-1,2.345097542E0
5.430274292E0,7.118548751E-1,3.703096509E-1,2.493778229E0
5.440288292E0,9.016363025E-1,2.123508304E-1,2.560944080E0
5.450301292E0,9.657551050E-1,9.852652252E-2,2.544078588E0
5.460314292E0,9.718859196E-1,8.579589427E-2,2.476296663E0
5.470327292E0,8.964249492E-1,2.473885119E-1,2.367293835E0
5.480341292E0,7.492046356E-1,5.764578581E-1,2.226040125E0
5.490354292E0,6.362162828E-1,1.090905905E0,2.122120380E0
5.500367292E0,6.091879010E-1,1.595310330E0,2.134413719E0
5.510380292E0,7.124133706E-1,2.048758030E0,2.214491367E0
5.520394292E0,9.135916829E-1,2.426462650E0,2.382881880E0
5.530407292E0,1.068394065E0,2.674231529E0,2.569591761E0
5.540420292E0,1.170654535E0,2.867341757E0,2.689966202E0
5.550433292E0,1.286609292E0,3.034698009E0,2.848879814E0
5.560447292E0,1.326552391E0,3.175819874E0,3.078769684E0
5.570460292E0,1.216098070E0,3.267063141E0,3.263620853E0
5.580473292E0,1.108370304E0,3.196285248E0,3.346945524E0
5.590486292E0,1.064411163E0,3.020875454E0,3.228062630E0
5.600500292E0,1.010287404E0,2.845542431E0,3.004323006E0
5.610513292E0,9.311049581E-1,2.742341280E0,2.857399225E0
5.620526292E0,9.474578500E-1,2.737987518E0,2.866848707E0
5.630539292E0,1.263846278E0,2.530984879E0,3.108314037E0
5.640553292E0,1.928122163E0,2.096879482E0,3.510192156E0
5.650566292E0,2.693137407E0,1.508046269E0,3.821022987E0
5.660579292E0,3.372125626E0,1.110848665E0,3.942748785E0
5.670592292E0,3.872844934E0,1.413446665E0,3.987288237E0
5.680606292E0,4.082425117E0,2.364996433E0,3.987631321E0
5.690619292E0,3.907754183E0,3.371809244E0,3.998408079E0
5.700632292E0,3.546761036E0,3.838396311E0,4.054377556E0
5.710645292E0,3.282293558E0,3.540312290E0,4.192945004E0
5.720659292E0,3.532331467E0,2.728621483E0,4.381914139E0
5.730672292E0,4.408119202E0,2.017704010E0,4.432120323E0
5.740685292E0,5.217033386E0,1.542919397E0,4.303209782E0
5.750698292E0,5.383594990E0,1.572340131E0,4.030439854E0
5.760712292E0,5.001214027E0,2.378748417E0,3.618998766E0
5.770725292E0,4.359280586E0,3.374955416E0,3.318027735E0
5.780738292E0,3.933181047E0,3.871196985E0,3.283984423E0
5.790751292E0,4.337503433E0,3.589176655E0,3.445051432E0
5.800765292E0,5.296156406E0,2.494244814E0,3.639027596E0
5.810778292E0,6.152627945E0,1.214076161E0,3.563289165E0
5.820791292E0,6.402486801E0,2.414816171E-1,3.096305132E0
5.830804292E0,5.812466145E0,2.344343513E-1,2.559804678E0
5.840818292E0,4.604093552E0,1.475557208E0,2.253710747E0
5.850831292E0,3.319980860E0,3.381061554E0,2.092070341E0
5.860844292E0,2.330368280E0,4.921034813E0,2.017034769E0
5.870857292E0,1.984707475E0,5.583118916E0,2.081675529E0
5.880871292E0,2.334984779E0,5.205789089E0,2.119262934E0
5.890884292E0,3.099300146E0,3.909825325E0,2.075261354E0
5.900897292E0,3.704577923E0,2.342330694E0,1.991633415E0
5.910910292E0,3.890678644E0,1.267429352E0,1.847696185E0
5.920924292E0,3.606746674E0,9.189981222E-1,1.663772106E0
5.930937292E0,2.778028727E0,1.389718771E0,1.521469712E0
5.940950292E0,1.717336059E0,2.305746794E0,1.479975820E0
5.950963292E0,1.044006109E0,2.812314749E0,1.514192700E0
5.960977292E0,7.716484070E-1,2.519442797E0,1.626289010E0
5.970990292E0,7.605733871E-1,1.590821981E0,1.645715237E0
5.981003292E0,9.022704363E-1,4.872689247E-1,1.484609246E0
5.991016292E0,9.470924735E-1,-3.257192969E-1,1.214315176E0
6.001030292E0,7.219757438E-1,-7.067236304E-1,9.380768538E-1
6.011043292E0,2.870668769E-1,-7.551353574E-1,6.989223361E-1
6.021056292E0,-2.650760412E-1,-6.591578722E-1,4.811281860E-1
6.031069292E0,-7.650360465E-1,-6.191158891E-1,2.383283079E-1
6.041083292E0,-1.158785939E0,-6.033520103E-1,-1.836594008E-2
6.051096292E0,-1.481052160E0,-5.979723930E-1,-2.984593809E-1
6.061109292E0,-1.724537015E0,-5.003338456E-1,-5.591397882E-1
6.071122292E0,-1.912857056E0,-3.301913738E-1,-7.925786376E-1
6.081136292E0,-2.115117788E0,-1.203709021E-1,-9.667378664E-1
6.091149292E0,-2.231633186E0,-2.918666229E-2,-1.051115036E0
6.101162292E0,-2.137204885E0,-1.660008878E-1,-1.085605979E0
6.111175292E0,-1.835831285E0,-4.470325708E-1,-1.132146835E0
6.121189292E0,-1.410915017E0,-7.062268257E-1,-1.151250720E0
6.131202292E0,-9.516143203E-1,-9.473099709E-1,-1.094675303E0
6.141215292E0,-5.199114680E-1,-1.192745686E0,-8.959791064E-1
6.151228292E0,-1.970713586E-1,-1.474374652E0,-5.488530993E-1
6.161242292E0,-5.695513263E-2,-1.760902405E0,-1.458532661E-1
6.171255292E0,-1.171939746E-1,-1.990329742E0,2.301366031E-1
6.181268292E0,-3.219047785E-1,-2.136019707E0,5.669929385E-1
6.191281292E0,-6.476623416E-1,-2.131276846E0,8.192709684E-1
6.201294750E0,-1.051890135E0,-2.004663467E0,9.634040594E-1
6.211307750E0,-1.513361096E0,-1.816152334E0,1.081654787E0
6.221320750E0,-1.915332079E0,-1.616439700E0,1.292048454E0
6.231333750E0,-2.209545374E0,-1.445410609E0,1.458145499E0
6.241347750E0,-2.444562197E0,-1.332908869E0,1.627061486E0
6.251360750E0,-2.634306669E0,-1.220669627E0,1.857208610E0
6.261373750E0,-2.716833591E0,-1.089189768E0,2.100379944E0
6.271386750E0,-2.682137012E0,-9.754602909E-1,2.312966347E0
6.281399750E0,-2.513786077E0,-9.477864504E-1,2.378637791E0
6.291413750E0,-2.290328503E0,-1.066858411E0,2.309880733E0
6.301426750E0,-2.148650169E0,-1.337029934E0,2.248021364E0
6.311439750E0,-2.166021585E0,-1.894494057E0,2.109027624E0
6.321452750E0,-2.262187958E0,-2.926851034E0,1.808200240E0
6.331466750E0,-2.184208632E0,-4.040011406E0,1.474018812E0
6.341479750E0,-1.866631746E0,-4.730480671E0,1.250255346E0
6.351492750E0,-1.462600946E0,-4.805101871E0,1.215545535E0
6.361505750E0,-1.146667004E0,-4.342707634E0,1.351891398E0
6.371519750E0,-9.113186598E-1,-3.626693726E0,1.665255427E0
6.381532750E0,-7.256702185E-1,-2.791676521E0,2.102490664E0
6.391545750E0,-7.181071043E-1,-2.088694811E0,2.564968348E0
6.401558750E0,-7.600607872E-1,-1.577970624E0,3.001564264E0
6.411572750E0,-6.936942935E-1,-1.341323495E0,3.382874727E0
6.421585750E0,-5.996245146E-1,-1.402746916E0,3.611534357E0
6.431598750E0,-5.075076818E-1,-1.396652341E0,3.485369205E0
6.441611750E0,-6.028773785E-1,-1.204555035E0,3.026933193E0
6.451625750E0,-8.282625675E-1,-9.127683043E-1,2.468947649E0
6.461638750E0,-8.503626585E-1,-6.809250712E-1,1.969567776E0
6.471651750E0,-5.718088150E-1,-6.120491028E-1,1.724643469E0
6.481664750E0,-5.808309466E-2,-6.789901257E-1,1.670503736E0
6.491678750E0,4.936386645E-1,-9.407394528E-1,1.665193439E0
6.501691750E0,9.176654220E-1,-1.307060599E0,1.583210826E0
6.511704750E0,1.212912321E0,-1.656692743E0,1.391307116E0
6.521717750E0,1.410264015E0,-2.013415575E0,1.063634515E0
6.531731750E0,1.757894158E0,-2.057454824E0,5.601051450E-1
6.541744750E0,2.154933214E0,-1.794149160E0,1.036959514E-1
6.551757750E0,2.401569128E0,-1.552151203E0,-2.033771724E-1
6.561770750E0,2.438285828E0,-1.497920632E0,-3.628707230E-1
6.571784750E0,2.281400442E0,-1.689385176E0,-4.425868392E-1
6.581797750E0,1.951146483E0,-2.135968924E0,-6.604977846E-1
6.591810750E0,1.725534201E0,-2.514066935E0,-1.029203653E0
6.601823750E0,1.876548648E0,-2.580524445E0,-1.410544991E0
6.611837750E0,1.980391145E0,-2.447229385E0,-1.739923954E0
6.621850750E0,1.720856190E0,-2.279098749E0,-2.001271963E0
6.631863750E0,1.197162151E0,-2.105866194E0,-2.175343752E0
6.641876750E0,5.652246475E-1,-2.213684082E0,-2.392404079E0
6.651890750E0,1.515222639E-1,-2.439149380E0,-2.614612818E0
6.661903750E0,-9.905096889E-2,-2.798339367E0,-2.784737349E0
6.671916750E0,-2.718762755E-1,-3.122269154E0,-2.945123434E0
6.681929750E0,-5.089206696E-1,-3.160748482E0,-3.133587837E0
6.691943750E0,-9.855855107E-1,-3.033205748E0,-3.203713179E0
6.701956750E0,-1.438389659E0,-2.730616093E0,-3.206216812E0
6.711969750E0,-1.776063323E0,-2.445699930E0,-3.186775923E0
6.721982750E0,-1.933921933E0,-2.318104982E0,-3.166794062E0
6.731996750E0,-1.873522758E0,-2.455640793E0,-3.066570282E0
6.742009750E0,-1.574979901E0,-2.805953741E0,-2.821509838E0
6.752022750E0,-1.234025478E0,-3.317597389E0,-2.440464020E0
6.762035750E0,-1.077772141E0,-3.778896570E0,-2.052620411E0
6.772049750E0,-1.189583659E0,-3.996275663E0,-1.746949553E0
6.782062750E0,-1.576941371E0,-3.889927864E0,-1.525148153E0
6.792075750E0,-2.168493748E0,-3.519191980E0,-1.302441001E0
6.802088750E0,-2.811291218E0,-2.939803600E0,-1.082298636E0
6.812102750E0,-3.378754377E0,-2.436216354E0,-1.065520406E0
6.822115750E0,-3.740180492E0,-2.151211500E0,-1.190817595E0
6.832128750E0,-3.818901777E0,-2.051780462E0,-1.268312573E0
6.842141750E0,-3.725590944E0,-2.133293390E0,-1.176811218E0
6.852155750E0,-3.564710379E0,-2.214965105E0,-9.293130636E-1
6.862168750E0,-3.341477156E0,-2.230231762E0,-6.247766018E-1
6.872181750E0,-3.088820934E0,-2.154753208E0,-3.527178764E-1
6.882194750E0,-2.747250557E0,-2.031609058E0,-8.552879840E-2
6.892208750E0,-2.355983973E0,-1.925814986E0,1.644512117E-1
6.902221750E0,-2.054582357E0,-1.814516187E0,3.826736212E-1
6.912234750E0,-1.980257034E0,-1.671681046E0,5.688626766E-1
6.922247750E0,-2.070324183E0,-1.505471468E0,6.940938234E-1
6.932260750E0,-2.127744913E0,-1.373538494E0,7.346657515E-1
6.942274750E0,-2.035481453E0,-1.313202858E0,7.224264145E-1
6.952287750E0,-1.872910738E0,-1.436739445E0,7.554876804E-1
6.962300750E0,-1.521587968E0,-1.723460913E0,7.526823878E-1
6.972313750E0,-1.208621264E0,-2.119155645E0,7.358930111E-1
6.982327750E0,-1.092331767E0,-2.340923548E0,8.074910045E-1
6.992340750E0,-1.097287893E0,-2.369486570E0,9.059419036E-1
7.002353750E0,-1.088859677E0,-2.250595331E0,1.015669823E0
7.012366750E0,-9.819146395E-1,-2.046727657E0,1.112475157E0
7.022380750E0,-8.715946078E-1,-1.725667715E0,1.168602705E0
7.032393750E0,-8.715311885E-1,-1.330663681E0,1.222614288E0
7.042406750E0,-9.701907635E-1,-8.691449761E-1,1.281531096E0
7.052419750E0,-1.224906921E0,-3.473560810E-1,1.338454366E0
7.062433750E0,-1.514629126E0,1.938285679E-1,1.416043878E0
7.072446750E0,-1.671462059E0,5.236176848E-1,1.497868657E0
7.082459750E0,-1.551652551E0,6.936700344E-1,1.568287492E0
7.092472750E0,-1.260140538E0,7.717645764E-1,1.653022051E0
7.102486750E0,-9.932945371E-1,9.415653944E-1,1.760340333E0
7.112499750E0,-8.749154210E-1,1.267713070E0,1.886689782E0
7.122512750E0,-9.284121394E-1,1.698835254E0,1.955854416E0
7.132525750E0,-1.158660293E0,2.247526884E0,1.926815629E0
7.142539750E0,-1.567405939E0,2.843065739E0,1.850282550E0
7.152552750E0,-1.958860517E0,3.328906775E0,1.774826407E0
7.162565750E0,-2.014215946E0,3.371448278E0,1.747770071E0
7.172578750E0,-1.663087606E0,3.032801628E0,1.752675891E0
7.182592750E0,-1.186962366E0,2.540597677E0,1.734890223E0
7.192605750E0,-8.286185861E-1,2.201344252E0,1.695280433E0
7.202619000E0,-6.557613015E-1,2.157848120E0,1.667168498E0
7.212632000E0,-7.135913372E-1,2.209839344E0,1.664687991E0
7.222646000E0,-6.722210646E-1,2.194606066E0,1.637184143E0
7.232659000E0,-3.594991267E-1,2.171727657E0,1.474199772E0
7.242672000E0,7.850637287E-2,2.121675253E0,1.318360209E0
7.252685000E0,5.985549092E-1,2.030678511E0,1.263522744E0
7.262699000E0,1.265424609E0,1.951515555E0,1.213023782E0
7.272712000E0,1.902192593E0,1.823521972E0,1.036689162E0
7.282725000E0,2.552840710E0,1.353602886E0,8.037629724E-1
7.292738000E0,3.331911802E0,6.778690219E-1,5.527808070E-1
7.302752000E0,4.000954628E0,1.061446816E-1,2.718635798E-1
7.312765000E0,4.259540081E0,-2.602735162E-1,7.891701907E-2
7.322778000E0,4.054197788E0,-3.541118801E-1,2.881619148E-4
7.332791000E0,3.505111694E0,-1.922654808E-1,-1.051205546E-1
7.342804000E0,2.887696505E0,2.388319224E-1,-3.039991558E-1
7.352818000E0,2.372400761E0,7.069219351E-1,-4.220472276E-1
7.362831000E0,2.079312086E0,8.266307116E-1,-3.166197538E-1
7.372844000E0,2.020842552E0,6.064131260E-1,-1.136386618E-1
7.382857000E0,2.086700678E0,5.301723629E-2,-3.506515175E-2
7.392871000E0,2.092755556E0,-5.767008066E-1,-1.820716560E-1
7.402884000E0,1.716277957E0,-8.127001524E-1,-3.965498805E-1
7.412897000E0,8.354238868E-1,-6.053842306E-1,-6.448299885E-1
7.422910000E0,-2.955380082E-1,-2.108492553E-1,-9.216167331E-1
7.432924000E0,-1.330599189E0,-6.913073361E-2,-1.199526668E0
7.442937000E0,-1.847046137E0,-4.563257396E-1,-1.272328734E0
7.452950000E0,-1.764401078E0,-1.259588599E0,-1.131575584E0
7.462963000E0,-1.552639961E0,-2.041057587E0,-8.682358265E-1
7.472977000E0,-1.385854721E0,-2.418422461E0,-5.351784825E-1
7.482990000E0,-1.451067328E0,-2.407934427E0,-2.353512198E-1
7.493003000E0,-1.684572935E0,-2.124804258E0,7.449358236E-4
7.503016000E0,-2.018196583E0,-1.751899362E0,2.192204595E-1
7.513030000E0,-2.312320471E0,-1.458046675E0,4.024387598E-1
7.523043000E0,-2.421692133E0,-1.314859509E0,5.407450795E-1
7.533056000E0,-2.369380474E0,-1.440855742E0,6.442021728E-1
7.543069000E0,-2.262278795E0,-1.770432472E0,7.335492373E-1
7.553083000E0,-2.177102566E0,-2.002001047E0,8.429780006E-1
7.563096000E0,-2.159892321E0,-1.995213628E0,9.864621758E-1
7.573109000E0,-2.153583050E0,-1.728435397E0,1.170544147E0
7.583122000E0,-2.119401932E0,-1.308342576E0,1.385906816E0
7.593136000E0,-2.071061134E0,-7.847846150E-1,1.607005358E0
7.603149000E0,-2.080896378E0,-1.840038747E-1,1.819179296E0
7.613162000E0,-2.170167923E0,4.921943247E-1,1.966355681E0
7.623175000E0,-2.327440023E0,1.260783672E0,1.935412526E0
7.633189000E0,-2.553582191E0,1.970197320E0,1.743602633E0
7.643202000E0,-2.865490198E0,2.218290806E0,1.516289473E0
7.653215000E0,-3.052547932E0,1.819552422E0,1.307035565E0
7.663228000E0,-3.047845364E0,1.224362493E0,1.203123927E0
7.673242000E0,-3.024755716E0,8.498692513E-1,1.136191010E0
7.683255000E0,-2.887767792E0,7.594677806E-1,1.138131261E0
7.693268000E0,-2.681082010E0,1.043460369E0,1.174908996E0
7.703281000E0,-2.419591904E0,1.570081353E0,1.313333631E0
7.713295000E0,-2.151278257E0,2.345008612E0,1.489135504E0
7.723308000E0,-1.979427695E0,3.115971804E0,1.683476925E0
7.733321000E0,-1.857548952E0,3.767357826E0,1.858298063E0
7.743334000E0,-1.717602253E0,4.102894783E0,2.041776180E0
7.753347000E0,-1.466353416E0,4.242701054E0,2.228198290E0
7.763361000E0,-1.167943001E0,4.247398376E0,2.468212366E0
7.773374000E0,-9.566926360E-1,4.186855316E0,2.734164715E0
7.783387000E0,-9.619547725E-1,4.189658165E0,2.967684746E0
7.793400000E0,-1.092375875E0,4.250533581E0,3.170118093E0
7.803414000E0,-1.191175222E0,4.363529205E0,3.342272282E0
7.813427000E0,-1.135465384E0,4.594566822E0,3.376915932E0
7.823440000E0,-8.525487185E-1,4.999135494E0,3.266839027E0
7.833453000E0,-4.637703300E-1,5.249209404E0,3.075999975E0
7.843467000E0,1.746938750E-2,4.824350357E0,2.896533012E0
7.853480000E0,6.277599335E-1,3.767546892E0,2.666275024E0
7.863493000E0,1.278292298E0,2.442866325E0,2.421205282E0
7.873506000E0,1.892052293E0,1.232760906E0,2.220019579E0
7.883520000E0,2.341779470E0,4.598676860E-1,2.148740768E0
7.893533000E0,2.501715660E0,3.467930555E-1,2.193123579E0
7.903546000E0,2.424729824E0,9.194847941E-1,2.310428381E0
7.913559000E0,2.268172741E0,1.989761353E0,2.498098612E0
7.923573000E0,2.245169163E0,3.108770132E0,2.695624113E0
7.933586000E0,2.497283220E0,3.493648052E0,2.880379677E0
7.943599000E0,2.875109434E0,3.139088392E0,2.952000856E0
7.953612000E0,3.021562338E0,2.088577032E0,2.805737734E0
7.963626000E0,3.141272068E0,7.165898085E-1,2.499657393E0
7.973639000E0,3.518724918E0,-7.058869302E-2,2.198992968E0
7.983652000E0,3.923845291E0,-1.818969399E-1,1.915244937E0
7.993665000E0,4.095328331E0,-2.313829958E-1,1.768857121E0
8.003679000E0,3.983102798E0,-2.515982091E-1,1.867855072E0
8.013692000E0,3.552347183E0,-3.035825491E-1,1.993720531E0
8.023705000E0,3.321753740E0,-1.801294982E-1,2.071312428E0
8.033718000E0,3.283641338E0,-5.789281055E-2,2.027941227E0
8.043731000E0,3.216190815E0,8.502428979E-2,1.877005696E0
8.053745000E0,2.942065954E0,1.859769970E-1,1.648357630E0
8.063758000E0,2.357210636E0,2.389164120E-1,1.376824617E0
8.073771000E0,1.564116716E0,2.841789722E-1,1.026052713E0
8.083784000E0,8.044613004E-1,2.637298405E-1,6.325409412E-1
8.093798000E0,3.359183073E-1,1.748668402E-1,3.074134290E-1
8.103811000E0,1.155699044E-1,-1.200629696E-1,-1.489345822E-2
8.113824000E0,1.363151222E-1,-6.216619015E-1,-3.037452102E-1
8.123837000E0,3.959231675E-1,-1.261543989E0,-5.723150373E-1
8.133851000E0,7.439439297E-1,-1.819576859E0,-8.286094069E-1
8.143864000E0,1.163104177E0,-2.338931799E0,-1.020070434E0
8.153877000E0,1.728078127E0,-2.877280951E0,-1.191792369E0
8.163890000E0,2.352839708E0,-3.473522425E0,-1.368582249E0
8.173904000E0,2.924461603E0,-3.985952616E0,-1.423129916E0
8.183917000E0,3.285643101E0,-4.340127945E0,-1.284098148E0
8.193930000E0,3.530360460E0,-4.620195866E0,-1.064913630E0
8.203943000E0,3.737366438E0,-4.798436165E0,-8.267082572E-1
8.213957000E0,3.846173763E0,-4.894270420E0,-4.700804055E-1
8.223970000E0,3.787080526E0,-4.795327187E0,5.296919122E-2
8.233983000E0,3.643091679E0,-4.478254795E0,6.065706015E-1
8.243996000E0,3.391971111E0,-4.151863098E0,1.097702265E0
8.254010000E0,3.245666265E0,-4.047634125E0,1.478613377E0
8.264023000E0,3.385096312E0,-4.010153770E0,1.779969692E0
8.274036000E0,3.610664368E0,-3.981925964E0,2.129897594E0
8.284049000E0,3.792499542E0,-3.775680065E0,2.463976145E0
8.294062000E0,3.824416637E0,-3.356463671E0,2.523315430E0
8.304076000E0,3.584083080E0,-2.630092859E0,2.163682699E0
8.314089000E0,3.008847713E0,-1.715251565E0,1.696854830E0
8.324102000E0,2.284589291E0,-6.411534548E-1,1.336410642E0
8.334115000E0,1.629678130E0,3.371505439E-1,1.010391355E0
8.344129000E0,1.189601421E0,7.742925286E-1,6.289863586E-1
8.354142000E0,1.169907808E0,4.715017378E-1,3.829321265E-1
8.364155000E0,1.548540473E0,-4.254965484E-1,3.258540034E-1
8.374168000E0,1.983975053E0,-1.245167732E0,3.318352103E-1
8.384182000E0,2.151562929E0,-1.471715569E0,3.380104601E-1
8.394195000E0,1.997658372E0,-1.150447726E0,3.224264383E-1
8.404208000E0,1.707999587E0,-4.159318507E-1,3.212092519E-1
8.414221000E0,1.468498588E0,5.022693872E-1,2.729732692E-1
8.424235000E0,1.336631775E0,1.272467971E0,1.241387576E-1
8.434248000E0,1.295955420E0,1.759822726E0,-1.156980693E-1
8.444261000E0,1.387727261E0,1.817198038E0,-4.679242074E-1
8.454274000E0,1.623556733E0,1.265894890E0,-8.854005337E-1
8.464288000E0,2.003257275E0,1.804519594E-1,-1.292495251E0
8.474301000E0,2.393563032E0,-1.032152891E0,-1.584003568E0
8.484314000E0,2.574366331E0,-1.815752149E0,-1.657570362E0
8.494327000E0,2.462407827E0,-1.957759619E0,-1.593086123E0
8.504341000E0,2.324048042E0,-1.455653906E0,-1.540116310E0
8.514354000E0,2.311131239E0,-7.405698895E-1,-1.529567480E0
8.524367000E0,2.450424194E0,-2.774157822E-1,-1.571725011E0
8.534380000E0,2.635711193E0,-2.195740640E-1,-1.673676372E0
8.544394000E0,2.641347885E0,-5.899880528E-1,-1.799096942E0
8.554407000E0,2.460491896E0,-1.265387297E0,-1.946109772E0
8.564420000E0,2.270497084E0,-2.003682375E0,-2.037005901E0
8.574433000E0,2.243045092E0,-2.443530321E0,-2.077008724E0
8.584447000E0,2.319113493E0,-2.576293707E0,-2.159808636E0
8.594460000E0,2.420938730E0,-2.457975864E0,-2.337022781E0
8.604473000E0,2.431119204E0,-2.248340607E0,-2.523689747E0
8.614486000E0,2.331727743E0,-2.025710106E0,-2.603220224E0
8.624499000E0,2.256096363E0,-1.913525105E0,-2.624209642E0
8.634513000E0,2.196568012E0,-1.996676207E0,-2.687524557E0
8.644526000E0,2.048955441E0,-2.234337330E0,-2.827951193E0
8.654539000E0,1.775159240E0,-2.590860844E0,-2.999943495E0
8.664552000E0,1.481059670E0,-3.008615494E0,-3.132493734E0
8.674566000E0,1.291766763E0,-3.313667059E0,-3.229998112E0
8.684579000E0,1.071009278E0,-3.460098743E0,-3.297491312E0
8.694592000E0,7.834667563E-1,-3.407834768E0,-3.285147190E0
8.704605000E0,5.521846414E-1,-3.044208050E0,-3.235255241E0
8.714619000E0,2.926015258E-1,-2.628490210E0,-3.164124012E0
8.724632000E0,9.134621173E-2,-2.516423941E0,-3.024290800E0
8.734645000E0,1.183152422E-1,-2.858181000E0,-2.881515741E0
8.744658000E0,3.331023455E-1,-3.389251709E0,-2.703552008E0
8.754672000E0,4.938422441E-1,-3.872703552E0,-2.516783476E0
8.764685000E0,3.422158360E-1,-4.080568790E0,-2.336073637E0
8.774698000E0,-7.472305745E-2,-3.872535467E0,-2.230683088E0
8.784711000E0,-6.895337105E-1,-3.307698250E0,-2.252511978E0
8.794725000E0,-1.389561534E0,-2.623337746E0,-2.273619652E0
8.804738000E0,-1.909144282E0,-2.096617699E0,-2.200578213E0
8.814751000E0,-2.111023188E0,-1.854227424E0,-2.052670002E0
8.824764000E0,-2.067552805E0,-1.950908303E0,-1.882826209E0
8.834777000E0,-1.958021641E0,-2.304681301E0,-1.716613770E0
8.844791000E0,-1.780671716E0,-2.703502178E0,-1.584443927E0
8.854804000E0,-1.497433066E0,-2.983302116E0,-1.521766663E0
8.864817000E0,-1.261549950E0,-3.117790937E0,-1.377130985E0
8.874830000E0,-1.136973381E0,-3.001449108E0,-1.198078394E0
8.884844000E0,-1.146480441E0,-2.691204786E0,-1.055934191E0
8.894857000E0,-1.350533128E0,-2.344548702E0,-9.069364667E-1
8.904870000E0,-1.610612273E0,-2.079894304E0,-7.227022648E-1
8.914883000E0,-1.737646103E0,-1.957919359E0,-5.190319419E-1
8.924897000E0,-1.643158078E0,-2.049333334E0,-2.799141109E-1
8.934910000E0,-1.426589012E0,-2.158785820E0,-4.063599929E-2
8.944923000E0,-1.373022676E0,-2.084728003E0,1.758225709E-1
8.954936000E0,-1.599866271E0,-1.610075593E0,2.798139453E-1
8.964950000E0,-2.066598654E0,-6.767970920E-1,2.124040723E-1
8.974963000E0,-2.803281307E0,2.090086639E-1,9.969218075E-2
8.984976000E0,-3.419650316E0,7.056477070E-1,7.200391963E-3
8.994989000E0,-3.433064461E0,6.084662676E-1,3.502829373E-2
9.005003000E0,-2.817304373E0,-8.557221293E-2,2.006794661E-1
9.015016000E0,-1.919280887E0,-8.405309319E-1,5.352417827E-1
9.025029000E0,-1.107545614E0,-1.389755726E0,8.993770480E-1
9.035042000E0,-4.597436488E-1,-1.538711429E0,1.224523425E0
9.045055000E0,-5.490672216E-2,-1.366418242E0,1.540995836E0
9.055069000E0,2.181024402E-1,-9.620129466E-1,1.754572034E0
9.065082000E0,3.551444709E-1,-4.250458777E-1,1.744671583E0
9.075095000E0,3.170181215E-1,2.939062007E-2,1.545924067E0
9.085108000E0,2.490074933E-1,3.305577636E-1,1.314691901E0
9.095122000E0,2.421748936E-1,2.514190078E-1,1.091886163E0
9.105135000E0,4.305550754E-1,-8.862191811E-3,9.267215729E-1
9.115148000E0,8.471426964E-1,-1.828241348E-1,8.542788029E-1
9.125161000E0,1.206929445E0,-1.893563718E-1,8.892700672E-1
9.135175000E0,1.393746495E0,-1.145734787E-1,9.533995390E-1
9.145188000E0,1.564407349E0,-2.991884761E-2,9.874530435E-1
9.155201000E0,1.867107034E0,-9.426934272E-2,9.858575463E-1
9.165214000E0,2.543892622E0,-4.750376344E-1,9.042496681E-1
9.175228000E0,3.448040247E0,-1.404584050E0,8.363305926E-1
9.185241000E0,4.085444927E0,-2.357340336E0,7.668499351E-1
9.195254000E0,4.127943516E0,-2.713099241E0,7.091906071E-1
9.205266875E0,3.551299334E0,-2.027398825E0,6.918869615E-1
9.215280875E0,2.562119961E0,-7.246878743E-1,6.165259480E-1
9.225293875E0,1.456589699E0,6.223905683E-1,3.640571833E-1
9.235306875E0,5.339922905E-1,1.513089061E0,1.018604562E-1
9.245319875E0,-1.279220078E-2,1.676728010E0,-9.258259088E-2
9.255332875E0,-3.547149003E-1,1.333134174E0,-2.639431655E-1
9.265346875E0,-7.090348005E-1,9.127883315E-1,-5.500479937E-1
9.275359875E0,-1.262677670E0,7.126978636E-1,-1.006936193E0
9.285372875E0,-1.995505095E0,7.294616103E-1,-1.572864771E0
9.295385875E0,-2.716332436E0,6.257732511E-1,-1.994942784E0
9.305399875E0,-3.175052643E0,3.134886324E-1,-2.088646173E0
9.315412875E0,-3.113069534E0,-2.093737870E-1,-1.872238874E0
9.325425875E0,-2.796076536E0,-7.400915027E-1,-1.556742549E0
9.335438875E0,-2.509532928E0,-1.193657756E0,-1.198115706E0
9.345452875E0,-2.425072432E0,-1.388080001E0,-9.014959931E-1
9.355465875E0,-2.543678999E0,-1.360850692E0,-6.200363636E-1
9.365478875E0,-2.711478472E0,-1.192788243E0,-3.006342649E-1
9.375491875E0,-2.858093023E0,-9.342185259E-1,1.254197676E-3
9.385505875E0,-3.006061077E0,-5.068038702E-1,2.804234624E-1
9.395518875E0,-3.148486614E0,-2.033912018E-2,5.656054616E-1
9.405531875E0,-3.240748882E0,3.628178537E-1,9.082216620E-1
9.415544875E0,-3.154324055E0,5.900928378E-1,1.281539083E0
9.425558875E0,-2.968385696E0,6.079126000E-1,1.587686777E0
9.435571875E0,-2.717068195E0,6.044433117E-1,1.903539538E0
9.445584875E0,-2.437496424E0,6.151617169E-1,2.181715965E0
9.455597875E0,-2.214439631E0,6.498949528E-1,2.351909637E0
9.465610875E0,-2.099246502E0,7.687016726E-1,2.431249380E0
9.475624875E0,-2.084974051E0,1.012855172E0,2.476155281E0
9.485637875E0,-2.052338839E0,1.266736031E0,2.452269554E0
9.495650875E0,-1.935458899E0,1.395646095E0,2.364537954E0
9.505663875E0,-1.645339608E0,1.409075379E0,2.175636053E0
9.515677875E0,-1.108048439E0,1.342546463E0,1.953856230E0
9.525690875E0,-3.732618690E-1,1.064988494E0,1.680310845E0
9.535703875E0,3.868978024E-1,7.694005370E-1,1.479966283E0
9.545716875E0,9.562937617E-1,5.850868225E-1,1.433143497E0
9.555730875E0,1.213006735E0,5.677208900E-1,1.425202250E0
9.565743875E0,1.420199275E0,7.197365761E-1,1.581868649E0
9.575756875E0,1.615938663E0,9.273254275E-1,1.586322308E0
9.585769875E0,1.820297599E0,1.227754235E0,1.697522521E0
9.595783875E0,1.985173106E0,1.524989843E0,1.626999021E0
9.605796875E0,2.140203953E0,1.810791135E0,1.463196397E0
9.615809875E0,2.447892666E0,1.929448605E0,1.284342408E0
9.625822875E0,2.919031858E0,1.903978944E0,1.121091485E0
9.635835875E0,3.517369747E0,1.723350286E0,8.606519103E-1
9.645849875E0,4.141166210E0,1.701171994E0,5.444790125E-1
9.655862875E0,4.518501282E0,1.899259448E0,2.898778617E-1
9.665875875E0,4.608089924E0,2.410046339E0,1.569599956E-1
9.675888875E0,4.443099499E0,2.989205360E0,6.116316468E-2
9.685902875E0,3.868738651E0,3.456974030E0,3.764539957E-3
9.695915875E0,3.170835018E0,3.537424088E0,-3.347950056E-2
9.705928875E0,3.140397549E0,3.154780865E0,-1.226317436E-1
9.715941875E0,3.938463449E0,2.560369492E0,-3.097004294E-1
9.725955875E0,4.916645527E0,2.087114096E0,-6.384421587E-1
9.735968875E0,5.300104618E0,1.879738927E0,-1.057055593E0
9.745981875E0,4.826790333E0,1.998444796E0,-1.434278607E0
9.755994875E0,3.595777750E0,2.442192078E0,-1.590587497E0
9.766008875E0,1.917403936E0,3.009671211E0,-1.496727109E0
9.776021875E0,1.978276819E-1,3.591589451E0,-1.214750290E0
9.786034875E0,-1.094933987E0,4.141861439E0,-7.948375940E-1
9.796047875E0,-1.751955509E0,4.538220882E0,-4.156655073E-1
9.806060875E0,-1.897879004E0,4.711251736E0,-8.642350137E-2
9.816074875E0,-1.570765495E0,4.687877655E0,1.448882818E-1
9.826087875E0,-1.130321383E0,4.401184082E0,3.114587069E-1
9.836100875E0,-9.111012220E-1,3.980691671E0,3.897711039E-1
9.846113875E0,-9.477858543E-1,3.429049492E0,3.903491199E-1
9.856127875E0,-1.065199375E0,2.714165926E0,5.532261729E-1
9.866140875E0,-1.331772685E0,1.845705867E0,8.883007765E-1
9.876153875E0,-1.571081161E0,9.715439677E-1,1.297502160E0
9.886166875E0,-1.487349033E0,2.963374555E-1,1.682926893E0
9.896180875E0,-1.070935845E0,-2.812145650E-1,2.071184397E0
9.906193875E0,-7.364699244E-1,-5.056471229E-1,2.448624134E0
9.916206875E0,-7.073594332E-1,-3.610409200E-1,3.082925558E0
9.926219875E0,-9.897815585E-1,2.657588720E-1,3.913821936E0
9.936233875E0,-1.584098101E0,1.087524891E0,4.752515316E0
9.946246875E0,-2.180802584E0,1.974574804E0,5.365746021E0
9.956259875E0,-2.559471846E0,2.748435497E0,5.733339787E0
9.966272875E0,-2.872070074E0,3.185580730E0,5.875836372E0
9.976286875E0,-3.063604832E0,3.336021900E0,5.749387264E0
9.986299875E0,-3.232274294E0,3.345110416E0,5.140575886E0
9.996312875E0,-3.373177767E0,2.904908657E0,4.199442863E0
1.000632587E1,-3.173002005E0,1.775478482E0,3.199686527E0
1.001633887E1,-2.537471294E0,1.530616581E-1,2.346186638E0
1.002635288E1,-1.849184394E0,-1.478635311E0,1.780918479E0
1.003636588E1,-1.403929472E0,-2.664143801E0,1.483265519E0
1.004637888E1,-1.117229939E0,-3.326749802E0,1.363199115E0
1.005639188E1,-9.764139056E-1,-3.388961792E0,1.452594995E0
1.006640587E1,-1.100558281E0,-2.916320086E0,1.683080912E0
1.007641887E1,-1.520977139E0,-1.968748808E0,1.816471457E0
1.008643188E1,-2.072433710E0,-8.945668340E-1,1.778607368E0
1.009644488E1,-2.279464006E0,-1.005768180E-1,1.604620337E0
1.010645887E1,-2.193261147E0,1.583580077E-1,1.308866382E0
1.011647187E1,-2.066739321E0,-2.687810659E-1,8.391010165E-1
1.012648487E1,-2.007578850E0,-1.157535434E0,3.320777416E-1
1.013649787E1,-2.086362839E0,-2.154259920E0,-1.223398522E-1
1.014651188E1,-2.180092573E0,-2.820861816E0,-5.138190389E-1
1.015652488E1,-2.238758087E0,-2.868491650E0,-8.237422705E-1
1.016653788E1,-2.273066759E0,-2.624623775E0,-1.165099382E0
1.017655087E1,-2.270271063E0,-2.338029146E0,-1.538063407E0
1.018656387E1,-2.247401476E0,-2.124473572E0,-1.836149454E0
1.019657788E1,-2.363052845E0,-2.148881674E0,-2.061309576E0
1.020659163E1,-2.553629398E0,-2.231699467E0,-2.303232431E0
1.021660463E1,-2.760179043E0,-2.371304989E0,-2.567658424E0
1.022661762E1,-2.737049103E0,-2.426205873E0,-2.814958811E0
1.023663162E1,-2.472838640E0,-2.392674923E0,-2.986991405E0
1.024664463E1,-2.171510458E0,-2.295065880E0,-3.037620783E0
1.025665763E1,-1.956825972E0,-2.221881151E0,-3.017709255E0
1.026667063E1,-1.814101219E0,-2.116490364E0,-2.911155462E0
1.027668462E1,-1.855125904E0,-2.044769287E0,-2.810642719E0
1.028669762E1,-1.998608589E0,-2.060889006E0,-2.706879616E0
1.029671062E1,-2.078738451E0,-2.106165648E0,-2.589104891E0
1.030672362E1,-2.063775778E0,-2.124227285E0,-2.558624029E0
1.031673763E1,-2.040607691E0,-2.151023149E0,-2.541887283E0
1.032675063E1,-2.200378418E0,-2.215466261E0,-2.453633308E0
1.033676362E1,-2.530432224E0,-2.279095650E0,-2.323671579E0
1.034677662E1,-2.793095350E0,-2.255254984E0,-2.195949554E0
1.035678962E1,-2.857018471E0,-2.158868790E0,-2.085126638E0
1.036680363E1,-2.726329088E0,-2.104455948E0,-1.948623538E0
1.037681663E1,-2.433692932E0,-2.150998592E0,-1.719054222E0
1.038682963E1,-2.070008755E0,-2.272471189E0,-1.435869455E0
1.039684263E1,-1.822924614E0,-2.375244617E0,-1.211216331E0
1.040685662E1,-1.810351253E0,-2.381050110E0,-1.043604374E0
1.041686962E1,-1.995836496E0,-2.173029661E0,-8.935964704E-1
1.042688262E1,-2.308283567E0,-1.833431482E0,-7.471090555E-1
1.043689563E1,-2.600691557E0,-1.487633586E0,-5.887351632E-1
1.044690962E1,-2.820465088E0,-1.193521261E0,-4.085116386E-1
1.045692262E1,-3.036047220E0,-9.705030918E-1,-2.020761818E-1
1.046693562E1,-3.181776762E0,-7.797870040E-1,-1.282551140E-2
1.047694862E1,-3.280411482E0,-6.386179328E-1,1.662180126E-1
1.048696263E1,-3.242755413E0,-5.071762800E-1,3.681995869E-1
1.049697563E1,-3.089900017E0,-4.211301208E-1,5.649133921E-1
1.050698863E1,-2.901828527E0,-3.683857024E-1,7.031519413E-1
1.051700163E1,-2.741567135E0,-3.401756287E-1,7.462048531E-1
1.052701462E1,-2.546319485E0,-1.853493750E-1,7.277612090E-1
1.053702862E1,-2.465512276E0,2.501584031E-2,7.434831858E-1
1.054704163E1,-2.429954290E0,2.547615469E-1,8.008647561E-1
1.055705463E1,-2.341178417E0,4.161048830E-1,9.050585628E-1
1.056706763E1,-2.123772621E0,4.640332758E-1,1.058276057E0
1.057708162E1,-1.873049736E0,4.538924992E-1,1.257141471E0
1.058709462E1,-1.724391699E0,3.356930912E-1,1.457823396E0
1.059710762E1,-1.614912391E0,2.913040817E-1,1.646177649E0
1.060712062E1,-1.534809947E0,2.706766725E-1,1.763783574E0
1.061713463E1,-1.444947720E0,1.236970723E-1,1.761110306E0
1.062714763E1,-1.250123858E0,-1.294742078E-1,1.755353093E0
1.063716062E1,-8.663623929E-1,-3.062606752E-1,1.797036886E0
1.064717362E1,-4.455737770E-1,-2.883785665E-1,1.852371931E0
1.065718662E1,-1.184372008E-1,5.533886328E-2,1.879339099E0
1.066720063E1,6.339187920E-2,6.938034296E-1,1.944825411E0
1.067721363E1,1.534386724E-1,1.388557792E0,2.083103180E0
1.068722663E1,3.206031621E-1,1.907747149E0,2.199064970E0
1.069723963E1,6.439573765E-1,2.043751478E0,2.238610029E0
1.070725362E1,1.258486032E0,1.583860159E0,2.272894859E0
1.071726662E1,2.284440279E0,5.421668887E-1,2.325842619E0
1.072727962E1,3.377921581E0,-8.644580841E-1,2.433954716E0
1.073729263E1,4.045416832E0,-1.932715058E0,2.436265707E0
1.074730663E1,4.090343952E0,-2.185792923E0,2.219209433E0
1.075731962E1,3.700873137E0,-1.731665850E0,1.943796992E0
1.076733262E1,3.116321564E0,-9.550324082E-1,1.739084363E0
1.077734562E1,2.431401014E0,-3.865396678E-1,1.456752539E0
1.078735963E1,1.519927025E0,-1.979450509E-2,8.980544806E-1
1.079737263E1,3.302116990E-1,2.627325356E-1,6.208475679E-2
1.080738563E1,-9.625989795E-1,6.648358107E-1,-7.473241091E-1
1.081739863E1,-1.923006535E0,1.277925014E0,-1.292300582E0
1.082741163E1,-2.474972010E0,1.809374928E0,-1.466690421E0
1.083742562E1,-2.936450720E0,2.154431820E0,-1.429526210E0
1.084743862E1,-3.261163950E0,2.261723042E0,-1.216515064E0
1.085745163E1,-3.489235878E0,2.156736612E0,-1.005732298E0
1.086746463E1,-3.611865520E0,1.930623293E0,-8.304073811E-1
1.087747862E1,-3.625603676E0,1.526175976E0,-6.475997567E-1
1.088749162E1,-3.554222822E0,9.379892945E-1,-4.337161481E-1
1.089750462E1,-3.399121284E0,3.386888504E-1,-2.302275002E-1
1.090751762E1,-3.263875484E0,-1.320997477E-1,-4.172872379E-2
1.091753163E1,-3.115370989E0,-4.903428555E-1,1.910493970E-1
1.092754463E1,-2.853382826E0,-7.784299850E-1,5.013631582E-1
1.093755763E1,-2.448607445E0,-9.638403654E-1,8.536865711E-1
1.094757062E1,-2.031042576E0,-1.080374241E0,1.315801501E0
1.095758362E1,-1.616437674E0,-1.110439181E0,1.905202389E0
1.096759763E1,-1.246772766E0,-1.009285808E0,2.506537676E0
1.097761063E1,-1.018741965E0,-7.927888036E-1,2.941516399E0
1.098762363E1,-1.012871742E0,-3.572023213E-1,3.050028563E0
1.099763663E1,-1.194545984E0,7.890147716E-2,2.748786449E0
1.100765062E1,-1.288850784E0,3.027836978E-1,2.240661621E0
1.101766362E1,-1.124377370E0,1.278553009E-1,1.800551176E0
1.102767662E1,-8.227894902E-1,-3.190443814E-1,1.567249179E0
1.103768962E1,-5.089253187E-1,-6.408498287E-1,1.502058148E0
1.104770363E1,-1.779341996E-1,-6.852682233E-1,1.607799411E0
1.105771662E1,1.967379302E-1,-3.182893991E-1,1.845538974E0
1.106772962E1,6.264438033E-1,4.625556767E-1,2.053002834E0
1.107774262E1,1.140056252E0,1.332126737E0,2.112251282E0
1.108775663E1,1.737111092E0,2.035647154E0,1.928528070E0
1.109776963E1,2.218907356E0,2.436218977E0,1.440614343E0
1.110778263E1,2.471795559E0,2.465235949E0,8.439058661E-1
1.111779563E1,2.577291489E0,2.219017506E0,3.566891253E-1
1.112780863E1,2.663955688E0,1.769344807E0,3.828767687E-2
1.113782262E1,2.914835453E0,1.006446719E0,-1.292294264E-1
1.114783562E1,3.414206266E0,1.041011363E-1,-1.339185685E-1
1.115784863E1,4.089679241E0,-5.004345179E-1,-2.457050607E-2
1.116786163E1,4.663982391E0,-3.590542376E-1,5.679984391E-2
1.117787562E1,4.856165409E0,4.805288613E-1,5.966300517E-2
1.118788862E1,4.480437279E0,1.968749166E0,-1.907010749E-2
1.119790162E1,3.441194773E0,3.610742331E0,-1.248287633E-1
1.120791375E1,2.406594992E0,4.443687916E0,-1.830841005E-1
1.121792775E1,2.288006306E0,3.914936543E0,-1.820742339E-1
1.122794075E1,3.178277493E0,2.363727331E0,-2.896019816E-1
1.123795375E1,4.505090237E0,6.340073347E-1,-6.207202673E-1
1.124796675E1,5.493135929E0,-4.810006618E-1,-9.694960117E-1
1.125797975E1,5.833892822E0,-7.113260031E-1,-1.100941896E0
1.126799375E1,5.658307552E0,-1.523628980E-1,-9.144729376E-1
1.127800675E1,5.291188717E0,8.426220417E-1,-3.457333148E-1
1.128801975E1,5.033416748E0,1.785738826E0,3.670839965E-1
1.129803275E1,4.874019146E0,2.269924164E0,9.220516086E-1
1.130804675E1,4.710844040E0,2.105291128E0,1.283014178E0
1.131805975E1,4.395448208E0,1.534995198E0,1.368642449E0
1.132807275E1,3.808728695E0,1.000312924E0,1.172055244E0
1.133808575E1,2.995028973E0,7.557025552E-1,8.699363470E-1
1.134809975E1,1.963772416E0,8.880345821E-1,6.382955313E-1
1.135811275E1,8.531309366E-1,1.297336817E0,5.322090983E-1
1.136812575E1,-1.091399640E-1,1.908395052E0,5.822094083E-1
1.137813875E1,-7.200158238E-1,2.415781975E0,7.047896385E-1
1.138815175E1,-1.103318930E0,2.694883108E0,8.140689731E-1
1.139816575E1,-1.404169917E0,2.803810120E0,8.640823364E-1
1.140817875E1,-1.670858383E0,2.742530346E0,8.340224028E-1
1.141819175E1,-1.876685023E0,2.538317204E0,7.320097685E-1
1.142820475E1,-1.989224195E0,2.163556576E0,5.813365579E-1
1.143821875E1,-1.964435697E0,1.509615064E0,5.009375811E-1
1.144823175E1,-1.958869815E0,6.683918238E-1,4.968627393E-1
1.145824475E1,-1.868706107E0,-6.912054867E-2,6.190856099E-1
1.146825775E1,-1.665887356E0,-6.477317214E-1,7.266806960E-1
1.147827175E1,-1.462650418E0,-1.117450476E0,9.044243097E-1
1.148828475E1,-1.267914534E0,-1.440320015E0,1.120327353E0
1.149829775E1,-1.079001307E0,-1.654367328E0,1.400259376E0
1.150831075E1,-9.102061987E-1,-1.752719998E0,1.767369270E0
1.151832375E1,-7.720767856E-1,-1.818236709E0,2.258044004E0
1.152833775E1,-7.023661137E-1,-1.923635364E0,2.824112177E0
1.153835075E1,-6.262702942E-1,-2.060470343E0,3.415293932E0
1.154836375E1,-5.968127251E-1,-2.109939814E0,3.833566189E0
1.155837675E1,-8.086783886E-1,-1.865630031E0,3.876456499E0
1.156839075E1,-1.283377886E0,-1.386590838E0,3.678485155E0
1.157840375E1,-1.710772395E0,-7.323268056E-1,3.505690575E0
1.158841675E1,-1.978413820E0,-1.346622258E-1,3.478127003E0
1.159842975E1,-2.132673264E0,1.470469385E-1,3.632531643E0
1.160844375E1,-2.178610086E0,2.045922577E-1,3.854710817E0
1.161845675E1,-2.139204979E0,1.495945305E-1,4.034866810E0
1.162846975E1,-1.991002798E0,-2.169860899E-1,4.087044239E0
1.163848275E1,-1.646088004E0,-7.479535937E-1,3.983708382E0
1.164849575E1,-1.118759513E0,-1.245563030E0,3.712089777E0
1.165850975E1,-5.918887854E-1,-1.673124433E0,3.236964226E0
1.166852275E1,-3.479505777E-1,-1.789996743E0,2.560741663E0
1.167853575E1,-4.661397934E-1,-1.624309778E0,1.944747567E0
1.168854875E1,-6.595562696E-1,-1.303786159E0,1.621120453E0
1.169856275E1,-8.999699354E-1,-9.549636841E-1,1.627659559E0
1.170857575E1,-1.188702822E0,-6.399419904E-1,1.795027971E0
1.171858875E1,-1.321121573E0,-6.656612158E-1,1.817209125E0
1.172860175E1,-9.979691505E-1,-1.243419051E0,1.526136279E0
1.173861575E1,-4.213431180E-1,-2.035749197E0,1.099829674E0
1.174862875E1,-6.465554982E-2,-2.653208733E0,7.188894749E-1
1.175864175E1,-1.303211153E-1,-2.854752302E0,3.429704010E-1
1.176865475E1,-5.475189686E-1,-2.675679922E0,-8.889596909E-2
1.177866775E1,-1.035322189E0,-2.301805496E0,-4.753142297E-1
1.178868175E1,-1.443670154E0,-2.027619600E0,-7.536804080E-1
1.179869475E1,-1.616542339E0,-1.909899831E0,-1.035043478E0
1.180870775E1,-1.520954370E0,-1.949600220E0,-1.267116308E0
1.181872075E1,-1.309550762E0,-2.095485210E0,-1.335927606E0
1.182873475E1,-1.277661562E0,-2.182330370E0,-1.306145072E0
1.183874775E1,-1.595240116E0,-2.068812609E0,-1.352044106E0
1.184876075E1,-2.166934013E0,-1.842530847E0,-1.499142408E0
1.185877375E1,-2.662247419E0,-1.538267136E0,-1.673161268E0
1.186878675E1,-2.883410692E0,-1.298731923E0,-1.860269666E0
1.187880075E1,-2.978110790E0,-1.154545546E0,-2.045950890E0
1.188881375E1,-3.166266441E0,-1.102749109E0,-2.228682995E0
1.189882675E1,-3.294871569E0,-1.070843697E0,-2.443801165E0
1.190883975E1,-3.252550125E0,-1.023221016E0,-2.742945194E0
1.191885375E1,-3.068991423E0,-9.726353288E-1,-3.043302536E0
1.192886675E1,-2.871745825E0,-9.623897672E-1,-3.188494682E0
1.193887975E1,-2.814717293E0,-9.764155746E-1,-3.053881407E0
1.194889275E1,-2.844784737E0,-9.929275513E-1,-2.835009336E0
1.195890675E1,-2.879321575E0,-9.540699124E-1,-2.704678774E0
1.196891975E1,-2.879561663E0,-8.189873695E-1,-2.585359573E0
1.197893275E1,-2.986867189E0,-7.303512692E-1,-2.434392691E0
1.198894575E1,-3.079248905E0,-6.172028780E-1,-2.242308855E0
1.199895975E1,-3.106464863E0,-4.482812583E-1,-2.047147036E0
1.200897275E1,-3.084244490E0,-2.874280512E-1,-1.877922177E0
1.201898575E1,-3.012098789E0,-1.381389648E-1,-1.777111888E0
1.202899875E1,-2.979364872E0,1.788167842E-2,-1.676206350E0
1.203901175E1,-2.964056969E0,3.832836449E-2,-1.447304726E0
1.204902575E1,-2.934527159E0,-1.052021161E-1,-1.084908724E0
1.205903875E1,-2.852914333E0,-3.763952851E-1,-7.102839947E-1
1.206905175E1,-2.723570824E0,-6.343243718E-1,-4.198010862E-1
1.207906475E1,-2.606294155E0,-8.477362394E-1,-1.900267452E-1
1.208907875E1,-2.504085064E0,-9.947102666E-1,1.186938584E-2
1.209909175E1,-2.445277452E0,-1.050692081E0,2.047637403E-1
1.210910475E1,-2.438629389E0,-9.765922427E-1,3.831118941E-1
1.211911775E1,-2.403506994E0,-8.066263795E-1,5.500907302E-1
1.212913075E1,-2.332669735E0,-5.512614250E-1,6.588838696E-1
1.213914475E1,-2.291223049E0,-3.072477579E-1,7.357868552E-1
1.214915775E1,-2.293621063E0,-1.129489169E-1,8.764919043E-1
1.215917075E1,-2.288692236E0,3.038827144E-2,1.072695971E0
1.216918375E1,-2.208848238E0,1.131294444E-1,1.306294322E0
1.217919775E1,-2.088305473E0,1.919323802E-1,1.538146496E0
1.218921075E1,-1.930947542E0,3.846773207E-1,1.714072704E0
1.219922375E1,-1.788956046E0,6.353856921E-1,1.835564494E0
1.220923738E1,-1.693022847E0,8.943460584E-1,1.884682298E0
1.221925038E1,-1.651043773E0,1.002232552E0,1.763748646E0
1.222926437E1,-1.601153016E0,6.662316918E-1,1.519412756E0
1.223927737E1,-1.502331018E0,1.135983244E-1,1.282490015E0
1.224929037E1,-1.400100589E0,-2.859406471E-1,1.185516596E0
1.225930337E1,-1.413783908E0,-3.458641469E-1,1.398800373E0
1.226931738E1,-1.425447822E0,2.404310368E-2,1.752274513E0
1.227933038E1,-1.261663079E0,5.820382237E-1,1.989108324E0
1.228934337E1,-6.941842437E-1,1.168743491E0,1.924723268E0
1.229935637E1,8.983123302E-2,1.308051825E0,1.696819782E0
1.230937038E1,9.081441760E-1,9.936816096E-1,1.490357280E0
1.231938338E1,1.687189221E0,3.791877925E-1,1.380645394E0
1.232939638E1,2.353778124E0,-2.826557159E-1,1.361678123E0
1.233940938E1,3.034269810E0,-7.769796848E-1,1.499521017E0
1.234942238E1,3.814099312E0,-9.581219554E-1,1.755642533E0
1.235943637E1,4.541759491E0,-6.637430191E-1,1.973672390E0
1.236944937E1,4.868482590E0,-2.068529278E-1,2.062040091E0
1.237946238E1,4.651573181E0,1.943421662E-1,1.981888413E0
1.238947538E1,3.882807493E0,3.534244299E-1,1.670498013E0
1.239948937E1,2.876777887E0,4.016934037E-1,1.141527414E0
1.240950237E1,1.527128577E0,1.958060265E-1,4.919027090E-1
1.241951537E1,2.503184080E-1,3.985983878E-2,-1.205045264E-2
1.242952837E1,-6.560723186E-1,1.621636152E-1,-3.416841030E-1
1.243954137E1,-1.192254543E0,3.166746199E-1,-4.443675876E-1
1.244955538E1,-1.543289304E0,4.326139390E-1,-3.963634670E-1
1.245956838E1,-1.765255809E0,4.864955246E-1,-2.849871516E-1
1.246958138E1,-2.020574808E0,5.088260770E-1,-1.627724022E-1
1.247959437E1,-2.240579605E0,5.903712511E-1,-1.070521399E-1
1.248960837E1,-2.426392317E0,7.592343092E-1,-9.820850939E-2
1.249962138E1,-2.714144707E0,9.614566565E-1,-8.509244025E-2
1.250963438E1,-3.129198551E0,1.225746155E0,-4.251632839E-2
1.251964738E1,-3.652343035E0,1.521421194E0,6.966574583E-4
1.252966038E1,-4.129444122E0,1.709204078E0,3.633131832E-2
1.253967437E1,-4.327059269E0,1.664459229E0,1.058827043E-1
1.254968737E1,-4.114865780E0,1.344713569E0,2.259125113E-1
1.255970037E1,-3.637212753E0,8.120065331E-1,3.645667732E-1
1.256971337E1,-3.132359505E0,2.831132710E-1,4.958661199E-1
1.257972738E1,-2.808070660E0,-1.091676876E-1,6.249125004E-1
1.258974037E1,-2.675477743E0,-2.667943835E-1,8.143118620E-1
1.259975337E1,-2.568588257E0,-2.233268023E-1,1.120677114E0
1.260976637E1,-2.382958412E0,-5.024039000E-2,1.476023793E0
1.261978038E1,-2.160295725E0,2.590162456E-1,1.829980254E0
1.262979338E1,-1.961486578E0,7.449629903E-1,2.150615692E0
1.263980638E1,-1.832543015E0,1.338218808E0,2.370140553E0
1.264981938E1,-1.740822911E0,1.849204302E0,2.387325287E0
1.265983238E1,-1.596659541E0,1.940796733E0,2.161422253E0
1.266984637E1,-1.314278603E0,1.654529810E0,1.853435516E0
1.267985937E1,-8.696725965E-1,1.180196285E0,1.592855811E0
1.268987238E1,-4.127083719E-1,6.974671483E-1,1.459777474E0
1.269988538E1,-7.629331946E-2,4.118274152E-1,1.470340610E0
1.270989937E1,1.880957782E-1,5.793572068E-1,1.512410641E0
1.271991237E1,3.495137095E-1,1.340891480E0,1.497253776E0
1.272992537E1,3.717520833E-1,2.354283333E0,1.452294469E0
1.273993837E1,5.262148976E-1,3.276333332E0,1.437030077E0
1.274995137E1,8.472225070E-1,3.699232340E0,1.466701865E0
1.275996538E1,1.300776839E0,3.591322899E0,1.478018165E0
1.276997838E1,1.837858677E0,3.086772680E0,1.370343328E0
1.277999137E1,2.291639328E0,2.350848675E0,1.178724885E0
1.279000437E1,2.715342522E0,1.707018495E0,9.412688017E-1
1.280001838E1,3.115554571E0,1.190251470E0,7.507473230E-1
1.281003138E1,3.444385529E0,6.737552881E-1,6.582233906E-1
1.282004438E1,3.789009571E0,8.438788354E-2,5.893018246E-1
1.283005738E1,4.375031471E0,-4.120821953E-1,4.921141863E-1
1.284007038E1,5.370671272E0,-7.916010022E-1,5.255701542E-1
1.285008437E1,6.730509281E0,-1.062474370E0,5.629880428E-1
1.286009737E1,8.316555023E0,-1.047808886E0,6.600272655E-1
1.287011037E1,9.836464882E0,-1.042066574E0,7.659919262E-1
1.288012338E1,1.110426998E1,-9.515388608E-1,7.263052464E-1
1.289013737E1,1.168438816E1,-1.268297553E0,4.744216800E-1
1.290015037E1,1.109342098E1,-1.832986236E0,7.141303737E-3
1.291016337E1,8.900256157E0,-2.197485685E0,-4.724529386E-1
1.292017637E1,5.532545090E0,-1.960577607E0,-7.511509061E-1
1.293018937E1,2.177438974E0,-8.485521078E-1,-1.000401855E0
1.294020338E1,-2.303626686E-1,1.305767298E0,-1.082782149E0
1.295021638E1,-1.530069828E0,3.812142611E0,-6.401027441E-1
1.296022938E1,-2.301026106E0,5.686162472E0,2.015211284E-1
1.297024237E1,-2.615878582E0,6.709847927E0,1.260045886E0
1.298025637E1,-2.820808887E0,6.746017933E0,2.249371290E0
1.299026938E1,-2.684521437E0,5.680720806E0,2.921167850E0
1.300028238E1,-1.719458699E0,4.006385326E0,3.148521423E0
1.301029538E1,-7.767456770E-2,2.096264601E0,3.019472837E0
1.302030838E1,1.881753325E0,1.379158348E-1,2.863285780E0
1.303032237E1,3.821290016E0,-1.446070433E0,2.863806009E0
1.304033537E1,5.306446552E0,-2.342643738E0,2.997137785E0
1.305034837E1,6.130302906E0,-2.593891859E0,3.068680763E0
1.306036137E1,6.139305115E0,-2.329186678E0,2.852598190E0
1.307037538E1,5.413177013E0,-1.796271205E0,2.449340343E0
1.308038837E1,4.162163258E0,-1.237211347E0,2.030197144E0
1.309040137E1,2.732284546E0,-1.012423873E0,1.832105994E0
1.310041437E1,1.836339355E0,-1.538982987E0,1.725361943E0
1.311042737E1,1.780028820E0,-2.720175505E0,1.602025628E0
1.312044138E1,2.387115955E0,-4.077108383E0,1.323266149E0
1.313045438E1,3.685940981E0,-4.607904911E0,8.747572899E-1
1.314046738E1,4.808322430E0,-4.335555077E0,4.549139142E-1
1.315048038E1,4.966081142E0,-3.681701660E0,3.304156661E-1
1.316049437E1,4.360562801E0,-2.716849327E0,4.067903459E-1
1.317050737E1,3.394711256E0,-1.734690666E0,3.528328240E-1
1.318052038E1,2.603899240E0,-1.331045985E0,-2.826127410E-2
1.319053338E1,2.298443317E0,-1.807752728E0,-7.197948098E-1
1.320054638E1,2.404226542E0,-3.206977367E0,-1.593240023E0
1.321055954E1,2.885021687E0,-4.999547958E0,-2.426727533E0
1.322057254E1,3.649367094E0,-5.896989346E0,-3.092481852E0
1.323058554E1,3.802129030E0,-5.879133224E0,-3.432540655E0
1.324059854E1,3.242052078E0,-4.908843040E0,-3.367958307E0
1.325061154E1,2.306505680E0,-3.425523043E0,-3.029533148E0
1.326062554E1,1.347258091E0,-1.973518133E0,-2.732588053E0
1.327063854E1,8.649336100E-1,-1.232292771E0,-2.635927200E0
1.328065154E1,9.255527258E-1,-1.350403786E0,-2.743871450E0
1.329066454E1,1.242417097E0,-2.067508698E0,-3.032414198E0
1.330067854E1,1.478122592E0,-3.398944855E0,-3.500767231E0
1.331069154E1,1.582157135E0,-4.749186516E0,-3.814046621E0
1.332070454E1,1.632259607E0,-5.504215717E0,-3.892398119E0
1.333071754E1,1.507619977E0,-5.777377129E0,-3.809818029E0
1.334073054E1,1.275990486E0,-5.497441769E0,-3.601195812E0
1.335074454E1,9.042134285E-1,-4.808402538E0,-3.328721046E0
1.336075754E1,3.675718009E-1,-4.036836147E0,-3.036397219E0
1.337077054E1,-1.080886349E-1,-3.425741196E0,-2.792112350E0
1.338078354E1,-2.981677651E-1,-3.103245974E0,-2.618150949E0
1.339079754E1,-2.706406116E-1,-3.190546751E0,-2.512881279E0
1.340081054E1,-2.006812394E-1,-3.621576071E0,-2.537539244E0
1.341082354E1,-1.920194626E-1,-4.216050625E0,-2.670237064E0
1.342083654E1,-2.089808732E-1,-4.795856476E0,-2.770074844E0
1.343084954E1,-3.087199330E-1,-5.224209785E0,-2.762072802E0
1.344086354E1,-4.353673458E-1,-5.492045879E0,-2.696976900E0
1.345087654E1,-4.209310114E-1,-5.513441086E0,-2.571632862E0
1.346088954E1,-2.806282043E-1,-5.480243683E0,-2.374258280E0
1.347090254E1,-1.572843939E-1,-5.439178944E0,-2.059521914E0
1.348091554E1,-1.974323392E-1,-5.379254818E0,-1.661743760E0
1.349092954E1,-4.418639541E-1,-5.162016392E0,-1.237189293E0
1.350094254E1,-8.660282493E-1,-4.748026371E0,-7.958045006E-1
1.351095554E1,-1.320194721E0,-4.180449009E0,-4.207874537E-1
1.352096854E1,-1.749313354E0,-3.585168839E0,-1.635047942E-1
1.353098254E1,-2.265958071E0,-3.061511040E0,8.724845946E-2
1.354099554E1,-2.851757288E0,-2.562257767E0,3.624115884E-1
1.355100854E1,-3.279786825E0,-2.106053114E0,5.576598048E-1
1.356102154E1,-3.491516590E0,-1.663622618E0,6.767765880E-1
1.357103454E1,-3.551856279E0,-1.317592978E0,7.719191909E-1
1.358104854E1,-3.643691540E0,-1.142469645E0,9.822356701E-1
1.359106154E1,-3.694427490E0,-9.574566483E-1,1.169942260E0
1.360107454E1,-3.659984827E0,-7.372523546E-1,1.232182741E0
1.361108754E1,-3.588078022E0,-4.449487627E-1,1.222344756E0
1.362110154E1,-3.610892773E0,-1.662553400E-1,1.217226863E0
1.363111454E1,-3.630214453E0,4.911861569E-2,1.202256322E0
1.364112754E1,-3.571919918E0,1.597184688E-2,1.139474988E0
1.365114054E1,-3.332974434E0,-1.766090840E-1,1.088403106E0
1.366115354E1,-2.953124285E0,-3.969832659E-1,1.076800823E0
1.367116754E1,-2.513793230E0,-5.927377939E-1,1.063338161E0
1.368118054E1,-2.077232599E0,-7.011846304E-1,1.076645970E0
1.369119354E1,-1.650437593E0,-7.256730795E-1,1.212797642E0
1.370120654E1,-1.363827348E0,-6.398218274E-1,1.449560165E0
1.371121954E1,-1.172093034E0,-3.830473721E-1,1.672889948E0
1.372123354E1,-1.035189033E0,-1.034642011E-1,1.773176074E0
1.373124654E1,-9.599693418E-1,-3.651768668E-3,1.656204820E0
1.374125954E1,-9.367987514E-1,-6.034513935E-2,1.419296980E0
1.375127254E1,-8.564552069E-1,-1.206075028E-1,1.180929303E0
1.376128654E1,-7.075895667E-1,-1.153991595E-1,1.051864743E0
1.377129954E1,-4.963406920E-1,5.730391294E-2,1.072885633E0
1.378131254E1,-1.616093069E-1,4.217452407E-1,1.231392503E0
1.379132554E1,2.829179764E-1,9.062545896E-1,1.400448322E0
1.380133854E1,7.518359423E-1,1.477698922E0,1.484014273E0
1.381135254E1,1.199408174E0,1.993277550E0,1.472343206E0
1.382136554E1,1.559308767E0,2.321823835E0,1.390252829E0
1.383137854E1,1.750975728E0,2.377477169E0,1.294252872E0
1.384139154E1,2.148347139E0,2.126525402E0,1.118663549E0
1.385140554E1,3.008525848E0,1.193931103E0,1.158678770E0
1.386141854E1,3.993966103E0,4.996708781E-2,1.464824557E0
1.387143154E1,4.583145618E0,-8.255318999E-1,1.683250666E0
1.388144454E1,4.477954865E0,-9.747374058E-1,1.617379785E0
1.389145754E1,3.715080023E0,-5.535243154E-1,1.348995328E0
1.390147154E1,2.705862522E0,-7.528982311E-2,9.778070450E-1
1.391148454E1,2.020457506E0,7.476302236E-2,6.466224194E-1
1.392149754E1,1.845117331E0,-1.617179662E-1,3.214704692E-1
1.393151054E1,1.612756491E0,-3.411532938E-1,-5.003524572E-2
1.394152354E1,1.062886715E0,-2.871446609E-1,-3.903555274E-1
1.395153754E1,4.790338576E-1,-1.078539640E-1,-6.004805565E-1
1.396155054E1,-1.771463901E-1,1.049603000E-1,-7.862091660E-1
1.397156354E1,-8.787222505E-1,2.863359153E-1,-9.682908058E-1
1.398157654E1,-1.518879652E0,3.416292667E-1,-1.062136292E0
1.399159054E1,-2.064578295E0,2.974359393E-1,-1.031283259E0
1.400160354E1,-2.520399094E0,1.794637442E-1,-8.977984190E-1
1.401161654E1,-2.951101303E0,-3.655976430E-2,-6.781232357E-1
1.402162954E1,-3.296094656E0,-2.628909051E-1,-4.613235295E-1
1.403164254E1,-3.478484392E0,-4.459017515E-1,-2.860721350E-1
1.404165654E1,-3.507575274E0,-5.540239215E-1,-1.191761121E-1
1.405166954E1,-3.514523268E0,-6.352970004E-1,5.525542796E-2
1.406168254E1,-3.501416445E0,-7.160581946E-1,2.248108983E-1
1.407169554E1,-3.464727879E0,-8.404144645E-1,3.843011260E-1
1.408170854E1,-3.412433386E0,-1.002470016E0,5.162144303E-1
1.409172254E1,-3.302686930E0,-1.134621501E0,5.852452517E-1
1.410173554E1,-3.226454973E0,-1.237718344E0,6.294763684E-1
1.411174854E1,-3.197095156E0,-1.293122411E0,7.072604895E-1
1.412176154E1,-3.218677521E0,-1.245934010E0,8.428348303E-1
1.413177554E1,-3.276373386E0,-1.130767584E0,9.685477018E-1
1.414178854E1,-3.328683376E0,-8.860408068E-1,1.047786951E0
1.415180154E1,-3.292062283E0,-4.956156909E-1,1.128181219E0
1.416181454E1,-3.248595715E0,-1.291229278E-1,1.154575467E0
1.417182754E1,-3.019242764E0,2.302490622E-1,1.278705359E0
1.418184154E1,-2.702206850E0,5.011830926E-1,1.376223922E0
1.419185454E1,-2.365056515E0,6.778253913E-1,1.490552545E0
1.420186754E1,-2.029638290E0,8.150591254E-1,1.609786987E0
1.421188063E1,-1.764501810E0,9.302217960E-1,1.743416667E0
1.422189363E1,-1.557407260E0,1.012283444E0,1.898230195E0
1.423190762E1,-1.390612125E0,1.042634845E0,2.049338818E0
1.424192062E1,-1.283856153E0,1.036566377E0,2.137661934E0
1.425193362E1,-1.205388784E0,9.982495904E-1,2.155721664E0
1.426194662E1,-1.119153738E0,8.399949670E-1,2.139519453E0
1.427195962E1,-9.241850376E-1,6.613417864E-1,2.173977852E0
1.428197363E1,-6.404004693E-1,4.775058925E-1,2.287212372E0
1.429198663E1,-3.219427168E-1,3.565145433E-1,2.459299564E0
1.430199962E1,-4.943449423E-2,3.702383339E-1,2.633291006E0
1.431201262E1,9.447577596E-2,5.374014378E-1,2.756185532E0
1.432202663E1,1.536719799E-1,9.070215821E-1,2.800997257E0
1.433203963E1,1.135774031E-1,1.359388947E0,2.817158937E0
1.434205263E1,3.097866289E-2,1.735105634E0,2.872309923E0
1.435206563E1,-3.620797396E-2,1.939353228E0,2.949126959E0
1.436207863E1,-2.574840933E-2,1.951894522E0,3.010607958E0
1.437209262E1,1.927514076E-1,1.728806496E0,3.080800772E0
1.438210562E1,6.966885924E-1,1.284118772E0,3.199812174E0
1.439211862E1,1.368382335E0,7.951619029E-1,3.295261145E0
1.440213163E1,1.980444908E0,4.341493845E-1,3.366453171E0
1.441214463E1,2.368906975E0,3.469899893E-1,3.362497091E0
1.442215862E1,2.410303593E0,6.196915507E-1,3.266385555E0
1.443217162E1,2.229887486E0,1.155717731E0,3.162572622E0
1.444218462E1,2.057327986E0,1.549362183E0,3.125660658E0
1.445219762E1,2.035146236E0,1.710953593E0,3.225438118E0
1.446221163E1,2.199738979E0,1.655460238E0,3.389275312E0
1.447222463E1,2.486603498E0,1.426805496E0,3.480166674E0
1.448223763E1,2.667084932E0,1.265864015E0,3.395904779E0
1.449225062E1,2.594239712E0,1.367075205E0,3.173639536E0
1.450226362E1,2.364084959E0,1.806031227E0,2.978397608E0
1.451227763E1,2.411976099E0,2.143756866E0,2.992805243E0
1.452229063E1,2.819828272E0,1.912377357E0,3.272943497E0
1.453230363E1,3.299972057E0,1.233487606E0,3.538532257E0
1.454231663E1,3.667336464E0,4.145112932E-1,3.604861498E0
1.455232963E1,3.845417738E0,-2.459108680E-1,3.465868235E0
1.456234362E1,4.039134979E0,-2.953535318E-1,3.258250952E0
1.457235662E1,4.028466225E0,1.439546347E-1,2.994777441E0
1.458236962E1,3.651242971E0,8.082039952E-1,2.696881533E0
1.459238263E1,3.446773052E0,1.214299440E0,2.490886211E0
1.460239563E1,3.447265387E0,1.159319282E0,2.314681292E0
1.461240962E1,3.212618828E0,9.015285373E-1,2.006540298E0
1.462242262E1,2.733076334E0,8.136695027E-1,1.506222129E0
1.463243562E1,2.202210665E0,9.121285677E-1,9.446093440E-1
1.464244862E1,1.848275065E0,1.245714545E0,4.965042472E-1
1.465246162E1,1.689774990E0,1.637547374E0,1.337943673E-1
1.466247563E1,1.462466359E0,1.832256675E0,-1.961103082E-1
1.467248863E1,1.189613938E0,1.957098722E0,-4.519748688E-1
1.468250162E1,9.019575715E-1,1.926918268E0,-6.688933372E-1
1.469251462E1,6.909220219E-1,1.587914467E0,-8.753953576E-1
1.470252863E1,6.852087379E-1,1.064425707E0,-1.036606312E0
1.471254163E1,8.276481032E-1,5.632276535E-1,-1.179095149E0
1.472255463E1,1.062703013E0,1.784123480E-1,-1.279263616E0
1.473256763E1,1.408249140E0,-1.767098159E-1,-1.336748004E0
1.474258063E1,1.952521801E0,-6.234939694E-1,-1.365439773E0
1.475259462E1,2.653432846E0,-1.045897603E0,-1.349484086E0
1.476260762E1,3.356916904E0,-1.466817975E0,-1.283964992E0
1.477262062E1,3.951479912E0,-1.854118347E0,-1.156765103E0
1.478263363E1,4.367002010E0,-2.211237907E0,-9.440514445E-1
1.479264663E1,4.625474453E0,-2.596246004E0,-6.643425822E-1
1.480266062E1,4.835625172E0,-2.910903454E0,-3.273169100E-1
1.481267362E1,4.993300438E0,-3.054777861E0,-4.657103866E-2
1.482268662E1,5.055414677E0,-2.995280743E0,1.888361573E-1
1.483269962E1,5.034325123E0,-2.788335085E0,4.017994106E-1
1.484271262E1,4.932385445E0,-2.511736631E0,5.981084704E-1
1.485272663E1,4.752222061E0,-2.236522436E0,8.070129752E-1
1.486273963E1,4.566696167E0,-1.984592795E0,1.000993133E0
1.487275262E1,4.437356472E0,-1.773203015E0,1.124610424E0
1.488276562E1,4.289526939E0,-1.656614542E0,1.154512405E0
1.489277862E1,4.074449539E0,-1.682574272E0,1.110602021E0
1.490279263E1,3.839610577E0,-1.800194621E0,1.110454559E0
1.491280563E1,3.672343016E0,-1.937251925E0,1.184626579E0
1.492281863E1,3.633629322E0,-2.082384825E0,1.342561126E0
1.493283163E1,3.636672974E0,-2.128574848E0,1.533662081E0
1.494284562E1,3.604504824E0,-2.039286375E0,1.701598048E0
1.495285862E1,3.608741760E0,-1.797990918E0,1.840458155E0
1.496287162E1,3.699349642E0,-1.523704767E0,1.814371705E0
1.497288463E1,3.825176954E0,-1.245827079E0,1.564985275E0
1.498289763E1,3.798762321E0,-1.115322590E0,1.124346375E0
1.499291162E1,3.561204910E0,-1.216090322E0,6.719608307E-1
1.500292462E1,3.266057730E0,-1.489926338E0,3.911361396E-1
1.501293762E1,3.086513758E0,-1.809041977E0,2.538773715E-1
1.502295062E1,3.099579096E0,-2.125804424E0,1.723939776E-1
1.503296362E1,3.202434063E0,-2.377369642E0,9.564583749E-2
1.504297763E1,3.419193268E0,-2.452606916E0,-3.563300706E-4
1.505299063E1,3.630733252E0,-2.353303194E0,-1.330536902E-1
1.506300363E1,3.731129885E0,-2.239692450E0,-2.762886286E-1
1.507301662E1,3.853267431E0,-2.160902977E0,-3.209282458E-1
1.508302962E1,4.046616554E0,-2.369673252E0,-3.738340735E-1
1.509304363E1,4.396471500E0,-2.854400158E0,-5.658441186E-1
1.510305663E1,4.890149593E0,-3.552865505E0,-9.933984280E-1
1.511306963E1,5.338804245E0,-4.342155933E0,-1.444791436E0
1.512308263E1,5.627843857E0,-5.079871178E0,-1.809911609E0
1.513309563E1,5.578191757E0,-5.677815914E0,-2.065116882E0
1.514310962E1,5.170007229E0,-5.952141762E0,-2.247747898E0
1.515312262E1,4.553376675E0,-5.865714550E0,-2.372956991E0
1.516313562E1,3.889190197E0,-5.513879776E0,-2.486075640E0
1.517314863E1,3.289394617E0,-5.051635742E0,-2.598025322E0
1.518316163E1,2.864521503E0,-4.673558235E0,-2.706413507E0
1.519317562E1,2.564248800E0,-4.379286289E0,-2.877941847E0
1.520318862E1,2.293626547E0,-4.266413689E0,-3.042848587E0
1.521320167E1,2.012347460E0,-4.240303040E0,-3.076562643E0
1.522321467E1,1.580826759E0,-4.265047073E0,-2.907960176E0
1.523322867E1,1.065823913E0,-4.268560886E0,-2.626266241E0
1.524324167E1,6.106199622E-1,-4.100254059E0,-2.345261097E0
1.525325467E1,1.796735227E-1,-3.794907808E0,-2.122487307E0
1.526326767E1,-2.194831967E-1,-3.412195444E0,-1.949939966E0
1.527328067E1,-4.140364826E-1,-3.055202246E0,-1.835312009E0
1.528329467E1,-3.714408278E-1,-2.800903320E0,-1.858968139E0
1.529330767E1,-2.297853678E-1,-2.817538977E0,-1.969933867E0
1.530332067E1,-1.060881913E-1,-3.123866081E0,-2.107753277E0
1.531333367E1,-4.604452848E-1,-3.559107065E0,-2.207488298E0
1.532334667E1,-1.319502234E0,-3.709027290E0,-2.321155787E0
1.533336067E1,-2.444550991E0,-3.354820728E0,-2.404848814E0
1.534337367E1,-3.394663811E0,-2.758995295E0,-2.438165665E0
1.535338667E1,-3.861594439E0,-2.198210716E0,-2.396755457E0
1.536339967E1,-3.959179163E0,-1.914188147E0,-2.232218981E0
1.537341267E1,-3.750659227E0,-2.012548208E0,-2.053154707E0
1.538342667E1,-3.303345203E0,-2.444347858E0,-1.899852633E0
1.539343967E1,-2.766704559E0,-3.150888920E0,-1.855321050E0
1.540345267E1,-2.218068600E0,-3.940146446E0,-1.887340665E0
1.541346567E1,-1.818189025E0,-4.549959660E0,-1.927833200E0
1.542347867E1,-1.615669012E0,-4.901229858E0,-1.911684871E0
1.543349267E1,-1.521649599E0,-5.005360603E0,-1.807252288E0
1.544350567E1,-1.571144223E0,-4.911658764E0,-1.603331327E0
1.545351867E1,-1.727162957E0,-4.578954220E0,-1.381168723E0
1.546353167E1,-1.977583170E0,-4.197737694E0,-1.034596682E0
1.547354467E1,-2.086632252E0,-3.820323706E0,-6.801957488E-1
1.548355867E1,-2.250441313E0,-3.352575064E0,-4.106745720E-1
1.549357167E1,-2.775474787E0,-2.684004068E0,-2.580023706E-1
1.550358467E1,-3.448156118E0,-1.850198150E0,-1.969177127E-1
1.551359767E1,-4.001954079E0,-1.136345148E0,-1.258984208E-1
1.552361067E1,-4.341299534E0,-7.318174243E-1,8.193135727E-4
1.553362467E1,-4.402803421E0,-7.600309849E-1,1.192825139E-1
1.554363767E1,-4.138333321E0,-1.103224874E0,2.072760314E-1
1.555365067E1,-3.701521158E0,-1.528434038E0,2.666468322E-1
1.556366367E1,-3.219450474E0,-1.946058154E0,3.199193776E-1
1.557367667E1,-2.759233713E0,-2.259817362E0,4.275404811E-1
1.558369067E1,-2.379735708E0,-2.420471668E0,5.805382729E-1
1.559370367E1,-2.142348528E0,-2.388215065E0,7.564950585E-1
1.560371667E1,-2.057050467E0,-2.184992313E0,9.070882797E-1
1.561372967E1,-2.069773674E0,-1.865165830E0,1.015537143E0
1.562374367E1,-2.085392475E0,-1.537954926E0,1.121015072E0
1.563375667E1,-1.947642803E0,-1.281534672E0,1.242106318E0
1.564376967E1,-1.648931742E0,-1.168400884E0,1.293834567E0
1.565378267E1,-1.249389529E0,-1.059206486E0,1.293906450E0
1.566379567E1,-8.271296024E-1,-6.770704985E-1,1.263663650E0
1.567380967E1,-3.978509307E-1,8.441431448E-3,1.228131056E0
1.568382267E1,9.378032386E-2,8.058661819E-1,1.212005615E0
1.569383567E1,6.427660584E-1,1.518829465E0,1.243074775E0
1.570384867E1,1.197588086E0,2.090065002E0,1.385622025E0
1.571386167E1,1.608563423E0,2.377511978E0,1.562423348E0
1.572387567E1,1.744147420E0,2.379095078E0,1.509189367E0
1.573388867E1,1.757034540E0,2.187654734E0,1.381585121E0
1.574390167E1,2.058790684E0,1.497660160E0,1.481626272E0
1.575391467E1,3.033432484E0,-3.670949116E-2,2.026564360E0
1.576392767E1,4.000506401E0,-2.053809643E0,2.593492270E0
1.577394167E1,4.415919781E0,-3.312460899E0,2.717216969E0
1.578395467E1,4.223594189E0,-3.528676510E0,2.587677479E0
1.579396767E1,3.555650234E0,-2.945973396E0,2.250261068E0
1.580398067E1,2.699643612E0,-1.969590664E0,1.672419071E0
1.581399367E1,1.787415147E0,-9.198062420E-1,9.272353053E-1
1.582400767E1,8.632726669E-1,-2.007774822E-2,1.852106899E-1
1.583402067E1,-3.874850646E-2,6.264181137E-1,-4.594360292E-1
1.584403367E1,-7.731987834E-1,1.051126242E0,-9.846555591E-1
1.585404667E1,-1.431232095E0,1.463378668E0,-1.420202971E0
1.586405967E1,-2.081022501E0,1.927075505E0,-1.700231194E0
1.587407367E1,-2.573516846E0,2.266107798E0,-1.766097426E0
1.588408667E1,-2.943700075E0,2.104955435E0,-1.716049194E0
1.589409967E1,-3.171920776E0,1.550507665E0,-1.557518721E0
1.590411267E1,-3.271797895E0,6.659813523E-1,-1.387020707E0
1.591412567E1,-3.277814865E0,-2.275627255E-1,-1.240206718E0
1.592413967E1,-3.218306780E0,-9.413508773E-1,-1.093287110E0
1.593415267E1,-3.059470177E0,-1.360105991E0,-8.836287856E-1
1.594416567E1,-2.853277683E0,-1.615919352E0,-6.037132144E-1
1.595417867E1,-2.637122154E0,-1.739973307E0,-3.452978134E-1
1.596419167E1,-2.518500805E0,-1.669690609E0,-1.401105672E-1
1.597420567E1,-2.498872519E0,-1.400451660E0,6.142716482E-2
1.598421867E1,-2.556656361E0,-1.062695622E0,3.343777359E-1
1.599423167E1,-2.654384136E0,-7.142533064E-1,6.749635339E-1
1.600424467E1,-2.754458904E0,-3.874253333E-1,1.028137803E0
1.601425767E1,-2.850106001E0,-1.115458384E-1,1.359938860E0
1.602427167E1,-2.881494284E0,8.736433089E-2,1.618981361E0
1.603428467E1,-2.869935274E0,2.660432756E-1,1.748942375E0
1.604429767E1,-2.805888653E0,4.265242815E-1,1.771484971E0
1.605431067E1,-2.674893856E0,5.784613490E-1,1.717448473E0
1.606432367E1,-2.474158764E0,7.757046223E-1,1.655558467E0
1.607433767E1,-2.257434130E0,1.019925237E0,1.581403255E0
1.608435067E1,-2.135105610E0,1.227312803E0,1.466379166E0
1.609436367E1,-2.127621412E0,1.332551956E0,1.366731167E0
1.610437667E1,-2.109650850E0,1.299772978E0,1.348855734E0
1.611438967E1,-1.992892504E0,1.145427942E0,1.432329893E0
1.612440367E1,-1.747533441E0,1.039405704E0,1.601698875E0
1.613441667E1,-1.433508873E0,9.600681663E-1,1.784362078E0
1.614442967E1,-1.168916941E0,1.022288084E0,1.931565881E0
1.615444267E1,-9.376974106E-1,1.232500434E0,2.030085087E0
1.616445567E1,-7.303098440E-1,1.561702609E0,2.065171003E0
1.617446967E1,-5.593252778E-1,1.966800809E0,1.959876299E0
1.618448267E1,-4.339833558E-1,2.327900410E0,1.764926076E0
1.619449567E1,-2.502258420E-1,2.525942564E0,1.633924484E0
1.620450867E1,5.123440176E-2,2.338846445E0,1.596921921E0
1.621452200E1,5.398615599E-1,1.791918635E0,1.691477537E0
1.622453600E1,1.164744377E0,1.057020187E0,1.923750997E0
1.623454900E1,1.776985645E0,4.656780660E-1,2.196448326E0
1.624456200E1,2.267865658E0,3.676231503E-1,2.449702740E0
1.625457500E1,2.501699686E0,7.336960435E-1,2.582797050E0
1.626458800E1,2.396459341E0,1.470178843E0,2.472679377E0
1.627460200E1,2.024132013E0,2.268509388E0,2.204812765E0
1.628461500E1,1.633169889E0,2.742169142E0,2.004216433E0
1.629462800E1,1.476672769E0,2.805610418E0,1.894048214E0
1.630464100E1,1.599714518E0,2.546312571E0,1.927488923E0
1.631465400E1,1.895183206E0,2.238841772E0,2.113236189E0
1.632466800E1,2.187388659E0,1.989558458E0,2.351263523E0
1.633468100E1,2.513442755E0,1.879807234E0,2.503114223E0
1.634469400E1,2.914335251E0,1.756782889E0,2.462222576E0
1.635470700E1,3.248769522E0,1.576660156E0,2.247956753E0
1.636472000E1,3.305588484E0,1.473649383E0,1.975636244E0
1.637473400E1,3.101298332E0,1.501178503E0,1.821429253E0
1.638474700E1,2.864506483E0,1.531596303E0,1.759106517E0
1.639476000E1,3.150795698E0,1.818701148E0,1.899097562E0
1.640477300E1,3.838986874E0,2.230532169E0,2.145478487E0
1.641478600E1,4.329497337E0,2.473077536E0,2.251384497E0
1.642480000E1,4.371981144E0,2.567723036E0,2.164121389E0
1.643481300E1,4.027243614E0,2.550017595E0,2.051363230E0
1.644482600E1,3.344983816E0,2.294976234E0,1.984558940E0
1.645483900E1,2.561729670E0,2.109778881E0,1.928299665E0
1.646485200E1,2.166359186E0,2.098035574E0,1.787957191E0
1.647486600E1,2.418000221E0,1.999942422E0,1.651973486E0
1.648487900E1,3.332614422E0,1.805481791E0,1.738239884E0
1.649489200E1,4.377792358E0,1.558570027E0,1.963599563E0
1.650490500E1,4.787004948E0,1.466722131E0,2.129358530E0
1.651491800E1,4.656601429E0,1.683138490E0,2.204334974E0
1.652493200E1,4.247587204E0,1.946248055E0,2.188687325E0
1.653494500E1,3.705033541E0,2.015163660E0,2.114787340E0
1.654495800E1,3.242936611E0,1.655911922E0,2.089903116E0
1.655497100E1,3.320241213E0,1.159692049E0,1.975743294E0
1.656498400E1,3.386805534E0,6.995660663E-1,1.681495905E0
1.657499800E1,3.240064859E0,4.531257749E-1,1.366801143E0
1.658501100E1,2.892592669E0,5.167058110E-1,1.160087705E0
1.659502400E1,2.386477470E0,9.100393653E-1,1.003172755E0
1.660503700E1,1.833217621E0,1.390821099E0,7.941798568E-1
1.661505000E1,1.380910993E0,1.767727733E0,5.894306302E-1
1.662506400E1,1.101039171E0,1.925185204E0,4.350067079E-1
1.663507700E1,9.493081570E-1,1.925517917E0,2.355204672E-1
1.664509000E1,7.048342228E-1,1.913924813E0,-1.258816719E-1
1.665510300E1,3.020439744E-1,1.919218302E0,-5.809919238E-1
1.666511600E1,-1.381368637E-1,1.987877488E0,-1.003533721E0
1.667513000E1,-5.714536905E-1,2.152940273E0,-1.395318508E0
1.668514300E1,-9.201450944E-1,2.431848526E0,-1.783944011E0
1.669515600E1,-1.189821243E0,2.715274096E0,-2.189311266E0
1.670516900E1,-1.313974380E0,2.834857225E0,-2.597526550E0
1.671518200E1,-1.241383314E0,2.818726063E0,-3.019106627E0
1.672519600E1,-1.021676779E0,2.644650221E0,-3.367070913E0
1.673520900E1,-7.109996676E-1,2.440616846E0,-3.587332249E0
1.674522200E1,-4.072847664E-1,2.341638803E0,-3.682667732E0
1.675523500E1,-2.836252153E-1,2.416159153E0,-3.698231697E0
1.676524800E1,-3.328513503E-1,2.758241177E0,-3.709666491E0
1.677526200E1,-4.749048948E-1,3.135034084E0,-3.727895498E0
1.678527500E1,-4.934604466E-1,3.357216835E0,-3.732507229E0
1.679528800E1,-3.087699711E-1,3.332498550E0,-3.722591639E0
1.680530100E1,3.511753399E-3,3.219478846E0,-3.697585583E0
1.681531400E1,3.239915073E-1,3.149456263E0,-3.662263155E0
1.682532800E1,5.546276569E-1,3.175901413E0,-3.618268251E0
1.683534100E1,6.707993746E-1,3.241057873E0,-3.605556488E0
1.684535400E1,7.172257304E-1,3.392453432E0,-3.563540936E0
1.685536700E1,6.528286934E-1,3.515329123E0,-3.424396515E0
1.686538000E1,6.140781045E-1,3.534725189E0,-3.245404005E0
1.687539400E1,7.482118607E-1,3.583926916E0,-2.988899708E0
1.688540700E1,9.257629514E-1,3.602795362E0,-2.722552776E0
1.689542000E1,9.265093803E-1,3.635957003E0,-2.482059717E0
1.690543300E1,8.276504278E-1,3.702227354E0,-2.300204515E0
1.691544600E1,7.605610490E-1,3.806158781E0,-2.152955532E0
1.692546000E1,6.820579767E-1,3.873832226E0,-2.056334734E0
1.693547300E1,6.178380251E-1,3.869148731E0,-2.021095753E0
1.694548600E1,7.077205181E-1,3.633454800E0,-2.001240253E0
1.695549900E1,9.244931936E-1,3.120593548E0,-1.964577556E0
1.696551200E1,1.205569029E0,2.468184948E0,-1.903821230E0
1.697552600E1,1.422566414E0,1.888557076E0,-1.788125873E0
1.698553900E1,1.427332401E0,1.576058030E0,-1.642406940E0
1.699555200E1,1.244811535E0,1.509601712E0,-1.515999675E0
1.700556500E1,1.031766653E0,1.651579380E0,-1.414263129E0
1.701557800E1,8.266087770E-1,1.976415634E0,-1.343330741E0
1.702559200E1,6.144919991E-1,2.244942188E0,-1.293174624E0
1.703560500E1,5.198843479E-1,2.259098291E0,-1.240693927E0
1.704561800E1,5.216702819E-1,2.076193333E0,-1.225215673E0
1.705563100E1,5.435289145E-1,1.647100687E0,-1.211908698E0
1.706564400E1,6.086261868E-1,1.155831695E0,-1.130918980E0
1.707565800E1,6.568540931E-1,8.205950260E-1,-1.068549752E0
1.708567100E1,7.411530018E-1,7.180356383E-1,-1.018541217E0
1.709568400E1,8.978887200E-1,7.204694152E-1,-8.969487548E-1
1.710569700E1,9.539716840E-1,8.063598275E-1,-7.184445262E-1
1.711571000E1,7.807388902E-1,1.034341812E0,-5.904982090E-1
1.712572400E1,4.794900715E-1,1.260374427E0,-4.962882996E-1
1.713573700E1,2.194721699E-1,1.365780473E0,-3.675141931E-1
1.714575000E1,6.388656795E-2,1.265414238E0,-2.789763510E-1
1.715576300E1,8.201754838E-2,9.783887863E-1,-2.496814877E-1
1.716577600E1,2.408966720E-1,6.101737022E-1,-2.424139977E-1
1.717579000E1,3.230233192E-1,2.679386735E-1,-2.701256275E-1
1.718580300E1,2.743612528E-1,1.682148315E-2,-2.940125763E-1
1.719581600E1,2.253834605E-1,-1.566545516E-1,-2.644170225E-1
1.720582900E1,2.386923432E-1,-2.087603509E-1,-2.293594331E-1
1.721584150E1,3.291438222E-1,-8.551219106E-2,-1.703728735E-1
1.722585550E1,3.845567703E-1,1.919854581E-1,-7.378347963E-2
1.723586850E1,2.768846452E-1,4.460282326E-1,5.279194564E-3
1.724588150E1,8.543693274E-2,6.292684078E-1,9.248254448E-2
1.725589450E1,-6.370218843E-2,5.538551807E-1,1.331250072E-1
1.726590750E1,-6.066644564E-2,3.849958181E-1,1.106644347E-1
1.727592150E1,2.332885191E-2,8.416514099E-2,4.844287410E-2
1.728593450E1,1.921202689E-1,-2.721676826E-1,1.478291489E-2
1.729594750E1,4.422739148E-1,-5.866361260E-1,2.172361687E-2
1.730596050E1,6.868684292E-1,-7.255625725E-1,5.471059680E-2
1.731597350E1,8.478268385E-1,-7.058418989E-1,1.161301732E-1
1.732598750E1,8.837102652E-1,-5.938732624E-1,1.882690787E-1
1.733600050E1,7.938866615E-1,-5.132305622E-1,2.524365783E-1
1.734601350E1,6.366397738E-1,-5.158455372E-1,2.794652879E-1
1.735602650E1,4.790482521E-1,-4.711675942E-1,2.400813401E-1
1.736603950E1,3.331949115E-1,-4.386538565E-1,1.570884585E-1
1.737605350E1,2.019785494E-1,-4.224872291E-1,1.124621108E-1
1.738606650E1,6.641459465E-2,-3.852139115E-1,1.150586978E-1
1.739607950E1,-1.188803464E-1,-3.666364551E-1,1.478770077E-1
1.740609250E1,-3.189974725E-1,-2.705882192E-1,1.910292804E-1
1.741610550E1,-4.753077328E-1,-1.274879128E-1,1.856058985E-1
1.742611850E1,-5.433403254E-1,4.493712261E-2,1.659275442E-1
1.743613250E1,-5.093449354E-1,5.588917807E-2,1.411163360E-1
1.744614550E1,-3.272015154E-1,-9.751556069E-2,1.326536089E-1
1.745615850E1,-5.028597265E-2,-4.214162230E-1,1.690191180E-1
1.746617150E1,2.101663798E-1,-8.073932528E-1,1.921489388E-1
1.747618450E1,3.837497830E-1,-9.980543256E-1,1.375369728E-1
1.748619850E1,4.401600659E-1,-8.956041336E-1,7.348155230E-2
1.749621150E1,3.182368875E-1,-5.575374961E-1,7.473917305E-2
1.750622450E1,7.601039857E-2,-1.889895499E-1,1.134761870E-1
1.751623750E1,-1.063516364E-1,8.994743228E-2,1.739893705E-1
1.752625050E1,-1.475829631E-1,1.711043268E-1,2.463461310E-1
1.753626450E1,-7.850903273E-2,4.127861932E-2,3.028504848E-1
1.754627750E1,6.622152030E-2,-2.350762784E-1,3.201778233E-1
1.755629050E1,2.466724813E-1,-5.239662528E-1,3.591659665E-1
1.756630350E1,3.834364414E-1,-7.424333692E-1,3.993309438E-1
1.757631650E1,4.433291256E-1,-8.493078947E-1,4.154261351E-1
1.758633050E1,4.088515937E-1,-7.876570821E-1,3.820929229E-1
1.759634350E1,3.150624931E-1,-6.001017690E-1,3.080265224E-1
1.760635650E1,1.864472479E-1,-3.611957133E-1,2.346993089E-1
1.761636950E1,2.684439719E-2,-1.407878101E-1,2.006469965E-1
1.762638250E1,-1.154994369E-1,5.870691687E-2,2.245475352E-1
1.763639650E1,-2.282598764E-1,2.079781741E-1,2.673755586E-1
1.764640950E1,-2.958245575E-1,1.916750968E-1,3.000645339E-1
1.765642250E1,-2.743477225E-1,5.764043331E-2,3.221981525E-1
1.766643550E1,-1.783048064E-1,-7.011619955E-2,3.169224262E-1
1.767644850E1,-4.728123546E-2,-1.444417089E-1,2.899821699E-1
1.768646250E1,8.720679581E-2,-1.817707121E-1,2.731919885E-1
1.769647550E1,1.845642030E-1,-2.265230864E-1,2.672166824E-1
1.770648850E1,1.968392432E-1,-2.542436421E-1,2.580727339E-1
1.771650150E1,1.407200098E-1,-1.013272330E-1,2.516102493E-1
1.772651450E1,1.660817116E-2,1.369955838E-1,2.480477244E-1
1.773652850E1,-1.224095002E-1,3.360126317E-1,2.607257664E-1
1.774654150E1,-2.159788758E-1,4.662784934E-1,2.853536010E-1
1.775655450E1,-2.578617334E-1,5.222447515E-1,3.099060655E-1
1.776656750E1,-2.464231849E-1,4.711187482E-1,3.281167448E-1
1.777658050E1,-1.560747027E-1,3.230028450E-1,3.355343938E-1
1.778659450E1,-2.343010902E-2,1.386745572E-1,3.289992809E-1
1.779660750E1,1.007465571E-1,-5.376673490E-2,3.412910998E-1
1.780662050E1,1.742202491E-1,-1.820850223E-1,3.587161601E-1
1.781663350E1,1.927036494E-1,-2.042565793E-1,3.495541513E-1
1.782664650E1,1.730748266E-1,-1.157149896E-1,3.262525499E-1
1.783665950E1,9.205785394E-2,2.188662440E-2,3.190957010E-1
1.784667350E1,-1.694319397E-2,7.739994675E-2,3.226020336E-1
1.785668650E1,-6.839701533E-2,9.413270652E-2,3.246468008E-1
1.786669950E1,-5.858087167E-2,9.449223429E-2,3.209255636E-1
1.787671250E1,-1.936769299E-2,1.000238881E-1,3.196123838E-1
1.788672550E1,-1.300817821E-4,1.355286241E-1,3.035345972E-1
1.789673950E1,1.074828207E-3,1.770702153E-1,2.801214755E-1
1.790675250E1,1.197567862E-2,1.726301908E-1,2.597501576E-1
1.791676550E1,5.010246858E-2,1.543857008E-1,2.474026531E-1
1.792677850E1,8.509507775E-2,1.324567050E-1,2.274185568E-1
1.793679150E1,1.271440536E-1,1.136067584E-1,2.071793973E-1
1.794680550E1,1.690811217E-1,9.614521265E-2,1.920633018E-1
1.795681850E1,1.741845161E-1,8.760172129E-2,1.628989726E-1
1.796683150E1,1.466620713E-1,1.461132318E-1,1.192625463E-1
1.797684450E1,9.300855547E-2,2.196759731E-1,8.775723726E-2
1.798685750E1,3.382645547E-2,2.582239211E-1,8.880226314E-2
1.799687150E1,4.376467317E-3,2.750043273E-1,1.030560508E-1
1.800688450E1,2.986564068E-3,2.787958682E-1,1.019721478E-1
1.801689750E1,1.712030545E-2,2.354132831E-1,8.279167861E-2
1.802691050E1,5.749835446E-2,1.665226221E-1,6.123632565E-2
1.803692350E1,9.630381316E-2,8.838338405E-2,4.714796692E-2
1.804693750E1,1.238259822E-1,5.763825402E-2,4.560146853E-2
1.805695050E1,1.497050971E-1,6.141483411E-2,6.827263534E-2
1.806696350E1,1.571078748E-1,5.521019921E-2,9.096063673E-2
1.807697650E1,1.525998265E-1,6.142809242E-2,1.133538038E-1
1.808698950E1,1.348663718E-1,9.202568233E-2,1.348295212E-1
1.809700350E1,1.167841405E-1,1.122186109E-1,1.568901986E-1
1.810701650E1,1.166666895E-1,1.084827259E-1,1.694826782E-1
1.811702950E1,1.246785447E-1,7.919411361E-2,1.700784564E-1
1.812704250E1,1.366795599E-1,8.878894895E-2,1.465129405E-1
1.813705550E1,1.237765923E-1,1.012595892E-1,1.111773476E-1
1.814706950E1,-1.929078847E-1,2.394190580E-1,8.117683232E-2
1.815708250E1,-3.452506065E-1,2.649468780E-1,1.153659150E-1
1.816709550E1,-4.043999314E-1,3.295298815E-1,1.115482673E-1
1.817710850E1,-3.257705271E-1,1.496991664E-1,1.293326914E-1
1.818712150E1,-1.115389392E-1,-2.311307564E-2,1.327196956E-1
1.819713450E1,9.323369712E-2,-1.459216326E-1,1.127948016E-1
1.820714850E1,2.402002364E-1,-1.876219511E-1,5.309658498E-2
1.821716217E1,2.447085381E-1,-1.580565870E-1,3.180494532E-2
1.822717517E1,1.560266018E-1,-7.220826298E-2,4.699668288E-2
1.823718817E1,5.835886672E-2,-7.043719292E-3,6.658477336E-2