"Time (s)","X (m/s^2)","Y (m/s^2)","Z (m/s^2)"
3.576625000E-3,6.503974915E-1,8.318800964E0,5.313799896E0
1.359162500E-2,7.990383911E-1,8.412506104E0,5.131628723E0
2.360562500E-2,7.846682739E-1,8.605005798E0,5.205125885E0
3.361962500E-2,5.640270996E-1,8.556656342E0,4.955894165E0
4.363362500E-2,2.052232361E-1,8.335566101E0,4.338877258E0
5.364862500E-2,-9.774673462E-2,8.444240112E0,3.989204407E0
6.366262500E-2,-2.692900085E-1,8.238118744E0,3.075654144E0
7.367662500E-2,-3.359014893E-1,8.153544617E0,2.935994568E0
8.369062500E-2,-5.016069031E-1,8.121361542E0,4.162993011E0
9.370562500E-2,-5.825885010E-1,8.106093292E0,4.926405487E0
1.037196250E-1,-2.724334717E-1,8.350085907E0,6.475983124E0
1.137336250E-1,2.713856506E-1,8.268505554E0,7.315287781E0
1.237476250E-1,9.307644653E-1,7.742349701E0,6.508016510E0
1.337626250E-1,9.370513916E-1,8.405770111E0,5.983207855E0
1.437766250E-1,5.673202515E-1,9.488618317E0,6.918462982E0
1.537906250E-1,6.494993591E-1,9.721384277E0,7.029082947E0
1.638056250E-1,9.568103027E-1,9.430239716E0,6.386618958E0
1.738196250E-1,9.933343506E-1,9.061107330E0,6.174360352E0
1.838336250E-1,7.752378845E-1,8.503067780E0,6.120472412E0
1.938476250E-1,5.263055420E-1,7.879464569E0,5.492677917E0
2.038626250E-1,-6.436614990E-3,7.487429810E0,5.118905182E0
2.138766250E-1,-5.873785400E-1,7.573201447E0,4.966222687E0
2.238906250E-1,-1.192270660E0,9.031618652E0,7.103029175E0
2.339046250E-1,-8.210426331E-1,9.175768890E0,8.467292175E0
2.439196250E-1,6.960525513E-1,8.775351563E0,8.242160339E0
2.539336250E-1,9.864486694E-1,9.028475189E0,9.165440369E0
2.639476250E-1,7.301815796E-1,8.374934235E0,8.866062927E0
2.739616250E-1,6.667135620E-1,9.674082642E0,9.160650330E0
2.839766250E-1,4.683760071E-1,1.056413177E1,1.042731628E1
2.939906250E-1,2.305206299E-1,9.537566528E0,9.979896698E0
3.040046250E-1,-2.360591125E-1,8.409512329E0,7.955805817E0
3.140186250E-1,-6.322851562E-1,8.366551666E0,6.256539459E0
3.240336250E-1,-1.107995911E0,8.829538879E0,5.227878571E0
3.340476250E-1,-1.378633118E0,1.100960541E1,4.405937805E0
3.440616250E-1,-1.278042297E0,1.399903885E1,5.486690369E0
3.540756250E-1,-6.792874146E-1,1.432506088E1,8.549022217E0
3.640906250E-1,6.676116943E-2,1.223256226E1,1.162482605E1
3.741046250E-1,1.076561279E0,1.026969406E1,1.281140854E1
3.841186250E-1,1.771865387E0,9.409732361E0,1.216729797E1
3.941336250E-1,1.743125153E0,1.051727921E1,9.136251068E0
4.041476250E-1,2.490970001E0,1.278970367E1,6.140381012E0
4.141616250E-1,3.270099792E0,1.316647018E1,4.446802826E0
4.241756250E-1,1.921554108E0,1.340073303E1,5.494623871E0
4.341906250E-1,-1.229842529E0,1.337693253E1,8.899593201E0
4.442046250E-1,-2.121089172E0,1.227806763E1,1.103430405E1
4.542186250E-1,2.367177429E0,1.120435043E1,1.065783691E1
4.642326250E-1,4.162094879E0,1.201341797E1,8.491092682E0
4.742476250E-1,4.040847015E0,1.289164169E1,7.999963989E0
4.842616250E-1,3.406915283E0,1.222388031E1,9.161249084E0
4.942756250E-1,3.119962006E0,1.060574524E1,9.822274475E0
5.042896250E-1,3.503165131E0,9.659113770E0,7.852370911E0
5.143046250E-1,3.051254883E0,9.683812408E0,2.910697174E0
5.243186250E-1,1.973945160E0,9.411229248E0,-7.500901794E-1
5.343326250E-1,2.701432343E0,8.140222321E0,-1.674567719E0
5.443466250E-1,2.897075500E0,6.673721924E0,-7.390132141E-1
5.543616250E-1,1.791025543E0,5.751489716E0,-1.089883575E0
5.643756250E-1,3.683839417E-1,4.168681183E0,-2.310146027E0
5.743896250E-1,-3.170556793E0,-1.128802643E0,-3.754043427E0
5.844036250E-1,-4.469705200E0,-2.110311584E0,-4.289779358E0
5.944186250E-1,-4.912933502E0,-1.711241455E0,-3.031945038E0
6.044326250E-1,-6.466702423E0,-4.298461304E0,-1.740131378E0
6.144466250E-1,-6.928492126E0,-6.384972382E0,-7.247927856E-1
6.244606250E-1,-7.454348602E0,-6.707551575E0,-1.580712891E-1
6.344756250E-1,-7.456593933E0,-6.905290375E0,-1.567390594E0
6.444896250E-1,-7.947273560E0,-7.853867798E0,-3.720213776E0
6.545036250E-1,-9.160800018E0,-9.125323792E0,-5.196144562E0
6.645186250E-1,-9.581275635E0,-1.179008240E1,-1.746118927E0
6.745326250E-1,-1.112606323E1,-1.353889572E1,-2.714155884E0
6.845466250E-1,-8.363108826E0,-1.408945084E1,-3.589834900E0
6.945606250E-1,-5.645659790E0,-1.414543442E1,7.595205688E-1
7.045756250E-1,-3.883224792E0,-1.399275192E1,4.304448853E0
7.145896250E-1,-3.272195435E0,-1.426608353E1,2.093696136E0
7.246036250E-1,-6.132746887E-1,-1.373992767E1,-4.692891083E0
7.346176250E-1,3.983216858E0,-1.210562622E1,-1.089733887E1
7.446326250E-1,8.281678162E0,-1.117111954E1,-1.434302353E1
7.546466250E-1,1.272893005E1,-1.027523254E1,-1.507724670E1
7.646606250E-1,1.545685730E1,-1.109298203E1,-1.366238892E1
7.746746250E-1,1.733515137E1,-1.305390427E1,-1.220382202E1
7.846896250E-1,2.207055405E1,-1.385488861E1,-1.231893265E1
7.947036250E-1,2.899605240E1,-1.148771118E1,-1.536689438E1
8.047176250E-1,3.674274307E1,-6.953490143E0,-2.087049957E1
8.147316250E-1,4.158038315E1,-2.162403259E0,-2.471899658E1
8.247466250E-1,4.366524765E1,7.158114624E-1,-2.968117767E1
8.347606250E-1,4.270858704E1,7.776329041E-1,-3.374133453E1
8.447746250E-1,4.190131577E1,-1.781295776E-2,-3.159404984E1
8.547886250E-1,4.513219711E1,-3.065625000E-1,-2.635494461E1
8.648036250E-1,4.990307602E1,2.756368103E0,-2.393193329E1
8.748176250E-1,5.208254379E1,6.278394012E0,-2.421424622E1
8.848316250E-1,5.161566467E1,7.107220459E0,-2.632216278E1
8.948456250E-1,4.817207565E1,6.257736969E0,-2.669383987E1
9.048606250E-1,4.294509521E1,4.020040283E0,-2.232637207E1
9.148746250E-1,3.742307831E1,5.216651917E-1,-1.843102249E1
9.248886250E-1,3.223576538E1,-2.975063324E0,-1.530612076E1
9.349036250E-1,2.760993484E1,-6.400689697E0,-1.181148788E1
9.449176250E-1,2.269385788E1,-1.004575974E1,-9.040450287E0
9.549310833E-1,1.794528259E1,-1.409394150E1,-5.900879059E0
9.649450833E-1,1.281170792E1,-1.820304657E1,-6.288423157E-1
9.749600833E-1,6.058052216E0,-2.207235031E1,4.473297729E0
9.849740833E-1,-1.641785889E0,-2.466436020E1,8.910071411E0
9.949880833E-1,-8.851243744E0,-2.612921402E1,1.200024536E1
1.005002083E0,-1.593451401E1,-2.647050430E1,1.423090668E1
1.015017083E0,-2.258443542E1,-2.582010681E1,1.568573135E1
1.025031083E0,-2.632051620E1,-2.361908386E1,1.716809875E1
1.035045083E0,-2.795017731E1,-2.168555466E1,2.037143738E1
1.045059083E0,-2.783057602E1,-1.906211014E1,2.300341415E1
1.055074083E0,-2.660387695E1,-1.722902206E1,2.115880005E1
1.065088083E0,-2.504486893E1,-1.679417633E1,1.595846420E1
1.075102083E0,-2.377490982E1,-1.719983276E1,9.567653961E0
1.085116083E0,-2.007849655E1,-1.680689987E1,3.300037537E0
1.095131083E0,-1.406145905E1,-1.550056641E1,2.823129272E-1
1.105145083E0,-7.901468811E0,-1.409139679E1,-2.302960968E0
1.115159083E0,-2.171234894E0,-1.262145355E1,-6.609505463E0
1.125173083E0,2.373464355E0,-1.204395447E1,-1.015952316E1
1.135188083E0,7.564369812E0,-1.027074188E1,-1.342288696E1
1.145202083E0,1.351255051E1,-8.795559540E0,-1.667592224E1
1.155216083E0,1.928694260E1,-7.172484741E0,-2.032712952E1
1.165230083E0,2.491853165E1,-5.030738525E0,-2.599404510E1
1.175245083E0,2.927761688E1,-3.189417572E0,-3.132595734E1
1.185259083E0,3.212200195E1,-1.090482330E0,-3.446807327E1
1.195273083E0,3.624188461E1,1.595083008E0,-3.735437119E1
1.205287083E0,3.918715988E1,3.456162872E0,-3.969640091E1
1.215302083E0,3.883928329E1,4.520898743E0,-3.623919022E1
1.225316083E0,3.740346909E1,3.801195374E0,-3.249906784E1
1.235330083E0,3.482987091E1,2.316133575E0,-2.953208771E1
1.245345083E0,3.223576538E1,1.345402222E0,-2.715757553E1
1.255359083E0,2.991708710E1,7.855664063E-1,-2.479503845E1
1.265373083E0,2.754047928E1,2.739303589E-2,-2.180725159E1
1.275387083E0,2.518976761E1,-4.930746460E-1,-1.941881836E1
1.285402083E0,2.267275177E1,-1.033899994E0,-1.737422012E1
1.295416083E0,1.979468674E1,-1.658700714E0,-1.511886017E1
1.305430083E0,1.683743637E1,-2.247426453E0,-1.359293335E1
1.315444083E0,1.338172256E1,-3.515738983E0,-1.224049576E1
1.325459083E0,1.048973648E1,-4.625531158E0,-8.999734955E0
1.335473083E0,8.700207825E0,-5.323379974E0,-5.293741608E0
1.345487083E0,7.102879486E0,-5.882167969E0,-1.728904724E0
1.355501083E0,6.487958221E0,-6.002368011E0,3.125350800E0
1.365516083E0,5.686674500E0,-6.329886932E0,6.247558136E0
1.375530083E0,5.017266541E0,-6.998696136E0,8.174051971E0
1.385544083E0,2.413880310E0,-9.576784973E0,1.164248932E1
1.395558083E0,-3.284918976E0,-1.265932480E1,1.584065918E1
1.405573083E0,-8.707392883E0,-1.423390045E1,1.859672791E1
1.415587083E0,-1.156510025E1,-1.362975677E1,2.052292236E1
1.425601083E0,-1.255364456E1,-1.185280197E1,2.125430145E1
1.435615083E0,-1.287727158E1,-9.499844971E0,1.999526962E1
1.445630083E0,-1.315284851E1,-7.297474823E0,1.702589447E1
1.455644083E0,-1.330283661E1,-5.987997894E0,1.356224716E1
1.465658083E0,-1.359143646E1,-5.725294189E0,1.043749512E1
1.475672083E0,-1.325807968E1,-5.786067810E0,7.736811218E0
1.485687083E0,-1.234333191E1,-6.270909576E0,6.272855530E0
1.495701083E0,-1.079749649E1,-6.345155182E0,4.585115204E0
1.505715083E0,-8.514593811E0,-6.526428223E0,-1.402583313E-1
1.515729083E0,-5.998925171E0,-6.900200958E0,-4.134851532E0
1.525744083E0,-2.317181396E0,-6.489904175E0,-6.185137939E0
1.535758083E0,2.136058044E0,-6.647227020E0,-8.371641083E0
1.545772083E0,4.581822052E0,-7.620353394E0,-9.782906342E0
1.555786083E0,6.903344421E0,-7.576045532E0,-1.153531219E1
1.565801083E0,1.010773087E1,-7.369475098E0,-1.791998520E1
1.575815083E0,1.233255432E1,-7.820187836E0,-2.244013550E1
1.585829083E0,1.421593781E1,-8.374934235E0,-2.244672180E1
1.595844083E0,1.780352737E1,-9.507479095E0,-2.248818558E1
1.605858083E0,2.246408569E1,-9.796228638E0,-2.476749573E1
1.615872083E0,2.715667740E1,-7.163802795E0,-3.064397552E1
1.625886083E0,2.975826736E1,-5.343587952E0,-3.435625580E1
1.635901083E0,3.178370544E1,-5.762866058E0,-3.787229416E1
1.645915083E0,3.202021362E1,-3.761976929E0,-3.782723785E1
1.655929083E0,3.206197678E1,-2.340682526E0,-3.481864426E1
1.665943083E0,3.223202316E1,-1.860930176E0,-3.100682098E1
1.675958083E0,3.012395691E1,-1.889969788E0,-2.792922089E1
1.685972083E0,2.707449829E1,-2.106719055E0,-2.590887222E1
1.695986083E0,2.408925613E1,-1.989512787E0,-2.423669952E1
1.706000083E0,2.081002533E1,-2.300416260E0,-2.177327225E1
1.716015083E0,1.739278152E1,-3.226690063E0,-1.859568008E1
1.726029083E0,1.366089203E1,-4.371210022E0,-1.562750244E1
1.736043083E0,9.724677429E0,-5.399870911E0,-1.281679733E1
1.746057083E0,6.605164490E0,-5.757327576E0,-9.426946564E0
1.756072083E0,5.093907166E0,-5.309758301E0,-6.330785065E0
1.766086083E0,4.786895599E0,-4.766987000E0,-3.744313660E0
1.776100083E0,4.980742493E0,-4.608466644E0,1.245410156E-1
1.786114083E0,5.339246979E0,-4.588408356E0,6.670877838E0
1.796129083E0,5.348677368E0,-3.772305450E0,1.356075027E1
1.806143083E0,4.797673187E0,-3.078498230E0,1.743619125E1
1.816157083E0,2.970273285E0,-3.000959473E0,1.776206360E1
1.826171083E0,1.134341125E0,-2.833607483E0,1.525328064E1
1.836186083E0,-8.637039185E-2,-2.679128723E0,1.239242981E1
1.846200083E0,-1.855391693E0,-3.717519379E0,1.073657318E1
1.856214083E0,-4.100423126E0,-5.345683594E0,1.203153030E1
1.866228083E0,-6.349346466E0,-6.060746613E0,1.750280273E1
1.876243083E0,-7.352709961E0,-5.653742981E0,2.154619446E1
1.886257083E0,-6.992558899E0,-5.521118774E0,2.406620407E1
1.896271083E0,-7.716154175E0,-7.145241394E0,2.626647858E1
1.906285083E0,-1.107636658E1,-1.026969406E1,2.533915695E1
1.916300083E0,-1.505494308E1,-1.459195587E1,2.002595581E1
1.926314083E0,-1.565684143E1,-1.742167145E1,1.038854691E1
1.936328083E0,-1.174098450E1,-1.631412460E1,-1.879940643E0
1.946343083E0,-3.729494476E0,-1.236683304E1,-1.325508591E1
1.956357583E0,4.938829651E0,-6.568939819E0,-2.514920197E1
1.966371583E0,8.894503784E0,-1.112785950E0,-3.560570755E1
1.976385583E0,1.010368927E1,3.505709839E-1,-4.038107712E1
1.986399583E0,1.159892990E1,-1.990859985E0,-4.194771927E1
1.996414583E0,1.505793686E1,-1.533261566E0,-3.543611023E1
2.006428583E0,1.741283981E1,-1.732946320E0,-2.937745926E1
2.016442583E0,1.901885010E1,-7.987390137E-1,-2.728121841E1
2.026457583E0,1.985575974E1,1.019679565E0,-2.506462784E1
2.036471583E0,2.007265869E1,1.881437531E0,-2.448682938E1
2.046485583E0,1.867067413E1,1.789229279E0,-2.307466599E1
2.056499583E0,1.632774628E1,5.502557373E-1,-2.060869400E1
2.066514583E0,1.450393890E1,-5.001100159E-1,-1.850571716E1
2.076528583E0,1.343635895E1,-1.090781708E0,-1.639031616E1
2.086542583E0,1.320853271E1,-1.173110504E0,-1.429078217E1
2.096556583E0,1.412103516E1,-9.557624817E-1,-1.270138733E1
2.106571583E0,1.476349915E1,-6.050418091E-1,-1.134565659E1
2.116585583E0,1.499446884E1,3.891906738E-3,-1.021805145E1
2.126599583E0,1.625439880E1,5.737568665E-1,-9.236093445E0
2.136613583E0,1.794618073E1,6.051914978E-1,-8.244555359E0
2.146628583E0,2.093067444E1,9.598040771E-1,-9.004524994E0
2.156642583E0,2.441063782E1,1.982926483E0,-1.147408951E1
2.166656583E0,2.714275635E1,2.689157867E0,-1.425755127E1
2.176670583E0,2.802367447E1,2.903961182E0,-1.586969879E1
2.186685583E0,2.679981949E1,2.550396423E0,-1.618599106E1
2.196699583E0,2.498858597E1,1.261127472E0,-1.550775146E1
2.206713583E0,2.321148148E1,-2.121089172E-1,-1.406220749E1
2.216727583E0,2.154858948E1,-9.136999512E-1,-1.307695633E1
2.226742583E0,2.005918671E1,-1.585951996E0,-1.283356247E1
2.236756583E0,1.810784454E1,-2.327060852E0,-1.247176483E1
2.246770583E0,1.612821121E1,-2.773731995E0,-1.269345383E1
2.256784583E0,1.492516296E1,-3.024460602E0,-1.307246567E1
2.266799583E0,1.440903625E1,-3.244353333E0,-1.324745178E1
2.276813583E0,1.322380096E1,-3.118016052E0,-1.313219147E1
2.286827583E0,1.140657990E1,-3.610941010E0,-1.224827957E1
2.296841583E0,9.758357391E0,-4.768932953E0,-1.290451492E1
2.306856583E0,4.813390503E0,-6.877298584E0,-1.307276505E1
2.316870583E0,1.073417816E0,-7.957003326E0,-1.332259552E1
2.326884583E0,-2.809657288E-1,-6.962920532E0,-1.163949554E1
2.336898583E0,-1.038690033E0,-6.650520172E0,-9.794132996E0
2.346913583E0,-1.138532410E0,-6.428531799E0,-8.955127716E0
2.356927583E0,-9.810598755E-1,-5.788013763E0,-8.625812531E0
2.366941583E0,-1.444196777E0,-5.408552856E0,-8.043523407E0
2.376955583E0,-2.836301880E0,-6.005960541E0,-7.009473724E0
2.386970583E0,-5.108277283E0,-8.223000183E0,-6.121220856E0
2.396984583E0,-8.091274109E0,-9.586814117E0,-5.924829254E0
2.406998583E0,-1.041878403E1,-9.172176361E0,-5.707481232E0
2.417012583E0,-1.160102554E1,-8.666976929E0,-4.915029144E0
2.427027583E0,-1.202030365E1,-7.730524292E0,-3.450624390E0
2.437041583E0,-1.254795639E1,-7.084617462E0,-2.262395325E0
2.447055583E0,-1.393137955E1,-7.470365295E0,-2.643502808E0
2.457069583E0,-1.572554855E1,-8.075706482E0,-3.890559540E0
2.467084583E0,-1.685150711E1,-8.491392059E0,-4.189338226E0
2.477098583E0,-1.749606674E1,-9.060358887E0,-3.236270142E0
2.487112583E0,-1.835258560E1,-9.419312439E0,4.134402466E-1
2.497126583E0,-2.006203079E1,-1.039872574E1,6.193520508E0
2.507141583E0,-2.150607788E1,-1.188633224E1,1.172466843E1
2.517155583E0,-2.058818665E1,-1.357257568E1,1.454914490E1
2.527169583E0,-1.564905762E1,-1.572285416E1,1.260229340E1
2.537183583E0,-8.412955170E0,-1.646785492E1,5.964197388E0
2.547198583E0,-4.296066284E-1,-1.613674347E1,-2.601440277E0
2.557212583E0,5.780828705E0,-1.376103378E1,-1.164413589E1
2.567226583E0,8.132737885E0,-1.273072632E1,-1.862561783E1
2.577240583E0,6.497837677E0,-1.420920181E1,-2.126208527E1
2.587255583E0,5.493576050E0,-1.609557907E1,-2.287528061E1
2.597269583E0,6.590644684E0,-1.881557281E1,-2.378927994E1
2.607283583E0,8.032895508E0,-2.166295166E1,-2.243774048E1
2.617298583E0,1.167631897E1,-2.254551636E1,-2.394645309E1
2.627312583E0,1.566208054E1,-2.263742523E1,-2.800466400E1
2.637326583E0,2.235226822E1,-1.737736359E1,-3.649470886E1
2.647340583E0,2.739947250E1,-1.186193298E1,-4.610966446E1
2.657354583E0,2.966815475E1,-9.254954224E0,-5.135745163E1
2.667369583E0,3.377860703E1,-6.757846985E0,-5.098712173E1
2.677383583E0,3.735676620E1,-4.067940674E0,-4.741839294E1
2.687397583E0,3.789983688E1,-1.761237488E0,-4.166211319E1
2.697412583E0,3.450624390E1,-2.009870453E0,-3.737203445E1
2.707426583E0,2.998504578E1,-2.651436310E0,-3.383997940E1
2.717440583E0,2.648232971E1,-2.597847748E0,-3.185944794E1
2.727454583E0,2.359588211E1,-1.056203613E0,-3.080893250E1
2.737469583E0,2.058175003E1,-4.360432434E-1,-2.866119873E1
2.747483583E0,1.916808975E1,-5.059478760E-2,-2.405288177E1
2.757497583E0,1.835183716E1,-4.593946838E-1,-2.017759048E1
2.767511583E0,1.538156387E1,-3.480562134E0,-1.773122772E1
2.777526583E0,1.121393051E1,-7.868686981E0,-1.423075699E1
2.787540583E0,7.553292847E0,-1.123548569E1,-9.823771362E0
2.797554583E0,4.263583832E0,-1.391236908E1,-4.814288635E0
2.807568583E0,1.307530975E0,-1.471320374E1,1.152453461E0
2.817583583E0,-3.519181824E-1,-1.328577209E1,5.313949585E0
2.827597583E0,-7.021897888E-1,-1.185444855E1,7.167844391E0
2.837611583E0,-1.586101685E0,-1.170505920E1,1.243344452E1
2.847625583E0,-6.202801208E0,-1.269270538E1,1.968212082E1
2.857640583E0,-1.280197815E1,-1.369681732E1,2.377281418E1
2.867654583E0,-1.741673172E1,-1.351898712E1,2.497795807E1
2.877668583E0,-2.014450928E1,-1.241308685E1,2.372671005E1
2.887682583E0,-2.051199509E1,-1.082009949E1,2.083442459E1
2.897697583E0,-1.888083710E1,-9.447004852E0,2.040347076E1
2.907711583E0,-1.577225143E1,-8.679700470E0,1.982896545E1
2.917725583E0,-1.297711395E1,-8.463400269E0,1.540656189E1
2.927739583E0,-1.230680786E1,-9.693093109E0,1.017374359E1
2.937754583E0,-1.201701050E1,-1.116752701E1,5.862558746E0
2.947768583E0,-1.059227325E1,-1.328936462E1,2.427651672E0
2.957782500E0,-8.377329254E0,-1.606070160E1,3.842509460E-1
2.967796500E0,-4.749174042E0,-1.666933594E1,-5.870791626E0
2.977811500E0,-9.795629883E-1,-1.685075867E1,-1.470033051E1
2.987825500E0,1.639690247E0,-1.654599243E1,-2.162732574E1
2.997839500E0,4.876259766E0,-1.407807449E1,-3.138747940E1
3.007853500E0,9.282946014E0,-9.810449066E0,-4.042119370E1
3.017868500E0,1.318143906E1,-7.586374054E0,-4.492038757E1
3.027882500E0,1.764096542E1,-6.215225372E0,-4.527664673E1
3.037896500E0,2.267589523E1,-5.637875977E0,-4.401117828E1
3.047910500E0,2.552611816E1,-5.564827881E0,-4.116439819E1
3.057925500E0,2.740980103E1,-4.249662781E0,-4.020100159E1
3.067939500E0,2.765379364E1,-1.979932709E0,-3.987991928E1
3.077953500E0,2.576412323E1,-7.623646545E-1,-3.780837708E1
3.087967500E0,2.567131622E1,1.311273193E-1,-3.389027481E1
3.097982500E0,2.398058212E1,3.782633972E-1,-2.709605347E1
3.107996500E0,2.081436630E1,-7.918533325E-1,-2.194122299E1
3.118010500E0,1.692799805E1,-2.689008179E0,-1.683055069E1
3.128024500E0,1.240620117E1,-4.187242584E0,-1.219184692E1
3.138039500E0,8.601712646E0,-4.720733185E0,-8.847501526E0
3.148053500E0,6.102360077E0,-3.715573425E0,-6.712191925E0
3.158067500E0,4.900359650E0,-1.736987915E0,-6.459217987E0
3.168081500E0,3.822750549E0,-1.679507446E-1,-6.093827820E0
3.178096500E0,3.134631500E0,9.066645813E-1,-5.544919281E0
3.188110500E0,2.492167511E0,1.591191101E-1,-4.459376678E0
3.198124500E0,4.281097412E-1,-2.654280396E0,-5.819897461E-1
3.208138500E0,-2.269580383E0,-6.437363434E0,4.750371552E0
3.218153500E0,-4.916675720E0,-8.509205017E0,1.277727951E1
3.228167500E0,-7.653883667E0,-7.572003937E0,2.191338089E1
3.238181500E0,-8.984017639E0,-5.052742767E0,2.585228989E1
3.248195500E0,-9.408385162E0,-3.662284241E0,2.224434265E1
3.258210500E0,-1.047192352E1,-3.281625824E0,1.716959564E1
3.268224500E0,-1.121422989E1,-3.651656342E0,1.215592163E1
3.278238500E0,-1.074555450E1,-3.917054443E0,5.949078827E0
3.288252500E0,-9.230554962E0,-3.895349579E0,2.147135010E0
3.298267500E0,-5.871839447E0,-2.323767700E0,7.954458618E-1
3.308281500E0,-2.756517792E0,-1.817969513E0,-8.449928284E-1
3.318295500E0,-2.524200897E0,-4.033811646E0,-2.252066803E0
3.328309500E0,-3.776646423E0,-6.611152039E0,-2.799478455E0
3.338324500E0,-2.866239624E0,-7.861501923E0,-5.847889252E0
3.348338500E0,-8.152047729E-1,-9.012608185E0,-9.408983917E0
3.358352500E0,7.557783508E-1,-8.945397949E0,-1.317679871E1
3.368366500E0,4.333638153E0,-7.111561432E0,-2.186413330E1
3.378381500E0,8.320746918E0,-5.795797577E0,-2.863365601E1
3.388395500E0,1.043809387E1,-5.361999664E0,-2.974464569E1
3.398409500E0,1.225785965E1,-4.474944305E0,-3.042498093E1
3.408423500E0,1.341839630E1,-4.560566254E0,-3.047692291E1
3.418438500E0,1.538829987E1,-5.057383118E0,-3.141098053E1
3.428452500E0,1.709999039E1,-3.738924866E0,-3.373819107E1
3.438466500E0,1.844988327E1,-2.931952972E0,-3.146157532E1
3.448480500E0,2.117571487E1,-1.155447235E0,-2.856464951E1
3.458495500E0,2.275103897E1,6.976991272E-1,-2.490715530E1
3.468509500E0,2.185949295E1,2.035317535E0,-2.116463791E1
3.478523500E0,1.991084518E1,2.615061951E0,-1.969574249E1
3.488537500E0,1.676408890E1,1.854792938E0,-1.816053497E1
3.498552500E0,1.386895935E1,9.943821716E-1,-1.575279190E1
3.508566500E0,1.201671112E1,7.135661316E-1,-1.322484879E1
3.518580500E0,1.029738647E1,4.337979126E-1,-1.187181244E1
3.528594500E0,7.878117371E0,-1.760339355E0,-9.299860840E0
3.538609500E0,4.306095428E0,-4.066593475E0,-5.520969086E0
3.548623500E0,1.523082733E0,-4.372407532E0,-1.977238312E0
3.558637500E0,3.650907898E-1,-3.272943878E0,8.035290527E-1
3.568651500E0,-3.674858093E-1,-1.150208130E0,2.356100464E0
3.578666500E0,-7.388635254E-1,1.274000702E0,2.123783569E0
3.588680500E0,-5.468128967E-1,3.248993683E0,1.095721436E0
3.598694500E0,-2.429447937E-1,3.348237305E0,1.296304321E-1
3.608708500E0,-1.469045105E0,1.402433624E0,1.193617859E0
3.618723500E0,-3.351979523E0,-1.531465302E0,5.807173920E0
3.628737500E0,-3.838767242E0,-2.617606659E0,1.399574570E1
3.638751500E0,-3.722010040E0,-2.208058319E0,2.385170013E1
3.648765500E0,-3.825744324E0,-2.360740814E0,3.032034851E1
3.658780500E0,-4.706512756E0,-4.159699860E0,2.992082932E1
3.668794500E0,-5.521418152E0,-6.130651245E0,2.236708740E1
3.678808500E0,-5.718258820E0,-7.055727539E0,1.387210281E1
3.688822500E0,-4.980143738E0,-6.471941528E0,6.360423431E0
3.698837500E0,-2.951113129E0,-5.366939392E0,-2.029329987E0
3.708851500E0,-1.621727600E0,-5.995482330E0,-8.815917206E0
3.718865500E0,-6.631210327E-1,-5.871540070E0,-1.256142838E1
3.728879500E0,1.462309113E0,-5.749094696E0,-1.740760071E1
3.738894500E0,2.281106415E0,-7.511829071E0,-2.163466049E1
3.748908500E0,4.164040833E0,-9.192084961E0,-2.402638687E1
3.758922500E0,6.688241730E0,-8.158035278E0,-2.822470642E1
3.768936500E0,9.354646912E0,-7.484585724E0,-3.011587372E1
3.778951500E0,1.150791916E1,-7.430099030E0,-3.370346329E1
3.788965500E0,1.180714691E1,-6.901997223E0,-3.296010910E1
3.798979500E0,1.601878876E1,-6.777456207E0,-3.552547440E1
3.808993500E0,1.839015747E1,-3.510948944E0,-3.603501480E1
3.819008500E0,1.935100937E1,-4.590354309E0,-3.079426300E1
3.829022500E0,1.990635452E1,-6.232589264E0,-2.563389404E1
3.839036500E0,1.969379654E1,-7.173532562E0,-2.199825439E1
3.849050500E0,1.877051651E1,-7.436685333E0,-1.996533188E1
3.859065500E0,1.736224503E1,-6.655310211E0,-1.847293533E1
3.869079500E0,1.611563736E1,-4.941823425E0,-1.697065933E1
3.879093500E0,1.537348068E1,-2.995121613E0,-1.507769577E1
3.889107500E0,1.417402496E1,-1.810784454E0,-1.326855789E1
3.899122500E0,1.289718018E1,-9.970765686E-1,-1.156060959E1
3.909136500E0,1.204739731E1,-9.340576172E-1,-8.902736664E0
3.919150500E0,1.090467361E1,-1.380728760E0,-5.550607452E0
3.929164500E0,9.397308197E0,-7.399113464E-1,-3.065924377E0
3.939179500E0,8.335416412E0,4.568499756E-1,-1.572180634E0
3.949193500E0,7.715555420E0,1.707349548E0,-1.095272369E0
3.959207583E0,6.828050995E0,1.639690247E0,-2.680924988E-1
3.969221583E0,4.760700073E0,1.266067200E0,1.411414948E0
3.979236583E0,3.718567200E0,1.281335449E0,2.772983551E0
3.989250583E0,3.291205902E0,1.567390594E0,4.175267487E0
3.999264583E0,2.210902405E0,2.310894470E0,5.446723480E0
4.009278583E0,2.223476257E0,2.874921570E0,6.946604462E0
4.019293583E0,3.159030762E0,3.178939362E0,9.965526581E0
4.029307583E0,2.500400391E0,2.926264801E0,1.420950119E1
4.039321583E0,8.532257080E-3,1.525328064E0,1.615126328E1
4.049335583E0,-3.219055939E0,-5.587879944E-1,1.578347809E1
4.059350583E0,-6.354136505E0,-2.562521210E0,1.431787582E1
4.069364583E0,-9.319919128E0,-4.342469788E0,1.059002792E1
4.079378583E0,-1.210427902E1,-6.335275726E0,6.413862305E0
4.089392583E0,-1.259870087E1,-7.958799591E0,2.085912323E0
4.099406583E0,-1.265603165E1,-8.952882385E0,-3.410058746E0
4.109421583E0,-1.138248001E1,-1.025502457E1,-9.861492920E0
4.119435583E0,-7.771239624E0,-8.737031250E0,-1.500898865E1
4.129449583E0,-3.641327820E0,-7.337292023E0,-2.002550674E1
4.139463583E0,-1.182540894E-2,-6.730753326E0,-2.411934357E1
4.149478583E0,3.835623779E0,-5.949827271E0,-2.529919006E1
4.159492583E0,8.046517181E0,-5.879623260E0,-2.509651154E1
4.169506583E0,1.224378891E1,-5.686524811E0,-2.411440384E1
4.179520583E0,1.653192169E1,-4.943020935E0,-2.308768890E1
4.189535583E0,2.035676788E1,-3.715423737E0,-2.175216614E1
4.199549583E0,2.336072113E1,-2.324216766E0,-2.010993118E1
4.209563583E0,2.508723083E1,-1.748813324E0,-1.834510117E1
4.219577583E0,2.620525589E1,-2.096540222E0,-1.698772385E1
4.229592583E0,2.600691833E1,-2.388133850E0,-1.556598038E1
4.239606583E0,2.507600418E1,-2.633922729E0,-1.454719894E1
4.249620583E0,2.416350174E1,-2.564766541E0,-1.502066437E1
4.259634583E0,2.304353073E1,-2.515518951E0,-1.675765228E1
4.269649583E0,2.178584610E1,-2.529739380E0,-1.859837448E1
4.279663583E0,2.138512939E1,-2.209106140E0,-2.090732300E1
4.289677583E0,2.070898544E1,-2.373015289E0,-2.330668350E1
4.299691583E0,1.965562592E1,-3.261268158E0,-2.408686111E1
4.309706583E0,1.931628159E1,-4.174968109E0,-2.337359436E1
4.319720583E0,1.835857315E1,-5.339845734E0,-2.200873260E1
4.329734583E0,1.736523880E1,-6.169570312E0,-2.009077103E1
4.339748583E0,1.698547852E1,-6.984625397E0,-1.805245972E1
4.349763583E0,1.620934250E1,-7.905061340E0,-1.585428085E1
4.359777583E0,1.631726807E1,-8.135432281E0,-1.355715775E1
4.369791583E0,1.750819153E1,-7.800129547E0,-1.255633896E1
4.379805583E0,1.750864059E1,-7.028334503E0,-1.224259140E1
4.389820583E0,1.734024078E1,-6.414011993E0,-1.183304306E1
4.399834583E0,1.690300003E1,-7.307054901E0,-1.088132217E1
4.409848583E0,1.532827469E1,-9.008267212E0,-9.239685974E0
4.419862583E0,1.412372955E1,-1.020233414E1,-7.778574371E0
4.429877583E0,1.370175705E1,-1.079884369E1,-7.341483307E0
4.439891583E0,1.307441162E1,-1.132200577E1,-7.035669250E0
4.449905583E0,1.156809402E1,-1.132619705E1,-7.542814636E0
4.459919583E0,1.037417679E1,-1.125569366E1,-8.519832916E0
4.469934583E0,9.081165619E0,-1.132679581E1,-9.273216248E0
4.479948583E0,7.639663239E0,-1.155132889E1,-9.789792023E0
4.489962583E0,5.446573792E0,-1.084210373E1,-8.389903107E0
4.499976583E0,5.966592407E0,-9.862540741E0,-9.107061768E0
4.509990583E0,5.929170227E0,-8.455466766E0,-1.014889526E1
4.520005583E0,5.530998230E0,-7.597600708E0,-1.084973785E1
4.530019583E0,3.902983704E0,-7.433541870E0,-1.165132095E1
4.540033583E0,1.287772064E0,-7.888146515E0,-1.214738937E1
4.550047583E0,-2.600093079E0,-9.847422180E0,-1.076097244E1
4.560062583E0,-6.179000702E0,-1.085647385E1,-8.439150696E0
4.570076583E0,-8.494984589E0,-1.024439667E1,-6.433621216E0
4.580090583E0,-9.434281311E0,-8.747808838E0,-5.150339813E0
4.590104583E0,-8.645870819E0,-5.866600342E0,-4.656965790E0
4.600119583E0,-7.030280457E0,-2.736758881E0,-5.393733673E0
4.610133583E0,-6.358178101E0,-5.486091614E-1,-6.923552399E0
4.620147583E0,-6.586154022E0,-3.844006348E-1,-8.759334869E0
4.630161583E0,-7.625891876E0,-1.368454285E0,-1.034079620E1
4.640176583E0,-9.283395081E0,-1.879192200E0,-1.002764740E1
4.650190583E0,-1.014979340E1,-2.668949890E0,-8.121511230E0
4.660204583E0,-1.207389221E1,-3.146157532E0,-7.309000854E0
4.670218583E0,-1.357856323E1,-2.242037659E0,-8.273445282E0
4.680233583E0,-1.377884674E1,-2.252515869E0,-8.967701569E0
4.690247583E0,-1.415830765E1,-2.930755463E0,-8.723858643E0
4.700261583E0,-1.419572983E1,-2.469863892E0,-8.322243805E0
4.710275583E0,-1.234677475E1,-5.598358154E-1,-8.561895447E0
4.720290583E0,-9.852960663E0,4.532574463E-1,-8.631800079E0
4.730304583E0,-8.592132568E0,5.804928589E-1,-6.846462708E0
4.740318583E0,-8.623866577E0,-3.305126953E-1,-4.948559418E0
4.750332583E0,-9.419162750E0,-1.544039154E0,-4.856949921E0
4.760347583E0,-1.042252625E1,-3.585793304E0,-5.444777527E0
4.770361583E0,-1.129625931E1,-5.293142853E0,-3.911965027E0
4.780375583E0,-1.157902130E1,-5.855373688E0,3.921844482E-1
4.790389583E0,-9.541458435E0,-6.142177277E0,4.479734344E0
4.800403583E0,-6.178252258E0,-6.561605072E0,6.778504028E0
4.810418583E0,-1.019529877E0,-5.135820007E0,5.826184387E0
4.820432583E0,3.164868622E0,-2.321522369E0,-2.046244812E-1
4.830446583E0,4.425547028E0,-2.835104370E0,-6.259233856E0
4.840460583E0,4.029919739E0,-4.178410950E0,-7.902516632E0
4.850475583E0,4.520299988E0,-5.957461395E0,-6.721472626E0
4.860489583E0,4.821623383E0,-1.034438873E1,-4.913831635E0
4.870503583E0,3.154240723E0,-1.514984573E1,-7.844437408E0
4.880517583E0,1.658251648E0,-1.980127304E1,-1.708502151E1
4.890532583E0,2.321522369E0,-2.303619598E1,-2.265898041E1
4.900546583E0,5.918692017E0,-2.283172119E1,-2.719814117E1
4.910560583E0,8.907676392E0,-2.351340363E1,-3.165512283E1
4.920574583E0,1.361927856E1,-1.886182663E1,-3.960524048E1
4.930589583E0,1.706750793E1,-1.085946762E1,-5.004677719E1
4.940603583E0,1.549847076E1,-8.666078796E0,-5.454806671E1
4.950617583E0,1.249526596E1,-9.476044464E0,-5.336477737E1
4.960631333E0,1.187315964E1,-1.050036438E1,-4.558949615E1
4.970646333E0,1.362287109E1,-1.089778793E1,-3.694167938E1
4.980660333E0,1.227881607E1,-1.143157791E1,-3.096131561E1
4.990674333E0,9.889185333E0,-1.260154495E1,-3.127042282E1
5.000688333E0,1.062101349E1,-1.018167709E1,-3.586736343E1
5.010703333E0,1.141960281E1,-7.006180573E0,-3.727653305E1
5.020717333E0,1.132080826E1,-4.763244781E0,-3.627945648E1
5.030731333E0,1.126078308E1,-3.153492279E0,-3.458408203E1
5.040745333E0,1.300405792E1,-1.239871674E0,-3.160407898E1
5.050760333E0,1.534743484E1,2.278262329E-1,-2.785347839E1
5.060774333E0,1.578527435E1,-1.187630310E0,-2.399046158E1
5.070788333E0,1.378034363E1,-5.461991730E0,-1.841874802E1
5.080802333E0,1.070648575E1,-9.426347809E0,-1.127156067E1
5.090816333E0,8.467292175E0,-1.161659317E1,-5.266198883E0
5.100831333E0,6.920708313E0,-1.177331726E1,-2.423460388E-1
5.110845333E0,5.824986877E0,-1.053868469E1,3.134631500E0
5.120859333E0,5.397924957E0,-8.614136810E0,3.647465057E0
5.130873333E0,4.655618591E0,-8.207432556E0,3.249592438E0
5.140888333E0,2.943029938E0,-9.944869537E0,5.563181305E0
5.150902333E0,3.353027344E-1,-1.247610580E1,1.210353058E1
5.160916333E0,-3.115471344E0,-1.373962830E1,2.181653229E1
5.170930333E0,-6.028862915E0,-1.204874451E1,3.403008408E1
5.180945333E0,-9.132957916E0,-8.749754791E0,4.308026413E1
5.190959333E0,-1.209529770E1,-7.696694641E0,4.232149200E1
5.200973333E0,-1.381701736E1,-8.378975830E0,3.545152817E1
5.210987333E0,-1.406699753E1,-9.321565704E0,2.737267822E1
5.221002333E0,-1.274494675E1,-1.078207855E1,1.790366913E1
5.231016333E0,-1.015084122E1,-1.182660645E1,1.043016037E1
5.241030333E0,-5.713169403E0,-1.256008118E1,7.507787476E0
5.251044333E0,-1.565294952E0,-1.432416275E1,5.626200256E0
5.261059333E0,2.367476807E0,-1.709909225E1,4.128863983E0
5.271073333E0,6.742578735E0,-1.854433685E1,5.528004456E-1
5.281087333E0,7.271279297E0,-2.088082809E1,-5.358107758E0
5.291101333E0,1.850451965E0,-2.462379456E1,-1.434661606E1
5.301115333E0,-4.450694733E0,-2.608131363E1,-3.250864792E1
5.311130333E0,1.854194183E0,-2.311568069E1,-4.904970062E1
5.321144333E0,9.792486420E0,-1.501437744E1,-5.951773224E1
5.331158333E0,1.184082687E1,-6.719376984E0,-5.835270493E1
5.341172333E0,1.359038864E1,-6.345304871E0,-5.417609024E1
5.351187333E0,1.551837936E1,-8.348738708E0,-5.016024124E1
5.361201333E0,1.650198395E1,-1.070349197E1,-4.287294525E1
5.371215333E0,1.552885757E1,-1.231055008E1,-3.658916245E1
5.381229333E0,1.428000458E1,-1.171448959E1,-3.239892609E1
5.391244333E0,1.569201828E1,-8.170459442E0,-2.928659821E1
5.401258333E0,1.845063171E1,-2.975063324E0,-2.755499908E1
5.411272333E0,1.759800476E1,-8.463400269E-1,-2.737013351E1
5.421286333E0,1.643776749E1,2.909948730E-1,-2.519874893E1
5.431301333E0,1.561492859E1,6.803352356E-1,-2.275343399E1
5.441315333E0,1.442161011E1,-9.125024414E-1,-1.981803818E1
5.451329333E0,1.231773514E1,-3.910168762E0,-1.515388733E1
5.461343333E0,9.965526581E0,-6.072721710E0,-8.274642792E0
5.471357333E0,7.792794800E0,-6.247408447E0,-6.021977234E-1
5.481372333E0,6.165678406E0,-5.267995148E0,3.988455963E0
5.491386333E0,5.357209625E0,-4.359983368E0,5.446424103E0
5.501400333E0,5.273833008E0,-3.639980621E0,8.936716003E0
5.511414333E0,3.835174713E0,-4.530029755E0,1.665182236E1
5.521429333E0,7.771838379E-1,-5.348976746E0,2.514560944E1
5.531443333E0,-3.388802948E0,-4.657863922E0,3.070190506E1
5.541457333E0,-7.012168121E0,-5.317841492E0,3.071253296E1
5.551471333E0,-1.013871643E1,-6.283932495E0,2.578507965E1
5.561486333E0,-1.147289200E1,-6.142476654E0,2.150607788E1
5.571500333E0,-1.054317535E1,-6.597530365E0,1.696332458E1
5.581514333E0,-8.331075439E0,-7.013215942E0,1.318967194E1
5.591528333E0,-6.358477478E0,-8.757688293E0,1.148322052E1
5.601543333E0,-5.122348022E0,-1.114058304E1,1.107936035E1
5.611557333E0,-4.179159393E0,-1.245964005E1,4.709207153E0
5.621571333E0,-6.535409546E0,-1.551418808E1,-5.480104065E0
5.631585333E0,-7.578889618E0,-1.720671844E1,-1.618120102E1
5.641599333E0,-4.960085449E0,-1.514879791E1,-2.613310593E1
5.651614333E0,-1.778451691E0,-1.258313324E1,-3.294094894E1
5.661628333E0,1.767374725E0,-9.827962646E0,-3.889421906E1
5.671642333E0,5.263654175E0,-8.226443024E0,-4.269975540E1
5.681656333E0,8.673413544E0,-7.519014130E0,-4.519461731E1
5.691671333E0,1.109417953E1,-8.383616180E0,-4.692262390E1
5.701685333E0,1.245829285E1,-1.011027557E1,-4.523129105E1
5.711699333E0,1.283835251E1,-1.276275970E1,-4.156571365E1
5.721713333E0,1.156659714E1,-1.606399475E1,-3.507970139E1
5.731728333E0,1.229767685E1,-1.605037308E1,-2.915547089E1
5.741742333E0,1.539234146E1,-1.254630981E1,-2.530308197E1
5.751756333E0,1.765039581E1,-8.034392395E0,-2.495745071E1
5.761770333E0,1.907677963E1,-4.301305389E0,-2.568359070E1
5.771784333E0,2.087693619E1,-9.828561401E-1,-2.461346603E1
5.781799333E0,2.271586212E1,1.585353241E0,-2.289174637E1
5.791813333E0,2.369572449E1,2.000589752E0,-1.976998810E1
5.801827333E0,2.211561035E1,-1.244212646E0,-1.473865082E1
5.811841333E0,1.686033875E1,-6.469546509E0,-7.864645386E0
5.821856333E0,1.178409485E1,-8.193661194E0,-6.454577637E-1
5.831870333E0,8.802594910E0,-7.575596466E0,5.379812622E0
5.841884333E0,6.881789246E0,-6.173013153E0,1.042087967E1
5.851898333E0,4.674778748E0,-3.602408752E0,1.320538925E1
5.861913333E0,1.766626282E0,-5.435197449E-1,1.364876724E1
5.871927333E0,-7.707472229E-1,4.070036316E-1,1.168979095E1
5.881941333E0,-3.686683502E0,-8.611592102E-1,1.117037109E1
5.891955333E0,-6.374494171E0,-2.955903168E0,1.641291916E1
5.901970333E0,-7.463629303E0,-2.561623077E0,2.049702621E1
5.911984333E0,-6.735842743E0,-2.036365356E0,2.063129700E1
5.921998333E0,-7.010820923E0,-2.991080017E0,2.096719849E1
5.932012333E0,-8.603059845E0,-4.139940948E0,2.051903046E1
5.942026333E0,-8.554710388E0,-6.658902740E0,1.765847900E1
5.952041333E0,-7.383845215E0,-1.011940659E1,1.465063385E1
5.962055208E0,-5.104834442E0,-1.201192108E1,8.949439545E0
5.972069208E0,-6.393205261E-1,-1.062026505E1,9.041198730E-1
5.982083208E0,1.380279694E0,-9.191785583E0,-8.550818481E0
5.992098208E0,-5.245092773E-1,-1.019499939E1,-1.671319473E1
6.002112208E0,-9.828561401E-1,-1.100810852E1,-2.459700027E1
6.012126208E0,1.418899384E0,-1.048928741E1,-3.072570557E1
6.022140208E0,5.485642548E0,-8.556955719E0,-3.373819107E1
6.032155208E0,8.263116760E0,-7.142696686E0,-3.387141403E1
6.042169208E0,1.000504440E1,-7.665709076E0,-3.232138733E1
6.052183208E0,1.154204819E1,-8.422984314E0,-3.219085876E1
6.062197208E0,1.344249619E1,-7.986042938E0,-3.407334412E1
6.072211208E0,1.512888931E1,-7.818840637E0,-3.490336807E1
6.082226208E0,1.581551147E1,-8.285719757E0,-3.432497086E1
6.092240208E0,1.562840057E1,-9.286239166E0,-3.172113556E1
6.102254208E0,1.695613953E1,-9.304650879E0,-2.811468521E1
6.112268208E0,1.802027664E1,-8.290809174E0,-2.572116257E1
6.122283208E0,1.761342270E1,-7.191195831E0,-2.408416672E1
6.132297208E0,1.686213501E1,-5.659730530E0,-2.300625824E1
6.142311208E0,1.595502136E1,-4.085903320E0,-2.157403656E1
6.152325208E0,1.480750763E1,-2.843786316E0,-1.998119888E1
6.162340208E0,1.323323135E1,-2.770289154E0,-1.806129135E1
6.172354208E0,1.181358353E1,-3.784430237E0,-1.529384628E1
6.182368208E0,1.074600357E1,-4.679718475E0,-1.182705551E1
6.192382208E0,8.525820465E0,-6.167025604E0,-7.616012421E0
6.202396208E0,6.522386627E0,-7.110812988E0,-2.574047241E0
6.212411208E0,5.319937134E0,-5.320086823E0,3.689826965E0
6.222425208E0,4.710105286E0,-1.869911499E0,6.363866272E0
6.232439208E0,4.212090912E0,1.201701050E0,5.655838623E0
6.242453208E0,3.327879639E0,3.210523682E0,3.714525604E0
6.252468208E0,2.618355103E0,4.194876709E0,1.562600555E0
6.262482208E0,2.310744781E0,3.787573700E0,7.902067566E-1
6.272496208E0,1.785037994E0,1.347647552E0,2.389780426E0
6.282510208E0,9.111552429E-1,-9.452842712E-1,6.774612122E0
6.292524208E0,-5.270539856E-1,-1.805245972E0,1.102652023E1
6.302539208E0,-2.547552338E0,-1.257235565E0,1.474418930E1
6.312553208E0,-5.289101257E0,-3.917353821E-1,2.446557358E1
6.322567208E0,-5.468428345E0,-2.825224915E0,2.538840454E1
6.332581208E0,-6.515351257E0,-4.207749939E0,2.064117645E1
6.342596208E0,-7.286098480E0,-4.484823761E0,1.563828003E1
6.352610208E0,-5.948031006E0,-3.956721954E0,8.797056427E0
6.362624208E0,-2.727478180E0,-2.912194061E0,5.388793945E-1
6.372638208E0,-2.933898926E-2,-1.556762695E0,-6.336024170E0
6.382653208E0,1.173409882E0,1.686243439E0,-1.420770493E1
6.392667208E0,-1.076112213E0,7.912545776E-1,-2.180231186E1
6.402681208E0,-3.167862396E0,-2.534679108E0,-2.341161530E1
6.412695208E0,-1.596879272E0,-3.517385559E0,-1.950069809E1
6.422709208E0,2.365081787E-2,-4.951104126E0,-1.442595108E1
6.432724208E0,6.493496704E-1,-7.058871002E0,-1.088626190E1
6.442738208E0,1.774110718E0,-9.052425385E0,-1.146136597E1
6.452752208E0,5.873785400E0,-7.736511841E0,-1.603510483E1
6.462766208E0,1.164458496E1,-2.947221222E0,-2.455224335E1
6.472781208E0,1.507994110E1,-2.349963226E0,-3.154734695E1
6.482795208E0,1.859148880E1,-2.535277863E0,-3.272000839E1
6.492809208E0,2.202325241E1,-1.536405029E0,-3.033471863E1
6.502823208E0,2.332793930E1,-9.705816650E-1,-2.772504547E1
6.512837208E0,2.247441422E1,-1.145867157E0,-2.633563477E1
6.522852208E0,2.132809799E1,-7.815248108E-1,-2.571667191E1
6.532866208E0,2.106584335E1,-6.842271423E-1,-2.385035294E1
6.542880208E0,1.962389191E1,-1.291364594E0,-2.001143600E1
6.552894208E0,1.799902084E1,-1.477427673E0,-1.503248978E1
6.562909208E0,1.662577652E1,-9.232800293E-1,-1.090646988E1
6.572923208E0,1.504206985E1,4.041595459E-3,-8.472680969E0
6.582937208E0,1.351539459E1,1.365011444E0,-7.224576416E0
6.592951208E0,1.231653763E1,3.347788239E0,-8.106392670E0
6.602965208E0,1.186612427E1,5.701493683E0,-9.735005951E0
6.612980208E0,1.141136993E1,7.324119415E0,-1.078791641E1
6.622994208E0,1.034843033E1,5.960604858E0,-1.012763947E1
6.633008208E0,6.598278809E0,2.355352020E0,-5.548362122E0
6.643022208E0,4.514013062E0,4.992118835E-1,6.339317322E-1
6.653037208E0,4.272864532E0,9.180409241E-1,5.389692078E0
6.663051208E0,3.817361755E0,2.083068237E0,8.295150146E0
6.673065208E0,3.247796173E0,3.260669403E0,9.311536560E0
6.683079208E0,2.314786377E0,3.506757660E0,9.823471985E0
6.693093208E0,1.036444702E0,2.685116272E0,1.223765167E1
6.703108208E0,-2.764750671E-1,1.196012878E0,1.590382782E1
6.713122208E0,-1.293160858E0,1.654060364E-1,1.894580200E1
6.723136208E0,-1.998045044E0,-5.204676819E-1,1.999122803E1
6.733150208E0,-2.821183319E0,-1.515298920E0,1.831426529E1
6.743165208E0,-4.556075592E0,-1.987417145E0,1.408076889E1
6.753179208E0,-6.242468719E0,-1.882185974E0,7.601791992E0
6.763193208E0,-7.528444519E0,-2.643652496E0,2.231110382E0
6.773207208E0,-8.503516846E0,-4.678371277E0,-6.936575317E-1
6.783222208E0,-8.631351013E0,-7.284601593E0,-2.211650848E0
6.793236208E0,-8.740324402E0,-1.226519440E1,-3.211272125E0
6.803250208E0,-6.249354401E0,-1.436787186E1,-4.424349518E0
6.813264208E0,-1.061742096E0,-1.267818558E1,-9.361382904E0
6.823278208E0,4.257596283E0,-1.105062012E1,-1.742496460E1
6.833293208E0,1.054811508E1,-9.150920563E0,-2.781620590E1
6.843307208E0,1.555954376E1,-6.955735474E0,-3.708448242E1
6.853321208E0,2.120909546E1,-5.148992615E0,-4.428735397E1
6.863335208E0,2.732492752E1,-1.706152039E0,-5.131658661E1
6.873349208E0,3.059098572E1,-2.020797729E-1,-4.860901703E1
6.883364208E0,3.163192108E1,-1.309925995E0,-3.922772552E1
6.893378208E0,3.033980804E1,-3.748205566E0,-2.971261230E1
6.903392208E0,2.786919571E1,-6.048472137E0,-2.254656418E1
6.913406208E0,2.455284210E1,-7.691156158E0,-1.648791321E1
6.923421208E0,2.072365494E1,-7.931855621E0,-1.326062439E1
6.933435208E0,1.779739014E1,-6.876699829E0,-1.250439697E1
6.943449208E0,1.543170959E1,-5.036875763E0,-1.284883072E1
6.953462708E0,1.467653000E1,-2.793191528E0,-1.341450439E1
6.963476708E0,1.507500137E1,-2.616558838E-1,-1.409693527E1
6.973491708E0,1.443927338E1,1.873354340E0,-1.460318253E1
6.983505708E0,1.314985474E1,2.919229431E0,-1.406250687E1
6.993519708E0,1.157288406E1,3.131488037E0,-1.228180984E1
7.003533708E0,1.035127441E1,2.523153076E0,-9.206455078E0
7.013548708E0,9.955048370E0,1.849254456E0,-5.232518921E0
7.023562708E0,8.794960785E0,7.960446167E-1,1.996847534E-1
7.033576708E0,7.039860535E0,1.407073975E-2,5.696254578E0
7.043590708E0,5.643863525E0,6.010002136E-1,9.587412872E0
7.053604708E0,4.491410065E0,1.439257050E0,1.207089844E1
7.063619708E0,2.823428650E0,1.994751892E0,1.466919525E1
7.073633708E0,1.247505798E0,2.186503143E0,1.658536057E1
7.083647708E0,-5.291496277E-1,1.891616364E0,1.640303970E1
7.093661708E0,-2.777773590E0,1.116977234E0,1.666035461E1
7.103676708E0,-4.280348969E0,-4.535568237E-1,1.557466232E1
7.113690708E0,-6.014642487E0,3.547622681E-2,1.485331238E1
7.123704708E0,-6.260581055E0,8.164022827E-1,1.421713531E1
7.133718708E0,-5.856571198E0,3.203338623E-1,1.181193695E1
7.143732708E0,-5.913003845E0,-5.345384216E-1,9.475445709E0
7.153747708E0,-5.855523376E0,-1.859133911E0,5.619314575E0
7.163761708E0,-5.087171173E0,-2.687810669E0,2.561772766E0
7.173775708E0,-5.230423279E0,-4.180506592E0,3.632945251E-1
7.183789708E0,-5.648054810E0,-5.911956024E0,-1.630708923E0
7.193804708E0,-4.944368134E0,-5.433850250E0,-6.552324371E0
7.203818708E0,-3.667972412E0,-4.537514191E0,-1.293594955E1
7.213832708E0,-2.295626221E0,-5.114713898E0,-1.604483459E1
7.223846708E0,-7.351213074E-1,-5.952821045E0,-1.827250214E1
7.233860708E0,6.044430542E-1,-6.949897614E0,-2.017489609E1
7.243875708E0,2.671045532E0,-6.575675812E0,-2.205618393E1
7.253889708E0,5.057083740E0,-6.194718018E0,-2.545202225E1
7.263903708E0,7.362140350E0,-6.409371643E0,-2.881522842E1
7.273917708E0,1.065110092E1,-6.618636475E0,-3.106969025E1
7.283932708E0,1.373154510E1,-6.288423157E0,-3.217813522E1
7.293946708E0,1.672546921E1,-5.672603760E0,-3.294813400E1
7.303960708E0,1.878204254E1,-4.950355682E0,-3.308465012E1
7.313974708E0,2.005050476E1,-3.462749176E0,-3.209236359E1
7.323988708E0,2.109847549E1,-1.631756744E0,-3.083138580E1
7.334003708E0,2.095701965E1,-1.080902252E0,-2.911909653E1
7.344017708E0,2.020184006E1,-2.064057770E0,-2.529933975E1
7.354031708E0,2.000949005E1,-2.783611450E0,-2.039164536E1
7.364045708E0,1.912198563E1,-2.626887360E0,-1.616443588E1
7.374059708E0,1.793031372E1,-2.276615753E0,-1.168500092E1
7.384074708E0,1.672561890E1,-1.098415833E0,-7.522157593E0
7.394088708E0,1.539488617E1,6.551875305E-1,-5.194947052E0
7.404102708E0,1.353305786E1,2.466720428E0,-3.514242096E0
7.414116708E0,1.137664215E1,4.081562347E0,-2.939138031E0
7.424131708E0,9.481732635E0,4.470154266E0,-2.853965149E0
7.434145708E0,6.985523529E0,3.417543182E0,-1.952539673E0
7.444159708E0,4.934788055E0,2.386337585E0,1.330732727E-1
7.454173708E0,5.097499695E0,1.114731903E0,4.072730713E0
7.464187708E0,4.862937469E0,2.002835083E-1,1.074720108E1
7.474202708E0,4.375850372E0,3.808081055E-1,1.673774368E1
7.484216708E0,3.684887238E0,1.610051880E0,1.910671738E1
7.494230708E0,1.162033539E0,1.986219635E0,1.875015884E1
7.504244708E0,-1.517244873E0,1.438658295E0,1.702140381E1
7.514259708E0,-3.941154327E0,5.523513794E-1,1.380055161E1
7.524273708E0,-5.807024231E0,-4.505630493E-2,1.055095917E1
7.534287708E0,-6.990762634E0,-4.887336731E-1,8.159532166E0
7.544301708E0,-7.647447052E0,-2.132615204E0,6.942263489E0
7.554315708E0,-7.710316315E0,-5.076243896E0,6.279142456E0
7.564330708E0,-9.313781891E0,-8.484805756E0,4.001329193E0
7.574344708E0,-1.188962540E1,-1.152812714E1,-6.420149231E-1
7.584358708E0,-1.177541290E1,-1.225366837E1,-5.898034973E0
7.594372708E0,-9.254505157E0,-1.060589493E1,-1.089808731E1
7.604386708E0,-5.870641937E0,-8.948242035E0,-1.561926956E1
7.614401708E0,-2.108215942E0,-7.480544128E0,-1.977777191E1
7.624415708E0,8.846603394E-1,-6.743925934E0,-2.350232666E1
7.634429708E0,3.390150146E0,-6.307433624E0,-2.803430237E1
7.644443708E0,6.287674713E0,-7.330556030E0,-3.114618118E1
7.654458708E0,7.765551453E0,-9.850266266E0,-3.080219650E1
7.664472708E0,9.820029144E0,-1.162557449E1,-2.819357117E1
7.674486708E0,1.203886505E1,-1.263372803E1,-2.514516037E1
7.684500708E0,1.366014359E1,-1.314775909E1,-2.251497986E1
7.694514708E0,1.613943787E1,-1.191492279E1,-2.120191040E1
7.704529708E0,1.816113373E1,-8.506211243E0,-2.261587006E1
7.714543708E0,1.858370499E1,-5.911656647E0,-2.495340912E1
7.724557708E0,1.892544434E1,-4.496349792E0,-2.656705353E1
7.734571708E0,1.860301483E1,-3.029849396E0,-2.784180267E1
7.744585708E0,1.775577667E1,-2.374661865E0,-2.720263184E1
7.754600708E0,1.675376038E1,-3.388054504E0,-2.568508759E1
7.764614708E0,1.468176910E1,-4.744833069E0,-2.240974869E1
7.774628708E0,1.293370422E1,-5.765859833E0,-1.804662186E1
7.784642708E0,1.156450150E1,-5.911956024E0,-1.364562378E1
7.794656708E0,1.021939865E1,-5.420977020E0,-9.540260925E0
7.804671708E0,8.829838257E0,-4.427942047E0,-6.426136780E0
7.814685708E0,7.482939148E0,-3.294648743E0,-4.928650818E0
7.824699708E0,6.209237823E0,-2.641407166E0,-2.990780640E0
7.834713708E0,5.241799622E0,-1.970352631E0,-1.279838562E-1
7.844728708E0,5.387746124E0,-1.234782257E0,2.920876007E0
7.854742708E0,4.617897034E0,-2.667453003E-1,4.344415741E0
7.864756708E0,3.819158020E0,7.292834473E-1,5.449268188E0
7.874770708E0,3.180735626E0,1.406924286E0,6.258635101E0
7.884784708E0,1.772613831E0,1.729204102E0,6.506369934E0
7.894799708E0,2.722837830E-1,2.338437195E0,6.648574219E0
7.904813708E0,1.318757629E-1,2.910098419E0,6.059249725E0
7.914827708E0,-5.930667114E-1,3.966152344E0,6.056106262E0
7.924841708E0,-1.778002625E0,4.501289520E0,7.066804504E0
7.934855708E0,-1.614243164E0,3.897445221E0,9.526938629E0
7.944870708E0,-1.573827209E0,2.624192963E0,1.161928757E1
7.954885875E0,-2.217638397E0,2.636018372E-1,1.344593903E1
7.964899875E0,-3.264411621E0,-2.763553162E0,1.583497101E1
7.974913875E0,-5.006788330E0,-5.391039276E0,1.744891479E1
7.984928875E0,-6.158942413E0,-7.456294556E0,1.452444626E1
7.994942875E0,-6.959477692E0,-9.928703156E0,9.519903259E0
8.004956875E0,-9.169631653E0,-1.079046112E1,3.175047455E0
8.014970875E0,-1.204979233E1,-1.244033020E1,-6.615343323E0
8.024984875E0,-1.553963516E1,-1.510434036E1,-1.605606125E1
8.034999875E0,-1.385428986E1,-1.594678848E1,-2.361489258E1
8.045013875E0,-7.185507660E0,-1.470347397E1,-2.899410645E1
8.055027875E0,-3.004252625E-1,-1.268716690E1,-3.076013397E1
8.065041875E0,7.095993805E0,-1.132963989E1,-3.209969833E1
8.075055875E0,1.352437592E1,-9.505832520E0,-3.291565155E1
8.085070875E0,1.803569458E1,-8.319399719E0,-3.134302185E1
8.095084875E0,1.975561798E1,-7.775879974E0,-3.080204681E1
8.105098875E0,1.897559006E1,-7.389832764E0,-3.033651489E1
8.115112875E0,1.667547318E1,-6.272705841E0,-2.883483765E1
8.125126875E0,1.411085632E1,-5.223986664E0,-2.728211655E1
8.135141875E0,1.086410797E1,-5.685626678E0,-2.619896896E1
8.145155875E0,8.609496460E0,-7.022646332E0,-2.400827454E1
8.155169875E0,7.859256592E0,-7.778724060E0,-2.177087723E1
8.165183875E0,7.918533325E0,-7.691455536E0,-2.081436630E1
8.175197875E0,8.957073669E0,-7.286996613E0,-1.987252487E1
8.185212875E0,1.100032471E1,-6.047274628E0,-1.762524811E1
8.195226875E0,1.420276520E1,-3.255280609E0,-1.609542938E1
8.205240875E0,1.642833710E1,-7.581733704E-1,-1.582404373E1
8.215254875E0,1.723994934E1,1.336570587E0,-1.611354172E1
8.225269875E0,1.782059189E1,2.576591949E0,-1.689057587E1
8.235283875E0,1.857726837E1,2.929258575E0,-1.682396439E1
8.245297875E0,1.892694122E1,3.067421265E0,-1.493504242E1
8.255311875E0,1.846170868E1,2.697690125E0,-1.301124298E1
8.265325875E0,1.638866959E1,1.638941803E0,-1.240425522E1
8.275340875E0,1.339908646E1,4.218228149E-1,-1.172212372E1
8.285354875E0,1.141122025E1,-4.364923096E-1,-1.048000671E1
8.295368875E0,1.017389328E1,-9.366023254E-1,-9.414372711E0
8.305382875E0,9.249415741E0,-1.036145325E0,-9.210346985E0
8.315396875E0,9.544302521E0,-6.484515381E-1,-1.041519150E1
8.325411875E0,1.055649765E1,4.954696655E-1,-1.086530548E1
8.335425875E0,1.275063492E1,8.431965637E-1,-9.907147980E0
8.345439875E0,1.399320099E1,4.760101318E-1,-9.104067993E0
8.355453875E0,1.456920319E1,3.323089600E-2,-8.106392670E0
8.365467875E0,1.429706909E1,-7.436535645E-1,-8.104147339E0
8.375482875E0,1.266890488E1,-1.851350098E0,-8.458909607E0
8.385496875E0,1.076276871E1,-2.651286621E0,-8.486751709E0
8.395510875E0,9.029523010E0,-2.746788025E0,-7.277715912E0
8.405524875E0,8.826545105E0,-2.929258575E0,-6.472390594E0
8.415538875E0,7.720794525E0,-3.201392670E0,-6.521189117E0
8.425553875E0,7.857759705E0,-3.451522522E0,-6.647975464E0
8.435567875E0,8.119265900E0,-2.797981567E0,-6.552324371E0
8.445581875E0,8.371491394E0,-1.732796631E0,-5.811664581E0
8.455595875E0,8.088729401E0,-1.006506958E0,-5.082979889E0
8.465609875E0,7.090605011E0,-6.001020813E-1,-4.822820892E0
8.475624875E0,5.419629822E0,-4.923262024E-1,-4.854255524E0
8.485638875E0,3.767665100E0,-1.643582153E-1,-6.135740662E0
8.495652875E0,2.653531952E0,-4.577481079E-1,-7.783065033E0
8.505666875E0,-3.676354980E-1,-1.026265869E0,-7.455546112E0
8.515681875E0,-1.716630249E0,-4.270619202E-1,-6.858138428E0
8.525695875E0,-1.077908478E0,6.679110718E-1,-6.946604462E0
8.535709875E0,-1.901046753E0,9.903405762E-1,-5.222789154E0
8.545723875E0,-1.539997559E0,1.101259918E0,-3.460803223E0
8.555737875E0,-1.217118988E0,1.761087799E0,-3.365900574E0
8.565752875E0,-2.028731232E0,1.794618073E0,-4.042942657E0
8.575766875E0,-3.859424286E0,7.523355103E-1,-4.654570770E0
8.585780875E0,-5.725294189E0,-1.060843964E0,-5.303321686E0
8.595794875E0,-7.942333832E0,-3.203338623E0,-6.083948364E0
8.605808875E0,-9.162745972E0,-3.968397675E0,-6.898704071E0
8.615823875E0,-8.292156372E0,-3.898792419E0,-7.604785767E0
8.625837875E0,-6.114035797E0,-3.647315369E0,-7.773035889E0
8.635851875E0,-3.546574860E0,-2.386487274E0,-6.440656586E0
8.645865875E0,-8.427474976E-1,-1.573228455E0,-5.154531097E0
8.655879875E0,6.611750793E-1,-1.776655426E0,-4.570745087E0
8.665894875E0,6.355783081E-1,-2.222877502E0,-3.988006897E0
8.675908875E0,-4.408332825E-1,-2.734962616E0,-3.299139404E0
8.685922875E0,-1.492695923E0,-3.535198517E0,-2.247276764E0
8.695936875E0,-2.471211090E0,-5.043611755E0,-1.008752289E0
8.705950875E0,-2.528841248E0,-5.878575439E0,7.761360168E-1
8.715965875E0,-1.207838287E0,-5.364843750E0,1.467099152E0
8.725979875E0,1.088536377E0,-3.532055054E0,7.348219299E-1
8.735993875E0,2.824326782E0,-2.442321167E0,-1.869612122E-1
8.746007875E0,2.994672546E0,-1.410816193E0,5.284011841E-2
8.756021875E0,2.644251251E0,-7.424560547E-1,1.895059204E-1
8.766036875E0,2.552042999E0,-5.478607178E-2,-1.880389709E0
8.776050875E0,1.604214020E0,1.433568878E0,-5.109025726E0
8.786064875E0,1.059945831E0,1.741179199E0,-5.806874542E0
8.796078875E0,9.201365662E-1,1.265169067E0,-3.833378448E0
8.806092875E0,1.688937836E0,8.411009216E-1,-2.207160187E0
8.816107875E0,4.104614410E0,3.149450684E-1,-8.735833740E-1
8.826121875E0,5.928421783E0,1.932481384E-1,1.166075134E-1
8.836135875E0,6.129154358E0,-7.858657837E-1,-1.314566345E0
8.846149875E0,5.245691528E0,-2.026934967E0,-4.070036316E0
8.856163875E0,3.444936218E0,-2.254910889E0,-6.685397644E0
8.866178875E0,3.653153229E0,-2.896327057E0,-7.108268280E0
8.876192875E0,7.997718658E0,-3.363206177E0,-4.955744476E0
8.886206875E0,1.367151993E1,-2.038910065E0,-4.121828613E0
8.896220875E0,1.681258804E1,-7.538323975E-1,-3.619173889E0
8.906234875E0,1.596609833E1,-3.141666870E0,-2.478545837E0
8.916249875E0,1.377809830E1,-7.313042450E0,-1.774260406E0
8.926263875E0,1.360520782E1,-9.509425049E0,-2.093845825E0
8.936277875E0,1.536330185E1,-1.012539413E1,-2.507884827E0
8.946291875E0,1.669253769E1,-1.084988754E1,-1.459165649E0
8.956305125E0,1.700194427E1,-1.318443283E1,1.256636810E0
8.966320125E0,1.745699799E1,-1.521660690E1,3.040477295E0
8.976334125E0,1.981294876E1,-1.502261032E1,1.183289337E0
8.986348125E0,2.195110245E1,-1.468775665E1,-2.600242767E0
8.996362125E0,2.172342590E1,-1.754112305E1,-5.387446747E0
9.006376125E0,2.287692719E1,-2.081032471E1,-6.277196503E0
9.016391125E0,3.023712158E1,-2.007924500E1,-7.586224365E0
9.026405125E0,3.890484695E1,-1.685135742E1,-9.405241699E0
9.036419125E0,4.321827713E1,-1.424243271E1,-1.090961334E1
9.046433125E0,4.239349228E1,-1.336705307E1,-1.256606873E1
9.056447125E0,3.907698898E1,-1.350012634E1,-1.571986038E1
9.066462125E0,3.747412216E1,-1.536524780E1,-1.825543762E1
9.076476125E0,3.905663132E1,-1.685135742E1,-1.775263321E1
9.086490125E0,4.160672836E1,-1.647503998E1,-1.647893188E1
9.096504125E0,4.368111465E1,-1.664194290E1,-1.619257736E1
9.106518125E0,4.972120422E1,-1.413525558E1,-1.668460419E1
9.116533125E0,5.745352478E1,-6.379583588E0,-1.947076035E1
9.126547125E0,5.857888458E1,-2.923271027E0,-2.341790222E1
9.136561125E0,5.384198502E1,-2.199376373E0,-2.649310730E1
9.146575125E0,4.775264786E1,-2.191143494E0,-2.469310043E1
9.156589125E0,4.248674835E1,-4.238436127E0,-2.274310547E1
9.166604125E0,3.748115753E1,-6.368506622E0,-2.233520370E1
9.176618125E0,3.323284195E1,-7.510631561E0,-1.746059052E1
9.186632125E0,2.913945419E1,-8.934021606E0,-1.267534149E1
9.196646125E0,2.424687836E1,-1.169098846E1,-1.032373169E1
9.206660125E0,1.966565506E1,-1.475077560E1,-6.905440063E0
9.216675125E0,1.587853043E1,-1.758857437E1,-5.159021759E0
9.226689125E0,1.224259140E1,-2.153391998E1,-1.381327515E0
9.236703125E0,8.195457458E0,-2.423879517E1,7.903863831E0
9.246717125E0,4.617597656E0,-2.548225937E1,1.351404739E1
9.256731125E0,1.457369385E0,-2.644371002E1,1.789693314E1
9.266746125E0,-1.684147797E0,-2.673829742E1,2.345712067E1
9.276760125E0,-5.508095856E0,-2.642305298E1,2.668934921E1
9.286774125E0,-7.789501648E0,-2.413057022E1,2.934946747E1
9.296788125E0,-7.878267059E0,-2.017145325E1,3.120051819E1
9.306802125E0,-8.305328979E0,-1.579889603E1,3.101505386E1
9.316816125E0,-1.116692825E1,-1.322050781E1,3.024655197E1
9.326831125E0,-1.625230316E1,-1.289523422E1,2.628863251E1
9.336845125E0,-2.205139389E1,-1.386776184E1,1.790965668E1
9.346859125E0,-2.596530487E1,-1.490959534E1,1.110076584E1
9.356873125E0,-2.446871704E1,-1.507395355E1,9.019793243E0
9.366887125E0,-1.829046478E1,-1.473386078E1,7.898175659E0
9.376902125E0,-1.194800400E1,-1.547077835E1,6.273603973E0
9.386916125E0,-6.275549927E0,-1.588990677E1,1.590742035E0
9.396930125E0,-2.803969116E0,-1.755489441E1,-7.263345795E0
9.406944125E0,1.223854980E0,-1.809901291E1,-1.724054810E1
9.416958125E0,8.726852417E0,-1.527438675E1,-2.665447174E1
9.426973125E0,1.817490509E1,-1.093161758E1,-3.630669983E1
9.436987125E0,2.588237732E1,-5.848787384E0,-4.231565414E1
9.447001125E0,2.941832428E1,-2.148482208E0,-4.323085098E1
9.457015125E0,3.088257935E1,-1.712438965E0,-4.297862549E1
9.467029125E0,3.296759354E1,-2.393522644E0,-4.345328842E1
9.477044125E0,3.304243790E1,-1.070573730E0,-3.978262161E1
9.487058125E0,3.282239548E1,-1.117276611E0,-3.809368378E1
9.497072125E0,3.082330261E1,-1.669478302E0,-3.620685745E1
9.507086125E0,2.851061188E1,-1.965861969E0,-3.349434814E1
9.517100125E0,2.646676208E1,-2.393672333E0,-2.977203873E1
9.527115125E0,2.487152939E1,-3.264860687E0,-2.455538681E1
9.537129125E0,2.276391220E1,-4.940326538E0,-1.733844452E1
9.547143125E0,1.958691879E1,-6.365812225E0,-9.694140930E0
9.557157125E0,1.666858749E1,-7.104675751E0,-3.238964539E0
9.567171125E0,1.387464752E1,-7.200177155E0,3.386557617E0
9.577185125E0,1.077055252E1,-6.524781647E0,6.671626282E0
9.587200125E0,8.017926636E0,-5.687123566E0,6.737788696E0
9.597214125E0,5.835764465E0,-5.377417603E0,6.962920532E0
9.607228125E0,3.989653473E0,-5.388943634E0,8.042325897E0
9.617242125E0,2.418520660E0,-5.924679565E0,1.016865417E1
9.627256125E0,1.631607056E-1,-7.209607544E0,1.217523148E1
9.637271125E0,-2.403402100E0,-9.249266052E0,1.405083115E1
9.647285125E0,-4.513414307E0,-1.108504852E1,1.895852554E1
9.657299125E0,-5.367388458E0,-1.135733231E1,2.460912506E1
9.667313125E0,-6.308930511E0,-1.177167068E1,2.466286331E1
9.677327125E0,-9.108558655E0,-1.216220856E1,2.286689804E1
9.687342125E0,-1.281170792E1,-1.238689133E1,2.008687912E1
9.697356125E0,-1.488384888E1,-1.141241776E1,1.557496170E1
9.707370125E0,-1.458896210E1,-9.598639526E0,1.199470688E1
9.717384125E0,-1.441472443E1,-8.789122925E0,7.704328766E0
9.727398125E0,-1.512514709E1,-1.000115250E1,3.564836884E0
9.737413125E0,-1.452025497E1,-1.235291199E1,1.620530090E0
9.747427125E0,-1.155911270E1,-1.585353241E1,5.938151550E-1
9.757441125E0,-5.390290833E0,-1.772254578E1,-4.253854065E0
9.767455125E0,3.532803497E0,-1.712513809E1,-1.112606323E1
9.777469125E0,1.159848083E1,-1.467503311E1,-1.798539917E1
9.787483125E0,1.760668671E1,-1.108085724E1,-2.494817001E1
9.797498125E0,2.041739182E1,-8.165819092E0,-3.168371338E1
9.807512125E0,2.162597855E1,-7.758067017E0,-3.669229797E1
9.817526125E0,2.252396118E1,-8.415948944E0,-3.730377640E1
9.827540125E0,2.591351257E1,-8.922944641E0,-3.899540863E1
9.837554125E0,2.866733597E1,-7.436835022E0,-4.208902542E1
9.847569125E0,3.099035522E1,-6.512058105E0,-4.170552292E1
9.857583125E0,3.301848770E1,-5.074747009E0,-4.360252808E1
9.867597125E0,3.357024033E1,-3.404071198E0,-4.289854202E1
9.877611125E0,3.224085480E1,-2.167043610E0,-3.833408386E1
9.887625125E0,3.016886353E1,-2.614762573E0,-3.343836456E1
9.897640125E0,2.623908554E1,-5.148543549E0,-2.683424789E1
9.907654125E0,2.193553482E1,-7.976163483E0,-1.969125183E1
9.917668125E0,1.835632782E1,-9.940229187E0,-1.381297577E1
9.927682125E0,1.520747589E1,-1.113893646E1,-8.496780853E0
9.937696125E0,1.286993683E1,-1.192315567E1,-2.097138977E0
9.947710125E0,1.010099487E1,-1.240919495E1,5.606591034E0
9.957725083E0,7.744894409E0,-1.165296753E1,1.094853241E1
9.967739083E0,5.512137451E0,-1.055006104E1,1.303938446E1
9.977753083E0,1.597777405E0,-9.760453033E0,1.281859360E1
9.987767083E0,-2.797083435E0,-9.684710541E0,1.135553604E1
9.997781083E0,-6.356531525E0,-9.974956970E0,1.192255692E1
1.000779608E1,-8.304580536E0,-1.025831772E1,1.532602936E1
1.001781008E1,-9.059460754E0,-1.067415298E1,2.094699051E1
1.002782408E1,-9.179960175E0,-1.043659698E1,2.680730392E1
1.003783808E1,-8.975784760E0,-1.008258316E1,2.853471176E1
1.004785208E1,-8.610244904E0,-1.051757858E1,2.476704666E1
1.005786608E1,-6.967560883E0,-1.063059357E1,1.885030060E1
1.006788108E1,-5.135670319E0,-9.963580627E0,1.088296875E1
1.007789508E1,-4.758604431E0,-1.092039093E1,3.933669891E0
1.008790908E1,-4.200415192E0,-1.194710587E1,-2.209555206E0
1.009792308E1,-1.087787933E0,-1.192644882E1,-8.106841736E0
1.010793708E1,3.827091522E0,-1.150522476E1,-1.203796692E1
1.011795208E1,8.915460205E0,-1.049677185E1,-1.564411789E1
1.012796608E1,1.307860291E1,-8.545878754E0,-2.171713898E1
1.013798008E1,1.449540665E1,-7.835306396E0,-2.790227692E1
1.014799408E1,1.424737244E1,-7.587421875E0,-3.330364471E1
1.015800808E1,1.414079407E1,-7.870034180E0,-3.723042892E1
1.016802308E1,1.454570206E1,-7.392078094E0,-3.572096786E1
1.017803708E1,1.653701111E1,-8.418343964E0,-3.144061890E1
1.018805108E1,1.858490250E1,-9.973759460E0,-2.942985031E1
1.019806508E1,1.962958008E1,-9.164691925E0,-3.269785446E1
1.020807908E1,1.942315933E1,-7.983947296E0,-3.616090302E1
1.021809308E1,1.769006332E1,-7.478448486E0,-3.605597122E1
1.022810808E1,1.623329269E1,-7.746690674E0,-3.357458130E1
1.023812208E1,1.551358932E1,-7.081773376E0,-2.882406006E1
1.024813608E1,1.548574722E1,-6.420598297E0,-2.416035828E1
1.025815008E1,1.498683472E1,-7.351961517E0,-2.045062271E1
1.026816408E1,1.408900177E1,-8.752299500E0,-1.552047501E1
1.027817908E1,1.322335190E1,-1.053404434E1,-1.029948212E1
1.028819308E1,1.210652435E1,-1.163515457E1,-2.670446777E0
1.029820708E1,1.203661972E1,-1.023017624E1,5.256768494E0
1.030822108E1,1.262639328E1,-7.493117981E0,9.545649719E0
1.031823508E1,1.250035538E1,-4.557722168E0,1.011102402E1
1.032824908E1,1.225142303E1,-2.365680542E0,9.169781342E0
1.033826408E1,1.204275696E1,-1.543290710E0,7.866591339E0
1.034827808E1,9.734706573E0,-2.476749573E0,8.975186005E0
1.035829208E1,6.294111328E0,-4.438719635E0,1.204051163E1
1.036830608E1,2.771336975E0,-5.641917572E0,1.844853607E1
1.037832008E1,-9.786648560E-1,-5.175936584E0,2.403985886E1
1.038833408E1,-3.854783936E0,-3.829486542E0,2.420975555E1
1.039834908E1,-5.658982086E0,-3.189118195E0,2.132824768E1
1.040836308E1,-8.209827576E0,-4.273463287E0,1.635019958E1
1.041837708E1,-1.000639160E1,-5.596561890E0,1.046069687E1
1.042839108E1,-9.892179108E0,-6.564748535E0,4.453089752E0
1.043840508E1,-8.252638550E0,-7.253616028E0,2.734812927E-1
1.044842008E1,-5.405259705E0,-6.693181458E0,-1.720522156E0
1.045843408E1,-2.619702301E0,-6.673272858E0,-2.303859100E0
1.046844808E1,9.280700684E-3,-6.424639893E0,-2.736758881E0
1.047846208E1,2.221230927E0,-7.079228668E0,-3.876638489E0
1.048847608E1,4.437971191E0,-7.730374603E0,-6.523135071E0
1.049849008E1,6.772516479E0,-7.766748962E0,-1.042477158E1
1.050850508E1,7.634124756E0,-8.573421478E0,-1.427566360E1
1.051851908E1,6.257287903E0,-9.275012512E0,-2.003852966E1
1.052853308E1,5.523064728E0,-9.658215637E0,-2.438893295E1
1.053854708E1,6.488856354E0,-9.180558929E0,-2.488964172E1
1.054856108E1,9.452243958E0,-8.899742889E0,-2.515503983E1
1.055857508E1,1.056742493E1,-9.917626190E0,-2.554168579E1
1.056859008E1,1.149369873E1,-1.004471191E1,-3.051015381E1
1.057860408E1,1.328756836E1,-7.469616852E0,-3.881608154E1
1.058861808E1,1.364008530E1,-6.180497589E0,-4.401028015E1
1.059863208E1,1.385024826E1,-7.695197754E0,-4.721287033E1
1.060864608E1,1.445469131E1,-9.772278442E0,-4.429379059E1
1.061866108E1,1.607641891E1,-1.240829681E1,-3.901501785E1
1.062867508E1,1.672681641E1,-1.525537628E1,-3.188429626E1
1.063868908E1,1.703233109E1,-1.696946182E1,-2.286734711E1
1.064870308E1,1.804362808E1,-1.582404373E1,-1.396520920E1
1.065871708E1,1.890179352E1,-1.229228806E1,-6.768923950E0
1.066873108E1,1.877051651E1,-8.539142761E0,-3.186124420E0
1.067874608E1,1.747181717E1,-7.268435211E0,-4.174818420E-1
1.068876008E1,1.488938736E1,-7.591164093E0,4.734953613E0
1.069877408E1,1.339654175E1,-6.313720551E0,9.804910583E0
1.070878808E1,1.248987717E1,-3.574117584E0,1.150911667E1
1.071880208E1,1.172287216E1,-1.012943573E0,1.050919601E1
1.072881608E1,1.050814819E1,4.254153442E-1,1.064092209E1
1.073883108E1,8.030500488E0,-8.068222046E-2,1.319655762E1
1.074884508E1,4.746629333E0,-6.162684631E-1,1.738873993E1
1.075885908E1,2.436632996E0,-6.256988525E-2,2.018148239E1
1.076887308E1,1.274898834E0,2.606080627E-1,2.020663010E1
1.077888708E1,6.203100586E-1,7.708969116E-2,1.903531586E1
1.078890208E1,-5.040019226E-1,-5.766009521E-1,1.720896378E1
1.079891608E1,-1.412762146E0,-1.112037506E0,1.407957138E1
1.080893008E1,-1.073567505E0,-2.014061737E0,1.102337677E1
1.081894408E1,-2.026785278E-1,-2.853216705E0,8.637787628E0
1.082895808E1,1.338516541E0,-2.964734802E0,7.009773102E0
1.083897208E1,3.579207001E0,-3.315754852E0,6.078110504E0
1.084898708E1,5.091961212E0,-3.780688019E0,4.725074158E0
1.085900108E1,7.454498291E0,-3.401825867E0,5.590873718E0
1.086901508E1,9.685159607E0,-3.974385223E0,6.227948914E0
1.087902908E1,1.235710327E1,-5.001399536E0,5.609285431E0
1.088904308E1,1.448432968E1,-5.183271332E0,4.513713684E0
1.089905708E1,1.596160767E1,-4.506378937E0,1.077459412E0
1.090907208E1,1.617371658E1,-4.184997253E0,-2.892734528E0
1.091908608E1,1.523202484E1,-5.189558258E0,-4.879253540E0
1.092910008E1,1.441756851E1,-6.497388611E0,-5.076842651E0
1.093911408E1,1.459015961E1,-8.215066681E0,-3.295397186E0
1.094912808E1,1.519445297E1,-1.041369461E1,4.414320374E-1
1.095914187E1,1.642474457E1,-1.175206146E1,3.576213226E0
1.096915687E1,1.847398315E1,-1.220127731E1,5.771548004E0
1.097917087E1,2.118544464E1,-1.367571121E1,7.196584625E0
1.098918488E1,2.243923737E1,-1.635244492E1,6.831493835E0
1.099919887E1,2.093157257E1,-1.986818390E1,5.650599518E0
1.100921288E1,2.068892715E1,-2.333287903E1,4.076921997E0
1.101922788E1,2.177611633E1,-2.517943909E1,3.740870819E0
1.102924187E1,2.350472168E1,-2.643742310E1,4.147724762E0
1.103925587E1,2.404015823E1,-2.856839172E1,3.823349304E0
1.104926987E1,2.341700409E1,-3.097089569E1,2.817441101E0
1.105928387E1,2.290012894E1,-3.235791138E1,1.675166473E0
1.106929788E1,2.342374008E1,-3.249083496E1,6.801855469E-1
1.107931288E1,2.487287659E1,-3.243515076E1,-4.475692749E-1
1.108932687E1,2.678619781E1,-3.258454010E1,1.421893158E0
1.109934088E1,2.991648834E1,-3.291789688E1,5.622757416E0
1.110935487E1,3.365421570E1,-3.420716583E1,8.912017365E0
1.111936887E1,3.722249542E1,-3.624921936E1,1.125225082E1
1.112938287E1,3.905393692E1,-3.986629761E1,1.266995270E1
1.113939788E1,3.842823807E1,-4.500660828E1,1.380579071E1
1.114941187E1,3.741349823E1,-4.915657837E1,1.381297577E1
1.115942588E1,3.607138916E1,-4.984903839E1,8.039631500E0
1.116943987E1,3.637076660E1,-4.776043167E1,7.188052368E-1
1.117945388E1,3.689991623E1,-4.421520401E1,-4.325854340E0
1.118946787E1,3.785687622E1,-4.059064133E1,-5.557193756E0
1.119948288E1,3.994129166E1,-3.758818497E1,-2.461631012E0
1.120949687E1,4.107518372E1,-3.585583740E1,8.888516235E-1
1.121951088E1,3.908267715E1,-3.579371658E1,3.131937103E0
1.122952487E1,3.464036499E1,-3.629996384E1,5.007985840E0
1.123953888E1,3.051718918E1,-3.486399994E1,3.425177307E0
1.124955287E1,2.803445206E1,-3.151755890E1,-7.759863281E-1
1.125956787E1,2.503828262E1,-2.757805115E1,-3.653602295E0
1.126958187E1,2.052801178E1,-2.393911835E1,-6.417155457E0
1.127959588E1,1.704026459E1,-2.011247589E1,-7.888894958E0
1.128960987E1,1.471559875E1,-1.635199585E1,-8.228388977E0
1.129962388E1,1.389859772E1,-1.297861084E1,-8.500074005E0
1.130963787E1,1.484837265E1,-9.833650818E0,-8.486003265E0
1.131965287E1,1.506452316E1,-7.735164642E0,-7.985294495E0
1.132966687E1,1.292921356E1,-6.904990997E0,-7.374265137E0
1.133968087E1,9.612261200E0,-6.796316986E0,-7.197033691E0
1.134969487E1,6.777306519E0,-6.263275452E0,-7.287146301E0
1.135970888E1,4.988825684E0,-6.248905334E0,-8.558901672E0
1.136972287E1,3.687132568E0,-6.453380127E0,-1.034663406E1
1.137973787E1,4.670437775E0,-5.765560455E0,-1.183274368E1
1.138975188E1,6.964866486E0,-5.926625519E0,-1.256591904E1
1.139976587E1,7.137457581E0,-8.340056763E0,-1.066008224E1
1.140977987E1,5.483247528E0,-1.206521027E1,-6.403084717E0
1.141979388E1,3.715573425E0,-1.475840973E1,-2.537223816E0
1.142980787E1,2.359243927E0,-1.611698456E1,1.294657745E0
1.143982287E1,1.387464752E0,-1.662712372E1,5.194947052E0
1.144983688E1,5.053491211E-1,-1.720896378E1,6.726262665E0
1.145985087E1,-5.319937134E-1,-1.736823257E1,5.582940216E0
1.146986487E1,-1.863025818E0,-1.728276031E1,3.958667908E0
1.147987887E1,-3.522025909E0,-1.722213638E1,3.091970215E0
1.148989287E1,-4.901257782E0,-1.664808014E1,2.717598724E0
1.149990787E1,-5.337450714E0,-1.570623871E1,3.509152679E0
1.150992188E1,-5.017715607E0,-1.462219299E1,5.201383667E0
1.151993587E1,-3.786376190E0,-1.346539856E1,6.491700439E0
1.152994988E1,-2.646496582E0,-1.223181381E1,8.387358398E0
1.153996387E1,-2.934048615E0,-1.136586456E1,1.170416107E1
1.154997787E1,-4.563859406E0,-1.128233826E1,1.451860840E1
1.155999287E1,-6.581962738E0,-1.139640106E1,1.502156250E1
1.157000688E1,-9.066496124E0,-1.215741852E1,1.393601990E1
1.158002087E1,-1.194905182E1,-1.401505554E1,1.307516006E1
1.159003488E1,-1.427521454E1,-1.603839798E1,1.010398865E1
1.160004887E1,-1.500150421E1,-1.787477921E1,7.417525177E0
1.161006288E1,-1.314745972E1,-1.905597290E1,5.615422668E0
1.162007787E1,-9.807455292E0,-1.922512115E1,8.315208435E-1
1.163009188E1,-6.650669861E0,-1.885434219E1,-4.249213715E0
1.164010587E1,-4.367467804E0,-1.885913223E1,-1.026759842E1
1.165011988E1,-2.639760590E0,-1.981549347E1,-1.843940506E1
1.166013387E1,4.968168640E-1,-2.084849533E1,-2.205648331E1
1.167014788E1,5.349575500E0,-2.056004517E1,-2.128858017E1
1.168016287E1,1.028735733E1,-1.912677567E1,-2.335353607E1
1.169017687E1,1.217029175E1,-1.983719833E1,-2.872436737E1
1.170019087E1,1.194126801E1,-2.244522491E1,-3.534285416E1
1.171020488E1,1.444541061E1,-2.343511642E1,-4.395055435E1
1.172021887E1,1.934517151E1,-2.296180069E1,-4.949442581E1
1.173023288E1,2.525952255E1,-1.860735580E1,-5.407445160E1
1.174024687E1,2.875625107E1,-1.470736588E1,-5.961278458E1
1.175026187E1,3.065340591E1,-1.157048904E1,-6.327102722E1
1.176027587E1,3.316443420E1,-8.290809174E0,-6.387876343E1
1.177028987E1,3.394311493E1,-5.474715271E0,-5.827172333E1
1.178030387E1,3.259561707E1,-5.098846893E0,-5.193974075E1
1.179031788E1,2.913331696E1,-5.764512634E0,-4.675093094E1
1.180033187E1,2.563913315E1,-6.977290649E0,-4.075350266E1
1.181034687E1,2.212638794E1,-8.501421204E0,-3.339390701E1
1.182036088E1,1.777822998E1,-1.031100815E1,-2.552746536E1
1.183037487E1,1.331690735E1,-1.154459290E1,-1.921224792E1
1.184038887E1,1.015772690E1,-1.232731522E1,-1.422791290E1
1.185040288E1,9.011410675E0,-1.285871017E1,-6.358477478E0
1.186041687E1,7.506440277E0,-1.294882278E1,2.287243652E0
1.187043187E1,5.068609772E0,-1.270707550E1,7.362888794E0
1.188044588E1,2.665507050E0,-1.227312790E1,1.035816010E1
1.189045987E1,1.505569153E0,-1.111768066E1,1.264181122E1
1.190047387E1,6.487509155E-1,-9.905800781E0,1.420995026E1
1.191048787E1,-1.142723694E0,-9.826914825E0,1.541823761E1
1.192050187E1,-4.640949097E0,-1.090123077E1,1.888577682E1
1.193051687E1,-8.923992462E0,-1.114178055E1,2.458756989E1
1.194053088E1,-1.239647141E1,-1.102936432E1,3.128284698E1
1.195054487E1,-1.598810257E1,-1.141346558E1,3.646611832E1
1.196055888E1,-1.853176300E1,-1.239392670E1,3.659425186E1
1.197057287E1,-2.043550415E1,-1.397284332E1,3.167832458E1
1.198058687E1,-2.052546707E1,-1.459689560E1,2.443892899E1
1.199060087E1,-1.747720596E1,-1.342632980E1,1.511945892E1
1.200061588E1,-1.474418930E1,-1.244167740E1,6.379583588E0
1.201062987E1,-1.459599747E1,-1.408735519E1,3.411405945E-1
1.202064388E1,-1.473251358E1,-1.768961426E1,-3.970792694E0
1.203065787E1,-1.139295822E1,-2.044313828E1,-7.648045807E0
1.204067188E1,-5.483247528E0,-2.119083344E1,-1.160252243E1
1.205068587E1,4.713697815E-1,-2.160996185E1,-1.645857422E1
1.206070088E1,5.163063354E0,-2.200424194E1,-2.293530579E1
1.207071487E1,8.505013733E0,-2.217773117E1,-3.161231186E1
1.208072888E1,1.231548981E1,-2.125160706E1,-4.121319672E1
1.209074287E1,1.717348755E1,-1.866184250E1,-4.851067154E1
1.210075688E1,2.199541031E1,-1.553050415E1,-5.344665710E1
1.211077087E1,2.622666138E1,-1.197285233E1,-5.705939438E1
1.212078488E1,2.855521912E1,-7.964338074E0,-5.932852570E1
1.213079987E1,3.056044922E1,-5.416336670E0,-6.321803741E1
1.214081388E1,2.961471588E1,-3.109483795E0,-6.293377853E1
1.215082787E1,2.700444397E1,-3.842808838E0,-5.478502396E1
1.216084188E1,2.398162994E1,-7.190297699E0,-4.469645325E1
1.217085587E1,2.056932587E1,-1.020143600E1,-3.205239670E1
1.218086988E1,1.602193222E1,-1.246607666E1,-2.018941589E1
1.219088487E1,1.121363113E1,-1.327649139E1,-1.138697067E1
1.220089887E1,8.085286560E0,-1.227462479E1,-5.198539581E0
1.221091287E1,6.369105377E0,-9.998158722E0,-2.163451080E0
1.222092688E1,5.322930908E0,-7.473957825E0,-1.758543091E0
1.223094087E1,4.487817535E0,-6.407725067E0,-1.007554779E0
1.224095488E1,3.036884766E0,-7.266489258E0,3.240611115E0
1.225096887E1,1.012644196E0,-9.319769440E0,1.270108795E1
1.226098387E1,-1.531165924E0,-1.006282425E1,2.269864792E1
1.227099787E1,-3.878584442E0,-9.376651154E0,2.719933868E1
1.228101188E1,-6.306535492E0,-8.911717987E0,2.938329712E1
1.229102587E1,-9.551038513E0,-8.833879852E0,3.024176193E1
1.230103988E1,-1.190040298E1,-8.601562958E0,2.866628815E1
1.231105387E1,-1.233779343E1,-7.500003662E0,2.595602417E1
1.232106887E1,-1.165221909E1,-6.123466187E0,2.145727936E1
1.233108287E1,-1.145088776E1,-5.821244659E0,1.587538696E1
1.234109687E1,-1.300899765E1,-7.521558838E0,1.114312775E1
1.235111087E1,-1.511212418E1,-1.035621414E1,7.323820038E0
1.236112488E1,-1.497276398E1,-1.261247223E1,2.891087952E0
1.237113887E1,-1.307441162E1,-1.461291229E1,-1.157842255E0
1.238115288E1,-9.545500031E0,-1.651605469E1,-4.328548737E0
1.239116788E1,-4.950655060E0,-1.757959305E1,-8.577463074E0
1.240118187E1,-1.303489380E0,-1.845871490E1,-1.433329376E1
1.241119587E1,2.061213684E0,-1.828732132E1,-2.246438507E1
1.242120987E1,4.632865906E0,-1.817610260E1,-3.120066788E1
1.243122387E1,7.755671997E0,-1.995111145E1,-3.780942490E1
1.244123788E1,1.314925598E1,-1.982372635E1,-4.371898590E1
1.245125187E1,1.961371307E1,-1.740819946E1,-4.844091660E1
1.246126687E1,2.520488617E1,-1.356539063E1,-5.374992645E1
1.247128088E1,2.824955475E1,-1.006866211E1,-5.793058273E1
1.248129487E1,2.930306396E1,-7.648045807E0,-5.714486664E1
1.249130887E1,2.841570923E1,-5.757177887E0,-5.016173813E1
1.250132287E1,2.669892929E1,-6.026018829E0,-4.210294647E1
1.251133687E1,2.339649673E1,-7.047794037E0,-3.603232040E1
1.252135088E1,1.882575165E1,-9.053024139E0,-2.910367859E1
1.253136588E1,1.514041534E1,-1.031445099E1,-2.129561554E1
1.254137987E1,1.312201263E1,-9.779164124E0,-1.445199692E1
1.255139388E1,1.126183090E1,-9.139544220E0,-8.310268707E0
1.256140787E1,9.186845856E0,-8.395142212E0,-1.677561493E0
1.257142187E1,7.638316040E0,-6.469097443E0,2.805466003E0
1.258143587E1,6.790928192E0,-4.660408630E0,4.832850037E0
1.259145088E1,5.915698242E0,-3.409459991E0,5.695506134E0
1.260146487E1,4.864284668E0,-2.888543243E0,7.393574982E0
1.261147888E1,5.545817413E0,-2.150877228E0,1.161434784E1
1.262149287E1,8.001460876E0,-1.038091278E0,1.532602936E1
1.263150688E1,9.389823761E0,-4.694238281E-1,1.713202377E1
1.264152087E1,8.153694305E0,-5.857319641E-1,1.950009933E1
1.265153487E1,4.847818909E0,-1.431024170E-1,2.241498779E1
1.266154987E1,9.952803040E-1,1.009351044E0,2.280777100E1
1.267156388E1,-3.372337189E0,1.483864288E0,1.943588287E1
1.268157787E1,-7.910001068E0,5.069956970E-1,1.576087509E1
1.269159188E1,-1.262115417E1,-2.784808960E0,1.366867584E1
1.270160587E1,-1.650422928E1,-6.728957062E0,1.213257019E1
1.271161987E1,-1.837608673E1,-1.005159760E1,1.025891647E1
1.272163387E1,-1.800246368E1,-1.180594940E1,6.924450531E0
1.273164888E1,-1.659748535E1,-1.282562897E1,1.201102295E0
1.274166287E1,-1.362900833E1,-1.333202591E1,-6.636599121E0
1.275167688E1,-9.433832245E0,-1.267174896E1,-1.529160095E1
1.276169087E1,-5.101840668E0,-1.259810211E1,-2.118619308E1
1.277170488E1,-4.688250732E-1,-1.228884521E1,-2.428654587E1
1.278171887E1,3.122357025E0,-1.232851273E1,-2.632635406E1
1.279173287E1,4.992717590E0,-1.371013962E1,-2.923031525E1
1.280174787E1,6.734944611E0,-1.527618301E1,-3.161710190E1
1.281176188E1,9.082961884E0,-1.579889603E1,-3.295427124E1
1.282177587E1,1.263821869E1,-1.403017410E1,-3.528881653E1
1.283178988E1,1.592014389E1,-1.159114609E1,-3.703777954E1
1.284180387E1,1.839659409E1,-9.660610657E0,-3.640744034E1
1.285181788E1,2.003059616E1,-8.228987732E0,-3.402679092E1
1.286183187E1,2.006247986E1,-7.304360504E0,-3.054712692E1
1.287184688E1,1.810574890E1,-7.066804504E0,-2.692436050E1
1.288186087E1,1.562316147E1,-7.034621429E0,-2.384331757E1
1.289187488E1,1.352452560E1,-6.661447449E0,-2.061303497E1
1.290188887E1,1.308653641E1,-5.360353088E0,-1.677980621E1
1.291190288E1,1.323008789E1,-3.503314819E0,-1.418824539E1
1.292191687E1,1.216026260E1,-2.364333344E0,-1.241623032E1
1.293193088E1,1.101873642E1,-1.429227905E0,-1.124880798E1
1.294194587E1,1.007614655E1,-7.150630188E-1,-9.898615723E0
1.295195988E1,8.928632812E0,-1.878593445E-1,-8.341403961E0
1.296197446E1,7.699089661E0,5.095404053E-1,-7.537276154E0
1.297198846E1,6.828350372E0,1.125359802E0,-7.070546722E0
1.298200246E1,5.564977570E0,1.350791016E0,-6.584806824E0
1.299201646E1,4.234244843E0,5.128335571E-1,-5.768404541E0
1.300203046E1,2.626587982E0,-6.619235229E-1,-2.688110046E0
1.301204546E1,2.012864227E0,-1.179696808E0,8.750802612E-1
1.302205946E1,2.303709412E0,-1.138831787E0,3.704346771E0
1.303207346E1,3.023263092E0,-9.946815491E-1,7.171436920E0
1.304208746E1,3.649710388E0,-6.255491638E-1,1.228330673E1
1.305210146E1,3.592379608E0,9.804611206E-1,1.656440414E1
1.306211546E1,2.091899872E0,2.793939972E0,1.839255249E1
1.307212946E1,4.884342957E-1,3.283122711E0,1.791250076E1
1.308214446E1,-3.992198181E-1,3.097508698E0,1.723530899E1
1.309215846E1,-2.261646881E0,1.512155457E0,1.650617523E1
1.310217246E1,-4.088448029E0,-3.447331238E-1,1.329939377E1
1.311218646E1,-5.295537872E0,-1.821562042E0,9.946067047E0
1.312220046E1,-6.875652008E0,-3.383414154E0,7.176077271E0
1.313221446E1,-1.127171036E1,-6.024072876E0,3.454516296E0
1.314222846E1,-1.892694122E1,-1.005264542E1,-4.207899628E0
1.315224346E1,-2.540412186E1,-1.364337845E1,-1.359817245E1
1.316225746E1,-2.566413116E1,-1.512454834E1,-1.915461777E1
1.317227146E1,-2.053744217E1,-1.435859116E1,-2.179258209E1
1.318228546E1,-1.363349899E1,-1.229617996E1,-2.391591660E1
1.319229946E1,-6.828649750E0,-1.114761841E1,-2.399300629E1
1.320231346E1,-1.443148956E0,-1.097607513E1,-2.296838699E1
1.321232746E1,2.612217865E0,-1.107486969E1,-2.305715240E1
1.322234246E1,6.034401398E0,-1.195444061E1,-2.369138351E1
1.323235646E1,8.981772308E0,-1.386177429E1,-2.384301819E1
1.324237046E1,1.216759735E1,-1.456082062E1,-2.335907455E1
1.325238446E1,1.526780045E1,-1.417237839E1,-2.345861755E1
1.326239846E1,1.816263062E1,-1.292816574E1,-2.286285645E1
1.327241246E1,2.164693497E1,-9.695338440E0,-2.022444305E1
1.328242646E1,2.532089493E1,-5.459596710E0,-1.711436050E1
1.329244046E1,2.935710159E1,-1.064137115E0,-1.349862946E1
1.330245546E1,3.299124435E1,2.156266022E0,-1.042028091E1
1.331246946E1,3.468616974E1,3.479214935E0,-6.989415436E0
1.332248346E1,3.254472290E1,3.041225739E0,-4.618196411E0
1.333249746E1,2.835493561E1,4.884342957E-1,-4.347409515E0
1.334251146E1,2.321881622E1,-2.312091980E0,-5.062472534E0
1.335252546E1,1.829974548E1,-4.756658478E0,-7.107968903E0
1.336253946E1,1.458926147E1,-6.302793274E0,-9.111103363E0
1.337255446E1,1.241967316E1,-7.024442596E0,-1.039917480E1
1.338256846E1,1.276171188E1,-7.469766541E0,-9.790091400E0
1.339258246E1,1.437984695E1,-8.729995880E0,-6.905889130E0
1.340259646E1,1.771491165E1,-9.441915436E0,-3.806434479E0
1.341261046E1,2.225227615E1,-9.212442627E0,-2.747835846E0
1.342262446E1,2.683963669E1,-8.386759644E0,-3.431164856E0
1.343263846E1,2.826617020E1,-8.165968781E0,-4.091142426E0
1.344265246E1,2.673979431E1,-1.001716919E1,-5.461093597E0
1.345266746E1,2.496104324E1,-1.259555740E1,-6.037993927E0
1.346268146E1,2.313573898E1,-1.462129486E1,-4.187541962E0
1.347269546E1,2.227068787E1,-1.624167526E1,-4.125421143E-1
1.348270946E1,2.269774979E1,-1.894804733E1,4.093687134E0
1.349272346E1,2.225422211E1,-2.318049591E1,7.267686768E0
1.350273746E1,2.253249344E1,-2.582220245E1,7.184310150E0
1.351275146E1,2.457813950E1,-2.652798477E1,5.894143066E0
1.352276646E1,2.636497375E1,-2.750230865E1,3.630550232E0
1.353278046E1,2.671764038E1,-2.893512909E1,-1.481020203E0
1.354279446E1,2.548884567E1,-3.027169968E1,-5.305267639E0
1.355280846E1,2.445404755E1,-3.177652039E1,-9.133406982E0
1.356282246E1,2.457499603E1,-3.260250275E1,-1.305135956E1
1.357283646E1,2.374212799E1,-3.389731018E1,-1.497665588E1
1.358285046E1,2.235885452E1,-3.354554169E1,-1.543979279E1
1.359286446E1,2.345023499E1,-3.135185349E1,-1.620155869E1
1.360287946E1,2.657363983E1,-2.829625763E1,-1.716540436E1
1.361289346E1,2.918915085E1,-2.438893295E1,-1.955668167E1
1.362290746E1,3.031585785E1,-2.151475983E1,-2.402144714E1
1.363292146E1,2.947116440E1,-2.025902115E1,-2.786275909E1
1.364293546E1,2.660178131E1,-1.894205978E1,-2.746323990E1
1.365294946E1,2.451167770E1,-1.836650665E1,-2.639266617E1
1.366296346E1,2.111868347E1,-1.828956665E1,-2.347927460E1
1.367297746E1,1.650976776E1,-1.694910416E1,-1.858924347E1
1.368299246E1,1.354084167E1,-1.379770752E1,-1.600217331E1
1.369300646E1,1.244781464E1,-1.041459274E1,-1.567480408E1
1.370302046E1,1.225336899E1,-6.863227844E0,-1.614482666E1
1.371303446E1,1.213496521E1,-4.523293762E0,-1.666828812E1
1.372304846E1,1.143097916E1,-3.288960571E0,-1.691617264E1
1.373306246E1,1.012898666E1,-2.886746979E0,-1.564381851E1
1.374307646E1,8.434360657E0,-3.867357788E0,-1.376253067E1
1.375309146E1,6.090684357E0,-4.788242798E0,-1.200817886E1
1.376310546E1,4.285887451E0,-5.569468231E0,-1.026924500E1
1.377311946E1,3.249742126E0,-6.039341125E0,-8.195756836E0
1.378313346E1,2.518961792E0,-6.028862915E0,-5.711822205E0
1.379314746E1,2.420017548E0,-5.971382446E0,-4.849615173E0
1.380316146E1,2.981200562E0,-5.347180481E0,-6.324049072E0
1.381317546E1,2.574196930E0,-5.307812347E0,-7.643106079E0
1.382318946E1,1.449435883E0,-6.054309998E0,-8.088130646E0
1.383320446E1,-5.322930908E-1,-7.124734039E0,-6.838379517E0
1.384321846E1,-3.089575195E0,-7.848928070E0,-4.527335358E0
1.385323246E1,-4.656666412E0,-8.072413330E0,-2.488874359E0
1.386324646E1,-4.209845581E0,-7.452552338E0,-1.009351044E0
1.387326046E1,-2.123334503E0,-6.245612183E0,-1.302291870E-2
1.388327446E1,9.280700684E-3,-5.339396667E0,1.940414886E0
1.389328846E1,4.936734009E-1,-5.304369507E0,4.597239990E0
1.390330246E1,-1.256636810E0,-6.050268402E0,6.628665619E0
1.391331746E1,-4.307143250E0,-7.264842682E0,8.064330139E0
1.392333146E1,-7.651638336E0,-8.819210358E0,7.344477081E0
1.393334546E1,-9.659562836E0,-9.555529175E0,5.904321899E0
1.394335946E1,-1.023242157E1,-9.663903809E0,5.363945618E0
1.395337346E1,-9.058412933E0,-9.965825958E0,5.437592468E0
1.396338796E1,-8.108488312E0,-1.080917221E1,5.746849365E0
1.397340196E1,-8.074508972E0,-1.196282318E1,6.592291260E0
1.398341596E1,-8.453221436E0,-1.420650742E1,8.655151520E0
1.399343096E1,-7.789950714E0,-1.727347961E1,1.041085052E1
1.400344496E1,-5.886359253E0,-1.875839172E1,8.508007507E0
1.401345896E1,-3.389252014E0,-1.835378311E1,1.466201019E0
1.402347296E1,1.546583862E0,-1.716121307E1,-6.256689148E0
1.403348696E1,4.905598755E0,-1.404304733E1,-1.479553253E1
1.404350096E1,4.304748230E0,-1.303549255E1,-2.056169174E1
1.405351496E1,2.596201172E0,-1.590981537E1,-1.884730682E1
1.406352896E1,3.338657227E0,-2.015603531E1,-1.526480667E1
1.407354396E1,5.944139099E0,-2.345756973E1,-1.497605713E1
1.408355796E1,7.796686707E0,-2.663411407E1,-1.531195862E1
1.409357196E1,1.186163361E1,-2.905383224E1,-1.955353821E1
1.410358596E1,1.852158417E1,-2.730561768E1,-2.853815460E1
1.411359996E1,2.213327362E1,-2.627785492E1,-3.463692215E1
1.412361396E1,2.329410965E1,-2.625839539E1,-3.750840088E1
1.413362796E1,2.453592728E1,-2.671988571E1,-4.068689117E1
1.414364196E1,2.660163162E1,-2.619253235E1,-4.220189072E1
1.415365696E1,2.892480057E1,-2.588103012E1,-4.290527802E1
1.416367096E1,3.057092743E1,-2.571292969E1,-4.313085892E1
1.417368496E1,3.247002823E1,-2.316103638E1,-4.344251083E1
1.418369896E1,3.441732880E1,-1.991533585E1,-4.185685822E1
1.419371296E1,3.652404785E1,-1.568438416E1,-4.012720505E1
1.420372696E1,3.737607605E1,-1.265782791E1,-4.012585785E1
1.421374096E1,3.547278397E1,-1.197434921E1,-3.773218552E1
1.422375496E1,3.133104675E1,-1.377525421E1,-3.208892075E1
1.423376896E1,2.617142624E1,-1.655856628E1,-2.444401840E1
1.424378396E1,2.206890747E1,-1.774095749E1,-1.610785355E1
1.425379796E1,1.911509995E1,-1.785546936E1,-7.123087463E0
1.426381196E1,1.606609039E1,-1.675884979E1,2.633024597E-1
1.427382596E1,1.328083237E1,-1.464659225E1,3.552712097E0
1.428383996E1,1.048958679E1,-1.340986404E1,3.556304626E0
1.429385396E1,7.338788910E0,-1.356778564E1,3.036435699E0
1.430386796E1,4.854704590E0,-1.335807175E1,5.019661560E0
1.431388196E1,4.898264008E0,-1.169173691E1,8.506211243E0
1.432389696E1,4.430187378E0,-1.076216995E1,1.197030762E1
1.433391096E1,2.048939209E0,-1.103654938E1,1.513607437E1
1.434392496E1,4.670288086E-1,-1.151749924E1,1.808479248E1
1.435393896E1,-1.320703583E0,-1.186223236E1,2.279729279E1
1.436395296E1,-5.478008423E0,-1.225351868E1,2.871299103E1
1.437396696E1,-9.474697266E0,-1.240141113E1,3.192067062E1
1.438398096E1,-1.229632965E1,-1.286125488E1,3.243410294E1
1.439399496E1,-1.420920181E1,-1.340612183E1,2.972353958E1
1.440400896E1,-1.545176788E1,-1.383902161E1,2.171938431E1
1.441402396E1,-1.592658051E1,-1.438523575E1,1.129341522E1
1.442403796E1,-1.604573273E1,-1.567749847E1,2.446662140E0
1.443405196E1,-1.577374832E1,-1.650258270E1,-4.442162476E0
1.444406596E1,-1.267489243E1,-1.505793686E1,-1.153366562E1
1.445407996E1,-8.753347321E0,-1.434916077E1,-1.676064606E1
1.446409396E1,-4.231101379E0,-1.377570328E1,-2.014136581E1
1.447410796E1,1.963017883E0,-1.298534683E1,-2.488769577E1
1.448412196E1,7.237599335E0,-1.275707153E1,-2.990780640E1
1.449413596E1,9.964329071E0,-1.347183517E1,-3.396167633E1
1.450415096E1,1.372870102E1,-1.336361023E1,-3.887805267E1
1.451416496E1,1.787657547E1,-1.153665939E1,-4.426445160E1
1.452417896E1,2.112691635E1,-8.886719971E0,-4.863221878E1
1.453419296E1,2.381966675E1,-6.690636749E0,-5.030588837E1
1.454420696E1,2.615570892E1,-4.093238068E0,-4.965938278E1
1.455422096E1,2.629536850E1,-2.384691010E0,-4.569218262E1
1.456423496E1,2.515923111E1,-3.926933899E0,-4.098656799E1
1.457424896E1,2.223446320E1,-6.766528931E0,-3.381647827E1
1.458426396E1,1.845108078E1,-9.816735992E0,-2.574526245E1
1.459427796E1,1.484403168E1,-1.156884247E1,-1.776835052E1
1.460429196E1,1.257400223E1,-1.165236877E1,-1.026999344E1
1.461430596E1,1.081066910E1,-1.127679977E1,-3.786825256E0
1.462431996E1,9.126371613E0,-1.028825546E1,2.819087677E0
1.463433396E1,8.550818481E0,-7.885601807E0,7.663912811E0
1.464434796E1,8.045619049E0,-5.401367798E0,9.356742554E0
1.465436196E1,6.087241516E0,-3.916006622E0,1.078387482E1
1.466437596E1,4.428690491E0,-2.947969666E0,1.329999252E1
1.467439096E1,2.219584351E0,-3.467838593E0,1.546374298E1
1.468440496E1,-1.376836853E0,-4.794978790E0,1.835273529E1
1.469441896E1,-3.863316193E0,-5.683830414E0,2.129920807E1
1.470443296E1,-3.845802612E0,-5.535189514E0,1.931658096E1
1.471444696E1,-2.573149109E0,-5.501210175E0,1.594409409E1
1.472446096E1,-8.289761353E-1,-5.706882477E0,1.584694611E1
1.473447496E1,1.929637299E0,-4.981490936E0,1.216879486E1
1.474448896E1,3.048410797E0,-3.248394928E0,4.047433319E0
1.475450296E1,1.039288788E0,-3.020419006E0,-2.765199738E0
1.476451796E1,-1.829645233E0,-3.390000458E0,-9.273066559E0
1.477453196E1,-4.362528076E0,-5.331313477E0,-1.373079666E1
1.478454596E1,-3.715723114E0,-6.881190491E0,-1.284643570E1
1.479455996E1,-4.932243347E-1,-6.765181732E0,-1.138098312E1
1.480457396E1,1.857487335E0,-7.479047241E0,-1.286110519E1
1.481458796E1,1.567839661E0,-9.804611206E0,-1.544428345E1
1.482460196E1,1.505569153E0,-1.207449097E1,-1.782283722E1
1.483461596E1,4.482428741E0,-1.165536255E1,-2.278816177E1
1.484462996E1,7.122488708E0,-9.182504883E0,-2.969360184E1
1.485464496E1,7.220983887E0,-7.808961182E0,-3.700185425E1
1.486465896E1,5.765261078E0,-1.040800644E1,-4.389816330E1
1.487467296E1,5.078489227E0,-1.094149704E1,-4.783228226E1
1.488468696E1,4.314477997E0,-1.126302841E1,-4.637910416E1
1.489470096E1,4.078269196E0,-1.286245239E1,-4.173022156E1
1.490471496E1,3.337310028E0,-1.403496414E1,-3.102298737E1
1.491472896E1,2.975063324E0,-1.502949600E1,-1.903561523E1
1.492474296E1,2.483635254E0,-1.466290833E1,-1.057625656E1
1.493475696E1,1.226100311E0,-1.337124435E1,-4.404889984E0
1.494477096E1,-1.676513672E-2,-1.228300735E1,-2.526296539E0
1.495478596E1,-1.820813599E0,-1.161359940E1,-4.356989594E0
1.496480083E1,-3.022664337E0,-1.121138580E1,-8.145012360E0
1.497481483E1,-2.703677673E0,-1.144130768E1,-9.980046387E0
1.498482883E1,-6.810836792E-1,-1.145971939E1,-9.908345490E0
1.499484283E1,3.141217804E0,-1.059197388E1,-9.041647797E0
1.500485683E1,6.833888855E0,-9.442364502E0,-7.536527710E0
1.501487083E1,9.693991241E0,-8.211773529E0,-7.202422485E0
1.502488483E1,1.157078842E1,-6.761289825E0,-7.757019196E0
1.503489883E1,1.357571915E1,-4.836592255E0,-5.343288574E0
1.504491383E1,1.655901535E1,-2.252815247E0,-3.489244080E-1
1.505492783E1,1.905836792E1,1.115180969E0,3.195255432E0
1.506494183E1,2.032248917E1,4.409081268E0,6.353687439E0
1.507495583E1,2.078951797E1,6.750063171E0,8.540340271E0
1.508496983E1,2.047921326E1,7.814799042E0,8.872499542E0
1.509498383E1,1.887574768E1,7.388485565E0,8.328830109E0
1.510499783E1,1.699505859E1,5.500012665E0,9.151519318E0
1.511501183E1,1.498443970E1,3.384911041E0,1.325957657E1
1.512502583E1,1.259076736E1,2.424059143E0,1.773931091E1
1.513503983E1,1.106124802E1,1.597028961E0,2.035736664E1
1.514505483E1,9.778265991E0,1.916015625E-1,2.069371719E1
1.515506883E1,8.244405670E0,-5.075944519E-1,2.038895096E1
1.516508283E1,7.465575256E0,-5.405259705E-1,2.107168121E1
1.517509683E1,7.937244415E0,-1.833537140E0,2.303395065E1
1.518511083E1,9.834099884E0,-4.050427094E0,2.415496948E1
1.519512483E1,1.184172501E1,-5.537135468E0,2.277858170E1
1.520513883E1,1.220067856E1,-7.424261169E0,2.072859467E1
1.521515283E1,1.302486465E1,-8.331225128E0,1.798435135E1
1.522516683E1,1.526869858E1,-7.951315155E0,1.317994217E1
1.523518183E1,1.607162888E1,-8.303383026E0,8.428672485E0
1.524519583E1,1.671274567E1,-8.480764160E0,5.726192322E0
1.525520983E1,1.841530518E1,-7.700137482E0,4.959187317E0
1.526522383E1,2.095761841E1,-7.475305023E0,4.682113495E0
1.527523783E1,2.264475998E1,-8.613987122E0,5.571863251E0
1.528525183E1,2.295760941E1,-1.101469482E1,6.750961304E0
1.529526583E1,2.411964294E1,-1.283984940E1,6.720574493E0
1.530527983E1,2.659923660E1,-1.351898712E1,6.085295563E0
1.531529383E1,3.040971268E1,-1.340477463E1,5.490432587E0
1.532530783E1,3.425282089E1,-1.413405807E1,4.161346436E0
1.533532283E1,3.640235092E1,-1.547646652E1,2.944227448E0
1.534533683E1,3.794639008E1,-1.585188583E1,1.514400787E0
1.535535083E1,3.927278183E1,-1.585233490E1,1.966909790E-1
1.536536483E1,4.110167862E1,-1.552511536E1,1.006506958E0
1.537537883E1,4.316094635E1,-1.557810516E1,3.127895508E0
1.538539283E1,4.610577255E1,-1.601115463E1,4.795577545E0
1.539540683E1,4.935835876E1,-1.703083420E1,6.480024719E0
1.540542083E1,5.243281540E1,-1.833731735E1,8.444240112E0
1.541543483E1,5.624778214E1,-1.893068344E1,1.111304031E1
1.542544883E1,6.098378357E1,-1.897289566E1,1.418465286E1
1.543546383E1,6.380272156E1,-1.997416351E1,1.631053207E1
1.544547783E1,6.300727570E1,-2.335443420E1,1.765952682E1
1.545549183E1,6.043397690E1,-2.789419373E1,1.883787643E1
1.546550583E1,5.791651199E1,-3.095502869E1,1.805245972E1
1.547551983E1,5.717719940E1,-3.118285492E1,1.392269760E1
1.548553383E1,5.776098541E1,-2.904589874E1,9.674980774E0
1.549554783E1,5.429868530E1,-2.771322006E1,7.658524017E0
1.550556183E1,4.876633987E1,-2.662737808E1,6.255042572E0
1.551557583E1,4.386957275E1,-2.484937546E1,4.139342194E0
1.552558983E1,3.965643402E1,-2.289713516E1,3.564238129E0
1.553560483E1,3.522100754E1,-2.169423660E1,4.732408905E0
1.554561883E1,3.156935120E1,-2.099264557E1,6.749763794E0
1.555563283E1,2.858994690E1,-2.010813492E1,9.078471222E0
1.556564683E1,2.482108429E1,-1.867905670E1,8.128396912E0
1.557566083E1,2.128483795E1,-1.663161438E1,3.518583069E0
1.558567483E1,1.935205719E1,-1.399724258E1,-2.433339844E0
1.559568883E1,1.802821014E1,-1.030247589E1,-7.378606110E0
1.560570283E1,1.493818588E1,-7.903414764E0,-9.333391113E0
1.561571683E1,1.209290268E1,-6.882537689E0,-9.582024078E0
1.562573083E1,1.018931122E1,-6.064788208E0,-9.534423065E0
1.563574583E1,7.483537903E0,-5.334906006E0,-9.179211731E0
1.564575983E1,4.257147217E0,-4.950804749E0,-8.805289307E0
1.565577383E1,1.704655151E0,-5.266498260E0,-8.954229584E0
1.566578783E1,-3.728746033E-1,-6.130501556E0,-9.112600250E0
1.567580183E1,-2.608176270E0,-7.307503967E0,-8.269253998E0
1.568581583E1,-4.554878082E0,-8.574618988E0,-6.433621216E0
1.569582983E1,-5.638175354E0,-9.672735443E0,-3.731590118E0
1.570584383E1,-5.654641113E0,-1.010638367E1,-1.464404755E0
1.571585783E1,-5.104385376E0,-1.072100555E1,4.358935547E-1
1.572587183E1,-4.742438049E0,-1.097891922E1,2.889591064E0
1.573588683E1,-4.725223846E0,-1.125180176E1,4.997208252E0
1.574590083E1,-5.103636932E0,-1.205577988E1,5.315895538E0
1.575591483E1,-5.441184998E0,-1.337049591E1,4.234544220E0
1.576592883E1,-5.742957458E0,-1.438493637E1,3.422632599E0
1.577594283E1,-7.169940033E0,-1.545715668E1,4.375251617E0
1.578595683E1,-9.439071350E0,-1.666140244E1,6.338269501E0
1.579597083E1,-1.086829926E1,-1.747046997E1,9.717492371E0
1.580598483E1,-1.077234879E1,-1.778376846E1,1.444810501E1
1.581599883E1,-9.513017578E0,-1.844733856E1,1.997551071E1
1.582601283E1,-8.045469360E0,-1.878847916E1,2.234523285E1
1.583602783E1,-7.714806976E0,-1.961401245E1,2.083562210E1
1.584604183E1,-8.456813965E0,-2.259296768E1,2.037637711E1
1.585605583E1,-7.602989502E0,-2.627680710E1,1.889311157E1
1.586606983E1,-5.160967712E0,-2.905757446E1,1.250095413E1
1.587608383E1,-1.203497314E0,-3.020838135E1,5.198539581E0
1.588609783E1,2.504142609E0,-2.810435669E1,-4.267326050E0
1.589611183E1,3.878584442E0,-2.628069901E1,-1.321377182E1
1.590612583E1,3.924089813E0,-2.599224884E1,-1.826516739E1
1.591613983E1,5.426964569E0,-2.981215530E1,-1.983869522E1
1.592615383E1,9.387728119E0,-3.471146713E1,-2.074655731E1
1.593616883E1,1.433119812E1,-3.895454361E1,-2.024180695E1
1.594618283E1,1.928424820E1,-4.389052917E1,-2.052411987E1
1.595619683E1,2.316537735E1,-4.663971222E1,-2.621663223E1
1.596621171E1,2.714724701E1,-4.658417770E1,-3.300561447E1
1.597622571E1,2.921414886E1,-4.342335068E1,-4.094989426E1
1.598623971E1,2.729079849E1,-3.780987396E1,-5.225887711E1
1.599625371E1,2.118843842E1,-3.408651672E1,-5.973807404E1
1.600626771E1,1.611458954E1,-3.238530441E1,-6.231646225E1
1.601628171E1,1.542676987E1,-3.036914703E1,-6.279920837E1
1.602629571E1,1.890269165E1,-2.805181595E1,-6.309918457E1
1.603631071E1,2.120729919E1,-2.521296936E1,-6.061839340E1
1.604632471E1,2.063728455E1,-2.343511642E1,-5.588239197E1
1.605633871E1,1.903726181E1,-2.199151840E1,-4.600787613E1
1.606635271E1,1.781011368E1,-2.079400864E1,-3.610881134E1
1.607636671E1,1.644824570E1,-2.054432785E1,-2.888333679E1
1.608638071E1,1.507365417E1,-2.060884369E1,-2.176743439E1
1.609639471E1,1.403062317E1,-1.987342300E1,-1.743140121E1
1.610640871E1,1.329505280E1,-1.837309296E1,-1.578213089E1
1.611642271E1,1.350267105E1,-1.727048584E1,-1.540760971E1
1.612643671E1,1.358470047E1,-1.822924210E1,-1.193333450E1
1.613645171E1,1.293984146E1,-1.994093262E1,-6.396199036E0
1.614646571E1,1.186642365E1,-2.094654144E1,-1.543440399E0
1.615647971E1,1.088431595E1,-2.094324829E1,1.307530975E0
1.616649371E1,1.054916290E1,-2.022833496E1,3.269800415E0
1.617650771E1,1.066666855E1,-1.900492905E1,4.906646576E0
1.618652171E1,1.172781189E1,-1.879611328E1,1.129027176E1
1.619653571E1,1.015817596E1,-1.875659546E1,2.167328018E1
1.620654971E1,3.991898804E0,-1.820169937E1,2.668755295E1
1.621656371E1,-2.103126526E0,-1.711989899E1,2.945035767E1
1.622657771E1,-7.601791992E0,-1.553828796E1,3.466251892E1
1.623659271E1,-1.237865845E1,-1.441816727E1,3.904061462E1
1.624660671E1,-1.677800995E1,-1.421249496E1,3.900199493E1
1.625662071E1,-2.052561676E1,-1.539428741E1,3.537084595E1
1.626663471E1,-2.176743439E1,-1.826172455E1,3.268483154E1
1.627664871E1,-2.080718124E1,-2.177911011E1,2.790646820E1
1.628666271E1,-1.933678894E1,-2.639610901E1,2.135713760E1
1.629667671E1,-1.832189941E1,-3.314437592E1,1.568438416E1
1.630669071E1,-1.294582901E1,-3.765105423E1,8.066425781E0
1.631670471E1,-3.296744385E0,-3.712519775E1,-5.683381348E0
1.632671871E1,2.679727478E0,-3.543536179E1,-1.840677292E1
1.633673371E1,6.159092102E0,-3.396990921E1,-2.981874161E1
1.634674771E1,1.093685669E1,-3.189971420E1,-3.852493698E1
1.635676171E1,1.468745728E1,-3.195689529E1,-4.246818695E1
1.636677571E1,1.829226105E1,-3.057796280E1,-4.477893173E1
1.637678971E1,2.228685425E1,-2.699606140E1,-4.715464142E1
1.638680371E1,2.622127258E1,-2.226305374E1,-5.055781448E1
1.639681771E1,2.723601242E1,-1.866917725E1,-5.337884811E1
1.640683171E1,2.526521072E1,-1.645737671E1,-5.359454956E1
1.641684571E1,2.160606995E1,-1.600935837E1,-5.032430008E1
1.642685971E1,1.693188995E1,-1.696721649E1,-4.627417236E1
1.643687371E1,1.327319824E1,-1.729099319E1,-4.504193481E1
1.644688871E1,1.046803162E1,-1.859957199E1,-4.038990875E1
1.645690271E1,9.277407532E0,-1.923739563E1,-3.228785706E1
1.646691671E1,9.438472595E0,-1.993359787E1,-2.444776062E1
1.647693071E1,8.841963043E0,-2.048205734E1,-1.569261703E1
1.648694471E1,8.687933350E0,-1.898262543E1,-9.002579041E0
1.649695871E1,9.119785309E0,-1.637010818E1,-5.874234467E0
1.650697271E1,9.686357117E0,-1.422432037E1,-3.474125519E0
1.651698671E1,1.057446030E1,-1.282053955E1,2.630030823E-1
1.652700071E1,1.143636795E1,-1.224932739E1,5.563630371E0
1.653701471E1,1.113968491E1,-1.221355179E1,1.165401535E1
1.654702971E1,1.016625916E1,-1.198243240E1,1.818119202E1
1.655704371E1,8.877738647E0,-1.139744888E1,2.562581085E1
1.656705771E1,7.535180511E0,-9.002429352E0,2.976051270E1
1.657707171E1,5.560786285E0,-6.507717133E0,2.985107437E1
1.658708571E1,1.979633331E0,-4.637655945E0,3.112911667E1
1.659709971E1,-4.743635559E-1,-2.362836456E0,3.251298889E1
1.660711371E1,-1.521136780E0,-2.019899597E0,3.104798538E1
1.661712771E1,-3.260968781E0,-3.390150146E0,2.801903412E1
1.662714171E1,-6.923103333E0,-7.031477966E0,2.089834167E1
1.663715571E1,-1.221639587E1,-1.197404984E1,1.261801071E1
1.664717071E1,-1.648881134E1,-1.716285965E1,5.740113373E0
1.665718471E1,-1.615380798E1,-2.004885818E1,7.852670288E-1
1.666719871E1,-1.211266159E1,-2.045122147E1,-1.939367065E0
1.667721271E1,-7.957751770E0,-2.135010223E1,-4.182602234E0
1.668722671E1,-4.445156250E0,-2.145548309E1,-8.955876160E0
1.669724071E1,-1.439406738E0,-2.084445374E1,-1.708217743E1
1.670725471E1,1.561852112E0,-2.265823196E1,-2.346505417E1
1.671726871E1,4.455185394E0,-2.529125656E1,-2.635808807E1
1.672728271E1,7.398514709E0,-2.671329941E1,-2.830853210E1
1.673729671E1,1.036250107E1,-2.790482162E1,-3.097329071E1
1.674731171E1,1.207778412E1,-2.660327820E1,-3.589655273E1
1.675732571E1,1.230755630E1,-2.249896317E1,-4.317831024E1
1.676733971E1,1.362302078E1,-2.111913254E1,-5.035348938E1
1.677735371E1,1.164099243E1,-1.959545105E1,-5.490312836E1
1.678736771E1,1.190384583E1,-1.743244904E1,-5.417609024E1
1.679738171E1,1.140193954E1,-1.675750259E1,-4.743156555E1
1.680739571E1,8.667575684E0,-1.673744431E1,-3.310575623E1
1.681740971E1,8.184829559E0,-1.709969101E1,-2.460044312E1
1.682742371E1,6.468199310E0,-1.613614471E1,-1.669163956E1
1.683743771E1,3.974085846E0,-1.495031067E1,-8.753796387E0
1.684745171E1,1.983974304E0,-1.359248428E1,-4.466861115E0
1.685746671E1,8.807684326E-1,-1.254331604E1,-5.559439087E-1
1.686748071E1,-5.825885010E-1,-1.212403793E1,4.724176025E0
1.687749471E1,-7.665559387E-1,-1.158575729E1,9.305399323E0
1.688750871E1,-1.249152374E0,-9.234895935E0,1.495704666E1
1.689752271E1,-1.253343658E0,-7.965834961E0,1.670151901E1
1.690753671E1,-2.900967407E-1,-6.032006378E0,1.505389526E1
1.691755071E1,-6.653663635E-1,-5.754184113E0,1.386955811E1
1.692756471E1,-2.134112091E0,-7.181466064E0,1.103071152E1
1.693757871E1,-2.185006256E0,-7.729476471E0,6.203549652E0
1.694759271E1,-1.622925110E0,-7.856113129E0,1.046773224E0
1.695760771E1,2.683918762E-1,-7.439679108E0,-3.590283966E0
1.696761887E1,3.134631500E0,-6.177803192E0,-7.115004272E0
1.697763287E1,5.547613678E0,-6.236181793E0,-7.583230591E0
1.698764687E1,5.717360687E0,-7.434889069E0,-8.672066345E0
1.699766088E1,6.224356384E0,-6.333180084E0,-1.227836700E1
1.700767487E1,6.189029846E0,-5.481151886E0,-1.682935318E1
1.701768888E1,5.438191223E0,-4.705764313E0,-2.134591095E1
1.702770287E1,5.548811188E0,-3.083587646E0,-2.570305023E1
1.703771688E1,4.353097687E0,-1.186582489E0,-3.047617447E1
1.704773087E1,4.510121155E-1,3.788621521E-1,-3.661445984E1
1.705774488E1,-3.635190582E0,-1.711391144E0,-4.223242722E1
1.706775987E1,-8.877139893E0,-7.299271088E0,-4.208303787E1
1.707777388E1,-1.182570831E1,-1.326751007E1,-3.190555206E1
1.708778787E1,-9.466464386E0,-1.870300690E1,-2.153990753E1
1.709780188E1,-3.943100281E0,-2.300940170E1,-1.126018433E1
1.710781587E1,3.562741241E0,-2.406440781E1,4.632865906E-1
1.711782988E1,1.166554138E1,-1.927541656E1,1.039797729E1
1.712784387E1,1.625978760E1,-1.167856430E1,1.261531631E1
1.713785788E1,1.857786713E1,-4.365671539E0,7.210505676E0
1.714787187E1,1.975172607E1,9.422904968E-1,3.109932861E0
1.715788587E1,2.118963593E1,5.473667450E0,4.553530884E-1
1.716790087E1,2.186353455E1,1.009485764E1,-1.995650024E0
1.717791488E1,2.130055527E1,1.228136078E1,-3.388653259E0
1.718792887E1,1.882395538E1,1.196985855E1,-3.738026733E0
1.719794288E1,1.487711288E1,1.063673080E1,-4.536017303E0
1.720795687E1,1.060514648E1,9.081315308E0,-5.350773010E0
1.721797087E1,6.339766388E0,7.717651062E0,-6.079008636E0
1.722798487E1,3.042722626E0,6.762786713E0,-7.207362213E0
1.723799887E1,1.386416931E0,6.190826111E0,-7.557334442E0
1.724801288E1,1.149160309E0,6.396797791E0,-7.424859924E0
1.725802687E1,2.184108124E0,7.359745331E0,-7.537725220E0
1.726804187E1,3.996239777E0,8.490793304E0,-8.438851318E0
1.727805588E1,6.009553070E0,8.666378174E0,-9.373956757E0
1.728806987E1,7.514523468E0,7.778724060E0,-1.010249176E1
1.729808387E1,6.088289337E0,7.874824219E0,-4.824766846E0
1.730809787E1,7.664062500E0,5.874384155E0,-8.294252014E-1
1.731811187E1,7.853867798E0,3.637735291E0,-6.358776855E-1
1.732812588E1,7.360493774E0,2.351609802E0,-8.681945801E-3
1.733813987E1,7.175478516E0,1.215472412E0,7.288343811E-1
1.734815388E1,6.210135956E0,8.503816223E-1,9.439370728E-1
1.735816787E1,6.126609650E0,9.451345825E-1,9.729766846E-2
1.736818188E1,5.501808929E0,1.274000702E0,-1.045126648E0
1.737819687E1,4.580624542E0,1.431323547E0,-1.815424805E0
1.738821087E1,3.859723663E0,1.391506348E0,-2.482886810E0
1.739822487E1,2.941982117E0,1.760039978E0,-2.982847137E0
1.740823888E1,1.824705505E0,1.927242279E0,-2.769989777E0
1.741825287E1,1.371597748E0,2.604284363E0,-1.821262665E0
1.742826688E1,2.748135223E0,3.677702179E0,-1.603764954E0
1.743828087E1,4.565505981E0,3.572920074E0,-3.785178680E0
1.744829488E1,3.977079620E0,3.930676117E0,-6.269412689E0
1.745830887E1,2.376607819E0,5.035378876E0,-7.891888733E0
1.746832288E1,2.377056885E-1,6.142476654E0,-8.366252289E0
1.747833687E1,-1.588945770E0,6.156547394E0,-7.361990662E0
1.748835188E1,-2.895279236E0,6.072122955E0,-5.398523712E0
1.749836587E1,-2.096989288E0,6.690337372E0,-3.308420105E0
1.750837988E1,1.376387787E0,7.957302704E0,-3.067271576E0
1.751839387E1,5.021906891E0,9.693991241E0,-3.460952911E0
1.752840788E1,6.622079315E0,1.115360596E1,-3.177741852E0
1.753842187E1,4.687202911E0,1.182286423E1,-3.066373444E0
1.754843587E1,2.211052094E0,1.122949814E1,-3.622467041E0
1.755844987E1,-3.517684937E-2,1.134415970E1,-3.922443237E0
1.756846387E1,-7.472460938E-1,1.137619308E1,-4.479434967E0
1.757847788E1,-9.574090576E-1,1.129116989E1,-3.640429688E0
1.758849288E1,1.416055298E-1,1.111468689E1,-1.412612457E0
1.759850687E1,2.317331085E0,1.144504990E1,1.053958282E0
1.760852088E1,3.908073120E0,1.287188278E1,3.545077972E0
1.761853487E1,4.195774841E0,1.396895142E1,4.750970306E0
1.762854887E1,2.219734039E0,1.362586487E1,4.356690216E0
1.763856287E1,-5.487588501E-1,1.300809952E1,2.313738556E0
1.764857687E1,-2.980452118E0,1.219753510E1,3.935316467E-1
1.765859088E1,-5.329816589E0,1.123638382E1,-7.937992859E-1
1.766860487E1,-5.739664307E0,1.033615585E1,3.589535522E-1
1.767861888E1,-2.607876892E0,1.053329590E1,3.682043152E0
1.768863287E1,1.257984009E0,1.211670319E1,8.230035553E0
1.769864688E1,4.146826630E0,1.324475739E1,1.115659973E1
1.770866187E1,5.401966553E0,1.343366455E1,1.093985046E1
1.771867587E1,5.122048645E0,1.324879898E1,7.948920135E0
1.772868987E1,3.303929443E0,1.303384598E1,3.568429413E0
1.773870388E1,-2.836601257E-1,1.293669800E1,-8.717871094E-1
1.774871787E1,-1.484163666E0,1.238524475E1,-1.182690582E0
1.775873188E1,-1.122366028E0,1.254286697E1,1.303190002E0
1.776874587E1,-6.631210327E-1,1.234991821E1,3.704047394E0
1.777875988E1,7.729925537E-1,1.190189987E1,5.573659515E0
1.778877387E1,2.096091156E0,1.206550964E1,7.035070496E0
1.779878788E1,1.677561493E0,1.187705154E1,5.236859894E0
1.780880287E1,5.074447632E-1,1.090587112E1,3.405717773E0
1.781881688E1,2.871029663E-1,1.053224808E1,3.854484558E0
1.782883087E1,7.696994019E-1,1.123024658E1,4.445156250E0
1.783884488E1,9.193881226E-1,1.133847153E1,5.431904297E0
1.784885887E1,1.200353851E0,1.114881592E1,5.846392365E0
1.785887288E1,6.337820435E-1,1.107127716E1,5.278473358E0
1.786888687E1,-2.061213684E-1,1.052012329E1,3.462300110E0
1.787890088E1,-1.269060974E0,9.692194977E0,2.073338470E0
1.788891487E1,-1.473685455E0,9.185498657E0,2.640059967E0
1.789892887E1,-8.220904541E-1,9.261989594E0,4.615651703E0
1.790894288E1,-2.618055725E-1,9.416019287E0,6.062991943E0
1.791895788E1,3.079096985E-1,9.786349182E0,6.687792664E0
1.792897187E1,8.849597168E-1,1.038824753E1,6.612499237E0
1.793898588E1,1.201102295E0,1.073642349E1,5.866750031E0
1.794899987E1,8.068222046E-1,1.046428940E1,4.268822937E0
1.795901387E1,-3.059637451E-1,9.949360199E0,3.393143921E0
1.796902858E1,-1.280736694E0,9.441017303E0,4.348307648E0
1.797904258E1,-1.215173035E0,9.095984802E0,5.958658905E0
1.798905658E1,-5.480104065E-1,9.133406982E0,7.531887360E0
1.799907058E1,5.029541016E-2,9.410780182E0,8.329129486E0
1.800908458E1,3.670367432E-1,9.569300537E0,7.928562469E0
1.801909858E1,3.570075989E-1,9.525591431E0,6.962920532E0
1.802911358E1,1.904040527E-1,9.400152283E0,5.726940765E0
1.803912758E1,-3.600013733E-1,9.012458496E0,4.437971191E0
1.804914158E1,-1.126407623E0,8.576115875E0,3.887565765E0
1.805915558E1,-1.237177277E0,8.369096375E0,4.471800842E0
1.806916958E1,-6.849755859E-1,8.504414978E0,5.441783752E0
1.807918358E1,-2.499801636E-2,8.837921448E0,6.064638519E0
1.808919758E1,7.589218140E-1,9.232500916E0,6.560257874E0
1.809921158E1,1.110241241E0,9.501192169E0,6.575376434E0
1.810922558E1,1.122964783E0,9.513316956E0,6.126010895E0
1.811923958E1,8.038284302E-1,9.220675507E0,5.903573456E0
1.812925358E1,3.944297791E-1,8.966504059E0,5.939199371E0
1.813926758E1,3.499722290E-1,8.911119232E0,6.183940430E0
1.814928258E1,4.776567078E-1,8.853938141E0,6.027964783E0
1.815929658E1,7.819738770E-1,8.891510010E0,5.622308350E0
1.816931058E1,1.107247467E0,9.131910095E0,5.328469391E0
1.817932458E1,1.271156616E0,9.503587189E0,5.007536774E0
1.818933858E1,1.479972382E0,9.640851746E0,4.664749603E0
1.819935258E1,2.095791779E0,9.755812683E0,4.939428406E0
1.820936658E1,2.581980743E0,9.806407471E0,5.473966827E0
1.821938058E1,2.274669800E0,9.411528625E0,5.531746674E0
1.822939458E1,1.597478027E0,8.766220551E0,5.306016083E0
1.823940858E1,1.138382721E0,8.635093231E0,5.239404602E0
1.824942258E1,9.913883972E-1,8.618777161E0,5.445226593E0
1.825943758E1,7.011419678E-1,8.624315643E0,5.365592194E0
1.826945158E1,4.896318054E-1,8.613837433E0,5.025349731E0
1.827946558E1,5.412744141E-1,8.676706696E0,4.534969482E0
1.828947958E1,1.023122406E0,8.832382965E0,4.149820404E0
1.829949358E1,1.594334564E0,8.895551605E0,4.188889160E0
1.830950758E1,2.045496368E0,9.038803711E0,4.509821777E0
1.831952158E1,2.114502869E0,9.003926239E0,5.006339264E0
1.832953558E1,1.683549042E0,8.871152344E0,5.210065613E0
1.833954958E1,1.107097778E0,8.678652649E0,5.269492035E0
1.834956358E1,6.565347290E-1,8.409212952E0,5.256020050E0
1.835957758E1,4.418811035E-1,8.297245789E0,4.997208252E0
1.836959158E1,8.053253174E-1,8.372090149E0,4.777016144E0
1.837960658E1,1.308429108E0,8.490793304E0,4.653822327E0
1.838962058E1,1.523232422E0,8.569080505E0,4.494703217E0
1.839963458E1,1.477277985E0,8.465495911E0,4.560117188E0
1.840964858E1,1.103056183E0,8.211923218E0,4.789739685E0
1.841966258E1,8.408015442E-1,8.072263641E0,5.130281525E0
1.842967658E1,7.321275330E-1,7.925718384E0,5.516927490E0
1.843969058E1,6.746470642E-1,7.808362427E0,5.551804962E0
1.844970458E1,6.066883850E-1,7.799381104E0,5.164709930E0
1.845971858E1,5.131329346E-1,7.721842346E0,5.017266541E0
1.846973258E1,4.950205994E-1,7.644602966E0,5.040468292E0
1.847974658E1,4.192781067E-1,7.550299072E0,4.964426422E0
1.848976058E1,7.780819702E-1,7.976762238E0,1.905687103E0
1.849977558E1,1.257984009E0,8.346792755E0,2.416874084E0
1.850978958E1,1.646426239E0,8.288563843E0,2.797532501E0
1.851980358E1,1.699565735E0,8.336164856E0,3.721860352E0
1.852981758E1,1.518143005E0,8.189769287E0,5.192552032E0
1.853983158E1,1.150058441E0,7.832162933E0,5.465584259E0
1.854984558E1,5.908213806E-1,7.629933472E0,5.754184113E0
1.855985958E1,4.062551880E-1,7.550897827E0,5.908513184E0
1.856987358E1,6.372248840E-1,7.776029663E0,5.293591919E0
1.857988758E1,1.096020813E0,8.262068939E0,4.297712860E0