"Time (s)","X (rad/s)","Y (rad/s)","Z (rad/s)"
3.576625000E-3,5.010224879E-2,4.763500392E-1,3.056057692E-1
1.359162500E-2,3.496697173E-2,5.758491755E-1,2.869021297E-1
2.360562500E-2,1.038189791E-2,7.050988078E-1,2.621456683E-1
3.361962500E-2,-7.593753934E-2,7.728821039E-1,2.557351589E-1
4.363362500E-2,-2.808376849E-1,8.247189522E-1,2.545165122E-1
5.364862500E-2,-5.414513946E-1,9.036777020E-1,3.059192300E-1
6.366262500E-2,-9.168910980E-1,8.646520972E-1,3.154543340E-1
7.367662500E-2,-1.228527904E0,8.594354987E-1,3.929792047E-1
8.369062500E-2,-1.372495770E0,8.835303187E-1,4.509287477E-1
9.370562500E-2,-1.369016051E0,9.490091801E-1,5.030859709E-1
1.037196250E-1,-1.180419683E0,1.034492970E0,5.701078773E-1
1.137336250E-1,-8.728873730E-1,9.790484905E-1,5.791128278E-1
1.237476250E-1,-6.902641654E-1,5.277854800E-1,4.841200709E-1
1.337626250E-1,-5.496239662E-1,3.471160829E-1,3.594465852E-1
1.437766250E-1,-4.004225731E-1,5.206744075E-1,2.858945727E-1
1.537906250E-1,-3.889991939E-1,7.908084393E-1,2.066996247E-1
1.638056250E-1,-5.041180849E-1,1.004315495E0,1.344604939E-1
1.738196250E-1,-6.433713436E-1,1.332731962E0,1.283125728E-1
1.838336250E-1,-7.584874630E-1,1.606891513E0,1.939966828E-1
1.938476250E-1,-8.407051563E-1,1.513812184E0,2.845140696E-1
2.038626250E-1,-8.993369341E-1,1.078806162E0,3.906482160E-1
2.138766250E-1,-9.016887546E-1,5.676379800E-1,4.811128676E-1
2.238906250E-1,-6.797677875E-1,6.401007175E-1,5.637558699E-1
2.339046250E-1,-3.874498606E-1,5.760388970E-1,5.074563622E-1
2.439196250E-1,-1.272843778E-1,3.748963177E-1,3.101765811E-1
2.539336250E-1,8.637197316E-2,5.362164378E-1,1.378055811E-1
2.639476250E-1,9.091551602E-2,4.763312340E-1,3.720888123E-2
2.739616250E-1,8.390101790E-2,6.373081803E-1,-2.632002532E-2
2.839766250E-1,1.909741610E-1,1.142211437E0,-3.984570503E-2
2.939906250E-1,2.242791355E-1,1.489986181E0,-1.245829090E-2
3.040046250E-1,1.204830706E-1,1.493682623E0,8.428669721E-2
3.140186250E-1,-7.593624294E-2,1.429716945E0,1.474984288E-1
3.240336250E-1,-4.031471610E-1,1.249688387E0,1.315657794E-1
3.340476250E-1,-5.149432421E-1,2.364618480E-1,8.105439693E-2
3.440616250E-1,-3.300527930E-1,-1.292917967E0,1.792055741E-2
3.540756250E-1,2.177182212E-2,-2.176470041E0,-4.087085277E-2
3.640906250E-1,5.441964865E-1,-2.471280575E0,2.228588425E-2
3.741046250E-1,1.042773485E0,-2.361087561E0,1.566173285E-1
3.841186250E-1,1.337469935E0,-1.750773907E0,3.045387864E-1
3.941336250E-1,1.292676806E0,-1.467005849E0,2.360979468E-1
4.041476250E-1,1.084650159E0,-1.699466348E0,-6.443949044E-2
4.141616250E-1,9.170784950E-1,-2.084149361E0,-2.879434228E-1
4.241756250E-1,8.618521690E-1,-1.968618989E0,-2.069318295E-1
4.341906250E-1,1.213956833E0,-1.637692213E0,4.201821685E-1
4.442046250E-1,1.799173713E0,-1.595973134E0,9.028836489E-1
4.542186250E-1,2.238999605E0,-2.006806374E0,6.286653876E-1
4.642326250E-1,2.459257126E0,-2.715463877E0,2.468438074E-2
4.742476250E-1,2.735374451E0,-3.088836432E0,-4.930868745E-1
4.842616250E-1,3.129680395E0,-2.986772060E0,-7.286217213E-1
4.942756250E-1,3.509450197E0,-2.272889137E0,-8.117743731E-1
5.042896250E-1,3.550551653E0,-1.513857007E0,-1.107021570E0
5.143046250E-1,3.335578918E0,-1.385178089E0,-1.532978535E0
5.243186250E-1,3.178392410E0,-1.882476687E0,-1.912679315E0
5.343326250E-1,3.071743011E0,-2.321707964E0,-2.134928703E0
5.443466250E-1,2.989634514E0,-2.264139414E0,-2.015856504E0
5.543616250E-1,2.742666483E0,-1.875895619E0,-1.937796474E0
5.643756250E-1,2.355408669E0,-1.628165603E0,-1.776533246E0
5.743896250E-1,1.828589916E0,-1.661139488E0,-1.160621285E0
5.844036250E-1,1.228173137E0,-1.295708299E0,-6.428867579E-1
5.944186250E-1,5.605584383E-1,-5.098180175E-1,-1.389251053E-1
6.044326250E-1,1.312149689E-4,3.207614422E-1,6.102942228E-1
6.144466250E-1,-2.199601382E-1,7.867461443E-1,1.375322104E0
6.244606250E-1,-7.620115578E-2,6.348514557E-1,1.894302130E0
6.344756250E-1,1.611421704E-1,-8.568250388E-2,2.259444475E0
6.444896250E-1,3.197542727E-1,-9.710761905E-1,2.715142488E0
6.545036250E-1,2.608576715E-1,-1.590714931E0,3.364476681E0
6.645186250E-1,-4.824230820E-2,-6.588386297E-1,4.556687832E0
6.745326250E-1,-2.571454644E-1,-1.052845716E0,5.642403126E0
6.845466250E-1,-4.303742647E-1,-1.190437555E0,6.390915871E0
6.945606250E-1,-5.100004002E-2,-1.120365500E0,6.976177216E0
7.045756250E-1,8.323403001E-1,-1.061774135E0,7.462960243E0
7.145896250E-1,1.669776917E0,-1.590094209E0,7.936521530E0
7.246036250E-1,2.079900742E0,-2.603611708E0,8.162437439E0
7.346176250E-1,2.248090744E0,-3.799713612E0,8.168251038E0
7.446326250E-1,2.271935463E0,-4.787178516E0,8.099642754E0
7.546466250E-1,2.192687511E0,-5.094587326E0,7.957914352E0
7.646606250E-1,2.167387486E0,-4.799007893E0,8.142601013E0
7.746746250E-1,2.286354065E0,-4.125815868E0,8.614027023E0
7.846896250E-1,2.595152617E0,-3.529277086E0,9.085306168E0
7.947036250E-1,2.852718353E0,-3.444193840E0,9.038501740E0
8.047176250E-1,2.791509628E0,-3.629499912E0,8.393277168E0
8.147316250E-1,2.442967892E0,-3.838942528E0,7.452663898E0
8.247466250E-1,1.432641149E0,-4.152839661E0,6.374239922E0
8.347606250E-1,2.900985628E-2,-4.421195030E0,5.486647606E0
8.447746250E-1,-8.566244245E-1,-4.739912510E0,4.866682053E0
8.547886250E-1,-1.139102697E0,-4.778611183E0,4.149544239E0
8.648036250E-1,-1.486982584E0,-4.205005646E0,3.051811695E0
8.748176250E-1,-2.273156404E0,-2.846549034E0,1.820066214E0
8.848316250E-1,-3.733466148E0,-1.293217778E0,4.958580732E-1
8.948456250E-1,-5.237963200E0,7.205382735E-2,-7.755126357E-1
9.048606250E-1,-6.226714134E0,8.846104145E-1,-1.972804785E0
9.148746250E-1,-6.803780556E0,9.124329686E-1,-3.102053881E0
9.248886250E-1,-7.158440590E0,5.400980711E-1,-4.155828953E0
9.349036250E-1,-7.456444263E0,2.526277006E-1,-5.081858635E0
9.449176250E-1,-7.715926170E0,1.616997272E-2,-5.860926151E0
9.549310833E-1,-7.866387844E0,-2.483764663E-2,-6.469808102E0
9.649450833E-1,-7.849038601E0,5.494560003E-1,-6.727773190E0
9.749600833E-1,-7.560628414E0,1.232495904E0,-6.588981628E0
9.849740833E-1,-7.088831902E0,1.890989423E0,-6.155342102E0
9.949880833E-1,-6.463371754E0,2.321350336E0,-5.561689377E0
1.005002083E0,-5.598170280E0,2.327224493E0,-4.682101250E0
1.015017083E0,-4.518952370E0,1.797016025E0,-3.564785719E0
1.025031083E0,-3.166639090E0,8.302658200E-1,-2.377945900E0
1.035045083E0,-1.478075624E0,-1.212739572E-1,-1.111159682E0
1.045059083E0,2.469367236E-1,-5.810491443E-1,1.119310111E-1
1.055074083E0,1.512907863E0,-5.872756243E-1,1.309925795E0
1.065088083E0,2.309645414E0,-4.727740884E-1,2.581881285E0
1.075102083E0,2.812560320E0,-7.853903174E-1,3.934302330E0
1.085116083E0,3.193693161E0,-1.407631040E0,5.031505108E0
1.095131083E0,3.720155478E0,-1.982441306E0,5.826457977E0
1.105145083E0,4.175063610E0,-2.309952021E0,6.313510418E0
1.115159083E0,4.304129124E0,-2.401933432E0,6.559516907E0
1.125173083E0,4.316031456E0,-2.377200603E0,6.828971863E0
1.135188083E0,4.276457787E0,-2.304084301E0,6.949144363E0
1.145202083E0,4.417498589E0,-2.464116573E0,6.950220585E0
1.155216083E0,4.678897381E0,-2.903086662E0,6.832975388E0
1.165230083E0,4.583654404E0,-3.155579090E0,6.560088158E0
1.175245083E0,4.030545235E0,-2.973033667E0,6.246752262E0
1.185259083E0,3.175850868E0,-2.477110624E0,5.827402592E0
1.195273083E0,1.904279828E0,-2.107978344E0,5.017392635E0
1.205287083E0,6.552253962E-1,-2.009051800E0,4.091361046E0
1.215302083E0,-1.935688257E-1,-1.876247287E0,3.251095295E0
1.225316083E0,-8.859383464E-1,-1.733864784E0,2.503058910E0
1.235330083E0,-1.502216697E0,-1.565025449E0,1.904091358E0
1.245345083E0,-2.109919071E0,-1.471532941E0,1.347891212E0
1.255359083E0,-2.656447411E0,-1.470122576E0,8.224759102E-1
1.265373083E0,-3.166204453E0,-1.395793915E0,3.332192302E-1
1.275387083E0,-3.722581625E0,-1.280882835E0,-1.728058755E-1
1.285402083E0,-4.188529491E0,-1.374232531E0,-6.798216701E-1
1.295416083E0,-4.498171806E0,-1.744789004E0,-1.164312720E0
1.305430083E0,-4.765921593E0,-2.358541727E0,-1.613772035E0
1.315444083E0,-5.037032127E0,-3.046093941E0,-1.904265046E0
1.325459083E0,-5.306572914E0,-3.334992170E0,-2.083412886E0
1.335473083E0,-5.640218258E0,-3.228241444E0,-2.190024614E0
1.345487083E0,-6.034266949E0,-2.607396126E0,-2.246203661E0
1.355501083E0,-6.454802990E0,-1.260955930E0,-2.365445614E0
1.365516083E0,-6.883619785E0,2.238358706E-1,-2.580100298E0
1.375530083E0,-7.080352783E0,1.390088201E0,-3.002933979E0
1.385544083E0,-6.712114334E0,2.027313232E0,-3.231208563E0
1.395558083E0,-5.732450962E0,2.106976271E0,-2.992307425E0
1.405573083E0,-4.402055740E0,1.741064668E0,-2.401813745E0
1.415587083E0,-2.862746000E0,1.210369349E0,-1.704929829E0
1.425601083E0,-1.392456055E0,7.638476491E-1,-1.007066488E0
1.435615083E0,-2.213994265E-1,6.145175695E-1,-3.629945517E-1
1.445630083E0,5.452429056E-1,7.345219851E-1,2.304556668E-1
1.455644083E0,9.974950552E-1,1.056444883E0,8.138072491E-1
1.465658083E0,1.286385894E0,1.388419628E0,1.442733049E0
1.475672083E0,1.591641903E0,1.534192801E0,2.072157383E0
1.485687083E0,2.088741779E0,1.463366389E0,2.694730043E0
1.495701083E0,2.742780447E0,1.093220830E0,3.265102625E0
1.505715083E0,3.164203644E0,5.259186625E-1,3.723738194E0
1.515729083E0,3.490277529E0,2.208852675E-3,4.172318459E0
1.525744083E0,3.806855440E0,-3.216966391E-1,4.490714550E0
1.535758083E0,4.048735142E0,-3.978172541E-1,4.752042294E0
1.545772083E0,4.348066807E0,-3.078247011E-1,5.174642563E0
1.555786083E0,4.549217701E0,-1.673813164E-1,5.578984261E0
1.565801083E0,4.205087185E0,-1.904294044E-1,5.797164440E0
1.575815083E0,3.711958885E0,-2.672237754E-1,6.033257961E0
1.585829083E0,3.510109425E0,-4.253899157E-1,6.224166870E0
1.595844083E0,3.818114996E0,-9.919430614E-1,6.329250813E0
1.605858083E0,4.324458599E0,-2.000528574E0,6.136773109E0
1.615872083E0,4.324127197E0,-2.700691462E0,5.640707970E0
1.625886083E0,3.634743929E0,-2.471231937E0,5.149546146E0
1.635901083E0,2.016021013E0,-1.638028622E0,4.584699631E0
1.645915083E0,2.078165710E-1,-6.761748791E-1,3.945946932E0
1.655929083E0,-1.105966568E0,-2.433885634E-1,3.167951107E0
1.665943083E0,-1.826825261E0,-3.874498606E-1,2.238739252E0
1.675958083E0,-2.426205635E0,-5.688686371E-1,1.367743254E0
1.685972083E0,-3.149559259E0,-5.497099757E-1,6.103192568E-1
1.695986083E0,-3.939285994E0,-5.449157953E-1,-7.316294312E-2
1.706000083E0,-4.619343758E0,-7.009885907E-1,-6.612049341E-1
1.716015083E0,-5.144199371E0,-9.106033444E-1,-1.112013340E0
1.726029083E0,-5.559086323E0,-1.224251866E0,-1.398323059E0
1.736043083E0,-5.830990791E0,-1.711381793E0,-1.479502916E0
1.746057083E0,-5.959209442E0,-2.285250902E0,-1.463000655E0
1.756072083E0,-6.020673275E0,-2.900158882E0,-1.445920229E0
1.766086083E0,-6.123091221E0,-3.246395350E0,-1.413525820E0
1.776100083E0,-6.267547607E0,-2.953350306E0,-1.399416447E0
1.786114083E0,-6.249370575E0,-2.052308321E0,-1.466508269E0
1.796129083E0,-5.711785316E0,-1.020374060E0,-1.674267292E0
1.806143083E0,-4.776951790E0,-5.832273364E-1,-1.903359294E0
1.816157083E0,-3.932973623E0,-3.426363170E-1,-2.006619692E0
1.826171083E0,-3.397679806E0,-3.230737746E-1,-2.054953575E0
1.836186083E0,-3.121496201E0,-4.247364998E-1,-2.010866404E0
1.846200083E0,-3.032320976E0,-5.221865177E-1,-1.810816407E0
1.856214083E0,-2.760664701E0,-5.351116657E-1,-1.449187398E0
1.866228083E0,-1.947054505E0,-2.275316864E-1,-8.526684046E-1
1.876243083E0,-8.173040748E-1,1.956677735E-1,-2.708542347E-1
1.886257083E0,5.877817273E-1,5.926125646E-1,1.293272376E-1
1.896271083E0,2.389090061E0,9.475666881E-1,5.866069198E-1
1.906285083E0,4.305935383E0,1.033726096E0,1.442932963E0
1.916300083E0,6.080531597E0,7.666272521E-1,2.774989843E0
1.926314083E0,7.484872341E0,1.018148139E-1,4.142356396E0
1.936328083E0,8.119806290E0,-4.843626320E-1,5.055988312E0
1.946343083E0,7.909310341E0,-4.904563427E-1,5.179100513E0
1.956357583E0,6.887364388E0,-3.159260750E-1,4.723666668E0
1.966371583E0,5.266589165E0,-2.017585188E-1,4.178401947E0
1.976385583E0,3.537615538E0,-3.547344804E-1,3.875947952E0
1.986399583E0,1.895464420E0,-1.058136702E0,3.622670650E0
1.996414583E0,1.284525156E0,-1.291384339E0,3.243828297E0
2.006428583E0,9.037035704E-1,-1.382040858E0,2.781651735E0
2.016442583E0,5.346094370E-1,-1.240790248E0,2.189282656E0
2.026457583E0,2.805953100E-2,-7.622624636E-1,1.553657293E0
2.036471583E0,-6.803966761E-1,-7.904633135E-2,9.206026196E-1
2.046485583E0,-1.323126078E0,6.173111200E-1,4.841143489E-1
2.056499583E0,-1.761733294E0,1.143452168E0,2.725810409E-1
2.066514583E0,-1.975643158E0,1.295958281E0,1.686050743E-1
2.076528583E0,-1.922463775E0,1.032099485E0,1.388578266E-1
2.086542583E0,-1.621765137E0,3.873820901E-1,1.029214710E-1
2.096556583E0,-1.158563614E0,-4.362018108E-1,-1.782172918E-2
2.106571583E0,-7.110688686E-1,-1.145955324E0,-1.490388662E-1
2.116585583E0,-3.237983584E-1,-1.654526472E0,-2.838600576E-1
2.126599583E0,5.921118334E-2,-1.945960522E0,-4.649911821E-1
2.136613583E0,3.522997797E-1,-1.730604053E0,-6.372007728E-1
2.146628583E0,4.438195825E-1,-1.128184080E0,-9.627048969E-1
2.156642583E0,2.220690697E-1,-3.014936149E-1,-1.476415992E0
2.166656583E0,-2.504578829E-1,5.627956986E-1,-2.186551809E0
2.176670583E0,-8.119693995E-1,1.293991566E0,-2.982072830E0
2.186685583E0,-1.354797482E0,1.812714696E0,-3.770588875E0
2.196699583E0,-1.687466264E0,1.998280048E0,-4.464158535E0
2.206713583E0,-1.722204328E0,1.978735924E0,-5.063379288E0
2.216727583E0,-1.730072618E0,1.994000316E0,-5.622016430E0
2.226742583E0,-1.856896281E0,2.261222601E0,-6.117298603E0
2.236756583E0,-2.065830469E0,2.757964373E0,-6.494170189E0
2.246770583E0,-2.331728935E0,3.209867239E0,-6.847614765E0
2.256784583E0,-2.544988871E0,3.424560785E0,-7.268448353E0
2.266799583E0,-2.665827274E0,3.321175098E0,-7.799306393E0
2.276813583E0,-2.647910833E0,3.050781727E0,-8.228557587E0
2.286827583E0,-2.554308414E0,2.683684826E0,-8.520651817E0
2.296841583E0,-2.489386320E0,2.332699537E0,-8.509283066E0
2.306856583E0,-2.607687712E0,2.025913477E0,-8.018286705E0
2.316870583E0,-2.945608616E0,1.789722919E0,-7.501430988E0
2.326884583E0,-3.147644043E0,1.710361600E0,-7.083750725E0
2.336898583E0,-3.247709513E0,1.705437422E0,-6.789074898E0
2.346913583E0,-3.334130764E0,1.610441566E0,-6.640573978E0
2.356927583E0,-3.454183578E0,1.543245912E0,-6.645354748E0
2.366941583E0,-3.586079836E0,1.694082975E0,-6.670834541E0
2.376955583E0,-3.686463356E0,2.114218235E0,-6.479171276E0
2.386970583E0,-3.803845167E0,2.640040159E0,-5.988574505E0
2.396984583E0,-3.995162725E0,3.077292204E0,-5.324522495E0
2.406998583E0,-4.169802189E0,3.348734617E0,-4.659746647E0
2.417012583E0,-4.120516777E0,3.445402861E0,-4.035337925E0
2.427027583E0,-3.823010445E0,3.390456676E0,-3.486866474E0
2.437041583E0,-3.501639366E0,3.483717918E0,-2.924362659E0
2.447055583E0,-3.366778135E0,3.595790863E0,-2.217166901E0
2.457069583E0,-3.391674519E0,3.517890453E0,-1.398587227E0
2.467084583E0,-3.436311007E0,3.226396322E0,-5.399617553E-1
2.477098583E0,-3.303216696E0,2.695925474E0,3.284636736E-1
2.487112583E0,-2.697506666E0,2.069192171E0,1.272511244E0
2.497126583E0,-1.479437113E0,1.445525885E0,2.494019032E0
2.507141583E0,3.166183829E-1,9.953359962E-1,3.968142986E0
2.517155583E0,2.381817102E0,7.910709977E-1,5.501250744E0
2.527169583E0,4.355147362E0,4.738427699E-1,6.721551418E0
2.537183583E0,5.944983959E0,-1.914620101E-1,7.399575233E0
2.547198583E0,7.136499882E0,-9.908887148E-1,7.495840073E0
2.557212583E0,7.778264523E0,-2.065281391E0,7.150926113E0
2.567226583E0,8.023838043E0,-2.901388645E0,6.947854042E0
2.577240583E0,8.111167908E0,-3.274723291E0,7.300696373E0
2.587255583E0,7.917968273E0,-2.895819664E0,7.915924072E0
2.597269583E0,7.601387501E0,-1.974619389E0,8.710610390E0
2.607283583E0,7.507524490E0,-1.086388588E0,9.471370697E0
2.617298583E0,7.477999210E0,-9.522443414E-1,9.870632172E0
2.627312583E0,7.485500813E0,-1.745283842E0,9.889041901E0
2.637326583E0,7.188652992E0,-3.635609627E0,9.111132622E0
2.647340583E0,6.333734035E0,-5.345727921E0,8.192599297E0
2.657354583E0,4.808464050E0,-5.795783997E0,7.461956024E0
2.667369583E0,2.794919252E0,-4.681865215E0,6.578470707E0
2.677383583E0,9.579614997E-1,-3.344220638E0,5.345911503E0
2.687397583E0,-3.331827223E-1,-2.379071236E0,4.024166107E0
2.697412583E0,-1.419672847E0,-1.885148406E0,2.868521214E0
2.707426583E0,-2.384256840E0,-1.613227963E0,1.926095247E0
2.717440583E0,-3.319276810E0,-1.716015100E0,1.041157961E0
2.727454583E0,-4.348269939E0,-2.017892122E0,1.287428737E-1
2.737469583E0,-5.443201542E0,-2.150737047E0,-7.240124941E-1
2.747483583E0,-6.603367329E0,-1.573071957E0,-1.618226647E0
2.757497583E0,-7.907495022E0,-4.677187204E-1,-2.492878437E0
2.767511583E0,-9.190094948E0,6.840443611E-1,-3.099416256E0
2.777526583E0,-1.015500736E1,1.602872133E0,-3.477983236E0
2.787540583E0,-1.059137440E1,2.078335524E0,-3.723380327E0
2.797554583E0,-1.051341534E1,2.152431726E0,-3.856531620E0
2.807568583E0,-9.870907784E0,1.917461872E0,-3.901818991E0
2.817583583E0,-9.011442184E0,1.527609706E0,-3.961910486E0
2.827597583E0,-8.223913193E0,1.139975548E0,-4.142030716E0
2.837611583E0,-7.124879837E0,1.171596408E0,-4.277290821E0
2.847625583E0,-5.527213573E0,1.355517626E0,-3.868871927E0
2.857640583E0,-3.838902712E0,1.562486291E0,-2.963122129E0
2.867654583E0,-2.230320215E0,1.728266478E0,-1.760238409E0
2.877668583E0,-7.779695988E-1,1.648420095E0,-4.300214648E-1
2.887682583E0,4.445499182E-1,1.446854472E0,8.186938167E-1
2.897697583E0,1.713955998E0,1.468529224E0,1.887706399E0
2.907711583E0,3.041598558E0,1.490002155E0,2.677136660E0
2.917725583E0,4.235179424E0,1.250282764E0,3.283051252E0
2.927739583E0,5.316689014E0,6.916433573E-1,3.979404211E0
2.937754583E0,6.340216160E0,-1.128332037E-2,4.694775581E0
2.947768583E0,7.297873020E0,-3.836852908E-1,5.474352837E0
2.957782500E0,8.249758720E0,-3.137349784E-1,6.208815575E0
2.967796500E0,8.744621277E0,-2.415310591E-1,6.683194637E0
2.977811500E0,8.705183029E0,1.396862976E-2,7.063828468E0
2.987825500E0,8.112959862E0,3.300651014E-1,7.454776287E0
2.997839500E0,6.856902599E0,2.898660302E-1,7.632408142E0
3.007853500E0,5.390757561E0,-5.724742413E-1,7.507169247E0
3.017868500E0,4.045121193E0,-1.878869176E0,7.206214905E0
3.027882500E0,2.972805738E0,-3.093832493E0,6.623377800E0
3.037896500E0,2.057679176E0,-3.693093061E0,5.935272694E0
3.047910500E0,1.147713065E0,-3.442390680E0,5.215876579E0
3.057925500E0,-3.684937488E-3,-3.095725298E0,4.238625050E0
3.067939500E0,-1.188548684E0,-2.858734131E0,3.262749195E0
3.077953500E0,-2.366978407E0,-2.787933350E0,2.301655769E0
3.087967500E0,-3.504943609E0,-2.443737745E0,1.258772254E0
3.097982500E0,-4.484765530E0,-1.554353476E0,3.453223705E-1
3.107996500E0,-5.352272511E0,-6.818111539E-1,-3.816576004E-1
3.118010500E0,-5.929570675E0,1.689441353E-1,-8.426178098E-1
3.128024500E0,-6.228363514E0,7.253663540E-1,-1.096966147E0
3.138039500E0,-6.288931370E0,9.599482417E-1,-1.215599895E0
3.148053500E0,-6.211243629E0,7.788660526E-1,-1.388337970E0
3.158067500E0,-6.152423382E0,3.189799786E-1,-1.622237086E0
3.168081500E0,-6.201773643E0,-1.018800214E-1,-1.897595048E0
3.178096500E0,-6.398451328E0,-4.215531051E-1,-2.231970549E0
3.188110500E0,-6.658036709E0,-5.548380613E-1,-2.440479517E0
3.198124500E0,-6.853317261E0,-2.266649604E-1,-2.400696039E0
3.208138500E0,-6.623444557E0,2.015739828E-1,-2.125234127E0
3.218153500E0,-5.422186852E0,4.678336382E-1,-1.681716204E0
3.228167500E0,-3.198449373E0,4.766063094E-1,-1.160194159E0
3.238181500E0,-7.036353350E-1,1.500969231E-1,-7.539322376E-1
3.248195500E0,1.196929216E0,-1.320238262E-1,-3.614871204E-1
3.258210500E0,2.484083176E0,9.137943387E-2,2.062271833E-1
3.268224500E0,3.101110697E0,7.393205166E-1,9.514115453E-1
3.278238500E0,3.191071033E0,1.434134722E0,1.770034432E0
3.288252500E0,3.267685890E0,1.849448204E0,2.486101866E0
3.298267500E0,3.800230742E0,1.589910030E0,2.740144253E0
3.308281500E0,4.562356472E0,8.314392567E-1,2.768375397E0
3.318295500E0,5.377746582E0,2.854288816E-1,3.041860580E0
3.328309500E0,5.995831490E0,3.044227958E-1,3.583130360E0
3.338324500E0,6.128491879E0,8.334451318E-1,4.139014244E0
3.348338500E0,6.019835949E0,1.550756693E0,4.776091099E0
3.358352500E0,5.754401684E0,2.130648613E0,5.415165901E0
3.368366500E0,5.016125679E0,1.906339765E0,5.679782391E0
3.378381500E0,4.152081013E0,1.331264973E0,5.692510128E0
3.388395500E0,3.329193115E0,9.811606407E-1,5.611082554E0
3.398409500E0,2.499453306E0,6.440175176E-1,5.435754776E0
3.408423500E0,1.789275050E0,3.252406418E-1,5.301674366E0
3.418438500E0,9.788367748E-1,-5.542286038E-1,4.941905022E0
3.428452500E0,5.867865682E-2,-1.424189925E0,4.507059097E0
3.438466500E0,-9.762877822E-1,-1.540892601E0,4.030053616E0
3.448480500E0,-2.022442102E0,-1.384603739E0,3.193310976E0
3.458495500E0,-2.832096815E0,-1.013568640E0,2.147579908E0
3.468509500E0,-3.384642124E0,-8.863618374E-1,1.060756445E0
3.478523500E0,-3.879655838E0,-9.839608073E-1,9.100715816E-2
3.488537500E0,-4.413584232E0,-1.042041540E0,-6.200348139E-1
3.498552500E0,-4.924101353E0,-1.015009403E0,-1.157902598E0
3.508566500E0,-5.312345505E0,-9.953191876E-1,-1.633772850E0
3.518580500E0,-5.622795582E0,-1.066034079E0,-1.934338808E0
3.528594500E0,-5.936460972E0,-7.686779499E-1,-1.959333062E0
3.538609500E0,-6.091894627E0,-3.765069842E-1,-1.730126739E0
3.548623500E0,-5.917071342E0,-1.880774349E-1,-1.498522997E0
3.558637500E0,-5.453491688E0,-2.463319600E-1,-1.395490646E0
3.568651500E0,-4.852670193E0,-5.654618740E-1,-1.417108059E0
3.578666500E0,-4.310261726E0,-1.192849040E0,-1.506427526E0
3.588680500E0,-3.989079714E0,-1.773701668E0,-1.588219762E0
3.598694500E0,-4.027025223E0,-2.004582405E0,-1.539678812E0
3.608708500E0,-4.243523121E0,-1.739490151E0,-1.222193599E0
3.618723500E0,-4.201147556E0,-9.473096728E-1,-7.834827900E-1
3.628737500E0,-3.406364202E0,1.504583806E-1,-4.367701411E-1
3.638751500E0,-1.560323119E0,1.301329851E0,-2.298715562E-1
3.648765500E0,8.643907309E-1,2.249299049E0,-6.056667864E-2
3.658780500E0,3.056647778E0,3.116443634E0,2.672689557E-1
3.668794500E0,4.475581169E0,3.870376348E0,8.233960271E-1
3.678808500E0,5.281047821E0,4.657041073E0,1.588514328E0
3.688822500E0,5.661167622E0,5.127505779E0,2.343884706E0
3.698837500E0,5.736730576E0,4.756330490E0,3.000689983E0
3.708851500E0,5.714029312E0,3.772507191E0,3.684606791E0
3.718865500E0,5.914249420E0,2.309488297E0,4.236245155E0
3.728879500E0,6.052776814E0,7.046597600E-1,4.716034889E0
3.738894500E0,5.780060768E0,-1.685658097E-2,5.339365959E0
3.748908500E0,4.924677372E0,5.291024446E-1,5.915728092E0
3.758922500E0,3.718625307E0,1.203623056E0,6.298185825E0
3.768936500E0,2.678517103E0,1.110515594E0,6.330726147E0
3.778951500E0,1.534425139E0,3.531578779E-1,6.028996468E0
3.788965500E0,1.091172457E0,-8.616269231E-1,6.175370216E0
3.798979500E0,-1.529387832E-1,-2.325206280E0,5.639832020E0
3.808993500E0,-1.269898057E0,-3.156381369E0,5.014678478E0
3.819008500E0,-2.157522678E0,-3.516340733E0,4.460813999E0
3.829022500E0,-2.619731665E0,-3.630847931E0,3.884956837E0
3.839036500E0,-3.012298584E0,-3.493914604E0,3.317323208E0
3.849050500E0,-3.492749929E0,-3.014721155E0,2.813191891E0
3.859065500E0,-4.081786156E0,-2.428807974E0,2.329143524E0
3.869079500E0,-4.545130253E0,-2.061515093E0,1.782974005E0
3.879093500E0,-4.829414368E0,-1.956025839E0,1.201214194E0
3.889107500E0,-5.053911686E0,-1.946175694E0,6.759245396E-1
3.899122500E0,-5.244602680E0,-1.905769706E0,2.276665866E-1
3.909136500E0,-5.336136341E0,-1.723406196E0,-1.371416599E-1
3.919150500E0,-5.354740620E0,-1.396945834E0,-4.173469543E-1
3.929164500E0,-5.275330067E0,-1.081550598E0,-6.651969552E-1
3.939179500E0,-5.100250244E0,-8.435050249E-1,-9.164392948E-1
3.949193500E0,-4.903572559E0,-8.493929505E-1,-1.216934085E0
3.959207583E0,-4.698863506E0,-7.006538510E-1,-1.372773767E0
3.969221583E0,-4.450963020E0,-4.974992871E-1,-1.344528675E0
3.979236583E0,-4.146255970E0,-2.233561575E-1,-1.297145486E0
3.989250583E0,-3.826462984E0,1.813139468E-1,-1.314199448E0
3.999264583E0,-3.515900135E0,6.951213479E-1,-1.349857330E0
4.009278583E0,-3.144246340E0,1.334394455E0,-1.540202022E0
4.019293583E0,-2.481093407E0,2.074589968E0,-1.884172916E0
4.029307583E0,-1.429637074E0,2.965050459E0,-2.140790701E0
4.039321583E0,-2.796881795E-1,3.916145325E0,-2.127586126E0
4.049335583E0,8.128235340E-1,4.824668407E0,-1.745676517E0
4.059350583E0,1.838773489E0,5.432877064E0,-1.148162842E0
4.069364583E0,2.850705385E0,5.231781006E0,-2.085921019E-1
4.079378583E0,3.813572884E0,4.539388180E0,1.038771272E0
4.089392583E0,4.764334202E0,3.470671177E0,2.347034931E0
4.099406583E0,5.489758015E0,2.280978918E0,3.810983419E0
4.109421583E0,5.623461246E0,1.231509686E0,5.176626205E0
4.119435583E0,5.402560711E0,4.632519782E-1,6.159195900E0
4.129449583E0,4.740353584E0,-2.038519830E-1,6.847494602E0
4.139463583E0,4.004010201E0,-1.087382078E0,7.302462101E0
4.149478583E0,3.395966530E0,-1.921386600E0,7.491510391E0
4.159492583E0,2.851090908E0,-2.469059706E0,7.437780380E0
4.169506583E0,2.350279093E0,-2.707756996E0,7.169973850E0
4.179520583E0,1.816214085E0,-2.545614481E0,6.706948757E0
4.189535583E0,1.210064769E0,-2.045010090E0,6.037345409E0
4.199549583E0,6.667867899E-1,-1.523249507E0,5.197734356E0
4.209563583E0,3.392287493E-1,-1.290698290E0,4.296373844E0
4.219577583E0,2.276108712E-1,-1.253590584E0,3.396559954E0
4.229592583E0,2.178987712E-1,-1.051164031E0,2.570908070E0
4.239606583E0,2.162502706E-1,-6.800132394E-1,1.801484942E0
4.249620583E0,1.379104257E-1,-3.388046622E-1,1.021468639E0
4.259634583E0,-2.599968016E-2,-1.298772693E-1,2.764467597E-1
4.269649583E0,-2.542774081E-1,-6.001124904E-2,-4.289329052E-1
4.279663583E0,-5.928344131E-1,-2.296532840E-1,-1.165528178E0
4.289677583E0,-1.137510896E0,-4.496285915E-1,-1.816140771E0
4.299691583E0,-1.794262648E0,-5.916403532E-1,-2.380147696E0
4.309706583E0,-2.407190561E0,-7.147041559E-1,-2.921379328E0
4.319720583E0,-2.933644772E0,-8.770815730E-1,-3.388329029E0
4.329734583E0,-3.321833611E0,-1.030674458E0,-3.843261003E0
4.339748583E0,-3.696074247E0,-1.063130975E0,-4.278765202E0
4.349763583E0,-4.042094231E0,-9.113934636E-1,-4.687113762E0
4.359777583E0,-4.270102978E0,-6.908330917E-1,-5.181302547E0
4.369791583E0,-4.476235390E0,-4.082049429E-1,-5.808851242E0
4.379805583E0,-4.812619686E0,4.720330983E-2,-6.464972496E0
4.389820583E0,-5.151612282E0,6.085922718E-1,-7.127312183E0
4.399834583E0,-5.487314224E0,1.307045698E0,-7.666659832E0
4.409848583E0,-5.730399609E0,2.132303238E0,-8.081367493E0
4.419862583E0,-5.799329281E0,2.829378605E0,-8.431737900E0
4.429877583E0,-5.685581207E0,3.351328135E0,-8.800829887E0
4.439891583E0,-5.461692333E0,3.862437487E0,-9.129906654E0
4.449905583E0,-5.248651028E0,4.334405422E0,-9.352767944E0
4.459919583E0,-5.082962990E0,4.793601513E0,-9.498954773E0
4.469934583E0,-4.954364300E0,5.172235489E0,-9.510885239E0
4.479948583E0,-4.801897049E0,5.557964802E0,-9.318766594E0
4.489962583E0,-4.519289494E0,5.965328217E0,-9.068222046E0
4.499976583E0,-4.314074993E0,6.076414585E0,-8.964851379E0
4.509990583E0,-4.175955772E0,5.997714520E0,-9.036525726E0
4.520005583E0,-4.138841152E0,5.968910694E0,-9.126687050E0
4.530019583E0,-4.236167908E0,5.965589046E0,-9.076936722E0
4.540033583E0,-4.364931583E0,6.033182621E0,-8.715168953E0
4.550047583E0,-4.367096901E0,6.233276367E0,-7.926546574E0
4.560062583E0,-4.196598053E0,6.376717567E0,-6.980779648E0
4.570076583E0,-3.814037323E0,6.316035271E0,-5.987892628E0
4.580090583E0,-3.285311222E0,5.962714672E0,-5.168798923E0
4.590104583E0,-2.601644039E0,5.367250919E0,-4.706495285E0
4.600119583E0,-1.990885377E0,4.625712872E0,-4.636326790E0
4.610133583E0,-1.649186015E0,3.961418867E0,-4.740331650E0
4.620147583E0,-1.561861992E0,3.362533569E0,-4.779786587E0
4.630161583E0,-1.654197097E0,2.812763214E0,-4.613376617E0
4.640176583E0,-1.799049258E0,2.568704844E0,-4.210524082E0
4.650190583E0,-1.909679294E0,2.919802666E0,-3.518128633E0
4.660204583E0,-2.157053709E0,3.530305147E0,-2.655105352E0
4.670218583E0,-2.588626385E0,4.203085423E0,-1.811445236E0
4.680233583E0,-3.055470943E0,4.750027657E0,-9.958363771E-1
4.690247583E0,-3.360334635E0,5.019182205E0,-2.072929591E-1
4.700261583E0,-3.274757862E0,4.553612232E0,4.271545708E-1
4.710275583E0,-3.009157658E0,3.573200226E0,6.999861002E-1
4.720290583E0,-2.710214615E0,2.563488245E0,7.342537642E-1
4.730304583E0,-2.404460430E0,2.144896984E0,8.527153134E-1
4.740318583E0,-2.205314636E0,2.264387608E0,1.186278224E0
4.750332583E0,-2.311129570E0,2.657423496E0,1.771339536E0
4.760347583E0,-2.488504410E0,2.854020834E0,2.497677565E0
4.770361583E0,-2.289525270E0,2.557946205E0,3.316482782E0
4.780375583E0,-1.460878134E0,2.014738083E0,4.185501575E0
4.790389583E0,-1.986931562E-1,1.613206029E0,4.918869972E0
4.800403583E0,1.306677341E0,1.440384507E0,5.451084614E0
4.810418583E0,2.799349070E0,1.173646092E0,5.447299004E0
4.820432583E0,3.940556049E0,2.538464963E-1,5.008363247E0
4.830446583E0,4.903405190E0,-9.241947532E-1,4.659941673E0
4.840460583E0,6.144337654E0,-2.211711407E0,4.512326241E0
4.850475583E0,7.599010944E0,-2.852882624E0,4.485027313E0
4.860489583E0,9.181531906E0,-2.741063118E0,4.740127087E0
4.870503583E0,1.047095299E1,-2.666883707E0,5.257689953E0
4.880517583E0,1.079255772E1,-2.110882521E0,6.007694721E0
4.890532583E0,1.063622379E1,-7.356250286E-1,6.790266037E0
4.900546583E0,1.004277229E1,5.071356297E-1,7.275930882E0
4.910560583E0,9.342258453E0,1.131180167E0,7.546187878E0
4.920574583E0,8.465893745E0,2.774684131E-1,7.001341343E0
4.930589583E0,7.251753807E0,-1.206718206E0,6.041169167E0
4.940603583E0,5.533652782E0,-2.021631956E0,5.464711666E0
4.950617583E0,3.529738188E0,-1.752446651E0,5.387350082E0
4.960631333E0,2.183598280E0,-1.094790936E0,5.322837353E0
4.970646333E0,1.710280657E0,-1.164022446E0,4.941121101E0
4.980660333E0,1.652713418E0,-1.521571279E0,4.847161770E0
4.990674333E0,1.017648697E0,-1.875941157E0,4.906840324E0
5.000688333E0,-2.443150803E-2,-2.540002823E0,4.729275227E0
5.010703333E0,-1.131643891E0,-3.151360750E0,4.385129929E0
5.020717333E0,-2.314105034E0,-3.582869053E0,3.877755880E0
5.030731333E0,-3.545187235E0,-3.974121809E0,3.272728682E0
5.040745333E0,-4.900564194E0,-3.901501894E0,2.466082096E0
5.050760333E0,-6.496448040E0,-3.146145344E0,1.542618275E0
5.060774333E0,-8.126525879E0,-2.122110128E0,8.282700181E-1
5.070788333E0,-9.606225967E0,-7.527008653E-1,4.609472752E-1
5.080802333E0,-1.066676617E1,5.961659551E-1,2.119297087E-1
5.090816333E0,-1.114111805E1,1.519866824E0,-1.026860103E-1
5.100831333E0,-1.101393604E1,1.853957415E0,-5.503042340E-1
5.110845333E0,-1.051422882E1,1.637431264E0,-1.091156363E0
5.120859333E0,-1.000402546E1,1.107499480E0,-1.733934164E0
5.130873333E0,-9.629158974E0,4.046870172E-1,-2.289760351E0
5.140888333E0,-9.125779152E0,-3.429632187E-1,-2.662454844E0
5.150902333E0,-8.043082237E0,-1.093704939E0,-2.675248146E0
5.160916333E0,-6.058186054E0,-1.808510184E0,-2.399614334E0
5.170930333E0,-3.017862320E0,-2.198850393E0,-1.968627214E0
5.180945333E0,5.163068175E-1,-2.208825588E0,-1.395348787E0
5.190959333E0,3.513459206E0,-1.831822276E0,-5.899004340E-1
5.200973333E0,5.400134563E0,-5.376536250E-1,4.381417632E-1
5.210987333E0,6.262908459E0,1.436308980E0,1.636093616E0
5.221002333E0,6.248794556E0,3.379682541E0,2.838719845E0
5.231016333E0,6.091824532E0,4.807579041E0,3.895222425E0
5.241030333E0,6.530418873E0,5.404644012E0,4.624433994E0
5.251044333E0,7.782523155E0,4.707635880E0,5.043022156E0
5.261059333E0,9.776215553E0,3.006527185E0,4.973043442E0
5.271073333E0,1.210537148E1,7.596475482E-1,4.310709953E0
5.281087333E0,1.384218025E1,-2.864772379E-1,3.819037914E0
5.291101333E0,1.388105202E1,1.152073741E0,4.644658089E0
5.301115333E0,1.113662148E1,4.393418312E0,6.438137531E0
5.311130333E0,7.266296387E0,5.750504017E0,7.430398464E0
5.321144333E0,4.365363598E0,3.475725412E0,7.485462666E0
5.331158333E0,3.092151642E0,1.986190975E-1,7.094540596E0
5.341172333E0,2.036581755E0,-2.397882462E0,6.665131569E0
5.351187333E0,6.950263977E-1,-3.307657480E0,6.297636509E0
5.361201333E0,-7.045363784E-1,-2.914165974E0,6.015265465E0
5.371215333E0,-1.716549873E0,-2.719761372E0,5.773600578E0
5.381229333E0,-2.233494759E0,-3.307068348E0,5.423265457E0
5.391244333E0,-2.593208313E0,-3.861915350E0,4.649185181E0
5.401258333E0,-3.424336672E0,-3.830403805E0,3.634715796E0
5.411272333E0,-4.643939018E0,-3.474740267E0,2.737876654E0
5.421286333E0,-5.787683964E0,-3.313398600E0,1.837982535E0
5.431301333E0,-6.752479553E0,-3.321341753E0,9.758467674E-1
5.441315333E0,-7.721459389E0,-3.225794792E0,2.713794708E-1
5.451329333E0,-8.508749008E0,-2.937857389E0,-2.196087986E-1
5.461343333E0,-8.797502518E0,-2.438574314E0,-4.913883805E-1
5.471357333E0,-8.640602112E0,-1.564168453E0,-6.856683493E-1
5.481372333E0,-8.412927628E0,-6.164008975E-1,-9.092686772E-1
5.491386333E0,-8.281036377E0,9.353817254E-2,-1.300902128E0
5.501400333E0,-7.811099052E0,7.583190799E-1,-1.779835701E0
5.511414333E0,-6.587285995E0,1.325067997E0,-2.117582798E0
5.521429333E0,-4.598320007E0,1.694157958E0,-2.294796705E0
5.531443333E0,-2.084716320E0,2.048630714E0,-2.106648207E0
5.541457333E0,1.119723171E-1,2.461945057E0,-1.541138530E0
5.551471333E0,1.651977777E0,3.288723230E0,-6.934633851E-1
5.561486333E0,2.617638588E0,4.512106419E0,2.573740482E-1
5.571500333E0,3.246388674E0,5.730924129E0,1.166470051E0
5.581514333E0,4.021350861E0,6.127318859E0,1.866979718E0
5.591528333E0,5.344593525E0,5.690443516E0,2.429094076E0
5.601543333E0,7.237326145E0,4.576653957E0,2.736679077E0
5.611557333E0,8.774281502E0,3.435029030E0,2.975607157E0
5.621571333E0,9.040094376E0,3.605411768E0,3.818164825E0
5.631585333E0,7.971813679E0,4.627778530E0,4.938845634E0
5.641599333E0,6.315984726E0,5.403691769E0,5.962578773E0
5.651614333E0,4.958156586E0,4.605834961E0,6.619408131E0
5.661628333E0,3.960390091E0,2.385199308E0,6.792830467E0
5.671642333E0,3.046993256E0,1.722584963E-1,6.700181484E0
5.681656333E0,1.852320910E0,-1.404994965E0,6.412867546E0
5.691671333E0,3.217529953E-1,-2.155034065E0,6.117707253E0
5.701685333E0,-1.086609721E0,-2.672812223E0,5.858522415E0
5.711699333E0,-2.110992908E0,-3.333292007E0,5.783101559E0
5.721713333E0,-2.784307957E0,-3.856980801E0,5.886026382E0
5.731728333E0,-3.159979343E0,-4.209272861E0,5.801488876E0
5.741742333E0,-3.544790268E0,-4.144397736E0,5.358689308E0
5.751756333E0,-4.198195934E0,-4.135708809E0,4.694411755E0
5.761770333E0,-5.052494049E0,-4.092696667E0,3.866849661E0
5.771784333E0,-5.985352993E0,-3.974717140E0,2.809909582E0
5.781799333E0,-6.867504597E0,-3.862056017E0,1.520254254E0
5.791813333E0,-7.557685852E0,-3.736297846E0,2.348351777E-1
5.801827333E0,-8.193220139E0,-3.078765631E0,-5.261415243E-1
5.811841333E0,-8.829400063E0,-1.727854133E0,-7.403922081E-1
5.821856333E0,-9.046802521E0,-1.157548651E-1,-8.411515951E-1
5.831870333E0,-8.662376404E0,1.011779308E0,-1.035541773E0
5.841884333E0,-7.663611889E0,1.601853728E0,-1.315539122E0
5.851898333E0,-6.357568741E0,1.767904282E0,-1.628161788E0
5.861913333E0,-5.033986092E0,1.635279417E0,-1.872462273E0
5.871927333E0,-3.946035147E0,1.160220146E0,-1.836814761E0
5.881941333E0,-2.893083334E0,6.681502461E-1,-1.482236981E0
5.891955333E0,-1.349292040E0,5.224408507E-1,-8.621717691E-1
5.901970333E0,3.718730807E-1,6.234787703E-1,-3.240922987E-1
5.911984333E0,1.991177559E0,8.935420513E-1,7.735745609E-2
5.921998333E0,3.501223564E0,1.551267147E0,5.831553936E-1
5.932012333E0,4.710509300E0,2.629829407E0,1.246619225E0
5.942026333E0,5.561225891E0,4.061168194E0,2.033020735E0
5.952041208E0,6.257954597E0,5.330773830E0,3.023495674E0
5.962055208E0,6.834602833E0,5.727270126E0,3.795977116E0
5.972069208E0,7.481039524E0,4.842881203E0,4.071862221E0
5.982083208E0,7.969248295E0,3.303309679E0,4.358019829E0
5.992098208E0,7.765201092E0,2.388749599E0,5.019546986E0
6.002112208E0,6.700834274E0,2.172740698E0,5.833417416E0
6.012126208E0,5.102534294E0,2.104895353E0,6.406759262E0
6.022140208E0,3.609947443E0,1.639663219E0,6.448067665E0
6.032155208E0,2.612891912E0,8.274082541E-1,6.256528378E0
6.042169208E0,1.977664828E0,-7.191791199E-3,6.057762623E0
6.052183208E0,1.406597614E0,-7.892276645E-1,5.828301430E0
6.062197208E0,6.044889688E-1,-1.473762631E0,5.533147812E0
6.072211208E0,-3.481781781E-1,-1.884703875E0,5.201420307E0
6.082226208E0,-1.314304352E0,-2.389554501E0,4.842917919E0
6.092240208E0,-1.906891823E0,-3.058432341E0,4.469764233E0
6.102254208E0,-2.283670902E0,-3.505432129E0,3.958787680E0
6.112268208E0,-2.819594145E0,-3.460044861E0,3.418677568E0
6.122283208E0,-3.519533157E0,-3.104015589E0,2.883730888E0
6.132297208E0,-4.242838860E0,-2.801445007E0,2.310091972E0
6.142311208E0,-4.834663391E0,-2.693029642E0,1.712254047E0
6.152325208E0,-5.292303085E0,-2.799561977E0,1.148366094E0
6.162340208E0,-5.666973114E0,-2.975247622E0,7.469977140E-1
6.172354208E0,-6.061415195E0,-2.949637890E0,4.126292765E-1
6.182368208E0,-6.381464005E0,-2.568930149E0,1.879719496E-1
6.192382208E0,-6.613432407E0,-2.040959835E0,1.961789876E-1
6.202396208E0,-6.535808086E0,-1.488258719E0,2.628419101E-1
6.212411208E0,-5.886826515E0,-1.037266493E0,2.058217376E-1
6.222425208E0,-4.971828461E0,-1.028309464E0,-8.475552313E-4
6.232439208E0,-4.211810112E0,-1.265164375E0,-3.124050200E-1
6.242453208E0,-3.811455727E0,-1.497188210E0,-5.763767362E-1
6.252468208E0,-3.766105890E0,-1.610438108E0,-7.642964125E-1
6.262482208E0,-3.943314075E0,-1.152061224E0,-7.879058719E-1
6.272496208E0,-4.221818447E0,-2.171309888E-1,-6.356425285E-1
6.282510208E0,-4.234312534E0,1.108878255E0,-4.142874777E-1
6.292524208E0,-3.992876053E0,2.302543640E0,-2.472807616E-1
6.302539208E0,-3.020049572E0,3.174864531E0,-1.052154973E-1
6.312553208E0,-8.527848721E-1,4.085358143E0,2.235245407E-1
6.322567208E0,1.175266623E0,4.209212303E0,5.375463963E-1
6.332581208E0,2.794338942E0,4.089289665E0,9.770184159E-1
6.342596208E0,3.947125912E0,4.111717701E0,1.590652227E0
6.352610208E0,4.498373985E0,4.149346828E0,2.127887726E0
6.362624208E0,4.462889671E0,4.047188282E0,2.486067295E0
6.372638208E0,4.286831856E0,3.594075918E0,2.615640640E0
6.382653208E0,4.098753929E0,2.349666357E0,2.671025991E0
6.392667208E0,3.468956709E0,8.926247954E-1,3.217817068E0
6.402681208E0,2.678792238E0,2.234909236E-1,4.043022156E0
6.412695208E0,2.217455864E0,1.626378745E-1,4.655599117E0
6.422709208E0,2.261206388E0,2.829496264E-1,5.169490814E0
6.432724208E0,2.446285009E0,6.139198542E-1,5.693629742E0
6.442738208E0,2.422485113E0,7.941884398E-1,6.281050205E0
6.452752208E0,2.419305086E0,2.278439552E-1,6.408135414E0
6.462766208E0,2.012437105E0,-8.755409718E-1,6.191336632E0
6.472781208E0,1.038459301E0,-1.667853355E0,5.973634720E0
6.482795208E0,-8.604270406E-3,-2.028996944E0,5.547873020E0
6.492809208E0,-7.152732611E-1,-2.295377254E0,4.836722851E0
6.502823208E0,-1.126903653E0,-2.673719168E0,4.093453884E0
6.512837208E0,-1.630495548E0,-2.935678482E0,3.471120834E0
6.522852208E0,-2.356134415E0,-2.996306896E0,2.908730745E0
6.532866208E0,-3.255723238E0,-2.487480402E0,2.478531361E0
6.542880208E0,-4.086909294E0,-1.702591777E0,2.179189682E0
6.552894208E0,-4.466705799E0,-1.093076348E0,1.864415884E0
6.562909208E0,-4.375585556E0,-9.910405874E-1,1.516199350E0
6.572923208E0,-4.053959846E0,-1.140497804E0,1.161920309E0
6.582937208E0,-3.782210588E0,-1.281157732E0,8.010265231E-1
6.592951208E0,-3.723394156E0,-1.505119085E0,3.901621997E-1
6.602965208E0,-3.818526268E0,-1.865779877E0,-1.359913349E-1
6.612980208E0,-3.989377499E0,-2.315700054E0,-6.471709013E-1
6.622994208E0,-4.216951370E0,-2.728271484E0,-7.846283913E-1
6.633008208E0,-4.358102322E0,-2.854013681E0,-5.736385584E-1
6.643022208E0,-4.126469612E0,-2.840698957E0,-3.763284683E-1
6.653037208E0,-3.603113651E0,-2.808966875E0,-3.615787327E-1
6.663051208E0,-2.945187330E0,-2.750285625E0,-4.646590352E-1
6.673065208E0,-2.424710035E0,-2.533771276E0,-6.263925433E-1
6.683079208E0,-2.105088949E0,-2.022484779E0,-7.636524439E-1
6.693093208E0,-1.729369164E0,-1.115557194E0,-7.377728820E-1
6.703108208E0,-1.167919993E0,1.573055089E-1,-5.907109976E-1
6.713122208E0,-3.183264136E-1,1.503973484E0,-4.254833758E-1
6.723136208E0,7.224337459E-1,2.759959936E0,-2.356242239E-1
6.733150208E0,1.678287029E0,3.975136042E0,2.740022354E-2
6.743165208E0,2.353872538E0,4.939018726E0,4.431894422E-1
6.753179208E0,2.710551023E0,5.442314148E0,1.032394052E0
6.763193208E0,2.983947039E0,5.363977909E0,1.850672364E0
6.773207208E0,3.521614313E0,4.601110935E0,2.853030920E0
6.783222208E0,4.361496925E0,3.392946243E0,4.052257538E0
6.793236208E0,5.271020412E0,2.219004393E0,5.521032333E0
6.803250208E0,6.064178467E0,1.676409602E0,6.669550896E0
6.813264208E0,6.463627815E0,1.569985032E0,7.419909477E0
6.823278208E0,6.271967888E0,1.461256981E0,7.854339123E0
6.833293208E0,5.407090187E0,1.120778799E0,7.918397427E0
6.843307208E0,4.171858311E0,6.633313298E-1,7.841633320E0
6.853321208E0,2.552157164E0,-5.322055221E-1,7.275794506E0
6.863335208E0,5.417445898E-1,-2.097951412E0,6.216681957E0
6.873349208E0,-1.265448809E0,-2.964398861E0,5.062480927E0
6.883364208E0,-2.426246405E0,-3.035223246E0,4.036945820E0
6.893378208E0,-3.206714392E0,-2.705446482E0,3.164771557E0
6.903392208E0,-3.619883776E0,-2.250710487E0,2.468072653E0
6.913406208E0,-3.707813740E0,-1.777821898E0,2.028246641E0
6.923421208E0,-3.633967400E0,-1.547168255E0,1.770389318E0
6.933435208E0,-3.514505148E0,-1.601475954E0,1.608028650E0
6.943449208E0,-3.469272852E0,-1.833284974E0,1.488442302E0
6.953462708E0,-3.546621561E0,-2.094864607E0,1.244663477E0
6.963476708E0,-3.753850460E0,-2.376469374E0,8.408275843E-1
6.973491708E0,-4.138377190E0,-2.641175985E0,4.140711427E-1
6.983505708E0,-4.652262688E0,-2.827868938E0,4.501695186E-2
6.993519708E0,-5.197419167E0,-2.910968542E0,-2.292751670E-1
7.003533708E0,-5.616544247E0,-3.045976400E0,-4.901770651E-1
7.013548708E0,-5.757776737E0,-3.225492001E0,-7.938166261E-1
7.023562708E0,-5.563856125E0,-3.327441454E0,-1.005226612E0
7.033576708E0,-5.111692429E0,-3.208366156E0,-1.129212737E0
7.043590708E0,-4.506444931E0,-2.932588339E0,-1.276499033E0
7.053604708E0,-3.879735947E0,-2.570805550E0,-1.465371490E0
7.063619708E0,-3.193014145E0,-2.055923939E0,-1.651849508E0
7.073633708E0,-2.466562510E0,-1.492703676E0,-1.790506601E0
7.083647708E0,-1.781411052E0,-7.992399931E-1,-1.808674932E0
7.093661708E0,-1.139267445E0,2.481162399E-1,-1.607020140E0
7.103676708E0,-7.074339390E-1,1.493948102E0,-1.221289515E0
7.113690708E0,-2.084966749E-1,2.890479565E0,-7.907907367E-1
7.123704708E0,3.718255758E-1,4.113999844E0,-4.940110445E-1
7.133718708E0,1.076069236E0,4.750606060E0,-2.610997856E-1
7.143732708E0,1.952082515E0,4.683179855E0,-3.221334890E-2
7.153747708E0,2.826330423E0,4.075007439E0,2.509369552E-1
7.163761708E0,3.811003447E0,3.140597582E0,5.731381774E-1
7.173775708E0,4.582656384E0,2.487079382E0,1.099136233E0
7.183789708E0,4.969223499E0,2.522841930E0,1.793220401E0
7.193804708E0,4.747821331E0,2.819659710E0,2.341197014E0
7.203818708E0,4.206968307E0,3.171173573E0,2.878098965E0
7.213832708E0,3.802305937E0,3.413272858E0,3.442562103E0
7.223846708E0,3.502077103E0,3.261948109E0,4.017583847E0
7.233860708E0,3.229795218E0,2.734655142E0,4.550405025E0
7.243875708E0,3.003818750E0,1.888645172E0,4.961068153E0
7.253889708E0,2.600093603E0,9.149494767E-1,5.267407894E0
7.263903708E0,2.085300207E0,-4.700105265E-2,5.505985737E0
7.273917708E0,1.443343043E0,-8.635121584E-1,5.605283737E0
7.283932708E0,7.052147985E-1,-1.452745199E0,5.477796078E0
7.293946708E0,-1.334875375E-1,-1.851052642E0,5.196132183E0
7.303960708E0,-1.075237751E0,-2.077282667E0,4.814647198E0
7.313974708E0,-1.965672851E0,-2.323392868E0,4.295905590E0
7.323988708E0,-2.727633476E0,-2.749665260E0,3.631829023E0
7.334003708E0,-3.450077534E0,-3.187259197E0,3.012526035E0
7.344017708E0,-4.107025623E0,-3.287897825E0,2.496560335E0
7.354031708E0,-4.630129814E0,-3.109225512E0,1.915148854E0
7.364045708E0,-4.902082443E0,-2.954444885E0,1.347856402E0
7.374059708E0,-4.922287941E0,-2.725567102E0,8.471059203E-1
7.384074708E0,-4.845169067E0,-2.411576986E0,3.711180687E-1
7.394088708E0,-4.748312950E0,-2.157624006E0,-1.044384241E-1
7.404102708E0,-4.644393444E0,-1.956333995E0,-5.308603048E-1
7.414116708E0,-4.611415386E0,-1.844705820E0,-8.886482120E-1
7.424131708E0,-4.703962326E0,-1.711632967E0,-1.106392264E0
7.434145708E0,-4.877664566E0,-1.569533587E0,-1.119999886E0
7.444159708E0,-4.894656658E0,-1.618600011E0,-1.071746111E0
7.454173708E0,-4.557155132E0,-1.742243886E0,-1.173580289E0
7.464187708E0,-3.681976795E0,-1.467683792E0,-1.275647759E0
7.474202708E0,-2.472192764E0,-7.994918823E-1,-1.527236819E0
7.484216708E0,-1.274847150E0,-2.991078049E-2,-1.900721669E0
7.494230708E0,-2.790828943E-1,8.079267144E-1,-2.152357578E0
7.504244708E0,4.534105062E-1,1.750084639E0,-2.197612047E0
7.514259708E0,9.797503948E-1,2.556784391E0,-2.009611368E0
7.524273708E0,1.410089850E0,3.202173948E0,-1.716034174E0
7.534287708E0,1.882948160E0,3.579295874E0,-1.351290941E0
7.544301708E0,2.511818886E0,3.783272266E0,-9.346207380E-1
7.554315708E0,3.361259222E0,3.917549133E0,-3.935166597E-1
7.564330708E0,4.229116440E0,3.835122347E0,4.112980664E-1
7.574344708E0,4.840419769E0,3.650263071E0,1.558494210E0
7.584358708E0,5.240592957E0,3.257490396E0,2.697112799E0
7.594372708E0,5.507299900E0,2.645143986E0,3.643477440E0
7.604386708E0,5.612792969E0,1.755357265E0,4.294999599E0
7.614401708E0,5.450838566E0,1.060723066E0,4.667831421E0
7.624415708E0,4.907425880E0,6.008743048E-1,4.865622997E0
7.634429708E0,3.927694559E0,3.068695068E-1,4.949060440E0
7.644443708E0,2.761000633E0,1.071638539E-1,5.033240795E0
7.654458708E0,1.777944207E0,-3.086705878E-2,5.277065754E0
7.664472708E0,1.278222561E0,-3.391450047E-1,5.443115234E0
7.674486708E0,1.092243195E0,-6.361217499E-1,5.598474503E0
7.684500708E0,8.858591318E-1,-7.015308738E-1,5.676636219E0
7.694514708E0,6.813693643E-1,-8.086551428E-1,5.463509083E0
7.704529708E0,3.681656122E-1,-1.038241744E0,5.016282082E0
7.714543708E0,-2.350133508E-1,-1.319917798E0,4.460681915E0
7.724557708E0,-9.367647767E-1,-1.796862245E0,3.783480406E0
7.734571708E0,-1.667299509E0,-2.426178455E0,3.112224817E0
7.744585708E0,-2.412104130E0,-3.002004623E0,2.450088739E0
7.754600708E0,-3.227294445E0,-3.339820147E0,1.919024944E0
7.764614708E0,-3.962609768E0,-3.351476192E0,1.601114035E0
7.774628708E0,-4.526287556E0,-3.172205687E0,1.372263908E0
7.784642708E0,-4.863026142E0,-2.981545210E0,1.164386868E0
7.794656708E0,-4.972859383E0,-2.744971991E0,9.698308110E-1
7.804671708E0,-4.953429699E0,-2.605152845E0,7.962864637E-1
7.814685708E0,-4.854928493E0,-2.628099918E0,6.894328594E-1
7.824699708E0,-4.730588913E0,-2.586106539E0,6.531092525E-1
7.834713708E0,-4.430323601E0,-2.530434370E0,5.631738901E-1
7.844728708E0,-3.880865335E0,-2.410980940E0,3.480940759E-1
7.854742708E0,-3.247953892E0,-2.499594688E0,1.436441541E-1
7.864756708E0,-2.564788342E0,-2.589575052E0,-5.348515511E-2
7.874770708E0,-1.977542758E0,-2.495492935E0,-1.767944992E-1
7.884784708E0,-1.585890293E0,-2.140275955E0,-1.852697432E-1
7.894799708E0,-1.346309423E0,-1.653271437E0,-1.331439912E-1
7.904813708E0,-1.220997810E0,-1.112418532E0,-1.863984317E-1
7.914827708E0,-1.115459085E0,-6.020063758E-1,-3.366573751E-1
7.924841708E0,-8.457825780E-1,-3.071249425E-1,-5.235713124E-1
7.934855708E0,-2.745113969E-1,8.771438897E-2,-7.668995857E-1
7.944870708E0,4.879084826E-1,4.910543859E-1,-9.845386744E-1
7.954885875E0,1.362092972E0,1.047625303E0,-1.053959370E0
7.964899875E0,2.378510714E0,1.968324542E0,-8.421128988E-1
7.974913875E0,3.408700228E0,3.236482620E0,-3.506374061E-1
7.984928875E0,4.142877102E0,4.394843578E0,4.029364884E-1
7.994942875E0,4.719438553E0,5.173086643E0,1.341704130E0
8.004956875E0,5.433866501E0,4.828683853E0,2.384715557E0
8.014970875E0,5.940496445E0,3.484217882E0,3.690541983E0
8.024984875E0,6.081449032E0,1.700760245E0,5.235809326E0
8.034999875E0,5.967364311E0,-3.677642345E-2,6.394904613E0
8.045013875E0,5.479630947E0,-1.197141528E0,6.958871841E0
8.055027875E0,4.806222439E0,-1.509673595E0,7.094397545E0
8.065041875E0,3.636770964E0,-1.401198268E0,6.759778500E0
8.075055875E0,2.443038225E0,-9.979178905E-1,6.004566193E0
8.085070875E0,1.411973476E0,-4.902969897E-1,5.059435844E0
8.095084875E0,3.262533545E-1,2.183961868E-1,4.141172886E0
8.105098875E0,-9.087382555E-1,1.176149607E0,3.348072529E0
8.115112875E0,-1.895513892E0,2.009968996E0,2.687144756E0
8.125126875E0,-2.603466749E0,2.420292377E0,2.179070950E0
8.135141875E0,-3.017763853E0,2.320355654E0,1.914192438E0
8.145155875E0,-3.055521488E0,1.802636743E0,1.821273446E0
8.155169875E0,-2.826407671E0,1.065085173E0,1.836390018E0
8.165183875E0,-2.593763828E0,2.769558132E-1,1.958464742E0
8.175197875E0,-2.462186575E0,-2.465973049E-1,2.094308376E0
8.185212875E0,-2.311982393E0,-4.841949642E-1,2.099746227E0
8.195226875E0,-2.158618689E0,-5.787764192E-1,1.808569789E0
8.205240875E0,-2.177995443E0,-4.606903195E-1,1.373356462E0
8.215254875E0,-2.484025478E0,-4.816515371E-2,8.686717153E-1
8.225269875E0,-3.058950186E0,5.372413397E-1,2.795222104E-1
8.235283875E0,-3.721990108E0,1.209407210E0,-4.355283976E-1
8.245297875E0,-4.274893761E0,2.032089710E0,-1.215925455E0
8.255311875E0,-4.681468964E0,2.866674662E0,-1.999022484E0
8.265325875E0,-4.936542034E0,3.378775835E0,-2.680098057E0
8.275340875E0,-4.932182789E0,3.414808273E0,-3.203750372E0
8.285354875E0,-4.655159473E0,3.112553120E0,-3.601876497E0
8.295368875E0,-4.249123573E0,2.640411377E0,-3.917632341E0
8.305382875E0,-3.919685841E0,2.249908447E0,-4.119083405E0
8.315396875E0,-3.971974611E0,2.126304865E0,-4.339799404E0
8.325411875E0,-4.310564041E0,2.594958067E0,-4.633878708E0
8.335425875E0,-4.813273430E0,3.632643461E0,-5.043798923E0
8.345439875E0,-5.311398506E0,4.944147587E0,-5.460418224E0
8.355453875E0,-5.576400280E0,6.281810284E0,-5.872885704E0
8.365467875E0,-5.724170685E0,7.565632343E0,-6.213730812E0
8.375482875E0,-5.770348549E0,8.733462334E0,-6.399098873E0
8.385496875E0,-5.681641102E0,9.701932907E0,-6.479534626E0
8.395510875E0,-5.254023552E0,1.042273808E1,-6.480411530E0
8.405524875E0,-4.666695118E0,1.071523952E1,-6.389097214E0
8.415538875E0,-4.018356323E0,1.068931293E1,-6.220367432E0
8.425553875E0,-3.413028717E0,1.034658051E1,-6.026920795E0
8.435567875E0,-2.762018442E0,9.769516945E0,-5.916535854E0
8.445581875E0,-2.137634039E0,9.245853424E0,-5.922875404E0
8.455595875E0,-1.545720220E0,8.620523453E0,-5.972891808E0
8.465609875E0,-1.084509730E0,8.004625320E0,-5.929261208E0
8.475624875E0,-7.745047808E-1,7.541194439E0,-5.751460075E0
8.485638875E0,-7.025719881E-1,7.042259693E0,-5.534378529E0
8.495652875E0,-8.141665459E-1,6.616109848E0,-5.223211288E0
8.505666875E0,-9.026157260E-1,6.315554142E0,-4.718934059E0
8.515681875E0,-9.459066391E-1,5.798753738E0,-4.351453781E0
8.525695875E0,-9.618163705E-1,5.040221214E0,-4.208815575E0
8.535709875E0,-7.981170416E-1,4.561548233E0,-4.003825188E0
8.545723875E0,-5.472277999E-1,4.406213284E0,-3.845504522E0
8.555737875E0,-4.409323633E-1,4.588398933E0,-3.803478479E0
8.565752875E0,-5.484327078E-1,4.980484486E0,-3.759759665E0
8.575766875E0,-7.644663453E-1,5.521922112E0,-3.598018646E0
8.585780875E0,-9.043803215E-1,5.931224823E0,-3.179023266E0
8.595794875E0,-9.294802547E-1,6.063321114E0,-2.408701897E0
8.605808875E0,-9.534556270E-1,6.050701141E0,-1.508683443E0
8.615823875E0,-1.108065605E0,6.023444653E0,-6.827369332E-1
8.625837875E0,-1.402532935E0,6.052072525E0,-3.278633207E-2
8.635851875E0,-1.720694304E0,6.393381119E0,4.223596454E-1
8.645865875E0,-2.142893314E0,7.061730385E0,7.203570008E-1
8.655879875E0,-2.626462936E0,7.789165974E0,9.423397779E-1
8.665894875E0,-2.981176853E0,8.244655609E0,1.171700716E0
8.675908875E0,-3.166322231E0,8.379426956E0,1.393136382E0
8.685922875E0,-3.127413034E0,8.100439072E0,1.685507774E0
8.695936875E0,-2.788502216E0,7.466200829E0,2.144453764E0
8.705950875E0,-2.171314716E0,6.656452179E0,2.622631788E0
8.715965875E0,-1.446818709E0,5.742310047E0,2.970360279E0
8.725979875E0,-9.323590994E-1,5.077003479E0,3.031549931E0
8.735993875E0,-6.458849311E-1,4.637183666E0,2.997678995E0
8.746007875E0,-3.704089224E-1,4.456701756E0,3.008312941E0
8.756021875E0,-1.398587376E-1,4.491542816E0,3.061860800E0
8.766036875E0,-2.516649067E-1,4.526556492E0,3.103583813E0
8.776050875E0,-6.823107004E-1,4.183968067E0,3.142309666E0
8.786064875E0,-8.747382164E-1,3.378212929E0,3.215349197E0
8.796078875E0,-7.246326804E-1,2.511448145E0,3.397491693E0
8.806092875E0,-5.232540369E-1,1.965795636E0,3.637394428E0
8.816107875E0,-3.396791220E-1,1.935913444E0,3.865673065E0
8.826121875E0,-2.514536381E-1,2.495200157E0,4.095355511E0
8.836135875E0,-5.088000298E-1,3.301152229E0,4.363214970E0
8.846149875E0,-1.165186405E0,3.965942144E0,4.732166290E0
8.856163875E0,-1.995349050E0,3.996052742E0,5.210291386E0
8.866178875E0,-2.384071589E0,3.307359934E0,5.667764187E0
8.876192875E0,-2.325586319E0,2.411085129E0,5.797723770E0
8.886206875E0,-2.361904621E0,1.757331967E0,5.434967041E0
8.896220875E0,-2.664358854E0,1.701668143E0,4.832356453E0
8.906234875E0,-2.939180851E0,1.832910776E0,4.647937775E0
8.916249875E0,-3.060367107E0,1.833095312E0,4.973158360E0
8.926263875E0,-3.135949850E0,1.552657366E0,5.304599762E0
8.936277875E0,-3.131538868E0,9.602814913E-1,5.466822624E0
8.946291875E0,-2.867008209E0,1.517860144E-1,5.568510532E0
8.956305125E0,-2.273223400E0,-4.960767627E-1,5.897597313E0
8.966320125E0,-1.783339739E0,-6.514701247E-1,6.346701145E0
8.976334125E0,-1.702604413E0,-5.495985150E-1,6.480279446E0
8.986348125E0,-1.856190801E0,-7.852640152E-1,6.408113003E0
8.996362125E0,-1.739734054E0,-1.823456526E0,6.785881519E0
9.006376125E0,-1.190978050E0,-3.137530804E0,7.459052563E0
9.016391125E0,-5.630700588E-1,-4.082791328E0,7.676651955E0
9.026405125E0,-1.651173383E-1,-4.316439152E0,7.334570885E0
9.036419125E0,1.323218644E-2,-4.082318306E0,6.813776970E0
9.046433125E0,-1.215325519E-1,-3.656191826E0,6.455015182E0
9.056447125E0,-5.666349530E-1,-3.617546082E0,6.288492680E0
9.066462125E0,-8.189127445E-1,-4.244155407E0,6.270633221E0
9.076476125E0,-5.793564320E-1,-5.281555176E0,6.115845203E0
9.086490125E0,-6.567928195E-2,-6.310718536E0,5.795323372E0
9.096504125E0,4.437771738E-1,-7.044444084E0,5.591482162E0
9.106518125E0,6.980590224E-1,-6.809926510E0,4.990965366E0
9.116533125E0,3.347465992E-1,-5.893954754E0,3.655535221E0
9.126547125E0,-3.480785787E-1,-5.195489407E0,2.237982750E0
9.136561125E0,-1.267628074E0,-4.860826015E0,1.107939959E0
9.146575125E0,-2.500582933E0,-3.251158953E0,3.662967980E-1
9.156589125E0,-4.287292004E0,-9.990146160E-1,-2.341468930E-1
9.166604125E0,-6.047721863E0,5.989568830E-1,-8.826971650E-1
9.176618125E0,-7.110437393E0,1.622058272E0,-1.703772783E0
9.186632125E0,-7.671473980E0,1.880188107E0,-2.694732904E0
9.196646125E0,-7.882411957E0,1.146365523E0,-3.589552641E0
9.206660125E0,-7.860377789E0,6.398743391E-2,-4.324151516E0
9.216675125E0,-7.893124104E0,-1.412635684E0,-5.023429871E0
9.226689125E0,-7.511361599E0,-3.311564445E0,-5.507119656E0
9.236703125E0,-6.493339539E0,-4.784897327E0,-5.632504463E0
9.246717125E0,-5.676107883E0,-5.734329224E0,-5.422720909E0
9.256731125E0,-5.270076275E0,-5.437206268E0,-4.885516167E0
9.266746125E0,-5.182164669E0,-3.768223524E0,-4.029669285E0
9.276760125E0,-5.285799026E0,-1.426512957E0,-2.982291222E0
9.286774125E0,-5.098895073E0,9.980899096E-1,-2.045428753E0
9.296788125E0,-4.501747131E0,3.087244511E0,-1.464012146E0
9.306802125E0,-3.553066254E0,4.544731140E0,-1.258336425E0
9.316816125E0,-2.236354351E0,5.317361355E0,-1.029848099E0
9.326831125E0,-9.272168279E-1,5.248186588E0,-4.116002321E-1
9.336845125E0,1.090241075E-1,4.108103275E0,6.829085946E-1
9.346859125E0,1.074088454E0,2.293989658E0,2.063496828E0
9.356873125E0,2.347508669E0,2.652751505E-1,3.231890440E0
9.366887125E0,3.800728798E0,-1.425429940E0,4.063312054E0
9.376902125E0,5.340816498E0,-2.447093487E0,4.698863029E0
9.386916125E0,6.547208309E0,-2.734903097E0,5.225912094E0
9.396930125E0,6.887441635E0,-2.326335907E0,5.883756161E0
9.406944125E0,6.465347290E0,-1.719041944E0,6.497655392E0
9.416958125E0,5.707737446E0,-1.343125105E0,6.744400501E0
9.426973125E0,4.652166843E0,-1.421730757E0,6.441023350E0
9.436987125E0,3.489459038E0,-1.577491403E0,5.763253689E0
9.447001125E0,2.325272799E0,-1.348358870E0,5.077793598E0
9.457015125E0,9.446572065E-1,-9.315932393E-1,4.420019150E0
9.467029125E0,-3.757372200E-1,-6.471218467E-1,3.766213655E0
9.477044125E0,-1.314153910E0,-3.482225537E-1,3.028232813E0
9.487058125E0,-2.252518177E0,-2.534047067E-1,2.288256407E0
9.497072125E0,-3.197786331E0,-1.281670928E-1,1.671590924E0
9.507086125E0,-4.191858768E0,-8.834297955E-2,1.101261139E0
9.517100125E0,-5.116333008E0,-5.763230100E-2,5.661554337E-1
9.527115125E0,-5.886148453E0,-8.094481379E-2,-3.300788812E-4
9.537129125E0,-6.226617813E0,-2.059686631E-1,-5.041455030E-1
9.547143125E0,-6.080723763E0,-5.742889047E-1,-9.297404289E-1
9.557157125E0,-5.564710140E0,-1.072697639E0,-1.310636759E0
9.567171125E0,-4.855479717E0,-1.153757095E0,-1.592067838E0
9.577185125E0,-4.431772709E0,-8.613706827E-1,-1.762240052E0
9.587200125E0,-4.451389790E0,-2.909250557E-1,-1.895892143E0
9.597214125E0,-4.697615147E0,2.920292914E-1,-2.023639679E0
9.607228125E0,-4.868184566E0,5.867155790E-1,-2.216938019E0
9.617242125E0,-4.818408012E0,6.677165031E-1,-2.440745592E0
9.627256125E0,-4.598518372E0,6.459438801E-1,-2.550139666E0
9.637271125E0,-4.208156586E0,5.689131021E-1,-2.453236580E0
9.647285125E0,-3.407201290E0,7.879793644E-1,-2.203133821E0
9.657299125E0,-2.404345989E0,1.638659120E0,-1.920933604E0
9.667313125E0,-1.680781841E0,2.630779266E0,-1.597878098E0
9.677327125E0,-9.391133189E-1,3.452842474E0,-1.014890909E0
9.687342125E0,-1.677535027E-1,3.743087769E0,-1.299286187E-1
9.697356125E0,5.942896008E-1,3.499627590E0,7.124604583E-1
9.707370125E0,1.464918733E0,2.879498720E0,1.309567451E0
9.717384125E0,2.232822418E0,1.983002305E0,1.848914504E0
9.727398125E0,2.852831602E0,1.066986799E0,2.537909508E0
9.737413125E0,3.517504454E0,3.573721647E-1,3.464300871E0
9.747427125E0,4.398517132E0,-1.702480018E-1,4.611596584E0
9.757441125E0,5.251857758E0,-7.799009681E-1,5.565120697E0
9.767455125E0,5.954947948E0,-1.211410761E0,6.058380604E0
9.777469125E0,6.200099468E0,-1.194779515E0,6.118683338E0
9.787483125E0,5.684010983E0,-6.036738157E-1,5.840970993E0
9.797498125E0,4.420759201E0,8.525624871E-3,5.486636639E0
9.807512125E0,3.143609524E0,3.057615757E-1,5.257905960E0
9.817526125E0,2.520174742E0,2.224374413E-1,5.199318886E0
9.827540125E0,1.783940792E0,-5.218167305E-1,4.806483746E0
9.837554125E0,1.011266351E0,-1.259866118E0,4.330368996E0
9.847569125E0,1.580101252E-1,-1.542088985E0,3.805462360E0
9.857583125E0,-1.310763597E0,-1.458004236E0,3.103901386E0
9.867597125E0,-3.124177694E0,-8.477950096E-1,2.316928148E0
9.877611125E0,-4.853934765E0,2.176980115E-2,1.459906578E0
9.887625125E0,-6.366912365E0,7.089486718E-1,5.957795978E-1
9.897640125E0,-7.461208820E0,1.185189486E0,-5.248538405E-2
9.907654125E0,-8.143744469E0,1.379002690E0,-5.526555777E-1
9.917668125E0,-8.408608437E0,1.212768078E0,-9.208391905E-1
9.927682125E0,-8.347286224E0,8.031107187E-1,-1.246363521E0
9.937696125E0,-7.811136723E0,2.734181285E-1,-1.522361279E0
9.947710125E0,-6.781743526E0,-2.382784188E-1,-1.657730818E0
9.957725083E0,-5.603927612E0,-6.429359317E-1,-1.738434911E0
9.967739083E0,-4.661579609E0,-7.166924477E-1,-1.740010738E0
9.977753083E0,-4.181093216E0,-4.447107911E-1,-1.534729242E0
9.987767083E0,-4.107445240E0,-7.676737756E-2,-1.097703218E0
9.997781083E0,-3.968798399E0,1.186654270E-1,-5.324618220E-1
1.000779608E1,-3.424362183E0,6.501870602E-2,1.509764791E-2
1.001781008E1,-2.192142248E0,-2.390389591E-1,5.494317412E-1
1.002782408E1,-2.987198830E-1,-6.616370678E-1,1.052319646E0
1.003783808E1,1.725706220E0,-9.877864718E-1,1.536455870E0
1.004785208E1,3.278971672E0,-9.838955998E-1,2.038310289E0
1.005786608E1,4.302875042E0,-6.307840347E-1,2.434615135E0
1.006788108E1,4.736920357E0,-2.134728432E-1,2.783237934E0
1.007789508E1,4.902388573E0,2.225422561E-1,3.314140797E0
1.008790908E1,4.948946953E0,3.474197388E-1,3.914953947E0
1.009792308E1,4.942509651E0,2.499518692E-1,4.272284031E0
1.010793708E1,5.075407028E0,1.431910843E-1,4.390511036E0
1.011795208E1,5.173829079E0,1.090062708E-1,4.237183571E0
1.012796608E1,4.863021374E0,1.170812398E-1,3.896483421E0
1.013798008E1,4.096993446E0,1.702661365E-1,3.680839062E0
1.014799408E1,2.879393339E0,1.319850534E-1,3.636957169E0
1.015800808E1,1.453199983E0,-9.082576632E-2,3.645806313E0
1.016802308E1,4.416829646E-1,-4.309005141E-1,3.601516962E0
1.017803708E1,2.253746241E-1,-9.923337102E-1,3.439627409E0
1.018805108E1,3.780869246E-1,-1.492253780E0,3.251521587E0
1.019806508E1,-3.652636334E-2,-1.700395703E0,2.960868359E0
1.020807908E1,-1.107525706E0,-1.467413306E0,2.704957247E0
1.021809308E1,-2.465760231E0,-1.029617429E0,2.534216404E0
1.022810808E1,-3.765964508E0,-9.819369912E-1,2.348662376E0
1.023812208E1,-4.641083717E0,-1.136316895E0,2.097226143E0
1.024813608E1,-5.388737679E0,-1.433047295E0,1.764483690E0
1.025815008E1,-5.997193336E0,-1.697400808E0,1.505828977E0
1.026816408E1,-6.464182854E0,-1.710621834E0,1.373147011E0
1.027817908E1,-6.754136562E0,-1.524893999E0,1.297683120E0
1.028819308E1,-6.566257477E0,-1.273639917E0,1.272263288E0
1.029820708E1,-5.979300976E0,-7.624203563E-1,1.116078377E0
1.030822108E1,-5.455493927E0,-5.765583739E-2,8.032988906E-1
1.031823508E1,-5.166516304E0,5.743762851E-1,3.901546299E-1
1.032824908E1,-5.085789680E0,9.827798009E-1,-1.054348797E-1
1.033826408E1,-5.190122128E0,1.326399446E0,-6.471480131E-1
1.034827808E1,-5.155732632E0,1.690143347E0,-1.002594590E0
1.035829208E1,-4.699281693E0,1.997492671E0,-1.210115433E0
1.036830608E1,-3.410883188E0,2.212130785E0,-1.268476009E0
1.037832008E1,-1.524516582E0,2.020577669E0,-1.169909477E0
1.038833408E1,3.795272410E-1,1.376178861E0,-1.081146002E0
1.039834908E1,1.908597112E0,8.688770533E-1,-8.820746541E-1
1.040836308E1,2.826370955E0,6.324986219E-1,-4.068394601E-1
1.041837708E1,3.281774521E0,5.062857270E-1,2.846691608E-1
1.042839108E1,3.343747616E0,4.094580114E-1,1.027976274E0
1.043840508E1,3.320103168E0,3.654454648E-1,1.662821174E0
1.044842008E1,3.503725290E0,2.248870134E-1,2.077622652E0
1.045843408E1,3.815479755E0,3.969813287E-1,2.344323158E0
1.046844808E1,4.216930389E0,8.601273894E-1,2.482996464E0
1.047846208E1,4.565645218E0,1.571352959E0,2.584675550E0
1.048847608E1,4.775105953E0,2.155445099E0,2.607640266E0
1.049849008E1,4.808069229E0,2.423627377E0,2.566941977E0
1.050850508E1,4.707434654E0,2.404801130E0,2.664694309E0
1.051851908E1,4.179538727E0,2.247118473E0,2.992852211E0
1.052853308E1,3.435046434E0,2.161919355E0,3.445137978E0
1.053854708E1,2.874733686E0,2.020363092E0,3.751717806E0
1.054856108E1,2.581726551E0,1.743222594E0,3.776440859E0
1.055857508E1,2.395878792E0,1.612434149E0,3.934052467E0
1.056859008E1,1.543812752E0,1.045881271E0,3.879951954E0
1.057860408E1,1.655605882E-1,1.097197980E-1,3.668339014E0
1.058861808E1,-1.637978435E0,-9.388817549E-1,3.524814606E0
1.059863208E1,-3.533839464E0,-2.240661383E0,3.456652880E0
1.060864608E1,-4.841453552E0,-3.580407858E0,3.431359768E0
1.061866108E1,-5.807404518E0,-4.808664322E0,3.370519638E0
1.062867508E1,-6.508594990E0,-5.406980515E0,3.378770113E0
1.063868908E1,-6.884819984E0,-5.477443218E0,3.324204445E0
1.064870308E1,-6.830886841E0,-5.224166393E0,3.025844336E0
1.065871708E1,-6.498978615E0,-4.823723793E0,2.516083956E0
1.066873108E1,-6.276992321E0,-4.224920750E0,1.954045296E0
1.067874608E1,-6.269402504E0,-3.155374050E0,1.602993250E0
1.068876008E1,-6.138478279E0,-1.833750486E0,1.474887133E0
1.069877408E1,-5.689047337E0,-5.680922270E-1,1.301655650E0
1.070878808E1,-5.210292339E0,3.205015957E-1,1.021643639E0
1.071880208E1,-4.823563576E0,7.102634311E-1,6.399583817E-1
1.072881608E1,-4.377727509E0,7.787764668E-1,2.590758204E-1
1.073883108E1,-3.667727470E0,6.249150634E-1,7.251874357E-2
1.074884508E1,-2.539867878E0,3.527013958E-1,6.414656341E-2
1.075885908E1,-1.140525222E0,-1.012324169E-1,1.099774167E-1
1.076887308E1,2.506357729E-1,-7.720770836E-1,1.407052428E-1
1.077888708E1,1.597770929E0,-1.554811597E0,1.867293864E-1
1.078890208E1,2.855778694E0,-2.404437304E0,3.043814301E-1
1.079891608E1,3.880275011E0,-3.201168537E0,4.940847456E-1
1.080893008E1,4.564750671E0,-3.600924969E0,7.268452644E-1
1.081894408E1,4.953907967E0,-3.614779711E0,9.572356343E-1
1.082895808E1,5.167532921E0,-3.383562088E0,1.084430933E0
1.083897208E1,5.227689743E0,-2.843572378E0,1.137341857E0
1.084898708E1,5.088880062E0,-2.377947807E0,1.093016505E0
1.085900108E1,5.218699455E0,-1.888792515E0,8.396468759E-1
1.086901508E1,5.453946114E0,-1.603365302E0,4.761871397E-1
1.087902908E1,5.789101124E0,-1.567738414E0,-6.473269314E-2
1.088904308E1,6.120754242E0,-1.748103023E0,-7.715966702E-1
1.089905708E1,6.093277454E0,-2.055814743E0,-1.625362992E0
1.090907208E1,5.519900799E0,-2.074957848E0,-2.404142857E0
1.091908608E1,4.590805054E0,-1.675688267E0,-2.950657368E0
1.092910008E1,3.524199963E0,-1.045104146E0,-3.344495058E0
1.093911408E1,2.744735241E0,-4.596772790E-1,-3.673443317E0
1.094912808E1,2.516444445E0,-1.693828702E-1,-4.021341324E0
1.095914187E1,2.715142012E0,-1.866281778E-1,-4.546158791E0
1.096915687E1,3.184085369E0,-2.756933272E-1,-5.317173481E0
1.097917087E1,3.687255859E0,-1.421652585E-1,-6.210249424E0
1.098918488E1,3.899105549E0,2.550324500E-1,-6.901313305E0
1.099919887E1,3.759715796E0,1.195547700E0,-7.124650955E0
1.100921288E1,3.444656849E0,2.350815535E0,-7.090088844E0
1.101922788E1,3.330176353E0,3.419342756E0,-7.050615788E0
1.102924187E1,3.521478653E0,4.091799736E0,-7.118512154E0
1.103925587E1,3.924666643E0,4.266089439E0,-7.110160351E0
1.104926987E1,4.293151379E0,4.037959576E0,-6.922489643E0
1.105928387E1,4.532494545E0,3.646243572E0,-6.621110916E0
1.106929788E1,4.608411789E0,3.062746763E0,-6.334198475E0
1.107931288E1,4.564246178E0,2.072858572E0,-6.085150719E0
1.108932687E1,4.791977406E0,8.529445529E-1,-5.964764595E0
1.109934088E1,5.354591370E0,-3.964370489E-1,-6.112469673E0
1.110935487E1,6.031539440E0,-1.434676766E0,-6.567630768E0
1.111936887E1,6.663997650E0,-1.962516785E0,-7.245196342E0
1.112938287E1,7.095675945E0,-1.882800102E0,-7.854800701E0
1.113939788E1,7.630527973E0,-1.335271120E0,-8.166868210E0
1.114941187E1,8.312398911E0,-7.473234534E-1,-8.097364426E0
1.115942588E1,8.507396698E0,-5.957596302E-1,-7.934652805E0
1.116943987E1,8.121333122E0,-7.871026993E-1,-7.829610348E0
1.117945388E1,7.260188103E0,-1.235869288E0,-7.824989796E0
1.118946787E1,6.282591820E0,-1.602440834E0,-7.979044437E0
1.119948288E1,5.644088745E0,-1.619384885E0,-8.329073906E0
1.120949687E1,5.377911091E0,-1.418362617E0,-8.700557709E0
1.121951088E1,5.280930996E0,-8.068207502E-1,-8.795536995E0
1.122952487E1,5.430145264E0,-8.102525026E-3,-8.520609856E0
1.123953888E1,5.472278595E0,4.435415864E-1,-8.056283951E0
1.124955287E1,5.288154602E0,3.401158750E-1,-7.688731194E0
1.125956787E1,5.048269749E0,-2.418320775E-1,-7.357358932E0
1.126958187E1,4.658372402E0,-1.233473182E0,-7.046309471E0
1.127959588E1,4.258832455E0,-2.410090446E0,-6.768416405E0
1.128960987E1,3.888884306E0,-3.687812090E0,-6.513953686E0
1.129962388E1,3.469451427E0,-4.774887562E0,-6.288873672E0
1.130963787E1,2.879636526E0,-5.255648136E0,-6.149724483E0
1.131965287E1,2.050772905E0,-4.842589855E0,-6.005589485E0
1.132966687E1,1.063818455E0,-3.875628471E0,-5.703614712E0
1.133968087E1,1.423911750E-1,-2.787269354E0,-5.226107121E0
1.134969487E1,-6.649269462E-1,-1.894702315E0,-4.785038948E0
1.135970888E1,-1.418246865E0,-1.503021836E0,-4.412958145E0
1.136972287E1,-2.172794819E0,-1.595447421E0,-4.142790794E0
1.137973787E1,-2.918504238E0,-2.025717497E0,-4.197587490E0
1.138975188E1,-3.668708086E0,-2.632938862E0,-4.504470348E0
1.139976587E1,-4.231927395E0,-3.152732611E0,-4.695265293E0
1.140977987E1,-4.405813694E0,-3.590053320E0,-4.617501736E0
1.141979388E1,-4.174805641E0,-4.141131878E0,-4.330996513E0
1.142980787E1,-3.669357777E0,-4.476626396E0,-3.944776773E0
1.143982287E1,-3.061561584E0,-4.131199837E0,-3.451233387E0
1.144983688E1,-2.628304005E0,-3.278779030E0,-2.811977863E0
1.145985087E1,-2.505828381E0,-2.245674133E0,-2.072461843E0
1.146986487E1,-2.584411383E0,-1.233003497E0,-1.246429086E0
1.147987887E1,-2.674705744E0,-5.080831647E-1,-3.461271822E-1
1.148989287E1,-2.758322239E0,-1.185697541E-1,4.654341638E-1
1.149990787E1,-2.712699652E0,4.446995258E-2,1.118029475E0
1.150992188E1,-2.493991613E0,9.076021612E-2,1.576606870E0
1.151993587E1,-2.189188957E0,1.414978504E-1,1.788882971E0
1.152994988E1,-1.734456539E0,3.099076450E-1,1.798016310E0
1.153996387E1,-1.054348588E0,7.741711140E-1,1.790606141E0
1.154997787E1,-2.369847447E-1,1.418414116E0,1.929118752E0
1.155999287E1,6.204449534E-1,1.969927192E0,2.185460567E0
1.157000688E1,1.617929101E0,2.071029186E0,2.624631166E0
1.158002087E1,2.831244469E0,1.763353467E0,3.372699022E0
1.159003488E1,3.888691664E0,1.042832255E0,4.302153587E0
1.160004887E1,4.927675247E0,2.242843807E-1,5.313262939E0
1.161006288E1,5.850537777E0,-4.215934277E-1,6.147931099E0
1.162007787E1,6.500621319E0,-1.209051490E0,6.715471268E0
1.163009188E1,7.142808437E0,-2.294212341E0,7.027466774E0
1.164010587E1,7.681796074E0,-3.895303488E0,7.257906437E0
1.165011988E1,7.955039024E0,-5.728547573E0,7.558459759E0
1.166013387E1,8.282447815E0,-6.945647240E0,7.769157410E0
1.167014788E1,8.689703941E0,-6.805081367E0,7.730959415E0
1.168016287E1,8.775285721E0,-5.621761799E0,7.418267250E0
1.169017687E1,8.367446899E0,-3.773059845E0,7.324250221E0
1.170019087E1,7.578258991E0,-2.310899019E0,7.512200356E0
1.171020488E1,6.745393276E0,-2.177492380E0,7.615510941E0
1.172021887E1,6.353041649E0,-3.047372103E0,7.505105972E0
1.173023288E1,5.718317032E0,-3.826197624E0,6.944001198E0
1.174024687E1,4.414822578E0,-4.055233955E0,6.302103043E0
1.175026187E1,2.469651937E0,-3.619978428E0,5.577751637E0
1.176027587E1,1.161357835E-1,-2.745065689E0,4.656956196E0
1.177028987E1,-1.862019420E0,-1.624391198E0,3.618372440E0
1.178030387E1,-3.631511450E0,-6.865678430E-1,2.634672403E0
1.179031788E1,-5.253792286E0,-2.521651983E-2,1.783065557E0
1.180033187E1,-6.639596939E0,3.614909053E-1,1.023079395E0
1.181034687E1,-7.674367905E0,5.713344216E-1,3.429037631E-1
1.182036088E1,-8.268701553E0,4.603121281E-1,-1.641655564E-1
1.183037487E1,-8.517388344E0,-6.522353739E-2,-5.419828892E-1
1.184038887E1,-8.508934021E0,-8.298950195E-1,-8.327845931E-1
1.185040288E1,-8.277085304E0,-9.076481462E-1,-1.130289555E0
1.186041687E1,-7.862196922E0,-3.219058514E-1,-1.340853691E0
1.187043187E1,-7.422377586E0,3.526832461E-1,-1.463297606E0
1.188044588E1,-6.992985725E0,9.474683404E-1,-1.572763681E0
1.189045987E1,-6.594017982E0,1.406285524E0,-1.746028423E0
1.190047387E1,-6.222220421E0,1.743683577E0,-1.947914362E0
1.191048787E1,-5.788846016E0,1.762238979E0,-2.035128593E0
1.192050187E1,-4.992517948E0,1.487380385E0,-1.873184085E0
1.193051687E1,-3.823246002E0,1.149294257E0,-1.521992207E0
1.194053088E1,-2.215801954E0,9.851080179E-1,-1.039537787E0
1.195054487E1,-1.731145084E-1,7.346755266E-1,-3.209554255E-1
1.196055888E1,1.897736788E0,3.840024471E-1,5.835905075E-1
1.197057287E1,3.633096457E0,4.982684925E-2,1.682429671E0
1.198058687E1,4.905348301E0,-1.436694115E-1,2.744280815E0
1.199060087E1,5.671380520E0,-3.612427413E-1,3.415674686E0
1.200061588E1,6.065609455E0,-5.757653713E-1,3.864677906E0
1.201062987E1,6.347400188E0,-8.503210545E-1,4.488280296E0
1.202064388E1,6.668717861E0,-1.297064900E0,5.349430561E0
1.203065787E1,7.028137207E0,-1.828173161E0,6.075000286E0
1.204067188E1,7.407421589E0,-2.232604265E0,6.475005627E0
1.205068587E1,7.656364441E0,-2.153816223E0,6.623563290E0
1.206070088E1,7.633669376E0,-1.526185632E0,6.679468155E0
1.207071487E1,7.114099979E0,-7.361669540E-1,6.751780510E0
1.208072888E1,6.121618271E0,-2.333243191E-1,6.698118210E0
1.209074287E1,5.025799274E0,-4.189671278E-1,6.416052818E0
1.210075688E1,4.085445881E0,-1.312708497E0,5.878862381E0
1.211077087E1,3.064139843E0,-2.287588120E0,5.061339855E0
1.212078488E1,1.491851091E0,-2.218471766E0,4.128276348E0
1.213079987E1,-1.112404585E0,-1.630441546E0,3.052547693E0
1.214081388E1,-3.893540621E0,-6.765286326E-1,2.016921997E0
1.215082787E1,-6.219263077E0,3.539423943E-1,1.159438848E0
1.216084188E1,-7.989503384E0,1.180302143E0,3.780533969E-1
1.217085587E1,-8.867257118E0,1.767941236E0,-3.067635298E-1
1.218086988E1,-8.967933655E0,1.949275136E0,-7.672007680E-1
1.219088487E1,-8.531196594E0,1.707227826E0,-9.933939576E-1
1.220089887E1,-7.876759529E0,1.234250307E0,-1.159150362E0
1.221091287E1,-7.306174278E0,5.987420082E-1,-1.378540516E0
1.222092688E1,-7.011126995E0,-1.339724362E-1,-1.673362255E0
1.223094087E1,-6.898627758E0,-7.293745875E-1,-1.906418204E0
1.224095488E1,-6.701828003E0,-1.025047898E0,-2.005358696E0
1.225096887E1,-5.958792686E0,-7.243719697E-1,-1.882631063E0
1.226098387E1,-4.777846336E0,-4.449016601E-2,-1.654285908E0
1.227099787E1,-3.500777245E0,5.267597437E-1,-1.430331349E0
1.228101188E1,-2.112711906E0,9.286617041E-1,-1.086767077E0
1.229102587E1,-7.296746373E-1,1.238324285E0,-4.881430268E-1
1.230103988E1,5.359681249E-1,1.394259453E0,1.826185733E-1
1.231105387E1,1.731604576E0,1.469377637E0,7.459117174E-1
1.232106887E1,2.756062269E0,1.293598175E0,1.085653663E0
1.233108287E1,3.595395088E0,9.837346077E-1,1.418816209E0
1.234109687E1,4.283253193E0,7.082964778E-1,1.967757821E0
1.235111087E1,4.873523712E0,5.655899644E-1,2.793759823E0
1.236112488E1,5.327874184E0,3.684376180E-1,3.621561766E0
1.237113887E1,5.713213444E0,2.324222624E-1,4.472468853E0
1.238115288E1,6.141877174E0,1.108249873E-1,5.164095879E0
1.239116788E1,6.592748642E0,6.567508727E-2,5.684265137E0
1.240118187E1,6.796488762E0,1.753262728E-1,6.055696487E0
1.241119587E1,6.542532921E0,3.339641392E-1,6.255717754E0
1.242120987E1,6.066370010E0,7.555966079E-2,6.538887024E0
1.243122387E1,5.775003910E0,-7.121844888E-1,6.892542839E0
1.244123788E1,5.437358379E0,-1.737497330E0,6.949338436E0
1.245125187E1,4.662714958E0,-2.276633739E0,6.613603592E0
1.246126687E1,2.997106075E0,-2.146514893E0,5.916399479E0
1.247128088E1,5.074744821E-1,-1.404943705E0,5.052833080E0
1.248129487E1,-2.107837915E0,-5.855003595E-1,4.004375458E0
1.249130887E1,-4.020966053E0,7.431221008E-2,2.947726727E0
1.250132287E1,-5.424464703E0,3.127370179E-1,1.918571472E0
1.251133687E1,-6.493900776E0,3.940350711E-1,1.159927368E0
1.252135088E1,-7.298772812E0,3.934659958E-1,7.807129622E-1
1.253136588E1,-7.688235283E0,2.540907860E-1,5.754026771E-1
1.254137987E1,-7.698342323E0,-2.017870843E-1,3.511455357E-1
1.255139388E1,-7.353929043E0,-8.889158964E-1,1.990308464E-1
1.256140787E1,-6.645469189E0,-1.701876879E0,1.096382737E-1
1.257142187E1,-5.808111668E0,-2.564300776E0,3.891457617E-2
1.258143587E1,-5.064775467E0,-3.212035656E0,-1.335572079E-2
1.259145088E1,-4.586363316E0,-3.462224722E0,-4.037053790E-3
1.260146487E1,-4.248585701E0,-3.272416830E0,7.603371143E-2
1.261147888E1,-3.914141655E0,-2.399654150E0,3.138155863E-2
1.262149287E1,-3.764257669E0,-8.334259987E-1,-2.616049051E-1
1.263150688E1,-3.739865303E0,1.145100117E0,-6.886091828E-1
1.264152087E1,-3.557574987E0,3.281901121E0,-1.063531876E0
1.265153487E1,-2.855102539E0,4.963312626E0,-1.349651217E0
1.266154987E1,-1.741878629E0,5.506982327E0,-1.579037070E0
1.267156388E1,-5.174952149E-1,4.954034328E0,-1.692379594E0
1.268157787E1,6.864358783E-1,3.873372555E0,-1.533940673E0
1.269159188E1,1.844937325E0,2.800049067E0,-9.383617043E-1
1.270160587E1,2.946905851E0,2.016879082E0,2.710410208E-2
1.271161987E1,4.048245430E0,1.513049603E0,1.176569700E0
1.272163387E1,5.134419441E0,1.119422913E0,2.283026457E0
1.273164888E1,5.910665035E0,9.095711112E-1,3.325446844E0
1.274166287E1,6.273968220E0,6.755420566E-1,4.167098045E0
1.275167688E1,6.265519619E0,3.282607794E-1,4.788263321E0
1.276169087E1,5.845252514E0,1.806029230E-1,5.262445927E0
1.277170488E1,5.265994549E0,1.597245336E-1,5.485062599E0
1.278171887E1,4.789075375E0,1.356394775E-2,5.651091576E0
1.279173287E1,4.389026642E0,-4.698040485E-1,5.871963501E0
1.280174787E1,4.029964924E0,-1.013895750E0,6.135687828E0
1.281176188E1,3.652183056E0,-1.411780238E0,6.263335228E0
1.282177587E1,3.011191845E0,-1.684361100E0,6.112554550E0
1.283178988E1,2.008368015E0,-1.706823468E0,5.762409210E0
1.284180387E1,8.153356910E-1,-1.546100378E0,5.256093502E0
1.285181788E1,-2.496363521E-1,-1.493925929E0,4.591920376E0
1.286183187E1,-1.032244444E0,-1.562783241E0,3.925261497E0
1.287184688E1,-1.599683881E0,-1.666137338E0,3.417371988E0
1.288186087E1,-2.069927454E0,-1.729421973E0,3.055743933E0
1.289187488E1,-2.454133034E0,-1.643943787E0,2.791888714E0
1.290188887E1,-2.812485933E0,-1.205207348E0,2.446904421E0
1.291190288E1,-3.236821890E0,-6.350009441E-1,2.033783674E0
1.292191687E1,-3.615360975E0,-1.463575661E-1,1.652969360E0
1.293193088E1,-3.965921879E0,1.373023689E-1,1.276744604E0
1.294194587E1,-4.217201710E0,3.131738603E-1,8.903530836E-1
1.295195988E1,-4.385258198E0,3.719631433E-1,5.336415768E-1
1.296197446E1,-4.500809669E0,2.260514647E-1,1.943588108E-1
1.297198846E1,-4.601457119E0,-6.779266149E-2,-1.160858721E-1
1.298200246E1,-4.734047413E0,-3.866315186E-1,-2.788733840E-1
1.299201646E1,-4.989441872E0,-4.973607063E-1,-2.260772735E-1
1.300203046E1,-5.222269535E0,-2.099429369E-1,-2.692385577E-2
1.301204546E1,-5.277334213E0,1.857362092E-1,9.020169824E-2
1.302205946E1,-5.106642246E0,4.016328454E-1,5.416058004E-2
1.303207346E1,-4.538975716E0,4.234297574E-1,-1.546418965E-1
1.304208746E1,-3.440642118E0,4.910489321E-1,-4.339658022E-1
1.305210146E1,-1.987155795E0,5.950898528E-1,-9.171518683E-1
1.306211546E1,-4.954391122E-1,8.690796494E-1,-1.366780400E0
1.307212946E1,6.661208868E-1,1.372171521E0,-1.789997697E0
1.308214446E1,1.647123098E0,2.235753298E0,-2.146979809E0
1.309215846E1,2.356665850E0,3.385388851E0,-2.207838058E0
1.310217246E1,2.680528164E0,4.588956356E0,-2.062180996E0
1.311218646E1,2.887994528E0,5.605054379E0,-1.785597682E0
1.312220046E1,3.399019718E0,5.949885368E0,-1.402953267E0
1.313221446E1,4.098093987E0,5.719259739E0,-5.257836580E-1
1.314222846E1,4.431469440E0,4.926129818E0,1.068394542E0
1.315224346E1,4.325867176E0,3.467570543E0,3.175691366E0
1.316225746E1,4.139048576E0,1.698524117E0,5.130876541E0
1.317227146E1,4.032588005E0,-2.366774231E-1,6.499944687E0
1.318228546E1,3.897491455E0,-2.112347126E0,7.285946369E0
1.319229946E1,3.647386551E0,-3.276031733E0,7.699438095E0
1.320231346E1,3.244279623E0,-3.885920048E0,7.949961662E0
1.321232746E1,2.798400402E0,-4.361110687E0,8.085704803E0
1.322234246E1,2.333597898E0,-4.860081196E0,8.180669785E0
1.323235646E1,1.942842484E0,-5.223217964E0,8.242018700E0
1.324237046E1,1.655132413E0,-5.385001659E0,8.129802704E0
1.325238446E1,1.264184952E0,-5.226160526E0,7.874928951E0
1.326239846E1,7.588179111E-1,-4.616451740E0,7.437966824E0
1.327241246E1,1.649484336E-1,-3.560121775E0,6.674857140E0
1.328242646E1,-4.485647678E-1,-2.242630005E0,5.615272045E0
1.329244046E1,-8.852750063E-1,-9.127282500E-1,4.259153843E0
1.330245546E1,-1.192335010E0,3.317978084E-1,2.643524885E0
1.331246946E1,-1.173754096E0,1.666020513E0,9.744181037E-1
1.332248346E1,-7.645532489E-1,2.629738092E0,-3.878231943E-1
1.333249746E1,-1.961640082E-4,2.883707047E0,-1.375844836E0
1.334251146E1,9.502719045E-1,2.379735947E0,-1.960507512E0
1.335252546E1,1.713693976E0,1.416004062E0,-2.229808807E0
1.336253946E1,2.152602673E0,2.921725214E-1,-2.251138449E0
1.337255446E1,2.202049732E0,-7.496163845E-1,-2.187379837E0
1.338256846E1,2.155916452E0,-1.494755983E0,-2.164762974E0
1.339258246E1,2.264236450E0,-1.917850256E0,-2.201066971E0
1.340259646E1,2.574644804E0,-2.010127783E0,-2.587540150E0
1.341261046E1,2.916577578E0,-2.065923214E0,-3.396459103E0
1.342262446E1,3.132798672E0,-2.252580404E0,-4.637984753E0
1.343263846E1,2.905020714E0,-2.086713552E0,-5.876245499E0
1.344265246E1,2.070796251E0,-1.429926395E0,-6.864943504E0
1.345266746E1,9.944307804E-1,-6.400712132E-1,-7.607961655E0
1.346268146E1,1.041728258E-1,3.838334978E-2,-8.248732567E0
1.347269546E1,-1.669830382E-1,3.973726630E-1,-8.871715546E0
1.348270946E1,2.751427889E-1,6.017532349E-1,-9.440141678E0
1.349272346E1,1.022620201E0,9.235962629E-1,-9.732240677E0
1.350273746E1,1.700127721E0,1.228941798E0,-1.001930809E1
1.351275146E1,2.400715828E0,1.594533682E0,-1.040240765E1
1.352276646E1,2.966397047E0,1.854776263E0,-1.081834793E1
1.353278046E1,3.088285923E0,2.068405628E0,-1.118092823E1
1.354279446E1,3.044351816E0,2.273881674E0,-1.136506367E1
1.355280846E1,2.911644697E0,2.189890862E0,-1.131173801E1
1.356282246E1,2.762934208E0,1.820129037E0,-1.104004955E1
1.357283646E1,2.608438492E0,1.471331358E0,-1.045917511E1
1.358285046E1,2.517281055E0,1.082664490E0,-9.769775391E0
1.359286446E1,2.605311155E0,4.622455239E-1,-9.346571922E0
1.360287946E1,2.854335785E0,-2.612937987E-1,-9.319633484E0
1.361289346E1,2.790295362E0,-8.629586101E-1,-9.602168083E0
1.362290746E1,2.060711622E0,-1.030601740E0,-1.000666332E1
1.363292146E1,8.052018881E-1,-7.548771501E-1,-1.028785706E1
1.364293546E1,-3.057872355E-1,-1.667632014E-1,-1.026038742E1
1.365294946E1,-1.219848752E0,3.691806495E-1,-1.002255726E1
1.366296346E1,-1.753342748E0,9.551684260E-1,-9.527853012E0
1.367297746E1,-1.783901930E0,1.407336593E0,-8.825042725E0
1.368299246E1,-1.578173041E0,1.479156375E0,-8.138623238E0
1.369300646E1,-1.411332130E0,1.100595236E0,-7.667511940E0
1.370302046E1,-1.419286132E0,6.099095345E-1,-7.377860546E0
1.371303446E1,-1.687743187E0,3.155186772E-1,-7.210979939E0
1.372304846E1,-2.153392792E0,3.325544000E-1,-7.064731598E0
1.373306246E1,-2.597641230E0,6.343424916E-1,-6.830399513E0
1.374307646E1,-2.935545683E0,1.026672006E0,-6.436119556E0
1.375309146E1,-3.182512283E0,1.299571991E0,-5.982462883E0
1.376310546E1,-3.286018372E0,1.356828809E0,-5.556947231E0
1.377311946E1,-3.209251881E0,1.346888542E0,-5.158010483E0
1.378313346E1,-3.025054693E0,1.573423386E0,-4.774107456E0
1.379314746E1,-2.925776005E0,1.829009414E0,-4.453578949E0
1.380316146E1,-2.952216864E0,1.741642952E0,-4.259127140E0
1.381317546E1,-3.119678736E0,1.514143705E0,-4.035462856E0
1.382318946E1,-3.452959538E0,1.324106812E0,-3.656156778E0
1.383320446E1,-3.746743202E0,1.325563073E0,-3.060393095E0
1.384321846E1,-3.877346754E0,1.357301116E0,-2.316572428E0
1.385323246E1,-3.867990494E0,1.362096429E0,-1.618184686E0
1.386324646E1,-3.719505310E0,1.195942760E0,-1.160892367E0
1.387326046E1,-3.413130283E0,7.737100720E-1,-1.045697331E0
1.388327446E1,-2.923694134E0,5.272647738E-1,-1.113232136E0
1.389328846E1,-2.343897820E0,6.668865681E-1,-1.139555573E0
1.390330246E1,-1.727043152E0,9.340665340E-1,-9.577088356E-1
1.391331746E1,-1.023769379E0,1.153418660E0,-4.787856340E-1
1.392333146E1,-3.837694824E-1,1.107208252E0,2.597188950E-1
1.393334546E1,1.719754934E-1,9.072580338E-1,1.090376973E0
1.394335946E1,7.236748934E-1,6.186743379E-1,1.878852725E0
1.395337346E1,1.199336767E0,7.036688328E-1,2.581257582E0
1.396338796E1,1.568195581E0,1.132405400E0,3.294085741E0
1.397340196E1,2.027137756E0,1.699576616E0,4.063801289E0
1.398341596E1,2.709825277E0,2.385086060E0,5.024098873E0
1.399343096E1,3.476044416E0,3.223904848E0,6.054005146E0
1.400344496E1,4.253512383E0,3.347458601E0,6.893489361E0
1.401345896E1,4.878757000E0,2.165927887E0,7.350611687E0
1.402347296E1,5.501976490E0,1.569610387E-1,7.236330032E0
1.403348696E1,5.872241497E0,-2.499573469E0,6.781983376E0
1.404350096E1,5.935095787E0,-4.538405895E0,6.588690281E0
1.405351496E1,5.972249508E0,-4.835435867E0,7.001821518E0
1.406352896E1,5.837054729E0,-3.494844437E0,7.711676121E0
1.407354396E1,5.678037167E0,-1.836033225E0,8.447690010E0
1.408355796E1,5.645228386E0,-6.912975907E-1,9.201012611E0
1.409357196E1,5.686213017E0,-8.132684827E-1,9.585992813E0
1.410358596E1,5.646636963E0,-2.130697966E0,9.411108017E0
1.411359996E1,5.298117638E0,-3.180246830E0,9.114512444E0
1.412361396E1,4.609834671E0,-3.514683485E0,8.876731873E0
1.413362796E1,3.689088106E0,-3.295758724E0,8.672296524E0
1.414364196E1,2.638058662E0,-2.833761454E0,8.286960602E0
1.415365696E1,1.667084813E0,-2.524677753E0,7.785223007E0
1.416367096E1,7.340793014E-1,-2.326804399E0,7.280015945E0
1.417368496E1,-4.744126201E-1,-2.044495344E0,6.588646412E0
1.418369896E1,-1.803520918E0,-1.615573883E0,5.727480888E0
1.419371296E1,-3.159380913E0,-1.502432346E0,4.571069241E0
1.420372696E1,-4.743756294E0,-1.433944225E0,3.338846684E0
1.421374096E1,-6.433849335E0,-1.116608381E0,2.213123083E0
1.422375496E1,-7.902036190E0,-5.533280969E-1,1.400202155E0
1.423376896E1,-8.982830048E0,1.815258758E-3,8.353787661E-1
1.424378396E1,-9.661459923E0,7.951729298E-1,2.867702544E-1
1.425379796E1,-9.861621857E0,1.689186215E0,-2.802510858E-1
1.426381196E1,-9.482187271E0,2.280956030E0,-8.298130035E-1
1.427382596E1,-8.850288391E0,2.425814152E0,-1.286430359E0
1.428383996E1,-8.369138718E0,2.343582869E0,-1.570390701E0
1.429385396E1,-8.049597740E0,2.060945749E0,-1.606888056E0
1.430386796E1,-7.582039356E0,1.636742592E0,-1.597952127E0
1.431388196E1,-6.866497040E0,1.112918735E0,-1.828371048E0
1.432389696E1,-5.940371990E0,5.262114406E-1,-2.032624483E0
1.433391096E1,-5.012609482E0,1.542104781E-1,-1.974269390E0
1.434392496E1,-4.349184990E0,5.293314457E-1,-1.792317033E0
1.435393896E1,-3.726015568E0,1.713317156E0,-1.505415678E0
1.436395296E1,-2.648108959E0,2.824271679E0,-9.953189492E-1
1.437396696E1,-1.075894475E0,3.162769556E0,-3.962605000E-1
1.438398096E1,9.382600784E-1,2.734177113E0,2.931518257E-1
1.439399496E1,3.075057268E0,1.667931199E0,1.024813533E0
1.440400896E1,4.836495399E0,2.275778800E-1,1.770861864E0
1.441402396E1,6.028665543E0,-1.176368117E0,2.501519918E0
1.442403796E1,6.712846756E0,-2.103067636E0,3.372987270E0
1.443405196E1,6.949361801E0,-2.531771421E0,4.250719070E0
1.444406596E1,6.667961121E0,-2.473858595E0,4.926538467E0
1.445407996E1,6.120582581E0,-2.112942219E0,5.472850323E0
1.446409396E1,5.574149132E0,-1.725660324E0,5.850421906E0
1.447410796E1,5.120967388E0,-1.746905684E0,5.913033485E0
1.448412196E1,4.775463104E0,-1.986938357E0,5.852089882E0
1.449413596E1,4.469757080E0,-2.142028570E0,5.882065296E0
1.450415096E1,4.049067974E0,-2.243381977E0,5.813547134E0
1.451416496E1,3.248977661E0,-2.242640018E0,5.532545090E0
1.452417896E1,1.848669529E0,-2.053532600E0,5.072847843E0
1.453419296E1,-5.823018774E-2,-1.803843141E0,4.370543957E0
1.454420696E1,-1.958008528E0,-1.785446525E0,3.438453197E0
1.455422096E1,-3.684302092E0,-1.645557046E0,2.477283955E0
1.456423496E1,-5.283681870E0,-1.410823703E0,1.662655592E0
1.457424896E1,-6.569547653E0,-8.674306273E-1,1.142254472E0
1.458426396E1,-7.544233322E0,-2.804625332E-1,8.643062711E-1
1.459427796E1,-8.034961700E0,2.118553072E-1,6.967273951E-1
1.460429196E1,-8.004192352E0,4.410405457E-1,5.144317150E-1
1.461430596E1,-7.518970966E0,3.965247273E-1,3.455519080E-1
1.462431996E1,-6.565726280E0,1.482805312E-1,1.706930697E-1
1.463433396E1,-5.339548111E0,-3.132836223E-1,-1.072943360E-1
1.464434796E1,-4.123816490E0,-1.039260387E0,-4.205813408E-1
1.465436196E1,-2.902018547E0,-2.011030674E0,-6.334999800E-1
1.466437596E1,-1.625559211E0,-2.882949352E0,-7.285051942E-1
1.467439096E1,-5.101728439E-1,-3.258481264E0,-5.914940834E-1
1.468440496E1,5.556031466E-1,-2.839252472E0,-6.885445118E-2
1.469441896E1,1.586199880E0,-1.685152411E0,6.715016961E-1
1.470443296E1,2.210350037E0,-3.875994980E-1,1.275343180E0
1.471444696E1,2.726909876E0,6.852002740E-1,1.735153913E0
1.472446096E1,3.591277122E0,1.380387306E0,2.018004894E0
1.473447496E1,4.459334850E0,1.288339138E0,1.934729695E0
1.474448896E1,5.076932430E0,3.668048084E-1,1.696318388E0
1.475450296E1,5.373361111E0,-6.949176192E-1,1.676682115E0
1.476451796E1,5.135518551E0,-1.493300915E0,2.021646261E0
1.477453196E1,4.502620220E0,-1.502637148E0,2.675808430E0
1.478454596E1,4.275116920E0,-1.139492393E0,3.167659521E0
1.479455996E1,4.605360508E0,-9.951165318E-1,3.247541428E0
1.480457396E1,4.981559277E0,-7.699038982E-1,3.162356615E0
1.481458796E1,4.995870590E0,-7.756403089E-2,3.274560452E0
1.482460196E1,4.712878227E0,8.353303075E-1,3.442624092E0
1.483461596E1,4.243473530E0,1.129270554E0,3.270450115E0
1.484462996E1,3.620138884E0,5.561313033E-1,2.811869144E0
1.485464496E1,2.792591572E0,-1.807158887E-1,2.514209509E0
1.486465896E1,1.344984889E0,-5.298401117E-1,2.452698708E0
1.487467296E1,-4.788377881E-1,-5.925852060E-1,2.455147266E0
1.488468696E1,-2.399282217E0,-2.731316090E-1,2.439494610E0
1.489470096E1,-4.157231331E0,-2.860940099E-1,2.506090879E0
1.490471496E1,-5.087401390E0,3.696380556E-2,2.608654737E0
1.491472896E1,-5.276220322E0,1.117182076E-1,2.708525181E0
1.492474296E1,-4.839924812E0,-1.234657317E-1,2.831414461E0
1.493475696E1,-4.035987377E0,-4.283699691E-1,3.072823048E0
1.494477096E1,-3.197138071E0,-8.979636431E-1,3.406425238E0
1.495478596E1,-2.549258947E0,-1.517809868E0,3.903068542E0
1.496480083E1,-2.256416321E0,-2.204688787E0,4.530295849E0
1.497481483E1,-2.144325972E0,-2.774114609E0,5.219202042E0
1.498482883E1,-2.079562426E0,-3.245050192E0,5.767270088E0
1.499484283E1,-2.027483463E0,-3.490596771E0,6.042717934E0
1.500485683E1,-2.041031837E0,-3.314333916E0,6.141224861E0
1.501487083E1,-2.339162350E0,-2.710004568E0,6.157694340E0
1.502488483E1,-3.030342579E0,-1.941682458E0,6.084349155E0
1.503489883E1,-3.617347479E0,-1.171886921E0,5.809424877E0
1.504491383E1,-3.896128893E0,-4.888215363E-1,5.257948875E0
1.505492783E1,-3.937564135E0,-1.341422796E-1,4.433388233E0
1.506494183E1,-3.756925583E0,-1.938577928E-2,3.489730120E0
1.507495583E1,-3.503394604E0,9.519246966E-2,2.485275030E0
1.508496983E1,-3.348747969E0,3.102409840E-1,1.542502403E0
1.509498383E1,-3.344816923E0,5.502631664E-1,7.875031829E-1
1.510499783E1,-3.360956192E0,7.926033139E-1,2.540048361E-1
1.511501183E1,-3.084614515E0,1.267904758E0,-8.136412501E-2
1.512502583E1,-2.436247110E0,1.846552730E0,-3.233200610E-1
1.513503983E1,-1.559351325E0,2.276642323E0,-6.066787839E-1
1.514505483E1,-5.602842569E-1,2.167024851E0,-8.292533755E-1
1.515506883E1,5.357276797E-1,1.565157175E0,-1.033515453E0
1.516508283E1,1.787123084E0,6.860120893E-1,-1.268497586E0
1.517509683E1,3.211837769E0,2.338848263E-1,-1.469779134E0
1.518511083E1,4.480489731E0,3.244288266E-1,-1.736213684E0
1.519512483E1,5.356822491E0,1.037464380E0,-2.053333044E0
1.520513883E1,5.825691700E0,2.262209177E0,-2.202321768E0
1.521515283E1,6.029191017E0,3.605969191E0,-2.349607706E0
1.522516683E1,5.958620071E0,4.701117992E0,-2.542478800E0
1.523518183E1,5.665139675E0,5.352485657E0,-2.625855446E0
1.524519583E1,5.408404350E0,5.645349503E0,-2.689643621E0
1.525520983E1,5.336374760E0,5.509253025E0,-2.887461901E0
1.526522383E1,5.385368824E0,5.206277847E0,-3.268228769E0
1.527523783E1,5.563501358E0,5.104691982E0,-3.579880238E0
1.528525183E1,5.771902561E0,5.259993076E0,-3.643028736E0
1.529526583E1,5.805148602E0,5.812635899E0,-3.523977041E0
1.530527983E1,5.700060844E0,6.570014477E0,-3.367538691E0
1.531529383E1,5.640030861E0,7.274802208E0,-3.372293949E0
1.532530783E1,5.682550907E0,7.672442913E0,-3.343933344E0
1.533532283E1,5.847909927E0,7.786351681E0,-3.245518208E0
1.534533683E1,5.963648319E0,7.649274349E0,-3.149014711E0
1.535535083E1,5.994291306E0,7.301649570E0,-3.123926163E0
1.536536483E1,6.079507828E0,6.786139011E0,-3.179893255E0
1.537537883E1,6.175040722E0,6.379636288E0,-3.309680939E0
1.538539283E1,6.205215454E0,6.108282566E0,-3.490351677E0
1.539540683E1,6.250711918E0,5.887030602E0,-3.575303078E0
1.540542083E1,6.235634804E0,5.774584770E0,-3.544191837E0
1.541543483E1,6.311212540E0,5.760270596E0,-3.605427265E0
1.542544883E1,6.611235142E0,5.652990341E0,-3.992361784E0
1.543546383E1,7.094371319E0,5.464895248E0,-4.591408253E0
1.544547783E1,7.708175659E0,5.159546375E0,-5.046915054E0
1.545549183E1,8.518110275E0,4.766558647E0,-5.225489616E0
1.546550583E1,9.255609512E0,4.190558434E0,-5.225326061E0
1.547551983E1,9.585407257E0,3.466380596E0,-5.381621361E0
1.548553383E1,9.497095108E0,2.759274721E0,-5.789626598E0
1.549554783E1,9.040694237E0,2.479316950E0,-5.952121735E0
1.550556183E1,8.309768677E0,2.487392187E0,-5.869390965E0
1.551557583E1,7.522770405E0,2.403170347E0,-5.766268253E0
1.552558983E1,7.000448227E0,2.044523478E0,-5.708533764E0
1.553560483E1,6.757872105E0,1.657394886E0,-5.633476257E0
1.554561883E1,6.922755241E0,1.376476288E0,-5.567656994E0
1.555563283E1,7.523466587E0,1.206513166E0,-5.430534840E0
1.556564683E1,8.037666321E0,9.315859675E-1,-5.227892876E0
1.557566083E1,8.146515846E0,4.460073113E-1,-5.051715374E0
1.558567483E1,7.739210129E0,-2.767156959E-1,-5.090069771E0
1.559568883E1,6.921381950E0,-1.085999489E0,-5.337449074E0
1.560570283E1,5.868130684E0,-1.561154604E0,-5.503384590E0
1.561571683E1,4.684221745E0,-1.720821738E0,-5.582507610E0
1.562573083E1,3.471668243E0,-1.589068651E0,-5.626737118E0
1.563574583E1,2.276766300E0,-1.270182490E0,-5.554913044E0
1.564575983E1,1.204323530E0,-8.861253262E-1,-5.303296566E0
1.565577383E1,2.363145947E-1,-6.215743423E-1,-4.961981297E0
1.566578783E1,-6.592413783E-1,-4.455212057E-1,-4.541370869E0
1.567580183E1,-1.357052684E0,-4.866856933E-1,-4.069854259E0
1.568581583E1,-1.791754365E0,-7.951592207E-1,-3.494286776E0
1.569582983E1,-1.964876056E0,-1.199650764E0,-2.887832880E0
1.570584383E1,-2.004881382E0,-1.533637524E0,-2.320316315E0
1.571585783E1,-1.999128342E0,-1.634637952E0,-1.824290276E0
1.572587183E1,-1.902455807E0,-1.402401090E0,-1.407432199E0
1.573588683E1,-1.773622632E0,-8.554943204E-1,-1.016016841E0
1.574590083E1,-1.760234833E0,-1.438812315E-1,-5.872581601E-1
1.575591483E1,-2.003209829E0,5.776822567E-1,-1.452796608E-1
1.576592883E1,-2.423323154E0,1.268433690E0,3.433407545E-1
1.577594283E1,-2.772316694E0,1.776177049E0,9.605672359E-1
1.578595683E1,-2.762163877E0,1.795021415E0,1.752956748E0
1.579597083E1,-2.242805004E0,1.422530890E0,2.542730570E0
1.580598483E1,-1.117655277E0,9.187226295E-1,3.276446581E0
1.581599883E1,4.894982576E-1,8.253825307E-1,4.007950783E0
1.582601283E1,2.173359394E0,8.770007491E-1,4.651415348E0
1.583602783E1,3.675769567E0,9.905949235E-1,5.440201759E0
1.584604183E1,5.171471119E0,1.372416258E0,6.512947559E0
1.585605583E1,6.569611549E0,1.664148092E0,7.589749813E0
1.586606983E1,7.654427052E0,1.444821000E0,8.485732079E0
1.587608383E1,8.623948097E0,4.047842324E-1,8.924144745E0
1.588609783E1,9.566129684E0,-1.647825241E0,8.846022606E0
1.589611183E1,1.043963718E1,-4.079733372E0,8.638676643E0
1.590612583E1,1.115441704E1,-5.488277435E0,8.721267700E0
1.591613983E1,1.146008110E1,-5.296411514E0,9.097736359E0
1.592615383E1,1.165298939E1,-4.427692890E0,9.522536278E0
1.593616883E1,1.203429031E1,-3.523140669E0,9.749653816E0
1.594618283E1,1.267962646E1,-3.126472235E0,9.811133385E0
1.595619683E1,1.297528744E1,-3.334824562E0,9.454162598E0
1.596621171E1,1.266927814E1,-2.676988125E0,8.619997025E0
1.597622571E1,1.119823074E1,-1.033207536E0,7.539843559E0
1.598623971E1,8.638436317E0,7.877044082E-1,6.570139408E0
1.599625371E1,5.936138630E0,1.644004464E0,6.162322521E0
1.600626771E1,3.962445021E0,9.168334007E-1,6.078581810E0
1.601628171E1,2.561351776E0,-9.171277285E-1,5.930328369E0
1.602629571E1,1.060697198E0,-2.491861105E0,5.524318218E0
1.603631071E1,-8.597274423E-1,-2.927066088E0,5.028251171E0
1.604632471E1,-2.954204082E0,-2.817181110E0,4.521802425E0
1.605633871E1,-4.406018734E0,-2.651112795E0,3.978029728E0
1.606635271E1,-5.405046463E0,-2.691594362E0,3.379419327E0
1.607636671E1,-6.274357796E0,-2.492708445E0,2.906697273E0
1.608638071E1,-7.184136391E0,-1.628347397E0,2.537973404E0
1.609639471E1,-8.077333450E0,-7.028587461E-1,2.219068766E0
1.610640871E1,-8.904906273E0,-2.361761481E-1,1.846567273E0
1.611642271E1,-9.765122414E0,-2.226901650E-1,1.375110030E0
1.612643671E1,-1.043656349E1,-8.054266125E-2,9.877141118E-1
1.613645171E1,-1.092478561E1,4.113770127E-1,7.157555819E-1
1.614646571E1,-1.122556877E1,1.112996817E0,5.104321241E-1
1.615647971E1,-1.141210938E1,1.494042397E0,2.293365747E-1
1.616649371E1,-1.145574474E1,1.611722350E0,-1.734244227E-1
1.617650771E1,-1.145175171E1,1.461514950E0,-7.836412191E-1
1.618652171E1,-1.088530254E1,1.711493850E0,-1.500988245E0
1.619653571E1,-9.764264107E0,2.703383446E0,-1.906988978E0
1.620654971E1,-8.615051270E0,3.719700575E0,-1.982465148E0
1.621656371E1,-7.227700233E0,4.394186974E0,-1.808042288E0
1.622657771E1,-5.317811012E0,4.564203739E0,-1.365129828E0
1.623659271E1,-2.936920404E0,4.080677509E0,-6.650646925E-1
1.624660671E1,-3.562509418E-1,2.837785721E0,3.200794458E-1
1.625662071E1,2.236281395E0,1.162525058E0,1.463524938E0
1.626663471E1,4.877765179E0,-4.659931064E-1,2.642482758E0
1.627664871E1,7.200450420E0,-1.569866419E0,3.685823441E0
1.628666271E1,9.117057800E0,-1.977525115E0,4.766329288E0
1.629667671E1,1.079310989E1,-1.765410185E0,6.056258202E0
1.630669071E1,1.188807487E1,-1.374059081E0,6.910873890E0
1.631670471E1,1.194584179E1,-9.695494771E-1,7.066536427E0
1.632671871E1,1.100626659E1,-3.121613264E-1,7.178502560E0
1.633673371E1,9.520752907E0,1.958363801E-1,7.277135372E0
1.634674771E1,8.204578400E0,2.314709574E-1,7.171826363E0
1.635676171E1,7.193295002E0,2.124314904E-1,7.079452038E0
1.636677571E1,6.075391293E0,5.532833934E-1,6.830278397E0
1.637678971E1,4.735094547E0,9.535040259E-1,6.288732052E0
1.638680371E1,3.106804132E0,1.052507997E0,5.349849224E0
1.639681771E1,1.174908161E0,1.119877934E0,4.294771671E0
1.640683171E1,-9.090000391E-1,1.176978707E0,3.281220913E0
1.641684571E1,-2.632288456E0,1.024135113E0,2.526666403E0
1.642685971E1,-3.984589577E0,5.731703639E-1,2.163127899E0
1.643687371E1,-5.423830032E0,-2.131625563E-1,1.993727088E0
1.644688871E1,-6.608575344E0,-8.927130103E-1,2.085938215E0
1.645690271E1,-7.352950573E0,-1.577576637E0,2.200729132E0
1.646691671E1,-7.759605408E0,-2.240756989E0,2.323487997E0
1.647693071E1,-7.806069374E0,-2.607318401E0,2.501606226E0
1.648694471E1,-7.677196980E0,-2.799096584E0,2.585398436E0
1.649695871E1,-7.598820686E0,-2.999591827E0,2.519380093E0
1.650697271E1,-7.639055729E0,-3.011981487E0,2.357125282E0
1.651698671E1,-7.637288570E0,-2.767345905E0,2.089338541E0
1.652700071E1,-7.394678116E0,-2.248256207E0,1.844521403E0
1.653701471E1,-6.940760136E0,-1.412957311E0,1.662243485E0
1.654702971E1,-6.099493504E0,-4.521178901E-1,1.530774355E0
1.655704371E1,-4.706161976E0,4.383033514E-1,1.400191903E0
1.656705771E1,-3.141144276E0,8.767896295E-1,1.137949467E0
1.657707171E1,-1.722748518E0,1.152448177E0,9.238399267E-1
1.658708571E1,-3.207319677E-1,1.451952219E0,9.157503843E-1
1.659709971E1,1.100860834E0,1.666567087E0,8.204523325E-1
1.660711371E1,2.453488827E0,2.145906925E0,6.760278344E-1
1.661712771E1,3.641385794E0,2.739997387E0,6.633850336E-1
1.662714171E1,4.500997066E0,3.044464350E0,1.034765005E0
1.663715571E1,5.191891670E0,2.719523191E0,1.990237713E0
1.664717071E1,5.847218037E0,1.706733584E0,3.417639017E0
1.665718471E1,6.724083424E0,1.263616085E-1,4.661890507E0
1.666719871E1,7.844585896E0,-1.456427455E0,5.401291847E0
1.667721271E1,8.778403282E0,-2.002180099E0,5.745133400E0
1.668722671E1,8.923622131E0,-1.415256023E0,5.875499249E0
1.669724071E1,8.183359146E0,-2.397625148E-1,5.897570610E0
1.670725471E1,7.189605236E0,8.116538525E-1,6.016174316E0
1.671726871E1,6.616362095E0,1.051309109E0,6.198027611E0
1.672728271E1,6.523272991E0,4.482567906E-1,6.271928310E0
1.673729671E1,6.705852985E0,-4.428012073E-1,6.205430031E0
1.674731171E1,6.539881706E0,-1.153083205E0,5.946148396E0
1.675732571E1,5.642146111E0,-1.487285733E0,5.421730042E0
1.676733971E1,3.669392347E0,-1.306879520E0,4.730363369E0
1.677735371E1,9.533208609E-1,-9.225809574E-1,4.245031834E0
1.678736771E1,-1.898085594E0,-7.872854471E-1,3.567679882E0
1.679738171E1,-4.055952549E0,-4.810722768E-1,3.010401726E0
1.680739571E1,-5.209750652E0,7.253628224E-2,2.704702377E0
1.681740971E1,-6.024827480E0,2.611352205E-1,2.289676428E0
1.682742371E1,-6.293308735E0,3.966966867E-1,1.955131412E0
1.683743771E1,-6.126028061E0,6.080789566E-1,1.859927893E0
1.684745171E1,-5.788647652E0,6.637906432E-1,1.902592659E0
1.685746671E1,-5.183334827E0,7.375729680E-1,2.107479572E0
1.686748071E1,-4.213297844E0,7.832386494E-1,2.512756109E0
1.687749471E1,-2.861445427E0,7.263617516E-1,2.827194452E0
1.688750871E1,-9.861788154E-1,8.765872717E-1,3.143408060E0
1.689752271E1,8.034307957E-1,6.878200173E-1,3.316610098E0
1.690753671E1,2.416953325E0,5.257821083E-1,3.358954668E0
1.691755071E1,3.477810383E0,1.143821120E0,3.641624212E0
1.692756471E1,3.818803787E0,2.454685211E0,4.219907761E0
1.693757871E1,3.677533388E0,3.614758730E0,4.903619766E0
1.694759271E1,3.424590349E0,4.043350697E0,5.552747250E0
1.695760771E1,3.192739248E0,3.703716755E0,5.911090374E0
1.696761887E1,3.200583458E0,2.854702711E0,5.866845608E0
1.697763287E1,3.158861876E0,2.737503052E0,5.664336681E0
1.698764687E1,2.819072723E0,2.999909401E0,5.483717442E0
1.699766088E1,2.386222363E0,3.045985222E0,5.124464035E0
1.700767487E1,1.727150083E0,2.907803774E0,4.755149364E0
1.701768888E1,8.055728078E-1,2.547090530E0,4.367434502E0
1.702770287E1,-1.416525096E-1,1.883640766E0,3.819963694E0
1.703771688E1,-1.037587762E0,9.421633482E-1,3.240797997E0
1.704773087E1,-2.159118414E0,-3.931795955E-1,2.791057587E0
1.705774488E1,-3.799538136E0,-2.063738108E0,2.727666378E0
1.706775987E1,-5.528605461E0,-3.523588657E0,3.409997940E0
1.707777388E1,-6.520863056E0,-4.527493954E0,4.554335594E0
1.708778787E1,-6.723756790E0,-5.771998882E0,5.746900082E0
1.709780188E1,-6.136417866E0,-6.698345184E0,6.787021160E0
1.710781587E1,-4.765716076E0,-6.989117622E0,7.226430416E0
1.711782988E1,-2.557052374E0,-6.695354939E0,7.014838696E0
1.712784387E1,-5.758690238E-1,-6.216773033E0,6.376267910E0
1.713785788E1,4.126902521E-1,-5.282050610E0,5.522631168E0
1.714787187E1,5.253314376E-1,-3.499160767E0,4.648480415E0
1.715788587E1,-5.880175903E-2,-1.145947933E0,3.562762737E0
1.716790087E1,-1.035305619E0,1.291668177E0,2.242399216E0
1.717791488E1,-2.021858454E0,3.478480101E0,8.620307446E-1
1.718792887E1,-2.743710041E0,5.205936909E0,-3.440271318E-1
1.719794288E1,-3.149559259E0,6.174430370E0,-1.289687157E0
1.720795687E1,-3.164636612E0,6.448399544E0,-1.919768095E0
1.721797087E1,-3.054970264E0,6.267439842E0,-2.225347996E0
1.722798487E1,-2.987417459E0,5.845580578E0,-2.309304476E0
1.723799887E1,-2.921850443E0,5.221896172E0,-2.216809511E0
1.724801288E1,-2.822862148E0,4.532190323E0,-2.075058699E0
1.725802687E1,-2.815219641E0,3.840657234E0,-2.038313627E0
1.726804187E1,-3.026237726E0,3.270004988E0,-2.192913055E0
1.727805588E1,-3.543339252E0,2.801098108E0,-2.476936340E0
1.728806987E1,-4.249549866E0,2.532326698E0,-2.843753338E0
1.729808387E1,-4.282121181E0,2.666625738E0,-3.102622747E0
1.730809787E1,-3.991184473E0,2.944943428E0,-3.457063913E0
1.731811187E1,-3.826852798E0,2.965971947E0,-3.821605921E0
1.732812588E1,-3.639008284E0,3.100584745E0,-4.171692848E0
1.733813987E1,-3.499746799E0,3.374399662E0,-4.418571472E0
1.734815388E1,-3.425431252E0,3.912760973E0,-4.541615963E0
1.735816787E1,-3.493064642E0,4.626935005E0,-4.653787613E0
1.736818188E1,-3.710489035E0,5.531949043E0,-4.705904961E0
1.737819687E1,-4.049660683E0,6.581973076E0,-4.689189911E0
1.738821087E1,-4.383389473E0,7.666868210E0,-4.615749359E0
1.739822487E1,-4.632777691E0,8.751503944E0,-4.465927601E0
1.740823888E1,-4.650888920E0,9.667476654E0,-4.191773415E0
1.741825287E1,-4.347961903E0,1.036384106E1,-3.862907410E0
1.742826688E1,-3.795076132E0,1.076020718E1,-3.633209944E0
1.743828087E1,-3.440170765E0,1.104441166E1,-3.488398075E0
1.744829488E1,-3.399328709E0,1.121715069E1,-3.285025597E0
1.745830887E1,-3.514168978E0,1.121296883E1,-3.064480782E0
1.746832288E1,-3.607479811E0,1.092861176E1,-2.802534342E0
1.747833687E1,-3.493237495E0,1.025621700E1,-2.388168812E0
1.748835188E1,-3.112862349E0,9.286314964E0,-1.835511327E0
1.749836587E1,-2.576212883E0,8.225884438E0,-1.376303196E0
1.750837988E1,-2.046251059E0,7.077615738E0,-1.272599578E0
1.751839387E1,-1.671526909E0,6.093889236E0,-1.516956806E0
1.752840788E1,-1.583322883E0,5.887866020E0,-1.830199361E0
1.753842187E1,-1.794761419E0,6.266910553E0,-1.910129070E0
1.754843587E1,-2.130747318E0,6.625313282E0,-1.740285277E0
1.755844987E1,-2.567652225E0,6.969994545E0,-1.438233495E0
1.756846387E1,-3.042474747E0,6.955586433E0,-1.147870302E0
1.757847788E1,-3.303458691E0,6.694403648E0,-8.289141655E-1
1.758849288E1,-3.255544424E0,6.369479656E0,-5.508091450E-1
1.759850687E1,-2.975700378E0,6.047928810E0,-4.571729302E-1
1.760852088E1,-2.525879383E0,5.876505852E0,-6.040146947E-1
1.761853487E1,-2.053915024E0,5.686882973E0,-9.770356417E-1
1.762854887E1,-1.666055560E0,5.348304749E0,-1.264176726E0
1.763856287E1,-1.516299963E0,4.805396557E0,-1.353618741E0
1.764857687E1,-1.675519466E0,4.334175110E0,-1.225900888E0
1.765859088E1,-2.044381857E0,3.899561882E0,-7.894375920E-1
1.766860487E1,-2.097996473E0,3.038365602E0,-9.697923809E-2
1.767861888E1,-1.835220695E0,2.367083788E0,3.920905888E-1
1.768863287E1,-1.290276766E0,2.235041618E0,4.959186018E-1
1.769864688E1,-6.214148998E-1,2.545596361E0,3.342239857E-1
1.770866187E1,-7.463902980E-2,3.037810326E0,1.339034587E-1
1.771867587E1,7.685488462E-2,3.887138128E0,-3.955114633E-2
1.772868987E1,-3.940524459E-1,4.216404915E0,1.770094596E-2
1.773870388E1,-1.144666076E0,3.869142294E0,3.035614491E-1
1.774871787E1,-1.612096190E0,3.288268328E0,5.230699182E-1
1.775873188E1,-1.657133222E0,2.789191961E0,6.105483770E-1
1.776874587E1,-1.453164101E0,2.262100697E0,6.009625196E-1
1.777875988E1,-1.208060622E0,2.169523478E0,4.362167418E-1
1.778877387E1,-1.042099357E0,2.636900187E0,1.904578656E-1
1.779878788E1,-1.226981282E0,2.937906981E0,1.258953959E-1
1.780880287E1,-1.535310626E0,3.176820517E0,1.994611770E-1
1.781881688E1,-1.574269772E0,2.956042290E0,3.483862281E-1
1.782883087E1,-1.395720720E0,2.452528477E0,5.002413392E-1
1.783884488E1,-1.119387388E0,2.023819923E0,5.077469349E-1
1.784885887E1,-7.544307113E-1,1.650630236E0,4.256305099E-1
1.785887288E1,-5.375068784E-1,1.292881966E0,3.379669487E-1
1.786888687E1,-6.254603863E-1,1.180083275E0,3.141937554E-1
1.787890088E1,-9.149963260E-1,1.108440518E0,4.330492914E-1
1.788891487E1,-1.173147917E0,1.142644763E0,5.890956521E-1
1.789892887E1,-1.260304093E0,1.271201491E0,7.277837396E-1
1.790894288E1,-1.183023453E0,1.407067657E0,8.557087183E-1
1.791895788E1,-1.083668709E0,1.488857269E0,9.053188562E-1
1.792897187E1,-9.943090081E-1,1.573488355E0,8.424938321E-1
1.793898588E1,-1.005505681E0,1.673684955E0,7.179005146E-1
1.794899987E1,-1.180257320E0,1.627013087E0,6.259837151E-1
1.795901387E1,-1.362664223E0,1.358243942E0,6.392715573E-1
1.796902858E1,-1.351369023E0,9.812125564E-1,7.214865685E-1
1.797904258E1,-1.136995196E0,5.921561718E-1,7.834394574E-1
1.798905658E1,-7.719578147E-1,3.486092687E-1,8.126732111E-1
1.799907058E1,-3.861885071E-1,2.092076838E-1,8.092854023E-1
1.800908458E1,-1.275738180E-1,1.627198458E-1,8.007803559E-1
1.801909858E1,-7.604405284E-2,2.809383571E-1,8.042842746E-1
1.802911358E1,-2.302126437E-1,5.637979507E-1,8.231511116E-1
1.803912758E1,-4.932077825E-1,7.745866179E-1,8.831542730E-1
1.804914158E1,-6.940210462E-1,7.929553390E-1,1.002953053E0
1.805915558E1,-7.213557363E-1,6.741150022E-1,1.105027199E0
1.806916958E1,-5.788057446E-1,4.696496725E-1,1.138730168E0
1.807918358E1,-3.794241846E-1,2.561813295E-1,1.092531562E0
1.808919758E1,-1.645930856E-1,1.281572580E-1,9.907075167E-1
1.809921158E1,1.272230968E-2,1.776203141E-2,8.627237082E-1
1.810922558E1,9.777230024E-2,-5.017812178E-2,7.583068013E-1
1.811923958E1,1.258199066E-1,-5.218215287E-2,7.241970301E-1
1.812925358E1,1.188007370E-1,3.570852056E-2,7.223904133E-1
1.813926758E1,1.081592813E-1,1.982010305E-1,7.577558756E-1
1.814928258E1,7.462843508E-2,3.316392004E-1,8.247285485E-1
1.815929658E1,4.471101612E-2,4.246349335E-1,9.184443951E-1
1.816931058E1,6.022431701E-2,4.085596204E-1,9.426379800E-1
1.817932458E1,1.070120558E-1,2.783062756E-1,8.870690465E-1
1.818933858E1,1.378935277E-1,1.258622706E-1,7.733810544E-1
1.819935258E1,1.155280247E-1,1.619614214E-1,6.069524288E-1
1.820936658E1,3.807242587E-2,4.216203988E-1,4.516305029E-1
1.821938058E1,-6.767824292E-2,7.338712811E-1,3.862951696E-1
1.822939458E1,-1.568909883E-1,9.143216014E-1,4.146092236E-1
1.823940858E1,-1.684751958E-1,9.578264952E-1,4.499903619E-1
1.824942258E1,-7.041324675E-2,9.023283720E-1,4.541775286E-1
1.825943758E1,9.836432338E-2,7.129437923E-1,4.515388906E-1
1.826945158E1,2.653194964E-1,4.517474473E-1,4.460394681E-1
1.827946558E1,3.273053765E-1,2.546812594E-1,4.206358194E-1
1.828947958E1,2.390453070E-1,2.538530827E-1,3.944649994E-1
1.829949358E1,6.752548367E-2,3.718982339E-1,3.664709330E-1
1.830950758E1,-8.026226610E-2,5.669643879E-1,3.273872435E-1
1.831952158E1,-1.286279410E-1,7.176622748E-1,2.910795510E-1
1.832953558E1,-6.809547544E-2,6.454396248E-1,2.530945539E-1
1.833954958E1,1.028238013E-1,4.271347225E-1,2.287068963E-1
1.834956358E1,2.881461382E-1,1.917818189E-1,2.371956557E-1
1.835957758E1,3.843879998E-1,2.458216064E-2,2.586924136E-1
1.836959158E1,3.695940375E-1,1.116324030E-2,2.634507716E-1
1.837960658E1,2.629245818E-1,1.300715208E-1,2.529326081E-1
1.838962058E1,1.026861146E-1,2.883111537E-1,2.323893756E-1
1.839963458E1,-2.023581602E-2,4.016590118E-1,2.212834507E-1
1.840964858E1,-6.789574027E-2,4.171000421E-1,2.240155935E-1
1.841966258E1,-3.867647052E-2,3.735670149E-1,2.136964649E-1
1.842967658E1,1.949046738E-2,3.796182573E-1,2.193077654E-1
1.843969058E1,3.553228453E-2,4.467176497E-1,2.441542596E-1
1.844970458E1,2.995973267E-2,4.562486112E-1,2.812296450E-1
1.845971858E1,5.849416927E-2,4.094302356E-1,3.203400373E-1
1.846973258E1,1.384026855E-1,2.959509194E-1,3.536815047E-1
1.847974658E1,1.824926436E-1,1.745392829E-1,3.870815337E-1
1.848976058E1,-1.674456596E-1,2.003138959E-1,4.069340825E-1
1.849977558E1,-3.386600018E-1,3.570478559E-1,4.004242420E-1
1.850978958E1,-4.999124408E-1,4.362130165E-1,3.516523540E-1
1.851980358E1,-4.534935653E-1,4.494180381E-1,2.914377451E-1
1.852981758E1,-2.963560820E-1,4.198206067E-1,2.103870213E-1
1.853983158E1,-9.178642929E-2,2.040361315E-1,1.807803959E-1
1.854984558E1,1.753260046E-1,-7.039943337E-2,2.085025907E-1
1.855985958E1,3.930625916E-1,-2.865463793E-1,2.514109015E-1
1.856987358E1,4.208344519E-1,-3.403010666E-1,3.082891703E-1
1.857988758E1,2.403845042E-1,-2.347570956E-1,3.380124271E-1