"Time (s)","X (m/s^2)","Y (m/s^2)","Z (m/s^2)"
6.807625001E-3,1.410367126E0,6.945107574E0,6.121969299E0
1.682162500E-2,1.381776581E0,6.938371582E0,6.232140198E0
2.683462500E-2,1.349892883E0,6.968159637E0,6.128256226E0
3.684862500E-2,1.451531525E0,7.096742249E0,5.956114197E0
4.686262500E-2,1.548080750E0,7.214098206E0,5.884263611E0
5.687662500E-2,1.544338531E0,7.186705170E0,5.874084778E0
6.689062500E-2,1.504221954E0,7.173981628E0,5.952222290E0
7.690462500E-2,1.503323822E0,7.138056335E0,6.119723969E0
8.691762500E-2,1.472338257E0,7.050638123E0,6.262527008E0
9.693162500E-2,1.372046814E0,7.012317810E0,6.256689148E0
1.069456250E-1,1.207389221E0,6.928641815E0,6.112538910E0
1.169596250E-1,1.020727386E0,6.822512512E0,5.934409332E0
1.269736250E-1,9.128018188E-1,6.809040527E0,5.657185822E0
1.369876250E-1,7.993377686E-1,6.769971771E0,5.415588226E0
1.470006250E-1,6.759942627E-1,6.733447723E0,5.299579468E0
1.570146250E-1,4.731660461E-1,6.643185425E0,5.261109467E0
1.670286250E-1,2.085163879E-1,6.479575653E0,5.100643158E0
1.770426250E-1,-1.489402771E-1,6.350244598E0,5.033582611E0
1.870566250E-1,-5.182223511E-1,6.164780273E0,4.829706573E0
1.970706250E-1,-7.771838379E-1,5.985303497E0,4.546944580E0
2.070836250E-1,-1.111438751E0,5.817053375E0,4.193978577E0
2.170976250E-1,-1.803898773E0,5.507048035E0,3.617677002E0
2.271116250E-1,-2.700683899E0,5.117707672E0,2.786156158E0
2.371256250E-1,-3.584895172E0,4.504732361E0,2.112556915E0
2.471396250E-1,-4.455185394E0,3.794758759E0,2.011517029E0
2.571535000E-1,-4.771627350E0,3.346291351E0,2.210453339E0
2.671665000E-1,-4.002227325E0,2.926564178E0,2.693349152E0
2.771805000E-1,-1.790127411E0,2.589315491E0,4.342918854E0
2.871945000E-1,5.632786560E-1,3.146307220E0,6.326893158E0
2.972085000E-1,1.801204376E0,3.616629181E0,6.774312744E0
3.072225000E-1,2.607876892E0,3.714824982E0,6.090834045E0
3.172365000E-1,3.372037811E0,3.911515961E0,5.358556824E0
3.272495000E-1,3.488645325E0,3.685485992E0,4.518204346E0
3.372635000E-1,3.540138245E0,3.792363739E0,3.628903656E0
3.472775000E-1,3.969295807E0,3.072211304E0,2.658621368E0
3.572915000E-1,5.170697479E0,1.635349274E0,1.498533783E0
3.673055000E-1,8.158783722E0,1.478176117E0,8.053253174E-2
3.773195000E-1,1.236593491E1,2.505190430E0,-7.472460938E-1
3.873335000E-1,1.634930145E1,2.940634918E0,-2.448907471E-1
3.973465000E-1,2.049927155E1,3.936963043E0,1.596130829E0
4.073605000E-1,2.346340759E1,5.936504974E0,3.553310852E0
4.173745000E-1,2.398477341E1,6.654561768E0,4.164489899E0
4.273885000E-1,2.260120056E1,5.893843689E0,4.299509125E0
4.374025000E-1,2.132211044E1,4.864134979E0,3.318299561E0
4.474165000E-1,2.062980011E1,4.372856598E0,1.078507233E0
4.574295000E-1,2.043565384E1,4.136947174E0,-1.540446625E0
4.674435000E-1,2.064132614E1,3.950884094E0,-3.154689789E0
4.774575000E-1,2.127046783E1,4.163442078E0,-2.859803009E0
4.874715000E-1,2.194152237E1,4.187841339E0,-1.641187134E0
4.974855000E-1,2.218551498E1,3.924389191E0,-2.207908630E-1
5.074995000E-1,2.205214233E1,3.240311737E0,1.010698242E0
5.175125000E-1,2.173884384E1,2.496508484E0,1.691632233E0
5.275265000E-1,2.183659058E1,2.470462646E0,2.171833649E0
5.375405000E-1,2.299712723E1,3.482358398E0,1.852397919E0
5.475545000E-1,2.361833542E1,4.199816437E0,2.571652222E-1
5.575685000E-1,2.240840149E1,3.354673920E0,-1.559457092E0
5.675825000E-1,2.061692688E1,2.143392792E0,-3.088527374E0
5.775965000E-1,2.119562347E1,1.626218262E0,-3.851939850E0
5.876095000E-1,2.209465393E1,1.986818390E0,-3.566483459E0
5.976235000E-1,2.202145615E1,2.127226410E0,-2.470762024E0
6.076375000E-1,2.106539429E1,1.666334839E0,-1.035247192E0
6.176515000E-1,1.939876007E1,7.216493225E-1,-9.445358276E-2
6.276655000E-1,1.749382141E1,-4.746629333E-1,1.709445190E-1
6.376795000E-1,1.575623474E1,-1.300345917E0,-1.306782532E-1
6.476935000E-1,1.387943756E1,-2.054477692E0,-3.074606323E-1
6.577065000E-1,1.170805298E1,-2.780467987E0,-7.843688965E-2
6.677205000E-1,9.344917145E0,-3.529959412E0,2.092648315E-1
6.777345000E-1,7.104226685E0,-4.406985626E0,2.152523804E-1
6.877485000E-1,5.054239655E0,-5.160967712E0,1.743873596E-1
6.977625000E-1,3.161725159E0,-5.891598358E0,9.698332214E-1
7.077765000E-1,1.124461670E0,-7.021299133E0,3.025957489E0
7.177905000E-1,-1.481169891E0,-8.104746094E0,4.168381805E0
7.278035000E-1,-4.162543945E0,-8.412655792E0,5.251230011E0
7.378175000E-1,-6.981631622E0,-8.733738098E0,7.036866760E0
7.478315000E-1,-1.001836670E1,-8.839717712E0,8.721313934E0
7.578455000E-1,-1.226609253E1,-8.411458282E0,9.903256073E0
7.678595000E-1,-1.352811813E1,-7.568561096E0,1.054152878E1
7.778735000E-1,-1.434272415E1,-6.589447174E0,1.036354889E1
7.878865000E-1,-1.449825073E1,-6.024372253E0,9.120384064E0
7.979005000E-1,-1.394080994E1,-5.010979614E0,6.994953918E0
8.079145000E-1,-1.203138062E1,-4.151766357E0,5.344336395E0
8.179285000E-1,-9.013656006E0,-3.086431732E0,4.748275909E0
8.279425000E-1,-6.148314514E0,-1.703457642E0,4.444557495E0
8.379565000E-1,-3.775748291E0,-8.048762512E-1,3.920497284E0
8.479705000E-1,-6.271957397E-1,2.888992310E-1,2.021396484E0
8.579835000E-1,2.581381989E0,1.779948578E0,-7.352709961E-1
8.679975000E-1,5.192102966E0,2.272424469E0,-2.779869232E0
8.780115000E-1,7.375462646E0,2.346520386E0,-4.235442352E0
8.880255000E-1,9.517208862E0,2.581531677E0,-5.415887604E0
8.980395000E-1,1.209380081E1,2.878663788E0,-5.878725128E0
9.080535000E-1,1.518756729E1,3.518283691E0,-6.395749969E0
9.180675000E-1,1.802042633E1,4.184997253E0,-7.531587982E0
9.280805000E-1,2.029629364E1,4.672533417E0,-8.535999298E0
9.380945000E-1,2.184841599E1,4.834945679E0,-1.025203079E1
9.481085000E-1,2.298230804E1,4.490511932E0,-1.218166809E1
9.581225000E-1,2.409284866E1,4.408781891E0,-1.299028656E1
9.681365000E-1,2.559886688E1,4.656816101E0,-1.394530060E1
9.781505000E-1,2.566008957E1,4.765340424E0,-1.469898331E1
9.881645000E-1,2.516521866E1,4.698878632E0,-1.492651016E1
9.981785000E-1,2.442276260E1,4.685556335E0,-1.531360519E1
1.008191500E0,2.348945343E1,4.343367920E0,-1.553798859E1
1.018205500E0,2.237801468E1,4.007167053E0,-1.513697250E1
1.028219500E0,2.083592148E1,3.520828400E0,-1.414708099E1
1.038233500E0,1.891930710E1,2.935994568E0,-1.303294785E1
1.048247500E0,1.686408096E1,2.251318359E0,-1.147109573E1
1.058261500E0,1.431054108E1,1.308878174E0,-9.723030853E0
1.068275500E0,1.196641571E1,3.909869385E-1,-7.760911102E0
1.078288500E0,9.943821716E0,-2.954855347E-1,-5.389542389E0
1.088302500E0,8.100255432E0,-6.824308777E-1,-3.424279175E0
1.098316500E0,6.312223663E0,-1.037791901E0,-2.530188446E0
1.108330500E0,4.585115204E0,-1.404678955E0,-2.639311523E0
1.118344500E0,3.525468750E0,-1.685794373E0,-3.607947235E0
1.128358500E0,2.673889618E0,-2.045795746E0,-4.523892517E0
1.138372500E0,2.152673492E0,-2.115251312E0,-5.370980988E0
1.148386500E0,2.194137268E0,-1.703307953E0,-6.002667389E0
1.158399500E0,2.570754089E0,-1.312770081E0,-5.650599518E0
1.168413500E0,3.265160065E0,-7.958949280E-1,-4.903952179E0
1.178427500E0,3.690425720E0,-2.258802795E-1,-3.926185455E0
1.188441500E0,3.386108551E0,-4.282594299E-1,-3.063080292E0
1.198455500E0,2.776875458E0,-6.047424316E-1,-2.947819977E0
1.208469500E0,2.255809021E0,-4.721182251E-1,-3.589685211E0
1.218483500E0,1.503323822E0,-6.421646118E-1,-4.193529510E0
1.228497500E0,8.590635681E-1,-4.969665527E-1,-4.427642670E0
1.238510500E0,8.536747742E-1,1.683998108E-1,-4.115841064E0
1.248524500E0,1.134640503E0,8.797206116E-1,-3.508404236E0
1.258538917E0,1.683998108E0,2.125430145E0,-2.896327057E0
1.268552917E0,3.023712158E0,3.530857544E0,-2.262694702E0
1.278566917E0,4.241130524E0,4.716392212E0,-1.619781647E0
1.288580917E0,4.981041870E0,5.803282013E0,-1.234033813E0
1.298594917E0,5.530549164E0,6.429130554E0,-1.151705017E0
1.308608917E0,5.492228851E0,6.696324921E0,8.981323242E-3
1.318621917E0,5.094206543E0,7.111860809E0,1.702709198E0
1.328635917E0,5.066364441E0,7.458090820E0,3.312461700E0
1.338649917E0,5.437293091E0,7.644752655E0,4.904251556E0
1.348663917E0,6.127657471E0,8.027506714E0,5.890700226E0
1.358677917E0,6.956932983E0,8.120014343E0,6.407425690E0
1.368691917E0,7.748786316E0,7.784561920E0,7.116950226E0
1.378705917E0,8.778644714E0,7.716603241E0,7.199129333E0
1.388719917E0,1.032358200E1,8.104446716E0,6.709198151E0
1.398732917E0,1.164548309E1,8.277037811E0,6.370302887E0
1.408746917E0,1.197734299E1,8.054899750E0,6.581663361E0
1.418760917E0,1.188064407E1,7.311096497E0,6.594386902E0
1.428774917E0,1.189621170E1,6.404581604E0,6.518644409E0
1.438788917E0,1.239138199E1,5.858068085E0,6.395001526E0
1.448802917E0,1.307456131E1,5.438789978E0,6.008505249E0
1.458816917E0,1.309791275E1,4.597090302E0,5.378615112E0
1.468830917E0,1.245440094E1,3.837869110E0,4.458927612E0
1.478843917E0,1.182286423E1,3.428919525E0,3.400778046E0
1.488857917E0,1.073956696E1,2.550246735E0,2.251318359E0
1.498871917E0,9.176367645E0,1.603914642E0,9.434880066E-1
1.508885917E0,8.210126953E0,1.228195953E0,-8.439450073E-1
1.518899917E0,7.867489471E0,1.149609375E0,-2.752925262E0
1.528913917E0,7.753276978E0,9.517208862E-1,-4.277055817E0
1.538927917E0,8.233927460E0,1.075363770E0,-5.380411377E0
1.548941917E0,8.835676117E0,6.231541443E-1,-6.620432739E0
1.558955917E0,8.401578827E0,-7.021897888E-1,-8.076754303E0
1.568968917E0,8.102201385E0,-1.189276886E0,-9.922116852E0
1.578982917E0,8.591533813E0,-8.229885864E-1,-1.188842789E1
1.588996917E0,9.080716553E0,-6.191125488E-1,-1.304701859E1
1.599010917E0,9.125623169E0,-4.544549561E-1,-1.394784531E1
1.609024917E0,8.865164795E0,-8.376580811E-1,-1.450363953E1
1.619038917E0,8.417445831E0,-1.130748596E0,-1.488474701E1
1.629052917E0,7.805368652E0,-8.981323242E-1,-1.528351776E1
1.639066917E0,7.401508484E0,-4.800517273E-1,-1.517140091E1
1.649080917E0,7.255861359E0,1.658551025E-1,-1.476305008E1
1.659093917E0,7.358996887E0,6.873706055E-1,-1.423749298E1
1.669107917E0,7.184160461E0,7.424560547E-1,-1.307995010E1
1.679121917E0,6.935377808E0,6.113287354E-1,-1.202224960E1
1.689135917E0,7.011269989E0,6.656657410E-1,-1.114402588E1
1.699149917E0,7.212451630E0,7.372169495E-1,-1.014575180E1
1.709163917E0,7.634723511E0,1.130748596E0,-9.283544769E0
1.719177917E0,8.853040009E0,1.834884338E0,-8.712781677E0
1.729191917E0,9.852212219E0,2.524051208E0,-7.750432892E0
1.739205917E0,1.008961853E1,2.618355103E0,-6.216722260E0
1.749218917E0,9.593999176E0,2.261048126E0,-4.913532257E0
1.759232917E0,8.845256195E0,1.769919434E0,-3.659889221E0
1.769246917E0,7.921976166E0,1.349443817E0,-2.669698334E0
1.779260917E0,7.183412018E0,1.043929138E0,-1.991159363E0
1.789274917E0,6.638096008E0,8.668473816E-1,-1.446741486E0
1.799288917E0,6.290518799E0,9.240284729E-1,-1.216370544E0
1.809302917E0,6.026617584E0,9.246272278E-1,-7.738906860E-1
1.819316917E0,5.466781769E0,8.454418945E-1,-4.266128540E-1
1.829330917E0,4.257296906E0,4.941224670E-1,-2.835104370E-1
1.839344917E0,2.927761688E0,-8.607101440E-2,-4.846920776E-1
1.849357917E0,1.800006866E0,-4.505630493E-1,-9.642947388E-1
1.859371917E0,8.834628296E-1,-7.891589355E-1,-1.611249390E0
1.869385917E0,2.080673218E-2,-1.028361511E0,-2.245330811E0
1.879399917E0,-8.783734131E-1,-1.286125488E0,-2.724484406E0
1.889413917E0,-1.660946045E0,-1.664239197E0,-2.809058533E0
1.899427917E0,-1.576970673E0,-1.857337646E0,-2.790347443E0
1.909441917E0,-8.412506104E-1,-1.738933868E0,-2.843486938E0
1.919455917E0,-5.179229736E-2,-1.712588654E0,-2.933898926E0
1.929469917E0,1.107846222E0,-1.583556976E0,-2.339634705E0
1.939482917E0,2.509531403E0,-1.190624084E0,-1.816921692E0
1.949496917E0,3.791465607E0,-5.812413025E-1,-2.070644073E0
1.959510917E0,4.640350342E0,-8.777746582E-1,-2.588567047E0
1.969524917E0,5.428910522E0,-1.450034637E0,-3.415297852E0
1.979538917E0,6.267915802E0,-2.179767151E0,-4.401746521E0
1.989552917E0,7.450606384E0,-2.644400940E0,-4.547393646E0
1.999566917E0,9.219777374E0,-2.710862732E0,-4.067491608E0
2.009580917E0,1.168604874E1,-2.408641205E0,-3.381767578E0
2.019594917E0,1.448088684E1,-1.795665894E0,-3.515589294E0
2.029608917E0,1.696287552E1,-8.116122437E-1,-4.400249634E0
2.039622917E0,1.906884613E1,-5.083428955E-1,-5.591173096E0
2.049635917E0,2.123648849E1,-1.041833496E0,-6.296955414E0
2.059649917E0,2.345203125E1,-1.256636810E0,-6.654412079E0
2.069663917E0,2.515818329E1,-1.007854156E0,-7.265740814E0
2.079677917E0,2.605496841E1,-6.225553894E-1,-7.992030487E0
2.089691917E0,2.618474854E1,-3.775149536E-1,-8.236023102E0
2.099705917E0,2.585513397E1,-2.505789185E-1,-7.811805267E0
2.109719917E0,2.487137970E1,-2.424957275E-1,-7.616162109E0
2.119733917E0,2.378044830E1,-4.840933228E-1,-7.713908844E0
2.129747917E0,2.270718018E1,-9.410929871E-1,-7.430099030E0
2.139761917E0,2.173629913E1,-1.187779999E0,-7.406448212E0
2.149774917E0,2.103889938E1,-1.126407623E0,-7.594906311E0
2.159788917E0,2.037143738E1,-1.281934204E0,-7.660619659E0
2.169802917E0,1.975696518E1,-1.552272034E0,-7.850424957E0
2.179816917E0,1.919877594E1,-1.503623199E0,-8.351133728E0
2.189830917E0,1.869222931E1,-1.610051880E0,-8.796906738E0
2.199844917E0,1.818373672E1,-1.566492462E0,-9.160500641E0
2.209858917E0,1.762434998E1,-1.308728485E0,-9.771380310E0
2.219872917E0,1.660766418E1,-1.316063232E0,-9.981094208E0
2.229886917E0,1.515897675E1,-1.620081024E0,-9.464967499E0
2.239900917E0,1.360580658E1,-2.061063995E0,-8.470136261E0
2.249914917E0,1.194456116E1,-2.660267944E0,-7.221133575E0
2.259929000E0,1.053015244E1,-3.118165741E0,-6.213728485E0
2.269942000E0,9.704918518E0,-3.178939362E0,-5.513035583E0
2.279956000E0,8.980574799E0,-3.096909943E0,-4.874613190E0
2.289970000E0,7.981103210E0,-2.906356201E0,-4.166585541E0
2.299984000E0,6.536307678E0,-2.911445618E0,-3.396437073E0
2.309998000E0,4.778213654E0,-3.059787140E0,-2.857258301E0
2.320012000E0,2.992127838E0,-3.079396362E0,-2.425556030E0
2.330026000E0,1.443897400E0,-3.123853912E0,-1.440005493E0
2.340040000E0,1.504371643E-1,-3.022215271E0,-3.972738647E-1
2.350054000E0,-1.210682373E0,-2.837798767E0,2.691403198E-1
2.360068000E0,-2.431393890E0,-2.510728912E0,3.323089600E-1
2.370082000E0,-3.286116486E0,-1.967957611E0,3.204835510E-1
2.380096000E0,-3.721411285E0,-1.424138489E0,4.038601685E-1
2.390109000E0,-3.517684937E0,-8.509803772E-1,2.670446777E-1
2.400123000E0,-2.820434875E0,-1.811233521E-1,8.053253174E-2
2.410137000E0,-2.157463531E0,4.267625427E-1,-2.224374390E-1
2.420151000E0,-1.664538574E0,9.526190186E-1,-6.084846497E-1
2.430165000E0,-1.487606506E0,9.041198730E-1,-6.968009949E-1
2.440179000E0,-1.067879333E0,7.857160950E-1,-6.313870239E-1
2.450193000E0,-6.421646118E-2,1.179547119E0,-8.849597168E-1
2.460207000E0,1.006207581E0,1.510808258E0,-1.500629425E0
2.470221000E0,2.104473724E0,1.772464142E0,-2.151176605E0
2.480235000E0,3.228785706E0,2.270927582E0,-3.132386169E0
2.490249000E0,4.362677765E0,2.870580597E0,-4.169279938E0
2.500263000E0,5.458997955E0,3.328628082E0,-5.017715607E0
2.510276000E0,6.303392029E0,3.463647308E0,-5.744753723E0
2.520290000E0,6.867568817E0,3.425476685E0,-6.158193970E0
2.530304000E0,7.290289764E0,3.378624115E0,-5.920488281E0
2.540318000E0,7.799680481E0,3.397035828E0,-5.216502228E0
2.550332000E0,8.265811157E0,3.525618439E0,-4.206103363E0
2.560346000E0,8.427175598E0,3.630849609E0,-2.598446503E0
2.570360000E0,8.160579987E0,3.403322754E0,-4.602928162E-1
2.580374000E0,7.909851379E0,2.944975891E0,1.508113861E0
2.590388000E0,7.482789459E0,2.292482758E0,3.570225677E0
2.600402000E0,7.020999756E0,1.466350708E0,5.613027649E0
2.610416000E0,7.044351196E0,5.352868652E-1,7.088060303E0
2.620430000E0,8.096064148E0,1.308279419E-1,8.067323914E0
2.630444000E0,9.775870972E0,5.201683044E-1,7.864196320E0
2.640458000E0,1.087937622E1,9.538165283E-1,7.032076721E0
2.650471000E0,1.087159241E1,8.044271851E-1,6.430477753E0
2.660485000E0,1.027583130E1,1.215472412E-1,5.395380249E0
2.670499000E0,9.569450226E0,-6.207591248E-1,3.791465607E0
2.680513000E0,8.745114441E0,-1.215472412E0,1.596729584E0
2.690527000E0,8.271948395E0,-1.615290985E0,-9.665400696E-1
2.700541000E0,8.870403900E0,-1.677262115E0,-3.131188660E0
2.710555000E0,1.074540482E1,-1.336720276E0,-5.099595337E0
2.720569000E0,1.310674438E1,-4.984634399E-1,-7.246880035E0
2.730583000E0,1.479867599E1,2.779719543E-1,-9.894125061E0
2.740597000E0,1.513532593E1,2.671943665E-1,-1.242506195E1
2.750611000E0,1.392075165E1,-3.709286499E-1,-1.471006027E1
2.760625000E0,1.245529907E1,-1.213975525E0,-1.621832382E1
2.770639000E0,1.160686340E1,-1.782642975E0,-1.694027252E1
2.780653000E0,1.141720779E1,-2.327958984E0,-1.717004471E1
2.790666000E0,1.155028107E1,-2.925666046E0,-1.722602829E1
2.800680000E0,1.151375702E1,-2.597248993E0,-1.790322006E1
2.810694000E0,1.171074738E1,-2.255509644E0,-1.825453949E1
2.820708000E0,1.176433594E1,-2.225422211E0,-1.815649338E1
2.830722000E0,1.110825027E1,-2.097288666E0,-1.752854919E1
2.840736000E0,1.037507492E1,-1.926643524E0,-1.663296158E1
2.850750000E0,1.003453308E1,-1.567839661E0,-1.600890930E1
2.860764000E0,1.004935226E1,-1.480122070E0,-1.565893707E1
2.870778000E0,9.890083466E0,-1.639540558E0,-1.553559357E1
2.880792000E0,9.867031403E0,-1.644779663E0,-1.546808395E1
2.890806000E0,9.930349731E0,-1.712588654E0,-1.491977417E1
2.900820000E0,1.055290512E1,-1.305884399E0,-1.401475616E1
2.910834000E0,1.214798813E1,-7.149133301E-1,-1.258807297E1
2.920848000E0,1.380159943E1,-1.207987976E-1,-1.121617584E1
2.930862000E0,1.479134125E1,2.338137817E-1,-1.027942383E1
2.940875000E0,1.501946686E1,1.187031555E-1,-9.556576996E0
2.950889000E0,1.474044708E1,-1.431024170E-1,-9.336085510E0
2.960903000E0,1.431413361E1,-2.842588806E-1,-8.965755615E0
2.970917000E0,1.379531250E1,-3.480262756E-1,-8.091573486E0
2.980931000E0,1.314087341E1,-2.868035889E-1,-6.924749908E0
2.990945000E0,1.222986786E1,-2.360591125E-1,-5.892795868E0
3.000959000E0,1.101589233E1,-3.297642517E-1,-4.689448242E0
3.010973000E0,9.702822876E0,-5.565426636E-1,-3.127147064E0
3.020987000E0,8.542884979E0,-6.683601379E-1,-1.731449432E0
3.031001000E0,7.357200623E0,-6.939569092E-1,-3.320095825E-1
3.041015000E0,6.100114746E0,-8.547225952E-1,1.115031281E0
3.051029000E0,4.787644043E0,-7.021897888E-1,2.031575317E0
3.061043000E0,3.496279449E0,-4.445755005E-1,2.539469147E0
3.071057000E0,2.178869019E0,-2.642005920E-1,2.734812927E0
3.081071000E0,1.075214081E0,1.124162292E-1,2.425256653E0
3.091085000E0,9.406439209E-1,5.405259705E-1,2.503394165E0
3.101099000E0,1.279988251E0,8.915460205E-1,2.924767914E0
3.111113000E0,1.593885498E0,1.276545410E0,3.183579712E0
3.121126000E0,2.044149170E0,1.438807983E0,3.578159180E0
3.131140000E0,2.784509583E0,1.797312469E0,3.826642456E0
3.141154000E0,3.277284851E0,2.017654266E0,3.746858368E0
3.151168000E0,3.517684937E0,1.943558350E0,3.995790710E0
3.161182000E0,3.732338562E0,2.005529480E0,3.832480316E0
3.171196000E0,3.990401917E0,2.135908356E0,3.044668579E0
3.181210000E0,4.497397614E0,2.540666656E0,1.698218536E0
3.191224000E0,5.779930573E0,3.239114227E0,2.366578674E-1
3.201238000E0,7.381001129E0,3.855083313E0,-1.193019104E0
3.211252000E0,8.357270966E0,4.306843872E0,-2.625689850E0
3.221266000E0,8.746910706E0,4.518354034E0,-3.640130310E0
3.231280000E0,8.944050751E0,4.339026947E0,-3.980522461E0
3.241294000E0,9.150770874E0,4.255800018E0,-3.672463074E0
3.251307917E0,9.525142365E0,4.185895386E0,-3.243455200E0
3.261321917E0,1.013856674E1,4.013304291E0,-2.818638611E0
3.271335917E0,1.065334625E1,4.001778259E0,-2.094743958E0
3.281349917E0,1.111887817E1,3.776347046E0,-1.166973267E0
3.291363917E0,1.144804367E1,3.189417572E0,-2.326162720E-1
3.301377917E0,1.200518509E1,3.269650726E0,-3.309617615E-1
3.311391917E0,1.256202713E1,3.506308594E0,-7.138655090E-1
3.321404917E0,1.282832336E1,3.683839417E0,-7.379653931E-1
3.331418917E0,1.264226028E1,3.561094666E0,-9.291178894E-1
3.341432917E0,1.134011810E1,2.871927795E0,-1.343755646E0
3.351446917E0,9.659413147E0,1.669478302E0,-2.275418243E0
3.361460917E0,8.277187500E0,7.840695190E-1,-3.799848175E0
3.371474917E0,7.924371185E0,2.541714478E-1,-4.946164398E0
3.381488917E0,8.325087891E0,1.212478638E-2,-5.943240967E0
3.391502917E0,8.957672424E0,3.115022278E-1,-7.075935516E0
3.401516917E0,9.401050415E0,8.213420105E-1,-8.758885803E0
3.411530917E0,9.705816650E0,1.126856689E0,-1.007554779E1
3.421544917E0,9.318721619E0,1.332528992E0,-1.111363907E1
3.431558917E0,7.778125305E0,9.445358276E-1,-1.174816956E1
3.441572917E0,5.963149567E0,7.574249268E-2,-1.184786224E1
3.451586917E0,4.579277344E0,-9.313632202E-1,-1.149115402E1
3.461600917E0,3.768712921E0,-1.689686279E0,-1.145627655E1
3.471614917E0,3.839815063E0,-1.610650635E0,-1.228540237E1
3.481628917E0,4.565955048E0,-1.282682648E0,-1.289134232E1
3.491642917E0,5.225333862E0,-8.500822449E-1,-1.291768753E1
3.501656917E0,5.391937408E0,-5.941145325E-1,-1.304522232E1
3.511670917E0,5.314997406E0,-7.491920471E-1,-1.287532562E1
3.521684917E0,5.093158722E0,-1.056952057E0,-1.258028915E1
3.531698917E0,4.277055817E0,-1.825154572E0,-1.223854980E1
3.541712917E0,3.429368591E0,-2.550845490E0,-1.221744370E1
3.551725917E0,3.470083923E0,-2.636916504E0,-1.246847168E1
3.561739917E0,4.065246277E0,-2.302811279E0,-1.261860947E1
3.571753917E0,4.916675720E0,-1.730700989E0,-1.307770477E1
3.581767917E0,5.338049469E0,-1.546583862E0,-1.307096878E1
3.591781917E0,5.239853668E0,-1.494791565E0,-1.281904266E1
3.601795917E0,5.217999115E0,-1.479074249E0,-1.261636414E1
3.611809917E0,5.348527679E0,-1.585502930E0,-1.203751785E1
3.621823917E0,5.647605743E0,-1.573228455E0,-1.139161102E1
3.631837917E0,5.898184662E0,-1.456321564E0,-1.071352112E1
3.641851917E0,6.157894592E0,-1.291065216E0,-1.016431320E1
3.651865917E0,6.397396545E0,-1.004710693E0,-9.714498596E0
3.661879917E0,6.630162506E0,-6.791377258E-1,-9.183103638E0
3.671893917E0,7.248376923E0,-2.146536255E-1,-8.558901672E0
3.681907917E0,8.089477844E0,4.405339050E-1,-8.177045746E0
3.691921917E0,8.622070312E0,1.028960266E0,-7.825426941E0
3.701935917E0,8.466394043E0,1.394051056E0,-7.412286072E0
3.711949917E0,8.126151581E0,1.718725891E0,-6.815626831E0
3.721963917E0,8.185278625E0,2.098785553E0,-5.557044067E0
3.731977917E0,8.320746918E0,2.617756348E0,-3.855981445E0
3.741991917E0,8.450227661E0,2.882555695E0,-1.748663635E0
3.752005917E0,8.252788239E0,2.799628143E0,4.144880676E-1
3.762019917E0,7.923173676E0,2.766097870E0,2.120789795E0
3.772033917E0,7.928712158E0,2.874023438E0,3.555107117E0
3.782047917E0,8.162525940E0,3.168910217E0,4.127816162E0
3.792061917E0,8.276588745E0,3.287613373E0,3.793561249E0
3.802075917E0,8.310568085E0,3.460503845E0,3.026256866E0
3.812089917E0,8.420589294E0,3.710184631E0,1.962269440E0
3.822103917E0,8.305628357E0,3.625311127E0,1.200204163E0
3.832116917E0,7.883057098E0,3.171903992E0,8.361611938E-1
3.842130917E0,7.320077820E0,2.793191528E0,-2.064207458E-1
3.852144917E0,7.024592285E0,2.638413391E0,-2.181862793E0
3.862158917E0,7.277266846E0,2.482587433E0,-3.865860901E0
3.872172917E0,8.181835785E0,2.507435760E0,-5.973627777E0
3.882186917E0,1.007524841E1,2.752625885E0,-8.756790161E0
3.892200917E0,1.260453873E1,3.224444733E0,-1.162048508E1
3.902214917E0,1.479927475E1,3.388802948E0,-1.482367401E1
3.912228917E0,1.651066589E1,3.323538666E0,-1.738469833E1
3.922242917E0,1.772134827E1,3.454366608E0,-1.911869247E1
3.932256917E0,1.899624710E1,3.037782898E0,-2.004182281E1
3.942270917E0,1.954994568E1,2.621648254E0,-2.023641815E1
3.952284917E0,1.932705917E1,2.394121399E0,-1.876872025E1
3.962298917E0,1.910207703E1,2.051783295E0,-1.728291000E1
3.972312917E0,1.812745377E1,1.629212036E0,-1.597238525E1
3.982326917E0,1.671738602E1,1.089434509E0,-1.430575104E1
3.992340917E0,1.516616180E1,6.548881531E-1,-1.284942947E1
4.002354917E0,1.365744919E1,3.291654968E-1,-1.145058838E1
4.012368917E0,1.221160583E1,3.183879089E-1,-1.052042267E1
4.022382917E0,1.061712158E1,2.127076721E-1,-9.414672089E0
4.032396917E0,9.182504883E0,1.544787598E-1,-8.212821350E0
4.042410917E0,7.470065918E0,-1.317260742E-1,-7.166048126E0
4.052424917E0,5.481900330E0,-3.390449524E-1,-6.377787323E0
4.062438917E0,3.772155762E0,-3.472778320E-1,-5.232967987E0
4.072452917E0,2.470911713E0,-4.010160828E-1,-3.682043152E0
4.082466917E0,1.438508606E0,-4.070036316E-1,-2.143692169E0
4.092480917E0,3.730242920E-1,-5.902226257E-1,-6.221063232E-1
4.102494917E0,-6.307882690E-1,-7.891589355E-1,7.887098694E-1
4.112508917E0,-1.631157990E0,-7.261399841E-1,2.020947418E0
4.122522917E0,-2.485730896E0,-4.363426208E-1,3.081492004E0
4.132536917E0,-3.395239563E0,-1.923500061E-1,4.080364838E0
4.142550917E0,-4.544848938E0,-9.160949707E-2,4.578379211E0
4.152564917E0,-5.461093597E0,-1.320254517E-1,4.339925079E0
4.162578917E0,-6.014792175E0,-1.291813660E-1,3.889362030E0
4.172592917E0,-5.969586182E0,1.169068909E-1,3.489992523E0
4.182606917E0,-4.922513580E0,8.717871094E-1,3.001109161E0
4.192620917E0,-3.831133118E0,1.788780212E0,2.454895020E0
4.202634917E0,-3.697910156E0,2.289788361E0,1.833088074E0
4.212648917E0,-4.131857758E0,2.562072144E0,1.254092102E0
4.222662917E0,-4.736300812E0,2.374961243E0,7.945477295E-1
4.232676917E0,-5.355113983E0,1.826801147E0,5.578898621E-1
4.242689917E0,-5.695506134E0,1.340462494E0,1.953437805E-1
4.252705542E0,-5.060975647E0,1.185085602E0,-2.267784119E-1
4.262718542E0,-3.679797821E0,1.264121246E0,-4.981640625E-1
4.272732542E0,-2.091301117E0,1.329385529E0,-5.417234802E-1
4.282746542E0,-7.652087402E-1,1.316063232E0,-5.225633240E-1
4.292760542E0,1.005908203E-1,1.231788483E0,-8.798703003E-1
4.302774542E0,1.240320740E0,1.440903625E0,-1.497336273E0
4.312788542E0,3.109334106E0,2.014510803E0,-1.949994965E0
4.322802542E0,4.907694397E0,2.739153900E0,-3.265160065E0
4.332816542E0,5.999523926E0,3.064427490E0,-5.360053711E0
4.342830542E0,6.835535431E0,2.796784058E0,-7.654482422E0
4.352844542E0,8.373736725E0,2.800226898E0,-1.064361649E1
4.362858542E0,1.063643143E1,3.107687531E0,-1.363499588E1
4.372872542E0,1.324894867E1,3.446582794E0,-1.544233749E1
4.382886542E0,1.577599365E1,3.987857208E0,-1.637280258E1
4.392900542E0,1.763078659E1,4.506229248E0,-1.694521225E1
4.402914542E0,1.875988861E1,4.669689331E0,-1.685315369E1
4.412928542E0,1.937016953E1,4.635709991E0,-1.630050293E1
4.422942542E0,1.962673599E1,4.528233490E0,-1.588376953E1
4.432956542E0,1.933364548E1,4.221371613E0,-1.523711426E1
4.442970542E0,1.774859161E1,3.358416138E0,-1.417327652E1
4.452984542E0,1.573228455E1,2.518213348E0,-1.329924408E1
4.462998542E0,1.402643188E1,1.946252747E0,-1.197539703E1
4.473012542E0,1.257744507E1,1.545835419E0,-1.071202423E1
4.483026542E0,1.166569107E1,1.607507172E0,-1.004965164E1
4.493040542E0,1.111124405E1,1.497485962E0,-9.149573364E0
4.503054542E0,1.046458878E1,1.169218597E0,-7.868387604E0
4.513068542E0,9.939031677E0,5.240602112E-1,-6.354585571E0
4.523082542E0,8.766070862E0,-3.083587646E-1,-4.675078125E0
4.533096542E0,7.148534546E0,-9.753717041E-1,-3.045417023E0
4.543110542E0,5.813460846E0,-1.305285645E0,-2.177821198E0
4.553124542E0,4.523742828E0,-1.354233856E0,-1.465302887E0
4.563138542E0,3.920048218E0,-1.376537476E0,-7.854167175E-1
4.573152542E0,3.596121826E0,-1.361119537E0,-3.806584167E-1
4.583166542E0,3.818409576E0,-1.288370819E0,1.978884888E-1
4.593180542E0,3.653003540E0,-7.367678833E-1,1.098415833E0
4.603194542E0,2.395767975E0,-4.062551880E-1,1.244212646E0
4.613208542E0,5.858816528E-1,-7.509883118E-1,6.694079590E-1
4.623222542E0,-1.595681763E0,-1.461860046E0,3.188369751E-2
4.633236542E0,-3.813619537E0,-1.739682312E0,-3.781137085E-1
4.643250542E0,-5.004393311E0,-1.748663635E0,-7.461982727E-1
4.653264542E0,-4.884193268E0,-1.748813324E0,-1.060993652E0
4.663278542E0,-4.066593475E0,-1.160836029E0,-1.454674988E0
4.673292542E0,-2.944975891E0,-2.995271301E-1,-2.255210266E0
4.683306542E0,-1.412612457E0,4.065545654E-1,-3.308420105E0
4.693320542E0,-3.751199341E-1,5.418731689E-1,-3.854783936E0
4.703334542E0,1.455423431E0,3.248394928E0,-4.690645752E0
4.713348542E0,2.127076721E0,4.193529510E0,-5.555547180E0
4.723362542E0,2.007176056E0,3.292702789E0,-5.530549164E0
4.733376542E0,1.250649261E0,2.337988129E0,-5.431904297E0
4.743390542E0,1.198108521E0,1.405726776E0,-5.509592743E0
4.753404542E0,2.393073578E0,9.707313538E-1,-5.062771912E0
4.763418542E0,5.175337830E0,1.349294128E0,-5.332960052E0
4.773432542E0,8.532706146E0,2.796784058E0,-6.662046204E0
4.783446542E0,1.127979355E1,3.201093292E0,-7.965834961E0
4.793460542E0,1.304088135E1,2.565514984E0,-8.570876770E0
4.803474542E0,1.309177551E1,1.697021027E0,-1.041219772E1
4.813488542E0,1.393721741E1,-1.386117554E-1,-1.282967056E1
4.823502542E0,1.770787628E1,-8.430468750E-1,-1.568692886E1
4.833516542E0,2.341430969E1,-3.535647583E-1,-1.841246109E1
4.843530542E0,2.876478333E1,1.188977509E0,-2.035557037E1
4.853544542E0,3.180181778E1,1.799408112E0,-2.165531754E1
4.863558542E0,3.176035400E1,1.860331421E0,-2.284773788E1
4.873572542E0,2.998115387E1,9.234297180E-1,-2.307870758E1
4.883586542E0,2.786695038E1,-4.426295471E-1,-2.120595200E1
4.893600542E0,2.613280655E1,-1.523082733E0,-1.839689346E1
4.903614542E0,2.437366470E1,-2.527344360E0,-1.654479492E1
4.913628542E0,2.308604233E1,-3.562890930E0,-1.570444244E1
4.923642542E0,2.302422089E1,-3.706292725E0,-1.545206726E1
4.933656542E0,2.410871567E1,-3.156935120E0,-1.504790771E1
4.943670542E0,2.494008682E1,-2.657872925E0,-1.404439453E1
4.953684542E0,2.484997421E1,-2.353106689E0,-1.341405533E1
4.963698542E0,2.416380112E1,-2.203567657E0,-1.362751144E1
4.973712542E0,2.322450439E1,-2.476300507E0,-1.429093185E1
4.983726542E0,2.219689133E1,-2.891686707E0,-1.522334290E1
4.993740542E0,2.128034729E1,-3.297642517E0,-1.580233887E1
5.003754542E0,2.060689774E1,-3.416345673E0,-1.560519882E1
5.013768542E0,1.989228378E1,-3.601061554E0,-1.434347260E1
5.023782542E0,1.870585098E1,-4.124822388E0,-1.188378754E1
5.033796542E0,1.726419891E1,-4.616400146E0,-9.301657104E0
5.043810542E0,1.565744019E1,-4.793781281E0,-7.313940582E0
5.053824542E0,1.366613113E1,-5.340893555E0,-6.315367126E0
5.063838542E0,1.105421265E1,-6.305337982E0,-5.358407135E0
5.073852542E0,9.132957916E0,-6.800807648E0,-4.313130798E0
5.083866542E0,8.092022552E0,-6.625372467E0,-3.435356140E0
5.093880542E0,6.382427673E0,-7.437134399E0,-1.885628815E0
5.103894542E0,4.611909485E0,-7.428003387E0,-3.712280273E-1
5.113908542E0,2.799927521E0,-7.112758942E0,4.990621948E-1
5.123922542E0,1.109642487E0,-7.331005096E0,1.535806274E0
5.133936542E0,1.953437805E-1,-6.946005707E0,3.388503571E0
5.143950542E0,-8.322692871E-2,-5.985602875E0,5.218597870E0
5.153964542E0,-1.484912109E-1,-5.273084564E0,6.575675812E0
5.163978542E0,-8.617579651E-1,-4.907844086E0,7.273524628E0
5.173992542E0,-1.660646667E0,-4.257147217E0,7.415429535E0
5.184006542E0,-1.986069946E0,-3.483855286E0,7.300767975E0
5.194020542E0,-2.202519836E0,-2.852168884E0,7.921227722E0
5.204034542E0,-2.650238800E0,-2.116149445E0,9.003177795E0
5.214048542E0,-2.564916229E0,-1.431024170E0,9.642498322E0
5.224062542E0,-2.181413727E0,-7.803273010E-1,1.029259644E1
5.234076542E0,-2.308349762E0,-1.615141296E-1,1.063987427E1
5.244090542E0,-2.865042114E0,1.425036621E-1,1.052461395E1
5.254104375E0,-3.837120667E0,2.079176331E-1,9.934840393E0
5.264118375E0,-4.727768555E0,2.794688416E-1,8.966354370E0
5.274132375E0,-5.017565918E0,4.168830872E-1,8.218659210E0
5.284146375E0,-5.138664093E0,4.400848389E-1,7.718848572E0
5.294160375E0,-5.438789978E0,4.550537109E-1,6.730004883E0
5.304174375E0,-5.241350555E0,7.439529419E-1,5.160219269E0
5.314188375E0,-4.603526917E0,1.187181244E0,3.928580475E0
5.324202375E0,-3.229683838E0,1.822460175E0,3.341651001E0
5.334216375E0,-2.152972870E0,2.318977661E0,3.980073395E0
5.344230375E0,-1.522034912E0,2.132615204E0,5.818550262E0
5.354244375E0,-1.718127136E0,8.876541138E-1,6.552623749E0
5.364258375E0,-3.018323364E0,-5.189707947E-1,5.576353912E0
5.374272375E0,-4.933740234E0,-2.320025482E0,3.385958862E0
5.384286375E0,-5.601950684E0,-4.102369080E0,6.762936401E-1
5.394300375E0,-3.103795624E0,-2.519560547E0,-2.790497131E0
5.404314375E0,4.781057739E-1,-1.150208130E0,-6.443949738E0
5.414328375E0,4.567751312E0,4.643344116E-1,-1.037073395E1
5.424342375E0,7.337441711E0,1.599723358E0,-1.536165527E1
5.434356375E0,9.372160492E0,2.445314941E0,-1.965652405E1
5.444370375E0,1.117037109E1,2.839445343E0,-2.227817230E1
5.454384375E0,1.239542358E1,2.956052856E0,-2.370934616E1
5.464398375E0,1.271740402E1,3.006048889E0,-2.385214920E1
5.474412375E0,1.267743713E1,2.565814362E0,-2.347313736E1
5.484426375E0,1.254810608E1,1.675765228E0,-2.373449387E1
5.494440375E0,1.227776825E1,1.555116119E0,-2.537912384E1
5.504454375E0,1.260992752E1,1.676813049E0,-2.710144226E1
5.514468375E0,1.304357574E1,2.114652557E0,-2.841151794E1
5.524482375E0,1.202733902E1,1.981429596E0,-2.708347961E1
5.534496375E0,1.037597305E1,1.483864288E0,-2.415841232E1
5.544511375E0,8.158334656E0,4.285588074E-1,-2.146611099E1
5.554525375E0,5.695506134E0,-5.031037903E-1,-1.838866058E1
5.564539375E0,4.046235809E0,-1.210382996E0,-1.565549423E1
5.574553375E0,2.868035889E0,-1.487157440E0,-1.400682266E1
5.584567375E0,2.113604736E0,-1.719624023E0,-1.308623703E1
5.594581375E0,1.387165375E0,-1.798210602E0,-1.228151047E1
5.604595375E0,6.475534058E-1,-2.000140686E0,-1.130973129E1
5.614609375E0,-1.122665405E-1,-2.099234619E0,-1.064331711E1
5.624623375E0,-9.455836487E-1,-2.172133026E0,-1.057401123E1
5.634637375E0,-2.040706329E0,-2.379152527E0,-1.084943848E1
5.644651375E0,-2.780767365E0,-2.306403809E0,-1.115600098E1
5.654665375E0,-2.720143433E0,-1.781146088E0,-1.163485519E1
5.664679375E0,-2.359842682E0,-1.417701874E0,-1.131437164E1
5.674693375E0,-1.515897675E0,-9.268725586E-1,-1.092802505E1
5.684707375E0,-1.091081085E0,-8.095166016E-1,-1.055844360E1
5.694721375E0,-1.065484314E0,-1.077908478E0,-9.543105011E0
5.704735375E0,-6.512956238E-1,-9.987231445E-1,-8.140072632E0
5.714749375E0,-3.588038635E-1,-8.927435303E-1,-6.913223877E0
5.724763375E0,-3.875440979E-1,-7.840695190E-1,-6.065087585E0
5.734777375E0,-4.623884583E-1,-6.219566345E-1,-5.329217834E0
5.744791375E0,-4.251159668E-1,-4.161346436E-1,-5.144801331E0
5.754805375E0,-3.432362366E-1,-1.094224548E-1,-5.345533905E0
5.764819375E0,3.752696228E-1,3.153941345E-1,-5.609285431E0
5.774833375E0,1.629361725E0,8.408015442E-1,-5.698649597E0
5.784847375E0,3.218606873E0,1.566791840E0,-5.761518860E0
5.794861375E0,5.296585693E0,2.550845490E0,-5.248685303E0
5.804875375E0,6.977290649E0,3.802841949E0,-4.681514740E0
5.814889375E0,7.664062500E0,4.404291229E0,-3.860921173E0
5.824903375E0,7.826175385E0,4.512965240E0,-2.754272461E0
5.834917375E0,8.255782013E0,4.554728394E0,-1.690285034E0
5.844931375E0,9.171577606E0,4.873415680E0,-6.319857788E-1
5.854945375E0,9.989776154E0,4.830305328E0,-2.004331970E-1
5.864959375E0,1.067430267E1,4.546046448E0,-3.173400879E-1
5.874973375E0,1.184097656E1,4.587510223E0,-6.846762085E-1
5.884987375E0,1.354203918E1,5.030888214E0,-1.051563263E0
5.895001375E0,1.541344757E1,5.745651855E0,-1.120270386E0
5.905015375E0,1.688563614E1,6.288423157E0,-8.408015442E-1
5.915029375E0,1.778900757E1,6.670279083E0,-2.387535095E-1
5.925043375E0,1.776071640E1,6.512507172E0,1.492396545E-1
5.935057375E0,1.716315903E1,6.070326691E0,1.020877075E-1
5.945071375E0,1.655677002E1,5.701493683E0,-3.676354980E-1
5.955085375E0,1.622850266E1,5.286257172E0,-1.199306030E0
5.965099375E0,1.562705338E1,4.987777863E0,-1.827100525E0
5.975113375E0,1.498878067E1,4.680766296E0,-2.216740265E0
5.985127375E0,1.507440262E1,4.613106995E0,-2.358495483E0
5.995141375E0,1.540476563E1,4.803511047E0,-2.448159027E0
6.005155375E0,1.538620422E1,4.675377502E0,-2.542163544E0
6.015169375E0,1.492456421E1,4.059109039E0,-2.652783508E0
6.025184375E0,1.368349503E1,3.347189484E0,-3.028801575E0
6.035198375E0,1.222447906E1,2.480042725E0,-3.348536682E0
6.045212375E0,1.074735077E1,1.501078491E0,-3.445534973E0
6.055226375E0,9.279952240E0,7.420069885E-1,-4.215982819E0
6.065240375E0,8.476423187E0,3.790118408E-1,-5.772595825E0
6.075254375E0,8.302784271E0,4.808001709E-1,-7.471562805E0
6.085268375E0,8.082741852E0,3.900888062E-1,-8.656349030E0
6.095282375E0,6.751859436E0,-1.568737793E-1,-9.178313599E0
6.105296375E0,4.729714508E0,-9.304650879E-1,-9.884544983E0
6.115310375E0,2.830464020E0,-1.426383820E0,-1.065738785E1
6.125324375E0,1.418001251E0,-1.722917175E0,-1.127679977E1
6.135338375E0,5.804928589E-1,-1.623823242E0,-1.178110107E1
6.145352375E0,2.814147949E-2,-1.130598907E0,-1.270752457E1
6.155366375E0,-6.069877625E-1,-8.084687805E-1,-1.432236649E1
6.165380375E0,-1.111289062E0,-6.471043396E-1,-1.587448883E1
6.175394375E0,-1.984573059E0,-9.262738037E-1,-1.677531555E1
6.185408375E0,-3.092119904E0,-1.425934753E0,-1.702634354E1
6.195422375E0,-3.695964203E0,-1.275647278E0,-1.714040634E1
6.205436375E0,-3.779939575E0,-6.837780762E-1,-1.734383331E1
6.215450375E0,-3.224893799E0,-2.005828857E-2,-1.703367828E1
6.225464375E0,-2.376308441E0,4.830455017E-1,-1.628358810E1
6.235478375E0,-1.823208618E0,5.956114197E-1,-1.530911453E1
6.245492375E0,-1.373992767E0,5.884263611E-1,-1.420965088E1
6.255505417E0,-5.195695496E-1,7.026388550E-1,-1.292053162E1
6.265519417E0,3.772155762E-1,8.393046570E-1,-1.136496643E1
6.275533417E0,8.855584717E-1,6.598278809E-1,-9.422605591E0
6.285547417E0,1.372346191E0,4.144880676E-1,-7.335196381E0
6.295561417E0,1.855691071E0,2.493814087E-1,-5.169649658E0
6.305575417E0,1.791474609E0,-4.302053833E-1,-2.593207397E0
6.315589417E0,1.008003845E0,-1.366807709E0,-9.162446594E-1
6.325603417E0,7.837701416E-1,-1.559906158E0,4.498146057E-1
6.335617417E0,7.610174561E-1,-1.494043121E0,2.266586609E0
6.345631417E0,4.050576782E-1,-1.092577972E0,3.005599823E0
6.355645417E0,-4.454736328E-1,-9.867480469E-1,3.470233612E0
6.365659417E0,-1.290466461E0,-8.698411560E-1,4.036206665E0
6.375673417E0,-1.469793549E0,-7.924520874E-1,3.861968994E0
6.385688417E0,-1.476080475E0,-8.056246948E-1,3.294499054E0
6.395702417E0,-1.903292084E0,-1.157991943E0,2.180066528E0
6.405716417E0,-1.671424255E0,-1.196761322E0,4.477189636E-1
6.415730417E0,-8.433462524E-1,-1.167272644E0,-3.501219177E-1
6.425744417E0,6.996450806E-1,-1.328188019E0,1.573228455E-1
6.435758417E0,2.777174835E0,-1.208287354E0,4.869374084E-1
6.445772417E0,4.648882599E0,-9.985734558E-1,-2.372566223E-1
6.455786417E0,5.644761658E0,-1.099912720E0,-1.702559509E0
6.465800417E0,6.388265533E0,-1.048120422E0,-3.324885864E0
6.475814417E0,6.912026367E0,-1.401685181E0,-4.549788666E0
6.485828417E0,6.958429871E0,-2.661465454E0,-5.459297333E0
6.495842417E0,7.801027679E0,-3.571872253E0,-7.651638336E0
6.505856417E0,9.901459808E0,-3.342698822E0,-1.054482193E1
6.515870417E0,1.265842667E1,-2.673739929E0,-1.301348831E1
6.525884417E0,1.566073334E1,-1.600172424E0,-1.509700562E1
6.535898417E0,1.818673050E1,-6.219566345E-1,-1.646426239E1
6.545912417E0,1.957075241E1,-7.044351196E-1,-1.675465851E1
6.555926417E0,1.960143860E1,-1.678010559E0,-1.692036392E1
6.565940417E0,1.905941574E1,-2.390528870E0,-1.818777832E1
6.575954417E0,1.895223862E1,-2.952909393E0,-1.938573715E1
6.585968417E0,1.937301361E1,-3.187321930E0,-1.973391312E1
6.595982417E0,1.997925293E1,-2.914888458E0,-1.925969925E1
6.605996417E0,2.030722092E1,-2.647394714E0,-1.806668015E1
6.616010417E0,2.036889267E1,-2.596949615E0,-1.666783905E1
6.626024417E0,1.994108231E1,-2.772085419E0,-1.592717926E1
6.636038417E0,1.885643784E1,-3.048410797E0,-1.593301712E1
6.646052417E0,1.781550247E1,-3.220103760E0,-1.594095062E1
6.656066417E0,1.683638855E1,-3.248993683E0,-1.611578705E1
6.666080417E0,1.596430206E1,-3.124452667E0,-1.633208725E1
6.676095417E0,1.520972122E1,-3.066223755E0,-1.638896896E1
6.686109417E0,1.450064575E1,-3.042872314E0,-1.588317078E1
6.696123417E0,1.387599472E1,-3.027154999E0,-1.549218384E1
6.706137417E0,1.311363007E1,-2.991529083E0,-1.540237061E1
6.716151417E0,1.225306961E1,-2.995720367E0,-1.530791702E1
6.726165417E0,1.153441406E1,-2.948418732E0,-1.457519073E1
6.736179417E0,1.079001205E1,-2.956202545E0,-1.309147614E1
6.746193417E0,9.932894440E0,-2.953657837E0,-1.169353317E1
6.756207417E0,8.986861725E0,-2.927013245E0,-1.051204010E1
6.766221417E0,7.989186401E0,-2.878214722E0,-9.747729492E0
6.776235417E0,7.286547546E0,-2.861599274E0,-8.941805420E0
6.786249417E0,6.779102783E0,-2.773582306E0,-8.170160065E0
6.796263417E0,6.168223114E0,-2.571203156E0,-7.658074951E0
6.806277417E0,5.406157837E0,-2.412084045E0,-6.765032043E0
6.816291417E0,4.628075867E0,-2.183659058E0,-5.690566406E0
6.826305417E0,4.001029816E0,-2.059118042E0,-4.721481628E0
6.836319417E0,3.330274658E0,-1.929786987E0,-3.917054443E0
6.846333417E0,2.792892151E0,-1.795067139E0,-3.369343414E0
6.856347417E0,2.164798279E0,-1.652563477E0,-2.650238800E0
6.866361417E0,1.198707275E0,-1.538949738E0,-1.616338806E0
6.876375417E0,2.915936279E-1,-1.405277710E0,-7.503895569E-1
6.886389417E0,-4.984634399E-1,-1.246907043E0,-1.154100037E-1
6.896403417E0,-1.234482880E0,-1.177750854E0,7.732919312E-1
6.906417417E0,-1.570234680E0,-9.506730652E-1,1.956431580E0
6.916431417E0,-1.531764679E0,-4.596940613E-1,3.497926025E0
6.926445417E0,-1.241368561E0,1.871109009E-1,4.681963806E0
6.936459417E0,-1.047521667E0,6.628216553E-1,5.230572968E0
6.946474417E0,-1.732197876E0,6.873706055E-1,5.158273315E0
6.956488417E0,-2.448009338E0,5.457650757E-1,4.966072998E0
6.966502417E0,-2.737058258E0,4.942721558E-1,4.787344666E0
6.976516417E0,-2.703228607E0,6.056405640E-1,4.311334534E0
6.986530417E0,-2.205663300E0,9.840536499E-1,4.263434143E0
6.996544417E0,-1.113684082E0,1.231040039E0,4.493954773E0
7.006558417E0,-1.571731567E-2,1.042132874E0,4.250860291E0
7.016572417E0,3.809577942E-1,4.938230896E-1,3.290906525E0
7.026586417E0,6.412664795E-1,-3.592529297E-3,2.035467224E0
7.036600417E0,1.217717743E0,-1.627116394E-1,8.267308044E-1
7.046614417E0,2.251168671E0,2.992277527E-1,-7.521858215E-1
7.056628417E0,3.621419220E0,9.759704590E-1,-2.089804230E0
7.066642417E0,5.018014984E0,1.798659668E0,-2.923720093E0
7.076656417E0,6.446344757E0,1.860181732E0,-3.331472168E0
7.086670417E0,7.674241333E0,1.383273468E0,-4.132306824E0
7.096684417E0,7.706274719E0,4.438270569E-1,-6.561754761E0
7.106698417E0,7.186256104E0,-5.827381897E-1,-9.979896698E0
7.116712417E0,6.860383759E0,-1.495989075E0,-1.257564880E1
7.126726417E0,7.259603577E0,-1.762584686E0,-1.475930786E1
7.136740417E0,8.274642792E0,-1.310225372E0,-1.647908157E1
7.146754417E0,9.284143524E0,-7.044351196E-1,-1.731509308E1
7.156768417E0,1.057655594E1,-6.616241455E-2,-1.788136551E1
7.166782417E0,1.132949020E1,3.543132019E-1,-1.850616623E1
7.176796417E0,1.117725677E1,-1.621128845E-1,-1.838222397E1
7.186811417E0,1.053838531E1,-9.370513916E-1,-1.782792664E1
7.196825417E0,9.726473694E0,-1.256187744E0,-1.782253784E1
7.206839417E0,8.986562347E0,-1.407073975E0,-1.763782196E1
7.216853417E0,8.566984863E0,-1.344803467E0,-1.707229797E1
7.226867417E0,8.324938202E0,-9.391470337E-1,-1.644345566E1
7.236881417E0,7.976911926E0,-5.653742981E-1,-1.569516174E1
7.246895417E0,7.701334991E0,-2.149530029E-1,-1.450453766E1
7.256910250E0,7.943381653E0,1.350192261E-1,-1.312455734E1
7.266924250E0,8.451425171E0,4.143383789E-1,-1.134430939E1
7.276938250E0,8.287965088E0,9.729766846E-3,-9.967023468E0
7.286952250E0,7.417225800E0,-5.031037903E-1,-9.494456177E0
7.296966250E0,6.961124268E0,-7.575746155E-1,-9.372759247E0
7.306980250E0,7.583529968E0,-5.402265930E-1,-9.492809601E0
7.316994250E0,8.658594360E0,3.257226562E-1,-1.017389328E1
7.327008250E0,9.557624817E0,1.165027313E0,-1.098954712E1
7.337022250E0,1.095571747E1,1.716330872E0,-1.123353973E1
7.347036250E0,1.222732315E1,1.925296326E0,-1.088940536E1
7.357050250E0,1.270947052E1,1.670376434E0,-1.041848465E1
7.367064250E0,1.274135422E1,1.095272369E0,-1.032852173E1
7.377078250E0,1.245440094E1,2.972817993E-1,-9.761949921E0
7.387092250E0,1.158246414E1,-1.567240906E-1,-8.406518555E0
7.397106250E0,1.099972595E1,-3.107537842E-1,-7.182214508E0
7.407120250E0,9.982740784E0,-5.179229736E-1,-6.534511414E0
7.417135250E0,8.205486603E0,-8.210426331E-1,-6.979386292E0
7.427149250E0,6.509513397E0,-9.824070740E-1,-7.093898163E0
7.437163250E0,5.147645416E0,-1.098864899E0,-6.650819550E0
7.447177250E0,4.024830322E0,-1.271006927E0,-6.344855804E0
7.457191250E0,2.742596741E0,-1.420096893E0,-5.956413574E0
7.467205250E0,1.684147797E0,-1.370400238E0,-5.610482941E0
7.477219250E0,9.690847778E-1,-1.242566071E0,-5.224735107E0
7.487233250E0,-1.234931946E-1,-1.363065491E0,-5.332211609E0
7.497247250E0,-9.583071899E-1,-1.351389771E0,-5.510640564E0
7.507261250E0,-8.657995605E-1,-1.019829254E0,-5.267995148E0
7.517275250E0,-4.599934387E-1,-6.014492798E-1,-5.098547516E0
7.527289250E0,-7.972421265E-1,-5.560935974E-1,-5.276976471E0
7.537303250E0,-1.775757294E0,-1.001716919E0,-5.669609985E0
7.547317250E0,-3.003204803E0,-1.374292145E0,-6.113137665E0
7.557331250E0,-3.984564056E0,-1.561403046E0,-6.729705505E0
7.567345250E0,-3.887266388E0,-1.760339355E0,-7.328610077E0
7.577359250E0,-3.245251465E0,-1.711091766E0,-8.356821899E0
7.587373250E0,-1.956730957E0,-1.048719177E0,-1.075034454E1
7.597387250E0,-6.131250000E-1,-2.242337036E-1,-1.360101654E1
7.607401250E0,2.809657288E-1,1.820214844E-1,-1.599558701E1
7.617416250E0,9.457333374E-1,3.285667419E-1,-1.809212723E1
7.627430250E0,1.651515656E0,2.086660767E-1,-1.954710159E1
7.637444250E0,2.715952148E0,-6.885681152E-3,-2.015603531E1
7.647458250E0,3.676804047E0,-2.710862732E-1,-1.992087433E1
7.657472250E0,4.350552979E0,-7.223977661E-1,-1.933604050E1
7.667486250E0,4.904401245E0,-9.139993286E-1,-1.893023438E1
7.677500250E0,5.670059052E0,-7.277865601E-1,-1.811652649E1
7.687514250E0,6.400689697E0,-5.236111450E-1,-1.641381729E1
7.697528250E0,6.941215668E0,-3.829037476E-1,-1.423375076E1
7.707542250E0,7.351063385E0,-1.558259583E-1,-1.197734299E1
7.717556250E0,7.502548370E0,1.052311707E-1,-1.005698639E1
7.727570250E0,7.052883453E0,1.350192261E-1,-8.290659485E0
7.737584250E0,6.413712616E0,1.719923401E-1,-6.562203827E0
7.747598250E0,6.131100311E0,4.357438660E-1,-4.876409454E0
7.757612250E0,6.007607117E0,7.550299072E-1,-3.050057373E0
7.767626250E0,6.312822418E0,9.827064514E-1,-1.289718018E0
7.777640250E0,6.939419403E0,1.361269226E0,2.580633545E-1
7.787654250E0,7.827821960E0,2.119442596E0,1.436263275E0
7.797668250E0,8.183033295E0,2.771786041E0,1.797312469E0
7.807682250E0,7.777227173E0,2.849025421E0,2.324516144E0
7.817697250E0,7.364385681E0,2.786006470E0,3.268153839E0
7.827711250E0,7.231162720E0,2.701582031E0,4.124073944E0
7.837725250E0,7.081024933E0,2.475102997E0,4.605921936E0
7.847739250E0,6.901847534E0,2.444716187E0,4.321213989E0
7.857753250E0,6.989565125E0,2.528541870E0,3.640130310E0
7.867767250E0,7.361092529E0,2.742447052E0,2.999312897E0
7.877781250E0,8.006250916E0,2.965782623E0,1.916464691E0
7.887795250E0,8.049960022E0,2.875670013E0,4.730163574E-1
7.897809250E0,7.385491791E0,2.734812927E0,-1.414558411E0
7.907823250E0,6.734645233E0,2.753673706E0,-3.999233551E0
7.917837250E0,6.111491089E0,2.847229156E0,-6.001918945E0
7.927851250E0,5.258564758E0,2.801723785E0,-7.549400940E0
7.937865250E0,4.706363068E0,2.785407715E0,-8.747210083E0
7.947879250E0,4.727319489E0,2.752625885E0,-9.471254425E0
7.957893250E0,4.907993774E0,2.477048950E0,-1.005863297E1
7.967907250E0,4.726121979E0,2.430795135E0,-1.154459290E1
7.977921250E0,4.727020111E0,2.568359070E0,-1.260753250E1
7.987935250E0,5.009482727E0,2.875220947E0,-1.247086670E1
7.997949250E0,5.224136353E0,3.191363525E0,-1.219693634E1
8.007964250E0,4.776866455E0,3.164569244E0,-1.250065475E1
8.017978250E0,4.428540802E0,3.018173676E0,-1.292711792E1
8.027992250E0,4.766088867E0,2.845881958E0,-1.263268021E1
8.038006250E0,4.899012451E0,2.518063660E0,-1.232506989E1
8.048020250E0,5.067711639E0,2.522254944E0,-1.272922943E1
8.058034250E0,5.796845398E0,2.818488922E0,-1.310375061E1
8.068048250E0,6.660549316E0,2.926264801E0,-1.333666626E1
8.078062250E0,7.177424469E0,3.107537842E0,-1.317126022E1
8.088076250E0,7.586823120E0,3.016078033E0,-1.243643829E1
8.098090250E0,7.826325073E0,2.833607483E0,-1.149354904E1
8.108104250E0,7.621101837E0,2.566712494E0,-1.117336487E1
8.118118250E0,7.450456696E0,2.366578674E0,-1.077893509E1
8.128132250E0,7.433092804E0,2.237397308E0,-9.884395294E0
8.138146250E0,7.092251587E0,2.056423645E0,-9.059760132E0
8.148160250E0,6.706054688E0,1.878294067E0,-8.583899689E0
8.158174250E0,6.703509979E0,1.858385468E0,-7.921527100E0
8.168188250E0,7.300169220E0,2.323318634E0,-7.184759216E0
8.178202250E0,7.822433167E0,3.143912201E0,-6.383774872E0
8.188216250E0,8.491990814E0,3.558849335E0,-5.252427521E0
8.198230250E0,8.706045685E0,3.397933960E0,-4.021387482E0
8.208245250E0,8.246052246E0,3.024460602E0,-2.531835022E0
8.218259250E0,7.157216492E0,2.470312958E0,-1.474433899E0
8.228273250E0,5.451064453E0,1.658101959E0,-1.807940369E0
8.238287250E0,4.739444275E0,1.585502930E0,-2.949915619E0
8.248301250E0,5.162165222E0,2.030976563E0,-3.883973236E0
8.258315500E0,5.121300201E0,2.553390198E0,-4.912185059E0
8.268329500E0,5.248086548E0,2.724484406E0,-5.379064178E0
8.278343500E0,5.159770203E0,2.961441650E0,-5.975873108E0
8.288357500E0,4.365521851E0,3.042722626E0,-6.375841370E0
8.298371500E0,3.922143860E0,2.671195221E0,-6.504723358E0
8.308385500E0,3.560645599E0,2.331252136E0,-6.566395111E0
8.318399500E0,3.286266174E0,1.751058655E0,-6.572532349E0
8.328413500E0,3.145259399E0,8.674461365E-1,-6.839277649E0
8.338427500E0,3.206182709E0,3.917353821E-1,-8.678053894E0
8.348441500E0,3.439098358E0,6.174659729E-1,-1.143023071E1
8.358455500E0,3.004402313E0,1.184486847E0,-1.369621857E1
8.368469500E0,2.234702911E0,1.548080750E0,-1.528815811E1
8.378483500E0,1.419647827E0,1.356778564E0,-1.562151489E1
8.388498500E0,2.776725769E-1,1.083896027E0,-1.563813034E1
8.398512500E0,-9.331594849E-1,6.538403320E-1,-1.499027756E1
8.408526500E0,-1.722917175E0,3.164419556E-1,-1.478535370E1
8.418540500E0,-2.070943451E0,4.834945679E-2,-1.425231216E1
8.428554500E0,-2.362986145E0,-1.122665405E-1,-1.364697098E1
8.438568500E0,-2.738704834E0,-4.343966675E-1,-1.318009186E1
8.448582500E0,-2.890189819E0,-6.924600220E-1,-1.243089981E1
8.458596500E0,-2.727478180E0,-8.493338013E-1,-1.133532806E1
8.468610500E0,-2.700085144E0,-1.131047974E0,-1.007315277E1
8.478624500E0,-3.085683289E0,-1.262175293E0,-9.095685425E0
8.488638500E0,-3.521277466E0,-1.457070007E0,-8.640631714E0
8.498652500E0,-3.553011475E0,-1.406325531E0,-8.287366333E0
8.508666500E0,-3.510350189E0,-1.210382996E0,-8.121062164E0
8.518680500E0,-3.601211243E0,-1.224753113E0,-8.096513214E0
8.528694500E0,-3.775598602E0,-1.161584473E0,-8.483458557E0
8.538708500E0,-3.806284790E0,-8.693920898E-1,-9.208401031E0
8.548722500E0,-3.079695740E0,-4.328997803E-1,-1.002779709E1
8.558736500E0,-2.787952423E0,6.915618896E-2,-1.133832184E1
8.568751500E0,-3.091221771E0,-6.511459351E-2,-1.240156082E1
8.578765500E0,-3.168910217E0,-3.429368591E-1,-1.237222183E1
8.588779500E0,-2.766397247E0,-2.469863892E-1,-1.188558380E1
8.598793500E0,-2.092798004E0,5.014572144E-2,-1.121827148E1
8.608807500E0,-1.214574280E0,3.785627747E-1,-1.036280045E1
8.618821500E0,-3.707789612E-1,5.411247253E-1,-9.443562012E0
8.628835500E0,1.501377869E-1,5.498066711E-1,-8.476722565E0
8.638849500E0,6.845265198E-1,9.038204956E-1,-7.447911987E0
8.648863500E0,1.671873322E0,1.550475769E0,-6.372398529E0
8.658877500E0,3.357817383E0,2.397414551E0,-5.287155304E0
8.668891500E0,5.200635223E0,3.411106567E0,-4.406985626E0
8.678905500E0,6.332281952E0,4.123774567E0,-3.673660583E0
8.688919500E0,6.851103058E0,4.617597656E0,-4.145629120E0
8.698933500E0,7.414980469E0,4.946014709E0,-4.819228363E0
8.708947500E0,8.282127228E0,5.206323395E0,-4.958887939E0
8.718961500E0,8.931776276E0,5.100194092E0,-4.989574127E0
8.728975500E0,8.992250519E0,4.621938629E0,-4.802612915E0
8.738990500E0,8.909173279E0,4.195475464E0,-5.056335297E0
8.749004500E0,8.861721954E0,3.742367706E0,-5.541027374E0
8.759018500E0,8.516689453E0,3.475023651E0,-5.684279480E0
8.769032500E0,8.096363525E0,3.528761902E0,-6.009104004E0
8.779046500E0,7.494614868E0,3.708987122E0,-6.684050446E0
8.789060500E0,6.788533173E0,3.754791870E0,-8.254734192E0
8.799074500E0,5.755231934E0,3.376378784E0,-1.016521133E1
8.809088500E0,5.070106659E0,2.841840363E0,-1.160072617E1
8.819102500E0,4.467310181E0,2.221230927E0,-1.280362473E1
8.829116500E0,3.941603394E0,1.903890839E0,-1.389934616E1
8.839130500E0,3.447630615E0,1.568588104E0,-1.433673660E1
8.849144500E0,3.124602356E0,1.153650970E0,-1.471694595E1
8.859158500E0,2.981350250E0,9.506730652E-1,-1.574860062E1
8.869172500E0,3.144960022E0,1.029708710E0,-1.734562958E1
8.879186500E0,3.798201599E0,1.038390656E0,-1.901166504E1
8.889200500E0,4.606520691E0,1.308129730E0,-2.063204544E1
8.899214500E0,5.307512970E0,1.728156281E0,-2.185395447E1
8.909229500E0,5.794749756E0,1.979932709E0,-2.197939362E1
8.919243500E0,5.998027039E0,2.079176331E0,-2.116882919E1
8.929257500E0,5.558241577E0,1.785037994E0,-1.953303085E1
8.939271500E0,4.715344391E0,1.353635101E0,-1.808718750E1
8.949285500E0,3.859424286E0,1.111588440E0,-1.703292984E1
8.959299500E0,3.312910767E0,9.319619751E-1,-1.539189240E1
8.969313500E0,3.172053680E0,1.018482056E0,-1.336346054E1
8.979327500E0,3.110531616E0,1.127156067E0,-1.100750977E1
8.989341500E0,2.633174286E0,1.072819061E0,-8.455616455E0
8.999355500E0,1.968256989E0,9.639953613E-1,-6.040688324E0
9.009369500E0,1.133592682E0,1.082249451E0,-3.707340546E0
9.019383500E0,1.547781372E-1,1.212628326E0,-1.504820709E0
9.029397500E0,-8.720864868E-1,1.158890076E0,5.110372925E-1
9.039411500E0,-1.946252747E0,9.990225220E-1,2.388433228E0
9.049425500E0,-2.822829895E0,8.928932190E-1,4.038002930E0
9.059439500E0,-3.441493378E0,8.786727905E-1,5.311554565E0
9.069453500E0,-3.774550781E0,8.726852417E-1,6.237079926E0
9.079468500E0,-3.938310242E0,1.067280579E0,6.948101349E0
9.089482500E0,-3.781436462E0,1.021775208E0,7.822433167E0
9.099496500E0,-3.512296143E0,9.922865295E-1,8.658444672E0
9.109510500E0,-3.528312836E0,9.047186279E-1,8.653205566E0
9.119524500E0,-3.820804596E0,9.967771912E-1,8.140222321E0
9.129538500E0,-3.409310303E0,1.481618958E0,6.603817291E0
9.139552500E0,-2.313439178E0,2.418670349E0,3.894301758E0
9.149566500E0,-2.026336212E0,2.458487549E0,1.597777405E0
9.159580500E0,-1.358275452E0,2.429597626E0,-9.008267212E-1
9.169594500E0,8.036787415E-1,3.413052521E0,-4.030368805E0
9.179608500E0,2.633773041E0,3.800297241E0,-8.254434814E0
9.189622500E0,3.397335205E0,3.181334381E0,-1.347258362E1
9.199636500E0,3.795656891E0,2.252665558E0,-1.831246902E1
9.209650500E0,4.608766022E0,1.761536865E0,-2.150892197E1
9.219664500E0,6.179749146E0,1.744023285E0,-2.233280869E1
9.229678500E0,7.959847412E0,1.699865112E0,-2.105835892E1
9.239692500E0,9.322613525E0,1.685345306E0,-1.845033234E1
9.249707500E0,1.014335678E1,1.589394836E0,-1.512829056E1
9.259721000E0,1.041908340E1,1.187480621E0,-1.182301392E1
9.269735000E0,1.000848724E1,9.627978516E-1,-8.768765259E0
9.279749000E0,8.457263031E0,4.146377563E-1,-5.699697418E0
9.289763000E0,5.345683594E0,-2.445913696E-1,-3.175795898E0
9.299777000E0,2.073188782E0,-1.016386414E0,-1.576521606E0
9.309791000E0,-3.969744873E-1,-1.328337708E0,-4.968168640E-1
9.319805000E0,-1.481768646E0,-1.131796417E0,5.782475281E-1
9.329819000E0,-2.207459564E0,-8.318202209E-1,1.537752228E0
9.339833000E0,-3.020568695E0,-6.673123169E-1,1.312770081E0
9.349847000E0,-3.278332672E0,-2.920426941E-1,3.338058472E-1
9.359861000E0,-3.519331512E0,1.993853760E-1,1.986369324E-1
9.369875000E0,-3.613934784E0,3.165916443E-1,1.007704468E0
9.379889000E0,-2.787802734E0,4.692741394E-1,2.502945099E0
9.389903000E0,-1.415606232E0,1.048868866E0,4.167783051E0
9.399917000E0,2.809657288E-1,1.848206635E0,4.984634399E0
9.409932000E0,9.961784363E-1,2.027683411E0,3.594774628E0
9.419946000E0,1.345851288E0,1.859283600E0,8.237370300E-1
9.429960000E0,7.979905701E-1,9.131011963E-1,-1.761985931E0
9.439974000E0,4.574487305E-1,-2.844085693E-2,-3.974385223E0
9.449988000E0,4.312532043E-1,-1.220711517E0,-5.533542938E0
9.460002000E0,1.094673615E0,-2.389031982E0,-6.826853485E0
9.470016000E0,2.415526886E0,-2.999462585E0,-9.074878693E0
9.480030000E0,4.142335968E0,-3.483406219E0,-1.156465118E1
9.490044000E0,6.033203888E0,-4.453239441E0,-1.382809433E1
9.500058000E0,7.906109161E0,-5.868097229E0,-1.587104599E1
9.510072000E0,9.968370667E0,-7.655380554E0,-1.847413284E1
9.520086000E0,1.214798813E1,-9.039402466E0,-2.216051697E1
9.530100000E0,1.469928268E1,-9.677226105E0,-2.638548111E1
9.540114000E0,1.750070709E1,-9.925410004E0,-3.026511337E1
9.550128000E0,2.044837738E1,-8.303233337E0,-3.391916473E1
9.560142000E0,1.898352356E1,-9.571096802E0,-3.563759125E1
9.570156000E0,1.698203568E1,-1.028660889E1,-3.513433777E1
9.580171000E0,1.427207108E1,-1.210532684E1,-3.492956360E1
9.590185000E0,1.247146545E1,-1.460138626E1,-3.506967224E1
9.600199000E0,1.141436371E1,-1.595382385E1,-3.696757553E1
9.610213000E0,1.211909821E1,-1.541030411E1,-3.974055908E1
9.620227000E0,1.414872757E1,-1.446621735E1,-4.080783966E1
9.630241000E0,1.541853699E1,-1.314147217E1,-4.009127975E1
9.640255000E0,1.510583725E1,-1.254526199E1,-3.811538864E1
9.650269000E0,1.229064148E1,-1.369981110E1,-3.468527161E1
9.660283000E0,8.949439545E0,-1.560594727E1,-3.284035812E1
9.670297000E0,7.254214783E0,-1.634481079E1,-3.156740524E1
9.680311000E0,7.679031372E0,-1.606174942E1,-3.022574524E1
9.690325000E0,9.183403015E0,-1.538785080E1,-2.864712799E1
9.700339000E0,1.067624863E1,-1.477472580E1,-2.647768936E1
9.710353000E0,1.191552155E1,-1.414827850E1,-2.412263672E1
9.720367000E0,1.200683167E1,-1.443583054E1,-2.182386703E1
9.730381000E0,1.069316345E1,-1.572165665E1,-1.934472244E1
9.740396000E0,9.757908325E0,-1.677441742E1,-1.642728928E1
9.750410000E0,8.853788452E0,-1.780936523E1,-1.376327911E1
9.760424000E0,7.261549530E0,-1.895972305E1,-1.185220322E1
9.770438000E0,7.821535034E0,-1.863130600E1,-9.178313599E0
9.780452000E0,8.937614136E0,-1.779469574E1,-5.502108307E0
9.790466000E0,8.962462463E0,-1.719653961E1,-2.712958374E0
9.800480000E0,8.330326996E0,-1.670241714E1,-5.995033264E-1
9.810494000E0,8.082592163E0,-1.592762833E1,1.565294952E0
9.820508000E0,8.977730713E0,-1.461934891E1,3.641178131E0
9.830522000E0,9.264085236E0,-1.387943756E1,6.370751953E0
9.840536000E0,9.391320648E0,-1.380324600E1,9.076674957E0
9.850550000E0,1.011282028E1,-1.293100983E1,1.405172928E1
9.860564000E0,9.625882874E0,-1.104732697E1,2.017549484E1
9.870578000E0,7.644752655E0,-8.870703278E0,2.442381042E1
9.880592000E0,5.535189514E0,-6.868616638E0,2.688618988E1
9.890606000E0,3.751349030E0,-4.709057465E0,2.691463074E1
9.900621000E0,1.782193909E0,-2.321971436E0,2.626034134E1
9.910635000E0,6.623725891E-1,4.110452271E-1,2.498289780E1
9.920649000E0,-6.981481934E-1,2.547402649E0,2.297931427E1
9.930663000E0,-4.113146667E0,3.259022827E0,2.071751770E1
9.940677000E0,-8.372539215E0,2.978206787E0,1.862127686E1
9.950691000E0,-1.179592026E1,2.173480225E0,1.659538971E1
9.960705000E0,-1.370639740E1,1.831291809E0,1.503533386E1
9.970719000E0,-1.377136230E1,1.516496429E0,1.522289383E1
9.980733000E0,-1.237207214E1,1.235979767E0,1.572809326E1
9.990747000E0,-1.077219910E1,9.910890198E-1,1.492920456E1
1.000076100E1,-9.128317566E0,2.176473999E-1,1.478235992E1
1.001077500E1,-7.302264862E0,-3.571572876E-1,1.517993317E1
1.002078900E1,-4.600832520E0,2.342628479E-1,1.497231491E1
1.003080300E1,-1.632505188E0,8.885522461E-1,1.373768234E1
1.004081700E1,-6.571334839E-1,-3.248245239E-2,1.210083618E1
1.005083100E1,-6.815327454E-1,-1.783391418E0,1.259450958E1
1.006084600E1,-1.125958557E0,-4.179309082E0,1.329984283E1
1.007086000E1,-8.518785095E-1,-6.061195679E0,1.291349625E1
1.008087400E1,-8.246351624E-1,-7.225923615E0,1.079345490E1
1.009088800E1,-1.051114197E0,-7.824678497E0,7.632927246E0
1.010090200E1,-9.298663330E-1,-7.805967407E0,4.783003693E0
1.011091600E1,-1.033600616E0,-8.562643890E0,3.466341705E0
1.012093000E1,-2.314187622E-1,-9.163045349E0,3.414399719E0
1.013094400E1,1.672921143E0,-8.965755615E0,1.696871338E0
1.014095800E1,2.845283203E0,-9.039103088E0,-7.869136047E-1
1.015097200E1,5.452561340E0,-8.994046783E0,-4.594844971E0
1.016098600E1,8.794062653E0,-9.326056366E0,-8.809630280E0
1.017100000E1,1.053808594E1,-9.748028870E0,-1.173350006E1
1.018101400E1,1.184965851E1,-9.001980286E0,-1.488025635E1
1.019102800E1,1.303339691E1,-8.712033234E0,-1.958452377E1
1.020104200E1,1.350297043E1,-8.779093781E0,-2.752146881E1
1.021105600E1,1.287802002E1,-7.591014404E0,-3.665951614E1
1.022107100E1,1.349877914E1,-6.091881866E0,-4.265245377E1
1.023108500E1,1.447564774E1,-4.588258667E0,-4.429304214E1
1.024109900E1,1.331630859E1,-4.166435852E0,-4.233436523E1
1.025111300E1,1.175759995E1,-4.249812469E0,-3.880380707E1
1.026112775E1,1.053868469E1,-5.055287476E0,-3.589131363E1
1.027114175E1,8.582851868E0,-5.673052826E0,-3.694287689E1
1.028115575E1,7.159162445E0,-4.820126495E0,-4.028767136E1
1.029116975E1,5.984704742E0,-4.201163635E0,-4.192631378E1
1.030118375E1,3.803440704E0,-4.942721558E0,-4.009217789E1
1.031119775E1,7.048841858E-1,-5.998176727E0,-3.610057846E1
1.032121175E1,-1.537452850E0,-6.745722198E0,-3.253678940E1
1.033122575E1,-2.095342712E0,-7.344926147E0,-2.989568161E1
1.034123975E1,-2.886447601E0,-7.930358734E0,-2.922313019E1
1.035125375E1,-3.648063812E0,-8.618477783E0,-2.799897583E1
1.036126775E1,-4.891977081E0,-9.871072998E0,-2.451856339E1
1.037128175E1,-6.305188293E0,-1.063149170E1,-2.002371048E1
1.038129675E1,-7.065756683E0,-1.086470673E1,-1.637549698E1
1.039131075E1,-8.300089874E0,-1.120450012E1,-1.474778183E1
1.040132475E1,-9.384135590E0,-1.139056320E1,-1.493309647E1
1.041133875E1,-1.115195938E1,-1.237910751E1,-1.585083801E1
1.042135275E1,-1.146900009E1,-1.324460770E1,-1.404738831E1
1.043136675E1,-9.987231445E0,-1.336301147E1,-1.063717987E1
1.044138075E1,-9.272916870E0,-1.347617615E1,-8.106692047E0
1.045139475E1,-9.646988983E0,-1.413510590E1,-7.120692444E0
1.046140875E1,-1.038615189E1,-1.454270828E1,-5.147795105E0
1.047142275E1,-1.056458084E1,-1.428075302E1,-3.993096313E0
1.048143675E1,-1.006851242E1,-1.427641205E1,-3.509601746E0
1.049145075E1,-9.532177734E0,-1.407552979E1,-3.334316254E0
1.050146475E1,-8.622968445E0,-1.383632721E1,-4.379742279E0
1.051147875E1,-8.655750275E0,-1.474418930E1,-6.028413849E0
1.052149275E1,-7.602540436E0,-1.538590485E1,-7.085365906E0
1.053150675E1,-4.624183960E0,-1.493264740E1,-6.820267181E0
1.054152175E1,-2.574047241E0,-1.458162735E1,-5.908213806E0
1.055153575E1,-1.301094360E0,-1.464853821E1,-4.322411499E0
1.056154975E1,9.256750488E-1,-1.458402237E1,-2.118394775E0
1.057156375E1,3.484304352E0,-1.420426208E1,-8.021818542E-1
1.058157775E1,5.606441345E0,-1.326466599E1,-1.228944397E0
1.059159175E1,8.357570343E0,-1.150447632E1,-3.867806854E0
1.060160575E1,1.183873123E1,-1.005159760E1,-5.038522339E0
1.061161975E1,1.437909851E1,-8.578361206E0,-4.252806244E0
1.062163375E1,1.589469681E1,-7.697443085E0,-2.642454987E0
1.063164775E1,1.769635025E1,-6.679859161E0,-2.823129272E-1
1.064166175E1,1.951626572E1,-4.649631042E0,1.722617798E0
1.065167575E1,2.149006119E1,-2.221679993E0,3.852987671E0
1.066168975E1,2.348466339E1,-2.874023438E-2,6.814728699E0
1.067170375E1,2.476405289E1,1.997146912E0,8.327632599E0
1.068171775E1,2.589345428E1,4.272565155E0,7.787406006E0
1.069173175E1,2.764136948E1,5.939947815E0,9.256451111E0
1.070174575E1,2.747521500E1,7.043153687E0,9.532776489E0
1.071176075E1,2.696881805E1,7.836204529E0,1.016057098E1
1.072177475E1,2.681778214E1,8.609945526E0,1.162138321E1
1.073178875E1,2.655148590E1,8.869805145E0,1.255035141E1
1.074180275E1,2.580274292E1,8.315807190E0,1.394679749E1
1.075181675E1,2.308394669E1,7.464527435E0,1.413809967E1
1.076183075E1,2.104324036E1,6.835385742E0,1.230456253E1
1.077184475E1,2.126732437E1,6.356232147E0,9.301058350E0
1.078185875E1,2.134306686E1,6.014343109E0,6.076014862E0
1.079187275E1,2.081122284E1,4.909490662E0,4.784201202E0
1.080188675E1,1.975232483E1,3.169359283E0,5.954168243E0
1.081190075E1,1.744262787E1,1.439706116E0,8.055648193E0
1.082191475E1,1.607641891E1,-1.586700439E-1,8.695417786E0
1.083192875E1,1.703128326E1,-8.505313110E-1,7.797884216E0
1.084194275E1,1.850766312E1,-1.429078217E0,5.549260254E0
1.085195675E1,1.959260696E1,-1.971550140E0,3.134182434E0
1.086197175E1,1.961461121E1,-3.375181274E0,2.049837341E0
1.087198575E1,1.806578201E1,-5.454507294E0,1.676513672E0
1.088199975E1,1.525432846E1,-6.963968353E0,1.436562653E0
1.089201375E1,1.327155167E1,-7.989785156E0,1.413809967E0
1.090202775E1,1.295376251E1,-7.784861298E0,-3.938310242E-1
1.091204175E1,1.391760818E1,-7.197333069E0,-2.299368439E0
1.092205575E1,1.504296799E1,-7.308851166E0,-3.101550293E0
1.093206975E1,1.563079559E1,-8.096064148E0,-3.329825592E0
1.094208375E1,1.564037567E1,-8.922196198E0,-6.436016235E0
1.095209775E1,1.460213470E1,-8.479117584E0,-1.302246964E1
1.096211175E1,1.271665558E1,-7.140451355E0,-1.915850967E1
1.097212575E1,1.088745941E1,-5.582341461E0,-2.424178894E1
1.098213975E1,9.376351776E0,-4.274960175E0,-2.784494614E1
1.099215375E1,8.074808350E0,-4.008364563E0,-2.834775055E1
1.100216775E1,7.450307007E0,-3.733236694E0,-2.752595947E1
1.101218175E1,7.862400055E0,-3.260070648E0,-2.631378021E1
1.102219575E1,7.733069000E0,-2.901865540E0,-2.609328873E1
1.103221075E1,6.388265533E0,-2.675685883E0,-2.707330078E1
1.104222475E1,4.600832520E0,-2.828518066E0,-2.752551041E1
1.105223875E1,2.629731445E0,-3.290607147E0,-2.679952011E1
1.106225275E1,1.996997223E0,-3.687431946E0,-2.545157318E1
1.107226675E1,3.156336365E0,-3.107687531E0,-2.434342758E1
1.108228075E1,5.021607513E0,-2.189796295E0,-2.231514542E1
1.109229475E1,6.724017334E0,-2.006876678E0,-1.931688034E1
1.110230875E1,6.598428497E0,-2.485281830E0,-1.669029236E1
1.111232275E1,5.254523163E0,-3.272794189E0,-1.377345795E1
1.112233675E1,4.401447144E0,-3.531156921E0,-1.074256073E1
1.113235075E1,3.359164581E0,-3.983516235E0,-7.320676575E0
1.114236475E1,2.035167847E0,-4.277953949E0,-3.980672150E0
1.115237875E1,1.537303162E0,-4.292324066E0,-2.700384521E-1
1.116239275E1,1.526226196E0,-4.411775665E0,3.449426880E0
1.117240675E1,1.237326965E0,-4.610562286E0,5.216053162E0
1.118242075E1,3.079096985E-1,-5.126389618E0,5.442532196E0
1.119243575E1,-9.348060608E-1,-6.133794708E0,5.391937408E0
1.120244975E1,-8.759783936E-1,-6.029611359E0,3.391048279E0
1.121246375E1,-8.622070312E-2,-4.932542725E0,4.968168640E-1
1.122247775E1,-6.732998657E-1,-4.869374084E0,-5.995033264E-1
1.123249175E1,-2.073338470E0,-5.405259705E0,-8.821156311E-1
1.124250575E1,-3.407663727E0,-5.786217499E0,-1.339714050E0
1.125251975E1,-4.663552094E0,-5.771098938E0,-8.737330627E-1
1.126253250E1,-5.755980377E0,-5.237308960E0,1.612147522E-1
1.127254650E1,-7.197333069E0,-5.235961761E0,3.005749512E-1
1.128256050E1,-9.411378937E0,-6.425088959E0,-5.310955811E-1
1.129257450E1,-9.701924744E0,-7.906707916E0,-3.839515686E-1
1.130258850E1,-8.910969543E0,-9.593999176E0,-3.487747192E-2
1.131260250E1,-7.563172302E0,-1.123653351E1,-4.002676392E-1
1.132261650E1,-4.118685150E0,-1.161300064E1,3.008743286E-1
1.133263050E1,8.382568359E-2,-1.137529495E1,2.038910065E0
1.134264450E1,4.089495850E0,-1.110016708E1,3.274590454E0
1.135265850E1,7.713010712E0,-1.135403915E1,4.512516174E0
1.136267350E1,1.017104919E1,-1.212463669E1,4.650978241E0
1.137268750E1,1.128593079E1,-1.381297577E1,3.262016602E0
1.138270150E1,1.350940704E1,-1.514969604E1,1.563199310E0
1.139271550E1,1.719159988E1,-1.510808258E1,-3.667373657E-2
1.140272950E1,2.120804764E1,-1.383333344E1,-1.602567444E0
1.141274350E1,2.476105911E1,-1.255035141E1,-4.740192719E0
1.142275750E1,2.747386780E1,-1.134580627E1,-8.516240387E0
1.143277150E1,2.966875351E1,-9.553732910E0,-1.164952469E1
1.144278550E1,3.175855774E1,-7.322173462E0,-1.004037094E1
1.145279950E1,3.307626755E1,-5.882617035E0,-7.097939758E0
1.146281350E1,3.280533096E1,-4.650828552E0,-5.946384430E0
1.147282750E1,3.167443268E1,-3.913312225E0,-5.484295349E0
1.148284150E1,2.986170227E1,-3.670217743E0,-5.092410278E0
1.149285550E1,2.725083160E1,-3.936963043E0,-5.754932556E0
1.150286950E1,2.427337326E1,-4.481380920E0,-6.406228180E0
1.151288350E1,2.184272781E1,-4.520299988E0,-6.099515991E0
1.152289750E1,2.087364304E1,-4.937332764E0,-4.249363403E0
1.153291250E1,2.115281250E1,-4.989723816E0,-4.394860840E-1
1.154292650E1,2.268173309E1,-4.440216522E0,1.168170776E0
1.155294050E1,2.500220764E1,-3.414250031E0,-4.028123474E-1
1.156295450E1,2.599584137E1,-3.502566376E0,-2.632725220E0
1.157296850E1,2.575065125E1,-4.353846130E0,-3.407214661E0
1.158298250E1,2.610301849E1,-4.053869934E0,-3.647165680E0
1.159299650E1,2.764556076E1,-3.308869171E0,-5.066364441E0
1.160301050E1,2.805810287E1,-3.197800140E0,-7.869435425E0
1.161302450E1,2.741414200E1,-3.887416077E0,-1.000908600E1
1.162303850E1,2.617891068E1,-4.385430450E0,-1.391910507E1
1.163305250E1,2.577026047E1,-4.707560577E0,-1.616892654E1
1.164306650E1,2.603101822E1,-5.022355957E0,-1.585966965E1
1.165308050E1,2.601545059E1,-5.743705902E0,-1.731015335E1
1.166309450E1,2.568538696E1,-6.463858337E0,-1.902214325E1
1.167310850E1,2.518542664E1,-7.676486664E0,-1.996248779E1
1.168312250E1,2.436318649E1,-9.050329742E0,-2.161909286E1
1.169313650E1,2.369123383E1,-1.007734406E1,-2.368689285E1
1.170315150E1,2.280702255E1,-1.128368546E1,-2.412473236E1
1.171316550E1,2.135309601E1,-1.304013290E1,-2.231125351E1
1.172317950E1,1.942435684E1,-1.478460526E1,-1.956656113E1
1.173319350E1,1.753528519E1,-1.629137192E1,-1.652698196E1
1.174320750E1,1.613958755E1,-1.735820343E1,-1.339669144E1
1.175322150E1,1.467383560E1,-1.812281342E1,-1.075184143E1
1.176323550E1,1.295151718E1,-1.832399506E1,-8.527167664E0
1.177324950E1,1.106020020E1,-1.822190735E1,-6.537954254E0
1.178326350E1,8.926537170E0,-1.838566681E1,-4.703069916E0
1.179327750E1,6.756050720E0,-1.857083176E1,-2.445015564E0
1.180329150E1,4.314927063E0,-1.884775589E1,4.375401306E-1
1.181330550E1,1.404080200E0,-1.876797180E1,3.586392059E0
1.182331950E1,-1.695524139E0,-1.787807236E1,6.990612946E0
1.183333350E1,-4.655169525E0,-1.602791977E1,1.005234604E1
1.184334750E1,-7.140002289E0,-1.398616562E1,1.159294235E1
1.185336150E1,-9.271270294E0,-1.224289078E1,1.167302582E1
1.186337550E1,-1.099149307E1,-1.134565659E1,1.212807953E1
1.187339050E1,-1.158755356E1,-1.057401123E1,1.365146164E1
1.188340450E1,-1.105705673E1,-9.294621735E0,1.576386887E1
1.189341850E1,-9.684860229E0,-7.238796844E0,1.624571686E1
1.190343250E1,-8.454868011E0,-5.953868866E0,1.446262482E1
1.191344650E1,-7.669301605E0,-5.196893005E0,1.243104950E1
1.192346050E1,-6.559060364E0,-4.067790985E0,1.058314224E1
1.193347450E1,-5.911656647E0,-3.240162048E0,8.014184418E0
1.194348850E1,-5.071004791E0,-2.758463745E0,5.012027435E0
1.195350250E1,-2.700683899E0,-1.996398468E0,3.279081116E0
1.196351650E1,-1.145118713E-1,-1.072220306E0,2.353256378E0
1.197353050E1,2.397863617E0,-6.773414612E-1,2.716251526E0
1.198354450E1,4.871619415E0,-1.901046753E-1,3.981270905E0
1.199355850E1,6.361171875E0,3.435356140E-1,4.936584320E0
1.200357250E1,6.065386963E0,-6.032455444E-2,4.619992676E0
1.201358650E1,4.614903259E0,-1.106798401E0,4.078867950E0
1.202360050E1,2.893333282E0,-1.763931885E0,4.103117523E0
1.203361450E1,2.639760590E0,-1.582209778E0,6.141578522E0
1.204362950E1,3.513194275E0,-1.775308228E0,8.858877869E0
1.205364350E1,4.305197296E0,-2.423161011E0,9.576335907E0
1.206365750E1,5.318889313E0,-3.243604889E0,9.822723541E0
1.207367150E1,6.049669647E0,-4.344864807E0,1.003498215E1
1.208368550E1,5.770649872E0,-4.843627625E0,9.180858307E0
1.209369950E1,5.074896698E0,-5.081483002E0,8.336613922E0
1.210371350E1,5.429209900E0,-5.966143341E0,8.203690338E0
1.211372750E1,6.146218872E0,-7.003186798E0,7.524253235E0
1.212374150E1,6.630312195E0,-8.306376801E0,6.421646118E0
1.213375550E1,8.317304077E0,-8.866661682E0,5.024900665E0
1.214376950E1,1.035292099E1,-9.405990143E0,3.346141663E0
1.215378350E1,1.095901062E1,-1.022388931E1,1.713636475E0
1.216379750E1,1.076306808E1,-1.115585129E1,1.044228516E0
1.217381150E1,1.027777725E1,-1.247984802E1,-8.607101440E-1
1.218382550E1,1.072205338E1,-1.290226959E1,-4.239633636E0
1.219383950E1,1.307291473E1,-1.260917908E1,-6.852599945E0
1.220385350E1,1.447519867E1,-1.257549911E1,-1.106693619E1
1.221386850E1,1.344309494E1,-1.302531372E1,-1.629676071E1
1.222388250E1,1.157108780E1,-1.386955811E1,-1.948752548E1
1.223389650E1,1.028735733E1,-1.369606888E1,-2.026201492E1
1.224391050E1,1.076366684E1,-1.291693909E1,-1.860705643E1
1.225392450E1,1.226743973E1,-1.222118591E1,-1.634780457E1
1.226393888E1,1.420695648E1,-1.135643417E1,-1.496977020E1
1.227395288E1,1.573303299E1,-1.080962128E1,-1.510972916E1
1.228396688E1,1.525612473E1,-1.120854172E1,-1.881048340E1
1.229398088E1,1.499342102E1,-1.089838669E1,-2.238909164E1
1.230399488E1,1.524340118E1,-9.846823425E0,-2.549019287E1
1.231400888E1,1.569576050E1,-8.435258789E0,-2.663471283E1
1.232402288E1,1.628762970E1,-7.310048676E0,-2.461331635E1
1.233403688E1,1.721225693E1,-6.484365692E0,-2.103635468E1
1.234405088E1,1.831037338E1,-5.997428284E0,-1.788510773E1
1.235406488E1,1.915222275E1,-5.731730804E0,-1.669897430E1
1.236407887E1,1.983345612E1,-5.777385864E0,-1.698083817E1
1.237409288E1,2.065809128E1,-5.720055084E0,-1.953213272E1
1.238410688E1,2.156969559E1,-5.324876862E0,-2.306224182E1
1.239412188E1,2.186143890E1,-5.542224884E0,-2.609119308E1
1.240413588E1,2.183853653E1,-5.174290009E0,-2.801050186E1
1.241414988E1,2.180904785E1,-4.838238831E0,-2.829476074E1
1.242416388E1,2.103979752E1,-5.487887878E0,-2.725427444E1
1.243417788E1,1.912363220E1,-6.666536865E0,-2.605272308E1
1.244419187E1,1.715567459E1,-8.026458893E0,-2.429073715E1
1.245420588E1,1.585832245E1,-9.251810760E0,-2.179123489E1
1.246421988E1,1.464120346E1,-1.009949799E1,-2.043999481E1
1.247423388E1,1.354997269E1,-1.049647247E1,-1.988030869E1
1.248424788E1,1.261307098E1,-1.090572144E1,-1.967688171E1
1.249426188E1,1.163410675E1,-1.147932861E1,-1.828208221E1
1.250427588E1,1.062191162E1,-1.228884521E1,-1.604049362E1
1.251428988E1,9.872869263E0,-1.296498917E1,-1.377854736E1
1.252430388E1,9.024732971E0,-1.346270416E1,-1.176179123E1
1.253431788E1,8.321195984E0,-1.361613510E1,-1.024245071E1
1.254433188E1,8.121810608E0,-1.337932755E1,-8.560099182E0
1.255434587E1,7.680677948E0,-1.310060715E1,-6.781497803E0
1.256435988E1,6.606062622E0,-1.307770477E1,-4.673730927E0
1.257437488E1,5.210664368E0,-1.298175430E1,-1.714684296E0
1.258438888E1,4.098327484E0,-1.233884125E1,1.294358368E0
1.259440288E1,2.747686157E0,-1.178918427E1,3.324137421E0
1.260441688E1,1.081950073E0,-1.124551483E1,3.851640472E0
1.261443088E1,7.358697510E-1,-1.018796402E1,4.116439819E0
1.262444488E1,1.498982849E0,-8.858129425E0,5.253175964E0
1.263445887E1,1.684447174E0,-7.576793976E0,6.347849579E0
1.264447288E1,1.676813049E0,-6.687942352E0,7.166946259E0
1.265448688E1,2.111958160E0,-5.657335510E0,8.288114777E0
1.266450088E1,3.076701965E0,-4.384981384E0,9.655072174E0
1.267451488E1,3.713477783E0,-3.683540039E0,1.041129959E1
1.268452888E1,4.366270294E0,-3.229085083E0,1.097697327E1
1.269454288E1,5.348976746E0,-2.694247284E0,1.151435577E1
1.270455687E1,5.523513794E0,-1.975442047E0,1.062595322E1
1.271457088E1,5.402116241E0,-1.494492188E0,9.580527191E0
1.272458488E1,5.400020599E0,-6.712042236E-1,9.170230408E0
1.273459888E1,5.405858459E0,5.029541016E-2,8.786278839E0
1.274461287E1,5.085674286E0,3.897894287E-1,8.201445007E0
1.275462688E1,5.207221527E0,7.074288940E-1,8.254434814E0
1.276464188E1,5.545817413E0,1.111588440E0,8.166268158E0
1.277465588E1,5.495671692E0,8.557704163E-1,7.786657562E0
1.278466987E1,5.040168915E0,4.264631653E-1,7.547005920E0
1.279468388E1,4.300407257E0,6.077362061E-1,6.251150665E0
1.280469788E1,4.513414307E0,4.854405212E-1,4.681514740E0
1.281471188E1,6.679410095E0,1.011296997E0,3.959416351E0
1.282472588E1,9.171278229E0,2.070644073E0,3.487896881E0
1.283473988E1,1.108370132E1,2.410437469E0,2.722388763E0
1.284475388E1,1.277144165E1,1.955234070E0,2.770438843E0
1.285476788E1,1.460632599E1,1.570833435E0,3.827839966E0
1.286478188E1,1.598959946E1,-6.212081909E-2,5.192701721E0
1.287479588E1,1.750579651E1,-1.689835968E0,6.990612946E0
1.288480988E1,1.913725388E1,-1.992506561E0,6.683152313E0
1.289482387E1,1.982417542E1,-2.105371857E0,4.224515076E0
1.290483788E1,1.988405090E1,-1.671424255E0,2.451601868E0
1.291485188E1,1.936328384E1,-1.318158875E0,-6.825805664E-1
1.292486588E1,1.765323990E1,-2.283052368E0,-3.730093231E0
1.293487988E1,1.515074387E1,-3.425027618E0,-6.128106537E0
1.294489488E1,1.345013031E1,-4.658911743E0,-7.772736511E0
1.295490888E1,1.340372681E1,-5.539081421E0,-7.072941742E0
1.296492288E1,1.334879105E1,-5.960754547E0,-6.243217163E0
1.297493687E1,1.222358093E1,-6.033054199E0,-7.759264526E0
1.298495088E1,1.021176453E1,-6.257437592E0,-9.647587738E0
1.299496488E1,6.774462433E0,-6.786138153E0,-1.221085739E1
1.300497888E1,2.996019745E0,-7.261250153E0,-1.515628235E1
1.301499288E1,4.385879517E-1,-7.222031708E0,-1.856035355E1
1.302500688E1,-4.414320374E-1,-6.968758392E0,-2.103994720E1
1.303502088E1,3.697311401E-2,-5.944588165E0,-2.231409760E1
1.304503488E1,1.293909302E0,-4.857398987E0,-2.286674835E1
1.305504888E1,2.550396423E0,-4.115541687E0,-2.180380875E1
1.306506288E1,2.571352844E0,-3.980821838E0,-2.117631363E1
1.307507688E1,1.789229279E0,-4.330644379E0,-2.177866104E1
1.308509087E1,1.275647278E0,-4.640350342E0,-2.220362732E1
1.309510488E1,1.177900543E0,-4.667294312E0,-2.197190918E1
1.310511888E1,1.222358093E0,-4.888085175E0,-2.116793106E1
1.311513288E1,1.569785614E0,-4.796625366E0,-2.051139633E1
1.312514688E1,1.509011993E0,-4.579576721E0,-2.112137787E1
1.313516188E1,1.337019653E0,-4.340523834E0,-2.212309479E1
1.314517588E1,1.602417755E0,-4.209097137E0,-2.267933807E1
1.315518988E1,1.910477142E0,-4.374652863E0,-2.303125626E1
1.316520387E1,2.838247833E0,-4.316423950E0,-2.175620773E1
1.317521788E1,3.550317078E0,-3.933669891E0,-2.039703415E1
1.318523188E1,3.018323364E0,-4.294120331E0,-1.977088623E1
1.319524588E1,1.981579285E0,-5.144501953E0,-1.933514236E1
1.320525988E1,1.358425140E0,-5.479205933E0,-1.921060135E1
1.321527388E1,1.657503204E0,-5.428760834E0,-1.824825256E1
1.322528788E1,2.217638397E0,-5.230273590E0,-1.681198929E1
1.323530188E1,3.094065857E0,-5.201383667E0,-1.563603470E1
1.324531588E1,4.909490662E0,-4.634662170E0,-1.402792877E1
1.325532988E1,6.383924561E0,-4.052522736E0,-1.272219406E1
1.326534450E1,6.679859161E0,-4.244723053E0,-1.174876831E1
1.327535850E1,6.516997833E0,-4.536765747E0,-1.136751114E1
1.328537250E1,6.414461060E0,-4.564009094E0,-1.175026520E1
1.329538650E1,6.434968414E0,-4.457879791E0,-1.170461014E1
1.330540050E1,6.106551361E0,-3.956422577E0,-1.100571350E1
1.331541450E1,6.427483978E0,-3.779789886E0,-8.721613312E0
1.332542850E1,6.712191925E0,-3.738176422E0,-4.936284943E0
1.333544350E1,7.196584625E0,-4.303999786E0,-4.011657715E-1
1.334545750E1,8.519383850E0,-4.920417938E0,5.096152496E0
1.335547150E1,1.028601013E1,-4.834047546E0,9.872869263E0
1.336548550E1,1.236339020E1,-3.881877594E0,1.351464615E1
1.337549950E1,1.393736710E1,-2.382146301E0,1.479179031E1
1.338551350E1,1.359428055E1,-1.006956024E0,1.365265915E1
1.339552750E1,1.206146805E1,6.092330933E-1,1.126692032E1
1.340554150E1,1.106259521E1,1.677561493E0,9.457632751E0
1.341555550E1,9.701026611E0,2.529739380E0,8.469387817E0
1.342556950E1,8.166866913E0,2.599943390E0,7.632627869E0
1.343558350E1,7.359445953E0,2.445614319E0,6.472839661E0
1.344559750E1,7.444319458E0,2.656376038E0,6.281836853E0
1.345561150E1,8.298592987E0,3.381468201E0,6.294261017E0
1.346562550E1,8.987759857E0,3.682641907E0,5.306614838E0
1.347563950E1,8.911867676E0,3.678001556E0,4.222269745E0
1.348565350E1,8.105943604E0,3.557801514E0,3.330873413E0
1.349566750E1,7.344028015E0,3.074606323E0,2.591261444E0
1.350568150E1,6.763984222E0,2.494712219E0,1.890418854E0
1.351569550E1,6.239624634E0,2.274370422E0,1.319057007E0
1.352571050E1,5.827531586E0,2.134112091E0,4.815486145E-1
1.353572450E1,5.272036743E0,1.794767761E0,-1.449286194E0
1.354573850E1,5.150489502E0,2.177072754E0,-4.345164185E0
1.355575250E1,6.208040314E0,3.478316803E0,-6.720424805E0
1.356576650E1,6.782695313E0,4.056564331E0,-8.207133179E0
1.357578050E1,6.200555878E0,3.422033844E0,-9.031319275E0
1.358579450E1,5.735023956E0,2.581531677E0,-8.983269196E0
1.359580850E1,5.779631195E0,2.210004272E0,-8.219856720E0
1.360582250E1,6.527625732E0,1.823358307E0,-6.968159637E0
1.361583650E1,7.652985535E0,1.320703583E0,-5.984255676E0
1.362585050E1,8.978179779E0,1.219514008E0,-5.957910461E0
1.363586450E1,8.548423462E0,1.805994415E0,-5.518125000E0
1.364587850E1,9.046737213E0,2.144290924E0,-5.452860718E0
1.365589250E1,8.319549408E0,1.892664185E0,-6.287375336E0
1.366590650E1,6.723867645E0,1.510209503E0,-7.734116821E0
1.367592050E1,5.479205933E0,1.508263550E0,-9.361382904E0
1.368593450E1,5.380561066E0,1.503473511E0,-1.003333557E1
1.369594850E1,6.137836304E0,1.599423981E0,-9.682465210E0
1.370596250E1,7.202123108E0,1.841770020E0,-8.994795227E0
1.371597650E1,8.036038971E0,1.789828033E0,-8.028704224E0
1.372599050E1,8.065677338E0,1.563348999E0,-7.030130768E0
1.373600550E1,7.871082001E0,1.694775696E0,-6.095923462E0
1.374601950E1,7.636220398E0,1.428778839E0,-5.436245270E0
1.375603350E1,7.077432404E0,1.133742371E0,-4.959935760E0
1.376604750E1,7.160210266E0,7.499404907E-1,-4.123475189E0
1.377606150E1,7.260950775E0,-2.504292297E-1,-3.976331177E0
1.378607550E1,7.035220184E0,-1.395547943E0,-4.486919403E0
1.379608950E1,6.935527496E0,-1.916464691E0,-5.919290771E0
1.380610350E1,7.786208496E0,-1.555265808E0,-8.411158905E0
1.381611750E1,9.482181702E0,-1.231339417E0,-1.025472519E1
1.382613150E1,1.092862381E1,-7.726931763E-1,-1.142903320E1
1.383614550E1,1.222837097E1,-4.881349182E-1,-1.170580765E1
1.384615950E1,1.262744110E1,-8.756790161E-1,-1.182750458E1
1.385617350E1,1.162093414E1,-2.310744781E0,-1.235425919E1
1.386618750E1,1.029214737E1,-3.733685760E0,-1.328023361E1
1.387620150E1,1.166554138E1,-4.347259827E0,-1.518592072E1
1.388621550E1,1.450453766E1,-4.710554352E0,-1.672696609E1
1.389622950E1,1.708846436E1,-4.661606140E0,-1.952315140E1
1.390624350E1,1.977447876E1,-4.562512207E0,-2.030258057E1
1.391625750E1,2.113934052E1,-4.474794617E0,-2.042876816E1
1.392627150E1,2.305026672E1,-3.526366882E0,-2.230601440E1
1.393628550E1,2.453068817E1,-3.632496185E0,-2.378987869E1
1.394629950E1,2.400692734E1,-4.493655396E0,-2.541714478E1
1.395631450E1,2.252126678E1,-5.570216675E0,-2.699666016E1
1.396632850E1,2.046499283E1,-7.450456696E0,-2.749332733E1
1.397634250E1,1.809302536E1,-9.038055267E0,-2.705264374E1
1.398635650E1,1.761551834E1,-9.080866241E0,-2.580723358E1
1.399637050E1,1.723366241E1,-9.388027496E0,-2.508184204E1
1.400638450E1,1.591595261E1,-1.026235931E1,-2.606409943E1
1.401639850E1,1.431308578E1,-1.130254623E1,-2.698408630E1
1.402641250E1,1.314835785E1,-1.214514404E1,-2.757056671E1
1.403642650E1,1.228899490E1,-1.273686356E1,-2.891791489E1
1.404644050E1,1.186477707E1,-1.314985474E1,-2.992756531E1
1.405645450E1,1.214918564E1,-1.370475082E1,-2.995645523E1
1.406646850E1,1.264136215E1,-1.450932770E1,-2.828143845E1
1.407648250E1,1.271141647E1,-1.579051346E1,-2.489518021E1
1.408649650E1,1.225651245E1,-1.754621246E1,-2.063683548E1
1.409651050E1,9.808203735E0,-2.022653870E1,-1.703322922E1
1.410652450E1,7.878865814E0,-2.258233978E1,-1.423135574E1
1.411653850E1,9.061406708E0,-2.266856049E1,-9.117989044E0
1.412655250E1,1.028002258E1,-2.235571106E1,-4.611610107E0
1.413656650E1,1.002375549E1,-2.253788223E1,-9.647438049E-1
1.414658050E1,9.045839081E0,-2.278142578E1,2.417323151E0
1.415659450E1,7.966583405E0,-2.281705170E1,5.207969971E0
1.416660850E1,6.614894257E0,-2.215961884E1,7.247778168E0
1.417662350E1,4.827461243E0,-2.133184021E1,8.549920349E0
1.418663750E1,1.900298309E0,-2.045152084E1,1.008273285E1
1.419665150E1,-2.273621979E0,-1.990081604E1,1.061577438E1
1.420666550E1,-4.598287811E0,-1.755055344E1,1.379171997E1
1.421667950E1,-6.131250000E0,-1.423419983E1,1.929592392E1
1.422669350E1,-8.301886139E0,-1.129416367E1,2.329964813E1
1.423670750E1,-1.053599030E1,-8.723708954E0,2.586680969E1
1.424672150E1,-1.226534409E1,-6.017187195E0,2.646077454E1
1.425673550E1,-1.267309616E1,-3.500021667E0,2.573313766E1
1.426675029E1,-1.249017654E1,-1.348845062E0,2.455029739E1
1.427676429E1,-1.192195816E1,5.879772949E-1,2.263982025E1
1.428677829E1,-1.245065872E1,1.356030121E0,1.976235397E1
1.429679229E1,-1.371433090E1,8.464897156E-1,1.655437500E1
1.430680629E1,-1.387464752E1,1.800605621E0,1.460108688E1
1.431682029E1,-1.220097794E1,4.235142975E0,1.469179825E1
1.432683429E1,-1.089449478E1,5.805527344E0,1.545865356E1
1.433684829E1,-1.143741577E1,5.539081421E0,1.645348480E1
1.434686229E1,-1.265663040E1,3.823349304E0,1.916808975E1
1.435687629E1,-1.288655228E1,2.000140686E0,2.231963608E1
1.436689029E1,-1.286888901E1,8.861572266E-2,2.321058334E1
1.437690429E1,-1.209200455E1,-1.887724457E0,2.285342606E1
1.438691829E1,-9.794582062E0,-3.209924927E0,2.149170776E1
1.439693229E1,-7.023394775E0,-4.186045074E0,1.981998413E1
1.440694729E1,-4.403093719E0,-4.891977081E0,1.813448914E1
1.441696129E1,-2.283501434E0,-5.991291046E0,1.589724152E1
1.442697529E1,-2.270179138E0,-8.093070374E0,1.395652725E1
1.443698929E1,-3.218307495E0,-1.043929138E1,1.206925186E1
1.444700329E1,-2.674638062E0,-1.158635605E1,9.433383179E0
1.445701729E1,-1.106798401E0,-1.102981339E1,6.033652954E0
1.446703129E1,6.979985046E-1,-1.034633469E1,2.897075500E0
1.447704529E1,2.152374115E0,-1.143082947E1,9.232800293E-1
1.448705929E1,2.324216766E0,-1.341390564E1,-6.348298645E-1
1.449707329E1,4.671186218E0,-1.471470062E1,-5.416336670E0
1.450708729E1,9.514664154E0,-1.264345779E1,-1.264226028E1
1.451710129E1,1.543889465E1,-9.869875488E0,-2.179841995E1
1.452711529E1,1.861708557E1,-7.949967957E0,-2.998923706E1
1.453712929E1,2.015124527E1,-6.021378479E0,-3.714121445E1
1.454714329E1,2.109697861E1,-3.912713470E0,-4.149146805E1
1.455715729E1,2.092139374E1,-3.652554474E0,-4.186628860E1
1.456717129E1,1.992671219E1,-4.406686249E0,-4.128624481E1
1.457718529E1,1.923559937E1,-3.802243195E0,-4.017181229E1
1.458719929E1,1.824406128E1,-3.083288269E0,-3.726126480E1
1.459721329E1,1.623553802E1,-2.558778992E0,-3.311159409E1
1.460722729E1,1.253164032E1,-2.404449921E0,-2.913795731E1
1.461724129E1,8.240214386E0,-2.541714478E0,-2.718122635E1
1.462725529E1,6.213578796E0,-2.389630737E0,-2.647185150E1
1.463726929E1,7.064110107E0,-2.052831116E0,-2.719170456E1
1.464728429E1,8.954678650E0,-1.446741486E0,-2.933180420E1
1.465729829E1,1.032582733E1,-7.577243042E-1,-2.913211945E1
1.466731229E1,1.053374496E1,-7.307803345E-1,-2.482362900E1
1.467732629E1,9.957293701E0,-1.388512573E0,-1.962823288E1
1.468734029E1,7.811056824E0,-2.113455048E0,-1.738918900E1
1.469735429E1,4.567451935E0,-3.190016327E0,-1.853745117E1
1.470736829E1,2.492915955E0,-3.791315918E0,-1.954725128E1
1.471738229E1,1.251397705E0,-4.065845032E0,-1.924652664E1
1.472739629E1,-5.539979553E-1,-4.467609558E0,-1.899849243E1
1.473741029E1,-1.549577637E0,-5.103636932E0,-1.822026077E1
1.474742429E1,-2.527344360E0,-6.152655487E0,-1.709579910E1
1.475743829E1,-2.576591949E0,-6.430926819E0,-1.664553543E1
1.476745229E1,-3.413651276E0,-7.116950226E0,-1.611563736E1
1.477746629E1,-6.246061249E0,-8.402776337E0,-1.521795410E1
1.478748029E1,-9.057215424E0,-9.722881165E0,-1.382450180E1
1.479749429E1,-1.218780533E1,-1.123488693E1,-1.278326706E1
1.480750829E1,-1.487247253E1,-1.238883728E1,-1.282128799E1
1.481752229E1,-1.548125656E1,-1.285721329E1,-1.313713120E1
1.482753629E1,-1.417477341E1,-1.243299545E1,-1.362990646E1
1.483755029E1,-1.272623566E1,-1.142574005E1,-1.508263550E1
1.484756429E1,-1.124431732E1,-1.058553726E1,-1.535357208E1
1.485757829E1,-1.200623291E1,-1.121018829E1,-1.516825745E1
1.486759229E1,-1.344713654E1,-1.298250275E1,-1.499566635E1
1.487760629E1,-1.304148010E1,-1.417671936E1,-1.309746368E1
1.488762029E1,-1.173903854E1,-1.521046967E1,-1.007809250E1
1.489763429E1,-9.544302521E0,-1.588017700E1,-7.186555481E0
1.490764829E1,-6.374194794E0,-1.557406357E1,-5.560786285E0
1.491766229E1,-2.714155884E0,-1.452205124E1,-4.449497223E0
1.492767729E1,8.544232178E-1,-1.336555618E1,-2.753074951E0
1.493769129E1,4.347708893E0,-1.154833511E1,-2.630479889E0
1.494770529E1,7.673642578E0,-1.020323227E1,-3.147504730E0
1.495771929E1,8.544082489E0,-1.009171417E1,-2.515518951E0
1.496773329E1,9.241182861E0,-9.150770874E0,-1.439406738E0
1.497774729E1,1.087518494E1,-7.852520599E0,3.773652649E-1
1.498776129E1,1.191357559E1,-7.129973145E0,9.888436890E-1
1.499777529E1,1.465572327E1,-5.934109955E0,1.737886047E0
1.500778929E1,1.910372360E1,-4.321513367E0,1.527423706E0
1.501780329E1,2.389795395E1,-2.090253296E0,1.034199371E0
1.502781729E1,2.868050858E1,8.463400269E-1,2.072590027E0
1.503783129E1,3.316832611E1,4.198319550E0,5.335355072E0
1.504784529E1,3.641776886E1,7.683671722E0,1.082174606E1
1.505785929E1,3.624412994E1,9.874515839E0,1.526181290E1
1.506787329E1,3.293331482E1,1.043075912E1,1.754306900E1
1.507788729E1,3.039204941E1,9.837393036E0,1.858026215E1
1.508790129E1,2.921474762E1,9.275760956E0,1.781565216E1
1.509791529E1,2.864727768E1,9.684111786E0,1.515688110E1
1.510792929E1,2.777459244E1,9.810149689E0,1.255723709E1
1.511794329E1,2.753658737E1,9.610165558E0,1.230695755E1
1.512795729E1,2.815944214E1,9.708361359E0,1.169458099E1
1.513797129E1,2.936219101E1,9.246871033E0,1.192300598E1
1.514798529E1,2.938090210E1,8.058043213E0,1.243030106E1
1.515799929E1,2.659429688E1,5.503904572E0,1.255544083E1
1.516801329E1,2.210558121E1,2.387086029E0,1.168200714E1
1.517802729E1,1.735116806E1,-6.496490479E-2,1.001207977E1
1.518804129E1,1.368618942E1,-1.964365082E0,8.357270966E0
1.519805529E1,1.211131439E1,-2.734812927E0,8.684191132E0
1.520807029E1,1.228450424E1,-3.379671936E0,1.004231689E1
1.521808429E1,1.332588867E1,-4.389022980E0,1.012599289E1
1.522809829E1,1.292008255E1,-5.441634064E0,8.438551941E0
1.523811229E1,9.213789825E0,-6.854695587E0,2.985840912E0
1.524812629E1,5.471871185E0,-7.715106354E0,-2.097887421E0
1.525814029E1,2.717149658E0,-7.103178864E0,-6.489305420E0
1.526815342E1,4.517605591E-1,-6.321204987E0,-1.226369751E1
1.527816742E1,-9.819580078E-2,-5.211263123E0,-1.656904449E1
1.528818142E1,4.525090027E-1,-4.534969482E0,-1.828672256E1
1.529819542E1,1.253193970E0,-4.602778473E0,-2.361429382E1
1.530820942E1,1.941911774E0,-3.424129486E0,-2.738285706E1
1.531822342E1,2.408042450E0,-2.177521820E0,-2.575334564E1
1.532823742E1,2.799179077E0,-1.688788147E0,-2.378493896E1
1.533825142E1,4.024830322E0,-1.122515717E0,-2.415212540E1
1.534826542E1,3.909420319E0,-3.954776001E-1,-2.502960068E1
1.535827942E1,1.845512238E0,-1.224154358E0,-2.489577896E1
1.536829342E1,1.004860382E0,-1.807790680E0,-2.421454559E1
1.537830742E1,1.785936127E0,-7.566764832E-1,-2.466391113E1
1.538832142E1,2.276615753E0,3.050656128E-1,-2.638039169E1
1.539833542E1,2.276765442E0,2.436932373E-1,-2.565829330E1
1.540834942E1,2.486479340E0,3.652404785E-2,-2.288096878E1
1.541836342E1,2.951113129E0,2.580633545E-1,-2.099803436E1
1.542837742E1,4.166585541E0,7.828720093E-1,-2.061393311E1
1.543839142E1,5.866600342E0,1.284029846E0,-1.902678360E1
1.544840542E1,7.215744781E0,1.461261292E0,-1.587673416E1
1.545841942E1,7.918982391E0,1.669328613E0,-1.253747818E1
1.546843342E1,7.853269043E0,1.669178925E0,-9.949809265E0
1.547844742E1,7.068750458E0,1.942510529E0,-7.811655579E0
1.548846142E1,5.417833557E0,2.045795746E0,-6.211483154E0
1.549847542E1,3.646117859E0,1.970951385E0,-5.826334076E0
1.550848942E1,2.588716736E0,1.737586670E0,-6.036946106E0
1.551850342E1,3.043620758E0,1.544787598E0,-6.111042023E0
1.552851842E1,4.869374084E0,2.069895630E0,-6.121819611E0
1.553853242E1,6.619534607E0,2.525248718E0,-5.518125000E0
1.554854642E1,7.802374878E0,2.643652496E0,-4.718787231E0
1.555856042E1,8.047115936E0,2.437082062E0,-3.714076538E0
1.556857442E1,7.406597900E0,2.358196106E0,-3.225193176E0
1.557858842E1,5.279521179E0,2.543660431E0,-4.155658264E0
1.558860242E1,2.162103882E0,2.551893311E0,-6.209088135E0
1.559861642E1,-7.571255493E-1,1.781744843E0,-8.025560760E0
1.560863042E1,-2.379900970E0,1.329235840E0,-8.140671387E0
1.561864442E1,-2.416125641E0,1.079854431E0,-7.199428711E0
1.562865842E1,-1.899400177E0,5.554948425E-1,-6.036796417E0
1.563867242E1,-2.561772766E0,-5.493576050E-1,-5.264851685E0
1.564868642E1,-4.019291840E0,-1.150657196E0,-4.148622894E0
1.565870042E1,-5.297184448E0,-1.360520782E0,-2.298320618E0
1.566871442E1,-6.393504639E0,-2.071841583E0,6.451583862E-2
1.567872842E1,-7.382647705E0,-3.056194611E0,1.186881866E0
1.568874242E1,-8.582552490E0,-4.067790985E0,1.648072815E0
1.569875642E1,-1.003273682E1,-4.580474854E0,1.626218262E0
1.570877042E1,-1.110914841E1,-4.910538483E0,1.713636475E0
1.571878442E1,-1.173709259E1,-5.792354736E0,9.470805359E-1
1.572879842E1,-1.014171021E1,-5.825885010E0,-5.761518860E-1
1.573881242E1,-7.750881958E0,-5.532345428E0,-1.974693604E0
1.574882642E1,-6.002068634E0,-6.342909851E0,-1.460063782E0
1.575884042E1,-4.958887939E0,-7.368277588E0,1.239422607E-1
1.576885442E1,-3.321742401E0,-8.429271240E0,2.304158478E0
1.577886842E1,-4.966671753E-1,-9.125623169E0,4.191284180E0
1.578888242E1,1.186732178E0,-9.368268585E0,3.633094940E0
1.579889642E1,2.467169495E0,-9.403146057E0,1.613195343E0
1.580891042E1,5.962700500E0,-8.875493317E0,-2.030377808E0
1.581892442E1,1.053299652E1,-8.155340881E0,-4.161196747E0
1.582893842E1,1.642923523E1,-6.909032593E0,-6.312672729E0
1.583895242E1,2.133333710E1,-6.390510864E0,-9.024283905E0
1.584896642E1,2.435974365E1,-6.423891449E0,-1.146660507E1
1.585898042E1,2.679592758E1,-5.981261902E0,-1.231279541E1
1.586899442E1,2.858575562E1,-5.192701721E0,-1.157273438E1
1.587900842E1,2.895234329E1,-4.308789825E0,-9.682465210E0
1.588902242E1,2.833098541E1,-3.451223145E0,-9.127569122E0
1.589903642E1,2.664279602E1,-3.288661194E0,-1.038255936E1
1.590905042E1,2.519051605E1,-3.423680420E0,-1.188169189E1
1.591906542E1,2.516851181E1,-3.010389862E0,-1.368484222E1
1.592907942E1,2.645942734E1,-2.420017548E0,-1.531210831E1
1.593909342E1,2.765214706E1,-1.837878113E0,-1.619033203E1
1.594910742E1,2.857123581E1,-8.806187439E-1,-1.681782715E1
1.595912142E1,2.890579010E1,-7.126679993E-1,-1.553679108E1
1.596913542E1,2.827904343E1,-1.304387512E0,-1.372495880E1
1.597914942E1,2.589779526E1,-2.135459290E0,-1.584589828E1
1.598916342E1,2.367791153E1,-2.623594208E0,-1.872650803E1
1.599917742E1,2.321402618E1,-2.952160950E0,-1.993135254E1
1.600919142E1,2.384990387E1,-3.095413055E0,-2.006502457E1
1.601920542E1,2.493604523E1,-3.784130859E0,-2.041739182E1
1.602921942E1,2.682466782E1,-4.367767181E0,-2.130369873E1
1.603923342E1,2.834834930E1,-4.706063690E0,-2.306508591E1
1.604924742E1,2.933988739E1,-5.125042419E0,-2.417008804E1
1.605926142E1,2.913840637E1,-5.905669098E0,-2.360037277E1
1.606927542E1,2.750679932E1,-7.055128784E0,-2.138438095E1
1.607928942E1,2.440150681E1,-8.465795288E0,-1.877321091E1
1.608930342E1,1.992207184E1,-1.001761826E1,-1.685480026E1
1.609931742E1,1.509745468E1,-1.137275024E1,-1.482337463E1
1.610933142E1,1.171029831E1,-1.181987045E1,-1.250604355E1
1.611934542E1,9.585167542E0,-1.148920807E1,-1.120824234E1
1.612935942E1,8.256231079E0,-1.094314362E1,-9.934241638E0
1.613937342E1,6.955585785E0,-1.057670563E1,-8.552465057E0
1.614938742E1,5.091961212E0,-1.068373306E1,-7.525450745E0
1.615940142E1,3.257825317E0,-1.079225739E1,-5.876928864E0
1.616941542E1,1.680255890E0,-1.059870987E1,-4.071832581E0
1.617942942E1,1.565744019E-1,-1.044707520E1,-2.756966858E0
1.618944342E1,-1.361568604E0,-9.989027710E0,-1.061891785E0
1.619945742E1,-2.855911102E0,-9.015302582E0,-1.466949463E-2
1.620947142E1,-5.258415070E0,-8.386310577E0,1.071022797E0
1.621948542E1,-8.039182434E0,-7.669301605E0,2.656825104E0
1.622949942E1,-9.631870422E0,-6.723268890E0,3.993096313E0
1.623951342E1,-1.080932190E1,-5.638923798E0,4.133204956E0
1.624952742E1,-1.174457703E1,-5.136119385E0,3.650608521E0
1.625954142E1,-1.128817612E1,-4.481829987E0,3.463497620E0
1.626955492E1,-9.738897858E0,-3.573518829E0,3.979175262E0
1.627956892E1,-8.155789948E0,-2.986589355E0,5.145400085E0
1.628958292E1,-6.608008575E0,-2.169438629E0,6.680607605E0
1.629959692E1,-5.761369171E0,-1.278191986E0,7.324568481E0
1.630961092E1,-5.189558258E0,-7.683522034E-1,5.818101196E0
1.631962492E1,-4.456682281E0,-5.162763977E-1,3.569626923E0
1.632963892E1,-3.849844208E0,2.255809021E-1,1.346150665E0
1.633965292E1,-2.191143494E0,1.031804352E0,-1.457968140E-1
1.634966692E1,-5.529501343E-1,1.919159088E0,-2.401306458E0
1.635968092E1,9.386979675E-1,2.430495758E0,-4.886737976E0
1.636969492E1,1.647174683E0,2.711461487E0,-5.630990295E0
1.637970992E1,1.169817352E0,2.788850555E0,-6.068979492E0
1.638972392E1,1.056053925E0,3.221750336E0,-6.523733826E0
1.639973792E1,1.811682587E0,3.481011200E0,-6.499933319E0
1.640975192E1,2.672542419E0,3.319197693E0,-6.014193420E0
1.641976592E1,3.014730835E0,2.815495148E0,-5.816753998E0
1.642977992E1,3.221151581E0,2.798280945E0,-5.666765900E0
1.643979392E1,3.457809448E0,2.781216431E0,-5.754483490E0
1.644980792E1,3.992946625E0,2.433938599E0,-6.116879883E0
1.645982192E1,4.934189301E0,2.025587769E0,-6.150260468E0
1.646983592E1,6.377787323E0,2.544857941E0,-6.683751068E0
1.647984992E1,7.655979309E0,3.018922119E0,-7.403005371E0
1.648986392E1,9.015901337E0,3.065774689E0,-6.402935028E0
1.649987792E1,1.152169052E1,3.924838257E0,-4.264631653E0
1.650989192E1,1.447295334E1,2.974314880E0,-3.080144806E0
1.651990592E1,1.837863144E1,8.527766418E-1,-1.053209839E0
1.652991992E1,2.334919510E1,5.866300964E-1,2.936443634E0
1.653993392E1,2.768522827E1,1.067579956E0,3.786974945E0
1.654994792E1,3.020374100E1,1.793570251E0,2.927761688E0
1.655996192E1,2.707210327E1,2.268233185E0,-4.933740234E-1
1.656997592E1,1.824016937E1,-1.175056458E-1,-5.459447021E0
1.657998992E1,8.522826691E0,-3.604803772E0,-7.647746429E0
1.659000392E1,2.114203491E0,-5.945785675E0,-8.730744324E0
1.660001792E1,3.025209045E-1,-5.745951233E0,-8.414452057E0
1.661003192E1,1.497186584E0,-5.501808929E0,-5.656287689E0
1.662004592E1,3.266058197E0,-4.345912628E0,-2.693798218E0
1.663005992E1,3.287164307E0,-3.912863159E0,-4.176165619E0
1.664007392E1,3.073708191E0,-4.577331390E0,-7.228168945E0
1.665008792E1,1.684447174E0,-4.943619690E0,-1.138502472E1
1.666010192E1,-1.245709534E0,-6.038742371E0,-1.606174942E1
1.667011592E1,-3.098257141E0,-6.663393402E0,-1.969259903E1
1.668012992E1,-2.589315491E0,-5.614524536E0,-2.229359024E1
1.669014392E1,-1.750010834E0,-3.786825256E0,-2.482692215E1
1.670015792E1,-2.354154510E0,-2.846929779E0,-2.634416702E1
1.671017192E1,-4.169429626E0,-3.558549957E0,-2.530622543E1
1.672018592E1,-4.734953613E0,-4.445455627E0,-2.137360336E1
1.673019992E1,-5.061125336E0,-4.721331940E0,-1.685225555E1
1.674021392E1,-6.935527496E0,-4.989723816E0,-1.522603729E1
1.675022792E1,-8.685388641E0,-5.360203400E0,-1.503114258E1
1.676024192E1,-8.383765869E0,-5.254373474E0,-1.442774734E1
1.677025592E1,-6.896159363E0,-4.649631042E0,-1.394679749E1
1.678026992E1,-5.990243225E0,-4.582420807E0,-1.485825211E1
1.679028392E1,-5.212909698E0,-4.825066223E0,-1.605561218E1
1.680029792E1,-4.656965790E0,-4.958588562E0,-1.674013870E1
1.681031192E1,-4.811594238E0,-5.299878845E0,-1.710657669E1
1.682032592E1,-5.280868378E0,-5.518125000E0,-1.718710922E1
1.683033992E1,-5.436844025E0,-5.065466309E0,-1.815784058E1
1.684035392E1,-4.443359985E0,-4.457131348E0,-1.840826981E1
1.685036792E1,-3.363056488E0,-4.214485931E0,-1.846230743E1
1.686038192E1,-3.947441254E0,-4.083059235E0,-2.204989700E1
1.687039592E1,-3.982917480E0,-4.127217407E0,-2.488545044E1
1.688040992E1,-2.881807251E0,-3.894900513E0,-2.626393387E1
1.689042392E1,-1.678759003E0,-3.921096039E0,-2.539798462E1
1.690043792E1,-7.699987793E-1,-3.924538879E0,-2.222802658E1
1.691045192E1,-1.052311707E-1,-5.015170898E0,-1.875988861E1
1.692046592E1,8.490344238E-1,-6.160738678E0,-1.495944168E1
1.693047992E1,1.908980255E0,-6.094276886E0,-1.137963593E1
1.694049392E1,3.661685486E0,-5.520669708E0,-8.679999847E0
1.695050792E1,6.220165100E0,-4.649481354E0,-7.193740540E0
1.696052192E1,7.792046356E0,-3.326831818E0,-6.047723694E0
1.697053592E1,7.898624725E0,-2.987487488E0,-5.492079163E0
1.698054992E1,7.656278687E0,-3.294349365E0,-4.867877197E0
1.699056392E1,7.983198853E0,-2.860850830E0,-3.140169983E0
1.700057792E1,8.683143311E0,-1.880838776E0,-1.671873322E0
1.701059192E1,9.923763428E0,-8.991801453E-1,-5.016069031E-1
1.702060592E1,1.229812592E1,1.673519897E-1,8.496331787E-1
1.703061992E1,1.389156235E1,8.693920898E-1,1.773961029E0
1.704063392E1,1.466365677E1,1.321302338E0,2.569406891E0
1.705064792E1,1.511631546E1,2.013163605E0,2.917133789E0
1.706066192E1,1.525328064E1,2.975213013E0,2.774929504E0
1.707067592E1,1.488055573E1,3.603456573E0,1.584754486E0
1.708068992E1,1.447085770E1,4.064497833E0,5.695655823E-1
1.709070392E1,1.412268173E1,4.578678589E0,9.377998352E-1
1.710071792E1,1.335343140E1,4.424648895E0,7.012916565E-1
1.711073192E1,1.242670853E1,4.095333710E0,-1.122515717E0
1.712074692E1,1.209724365E1,4.014651489E0,-2.144590302E0
1.713075992E1,1.159099640E1,4.338128815E0,-2.328408051E0
1.714077392E1,1.015428406E1,4.708907776E0,-3.484004974E0
1.715078892E1,8.614136810E0,4.482728119E0,-5.053341522E0
1.716080292E1,8.487500153E0,3.971391449E0,-5.613626404E0
1.717081692E1,9.859996033E0,4.095034332E0,-4.649481354E0
1.718083092E1,1.220861206E1,4.409081268E0,-3.630400543E0
1.719084492E1,1.580653015E1,4.468507690E0,-4.046385498E0
1.720085892E1,2.023072998E1,4.694088593E0,-4.477938080E0
1.721087292E1,2.473246857E1,4.774321747E0,-4.552932129E0
1.722088692E1,2.699306763E1,4.702321472E0,-5.337899780E0
1.723090092E1,2.663246750E1,3.720962219E0,-6.436914368E0
1.724091492E1,2.381727173E1,1.984273682E0,-8.033793640E0
1.725092892E1,1.941971649E1,6.514453125E-1,-9.671987000E0
1.726094292E1,1.543799652E1,-1.217418365E0,-1.157288406E1
1.727095713E1,1.274434799E1,-2.499502258E0,-1.312994614E1
1.728097113E1,1.193363388E1,-3.222049713E0,-1.294897247E1
1.729098513E1,1.184501816E1,-3.934118958E0,-1.289673111E1
1.730099913E1,1.071262299E1,-4.016896820E0,-1.361942825E1
1.731101313E1,7.228168945E0,-4.174069977E0,-1.439047485E1
1.732102713E1,1.716929626E0,-5.217849426E0,-1.475781097E1
1.733104113E1,-4.316573639E0,-5.989345093E0,-1.549398010E1
1.734105512E1,-8.776399384E0,-6.258036346E0,-1.754995468E1
1.735106913E1,-1.091290649E1,-5.607040100E0,-1.861963028E1
1.736108313E1,-1.083955902E1,-4.574487305E0,-1.761372208E1
1.737109713E1,-9.721084900E0,-3.965403900E0,-1.537213348E1
1.738111113E1,-9.075926514E0,-4.130959625E0,-1.258971954E1
1.739112513E1,-9.351503448E0,-4.436025238E0,-1.007899063E1
1.740113913E1,-9.879305878E0,-4.378694458E0,-8.764873352E0
1.741115313E1,-1.062505508E1,-3.888314209E0,-8.108787689E0
1.742116713E1,-1.154713760E1,-3.225043488E0,-8.308771820E0
1.743118113E1,-1.231713638E1,-3.021167450E0,-1.049811905E1
1.744119513E1,-1.254750732E1,-2.716850281E0,-1.270048920E1
1.745120912E1,-1.226414658E1,-2.283351746E0,-1.352362747E1
1.746122313E1,-1.186462738E1,-1.663790131E0,-1.395787445E1
1.747123713E1,-1.164907562E1,-1.556912384E0,-1.316826645E1
1.748125113E1,-1.166149979E1,-2.208058319E0,-1.163290924E1
1.749126513E1,-1.153037247E1,-3.117716675E0,-1.003932312E1
1.750127913E1,-1.126078308E1,-3.604803772E0,-8.321794739E0
1.751129313E1,-1.150627258E1,-3.623215485E0,-7.184459839E0
1.752130713E1,-1.192300598E1,-2.841690674E0,-6.762038269E0
1.753132113E1,-1.206042023E1,-2.102527771E0,-7.807015228E0
1.754133513E1,-1.191776688E1,-1.831890564E0,-9.628277893E0
1.755134913E1,-1.147094604E1,-1.921105042E0,-1.137888748E1
1.756136312E1,-1.044872177E1,-2.162253571E0,-1.119207596E1
1.757137713E1,-8.832832031E0,-2.186353455E0,-1.038450531E1
1.758139113E1,-7.636519775E0,-2.453996887E0,-1.070723419E1
1.759140513E1,-6.720275116E0,-3.131637726E0,-1.269704636E1
1.760141913E1,-5.639672241E0,-3.855682068E0,-1.389380768E1
1.761143313E1,-3.878734131E0,-3.659889221E0,-1.378932495E1
1.762144713E1,-1.651216278E0,-2.517464905E0,-1.237746094E1
1.763146112E1,1.728455658E0,-1.043031006E0,-1.001761826E1
1.764147513E1,3.517834625E0,-8.663983154E-1,-9.378597107E0
1.765148913E1,4.036955109E0,-1.367256775E0,-9.579329681E0
1.766150313E1,5.763015747E0,-1.004261627E0,-8.365354156E0
1.767151712E1,8.246201935E0,6.152206421E-2,-6.666536865E0
1.768153113E1,1.041773621E1,6.667135620E-1,-5.791157227E0
1.769154513E1,1.217104019E1,8.758287048E-1,-6.127657471E0
1.770155913E1,1.387838974E1,1.400188293E0,-6.433022461E0
1.771157313E1,1.550071609E1,2.454445953E0,-5.567671967E0
1.772158713E1,1.680660049E1,3.233725433E0,-4.741839294E0
1.773160113E1,1.767719009E1,4.163292389E0,-3.777993622E0
1.774161512E1,1.790501633E1,4.658312988E0,-2.632276154E0
1.775162913E1,1.792043427E1,4.845423889E0,-1.814826050E0
1.776164313E1,1.797402283E1,5.130880280E0,-2.138902130E0
1.777165713E1,1.819780746E1,5.692961426E0,-2.574945374E0
1.778167113E1,1.820334595E1,5.825286255E0,-2.838397522E0
1.779168513E1,1.704236023E1,5.502557373E0,-3.245101776E0
1.780169913E1,1.462743210E1,5.662424927E0,-3.721261597E0
1.781171313E1,1.075543396E1,5.219346313E0,-5.839207306E0
1.782172713E1,5.605393524E0,3.437002716E0,-1.091185867E1
1.783174113E1,2.720592499E0,2.589165802E0,-1.637175476E1
1.784175513E1,3.880081329E0,2.945275269E0,-2.090642487E1
1.785176912E1,7.542664948E0,4.015100555E0,-2.491299316E1
1.786178313E1,1.040441391E1,5.017565918E0,-2.883154449E1
1.787179713E1,1.113639175E1,5.235961761E0,-3.103705811E1
1.788181113E1,1.022179367E1,4.456382904E0,-3.081581818E1
1.789182513E1,8.788524170E0,3.105442200E0,-2.974958542E1
1.790183913E1,7.334747314E0,1.778601379E0,-2.894036819E1
1.791185313E1,6.543043671E0,9.472302246E-1,-2.868769363E1
1.792186713E1,6.802903290E0,8.231382751E-1,-2.828832413E1
1.793188113E1,7.169341278E0,9.089099121E-1,-2.703438171E1
1.794189513E1,6.697971497E0,5.173242188E-1,-2.515024979E1
1.795190913E1,6.041586456E0,-2.604583740E-1,-2.231903732E1
1.796192312E1,5.302872620E0,-8.496331787E-1,-1.905223068E1
1.797193713E1,4.061653748E0,-1.360221405E0,-1.597597778E1
1.798195113E1,2.495760040E0,-1.921703796E0,-1.344803467E1
1.799196513E1,1.012943573E0,-2.448308716E0,-1.113190109E1
1.800197913E1,4.275109863E-1,-2.843636627E0,-8.539891205E0
1.801199313E1,1.473835144E0,-2.547851715E0,-5.207371216E0
1.802200713E1,2.989283752E0,-1.969005432E0,-1.668131104E0
1.803202113E1,3.696712646E0,-1.511556702E0,1.064735870E0
1.804203513E1,3.298840027E0,-1.141526184E0,3.017275543E0
1.805204913E1,1.812281342E0,-1.341959381E0,4.424648895E0
1.806206313E1,2.658471680E-1,-8.669970703E-1,4.809348907E0
1.807207712E1,-5.031037903E-1,4.266128540E-2,4.683610382E0
1.808209113E1,-8.086184692E-1,1.001118164E0,3.594026184E0
1.809210513E1,-1.010398865E0,1.972747650E0,3.203488312E0
1.810211913E1,-8.577163696E-2,3.063679047E0,3.628903656E0
1.811213313E1,5.086422729E-1,3.975433044E0,4.633913727E0
1.812214713E1,-3.905378723E-1,3.697610779E0,7.324718170E0
1.813216113E1,-2.119442596E0,3.905528412E0,1.004620880E1
1.814217512E1,-4.455484772E0,3.445834351E0,1.134011810E1
1.815218913E1,-6.383325806E0,3.190016327E0,1.089808731E1
1.816220313E1,-7.031328278E0,3.258424072E0,1.047222290E1
1.817221713E1,-6.336024170E0,3.905528412E0,1.091440338E1
1.818223112E1,-4.809049530E0,4.785997467E0,1.185459824E1
1.819224513E1,-3.812721405E0,5.291196899E0,1.279030243E1
1.820225913E1,-3.327729950E0,5.599555664E0,1.270991959E1
1.821227313E1,-2.904709625E0,5.867199097E0,1.169577850E1
1.822228713E1,-3.427572327E0,5.553750916E0,1.031250504E1
1.823230113E1,-4.662653961E0,5.148543549E0,9.626631317E0
1.824231513E1,-6.052364044E0,4.590204620E0,9.673034821E0
1.825232912E1,-7.788753204E0,3.633843384E0,1.009066635E1
1.826234313E1,-9.493558044E0,2.396366730E0,1.082084793E1
1.827235713E1,-1.022748184E1,8.463400269E-1,1.201371735E1
1.828237113E1,-1.007015900E1,-6.487509155E-1,1.276590317E1
1.829238513E1,-9.255403290E0,-1.900148621E0,1.296693512E1
1.830239913E1,-7.887847137E0,-2.381697235E0,1.200907700E1
1.831241313E1,-5.742358704E0,-1.653611298E0,9.293723602E0
1.832242713E1,-3.764222260E0,-9.678872681E-1,5.673052826E0
1.833244113E1,-2.899769897E0,-9.871971130E-1,2.633773041E0
1.834245513E1,-1.605860596E0,-1.489702148E0,-2.110461273E0
1.835246913E1,1.701960754E-1,-1.647024994E0,-7.328909454E0
1.836248312E1,1.635948029E0,-8.436456299E-1,-1.092682755E1
1.837249713E1,2.457739105E0,1.195563812E0,-1.272399033E1
1.838251113E1,4.639901276E0,3.138074341E0,-1.613779129E1
1.839252513E1,9.807006226E0,4.547094269E0,-2.163585800E1
1.840253913E1,1.563363968E1,5.537584534E0,-2.693588654E1
1.841255313E1,2.092348938E1,6.755152588E0,-3.114258865E1
1.842256713E1,2.488021133E1,8.516689453E0,-3.311204315E1
1.843258113E1,2.596695145E1,9.740245056E0,-3.246523819E1
1.844259513E1,2.262889297E1,8.461154938E0,-3.074516510E1
1.845260913E1,1.704176147E1,6.931485901E0,-2.840118942E1
1.846262313E1,1.242012222E1,6.283184052E0,-2.288216629E1
1.847263712E1,8.955876160E0,5.773643646E0,-1.691497513E1
1.848265113E1,7.879763947E0,4.780009918E0,-1.222941879E1
1.849266513E1,9.152417450E0,4.700674896E0,-9.287586365E0
1.850267812E1,1.100167191E1,5.094954987E0,-6.919810181E0
1.851269313E1,1.245829285E1,4.974754944E0,-5.000202026E0
1.852270713E1,1.247011826E1,3.890559540E0,-5.084027710E0
1.853272013E1,1.128114075E1,2.509681091E0,-6.244414673E0
1.854273413E1,8.929980011E0,2.155218201E0,-6.979835358E0
1.855274813E1,6.454128571E0,2.095642090E0,-6.840026093E0
1.856276213E1,5.645809479E0,2.291285248E0,-5.959706726E0
1.857277613E1,6.326593781E0,2.480491791E0,-5.338947601E0
1.858279013E1,8.376431122E0,2.290985870E0,-4.768633575E0
1.859280413E1,8.550818481E0,3.108286285E0,-3.539240112E0
1.860281813E1,9.061706085E0,2.558030548E0,-2.310295715E0
1.861283212E1,1.014964371E1,2.496807861E0,-3.311862946E0
1.862284613E1,8.872948608E0,3.279230804E0,-4.021986237E0
1.863286013E1,7.684869232E0,3.705544281E0,-5.221741333E0
1.864287413E1,5.885012054E0,3.844904480E0,-5.298232269E0
1.865288813E1,3.287912750E0,4.016298065E0,-3.206332397E0
1.866290213E1,2.353855133E0,3.626658325E0,-3.373684387E0
1.867291613E1,2.217788086E0,3.667523346E0,-3.151696014E0
1.868293012E1,3.976929932E0,4.599036255E0,-2.978955231E0
1.869294413E1,6.329886932E0,5.570366364E0,-3.115321655E0
1.870295813E1,7.699838104E0,6.860084381E0,-3.424279175E0
1.871297213E1,6.775659943E0,8.368198242E0,-4.547543335E0
1.872298612E1,3.926634521E0,8.736432495E0,-5.068160706E0
1.873300013E1,1.328487396E0,8.192763062E0,-5.048252106E0
1.874301413E1,-2.538720703E0,5.968388672E0,-4.378844147E0
1.875302813E1,-4.612807617E0,5.444178772E0,-2.476450195E0
1.876304213E1,-4.164938965E0,5.420378265E0,-2.126627655E0
1.877305613E1,-3.578308868E0,5.469476166E0,-1.701362000E0
1.878307013E1,-2.072739716E0,6.953639832E0,-2.522254944E-1
1.879308412E1,4.454736328E-1,9.460776215E0,8.002359009E-1
1.880309813E1,2.525398407E0,1.153052216E1,9.975256348E-1
1.881311213E1,2.940934296E0,1.240979370E1,6.517446899E-1
1.882312613E1,1.420545959E0,1.188259003E1,6.379733276E-1
1.883314013E1,-7.767347717E-1,1.069720505E1,3.399430847E-1
1.884315413E1,-2.345472565E0,9.807305603E0,-1.288819885E-1
1.885316813E1,-3.155438232E0,9.540111237E0,2.953358459E-1
1.886318213E1,-2.112257538E0,9.940229187E0,1.243763580E0
1.887319613E1,3.553610229E-1,1.113279922E1,2.292482758E0
1.888321013E1,2.368973694E0,1.289673111E1,2.483635254E0
1.889322413E1,2.711461487E0,1.374127487E1,1.407672729E0
1.890323812E1,1.747466125E0,1.337693253E1,-2.640509033E-1
1.891325213E1,1.534309387E-1,1.286305115E1,-1.795516205E0
1.892326613E1,-1.137783966E0,1.220202576E1,-2.561323700E0
1.893328013E1,-2.102976837E0,1.114267868E1,-2.026635590E0
1.894329413E1,-2.295925598E0,1.068118835E1,-4.031117249E-1
1.895330813E1,-2.026934967E0,1.050320847E1,1.668280792E0
1.896332213E1,-1.390608215E0,1.096499817E1,2.908751221E0
1.897333613E1,-6.860234070E-1,1.147408951E1,3.756438446E0
1.898335013E1,-6.959028625E-1,1.147453857E1,4.073778534E0
1.899336413E1,-1.280886383E0,1.118713623E1,4.298012238E0
1.900337813E1,-1.338516541E0,1.086829926E1,4.152065735E0
1.901339212E1,-2.968926086E0,9.183253326E0,3.075504456E0
1.902340613E1,-2.718047791E0,1.008243347E1,2.200573883E0
1.903342013E1,-2.179916840E0,1.051398605E1,1.883982239E0
1.904343413E1,-1.674418030E0,1.063283890E1,2.563718719E0
1.905344813E1,-6.993457031E-1,1.118504059E1,2.729274445E0
1.906346213E1,-4.975653076E-1,1.130598907E1,2.834206238E0
1.907347613E1,-7.277865601E-1,1.117755615E1,2.518812103E0
1.908349013E1,-1.226399689E0,1.105720642E1,2.198178864E0
1.909350413E1,-2.194736023E0,1.062804886E1,2.661166077E0
1.910351813E1,-3.263663177E0,1.021086639E1,3.427722015E0
1.911353213E1,-4.168381805E0,9.335786133E0,4.907395020E0
1.912354612E1,-3.803440704E0,9.262588348E0,6.704857178E0
1.913356013E1,-3.144510956E0,9.235494690E0,7.263645172E0
1.914357413E1,-2.500849457E0,9.029223633E0,7.218289490E0
1.915358813E1,-2.355052643E0,9.176068268E0,6.478078766E0
1.916360213E1,-2.042502594E0,9.244925079E0,5.007985840E0
1.917361613E1,-9.469308472E-1,9.780361633E0,3.431464233E0
1.918363013E1,4.969665527E-2,1.036669235E1,3.040926361E0
1.919364412E1,5.300477600E-1,1.051683014E1,3.818858643E0
1.920365813E1,5.046006775E-1,1.038106247E1,4.815935211E0
1.921367213E1,-1.886077881E-1,9.851912842E0,5.381608887E0
1.922368613E1,-1.148112488E0,9.323212280E0,5.728587341E0
1.923370012E1,-1.463506622E0,8.831185455E0,5.861810303E0
1.924371413E1,-1.323248291E0,8.470884705E0,5.788762207E0
1.925372813E1,-1.472637634E0,8.432265015E0,5.311554565E0
1.926374112E1,-1.456321564E0,8.354127502E0,4.659959564E0
1.927375525E1,-1.246757355E0,8.547974396E0,4.711751862E0
1.928376925E1,-1.376387787E0,8.874595184E0,4.798571320E0
1.929378325E1,-1.788630524E0,8.839118958E0,4.683011627E0
1.930379725E1,-2.188000031E0,8.669371948E0,4.600982208E0
1.931381125E1,-2.193688202E0,8.628806305E0,4.538412323E0
1.932382525E1,-1.644480286E0,8.729397125E0,4.877457275E0
1.933383925E1,-5.077441406E-1,8.896599426E0,5.387895813E0
1.934385325E1,1.947450256E-1,9.140891418E0,5.401966553E0
1.935386725E1,4.243675232E-1,9.324709167E0,5.078040161E0
1.936388125E1,4.116439819E-1,9.304800568E0,5.014422455E0
1.937389525E1,1.510359192E-1,9.164242859E0,4.993615723E0
1.938390925E1,7.319778442E-2,9.105265503E0,4.943470001E0
1.939392325E1,1.469943237E-1,9.163195038E0,4.808450775E0
1.940393725E1,-2.769241333E-2,9.188642120E0,4.459077301E0
1.941395125E1,-2.182461548E-1,8.984616394E0,4.713099060E0
1.942396525E1,9.011260986E-2,9.094338226E0,5.050347748E0
1.943397925E1,3.543132019E-1,9.267827454E0,5.024451599E0
1.944399325E1,2.577639771E-1,9.129215698E0,5.102738800E0
1.945400725E1,1.329235840E-1,8.903784485E0,5.429359589E0
1.946402125E1,-2.052232361E-1,8.643176422E0,5.836812286E0
1.947403525E1,-5.001100159E-1,8.459957428E0,5.627996521E0
1.948404925E1,-4.808001709E-1,8.489745483E0,5.427563324E0
1.949406325E1,-1.296304321E-1,8.678952026E0,5.545518036E0
1.950407725E1,2.145039368E-1,8.913514252E0,5.366490326E0
1.951409125E1,3.153941345E-1,9.046587524E0,5.140310669E0
1.952410525E1,3.068618774E-2,8.973090363E0,4.981041870E0
1.953411925E1,-4.086502075E-1,8.821006622E0,4.805307312E0
1.954413325E1,-6.084846497E-1,8.612041168E0,4.619393921E0
1.955414725E1,-4.534071350E-1,8.591533813E0,4.497098236E0
1.956416125E1,-3.520678711E-1,8.600066071E0,4.356241150E0
1.957417525E1,-4.757107544E-1,8.552614746E0,4.478387146E0
1.958418925E1,-4.420307922E-1,8.561895447E0,4.816683655E0
1.959420325E1,-4.544549561E-1,8.478518829E0,5.095853119E0
1.960421725E1,-3.601510620E-1,8.766519928E0,1.089883575E0
1.961423125E1,-2.469863892E-1,9.120084686E0,1.661245422E0
1.962424525E1,-5.044509888E-1,8.114176483E0,3.622766418E0
1.963425925E1,-1.001267853E0,7.952063599E0,3.196902008E0
1.964427325E1,-1.628613281E-1,8.007298737E0,5.075196075E0
1.965428725E1,4.770579529E-1,8.323740692E0,5.416935425E0
1.966430125E1,2.956352234E-1,8.391849060E0,5.635331268E0
1.967431525E1,-2.281256104E-1,8.093519440E0,5.652246094E0
1.968432925E1,-5.954617310E-1,8.001610565E0,5.607040100E0
1.969434325E1,-5.864804077E-1,8.115074615E0,5.061724091E0
1.970435725E1,-1.826202393E-1,8.393345947E0,4.067790985E0