"Time (s)","X (rad/s)","Y (rad/s)","Z (rad/s)"
1.800625001E-3,5.613645166E-2,1.426975876E-1,1.303408295E-1
1.181462500E-2,7.387821097E-3,2.355415076E-1,1.438984424E-1
2.182862500E-2,-2.155186608E-2,2.781164646E-1,1.526325643E-1
3.184162500E-2,-4.053993896E-2,2.507437170E-1,1.418707222E-1
4.185562500E-2,-5.656992272E-2,2.016596198E-1,1.136754751E-1
5.186962500E-2,-7.161199301E-2,1.562292874E-1,8.480601013E-2
6.188362500E-2,-8.972113580E-2,1.087756976E-1,6.221205369E-2
7.189762500E-2,-9.016215056E-2,7.349281013E-2,4.213847592E-2
8.191162500E-2,-7.187952846E-2,4.461267963E-2,2.531655319E-2
9.192462500E-2,-4.833718762E-2,3.056184202E-2,1.124014892E-2
1.019386250E-1,-4.042357206E-2,2.198151872E-2,4.303861409E-3
1.119526250E-1,-4.681196436E-2,4.132165760E-2,1.552375872E-2
1.219666250E-1,-8.323208988E-2,6.504607201E-2,3.328616172E-2
1.319806250E-1,-1.428874284E-1,1.034275517E-1,4.985794425E-2
1.419946250E-1,-1.963904202E-1,9.704706818E-2,6.392128021E-2
1.520076250E-1,-2.185308784E-1,7.721637189E-2,8.137749881E-2
1.620216250E-1,-2.415606976E-1,1.515012048E-2,1.070406735E-1
1.720356250E-1,-2.291314602E-1,-8.982449770E-2,1.495692283E-1
1.820496250E-1,-2.057135254E-1,-2.074009031E-1,2.175372243E-1
1.920636250E-1,-2.002351433E-1,-3.046747446E-1,3.163695335E-1
2.020776250E-1,-2.022513747E-1,-4.000547826E-1,4.348321557E-1
2.120906250E-1,-2.192972004E-1,-5.168570280E-1,6.051828861E-1
2.221046250E-1,-2.899518907E-1,-6.767366529E-1,8.586193323E-1
2.321186250E-1,-4.244058430E-1,-8.878107667E-1,1.200636029E0
2.421326250E-1,-5.553972125E-1,-1.178513288E0,1.645785570E0
2.521465000E-1,-6.365988851E-1,-1.536743641E0,2.166349173E0
2.621605000E-1,-6.629800797E-1,-1.958772659E0,2.676161766E0
2.721735000E-1,-6.102936864E-1,-2.309062004E0,3.118095160E0
2.821875000E-1,-3.974132538E-1,-2.369984627E0,3.423290491E0
2.922015000E-1,-9.393727779E-2,-2.407185078E0,3.618932486E0
3.022155000E-1,1.766367257E-1,-2.536015034E0,3.817112923E0
3.122295000E-1,3.801648021E-1,-2.654948711E0,4.005847454E0
3.222435000E-1,5.232924819E-1,-2.828101635E0,4.257301807E0
3.322565000E-1,6.469196081E-1,-3.128570318E0,4.527850628E0
3.422705000E-1,7.257485390E-1,-3.525859118E0,4.849554539E0
3.522845000E-1,7.885690331E-1,-4.045315742E0,5.278675079E0
3.622985000E-1,7.644323111E-1,-4.583040237E0,5.672554493E0
3.723125000E-1,6.047528982E-1,-4.965668201E0,5.787377834E0
3.823265000E-1,3.659795523E-1,-5.065465450E0,5.683985233E0
3.923395000E-1,1.738532484E-1,-4.859712124E0,5.361663818E0
4.023535000E-1,1.385527551E-1,-4.271160603E0,4.726992130E0
4.123675000E-1,1.721421331E-1,-3.727870941E0,3.964523792E0
4.223815000E-1,2.801033854E-1,-3.333530188E0,3.384837389E0
4.323955000E-1,4.242072701E-1,-3.040702581E0,3.050143480E0
4.424095000E-1,4.755171239E-1,-2.926517725E0,2.848202467E0
4.524235000E-1,3.271518946E-1,-3.051405191E0,2.680269718E0
4.624365000E-1,1.079580560E-2,-3.400884151E0,2.507396460E0
4.724505000E-1,-3.500473499E-1,-3.733683109E0,2.285608292E0
4.824645000E-1,-6.589940190E-1,-3.878275394E0,1.999923110E0
4.924785000E-1,-8.964816928E-1,-3.779532909E0,1.704912186E0
5.024925000E-1,-1.042499661E0,-3.502304316E0,1.458226919E0
5.125065000E-1,-1.083750367E0,-3.248015165E0,1.244409442E0
5.225195000E-1,-1.010863662E0,-3.079892874E0,1.065807581E0
5.325335000E-1,-8.931778073E-1,-2.876516819E0,7.377634645E-1
5.425475000E-1,-9.090437293E-1,-2.732018232E0,2.273727357E-1
5.525615000E-1,-1.000346661E0,-2.823454380E0,-2.334878147E-1
5.625755000E-1,-1.126986146E0,-3.119409800E0,-4.534802735E-1
5.725895000E-1,-1.339308500E0,-3.468556881E0,-6.609381437E-1
5.826035000E-1,-1.615383506E0,-3.663366318E0,-1.018786550E0
5.926165000E-1,-1.910328269E0,-3.624603748E0,-1.447460890E0
6.026305000E-1,-2.113221645E0,-3.382024765E0,-1.888305306E0
6.126445000E-1,-2.236759424E0,-3.073527575E0,-2.284781456E0
6.226585000E-1,-2.372584105E0,-2.652153730E0,-2.588089466E0
6.326725000E-1,-2.584113836E0,-2.189031601E0,-2.851157427E0
6.426865000E-1,-2.826079845E0,-1.806862831E0,-3.106011391E0
6.526995000E-1,-2.991677284E0,-1.590323329E0,-3.366337776E0
6.627135000E-1,-3.051542759E0,-1.567865729E0,-3.614905119E0
6.727275000E-1,-3.053820133E0,-1.757414341E0,-3.819092989E0
6.827415000E-1,-3.019912243E0,-2.135014772E0,-3.991395950E0
6.927555000E-1,-3.008435726E0,-2.542000055E0,-4.091530800E0
7.027695000E-1,-3.140168428E0,-2.283054590E0,-4.050245762E0
7.127835000E-1,-3.409173250E0,-1.469764471E0,-3.854982615E0
7.227965000E-1,-3.634458303E0,-7.406662107E-1,-3.582624912E0
7.328105000E-1,-3.561332703E0,-3.430354595E-1,-3.260708809E0
7.428245000E-1,-3.077144384E0,-4.967054129E-1,-2.785485506E0
7.528385000E-1,-2.312932968E0,-9.839584827E-1,-2.155188084E0
7.628525000E-1,-1.484810591E0,-1.456816673E0,-1.439183593E0
7.728665000E-1,-7.897045016E-1,-1.563854694E0,-6.315796971E-1
7.828805000E-1,-3.111158609E-1,-1.307302833E0,2.726134062E-1
7.928935000E-1,-5.683966354E-2,-9.402845502E-1,1.189726710E0
8.029075000E-1,2.156232670E-2,-5.438259840E-1,2.044808149E0
8.129215000E-1,1.341914088E-1,-2.245486379E-1,2.730349541E0
8.229355000E-1,3.764781952E-1,-1.019967124E-1,3.183063984E0
8.329495000E-1,7.738639116E-1,-2.027808428E-1,3.490453243E0
8.429635000E-1,1.169236660E0,-3.796155453E-1,3.681051970E0
8.529775000E-1,1.394044399E0,-5.435349941E-1,3.731249332E0
8.629905000E-1,1.507206202E0,-6.783090830E-1,3.745880604E0
8.730045000E-1,1.560908794E0,-7.128121853E-1,3.813982248E0
8.830185000E-1,1.542873979E0,-7.309019566E-1,3.895451784E0
8.930325000E-1,1.478626609E0,-6.285873055E-1,3.975233078E0
9.030465000E-1,1.416962028E0,-3.950312436E-1,3.941759825E0
9.130605000E-1,1.349480987E0,-3.193306327E-1,3.752213717E0
9.230745000E-1,1.363354325E0,-4.226476550E-1,3.463875532E0
9.330875000E-1,1.377121568E0,-6.437827349E-1,3.123348713E0
9.431015000E-1,1.326684475E0,-1.008977056E0,2.786115170E0
9.531155000E-1,1.237775326E0,-1.265816569E0,2.488516331E0
9.631295000E-1,1.011650085E0,-1.283563614E0,2.071978331E0
9.731435000E-1,6.478319168E-1,-1.125992656E0,1.638304353E0
9.831575000E-1,2.316189557E-1,-8.883048892E-1,1.225166082E0
9.931715000E-1,-2.221458703E-1,-6.549938321E-1,8.011990786E-1
1.003185500E0,-6.633453965E-1,-5.612527132E-1,3.699516058E-1
1.013198500E0,-1.077635884E0,-6.181790829E-1,-3.398201615E-2
1.023212500E0,-1.396575928E0,-7.733092904E-1,-4.036512673E-1
1.033226500E0,-1.641045570E0,-1.025119424E0,-7.229408026E-1
1.043240500E0,-1.814079046E0,-1.306551337E0,-9.947016835E-1
1.053254500E0,-1.933846354E0,-1.480108500E0,-1.152715206E0
1.063268500E0,-2.024955034E0,-1.513329625E0,-1.199422836E0
1.073282500E0,-2.040122271E0,-1.374238133E0,-1.158000827E0
1.083295500E0,-1.952906370E0,-1.077619791E0,-1.052054524E0
1.093309500E0,-1.782439590E0,-8.235515952E-1,-9.013645649E-1
1.103323500E0,-1.566986918E0,-6.386165619E-1,-7.037509680E-1
1.113337500E0,-1.423896313E0,-6.532527804E-1,-4.981642663E-1
1.123351500E0,-1.323936462E0,-8.719846606E-1,-3.076933324E-1
1.133365500E0,-1.240849853E0,-1.191206932E0,-1.167841107E-1
1.143379500E0,-1.252896667E0,-1.528700709E0,7.853120565E-3
1.153392500E0,-1.348152041E0,-1.692711473E0,1.016925275E-1
1.163406500E0,-1.468309641E0,-1.576821566E0,1.371043473E-1
1.173420500E0,-1.592060089E0,-1.259804487E0,1.174723208E-1
1.183434500E0,-1.649812341E0,-8.270818591E-1,1.111158282E-1
1.193448500E0,-1.611205459E0,-4.741650522E-1,1.574441791E-1
1.203462500E0,-1.573109269E0,-2.697979212E-1,2.091002315E-1
1.213476500E0,-1.546299458E0,-2.102224678E-1,2.948452234E-1
1.223490500E0,-1.537975550E0,-2.603662312E-1,4.423038065E-1
1.233503500E0,-1.560366511E0,-3.440230489E-1,6.021046638E-1
1.243517500E0,-1.580472946E0,-3.973526657E-1,7.347733974E-1
1.253531917E0,-1.625941873E0,-4.229107797E-1,8.603949547E-1
1.263545917E0,-1.690016150E0,-3.790517151E-1,9.183333516E-1
1.273559917E0,-1.722135782E0,-3.501231074E-1,9.012597799E-1
1.283573917E0,-1.745482564E0,-2.457386553E-1,8.468195200E-1
1.293587917E0,-1.866671681E0,-1.416047961E-1,7.523553371E-1
1.303601917E0,-2.009026051E0,-1.004157774E-2,6.781470776E-1
1.313614917E0,-2.057037592E0,9.644118696E-2,6.765776873E-1
1.323628917E0,-1.986540794E0,5.795190856E-2,7.112537026E-1
1.333642917E0,-1.766978860E0,-6.045889109E-2,7.800567746E-1
1.343656917E0,-1.472534299E0,-1.674829721E-1,8.412504196E-1
1.353670917E0,-1.183708310E0,-2.954294682E-1,8.720064759E-1
1.363684917E0,-8.454152346E-1,-3.461035788E-1,9.042493701E-1
1.373698917E0,-5.274710655E-1,-3.021864891E-1,9.265852571E-1
1.383712917E0,-3.097782731E-1,-1.883833110E-1,8.710529208E-1
1.393725917E0,-1.772535145E-1,-3.654611111E-2,7.030913234E-1
1.403739917E0,-1.407097839E-2,9.418033808E-2,5.277516842E-1
1.413753917E0,1.901881546E-1,1.513416320E-1,4.046756029E-1
1.423767917E0,4.547861516E-1,1.209774911E-1,3.322566748E-1
1.433781917E0,7.892482877E-1,2.524510212E-2,2.693797052E-1
1.443795917E0,1.112345576E0,9.352657944E-3,1.330711693E-1
1.453809917E0,1.375016570E0,1.071122363E-1,-2.571767941E-2
1.463823917E0,1.568248868E0,3.126587272E-1,-1.454616040E-1
1.473837917E0,1.687483191E0,5.489983559E-1,-2.735588551E-1
1.483850917E0,1.806380630E0,7.045867443E-1,-4.034030437E-1
1.493864917E0,1.958358288E0,7.711636424E-1,-4.424111545E-1
1.503878917E0,2.071100950E0,7.888307571E-1,-4.203636348E-1
1.513892917E0,2.092381001E0,8.035633564E-1,-4.111142159E-1
1.523906917E0,2.054948330E0,7.780878544E-1,-3.734024763E-1
1.533920917E0,2.024062634E0,7.725013494E-1,-3.650848866E-1
1.543934917E0,1.986366391E0,8.094893098E-1,-4.287808239E-1
1.553948917E0,1.998314857E0,8.035640121E-1,-4.190728068E-1
1.563961917E0,1.994336367E0,8.219376206E-1,-3.195593953E-1
1.573975917E0,1.878214002E0,7.815571427E-1,-2.552222013E-1
1.583989917E0,1.702530384E0,7.890957594E-1,-2.599619329E-1
1.594003917E0,1.465045214E0,8.359812498E-1,-2.908700407E-1
1.604017917E0,1.219931006E0,8.662731051E-1,-2.961699963E-1
1.614031917E0,1.021084189E0,8.359058499E-1,-2.686651349E-1
1.624045917E0,8.233942986E-1,7.001872063E-1,-2.154653817E-1
1.634059917E0,6.261222363E-1,4.988492727E-1,-1.536949575E-1
1.644073917E0,4.479597509E-1,3.199541271E-1,-9.471227974E-2
1.654086917E0,2.152961344E-1,2.185412198E-1,-6.482682377E-2
1.664100917E0,-1.112192497E-2,2.500495911E-1,-1.129854470E-2
1.674114917E0,-1.713022739E-1,2.941235602E-1,8.531534672E-2
1.684128917E0,-3.031344414E-1,2.747173905E-1,1.847661436E-1
1.694142917E0,-3.921636343E-1,1.898312718E-1,2.771626413E-1
1.704156917E0,-4.676223099E-1,4.636250064E-2,3.642398715E-1
1.714170917E0,-5.902667642E-1,-5.893170089E-2,3.870255947E-1
1.724184917E0,-7.691892982E-1,-1.071511284E-1,3.128046393E-1
1.734198917E0,-9.120172858E-1,-7.052547485E-2,2.159976512E-1
1.744212917E0,-9.828581810E-1,-5.651458353E-2,1.484406888E-1
1.754225917E0,-9.676464796E-1,-9.351920336E-2,1.216120049E-1
1.764239917E0,-8.682394624E-1,-1.614997238E-1,1.537587941E-1
1.774253917E0,-7.234635949E-1,-2.991681099E-1,2.179678828E-1
1.784267917E0,-5.495640635E-1,-3.618415892E-1,3.034007549E-1
1.794281917E0,-4.319489598E-1,-3.133353293E-1,3.923847079E-1
1.804295917E0,-3.721987605E-1,-7.276625931E-2,4.796611965E-1
1.814309917E0,-3.147719502E-1,2.057130337E-1,5.496773124E-1
1.824323917E0,-1.940960288E-1,3.401544988E-1,6.331995726E-1
1.834337917E0,-8.585018106E-3,2.830398083E-1,7.683004141E-1
1.844350917E0,1.715220958E-1,1.354925334E-1,9.341613054E-1
1.854364917E0,2.957878411E-1,-9.318165481E-2,1.109501362E0
1.864378917E0,3.727496564E-1,-3.612514436E-1,1.277867913E0
1.874392917E0,4.369009435E-1,-7.183501720E-1,1.453920960E0
1.884406917E0,5.680781007E-1,-1.128150225E0,1.678022027E0
1.894420917E0,7.153977752E-1,-1.389479041E0,1.939286590E0
1.904434917E0,7.939621210E-1,-1.302400351E0,2.175730944E0
1.914448917E0,7.376503348E-1,-9.512007236E-1,2.383323193E0
1.924462917E0,5.715576410E-1,-2.928350866E-1,2.553589582E0
1.934476917E0,3.940451741E-1,4.634640515E-1,2.642477989E0
1.944489917E0,2.394827753E-1,1.022179723E0,2.605789185E0
1.954503917E0,1.667707562E-1,1.182619095E0,2.551061869E0
1.964517917E0,1.812212765E-1,1.048877954E0,2.533018589E0
1.974531917E0,1.695382595E-1,7.317750454E-1,2.578826427E0
1.984545917E0,1.948711425E-1,3.442978561E-1,2.672066689E0
1.994559917E0,2.501541078E-1,-2.354729548E-2,2.760800600E0
2.004573917E0,3.550842106E-1,-2.214675546E-1,2.786194086E0
2.014587917E0,4.988373816E-1,-2.783763707E-1,2.717523813E0
2.024601917E0,5.731378794E-1,-1.747116446E-1,2.539101362E0
2.034615917E0,4.896818697E-1,2.187998779E-2,2.302897453E0
2.044628917E0,3.854320645E-1,1.736638993E-1,2.072034836E0
2.054642917E0,3.800721765E-1,2.214870900E-1,1.810392380E0
2.064656917E0,4.225745201E-1,1.913511604E-1,1.473610520E0
2.074670917E0,3.915393651E-1,1.724512428E-1,1.081543922E0
2.084684917E0,2.515082359E-1,1.936155111E-1,7.021697164E-1
2.094698917E0,1.346095800E-1,2.274222076E-1,3.258490562E-1
2.104712917E0,7.273595035E-2,2.738078237E-1,-1.669298112E-2
2.114726917E0,6.177698728E-3,2.350846678E-1,-3.058164120E-1
2.124740917E0,2.634005249E-2,1.213973910E-1,-5.495631099E-1
2.134754917E0,9.623897821E-2,-2.645412274E-2,-7.501654029E-1
2.144768917E0,1.136812344E-1,-1.557844132E-1,-9.575347900E-1
2.154781917E0,9.300738573E-2,-2.547615767E-1,-1.160992861E0
2.164795917E0,6.447139382E-2,-3.132834733E-1,-1.342817783E0
2.174809917E0,-2.555836923E-2,-3.287210166E-1,-1.523693085E0
2.184823917E0,-1.354750246E-1,-3.603023887E-1,-1.704387188E0
2.194837917E0,-2.364644855E-1,-3.788595498E-1,-1.888548493E0
2.204851917E0,-4.000638425E-1,-3.761648536E-1,-2.109330177E0
2.214865917E0,-6.379562616E-1,-3.809795976E-1,-2.338659525E0
2.224879917E0,-8.701325655E-1,-3.717417419E-1,-2.536054611E0
2.234893917E0,-1.067621469E0,-3.464238644E-1,-2.693177938E0
2.244907917E0,-1.190258861E0,-3.114056587E-1,-2.772576332E0
2.254922000E0,-1.235344052E0,-2.808014154E-1,-2.782787085E0
2.264935000E0,-1.258503318E0,-2.696784735E-1,-2.782244682E0
2.274949000E0,-1.286657691E0,-2.414377928E-1,-2.795786858E0
2.284963000E0,-1.310678124E0,-2.052178681E-1,-2.824338675E0
2.294977000E0,-1.295800924E0,-1.845045984E-1,-2.829238176E0
2.304991000E0,-1.256048918E0,-1.797939986E-1,-2.791193962E0
2.315005000E0,-1.239912510E0,-2.399979532E-1,-2.699484587E0
2.325019000E0,-1.194903016E0,-2.991364002E-1,-2.546380520E0
2.335033000E0,-1.094779611E0,-3.076134920E-1,-2.353342056E0
2.345047000E0,-9.308947921E-1,-2.878066003E-1,-2.116168499E0
2.355061000E0,-7.768902779E-1,-2.552518547E-1,-1.838044763E0
2.365075000E0,-6.338915825E-1,-2.573280334E-1,-1.542267680E0
2.375089000E0,-4.724904299E-1,-2.816278040E-1,-1.240335822E0
2.385102000E0,-3.331908286E-1,-3.115536273E-1,-9.559105039E-1
2.395116000E0,-2.116092443E-1,-3.424420357E-1,-7.241646051E-1
2.405130000E0,-9.381783754E-2,-3.796796799E-1,-5.502346754E-1
2.415144000E0,-1.695847511E-2,-4.055400491E-1,-4.173624218E-1
2.425158000E0,4.167671129E-2,-3.751862645E-1,-2.559440732E-1
2.435172000E0,1.681475639E-1,-3.404253423E-1,-3.321644664E-2
2.445186000E0,3.461118340E-1,-2.651743889E-1,1.770099103E-1
2.455200000E0,4.955628216E-1,-1.590586156E-1,3.683758676E-1
2.465214000E0,6.248813868E-1,1.578548551E-2,5.558797717E-1
2.475228000E0,6.766484380E-1,2.296080142E-1,7.077787519E-1
2.485242000E0,6.502950191E-1,4.259009659E-1,8.025580645E-1
2.495256000E0,5.909621716E-1,5.467280746E-1,8.387448192E-1
2.505270000E0,5.179121494E-1,5.101662874E-1,8.255606294E-1
2.515283000E0,4.298467934E-1,2.985720634E-1,7.859634161E-1
2.525297000E0,3.446667790E-1,2.477792650E-2,7.401906848E-1
2.535311000E0,2.626664639E-1,-2.280250341E-1,6.790404916E-1
2.545325000E0,1.607529223E-1,-4.106445312E-1,5.959653258E-1
2.555339000E0,5.941486359E-2,-4.779460728E-1,4.772735536E-1
2.565353000E0,-1.233252045E-2,-3.993230164E-1,3.865252137E-1
2.575367000E0,-3.513850272E-2,-2.444186658E-1,3.265220821E-1
2.585381000E0,6.965660304E-2,-1.520662159E-1,3.050215542E-1
2.595395000E0,3.764282763E-1,-1.105699092E-1,3.518708050E-1
2.605409000E0,7.649142742E-1,-4.738041759E-2,4.772105515E-1
2.615423000E0,1.200116158E0,2.145161778E-1,6.274796724E-1
2.625437000E0,1.573083758E0,6.242272258E-1,6.676109433E-1
2.635451000E0,1.828774929E0,9.912886024E-1,5.710561275E-1
2.645464000E0,2.099460840E0,1.173296452E0,4.527014494E-1
2.655478000E0,2.414006710E0,1.138951540E0,3.789736927E-1
2.665492000E0,2.780990124E0,9.345776439E-1,3.570019603E-1
2.675506000E0,3.109858751E0,6.801695824E-1,3.991792202E-1
2.685520000E0,3.301252842E0,4.504618347E-1,5.009771585E-1
2.695534000E0,3.385992050E0,3.608206511E-1,6.175796390E-1
2.705548000E0,3.400461197E0,4.472519457E-1,6.656630635E-1
2.715562000E0,3.333204031E0,7.096947432E-1,5.715493560E-1
2.725576000E0,3.151962280E0,9.678190947E-1,3.509626389E-1
2.735590000E0,2.888731003E0,1.174318433E0,7.398855686E-2
2.745604000E0,2.531660795E0,1.208227634E0,-1.196365133E-1
2.755618000E0,2.140371799E0,1.066566586E0,-1.986213326E-1
2.765632000E0,1.784853697E0,7.517544627E-1,-2.210373282E-1
2.775646000E0,1.538643599E0,2.861675918E-1,-2.188974768E-1
2.785659000E0,1.449903607E0,-2.219544947E-1,-2.087186277E-1
2.795673000E0,1.366132617E0,-6.813582778E-1,-2.034032345E-1
2.805687000E0,1.183211684E0,-9.740409851E-1,-2.316334844E-1
2.815701000E0,8.635469079E-1,-9.703503847E-1,-3.068390191E-1
2.825715000E0,4.567429125E-1,-6.684504747E-1,-3.260944188E-1
2.835729000E0,8.942800760E-2,-2.366679162E-1,-3.175459504E-1
2.845743000E0,-2.127308697E-1,1.022097394E-1,-2.891670465E-1
2.855757000E0,-4.333026707E-1,2.505201101E-1,-2.740240395E-1
2.865771000E0,-6.017174125E-1,2.350562066E-1,-2.321321219E-1
2.875785000E0,-7.734060287E-1,7.965942472E-2,-1.715209782E-1
2.885799000E0,-9.379019141E-1,-1.444744766E-1,-9.071198851E-2
2.895813000E0,-1.114908099E0,-3.657650352E-1,4.450748209E-3
2.905827000E0,-1.271280766E0,-5.182725787E-1,2.934747562E-2
2.915841000E0,-1.378702044E0,-5.449220538E-1,-4.092215747E-2
2.925855000E0,-1.472302556E0,-5.414686799E-1,-1.848423183E-1
2.935869000E0,-1.541483760E0,-5.293710232E-1,-3.323795795E-1
2.945882000E0,-1.644437432E0,-5.491917133E-1,-4.547373652E-1
2.955896000E0,-1.778397322E0,-6.151608825E-1,-5.614563227E-1
2.965910000E0,-1.893707395E0,-7.130774260E-1,-6.636565924E-1
2.975924000E0,-1.957445025E0,-8.060273528E-1,-7.712397575E-1
2.985938000E0,-2.005192280E0,-8.536738753E-1,-8.760684729E-1
2.995952000E0,-2.069219589E0,-8.216752410E-1,-9.525579214E-1
3.005966000E0,-2.100466013E0,-6.740301847E-1,-9.848635197E-1
3.015980000E0,-2.102428198E0,-4.686616063E-1,-1.003972888E0
3.025994000E0,-2.094429970E0,-2.190084904E-1,-1.007968903E0
3.036008000E0,-2.017970085E0,4.316133633E-2,-9.775616527E-1
3.046022000E0,-1.875112414E0,2.169870585E-1,-9.251379371E-1
3.056036000E0,-1.681459665E0,2.428852320E-1,-8.575764894E-1
3.066050000E0,-1.444290757E0,1.133211106E-1,-7.626138926E-1
3.076064000E0,-1.219296455E0,-2.365447432E-1,-6.289924383E-1
3.086078000E0,-1.027719021E0,-6.649878621E-1,-5.054777861E-1
3.096092000E0,-8.340462446E-1,-1.008048177E0,-4.043684304E-1
3.106106000E0,-6.550677419E-1,-1.201422811E0,-3.264809549E-1
3.116120000E0,-4.780618250E-1,-1.218314409E0,-2.355539948E-1
3.126133000E0,-2.911380529E-1,-1.019248366E0,-1.544215381E-1
3.136147000E0,-1.521687210E-1,-7.056018710E-1,-9.240531176E-2
3.146161000E0,1.595992409E-2,-3.515902460E-1,-7.588494569E-3
3.156175000E0,2.631686330E-1,-1.147694439E-1,8.728821576E-2
3.166189000E0,5.472518802E-1,3.397702426E-2,1.888062507E-1
3.176203000E0,7.688148618E-1,1.304729432E-1,2.961026132E-1
3.186217000E0,8.982070088E-1,2.204397172E-1,3.554155827E-1
3.196231000E0,9.701318145E-1,3.038331270E-1,3.206802607E-1
3.206245000E0,9.686356187E-1,3.578723967E-1,2.338881642E-1
3.216259000E0,9.088833332E-1,3.740572333E-1,1.446360499E-1
3.226273000E0,8.387707472E-1,3.125262260E-1,7.653781027E-2
3.236287000E0,8.240570426E-1,2.031816244E-1,3.258419782E-2
3.246301000E0,8.460052609E-1,8.952695876E-2,2.039112616E-3
3.256314917E0,8.593442440E-1,-2.083550394E-2,-4.189771786E-2
3.266328917E0,8.774672747E-1,-1.280341297E-1,-1.214492321E-1
3.276342917E0,9.506578445E-1,-2.686466277E-1,-2.316766679E-1
3.286356917E0,1.135421157E0,-3.319678009E-1,-3.072347045E-1
3.296370917E0,1.292810798E0,-2.383361310E-1,-3.784500360E-1
3.306384917E0,1.342378020E0,1.976479031E-2,-4.811339974E-1
3.316397917E0,1.354736209E0,3.751825392E-1,-6.090099812E-1
3.326411917E0,1.394931078E0,6.696395874E-1,-7.839531898E-1
3.336425917E0,1.519302607E0,7.297735214E-1,-9.118024707E-1
3.346439917E0,1.739920020E0,5.950815082E-1,-9.387680292E-1
3.356453917E0,1.933736086E0,2.830477059E-1,-8.654050827E-1
3.366467917E0,2.075065851E0,2.528752666E-4,-7.594172955E-1
3.376481917E0,2.178476095E0,-1.515012234E-1,-6.729492545E-1
3.386495917E0,2.232487679E0,-4.347930104E-2,-6.343945265E-1
3.396509917E0,2.126464844E0,1.890471429E-1,-6.590951085E-1
3.406523917E0,1.907068372E0,4.852629602E-1,-7.468844652E-1
3.416537917E0,1.654116511E0,7.006077170E-1,-8.838809729E-1
3.426551917E0,1.412541866E0,7.398943305E-1,-9.823721647E-1
3.436565917E0,1.216311812E0,5.656673908E-1,-9.807652235E-1
3.446579917E0,1.171385527E0,2.177891880E-1,-8.874002695E-1
3.456593917E0,1.240666628E0,-1.519851387E-1,-7.012615204E-1
3.466607917E0,1.217491269E0,-3.593971729E-1,-5.118535161E-1
3.476621917E0,1.063894749E0,-4.071463048E-1,-3.743316531E-1
3.486635917E0,9.039645195E-1,-3.189817369E-1,-3.120239079E-1
3.496649917E0,7.169501781E-1,-2.025099695E-1,-2.988623083E-1
3.506663917E0,5.106998086E-1,-3.945260495E-2,-2.881763577E-1
3.516677917E0,3.342443407E-1,9.694651514E-2,-2.774861753E-1
3.526691917E0,2.272009254E-1,1.391001046E-1,-2.220784277E-1
3.536705917E0,1.874945313E-1,8.209620416E-2,-6.956718862E-2
3.546718917E0,1.217812672E-1,-4.586522281E-2,9.646468610E-2
3.556732917E0,2.520386130E-2,-1.456442773E-1,2.212324440E-1
3.566746917E0,-1.459576339E-1,-2.523498237E-1,2.655517757E-1
3.576760917E0,-3.451106846E-1,-3.304589987E-1,2.729790807E-1
3.586774917E0,-5.197793841E-1,-4.044835567E-1,3.064362407E-1
3.596788917E0,-6.923764944E-1,-4.890871346E-1,3.526897728E-1
3.606802917E0,-8.329502344E-1,-5.557880402E-1,4.245468080E-1
3.616816917E0,-9.442815781E-1,-5.669794083E-1,4.971834719E-1
3.626830917E0,-1.022090554E0,-5.608869195E-1,5.647858977E-1
3.636844917E0,-1.078613758E0,-5.424535871E-1,6.279811263E-1
3.646858917E0,-1.137032270E0,-5.188139081E-1,6.763628721E-1
3.656872917E0,-1.206123829E0,-4.744051397E-1,7.178999186E-1
3.666886917E0,-1.288584709E0,-3.545190692E-1,7.337142825E-1
3.676900917E0,-1.413660288E0,-1.369545311E-1,6.948819160E-1
3.686914917E0,-1.565655589E0,9.629391134E-2,6.070356369E-1
3.696928917E0,-1.709626079E0,2.874518931E-1,5.248289108E-1
3.706942917E0,-1.856831074E0,3.310258389E-1,4.929317832E-1
3.716956917E0,-1.945482969E0,2.190210223E-1,4.546038508E-1
3.726970917E0,-1.948714375E0,-3.415731713E-2,4.069204926E-1
3.736984917E0,-1.877956629E0,-3.037749529E-1,3.555608988E-1
3.746998917E0,-1.728196144E0,-4.641664922E-1,3.464630246E-1
3.757012917E0,-1.532139778E0,-5.265555382E-1,3.909279704E-1
3.767026917E0,-1.248296857E0,-5.359773040E-1,4.611170888E-1
3.777040917E0,-9.056974053E-1,-5.067344904E-1,5.128266215E-1
3.787054917E0,-5.761414170E-1,-4.886985719E-1,5.446544290E-1
3.797068917E0,-2.727865577E-1,-4.775026441E-1,5.645170808E-1
3.807082917E0,-3.920103610E-2,-4.715462029E-1,5.605631471E-1
3.817096917E0,1.462620348E-1,-4.541035593E-1,5.415295362E-1
3.827109917E0,3.900304437E-1,-4.408511519E-1,5.650274158E-1
3.837123917E0,7.101107240E-1,-4.266794026E-1,6.433954239E-1
3.847137917E0,9.618179798E-1,-4.803439975E-1,7.670787573E-1
3.857151917E0,1.189764619E0,-5.572108030E-1,9.109757543E-1
3.867165917E0,1.383712411E0,-6.169098020E-1,1.052722216E0
3.877179917E0,1.474215627E0,-6.993663311E-1,1.127294779E0
3.887193917E0,1.468741179E0,-7.521268129E-1,1.077258348E0
3.897207917E0,1.287159681E0,-7.864778638E-1,9.232263565E-1
3.907221917E0,9.683536887E-1,-8.169124722E-1,6.970885992E-1
3.917235917E0,5.570963621E-1,-8.914276958E-1,4.246890247E-1
3.927249917E0,9.868589789E-2,-1.031499028E0,9.551459551E-2
3.937263917E0,-4.047774673E-1,-1.246310592E0,-3.017522395E-1
3.947277917E0,-8.309400082E-1,-1.338430524E0,-6.403942108E-1
3.957291917E0,-1.169325829E0,-1.281817555E0,-9.776737094E-1
3.967305917E0,-1.479936600E0,-1.157538772E0,-1.294220805E0
3.977319917E0,-1.723695517E0,-9.568466544E-1,-1.552604437E0
3.987333917E0,-1.899549484E0,-7.483729124E-1,-1.757853866E0
3.997347917E0,-2.024834156E0,-4.945968390E-1,-1.907217026E0
4.007361917E0,-2.153531075E0,-2.906749845E-1,-2.049134016E0
4.017375917E0,-2.271056652E0,-1.323876083E-1,-2.149074793E0
4.027389917E0,-2.352273703E0,-4.216441140E-2,-2.234767675E0
4.037403917E0,-2.399175882E0,-1.742497832E-2,-2.299955130E0
4.047417917E0,-2.437536955E0,-1.710007936E-1,-2.323500395E0
4.057431917E0,-2.460577011E0,-4.630654156E-1,-2.300865889E0
4.067445917E0,-2.401938438E0,-7.885020971E-1,-2.241136074E0
4.077459917E0,-2.297994375E0,-1.067821741E0,-2.156442165E0
4.087473917E0,-2.157335997E0,-1.216048241E0,-2.036526918E0
4.097487917E0,-2.026101351E0,-1.144046783E0,-1.850772500E0
4.107501917E0,-1.890645504E0,-8.719552755E-1,-1.624883652E0
4.117515917E0,-1.717544079E0,-5.707837343E-1,-1.396065950E0
4.127529917E0,-1.435265064E0,-3.608243167E-1,-1.171260476E0
4.137543917E0,-1.055579901E0,-2.647733986E-1,-9.165064692E-1
4.147557917E0,-6.862197518E-1,-2.359752655E-1,-6.265504360E-1
4.157571917E0,-3.837501705E-1,-2.516919076E-1,-3.085186779E-1
4.167585917E0,-1.218977720E-1,-2.706539333E-1,1.140338928E-2
4.177599917E0,1.047050133E-1,-2.712384760E-1,2.418872118E-1
4.187613917E0,2.948545218E-1,-2.488925308E-1,3.414726257E-1
4.197627917E0,4.395842552E-1,-1.983718425E-1,4.059645236E-1
4.207641917E0,5.430319905E-1,-1.071343645E-1,4.895288646E-1
4.217655917E0,6.256991625E-1,-3.224920109E-2,6.241804361E-1
4.227669917E0,7.576792240E-1,8.145106956E-3,8.305473328E-1
4.237683917E0,9.229397774E-1,-5.353392102E-3,1.111093998E0
4.247697917E0,1.072056770E0,-1.039116178E-2,1.411575079E0
4.257711542E0,1.201603889E0,1.804251689E-3,1.658210874E0
4.267725542E0,1.348754287E0,-1.379202772E-2,1.817899466E0
4.277739542E0,1.532189965E0,-1.925923117E-2,1.914190888E0
4.287753542E0,1.666070223E0,9.691502899E-2,1.992730856E0
4.297767542E0,1.705170035E0,2.793711424E-1,2.070271730E0
4.307781542E0,1.777082205E0,5.589976907E-1,2.084889412E0
4.317795542E0,1.838579893E0,9.310410619E-1,2.037114620E0
4.327809542E0,1.827499032E0,1.283222198E0,1.974505067E0
4.337823542E0,1.821442246E0,1.472630739E0,1.994492054E0
4.347837542E0,1.803843260E0,1.395993948E0,2.044666767E0
4.357851542E0,1.661352158E0,1.106932044E0,2.039463282E0
4.367865542E0,1.435887814E0,7.304515839E-1,1.940026879E0
4.377879542E0,1.209827781E0,3.518323898E-1,1.711003780E0
4.387893542E0,9.405392408E-1,4.772072658E-2,1.373857617E0
4.397907542E0,6.371753812E-1,-1.194602773E-1,9.832845926E-1
4.407921542E0,3.670201302E-1,-1.680395454E-1,5.739847422E-1
4.417935542E0,7.679098099E-2,-4.067919403E-2,1.522937119E-1
4.427949542E0,-2.491649985E-1,1.754401624E-1,-2.834438086E-1
4.437963542E0,-5.151610374E-1,4.354605377E-1,-6.316561103E-1
4.447977542E0,-7.609156370E-1,6.028934717E-1,-8.747848868E-1
4.457991542E0,-9.314290881E-1,6.525542736E-1,-1.059954166E0
4.468005542E0,-1.024115443E0,6.763957739E-1,-1.206254482E0
4.478019542E0,-1.156300306E0,6.958789229E-1,-1.377939463E0
4.488033542E0,-1.348827481E0,7.772782445E-1,-1.591124296E0
4.498047542E0,-1.559350371E0,9.136304855E-1,-1.809002042E0
4.508061542E0,-1.733409286E0,1.101325750E0,-2.014008760E0
4.518075542E0,-1.830848217E0,1.289674044E0,-2.187822819E0
4.528089542E0,-1.810981750E0,1.456909537E0,-2.216196775E0
4.538103542E0,-1.729557514E0,1.566424489E0,-2.221110344E0
4.548117542E0,-1.622035027E0,1.516908765E0,-2.160217524E0
4.558131542E0,-1.471274734E0,1.408607841E0,-2.087573051E0
4.568145542E0,-1.323424578E0,1.302266717E0,-2.015991688E0
4.578159542E0,-1.173287272E0,1.169816256E0,-1.991345882E0
4.588173542E0,-9.879706502E-1,1.242877603E0,-2.035431147E0
4.598187542E0,-7.736210227E-1,1.436727285E0,-2.004351139E0
4.608201542E0,-5.494470000E-1,1.504299641E0,-1.834530115E0
4.618215542E0,-2.869751155E-1,1.330734730E0,-1.483619928E0
4.628229542E0,-1.629116200E-2,1.062915325E0,-9.656815529E-1
4.638243542E0,2.266842127E-1,7.481262088E-1,-3.341115713E-1
4.648257542E0,4.865424633E-1,4.039907753E-1,3.084432483E-1
4.658271542E0,7.768893242E-1,9.318230301E-2,8.898611069E-1
4.668285542E0,1.069862962E0,-9.343628585E-2,1.393640161E0
4.678299542E0,1.164660573E0,1.467207633E-2,1.851100922E0
4.688313542E0,8.700116277E-1,6.664741635E-1,2.318675041E0
4.698327542E0,4.667256773E-1,1.268646121E0,2.352575064E0
4.708341542E0,2.774079144E-1,1.332547069E0,2.341027498E0
4.718355542E0,1.916634440E-1,1.297852755E0,2.392698050E0
4.728369542E0,8.287443966E-2,1.365839481E0,2.595212698E0
4.738383542E0,6.917194277E-2,1.251091838E0,2.936230659E0
4.748397542E0,2.306586653E-1,1.132140279E0,3.347971439E0
4.758411542E0,4.319203794E-1,1.257293582E0,3.798104286E0
4.768425542E0,5.783961415E-1,1.388495326E0,4.003181934E0
4.778439542E0,6.145389676E-1,1.413320541E0,4.050664902E0
4.788453542E0,6.199760437E-1,1.561478615E0,4.114785671E0
4.798467542E0,9.925336242E-1,1.078137279E0,4.238267422E0
4.808481542E0,1.424472690E0,3.740762770E-1,4.569812775E0
4.818495542E0,1.626583815E0,-1.534759700E-1,4.868999958E0
4.828509542E0,1.595614791E0,-5.144466758E-1,4.862064362E0
4.838523542E0,1.376456022E0,-7.713993788E-1,4.443444729E0
4.848537542E0,9.846335649E-1,-8.934397697E-1,3.772708654E0
4.858551542E0,3.947942555E-1,-9.419164658E-1,3.068331480E0
4.868565542E0,-3.506789804E-1,-1.045752048E0,2.519336700E0
4.878579542E0,-9.567055106E-1,-1.305091023E0,2.157725811E0
4.888593542E0,-1.191213727E0,-1.810856819E0,1.906215429E0
4.898607542E0,-1.165005803E0,-2.471987724E0,1.756621718E0
4.908621542E0,-1.084598660E0,-3.131882191E0,1.731626749E0
4.918635542E0,-1.137927890E0,-3.480227947E0,1.768511772E0
4.928649542E0,-1.384169817E0,-3.459569216E0,1.701879382E0
4.938663542E0,-1.635893345E0,-3.184248924E0,1.511350751E0
4.948677542E0,-1.825421929E0,-2.839698792E0,1.247450352E0
4.958691542E0,-1.999176741E0,-2.631081820E0,9.617402554E-1
4.968705542E0,-2.177778244E0,-2.629187346E0,6.962787509E-1
4.978719542E0,-2.432243586E0,-2.761931896E0,4.537851214E-1
4.988733542E0,-2.796793699E0,-3.013978004E0,2.579613924E-1
4.998747542E0,-3.247937918E0,-3.268055677E0,3.943492472E-2
5.008761542E0,-3.719956875E0,-3.512161732E0,-2.150906473E-1
5.018775542E0,-4.051946640E0,-3.710210800E0,-4.634179175E-1
5.028789542E0,-4.160964489E0,-3.918500423E0,-6.928278804E-1
5.038803542E0,-4.076631546E0,-4.134185314E0,-9.017469883E-1
5.048817542E0,-4.011439800E0,-4.203517914E0,-1.049567461E0
5.058831542E0,-4.036178589E0,-4.038548470E0,-1.032048702E0
5.068845542E0,-4.180544853E0,-3.541784286E0,-9.206262827E-1
5.078859542E0,-4.426184177E0,-2.930935860E0,-8.668437600E-1
5.088873542E0,-4.639189720E0,-2.264619827E0,-7.945621014E-1
5.098887542E0,-4.738921642E0,-1.663741946E0,-7.177333236E-1
5.108901542E0,-4.785987377E0,-1.279535532E0,-6.868096590E-1
5.118915542E0,-4.765999317E0,-1.201875687E0,-6.183274984E-1
5.128929542E0,-4.517334461E0,-1.492007017E0,-5.651239157E-1
5.138943542E0,-4.046672821E0,-2.074928284E0,-5.294165015E-1
5.148957542E0,-3.514455318E0,-2.596217632E0,-5.230633020E-1
5.158971542E0,-3.098849297E0,-2.815905333E0,-4.263224304E-1
5.168985542E0,-2.840855122E0,-2.669273853E0,-2.365668863E-1
5.178999542E0,-2.717929363E0,-2.387060881E0,-4.620227590E-2
5.189013542E0,-2.553627729E0,-2.186806440E0,1.023985967E-1
5.199027542E0,-2.234960079E0,-2.086876154E0,2.455610782E-1
5.209041542E0,-1.871312022E0,-1.943842888E0,3.893118799E-1
5.219055542E0,-1.563147187E0,-1.509802222E0,4.936113954E-1
5.229069542E0,-1.296767831E0,-8.665762544E-1,5.770585537E-1
5.239083542E0,-1.022003651E0,-2.118154466E-1,6.569837332E-1
5.249097542E0,-6.958127022E-1,2.211756557E-1,7.760068774E-1
5.259111375E0,-3.252900243E-1,3.231467605E-1,9.196915627E-1
5.269125375E0,6.947495043E-2,1.581256688E-1,1.060799122E0
5.279139375E0,5.467166305E-1,-2.132209837E-1,1.181255221E0
5.289153375E0,1.035331964E0,-6.971830726E-1,1.314009666E0
5.299167375E0,1.410896778E0,-1.156072855E0,1.438092470E0
5.309181375E0,1.606185794E0,-1.380322933E0,1.560217381E0
5.319195375E0,1.639554858E0,-1.238390326E0,1.596873164E0
5.329209375E0,1.642877698E0,-8.304070830E-1,1.511844277E0
5.339223375E0,1.863783121E0,-3.432360590E-1,1.377680898E0
5.349237375E0,2.288793325E0,9.751801938E-2,1.282112122E0
5.359251375E0,2.752250671E0,3.816690445E-1,1.317285657E0
5.369265375E0,3.117575645E0,5.230800509E-1,1.561753750E0
5.379279375E0,3.463682890E0,5.528166294E-1,2.085695505E0
5.389293375E0,3.618032694E0,5.926464796E-1,2.438431501E0
5.399307375E0,3.627989292E0,6.477912068E-1,2.596733332E0
5.409321375E0,3.605230570E0,7.997028828E-1,2.520905018E0
5.419335375E0,3.445459604E0,8.814049363E-1,2.328567505E0
5.429349375E0,3.135541439E0,7.518060803E-1,2.075243711E0
5.439363375E0,2.762514114E0,4.862447083E-1,1.789162278E0
5.449377375E0,2.356110811E0,2.078407556E-1,1.456971169E0
5.459391375E0,1.950645447E0,6.297864765E-2,1.148442864E0
5.469405375E0,1.664543986E0,1.305157971E-2,8.894536495E-1
5.479419375E0,1.535557985E0,7.174392045E-2,7.166054249E-1
5.489433375E0,1.301122546E0,3.436696827E-1,6.037982702E-1
5.499447375E0,8.478972316E-1,7.749199271E-1,4.847088456E-1
5.509461375E0,1.525942832E-1,1.064462185E0,1.941177994E-1
5.519475375E0,-5.592484474E-1,1.303273678E0,-8.012255281E-2
5.529489375E0,-1.079670906E0,1.428641796E0,-3.010759652E-1
5.539504375E0,-1.368286967E0,1.278836012E0,-4.470328987E-1
5.549518375E0,-1.391490221E0,7.472226024E-1,-4.698093534E-1
5.559532375E0,-1.173558712E0,9.878551215E-2,-4.144028127E-1
5.569546375E0,-9.072399735E-1,-4.639658928E-1,-3.002715707E-1
5.579560375E0,-7.535151243E-1,-6.501198411E-1,-1.570976526E-1
5.589574375E0,-7.808879614E-1,-4.283310473E-1,1.239224803E-2
5.599588375E0,-8.823536038E-1,2.410645783E-2,1.957532912E-1
5.609602375E0,-9.455012083E-1,4.313620031E-1,3.755562603E-1
5.619616375E0,-9.577519894E-1,6.362069845E-1,5.488417149E-1
5.629630375E0,-9.698518515E-1,6.189205647E-1,7.361388803E-1
5.639644375E0,-9.927353263E-1,4.404081404E-1,9.494268894E-1
5.649658375E0,-1.048635602E0,9.322339296E-2,1.095341444E0
5.659672375E0,-1.082125425E0,-3.199953437E-1,1.201463461E0
5.669686375E0,-1.105498910E0,-6.815670729E-1,1.242465615E0
5.679700375E0,-1.195368290E0,-8.823619485E-1,1.256177187E0
5.689714375E0,-1.351885080E0,-8.179956079E-1,1.317851067E0
5.699728375E0,-1.488069296E0,-5.767512918E-1,1.383556843E0
5.709742375E0,-1.560117364E0,-2.463315576E-1,1.441495776E0
5.719756375E0,-1.580934763E0,2.652980387E-2,1.501271844E0
5.729770375E0,-1.519175291E0,2.217176706E-1,1.596954107E0
5.739784375E0,-1.439956903E0,3.333435357E-1,1.718474746E0
5.749798375E0,-1.369284749E0,3.339544833E-1,1.878231645E0
5.759812375E0,-1.319898248E0,1.964940876E-1,2.035829306E0
5.769826375E0,-1.275811672E0,4.351734370E-2,2.143228769E0
5.779840375E0,-1.312943816E0,-8.157958835E-2,2.185651064E0
5.789854375E0,-1.388108373E0,-5.737867206E-2,2.132774591E0
5.799868375E0,-1.464684367E0,7.613544911E-2,1.969029665E0
5.809882375E0,-1.541198373E0,2.904651761E-1,1.776670694E0
5.819896375E0,-1.570840716E0,5.522363186E-1,1.650074959E0
5.829910375E0,-1.522655964E0,7.717864513E-1,1.603029370E0
5.839924375E0,-1.349980354E0,8.824660778E-1,1.574034691E0
5.849938375E0,-1.083322048E0,8.157033920E-1,1.540805340E0
5.859952375E0,-7.938804030E-1,5.654588938E-1,1.524337173E0
5.869966375E0,-5.382165313E-1,2.462692559E-1,1.495343089E0
5.879980375E0,-3.654194474E-1,-1.175271068E-2,1.403973460E0
5.889994375E0,-2.476284951E-1,-1.077240258E-1,1.214906454E0
5.900008375E0,-1.710570306E-1,-2.539240383E-2,9.462713003E-1
5.910022375E0,-8.210318536E-2,2.003504336E-1,6.340337992E-1
5.920036375E0,3.472835571E-2,4.780387878E-1,3.395088911E-1
5.930050375E0,2.003227472E-1,6.961271763E-1,8.378016949E-2
5.940064375E0,3.940847516E-1,7.673211694E-1,-1.307337433E-1
5.950078375E0,5.746454000E-1,6.996014118E-1,-3.383887112E-1
5.960092375E0,7.278751731E-1,5.348383188E-1,-5.295464396E-1
5.970106375E0,8.470343351E-1,3.458457291E-1,-6.748902202E-1
5.980120375E0,9.270836115E-1,1.883240193E-1,-8.244152665E-1
5.990134375E0,1.005818725E0,6.158615276E-2,-1.047460556E0
6.000148375E0,1.054037690E0,4.229873791E-2,-1.304323196E0
6.010162375E0,1.087026119E0,1.934380382E-1,-1.564239979E0
6.020177375E0,1.112785816E0,4.079008102E-1,-1.786457777E0
6.030191375E0,1.137933135E0,5.655772686E-1,-1.927112818E0
6.040205375E0,1.260157824E0,6.116731763E-1,-2.003177643E0
6.050219375E0,1.446195364E0,5.189768672E-1,-2.009205103E0
6.060233375E0,1.561232924E0,4.073611200E-1,-1.982176065E0
6.070247375E0,1.537513733E0,3.294798434E-1,-1.998210907E0
6.080261375E0,1.430171490E0,2.815901041E-1,-2.090924501E0
6.090275375E0,1.377763271E0,2.502390146E-1,-2.182409048E0
6.100289375E0,1.357786894E0,2.634594738E-1,-2.177721500E0
6.110303375E0,1.306824207E0,3.751962483E-1,-2.073201656E0
6.120317375E0,1.257929087E0,5.065303445E-1,-1.908185005E0
6.130331375E0,1.256679535E0,6.322186589E-1,-1.730741620E0
6.140345375E0,1.271200776E0,7.093434930E-1,-1.590319037E0
6.150359375E0,1.228786826E0,7.004714608E-1,-1.463030457E0
6.160373375E0,1.070239305E0,6.422883272E-1,-1.343183160E0
6.170387375E0,8.449092507E-1,5.204297900E-1,-1.200776935E0
6.180401375E0,6.683672071E-1,2.930754423E-1,-9.811875224E-1
6.190415375E0,5.558798313E-1,3.494308889E-2,-7.289499640E-1
6.200429375E0,3.998771310E-1,-1.485950500E-1,-4.742289484E-1
6.210443375E0,1.789371222E-1,-1.648681760E-1,-2.462519407E-1
6.220457375E0,-5.967518315E-2,-8.407453448E-2,-7.665677369E-2
6.230471375E0,-2.724652588E-1,-1.507393923E-2,6.816114485E-2
6.240485375E0,-4.554638565E-1,1.114328392E-2,2.129976898E-1
6.250499375E0,-6.132019162E-1,-3.452912671E-3,3.248781264E-1
6.260512417E0,-7.373608947E-1,-6.985697150E-2,3.711316288E-1
6.270526417E0,-8.131244183E-1,-1.761784554E-1,3.930384219E-1
6.280540417E0,-8.190456629E-1,-3.121850193E-1,4.080562592E-1
6.290554417E0,-7.899404168E-1,-4.567088485E-1,3.980586529E-1
6.300568417E0,-6.875780821E-1,-4.789891243E-1,4.350901544E-1
6.310582417E0,-6.009153724E-1,-2.866202295E-1,5.956471562E-1
6.320596417E0,-5.589767098E-1,-4.330424964E-2,7.902634740E-1
6.330610417E0,-3.775343001E-1,1.860124618E-1,9.603670239E-1
6.340624417E0,-1.316803098E-1,3.032069802E-1,1.093509316E0
6.350638417E0,1.420498490E-1,2.374944687E-1,1.233650088E0
6.360652417E0,5.081074238E-1,5.850233883E-2,1.426196575E0
6.370666417E0,9.236601591E-1,-2.146538198E-1,1.611520410E0
6.380680417E0,1.320384979E0,-5.039085746E-1,1.762499571E0
6.390695417E0,1.659087300E0,-7.419695258E-1,1.938951373E0
6.400709417E0,1.805206656E0,-8.694733977E-1,2.110565424E0
6.410723417E0,1.787330747E0,-7.886905670E-1,2.245223522E0
6.420737417E0,1.801629066E0,-5.035935640E-1,2.368833065E0
6.430751417E0,1.938586473E0,-1.436440200E-1,2.407576084E0
6.440765417E0,2.106822252E0,2.130123675E-1,2.356925249E0
6.450779417E0,2.187291145E0,6.048440933E-1,2.296735048E0
6.460793417E0,2.147105217E0,9.741685987E-1,2.254219770E0
6.470807417E0,2.072223186E0,1.192846775E0,2.212437153E0
6.480821417E0,2.183450222E0,1.183737159E0,2.275083780E0
6.490835417E0,2.373490095E0,1.009154439E0,2.424177885E0
6.500849417E0,2.466116190E0,7.721804976E-1,2.523449898E0
6.510863417E0,2.440626621E0,5.644783974E-1,2.517291784E0
6.520877417E0,2.263537884E0,4.706176817E-1,2.339222908E0
6.530891417E0,1.898041487E0,5.358883142E-1,1.991318941E0
6.540905417E0,1.499061942E0,7.088276148E-1,1.573757648E0
6.550919417E0,1.270889878E0,8.516440988E-1,1.215974808E0
6.560933417E0,1.064722300E0,8.580016494E-1,9.532136917E-1
6.570947417E0,7.939329147E-1,7.735454440E-1,7.593183517E-1
6.580961417E0,4.819800556E-1,6.697534919E-1,5.855692029E-1
6.590975417E0,1.849235743E-1,5.674261451E-1,3.669641018E-1
6.600989417E0,-4.913527146E-2,4.849365950E-1,1.118095666E-1
6.611003417E0,-1.659377068E-1,4.078176618E-1,-1.576090753E-1
6.621017417E0,-1.961885542E-1,3.458845019E-1,-4.190782011E-1
6.631031417E0,-2.328946292E-1,2.325087786E-1,-6.281335950E-1
6.641045417E0,-2.460490465E-1,5.334860459E-2,-7.874942422E-1
6.651059417E0,-2.719862759E-1,-1.427876651E-1,-9.157727361E-1
6.661073417E0,-3.672429919E-1,-2.943375111E-1,-1.026039004E0
6.671087417E0,-5.477783084E-1,-4.294067621E-1,-1.141136408E0
6.681102417E0,-7.260553241E-1,-5.251122117E-1,-1.241252899E0
6.691116417E0,-8.723282218E-1,-6.470369697E-1,-1.354231834E0
6.701130417E0,-1.038350582E0,-7.709690332E-1,-1.462680817E0
6.711144417E0,-1.273356438E0,-8.370899558E-1,-1.547802687E0
6.721158417E0,-1.549308062E0,-8.376588225E-1,-1.624768257E0
6.731172417E0,-1.752393365E0,-7.890882492E-1,-1.689254522E0
6.741186417E0,-1.879216313E0,-7.421942949E-1,-1.748795152E0
6.751200417E0,-1.947039127E0,-6.872515082E-1,-1.791387320E0
6.761214417E0,-2.003109932E0,-6.580557823E-1,-1.800345659E0
6.771228417E0,-2.035114765E0,-6.696293950E-1,-1.795157194E0
6.781242417E0,-2.029522181E0,-6.710065603E-1,-1.779939890E0
6.791256417E0,-2.060364008E0,-6.430754066E-1,-1.766791105E0
6.801270417E0,-2.098291159E0,-5.853644609E-1,-1.749486327E0
6.811284417E0,-2.107057571E0,-5.119545460E-1,-1.719284058E0
6.821298417E0,-2.100381374E0,-4.134601951E-1,-1.682899952E0
6.831312417E0,-2.088066339E0,-3.103732765E-1,-1.634177566E0
6.841326417E0,-2.082654715E0,-2.037898451E-1,-1.585461974E0
6.851340417E0,-2.071446896E0,-1.583150923E-1,-1.550335884E0
6.861354417E0,-1.981582046E0,-2.125178874E-1,-1.489693761E0
6.871368417E0,-1.841204524E0,-3.331601024E-1,-1.398748159E0
6.881382417E0,-1.706876874E0,-4.693410993E-1,-1.289389968E0
6.891396417E0,-1.588364363E0,-5.495660901E-1,-1.138110995E0
6.901410417E0,-1.492038727E0,-5.142051578E-1,-9.663248658E-1
6.911424417E0,-1.328582048E0,-3.869702816E-1,-8.119974732E-1
6.921438417E0,-1.054129958E0,-2.424988598E-1,-7.027628422E-1
6.931452417E0,-6.971115470E-1,-1.253107190E-1,-6.603285670E-1
6.941467417E0,-3.355072439E-1,-5.960946903E-2,-5.833014250E-1
6.951481417E0,-2.105103806E-2,-2.778873080E-3,-4.368043244E-1
6.961495417E0,2.721528709E-1,7.600568980E-2,-2.480479926E-1
6.971509417E0,5.146064162E-1,1.390962154E-1,-4.157653451E-2
6.981523417E0,7.672424316E-1,1.240291148E-1,1.418950260E-1
6.991537417E0,1.074426889E0,8.701187372E-2,2.780568004E-1
7.001551417E0,1.392077208E0,1.145500243E-1,3.758496940E-1
7.011565417E0,1.696269035E0,1.530279517E-1,4.971656799E-1
7.021579417E0,1.953639388E0,1.131415144E-1,6.496031284E-1
7.031593417E0,2.204944849E0,1.441823598E-2,7.997645140E-1
7.041607417E0,2.345052719E0,-8.908392861E-3,8.944004774E-1
7.051621417E0,2.366007090E0,5.171253532E-2,8.869615793E-1
7.061635417E0,2.321513891E0,1.468006968E-1,7.844464183E-1
7.071649417E0,2.308543921E0,2.827801108E-1,6.288229823E-1
7.081663417E0,2.424131870E0,4.518852234E-1,4.487317502E-1
7.091677417E0,2.562488079E0,6.516299248E-1,3.329657316E-1
7.101691417E0,2.566732645E0,7.148443460E-1,3.247980773E-1
7.111705417E0,2.507059813E0,6.757847071E-1,4.178860486E-1
7.121719417E0,2.377175808E0,5.541813374E-1,5.265662074E-1
7.131733417E0,2.156446218E0,3.942407966E-1,5.502180457E-1
7.141747417E0,1.918435335E0,2.354058772E-1,5.051538944E-1
7.151761417E0,1.677864194E0,1.459368765E-1,3.651940525E-1
7.161775417E0,1.345248461E0,1.468665898E-1,1.393966079E-1
7.171789417E0,9.921265841E-1,2.331671268E-1,-6.966632605E-2
7.181804417E0,7.612861991E-1,3.936702609E-1,-2.025506049E-1
7.191818417E0,5.697165728E-1,5.343391895E-1,-2.835476995E-1
7.201832417E0,3.747324944E-1,6.520538330E-1,-3.152808547E-1
7.211846417E0,1.690396369E-1,7.739577889E-1,-3.231582344E-1
7.221860417E0,-2.668965235E-2,8.185785413E-1,-3.420797288E-1
7.231874417E0,-2.018195987E-1,6.799390316E-1,-3.749691844E-1
7.241888417E0,-3.510074615E-1,5.049057007E-1,-3.840620220E-1
7.251902417E0,-5.077040792E-1,3.315962851E-1,-3.917776048E-1
7.261917250E0,-5.735589862E-1,1.694443822E-1,-4.447886348E-1
7.271931250E0,-4.934248626E-1,-2.721124142E-2,-4.837686419E-1
7.281945250E0,-3.313795030E-1,-2.770261467E-1,-4.367438853E-1
7.291959250E0,-1.586674452E-1,-5.374018550E-1,-3.080070615E-1
7.301973250E0,-1.863179030E-3,-6.949235797E-1,-1.774165481E-1
7.311987250E0,9.105145931E-2,-7.290815711E-1,-1.411471218E-1
7.322001250E0,4.804327339E-2,-6.387655139E-1,-1.342588514E-1
7.332015250E0,-8.359439671E-2,-4.716597497E-1,-1.933938712E-1
7.342029250E0,-2.075182050E-1,-3.280059099E-1,-3.439921737E-1
7.352043250E0,-2.843351066E-1,-2.669781446E-1,-5.341447592E-1
7.362057250E0,-3.853751719E-1,-2.603929341E-1,-7.125475407E-1
7.372071250E0,-4.979640543E-1,-2.985870838E-1,-8.854956031E-1
7.382085250E0,-5.035409927E-1,-3.913385868E-1,-1.005704880E0
7.392099250E0,-4.163500667E-1,-5.027898550E-1,-1.126185536E0
7.402113250E0,-2.862434685E-1,-5.239920616E-1,-1.245003223E0
7.412128250E0,-2.574766576E-1,-3.983709216E-1,-1.306910396E0
7.422142250E0,-3.030641079E-1,-2.377617955E-1,-1.314115047E0
7.432156250E0,-3.152840436E-1,-1.047724336E-1,-1.290022135E0
7.442170250E0,-2.993040383E-1,-5.789413676E-2,-1.258966684E0
7.452184250E0,-2.567850351E-1,-9.104213119E-2,-1.210749269E0
7.462198250E0,-1.844456047E-1,-2.368800342E-1,-1.134235620E0
7.472212250E0,-7.211454958E-2,-4.371112287E-1,-1.073827267E0
7.482226250E0,8.971782401E-3,-5.731343031E-1,-9.785052538E-1
7.492240250E0,2.984196413E-3,-6.196623445E-1,-8.544004560E-1
7.502254250E0,-2.386020124E-2,-5.453497767E-1,-7.490258217E-1
7.512268250E0,-2.699465677E-2,-4.069741666E-1,-7.173590064E-1
7.522282250E0,-2.439487725E-2,-2.162034065E-1,-7.028777599E-1
7.532296250E0,-1.512132492E-2,-5.599646643E-2,-6.288143992E-1
7.542310250E0,7.112061977E-2,-1.360826287E-2,-4.819485247E-1
7.552324250E0,1.969844550E-1,-1.213625669E-1,-2.509821057E-1
7.562338250E0,3.627539575E-1,-2.785388529E-1,1.022153068E-3
7.572352250E0,5.596269965E-1,-3.604447544E-1,2.478121221E-1
7.582366250E0,6.482596993E-1,-2.568264902E-1,4.488703907E-1
7.592380250E0,5.495274067E-1,-4.494672269E-2,5.737500787E-1
7.602394250E0,3.721299767E-1,1.547205746E-1,6.546587944E-1
7.612408250E0,1.341607720E-1,2.472466826E-1,7.243517637E-1
7.622423250E0,-1.795273870E-1,2.860390842E-1,8.016691804E-1
7.632437250E0,-5.502281785E-1,2.753120661E-1,8.577405810E-1
7.642451250E0,-9.018285275E-1,1.989344656E-1,8.820201159E-1
7.652465250E0,-1.173061609E0,1.113129081E-3,8.972826600E-1
7.662479250E0,-1.420681715E0,-2.626670897E-1,9.142984152E-1
7.672493250E0,-1.715692997E0,-4.687805474E-1,9.173889160E-1
7.682507250E0,-1.977419853E0,-5.742049813E-1,8.930649757E-1
7.692521250E0,-2.195192575E0,-5.552817583E-1,8.542581201E-1
7.702535250E0,-2.338481903E0,-4.277930260E-1,7.998222709E-1
7.712549250E0,-2.422817945E0,-2.552384138E-1,7.232311368E-1
7.722563250E0,-2.470782995E0,-7.317832857E-2,6.638474464E-1
7.732577250E0,-2.488626957E0,8.417444676E-2,6.611093283E-1
7.742591250E0,-2.469819307E0,2.025040239E-1,6.689763069E-1
7.752605250E0,-2.388323545E0,2.434475273E-1,6.869479418E-1
7.762619250E0,-2.235254765E0,2.056397051E-1,7.050459981E-1
7.772633250E0,-2.025969267E0,1.053292751E-1,6.969695687E-1
7.782647250E0,-1.762640715E0,5.407475866E-3,6.240301132E-1
7.792661250E0,-1.533108950E0,-1.018322185E-1,4.978587031E-1
7.802675250E0,-1.327122688E0,-2.514603436E-1,4.042690992E-1
7.812689250E0,-1.079165816E0,-4.543923736E-1,3.570253849E-1
7.822704250E0,-7.616570592E-1,-6.722456217E-1,3.301218748E-1
7.832718250E0,-3.796643317E-1,-8.463604450E-1,3.183943629E-1
7.842732250E0,8.685830049E-3,-9.218629003E-1,3.215264976E-1
7.852746250E0,3.408071101E-1,-9.237995744E-1,3.161883056E-1
7.862760250E0,6.418977380E-1,-8.389536738E-1,2.988607287E-1
7.872774250E0,8.953022957E-1,-6.806969047E-1,2.176084071E-1
7.882788250E0,1.122884870E0,-5.382571816E-1,9.925006330E-2
7.892802250E0,1.339341521E0,-4.014527500E-1,3.365110140E-3
7.902816250E0,1.420302391E0,-2.781808972E-1,-6.968779117E-2
7.912830250E0,1.379813552E0,-1.339250952E-1,-1.281566322E-1
7.922844250E0,1.274593353E0,-3.255559504E-2,-1.550119519E-1
7.932858250E0,1.158831000E0,-2.035979368E-2,-1.626304239E-1
7.942872250E0,1.068363667E0,-1.031572074E-1,-1.795170009E-1
7.952886250E0,1.063381553E0,-1.662236005E-1,-2.136148810E-1
7.962900250E0,9.820421934E-1,-1.622229964E-1,-2.194607854E-1
7.972914250E0,7.883972526E-1,-7.552833855E-2,-2.078584284E-1
7.982928250E0,6.159983277E-1,2.276121639E-2,-2.034533024E-1
7.992942250E0,5.349545479E-1,9.688813239E-2,-2.443945259E-1
8.002956250E0,4.755828381E-1,1.478394717E-1,-2.652297616E-1
8.012971250E0,3.684933186E-1,1.556723863E-1,-2.323698699E-1
8.022985250E0,2.615295947E-1,1.536587626E-1,-1.933242083E-1
8.032999250E0,2.388978004E-1,7.945124805E-2,-1.468890607E-1
8.043013250E0,2.095806599E-1,-1.065596342E-1,-9.055788070E-2
8.053027250E0,1.625102758E-1,-3.770487905E-1,-6.808423996E-2
8.063041250E0,8.753136545E-2,-6.254751086E-1,-9.220741689E-2
8.073055250E0,1.808504108E-3,-8.396935463E-1,-1.409896165E-1
8.083069250E0,-7.156744599E-2,-9.776991010E-1,-1.937225908E-1
8.093083250E0,-8.287244290E-2,-1.012308717E0,-2.553151548E-1
8.103097250E0,-1.061884165E-1,-9.383255839E-1,-2.966822982E-1
8.113111250E0,-1.637979895E-1,-8.159090877E-1,-3.174181879E-1
8.123125250E0,-1.768405437E-1,-7.122393847E-1,-3.524235785E-1
8.133139250E0,-1.328339130E-1,-6.618289351E-1,-3.899255097E-1
8.143153250E0,-1.238806397E-1,-6.022388339E-1,-4.057995379E-1
8.153167250E0,-1.600644141E-1,-5.057564378E-1,-4.076077640E-1
8.163181250E0,-1.957225353E-1,-4.081595242E-1,-4.614022970E-1
8.173195250E0,-2.400527000E-1,-3.556419015E-1,-5.736813545E-1
8.183209250E0,-2.684715688E-1,-2.642747164E-1,-7.294986248E-1
8.193223250E0,-2.785469592E-1,-1.573569030E-1,-8.948591352E-1
8.203238250E0,-1.673464030E-1,-1.099955142E-1,-1.031267762E0
8.213252250E0,9.395127743E-2,-1.804466993E-1,-1.114884377E0
8.223266250E0,4.303753674E-1,-3.362639844E-1,-1.088375568E0
8.233280250E0,6.626245975E-1,-5.122748613E-1,-1.003190041E0
8.243294250E0,8.209234476E-1,-5.381224155E-1,-9.876608849E-1
8.253308250E0,8.580618501E-1,-4.839436710E-1,-1.015932083E0
8.263322500E0,8.693720102E-1,-3.793171048E-1,-1.066855788E0
8.273336500E0,8.701763153E-1,-2.535977364E-1,-1.168598533E0
8.283350500E0,8.333432078E-1,-1.522263736E-1,-1.233201981E0
8.293364500E0,7.808693647E-1,-1.707134768E-2,-1.252172232E0
8.303378500E0,7.742719650E-1,2.932438068E-2,-1.265162587E0
8.313392500E0,8.562409282E-1,-9.478349984E-2,-1.272539377E0
8.323406500E0,1.031165481E0,-2.165384293E-1,-1.258623004E0
8.333420500E0,1.168866515E0,-1.814231128E-1,-1.224212766E0
8.343434500E0,1.114811063E0,-1.114331186E-3,-1.219995379E0
8.353448500E0,9.213407636E-1,2.477697730E-1,-1.234271526E0
8.363462500E0,6.636101604E-1,3.212578297E-1,-1.252532005E0
8.373476500E0,4.637655020E-1,2.629446089E-1,-1.260091901E0
8.383491500E0,2.836742997E-1,1.463995315E-3,-1.253033519E0
8.393505500E0,1.784510016E-1,-2.677531838E-1,-1.169516921E0
8.403519500E0,3.794821724E-2,-5.317861438E-1,-1.041932583E0
8.413533500E0,-1.032220349E-1,-6.852732301E-1,-9.134532809E-1
8.423547500E0,-2.184809893E-1,-7.587977648E-1,-7.935439348E-1
8.433561500E0,-3.320452571E-1,-7.600245476E-1,-6.655713916E-1
8.443575500E0,-4.415523112E-1,-6.591959596E-1,-5.276576877E-1
8.453589500E0,-5.301786661E-1,-5.317092538E-1,-4.106069207E-1
8.463603500E0,-5.361643434E-1,-4.376719594E-1,-3.188050985E-1
8.473617500E0,-4.737770557E-1,-3.835143745E-1,-2.211735100E-1
8.483631500E0,-3.979723155E-1,-3.575642705E-1,-9.129007906E-2
8.493645500E0,-3.001852930E-1,-3.461389542E-1,3.946167976E-2
8.503659500E0,-1.940817535E-1,-3.195605874E-1,1.533435136E-1
8.513673500E0,-8.048453927E-2,-2.655404508E-1,2.745071054E-1
8.523687500E0,2.458515391E-2,-1.988911331E-1,4.042033255E-1
8.533701500E0,6.266638637E-2,-1.045472473E-1,5.509343147E-1
8.543715500E0,6.772559136E-2,-6.289008260E-2,6.399930716E-1
8.553729500E0,3.739866614E-2,-1.104663238E-1,6.799882054E-1
8.563744500E0,-1.046468914E-1,-1.871858686E-1,7.526869178E-1
8.573758500E0,-2.796267271E-1,-2.099665105E-1,8.793244958E-1
8.583772500E0,-4.026807547E-1,-2.758118510E-1,1.010781050E0
8.593786500E0,-4.704453349E-1,-4.182261825E-1,1.114617586E0
8.603800500E0,-5.144084692E-1,-4.897128940E-1,1.187225819E0
8.613814500E0,-5.691597462E-1,-4.619568884E-1,1.226846695E0
8.623828500E0,-6.217489243E-1,-3.477778435E-1,1.276589751E0
8.633842500E0,-6.432265639E-1,-2.332311869E-1,1.336117268E0
8.643856500E0,-6.228312850E-1,-1.424093992E-1,1.393118739E0
8.653870500E0,-6.046618223E-1,1.508608088E-2,1.414454699E0
8.663884500E0,-5.439345241E-1,1.619319767E-1,1.351537466E0
8.673898500E0,-4.036468565E-1,3.278480768E-1,1.252234936E0
8.683912500E0,-2.963574231E-1,4.573384523E-1,1.169981599E0
8.693926500E0,-2.684737742E-1,4.928070903E-1,1.107736349E0
8.703940500E0,-2.142320871E-1,3.647740185E-1,1.006210685E0
8.713954500E0,-1.264315695E-1,1.192943826E-1,8.674246073E-1
8.723968500E0,2.165562660E-2,-1.364769489E-1,7.410855889E-1
8.733982500E0,1.809145063E-1,-3.158345520E-1,6.440308094E-1
8.743997500E0,2.872353494E-1,-4.027380347E-1,5.458371639E-1
8.754011500E0,4.195295572E-1,-4.406784177E-1,4.462071657E-1
8.764025500E0,5.604299307E-1,-4.434643686E-1,3.350854516E-1
8.774039500E0,7.137281895E-1,-3.662456572E-1,2.139356434E-1
8.784053500E0,7.825155258E-1,-1.721901447E-1,8.687064797E-2
8.794067500E0,7.143475413E-1,1.078012064E-1,1.131797489E-2
8.804081500E0,6.233620048E-1,3.358631432E-1,-2.650423907E-2
8.814095500E0,5.569479465E-1,4.616120756E-1,-2.043366060E-2
8.824109500E0,4.942869842E-1,4.012384713E-1,-3.242689651E-3
8.834123500E0,4.617118537E-1,2.231996208E-1,3.140746802E-2
8.844137500E0,4.681876004E-1,-2.824200783E-3,9.282661974E-2
8.854151500E0,4.687392712E-1,-2.499802113E-1,1.508374959E-1
8.864165500E0,4.428480268E-1,-5.690082908E-1,1.924504489E-1
8.874179500E0,3.445242345E-1,-8.208043575E-1,2.035088539E-1
8.884193500E0,1.163810864E-1,-8.335071206E-1,1.779643446E-1
8.894207500E0,-2.896054387E-1,-6.717879772E-1,9.028293937E-2
8.904221500E0,-7.819043398E-1,-4.281787574E-1,-3.785984591E-2
8.914236500E0,-1.252763987E0,-2.458406389E-1,-2.151468396E-1
8.924250500E0,-1.612075567E0,-1.802192777E-1,-3.764196038E-1
8.934264500E0,-1.864661217E0,-2.111450881E-1,-4.838497043E-1
8.944278500E0,-2.114027977E0,-3.432405293E-1,-5.472374558E-1
8.954292500E0,-2.352270126E0,-4.730630517E-1,-5.710392594E-1
8.964306500E0,-2.551873446E0,-5.619396567E-1,-5.958026648E-1
8.974320500E0,-2.697933674E0,-5.914267302E-1,-6.463454962E-1
8.984334500E0,-2.765063047E0,-5.450581908E-1,-6.893187761E-1
8.994348500E0,-2.752871275E0,-4.284549356E-1,-6.965735555E-1
9.004362500E0,-2.680482864E0,-2.620403767E-1,-6.782688498E-1
9.014376500E0,-2.525942326E0,-1.060675085E-1,-6.393679380E-1
9.024390500E0,-2.301167727E0,3.476551175E-2,-5.725316405E-1
9.034404500E0,-2.023504734E0,1.807532907E-1,-4.515068829E-1
9.044418500E0,-1.676138163E0,2.957307398E-1,-2.927835584E-1
9.054432500E0,-1.287136316E0,3.497785330E-1,-1.144745424E-1
9.064446500E0,-8.761284947E-1,3.552406728E-1,7.116993517E-2
9.074460500E0,-4.473113716E-1,2.672535181E-1,2.658106089E-1
9.084475500E0,2.618536167E-2,1.189660430E-1,4.381932914E-1
9.094489500E0,5.562905073E-1,-3.514419496E-2,5.924060941E-1
9.104503500E0,1.107017040E0,-2.347398698E-1,7.438718081E-1
9.114517500E0,1.662601948E0,-4.238708019E-1,9.189736247E-1
9.124531500E0,2.168126345E0,-4.918453395E-1,1.086303949E0
9.134545500E0,2.497235060E0,-4.435350597E-1,1.125944018E0
9.144559500E0,2.672952175E0,-2.221672386E-1,1.146643162E0
9.154573500E0,2.746439219E0,5.606573075E-2,1.201423645E0
9.164587500E0,2.770226240E0,2.954727113E-1,1.134323120E0
9.174601500E0,2.732157230E0,4.495900571E-1,9.542655945E-1
9.184615500E0,2.520104647E0,3.974632025E-1,7.653521299E-1
9.194629500E0,2.126289845E0,8.067669719E-2,6.252177954E-1
9.204643500E0,1.595793486E0,-3.869975507E-1,5.167267323E-1
9.214657500E0,9.726156592E-1,-7.625166774E-1,3.600190878E-1
9.224671500E0,3.478077352E-1,-8.874384165E-1,1.299246401E-1
9.234685500E0,-2.164473683E-1,-7.638174891E-1,-1.830086410E-1
9.244700500E0,-6.449180245E-1,-4.336187541E-1,-5.471535921E-1
9.254714500E0,-9.377872348E-1,4.156227410E-2,-9.318618774E-1
9.264728000E0,-1.114015460E0,5.516889691E-1,-1.336357117E0
9.274742000E0,-1.159500241E0,1.078635216E0,-1.691893935E0
9.284756000E0,-1.095480323E0,1.580005169E0,-1.819285393E0
9.294770000E0,-9.028832316E-1,1.806980610E0,-1.721050382E0
9.304784000E0,-5.584251881E-1,1.671974063E0,-1.473173976E0
9.314798000E0,-1.004351526E-1,1.303028822E0,-1.189697266E0
9.324812000E0,4.610881209E-1,9.326211810E-1,-9.091212749E-1
9.334826000E0,9.474355578E-1,7.077150941E-1,-6.058842540E-1
9.344840000E0,1.136497617E0,7.750259638E-1,-3.313485980E-1
9.354854000E0,1.122414827E0,1.133700609E0,-5.888669938E-2
9.364868000E0,1.032177329E0,1.673676729E0,2.772481740E-1
9.374882000E0,1.104992390E0,2.038686752E0,5.645737052E-1
9.384896000E0,1.500533581E0,1.983085990E0,7.573590875E-1
9.394910000E0,2.170705318E0,1.688474298E0,7.849054933E-1
9.404924000E0,2.773819208E0,1.457304716E0,7.518948317E-1
9.414939000E0,3.127486944E0,1.456768751E0,7.024973035E-1
9.424953000E0,3.275820971E0,1.679081798E0,7.765289545E-1
9.434967000E0,3.383724928E0,1.849525213E0,9.454119205E-1
9.444981000E0,3.571724176E0,1.748157024E0,1.193485856E0
9.454995000E0,3.900258541E0,1.452572703E0,1.475716591E0
9.465009000E0,4.136053085E0,1.128675103E0,1.726364493E0
9.475023000E0,4.171404362E0,9.711571336E-1,1.905022860E0
9.485037000E0,4.086502552E0,9.300475121E-1,2.033035994E0
9.495051000E0,4.078689575E0,9.005465508E-1,2.146150351E0
9.505065000E0,4.251688957E0,7.995802760E-1,2.227837801E0
9.515079000E0,4.379534721E0,7.247129083E-1,2.306363106E0
9.525093000E0,4.219604969E0,9.265011549E-1,2.343060017E0
9.535107000E0,3.690396309E0,1.354494333E0,2.335288286E0
9.545121000E0,2.962561607E0,1.400568962E0,1.891438723E0
9.555135000E0,2.139335394E0,1.246243238E0,1.573093653E0
9.565149000E0,1.519263506E0,6.979379058E-1,1.352061391E0
9.575164000E0,1.254194260E0,-4.524396956E-1,1.294258475E0
9.585178000E0,1.396138310E0,-2.071091175E0,1.368974566E0
9.595192000E0,1.532387853E0,-3.373921394E0,1.601555347E0
9.605206000E0,1.250938892E0,-4.010038376E0,1.807795048E0
9.615220000E0,5.777090192E-1,-3.955087423E0,1.796620131E0
9.625234000E0,-3.689557910E-1,-3.257269621E0,1.588391542E0
9.635248000E0,-1.404101968E0,-2.290487289E0,1.261818886E0
9.645262000E0,-2.178869486E0,-1.449160933E0,1.064480543E0
9.655276000E0,-2.694426537E0,-1.084852099E0,1.125179768E0
9.665290000E0,-3.141988277E0,-1.257144570E0,1.345206380E0
9.675304000E0,-3.509561777E0,-1.780831337E0,1.533085704E0
9.685318000E0,-3.840131044E0,-2.480778456E0,1.600286841E0
9.695332000E0,-4.183336258E0,-3.051130772E0,1.543502808E0
9.705346000E0,-4.572767735E0,-3.329565287E0,1.375426412E0
9.715360000E0,-5.019255161E0,-3.394212008E0,1.158398032E0
9.725374000E0,-5.444071770E0,-3.382622242E0,1.050044060E0
9.735389000E0,-5.791571617E0,-3.347372055E0,1.072137237E0
9.745403000E0,-6.044001102E0,-3.263505459E0,1.155093193E0
9.755417000E0,-6.330322742E0,-3.105764151E0,1.403005362E0
9.765431000E0,-6.560564041E0,-2.975054741E0,1.573650599E0
9.775445000E0,-6.554279804E0,-2.957998514E0,1.570176721E0
9.785459000E0,-6.382774830E0,-3.028608322E0,1.487599611E0
9.795473000E0,-6.206059933E0,-3.069481134E0,1.431235433E0
9.805487000E0,-6.089620113E0,-2.944317341E0,1.394967079E0
9.815501000E0,-6.113913536E0,-2.732523680E0,1.260009289E0
9.825515000E0,-6.185848713E0,-2.427399397E0,1.109413743E0
9.835529000E0,-6.349059105E0,-2.018649817E0,1.013480186E0
9.845543000E0,-6.410299301E0,-1.494453073E0,8.304337263E-1
9.855557000E0,-6.014462471E0,-9.912719131E-1,5.610572696E-1
9.865571000E0,-5.253119469E0,-7.585824728E-1,3.440138698E-1
9.875585000E0,-4.281226158E0,-6.264092922E-1,2.464889288E-1
9.885599000E0,-3.433540821E0,-4.037948251E-1,2.164633870E-1
9.895614000E0,-2.710136414E0,-9.331510216E-2,2.229707986E-1
9.905628000E0,-2.022766113E0,5.545334145E-2,1.198231056E-1
9.915642000E0,-1.382283568E0,5.645909533E-2,-1.132245511E-1
9.925656000E0,-8.112428784E-1,-7.151591778E-2,-3.144465983E-1
9.935670000E0,-2.698813975E-1,-4.002656341E-1,-3.316289186E-1
9.945684000E0,2.315175384E-1,-8.077820539E-1,-1.538139284E-1
9.955698000E0,5.896640420E-1,-1.156895399E0,1.446500421E-1
9.965712000E0,9.067804217E-1,-1.346765637E0,4.568801224E-1
9.975726000E0,1.255726576E0,-1.244093180E0,7.109261155E-1
9.985740000E0,1.490224481E0,-9.299438596E-1,8.908963799E-1
9.995754000E0,1.673377752E0,-5.401968956E-1,1.045373917E0
1.000576800E1,1.944752455E0,-1.190930903E-1,1.155972362E0
1.001578200E1,2.290184498E0,1.944909841E-1,1.117569804E0
1.002579600E1,2.594067335E0,5.476631522E-1,8.648282886E-1
1.003581000E1,2.648773432E0,1.071138263E0,6.147543788E-1
1.004582400E1,2.660790682E0,1.783329844E0,4.882430136E-1
1.005583800E1,2.791992188E0,2.423933029E0,5.288407207E-1
1.006585300E1,3.093348026E0,2.733460903E0,6.233403087E-1
1.007586700E1,3.520536900E0,2.582588911E0,7.361194491E-1
1.008588100E1,3.825738907E0,2.263319016E0,8.831847906E-1
1.009589500E1,3.924369097E0,2.063970566E0,9.977791905E-1
1.010590900E1,3.906239271E0,2.018014431E0,1.121458530E0
1.011592300E1,4.103876591E0,2.015479326E0,1.321641922E0
1.012593700E1,4.442664146E0,1.850350618E0,1.423177838E0
1.013595100E1,4.885498524E0,1.496098757E0,1.538665414E0
1.014596500E1,5.225712299E0,1.174434543E0,1.595577717E0
1.015597900E1,5.250083923E0,1.272512436E0,1.491540432E0
1.016599300E1,5.108529568E0,1.709594965E0,1.391916633E0
1.017600700E1,4.970036030E0,2.208418369E0,1.260024905E0
1.018602100E1,4.922855377E0,2.437601328E0,1.144071937E0
1.019603500E1,4.820539474E0,2.441484451E0,1.018197417E0
1.020604900E1,4.315250397E0,2.215290785E0,9.260638952E-1
1.021606400E1,3.472949505E0,1.881249070E0,7.747923136E-1
1.022607800E1,2.531614542E0,1.517258286E0,4.514549971E-1
1.023609200E1,1.754645705E0,1.123551369E0,1.367089599E-1
1.024610600E1,1.251450777E0,7.683351636E-1,-8.159619570E-2
1.025612000E1,1.127716780E0,5.704121590E-1,-2.170722634E-1
1.026613475E1,1.055428743E0,6.153509021E-1,-2.182206213E-1
1.027614875E1,6.438367367E-1,8.471879363E-1,-2.272074670E-1
1.028616275E1,-1.311555225E-2,9.869801402E-1,-3.259497583E-1
1.029617675E1,-6.292094588E-1,8.552440405E-1,-4.164532721E-1
1.030619075E1,-1.021774054E0,5.975970626E-1,-3.800736964E-1
1.031620475E1,-1.270138502E0,2.533259094E-1,-2.080599368E-1
1.032621875E1,-1.367621303E0,-1.019581407E-1,-6.423431635E-2
1.033623275E1,-1.465446591E0,-6.301159263E-1,5.174871534E-2
1.034624675E1,-1.564933777E0,-1.376132727E0,1.501791477E-1
1.035626075E1,-1.610299110E0,-1.893937588E0,3.105180562E-1
1.036627475E1,-1.583992600E0,-1.929582953E0,5.721275210E-1
1.037628875E1,-1.507062435E0,-1.543243885E0,8.248764277E-1
1.038630375E1,-1.487572074E0,-1.062083960E0,1.082838416E0
1.039631775E1,-1.565327525E0,-7.535831928E-1,1.301464319E0
1.040633175E1,-1.914859414E0,-5.948351026E-1,1.604900956E0
1.041634575E1,-2.240613699E0,-6.738753319E-1,1.969713688E0
1.042635975E1,-2.298823833E0,-9.623407125E-1,2.216207266E0
1.043637375E1,-2.162241936E0,-1.201411009E0,2.397039175E0
1.044638775E1,-2.122600794E0,-1.309030890E0,2.635777473E0
1.045640175E1,-2.046586514E0,-1.250091910E0,2.952121019E0
1.046641575E1,-1.939621806E0,-1.091659069E0,3.275587797E0
1.047642975E1,-1.854748249E0,-8.457314968E-1,3.570923328E0
1.048644375E1,-1.742702961E0,-6.432204843E-1,3.849717617E0
1.049645775E1,-1.639999270E0,-6.351094842E-1,4.077507019E0
1.050647175E1,-1.592124343E0,-8.094775677E-1,4.376462460E0
1.051648575E1,-1.623841286E0,-1.093879580E0,4.755860329E0
1.052649975E1,-1.640304685E0,-1.292309642E0,5.007357597E0
1.053651375E1,-1.650653362E0,-1.330873609E0,5.172193527E0
1.054652875E1,-1.665982485E0,-1.158217907E0,5.386914253E0
1.055654275E1,-1.658207297E0,-6.465628147E-1,5.623349667E0
1.056655675E1,-1.677181005E0,8.305967599E-2,5.793158531E0
1.057657075E1,-1.704626560E0,7.480307817E-1,5.912859917E0
1.058658475E1,-1.823093653E0,8.605930209E-1,5.897262573E0
1.059659875E1,-1.957365870E0,5.723305345E-1,5.726307392E0
1.060661275E1,-2.008053780E0,1.841891706E-1,5.451212406E0
1.061662675E1,-2.043063402E0,8.812481537E-3,5.241788864E0
1.062664075E1,-2.135365248E0,3.728804588E-1,5.113484383E0
1.063665475E1,-2.353677273E0,1.228788495E0,5.003380299E0
1.064666875E1,-2.668092489E0,2.265779495E0,4.839497089E0
1.065668275E1,-2.920661926E0,3.319741488E0,4.591516972E0
1.066669675E1,-2.867856979E0,3.793146372E0,4.260730267E0
1.067671075E1,-2.472975016E0,2.872609138E0,3.793716431E0
1.068672475E1,-1.630075455E0,1.281573176E0,3.124660254E0
1.069673875E1,-9.128373861E-1,1.198769584E-1,2.521133661E0
1.070675375E1,-6.028222442E-1,-3.997528926E-2,2.055706263E0
1.071676775E1,-5.369164348E-1,7.129972577E-1,1.650181890E0
1.072678175E1,-6.310032010E-1,1.856925249E0,1.237325311E0
1.073679575E1,-6.134327650E-1,2.961884260E0,8.317604065E-1
1.074680975E1,-2.464736551E-1,3.565280437E0,5.453145504E-1
1.075682375E1,4.265730083E-1,3.261798143E0,3.809146583E-1
1.076683775E1,1.073415995E0,2.623013496E0,1.355216801E-1
1.077685175E1,1.387908220E0,2.073170662E0,-2.197387516E-1
1.078686575E1,1.441366076E0,1.700599194E0,-6.020573974E-1
1.079687975E1,1.452754736E0,1.665194511E0,-9.193274975E-1
1.080689375E1,1.756040573E0,1.615771890E0,-1.051072955E0
1.081690775E1,2.306381226E0,1.364242792E0,-1.013360739E0
1.082692175E1,2.856087923E0,1.233617425E0,-1.019550920E0
1.083693575E1,3.120379686E0,1.488857508E0,-1.148294568E0
1.084694975E1,3.048822165E0,2.107022762E0,-1.386792660E0
1.085696375E1,2.853387117E0,2.775934219E0,-1.651194453E0
1.086697875E1,2.760437012E0,3.272898912E0,-1.829207301E0
1.087699275E1,2.791390419E0,3.395146132E0,-1.826597571E0
1.088700675E1,3.212427139E0,2.933598995E0,-1.721398473E0
1.089702075E1,3.742368221E0,2.005870581E0,-1.659506798E0
1.090703475E1,4.077793598E0,1.286681414E0,-1.745416880E0
1.091704875E1,4.113161087E0,1.173762083E0,-1.907854199E0
1.092706275E1,4.164091587E0,1.546545267E0,-2.037217617E0
1.093707675E1,4.292318344E0,2.084975243E0,-2.095272064E0
1.094709075E1,4.196017742E0,2.484212160E0,-2.072971821E0
1.095710475E1,3.916049719E0,2.617447138E0,-1.993693829E0
1.096711875E1,3.506309748E0,2.527520895E0,-1.887859344E0
1.097713275E1,2.959222794E0,2.146219015E0,-1.816097736E0
1.098714675E1,2.497365236E0,1.600855827E0,-1.739793420E0
1.099716075E1,2.151229143E0,1.048253894E0,-1.622348785E0
1.100717475E1,1.939881802E0,6.511981487E-1,-1.547756314E0
1.101718875E1,1.744931579E0,5.292385221E-1,-1.508360982E0
1.102720375E1,1.425039530E0,5.917205215E-1,-1.439663649E0
1.103721775E1,1.034348130E0,6.415294409E-1,-1.302459002E0
1.104723175E1,6.506305337E-1,6.498917937E-1,-1.045092463E0
1.105724575E1,2.953502238E-1,7.121003270E-1,-6.986954808E-1
1.106725975E1,-8.133126795E-2,7.256006598E-1,-4.357965291E-1
1.107727375E1,-4.406328797E-1,5.472407937E-1,-3.570467234E-1
1.108728775E1,-7.138132453E-1,2.800551355E-1,-4.457166791E-1
1.109730175E1,-9.357682467E-1,-4.014908895E-2,-5.819808245E-1
1.110731575E1,-1.093310475E0,-4.109995961E-1,-6.137946844E-1
1.111732975E1,-1.222560406E0,-7.297762632E-1,-5.956215262E-1
1.112734375E1,-1.267773151E0,-8.932804465E-1,-5.258656144E-1
1.113735775E1,-1.239290476E0,-9.492300153E-1,-3.633408844E-1
1.114737175E1,-1.107485056E0,-9.087361097E-1,-1.699703634E-1
1.115738575E1,-7.601551414E-1,-8.163520098E-1,7.885083556E-3
1.116739975E1,-2.753914297E-1,-7.461705208E-1,1.491114497E-1
1.117741375E1,1.602540463E-1,-6.644371748E-1,3.205825686E-1
1.118742775E1,5.588770509E-1,-4.677419364E-1,6.071205735E-1
1.119744275E1,7.757428288E-1,-1.376065165E-1,8.988229632E-1
1.120745675E1,6.645100713E-1,2.399426401E-1,1.012594104E0
1.121747075E1,4.203007519E-1,5.180625319E-1,1.077422380E0
1.122748475E1,2.449377477E-1,5.019522309E-1,1.179835200E0
1.123749875E1,1.333933026E-1,1.946528107E-1,1.331660032E0
1.124751275E1,5.406439677E-2,-1.346406639E-1,1.550317883E0
1.125752675E1,8.511443436E-2,-3.082007766E-1,1.777321815E0
1.126753950E1,1.548556983E-1,-2.700975835E-1,2.003176212E0
1.127755350E1,1.186051071E-1,-1.070181504E-1,2.402860165E0
1.128756750E1,-1.408822555E-2,2.669253647E-1,2.933214664E0
1.129758150E1,-1.889010519E-1,8.502078652E-1,3.545555830E0
1.130759550E1,-5.006232262E-1,1.546794057E0,4.268753529E0
1.131760950E1,-8.243714571E-1,2.028282642E0,4.895515442E0
1.132762350E1,-8.993349075E-1,2.163668633E0,5.295611858E0
1.133763750E1,-7.724912167E-1,1.856087446E0,5.462121487E0
1.134765150E1,-3.140216172E-1,1.057409167E0,5.386682510E0
1.135766650E1,3.555472493E-1,3.539288789E-2,5.205796242E0
1.136768050E1,9.492824674E-1,-8.444984555E-1,5.134845257E0
1.137769450E1,1.335761070E0,-1.189487815E0,5.236857891E0
1.138770850E1,1.461465955E0,-9.205875993E-1,5.345080376E0
1.139772250E1,1.477109075E0,-2.207441032E-1,5.328920364E0
1.140773650E1,1.314671636E0,6.438471675E-1,5.216253757E0
1.141775050E1,8.612861037E-1,1.598305106E0,5.040238857E0
1.142776450E1,2.972552478E-1,1.698516846E0,4.681937695E0
1.143777850E1,1.655841023E-1,8.776621819E-1,4.105038643E0
1.144779250E1,3.269481957E-1,9.559191018E-2,3.421275616E0
1.145780650E1,4.600617290E-1,-2.405542433E-1,2.783849239E0
1.146782050E1,4.881902933E-1,-1.841647476E-1,2.229620457E0
1.147783450E1,4.955127835E-1,1.377295107E-1,1.752215266E0
1.148784850E1,4.367961884E-1,5.474746823E-1,1.369810343E0
1.149786250E1,3.227091134E-1,8.148885965E-1,1.125966191E0
1.150787650E1,2.374067456E-1,7.700396180E-1,9.768156409E-1
1.151789050E1,3.050190508E-1,2.770704627E-1,8.666617274E-1
1.152790550E1,7.475624084E-1,-4.263358712E-1,7.389922142E-1
1.153791950E1,1.297951698E0,-9.352856874E-1,5.430543423E-1
1.154793350E1,1.656524658E0,-1.097511053E0,2.067152262E-1
1.155794750E1,1.759852052E0,-1.089965701E0,-1.761635691E-1
1.156796150E1,1.769962549E0,-1.019027114E0,-4.763090014E-1
1.157797550E1,1.784823656E0,-1.011084437E0,-7.476877570E-1
1.158798950E1,1.836140156E0,-9.891611338E-1,-1.172073364E0
1.159800350E1,1.713121891E0,-1.004681587E0,-1.692888498E0
1.160801750E1,1.571284652E0,-8.165173531E-1,-2.134226799E0
1.161803150E1,1.275713444E0,-6.740763187E-1,-2.439399958E0
1.162804550E1,9.378642440E-1,-8.512903452E-1,-2.697857857E0
1.163805950E1,8.541456461E-1,-1.159511566E0,-2.944643736E0
1.164807350E1,8.264479637E-1,-1.483264089E0,-3.212924480E0
1.165808750E1,6.807552576E-1,-1.789119244E0,-3.471087456E0
1.166810150E1,4.654727280E-1,-1.861359119E0,-3.710468769E0
1.167811550E1,1.448819935E-1,-1.800430775E0,-3.902364254E0
1.168812950E1,-3.212138116E-1,-1.867092848E0,-4.131449223E0
1.169814450E1,-8.841957450E-1,-2.112350464E0,-4.392283916E0
1.170815850E1,-1.387246370E0,-2.430010796E0,-4.608675957E0
1.171817250E1,-1.774520040E0,-2.752775669E0,-4.733181953E0
1.172818650E1,-2.057934046E0,-3.024532795E0,-4.753381252E0
1.173820050E1,-2.240138531E0,-3.138371706E0,-4.714824200E0
1.174821450E1,-2.387646914E0,-3.031409264E0,-4.614440918E0
1.175822850E1,-2.515696764E0,-2.729014397E0,-4.474427700E0
1.176824250E1,-2.641115904E0,-2.270723104E0,-4.318768501E0
1.177825650E1,-2.810940266E0,-1.670416474E0,-4.149219513E0
1.178827050E1,-3.007448196E0,-1.040826559E0,-3.985933542E0
1.179828450E1,-3.128097534E0,-5.381929874E-1,-3.830114841E0
1.180829850E1,-3.082303762E0,-4.373550713E-1,-3.668218613E0
1.181831250E1,-2.772025585E0,-8.324115872E-1,-3.481286526E0
1.182832650E1,-2.227679968E0,-1.513634682E0,-3.234967232E0
1.183834050E1,-1.673255324E0,-2.025516987E0,-2.926730871E0
1.184835450E1,-1.364068389E0,-2.130147696E0,-2.577363253E0
1.185836850E1,-1.271166444E0,-1.897075891E0,-2.144233704E0
1.186838350E1,-1.182447791E0,-1.561936259E0,-1.660337925E0
1.187839750E1,-8.834739923E-1,-1.346575260E0,-1.219617367E0
1.188841150E1,-4.143001139E-1,-1.236461282E0,-9.132587314E-1
1.189842550E1,-1.744407788E-2,-1.123988628E0,-6.973588467E-1
1.190843950E1,2.575392723E-1,-9.482259154E-1,-4.462275505E-1
1.191845350E1,5.311720371E-1,-7.694370747E-1,-2.121311426E-1
1.192846750E1,8.391932845E-1,-8.133174777E-1,-1.193838567E-2
1.193848150E1,1.026986599E0,-1.091634035E0,2.182316184E-1
1.194849550E1,1.102433681E0,-1.316536427E0,3.817587793E-1
1.195850950E1,1.010846972E0,-1.289039016E0,4.496895075E-1
1.196852350E1,8.287696242E-1,-9.343429804E-1,4.350335896E-1
1.197853750E1,6.976981163E-1,-3.957694769E-1,3.052645624E-1
1.198855150E1,6.441744566E-1,2.633101642E-1,7.523882389E-2
1.199856550E1,5.622529984E-1,9.936436415E-1,-1.149151474E-1
1.200857950E1,4.608941078E-1,1.612327933E0,-1.533419043E-1
1.201859350E1,4.188486636E-1,1.866227508E0,-3.824061528E-2
1.202860750E1,5.851148963E-1,1.659752965E0,9.727407247E-2
1.203862150E1,1.002856851E0,1.391675591E0,1.896352321E-1
1.204863650E1,1.352106452E0,1.368248105E0,2.904209793E-1
1.205865050E1,1.577020645E0,1.590201378E0,3.925033510E-1
1.206866450E1,1.829464078E0,1.883161902E0,4.843706787E-1
1.207867850E1,2.091612101E0,2.081722498E0,5.592418909E-1
1.208869250E1,2.343225718E0,1.962890029E0,6.483678222E-1
1.209870650E1,2.705169201E0,1.661458969E0,7.067115903E-1
1.210872050E1,3.098217726E0,1.331611037E0,7.254224420E-1
1.211873450E1,3.434723616E0,1.233360887E0,8.116971850E-1
1.212874850E1,3.634101629E0,1.471339107E0,9.228101373E-1
1.213876250E1,3.739636898E0,1.937039971E0,9.741417170E-1
1.214877650E1,3.814263582E0,2.316650629E0,1.016189218E0
1.215879050E1,4.040957928E0,2.329619884E0,1.082537174E0
1.216880450E1,4.488321304E0,1.857514739E0,1.182630301E0
1.217881850E1,4.907869816E0,1.001219869E0,1.243523479E0
1.218883250E1,5.243192673E0,4.361399710E-1,1.152479291E0
1.219884650E1,5.313799381E0,4.435034692E-1,9.578908682E-1
1.220886050E1,5.009090900E0,6.243323088E-1,8.176727891E-1
1.221887550E1,4.476309776E0,8.416589499E-1,8.380725980E-1
1.222888950E1,3.893435478E0,9.990110397E-1,9.978846312E-1
1.223890350E1,3.472653866E0,1.073026896E0,1.163232207E0
1.224891750E1,3.314438343E0,1.056610703E0,1.220778584E0
1.225893150E1,3.305934668E0,9.514635205E-1,1.174375772E0
1.226894588E1,3.509148359E0,8.936880827E-1,1.011266708E0
1.227895988E1,3.632021189E0,5.365132093E-1,9.214327335E-1
1.228897388E1,3.545732021E0,2.098120302E-1,8.986510038E-1
1.229898788E1,3.105794668E0,1.181595102E-1,8.537539244E-1
1.230900188E1,2.389266253E0,2.003603727E-1,7.377673984E-1
1.231901588E1,1.720645547E0,2.969064415E-1,5.878523588E-1
1.232902987E1,1.326921225E0,2.662545145E-1,4.142161310E-1
1.233904388E1,1.267730355E0,1.136976853E-2,2.002660185E-1
1.234905788E1,1.397649646E0,-4.613418579E-1,-4.744897783E-2
1.235907188E1,1.612530828E0,-8.877577186E-1,-2.442268878E-1
1.236908588E1,1.706840992E0,-1.092027545E0,-3.815772831E-1
1.237909988E1,1.554380298E0,-1.137923717E0,-5.371705294E-1
1.238911488E1,1.173691750E0,-1.146282077E0,-6.897078753E-1
1.239912888E1,6.052139997E-1,-1.135896087E0,-8.864271641E-1
1.240914287E1,-4.087166861E-3,-1.223966122E0,-1.194965601E0
1.241915688E1,-5.846599936E-1,-1.271723747E0,-1.530999303E0
1.242917088E1,-1.161337137E0,-1.239179611E0,-1.797871232E0
1.243918488E1,-1.619343400E0,-1.402623057E0,-1.941631317E0
1.244919888E1,-1.816962242E0,-1.663140893E0,-2.000323772E0
1.245921288E1,-1.948157430E0,-1.847108006E0,-1.994362235E0
1.246922688E1,-2.148683548E0,-1.785276532E0,-1.938624382E0
1.247924087E1,-2.502261639E0,-1.527043939E0,-1.879010201E0
1.248925488E1,-2.884802341E0,-1.249135852E0,-1.828066230E0
1.249926888E1,-3.168459415E0,-1.086909533E0,-1.772332311E0
1.250928288E1,-3.318634987E0,-1.096921206E0,-1.729091644E0
1.251929688E1,-3.412572145E0,-1.118353367E0,-1.661911488E0
1.252931088E1,-3.515312910E0,-1.179785371E0,-1.579214215E0
1.253932488E1,-3.558263063E0,-1.399025917E0,-1.549097180E0
1.254933888E1,-3.551419735E0,-1.721205235E0,-1.563803673E0
1.255935288E1,-3.552095175E0,-1.984406948E0,-1.546305656E0
1.256936788E1,-3.539961576E0,-1.999752164E0,-1.448242545E0
1.257938188E1,-3.453055859E0,-1.765778899E0,-1.312046766E0
1.258939588E1,-3.288140297E0,-1.355130911E0,-1.151993155E0
1.259940988E1,-3.188236713E0,-9.157797098E-1,-9.307005405E-1
1.260942388E1,-3.137081623E0,-7.297198772E-1,-7.163515091E-1
1.261943788E1,-2.970999479E0,-9.165289998E-1,-6.228287816E-1
1.262945188E1,-2.685770512E0,-1.336007833E0,-5.891416073E-1
1.263946588E1,-2.406920195E0,-1.730157018E0,-5.252867341E-1
1.264947988E1,-2.173926353E0,-1.928735018E0,-4.284952283E-1
1.265949388E1,-1.932327628E0,-1.853264809E0,-3.538679481E-1
1.266950787E1,-1.715057850E0,-1.570318580E0,-2.882431448E-1
1.267952188E1,-1.544457793E0,-1.157879353E0,-2.223552167E-1
1.268953588E1,-1.348949194E0,-5.330964923E-1,-2.037482411E-1
1.269954988E1,-1.221695662E0,1.236148328E-1,-2.095622867E-1
1.270956388E1,-1.078776479E0,4.199503660E-1,-2.304899395E-1
1.271957788E1,-8.228620887E-1,3.050230443E-1,-2.841599286E-1
1.272959188E1,-5.035037994E-1,7.317728549E-2,-3.730437160E-1
1.273960588E1,-2.631780505E-1,-1.182065979E-1,-4.319843948E-1
1.274961988E1,-5.164581165E-2,-1.302150488E-1,-4.530894160E-1
1.275963488E1,2.176612169E-1,-1.512000710E-1,-4.838740230E-1
1.276964888E1,5.438936949E-1,-2.857490778E-1,-5.049233437E-1
1.277966288E1,8.998038173E-1,-2.939200699E-1,-4.390186667E-1
1.278967688E1,1.153084040E0,-1.271326840E-1,-2.928366661E-1
1.279969088E1,1.252194166E0,1.197417229E-1,-7.443064451E-2
1.280970488E1,1.295846581E0,3.751420677E-1,5.359442905E-2
1.281971888E1,1.354755998E0,6.049838662E-1,2.602149919E-2
1.282973288E1,1.357898235E0,6.981186271E-1,-1.122338474E-1
1.283974688E1,1.313583732E0,7.316411734E-1,-2.601237297E-1
1.284976088E1,1.382657886E0,6.031116843E-1,-4.604581594E-1
1.285977487E1,1.628913522E0,2.703556120E-1,-6.601409912E-1
1.286978888E1,2.114255667E0,3.833594546E-2,-8.134141564E-1
1.287980288E1,2.631641388E0,1.338019222E-1,-1.017364979E0
1.288981688E1,2.885856152E0,3.821078837E-1,-1.276507616E0
1.289983088E1,3.046164989E0,8.108736277E-1,-1.566105604E0
1.290984488E1,3.096838474E0,1.127807379E0,-1.908058405E0
1.291985888E1,3.065140724E0,1.250471473E0,-2.204436779E0
1.292987288E1,3.012758255E0,1.148192763E0,-2.387574673E0
1.293988787E1,2.913916588E0,7.822298408E-1,-2.474974632E0
1.294990188E1,2.939034462E0,3.525839150E-1,-2.573465347E0
1.295991588E1,3.134253740E0,3.507244289E-1,-2.680517435E0
1.296992988E1,3.213431835E0,7.291391492E-1,-2.749152422E0
1.297994388E1,3.204983473E0,1.375072479E0,-2.766089916E0
1.298995788E1,3.142601490E0,1.936122179E0,-2.688318014E0
1.299997188E1,3.051440001E0,2.124806881E0,-2.469379902E0
1.300998587E1,2.925312042E0,1.801695228E0,-2.198935270E0
1.301999988E1,2.739978552E0,1.110098004E0,-1.927899361E0
1.303001388E1,2.469628096E0,5.459040999E-1,-1.707284212E0
1.304002788E1,2.054624319E0,2.308457941E-1,-1.569150448E0
1.305004187E1,1.676492572E0,2.424310744E-1,-1.516214490E0
1.306005588E1,1.396066546E0,4.817118049E-1,-1.471894860E0
1.307006988E1,1.100141406E0,7.798971534E-1,-1.359872699E0
1.308008388E1,7.701848745E-1,1.028831005E0,-1.194226980E0
1.309009788E1,4.425603747E-1,1.137006521E0,-1.022425175E0
1.310011188E1,2.339236438E-1,1.001169920E0,-8.539660573E-1
1.311012588E1,1.982351542E-1,5.670567155E-1,-7.209733725E-1
1.312013987E1,2.364123166E-1,-1.069184467E-1,-6.246746182E-1
1.313015388E1,2.089687139E-1,-8.391242027E-1,-5.193870664E-1
1.314016888E1,6.330885738E-2,-1.272171497E0,-4.101839960E-1
1.315018288E1,-3.136647940E-1,-1.374681830E0,-2.518401444E-1
1.316019688E1,-6.981925368E-1,-1.241241097E0,-1.012217402E-1
1.317021088E1,-9.708882570E-1,-1.049833655E0,-1.943659410E-2
1.318022488E1,-1.164105654E0,-9.412981272E-1,8.749191463E-2
1.319023888E1,-1.317490101E0,-8.326984048E-1,3.053385019E-1
1.320025287E1,-1.515781283E0,-7.900261879E-1,5.775748491E-1
1.321026688E1,-1.695226192E0,-8.123586774E-1,8.340657353E-1
1.322028088E1,-1.827753186E0,-8.455913067E-1,1.052511811E0
1.323029488E1,-2.015650749E0,-7.925795317E-1,1.259062290E0
1.324030888E1,-2.195185184E0,-5.827857256E-1,1.399273872E0
1.325032288E1,-2.342621803E0,-2.922303081E-1,1.415109277E0
1.326033750E1,-2.427350283E0,-6.819608808E-2,1.407703757E0
1.327035150E1,-2.461536646E0,-9.459803812E-3,1.414373040E0
1.328036550E1,-2.521390200E0,-2.541222870E-1,1.396774888E0
1.329037950E1,-2.637421370E0,-6.421880126E-1,1.347036600E0
1.330039350E1,-2.900105000E0,-9.103788137E-1,1.318215370E0
1.331040750E1,-3.226016760E0,-1.061491847E0,1.297462940E0
1.332042150E1,-3.435504675E0,-1.127535701E0,1.291231751E0
1.333043650E1,-3.517137289E0,-1.215161085E0,1.320422888E0
1.334045050E1,-3.354758024E0,-1.192613125E0,1.371971130E0
1.335046450E1,-2.973509312E0,-1.095279217E0,1.411927104E0
1.336047850E1,-2.416634560E0,-8.040468097E-1,1.375250101E0
1.337049250E1,-1.797235131E0,-4.404334128E-1,1.183883429E0
1.338050650E1,-1.220851183E0,-2.049027234E-1,9.250844121E-1
1.339052050E1,-8.299609423E-1,-2.106833905E-1,6.818549633E-1
1.340053450E1,-6.020016670E-1,-3.033578396E-1,4.535204470E-1
1.341054850E1,-4.615404308E-1,-3.566383719E-1,2.656837106E-1
1.342056250E1,-3.070690632E-1,-4.791442156E-1,1.810335964E-1
1.343057650E1,-1.222443655E-1,-7.677693367E-1,1.642072052E-1
1.344059050E1,9.066414833E-2,-1.007963777E0,1.848075837E-1
1.345060450E1,3.707258999E-1,-1.061000347E0,1.426982135E-1
1.346061850E1,6.019070148E-1,-9.454240203E-1,3.218865767E-2
1.347063250E1,7.660264373E-1,-6.714246869E-1,-1.124012843E-1
1.348064650E1,8.848461509E-1,-3.873306811E-1,-2.248307914E-1
1.349066050E1,1.031587601E0,-1.995740980E-1,-2.937858999E-1
1.350067450E1,1.198690772E0,-8.647522330E-2,-3.059400618E-1
1.351068850E1,1.388379931E0,-8.057046682E-2,-2.836350203E-1
1.352070250E1,1.644321322E0,-2.138404548E-1,-2.623119652E-1
1.353071750E1,1.917912126E0,-3.371897936E-1,-2.127465457E-1
1.354073150E1,2.005460024E0,-3.126030266E-1,-1.143466830E-1
1.355074550E1,1.898059845E0,-1.675387621E-1,-1.278670132E-1
1.356075950E1,1.661278605E0,9.854932874E-2,-2.407343537E-1
1.357077350E1,1.346540093E0,3.880367875E-1,-2.785728276E-1
1.358078750E1,1.050885081E0,6.556264758E-1,-2.376417965E-1
1.359080150E1,8.472486734E-1,8.301271796E-1,-1.614556760E-1
1.360081550E1,7.939618230E-1,8.873527646E-1,-9.476840496E-2
1.361082950E1,8.998203278E-1,8.311235309E-1,-6.322379410E-2
1.362084350E1,1.066117287E0,6.714581847E-1,-1.068890020E-1
1.363085750E1,1.228378534E0,5.002874732E-1,-1.388722360E-1
1.364087150E1,1.466721535E0,2.022575140E-1,-2.169708014E-1
1.365088550E1,1.678228378E0,-7.233116776E-2,-2.773909867E-1
1.366089950E1,1.774997830E0,-2.670760453E-1,-2.428212315E-1
1.367091350E1,1.707234025E0,-3.798270822E-1,-9.992185980E-2
1.368092750E1,1.532700539E0,-3.988514245E-1,6.614013016E-2
1.369094150E1,1.375744224E0,-3.127527535E-1,1.773542762E-1
1.370095550E1,1.251522303E0,-2.267099321E-1,1.985709667E-1
1.371096950E1,1.180739522E0,-1.359962672E-1,1.369025409E-1
1.372098350E1,1.146597862E0,-1.881043613E-2,7.412208617E-2
1.373099850E1,1.190594912E0,8.948993683E-2,3.596377745E-2
1.374101250E1,1.300388694E0,2.030074447E-1,1.574959978E-2
1.375102650E1,1.415869832E0,2.554898262E-1,5.805737898E-2
1.376104050E1,1.603572011E0,3.517931104E-1,1.200101152E-1
1.377105450E1,1.832511187E0,4.498019516E-1,1.963443011E-1
1.378106850E1,2.112870932E0,3.777957559E-1,2.930629849E-1
1.379108250E1,2.418619394E0,2.008263022E-1,4.104487300E-1
1.380109650E1,2.529169559E0,9.227518737E-2,5.200524330E-1
1.381111050E1,2.442935228E0,2.307864577E-1,5.582629442E-1
1.382112450E1,2.248706102E0,4.194184542E-1,5.384414792E-1
1.383113850E1,2.125516415E0,4.144125283E-1,4.414712787E-1
1.384115250E1,2.136117697E0,1.606365591E-1,3.292717934E-1
1.385116650E1,2.199144840E0,-3.558523655E-1,3.141594231E-1
1.386118050E1,2.387464523E0,-1.106924891E0,5.024052858E-1
1.387119450E1,2.610124350E0,-2.105909109E0,7.148927450E-1
1.388120850E1,2.898466110E0,-2.856887341E0,8.326504230E-1
1.389122250E1,2.863782406E0,-3.157897949E0,8.791303039E-1
1.390123650E1,2.540440321E0,-2.786531210E0,7.905023098E-1
1.391125050E1,2.120865107E0,-1.680904865E0,7.054132223E-1
1.392126450E1,1.594141245E0,-6.591964364E-1,4.703614414E-1
1.393127850E1,1.215632558E0,-2.583678365E-1,5.521511286E-2
1.394129250E1,9.975932837E-1,-6.123880148E-1,-4.016147554E-1
1.395130750E1,7.943144441E-1,-1.571180224E0,-8.088147640E-1
1.396132150E1,6.333398223E-1,-2.812173843E0,-1.092087269E0
1.397133550E1,5.046223402E-1,-3.936941147E0,-1.158865452E0
1.398134950E1,3.325300813E-1,-4.508591652E0,-1.206030369E0
1.399136350E1,1.894847602E-1,-4.429445744E0,-1.267799973E0
1.400137750E1,-1.447346061E-1,-3.864396572E0,-1.298815489E0
1.401139150E1,-6.456030011E-1,-3.105437994E0,-1.272537827E0
1.402140550E1,-1.149211168E0,-2.466539621E0,-1.239881992E0
1.403141950E1,-1.702628374E0,-2.229910612E0,-1.211804748E0
1.404143350E1,-2.303549290E0,-2.450885773E0,-1.222044110E0
1.405144750E1,-2.922047138E0,-3.130228281E0,-1.312426209E0
1.406146150E1,-3.524834394E0,-4.051579475E0,-1.483889818E0
1.407147550E1,-4.094255447E0,-4.792394638E0,-1.643915176E0
1.408148950E1,-4.668900490E0,-5.076816559E0,-1.745477200E0
1.409150350E1,-5.205019474E0,-4.951520920E0,-1.622350216E0
1.410151750E1,-5.882773876E0,-4.577630520E0,-1.276186705E0
1.411153150E1,-6.397762775E0,-4.035169601E0,-1.080300331E0
1.412154550E1,-6.738918304E0,-3.392820597E0,-1.102975607E0
1.413155950E1,-6.958447933E0,-2.745224714E0,-1.219642162E0
1.414157350E1,-7.036321640E0,-2.100467443E0,-1.325847268E0
1.415158750E1,-6.972839355E0,-1.530923009E0,-1.445395470E0
1.416160150E1,-6.777811527E0,-1.094498873E0,-1.593926311E0
1.417161650E1,-6.501145840E0,-9.170469642E-1,-1.786110640E0
1.418163050E1,-6.171959400E0,-9.941917658E-1,-1.913416743E0
1.419164450E1,-6.118981838E0,-9.990758896E-1,-1.774030089E0
1.420165850E1,-6.122440338E0,-1.043051600E0,-1.575546741E0
1.421167250E1,-5.726446629E0,-1.200292110E0,-1.453306079E0
1.422168650E1,-5.008795738E0,-1.480319738E0,-1.309850216E0
1.423170050E1,-4.106950760E0,-1.715591311E0,-1.069142818E0
1.424171450E1,-3.203331947E0,-1.755444765E0,-7.303062677E-1
1.425172850E1,-2.403592587E0,-1.616056442E0,-3.858714104E-1
1.426174329E1,-1.694914222E0,-1.221098781E0,-1.183547601E-1
1.427175729E1,-1.134515643E0,-6.119807959E-1,4.595774785E-2
1.428177129E1,-7.561401129E-1,4.845146462E-2,1.608403772E-1
1.429178529E1,-6.045231223E-1,5.011449456E-1,3.629468679E-1
1.430179929E1,-5.356375575E-1,5.503624678E-1,6.336868405E-1
1.431181329E1,-3.265938163E-1,1.531181782E-1,7.323061228E-1
1.432182729E1,-5.470034853E-2,-3.477375805E-1,6.574372053E-1
1.433184129E1,1.472436935E-1,-6.692900658E-1,5.865928531E-1
1.434185529E1,4.815172553E-1,-8.757590055E-1,6.292432547E-1
1.435186929E1,1.168270350E0,-1.050848484E0,7.093910575E-1
1.436188329E1,1.890224814E0,-1.015621662E0,8.551833630E-1
1.437189729E1,2.496273518E0,-6.634721756E-1,1.091203094E0
1.438191129E1,2.988931179E0,-1.524714082E-1,1.294585943E0
1.439192529E1,3.404367924E0,4.528126419E-1,1.392613411E0
1.440194029E1,3.776340961E0,1.042950034E0,1.360364437E0
1.441195429E1,4.053096771E0,1.687277079E0,1.236116529E0
1.442196829E1,4.253568649E0,2.295227766E0,1.183083534E0
1.443198229E1,4.496386051E0,2.636990309E0,1.295938969E0
1.444199629E1,4.776568890E0,2.645303726E0,1.427599072E0
1.445201029E1,4.924951077E0,2.490120173E0,1.429043770E0
1.446202429E1,4.819184303E0,2.369984150E0,1.288435936E0
1.447203829E1,4.633395672E0,2.317023516E0,1.110415101E0
1.448205229E1,4.757167816E0,2.375465393E0,1.193112969E0
1.449206629E1,4.993409157E0,2.521121502E0,1.463521123E0
1.450208029E1,5.176263332E0,2.765576363E0,1.673992157E0
1.451209429E1,4.898407459E0,3.117847919E0,1.551925898E0
1.452210829E1,4.380502701E0,3.304631472E0,1.313994765E0
1.453212229E1,3.626800060E0,3.031103849E0,1.045647740E0
1.454213629E1,2.690400839E0,2.367827177E0,7.387766242E-1
1.455215029E1,2.028652906E0,1.285758138E0,4.224742949E-1
1.456216429E1,1.700499296E0,1.295227706E-1,2.225327492E-1
1.457217829E1,1.400322437E0,-6.021852493E-1,1.696014591E-2
1.458219229E1,9.952749610E-1,-4.525393248E-1,-1.923371106E-1
1.459220629E1,5.004364252E-1,4.406894147E-1,-3.878355026E-1
1.460222029E1,1.228308901E-1,1.493467093E0,-4.817915559E-1
1.461223429E1,-1.204904169E-1,2.036030054E0,-3.373430371E-1
1.462224829E1,-3.713914379E-2,1.551581740E0,-5.703261122E-2
1.463226229E1,3.431940973E-1,1.824870557E-1,1.332510412E-1
1.464227629E1,5.043711066E-1,-1.262384295E0,1.754131317E-1
1.465229129E1,2.219468355E-1,-2.037560940E0,6.456090510E-2
1.466230529E1,-2.139903903E-1,-1.911715627E0,-9.368196130E-2
1.467231929E1,-4.926283956E-1,-1.134965777E0,-2.399656624E-1
1.468233329E1,-5.515066385E-1,-2.854622006E-1,-3.255084455E-1
1.469234729E1,-6.572186947E-1,3.444241285E-1,-2.801851928E-1
1.470236129E1,-8.944890499E-1,7.873454094E-1,-1.401483268E-1
1.471237529E1,-1.064132214E0,8.907597065E-1,-7.658559829E-2
1.472238929E1,-9.911748767E-1,2.123739719E-1,-3.350755572E-2
1.473240329E1,-8.147673607E-1,-8.382952809E-1,-3.692892194E-2
1.474241729E1,-7.244921923E-1,-1.635116458E0,5.384074058E-3
1.475243129E1,-7.740986347E-1,-2.149064779E0,2.481316589E-2
1.476244529E1,-8.809506297E-1,-2.364692211E0,1.467567869E-2
1.477245929E1,-9.910488725E-1,-2.300520658E0,1.317799240E-1
1.478247329E1,-1.106541634E0,-1.879270911E0,3.590964377E-1
1.479248729E1,-1.154129624E0,-1.323619604E0,7.194902897E-1
1.480250129E1,-1.166750073E0,-8.677024841E-1,1.215916991E0
1.481251529E1,-1.213453650E0,-5.550945401E-1,1.765245318E0
1.482252929E1,-1.300007343E0,-3.775785267E-1,2.187784672E0
1.483254329E1,-1.418104768E0,-6.237244010E-1,2.455598116E0
1.484255729E1,-1.568131447E0,-1.007769346E0,2.582267046E0
1.485257129E1,-1.787860274E0,-1.135210156E0,2.755049706E0
1.486258529E1,-2.142905474E0,-1.050538540E0,3.148082972E0
1.487259929E1,-2.414634466E0,-9.803964496E-1,3.593411684E0
1.488261329E1,-2.526190996E0,-9.111099839E-1,4.035443783E0
1.489262729E1,-2.528556108E0,-7.685618997E-1,4.490117550E0
1.490264129E1,-2.554375648E0,-5.062791705E-1,4.886609554E0
1.491265529E1,-2.670907259E0,-2.265900075E-1,5.147138596E0
1.492267029E1,-2.752402067E0,4.926578701E-2,5.241045952E0
1.493268429E1,-2.755096436E0,6.676168740E-2,5.164343357E0
1.494269829E1,-2.739751339E0,-2.314116806E-1,4.923626423E0
1.495271229E1,-2.702399969E0,-3.752676547E-1,4.793557167E0
1.496272629E1,-2.669871330E0,-4.128947854E-1,4.798751831E0
1.497274029E1,-2.553100586E0,-2.394417822E-1,4.806803226E0
1.498275429E1,-2.530316114E0,1.236747503E-1,4.901200771E0
1.499276829E1,-2.622269392E0,6.588596106E-1,5.008259773E0
1.500278229E1,-2.824812651E0,1.194804192E0,5.009736061E0
1.501279629E1,-3.110327005E0,1.433241487E0,4.872641087E0
1.502281029E1,-3.327495813E0,1.318165541E0,4.584478378E0
1.503282429E1,-3.370433092E0,9.784194827E-1,4.086367607E0
1.504283829E1,-3.139696836E0,8.832498789E-1,3.363721848E0
1.505285229E1,-2.804360628E0,1.353009105E0,2.545251608E0
1.506286629E1,-2.443722486E0,1.969495177E0,1.913403988E0
1.507288029E1,-1.882070303E0,2.188375950E0,1.444070816E0
1.508289429E1,-1.127200246E0,1.867918134E0,1.049925685E0
1.509290829E1,-3.395740986E-1,1.048894644E0,6.141816378E-1
1.510292229E1,2.758090496E-1,5.651945993E-2,1.785097420E-1
1.511293629E1,7.595472336E-1,-4.556045532E-1,-2.068752199E-1
1.512295029E1,9.994009733E-1,-3.710373342E-1,-6.267896891E-1
1.513296429E1,1.088413119E0,2.132871151E-1,-1.141914368E0
1.514297829E1,1.197428465E0,9.724308252E-1,-1.762422800E0
1.515299229E1,1.477914691E0,1.514726043E0,-2.308880568E0
1.516300629E1,1.841890812E0,1.822477102E0,-2.654443979E0
1.517302029E1,2.140334368E0,2.017559052E0,-2.775906324E0
1.518303429E1,2.282482147E0,2.087541342E0,-2.733815670E0
1.519304829E1,2.427373171E0,2.022535563E0,-2.647254229E0
1.520306229E1,2.787302494E0,2.061635017E0,-2.565786362E0
1.521307729E1,3.272798061E0,2.201003551E0,-2.545329571E0
1.522309129E1,3.864007235E0,2.442547083E0,-2.648763895E0
1.523310529E1,4.229602337E0,2.423256874E0,-2.657364368E0
1.524311929E1,4.382030010E0,2.025767565E0,-2.589248896E0
1.525313329E1,4.439424038E0,1.490833879E0,-2.539397955E0
1.526314642E1,4.193758011E0,1.228557706E0,-2.380952835E0
1.527316042E1,3.629552841E0,1.305515409E0,-2.123800278E0
1.528317442E1,3.452390909E0,1.492101431E0,-1.869474649E0
1.529318842E1,3.163776159E0,1.835815072E0,-1.633042455E0
1.530320242E1,2.453229427E0,2.411852837E0,-1.435877204E0
1.531321642E1,1.881994724E0,2.901382923E0,-1.282683849E0
1.532323042E1,1.635727048E0,3.128852606E0,-1.140715599E0
1.533324442E1,1.478714347E0,3.041042328E0,-1.102149487E0
1.534325842E1,1.288367152E0,2.583275318E0,-1.156329989E0
1.535327242E1,1.235937476E0,1.686462402E0,-1.058050275E0
1.536328642E1,1.416264057E0,4.973328710E-1,-8.271194100E-1
1.537330042E1,1.602763414E0,-4.141665101E-1,-6.488623023E-1
1.538331442E1,1.406597733E0,-7.895536423E-1,-5.429947376E-1
1.539332842E1,8.739630580E-1,-5.328768492E-1,-3.787195385E-1
1.540334242E1,4.025565386E-1,-1.102330089E-1,-1.750260144E-1
1.541335642E1,2.069417685E-1,-8.552233875E-2,-2.089156955E-2
1.542337042E1,-1.819919609E-2,-2.956430912E-1,7.083968073E-2
1.543338442E1,-3.652839363E-1,-4.248367548E-1,7.502670586E-2
1.544339842E1,-6.475732327E-1,-4.473203719E-1,2.011634037E-2
1.545341242E1,-7.133839130E-1,-5.528273582E-1,-7.145831734E-2
1.546342642E1,-6.817545295E-1,-6.064763069E-1,-1.419684738E-1
1.547344042E1,-6.437045932E-1,-4.714013040E-1,-1.861452609E-1
1.548345442E1,-5.880840421E-1,-1.684969962E-1,-1.689614356E-1
1.549346842E1,-5.071652532E-1,8.635553718E-2,-7.492548972E-2
1.550348242E1,-4.172486961E-1,1.102440879E-1,9.032846242E-2
1.551349642E1,-3.266250491E-1,-4.258860275E-2,2.779303193E-1
1.552351142E1,-2.442526817E-1,-3.837737441E-1,3.482697308E-1
1.553352542E1,-1.478694230E-1,-7.518849373E-1,3.040383458E-1
1.554353942E1,-6.893158704E-2,-9.626089931E-1,1.798623800E-1
1.555355342E1,-1.420362480E-2,-9.555827975E-1,5.271081626E-2
1.556356742E1,6.839516759E-2,-8.186486959E-1,-7.925327867E-2
1.557358142E1,1.138382778E-1,-6.071292758E-1,-1.829178929E-1
1.558359542E1,6.659042090E-2,-4.660593569E-1,-2.210775316E-1
1.559360942E1,-6.268713623E-2,-5.129863620E-1,-1.286346912E-1
1.560362342E1,-1.523571908E-1,-7.086412311E-1,3.467507660E-2
1.561363742E1,-2.113627195E-1,-8.028337955E-1,1.953576952E-1
1.562365142E1,-2.614272237E-1,-6.929802299E-1,2.936866581E-1
1.563366542E1,-3.577449620E-1,-3.974588215E-1,4.079077840E-1
1.564367942E1,-4.611058533E-1,-3.161171079E-2,5.651690364E-1
1.565369342E1,-4.530109167E-1,2.329839915E-1,7.088316083E-1
1.566370742E1,-3.068256378E-1,5.078830123E-1,8.984961510E-1
1.567372142E1,-1.669811904E-1,8.534300327E-1,1.164584279E0
1.568373542E1,-3.505578637E-2,1.160823703E0,1.491205215E0
1.569374942E1,1.083120331E-1,1.225922823E0,1.863646388E0
1.570376342E1,3.483686447E-1,1.165876150E0,2.218389750E0
1.571377742E1,5.596070886E-1,1.027026653E0,2.618311405E0
1.572379142E1,6.938512921E-1,8.514634967E-1,2.937512636E0
1.573380542E1,6.784853935E-1,6.159623265E-1,3.115354538E0
1.574381942E1,6.327974200E-1,4.421637356E-1,3.275154591E0
1.575383342E1,6.735967994E-1,2.233139575E-1,3.506859064E0
1.576384742E1,9.448302984E-1,-2.089783102E-1,3.782464743E0
1.577386142E1,1.451437593E0,-5.817625523E-1,3.996021748E0
1.578387542E1,1.864591360E0,-5.746108294E-1,4.166689873E0
1.579388942E1,2.148520947E0,-2.922829688E-1,4.417706966E0
1.580390342E1,2.094769955E0,1.235963404E-1,4.629891396E0
1.581391742E1,1.965453744E0,3.784605563E-1,4.734604359E0
1.582393142E1,1.943686008E0,1.873238236E-1,4.600691795E0
1.583394542E1,1.993526697E0,-3.233311772E-1,4.245509148E0
1.584395942E1,1.966916323E0,-8.488571644E-1,3.832507849E0
1.585397342E1,1.804208636E0,-9.522174001E-1,3.394159317E0
1.586398742E1,1.519751549E0,-5.559288263E-1,2.907161236E0
1.587400142E1,1.256040573E0,2.367469370E-1,2.423398018E0
1.588401542E1,1.013991594E0,1.245872974E0,2.028894901E0
1.589402942E1,8.142377734E-1,1.940183043E0,1.769084811E0
1.590404342E1,7.589734197E-1,2.031814337E0,1.639483333E0
1.591405842E1,8.812292814E-1,1.370994687E0,1.520488262E0
1.592407242E1,1.056249142E0,3.311473727E-1,1.276753902E0
1.593408642E1,1.093002081E0,-4.320328534E-1,9.636515379E-1
1.594410042E1,9.127009511E-1,-7.659779191E-1,5.688852668E-1
1.595411442E1,7.114464045E-1,-8.691391945E-1,1.161779836E-1
1.596412842E1,7.403509617E-1,-6.827254295E-1,-3.202538192E-1
1.597414242E1,6.854328513E-1,-3.550671041E-1,-6.067742705E-1
1.598415642E1,4.467661381E-1,-1.709001064E-1,-7.364980578E-1
1.599417042E1,2.626543641E-1,-3.256548047E-1,-8.156067133E-1
1.600418442E1,2.257893234E-1,-7.105837464E-1,-9.374684095E-1
1.601419842E1,2.352411449E-1,-1.149959087E0,-1.070120454E0
1.602421242E1,2.193142921E-1,-1.494175434E0,-1.292633057E0
1.603422642E1,6.737801433E-2,-1.839313149E0,-1.636595488E0
1.604424042E1,-2.699147463E-1,-2.125369310E0,-2.098702669E0
1.605425442E1,-7.245424390E-1,-2.176593065E0,-2.615385771E0
1.606426842E1,-1.206947803E0,-1.929141879E0,-3.110790491E0
1.607428242E1,-1.617613435E0,-1.457117438E0,-3.524238348E0
1.608429642E1,-1.951532364E0,-9.749137163E-1,-3.794886112E0
1.609431042E1,-2.187258482E0,-7.305428386E-1,-3.855869532E0
1.610432442E1,-2.210382938E0,-7.709711790E-1,-3.807753086E0
1.611433842E1,-2.213169575E0,-9.412262440E-1,-3.740749598E0
1.612435242E1,-2.284568787E0,-1.026015282E0,-3.691329718E0
1.613436642E1,-2.389654160E0,-9.169037342E-1,-3.655826330E0
1.614438042E1,-2.532424688E0,-7.056084275E-1,-3.574907303E0
1.615439442E1,-2.627861738E0,-5.250812769E-1,-3.435348272E0
1.616440842E1,-2.588428497E0,-4.277919233E-1,-3.280620813E0
1.617442242E1,-2.479435205E0,-5.245224237E-1,-3.130514860E0
1.618443642E1,-2.274880648E0,-6.077744365E-1,-2.952906847E0
1.619445042E1,-2.150217295E0,-5.020365715E-1,-2.789118290E0
1.620446442E1,-2.128820181E0,-2.109320462E-1,-2.583612204E0
1.621447842E1,-2.093082666E0,6.668198109E-2,-2.284107924E0
1.622449242E1,-1.864553332E0,7.874637097E-2,-1.971212864E0
1.623450642E1,-1.481788039E0,-2.915941477E-1,-1.700008750E0
1.624452042E1,-1.113841534E0,-8.296850920E-1,-1.383272767E0
1.625453442E1,-8.689518571E-1,-1.217762470E0,-1.042433381E0
1.626454792E1,-7.238886356E-1,-1.351485848E0,-7.602024078E-1
1.627456192E1,-5.859472752E-1,-1.315351486E0,-5.233225226E-1
1.628457592E1,-3.468621373E-1,-1.232356906E0,-3.783336580E-1
1.629458992E1,3.152696043E-2,-1.101889372E0,-3.001762629E-1
1.630460392E1,2.964049876E-1,-8.781388402E-1,-2.089411616E-1
1.631461792E1,4.477867782E-1,-5.387517214E-1,-8.462879807E-2
1.632463192E1,5.128109455E-1,-2.766303420E-1,9.455102682E-2
1.633464592E1,6.348859668E-1,-1.250051260E-1,2.342292964E-1
1.634465992E1,7.840625644E-1,-1.564176381E-1,2.836042643E-1
1.635467392E1,8.223329782E-1,-4.565460384E-1,2.214317024E-1
1.636468792E1,8.307080865E-1,-7.821611166E-1,8.823679388E-2
1.637470192E1,7.684420943E-1,-9.760317802E-1,4.679317586E-3
1.638471692E1,6.137638688E-1,-9.356529713E-1,-1.091290358E-2
1.639473092E1,4.003786743E-1,-6.103768349E-1,2.484908886E-2
1.640474492E1,2.721946836E-1,-1.615148336E-1,8.208855987E-2
1.641475892E1,2.767838538E-1,1.597550809E-1,1.740416586E-1
1.642477292E1,4.031933546E-1,3.141187727E-1,2.767941356E-1
1.643478692E1,6.131542921E-1,3.377801478E-1,3.693517745E-1
1.644480092E1,7.782927155E-1,3.051108420E-1,4.620118439E-1
1.645481492E1,9.089546204E-1,2.531035542E-1,5.384014249E-1
1.646482892E1,9.848525524E-1,1.287528574E-1,5.192216039E-1
1.647484292E1,8.799876571E-1,4.405421019E-2,4.301964045E-1
1.648485692E1,7.260963321E-1,-1.015955433E-1,3.516709805E-1
1.649487092E1,7.664669156E-1,-2.898677289E-1,1.993125975E-1
1.650488492E1,8.568605185E-1,-4.923072159E-1,1.907027699E-2
1.651489892E1,9.268302321E-1,-6.126474142E-1,-9.849017113E-2
1.652491292E1,1.319564819E0,-4.182557464E-1,-3.285861611E-1
1.653492692E1,1.897135735E0,-2.607870400E-1,-8.175728917E-1
1.654494092E1,2.478707314E0,-1.611408591E-1,-1.638913035E0
1.655495492E1,2.799089193E0,3.706753552E-1,-2.603305101E0
1.656496892E1,2.580025434E0,1.101776719E0,-3.233945370E0
1.657498292E1,2.355582476E0,1.328866124E0,-3.309902191E0
1.658499692E1,2.295024633E0,7.182161212E-1,-2.979863644E0
1.659501092E1,2.362639427E0,-5.787777305E-1,-2.675612211E0
1.660502492E1,2.554092407E0,-1.892826796E0,-2.518500328E0
1.661503892E1,2.829740763E0,-2.143337250E0,-2.538263798E0
1.662505292E1,2.891011715E0,-1.448747158E0,-2.585570574E0
1.663506692E1,2.753619909E0,-2.469597608E-1,-2.601869822E0
1.664508092E1,2.561447144E0,9.695715904E-1,-2.608168364E0
1.665509492E1,2.317195177E0,1.820634723E0,-2.450559855E0
1.666510892E1,1.995274305E0,2.142425776E0,-2.125346422E0
1.667512292E1,1.701266885E0,1.791403174E0,-1.888474822E0
1.668513692E1,1.463655710E0,8.126460314E-1,-1.888556123E0
1.669515092E1,1.076311469E0,-2.320012450E-1,-1.993882775E0
1.670516492E1,4.660898447E-1,-6.860179901E-1,-1.941003561E0
1.671517892E1,-2.775742486E-2,-6.909371018E-1,-1.781820059E0
1.672519292E1,-1.419591457E-1,-4.044530988E-1,-1.637951136E0
1.673520692E1,-1.245636418E-1,9.905370325E-2,-1.411881566E0
1.674522092E1,-1.710549742E-1,5.932429433E-1,-1.038591504E0
1.675523492E1,-1.478242725E-1,8.138093948E-1,-6.350513697E-1
1.676524892E1,9.143721312E-3,7.528017163E-1,-3.541019261E-1
1.677526292E1,1.312712133E-1,6.007541418E-1,-1.318757832E-1
1.678527692E1,1.102260575E-1,4.684760571E-1,6.994284689E-2
1.679529092E1,5.289006233E-2,3.171136975E-1,2.352708280E-1
1.680530492E1,-1.702276058E-2,7.010924816E-2,4.087981582E-1
1.681531892E1,-2.839765325E-2,-1.303034723E-1,6.310671568E-1
1.682533292E1,-1.793192774E-1,-6.993981451E-2,8.676813841E-1
1.683534692E1,-4.992786348E-1,2.226009667E-1,1.094718575E0
1.684536092E1,-6.762199998E-1,5.357908010E-1,1.242725730E0
1.685537492E1,-7.682567239E-1,-2.169403061E-2,1.377042294E0
1.686538892E1,-8.618255854E-1,-1.118356824E0,1.547567606E0
1.687540292E1,-1.159515619E0,-1.979038000E0,1.715497494E0
1.688541692E1,-1.646387815E0,-2.295330763E0,1.867226005E0
1.689543092E1,-2.016876221E0,-2.221281767E0,1.963906169E0
1.690544492E1,-2.324261665E0,-1.777985215E0,2.097954035E0
1.691545892E1,-2.621584177E0,-9.914109707E-1,2.291490078E0
1.692547292E1,-2.769922495E0,-2.144723833E-1,2.458015203E0
1.693548692E1,-2.789286613E0,3.676911891E-1,2.565440416E0
1.694550092E1,-2.741371393E0,6.407955289E-1,2.514460087E0
1.695551492E1,-2.586382627E0,5.880798697E-1,2.320351839E0
1.696552892E1,-2.414021254E0,3.506756723E-1,2.134841919E0
1.697554292E1,-2.290953636E0,-7.470703125E-2,2.067080975E0
1.698555692E1,-2.062805414E0,-5.950657129E-1,2.055804014E0
1.699557092E1,-1.816547155E0,-9.529188871E-1,2.037031174E0
1.700558492E1,-1.678964496E0,-9.817374349E-1,2.020158768E0
1.701559892E1,-1.600025773E0,-6.824873686E-1,1.898518920E0
1.702561292E1,-1.515778899E0,-3.418978453E-1,1.690994978E0
1.703562692E1,-1.336945534E0,-1.691335142E-1,1.460134387E0
1.704564092E1,-1.077602983E0,-2.007999122E-1,1.211927295E0
1.705565492E1,-7.711189389E-1,-2.870623469E-1,9.307985902E-1
1.706566892E1,-5.444719195E-1,-2.745209336E-1,6.679685116E-1
1.707568292E1,-4.496814609E-1,-2.056347877E-1,4.043765664E-1
1.708569692E1,-2.932134271E-1,-1.372686625E-1,1.103950590E-1
1.709571092E1,-3.637151420E-2,-5.761324614E-2,-1.510394663E-1
1.710572492E1,1.132285073E-1,6.617236137E-2,-3.347222805E-1
1.711573892E1,1.148019060E-1,3.397647440E-1,-4.824118912E-1
1.712575292E1,1.605279148E-1,6.611183882E-1,-6.356331706E-1
1.713576792E1,2.200682014E-1,8.775681257E-1,-7.522963881E-1
1.714578192E1,2.086639553E-1,9.150377512E-1,-7.534547448E-1
1.715579592E1,2.012358606E-1,6.101920605E-1,-6.740158200E-1
1.716580992E1,3.332864642E-1,-2.173357084E-2,-6.095004678E-1
1.717582392E1,5.601712465E-1,-6.030430198E-1,-5.683143735E-1
1.718583792E1,7.746964097E-1,-1.059524179E0,-6.391204000E-1
1.719585192E1,9.081670642E-1,-1.275471687E0,-8.873546720E-1
1.720586592E1,9.918087721E-1,-9.905171394E-1,-1.380813241E0
1.721587992E1,9.520376921E-1,-2.999051213E-1,-2.027676582E0
1.722589392E1,8.844959140E-1,4.299868047E-1,-2.689016104E0
1.723590792E1,8.389774561E-1,8.144924045E-1,-3.245661020E0
1.724592192E1,8.498336077E-1,8.967882991E-1,-3.611259699E0
1.725593592E1,8.955861926E-1,6.760300994E-1,-3.800214529E0
1.726595013E1,9.012761712E-1,1.878106743E-1,-3.886461735E0
1.727596413E1,9.147895575E-1,-9.498988092E-2,-3.974715710E0
1.728597813E1,8.700515628E-1,1.032720432E-1,-4.105750084E0
1.729599213E1,6.765050292E-1,7.223070264E-1,-4.308985233E0
1.730600612E1,4.282352328E-1,1.365862489E0,-4.540132999E0
1.731602013E1,2.258469462E-1,1.787149310E0,-4.597464561E0
1.732603413E1,1.664640456E-1,1.829393506E0,-4.392895222E0
1.733604813E1,1.713104546E-1,1.258968115E0,-4.010828018E0
1.734606213E1,1.122625768E-1,3.566253185E-1,-3.555372238E0
1.735607613E1,4.028517753E-3,-4.146221280E-1,-3.134967804E0
1.736609013E1,-1.386108547E-1,-7.294107080E-1,-2.815498352E0
1.737610412E1,-2.848841846E-1,-5.309337974E-1,-2.555827856E0
1.738611813E1,-3.605805337E-1,-5.827888101E-2,-2.289278984E0
1.739613213E1,-3.703604639E-1,3.790244162E-1,-2.030867577E0
1.740614613E1,-2.799051106E-1,5.864477754E-1,-1.788490415E0
1.741616012E1,-1.101408452E-1,7.039688230E-1,-1.537560463E0
1.742617413E1,-3.525727242E-2,7.010722160E-1,-1.253077030E0
1.743618813E1,-8.463653922E-2,4.328594208E-1,-9.634931684E-1
1.744620213E1,-1.052591503E-1,-2.343753166E-2,-7.173520327E-1
1.745621613E1,-2.408438623E-1,-3.746544123E-1,-5.117344260E-1
1.746623013E1,-4.368788600E-1,-5.516296625E-1,-3.241715133E-1
1.747624413E1,-5.832701325E-1,-6.497873664E-1,-1.147948653E-1
1.748625812E1,-7.156333923E-1,-6.698964238E-1,1.270675659E-1
1.749627213E1,-7.522611618E-1,-6.215072870E-1,3.461090922E-1
1.750628613E1,-7.336780429E-1,-5.857416391E-1,5.868721008E-1
1.751630013E1,-5.855325460E-1,-5.250724554E-1,8.600903153E-1
1.752631413E1,-4.120016396E-1,-5.005508661E-1,1.151054144E0
1.753632813E1,-2.971981168E-1,-4.330455661E-1,1.455056667E0
1.754634213E1,-3.530858457E-1,-3.431114256E-1,1.754761219E0
1.755635613E1,-3.918084800E-1,-3.322425485E-1,2.054208517E0
1.756637013E1,-3.446766436E-1,-3.484029770E-1,2.318732500E0
1.757638413E1,-2.458499372E-1,-3.641036451E-1,2.547555447E0
1.758639813E1,-2.901796997E-1,-4.399330616E-1,2.747690678E0
1.759641212E1,-4.598962963E-1,-5.519413352E-1,2.962862253E0
1.760642613E1,-6.487342715E-1,-6.799014807E-1,3.116657734E0
1.761644013E1,-8.522980213E-1,-7.625593543E-1,3.240445137E0
1.762645413E1,-8.890583515E-1,-7.391623259E-1,3.192788839E0
1.763646813E1,-8.677618504E-1,-6.352380514E-1,3.063458920E0
1.764648213E1,-9.419052005E-1,-6.261308789E-1,3.038965702E0
1.765649613E1,-9.576228857E-1,-7.900748253E-1,3.040328026E0
1.766651013E1,-7.955935001E-1,-1.145190954E0,2.922752142E0
1.767652413E1,-5.716983676E-1,-1.381054282E0,2.753720999E0
1.768653813E1,-4.864423275E-1,-1.244178891E0,2.624948978E0
1.769655213E1,-5.721399188E-1,-8.850748539E-1,2.520042896E0
1.770656612E1,-6.550539732E-1,-4.610966146E-1,2.369266510E0
1.771658013E1,-7.115028501E-1,-1.063366532E-1,2.172906160E0
1.772659413E1,-7.087095380E-1,1.192847639E-1,1.910482883E0
1.773660813E1,-6.420482397E-1,2.297686636E-1,1.632293344E0
1.774662213E1,-4.847049713E-1,3.242722452E-1,1.374323606E0
1.775663613E1,-2.772060931E-1,2.627590895E-1,1.114114165E0
1.776665013E1,-5.083461478E-2,7.430260628E-2,8.037169576E-1
1.777666413E1,1.938627511E-1,-8.415547758E-2,4.339131117E-1
1.778667813E1,4.415449202E-1,-1.358442158E-1,7.238277793E-2
1.779669213E1,6.965905428E-1,3.381271660E-2,-2.321504802E-1
1.780670613E1,9.719017148E-1,3.775381446E-1,-3.971700668E-1
1.781672012E1,1.092244267E0,4.987244904E-1,-2.311262339E-1
1.782673413E1,1.073770285E0,1.755858213E-1,1.705589145E-1
1.783674813E1,1.011961937E0,-5.342280865E-1,5.128864050E-1
1.784676213E1,9.185525179E-1,-1.322607517E0,5.802042484E-1
1.785677613E1,5.850147605E-1,-1.773182631E0,4.132973254E-1
1.786679013E1,-4.589994252E-2,-1.786361337E0,1.457002759E-1
1.787680413E1,-6.835142374E-1,-1.577048898E0,-8.862407506E-2
1.788681812E1,-1.139084101E0,-1.390769243E0,-2.401087731E-1
1.789683213E1,-1.473988652E0,-1.195172310E0,-2.722068131E-1
1.790684613E1,-1.824428797E0,-9.302109480E-1,-2.277147472E-1
1.791686013E1,-2.272740602E0,-5.957924724E-1,-2.137768269E-1
1.792687412E1,-2.738081694E0,-2.504979968E-1,-2.978178859E-1
1.793688813E1,-3.212850571E0,2.265553176E-2,-4.205738902E-1
1.794690213E1,-3.626484871E0,1.996986270E-1,-5.429297090E-1
1.795691613E1,-3.928159714E0,2.667788565E-1,-6.638286710E-1
1.796693013E1,-4.128172874E0,2.384159267E-1,-7.602318525E-1
1.797694413E1,-4.247562885E0,7.711757720E-2,-8.030254245E-1
1.798695813E1,-4.274756432E0,-3.103994429E-1,-7.689431310E-1
1.799697212E1,-4.217314243E0,-8.693546057E-1,-6.748001575E-1
1.800698613E1,-4.116009712E0,-1.269827962E0,-6.030063629E-1
1.801700013E1,-4.036199570E0,-1.168597460E0,-5.795612335E-1
1.802701413E1,-3.966186523E0,-6.329433322E-1,-5.936286449E-1
1.803702813E1,-3.902867317E0,1.436352432E-1,-6.233159304E-1
1.804704213E1,-3.746632338E0,9.320979714E-1,-5.796767473E-1
1.805705613E1,-3.511451721E0,1.383459091E0,-4.863553345E-1
1.806707013E1,-3.170538664E0,1.364312887E0,-4.182812274E-1
1.807708413E1,-2.848351002E0,8.702913523E-1,-4.051339924E-1
1.808709813E1,-2.624963999E0,1.256149411E-1,-4.214798808E-1
1.809711213E1,-2.491564512E0,-6.081754565E-1,-4.968814552E-1
1.810712612E1,-2.459107161E0,-1.061925530E0,-6.490584612E-1
1.811714013E1,-2.395793438E0,-1.140746355E0,-7.109417915E-1
1.812715413E1,-2.186805725E0,-9.161849618E-1,-7.050191760E-1
1.813716813E1,-1.819525361E0,-6.306070089E-1,-5.739666224E-1
1.814718213E1,-1.455956221E0,-4.193905592E-1,-3.228575289E-1
1.815719613E1,-1.202270746E0,-2.364266217E-1,-1.216595154E-2
1.816721013E1,-9.739639759E-1,-1.083233729E-1,2.580471039E-1
1.817722413E1,-7.092329860E-1,-6.520333141E-2,4.046844840E-1
1.818723813E1,-3.669002652E-1,-3.354145214E-2,4.519190192E-1
1.819725213E1,2.407226712E-2,-9.374541044E-2,4.335573316E-1
1.820726613E1,3.971885741E-1,-2.171064168E-1,3.492762148E-1
1.821728012E1,6.720422506E-1,-3.616321683E-1,2.781194746E-1
1.822729413E1,8.853855133E-1,-4.880492687E-1,2.617859542E-1
1.823730813E1,1.064498305E0,-5.522428751E-1,2.951582968E-1
1.824732213E1,1.268127561E0,-5.912650824E-1,3.994680047E-1
1.825733613E1,1.561217189E0,-7.307787538E-1,6.007220149E-1
1.826735013E1,2.001017094E0,-9.073439837E-1,8.798528910E-1
1.827736413E1,2.517925024E0,-1.016642213E0,1.190422535E0
1.828737813E1,3.036082268E0,-9.530516863E-1,1.492340565E0
1.829739213E1,3.491078377E0,-7.355026007E-1,1.719880819E0
1.830740613E1,3.790986776E0,-3.215741515E-1,1.815292716E0
1.831742013E1,3.854735136E0,1.696382016E-1,1.777256131E0
1.832743412E1,3.948971987E0,5.512487888E-1,1.759231567E0
1.833744813E1,3.983478308E0,7.072836757E-1,1.771263719E0
1.834746213E1,3.782357931E0,7.512144446E-1,1.788050413E0
1.835747613E1,3.413655519E0,6.456392407E-1,1.810182095E0
1.836749013E1,3.225966454E0,3.706910312E-1,1.842533350E0
1.837750413E1,3.196595907E0,1.507222466E-2,1.891537070E0
1.838751813E1,3.038626671E0,-1.412130147E-1,1.799391508E0
1.839753212E1,2.613471508E0,2.124284059E-1,1.522524238E0
1.840754613E1,1.855368614E0,1.118821263E0,1.095914006E0
1.841756013E1,8.496050835E-1,2.293087244E0,4.794534445E-1
1.842757413E1,-1.847399175E-1,3.419733524E0,-2.654264569E-1
1.843758812E1,-1.089830399E0,4.215816021E0,-8.809847236E-1
1.844760213E1,-1.824123979E0,4.082359791E0,-1.251349449E0
1.845761613E1,-2.112253189E0,3.179534197E0,-1.507153511E0
1.846763013E1,-1.973762989E0,1.890028596E0,-1.658429861E0
1.847764413E1,-1.581798673E0,6.742217541E-1,-1.719891906E0
1.848765813E1,-1.225882053E0,5.068987142E-3,-1.821220279E0
1.849767213E1,-1.021867871E0,-5.260480102E-4,-2.017930746E0
1.850768612E1,-8.915385604E-1,6.843589544E-1,-2.302210808E0
1.851769913E1,-8.696271181E-1,1.730911970E0,-2.576999664E0
1.852771413E1,-9.975468516E-1,2.714162827E0,-2.750033855E0
1.853772712E1,-1.205393791E0,3.502399206E0,-2.804656029E0
1.854774113E1,-1.329000473E0,3.859522104E0,-2.723103762E0
1.855775513E1,-1.238222718E0,3.825208902E0,-2.615231037E0
1.856776913E1,-1.076128721E0,3.551540136E0,-2.610924959E0
1.857778313E1,-9.625723362E-1,3.371430635E0,-2.731150866E0
1.858779713E1,-9.987975359E-1,3.596498966E0,-2.957382917E0
1.859781113E1,-9.515096545E-1,4.249685764E0,-2.943503380E0
1.860782513E1,-1.092127323E0,5.189054966E0,-3.021425962E0
1.861783913E1,-1.379428864E0,6.254609108E0,-2.972686768E0
1.862785313E1,-1.672847271E0,6.941797256E0,-2.897117615E0
1.863786713E1,-1.817807913E0,6.964417934E0,-2.843492746E0
1.864788112E1,-1.572702408E0,6.397707462E0,-2.688787937E0
1.865789513E1,-1.193808436E0,5.480322361E0,-2.488505125E0
1.866790913E1,-8.973699808E-1,4.622454166E0,-2.249368429E0
1.867792313E1,-7.570637465E-1,4.196666241E0,-2.082046747E0
1.868793713E1,-8.386161327E-1,4.298913002E0,-2.060765505E0
1.869795113E1,-1.106103420E0,4.928575993E0,-2.175491571E0
1.870796513E1,-1.486218810E0,5.541717052E0,-2.417500973E0
1.871797913E1,-1.832518458E0,5.712546349E0,-2.651916981E0
1.872799313E1,-2.130422115E0,5.572185040E0,-2.851265192E0
1.873800713E1,-2.136714220E0,4.866331577E0,-2.637644291E0
1.874802113E1,-1.961750627E0,4.234020233E0,-2.183410883E0
1.875803512E1,-1.887824655E0,3.816240311E0,-1.720823526E0
1.876804913E1,-1.890277505E0,3.389138460E0,-1.249695897E0
1.877806313E1,-1.798446894E0,3.090272903E0,-8.051876426E-1
1.878807713E1,-1.637406349E0,2.983804703E0,-6.138809919E-1
1.879809113E1,-1.520683765E0,2.984009027E0,-7.523289323E-1
1.880810513E1,-1.391280293E0,2.754418612E0,-1.097640395E0
1.881811913E1,-1.196357727E0,2.340213299E0,-1.392560720E0
1.882813313E1,-1.042597294E0,1.942298412E0,-1.472552657E0
1.883814713E1,-9.956964254E-1,1.565394044E0,-1.343010426E0
1.884816113E1,-9.361001253E-1,1.188417792E0,-1.036440611E0
1.885817513E1,-8.030515313E-1,8.994123936E-1,-6.812081933E-1
1.886818912E1,-6.122242808E-1,8.072551489E-1,-4.698246717E-1
1.887820313E1,-4.410280287E-1,8.787738085E-1,-5.136134028E-1
1.888821713E1,-3.634960055E-1,9.251143932E-1,-7.470302582E-1
1.889823113E1,-4.120835364E-1,8.619258404E-1,-9.780424833E-1
1.890824513E1,-6.157661080E-1,7.573103905E-1,-1.109309673E0
1.891825913E1,-9.246283770E-1,5.995423198E-1,-1.189781904E0
1.892827313E1,-1.251325011E0,4.890097082E-1,-1.171678066E0
1.893828712E1,-1.518217683E0,4.856160581E-1,-1.062615156E0
1.894830113E1,-1.567992330E0,5.405535102E-1,-8.671609759E-1
1.895831513E1,-1.508507371E0,5.811594725E-1,-7.171525359E-1
1.896832913E1,-1.346239328E0,5.421037078E-1,-6.397168636E-1
1.897834312E1,-1.156749606E0,4.806411266E-1,-6.484182477E-1
1.898835713E1,-9.795095325E-1,3.752712607E-1,-6.164258718E-1
1.899837113E1,-8.013451695E-1,3.407284617E-1,-6.676749587E-1
1.900838513E1,-5.881019831E-1,4.229598865E-2,-4.601995647E-1
1.901839913E1,-4.720309973E-1,-3.167575002E-1,-3.504789174E-1
1.902841313E1,-3.703858852E-1,-8.054862022E-1,-3.729835749E-1
1.903842713E1,-2.723160386E-1,-1.121010303E0,-3.646638691E-1
1.904844112E1,-2.752047479E-1,-1.170694947E0,-3.990066648E-1
1.905845513E1,-4.039904177E-1,-9.355444312E-1,-4.097780883E-1
1.906846913E1,-6.140459776E-1,-5.700426102E-1,-3.683882356E-1
1.907848313E1,-8.827049136E-1,-2.876924276E-1,-3.287534714E-1
1.908849713E1,-1.078942895E0,-1.716711521E-1,-2.793174982E-1
1.909851113E1,-1.154763579E0,-2.466865331E-1,-2.391863167E-1
1.910852513E1,-1.057839751E0,-5.637087226E-1,-5.921665579E-2
1.911853913E1,-7.549225092E-1,-8.454492688E-1,6.522859633E-2
1.912855313E1,-4.218517840E-1,-1.089873314E0,1.369405687E-1
1.913856713E1,-1.237692237E-1,-1.229636550E0,1.778643131E-1
1.914858113E1,1.595214009E-1,-1.406365991E0,1.939733475E-1
1.915859512E1,3.060599566E-1,-1.531846523E0,2.238936871E-1
1.916860913E1,1.985935420E-1,-1.533577561E0,2.112686336E-1
1.917862313E1,-7.361934334E-2,-1.397627234E0,1.414866298E-1
1.918863713E1,-3.166316748E-1,-1.198209167E0,5.189120770E-2
1.919865113E1,-4.527679682E-1,-9.529538155E-1,-3.644584492E-2
1.920866513E1,-4.967868328E-1,-7.969714999E-1,-8.268721402E-2
1.921867913E1,-4.366047382E-1,-7.810450196E-1,-6.334627420E-2
1.922869313E1,-3.130605221E-1,-8.388945460E-1,-2.639126033E-2
1.923870713E1,-1.986412704E-1,-8.596048951E-1,-1.243629586E-2
1.924872113E1,-1.076716632E-1,-8.664634824E-1,-1.532130875E-2
1.925873413E1,-1.340388209E-1,-8.201748133E-1,8.818648756E-3
1.926874825E1,-2.282740772E-1,-6.624014378E-1,4.035385326E-2
1.927876225E1,-3.075100183E-1,-5.263703465E-1,5.019503459E-2
1.928877625E1,-3.198312521E-1,-5.605274439E-1,5.118164420E-2
1.929879025E1,-2.478124499E-1,-7.783266306E-1,7.164004445E-2
1.930880425E1,-1.584285051E-1,-1.052799225E0,9.309180826E-2
1.931881825E1,-6.979222596E-2,-1.287067652E0,1.342667341E-1
1.932883225E1,-4.208335653E-3,-1.298114777E0,1.423089057E-1
1.933884625E1,1.035862323E-2,-1.163582325E0,1.173585504E-1
1.934886025E1,-1.701505668E-2,-1.023702145E0,7.430408150E-2
1.935887425E1,-4.082371667E-2,-9.390364885E-1,1.721788570E-2
1.936888825E1,-3.906404227E-2,-8.885404468E-1,-2.441470325E-2
1.937890225E1,-8.109378815E-2,-7.795878649E-1,-5.984060839E-2
1.938891625E1,-1.698006392E-1,-5.992547870E-1,-1.017822623E-1
1.939893025E1,-2.728780210E-1,-5.266620517E-1,-1.442160010E-1
1.940894425E1,-3.202759027E-1,-5.373017192E-1,-1.496224701E-1
1.941895825E1,-2.955127656E-1,-5.673741698E-1,-1.703828871E-1
1.942897225E1,-2.566353679E-1,-6.180141568E-1,-2.384486347E-1
1.943898625E1,-2.327947468E-1,-6.801872253E-1,-2.921614051E-1
1.944900025E1,-2.006527334E-1,-7.087332010E-1,-3.354479074E-1
1.945901425E1,-1.393803209E-1,-6.754814982E-1,-3.386234641E-1
1.946902825E1,-9.514772147E-2,-6.050106883E-1,-2.925147712E-1
1.947904225E1,-8.149395883E-2,-5.866761804E-1,-2.408188283E-1
1.948905625E1,-3.920744732E-2,-5.651993752E-1,-2.162655741E-1
1.949907025E1,7.060181350E-3,-5.556154847E-1,-2.372936159E-1
1.950908425E1,4.331243783E-2,-5.943920612E-1,-2.952170968E-1
1.951909825E1,9.078115970E-2,-6.667437553E-1,-3.426171243E-1
1.952911225E1,1.230153739E-1,-6.974948645E-1,-3.599185050E-1
1.953912625E1,1.035788208E-1,-6.815081835E-1,-3.417152762E-1
1.954914025E1,4.860541970E-2,-5.955970883E-1,-3.193574250E-1
1.955915425E1,-1.956827473E-3,-5.413107276E-1,-3.192767203E-1
1.956916825E1,2.431058325E-3,-5.842673182E-1,-3.038639724E-1
1.957918225E1,6.090102345E-2,-6.672769785E-1,-3.127546906E-1
1.958919625E1,1.491142958E-1,-7.243521810E-1,-3.129608333E-1
1.959921025E1,-7.847146690E-2,-6.056433916E-1,-3.039143384E-1
1.960922425E1,-4.378511310E-1,-5.235896111E-1,-2.716600299E-1
1.961923825E1,-5.125743747E-1,-1.989494860E-1,-2.626542747E-1
1.962925225E1,-5.233168006E-1,-3.494371474E-1,-1.991918385E-1
1.963926625E1,-3.034688234E-1,-5.265019536E-1,-1.997763962E-1
1.964928025E1,-5.118992925E-2,-7.980255485E-1,-2.700071633E-1
1.965929425E1,1.844313890E-1,-1.038934588E0,-3.374154866E-1
1.966930825E1,3.758089244E-1,-1.252961993E0,-3.355053067E-1
1.967932225E1,5.387246013E-1,-1.431565762E0,-2.755908370E-1
1.968933625E1,6.032221913E-1,-1.397894621E0,-1.857493669E-1
1.969935025E1,4.976994693E-1,-1.172321916E0,-9.761683643E-2